Date,Open,High,Low,Close,Volume
2005-12-14,77.40,100.34,77.40,98.30,48181430
2005-12-15,102.00,104.38,97.66,102.27,17317450
2005-12-16,102.06,118.40,99.40,113.72,21186485
2005-12-19,113.08,117.37,105.22,109.61,21584185
2005-12-20,110.00,110.00,102.42,103.72,6731395
2005-12-21,104.18,109.40,104.00,104.95,8533980
2005-12-22,105.48,108.00,104.23,104.87,3029140
2005-12-23,105.40,108.94,105.05,106.15,3757185
2005-12-26,106.54,106.58,101.21,104.32,2894265
2005-12-27,103.00,107.95,103.00,107.07,2017150
2005-12-28,106.60,106.98,104.80,105.58,1049900
2005-12-29,105.70,113.28,105.60,111.74,5737505
2005-12-30,112.40,112.69,107.26,107.84,1549785
2006-01-02,106.46,109.69,106.08,106.87,512410
2006-01-03,107.60,107.80,104.66,105.47,637245
2006-01-04,106.00,114.20,105.94,112.69,1656955
2006-01-05,113.40,118.42,108.44,116.69,4374620
2006-01-06,117.20,117.95,110.20,111.34,2300950
2006-01-09,112.40,114.76,110.46,111.24,695080
2006-01-10,113.60,124.48,110.60,119.29,8024275
2006-01-12,118.20,124.33,110.31,118.96,4008770
2006-01-13,118.90,124.34,118.90,119.66,2545960
2006-01-16,120.97,123.28,114.83,115.56,1937910
2006-01-17,116.60,118.00,110.66,112.58,1184460
2006-01-18,114.00,114.98,111.00,112.23,826820
2006-01-19,113.18,117.18,112.40,113.74,1291180
2006-01-20,114.80,115.20,111.45,112.41,549320
2006-01-23,111.88,113.68,107.40,108.69,619290
2006-01-24,110.06,121.94,109.20,118.18,3400355
2006-01-25,129.99,129.99,119.60,121.41,4336700
2006-01-27,123.20,125.40,121.00,121.92,1771205
2006-01-30,123.02,123.74,116.88,117.73,869820
2006-01-31,118.80,127.36,116.00,124.23,4027465
2006-02-01,125.34,129.16,121.51,122.79,3299655
2006-02-02,123.60,127.00,120.02,120.69,1418555
2006-02-03,121.78,122.70,117.04,118.32,810330
2006-02-06,118.00,125.00,118.00,122.70,957920
2006-02-07,123.78,125.58,121.02,122.15,737010
2006-02-08,120.20,122.58,120.00,120.64,369020
2006-02-10,121.42,123.40,120.60,121.82,428010
2006-02-13,121.90,122.60,119.40,120.42,256185
2006-02-14,120.98,121.80,118.80,119.56,207620
2006-02-15,120.98,123.98,118.43,119.82,416295
2006-02-16,120.58,121.33,117.01,117.93,239695
2006-02-17,118.88,119.49,113.20,114.06,288240
2006-02-20,114.80,114.80,110.40,111.67,273930
2006-02-21,113.00,119.34,112.10,117.25,247940
2006-02-22,117.40,118.60,113.90,114.82,131405
2006-02-23,115.58,117.00,112.26,114.73,362365
2006-02-24,115.78,115.78,112.60,113.07,98610
2006-02-27,112.20,116.60,112.20,115.64,155565
2006-02-28,117.00,118.98,111.03,116.37,314905
2006-03-01,115.99,118.94,115.00,116.19,82765
2006-03-02,117.60,122.89,116.20,117.46,305105
2006-03-03,117.46,118.70,115.60,116.49,132855
2006-03-06,117.00,119.60,115.80,116.90,96760
2006-03-07,117.94,120.49,115.60,116.67,342835
2006-03-08,117.60,117.60,114.80,115.44,162475
2006-03-09,115.00,119.00,114.20,117.31,336705
2006-03-10,117.60,131.95,117.00,129.04,1446105
2006-03-13,134.88,136.60,126.42,127.67,830865
2006-03-14,128.58,131.80,124.20,126.81,452870
2006-03-16,127.98,133.00,127.04,130.58,494590
2006-03-17,131.60,136.20,128.22,130.05,828110
2006-03-20,131.16,135.40,130.21,131.32,368135
2006-03-21,131.40,132.74,129.02,129.80,189000
2006-03-22,130.98,131.56,126.60,127.47,214320
2006-03-23,136.00,136.00,128.00,130.01,131350
2006-03-24,130.00,137.59,130.00,136.26,527295
2006-03-27,137.98,137.98,130.44,131.60,212135
2006-03-28,132.68,133.21,127.00,128.85,237840
2006-03-29,128.42,131.00,125.32,126.33,110470
2006-03-30,129.60,129.60,123.20,124.80,275260
2006-03-31,126.00,126.00,122.44,123.11,131635
2006-04-03,124.00,126.99,123.01,124.41,245695
2006-04-04,126.96,126.98,123.80,124.84,186410
2006-04-05,127.00,131.60,124.80,126.94,270645
2006-04-07,129.60,131.20,115.80,119.73,399715
2006-04-10,122.00,125.36,121.40,122.24,149500
2006-04-12,124.60,128.39,122.50,124.20,237365
2006-04-13,126.20,131.74,123.80,129.89,270790
2006-04-17,131.40,132.00,130.00,130.39,132135
2006-04-18,126.20,133.00,126.20,130.69,128160
2006-04-19,133.96,152.80,124.22,149.21,1912235
2006-04-20,147.20,156.98,142.21,152.66,1781600
2006-04-21,133.60,153.10,133.60,145.56,453205
2006-04-24,143.22,144.74,138.03,140.10,396170
2006-04-25,138.40,149.78,134.42,135.56,501420
2006-04-26,135.76,138.90,134.20,135.41,204660
2006-04-27,137.56,141.95,135.58,135.96,411465
2006-04-28,135.96,136.00,123.72,135.11,214820
2006-05-02,140.00,141.00,135.40,139.17,818830
2006-05-03,140.75,144.00,136.05,137.14,167165
2006-05-04,138.80,139.48,134.00,134.57,94810
2006-05-05,136.00,136.00,131.00,132.07,139360
2006-05-08,132.65,135.00,132.65,134.38,144710
2006-05-09,134.97,137.00,131.60,134.94,149285
2006-05-10,134.94,134.94,132.13,132.83,366105
2006-05-11,133.95,137.90,129.02,134.18,482305
2006-05-12,133.40,135.00,131.05,132.37,50645
2006-05-15,133.00,134.00,128.00,128.52,70445
2006-05-16,131.48,150.20,117.00,128.47,109520
2006-05-17,132.00,135.00,124.40,129.18,163725
2006-05-18,129.20,129.20,116.03,120.53,151975
2006-05-19,124.96,136.94,114.02,117.11,81075
2006-05-22,117.11,117.11,103.60,112.04,128050
2006-05-23,107.20,117.80,104.40,114.40,392615
2006-05-24,116.00,116.20,108.20,109.59,189575
2006-05-25,100.20,109.00,100.20,104.95,183685
2006-05-26,110.00,115.00,106.31,108.24,158415
2006-05-29,110.00,113.00,109.60,110.64,466300
2006-05-30,108.62,119.60,108.62,116.14,200510
2006-05-31,108.30,113.60,106.40,109.56,73960
2006-06-01,112.00,112.00,104.00,105.34,44530
2006-06-02,84.40,112.99,84.40,105.89,72150
2006-06-05,107.00,109.00,98.20,102.41,46905
2006-06-06,94.20,101.40,94.20,100.59,182235
2006-06-07,94.50,103.80,85.56,93.34,73740
2006-06-08,86.92,87.40,79.40,84.32,287845
2006-06-09,80.44,98.00,80.44,96.35,196370
2006-06-12,96.98,104.80,93.44,99.49,121810
2006-06-13,98.00,98.00,89.60,93.97,164070
2006-06-14,75.30,99.40,75.30,89.45,110175
2006-06-15,93.28,98.80,90.00,97.13,139515
2006-06-16,100.79,109.18,100.79,105.34,179490
2006-06-19,100.08,106.78,100.08,102.56,53320
2006-06-20,102.00,110.80,102.00,104.65,79260
2006-06-21,108.00,111.40,106.00,110.07,73870
2006-06-22,112.00,125.80,112.00,119.98,462230
2006-06-23,113.32,123.00,110.98,119.90,126935
2006-06-26,122.80,122.80,111.00,111.96,55820
2006-06-27,111.96,117.60,107.40,111.35,92505
2006-06-28,111.40,121.00,108.05,119.22,123330
2006-06-29,119.00,122.40,117.00,118.43,97940
2006-06-30,121.60,131.99,121.60,130.84,322215
2006-07-03,130.00,132.28,125.72,126.40,42925
2006-07-04,128.00,130.78,125.60,126.96,72780
2006-07-05,124.13,128.97,122.15,123.80,36150
2006-07-06,122.00,127.20,121.00,122.47,61450
2006-07-07,123.39,126.96,122.01,122.90,59450
2006-07-10,120.25,125.00,117.00,120.71,44120
2006-07-11,119.00,125.60,118.40,122.61,43075
2006-07-12,122.99,123.98,118.60,122.40,29215
2006-07-13,123.54,124.80,120.20,121.49,46700
2006-07-14,119.60,122.94,117.02,118.07,26345
2006-07-17,120.00,122.00,115.00,115.39,23170
2006-07-18,117.40,119.56,109.60,113.75,185810
2006-07-19,115.02,117.00,110.10,110.69,31240
2006-07-20,113.60,116.40,110.02,110.92,67665
2006-07-21,109.40,112.93,105.00,106.10,26185
2006-07-24,86.00,104.00,86.00,102.83,29010
2006-07-25,104.56,108.00,104.00,106.07,21280
2006-07-26,105.00,114.60,105.00,113.71,80145
2006-07-27,114.00,117.80,112.20,116.96,42440
2006-07-28,119.00,119.00,114.00,116.60,24455
2006-07-31,119.92,128.00,119.00,120.23,357080
2006-08-01,120.00,125.60,118.60,122.35,169375
2006-08-02,123.90,125.58,123.22,124.27,75765
2006-08-03,124.00,128.80,124.00,126.42,97040
2006-08-04,129.80,141.59,127.80,137.05,712950
2006-08-07,136.00,137.80,133.01,134.42,176280
2006-08-08,134.00,143.50,133.98,137.77,340280
2006-08-09,137.44,141.80,137.44,140.63,157075
2006-08-10,145.50,145.50,140.20,141.84,190250
2006-08-11,141.80,146.96,141.61,144.44,228105
2006-08-14,146.00,146.00,142.21,143.05,44540
2006-08-16,144.88,164.80,144.05,154.81,685490
2006-08-17,156.00,162.40,153.10,158.37,317810
2006-08-18,160.60,160.60,154.00,156.30,176910
2006-08-21,156.00,156.90,152.86,155.57,57480
2006-08-22,157.80,159.00,148.22,151.85,80715
2006-08-23,151.20,151.77,146.00,148.65,86950
2006-08-24,147.40,155.30,146.20,153.56,140110
2006-08-25,152.22,157.00,147.20,150.79,160290
2006-08-28,153.00,153.00,147.02,149.85,37320
2006-08-29,151.08,152.71,145.00,145.88,102985
2006-08-30,149.00,149.00,145.00,145.44,39395
2006-08-31,147.99,148.60,144.60,147.17,48955
2006-09-01,146.00,147.99,142.20,142.95,71665
2006-09-04,145.95,150.00,143.30,148.42,85955
2006-09-05,150.24,151.20,147.63,150.53,88470
2006-09-06,151.80,154.00,149.00,150.04,125760
2006-09-07,149.80,157.40,148.02,155.22,139895
2006-09-08,156.00,157.98,150.60,153.44,128520
2006-09-11,155.94,155.94,148.40,149.02,66360
2006-09-12,148.80,148.80,138.78,144.60,257070
2006-09-13,147.00,148.80,144.60,145.53,174800
2006-09-14,147.95,147.95,143.80,144.17,64215
2006-09-15,144.32,150.00,142.40,145.24,169650
2006-09-18,146.14,149.54,144.00,144.38,107325
2006-09-19,144.22,150.00,144.20,145.17,205440
2006-09-20,145.00,147.00,144.20,146.17,49375
2006-09-21,147.80,148.60,145.00,146.03,38775
2006-09-22,145.00,147.60,145.00,146.11,15725
2006-09-25,146.60,172.80,146.60,168.17,3593975
2006-09-26,169.94,174.25,161.12,163.20,2440045
2006-09-27,163.40,172.40,162.60,167.41,2114220
2006-09-28,168.01,169.63,161.20,162.23,531615
2006-09-29,161.40,167.00,158.68,162.06,491020
2006-10-03,162.40,164.80,159.02,159.65,213600
2006-10-04,161.92,163.00,158.40,159.04,222310
2006-10-05,161.60,164.60,160.50,162.05,244495
2006-10-06,164.57,168.02,162.02,164.79,448805
2006-10-09,164.20,171.61,162.06,169.25,423705
2006-10-10,170.00,181.20,170.00,178.24,1490685
2006-10-11,182.00,182.00,168.20,170.15,540210
2006-10-12,171.56,175.90,168.80,173.49,317930
2006-10-13,174.40,177.40,172.00,172.80,183760
2006-10-16,174.55,174.94,170.24,171.27,81960
2006-10-17,172.20,173.55,169.60,171.80,98285
2006-10-18,172.20,180.40,172.00,172.81,215035
2006-10-19,168.50,176.00,164.62,172.52,58825
2006-10-20,175.56,184.40,172.40,181.59,649755
2006-10-23,187.00,187.39,180.02,180.43,89170
2006-10-26,181.98,189.00,181.27,184.30,271725
2006-10-27,187.80,188.58,183.31,184.27,115095
2006-10-30,185.80,188.80,182.58,183.32,91400
2006-10-31,185.80,190.60,178.42,180.24,346465
2006-11-02,225.00,245.00,222.00,228.93,4936290
2006-11-03,228.40,233.88,219.40,228.29,2547465
2006-11-06,228.80,239.40,224.00,235.80,2184635
2006-11-07,238.16,245.00,235.02,237.70,0
2006-11-08,238.03,238.97,229.60,231.41,418685
2006-11-09,232.98,235.20,228.82,230.19,630375
2006-11-10,231.40,234.77,226.46,227.65,194525
2006-11-13,229.79,232.94,225.80,226.62,181535
2006-11-14,246.00,246.00,220.67,221.81,143635
2006-11-15,223.99,223.99,215.00,216.22,118055
2006-11-16,223.35,223.35,223.35,223.35,408065
2006-11-17,224.00,226.40,212.00,214.96,165885
2006-11-20,214.60,230.60,206.20,228.07,364405
2006-11-21,230.00,234.40,225.60,228.86,303625
2006-11-22,230.75,238.00,228.80,231.06,327275
2006-11-23,232.88,233.80,228.00,231.59,176595
2006-11-24,232.89,245.00,228.40,240.16,419580
2006-11-27,243.00,252.20,241.00,243.76,552370
2006-11-28,241.98,243.94,227.91,236.19,202685
2006-11-29,237.00,250.90,236.02,239.36,494110
2006-11-30,240.00,249.00,238.00,244.49,273440
2006-12-01,245.00,268.94,238.24,268.94,514980
2006-12-04,280.43,289.80,270.00,271.63,1337680
2006-12-05,272.01,294.80,261.62,280.86,1750315
2006-12-06,291.40,291.40,291.40,291.40,0
2006-12-07,287.56,287.56,287.56,287.56,1772625
2006-12-08,289.19,292.99,274.03,278.48,1139350
2006-12-11,278.00,288.00,266.00,279.77,635195
2006-12-12,274.00,285.00,265.79,265.80,493205
2006-12-13,264.40,268.00,252.51,255.18,521790
2006-12-14,254.00,267.89,254.00,266.15,488960
2006-12-15,267.60,271.74,258.00,261.92,221155
2006-12-18,263.60,265.00,254.60,262.08,600170
2006-12-19,262.38,263.00,248.98,254.09,141080
2006-12-20,256.27,266.80,256.27,266.80,220130
2006-12-21,278.67,279.00,253.60,259.81,322515
2006-12-22,259.81,265.54,252.00,259.53,189565
2006-12-26,261.00,264.80,260.00,261.21,74530
2006-12-27,264.00,266.89,258.00,258.93,86985
2006-12-28,262.98,271.88,261.00,271.88,268285
2006-12-29,276.00,281.90,264.20,268.21,306535
2007-01-02,273.00,274.98,265.00,266.29,77990
2007-01-03,269.95,269.95,265.01,266.37,64880
2007-01-04,270.00,270.88,260.00,261.00,81950
2007-01-05,260.96,274.00,257.60,268.65,248745
2007-01-08,266.80,268.00,263.22,265.33,60325
2007-01-09,271.00,277.00,266.40,270.04,138810
2007-01-10,257.20,272.00,257.20,270.76,64520
2007-01-11,270.20,274.00,266.40,270.06,43375
2007-01-12,274.40,276.00,267.00,269.70,61955
2007-01-15,273.60,273.98,269.72,271.37,49015
2007-01-16,270.01,273.00,268.02,269.04,43110
2007-01-17,271.20,271.20,261.00,263.28,61390
2007-01-18,265.00,274.00,265.00,270.91,88025
2007-01-19,271.80,284.40,266.60,276.51,189725
2007-01-22,277.20,284.80,273.00,275.86,76445
2007-01-23,276.00,283.00,268.00,271.68,65840
2007-01-24,274.00,278.10,270.00,271.32,34170
2007-01-25,272.42,280.80,272.40,278.90,55935
2007-01-29,284.48,284.48,277.02,281.87,129715
2007-01-31,284.00,286.99,270.21,279.66,233575
2007-02-01,285.60,285.60,275.00,276.28,37375
2007-02-02,279.98,282.40,273.00,276.20,53270
2007-02-05,276.20,281.98,268.17,280.58,115550
2007-02-06,276.02,284.00,276.02,279.21,51040
2007-02-07,280.00,282.00,278.21,279.63,26130
2007-02-08,284.00,292.00,278.00,285.60,259650
2007-02-09,285.00,291.60,276.00,281.22,0
2007-02-12,280.80,280.80,264.64,267.42,50580
2007-02-13,260.00,270.98,254.40,259.00,40450
2007-02-14,260.00,260.00,235.69,252.58,79830
2007-02-15,272.00,272.00,256.00,260.99,31485
2007-02-19,277.20,277.20,260.00,261.89,279540
2007-02-20,265.60,265.60,254.00,254.78,18255
2007-02-21,259.00,259.00,252.20,253.48,16215
2007-02-22,254.00,255.82,240.00,244.62,38640
2007-02-23,249.60,249.60,238.00,243.69,95125
2007-02-26,245.00,246.00,234.20,240.92,66375
2007-02-27,244.00,260.00,239.00,256.46,57350
2007-02-28,240.00,260.00,234.71,256.51,52040
2007-03-01,256.00,260.00,245.00,252.95,36820
2007-03-02,253.00,254.80,244.00,249.30,10680
2007-03-05,231.20,241.00,231.20,233.21,71245
2007-03-06,231.40,244.78,230.02,235.82,32970
2007-03-07,242.00,242.00,231.20,235.80,54885
2007-03-08,226.00,242.00,226.00,237.56,84185
2007-03-09,256.00,256.00,234.82,240.00,113880
2007-03-12,246.80,246.80,238.40,240.41,20690
2007-03-13,241.80,244.40,236.04,239.13,12785
2007-03-14,234.00,244.88,232.00,239.99,22080
2007-03-15,240.20,243.88,231.00,240.04,31635
2007-03-16,238.40,239.96,231.00,233.08,69855
2007-03-19,230.00,237.94,229.00,234.05,9000
2007-03-20,239.54,249.38,238.20,244.81,52635
2007-03-21,244.80,249.80,238.00,243.34,383870
2007-03-22,246.00,247.98,243.34,245.66,36990
2007-03-23,231.11,249.80,231.11,239.79,71785
2007-03-26,244.00,248.00,241.05,244.74,15420
2007-03-28,244.96,244.96,239.02,240.31,9035
2007-03-29,235.00,248.40,235.00,244.38,19200
2007-03-30,244.20,244.20,238.00,240.13,110660
2007-04-02,236.01,243.00,230.71,239.89,39520
2007-04-03,242.02,242.02,242.02,242.02,0
2007-04-04,245.00,246.00,240.00,243.39,12445
2007-04-05,244.40,246.00,241.09,243.67,5750
2007-04-09,242.20,255.00,242.20,250.03,23690
2007-04-10,251.00,258.00,248.42,256.08,76000
2007-04-11,258.20,274.00,258.00,263.97,97500
2007-04-12,260.40,266.77,257.00,260.04,17275
2007-04-13,263.97,271.00,262.22,268.31,25580
2007-04-16,274.80,274.80,264.22,267.40,26250
2007-04-17,267.40,269.98,254.00,256.10,30780
2007-04-18,250.40,269.98,250.40,256.04,6770
2007-04-19,242.80,257.80,242.80,255.00,7760
2007-04-20,251.83,258.00,251.83,255.21,38990
2007-04-23,264.00,278.75,260.00,261.79,50950
2007-04-24,261.80,266.00,258.03,260.42,13995
2007-04-25,260.40,268.20,250.20,264.78,21605
2007-04-26,264.78,265.00,260.00,261.79,11065
2007-04-27,267.80,267.96,258.32,259.82,15760
2007-04-30,264.86,264.86,254.00,257.35,5125
2007-05-03,269.60,275.20,256.00,259.92,10535
2007-05-04,259.02,259.81,254.20,257.24,14115
2007-05-07,258.00,260.00,252.00,253.55,7920
2007-05-08,269.60,273.40,249.80,252.54,19435
2007-05-09,252.00,255.38,252.00,254.14,4945
2007-05-10,256.40,265.60,254.41,259.04,98970
2007-05-11,250.20,265.99,250.10,263.62,0
2007-05-14,269.00,285.80,264.02,282.17,527000
2007-05-15,282.60,307.00,276.00,299.31,781565
2007-05-16,295.00,306.20,286.05,290.96,633695
2007-05-17,296.98,296.98,282.40,287.12,112525
2007-05-18,290.00,298.80,281.00,289.47,172405
2007-05-21,291.98,300.60,289.98,293.17,241885
2007-05-22,295.98,303.40,288.00,291.06,128420
2007-05-23,294.80,316.00,294.80,299.22,865330
2007-05-24,302.40,305.00,294.00,296.85,148220
2007-05-25,292.12,313.39,292.12,307.19,370005
2007-05-28,313.00,331.80,308.02,324.49,860475
2007-05-29,326.00,327.73,317.32,321.88,258555
2007-05-30,320.80,324.00,306.00,308.54,130135
2007-05-31,319.95,319.95,304.60,306.29,167865
2007-06-01,300.72,321.60,300.00,308.31,190540
2007-06-04,314.00,314.00,306.00,306.90,66995
2007-06-05,307.00,333.00,306.80,329.05,793245
2007-06-06,333.00,337.68,315.05,319.40,521270
2007-06-07,323.20,329.00,314.40,317.78,576530
2007-06-08,317.78,320.94,308.02,313.10,267740
2007-06-11,319.80,319.80,303.00,304.60,476950
2007-06-12,308.80,308.80,267.80,288.50,334895
2007-06-13,287.00,297.00,280.41,289.71,553920
2007-06-14,293.94,302.00,290.40,299.00,250315
2007-06-15,304.96,304.96,292.02,293.90,169955
2007-06-18,302.00,303.00,289.00,296.14,514195
2007-06-19,297.02,303.00,293.20,301.28,310155
2007-06-20,303.20,327.34,302.02,323.45,1059330
2007-06-21,322.96,336.68,316.00,325.57,1292430
2007-06-22,326.00,330.40,315.02,317.55,537910
2007-06-25,324.00,328.58,316.00,319.79,223910
2007-06-26,321.36,324.00,318.00,320.05,189145
2007-06-27,316.00,347.80,316.00,341.82,1826915
2007-06-28,348.40,355.96,343.20,350.56,1324265
2007-06-29,353.60,363.60,349.00,351.77,897045
2007-07-02,359.00,359.00,344.95,346.36,335080
2007-07-03,349.80,355.80,344.80,347.12,617325
2007-07-04,351.00,351.00,338.40,340.64,444855
2007-07-05,350.00,350.60,337.01,344.84,774075
2007-07-06,349.80,349.80,338.40,340.11,361930
2007-07-09,342.20,346.19,336.00,340.13,277420
2007-07-10,342.80,343.67,334.20,335.49,193720
2007-07-11,330.00,346.16,330.00,339.07,440990
2007-07-12,342.80,349.20,341.41,343.70,337925
2007-07-13,345.00,348.00,336.00,338.47,136270
2007-07-16,338.00,344.76,332.00,335.47,193965
2007-07-17,342.20,342.20,328.70,330.68,112585
2007-07-18,330.60,335.39,324.00,326.55,172740
2007-07-19,329.50,333.18,325.00,326.79,90250
2007-07-20,329.60,334.78,326.01,327.17,129600
2007-07-23,326.00,331.00,324.02,329.05,90465
2007-07-24,325.60,333.75,325.02,326.44,79950
2007-07-25,326.00,326.90,314.22,316.61,141145
2007-07-26,321.76,321.76,302.22,309.35,693555
2007-07-27,300.25,319.00,300.20,306.22,389005
2007-07-30,306.22,311.00,301.00,303.39,125835
2007-07-31,308.00,308.40,300.40,306.94,99350
2007-08-01,301.20,304.00,280.03,283.03,201485
2007-08-02,283.00,288.94,273.54,277.14,370505
2007-08-03,279.00,291.96,279.00,281.67,204685
2007-08-06,285.78,293.96,270.00,275.97,134590
2007-08-07,281.00,284.00,278.80,279.78,116175
2007-08-08,282.00,291.68,281.24,288.00,144715
2007-08-09,292.78,299.40,273.40,276.61,117080
2007-08-10,262.60,278.00,262.60,270.30,169595
2007-08-13,276.00,276.00,269.06,272.97,210245
2007-08-14,273.00,279.00,270.00,270.82,0
2007-08-16,260.00,265.98,238.40,263.03,133785
2007-08-17,264.00,267.80,256.01,265.16,214320
2007-08-20,272.20,275.80,267.26,272.47,59095
2007-08-21,276.00,276.00,254.00,260.56,344175
2007-08-22,260.00,270.00,252.06,267.82,134090
2007-08-23,271.80,274.80,261.38,266.63,128460
2007-08-24,267.20,267.77,258.44,264.10,39440
2007-08-27,266.20,277.80,266.20,275.49,73380
2007-08-28,281.00,288.00,274.80,280.33,129925
2007-08-29,264.00,288.94,263.00,284.48,374720
2007-08-30,280.00,287.77,272.40,275.90,309840
2007-08-31,276.00,288.00,274.60,283.24,96680
2007-09-03,286.00,296.00,283.00,286.58,179330
2007-09-04,290.00,290.00,283.40,288.28,116175
2007-09-05,291.96,298.00,285.21,293.99,204245
2007-09-06,288.40,295.00,288.28,294.03,79240
2007-09-07,294.79,296.75,287.06,288.48,100460
2007-09-10,288.00,295.00,285.00,289.64,61165
2007-09-11,296.80,296.80,285.06,286.71,29190
2007-09-12,293.58,293.58,287.00,289.86,117785
2007-09-13,292.40,292.40,287.00,288.07,18460
2007-09-14,288.00,291.94,280.41,282.37,26570
2007-09-17,280.51,283.80,273.40,276.77,58640
2007-09-18,277.00,281.00,273.00,276.54,37040
2007-09-19,281.00,282.00,275.10,276.84,315360
2007-09-20,272.40,280.18,272.40,277.20,67710
2007-09-21,272.22,284.98,270.00,278.31,78955
2007-09-24,282.59,282.59,274.60,275.74,112085
2007-09-25,272.23,278.40,268.00,268.80,111090
2007-09-26,273.00,273.00,264.22,265.66,93920
2007-09-27,272.40,272.40,258.06,263.53,350705
2007-09-28,271.80,271.80,263.00,268.37,74405
2007-10-01,270.00,272.00,265.00,265.55,80490
2007-10-03,270.80,270.80,249.00,255.40,373240
2007-10-04,260.00,264.80,251.11,260.47,285690
2007-10-05,267.40,268.00,251.00,257.55,300150
2007-10-08,258.80,258.80,240.80,242.14,178285
2007-10-09,238.54,244.40,231.32,243.64,125540
2007-10-10,244.40,249.00,239.01,240.69,84900
2007-10-11,245.60,271.00,240.03,267.80,504625
2007-10-12,267.80,273.68,254.60,258.10,583905
2007-10-15,260.20,274.50,250.00,270.05,495945
2007-10-16,272.80,274.00,260.00,262.37,382195
2007-10-17,250.63,250.63,250.63,250.63,99005
2007-10-18,254.00,265.60,238.40,248.39,190185
2007-10-19,246.00,246.98,228.00,236.49,110600
2007-10-22,229.96,240.98,214.20,231.39,173760
2007-10-23,241.60,259.60,236.20,251.00,362510
2007-10-24,259.80,259.80,246.00,251.90,45995
2007-10-25,251.98,265.00,246.00,254.21,704115
2007-10-26,258.70,279.00,252.02,273.50,442880
2007-10-29,279.60,312.00,277.40,282.57,433725
2007-10-30,285.00,297.80,278.00,288.92,369410
2007-10-31,295.80,303.00,290.40,295.80,665385
2007-11-01,300.03,304.00,265.00,286.06,334310
2007-11-02,270.20,294.00,270.20,289.00,72975
2007-11-05,282.20,294.39,280.80,286.87,135840
2007-11-06,286.87,297.80,284.20,285.05,118210
2007-11-07,283.00,290.00,278.00,286.61,55810
2007-11-08,276.34,286.98,274.52,284.03,34960
2007-11-09,286.10,291.60,280.00,281.91,6450
2007-11-12,276.00,280.00,270.82,276.06,36120
2007-11-13,280.20,288.00,277.40,284.85,255985
2007-11-14,291.80,296.00,285.20,292.59,104415
2007-11-15,293.22,305.00,292.00,295.79,148220
2007-11-16,301.99,301.99,286.44,295.69,197055
2007-11-19,287.72,325.00,287.72,320.39,290935
2007-11-20,323.80,328.00,309.20,315.54,242535
2007-11-21,317.60,317.60,297.01,300.08,185380
2007-11-22,315.00,315.00,283.00,298.40,87280
2007-11-23,304.00,305.60,280.00,295.97,51890
2007-11-26,290.01,305.00,290.01,302.25,42210
2007-11-27,300.00,304.00,294.00,301.45,48865
2007-11-28,301.45,306.00,294.02,296.01,16375
2007-11-29,303.00,304.86,290.25,296.52,194635
2007-11-30,296.00,311.00,296.00,309.57,60135
2007-12-03,314.00,332.00,310.20,326.06,77315
2007-12-04,327.00,339.00,322.00,331.28,89205
2007-12-05,327.00,349.80,327.00,346.75,112475
2007-12-06,345.00,349.80,335.00,339.68,52940
2007-12-07,329.46,340.00,328.20,332.35,15200
2007-12-10,330.60,340.20,330.60,339.06,26260
2007-12-11,345.72,349.00,334.20,340.19,47340
2007-12-12,330.40,340.00,330.40,337.12,8810
2007-12-13,331.60,345.95,331.60,342.71,41935
2007-12-14,352.00,409.78,346.00,348.05,52280
2007-12-17,360.00,360.00,322.00,325.51,30860
2007-12-18,323.00,340.00,317.60,338.95,32085
2007-12-19,343.00,343.80,321.40,333.59,58205
2007-12-20,325.78,331.00,319.32,320.66,18210
2007-12-24,326.00,336.19,321.40,326.91,140970
2007-12-26,332.00,332.00,322.00,324.07,238015
2007-12-27,327.00,334.20,320.00,331.97,122025
2007-12-28,331.60,335.00,324.40,329.77,47380
2007-12-31,329.00,339.32,329.00,335.00,146215
2008-01-01,338.00,342.00,332.02,334.17,64095
2008-01-02,333.00,339.60,330.00,335.64,31350
2008-01-03,335.00,350.00,328.20,334.28,60680
2008-01-04,341.99,341.99,329.00,333.70,186030
2008-01-07,335.00,342.96,329.20,335.24,99635
2008-01-08,339.99,339.99,316.00,321.33,26035
2008-01-09,320.60,323.00,306.45,317.06,45930
2008-01-10,321.78,328.80,316.00,319.51,54980
2008-01-11,308.02,334.00,308.00,323.24,14395
2008-01-14,333.80,333.80,316.20,325.04,13315
2008-01-15,337.40,337.40,312.92,330.15,79960
2008-01-16,336.80,336.80,316.20,318.68,11245
2008-01-17,316.00,321.98,310.41,319.73,32840
2008-01-18,302.14,319.60,302.14,306.48,15255
2008-01-21,306.48,329.00,280.00,291.34,248940
2008-01-22,271.00,313.60,235.02,273.37,36715
2008-01-23,280.00,301.40,273.01,295.25,10825
2008-01-24,328.00,328.00,264.14,278.76,50410
2008-01-25,297.40,297.40,276.50,289.50,45290
2008-01-28,287.00,309.98,272.00,283.90,14140
2008-01-29,293.57,293.57,278.00,283.96,38895
2008-01-30,288.80,306.00,277.80,300.06,50990
2008-01-31,296.20,311.00,280.00,293.69,264690
2008-02-01,294.00,306.00,294.00,303.64,58655
2008-02-04,310.00,318.00,307.00,314.23,29625
2008-02-05,302.52,317.70,302.52,312.93,14390
2008-02-06,309.80,314.00,300.01,310.90,16855
2008-02-07,308.00,313.98,300.00,308.67,15215
2008-02-08,301.33,306.00,263.91,298.89,62730
2008-02-11,281.20,300.00,277.00,292.08,44295
2008-02-12,289.00,299.76,279.00,290.98,17950
2008-02-13,289.90,302.60,288.00,299.81,37790
2008-02-14,310.00,318.00,298.00,301.41,36995
2008-02-15,308.52,309.98,300.00,306.23,17905
2008-02-18,315.00,315.00,298.22,306.95,21435
2008-02-19,298.00,319.00,295.25,316.26,40140
2008-02-20,316.00,318.60,305.21,311.09,15265
2008-02-21,318.00,318.80,310.00,314.49,10150
2008-02-22,309.00,315.00,306.00,309.97,14090
2008-02-25,311.00,314.00,303.00,310.18,19420
2008-02-26,311.99,325.96,310.00,323.86,49225
2008-02-27,305.00,359.80,305.00,332.20,50585
2008-02-28,331.20,339.60,327.22,336.62,91570
2008-02-29,331.06,352.00,310.20,344.36,106840
2008-03-03,326.00,340.00,315.20,322.03,24580
2008-03-04,324.00,324.00,308.00,321.17,27290
2008-03-05,323.80,323.80,315.00,318.53,17160
2008-03-07,311.00,326.80,301.00,314.95,20625
2008-03-10,288.07,319.74,288.07,315.50,34340
2008-03-11,315.50,324.00,310.00,322.83,7675
2008-03-12,325.60,334.00,318.00,320.46,8890
2008-03-13,320.46,320.46,303.04,305.11,5885
2008-03-14,304.00,319.98,294.10,315.57,5975
2008-03-17,300.20,311.00,291.00,303.17,20700
2008-03-18,307.80,307.80,281.22,288.63,10170
2008-03-19,297.78,299.98,286.00,288.82,19085
2008-03-24,303.00,303.00,275.20,275.94,175530
2008-03-25,275.40,289.70,271.00,286.28,75580
2008-03-26,288.00,296.00,285.00,292.94,256030
2008-03-27,280.62,307.00,280.62,292.01,157905
2008-03-28,286.03,310.60,286.03,306.16,26685
2008-03-31,306.00,314.00,296.80,301.28,184265
2008-04-01,300.20,306.00,291.20,304.04,9675
2008-04-02,304.00,315.20,302.00,304.17,7365
2008-04-03,316.96,316.96,296.47,300.44,51275
2008-04-04,303.00,303.58,294.00,299.02,448870
2008-04-07,286.14,303.98,286.14,299.60,5020
2008-04-08,299.99,309.98,298.00,300.69,16575
2008-04-09,300.00,308.79,300.00,306.98,8120
2008-04-10,307.60,309.80,296.00,299.53,24175
2008-04-11,303.99,303.99,288.00,299.61,12320
2008-04-15,298.60,301.60,295.00,297.37,2375
2008-04-16,326.00,327.80,300.60,301.56,5175
2008-04-17,309.80,309.80,302.40,305.02,148265
2008-04-21,308.00,309.87,304.20,304.64,2790
2008-04-22,310.00,310.00,300.50,303.74,6020
2008-04-23,304.00,309.98,295.24,307.45,9355
2008-04-24,306.31,311.00,292.20,307.58,46220
2008-04-25,311.00,311.00,301.06,308.83,170055
2008-04-28,312.00,312.00,302.00,307.94,3800
2008-04-29,311.60,311.60,304.00,308.06,4150
2008-04-30,304.00,326.00,300.00,319.86,33655
2008-05-02,325.99,327.98,322.00,325.14,9090
2008-05-05,329.00,333.00,323.00,330.43,13325
2008-05-06,326.00,327.60,322.40,323.66,5635
2008-05-07,325.00,329.00,320.00,323.08,4105
2008-05-08,320.00,320.00,309.32,316.81,7510
2008-05-09,318.60,322.96,306.31,309.94,3540
2008-05-12,312.00,316.00,302.02,312.00,7525
2008-05-13,322.00,322.00,309.34,316.94,16950
2008-05-14,313.80,322.80,313.80,321.07,5635
2008-05-15,319.40,323.99,318.21,321.89,13385
2008-05-16,322.00,324.57,319.40,323.39,15740
2008-05-20,323.39,324.00,315.01,321.01,6090
2008-05-21,312.54,327.30,312.54,326.35,4540
2008-05-22,320.00,326.96,315.60,317.95,7465
2008-05-23,314.80,321.80,300.00,305.71,7845
2008-05-26,308.00,309.00,300.20,302.64,60155
2008-05-27,292.42,316.00,292.42,302.50,9885
2008-05-28,292.41,313.60,292.41,298.82,4255
2008-05-29,310.00,310.00,288.20,295.18,46945
2008-05-30,307.00,327.80,294.06,312.01,313795
2008-06-02,319.00,319.00,296.00,297.12,41300
2008-06-03,294.00,309.96,292.00,299.00,59685
2008-06-04,303.89,309.76,290.20,293.63,136565
2008-06-05,296.80,297.76,288.00,296.30,61870
2008-06-06,298.40,298.40,287.00,290.03,39120
2008-06-09,280.00,285.80,275.00,280.53,23080
2008-06-10,275.00,295.00,272.00,278.61,38725
2008-06-11,288.76,288.76,270.40,276.15,38670
2008-06-12,264.54,294.00,264.54,280.48,23345
2008-06-13,278.00,287.60,278.00,285.33,31490
2008-06-16,282.20,294.90,282.20,287.19,11955
2008-06-17,284.40,293.99,284.00,292.07,11210
2008-06-18,289.20,294.00,288.62,291.82,7365
2008-06-19,289.00,291.60,282.00,284.51,4335
2008-06-20,285.00,287.00,281.00,282.00,39155
2008-06-23,276.35,278.00,266.49,272.08,4490
2008-06-24,275.90,275.90,242.27,262.92,38960
2008-06-25,262.00,270.00,254.80,264.62,11455
2008-06-26,261.00,269.00,260.20,261.41,24315
2008-06-27,249.20,263.99,249.20,257.54,4815
2008-06-30,254.96,259.39,248.61,251.31,3190
2008-07-01,248.80,252.00,248.80,249.86,5035
2008-07-02,248.00,252.96,243.24,248.20,66795
2008-07-03,245.60,255.00,243.60,247.45,11075
2008-07-04,245.00,250.00,242.00,247.53,9365
2008-07-07,251.40,254.00,244.41,250.48,161435
2008-07-08,231.61,253.96,231.61,251.79,26345
2008-07-09,256.82,261.80,250.01,251.27,6300
2008-07-10,252.00,254.88,251.05,253.07,2930
2008-07-11,257.40,257.40,246.56,249.19,4665
2008-07-14,279.09,279.09,246.69,249.54,6595
2008-07-15,253.60,253.60,235.05,239.92,4670
2008-07-16,240.26,242.00,235.03,239.12,5050
2008-07-17,250.00,250.00,238.00,239.79,2535
2008-07-18,238.20,254.00,238.20,240.50,7415
2008-07-21,242.20,244.79,238.00,240.32,13635
2008-07-22,237.91,258.00,237.91,244.11,2050
2008-07-23,259.99,269.99,248.20,265.24,43625
2008-07-24,262.60,267.60,250.20,252.30,3615
2008-07-25,244.21,264.00,244.21,255.03,2610
2008-07-28,250.02,257.00,250.00,253.61,4115
2008-07-29,254.99,257.80,244.40,248.61,22320
2008-07-30,247.30,251.80,244.00,247.40,23135
2008-07-31,253.60,260.00,243.80,254.88,156845
2008-08-01,254.77,273.00,248.00,259.82,66100
2008-08-04,266.00,271.80,255.00,270.15,13885
2008-08-05,269.00,281.40,266.13,278.30,17315
2008-08-06,285.80,290.84,271.00,286.17,58200
2008-08-07,279.60,293.19,279.60,288.40,8825
2008-08-08,280.64,297.98,280.64,295.20,11700
2008-08-11,300.00,312.00,296.00,310.84,20455
2008-08-12,306.50,309.99,302.12,306.85,21930
2008-08-13,305.45,315.18,305.00,309.64,17535
2008-08-14,312.74,312.74,307.02,310.03,60605
2008-08-18,308.00,311.40,290.40,296.14,63480
2008-08-19,296.98,307.79,292.00,300.38,8345
2008-08-20,307.92,310.00,290.42,305.35,15120
2008-08-21,303.00,309.80,303.00,305.63,8605
2008-08-22,301.10,309.64,301.10,307.97,5590
2008-08-25,302.31,310.76,302.31,308.20,10505
2008-08-26,304.20,312.19,304.20,308.09,7335
2008-08-27,309.00,311.00,307.60,309.89,3535
2008-08-28,314.00,344.80,306.00,308.31,7690
2008-08-29,305.20,314.00,305.20,313.30,4520
2008-09-01,314.80,314.80,310.00,312.57,1420
2008-09-02,312.42,315.00,312.00,314.08,2840
2008-09-04,306.63,316.00,306.63,314.22,2640
2008-09-05,304.60,316.90,304.60,315.48,4850
2008-09-08,320.00,360.00,314.06,326.38,30740
2008-09-09,325.80,329.00,322.00,325.92,4635
2008-09-10,324.00,327.50,318.01,324.32,3200
2008-09-11,314.60,326.00,314.60,322.33,10575
2008-09-15,330.00,330.00,294.00,318.70,14855
2008-09-16,291.61,312.00,291.61,298.60,11175
2008-09-17,310.00,311.20,292.00,297.09,8765
2008-09-18,288.00,305.80,280.60,303.09,5150
2008-09-19,317.00,317.00,303.00,307.49,32175
2008-09-22,306.60,311.00,296.04,298.09,3155
2008-09-23,297.60,297.99,291.42,293.79,1730
2008-09-24,290.85,298.70,286.22,288.72,11790
2008-09-25,297.00,297.00,279.00,286.54,22630
2008-09-26,295.80,295.80,277.40,281.43,21650
2008-09-29,268.60,273.80,266.00,269.22,19765
2008-09-30,262.00,276.00,254.08,273.10,21890
2008-10-01,269.00,269.00,256.00,261.11,112775
2008-10-03,259.00,267.10,257.40,258.21,15630
2008-10-06,250.40,253.60,234.22,235.91,163865
2008-10-07,230.00,244.00,224.00,227.78,4550
2008-10-08,225.00,235.80,190.00,219.53,20620
2008-10-10,194.00,205.00,185.40,194.07,23310
2008-10-13,203.85,203.85,185.60,195.20,44071
2008-10-14,196.20,224.00,196.20,215.80,51113
2008-10-15,210.55,217.00,206.40,208.95,18345
2008-10-16,200.10,210.00,200.10,203.90,16320
2008-10-17,202.25,208.00,199.10,203.30,23209
2008-10-20,208.85,214.90,200.00,207.30,17530
2008-10-21,209.00,209.00,200.00,207.80,3668
2008-10-22,209.00,209.00,187.00,194.95,28590
2008-10-23,178.15,201.40,177.40,191.40,16321
2008-10-24,195.00,199.00,185.00,193.25,14323
2008-10-27,194.90,195.05,155.00,175.25,21937
2008-10-28,195.00,195.00,182.10,189.95,1139
2008-10-29,188.00,198.05,165.00,169.25,27872
2008-10-31,172.00,178.95,142.60,156.05,179640
2008-11-03,177.00,177.00,158.00,163.60,145596
2008-11-04,164.95,173.80,150.55,161.70,55898
2008-11-05,171.00,180.00,146.15,156.60,75931
2008-11-06,135.50,159.90,132.95,150.65,24042
2008-11-07,145.00,157.60,145.00,153.05,22917
2008-11-10,155.00,164.00,150.10,162.65,20146
2008-11-11,157.30,167.00,157.05,163.40,12066
2008-11-12,160.00,169.00,158.05,165.20,15094
2008-11-14,178.10,178.10,158.10,163.25,6277
2008-11-17,165.00,171.00,153.10,165.70,8226
2008-11-18,155.25,161.00,147.00,149.85,14360
2008-11-19,152.00,152.50,138.05,140.75,8484
2008-11-20,138.50,139.80,126.05,129.30,11161
2008-11-21,125.00,133.25,125.00,127.65,9925
2008-11-24,128.50,132.00,123.40,126.85,15006
2008-11-25,130.00,130.00,120.00,126.10,10549
2008-11-26,125.50,125.50,120.00,122.05,62507
2008-11-28,115.00,125.50,108.10,123.90,50160
2008-12-01,125.90,125.90,122.10,122.60,58431
2008-12-02,122.60,123.00,115.05,121.95,9496
2008-12-03,122.00,123.00,119.05,121.90,37340
2008-12-04,119.10,125.00,119.10,121.50,20168
2008-12-05,121.00,122.90,120.00,120.90,21194
2008-12-08,122.00,130.00,118.60,120.90,67874
2008-12-10,121.00,129.00,120.00,127.00,71717
2008-12-11,130.00,134.95,124.50,129.05,12163
2008-12-12,124.50,157.50,124.05,143.75,79019
2008-12-15,149.00,163.00,145.00,148.85,21951
2008-12-16,152.00,154.00,145.10,148.35,26263
2008-12-17,151.00,153.70,141.00,142.40,11532
2008-12-18,141.55,146.45,135.00,143.75,7373
2008-12-19,142.10,149.00,138.00,141.05,15479
2008-12-22,145.00,147.00,138.00,139.65,9757
2008-12-23,137.50,143.00,135.00,136.85,3133
2008-12-24,141.60,141.60,125.50,130.05,0
2008-12-26,127.05,132.65,125.00,127.10,4463
2008-12-29,125.35,130.00,122.00,129.30,5080
2008-12-30,129.05,133.70,129.05,132.25,12126
2008-12-31,130.00,137.00,130.00,135.70,6477
2009-01-01,141.00,148.50,138.00,142.85,11921
2009-01-02,145.80,149.85,139.00,144.90,32916
2009-01-05,148.80,148.80,139.00,139.90,15532
2009-01-06,140.00,144.80,135.25,138.15,13082
2009-01-07,143.75,143.75,128.00,131.60,8370
2009-01-09,124.50,132.00,113.60,128.00,24885
2009-01-12,123.00,133.00,122.00,124.35,20077
2009-01-13,119.30,128.00,118.00,120.00,47414
2009-01-14,128.30,128.30,120.00,121.10,10052
2009-01-15,109.25,122.45,104.20,120.10,46184
2009-01-16,116.20,122.95,115.00,119.90,128673
2009-01-19,122.00,122.00,119.00,120.50,2817
2009-01-20,119.00,133.40,119.00,129.65,41533
2009-01-21,125.10,126.90,115.05,118.35,30107
2009-01-22,120.60,123.95,112.00,114.90,19090
2009-01-23,114.90,117.00,109.60,115.00,9802
2009-01-27,116.50,119.65,108.50,109.95,52810
2009-01-28,112.00,114.40,106.20,107.60,11075
2009-01-29,108.40,115.00,107.35,111.25,15262
2009-01-30,109.00,118.00,109.00,114.70,12017
2009-02-02,114.10,115.00,112.00,114.10,5811
2009-02-03,114.05,117.25,114.00,116.00,9485
2009-02-04,117.90,117.90,113.05,113.40,64015
2009-02-05,113.00,115.00,109.00,110.10,341028
2009-02-06,113.75,115.00,111.00,112.20,2357
2009-02-09,111.20,116.00,101.45,114.50,3497
2009-02-10,113.00,122.40,113.00,117.90,5495
2009-02-11,113.10,121.90,113.00,119.45,4739
2009-02-12,120.00,122.00,116.15,121.55,5309
2009-02-13,120.30,124.00,118.50,120.70,4203
2009-02-16,120.00,121.70,118.00,118.20,5491
2009-02-17,119.00,119.60,115.00,119.25,6853
2009-02-18,108.00,122.90,108.00,118.30,5596
2009-02-19,121.00,121.00,118.00,118.00,36314
2009-02-20,118.00,118.00,115.00,115.35,2489
2009-02-24,115.35,118.65,111.00,115.15,12907
2009-02-25,116.00,117.95,114.00,116.05,8374
2009-02-26,116.00,125.00,115.05,116.50,13630
2009-02-27,119.95,119.95,116.00,117.60,6407
2009-03-02,119.00,119.90,116.00,116.15,2062
2009-03-03,114.00,120.75,114.00,115.40,12850
2009-03-04,117.50,117.85,106.55,111.90,18781
2009-03-05,117.40,117.40,101.50,108.90,48810
2009-03-06,113.95,113.95,105.00,109.20,2872
2009-03-09,110.00,111.00,106.00,109.60,14548
2009-03-12,110.00,111.00,108.40,110.05,6373
2009-03-13,112.00,114.00,110.85,112.65,2249
2009-03-16,117.90,117.90,111.25,112.70,37547
2009-03-17,113.00,115.90,109.20,110.40,12462
2009-03-18,112.50,114.00,110.00,113.20,24094
2009-03-19,114.80,117.80,112.25,113.55,8889
2009-03-20,113.50,136.30,113.50,123.85,517191
2009-03-23,125.00,128.40,117.35,120.90,156941
2009-03-24,123.00,126.40,112.05,113.95,82497
2009-03-25,115.00,126.40,114.40,124.80,130238
2009-03-26,127.00,128.45,119.25,121.40,36998
2009-03-27,125.00,129.40,117.90,125.70,50862
2009-03-30,127.00,127.00,118.00,119.90,21546
2009-03-31,122.90,127.50,119.75,124.95,30203
2009-04-01,126.95,129.85,122.00,125.60,15690
2009-04-02,129.00,142.90,129.00,138.05,147677
2009-04-06,143.35,145.90,140.00,142.05,35776
2009-04-08,139.90,149.00,131.00,147.20,37086
2009-04-09,145.90,176.00,144.00,163.80,95434
2009-04-13,164.50,172.40,164.00,168.20,58143
2009-04-15,168.80,185.95,162.20,174.75,101709
2009-04-16,185.00,208.00,160.35,166.65,469716
2009-04-17,169.00,181.50,168.00,172.00,108692
2009-04-20,173.00,177.50,168.25,170.50,66633
2009-04-21,165.00,178.85,161.25,176.55,73936
2009-04-22,176.50,180.10,167.40,170.30,24536
2009-04-23,173.00,173.45,165.00,169.55,16720
2009-04-24,170.45,174.90,166.55,168.95,25371
2009-04-27,170.45,173.00,167.00,171.25,41346
2009-04-28,170.00,172.50,161.80,163.45,20687
2009-04-29,163.00,175.70,161.05,169.60,54003
2009-05-04,181.00,189.00,173.00,174.30,81352
2009-05-05,175.50,178.70,170.35,174.55,69362
2009-05-06,175.90,178.90,172.60,174.00,37020
2009-05-07,175.90,177.00,171.75,172.30,23660
2009-05-08,174.00,174.00,166.00,169.95,160190
2009-05-11,169.20,189.80,161.00,171.80,240248
2009-05-12,172.10,174.95,170.00,170.20,66815
2009-05-13,175.00,177.80,171.00,172.20,45521
2009-05-14,168.00,175.00,168.00,173.20,129656
2009-05-15,175.00,182.35,173.20,174.45,83279
2009-05-18,194.80,195.25,190.00,193.40,605
2009-05-19,196.00,216.00,160.00,197.60,357288
2009-05-20,202.80,218.50,194.05,207.85,156340
2009-05-21,210.00,224.00,203.00,205.85,84022
2009-05-22,203.00,220.00,203.00,217.65,91140
2009-05-25,222.30,237.95,216.00,233.25,272696
2009-05-26,232.00,243.00,211.25,214.65,206390
2009-05-27,222.00,228.00,215.25,219.75,98131
2009-05-28,217.00,230.00,214.00,222.85,164109
2009-05-29,225.00,266.90,225.00,241.50,1134681
2009-06-01,245.00,247.70,238.05,239.10,225420
2009-06-02,242.00,252.30,235.00,243.10,213022
2009-06-03,245.00,250.85,241.00,247.70,370945
2009-06-04,245.00,255.00,243.00,249.00,159772
2009-06-05,253.40,258.00,238.00,241.50,129753
2009-06-08,245.00,245.00,224.00,230.70,131136
2009-06-09,226.00,256.95,221.50,248.40,206757
2009-06-10,261.10,264.70,244.00,245.80,382855
2009-06-11,245.00,254.00,237.25,251.35,178388
2009-06-12,252.05,254.00,238.00,242.70,168750
2009-06-15,242.70,242.70,228.50,230.30,40486
2009-06-16,225.00,238.90,221.40,233.80,136132
2009-06-17,225.05,245.50,222.00,226.00,553337
2009-06-18,228.25,232.80,213.00,220.05,67281
2009-06-19,225.50,228.50,213.10,221.25,372283
2009-06-22,225.00,228.90,219.00,222.60,383739
2009-06-23,215.90,226.50,215.00,221.00,490375
2009-06-24,224.90,228.00,223.00,226.15,65636
2009-06-25,230.00,238.40,225.05,230.45,383450
2009-06-26,235.00,237.80,228.25,232.25,119643
2009-06-29,235.00,239.70,230.00,236.45,62896
2009-06-30,241.00,242.80,221.60,228.05,103339
2009-07-01,232.95,232.95,220.25,224.60,38744
2009-07-02,229.80,232.00,222.50,226.35,36044
2009-07-03,226.35,228.80,217.00,222.60,35357
2009-07-06,224.00,232.00,211.10,214.35,87168
2009-07-07,215.00,217.40,205.55,209.45,28663
2009-07-08,205.00,208.80,197.00,201.90,333683
2009-07-09,200.00,219.80,195.00,203.65,317479
2009-07-10,205.00,207.80,192.05,196.10,40035
2009-07-13,196.00,197.90,188.90,194.15,40042
2009-07-14,197.50,205.00,197.50,202.35,300947
2009-07-15,203.15,211.80,200.00,210.35,56688
2009-07-16,215.00,217.85,208.50,211.85,42009
2009-07-17,214.00,219.40,211.55,217.80,51909
2009-07-20,224.00,224.00,216.00,219.35,52592
2009-07-21,223.00,223.00,212.25,213.85,35545
2009-07-22,214.95,218.90,210.10,211.85,78083
2009-07-23,213.45,216.60,212.15,213.80,37614
2009-07-24,215.95,221.95,214.00,215.50,69550
2009-07-27,216.25,220.90,210.25,213.25,70549
2009-07-28,213.95,215.45,211.15,212.10,49593
2009-07-29,206.90,223.70,206.90,220.05,91916
2009-07-30,221.10,231.90,219.05,227.70,182085
2009-07-31,233.00,234.90,223.10,225.15,106856
2009-08-03,226.50,230.00,223.10,224.80,62132
2009-08-04,227.00,248.00,222.55,235.70,582671
2009-08-05,238.00,253.40,237.00,243.50,526157
2009-08-06,243.50,254.70,240.10,246.60,337233
2009-08-07,245.00,251.90,242.05,249.45,172943
2009-08-10,251.50,255.25,228.15,234.40,77584
2009-08-11,230.00,235.50,225.55,227.25,43362
2009-08-12,225.00,231.00,218.50,227.80,201933
2009-08-13,231.70,242.00,230.10,238.00,106269
2009-08-14,240.00,247.00,230.10,242.10,66229
2009-08-17,237.95,245.00,229.00,231.70,18591
2009-08-18,231.25,242.00,229.10,237.30,39647
2009-08-19,242.00,248.00,233.40,235.50,23023
2009-08-20,241.90,241.90,234.20,238.25,24401
2009-08-21,236.00,266.60,235.00,256.50,693297
2009-08-24,260.00,283.95,257.35,280.50,642010
2009-08-25,278.00,280.25,266.40,270.85,164164
2009-08-26,272.00,274.20,256.05,260.10,121155
2009-08-27,260.00,263.85,255.90,259.95,89558
2009-08-28,263.00,268.40,253.05,259.80,81883
2009-08-31,259.45,271.40,256.20,267.80,120305
2009-09-01,271.00,274.40,260.00,262.10,125210
2009-09-02,257.30,265.00,255.50,258.45,66286
2009-09-03,261.80,265.00,258.05,260.90,249899
2009-09-04,263.55,269.70,258.00,266.05,64280
2009-09-07,270.95,270.95,264.00,264.95,39458
2009-09-08,265.10,269.85,261.00,265.40,99689
2009-09-09,265.00,266.00,260.05,262.10,0
2009-09-10,265.80,270.40,257.05,265.20,57498
2009-09-11,265.00,269.00,261.40,262.80,75147
2009-09-14,269.00,277.70,262.00,268.55,88419
2009-09-15,272.00,275.30,269.00,272.45,54942
2009-09-16,277.50,280.00,263.10,268.25,86557
2009-09-17,268.00,293.80,265.10,285.55,356578
2009-09-18,282.10,296.60,280.15,286.35,310541
2009-09-22,286.70,288.00,280.40,282.70,40655
2009-09-23,285.10,292.00,275.10,276.75,78640
2009-09-24,275.00,293.50,275.00,283.60,299500
2009-09-25,283.40,305.85,277.10,287.60,334481
2009-09-29,294.90,296.65,285.00,286.35,91766
2009-09-30,282.00,321.00,282.00,311.55,454513
2009-10-01,313.00,314.00,299.00,300.95,199349
2009-10-05,292.90,316.00,292.90,305.00,247027
2009-10-06,309.65,309.65,295.55,299.70,209487
2009-10-07,302.80,312.90,302.25,308.05,105879
2009-10-08,312.00,332.00,306.05,323.10,162043
2009-10-09,320.45,329.50,311.20,318.75,112666
2009-10-12,324.70,332.00,320.10,323.45,87666
2009-10-14,324.00,350.00,323.45,347.60,197653
2009-10-15,349.70,349.70,337.10,338.55,268758
2009-10-16,330.10,359.00,330.10,343.45,106793
2009-10-20,350.00,360.00,343.20,349.20,65576
2009-10-21,351.00,352.00,340.00,342.15,41349
2009-10-22,340.00,357.00,328.10,336.55,361427
2009-10-23,340.45,348.90,336.60,339.45,40070
2009-10-26,341.05,344.90,325.10,328.50,42565
2009-10-27,325.00,333.70,312.10,319.65,118363
2009-10-28,311.00,324.00,301.00,313.60,35823
2009-10-29,301.50,324.00,301.50,310.90,43135
2009-10-30,318.00,330.00,315.00,317.45,43983
2009-11-03,305.25,314.00,299.15,302.20,84773
2009-11-04,306.00,325.00,302.00,318.55,75418
2009-11-05,326.00,326.00,309.00,312.15,32935
2009-11-06,319.00,325.00,307.50,310.30,65191
2009-11-09,310.35,319.90,310.00,313.40,41000
2009-11-10,319.85,319.90,308.50,315.40,120167
2009-11-11,317.90,323.95,309.05,316.40,76228
2009-11-12,323.00,326.95,316.00,320.20,51472
2009-11-13,319.00,323.15,313.25,315.70,27993
2009-11-16,317.15,320.00,312.40,314.95,77434
2009-11-17,316.30,326.00,314.50,320.80,58582
2009-11-18,326.70,331.75,322.00,327.80,58617
2009-11-19,322.00,341.80,322.00,335.70,79345
2009-11-20,330.00,348.00,329.10,341.25,139892
2009-11-23,347.45,347.45,338.10,342.15,29128
2009-11-24,345.95,345.95,336.10,339.45,48250
2009-11-25,347.00,347.00,335.15,339.85,18878
2009-11-26,350.00,357.70,341.00,343.85,109491
2009-11-27,332.90,357.85,332.90,355.25,60829
2009-11-30,360.10,390.00,352.00,379.15,303839
2009-12-01,385.15,393.70,357.35,360.45,286382
2009-12-02,365.50,366.45,349.70,352.35,104084
2009-12-03,353.00,366.80,346.20,349.85,91635
2009-12-04,350.00,360.90,346.00,351.00,119223
2009-12-07,356.50,357.00,342.25,345.45,28546
2009-12-08,342.05,350.50,341.00,342.60,32711
2009-12-09,345.70,350.00,340.00,341.15,37248
2009-12-10,342.00,347.90,340.15,341.55,97126
2009-12-11,347.00,349.40,336.00,338.85,34182
2009-12-14,339.80,342.00,332.50,333.90,25694
2009-12-15,338.20,340.00,330.50,332.10,90619
2009-12-16,332.10,334.50,327.80,330.25,16670
2009-12-17,328.00,335.00,326.10,331.95,40860
2009-12-18,329.00,338.90,328.00,335.95,23425
2009-12-21,337.00,340.00,331.00,334.55,27541
2009-12-22,335.05,340.50,328.05,339.70,96378
2009-12-23,340.00,346.00,337.00,339.10,42476
2009-12-24,343.00,359.90,341.40,354.50,99447
2009-12-29,362.00,374.00,357.50,367.20,124290
2009-12-30,366.90,390.65,359.00,372.50,343962
2009-12-31,375.50,383.80,370.30,371.75,60850
2010-01-04,374.00,382.00,362.65,372.75,70184
2010-01-05,376.40,396.60,376.00,383.30,249691
2010-01-06,386.65,386.70,370.00,371.80,232267
2010-01-07,374.00,382.00,356.00,360.00,111186
2010-01-08,362.90,373.90,362.90,369.65,228319
2010-01-11,374.50,383.60,370.35,375.65,75850
2010-01-12,377.00,377.05,370.30,374.25,83407
2010-01-13,370.00,374.80,366.00,369.35,15657
2010-01-14,373.80,380.00,371.20,378.65,154917
2010-01-15,384.80,387.00,371.05,372.60,32313
2010-01-18,374.75,375.10,370.00,372.60,12311
2010-01-19,363.20,384.00,363.20,377.45,56214
2010-01-20,365.10,378.90,365.10,372.90,9982
2010-01-21,367.00,377.00,359.00,361.85,19097
2010-01-22,358.10,361.90,341.50,358.65,64987
2010-01-25,355.00,362.45,334.00,337.45,34217
2010-01-27,337.95,345.00,316.10,324.70,318982
2010-01-28,328.60,345.00,315.00,341.30,46637
2010-01-29,327.60,350.50,327.60,345.05,22425
2010-02-01,347.00,352.65,340.00,347.15,13709
2010-02-02,351.90,361.00,342.05,347.90,20751
2010-02-03,350.00,355.00,343.95,351.25,29132
2010-02-04,357.90,357.90,340.00,341.35,36912
2010-02-05,325.00,338.00,320.00,329.45,12743
2010-02-08,334.10,338.95,322.00,327.35,15188
2010-02-09,327.70,355.00,327.70,346.95,43736
2010-02-10,355.00,361.30,343.00,350.80,543900
2010-02-11,355.00,355.00,340.00,341.80,74049
2010-02-15,347.00,347.00,328.00,331.70,76208
2010-02-16,337.00,342.70,332.00,333.30,45923
2010-02-17,338.00,339.90,331.00,333.65,29092
2010-02-18,337.95,343.30,333.00,335.90,31460
2010-02-19,336.00,337.60,326.55,332.85,18109
2010-02-22,338.90,339.45,322.25,326.65,17192
2010-02-23,327.00,328.00,319.50,324.35,39984
2010-02-24,321.00,338.00,318.00,334.45,72402
2010-02-25,336.00,336.00,325.00,328.15,17992
2010-02-26,329.95,338.00,323.50,332.60,22065
2010-03-02,340.90,348.00,333.15,345.20,118873
2010-03-03,348.80,349.00,340.00,341.40,11953
2010-03-04,347.95,349.00,341.10,346.40,27019
2010-03-05,350.00,355.90,343.00,352.60,30799
2010-03-08,364.00,364.00,345.10,348.90,22487
2010-03-09,348.00,350.00,342.20,344.90,13541
2010-03-10,347.50,355.90,344.40,351.00,57513
2010-03-11,357.00,375.00,346.20,368.35,268211
2010-03-12,373.00,376.95,364.80,370.05,117490
2010-03-15,365.05,370.95,361.50,364.80,42821
2010-03-16,362.85,370.40,361.55,368.80,19046
2010-03-17,370.00,375.90,365.40,367.20,280279
2010-03-18,364.00,371.00,355.55,359.50,20335
2010-03-19,364.00,365.00,357.75,362.05,16364
2010-03-22,358.00,365.00,355.35,362.55,9267
2010-03-23,363.00,365.00,358.05,361.30,17620
2010-03-25,358.00,368.95,358.00,364.15,21357
2010-03-26,368.00,387.50,365.00,382.75,71822
2010-03-29,385.05,391.95,377.05,388.75,125961
2010-03-30,390.00,398.00,385.30,389.65,54484
2010-03-31,386.05,405.95,384.30,400.95,599454
2010-04-01,408.00,416.80,401.00,407.65,174100
2010-04-05,410.00,415.00,400.95,403.85,103159
2010-04-06,407.00,422.40,398.00,402.45,111216
2010-04-07,408.80,412.00,402.45,407.90,183990
2010-04-08,405.00,409.00,390.15,396.40,57900
2010-04-09,407.25,407.25,390.00,400.45,73287
2010-04-12,392.55,409.85,389.25,392.60,44499
2010-04-13,389.00,410.00,389.00,409.00,84256
2010-04-15,409.80,421.10,405.60,410.00,215911
2010-04-16,410.00,414.00,401.00,404.00,35205
2010-04-19,390.25,400.00,390.25,392.95,32185
2010-04-20,398.00,403.95,395.00,396.10,15912
2010-04-21,398.00,409.00,397.00,402.90,43212
2010-04-22,406.70,406.70,397.05,399.55,9745
2010-04-23,404.50,407.00,397.60,403.40,26900
2010-04-26,402.00,414.90,399.00,404.70,25775
2010-04-27,407.00,413.80,400.00,409.20,22598
2010-04-28,401.55,407.90,397.80,402.80,43962
2010-04-29,404.00,406.00,392.30,399.85,88013
2010-04-30,405.70,413.80,393.00,394.85,8203
2010-05-03,394.85,408.00,394.85,403.25,241968
2010-05-04,406.90,411.50,400.00,406.15,62852
2010-05-05,402.00,402.00,386.10,398.45,11540
2010-05-06,392.10,409.00,392.10,401.60,20803
2010-05-07,389.00,404.90,389.00,399.95,9091
2010-05-10,402.00,406.00,397.45,400.25,12803
2010-05-11,408.90,408.90,399.45,404.35,105022
2010-05-12,405.00,409.90,405.00,407.30,20104
2010-05-13,409.50,427.00,403.00,418.85,42514
2010-05-14,427.70,427.70,402.05,408.20,83907
2010-05-17,404.30,409.00,395.50,404.40,5710
2010-05-18,403.00,407.90,402.10,403.60,2421
2010-05-19,400.00,411.95,398.25,407.50,231888
2010-05-20,415.00,419.00,401.00,404.95,7451
2010-05-21,402.00,402.00,395.00,399.85,34216
2010-05-24,399.85,410.65,396.50,404.85,5696
2010-05-25,408.00,408.00,374.05,380.35,10104
2010-05-26,382.55,395.90,382.55,394.90,25330
2010-05-27,391.00,402.90,391.00,400.15,2362
2010-05-28,410.00,414.90,400.00,412.50,16027
2010-05-31,418.85,418.85,395.00,403.60,238881
2010-06-01,400.00,418.95,387.20,405.05,243373
2010-06-02,401.00,429.90,398.05,411.75,40631
2010-06-03,412.00,412.00,401.10,403.85,9368
2010-06-04,400.05,411.80,396.50,401.50,178772
2010-06-07,397.00,401.50,392.00,394.65,16162
2010-06-08,396.00,402.00,390.55,393.60,7537
2010-06-09,394.20,404.90,380.55,398.50,45013
2010-06-10,399.00,409.00,389.15,398.40,71577
2010-06-11,407.10,409.45,398.25,404.35,41376
2010-06-14,404.50,409.00,400.00,400.60,18977
2010-06-15,408.25,408.25,396.35,399.00,8178
2010-06-16,399.25,403.75,390.00,394.05,75314
2010-06-17,398.00,402.00,395.00,397.55,5400
2010-06-18,400.00,400.85,394.10,395.35,3544
2010-06-21,401.00,401.00,391.20,396.45,21968
2010-06-22,400.00,403.90,396.00,401.10,63056
2010-06-23,404.50,414.90,398.00,400.05,69367
2010-06-24,404.00,404.00,388.00,392.40,16050
2010-06-25,393.00,397.10,385.00,385.85,16028
2010-06-28,390.00,393.50,385.75,387.70,11464
2010-06-29,389.90,389.90,381.10,383.35,4776
2010-06-30,380.00,384.95,379.70,382.80,27450
2010-07-01,382.80,389.90,377.50,378.90,36406
2010-07-02,385.95,385.95,365.10,368.25,27114
2010-07-05,365.00,370.75,363.00,365.30,57756
2010-07-06,362.10,369.80,362.10,365.10,26370
2010-07-07,361.00,369.00,361.00,362.80,44290
2010-07-08,369.90,373.00,365.05,369.30,151090
2010-07-09,375.00,376.00,370.10,371.45,16146
2010-07-12,375.90,379.70,371.05,373.05,28105
2010-07-13,375.00,385.50,370.05,378.60,333309
2010-07-14,379.00,384.00,378.00,380.05,86695
2010-07-15,381.40,381.50,373.10,377.15,5865
2010-07-16,377.80,380.00,372.10,373.70,5373
2010-07-19,373.70,378.00,368.85,374.45,31023
2010-07-20,376.85,376.85,367.10,368.75,7543
2010-07-21,373.90,373.90,363.55,368.80,8278
2010-07-22,365.50,376.00,365.20,368.10,6735
2010-07-23,373.85,373.85,361.40,362.55,8618
2010-07-26,363.00,367.90,362.10,363.35,5893
2010-07-27,361.10,364.50,358.00,359.10,6502
2010-07-28,360.50,363.80,355.55,359.65,19506
2010-07-29,356.00,360.95,347.70,356.10,11330
2010-07-30,356.00,362.90,355.00,358.25,6280
2010-08-02,360.45,365.95,360.15,361.30,7335
2010-08-03,364.75,365.00,361.20,362.75,4068
2010-08-04,364.20,364.95,359.00,361.95,3065
2010-08-05,358.20,363.00,357.15,358.00,54194
2010-08-06,354.00,361.45,351.10,352.55,206867
2010-08-09,350.10,360.00,350.10,356.00,7553
2010-08-10,359.40,367.00,359.40,362.85,13854
2010-08-11,356.10,371.70,356.10,361.25,140834
2010-08-12,358.00,368.00,351.30,353.00,18200
2010-08-13,353.05,362.95,344.00,348.90,177143
2010-08-16,350.00,350.00,322.65,340.75,60584
2010-08-17,342.00,345.00,340.00,344.80,24993
2010-08-18,342.20,351.95,337.05,344.70,13363
2010-08-19,340.25,349.90,340.25,346.90,24489
2010-08-20,345.00,368.95,345.00,359.60,86993
2010-08-23,361.90,371.60,361.90,366.65,32300
2010-08-24,369.95,371.50,361.10,368.70,28278
2010-08-25,370.00,370.95,365.00,368.10,9267
2010-08-26,365.00,368.00,351.20,355.85,15155
2010-08-27,352.70,369.95,352.10,357.10,238126
2010-08-30,363.00,363.00,353.00,360.20,11993
2010-08-31,360.00,365.00,355.00,362.90,31830
2010-09-01,365.00,369.00,360.00,367.65,12034
2010-09-02,373.70,386.95,364.15,383.45,28173
2010-09-03,385.00,402.85,377.35,395.95,52071
2010-09-06,400.00,409.00,398.00,399.80,26748
2010-09-07,398.00,414.40,396.00,412.10,49548
2010-09-08,410.00,418.00,402.00,409.80,26097
2010-09-09,411.00,413.25,405.50,408.10,19383
2010-09-13,411.00,414.00,407.00,409.60,11835
2010-09-14,405.05,413.45,405.05,408.20,205060
2010-09-15,407.50,415.00,405.10,407.85,15881
2010-09-16,404.00,410.00,395.00,399.40,15954
2010-09-17,395.00,406.00,391.65,399.85,416993
2010-09-20,400.00,418.00,400.00,413.75,194482
2010-09-21,414.80,414.80,402.25,404.95,47126
2010-09-22,403.40,411.95,393.00,403.45,101631
2010-09-23,400.00,409.00,390.00,390.80,11921
2010-09-24,395.80,405.00,393.00,403.15,14654
2010-09-27,410.00,410.00,390.35,396.35,15653
2010-09-28,400.25,404.50,397.30,399.95,67726
2010-09-29,400.00,403.75,398.60,400.20,22487
2010-09-30,398.60,402.00,398.60,400.00,131958
2010-10-01,401.50,411.50,396.00,409.10,15706
2010-10-04,413.00,415.95,405.05,408.15,171897
2010-10-05,411.90,416.00,406.40,411.75,39223
2010-10-06,420.00,420.00,410.10,414.10,10785
2010-10-07,419.80,419.80,409.10,414.35,38154
2010-10-08,419.65,419.65,396.00,398.35,14147
2010-10-11,400.05,415.00,400.00,413.15,29231
2010-10-12,413.00,416.75,411.00,415.85,9337
2010-10-13,413.50,415.95,406.00,413.40,62276
2010-10-14,418.00,419.50,405.00,410.70,135505
2010-10-15,419.00,419.00,403.00,405.30,1541
2010-10-18,400.00,413.90,400.00,410.65,6727
2010-10-19,419.00,419.80,402.05,409.65,10608
2010-10-20,408.15,409.45,402.00,403.35,2601
2010-10-21,404.50,409.00,403.20,406.05,1604
2010-10-22,411.95,411.95,406.00,410.25,7673
2010-10-25,414.00,414.00,406.05,410.50,14877
2010-10-26,406.00,418.00,406.00,415.40,11246
2010-10-27,412.10,416.50,411.00,415.10,53308
2010-10-28,423.40,423.40,411.30,415.70,8918
2010-10-29,412.00,419.00,410.05,415.95,123084
2010-11-01,415.05,419.60,411.00,415.35,4733
2010-11-02,413.95,488.00,409.50,438.70,129884
2010-11-03,444.20,452.00,435.00,440.15,53560
2010-11-04,430.55,449.90,430.55,446.80,18218
2010-11-05,459.00,459.00,433.20,439.30,1224
2010-11-08,440.00,445.00,440.00,443.50,2287
2010-11-09,437.00,444.50,437.00,442.10,147616
2010-11-10,430.55,447.95,430.55,439.20,3003
2010-11-11,438.00,460.90,434.05,456.40,21849
2010-11-12,455.00,470.00,428.05,443.10,22205
2010-11-15,455.00,455.00,425.25,428.85,58063
2010-11-16,441.25,442.00,425.25,439.85,50809
2010-11-18,441.95,441.95,427.10,430.45,11266
2010-11-19,430.45,436.50,429.50,434.30,6526
2010-11-22,436.00,453.95,436.00,450.10,31297
2010-11-23,445.00,465.00,441.00,443.90,62888
2010-11-24,440.00,445.00,431.10,434.00,2859
2010-11-25,439.00,439.00,417.00,423.35,2274
2010-11-26,424.00,424.20,406.00,413.40,2459
2010-11-29,402.00,420.00,401.80,412.55,125777
2010-11-30,417.45,421.00,409.00,416.80,2396
2010-12-01,418.00,440.00,418.00,427.45,6123
2010-12-02,427.00,440.00,412.15,429.30,37425
2010-12-03,430.00,437.00,420.00,424.80,17859
2010-12-06,422.00,438.00,410.30,413.90,30758
2010-12-07,411.00,423.85,404.00,407.45,7284
2010-12-08,410.00,416.90,402.40,407.65,2925
2010-12-09,414.75,419.60,408.10,414.10,85506
2010-12-10,426.00,441.00,387.25,433.05,25277
2010-12-13,439.50,450.00,425.50,445.05,83991
2010-12-14,448.00,454.85,435.05,440.70,95126
2010-12-15,438.50,444.90,430.00,435.50,21888
2010-12-16,435.00,443.00,423.00,424.75,103306
2010-12-20,423.00,435.95,413.15,423.80,105505
2010-12-21,426.00,432.00,365.05,415.50,118029
2010-12-22,416.00,424.00,409.00,414.55,12873
2010-12-23,429.90,429.90,406.00,409.70,5580
2010-12-24,406.00,415.00,404.25,407.30,30210
2010-12-27,408.05,414.95,403.15,405.95,30942
2010-12-28,410.00,410.00,394.00,396.35,8203
2010-12-29,404.95,407.80,392.00,400.65,3577
2010-12-30,401.10,406.50,397.00,400.00,45390
2010-12-31,401.10,410.00,399.00,406.05,3594
2011-01-03,408.00,427.00,398.10,422.15,10586
2011-01-04,428.00,430.90,408.00,411.00,6558
2011-01-05,415.00,423.00,407.20,416.65,82294
2011-01-06,412.60,421.00,412.00,419.85,3544
2011-01-07,415.10,429.80,396.00,402.80,3793
2011-01-10,406.00,411.00,395.00,404.55,3463
2011-01-11,401.00,405.00,385.00,391.40,8035
2011-01-12,364.10,410.00,364.10,408.35,5657
2011-01-13,411.00,411.00,392.00,393.10,7048
2011-01-14,399.90,407.50,391.40,395.15,4174
2011-01-17,392.00,395.00,383.20,387.90,3960
2011-01-18,394.80,400.00,385.20,393.60,4459
2011-01-19,388.15,397.35,380.10,382.70,4714
2011-01-20,354.00,412.00,354.00,402.60,10478
2011-01-21,395.00,400.55,388.00,390.80,2238
2011-01-24,394.50,399.00,391.50,395.40,1724
2011-01-25,396.00,397.95,389.00,391.55,3159
2011-01-27,391.20,400.00,384.00,387.45,1025
2011-01-28,391.95,397.90,375.50,393.40,9938
2011-01-31,385.00,401.95,380.00,391.30,7766
2011-02-01,392.20,399.85,378.10,385.65,6295
2011-02-02,385.55,385.60,360.00,365.65,12612
2011-02-03,370.00,373.90,360.10,367.85,20222
2011-02-04,361.00,368.00,360.00,360.40,2394
2011-02-07,369.25,369.50,360.00,365.75,76698
2011-02-08,368.95,369.90,361.00,364.70,1753
2011-02-09,354.05,365.90,338.05,354.65,65379
2011-02-10,342.35,355.00,342.35,350.75,238834
2011-02-11,350.00,350.00,325.00,334.75,22053
2011-02-14,346.45,346.50,337.00,339.90,58002
2011-02-15,334.90,344.70,328.00,336.35,11798
2011-02-16,338.95,340.00,324.10,329.20,29195
2011-02-17,330.95,332.80,329.05,329.90,16976
2011-02-18,335.00,336.90,325.00,325.40,17888
2011-02-21,327.20,329.50,325.40,326.35,25003
2011-02-22,325.00,327.95,323.05,325.00,51112
2011-02-23,321.50,328.95,315.15,319.75,7602
2011-02-24,325.00,344.00,315.00,328.15,11950
2011-02-25,330.00,340.00,320.25,325.10,14608
2011-02-28,335.00,337.00,316.00,321.00,6833
2011-03-01,318.05,330.00,318.05,327.05,3447
2011-03-03,324.00,334.95,322.00,327.00,13890
2011-03-04,325.00,338.90,321.05,322.75,63398
2011-03-07,320.00,323.40,317.00,320.85,12793
2011-03-08,319.05,323.40,319.05,319.80,19682
2011-03-09,320.00,324.55,315.20,318.15,11230
2011-03-10,307.55,320.00,302.05,310.10,279382
2011-03-11,317.50,317.50,308.55,309.95,3137
2011-03-14,308.05,321.50,305.00,315.85,120121
2011-03-15,303.50,327.95,303.50,323.65,10937
2011-03-16,320.00,326.50,320.00,325.50,18598
2011-03-17,315.00,328.00,315.00,327.05,7061
2011-03-18,332.00,341.00,325.05,337.55,16666
2011-03-21,336.00,344.40,331.05,338.40,5024
2011-03-22,336.00,343.00,332.05,342.05,52636
2011-03-23,336.00,365.00,336.00,347.05,6242
2011-03-24,358.00,358.00,337.10,346.70,7025
2011-03-25,351.95,351.95,341.15,342.95,2040
2011-03-28,339.00,350.00,335.00,345.05,4141
2011-03-29,338.00,350.00,338.00,347.00,4033
2011-03-30,350.00,350.00,342.00,344.85,2129
2011-03-31,337.00,352.00,337.00,348.35,28217
2011-04-01,349.00,354.00,337.00,350.70,27769
2011-04-04,341.00,359.50,341.00,356.05,6348
2011-04-05,344.00,363.90,344.00,360.35,8993
2011-04-06,357.05,359.00,353.20,354.40,7557
2011-04-07,353.20,357.85,348.50,355.00,4336
2011-04-08,360.00,360.00,349.10,354.90,53585
2011-04-11,358.00,358.00,351.00,353.30,4665
2011-04-13,360.00,368.10,355.00,365.90,53596
2011-04-15,369.80,374.00,365.05,367.65,12197
2011-04-18,365.05,387.00,362.00,370.35,37290
2011-04-19,373.45,374.95,368.00,371.70,7863
2011-04-20,372.20,373.10,370.00,371.00,2726
2011-04-21,370.00,382.00,368.00,376.40,4284
2011-04-25,372.05,390.00,365.25,385.45,7479
2011-04-26,384.00,385.95,376.20,379.35,48659
2011-04-27,370.55,383.95,370.55,376.30,29690
2011-04-28,376.00,376.00,362.15,365.60,16044
2011-04-29,353.00,374.40,353.00,364.45,40667
2011-05-02,369.00,369.00,356.00,360.10,24445
2011-05-03,372.95,372.95,352.25,357.75,631
2011-05-04,349.00,362.00,349.00,357.50,701
2011-05-05,354.00,356.95,348.00,350.35,1091
2011-05-06,353.05,357.50,353.00,355.60,751
2011-05-09,354.00,355.00,350.00,351.15,8375
2011-05-10,370.00,370.00,352.00,363.95,3816
2011-05-11,360.90,376.00,345.25,359.50,12833
2011-05-12,358.05,367.50,357.05,363.35,152221
2011-05-13,360.00,395.00,356.00,379.70,91978
2011-05-16,379.00,382.30,367.90,376.95,3088
2011-05-17,373.00,381.95,370.00,370.55,1861
2011-05-18,370.40,371.60,369.50,370.00,3355
2011-05-19,361.10,375.50,361.10,370.00,5036
2011-05-20,370.00,372.40,367.00,370.55,52519
2011-05-23,370.55,376.00,353.55,364.25,4152
2011-05-24,358.35,366.00,358.35,365.00,4455
2011-05-25,364.00,367.95,360.00,365.20,903
2011-05-26,357.60,368.00,357.50,365.00,2066
2011-05-27,354.00,375.80,350.55,375.00,15622
2011-05-30,373.95,381.00,368.50,375.90,2098
2011-05-31,372.00,377.00,355.05,360.05,158317
2011-06-01,367.95,369.50,362.00,366.70,29308
2011-06-02,365.00,374.00,364.00,365.00,113921
2011-06-03,363.05,375.00,363.05,366.25,4109
2011-06-06,371.95,371.95,361.00,363.10,865
2011-06-07,367.00,368.00,354.00,366.25,8380
2011-06-08,367.00,369.90,364.00,365.10,995
2011-06-09,365.00,374.35,365.00,370.05,22488
2011-06-10,361.05,387.90,361.00,378.45,7002
2011-06-13,378.45,394.00,369.00,385.90,4303
2011-06-14,393.00,398.00,381.00,384.70,9801
2011-06-15,387.00,399.00,377.00,380.15,7939
2011-06-16,379.10,380.25,370.20,372.75,2009
2011-06-17,373.00,402.00,363.10,365.45,89035
2011-06-20,367.00,373.00,360.00,370.00,6796
2011-06-21,364.10,374.00,364.10,370.70,2749
2011-06-22,373.00,379.20,366.00,370.30,8674
2011-06-23,366.50,377.00,365.00,373.85,4519
2011-06-24,372.00,379.90,350.00,357.10,16647
2011-06-27,357.10,362.50,343.05,360.20,21651
2011-06-28,363.00,386.00,356.55,376.80,37623
2011-06-29,373.40,384.00,366.40,378.70,28801
2011-06-30,375.00,383.00,371.20,372.60,18623
2011-07-01,373.10,377.00,366.05,373.55,13725
2011-07-04,376.90,380.00,363.00,367.30,4759
2011-07-05,367.00,374.95,367.00,373.30,10681
2011-07-06,376.80,376.80,369.00,369.75,966
2011-07-07,372.00,375.00,370.00,370.90,7058
2011-07-08,361.00,371.80,361.00,369.60,6086
2011-07-11,370.00,373.00,367.00,370.50,3945
2011-07-12,371.90,385.00,364.25,374.00,10544
2011-07-13,370.00,374.95,370.00,372.65,6331
2011-07-14,373.90,376.00,372.10,374.75,1241
2011-07-15,373.95,377.95,371.00,375.90,2176
2011-07-18,375.00,380.00,372.30,375.70,847
2011-07-19,372.00,380.00,372.00,377.45,3140
2011-07-20,374.15,378.90,365.60,373.10,28336
2011-07-21,375.00,376.00,374.00,374.80,608
2011-07-22,371.00,378.90,371.00,376.20,1578
2011-07-25,372.10,378.40,372.00,374.80,1211
2011-07-26,374.00,380.00,374.00,376.15,4179
2011-07-27,375.50,378.95,375.00,376.90,756
2011-07-28,377.90,380.00,373.00,374.40,1584
2011-07-29,375.00,389.00,375.00,383.70,4791
2011-08-01,380.00,394.00,379.20,389.05,5822
2011-08-02,381.60,395.00,377.00,383.40,2554
2011-08-03,380.00,386.00,371.00,372.30,4499
2011-08-04,374.00,375.50,352.40,356.05,28473
2011-08-05,347.00,360.00,338.10,353.80,5002
2011-08-08,360.00,365.60,342.65,360.35,765593
2011-08-09,347.10,365.00,347.10,359.15,6301
2011-08-10,361.00,369.90,361.00,366.30,1631
2011-08-11,365.00,387.95,361.25,377.20,515123
2011-08-12,382.00,392.00,366.20,374.25,16974
2011-08-16,366.00,376.70,356.10,362.55,7678
2011-08-17,375.00,375.00,347.25,360.00,31792
2011-08-18,354.60,366.00,340.00,351.65,93999
2011-08-19,347.00,354.75,340.00,340.80,10248
2011-08-22,360.70,360.70,340.00,340.10,9629
2011-08-23,342.00,344.80,340.00,341.25,941
2011-08-24,341.80,343.95,337.00,340.00,29467
2011-08-25,340.00,345.00,331.45,334.60,41966
2011-08-26,340.00,340.00,323.30,330.30,5324
2011-08-29,326.95,331.95,322.05,327.95,19935
2011-08-30,326.00,340.00,323.40,324.90,41045
2011-09-02,324.20,346.00,324.20,338.00,455267
2011-09-05,338.00,345.50,330.40,332.00,4881
2011-09-06,328.10,334.00,328.10,331.60,103425
2011-09-07,343.45,343.45,331.10,332.40,8881
2011-09-08,331.00,335.00,328.15,331.20,3057
2011-09-09,327.00,334.90,327.00,328.60,5141
2011-09-12,330.00,332.00,298.20,305.20,29015
2011-09-13,307.00,311.95,304.90,308.85,77288
2011-09-14,313.00,315.00,308.50,312.00,1666
2011-09-15,313.00,316.00,307.05,309.20,2891
2011-09-16,310.50,315.80,307.05,309.95,4878
2011-09-19,315.00,315.00,309.00,309.85,1566
2011-09-20,310.10,315.00,309.00,310.95,2413
2011-09-21,310.10,314.75,310.10,312.10,1866
2011-09-22,308.15,311.85,308.15,310.00,105979
2011-09-23,309.10,311.00,308.00,309.90,293314
2011-09-26,309.05,310.95,308.00,310.00,7770
2011-09-27,309.15,314.90,309.15,310.55,3062
2011-09-28,310.55,314.85,310.20,310.25,1743
2011-09-29,308.00,311.90,308.00,309.90,428
2011-09-30,306.00,313.00,290.50,312.35,5249
2011-10-03,306.05,314.95,305.15,306.00,15680
2011-10-04,307.50,316.85,307.50,309.80,20614
2011-10-05,309.00,314.00,307.10,310.60,10052
2011-10-07,310.05,324.00,306.10,310.75,5422
2011-10-10,312.00,317.70,310.00,313.15,21082
2011-10-11,318.90,318.90,310.00,310.00,16557
2011-10-12,308.05,314.90,308.05,310.30,11319
2011-10-13,317.30,317.30,308.00,309.90,9179
2011-10-14,309.00,313.80,308.10,310.00,240500
2011-10-17,311.00,311.95,308.10,310.05,13299
2011-10-18,309.95,313.00,307.25,310.35,47628
2011-10-19,313.00,313.00,308.25,310.80,210768
2011-10-20,307.95,314.00,306.15,311.50,411157
2011-10-21,316.00,318.90,310.45,313.70,4617
2011-10-24,313.70,315.70,303.10,306.15,1842
2011-10-25,311.90,311.90,301.30,302.95,2399
2011-10-26,309.45,309.45,302.00,305.75,172
2011-10-28,307.15,309.00,301.15,304.40,33015
2011-10-31,309.95,313.00,306.00,310.20,4634
2011-11-01,311.00,317.00,309.50,314.70,19142
2011-11-02,312.10,314.00,306.00,308.55,93519
2011-11-03,306.40,310.85,301.60,305.80,90327
2011-11-04,307.00,312.00,307.00,309.90,77429
2011-11-08,310.00,311.00,305.95,309.55,27096
2011-11-09,309.00,311.00,307.00,307.40,1121
2011-11-11,307.00,307.00,302.05,304.05,1165
2011-11-14,310.00,319.00,302.75,311.50,14109
2011-11-15,306.00,315.00,291.70,297.75,8406
2011-11-16,309.95,309.95,280.10,286.95,2467
2011-11-17,289.95,296.95,282.05,287.60,67293
2011-11-18,284.00,286.95,270.75,277.10,2636
2011-11-21,275.50,286.95,275.50,284.00,147184
2011-11-22,284.00,300.00,276.80,297.25,2356
2011-11-23,285.00,298.00,285.00,295.55,3206
2011-11-24,295.00,300.00,290.00,290.75,2126
2011-11-25,291.05,299.90,291.05,295.65,1768
2011-11-28,296.00,304.40,295.00,300.65,8962
2011-11-29,303.00,303.00,292.45,296.05,688
2011-11-30,293.00,298.00,270.00,274.95,170574
2011-12-01,288.00,293.00,280.00,287.90,4022
2011-12-02,283.05,297.85,283.05,294.70,50700
2011-12-05,288.60,301.30,288.60,296.05,1615
2011-12-07,294.00,299.90,293.05,296.70,1564
2011-12-08,290.50,299.90,290.05,293.20,2182
2011-12-09,290.00,295.75,281.40,290.00,62426
2011-12-12,286.35,289.00,274.00,280.00,16570
2011-12-13,270.00,284.90,270.00,280.00,16066
2011-12-14,281.00,300.00,278.00,280.05,330714
2011-12-15,276.00,284.00,271.10,277.25,392383
2011-12-16,279.95,280.00,269.05,280.00,421523
2011-12-19,277.00,278.00,270.00,270.35,2367
2011-12-20,270.50,273.00,269.50,270.00,28236
2011-12-21,271.50,279.95,265.00,275.80,2411
2011-12-22,272.00,279.00,271.05,276.90,1399
2011-12-23,271.10,279.95,271.10,275.05,53101
2011-12-26,270.90,278.80,270.00,272.05,1236
2011-12-27,270.05,276.95,270.00,275.00,101704
2011-12-28,275.00,275.90,270.50,274.10,17845
2011-12-29,274.85,274.95,271.00,271.90,905
2011-12-30,274.95,275.00,267.15,271.05,950
2012-01-02,270.00,272.95,268.00,268.80,401
2012-01-03,270.00,284.00,260.35,273.20,2421
2012-01-04,273.95,285.00,273.95,279.90,62853
2012-01-05,280.00,292.95,275.30,282.60,206939
2012-01-06,274.20,287.45,274.20,281.15,889525
2012-01-09,277.00,284.00,277.00,281.10,205508
2012-01-10,281.00,291.00,281.00,285.25,202619
2012-01-11,283.30,289.00,283.00,286.85,1563
2012-01-12,288.30,289.65,284.10,286.20,1589
2012-01-13,284.50,289.90,282.20,284.20,2229
2012-01-16,284.20,287.30,277.15,285.30,1450
2012-01-17,285.00,293.60,285.00,287.20,2259
2012-01-18,289.05,297.00,289.05,294.40,4839
2012-01-19,286.00,295.00,286.00,292.55,937
2012-01-20,292.50,294.90,285.00,287.00,1749
2012-01-23,287.00,303.00,287.00,300.85,5509
2012-01-24,298.00,304.75,289.00,291.35,7451
2012-01-25,290.50,298.00,290.05,296.10,999
2012-01-27,308.70,308.95,299.00,302.25,2282
2012-01-30,297.00,301.75,290.00,295.35,1578
2012-01-31,285.00,297.00,281.60,291.40,2797
2012-02-01,295.00,304.65,291.20,294.80,10801
2012-02-02,294.55,300.75,286.10,298.20,4434
2012-02-03,301.00,318.00,286.60,300.20,39321
2012-02-06,301.00,316.00,301.00,312.70,26855
2012-02-07,300.10,317.85,300.10,307.50,7233
2012-02-08,310.00,324.25,307.20,320.50,17332
2012-02-09,320.00,323.85,310.00,310.80,5335
2012-02-10,310.00,319.85,310.00,317.35,4504
2012-02-13,306.30,324.00,306.30,322.75,5391
2012-02-14,323.90,324.00,317.00,318.65,3613
2012-02-15,321.00,323.00,301.25,321.60,6413
2012-02-16,314.15,325.00,314.15,322.25,2384
2012-02-17,323.00,354.80,312.05,345.75,42265
2012-02-21,335.00,346.05,330.00,335.35,3700
2012-02-22,331.10,339.90,320.50,322.15,2129
2012-02-23,327.90,327.90,320.00,320.40,1055
2012-02-24,321.40,330.00,320.25,327.95,3495
2012-02-27,327.00,340.00,323.00,332.85,4342
2012-02-28,340.00,342.00,328.50,340.70,9856
2012-02-29,338.50,354.80,338.50,349.85,400361
2012-03-01,340.05,353.95,340.05,344.25,1171
2012-03-02,338.00,348.90,338.00,345.05,966
2012-03-05,346.50,348.00,338.15,346.25,2626
2012-03-06,349.50,349.50,340.00,345.00,4601
2012-03-07,345.00,347.95,337.55,346.70,3439
2012-03-09,351.50,351.50,344.95,345.00,2341
2012-03-12,350.00,350.00,345.00,345.05,1685
2012-03-13,350.00,350.00,344.05,344.75,2471
2012-03-14,347.50,350.00,345.00,349.20,1476
2012-03-15,346.00,352.00,345.00,349.05,2597
2012-03-16,356.00,356.00,346.05,348.95,1184
2012-03-19,341.00,355.90,341.00,350.00,2279
2012-03-20,354.00,354.00,346.00,350.20,1846
2012-03-21,341.20,359.40,341.20,356.50,6626
2012-03-22,346.05,361.95,346.05,356.85,3982
2012-03-23,357.00,365.00,350.50,361.40,3214
2012-03-26,369.90,369.90,356.65,361.35,1200
2012-03-27,368.90,372.00,350.00,364.25,9640
2012-03-28,354.20,370.00,353.00,367.95,11800
2012-03-29,373.00,374.00,357.00,359.20,913
2012-03-30,370.00,373.00,360.20,367.85,55164
2012-04-02,370.00,370.00,360.05,362.10,2533
2012-04-03,366.00,366.00,361.50,362.75,34463
2012-04-04,369.90,369.90,361.00,363.70,1036
2012-04-09,369.95,369.95,357.15,360.40,562
2012-04-10,367.90,367.90,351.95,354.50,1526
2012-04-11,374.00,374.00,350.20,354.60,1220
2012-04-12,369.90,369.90,352.00,359.95,609
2012-04-13,366.25,366.25,355.05,360.95,4265
2012-04-16,370.00,370.00,358.05,360.00,956
2012-04-17,365.00,365.00,358.00,359.15,565
2012-04-18,365.00,370.00,358.00,360.50,3795
2012-04-19,358.95,366.00,355.75,364.30,4147
2012-04-20,369.90,369.90,358.05,358.50,2580
2012-04-23,367.95,367.95,353.00,357.05,1407
2012-04-24,365.75,365.75,350.50,353.90,3135
2012-04-25,350.00,361.00,350.00,356.25,2099
2012-04-26,360.00,360.00,354.00,356.00,1416
2012-04-27,366.95,366.95,353.50,358.35,1356
2012-04-30,358.00,358.00,355.00,355.05,203
2012-05-02,355.45,360.00,351.00,357.05,900
2012-05-03,358.90,358.90,352.25,353.00,1917
2012-05-04,353.00,357.00,350.00,353.00,2838
2012-05-07,354.00,356.25,352.00,356.10,771
2012-05-08,357.95,357.95,348.00,350.30,1301
2012-05-09,350.00,352.00,346.00,349.55,618
2012-05-10,352.95,352.95,350.00,350.00,503
2012-05-11,350.00,359.95,346.00,352.35,3735
2012-05-14,357.00,357.00,352.00,355.10,676
2012-05-15,357.00,359.00,352.00,356.20,601
2012-05-16,357.95,360.00,353.05,358.90,1202
2012-05-17,364.00,364.00,355.00,359.75,1039
2012-05-18,359.90,360.00,354.00,356.35,782
2012-05-21,353.00,362.00,350.00,351.20,587
2012-05-22,359.00,359.00,350.10,352.95,1811
2012-05-23,357.00,358.00,350.10,355.15,881
2012-05-24,354.55,358.00,350.05,355.30,809
2012-05-25,358.95,360.00,351.05,357.75,2233
2012-05-28,352.50,360.00,352.50,356.50,3135
2012-05-29,353.00,362.00,353.00,355.55,2361
2012-05-30,357.00,357.00,350.50,352.50,1996
2012-05-31,346.20,398.00,344.30,363.45,10376
2012-06-01,368.00,370.00,356.00,363.45,1185
2012-06-04,366.00,366.00,358.00,361.80,738
2012-06-05,368.00,368.00,354.30,359.35,2280
2012-06-06,365.95,365.95,356.40,360.75,1501
2012-06-07,367.00,370.35,361.00,362.50,339
2012-06-08,364.00,364.00,356.20,359.30,32001
2012-06-11,360.00,360.00,351.00,351.00,161619
2012-06-12,349.95,353.00,338.30,343.95,5587
2012-06-13,347.00,348.85,340.10,342.20,599
2012-06-14,351.85,351.85,331.00,332.65,930
2012-06-15,335.00,336.00,331.00,334.50,505
2012-06-18,335.00,336.10,330.00,330.65,769
2012-06-19,330.00,330.00,324.00,324.05,1575
2012-06-20,334.50,334.50,316.25,319.05,1993
2012-06-21,315.10,330.35,315.10,322.85,2771
2012-06-22,324.00,325.00,321.00,322.25,3794
2012-06-25,323.00,337.85,322.05,335.00,1144
2012-06-26,337.80,337.80,321.30,324.20,620
2012-06-27,333.95,333.95,321.00,321.00,512
2012-06-28,328.40,337.85,320.85,323.30,326
2012-06-29,323.15,347.00,322.60,343.65,11089
2012-07-02,349.85,358.00,327.65,333.90,4482
2012-07-03,335.00,337.35,331.00,331.45,1433
2012-07-04,339.95,339.95,327.00,328.90,1379
2012-07-05,320.05,336.00,319.30,322.10,2496
2012-07-06,322.10,331.25,322.10,325.10,754
2012-07-09,338.00,338.00,322.40,326.70,1581
2012-07-10,323.10,334.20,322.55,332.00,2507
2012-07-11,334.35,334.35,324.20,325.00,1376
2012-07-12,333.00,333.00,324.35,330.00,1193
2012-07-13,328.05,330.95,324.00,326.80,1249
2012-07-16,326.00,331.00,325.00,325.00,1272
2012-07-17,332.95,332.95,322.05,326.60,2198
2012-07-18,332.70,332.70,316.00,316.00,2260
2012-07-19,324.70,324.70,313.05,315.00,51899
2012-07-20,320.90,320.90,313.50,314.10,1347
2012-07-23,306.20,319.00,291.00,313.00,942
2012-07-24,323.00,323.00,315.00,315.00,1962
2012-07-25,317.00,317.00,310.00,310.10,2750
2012-07-26,309.00,313.00,306.00,306.50,1030
2012-07-27,320.00,320.00,308.10,312.00,893
2012-07-30,326.00,326.00,302.55,305.00,1591
2012-07-31,312.80,317.00,308.45,315.75,415942
2012-08-01,323.65,323.65,307.05,307.40,1777
2012-08-02,310.00,314.45,307.00,309.70,472
2012-08-03,300.00,311.05,300.00,311.00,353
2012-08-06,312.45,312.45,308.00,308.05,423
2012-08-07,314.35,314.35,305.00,306.30,966
2012-08-08,306.00,312.90,306.00,312.00,773
2012-08-09,314.95,324.00,307.65,321.30,3638
2012-08-10,325.80,325.80,310.10,310.10,1647
2012-08-13,319.55,333.30,312.50,318.50,24463
2012-08-14,321.95,330.00,320.00,327.15,339604
2012-08-16,330.70,335.00,328.85,334.00,3018
2012-08-17,331.25,337.00,330.00,333.90,2765
2012-08-21,331.30,336.00,330.00,333.50,161090
2012-08-22,334.40,349.00,334.40,341.75,223898
2012-08-23,342.00,345.00,340.00,340.00,3292
2012-08-24,342.70,342.70,339.95,340.00,2460
2012-08-27,343.00,343.00,330.65,340.00,1919
2012-08-28,342.00,342.00,340.00,341.95,1253
2012-08-29,345.00,345.00,330.65,341.50,343984
2012-08-30,344.95,344.95,334.00,341.00,11083
2012-08-31,342.95,342.95,327.90,336.50,6478
2012-09-03,345.00,345.00,332.30,341.00,8815
2012-09-04,345.00,345.00,335.00,335.00,413
2012-09-05,344.00,344.00,337.30,340.00,1598
2012-09-06,339.95,342.40,332.00,336.65,1602
2012-09-07,343.90,343.90,336.00,340.00,1818
2012-09-10,345.00,359.00,337.05,350.75,5275
2012-09-11,355.00,355.00,345.55,353.60,1192
2012-09-12,350.00,357.35,342.05,349.75,1029
2012-09-13,350.00,353.00,341.25,350.25,827
2012-09-14,354.95,360.45,348.00,359.50,5305
2012-09-17,359.95,360.00,345.35,357.00,1155
2012-09-18,356.90,362.00,350.00,361.00,2557
2012-09-20,346.00,360.00,346.00,350.95,627
2012-09-21,363.00,363.00,350.20,360.00,2065
2012-09-24,364.00,373.00,360.55,371.90,5203
2012-09-25,370.00,375.00,369.45,370.00,103108
2012-09-26,374.90,380.00,369.05,377.00,4324
2012-09-27,364.40,377.00,363.00,367.00,3215
2012-09-28,366.20,379.90,355.15,355.50,4395
2012-10-01,356.05,363.70,351.00,355.05,3949
2012-10-03,361.00,362.95,353.20,362.95,2402
2012-10-04,361.50,376.00,356.00,376.00,2607
2012-10-05,364.90,382.00,364.90,376.00,3024
2012-10-08,372.20,377.00,362.40,369.00,1440
2012-10-09,368.95,384.45,362.45,375.25,125589
2012-10-10,372.00,380.00,365.25,370.00,409833
2012-10-11,370.05,370.05,362.95,366.00,556
2012-10-12,366.00,380.00,366.00,375.35,349575
2012-10-15,371.50,374.85,365.10,371.20,2817
2012-10-16,367.00,375.00,367.00,370.20,1312
2012-10-17,366.00,371.95,365.20,369.80,239
2012-10-18,363.00,377.00,362.00,362.70,1853
2012-10-19,359.00,368.75,359.00,364.40,489
2012-10-22,365.10,365.10,361.00,361.00,841
2012-10-23,360.05,375.00,360.05,373.95,5113
2012-10-25,374.00,374.65,362.05,363.55,1298
2012-10-26,360.00,375.00,360.00,375.00,4316
2012-10-29,371.00,378.00,371.00,378.00,1998
2012-10-30,374.00,380.95,368.25,373.00,807
2012-10-31,366.00,391.00,366.00,391.00,8543
2012-11-01,385.20,401.85,381.70,386.00,849
2012-11-02,385.00,385.05,381.00,384.00,1291
2012-11-05,381.50,389.00,375.00,375.00,1097
2012-11-06,365.00,384.80,365.00,374.90,643
2012-11-07,375.00,382.00,375.00,380.00,2044
2012-11-08,371.05,381.85,371.05,374.10,1319
2012-11-09,376.95,379.95,369.65,375.00,4674
2012-11-12,373.85,383.75,369.30,371.15,3539
2012-11-13,379.35,379.35,355.00,360.05,2922
2012-11-15,361.65,371.70,357.00,358.90,1430
2012-11-16,358.25,364.90,346.00,348.20,19577
2012-11-19,351.20,355.00,337.00,337.00,13103
2012-11-20,351.20,351.20,340.00,341.95,643
2012-11-21,345.00,346.90,335.60,340.00,11725
2012-11-22,345.70,350.00,340.00,349.90,600
2012-11-23,346.00,349.70,338.05,349.45,43094
2012-11-26,338.55,346.00,338.00,338.05,12747
2012-11-27,340.00,341.90,336.00,340.00,8830
2012-11-29,337.00,347.30,337.00,340.45,224926
2012-11-30,341.00,341.00,332.70,339.20,36861
2012-12-03,340.00,340.00,334.00,334.00,1609
2012-12-04,340.00,340.00,328.05,330.55,14272
2012-12-05,337.25,338.00,334.00,338.00,600
2012-12-06,361.15,361.15,326.30,342.85,697
2012-12-07,342.00,348.00,330.30,338.40,58132
2012-12-10,333.75,345.90,332.00,340.00,51888
2012-12-11,340.00,340.00,330.00,332.90,81323
2012-12-12,336.70,341.95,327.00,329.00,5419
2012-12-13,335.00,335.80,327.25,330.25,402
2012-12-14,330.15,331.00,324.15,328.70,673
2012-12-17,332.25,333.70,321.50,322.75,1233
2012-12-18,322.60,329.10,322.60,327.55,10130
2012-12-19,324.45,325.20,317.50,318.00,6248
2012-12-20,322.00,330.00,319.20,322.85,8680
2012-12-21,319.00,327.85,318.25,322.25,2698
2012-12-24,327.90,333.40,320.20,330.10,2666
2012-12-26,345.00,345.00,330.20,340.00,3413
2012-12-27,335.00,338.00,326.20,328.45,765
2012-12-28,336.85,345.00,332.00,333.25,1470
2012-12-31,334.40,339.00,325.10,328.05,3003
2013-01-01,338.00,339.35,329.55,332.95,990
2013-01-02,336.95,337.95,325.05,330.00,2201
2013-01-03,338.00,338.00,328.20,337.00,1451
2013-01-04,338.00,338.00,329.00,331.50,2903
2013-01-07,334.95,339.00,333.05,337.00,54083
2013-01-08,338.00,339.95,333.00,337.90,829
2013-01-09,332.00,339.50,331.80,336.05,752
2013-01-10,335.00,339.85,335.00,335.00,286
2013-01-11,312.00,340.00,310.95,336.20,2502
2013-01-14,340.00,344.00,334.00,336.05,102031
2013-01-15,335.00,336.00,331.15,334.00,3729
2013-01-16,338.00,338.00,328.05,330.00,153430
2013-01-17,334.45,337.70,326.80,332.90,1240
2013-01-18,333.00,336.20,330.00,333.50,1069
2013-01-21,336.00,336.05,328.00,328.10,3248
2013-01-22,338.25,338.25,327.10,327.10,752
2013-01-23,331.00,334.00,330.00,333.80,715
2013-01-24,331.00,338.00,328.00,330.25,1627
2013-01-25,333.00,337.60,327.90,335.10,1300
2013-01-28,335.00,337.00,326.80,328.00,2337
2013-01-29,328.15,333.50,325.00,330.00,875
2013-01-30,328.00,329.05,323.50,326.85,1466
2013-01-31,325.40,327.95,318.50,323.00,3608
2013-02-01,321.50,321.50,314.35,316.80,1258
2013-02-04,314.00,324.50,310.50,310.50,2598
2013-02-05,311.00,324.00,310.00,321.95,686
2013-02-06,312.00,324.00,310.10,312.85,726
2013-02-07,320.00,323.95,312.20,319.95,86518
2013-02-08,311.50,318.50,311.00,315.00,2184
2013-02-11,310.00,326.00,309.60,311.40,5596
2013-02-12,320.00,323.75,315.20,321.00,1518
2013-02-13,320.00,325.00,315.05,324.95,639
2013-02-14,321.05,323.20,315.45,315.75,1202
2013-02-15,318.00,318.00,314.00,314.00,1101
2013-02-18,317.95,328.00,316.50,326.00,1641
2013-02-19,320.00,326.00,317.00,326.00,836
2013-02-20,321.00,325.00,316.30,325.00,1245
2013-02-21,326.00,326.00,320.00,323.00,1713
2013-02-22,321.00,324.00,317.00,323.50,297
2013-02-25,321.00,323.95,317.50,319.00,811
2013-02-26,318.00,322.00,315.50,316.60,9035
2013-02-27,315.50,320.00,315.50,317.25,140
2013-02-28,320.00,324.95,316.55,319.75,2245
2013-03-01,312.05,318.00,312.05,317.00,1163
2013-03-04,314.00,319.90,314.00,317.00,1360
2013-03-05,317.00,319.95,315.05,316.50,142
2013-03-06,319.90,323.90,319.00,323.90,881
2013-03-07,320.35,324.00,316.80,323.00,856
2013-03-08,320.05,323.00,319.15,319.25,146
2013-03-11,320.50,324.60,320.00,323.00,1002
2013-03-12,321.00,324.00,321.00,321.70,961
2013-03-13,322.00,323.80,319.00,321.00,1209
2013-03-14,318.50,326.15,316.15,325.95,3276
2013-03-15,325.00,329.00,320.50,321.05,4090
2013-03-18,329.70,329.75,316.25,316.95,128
2013-03-19,317.30,324.90,315.00,324.50,6255
2013-03-20,316.00,321.80,315.10,320.95,16291
2013-03-21,320.95,321.95,315.00,320.00,429953
2013-03-22,310.00,320.00,309.85,315.00,17020
2013-03-25,320.00,321.00,315.00,318.00,19017
2013-03-26,317.95,325.00,315.00,324.00,106647
2013-03-28,305.05,319.90,305.05,317.90,6887
2013-04-01,314.95,317.95,310.25,312.50,1194
2013-04-02,324.00,324.00,312.00,314.00,225
2013-04-03,310.50,325.00,305.00,310.00,833
2013-04-04,316.05,316.10,309.05,313.70,116
2013-04-05,308.05,310.00,307.90,310.00,263
2013-04-08,308.15,313.00,308.15,309.05,491
2013-04-09,310.80,312.00,308.00,312.00,247
2013-04-10,312.00,318.00,312.00,315.00,125533
2013-04-11,315.00,321.95,310.20,321.95,784
2013-04-12,310.00,316.20,307.05,314.25,4674
2013-04-15,318.00,320.00,305.00,320.00,7223
2013-04-16,300.00,317.65,300.00,306.65,175403
2013-04-17,302.00,314.40,300.00,305.00,485
2013-04-18,310.00,310.00,305.00,305.00,30
2013-04-22,307.00,317.00,307.00,308.00,379
2013-04-23,303.00,312.95,301.20,312.50,350540
2013-04-25,316.00,318.00,316.00,316.00,59450
2013-04-26,314.00,314.00,305.60,306.05,909
2013-04-29,303.00,319.30,303.00,317.75,584
2013-04-30,318.00,318.00,306.00,306.20,440
2013-05-02,305.00,312.70,305.00,309.00,1320
2013-05-03,301.60,309.95,301.60,309.95,439
2013-05-06,314.00,321.00,303.30,303.30,4156
2013-05-07,302.50,306.00,299.05,299.10,10366
2013-05-08,304.50,308.95,296.25,296.25,17318
2013-05-09,304.00,304.00,289.95,290.00,10092
2013-05-10,295.00,296.10,286.00,291.70,2504
2013-05-13,293.10,301.75,292.20,295.00,2295
2013-05-14,297.85,299.95,290.95,294.90,1481
2013-05-15,296.00,299.95,294.05,299.95,1541
2013-05-16,303.80,303.95,296.05,297.00,5678
2013-05-17,296.60,307.00,285.00,289.95,22701
2013-05-20,286.05,295.45,286.05,289.50,2364
2013-05-21,285.00,289.90,280.05,286.05,3217
2013-05-22,288.00,294.95,285.25,290.00,579430
2013-05-23,290.00,290.00,283.30,284.95,1925
2013-05-24,284.00,288.90,276.30,288.90,501959
2013-05-27,290.00,292.95,283.05,285.70,4244
2013-05-28,288.00,288.00,280.00,281.00,1473
2013-05-29,280.00,284.45,278.00,284.45,1521
2013-05-30,284.30,290.00,277.55,287.00,323648
2013-05-31,294.95,324.40,286.65,313.65,104114
2013-06-03,319.00,319.00,311.05,312.00,4468
2013-06-04,315.00,320.00,311.00,313.00,6951
2013-06-05,314.00,317.80,310.60,315.00,1587
2013-06-06,310.05,378.00,310.00,337.00,65858
2013-06-07,340.00,359.95,320.00,336.15,24527
2013-06-10,330.00,349.00,330.00,347.50,10164
2013-06-11,347.00,349.75,341.00,347.00,10810
2013-06-12,344.05,348.00,341.00,347.00,27421
2013-06-13,340.00,345.00,330.05,330.10,7914
2013-06-14,335.15,341.00,320.75,325.00,1383
2013-06-17,344.00,344.00,323.05,330.00,2342
2013-06-18,330.00,334.55,322.00,322.05,1555
2013-06-19,324.80,330.00,322.00,322.00,1911
2013-06-20,320.05,327.95,311.60,327.95,75780
2013-06-21,320.05,327.50,320.00,325.00,16249
2013-06-24,324.10,345.00,322.00,322.00,105960
2013-06-25,325.70,328.15,320.00,322.00,12831
2013-06-26,322.00,326.10,305.00,325.00,3104
2013-06-27,322.00,330.00,316.05,323.00,3879
2013-06-28,318.15,347.85,318.15,341.00,23965
2013-07-01,349.00,349.00,325.00,329.50,1829
2013-07-02,322.00,326.00,304.00,323.00,982
2013-07-03,320.50,330.00,320.45,330.00,987
2013-07-04,330.00,330.00,323.00,325.00,2059
2013-07-05,321.15,327.00,321.00,325.00,792
2013-07-08,328.00,328.00,319.00,325.00,3637
2013-07-09,326.45,328.80,321.10,324.00,554
2013-07-10,324.00,327.85,321.00,321.00,1631
2013-07-11,320.05,323.15,317.00,317.35,679
2013-07-12,314.00,320.95,310.00,317.35,700
2013-07-15,321.00,321.00,315.05,319.00,121
2013-07-16,313.05,319.00,311.70,313.00,257
2013-07-17,310.05,316.00,310.05,313.85,337
2013-07-18,318.00,320.00,310.00,310.00,456
2013-07-19,311.00,315.90,307.00,307.00,1201
2013-07-22,307.55,309.95,303.50,305.00,682
2013-07-23,310.00,312.00,305.00,310.00,730
2013-07-24,310.00,312.95,310.00,310.00,8669
2013-07-25,305.00,311.55,305.00,308.00,7674
2013-07-26,313.00,350.00,296.40,298.00,1816
2013-07-29,302.95,303.00,293.05,297.50,167
2013-07-30,290.60,307.10,282.00,300.35,11600
2013-07-31,291.00,315.00,291.00,300.00,5316
2013-08-01,302.00,325.00,295.10,296.50,3078
2013-08-02,307.00,317.95,289.05,298.00,2391
2013-08-05,299.05,299.05,294.00,294.00,174
2013-08-06,290.05,294.00,285.00,290.00,628
2013-08-07,286.05,298.35,286.05,298.35,237
2013-08-08,298.00,303.35,289.05,302.00,973
2013-08-12,296.05,324.00,292.00,314.65,3560
2013-08-13,307.05,332.95,305.00,327.00,1941
2013-08-14,330.95,331.50,320.05,331.00,2495
2013-08-16,331.05,344.75,320.05,332.75,3802
2013-08-19,330.00,337.75,320.55,325.65,1183
2013-08-20,326.00,331.00,315.00,324.95,967
2013-08-21,327.00,333.65,312.00,312.00,425
2013-08-22,313.00,319.90,308.00,315.00,888
2013-08-23,319.85,319.90,312.10,313.30,486
2013-08-26,316.00,323.55,311.00,314.70,430
2013-08-27,316.00,319.85,305.50,306.00,1424
2013-08-28,305.00,319.50,301.00,310.00,841
2013-08-29,315.00,336.00,312.00,333.00,41432
2013-08-30,320.00,329.10,320.00,320.00,432
2013-09-02,330.00,341.05,326.10,336.00,2654
2013-09-03,332.05,333.00,315.10,324.95,758
2013-09-04,320.00,327.80,320.00,321.00,288
2013-09-05,320.05,329.00,320.00,329.00,1264
2013-09-06,322.50,328.00,322.10,322.15,67
2013-09-10,325.00,328.00,320.10,321.00,150396
2013-09-11,320.85,321.95,314.00,319.00,22737
2013-09-12,320.00,320.10,315.60,320.00,428
2013-09-13,320.95,321.00,316.15,320.00,1196
2013-09-16,325.00,328.00,319.85,320.00,1234
2013-09-17,320.00,330.00,315.05,315.05,505284
2013-09-18,319.90,323.95,318.50,320.00,24204
2013-09-19,320.05,321.00,318.00,320.00,2463
2013-09-20,317.50,324.00,317.15,320.05,1132
2013-09-23,322.00,325.50,320.00,322.70,1678
2013-09-24,323.50,326.65,320.05,323.85,1036
2013-09-25,320.05,326.30,320.00,325.05,2185
2013-09-26,326.95,326.95,321.10,326.90,1555
2013-09-27,325.00,325.00,320.00,320.00,19056
2013-09-30,320.10,323.75,313.00,317.95,15244
2013-10-01,313.50,324.00,305.10,321.50,14367
2013-10-03,317.15,340.00,317.10,338.00,20904
2013-10-04,338.00,350.00,333.15,340.25,23891
2013-10-07,336.00,356.00,336.00,355.00,14986
2013-10-08,354.00,358.00,346.90,355.00,108237
2013-10-09,352.00,374.00,350.10,364.15,17705
2013-10-10,365.00,373.85,364.05,366.00,4090
2013-10-11,373.00,411.70,362.05,395.25,140686
2013-10-14,392.00,409.80,388.10,389.20,26410
2013-10-15,389.00,394.00,372.25,378.85,138469
2013-10-17,370.05,385.95,370.05,381.95,23839
2013-10-18,371.30,376.75,370.05,374.75,2763
2013-10-21,375.10,384.80,375.10,383.95,15073
2013-10-22,380.00,392.45,380.00,390.00,173538
2013-10-23,390.00,390.00,380.50,381.00,1681
2013-10-24,381.00,393.80,381.00,385.00,114983
2013-10-25,394.45,394.50,381.85,382.00,6442
2013-10-28,381.00,386.20,378.10,384.00,1764
2013-10-29,373.35,385.00,373.35,385.00,1965
2013-10-30,386.00,389.90,385.00,386.35,4669
2013-10-31,389.00,389.00,385.00,388.40,39114
2013-11-01,388.25,463.90,375.05,423.70,456043
2013-11-05,455.95,458.90,436.20,454.95,101501
2013-11-06,454.20,454.20,426.00,433.00,61941
2013-11-07,423.00,433.90,418.00,424.00,20418
2013-11-08,414.00,435.00,413.05,426.00,31422
2013-11-11,447.00,447.00,422.00,423.20,6008
2013-11-12,420.00,425.00,410.00,412.00,14037
2013-11-13,415.00,420.00,415.00,418.10,56050
2013-11-14,415.05,429.40,404.00,415.00,131760
2013-11-18,424.90,424.90,415.00,419.00,11371
2013-11-19,420.55,423.90,411.70,420.20,9497
2013-11-20,423.75,423.80,406.65,410.00,21531
2013-11-21,405.00,421.00,405.00,410.00,20750
2013-11-22,419.95,419.95,409.95,410.00,13990
2013-11-25,422.75,422.75,410.00,412.00,5064
2013-11-26,408.00,418.65,408.00,412.05,15439
2013-11-27,410.05,417.45,406.10,406.35,21940
2013-11-28,405.05,412.00,405.05,412.00,5729
2013-11-29,410.30,441.00,410.25,420.00,97467
2013-12-02,424.25,440.50,424.20,430.00,142952
2013-12-03,432.00,435.25,427.00,429.70,61758
2013-12-04,442.00,442.00,424.00,427.60,14031
2013-12-05,428.05,438.00,415.10,423.00,237160
2013-12-06,432.55,452.00,422.85,440.15,482141
2013-12-09,447.90,468.80,441.05,447.05,151509
2013-12-10,446.75,455.00,436.00,455.00,83665
2013-12-11,455.00,462.70,440.10,456.25,374385
2013-12-12,459.65,464.70,451.00,457.00,39171
2013-12-13,458.00,459.50,446.20,450.10,17485
2013-12-16,452.00,484.50,452.00,462.50,131119
2013-12-17,468.90,469.00,462.00,465.00,26580
2013-12-18,458.50,478.40,441.10,467.00,35089
2013-12-19,469.70,494.00,469.70,474.10,163482
2013-12-20,481.90,488.00,466.10,475.00,76751
2013-12-23,474.00,484.90,470.20,481.05,38575
2013-12-24,485.70,495.00,478.00,479.00,76062
2013-12-26,481.00,484.95,471.25,476.55,26641
2013-12-27,475.70,489.70,475.50,480.05,51654
2013-12-30,478.00,488.00,476.00,481.90,35807
2013-12-31,487.35,487.35,478.05,478.10,35533
2014-01-01,477.00,486.00,475.00,475.90,21802
2014-01-02,476.00,481.50,457.50,458.55,42174
2014-01-03,459.10,468.50,447.65,462.00,88672
2014-01-06,460.05,477.50,460.00,474.60,15310
2014-01-07,466.00,477.00,464.50,467.00,6810
2014-01-08,462.00,469.75,461.00,462.95,14144
2014-01-09,459.00,474.00,456.00,470.00,20915
2014-01-10,472.90,494.00,467.00,487.50,62761
2014-01-13,495.00,495.00,480.70,480.70,26109
2014-01-14,484.75,491.80,480.55,489.80,12261
2014-01-15,482.20,510.25,482.20,508.10,243573
2014-01-16,513.60,520.65,504.05,508.50,64750
2014-01-17,510.00,515.00,495.00,500.20,173014
2014-01-20,505.45,505.50,492.00,498.70,15099
2014-01-21,504.00,528.00,487.00,517.50,57618
2014-01-22,519.95,531.70,515.55,524.25,191688
2014-01-23,528.40,538.00,509.80,522.10,295805
2014-01-24,516.65,523.95,504.40,513.00,108159
2014-01-27,512.00,529.40,495.65,505.40,284035
2014-01-28,500.00,512.40,494.00,496.70,68896
2014-01-29,500.60,511.00,499.00,502.90,17448
2014-01-30,500.35,510.00,495.00,510.00,82158
2014-01-31,510.95,517.75,505.00,515.00,222227
2014-02-03,515.10,555.00,507.05,523.25,106251
2014-02-04,523.25,581.55,515.15,566.00,217942
2014-02-05,569.40,575.10,536.60,543.00,153984
2014-02-06,546.15,558.00,519.05,525.00,61254
2014-02-07,529.70,542.60,522.10,536.10,22190
2014-02-10,538.90,543.00,526.60,534.00,15210
2014-02-11,530.00,562.40,528.80,558.75,82286
2014-02-12,555.70,570.00,551.30,555.90,42943
2014-02-13,558.65,570.00,547.00,565.50,31293
2014-02-14,569.95,570.05,558.00,565.75,13889
2014-02-17,570.00,571.00,550.00,554.50,9776
2014-02-18,560.70,570.05,556.00,569.10,31411
2014-02-19,570.00,575.00,565.50,570.25,32925
2014-02-20,571.00,571.05,555.10,562.55,13008
2014-02-21,562.00,568.80,558.00,560.20,4033
2014-02-24,561.00,573.95,559.50,567.95,13108
2014-02-25,564.00,573.00,545.30,551.05,31341
2014-02-26,557.95,558.75,550.00,555.20,53410
2014-02-28,559.95,570.00,554.00,568.55,12090
2014-03-03,565.50,570.00,549.00,554.35,253712
2014-03-04,560.00,587.00,552.85,569.45,374148
2014-03-05,570.00,576.00,559.25,569.10,144731
2014-03-06,579.25,580.00,562.05,568.90,178231
2014-03-07,575.00,575.00,562.30,567.85,25910
2014-03-10,573.80,573.80,560.10,563.75,16329
2014-03-11,564.00,570.10,562.55,566.60,20372
2014-03-12,565.00,567.00,550.05,562.30,6671
2014-03-13,561.00,563.30,554.50,559.90,24263
2014-03-14,555.05,568.00,530.00,559.90,10589
2014-03-18,560.00,570.05,558.00,569.50,28197
2014-03-19,572.90,572.90,560.00,567.50,29104
2014-03-20,566.45,567.55,553.00,558.95,18306
2014-03-21,569.00,569.00,552.95,555.95,8439
2014-03-24,559.95,568.75,551.00,553.65,17145
2014-03-25,550.30,552.75,536.00,546.10,14136
2014-03-26,555.00,559.80,536.50,543.60,100190
2014-03-27,548.15,555.00,540.00,545.10,20272
2014-03-28,545.55,570.00,526.05,544.65,289733
2014-03-31,547.70,564.95,547.70,558.85,53726
2014-04-01,560.65,560.75,540.30,543.50,116555
2014-04-02,547.00,552.00,537.10,548.00,102287
2014-04-03,553.95,562.00,538.00,539.90,252931
2014-04-04,544.85,553.70,538.00,549.70,135372
2014-04-07,548.00,559.00,538.90,550.80,592924
2014-04-09,561.45,564.00,543.00,555.30,64086
2014-04-10,556.95,563.00,550.00,560.95,34440
2014-04-11,561.00,579.90,561.00,569.95,172865
2014-04-15,574.30,578.90,560.25,570.05,24282
2014-04-16,565.05,577.00,565.05,570.10,74123
2014-04-17,575.00,576.75,565.00,570.10,57830
2014-04-21,572.00,601.80,570.00,593.25,131462
2014-04-22,598.00,609.00,595.50,605.05,75121
2014-04-23,602.00,608.00,601.75,606.25,28070
2014-04-25,609.70,621.90,592.05,605.45,49006
2014-04-28,608.20,619.90,607.05,614.20,22525
2014-04-29,614.15,617.65,594.30,608.20,137743
2014-04-30,613.00,613.25,580.10,603.55,198864
2014-05-02,608.00,613.65,600.00,610.20,23321
2014-05-05,610.00,613.70,601.25,611.60,305903
2014-05-06,605.20,665.95,596.10,638.45,233846
2014-05-07,649.55,675.00,640.00,645.60,112318
2014-05-08,650.75,654.70,625.70,641.85,24037
2014-05-09,642.60,649.70,624.00,633.20,21975
2014-05-12,634.00,650.00,621.05,623.90,19209
2014-05-13,624.65,633.00,612.05,620.00,24337
2014-05-14,621.00,626.85,605.00,611.05,146762
2014-05-15,611.80,615.70,600.00,609.30,21204
2014-05-16,629.60,650.00,585.00,596.95,153198
2014-05-19,614.00,621.00,582.10,587.45,47039
2014-05-20,596.40,670.00,589.95,646.50,484142
2014-05-21,666.40,695.00,645.00,673.30,541060
2014-05-22,678.40,720.00,672.15,710.60,457636
2014-05-23,718.35,744.00,712.15,725.85,402088
2014-05-26,737.95,789.80,730.00,772.25,193188
2014-05-27,782.35,804.00,765.10,794.45,176548
2014-05-28,800.00,800.00,652.10,753.85,230534
2014-05-29,750.05,759.00,729.40,735.35,29915
2014-05-30,738.00,767.00,736.35,755.35,25786
2014-06-02,775.00,809.00,754.55,779.65,98484
2014-06-03,783.95,785.90,752.00,761.25,59850
2014-06-04,762.00,786.00,755.10,761.10,37182
2014-06-05,765.00,802.45,762.25,780.75,64234
2014-06-06,788.00,798.00,765.55,787.80,236012
2014-06-09,797.40,802.00,772.30,786.80,91563
2014-06-10,784.00,794.50,773.25,789.60,16623
2014-06-11,794.80,801.00,773.50,782.00,27617
2014-06-12,770.00,796.00,770.00,785.70,18546
2014-06-13,778.10,810.00,771.00,780.70,25627
2014-06-16,771.35,792.00,761.00,780.95,9072
2014-06-17,785.00,822.80,771.00,802.00,48436
2014-06-18,804.00,859.90,795.95,820.50,166859
2014-06-19,829.00,837.90,803.25,814.60,50606
2014-06-20,802.35,822.45,802.35,806.45,44826
2014-06-23,806.50,825.00,802.00,815.90,58841
2014-06-24,822.00,822.00,802.15,807.50,72817
2014-06-25,806.10,819.00,790.10,796.95,52419
2014-06-26,791.55,806.70,790.20,800.35,86205
2014-06-27,800.00,807.00,786.40,791.00,14908
2014-06-30,797.00,804.90,771.00,776.40,111670
2014-07-01,777.00,780.00,765.00,769.60,48876
2014-07-02,780.75,808.00,770.10,784.75,358178
2014-07-03,792.45,792.45,765.10,767.90,32478
2014-07-04,770.00,790.00,770.00,777.75,64261
2014-07-07,780.00,785.00,762.00,773.05,15849
2014-07-08,776.50,806.90,765.00,773.35,98069
2014-07-09,772.00,789.00,734.30,746.85,64002
2014-07-10,740.00,773.60,701.60,728.55,181337
2014-07-11,722.25,745.00,712.50,727.25,174668
2014-07-14,727.00,733.65,712.25,728.95,86308
2014-07-15,730.00,743.50,722.55,731.70,248066
2014-07-16,736.95,736.95,726.30,728.00,211587
2014-07-17,724.00,735.00,721.20,733.60,252411
2014-07-18,738.95,738.95,723.00,726.15,206256
2014-07-21,729.00,730.00,703.05,716.55,268632
2014-07-22,720.20,731.00,710.00,720.25,625692
2014-07-23,722.00,725.00,714.50,717.70,358855
2014-07-24,719.85,764.10,717.05,749.40,505477
2014-07-25,754.90,798.00,752.55,765.05,328203
2014-07-28,769.50,777.00,756.00,760.05,142001
2014-07-30,764.10,780.00,742.05,772.15,57219
2014-07-31,773.95,793.80,761.25,779.70,101430
2014-08-01,763.50,807.00,762.00,781.50,147899
2014-08-04,788.95,807.30,732.65,769.60,550183
2014-08-05,774.00,776.95,741.00,763.75,189227
2014-08-06,756.10,798.90,753.00,785.35,122608
2014-08-07,785.35,790.00,767.50,782.25,170413
2014-08-08,773.95,780.00,760.00,771.10,542221
2014-08-11,779.70,792.00,771.00,781.65,301199
2014-08-12,781.95,785.00,768.00,779.50,36279
2014-08-13,788.00,788.00,764.00,769.40,34391
2014-08-14,761.70,797.00,758.20,787.40,35619
2014-08-18,780.00,874.30,780.00,838.40,389300
2014-08-19,844.90,856.50,806.00,836.25,123877
2014-08-20,839.80,858.75,830.50,853.60,113143
2014-08-21,871.50,893.00,868.05,876.20,254047
2014-08-22,878.00,883.50,863.35,867.70,150582
2014-08-25,869.20,872.95,832.00,840.85,73757
2014-08-26,842.00,847.00,815.50,822.55,58660
2014-08-27,821.20,848.00,818.00,839.60,209558
2014-08-28,847.95,884.90,835.25,878.55,87611
2014-09-01,884.50,891.00,872.70,885.30,30561
2014-09-02,881.00,951.90,873.20,917.50,169280
2014-09-03,917.40,960.25,902.25,950.65,218544
2014-09-04,960.00,994.00,954.05,986.90,183290
2014-09-05,992.10,996.05,937.00,946.55,107954
2014-09-08,950.00,975.00,945.65,962.55,136309
2014-09-09,960.00,974.00,959.00,962.95,54499
2014-09-10,961.85,969.95,942.00,957.05,37842
2014-09-11,963.40,979.95,960.55,973.95,74636
2014-09-12,994.95,1031.70,980.70,1003.65,177023
2014-09-15,1003.65,1005.00,963.00,971.15,90814
2014-09-16,975.00,996.00,942.00,952.25,279912
2014-09-17,963.10,966.05,928.85,952.10,59484
2014-09-18,960.00,960.00,933.00,938.90,63420
2014-09-19,942.00,991.00,916.00,936.60,292896
2014-09-22,929.95,947.90,914.05,934.50,41298
2014-09-23,936.10,943.40,893.70,905.20,35760
2014-09-24,906.00,953.25,886.35,938.40,79563
2014-09-25,945.95,952.00,915.00,930.00,42081
2014-09-26,911.55,960.00,911.55,948.85,57803
2014-09-29,940.00,949.90,900.00,925.70,127416
2014-09-30,917.00,952.00,916.00,940.30,77339
2014-10-01,950.00,975.00,930.05,945.50,143144
2014-10-07,953.50,973.80,920.00,924.20,121276
2014-10-08,923.50,942.25,912.00,918.00,37312
2014-10-09,913.00,939.00,913.00,930.35,41619
2014-10-10,918.05,942.00,916.35,928.45,29149
2014-10-13,922.15,931.15,910.05,917.45,12585
2014-10-14,910.55,929.50,910.55,923.40,17089
2014-10-16,914.25,926.60,866.45,896.60,25906
2014-10-17,887.60,925.70,880.00,890.65,29051
2014-10-20,882.00,909.80,881.70,889.80,36083
2014-10-21,883.00,910.00,866.70,884.60,40174
2014-10-22,915.00,915.00,878.15,895.50,14287
2014-10-23,910.00,910.00,901.75,907.80,3987
2014-10-27,914.90,914.90,885.00,892.90,99648
2014-10-28,895.00,902.00,875.00,900.95,8264
2014-10-29,909.00,955.00,898.10,946.30,108083
2014-10-30,946.00,947.00,928.00,940.95,14838
2014-10-31,948.20,948.20,923.70,939.65,31185
2014-11-03,947.50,957.45,933.60,945.85,30739
2014-11-05,953.00,983.45,943.40,978.40,63404
2014-11-07,983.00,1018.70,965.00,988.30,113589
2014-11-10,1016.00,1032.05,958.50,972.10,208906
2014-11-11,979.95,1011.50,973.70,1002.15,67828
2014-11-12,1005.00,1090.00,993.55,1082.20,203383
2014-11-13,1096.80,1129.95,1066.60,1075.25,193637
2014-11-14,1083.65,1095.00,1050.00,1076.60,74232
2014-11-17,1080.00,1115.00,1075.00,1108.00,58634
2014-11-18,1116.85,1129.45,1092.05,1123.45,48914
2014-11-19,1125.00,1193.30,1124.95,1176.95,124875
2014-11-20,1189.80,1193.35,1128.00,1167.30,149464
2014-11-21,1178.00,1178.00,1130.00,1138.40,57640
2014-11-24,1138.00,1160.00,1130.20,1149.55,26841
2014-11-25,1145.00,1220.00,1121.25,1187.45,372155
2014-11-26,1196.05,1223.00,1140.00,1147.05,87333
2014-11-27,1157.95,1200.00,1130.20,1185.95,73786
2014-11-28,1191.00,1238.00,1152.65,1208.75,59162
2014-12-01,1201.00,1216.55,1130.10,1151.85,57395
2014-12-02,1159.95,1186.00,1155.90,1178.25,35551
2014-12-03,1173.00,1196.20,1165.00,1190.30,28566
2014-12-04,1190.00,1190.00,1125.20,1132.30,94339
2014-12-05,1139.60,1145.00,1100.00,1112.65,71568
2014-12-08,1104.10,1118.00,1050.35,1076.25,89490
2014-12-09,1060.00,1105.00,1046.50,1053.20,89034
2014-12-10,1050.00,1067.90,1043.15,1047.45,36994
2014-12-11,1043.15,1093.95,1043.15,1071.65,557052
2014-12-12,1080.45,1096.00,1080.00,1089.25,56558
2014-12-15,1080.00,1080.00,1047.95,1054.00,33415
2014-12-16,1043.50,1053.65,1025.05,1029.45,34368
2014-12-17,1021.50,1064.80,1007.55,1049.50,118680
2014-12-18,1070.00,1082.00,1052.80,1062.00,55296
2014-12-19,1069.00,1095.00,1040.15,1068.00,197244
2014-12-22,1070.00,1079.80,1049.55,1068.00,200062
2014-12-23,1060.10,1084.80,1021.00,1026.55,122675
2014-12-24,1031.85,1065.00,1026.00,1036.35,362331
2014-12-26,1030.00,1060.00,1012.10,1034.35,56916
2014-12-29,1041.00,1070.00,1038.00,1061.20,36660
2014-12-30,1061.20,1079.40,1061.20,1070.05,14681
2014-12-31,1063.00,1093.30,1057.25,1082.45,69092
2015-01-01,1082.30,1110.00,1069.20,1088.20,106514
2015-01-02,1085.00,1126.80,1085.00,1107.00,62698
2015-01-05,1114.00,1121.75,1100.00,1111.45,30575
2015-01-06,1100.45,1105.00,1065.00,1069.50,92172
2015-01-07,1050.00,1069.00,1006.80,1052.60,123885
2015-01-08,1092.00,1092.00,1016.10,1029.75,133772
2015-01-09,1039.65,1046.95,1005.15,1016.35,78091
2015-01-12,1020.00,1028.45,981.45,1008.25,117351
2015-01-13,1010.55,1039.00,992.50,1012.65,104945
2015-01-14,1019.70,1063.90,1016.50,1052.20,80473
2015-01-15,1070.00,1098.00,1070.00,1085.00,152943
2015-01-16,1088.00,1088.00,1050.00,1055.90,132178
2015-01-19,1077.70,1077.70,1032.00,1047.20,232839
2015-01-20,1051.00,1087.00,1051.00,1060.95,138339
2015-01-21,1062.25,1110.00,1062.25,1107.30,154674
2015-01-22,1115.00,1179.75,1113.00,1172.05,315829
2015-01-23,1184.90,1189.40,1125.00,1138.60,94506
2015-01-27,1143.00,1154.30,1116.00,1136.00,136749
2015-01-28,1146.00,1165.00,1129.60,1159.75,65838
2015-01-29,1156.00,1158.00,1123.85,1138.00,70077
2015-01-30,1175.00,1175.00,1126.00,1137.50,74441
2015-02-02,1134.00,1149.95,1111.75,1119.35,36367
2015-02-03,1144.00,1155.00,1115.10,1147.25,84642
2015-02-04,1148.00,1158.95,1132.00,1140.10,96392
2015-02-05,1144.00,1144.00,1085.00,1091.50,87753
2015-02-06,1137.00,1154.00,1053.05,1069.15,186943
2015-02-09,1067.15,1075.00,1014.00,1045.40,165297
2015-02-10,1059.00,1068.00,1021.15,1030.95,57226
2015-02-11,1035.00,1049.40,1029.60,1040.40,246071
2015-02-12,1044.00,1046.00,1017.00,1031.75,146914
2015-02-13,1035.00,1055.00,1020.00,1045.35,140902
2015-02-16,1050.00,1052.20,1027.60,1033.10,72142
2015-02-18,1037.00,1061.95,1032.50,1052.65,115803
2015-02-19,1050.00,1069.00,1042.15,1051.00,43083
2015-02-20,1055.00,1093.70,1047.00,1082.05,94852
2015-02-23,1095.00,1112.00,1076.35,1087.15,128308
2015-02-24,1085.05,1109.00,1056.00,1088.45,27875
2015-02-25,1085.00,1113.00,1081.30,1093.80,72440
2015-02-26,1091.00,1121.00,1091.00,1113.05,73721
2015-02-27,1117.00,1178.00,1109.80,1149.70,86747
2015-02-28,1162.00,1170.00,1105.00,1134.80,35029
2015-03-02,1134.00,1156.30,1132.25,1149.45,81206
2015-03-03,1181.90,1189.00,1136.40,1145.05,60769
2015-03-04,1145.05,1180.00,1145.05,1175.05,84567
2015-03-05,1179.00,1215.80,1179.00,1194.15,130291
2015-03-09,1194.20,1216.70,1182.10,1206.65,57868
2015-03-10,1203.00,1264.00,1203.00,1230.55,148218
2015-03-11,1235.00,1263.00,1216.50,1256.65,88497
2015-03-12,1251.00,1284.00,1251.00,1269.40,162271
2015-03-13,1273.95,1299.90,1245.25,1262.55,127776
2015-03-16,1265.00,1297.90,1242.30,1288.30,69198
2015-03-17,1295.00,1308.90,1251.30,1281.75,57389
2015-03-18,1270.00,1323.95,1251.10,1295.60,121700
2015-03-19,1309.00,1310.05,1222.10,1244.75,41621
2015-03-20,1244.00,1364.20,1215.00,1264.40,397557
2015-03-23,1254.00,1269.90,1232.00,1238.95,38355
2015-03-24,1245.00,1245.00,1165.30,1184.10,41409
2015-03-25,1184.10,1195.50,1124.20,1167.45,147256
2015-03-26,1178.00,1260.00,1156.25,1222.45,132568
2015-03-27,1225.05,1252.85,1204.95,1245.20,57367
2015-03-30,1240.00,1258.85,1225.00,1241.00,24556
2015-03-31,1249.40,1345.00,1175.10,1252.55,119862
2015-04-01,1268.00,1268.00,1204.95,1214.10,48950
2015-04-06,1224.00,1255.00,1215.30,1240.10,58813
2015-04-07,1249.00,1249.95,1208.70,1215.70,95730
2015-04-08,1216.50,1250.00,1216.50,1234.95,45013
2015-04-09,1240.00,1265.00,1220.00,1247.45,56115
2015-04-10,1276.00,1283.00,1250.45,1255.85,66127
2015-04-13,1270.00,1279.90,1220.00,1225.60,54207
2015-04-15,1225.00,1249.00,1210.00,1230.20,28975
2015-04-16,1232.00,1235.00,1205.50,1215.80,71725
2015-04-17,1225.00,1248.00,1190.00,1197.45,73333
2015-04-20,1203.95,1225.00,1175.85,1209.50,39256
2015-04-21,1195.00,1210.00,1167.60,1180.65,100545
2015-04-22,1190.00,1190.00,1168.05,1173.30,24320
2015-04-23,1185.00,1185.00,1131.00,1136.80,58467
2015-04-24,1143.80,1148.40,1053.50,1066.30,113417
2015-04-27,1077.00,1090.00,1000.00,1005.35,247410
2015-04-28,1000.05,1073.80,977.15,1050.10,170099
2015-04-29,1050.10,1165.00,1050.00,1148.35,69520
2015-04-30,1140.50,1195.00,1110.25,1150.60,43420
2015-05-04,1151.00,1217.85,1148.40,1209.25,38070
2015-05-05,1208.50,1208.50,1167.00,1178.65,110282
2015-05-06,1186.50,1186.50,1040.50,1093.45,138864
2015-05-07,1090.00,1150.00,1067.20,1082.95,63327
2015-05-08,1080.00,1131.00,1080.00,1113.90,54197
2015-05-11,1123.05,1160.00,1088.10,1155.15,71858
2015-05-12,1145.00,1150.05,1108.50,1112.85,18678
2015-05-13,1115.00,1159.00,1085.30,1151.50,33111
2015-05-14,1125.00,1164.80,1111.00,1156.75,28387
2015-05-15,1156.00,1188.70,1135.20,1182.50,49553
2015-05-18,1183.00,1195.00,1163.00,1190.45,29030
2015-05-19,1197.50,1230.00,1182.40,1187.10,128476
2015-05-20,1170.00,1197.60,1131.05,1138.80,85657
2015-05-21,1140.10,1150.00,1056.00,1066.00,97278
2015-05-22,1066.10,1075.00,991.00,1040.80,332691
2015-05-25,1045.00,1068.30,1028.50,1047.95,126020
2015-05-26,1047.00,1051.00,1017.00,1036.90,57476
2015-05-27,1040.00,1040.00,1002.60,1013.15,423419
2015-05-28,1024.00,1035.00,1002.10,1007.80,178735
2015-05-29,1022.25,1029.00,1008.00,1017.40,103203
2015-06-01,1025.00,1030.00,1000.05,1002.80,95018
2015-06-02,1009.00,1016.00,991.80,998.00,79067
2015-06-03,1001.05,1001.05,962.45,966.95,99614
2015-06-04,966.95,999.50,950.00,988.95,74288
2015-06-05,989.00,998.90,954.40,975.80,34039
2015-06-08,978.90,978.90,925.50,937.80,156779
2015-06-09,938.25,977.70,938.25,963.55,32752
2015-06-10,970.00,982.00,967.80,979.30,23939
2015-06-11,994.90,994.90,971.10,978.55,131699
2015-06-12,978.00,990.00,959.00,971.55,55641
2015-06-15,975.00,994.00,971.00,989.55,73767
2015-06-16,990.25,995.00,965.10,972.85,188581
2015-06-17,970.00,978.30,961.00,968.00,155083
2015-06-18,972.00,1000.00,972.00,986.75,241244
2015-06-19,981.40,1029.95,975.00,1012.95,373610
2015-06-22,1022.00,1037.25,1007.20,1017.30,221177
2015-06-23,1010.00,1020.00,995.00,1002.95,105064
2015-06-24,1004.95,1016.95,991.10,998.70,73927
2015-06-25,999.00,1023.00,990.00,1000.75,93579
2015-06-26,1015.00,1025.05,975.40,983.25,183284
2015-06-29,980.00,984.45,960.00,973.15,47709
2015-06-30,965.05,1020.05,965.05,1007.30,171446
2015-07-01,1013.90,1019.50,992.40,1008.00,52862
2015-07-02,1018.95,1018.95,1008.00,1014.45,32864
2015-07-03,1020.00,1049.00,1014.00,1035.25,146869
2015-07-06,1034.00,1034.00,1012.85,1019.70,83030
2015-07-07,1033.00,1040.00,1005.00,1015.75,49491
2015-07-08,1005.30,1009.80,975.00,991.20,54996
2015-07-09,991.20,1020.05,989.95,1001.20,86149
2015-07-10,1004.00,1013.85,996.90,1004.55,28060
2015-07-13,1000.00,1012.55,995.55,1000.30,31771
2015-07-14,1001.05,1012.00,999.05,1004.90,16348
2015-07-15,1011.00,1015.00,996.60,1002.15,43841
2015-07-16,1002.25,1014.80,997.25,1000.85,156656
2015-07-17,1001.15,1009.70,1000.20,1003.65,34271
2015-07-20,1005.00,1006.20,989.45,993.70,161563
2015-07-21,994.95,1005.00,991.50,995.25,21227
2015-07-22,995.00,995.00,980.20,982.60,18895
2015-07-23,984.60,996.00,974.00,981.30,86066
2015-07-24,982.25,1009.90,975.70,999.95,52395
2015-07-27,999.70,999.70,965.70,980.70,23486
2015-07-28,978.05,993.80,971.10,975.40,16567
2015-07-29,978.00,1010.20,977.00,1002.30,33075
2015-07-30,1005.50,1019.00,990.00,993.25,26445
2015-07-31,992.95,1004.70,979.75,994.55,69633
2015-08-03,1030.00,1082.00,1014.00,1020.15,257315
2015-08-04,1027.40,1028.70,994.05,999.80,139131
2015-08-05,1008.40,1020.00,964.10,978.50,107578
2015-08-06,981.00,1002.00,979.00,992.00,48742
2015-08-07,997.00,1005.00,984.10,995.35,46809
2015-08-10,995.50,1016.00,995.35,1009.00,50392
2015-08-11,1006.05,1013.00,985.00,997.80,46706
2015-08-12,997.80,998.65,976.00,980.40,194087
2015-08-13,980.40,989.00,968.20,975.05,36458
2015-08-14,988.95,994.90,975.00,981.45,21869
2015-08-17,989.50,989.65,976.10,981.50,13061
2015-08-18,988.75,988.80,975.00,978.30,10334
2015-08-19,978.10,1000.00,961.95,992.95,78470
2015-08-20,995.00,995.00,981.10,984.90,26800
2015-08-21,982.00,982.00,960.00,968.00,34452
2015-08-24,950.00,974.00,921.00,941.85,194462
2015-08-25,940.00,958.85,902.05,916.15,85330
2015-08-26,928.00,928.00,906.50,910.30,57441
2015-08-27,916.05,930.00,891.00,897.95,104759
2015-08-28,905.30,923.40,900.00,910.80,129761
2015-08-31,919.70,925.00,902.00,917.15,20207
2015-09-01,920.00,920.00,902.00,910.95,24278
2015-09-02,905.00,910.05,890.80,901.75,58839
2015-09-03,901.00,937.30,901.00,920.05,69039
2015-09-04,928.00,928.00,907.50,916.05,22046
2015-09-07,929.95,929.95,900.00,911.20,11477
2015-09-08,910.50,919.95,894.05,910.70,11679
2015-09-09,934.00,942.00,911.30,916.25,12863
2015-09-10,912.00,943.00,900.05,938.75,25895
2015-09-11,945.00,968.85,940.05,961.80,28146
2015-09-14,975.00,1008.00,968.05,992.10,38487
2015-09-15,992.10,1004.90,965.00,969.15,15400
2015-09-16,977.95,990.00,936.25,970.35,25937
2015-09-18,970.15,988.95,943.10,949.25,87864
2015-09-21,965.00,969.00,947.00,958.75,23228
2015-09-22,959.95,967.00,945.20,950.70,37142
2015-09-23,959.00,960.90,940.00,954.35,64255
2015-09-24,973.75,999.00,953.00,975.50,66098
2015-09-28,975.50,983.50,951.00,961.65,48939
2015-09-29,954.00,954.00,929.00,947.35,18249
2015-09-30,946.80,1010.00,940.10,991.70,35837
2015-10-01,1008.50,1008.50,953.05,970.20,147894
2015-10-05,979.95,994.50,971.95,977.65,20154
2015-10-06,978.00,1022.00,966.05,970.60,193543
2015-10-07,974.05,1019.00,963.50,972.50,21973
2015-10-08,977.00,1010.00,952.25,999.45,151698
2015-10-09,1013.50,1028.85,1000.00,1012.35,62903
2015-10-12,1014.00,1034.90,1000.10,1003.30,15676
2015-10-13,1005.90,1018.95,973.20,977.80,13949
2015-10-14,985.00,1013.95,978.15,999.45,15275
2015-10-15,986.10,1023.00,985.05,1017.15,23773
2015-10-16,1007.00,1024.50,990.00,998.60,115066
2015-10-19,998.00,1019.85,983.00,1003.90,34892
2015-10-20,1004.00,1031.80,1003.50,1014.90,82273
2015-10-21,1021.00,1044.40,1004.00,1013.60,52796
2015-10-23,1040.00,1040.00,994.00,998.60,12266
2015-10-26,1001.20,1007.65,983.00,992.20,17899
2015-10-27,997.00,997.50,978.10,982.20,12112
2015-10-28,980.00,991.85,960.00,966.75,73747
2015-10-29,966.00,994.00,951.00,958.50,17931
2015-10-30,967.95,968.00,942.00,959.15,18221
2015-11-02,959.15,974.00,921.00,945.15,176612
2015-11-03,959.70,959.70,918.60,931.35,292048
2015-11-04,930.95,944.00,914.30,916.95,60315
2015-11-05,921.05,941.00,913.00,931.70,61705
2015-11-06,936.00,939.95,917.30,928.70,81549
2015-11-09,918.00,923.95,900.00,919.95,87235
2015-11-10,920.00,944.00,909.90,933.80,20910
2015-11-11,946.95,946.95,936.10,940.40,2258
2015-11-13,949.00,952.00,927.25,927.80,19160
2015-11-16,920.00,947.40,918.00,924.15,36722
2015-11-17,921.00,942.90,918.00,919.80,20440
2015-11-18,928.55,931.50,909.90,919.00,169575
2015-11-19,919.05,929.00,910.25,919.85,11892
2015-11-20,927.60,936.00,919.85,929.90,8242
2015-11-23,929.95,951.40,922.65,936.75,18803
2015-11-24,935.00,935.00,905.00,907.55,318049
2015-11-26,920.00,930.00,898.00,901.80,38144
2015-11-27,901.80,908.00,892.50,894.05,27872
2015-11-30,898.95,911.00,878.00,883.85,84113
2015-12-01,895.00,903.05,875.05,895.85,19724
2015-12-02,909.00,914.90,900.10,908.45,63721
2015-12-03,910.00,915.90,895.00,899.60,15507
2015-12-04,899.60,908.45,890.05,900.20,11135
2015-12-07,922.00,922.00,877.50,880.60,22901
2015-12-08,880.60,887.85,873.70,875.60,8724
2015-12-09,877.00,879.95,860.00,867.00,29659
2015-12-10,870.05,876.30,850.00,863.85,16320
2015-12-11,866.00,871.40,853.25,860.20,32427
2015-12-14,860.20,864.65,835.75,844.70,172623
2015-12-15,844.70,855.95,840.15,848.45,25882
2015-12-16,848.55,858.95,835.75,849.35,59384
2015-12-17,852.95,893.30,847.55,861.80,112955
2015-12-18,864.00,875.15,850.20,871.00,114250
2015-12-21,881.00,890.00,865.00,880.10,38756
2015-12-22,880.00,880.95,870.00,878.00,10540
2015-12-23,880.00,882.00,873.00,877.75,15163
2015-12-24,894.00,899.00,886.00,889.50,43110
2015-12-28,900.00,901.75,888.80,892.85,39416
2015-12-29,900.00,900.00,885.00,886.30,20222
2015-12-30,884.85,905.05,884.85,887.70,45342
2015-12-31,896.85,899.00,889.95,892.65,20953
2016-01-01,892.70,915.10,890.00,906.00,20848
2016-01-04,907.00,907.00,877.70,885.80,40185
2016-01-05,894.95,896.90,872.10,876.10,29739
2016-01-06,877.00,882.50,860.00,862.25,29105
2016-01-07,860.05,860.05,837.00,838.70,136578
2016-01-08,854.00,855.00,840.00,842.30,27529
2016-01-11,834.10,852.00,805.10,813.95,37635
2016-01-12,822.00,824.00,800.00,801.70,149136
2016-01-13,810.95,818.90,781.90,801.85,80014
2016-01-14,781.00,822.80,781.00,805.80,71313
2016-01-15,803.15,812.50,785.20,790.25,286700
2016-01-18,790.30,805.90,766.00,800.10,43624
2016-01-19,799.00,840.00,786.00,818.25,34061
2016-01-20,806.00,843.00,795.00,819.90,133735
2016-01-21,820.20,825.70,803.00,819.15,99063
2016-01-22,820.10,826.00,796.20,800.50,77261
2016-01-25,810.00,816.00,802.00,805.30,10271
2016-01-27,805.00,813.60,800.00,807.25,11519
2016-01-28,800.10,812.70,798.00,808.35,26898
2016-01-29,810.95,824.90,801.55,821.90,21222
2016-02-01,829.60,850.00,815.00,835.75,40960
2016-02-02,843.75,849.40,832.50,839.20,42257
2016-02-03,839.00,839.00,795.85,802.10,42037
2016-02-04,810.00,820.15,801.00,815.80,11106
2016-02-05,810.10,821.00,802.00,812.15,8968
2016-02-08,816.00,822.05,782.10,807.85,177561
2016-02-09,790.00,802.00,785.00,790.30,107573
2016-02-10,790.00,812.00,775.00,797.50,408997
2016-02-11,799.00,804.00,776.10,783.95,15032
2016-02-12,776.00,783.00,740.00,767.15,22323
2016-02-15,768.00,779.00,730.00,733.75,30324
2016-02-16,740.00,749.00,711.60,735.65,24054
2016-02-17,735.00,749.20,701.90,740.45,212545
2016-02-18,749.00,764.45,727.00,735.15,17206
2016-02-19,739.95,747.00,732.00,745.00,16077
2016-02-22,745.00,750.15,731.50,746.10,9214
2016-02-23,733.15,788.00,733.00,777.25,32146
2016-02-24,777.00,787.00,762.30,779.90,17066
2016-02-25,785.00,824.90,760.10,805.95,187027
2016-02-26,815.00,815.00,763.70,770.45,46525
2016-02-29,771.00,815.00,755.00,807.05,37630
2016-03-01,797.05,809.55,795.65,799.65,21962
2016-03-02,800.25,844.00,800.25,833.75,33010
2016-03-03,835.25,847.00,815.40,827.45,64147
2016-03-04,823.00,839.90,818.50,834.05,32823
2016-03-08,851.00,886.25,824.90,830.40,28223
2016-03-09,830.00,839.00,815.00,829.50,14249
2016-03-10,842.50,842.50,804.00,826.30,49511
2016-03-11,820.00,830.55,815.05,825.45,36729
2016-03-14,826.05,874.90,826.00,860.10,165683
2016-03-15,863.00,892.00,860.00,879.60,81110
2016-03-16,881.00,909.00,872.05,901.10,35527
2016-03-17,909.00,942.00,885.10,930.20,60788
2016-03-18,946.00,946.00,905.00,925.25,58939
2016-03-21,923.00,937.00,920.00,931.65,35972
2016-03-22,920.05,980.00,920.00,952.05,42844
2016-03-23,967.00,973.00,928.05,938.15,34102
2016-03-28,925.00,1074.70,925.00,994.20,106854
2016-03-29,972.00,993.00,950.05,962.45,58838
2016-03-30,984.00,984.00,942.00,949.05,138711
2016-03-31,944.00,974.70,930.00,939.80,57387
2016-04-01,938.00,977.95,936.90,960.45,77812
2016-04-04,946.00,964.00,946.00,957.55,24011
2016-04-05,959.50,965.00,948.05,951.15,16547
2016-04-06,940.00,957.90,940.00,951.50,10759
2016-04-07,953.95,955.00,945.00,950.10,33944
2016-04-08,954.90,954.90,941.05,950.00,75693
2016-04-11,950.00,965.00,945.00,955.85,59527
2016-04-12,955.85,994.35,953.75,977.00,25724
2016-04-13,990.00,1017.00,979.95,988.70,41567
2016-04-18,994.95,1044.00,980.00,1031.40,45897
2016-04-20,1031.40,1039.00,1015.00,1022.00,35603
2016-04-21,1029.00,1032.15,1002.05,1009.75,12595
2016-04-22,1006.05,1018.95,980.05,988.30,11652
2016-04-25,980.05,994.90,980.05,987.30,6722
2016-04-26,986.05,988.00,965.25,978.50,56702
2016-04-27,975.00,1000.00,969.95,992.90,65625
2016-04-28,996.05,1034.80,987.80,1023.80,27466
2016-04-29,1023.00,1025.15,980.25,990.90,95367
2016-05-02,989.80,1023.00,989.45,1017.35,25283
2016-05-03,1003.00,1025.00,998.00,1004.55,12918
2016-05-04,1003.85,1020.00,990.90,995.25,31090
2016-05-05,995.50,1008.15,970.10,979.40,18315
2016-05-06,975.00,983.00,962.50,966.10,11604
2016-05-09,967.50,988.00,965.00,967.30,15287
2016-05-10,982.00,982.00,958.50,976.20,10270
2016-05-11,976.00,984.95,962.10,965.15,8344
2016-05-12,960.00,982.00,959.95,972.80,9119
2016-05-13,976.05,980.00,959.60,972.50,15670
2016-05-16,974.05,974.80,950.00,952.95,13230
2016-05-17,955.00,964.50,937.00,939.90,25556
2016-05-18,948.00,948.45,936.00,937.60,14920
2016-05-19,934.60,962.80,933.55,958.75,8921
2016-05-20,935.00,978.90,928.00,932.90,14968
2016-05-23,944.00,944.90,927.00,930.85,22851
2016-05-24,936.05,937.55,921.85,928.80,3512
2016-05-25,934.00,955.00,914.05,919.65,80361
2016-05-26,935.00,958.00,926.00,937.15,104485
2016-05-27,947.00,949.95,937.00,937.90,57272
2016-05-30,941.90,949.85,935.60,939.25,24163
2016-05-31,941.00,959.60,937.00,941.20,34745
2016-06-01,954.95,980.00,941.00,958.40,56722
2016-06-02,965.00,1023.00,958.05,1001.55,150458
2016-06-03,1010.00,1011.60,990.05,1003.65,39219
2016-06-06,1006.65,1009.95,991.00,997.35,25189
2016-06-07,997.55,1023.00,992.55,1000.55,122060
2016-06-08,1000.10,1021.35,1000.10,1011.25,45867
2016-06-09,1002.05,1044.00,998.10,1029.60,207430
2016-06-10,1025.00,1039.35,1010.90,1027.15,67454
2016-06-13,1010.10,1020.00,998.35,1017.45,20007
2016-06-14,1010.55,1051.00,1008.00,1047.40,55313
2016-06-15,1047.05,1063.45,1047.05,1054.15,36428
2016-06-16,1041.55,1080.90,1035.10,1044.05,86618
2016-06-17,1051.00,1060.30,1021.15,1035.05,12095
2016-06-20,1034.70,1035.95,1006.55,1017.40,9500
2016-06-21,1010.05,1023.10,995.70,1016.80,29423
2016-06-22,1012.35,1020.40,1004.10,1007.20,24133
2016-06-23,1005.00,1016.45,992.60,997.30,10923
2016-06-24,977.00,1000.00,969.95,978.85,36046
2016-06-27,979.50,996.45,970.00,977.10,14519
2016-06-28,978.60,985.95,969.95,974.65,21520
2016-06-29,980.70,994.95,971.55,980.15,36848
2016-06-30,988.95,1035.90,974.70,1028.75,54036
2016-07-01,1030.00,1048.45,1029.90,1040.70,32309
2016-07-04,1033.00,1056.90,1030.00,1038.55,18833
2016-07-05,1038.55,1041.90,1020.55,1028.60,4879
2016-07-07,1005.00,1039.90,1005.00,1023.35,12096
2016-07-08,1023.85,1023.90,1005.10,1018.40,15537
2016-07-11,1023.00,1028.00,1006.45,1011.10,14030
2016-07-12,1017.95,1018.00,1000.00,1003.85,13799
2016-07-13,1009.15,1029.00,989.20,1011.90,32202
2016-07-14,1005.05,1020.00,992.00,1006.45,22577
2016-07-15,1005.00,1010.90,990.10,997.80,12541
2016-07-18,999.60,1009.20,991.30,1000.25,37912
2016-07-19,1009.50,1030.00,1002.25,1019.20,52408
2016-07-20,1026.00,1037.70,1008.05,1024.10,55730
2016-07-21,1025.00,1039.75,1020.90,1032.35,93269
2016-07-22,1039.90,1039.95,980.00,1023.65,254061
2016-07-25,1035.00,1040.00,1021.25,1035.30,92436
2016-07-26,1005.00,1045.05,1005.00,1037.50,12226
2016-07-27,1044.90,1044.90,1020.90,1034.00,10459
2016-07-28,1035.95,1041.00,1025.05,1028.05,4520
2016-07-29,1037.95,1037.95,1025.00,1029.00,7111
2016-08-01,1035.95,1045.00,1025.20,1040.85,6318
2016-08-02,1045.00,1048.00,1006.20,1017.95,17112
2016-08-03,1020.00,1040.00,1016.90,1032.50,12471
2016-08-04,1033.20,1057.70,1033.15,1051.05,52460
2016-08-05,1060.00,1060.05,1042.25,1056.95,12802
2016-08-08,1056.85,1066.00,1040.05,1046.30,7193
2016-08-09,1050.00,1074.50,1047.00,1066.60,12454
2016-08-10,1070.00,1114.00,1058.00,1105.50,63565
2016-08-11,1114.70,1160.00,1100.25,1151.10,112005
2016-08-12,1151.00,1186.15,1132.00,1175.45,81133
2016-08-16,1180.00,1230.00,1096.00,1216.20,135417
2016-08-17,1221.90,1275.00,1218.05,1251.35,61409
2016-08-18,1245.00,1315.00,1237.25,1303.00,71830
2016-08-19,1300.00,1329.00,1236.70,1274.70,75156
2016-08-22,1266.00,1266.00,1212.00,1221.40,37384
2016-08-23,1229.90,1240.00,1175.55,1205.30,79847
2016-08-24,1225.00,1225.00,1191.00,1200.45,16282
2016-08-25,1200.05,1211.80,1180.00,1186.90,11688
2016-08-26,1186.90,1196.95,1165.70,1176.75,18514
2016-08-29,1180.00,1259.95,1180.00,1251.35,83064
2016-08-30,1269.00,1294.95,1260.05,1284.95,55931
2016-08-31,1283.35,1288.35,1270.85,1281.55,21927
2016-09-01,1276.00,1294.95,1234.00,1251.40,26069
2016-09-02,1260.00,1285.95,1235.70,1242.65,18004
2016-09-06,1242.65,1315.00,1235.40,1259.70,48465
2016-09-07,1245.00,1289.00,1221.35,1230.25,19367
2016-09-08,1228.90,1244.35,1191.05,1201.50,17580
2016-09-09,1227.30,1230.00,1205.30,1222.75,32707
2016-09-12,1201.05,1215.10,1181.45,1186.55,14072
2016-09-14,1186.55,1198.30,1155.10,1162.60,17162
2016-09-15,1172.85,1178.00,1150.00,1156.15,20582
2016-09-16,1169.95,1194.00,1152.00,1172.90,44632
2016-09-19,1198.90,1209.45,1164.95,1175.45,7773
2016-09-20,1182.15,1182.30,1152.20,1158.20,7621
2016-09-21,1169.95,1169.95,1155.00,1160.00,25340
2016-09-22,1196.70,1196.70,1148.00,1154.75,12549
2016-09-23,1150.00,1219.00,1149.25,1193.10,23349
2016-09-26,1216.95,1220.15,1183.05,1202.80,46164
2016-09-27,1219.90,1278.00,1193.10,1247.60,46437
2016-09-28,1250.00,1298.40,1245.00,1282.70,71546
2016-09-29,1271.00,1312.90,1245.00,1284.75,86259
2016-09-30,1241.05,1312.00,1241.05,1289.45,39981
2016-10-03,1286.00,1327.00,1271.00,1311.40,57960
2016-10-04,1317.00,1357.00,1290.10,1320.30,336406
2016-10-05,1339.80,1340.00,1300.05,1308.00,31982
2016-10-06,1305.00,1317.90,1284.00,1304.25,37048
2016-10-07,1315.00,1315.00,1290.05,1295.25,48927
2016-10-10,1298.00,1298.05,1246.50,1260.00,61637
2016-10-13,1278.95,1293.95,1250.00,1278.65,46345
2016-10-14,1279.10,1290.00,1265.45,1281.15,9524
2016-10-17,1275.25,1290.00,1262.00,1283.35,8096
2016-10-18,1284.00,1284.00,1264.00,1270.60,9360
2016-10-19,1276.95,1313.05,1266.00,1289.90,42953
2016-10-20,1309.95,1309.95,1235.15,1261.00,95403
2016-10-21,1261.30,1269.95,1238.05,1249.85,16238
2016-10-24,1261.05,1279.80,1255.00,1262.05,30884
2016-10-25,1269.90,1269.90,1250.00,1253.50,18333
2016-10-26,1250.05,1258.00,1245.00,1249.05,13432
2016-10-27,1248.05,1277.80,1238.05,1263.70,28327
2016-10-28,1277.80,1300.00,1252.05,1292.80,22086
2016-11-01,1298.15,1310.00,1281.00,1293.70,12395
2016-11-02,1290.00,1305.00,1269.85,1291.65,17174
2016-11-03,1299.95,1299.95,1280.00,1282.20,3924
2016-11-04,1281.00,1281.00,1240.00,1245.95,13308
2016-11-07,1252.50,1279.00,1223.00,1238.55,19640
2016-11-08,1263.50,1286.15,1240.00,1280.35,17965
2016-11-09,1251.00,1289.00,1200.00,1242.85,115513
2016-11-10,1260.00,1273.95,1243.00,1249.60,9936
2016-11-11,1253.95,1253.95,1215.00,1220.15,111699
2016-11-15,1221.25,1282.00,1193.00,1235.50,60126
2016-11-16,1257.00,1270.00,1197.10,1206.60,17852
2016-11-17,1224.25,1250.00,1200.00,1240.15,137978
2016-11-18,1235.00,1262.00,1203.00,1239.10,37769
2016-11-21,1239.10,1240.00,1219.95,1225.65,25464
2016-11-22,1243.00,1244.00,1214.00,1230.40,67308
2016-11-23,1250.00,1250.00,1183.90,1196.65,150685
2016-11-24,1210.00,1249.00,1184.00,1205.85,159655
2016-11-25,1200.05,1275.00,1200.05,1269.40,333752
2016-11-28,1275.00,1354.90,1265.25,1327.45,43483
2016-11-29,1332.50,1345.00,1298.05,1324.85,294932
2016-11-30,1330.00,1341.00,1306.00,1334.75,16361
2016-12-01,1340.00,1355.00,1305.10,1320.10,74613
2016-12-02,1323.00,1323.00,1283.25,1293.00,7333
2016-12-05,1309.70,1310.00,1261.00,1267.80,15471
2016-12-06,1278.45,1283.95,1251.10,1260.75,139968
2016-12-07,1285.00,1285.00,1244.75,1267.60,23648
2016-12-08,1267.60,1295.55,1242.25,1269.40,76295
2016-12-09,1270.00,1291.85,1260.05,1285.40,108412
2016-12-12,1280.00,1280.00,1259.00,1267.55,7544
2016-12-13,1270.00,1275.00,1251.10,1267.55,18202
2016-12-14,1267.00,1290.00,1251.75,1264.70,27178
2016-12-15,1264.00,1294.00,1240.00,1276.90,357422
2016-12-16,1291.00,1346.80,1256.90,1316.80,59791
2016-12-19,1295.05,1306.05,1267.00,1287.35,48225
2016-12-20,1277.15,1312.00,1277.15,1302.10,22086
2016-12-21,1302.10,1315.00,1290.05,1305.55,77126
2016-12-22,1305.00,1314.70,1279.00,1284.90,13497
2016-12-23,1310.00,1310.00,1260.75,1275.20,20016
2016-12-26,1265.00,1268.85,1254.00,1263.55,6382
2016-12-27,1270.00,1272.00,1252.10,1263.30,10053
2016-12-28,1258.75,1284.95,1258.75,1272.25,12725
2016-12-29,1260.05,1278.00,1252.75,1259.00,10367
2016-12-30,1280.00,1314.75,1257.15,1296.10,29201
2017-01-02,1310.00,1325.00,1277.30,1319.25,20728
2017-01-03,1315.80,1317.00,1290.00,1292.40,19742
2017-01-04,1292.00,1324.90,1281.35,1299.95,66996
2017-01-05,1299.95,1303.90,1284.00,1293.85,15424
2017-01-06,1308.00,1308.00,1270.00,1271.65,51327
2017-01-09,1280.00,1304.65,1257.85,1283.55,32926
2017-01-10,1283.55,1302.30,1268.00,1291.80,36718
2017-01-11,1292.10,1320.90,1292.10,1316.05,26252
2017-01-12,1316.00,1439.00,1312.20,1396.75,359459
2017-01-13,1405.00,1413.35,1324.30,1353.10,160092
2017-01-16,1367.70,1380.00,1325.00,1353.35,48808
2017-01-17,1355.30,1367.00,1340.00,1349.15,24303
2017-01-18,1335.00,1364.45,1330.00,1340.85,27578
2017-01-19,1341.00,1395.00,1341.00,1389.45,67825
2017-01-20,1390.00,1400.00,1361.70,1368.25,89902
2017-01-23,1374.10,1374.10,1335.00,1354.25,40070
2017-01-24,1381.80,1381.80,1340.55,1373.00,45495
2017-01-25,1373.00,1402.80,1353.10,1398.20,303762
2017-01-27,1395.20,1408.40,1370.05,1397.10,48916
2017-01-30,1403.00,1403.00,1351.35,1362.80,21096
2017-01-31,1353.00,1368.50,1341.00,1354.35,17975
2017-02-01,1358.45,1370.10,1339.25,1344.20,17562
2017-02-02,1357.90,1358.70,1294.00,1300.40,37234
2017-02-03,1309.95,1379.00,1308.05,1368.80,37059
2017-02-06,1374.00,1400.00,1360.15,1384.60,23537
2017-02-07,1395.00,1395.00,1372.05,1380.45,15763
2017-02-08,1375.15,1375.15,1354.05,1356.80,9402
2017-02-09,1365.60,1374.00,1339.75,1342.55,15939
2017-02-10,1364.20,1373.60,1325.00,1366.95,16336
2017-02-13,1370.00,1397.60,1362.00,1383.65,110052
2017-02-14,1394.05,1442.00,1381.00,1413.60,112264
2017-02-15,1415.00,1460.05,1414.05,1450.55,120482
2017-02-16,1460.00,1581.90,1438.85,1549.90,302358
2017-02-17,1559.40,1559.40,1470.00,1505.80,74492
2017-02-20,1505.80,1515.00,1455.00,1470.95,80344
2017-02-21,1474.90,1485.10,1451.20,1480.60,206734
2017-02-22,1484.95,1485.05,1468.15,1482.00,26241
2017-02-23,1485.95,1485.95,1465.80,1475.70,71455
2017-02-27,1475.00,1485.00,1451.25,1479.00,41174
2017-02-28,1480.00,1485.05,1466.30,1480.95,27653
2017-03-01,1485.00,1485.00,1466.00,1478.30,38297
2017-03-02,1456.50,1483.00,1455.00,1469.50,38382
2017-03-03,1471.10,1479.30,1437.00,1443.90,20440
2017-03-06,1445.00,1464.90,1435.10,1459.60,57974
2017-03-07,1460.00,1485.00,1440.00,1477.45,35520
2017-03-08,1478.00,1483.20,1464.00,1473.65,93456
2017-03-09,1465.85,1482.70,1454.00,1464.75,25259
2017-03-10,1478.95,1489.10,1425.00,1453.30,51431
2017-03-14,1455.50,1485.00,1453.00,1479.10,28021
2017-03-15,1485.00,1485.00,1465.00,1479.65,10842
2017-03-16,1460.00,1524.50,1460.00,1495.10,65512
2017-03-17,1506.60,1510.10,1461.50,1503.90,45675
2017-03-20,1503.85,1549.00,1496.30,1524.75,71117
2017-03-21,1522.80,1535.30,1486.30,1512.55,28864
2017-03-22,1520.00,1525.00,1468.70,1506.70,59542
2017-03-23,1519.00,1525.05,1486.00,1501.40,17386
2017-03-24,1519.00,1526.00,1485.60,1507.90,59011
2017-03-27,1488.20,1517.15,1452.35,1482.90,91364
2017-03-28,1482.00,1675.00,1468.80,1529.85,57713
2017-03-29,1565.00,1589.80,1531.60,1556.40,129364
2017-03-30,1556.40,1588.95,1528.65,1553.40,77877
2017-03-31,1553.40,1650.00,1530.80,1587.85,86814
2017-04-03,1561.85,1600.00,1553.00,1588.75,49528
2017-04-05,1580.00,1593.00,1564.00,1574.15,47472
2017-04-06,1565.05,1580.00,1561.50,1571.65,54659
2017-04-07,1572.00,1572.05,1541.10,1548.70,22448
2017-04-10,1569.00,1569.00,1526.00,1534.75,15316
2017-04-11,1535.05,1549.25,1525.10,1534.80,22607
2017-04-12,1549.30,1549.65,1525.10,1547.55,10186
2017-04-13,1537.10,1544.25,1524.25,1528.80,8296
2017-04-17,1520.00,1542.45,1512.00,1524.75,9077
2017-04-18,1544.95,1544.95,1481.00,1488.90,36365
2017-04-19,1470.05,1535.00,1462.00,1514.65,35671
2017-04-20,1520.10,1551.00,1502.55,1529.55,32760
2017-04-21,1509.00,1529.70,1509.00,1521.60,11465
2017-04-24,1521.05,1552.90,1521.05,1539.65,16445
2017-04-25,1540.00,1550.00,1520.05,1533.25,21474
2017-04-26,1536.00,1546.00,1505.05,1531.75,25173
2017-04-27,1534.35,1535.75,1498.30,1510.45,24073
2017-04-28,1495.05,1540.00,1439.90,1507.00,96027
2017-05-02,1528.95,1550.00,1508.05,1541.00,21192
2017-05-03,1549.90,1549.90,1511.00,1529.25,22207
2017-05-04,1531.35,1542.90,1517.15,1536.25,14898
2017-05-05,1549.90,1550.00,1530.00,1539.40,31059
2017-05-08,1530.45,1537.05,1492.30,1505.15,19075
2017-05-09,1498.80,1510.00,1459.95,1492.25,44627
2017-05-10,1511.70,1545.00,1505.00,1523.45,53366
2017-05-11,1523.45,1544.45,1500.25,1508.80,28576
2017-05-12,1508.00,1518.00,1476.00,1486.20,18183
2017-05-15,1491.05,1531.30,1482.00,1509.55,45922
2017-05-16,1513.30,1525.00,1485.05,1505.65,58085
2017-05-17,1510.00,1522.95,1480.05,1488.85,34533
2017-05-18,1482.05,1482.05,1413.00,1421.25,93728
2017-05-19,1443.00,1448.70,1402.00,1419.10,17868
2017-05-22,1419.00,1457.80,1414.00,1446.70,18127
2017-05-23,1430.90,1436.30,1407.00,1413.90,35130
2017-05-24,1402.10,1414.95,1394.80,1400.00,20516
2017-05-25,1400.00,1400.00,1302.00,1346.50,153523
2017-05-26,1350.00,1394.90,1334.20,1385.70,66075
2017-05-29,1414.10,1475.80,1373.40,1430.05,50448
2017-05-30,1426.05,1470.00,1394.95,1442.00,60447
2017-05-31,1442.00,1498.00,1423.80,1472.05,141637
2017-06-01,1464.00,1464.00,1425.00,1443.85,40061
2017-06-02,1435.40,1489.00,1431.35,1480.90,16331
2017-06-05,1498.00,1498.00,1456.00,1464.35,33175
2017-06-06,1467.95,1468.00,1423.00,1432.35,21211
2017-06-07,1440.00,1452.85,1388.25,1404.00,53625
2017-06-08,1410.95,1411.00,1352.50,1378.65,142988
2017-06-09,1365.00,1370.00,1347.00,1358.35,119963
2017-06-12,1367.65,1375.00,1322.10,1346.65,76784
2017-06-13,1360.65,1360.65,1323.00,1350.10,127416
2017-06-14,1362.00,1369.00,1340.05,1355.55,60283
2017-06-15,1358.90,1432.85,1356.00,1425.25,131601
2017-06-16,1435.00,1450.00,1408.65,1422.00,63767
2017-06-19,1425.00,1425.00,1366.00,1380.10,65460
2017-06-20,1383.00,1401.20,1383.00,1394.20,58308
2017-06-21,1396.55,1400.00,1379.00,1395.05,16523
2017-06-22,1410.00,1410.00,1380.00,1384.95,26755
2017-06-23,1379.80,1397.20,1366.00,1381.85,120231
2017-06-27,1368.55,1377.30,1323.10,1347.05,72429
2017-06-28,1349.55,1369.00,1330.55,1354.80,121696
2017-06-29,1362.50,1389.15,1342.60,1384.30,173692
2017-06-30,1381.55,1399.00,1367.90,1395.30,17542
2017-07-03,1395.30,1397.55,1364.00,1391.45,17154
2017-07-04,1397.00,1397.00,1371.00,1385.50,6630
2017-07-05,1384.95,1430.00,1364.95,1414.20,105791
2017-07-06,1434.50,1441.00,1390.00,1422.95,330556
2017-07-07,1435.00,1442.00,1402.00,1417.90,87993
2017-07-10,1410.00,1436.80,1400.00,1419.50,2192
2017-07-11,1439.70,1439.70,1378.00,1384.10,37439
2017-07-12,1384.60,1433.75,1384.05,1424.40,44322
2017-07-13,1427.00,1456.00,1422.90,1436.25,26955
2017-07-14,1408.20,1434.80,1400.00,1409.65,19336
2017-07-17,1414.00,1432.45,1390.05,1394.20,14005
2017-07-18,1404.95,1408.95,1383.80,1392.10,47501
2017-07-19,1393.00,1425.00,1388.70,1395.10,76565
2017-07-20,1410.00,1410.00,1368.00,1372.45,47185
2017-07-21,1389.95,1389.95,1367.40,1375.80,9744
2017-07-24,1388.25,1414.00,1376.05,1409.60,89811
2017-07-25,1424.00,1435.00,1409.60,1428.05,18066
2017-07-26,1428.85,1479.00,1417.00,1461.35,52191
2017-07-27,1463.00,1463.00,1406.50,1429.70,31655
2017-07-28,1430.05,1458.80,1406.00,1455.30,6511
2017-07-31,1451.00,1461.95,1431.30,1450.30,9522
2017-08-01,1450.05,1485.50,1425.00,1472.70,12336
2017-08-02,1472.70,1472.70,1416.00,1422.75,87553
2017-08-03,1434.95,1438.00,1402.10,1411.90,14436
2017-08-04,1412.35,1445.00,1408.60,1437.65,7608
2017-08-07,1430.00,1464.20,1417.00,1439.75,21787
2017-08-08,1432.90,1469.00,1422.10,1464.80,11767
2017-08-09,1453.80,1464.90,1425.00,1434.30,5539
2017-08-10,1431.25,1431.25,1373.00,1382.95,11306
2017-08-11,1350.00,1399.00,1349.95,1388.25,8806
2017-08-14,1366.00,1429.00,1366.00,1406.05,15038
2017-08-16,1405.00,1419.75,1382.50,1399.05,32738
2017-08-17,1410.00,1410.00,1362.60,1400.30,185518
2017-08-18,1414.00,1419.00,1390.10,1414.90,33738
2017-08-21,1397.00,1425.50,1386.05,1415.60,7890
2017-08-22,1415.00,1423.90,1380.00,1384.65,7274
2017-08-23,1372.15,1394.55,1328.05,1333.85,95219
2017-08-24,1340.05,1353.85,1313.00,1345.35,61511
2017-08-28,1350.00,1350.00,1302.00,1310.25,105536
2017-08-29,1296.00,1312.85,1277.05,1301.35,84036
2017-08-30,1303.00,1320.00,1285.50,1292.15,138366
2017-08-31,1304.00,1326.70,1273.00,1311.10,178753
2017-09-01,1311.10,1321.00,1290.00,1315.15,45581
2017-09-04,1315.15,1318.00,1295.00,1314.35,33656
2017-09-05,1314.35,1325.50,1301.55,1316.85,12904
2017-09-06,1295.05,1316.00,1295.05,1302.75,13118
2017-09-07,1302.80,1311.25,1288.00,1294.05,40162
2017-09-08,1302.35,1315.00,1293.85,1312.60,11239
2017-09-11,1312.60,1320.00,1296.05,1305.95,47330
2017-09-12,1312.40,1324.00,1300.00,1318.65,24512
2017-09-13,1311.00,1321.00,1293.05,1307.35,100036
2017-09-14,1307.40,1318.90,1290.05,1295.45,26684
2017-09-15,1299.95,1323.00,1295.50,1306.55,91659
2017-09-18,1319.95,1349.10,1319.05,1338.35,40142
2017-09-19,1340.00,1359.70,1330.05,1348.10,16490
2017-09-20,1348.10,1388.70,1339.15,1379.05,22556
2017-09-21,1379.05,1405.00,1340.00,1381.75,16502
2017-09-22,1400.00,1400.00,1338.00,1355.05,31959
2017-09-25,1355.00,1367.25,1340.00,1357.45,19477
2017-09-26,1332.50,1363.70,1328.00,1334.70,17805
2017-09-27,1337.85,1354.05,1333.00,1343.90,13708
2017-09-28,1340.40,1346.15,1325.00,1329.90,8731
2017-09-29,1339.55,1346.30,1313.50,1328.70,18128
2017-10-03,1328.70,1397.90,1328.70,1386.00,21770
2017-10-04,1377.00,1408.95,1365.00,1399.25,20404
2017-10-05,1390.05,1406.60,1385.25,1400.05,38689
2017-10-06,1400.50,1401.00,1376.20,1383.65,7564
2017-10-09,1373.00,1419.00,1373.00,1405.95,12847
2017-10-10,1401.70,1412.00,1390.00,1396.20,16433
2017-10-11,1395.00,1439.15,1377.25,1426.75,26423
2017-10-12,1418.00,1431.90,1381.00,1389.45,21921
2017-10-13,1391.00,1410.00,1386.20,1400.90,13415
2017-10-16,1399.20,1422.00,1390.05,1416.20,11597
2017-10-17,1395.00,1422.20,1378.75,1397.25,19369
2017-10-18,1395.05,1423.00,1393.10,1408.75,13162
2017-10-19,1419.90,1425.00,1399.95,1407.55,2365
2017-10-23,1415.00,1415.00,1397.00,1405.05,24941
2017-10-24,1396.00,1414.00,1367.45,1376.40,16072
2017-10-25,1382.00,1390.15,1365.00,1383.05,15336
2017-10-26,1376.60,1390.00,1369.00,1380.20,10287
2017-10-27,1390.40,1398.95,1360.50,1374.50,10601
2017-10-30,1374.95,1397.00,1374.20,1381.75,12774
2017-10-31,1380.70,1397.00,1372.00,1376.60,24477
2017-11-01,1384.95,1389.95,1354.00,1365.50,15637
2017-11-02,1364.00,1384.90,1361.00,1366.60,17820
2017-11-03,1370.00,1384.40,1357.00,1377.15,17150
2017-11-06,1380.25,1387.75,1373.80,1383.30,5125
2017-11-07,1377.05,1394.00,1373.80,1389.50,5899
2017-11-08,1381.00,1445.00,1363.60,1431.45,87026
2017-11-09,1441.00,1463.70,1402.30,1417.00,30174
2017-11-10,1408.45,1427.45,1395.75,1401.45,3551
2017-11-13,1385.00,1416.00,1385.00,1410.15,5031
2017-11-14,1410.15,1444.95,1401.25,1435.30,26582
2017-11-15,1480.00,1480.00,1371.10,1384.30,103975
2017-11-16,1392.95,1411.40,1383.00,1404.60,27264
2017-11-17,1410.00,1419.40,1390.95,1392.65,30241
2017-11-20,1395.00,1404.90,1388.00,1390.80,11094
2017-11-21,1385.00,1427.75,1379.05,1421.20,20088
2017-11-22,1432.40,1460.00,1417.00,1446.65,21397
2017-11-23,1451.00,1505.00,1426.10,1444.60,741429
2017-11-24,1444.95,1468.70,1430.05,1440.75,16694
2017-11-27,1445.00,1445.00,1415.05,1427.00,8920
2017-11-28,1436.00,1444.00,1425.00,1428.45,10979
2017-11-29,1428.50,1460.90,1425.00,1452.05,22726
2017-11-30,1448.40,1484.85,1432.05,1473.55,123584
2017-12-01,1480.00,1489.90,1451.40,1480.30,49886
2017-12-04,1480.30,1484.00,1470.00,1480.00,20809
2017-12-05,1475.25,1499.00,1461.85,1491.25,22279
2017-12-06,1482.00,1520.00,1481.35,1501.15,83691
2017-12-07,1502.05,1518.90,1482.00,1503.90,17302
2017-12-08,1501.15,1510.00,1495.10,1504.20,19566
2017-12-11,1500.00,1541.80,1499.60,1527.75,25555
2017-12-12,1527.95,1564.00,1527.45,1559.70,43281
2017-12-13,1559.05,1590.00,1510.00,1572.50,80785
2017-12-14,1559.60,1611.35,1552.05,1591.95,57742
2017-12-15,1599.10,1655.95,1599.10,1650.45,116144
2017-12-18,1650.45,1709.75,1592.00,1670.45,54848
2017-12-19,1681.00,1700.00,1646.00,1653.70,22365
2017-12-20,1674.90,1678.95,1636.00,1649.90,145850
2017-12-21,1650.00,1675.85,1628.00,1651.35,8272
2017-12-22,1641.00,1664.00,1608.75,1620.55,24926
2017-12-26,1610.55,1640.00,1580.20,1590.25,47510
2017-12-27,1599.00,1599.00,1581.15,1589.70,12612
2017-12-28,1580.85,1593.05,1577.10,1580.20,62512
2017-12-29,1590.00,1590.00,1540.00,1550.35,33630
2018-01-01,1559.95,1559.95,1529.00,1536.65,69536
2018-01-02,1546.00,1546.00,1511.00,1525.40,6918
2018-01-03,1535.00,1550.00,1525.00,1539.75,72857
2018-01-04,1559.75,1585.00,1547.55,1572.40,10926
2018-01-05,1582.00,1625.90,1572.55,1597.75,124100
2018-01-08,1605.75,1615.00,1566.20,1576.60,20027
2018-01-09,1584.50,1600.00,1530.25,1556.95,14070
2018-01-10,1550.00,1625.05,1550.00,1608.60,40924
2018-01-11,1607.75,1625.00,1589.90,1616.35,38700
2018-01-12,1616.35,1658.20,1600.00,1641.10,20925
2018-01-15,1631.00,1649.95,1552.00,1567.35,44827
2018-01-16,1567.00,1608.00,1567.00,1575.05,25926
2018-01-17,1575.05,1597.30,1540.00,1582.15,30441
2018-01-18,1585.10,1619.80,1568.80,1581.10,15986
2018-01-19,1581.00,1618.00,1554.65,1599.80,29933
2018-01-22,1605.00,1616.05,1580.05,1593.30,11442
2018-01-23,1593.30,1613.65,1570.00,1577.85,4796
2018-01-24,1578.40,1617.00,1553.30,1584.85,14778
2018-01-25,1599.00,1615.00,1587.30,1600.45,40546
2018-01-29,1600.00,1622.35,1576.00,1590.80,63866
2018-01-30,1588.05,1588.30,1547.00,1564.15,24070
2018-01-31,1566.00,1570.00,1525.00,1535.85,27039
2018-02-01,1537.85,1540.15,1480.00,1500.60,48541
2018-02-02,1478.15,1505.35,1422.00,1428.90,117175
2018-02-05,1419.95,1469.00,1367.00,1450.55,63534
2018-02-06,1428.85,1451.00,1399.95,1433.75,278790
2018-02-07,1433.75,1462.35,1430.00,1444.95,71995
2018-02-08,1440.00,1450.00,1435.00,1440.70,77629
2018-02-09,1419.00,1454.65,1408.75,1446.70,117059
2018-02-12,1447.70,1479.90,1426.35,1451.45,21447
2018-02-14,1465.00,1475.00,1440.00,1468.20,47441
2018-02-15,1467.90,1472.45,1453.90,1464.70,10215
2018-02-16,1464.70,1465.00,1440.00,1450.05,22523
2018-02-19,1436.00,1470.00,1434.20,1463.25,10269
2018-02-20,1454.00,1456.50,1438.15,1441.50,4216
2018-02-21,1444.45,1465.95,1416.00,1461.45,18004
2018-02-22,1452.00,1493.95,1440.00,1484.55,37068
2018-02-23,1462.90,1486.80,1456.75,1474.25,11341
2018-02-26,1465.35,1470.00,1432.40,1449.45,24118
2018-02-27,1453.00,1463.05,1446.40,1452.65,23930
2018-02-28,1463.45,1463.45,1430.00,1439.60,22220
2018-03-01,1447.85,1455.45,1426.90,1443.50,4580
2018-03-05,1434.25,1442.95,1412.55,1414.85,6256
2018-03-06,1414.85,1452.95,1380.20,1401.95,8180
2018-03-07,1413.40,1413.40,1361.50,1370.50,9001
2018-03-08,1397.80,1449.00,1360.10,1425.80,19746
2018-03-09,1434.95,1455.00,1408.00,1446.30,8921
2018-03-12,1437.00,1451.00,1430.00,1442.95,11248
2018-03-13,1453.90,1453.90,1427.55,1447.90,8448
2018-03-14,1439.35,1439.60,1410.00,1424.15,11421
2018-03-15,1425.05,1451.00,1413.60,1437.90,3782
2018-03-16,1429.45,1429.45,1320.55,1347.05,55385
2018-03-19,1347.50,1373.00,1345.05,1354.95,61516
2018-03-20,1341.90,1435.00,1341.90,1393.60,42889
2018-03-21,1415.20,1422.00,1368.05,1401.60,30721
2018-03-22,1401.60,1420.00,1391.10,1406.90,9867
2018-03-23,1398.00,1420.00,1395.00,1403.65,114133
2018-03-26,1413.00,1444.00,1408.00,1414.30,9783
2018-03-27,1419.10,1441.00,1407.65,1438.00,54417
2018-03-28,1435.00,1466.25,1406.00,1441.40,6569
2018-04-02,1454.00,1454.00,1419.40,1441.90,30571
2018-04-03,1440.00,1443.65,1416.00,1424.00,12907
2018-04-04,1414.20,1446.00,1414.20,1439.85,7933
2018-04-05,1446.00,1459.90,1429.60,1450.00,14770
2018-04-06,1440.95,1450.40,1411.00,1429.35,42653
2018-04-09,1415.00,1415.00,1382.05,1409.70,79680
2018-04-10,1414.30,1418.70,1407.00,1411.90,47379
2018-04-11,1420.00,1420.60,1408.10,1415.85,30186
2018-04-12,1424.90,1424.90,1405.05,1416.30,12058
2018-04-13,1410.00,1423.90,1408.05,1420.15,39614
2018-04-16,1430.00,1439.90,1408.85,1429.70,35599
2018-04-17,1436.00,1440.00,1415.00,1423.55,16894
2018-04-18,1430.00,1430.00,1389.00,1413.55,48552
2018-04-19,1414.70,1440.00,1405.00,1436.45,8075
2018-04-20,1440.00,1440.00,1407.00,1415.10,12372
2018-04-23,1417.20,1433.45,1396.05,1417.60,20402
2018-04-24,1400.00,1432.30,1400.00,1425.05,5216
2018-04-25,1419.10,1421.85,1403.05,1404.55,11853
2018-04-26,1408.70,1429.00,1391.05,1413.35,14729
2018-04-27,1428.90,1440.05,1409.70,1435.65,29028
2018-04-30,1436.10,1448.00,1430.05,1443.85,20174
2018-05-02,1450.00,1450.00,1415.00,1418.40,11174
2018-05-03,1418.40,1427.75,1392.05,1417.30,9863
2018-05-04,1401.55,1420.40,1392.05,1409.00,9678
2018-05-07,1410.00,1443.85,1399.40,1440.10,7727
2018-05-08,1440.85,1454.00,1430.00,1447.70,17035
2018-05-09,1455.00,1455.00,1440.05,1449.70,10935
2018-05-10,1447.45,1447.45,1429.75,1439.35,19161
2018-05-11,1449.60,1470.00,1424.75,1462.35,22568
2018-05-14,1456.50,1468.00,1450.00,1464.10,37536
2018-05-15,1461.60,1480.00,1456.20,1470.00,4839
2018-05-16,1470.20,1520.90,1435.80,1510.25,178086
2018-05-17,1528.00,1608.40,1513.00,1566.85,160293
2018-05-18,1575.00,1600.00,1548.15,1564.40,103561
2018-05-21,1585.00,1585.00,1525.00,1534.70,28511
2018-05-22,1548.55,1560.35,1531.55,1559.40,51353
2018-05-23,1559.40,1562.95,1520.00,1557.95,24951
2018-05-24,1557.95,1600.00,1553.10,1560.10,28441
2018-05-25,1550.00,1574.05,1539.50,1565.85,84815
2018-05-28,1565.85,1604.95,1565.75,1578.70,25207
2018-05-29,1591.35,1625.95,1578.00,1583.45,82619
2018-05-30,1586.00,1605.00,1560.80,1575.00,19517
2018-05-31,1599.00,1599.00,1536.50,1542.25,33910
2018-06-01,1556.15,1580.00,1519.95,1562.20,6957
2018-06-04,1571.60,1578.35,1538.00,1555.40,90218
2018-06-05,1559.90,1563.85,1545.05,1554.95,12044
2018-06-06,1564.30,1564.30,1545.00,1549.85,17562
2018-06-07,1572.00,1592.00,1536.45,1548.85,98324
2018-06-08,1539.50,1553.95,1533.00,1545.65,38238
2018-06-11,1531.00,1565.00,1523.50,1548.20,22070
2018-06-12,1553.95,1560.00,1527.00,1550.05,17990
2018-06-13,1565.00,1565.00,1530.25,1538.45,23019
2018-06-14,1561.95,1598.00,1534.55,1570.90,186530
2018-06-15,1572.00,1602.75,1531.15,1549.60,35191
2018-06-18,1529.00,1547.85,1500.50,1513.00,12229
2018-06-19,1515.00,1551.75,1499.90,1538.00,81535
2018-06-20,1548.00,1571.10,1537.00,1549.55,42861
2018-06-21,1554.25,1554.25,1516.15,1545.55,65732
2018-06-22,1544.45,1550.00,1502.35,1518.60,187827
2018-06-25,1511.00,1540.00,1511.00,1532.75,8807
2018-06-26,1530.75,1530.75,1483.70,1509.25,13719
2018-06-27,1507.00,1521.95,1478.00,1480.15,48811
2018-06-28,1480.15,1496.50,1440.10,1489.55,53622
2018-06-29,1491.00,1507.50,1484.60,1500.10,30141
2018-07-02,1495.00,1539.90,1486.10,1524.00,11052
2018-07-03,1524.00,1532.70,1481.65,1515.65,62427
2018-07-04,1511.60,1570.00,1489.55,1549.45,134255
2018-07-05,1550.00,1564.65,1526.00,1550.40,8203
2018-07-06,1551.00,1569.00,1532.05,1541.60,5704
2018-07-09,1522.00,1589.00,1522.00,1580.65,10973
2018-07-10,1581.05,1624.30,1573.50,1610.50,13782
2018-07-11,1619.50,1708.00,1618.20,1647.05,178270
2018-07-12,1647.05,1668.10,1611.00,1632.70,13135
2018-07-13,1639.60,1640.20,1600.00,1606.20,16334
2018-07-16,1619.05,1625.80,1529.10,1541.35,23682
2018-07-17,1540.00,1598.40,1506.60,1589.55,11214
2018-07-18,1594.05,1634.40,1565.80,1605.30,8816
2018-07-19,1599.50,1614.55,1582.00,1597.70,6049
2018-07-20,1606.70,1614.50,1555.10,1599.95,26243
2018-07-23,1599.95,1604.10,1571.45,1594.75,8040
2018-07-24,1583.60,1613.95,1580.85,1599.90,59909
2018-07-25,1599.00,1658.00,1589.00,1648.55,52468
2018-07-26,1661.00,1661.00,1605.10,1644.00,15286
2018-07-27,1655.00,1657.50,1638.00,1649.25,22767
2018-07-30,1649.25,1660.00,1627.70,1651.75,22895
2018-07-31,1641.40,1654.45,1633.50,1650.00,22521
2018-08-01,1635.00,1698.00,1635.00,1682.05,35874
2018-08-02,1694.00,1719.00,1686.00,1701.30,148176
2018-08-03,1708.50,1740.00,1692.00,1701.00,73978
2018-08-06,1707.00,1731.55,1705.10,1722.55,7478
2018-08-07,1725.00,1795.00,1705.05,1755.75,24858
2018-08-08,1785.05,1849.00,1771.25,1788.00,58912
2018-08-09,1800.00,1800.00,1735.00,1758.55,12930
2018-08-10,1770.85,1785.90,1691.50,1714.40,34617
2018-08-13,1714.40,1718.00,1655.00,1706.40,27862
2018-08-14,1712.00,1820.00,1698.65,1793.25,39871
2018-08-16,1765.50,1880.00,1765.50,1787.70,66785
2018-08-17,1799.00,1843.05,1797.35,1824.85,28834
2018-08-20,1850.00,1857.25,1778.70,1785.45,23532
2018-08-21,1795.00,1814.25,1777.75,1793.20,33292
2018-08-23,1815.00,1815.00,1751.00,1761.20,18085
2018-08-24,1765.55,1776.40,1710.00,1718.25,20889
2018-08-27,1728.00,1751.95,1705.00,1725.30,18586
2018-08-28,1719.00,1745.00,1697.00,1727.75,16977
2018-08-29,1721.00,1742.30,1690.20,1700.75,10771
2018-08-30,1700.75,1740.05,1697.15,1729.45,8600
2018-08-31,1730.45,1772.00,1710.00,1758.75,22497
2018-09-03,1780.00,1780.00,1706.00,1714.90,12507
2018-09-04,1710.00,1725.10,1690.00,1699.45,6794
2018-09-05,1699.50,1770.00,1661.00,1754.40,17500
2018-09-06,1754.00,1778.35,1708.50,1764.95,21642
2018-09-07,1770.50,1770.50,1720.05,1731.30,17608
2018-09-10,1735.50,1772.10,1715.75,1761.60,107958
2018-09-11,1754.70,1769.50,1719.10,1742.55,9397
2018-09-12,1742.55,1775.00,1703.00,1767.80,27973
2018-09-14,1767.80,1789.05,1722.00,1763.50,37766
2018-09-17,1759.50,1794.00,1745.10,1767.00,11802
2018-09-18,1744.00,1778.30,1735.15,1750.95,24652
2018-09-19,1751.00,1824.85,1732.00,1796.35,315602
2018-09-21,1825.00,1825.00,1644.60,1788.00,74871
2018-09-24,1780.00,1788.00,1714.05,1735.15,32378
2018-09-25,1730.00,1770.20,1715.05,1738.45,18068
2018-09-26,1740.00,1789.00,1737.00,1763.35,15336
2018-09-27,1750.00,1770.00,1736.30,1747.55,13004
2018-09-28,1760.00,1800.95,1723.30,1778.10,55355
2018-10-01,1751.50,1769.95,1714.75,1739.80,30960
2018-10-03,1721.10,1759.20,1717.00,1741.25,35441
2018-10-04,1720.05,1734.75,1693.00,1703.00,101219
2018-10-05,1703.00,1716.50,1687.00,1697.95,41832
2018-10-08,1697.95,1697.95,1564.25,1584.65,80335
2018-10-09,1584.00,1594.20,1500.00,1527.90,73642
2018-10-10,1533.00,1535.00,1502.55,1521.10,89509
2018-10-11,1498.35,1500.00,1453.20,1481.90,94656
2018-10-12,1509.70,1534.95,1491.75,1518.40,100833
2018-10-15,1545.00,1599.95,1480.00,1568.90,27221
2018-10-16,1594.95,1596.00,1560.00,1588.60,15026
2018-10-17,1592.15,1605.20,1556.00,1579.20,12837
2018-10-19,1565.00,1565.50,1508.05,1524.50,20372
2018-10-22,1520.50,1540.00,1480.00,1497.00,14419
2018-10-23,1474.55,1525.05,1474.55,1514.05,10659
2018-10-24,1518.70,1597.00,1508.20,1584.85,22179
2018-10-25,1559.50,1630.00,1549.90,1628.20,36510
2018-10-26,1613.70,1774.70,1575.50,1699.15,31569
2018-10-29,1692.90,1713.00,1660.85,1708.65,11002
2018-10-30,1692.90,1774.80,1692.85,1731.10,32163
2018-10-31,1714.35,1764.35,1682.35,1712.90,109424
2018-11-01,1726.65,1733.35,1670.00,1685.50,44554
2018-11-02,1733.00,1733.00,1644.50,1730.00,229921
2018-11-05,1732.00,1735.00,1678.00,1721.10,10359
2018-11-06,1705.20,1731.70,1701.05,1724.95,5941
2018-11-07,1730.00,1735.00,1709.25,1717.20,575
2018-11-09,1717.05,1783.20,1711.60,1752.00,36815
2018-11-12,1749.95,1753.10,1681.50,1702.55,7184
2018-11-13,1675.00,1712.50,1670.10,1700.20,7584
2018-11-14,1719.00,1719.00,1680.55,1690.40,3878
2018-11-15,1685.55,1694.80,1655.30,1668.20,8297
2018-11-16,1655.40,1697.95,1655.40,1681.55,13752
2018-11-19,1724.90,1724.90,1673.00,1681.35,9551
2018-11-20,1672.00,1673.30,1625.00,1641.05,53178
2018-11-21,1635.00,1635.00,1571.70,1593.40,187203
2018-11-22,1570.00,1590.05,1555.50,1570.30,28856
2018-11-26,1575.00,1588.85,1531.10,1551.90,17261
2018-11-27,1531.10,1567.35,1530.00,1546.00,51928
2018-11-28,1568.00,1610.00,1545.35,1594.45,11802
2018-11-29,1620.00,1627.45,1600.10,1617.70,39374
2018-11-30,1600.00,1705.00,1585.00,1699.85,190258
2018-12-03,1699.85,1775.00,1683.40,1724.45,43685
2018-12-04,1718.85,1750.00,1703.50,1741.70,35694
2018-12-05,1740.50,1740.50,1679.15,1691.15,14660
2018-12-06,1676.00,1681.15,1643.70,1679.10,9206
2018-12-07,1657.70,1703.70,1657.70,1676.65,7372
2018-12-10,1659.20,1676.90,1630.05,1659.25,3305
2018-12-11,1679.90,1679.90,1602.00,1620.90,32361
2018-12-12,1624.40,1680.00,1572.40,1658.05,43405
2018-12-13,1670.00,1680.10,1630.00,1641.25,14433
2018-12-14,1641.25,1646.45,1603.05,1621.40,14070
2018-12-17,1621.40,1640.00,1595.05,1621.60,40025
2018-12-18,1621.60,1640.00,1606.00,1638.50,28199
2018-12-19,1634.80,1648.45,1621.40,1643.75,34082
2018-12-20,1634.50,1639.70,1617.15,1630.05,22085
2018-12-21,1630.05,1644.95,1607.20,1612.05,36100
2018-12-24,1601.05,1640.00,1601.05,1630.75,5686
2018-12-26,1609.05,1650.00,1578.10,1637.55,17285
2018-12-27,1621.00,1715.00,1621.00,1690.45,32339
2018-12-28,1679.00,1699.50,1650.00,1679.65,32416
2018-12-31,1693.40,1697.35,1654.55,1677.15,28576
2019-01-01,1689.00,1693.70,1661.10,1674.40,9131
2019-01-02,1670.10,1673.85,1629.10,1652.55,13910
2019-01-03,1639.50,1698.95,1639.50,1677.60,24721
2019-01-04,1662.10,1688.95,1601.10,1648.45,31419
2019-01-07,1655.00,1687.95,1614.40,1658.65,9899
2019-01-08,1659.80,1659.80,1631.00,1635.75,4748
2019-01-09,1636.00,1658.15,1632.80,1653.95,11392
2019-01-10,1653.70,1679.90,1653.70,1671.10,9786
2019-01-11,1667.05,1679.80,1646.35,1659.30,196617
2019-01-14,1661.30,1692.00,1645.60,1656.85,17444
2019-01-15,1660.85,1674.95,1650.00,1666.65,104459
2019-01-16,1671.45,1678.00,1598.70,1637.90,68429
2019-01-17,1636.30,1668.85,1636.30,1644.95,9036
2019-01-18,1646.00,1690.00,1646.00,1682.35,16178
2019-01-21,1682.35,1725.00,1650.00,1661.85,35425
2019-01-22,1670.00,1679.00,1660.00,1664.95,35958
2019-01-23,1669.95,1676.65,1635.00,1639.40,25301
2019-01-24,1639.40,1662.40,1620.70,1627.55,76062
2019-01-25,1626.90,1647.75,1601.00,1612.10,24094
2019-01-28,1603.00,1678.55,1560.05,1636.15,41872
2019-01-29,1646.05,1646.05,1600.35,1619.95,19769
2019-01-30,1600.05,1645.00,1600.05,1625.05,19738
2019-01-31,1618.85,1633.85,1590.50,1607.20,18963
2019-02-01,1643.00,1643.00,1590.70,1599.85,11876
2019-02-04,1605.35,1629.90,1602.95,1625.15,10408
2019-02-05,1626.00,1633.55,1613.65,1617.35,4188
2019-02-06,1614.75,1619.95,1606.00,1611.70,6520
2019-02-07,1605.10,1619.90,1601.05,1606.50,7649
2019-02-08,1620.00,1686.00,1586.20,1661.20,33384
2019-02-11,1659.00,1684.55,1639.00,1667.95,63615
2019-02-12,1647.15,1670.35,1625.90,1654.15,13463
2019-02-13,1663.70,1670.00,1655.00,1665.10,8353
2019-02-14,1661.10,1675.90,1641.65,1657.30,6571
2019-02-15,1675.80,1699.95,1652.20,1695.55,9308
2019-02-18,1700.00,1720.00,1644.30,1650.70,5499
2019-02-19,1637.65,1660.05,1624.95,1640.70,7578
2019-02-20,1645.00,1648.10,1610.05,1615.20,9284
2019-02-21,1616.00,1650.00,1605.00,1615.55,9880
2019-02-22,1619.05,1748.85,1607.70,1701.40,21522
2019-02-25,1723.85,1723.85,1667.65,1680.15,7326
2019-02-26,1661.00,1748.90,1646.70,1723.65,19516
2019-02-27,1720.00,1743.95,1699.40,1720.00,31115
2019-02-28,1728.25,1728.70,1705.65,1715.40,16082
2019-03-01,1710.00,1814.50,1704.15,1776.40,46790
2019-03-05,1768.00,1810.25,1735.25,1792.65,78292
2019-03-06,1810.60,1834.20,1780.00,1798.50,66056
2019-03-07,1790.00,1798.90,1771.25,1790.10,100348
2019-03-08,1781.15,1840.00,1781.15,1829.80,8515
2019-03-11,1829.80,1829.80,1780.30,1792.80,34263
2019-03-12,1810.45,1813.55,1750.20,1760.70,39117
2019-03-13,1779.95,1789.35,1740.05,1771.30,11587
2019-03-14,1770.30,1798.55,1743.10,1754.65,32200
2019-03-15,1740.00,1780.00,1740.00,1759.25,7580
2019-03-18,1779.90,1780.05,1713.00,1739.65,17673
2019-03-19,1743.95,1752.20,1675.30,1695.75,31211
2019-03-20,1681.00,1726.90,1671.35,1707.30,47840
2019-03-22,1700.50,1727.85,1700.50,1712.30,10547
2019-03-25,1712.25,1725.00,1690.65,1719.00,12754
2019-03-26,1724.90,1732.95,1681.45,1710.15,17796
2019-03-27,1708.95,1774.75,1686.05,1762.90,13924
2019-03-28,1771.15,1865.00,1763.00,1837.15,56612
2019-03-29,1848.15,1858.00,1780.00,1796.10,77028
2019-04-01,1799.90,1799.90,1758.00,1775.15,6255
2019-04-02,1775.20,1794.00,1752.55,1772.80,13531
2019-04-03,1753.00,1770.95,1710.60,1726.35,15308
2019-04-04,1726.35,1726.35,1701.05,1706.30,11091
2019-04-05,1716.95,1734.95,1700.00,1709.75,7980
2019-04-08,1709.75,1709.75,1690.00,1697.30,12055
2019-04-09,1712.00,1798.45,1701.05,1772.40,58780
2019-04-10,1761.00,1800.05,1761.00,1798.95,72676
2019-04-11,1790.00,1790.00,1745.00,1757.00,6020
2019-04-12,1757.00,1796.00,1745.00,1773.35,17095
2019-04-15,1773.00,1802.00,1770.00,1795.30,11732
2019-04-16,1795.55,1795.55,1772.40,1780.20,4325
2019-04-18,1780.20,1820.00,1780.20,1807.55,47112
2019-04-22,1805.95,1818.00,1797.00,1800.10,21765
2019-04-23,1800.15,1818.80,1787.25,1809.50,8090
2019-04-24,1809.50,1809.50,1790.45,1800.50,13128
2019-04-25,1803.30,1809.00,1780.00,1795.10,2255
2019-04-26,1795.15,1825.10,1770.00,1803.20,7962
2019-04-30,1782.00,1845.10,1751.50,1814.70,8562
2019-05-02,1814.70,1814.70,1770.00,1774.35,11482
2019-05-03,1770.00,1792.00,1741.00,1759.90,10362
2019-05-06,1750.05,1760.00,1720.00,1731.55,5184
2019-05-07,1754.75,1760.10,1710.00,1722.10,5161
2019-05-08,1707.05,1735.00,1665.00,1673.45,22662
2019-05-09,1665.10,1715.95,1653.30,1700.25,14708
2019-05-10,1701.10,1763.00,1701.05,1742.40,29426
2019-05-13,1742.00,1798.95,1720.00,1745.55,94756
2019-05-14,1742.75,1742.95,1705.10,1728.65,11620
2019-05-15,1732.35,1735.05,1661.05,1669.70,76828
2019-05-16,1660.10,1680.15,1625.00,1634.85,10887
2019-05-17,1634.85,1652.90,1620.50,1647.30,14600
2019-05-20,1650.00,1698.00,1650.00,1681.30,42601
2019-05-21,1690.15,1697.00,1674.00,1687.85,8392
2019-05-22,1687.85,1724.35,1670.05,1718.95,8514
2019-05-23,1718.00,1747.95,1701.30,1723.90,5589
2019-05-24,1734.95,1768.00,1720.15,1755.35,7341
2019-05-27,1755.40,1824.80,1741.00,1793.25,116761
2019-05-28,1798.50,1798.50,1705.00,1723.60,51432
2019-05-29,1725.00,1780.00,1715.10,1767.15,15997
2019-05-30,1763.00,1780.00,1748.65,1772.30,10072
2019-05-31,1774.60,1800.00,1767.30,1788.40,31178
2019-06-03,1786.00,1838.90,1773.00,1794.30,45348
2019-06-04,1794.85,1817.05,1780.00,1804.05,10634
2019-06-06,1816.00,1816.00,1779.30,1792.20,5626
2019-06-07,1804.00,1845.00,1784.85,1826.55,60434
2019-06-10,1826.55,1845.00,1820.05,1842.10,10038
2019-06-11,1840.00,1850.00,1821.00,1836.90,16694
2019-06-12,1839.00,1840.00,1822.05,1828.50,4672
2019-06-13,1832.20,1839.00,1770.00,1778.55,11361
2019-06-14,1778.60,1785.50,1709.00,1728.00,37139
2019-06-17,1728.00,1739.90,1675.00,1686.40,18279
2019-06-18,1686.40,1704.95,1677.55,1686.25,39517
2019-06-19,1692.55,1709.00,1671.45,1685.85,12126
2019-06-20,1689.00,1706.00,1671.05,1682.05,41071
2019-06-21,1724.65,1777.00,1698.95,1759.35,19241
2019-06-24,1751.00,1757.00,1725.00,1748.55,7702
2019-06-25,1741.50,1767.00,1736.05,1747.10,30608
2019-06-26,1747.10,1755.05,1744.90,1749.25,25585
2019-06-27,1769.65,1769.65,1732.50,1749.80,20816
2019-06-28,1760.00,1817.95,1745.00,1793.55,11483
2019-07-01,1766.60,1847.85,1766.60,1839.50,27496
2019-07-02,1839.50,1839.50,1812.55,1827.45,21177
2019-07-03,1801.15,1825.10,1781.40,1806.35,5344
2019-07-04,1790.00,1844.00,1790.00,1826.65,11180
2019-07-05,1839.95,1839.95,1790.00,1803.55,4721
2019-07-08,1804.00,1819.85,1753.00,1797.20,8894
2019-07-09,1770.10,1809.95,1765.00,1775.30,11388
2019-07-10,1775.30,1783.95,1742.05,1759.90,10059
2019-07-11,1750.50,1778.30,1742.40,1769.00,19977
2019-07-12,1762.90,1762.90,1734.75,1748.90,12440
2019-07-15,1777.70,1784.95,1744.10,1760.35,14722
2019-07-16,1751.60,1787.00,1751.60,1769.70,79525
2019-07-17,1762.70,1779.65,1755.05,1766.85,43097
2019-07-18,1761.00,1771.80,1750.05,1758.20,61724
2019-07-19,1755.00,1770.00,1735.95,1755.20,5558
2019-07-22,1740.10,1760.05,1711.55,1759.40,19942
2019-07-23,1759.95,1761.00,1749.95,1759.15,8874
2019-07-24,1753.90,1754.30,1690.00,1706.65,8410
2019-07-25,1744.80,1761.00,1709.80,1756.55,16165
2019-07-26,1753.00,1753.00,1711.05,1722.40,48339
2019-07-29,1741.10,1741.10,1703.10,1709.45,1872
2019-07-30,1717.70,1754.90,1708.60,1747.35,5049
2019-07-31,1733.20,1733.20,1700.00,1705.05,18950
2019-08-01,1732.00,1732.00,1702.50,1721.45,37940
2019-08-02,1721.45,1739.25,1682.50,1709.40,6081
2019-08-05,1729.95,1729.95,1660.55,1675.25,14507
2019-08-06,1683.10,1694.35,1602.00,1620.45,35515
2019-08-07,1654.80,1676.45,1635.65,1650.05,45194
2019-08-08,1654.40,1690.00,1644.60,1678.80,39108
2019-08-09,1666.10,1689.20,1635.00,1680.05,33598
2019-08-13,1680.05,1690.55,1641.30,1649.95,92488
2019-08-14,1649.95,1709.90,1635.50,1694.80,6632
2019-08-16,1675.10,1676.40,1644.05,1649.00,62711
2019-08-19,1649.00,1655.00,1634.30,1649.05,11480
2019-08-20,1645.20,1649.50,1619.95,1631.85,5145
2019-08-21,1618.00,1642.00,1610.00,1616.40,5263
2019-08-22,1610.95,1623.95,1582.05,1597.40,21560
2019-08-23,1576.00,1633.00,1576.00,1599.50,34021
2019-08-26,1635.00,1635.00,1557.05,1568.30,23870
2019-08-27,1599.60,1599.60,1531.05,1550.40,100459
2019-08-28,1569.90,1569.90,1533.00,1551.00,21648
2019-08-29,1565.00,1572.50,1536.00,1546.20,13264
2019-08-30,1550.70,1563.65,1519.05,1534.65,11054
2019-09-03,1540.00,1547.90,1501.00,1514.60,85133
2019-09-04,1507.00,1531.00,1502.45,1521.20,4038
2019-09-05,1502.50,1531.15,1482.10,1512.95,61528
2019-09-06,1512.95,1523.05,1497.00,1507.20,63048
2019-09-09,1539.80,1539.80,1501.00,1510.10,56681
2019-09-11,1510.00,1528.90,1504.00,1510.25,23151
2019-09-12,1509.95,1572.00,1503.60,1558.50,44887
2019-09-13,1558.90,1579.45,1552.85,1572.15,34637
2019-09-16,1582.85,1620.00,1573.65,1614.00,20440
2019-09-17,1621.95,1650.00,1612.10,1628.85,33225
2019-09-18,1649.80,1650.00,1622.75,1649.70,37933
2019-09-19,1650.00,1650.10,1581.05,1602.85,7773
2019-09-20,1620.00,1650.00,1606.00,1649.55,44427
2019-09-23,1655.00,1780.00,1632.40,1745.70,169343
2019-09-24,1779.00,1779.80,1718.25,1759.65,22519
2019-09-25,1759.65,1800.00,1701.35,1737.50,62183
2019-09-26,1735.00,1826.95,1725.65,1799.85,20270
2019-09-27,1799.85,1820.00,1750.05,1787.35,17897
2019-09-30,1777.10,1800.05,1750.45,1784.05,11933
2019-10-01,1799.30,1799.30,1682.00,1707.45,15769
2019-10-03,1711.90,1711.90,1649.00,1663.85,22881
2019-10-04,1664.20,1684.85,1650.05,1667.50,5480
2019-10-07,1651.25,1689.50,1650.05,1676.60,7060
2019-10-09,1673.60,1682.90,1632.65,1644.35,5951
2019-10-10,1650.00,1655.05,1607.05,1623.35,7594
2019-10-11,1633.50,1696.95,1633.50,1677.60,90199
2019-10-14,1700.00,1719.00,1681.05,1716.60,7384
2019-10-15,1732.80,1736.25,1686.05,1714.55,7453
2019-10-16,1709.35,1723.35,1656.05,1672.40,11554
2019-10-17,1675.05,1736.70,1675.05,1721.00,7794
2019-10-18,1694.15,1758.95,1694.15,1749.50,54298
2019-10-22,1759.00,1759.65,1700.00,1709.65,16725
2019-10-23,1730.05,1774.00,1710.00,1750.25,11875
2019-10-24,1721.10,1765.00,1641.25,1661.30,52817
2019-10-25,1661.30,1699.00,1641.00,1673.90,16453
2019-10-29,1698.05,1725.05,1665.00,1713.75,24015
2019-10-30,1719.85,1739.00,1702.10,1721.60,38694
2019-10-31,1702.00,1746.70,1702.00,1733.25,42765
2019-11-01,1715.75,1740.00,1672.05,1679.85,15833
2019-11-04,1694.20,1705.95,1661.00,1677.40,5411
2019-11-05,1677.40,1735.00,1662.10,1718.90,7702
2019-11-06,1742.95,1818.00,1678.05,1684.50,80122
2019-11-07,1690.90,1717.90,1679.95,1692.70,18570
2019-11-08,1676.20,1702.00,1670.00,1686.00,33519
2019-11-11,1682.20,1730.00,1665.20,1718.00,14257
2019-11-13,1699.95,1704.90,1666.90,1698.60,47900
2019-11-14,1698.20,1698.20,1639.95,1641.80,84255
2019-11-15,1640.00,1655.00,1627.25,1647.25,28737
2019-11-18,1648.00,1665.55,1639.35,1649.80,31066
2019-11-19,1651.00,1658.00,1630.00,1649.05,7769
2019-11-20,1645.00,1665.00,1632.00,1648.75,7453
2019-11-21,1640.00,1654.95,1626.20,1632.30,20013
2019-11-22,1630.00,1644.00,1616.00,1635.60,10024
2019-11-25,1651.60,1679.95,1638.55,1669.30,19316
2019-11-26,1670.00,1690.05,1612.00,1620.40,77673
2019-11-27,1621.00,1649.00,1620.05,1632.90,6953
2019-11-28,1632.90,1653.00,1620.15,1647.75,12198
2019-11-29,1629.00,1652.00,1626.05,1644.25,10500
2019-12-02,1657.80,1657.80,1608.90,1643.90,30660
2019-12-03,1630.05,1664.90,1618.00,1655.95,37859
2019-12-04,1647.55,1654.90,1623.00,1646.80,18861
2019-12-05,1646.80,1654.00,1618.10,1648.80,40930
2019-12-06,1637.40,1650.05,1628.20,1648.95,19040
2019-12-09,1630.00,1655.95,1605.15,1615.10,6703
2019-12-10,1605.00,1638.00,1605.00,1627.95,27473
2019-12-11,1632.00,1639.45,1615.10,1623.45,3411
2019-12-12,1626.20,1648.00,1606.00,1616.65,11456
2019-12-13,1621.20,1649.00,1621.05,1646.10,8781
2019-12-16,1645.00,1654.10,1633.20,1645.50,33436
2019-12-17,1648.00,1651.95,1626.05,1634.00,9196
2019-12-18,1635.15,1640.70,1613.60,1620.40,12050
2019-12-19,1631.10,1631.10,1610.05,1617.75,6345
2019-12-20,1614.75,1621.00,1599.55,1602.60,28301
2019-12-23,1591.90,1634.45,1580.00,1618.75,16440
2019-12-24,1631.95,1633.45,1598.00,1625.05,9552
2019-12-26,1616.00,1658.65,1614.00,1652.80,9711
2019-12-27,1652.85,1692.35,1635.55,1683.55,10313
2019-12-30,1675.00,1716.00,1642.30,1655.00,10964
2019-12-31,1634.30,1650.00,1629.00,1649.50,12529
2020-01-01,1640.55,1649.55,1615.10,1622.60,3912
2020-01-02,1626.00,1637.55,1608.00,1621.10,7245
2020-01-03,1622.15,1650.00,1622.15,1648.60,6281
2020-01-06,1649.00,1649.00,1610.00,1628.45,3825
2020-01-07,1628.45,1655.75,1620.65,1649.30,32580
2020-01-08,1640.60,1717.00,1625.00,1640.65,32439
2020-01-09,1640.65,1690.05,1629.50,1654.95,42337
2020-01-10,1663.00,1677.95,1629.00,1638.30,7608
2020-01-13,1653.90,1669.90,1634.45,1655.35,15356
2020-01-14,1663.10,1670.00,1650.55,1663.65,10623
2020-01-15,1662.75,1662.75,1632.20,1642.90,31187
2020-01-16,1642.90,1666.00,1628.00,1645.30,21548
2020-01-17,1652.85,1675.85,1641.30,1668.45,44600
2020-01-20,1675.00,1700.00,1652.50,1674.40,10747
2020-01-21,1671.95,1800.00,1663.00,1789.85,190310
2020-01-22,1800.00,1889.00,1725.50,1737.80,140861
2020-01-23,1746.50,1791.00,1718.50,1768.10,105004
2020-01-24,1776.95,1810.00,1735.35,1745.25,9569
2020-01-27,1745.00,1780.15,1722.10,1733.40,28595
2020-01-28,1730.00,1745.00,1698.10,1728.90,23443
2020-01-29,1728.90,1835.95,1728.90,1808.60,26653
2020-01-30,1814.00,1817.70,1758.00,1800.15,19008
2020-01-31,1809.00,1809.15,1726.40,1776.20,25429
2020-02-01,1760.65,1830.00,1747.00,1818.60,24570
2020-02-03,1785.00,1849.00,1761.00,1769.25,18023
2020-02-04,1778.10,1819.60,1765.00,1775.65,9513
2020-02-05,1784.50,1803.45,1755.00,1775.45,24961
2020-02-06,1774.00,1844.00,1767.20,1817.55,22162
2020-02-07,1826.60,1960.00,1788.00,1922.80,61170
2020-02-10,1944.00,1989.95,1881.00,1918.80,29005
2020-02-11,1928.30,1969.35,1870.55,1887.60,25888
2020-02-12,1888.00,1903.90,1792.30,1824.50,72867
2020-02-13,1800.25,1865.00,1780.10,1838.10,35626
2020-02-14,1862.20,1890.00,1840.20,1874.05,24894
2020-02-17,1874.05,1886.75,1810.05,1824.60,8037
2020-02-18,1813.00,1828.10,1770.05,1804.95,111837
2020-02-19,1815.10,1844.40,1780.50,1817.60,11825
2020-02-20,1828.60,1899.00,1816.05,1890.00,27981
2020-02-24,1900.00,1920.00,1792.00,1814.80,40844
2020-02-25,1831.15,1854.00,1750.00,1762.45,46916
2020-02-26,1760.20,1772.90,1732.00,1744.65,58662
2020-02-27,1745.50,1959.90,1728.90,1837.20,152677
2020-02-28,1788.65,1824.05,1740.25,1788.65,33646
2020-03-02,1780.00,1814.40,1720.05,1737.05,261838
2020-03-03,1737.05,1850.00,1731.00,1790.80,91970
2020-03-04,1800.00,1845.00,1698.05,1784.80,139914
2020-03-05,1809.90,1834.85,1763.10,1783.75,26194
2020-03-06,1766.00,1809.95,1729.95,1789.10,53996
2020-03-09,1780.00,1830.15,1692.00,1776.65,329614
2020-03-11,1770.00,1789.55,1723.05,1762.90,44233
2020-03-12,1701.10,1745.00,1630.05,1678.95,116112
2020-03-13,1500.05,1808.00,1450.00,1777.10,122606
2020-03-16,1737.55,1748.40,1578.00,1672.70,40669
2020-03-17,1650.55,1669.65,1511.00,1544.00,62403
2020-03-18,1550.50,1586.30,1395.05,1454.95,39751
2020-03-19,1400.00,1473.85,1375.05,1420.40,70881
2020-03-20,1350.05,1427.95,1350.00,1377.75,37870
2020-03-23,1102.20,1310.00,1102.20,1238.80,23281
2020-03-24,1350.00,1350.00,1251.05,1315.30,18132
2020-03-25,1265.55,1366.35,1265.55,1353.50,52181
2020-03-26,1374.60,1375.00,1278.80,1298.90,52246
2020-03-27,1340.00,1350.75,1198.90,1243.75,35777
2020-03-30,1205.55,1479.40,1150.00,1306.60,50094
2020-03-31,1345.00,1415.10,1250.00,1393.25,47956
2020-04-01,1393.25,1398.30,1296.00,1319.10,18714
2020-04-03,1319.00,1324.45,1252.25,1277.10,23542
2020-04-07,1279.90,1325.95,1220.00,1249.90,100089
2020-04-08,1259.45,1291.00,1229.00,1255.85,73842
2020-04-09,1268.30,1315.00,1244.05,1260.75,68666
2020-04-13,1284.00,1489.00,1243.80,1417.15,239029
2020-04-15,1440.40,1493.00,1390.45,1425.50,154793
2020-04-16,1425.50,1462.45,1381.05,1399.15,88363
2020-04-17,1439.00,1518.35,1403.00,1440.05,44465
2020-04-20,1468.80,1499.00,1437.25,1464.75,76348
2020-04-21,1445.00,1479.00,1403.45,1424.55,41864
2020-04-22,1429.80,1532.00,1411.25,1488.90,62540
2020-04-23,1486.00,1508.00,1452.25,1476.00,76232
2020-04-24,1483.90,1498.95,1459.80,1487.45,8329
2020-04-27,1490.00,1525.00,1445.00,1479.75,21213
2020-04-28,1464.00,1508.95,1464.00,1490.25,20732
2020-04-29,1504.00,1598.00,1489.05,1572.55,34549
2020-04-30,1597.00,1645.95,1556.95,1608.15,57808
2020-05-04,1545.00,1581.30,1541.05,1560.00,18932
2020-05-05,1561.10,1585.00,1519.20,1547.50,13161
2020-05-06,1535.00,1582.20,1516.05,1541.75,47129
2020-05-07,1539.85,1590.00,1537.60,1575.85,41648
2020-05-08,1587.75,1614.90,1550.00,1565.40,13431
2020-05-11,1567.10,1615.00,1551.35,1570.95,21228
2020-05-12,1551.10,1692.00,1533.30,1651.90,40103
2020-05-13,1710.00,1710.00,1610.35,1672.40,189122
2020-05-14,1679.90,1690.00,1655.60,1672.15,23266
2020-05-15,1684.95,1689.90,1613.00,1631.05,118659
2020-05-18,1631.00,1631.00,1559.00,1578.30,23329
2020-05-19,1560.50,1650.00,1560.50,1609.35,171175
2020-05-20,1600.05,1650.00,1585.00,1644.00,94515
2020-05-21,1649.80,1717.70,1616.50,1629.00,265352
2020-05-22,1628.00,1690.00,1610.10,1647.90,42951
2020-05-26,1660.90,1696.45,1634.15,1647.25,17726
2020-05-27,1654.00,1664.35,1567.00,1613.95,68553
2020-05-28,1617.45,1633.00,1579.20,1625.30,52083
2020-05-29,1625.30,1695.75,1598.00,1663.85,80825
2020-06-01,1690.00,1780.00,1675.00,1724.25,26873
2020-06-02,1741.00,1767.00,1682.00,1693.15,12817
2020-06-03,1720.00,1748.00,1690.10,1740.40,35736
2020-06-04,1748.40,1749.90,1670.10,1677.10,77828
2020-06-05,1685.00,1716.70,1670.05,1682.95,34962
2020-06-08,1707.00,1710.00,1620.10,1643.35,33205
2020-06-09,1649.00,1675.00,1610.00,1634.60,16084
2020-06-10,1648.00,1761.40,1625.10,1740.90,46322
2020-06-11,1715.00,1794.00,1690.00,1709.50,101435
2020-06-12,1660.10,1673.95,1635.00,1646.45,62584
2020-06-15,1634.00,1653.95,1566.05,1589.95,39452
2020-06-16,1600.00,1609.95,1573.00,1588.35,46391
2020-06-17,1587.55,1630.00,1567.65,1623.15,33461
2020-06-18,1623.15,1659.70,1620.15,1646.15,44224
2020-06-19,1660.00,1675.35,1586.50,1614.65,57781
2020-06-22,1608.95,1658.00,1590.00,1608.90,82152
2020-06-23,1610.00,1624.95,1575.05,1589.50,39786
2020-06-24,1602.55,1630.00,1588.00,1619.90,42380
2020-06-25,1622.20,1632.20,1594.05,1629.80,30469
2020-06-26,1631.00,1648.00,1610.45,1625.20,38107
2020-06-29,1625.20,1636.75,1602.20,1629.85,15264
2020-06-30,1619.85,1635.00,1594.60,1606.95,138452
2020-07-01,1617.00,1624.95,1577.00,1586.95,27466
2020-07-02,1590.00,1647.85,1579.25,1640.80,40106
2020-07-03,1648.00,1648.00,1598.50,1608.60,15467
2020-07-06,1608.90,1625.20,1588.00,1607.80,129414
2020-07-07,1609.00,1638.30,1604.50,1632.20,47439
2020-07-08,1638.00,1668.00,1615.60,1645.80,33956
2020-07-09,1658.50,1658.50,1619.00,1628.75,40378
2020-07-10,1620.50,1643.95,1608.00,1634.85,30182
2020-07-13,1643.05,1657.90,1633.55,1649.20,22917
2020-07-14,1615.00,1655.50,1612.75,1649.60,21739
2020-07-15,1650.00,1675.00,1610.00,1618.25,17659
2020-07-16,1612.55,1648.45,1612.05,1639.00,19131
2020-07-17,1648.00,1697.60,1625.00,1679.55,23115
2020-07-20,1690.00,1735.00,1685.10,1701.60,27186
2020-07-21,1713.90,1775.00,1666.05,1747.80,36762
2020-07-22,1770.00,1770.00,1673.00,1684.70,28336
2020-07-23,1680.00,1714.35,1680.00,1699.95,20258
2020-07-24,1696.40,1722.00,1685.00,1695.15,20677
2020-07-27,1699.75,1699.75,1652.25,1692.75,101719
2020-07-28,1695.00,1699.05,1640.00,1655.90,22093
2020-07-29,1658.80,1674.00,1635.00,1646.40,7707
2020-07-30,1654.65,1679.95,1646.15,1659.95,6440
2020-07-31,1658.75,1690.00,1642.00,1654.15,15510
2020-08-03,1652.00,1670.00,1625.00,1637.15,22146
2020-08-04,1645.35,1668.90,1616.95,1637.65,20497
2020-08-05,1644.85,1695.90,1631.30,1653.75,71727
2020-08-06,1675.00,1740.00,1655.00,1711.60,289731
2020-08-07,1702.00,1709.95,1660.00,1666.30,24247
2020-08-10,1688.10,1688.10,1651.30,1660.20,14549
2020-08-11,1664.85,1700.95,1584.00,1603.25,122078
2020-08-12,1603.00,1648.00,1603.00,1640.95,118581
2020-08-13,1641.10,1683.95,1640.95,1673.55,29425
2020-08-14,1678.75,1715.20,1667.05,1705.10,57158
2020-08-17,1710.00,1720.00,1667.00,1673.30,51833
2020-08-18,1671.05,1684.75,1655.95,1674.20,34782
2020-08-19,1682.60,1695.95,1666.00,1690.25,17999
2020-08-20,1687.00,1699.95,1670.00,1685.85,15864
2020-08-21,1686.10,1814.80,1670.05,1751.85,127052
2020-08-24,1785.00,1825.00,1751.05,1803.45,42482
2020-08-25,1818.00,1849.95,1775.35,1831.35,56117
2020-08-26,1831.35,1868.00,1811.00,1849.60,37826
2020-08-27,1864.00,1889.95,1815.00,1840.40,29655
2020-08-28,1860.00,1866.95,1820.05,1826.65,15796
2020-08-31,1810.05,1840.00,1785.45,1801.65,61015
2020-09-01,1800.20,1869.95,1764.00,1830.65,37426
2020-09-02,1830.70,1860.05,1825.00,1833.55,21496
2020-09-03,1857.15,1857.15,1815.00,1820.55,18349
2020-09-04,1820.00,1825.65,1800.00,1812.10,38137
2020-09-07,1815.00,1815.00,1765.00,1777.65,76528
2020-09-08,1784.00,1786.00,1772.10,1775.05,40147
2020-09-09,1773.95,1773.95,1714.10,1734.80,63192
2020-09-10,1735.00,1769.90,1735.00,1750.60,14394
2020-09-11,1750.60,1777.95,1740.00,1747.75,12039
2020-09-14,1771.05,1927.75,1761.35,1861.80,30999
2020-09-15,1863.00,1925.00,1812.60,1828.75,54072
2020-09-16,1832.00,1853.65,1794.65,1809.60,27956
2020-09-17,1806.95,1818.45,1751.50,1759.90,29050
2020-09-18,1755.00,1910.00,1751.75,1865.65,407838
2020-09-21,1920.00,1977.25,1776.25,1799.40,57553
2020-09-22,1779.40,1809.25,1760.00,1791.80,21195
2020-09-23,1804.95,1825.40,1767.00,1776.20,27032
2020-09-24,1770.00,1770.00,1677.25,1691.90,39703
2020-09-25,1683.00,1790.00,1683.00,1738.05,37341
2020-09-28,1760.65,1773.90,1720.00,1724.25,18171
2020-09-29,1729.00,1784.45,1725.00,1762.70,82547
2020-09-30,1762.00,1859.00,1742.10,1848.55,48014
2020-10-01,1857.70,1886.35,1778.00,1841.80,38392
2020-10-05,1816.00,1853.00,1794.00,1803.85,10407
2020-10-06,1808.00,1824.05,1766.60,1798.30,58999
2020-10-07,1805.00,1852.20,1777.80,1818.20,37013
2020-10-08,1800.00,1817.60,1735.20,1754.30,28817
2020-10-09,1758.00,1777.85,1745.00,1765.80,9564
2020-10-12,1792.00,1798.45,1729.10,1742.35,15933
2020-10-13,1744.00,1756.00,1724.00,1736.20,9080
2020-10-14,1755.00,1755.00,1720.00,1733.65,53132
2020-10-15,1727.00,1768.00,1727.00,1733.10,29330
2020-10-16,1741.65,1770.00,1702.00,1729.65,23405
2020-10-19,1747.90,1759.00,1710.55,1721.65,10768
2020-10-20,1721.60,1733.65,1688.00,1698.70,29842
2020-10-21,1698.70,1726.75,1692.00,1705.55,8788
2020-10-22,1706.00,1814.95,1685.80,1797.20,75629
2020-10-23,1797.20,1806.15,1735.20,1748.30,17321
2020-10-26,1748.00,1763.05,1705.00,1711.00,12712
2020-10-27,1701.20,1786.85,1701.20,1759.85,48347
2020-10-28,1752.00,1768.60,1722.30,1753.55,18761
2020-10-29,1725.20,1746.90,1710.00,1718.20,7727
2020-10-30,1719.00,1739.80,1690.60,1699.20,16780
2020-11-02,1729.00,1729.00,1620.00,1661.05,84306
2020-11-03,1679.95,1701.00,1671.00,1691.60,22226
2020-11-04,1691.60,1712.30,1677.15,1694.90,16880
2020-11-05,1695.00,1754.70,1695.00,1750.10,16684
2020-11-06,1760.00,1775.00,1720.00,1725.15,17688
2020-11-09,1733.65,1745.80,1705.05,1717.00,17565
2020-11-10,1721.00,1758.95,1710.10,1732.70,45623
2020-11-11,1720.00,1746.00,1718.40,1723.20,9492
2020-11-12,1723.20,1760.00,1716.05,1738.95,337131
2020-11-13,1753.00,1753.00,1716.40,1729.95,8124
2020-11-14,1734.00,1797.70,1730.00,1768.00,23275
2020-11-17,1769.95,1769.95,1737.15,1741.70,10893
2020-11-18,1750.00,1802.05,1740.80,1796.75,26103
2020-11-19,1757.00,1802.00,1757.00,1790.05,25115
2020-11-20,1795.00,1810.00,1784.55,1801.30,12804
2020-11-23,1785.25,1845.00,1785.25,1838.30,16509
2020-11-24,1850.00,1884.95,1818.00,1870.75,70968
2020-11-25,1858.00,1951.00,1858.00,1926.10,52100
2020-11-26,1955.00,1955.00,1870.00,1914.25,25255
2020-11-27,1900.00,1945.75,1828.50,1856.35,56834
2020-12-01,1869.00,1913.90,1822.00,1883.80,23324
2020-12-02,1906.95,2184.25,1906.00,2113.00,218908
2020-12-03,2118.00,2127.85,2038.40,2074.70,78022
2020-12-04,2092.80,2092.80,2000.00,2028.00,34364
2020-12-07,2050.00,2090.50,2046.00,2071.45,32874
2020-12-08,2076.00,2076.00,2021.70,2039.25,26185
2020-12-09,2049.35,2074.00,2020.55,2044.25,28099
2020-12-10,2025.00,2049.95,1970.00,1977.55,28192
2020-12-11,1994.00,2019.90,1960.00,1978.30,24154
2020-12-14,1990.00,2007.00,1929.90,1945.95,136481
2020-12-15,1954.95,1967.95,1933.65,1946.20,16498
2020-12-16,1950.50,2007.00,1940.00,1983.35,35710
2020-12-17,1991.00,2049.30,1991.00,2022.20,177952
2020-12-18,2025.20,2065.00,1988.90,2020.05,202858
2020-12-21,2011.95,2059.90,1952.35,2009.90,178205
2020-12-22,2009.95,2039.90,1955.00,1988.50,44524
2020-12-23,1988.50,2020.00,1981.00,1990.80,9566
2020-12-24,2000.65,2033.30,1976.80,1996.40,46279
2020-12-28,2009.00,2075.90,1998.00,2060.95,55495
2020-12-29,2076.25,2084.00,1983.20,2005.40,81137
2020-12-30,2023.45,2030.00,1984.95,1995.00,23591
2020-12-31,1999.00,2025.00,1942.00,1974.35,78118
2021-01-01,1975.00,2024.95,1956.35,1968.10,97568
2021-01-04,1993.70,2050.15,1976.90,2036.85,51394
2021-01-05,2050.00,2050.90,1985.00,2011.60,33328
2021-01-06,2021.00,2021.55,1968.05,1987.70,34882
2021-01-07,1987.70,2010.10,1958.00,1967.20,83202
2021-01-08,1976.95,2014.00,1975.05,2000.80,54808
2021-01-11,2025.00,2031.35,2000.05,2021.05,16206
2021-01-12,2021.00,2031.00,1992.50,2007.15,390610
2021-01-13,2022.00,2105.60,2013.75,2065.80,127499
2021-01-14,2069.00,2146.05,2055.50,2098.80,89585
2021-01-15,2070.70,2122.25,2056.05,2099.90,31862
2021-01-18,2110.00,2131.00,2050.00,2061.20,20368
2021-01-19,2047.05,2091.90,2047.05,2071.85,51696
2021-01-20,2076.85,2224.00,2056.70,2182.65,206918
2021-01-21,2200.00,2234.00,2165.00,2193.50,171124
2021-01-22,2193.50,2218.00,2050.05,2077.60,42449
2021-01-25,2085.00,2085.00,1979.00,1984.10,37631
2021-01-27,1982.00,1996.90,1959.15,1982.65,52891
2021-01-28,1973.00,1998.45,1913.00,1921.30,184508
2021-01-29,1935.00,1959.90,1917.00,1954.15,35593
2021-02-01,1955.00,1958.35,1920.00,1927.25,19485
2021-02-02,1955.00,1960.55,1935.05,1939.30,34268
2021-02-03,1947.00,2015.00,1912.00,1965.30,57501
2021-02-04,1984.00,2079.85,1984.00,2041.30,72775
2021-02-05,2068.00,2069.95,1992.50,1999.75,11228
2021-02-08,2020.00,2021.90,1970.00,1978.70,24875
2021-02-09,1979.95,2025.00,1954.00,1993.45,57399
2021-02-10,1993.25,1993.30,1950.30,1962.60,52338
2021-02-11,1962.60,1981.45,1942.90,1951.00,22701
2021-02-12,1933.00,1978.00,1931.95,1967.15,33698
2021-02-15,1977.50,2000.00,1950.50,1970.30,40081
2021-02-16,1980.70,1991.30,1942.05,1949.90,39348
2021-02-17,1949.90,1955.00,1919.90,1925.25,13006
2021-02-18,1915.00,1971.70,1905.25,1931.35,43115
2021-02-19,1925.00,1931.85,1860.00,1868.15,35066
2021-02-22,1869.75,1880.05,1830.00,1857.05,65689
2021-02-23,1857.05,1871.75,1793.00,1842.45,42936
2021-02-24,1842.00,1866.95,1781.00,1799.95,28648
2021-02-25,1817.00,1835.10,1786.45,1818.75,116972
2021-02-26,1803.00,1823.10,1785.75,1819.25,54714
2021-03-01,1823.10,1835.00,1798.00,1808.00,49413
2021-03-02,1808.00,1823.90,1791.55,1819.25,38165
2021-03-03,1844.00,1877.65,1815.75,1834.65,1007114
2021-03-04,1850.00,1970.00,1846.35,1898.90,317142
2021-03-05,1903.00,1926.70,1875.90,1898.45,91121
2021-03-08,1915.30,1938.00,1890.05,1917.30,100843
2021-03-09,1925.00,1946.95,1904.70,1939.70,194412
2021-03-10,1944.00,1950.00,1906.00,1918.35,75900
2021-03-12,1910.00,1949.00,1880.90,1930.30,179507
2021-03-15,1945.00,1949.70,1890.00,1900.95,82784
2021-03-16,1920.00,1920.00,1881.00,1900.75,26869
2021-03-17,1908.00,1908.00,1875.00,1888.90,31851
2021-03-18,1889.90,1909.95,1815.00,1838.90,113070
2021-03-19,1838.90,1875.00,1793.25,1869.35,36645
2021-03-22,1873.10,1925.00,1873.10,1913.20,52126
2021-03-23,1921.00,1921.00,1882.10,1901.75,46351
2021-03-24,1865.00,1898.00,1847.00,1876.70,73350
2021-03-25,1869.60,1906.00,1851.00,1888.85,127163
2021-03-26,1898.80,1930.00,1890.00,1918.25,54745
2021-03-30,1928.25,2000.00,1920.05,1974.60,60060
2021-03-31,1974.60,2095.00,1971.05,2052.70,92875
2021-04-01,2084.55,2084.55,1989.80,2053.35,115870
2021-04-05,2054.00,2060.00,1975.00,1980.60,25054
2021-04-06,1999.00,1999.00,1941.30,1974.80,27409
2021-04-07,1975.00,1985.20,1952.00,1961.90,21309
2021-04-08,1956.00,1999.55,1950.00,1957.20,15504
2021-04-09,1959.95,1986.05,1950.00,1966.85,11518
2021-04-12,1955.00,1966.85,1884.65,1902.00,25342
2021-04-13,1941.00,1941.00,1846.70,1889.60,40203
2021-04-15,1885.80,1885.80,1850.00,1856.80,15553
2021-04-16,1850.00,1922.95,1846.80,1901.10,29968
2021-04-19,1879.00,1900.00,1840.00,1861.10,16379
2021-04-20,1865.00,1892.95,1830.00,1856.75,24855
2021-04-22,1847.05,1879.95,1846.00,1870.45,63121
2021-04-23,1871.00,1898.00,1843.00,1872.45,53301
2021-04-26,1877.95,1929.90,1863.85,1900.40,15535
2021-04-27,1909.95,1945.00,1881.40,1905.65,17901
2021-04-28,1905.00,1930.70,1905.00,1920.15,7155
2021-04-29,1920.00,1931.65,1870.00,1880.15,11826
2021-04-30,1878.80,1890.90,1856.15,1862.75,10098
2021-05-03,1862.00,1866.00,1820.05,1825.45,48626
2021-05-04,1820.00,1888.00,1820.00,1871.70,44668
2021-05-05,1884.00,1891.55,1856.20,1879.05,29308
2021-05-06,1879.05,1879.35,1834.00,1843.15,38468
2021-05-07,1834.05,1858.30,1825.00,1829.00,26022
2021-05-10,1844.45,1873.55,1814.00,1819.30,42932
2021-05-11,1814.15,1866.00,1814.15,1843.40,43743
2021-05-12,1825.50,1949.70,1825.50,1920.75,143078
2021-05-14,1941.00,1950.45,1867.00,1875.95,30054
2021-05-17,1895.00,1939.00,1872.80,1924.40,22200
2021-05-18,1914.00,1975.00,1906.90,1930.80,43472
2021-05-19,1943.00,1965.00,1931.55,1943.55,36990
2021-05-20,1963.00,1975.00,1940.00,1966.65,20772
2021-05-21,1975.00,1995.00,1961.00,1985.00,22195
2021-05-24,2002.00,2002.00,1941.05,1957.60,19576
2021-05-25,1982.05,1992.00,1911.55,1943.15,30662
2021-05-26,1925.00,1925.00,1882.00,1899.70,92559
2021-05-27,1926.00,1966.50,1902.20,1934.00,83388
2021-05-28,1965.00,1965.00,1940.15,1952.65,15590
2021-05-31,1965.00,1965.00,1918.00,1926.65,22131
2021-06-01,1927.65,1945.00,1896.55,1907.10,42118
2021-06-02,1932.00,1940.00,1908.45,1934.70,20676
2021-06-03,1944.00,1959.95,1931.15,1949.10,22918
2021-06-04,1941.80,1975.00,1920.00,1929.15,13312
2021-06-07,1938.20,1966.00,1922.65,1938.65,22293
2021-06-08,1929.00,2044.75,1929.00,1973.20,104750
2021-06-09,1974.00,1995.15,1940.00,1946.25,57769
2021-06-10,1971.00,1988.00,1946.00,1957.40,24963
2021-06-11,1980.00,1982.20,1940.25,1963.40,16674
2021-06-14,1989.00,1989.00,1951.30,1963.85,36941
2021-06-15,1979.75,1979.75,1960.00,1965.70,35179
2021-06-16,1975.00,2000.00,1955.00,1987.90,85356
2021-06-17,1996.00,2030.00,1970.00,1980.85,50281
2021-06-18,1999.90,2007.95,1953.00,1983.20,25222
2021-06-21,1958.25,2041.00,1958.25,2016.95,18750
2021-06-22,2040.00,2042.00,1991.15,2028.35,32529
2021-06-23,2040.00,2053.40,1991.00,2030.00,30135
2021-06-24,2044.00,2096.00,2016.15,2070.65,44921
2021-06-25,2090.00,2135.00,2055.25,2116.50,46895
2021-06-28,2135.00,2169.00,2110.00,2141.15,55567
2021-06-29,2126.00,2174.00,2101.65,2149.85,35848
2021-06-30,2150.00,2169.00,2083.15,2140.15,42640
2021-07-01,2179.50,2179.50,2095.00,2114.00,19283
2021-07-02,2109.50,2163.80,2104.10,2151.05,14215
2021-07-05,2151.05,2169.60,2126.15,2150.05,35632
2021-07-06,2155.00,2188.95,2143.20,2166.00,21313
2021-07-07,2170.00,2222.00,2139.95,2169.90,135057
2021-07-08,2168.00,2168.00,2120.00,2142.25,71442
2021-07-09,2139.95,2148.75,2062.35,2073.60,76156
2021-07-12,2090.00,2099.90,2041.80,2069.55,32439
2021-07-13,2070.00,2133.10,2059.85,2118.85,44649
2021-07-14,2120.00,2129.95,2055.00,2066.50,27576
2021-07-15,2069.85,2084.90,2020.00,2024.85,20812
2021-07-16,2029.90,2083.45,2016.30,2046.70,24801
2021-07-19,2049.95,2077.00,2026.00,2062.60,10598
2021-07-20,2058.50,2062.60,2025.60,2041.55,14642
2021-07-22,2041.50,2052.70,2026.15,2038.95,15028
2021-07-23,2047.45,2047.45,2015.00,2023.55,6170
2021-07-26,2010.00,2039.00,1986.05,2001.65,13727
2021-07-27,2015.00,2046.05,1991.00,2006.95,15043
2021-07-28,2020.00,2022.45,1963.05,1984.75,7864
2021-07-29,2020.00,2022.90,1975.00,1998.70,29985
2021-07-30,2020.00,2022.95,1990.25,2000.70,8276
2021-08-02,2018.95,2019.00,1959.00,1964.75,37629
2021-08-03,1970.90,2020.00,1962.05,1995.05,11767
2021-08-04,2001.50,2029.00,1965.05,1985.90,14884
2021-08-05,2011.45,2011.45,1945.00,1948.70,12843
2021-08-06,1951.00,1985.00,1937.05,1948.65,8355
2021-08-09,1954.00,1987.70,1954.00,1963.75,15101
2021-08-10,1961.00,1995.00,1943.75,1969.40,29036
2021-08-11,1961.00,1986.00,1941.00,1949.00,19359
2021-08-12,1951.00,2000.00,1945.00,1949.10,54800
2021-08-13,1954.00,1990.85,1905.00,1928.10,187248
2021-08-16,1965.00,2040.00,1928.10,2007.60,211880
2021-08-17,2024.95,2024.95,1973.95,1991.15,87642
2021-08-18,1985.25,2003.20,1962.20,1990.25,16089
2021-08-20,1995.00,1995.00,1919.95,1960.10,91109
2021-08-23,1974.00,1988.95,1920.05,1928.55,114414
2021-08-24,1928.55,1937.90,1897.05,1925.05,40076
2021-08-25,1941.00,1948.65,1924.25,1937.90,81649
2021-08-26,1944.00,1945.85,1926.30,1938.90,31398
2021-08-27,1927.00,1945.55,1920.00,1932.90,5584
2021-08-30,1963.45,1996.95,1940.00,1962.85,16088
2021-08-31,1968.00,2056.90,1968.00,2021.50,119019
2021-09-01,2049.00,2049.00,1970.00,1984.05,18955
2021-09-02,1990.00,2024.40,1954.55,2001.30,34127
2021-09-03,2001.00,2108.90,2001.00,2097.05,225594
2021-09-06,2113.00,2145.00,2061.00,2077.85,37245
2021-09-07,2061.05,2100.00,2037.00,2064.80,97464
2021-09-08,2095.00,2095.00,2022.25,2040.25,13137
2021-09-09,2058.00,2100.00,2035.05,2092.60,22274
2021-09-13,2093.00,2121.00,2054.95,2095.85,40884
2021-09-14,2097.00,2119.50,2060.00,2105.00,30850
2021-09-15,2090.00,2198.35,2090.00,2141.30,125695
2021-09-16,2128.00,2151.90,2076.10,2097.10,30502
2021-09-17,2100.00,2114.25,2077.25,2097.75,35722
2021-09-20,2095.30,2110.15,2042.85,2061.70,31105
2021-09-21,2079.00,2088.95,2039.00,2049.15,15353
2021-09-22,2054.30,2079.85,2010.00,2025.80,38291
2021-09-23,2025.50,2040.90,1989.30,2006.85,90650
2021-09-24,2019.85,2034.05,1936.00,1943.40,80280
2021-09-27,1949.00,2006.45,1949.00,1980.05,55237
2021-09-28,1984.00,1997.80,1916.05,1921.95,35230
2021-09-29,1937.35,1959.95,1916.00,1921.00,18358
2021-09-30,1944.95,1968.50,1910.90,1955.30,31905
2021-10-01,1939.50,1948.60,1921.00,1928.90,11349
2021-10-04,1941.75,1954.95,1922.25,1940.70,23893
2021-10-05,1956.95,1956.95,1915.15,1935.95,393459
2021-10-06,1980.00,1987.90,1874.95,1883.95,109987
2021-10-07,1929.00,1929.20,1876.15,1883.10,34056
2021-10-08,1887.00,1923.65,1865.35,1875.70,122717
2021-10-11,1890.20,1894.00,1870.00,1890.00,89018
2021-10-12,1884.00,1900.05,1850.00,1852.85,133828
2021-10-13,1880.00,1880.00,1840.00,1850.90,409108
2021-10-14,1861.30,1907.85,1855.95,1887.20,64179
2021-10-18,1893.95,1921.00,1890.10,1915.85,79691
2021-10-19,1926.00,1926.00,1895.05,1910.60,360471
2021-10-20,1915.00,1925.15,1900.05,1911.85,28703
2021-10-21,1915.85,1930.00,1852.80,1887.15,106263
2021-10-22,1890.00,1947.00,1890.00,1937.55,69944
2021-10-25,1948.00,1965.00,1902.00,1911.90,36233
2021-10-26,1930.25,1930.25,1902.30,1906.85,19553
2021-10-27,1906.85,1939.90,1902.10,1931.20,39662
2021-10-28,1931.20,1963.00,1912.90,1949.20,37747
2021-10-29,1937.00,1955.00,1891.10,1917.65,56770
2021-11-01,1917.65,1948.70,1894.00,1937.60,16174
2021-11-02,1949.00,1954.00,1922.40,1938.60,289098
2021-11-03,1974.90,1974.90,1873.05,1879.80,41005
2021-11-04,1899.00,1919.00,1892.40,1905.90,1713
2021-11-08,1919.85,1920.00,1882.60,1894.35,15719
2021-11-09,1890.00,1915.00,1880.00,1906.25,178687
2021-11-10,1896.00,1904.00,1878.95,1886.20,12324
2021-11-11,1875.00,1900.45,1875.00,1897.75,23040
2021-11-12,1897.70,1903.85,1880.00,1896.70,11158
2021-11-15,1905.00,1906.00,1873.00,1878.55,9611
2021-11-16,1880.05,1892.50,1868.95,1872.70,7338
2021-11-17,1873.75,1899.00,1865.00,1884.00,22878
2021-11-18,1886.75,1905.00,1861.00,1889.75,11278
2021-11-22,1890.00,1893.70,1829.70,1878.15,38524
2021-11-23,1850.00,1879.05,1845.00,1857.35,20837
2021-11-24,1878.95,1890.05,1860.10,1867.55,6571
2021-11-25,1875.00,1875.70,1851.30,1858.90,34391
2021-11-26,1858.90,1880.90,1852.55,1859.35,18563
2021-11-29,1850.00,1870.10,1819.10,1848.10,43844
2021-11-30,1847.95,1912.00,1842.45,1897.65,108849
2021-12-01,1908.00,1925.00,1866.90,1880.60,117133
2021-12-02,1904.85,1904.85,1855.65,1862.30,14355
2021-12-03,1864.95,1888.00,1825.00,1840.55,29828
2021-12-06,1830.00,1849.25,1810.00,1815.70,9640
2021-12-07,1810.00,1865.10,1808.80,1851.05,40245
2021-12-08,1860.00,1875.00,1847.85,1861.05,28340
2021-12-09,1851.00,1890.00,1851.00,1884.85,14711
2021-12-10,1867.70,1908.35,1859.90,1863.85,18407
2021-12-13,1873.70,1894.00,1854.80,1864.00,25178
2021-12-14,1857.05,1861.20,1823.70,1831.00,41816
2021-12-15,1840.60,1854.00,1815.00,1820.90,8789
2021-12-16,1830.50,1832.00,1810.00,1816.10,17423
2021-12-17,1825.70,1828.90,1793.00,1826.25,9230
2021-12-20,1830.00,1830.00,1783.40,1800.80,21812
2021-12-21,1810.30,1819.35,1766.00,1784.30,99482
2021-12-22,1793.70,1819.75,1783.70,1815.60,15468
2021-12-23,1818.00,1842.80,1818.00,1835.15,12887
2021-12-24,1825.00,1840.00,1793.00,1803.10,10556
2021-12-27,1823.00,1823.00,1767.00,1785.30,18753
2021-12-28,1794.70,1815.80,1785.30,1811.10,10273
2021-12-29,1815.80,1828.70,1796.00,1804.25,10927
2021-12-30,1800.00,1834.00,1800.00,1823.10,9511
2021-12-31,1806.50,1883.95,1806.50,1872.45,31290
2022-01-03,1880.00,1887.90,1852.00,1855.75,21365
2022-01-04,1867.00,1878.60,1831.00,1846.60,15503
2022-01-05,1856.30,1866.75,1820.00,1835.70,19151
2022-01-06,1854.00,1863.00,1812.05,1833.20,11660
2022-01-07,1816.50,1855.00,1816.50,1840.00,16935
2022-01-10,1826.00,1856.00,1821.55,1838.25,27324
2022-01-11,1847.90,1855.00,1820.05,1826.20,10167
2022-01-12,1837.20,1857.15,1824.15,1853.30,125574
2022-01-13,1860.40,1886.00,1838.00,1869.70,44304
2022-01-14,1864.65,1890.00,1852.00,1870.40,13833
2022-01-17,1875.00,1944.00,1863.05,1922.60,42766
2022-01-18,1925.00,1927.35,1877.95,1898.30,15197
2022-01-19,1870.05,1907.90,1856.60,1889.80,18655
2022-01-20,1892.55,1902.50,1857.15,1891.05,13797
2022-01-21,1889.95,1910.00,1863.05,1899.00,45811
2022-01-24,1895.00,1908.85,1881.70,1890.65,15327
2022-01-25,1902.00,1918.00,1868.00,1890.15,33886
2022-01-27,1894.85,1944.00,1792.30,1868.95,87880
2022-01-28,1865.65,1893.00,1826.00,1877.95,55282
2022-01-31,1877.95,1899.70,1860.10,1889.00,20226
2022-02-01,1889.00,2000.00,1873.90,1953.90,75653
2022-02-02,1940.00,1962.60,1903.00,1917.90,68980
2022-02-03,1918.00,1925.85,1859.55,1863.15,13378
2022-02-04,1863.15,1880.80,1824.35,1852.20,89124
2022-02-07,1835.40,1890.00,1835.40,1873.35,11612
2022-02-08,1873.40,1900.00,1873.30,1897.50,34900
2022-02-09,1929.00,1929.00,1896.55,1905.20,9416
2022-02-10,1900.00,1904.80,1837.15,1883.50,117775
2022-02-11,1840.00,1877.05,1840.00,1865.35,47284
2022-02-14,1846.00,1848.00,1808.00,1813.45,15291
2022-02-15,1823.00,1880.00,1772.10,1833.10,84452
2022-02-16,1878.00,1878.00,1791.05,1806.95,125887
2022-02-17,1806.95,1814.85,1785.00,1796.75,26128
2022-02-18,1804.90,1804.90,1771.05,1784.35,26548
2022-02-21,1766.20,1783.85,1745.00,1772.65,88298
2022-02-22,1765.00,1777.95,1725.00,1766.15,32299
2022-02-23,1775.00,1775.00,1712.00,1721.90,192514
2022-02-24,1685.00,1690.85,1630.00,1639.20,62269
2022-02-25,1632.20,1669.00,1625.00,1639.45,110582
2022-02-28,1622.00,1639.00,1582.90,1624.20,68864
2022-03-02,1605.50,1628.35,1595.05,1604.60,34344
2022-03-03,1613.00,1616.00,1572.00,1597.50,106936
2022-03-04,1585.00,1595.05,1517.00,1548.70,90120
2022-03-07,1548.70,1598.00,1475.05,1586.45,69813
2022-03-08,1575.00,1688.00,1570.85,1635.75,48318
2022-03-09,1635.00,1688.00,1590.05,1672.60,42298
2022-03-10,1729.50,1729.50,1675.65,1702.45,49817
2022-03-11,1702.45,1719.25,1670.00,1684.15,13050
2022-03-14,1693.00,1698.00,1654.85,1690.00,24127
2022-03-15,1707.80,1743.90,1666.65,1705.10,17102
2022-03-16,1714.05,1750.00,1702.00,1744.15,13381
2022-03-17,1752.95,1784.40,1717.00,1749.05,24106
2022-03-21,1735.00,1758.75,1728.95,1744.60,15396
2022-03-22,1728.70,1753.80,1709.45,1715.95,43805
2022-03-23,1716.20,1725.00,1702.05,1708.05,10383
2022-03-24,1692.50,1740.85,1691.05,1708.30,16782
2022-03-25,1716.80,1716.80,1678.05,1684.40,48091
2022-03-28,1670.10,1686.25,1650.00,1660.45,28485
2022-03-29,1651.15,1667.10,1622.50,1638.35,194075
2022-03-30,1644.95,1652.60,1581.20,1604.00,51083
2022-03-31,1600.00,1634.80,1600.00,1622.70,44989
2022-04-01,1631.20,1656.80,1612.40,1637.20,72422
2022-04-04,1645.00,1700.00,1633.85,1673.75,152318
2022-04-05,1698.00,1732.10,1680.05,1701.80,49397
2022-04-06,1698.00,1713.85,1686.30,1709.60,173296
2022-04-07,1718.60,1725.00,1683.00,1706.10,96225
2022-04-08,1715.00,1715.00,1690.00,1703.70,315359
2022-04-11,1706.60,1759.95,1703.75,1751.65,232704
2022-04-12,1760.90,1762.00,1711.25,1719.45,18847
2022-04-13,1719.35,1759.15,1693.00,1749.25,162062
2022-04-18,1749.25,1766.65,1720.25,1756.30,17395
2022-04-19,1765.50,1839.45,1757.05,1809.25,187974
2022-04-20,1826.20,1870.00,1781.95,1806.50,37473
2022-04-21,1816.00,1910.00,1800.15,1890.85,204493
2022-04-22,1894.00,1917.70,1863.00,1883.35,61045
2022-04-25,1883.00,1883.00,1823.80,1870.60,390236
2022-04-26,1880.40,1928.90,1827.15,1870.60,60768
2022-04-27,1853.60,1916.05,1840.10,1899.30,20492
2022-04-28,1909.00,1949.00,1887.15,1909.70,28105
2022-04-29,1893.00,1951.00,1881.10,1937.40,45950
2022-05-02,1940.00,2020.00,1920.00,1941.00,159963
2022-05-04,1951.20,1967.05,1864.00,1902.30,21749
2022-05-05,1912.30,1943.70,1887.35,1909.50,110762
2022-05-06,1905.00,1946.00,1862.15,1912.20,84248
2022-05-09,1894.80,1909.90,1823.15,1843.35,28467
2022-05-10,1826.60,1895.00,1820.00,1857.25,39756
2022-05-11,1840.45,1872.30,1801.65,1820.55,15096
2022-05-12,1804.00,1830.05,1782.65,1801.00,40403
2022-05-13,1801.00,1830.00,1786.60,1813.55,60347
2022-05-16,1822.90,1849.00,1757.50,1769.90,14235
2022-05-17,1779.20,1815.45,1763.65,1800.15,38139
2022-05-18,1809.60,1838.85,1761.15,1774.75,58308
2022-05-19,1773.95,1810.00,1758.95,1790.90,23289
2022-05-20,1800.30,1817.15,1773.55,1791.05,72631
2022-05-23,1780.00,1960.00,1774.80,1892.95,160007
2022-05-24,1897.00,1928.35,1854.10,1882.30,24400
2022-05-25,1892.20,1918.00,1801.00,1875.45,109585
2022-05-26,1902.00,2079.85,1902.00,2056.10,651896
2022-05-27,2056.15,2094.45,2010.10,2071.35,159757
2022-05-30,2098.00,2119.45,2072.55,2101.70,42576
2022-05-31,2082.60,2350.00,2082.60,2277.75,443059
2022-06-01,2285.75,2328.90,2194.50,2276.95,158349
2022-06-02,2270.00,2270.00,2195.00,2241.05,93896
2022-06-03,2271.45,2325.00,2200.00,2247.05,51142
2022-06-06,2256.95,2273.50,2195.25,2208.50,20689
2022-06-07,2219.95,2222.65,2130.00,2157.25,23731
2022-06-08,2157.00,2185.45,2134.05,2169.60,92401
2022-06-09,2190.00,2203.00,2118.60,2133.45,24179
2022-06-10,2081.50,2142.05,2055.00,2095.75,119963
2022-06-13,2085.00,2089.00,2032.55,2059.75,42821
2022-06-14,2025.00,2090.00,2025.00,2045.05,20175
2022-06-15,2080.00,2140.00,2046.20,2114.10,61595
2022-06-16,2200.00,2200.00,2056.25,2087.15,154515
2022-06-17,2088.00,2100.00,2063.65,2087.40,23741
2022-06-20,2103.00,2145.00,2080.05,2097.55,54070
2022-06-21,2108.00,2151.25,2095.00,2140.25,15792
2022-06-22,2148.00,2148.00,2090.05,2096.15,23687
2022-06-23,2107.10,2167.00,2091.85,2126.00,114408
2022-06-24,2151.00,2211.15,2126.10,2179.60,60023
2022-06-27,2210.00,2263.95,2200.05,2229.45,60406
2022-06-28,2229.45,2247.00,2188.00,2197.95,32694
2022-06-29,2181.00,2210.05,2146.55,2175.45,24501
2022-06-30,2165.00,2246.00,2127.85,2223.80,42494
2022-07-01,2233.80,2242.45,2170.20,2212.15,42620
2022-07-04,2212.15,2428.85,2210.95,2369.15,207190
2022-07-05,2369.90,2369.90,2251.00,2271.50,197053
2022-07-06,2255.00,2369.90,2234.00,2350.15,84348
2022-07-07,2398.40,2398.40,2289.00,2309.90,173833
2022-07-08,2320.00,2337.65,2279.65,2294.15,73181
2022-07-11,2338.00,2349.00,2269.90,2303.70,71259
2022-07-12,2299.80,2340.00,2267.90,2332.35,40298
2022-07-13,2334.20,2335.60,2251.25,2264.90,263943
2022-07-14,2268.05,2328.75,2243.25,2316.75,141751
2022-07-15,2322.00,2344.95,2285.00,2301.30,57425
2022-07-18,2308.80,2383.30,2301.35,2361.85,73317
2022-07-19,2369.00,2458.00,2361.85,2433.60,119553
2022-07-20,2460.00,2489.00,2383.45,2405.80,81453
2022-07-21,2421.00,2438.00,2405.85,2420.25,41125
2022-07-22,2433.00,2448.95,2376.00,2399.65,20669
2022-07-25,2399.65,2415.05,2350.00,2360.05,32289
2022-07-26,2389.00,2389.00,2307.00,2320.70,57524
2022-07-27,2332.90,2380.00,2325.00,2374.35,47949
2022-07-28,2367.95,2390.10,2326.00,2374.85,49780
2022-07-29,2392.00,2413.00,2375.00,2398.60,51332
2022-08-01,2412.35,2497.00,2401.00,2474.65,108661
2022-08-02,2467.30,2499.40,2420.10,2495.35,45808
2022-08-03,2500.00,2508.50,2446.00,2489.75,50364
2022-08-04,2489.95,2501.75,2407.25,2443.05,179243
2022-08-05,2443.00,2449.65,2358.00,2378.90,137824
2022-08-08,2378.05,2417.90,2363.30,2395.25,27810
2022-08-10,2490.00,2650.00,2479.30,2582.00,567161
2022-08-11,2610.00,2654.10,2567.60,2640.65,128721
2022-08-12,2616.60,2616.60,2520.05,2556.50,115376
2022-08-16,2578.85,2578.85,2505.00,2552.70,73093
2022-08-17,2576.35,2576.35,2491.55,2504.05,58430
2022-08-18,2504.05,2580.00,2504.05,2540.60,62920
2022-08-19,2559.00,2563.35,2494.70,2512.40,19387
2022-08-22,2519.10,2525.60,2450.00,2500.05,34835
2022-08-23,2480.00,2532.20,2466.70,2509.75,35292
2022-08-24,2524.75,2577.55,2490.20,2561.60,56066
2022-08-25,2575.00,2627.95,2554.75,2593.35,51704
2022-08-26,2612.80,2613.00,2526.00,2545.65,28505
2022-08-29,2445.00,2542.00,2445.00,2523.85,26118
2022-08-30,2569.80,2623.80,2513.60,2607.55,65298
2022-09-01,2625.25,2680.55,2590.05,2625.05,101958
2022-09-02,2602.00,2620.00,2551.00,2596.65,59496
2022-09-05,2620.00,2687.35,2561.10,2585.75,97477
2022-09-06,2594.80,2594.80,2511.05,2520.40,77255
2022-09-07,2540.00,2550.00,2469.80,2507.05,55307
2022-09-08,2549.00,2559.95,2489.30,2538.85,47774
2022-09-09,2538.85,2569.95,2536.10,2548.75,23519
2022-09-12,2560.00,2638.00,2559.85,2612.60,41346
2022-09-13,2639.95,2639.95,2550.05,2568.05,31841
2022-09-14,2540.00,2592.05,2530.30,2578.60,13437
2022-09-15,2608.00,2608.00,2506.00,2523.65,30084
2022-09-16,2534.40,2587.00,2470.00,2506.70,44306
2022-09-19,2533.95,2583.85,2511.35,2571.55,24995
2022-09-20,2594.00,2712.95,2564.40,2679.35,94713
2022-09-21,2715.00,2723.90,2599.05,2623.40,68586
2022-09-22,2629.80,2661.00,2572.25,2602.00,48043
2022-09-23,2607.60,2630.90,2592.70,2615.75,48936
2022-09-26,2621.00,2621.00,2500.00,2561.90,67320
2022-09-27,2552.00,2552.00,2455.00,2507.35,88820
2022-09-28,2480.00,2497.40,2420.00,2473.60,66003
2022-09-29,2480.00,2549.00,2425.00,2505.70,36971
2022-09-30,2518.25,2525.00,2469.65,2509.20,95227
2022-10-03,2472.15,2508.95,2425.00,2466.40,58755
2022-10-04,2479.40,2519.00,2406.10,2442.95,161740
2022-10-06,2446.80,2525.95,2439.55,2516.10,56876
2022-10-07,2499.65,2539.00,2469.20,2525.80,68268
2022-10-10,2502.80,2555.00,2490.05,2542.50,83690
2022-10-11,2565.00,2602.55,2510.00,2553.90,83164
2022-10-12,2553.90,2587.25,2510.00,2556.55,65754
2022-10-13,2550.00,2628.05,2550.00,2598.05,69259
2022-10-14,2600.55,2618.20,2580.00,2598.35,71947
2022-10-17,2606.20,2653.40,2566.60,2592.15,67756
2022-10-18,2605.80,2627.25,2560.60,2603.10,48414
2022-10-19,2603.10,2634.00,2590.00,2604.35,19388
2022-10-20,2585.00,2654.00,2560.25,2584.60,28674
2022-10-21,2568.05,2628.00,2568.05,2606.35,30361
2022-10-24,2623.00,2623.95,2589.95,2605.10,2372
2022-10-25,2582.00,2676.35,2581.85,2648.35,32094
2022-10-27,2649.95,2718.85,2635.15,2672.40,81052
2022-10-28,2685.80,2685.80,2630.35,2638.85,13172
2022-10-31,2651.00,2709.00,2641.00,2681.75,43433
2022-11-01,2695.20,2737.00,2681.75,2699.65,36279
2022-11-02,2700.95,2814.00,2685.00,2773.70,84689
2022-11-03,2748.50,2779.15,2732.25,2765.90,21048
2022-11-04,2751.25,2771.75,2730.10,2739.85,10491
2022-11-07,2745.00,2775.00,2700.55,2716.45,22241
2022-11-09,2705.00,2724.85,2620.00,2638.45,21737
2022-11-10,2620.00,2688.95,2612.25,2629.45,25442
2022-11-11,2642.60,2684.90,2570.00,2593.55,33620
2022-11-14,2591.00,2821.25,2591.00,2731.75,327346
2022-11-15,2764.95,2788.70,2658.20,2674.30,74693
2022-11-16,2677.00,2677.05,2579.00,2604.20,59228
2022-11-17,2600.00,2609.05,2521.00,2575.05,101514
2022-11-18,2587.95,2702.40,2587.95,2659.05,114997
2022-11-21,2676.30,2790.00,2662.55,2703.80,86486
2022-11-22,2717.35,2743.95,2681.30,2723.90,34809
2022-11-23,2720.00,2720.00,2680.00,2702.95,18480
2022-11-24,2715.00,2724.40,2675.00,2689.45,17557
2022-11-25,2685.00,2696.75,2627.00,2639.90,38478
2022-11-28,2636.00,2673.20,2615.95,2654.95,46810
2022-11-29,2654.00,2708.95,2653.20,2699.80,92096
2022-11-30,2702.00,2726.95,2690.00,2700.10,63192
2022-12-01,2714.00,2810.00,2682.40,2733.20,171752
2022-12-02,2739.95,2777.95,2714.35,2761.85,91063
2022-12-05,2798.70,2813.10,2715.10,2750.35,55603
2022-12-06,2730.00,2794.00,2730.00,2781.85,36841
2022-12-07,2789.00,2874.75,2730.00,2760.25,102063
2022-12-08,2760.00,2848.70,2740.00,2832.40,50553
2022-12-09,2858.00,2870.00,2732.00,2752.55,46526
2022-12-12,2760.00,2790.00,2732.00,2778.95,61363
2022-12-13,2778.00,2792.75,2735.00,2750.15,33105
2022-12-14,2750.15,2785.00,2740.00,2751.40,26929
2022-12-15,2735.00,2764.25,2690.00,2706.55,16375
2022-12-16,2679.50,2708.10,2606.65,2672.40,66305
2022-12-19,2651.00,2730.00,2648.10,2721.95,27012
2022-12-20,2736.00,2768.00,2691.60,2739.25,42620
2022-12-21,2740.00,2752.05,2682.00,2710.90,41288
2022-12-22,2699.00,2708.25,2620.10,2648.70,48950
2022-12-23,2624.65,2640.00,2531.30,2569.55,45366
2022-12-26,2515.05,2619.00,2493.30,2605.15,28176
2022-12-27,2618.90,2649.15,2581.00,2602.75,15737
2022-12-28,2589.70,2630.30,2540.00,2575.70,47328
2022-12-29,2559.00,2617.35,2553.85,2584.80,23058
2022-12-30,2598.40,2626.40,2530.00,2564.95,32195
2023-01-02,2569.45,2627.45,2569.45,2584.85,116801
2023-01-03,2590.20,2625.00,2581.10,2600.25,38455
2023-01-04,2600.00,2611.45,2580.00,2582.75,16707
2023-01-05,2593.05,2624.00,2520.00,2595.30,62095
2023-01-06,2589.00,2598.95,2503.00,2510.30,182681
2023-01-09,2510.30,2559.85,2503.10,2537.90,66267
2023-01-10,2537.90,2587.10,2481.25,2516.05,201397
2023-01-11,2521.25,2551.45,2509.25,2533.10,68659
2023-01-12,2546.00,2565.10,2517.00,2529.40,85928
2023-01-13,2525.40,2540.05,2510.00,2525.05,66481
2023-01-16,2515.45,2527.50,2482.50,2491.35,11814
2023-01-17,2491.90,2501.00,2441.40,2460.25,24095
2023-01-18,2450.00,2453.10,2405.00,2414.35,70701
2023-01-19,2403.80,2497.00,2383.50,2436.20,185024
2023-01-20,2431.00,2440.00,2390.15,2424.40,44400
2023-01-23,2429.40,2460.00,2420.65,2452.10,28432
2023-01-24,2445.00,2485.90,2440.00,2459.55,28053
2023-01-25,2472.50,2486.35,2428.00,2481.75,25852
2023-01-27,2495.00,2625.00,2445.00,2598.75,256372
2023-01-30,2665.00,2693.00,2570.00,2644.80,247229
2023-01-31,2680.00,2911.25,2647.55,2747.45,309178
2023-02-01,2743.50,2899.00,2742.90,2852.25,200467
2023-02-02,2830.50,2852.25,2765.00,2788.80,65781
2023-02-03,2798.80,2821.90,2755.55,2801.20,89775
2023-02-06,2810.00,2830.00,2791.00,2799.35,43018
2023-02-07,2824.00,2827.25,2771.05,2790.45,39809
2023-02-08,2787.60,2821.15,2740.00,2776.75,77186
2023-02-09,2791.40,2800.00,2755.00,2770.15,27020
2023-02-10,2839.00,2839.00,2765.00,2787.50,95247
2023-02-13,2815.80,2815.80,2782.00,2797.55,41698
2023-02-14,2812.30,2830.00,2755.00,2799.45,57647
2023-02-15,2809.70,2828.20,2785.15,2818.25,40772
2023-02-16,2834.95,2849.90,2776.10,2783.80,52013
2023-02-17,2787.30,2788.75,2760.00,2777.00,27257
2023-02-20,2779.95,2795.95,2700.00,2710.10,73766
2023-02-21,2711.00,2743.00,2663.00,2728.20,80724
2023-02-22,2724.95,2735.90,2671.35,2702.25,35686
2023-02-23,2694.00,2740.00,2656.00,2702.80,49139
2023-02-24,2687.00,2732.00,2687.00,2720.35,36884
2023-02-27,2700.05,2727.65,2656.00,2675.95,74004
2023-02-28,2687.00,2719.00,2640.00,2650.65,129408
2023-03-01,2651.00,2714.00,2651.00,2706.80,48734
2023-03-02,2690.00,2710.45,2672.20,2684.10,22094
2023-03-03,2691.00,2709.00,2670.30,2685.20,20017
2023-03-06,2690.00,2735.35,2675.00,2706.05,75495
2023-03-08,2706.00,2807.00,2703.00,2774.40,111573
2023-03-09,2790.00,2824.95,2733.35,2752.30,45857
2023-03-10,2760.00,2829.85,2753.05,2800.35,97238
2023-03-13,2800.35,2810.00,2765.50,2796.15,43954
2023-03-14,2785.10,2820.00,2746.75,2774.40,44985
2023-03-15,2775.00,2801.80,2735.30,2770.50,34167
2023-03-16,2765.00,2768.95,2712.60,2726.95,25162
2023-03-17,2721.05,2829.90,2721.05,2803.75,45954
2023-03-20,2752.00,2803.75,2731.05,2751.15,23136
2023-03-21,2771.00,2779.05,2642.70,2751.15,57133
2023-03-22,2765.60,2799.00,2722.50,2791.80,39483
2023-03-23,2789.00,2864.30,2766.70,2823.35,57601
2023-03-24,2823.35,2894.00,2803.90,2843.05,62368
2023-03-27,2865.60,2940.00,2829.00,2890.95,132102
2023-03-28,2890.95,2924.05,2837.10,2879.25,58901
2023-03-29,2879.00,2936.00,2861.00,2905.40,92090
2023-03-31,2920.00,2960.00,2887.95,2903.10,61802
2023-04-03,2918.40,2968.55,2886.00,2954.80,89829
2023-04-05,2960.00,2988.00,2934.05,2965.70,68485
2023-04-06,2952.30,2967.10,2927.15,2933.95,34821
2023-04-10,2939.75,2957.80,2880.15,2895.85,22296
2023-04-11,2909.80,2958.00,2896.00,2925.10,83990
2023-04-12,2927.00,2962.15,2892.00,2906.05,31165
2023-04-13,2911.00,2929.20,2851.55,2882.55,70530
2023-04-17,2885.10,2925.00,2860.05,2878.30,20382
2023-04-18,2898.30,2940.30,2772.00,2792.85,51436
2023-04-19,2787.85,2817.00,2732.60,2745.80,62438
2023-04-20,2759.95,2780.00,2734.00,2746.20,44180
2023-04-21,2754.00,2804.90,2750.00,2779.80,50559
2023-04-24,2779.95,2820.05,2712.05,2727.90,112380
2023-04-25,2741.95,2766.40,2678.85,2689.50,68130
2023-04-26,2689.00,2755.00,2670.00,2714.95,43496
2023-04-27,2724.95,2748.00,2670.10,2696.40,51163
2023-04-28,2710.00,2734.00,2620.00,2718.75,100289
2023-05-02,2718.75,2785.45,2718.75,2777.60,43262
2023-05-03,2785.00,2838.90,2765.85,2824.90,46560
2023-05-04,2824.05,2840.00,2787.15,2801.45,55107
2023-05-05,2782.00,2820.00,2740.00,2747.40,24568
2023-05-08,2765.00,2788.05,2721.00,2739.30,28722
2023-05-09,2735.05,2745.05,2691.00,2698.05,26276
2023-05-10,2697.05,2732.00,2664.45,2708.10,76226
2023-05-11,2718.00,2739.00,2687.15,2721.35,48640
2023-05-12,2735.30,2760.00,2691.00,2743.30,77774
2023-05-15,2745.00,2760.00,2711.90,2752.50,29899
2023-05-16,2752.50,2809.95,2743.35,2783.35,57191
2023-05-17,2793.85,2809.00,2763.25,2800.70,51925
2023-05-18,2809.00,2900.00,2801.10,2855.80,124624
2023-05-19,2861.00,2875.00,2813.30,2824.60,77832
2023-05-22,2832.95,2898.90,2825.00,2890.60,63594
2023-05-23,2890.60,2934.00,2873.00,2925.30,66265
2023-05-24,2925.30,2945.00,2889.10,2938.95,66378
2023-05-25,2938.00,2958.00,2869.20,2909.75,68916
2023-05-26,2920.25,2960.00,2790.05,2800.45,317003
2023-05-29,2834.00,2845.35,2761.00,2789.75,255424
2023-05-30,2798.95,3033.90,2791.35,2971.75,409001
2023-05-31,2982.00,3094.70,2950.00,3064.70,273424
2023-06-01,3058.00,3089.00,3001.30,3030.00,159497
2023-06-02,3033.25,3074.00,2994.35,3058.35,85352
2023-06-05,3085.00,3117.00,3002.00,3100.55,180695
2023-06-06,3112.25,3146.30,3091.90,3112.90,111422
2023-06-07,3112.00,3165.00,3095.45,3142.55,165294
2023-06-08,3140.25,3140.25,3100.00,3122.95,136991
2023-06-09,3125.35,3236.00,3125.35,3223.20,194832
2023-06-12,3225.25,3278.50,3196.30,3267.45,63611
2023-06-13,3270.35,3302.85,3242.25,3258.30,45491
2023-06-14,3258.30,3319.05,3250.40,3293.55,41423
2023-06-15,3293.55,3380.00,3289.65,3327.55,108137
2023-06-16,3363.30,3498.95,3345.60,3477.00,198149
2023-06-19,3460.00,3460.00,3392.00,3401.50,72430
2023-06-20,3383.10,3416.30,3324.00,3355.45,40650
2023-06-21,3358.70,3398.00,3311.60,3357.50,110978
2023-06-22,3374.15,3383.15,3295.00,3320.90,25198
2023-06-23,3355.95,3375.00,3283.35,3311.60,46388
2023-06-26,3346.55,3363.70,3304.00,3319.05,26144
2023-06-27,3319.05,3327.40,3237.00,3299.15,47074
2023-06-28,3311.85,3330.55,3240.00,3260.15,100426
2023-06-30,3251.20,3291.80,3180.00,3200.45,90316
2023-07-03,3205.00,3216.55,3133.20,3155.85,91367
2023-07-04,3187.00,3190.00,3100.75,3136.40,148399
2023-07-05,3161.75,3265.00,3143.30,3180.85,112014
2023-07-06,3214.70,3230.00,3175.00,3214.75,89768
2023-07-07,3233.00,3248.50,3181.05,3207.75,86116
2023-07-10,3214.95,3235.25,3182.00,3190.55,37082
2023-07-11,3193.00,3357.55,3191.05,3334.75,131810
2023-07-12,3343.15,3373.00,3287.10,3328.45,34517
2023-07-13,3342.00,3402.35,3314.45,3360.55,61344
2023-07-14,3370.00,3392.00,3341.00,3363.35,29775
2023-07-17,3359.95,3380.00,3328.50,3359.25,38872
2023-07-18,3359.25,3570.00,3359.25,3493.90,170023
2023-07-19,3535.00,3556.75,3493.00,3526.85,157227
2023-07-20,3526.85,3548.00,3458.50,3512.80,91187
2023-07-21,3515.00,3550.45,3478.05,3512.65,78244
2023-07-24,3530.95,3617.60,3509.55,3555.95,42016
2023-07-25,3569.90,3569.90,3461.55,3493.45,32432
2023-07-26,3505.00,3586.80,3461.10,3481.85,67733
2023-07-27,3490.05,3525.75,3477.00,3497.65,35807
2023-07-28,3497.65,3548.85,3467.05,3513.95,58823
2023-07-31,3532.40,3564.00,3434.00,3458.35,111334
2023-08-01,3469.95,3520.00,3326.00,3376.35,91683
2023-08-02,3380.00,3509.00,3380.00,3464.55,291605
2023-08-03,3468.00,3555.00,3400.05,3418.40,278882
2023-08-04,3449.00,3464.80,3397.40,3412.65,49908
2023-08-07,3449.00,3565.00,3425.60,3540.30,88846
2023-08-08,3569.00,3569.95,3535.00,3560.85,173074
2023-08-09,3570.00,3642.80,3550.00,3598.45,114841
2023-08-10,3603.20,3625.95,3550.00,3587.35,42617
2023-08-11,3585.00,3645.00,3580.00,3600.65,129974
2023-08-14,3610.00,3668.55,3545.00,3624.30,42192
2023-08-16,3624.30,3640.00,3580.00,3598.90,34316
2023-08-17,3599.90,3621.70,3510.00,3534.45,26962
2023-08-18,3550.00,3660.00,3517.45,3623.45,76057
2023-08-21,3629.95,3661.70,3582.30,3609.65,130970
2023-08-22,3609.65,3642.00,3575.00,3597.35,39578
2023-08-23,3605.00,3659.00,3598.15,3642.25,99532
2023-08-24,3653.05,3669.45,3607.65,3649.60,91801
2023-08-25,3648.00,3703.35,3619.80,3648.15,118058
2023-08-28,3655.00,3720.00,3644.05,3661.90,86066
2023-08-29,3664.95,3700.50,3640.20,3675.15,128437
2023-08-30,3675.20,3700.50,3656.00,3699.90,47570
2023-08-31,3702.00,3718.95,3656.00,3695.15,93343
2023-09-01,3720.00,3744.00,3680.00,3703.80,56865
2023-09-04,3720.00,3720.00,3602.05,3611.40,49835
2023-09-05,3614.35,3706.00,3590.00,3680.35,50761
2023-09-06,3681.80,3689.10,3596.00,3648.05,55543
2023-09-07,3648.05,3670.00,3602.25,3656.50,44520
2023-09-08,3665.85,3739.95,3644.10,3723.15,51601
2023-09-11,3750.00,3824.00,3707.00,3801.60,56660
2023-09-12,3807.10,3809.20,3661.55,3683.20,46305
2023-09-13,3661.00,3767.05,3580.05,3634.90,82138
2023-09-14,3635.25,3683.95,3581.00,3586.75,57975
2023-09-15,3645.00,3755.00,3527.10,3688.30,657739
2023-09-18,3670.00,3674.00,3606.00,3629.05,36120
2023-09-20,3610.00,3629.00,3542.75,3557.00,49864
2023-09-21,3527.00,3583.10,3510.45,3566.30,37779
2023-09-22,3566.30,3566.30,3455.00,3491.85,56491
2023-09-25,3480.00,3492.80,3365.25,3380.80,59522
2023-09-26,3379.95,3436.65,3370.05,3404.15,57115
2023-09-27,3405.00,3449.00,3390.25,3440.55,22901
2023-09-28,3440.60,3538.00,3440.60,3501.25,39418
2023-09-29,3519.00,3549.00,3477.10,3512.70,39291
2023-10-03,3502.30,3598.00,3502.30,3533.40,78017
2023-10-04,3530.00,3557.90,3491.65,3504.70,51256
2023-10-05,3509.95,3560.00,3446.20,3456.55,68416
2023-10-06,3457.00,3457.00,3406.00,3440.15,48245
2023-10-09,3422.30,3429.00,3399.00,3410.50,43379
2023-10-10,3419.65,3470.00,3399.05,3463.05,39790
2023-10-11,3450.00,3498.00,3407.10,3430.60,115447
2023-10-12,3439.80,3450.30,3355.65,3367.45,110403
2023-10-13,3372.60,3400.00,3365.00,3380.75,36271
2023-10-16,3380.75,3475.00,3380.15,3468.10,48257
2023-10-17,3473.00,3527.15,3452.30,3501.85,33906
2023-10-18,3505.05,3585.00,3480.00,3513.45,57048
2023-10-19,3500.00,3581.70,3500.00,3537.45,43599
2023-10-20,3525.00,3594.90,3429.90,3467.30,103444
2023-10-23,3467.30,3531.95,3380.00,3407.70,29939
2023-10-25,3400.00,3478.00,3340.05,3427.60,40029
2023-10-26,3401.00,3455.00,3348.35,3428.55,37737
2023-10-27,3415.00,3552.85,3415.00,3535.00,33863
2023-10-30,3553.00,3569.85,3455.00,3491.30,22132
2023-10-31,3492.05,3560.00,3461.00,3515.55,28979
2023-11-01,3543.00,3729.85,3484.25,3679.35,153968
2023-11-02,3682.95,3785.00,3655.00,3723.85,85039
2023-11-03,3723.00,3796.00,3710.00,3764.90,32601
2023-11-06,3765.10,3830.00,3617.85,3637.40,92329
2023-11-07,3637.40,3647.05,3542.65,3551.95,146488
2023-11-08,3552.00,3626.60,3455.05,3608.00,97324
2023-11-09,3608.00,3636.00,3542.10,3611.15,43406
2023-11-10,3610.05,3638.80,3542.00,3559.50,40915
2023-11-12,3588.95,3607.70,3560.00,3570.35,5728
2023-11-13,3560.00,3618.00,3545.80,3597.20,49754
2023-11-15,3616.10,3658.20,3570.00,3585.15,52577
2023-11-16,3585.15,3609.85,3550.00,3562.35,52334
2023-11-17,3563.00,3588.10,3499.75,3504.25,69727
2023-11-20,3513.00,3540.35,3465.00,3484.35,60836
2023-11-21,3480.00,3498.60,3440.00,3454.60,197650
2023-11-22,3464.65,3471.20,3404.60,3424.90,225987
2023-11-23,3442.85,3509.20,3430.00,3499.70,212645
2023-11-24,3518.10,3553.40,3489.00,3541.20,53791
2023-11-28,3551.70,3580.00,3519.65,3545.10,49839
2023-11-29,3548.35,3618.90,3548.35,3607.10,50508
2023-11-30,3607.10,3631.00,3521.35,3591.65,105475
2023-12-01,3600.05,3657.60,3600.05,3634.80,44767
2023-12-04,3650.00,3680.00,3618.00,3665.80,74167
2023-12-05,3665.20,3698.00,3650.05,3685.10,64613
2023-12-06,3685.00,3720.00,3663.05,3701.75,31006
2023-12-07,3701.00,3781.30,3695.05,3766.10,42356
2023-12-08,3766.10,3769.00,3711.00,3743.25,25014
2023-12-11,3723.25,3770.40,3680.00,3692.90,53717
2023-12-12,3684.55,3730.05,3600.00,3606.50,43704
2023-12-13,3625.00,3695.55,3570.10,3678.85,48791
2023-12-14,3678.85,3678.90,3610.05,3623.10,34821
2023-12-15,3639.95,3684.80,3582.00,3600.10,58539
2023-12-18,3619.00,3630.00,3547.90,3563.75,42369
2023-12-19,3589.00,3593.95,3529.00,3536.75,59846
2023-12-20,3540.00,3567.70,3522.50,3537.15,60849
2023-12-21,3530.05,3560.95,3488.05,3513.00,34279
2023-12-22,3513.00,3581.00,3497.10,3574.30,94756
2023-12-26,3570.60,3598.00,3534.05,3590.70,27634
2023-12-27,3595.85,3625.00,3576.00,3610.55,55795
2023-12-28,3614.20,3694.00,3596.20,3679.10,79824
2023-12-29,3679.00,3700.00,3640.00,3689.50,47487
2024-01-01,3707.95,3709.80,3655.00,3684.10,20291
2024-01-02,3703.50,3703.50,3591.00,3630.30,24277
2024-01-03,3620.50,3632.05,3550.05,3560.95,113777
2024-01-04,3579.00,3617.45,3525.75,3602.90,72899
2024-01-05,3602.00,3625.50,3580.00,3624.35,39916
2024-01-08,3650.00,3660.00,3580.00,3608.90,271262
2024-01-09,3620.00,3663.90,3601.55,3626.20,22444
2024-01-10,3625.00,3847.20,3601.10,3755.85,175628
2024-01-11,3755.85,3787.15,3680.45,3716.05,145546
2024-01-12,3722.65,3796.00,3714.80,3747.35,27381
2024-01-15,3767.10,3781.95,3685.65,3708.80,70367
2024-01-16,3707.80,3739.95,3655.55,3716.00,47216
2024-01-17,3715.50,3744.00,3668.05,3717.75,33995
2024-01-18,3718.00,3815.45,3601.00,3648.15,93161
2024-01-19,3648.15,3735.00,3646.05,3713.35,59626
2024-01-20,3739.75,3739.75,3661.55,3673.75,7015
2024-01-23,3708.95,3710.00,3620.00,3635.90,32508
2024-01-24,3625.10,3909.75,3600.05,3811.50,86109
2024-01-25,3825.00,3989.00,3825.00,3894.90,145403
2024-01-29,3939.00,4096.00,3931.55,4026.80,97321
2024-01-30,4035.00,4040.00,3840.00,3884.65,54814
2024-01-31,3893.25,4235.00,3893.20,4107.35,201723
2024-02-01,4074.00,4630.00,3986.15,4356.40,566698
2024-02-02,4329.75,4591.20,4289.00,4461.20,187535
2024-02-05,4468.25,4479.00,4272.00,4323.20,104268
2024-02-06,4377.00,4444.95,4302.10,4423.05,56681
2024-02-07,4408.00,4542.45,4038.60,4129.35,277798
2024-02-08,4033.40,4119.00,3885.00,3935.55,262892
2024-02-09,3964.95,3965.00,3814.00,3936.40,73236
2024-02-12,3940.00,3978.60,3900.00,3932.60,55358
2024-02-13,3907.00,3990.00,3756.05,3969.25,104554
2024-02-14,3950.00,3966.55,3897.05,3931.55,27769
2024-02-15,3931.60,3945.00,3815.00,3846.10,115738
2024-02-16,3830.25,3909.00,3830.00,3859.90,70690
2024-02-19,3864.00,3970.00,3840.05,3922.65,35602
2024-02-20,3922.00,3922.00,3851.05,3876.25,134624
2024-02-21,3875.00,3875.00,3770.00,3797.70,77094
2024-02-22,3797.70,3817.70,3722.15,3748.50,53614
2024-02-23,3748.40,3765.60,3715.25,3743.40,41557
2024-02-26,3729.95,3750.20,3685.00,3721.90,41357
2024-02-27,3710.00,3818.70,3680.00,3791.80,53440
2024-02-28,3800.00,3811.60,3690.00,3703.25,41007
2024-02-29,3683.30,3695.00,3634.90,3645.50,63569
2024-03-01,3643.00,3745.05,3635.25,3686.45,77347
2024-03-02,3686.50,3733.40,3683.25,3713.30,1646
2024-03-04,3765.00,3765.00,3662.40,3714.05,64930
2024-03-05,3685.00,3740.00,3673.45,3715.20,54458
2024-03-06,3718.95,3735.00,3612.30,3653.40,58780
2024-03-07,3670.00,3720.00,3632.00,3699.15,61123
2024-03-11,3708.50,3716.50,3645.00,3672.35,22115
2024-03-12,3652.35,3709.95,3622.35,3694.90,30137
2024-03-13,3685.65,3692.95,3554.10,3629.85,47161
2024-03-14,3621.00,3632.00,3578.30,3616.00,41986
2024-03-15,3616.00,3659.65,3565.50,3616.10,45713
2024-03-18,3614.95,3647.90,3573.05,3636.85,56718
2024-03-19,3648.85,3655.00,3582.00,3645.90,30407
2024-03-20,3627.60,3662.70,3600.10,3642.90,87238
2024-03-21,3640.00,3763.40,3640.00,3716.55,115726
2024-03-22,3734.75,3819.50,3692.10,3796.45,27474
2024-03-26,3803.90,3812.20,3722.00,3801.05,42096
2024-03-27,3812.00,3934.90,3800.00,3886.30,91531
2024-03-28,3885.00,3975.00,3735.10,3915.25,109850
2024-04-01,3935.90,3997.85,3865.00,3988.05,36140
2024-04-02,3928.25,4049.95,3928.25,4023.80,29891
2024-04-03,4023.80,4044.00,3957.80,3984.65,46892
2024-04-04,3985.00,4030.60,3915.00,3976.65,25866
2024-04-05,3976.60,4040.00,3950.00,3995.65,29465
2024-04-08,4075.00,4181.95,4010.00,4093.15,129370
2024-04-09,4093.05,4206.40,4085.30,4100.00,60425
2024-04-10,4110.25,4130.55,3982.65,4010.85,31365
2024-04-12,4025.00,4037.90,3901.00,3923.60,67164
2024-04-15,3900.00,3917.95,3800.00,3808.15,23244
2024-04-16,3800.00,3864.20,3800.00,3815.05,54471
2024-04-18,3828.95,3877.90,3812.00,3833.95,26218
2024-04-19,3830.00,3874.20,3773.40,3834.75,14797
2024-04-22,3860.00,3893.85,3832.00,3845.35,41077
2024-04-23,3865.55,3877.60,3812.60,3843.20,79996
2024-04-24,3833.30,3928.95,3833.30,3887.20,35888
2024-04-25,3887.90,3950.00,3852.40,3914.70,137400
2024-04-26,3935.30,3935.30,3862.30,3904.50,20386
2024-04-29,3904.60,3928.80,3755.55,3771.85,633855
2024-04-30,3783.00,3903.95,3777.05,3797.20,72215
2024-05-02,3785.00,3844.70,3760.00,3780.20,46938
2024-05-03,3780.00,3780.00,3700.00,3708.50,622763
2024-05-06,3715.00,3799.00,3715.00,3763.50,46857
2024-05-07,3790.00,3897.90,3766.05,3804.95,99499
2024-05-08,3824.15,3851.70,3741.60,3796.85,59776
2024-05-09,3802.45,3816.80,3755.00,3786.90,149401
2024-05-10,3793.95,3800.00,3745.00,3764.30,215816
2024-05-13,3777.65,3814.05,3720.15,3774.60,30136
2024-05-14,3784.00,3860.00,3701.05,3774.50,70897
2024-05-15,3760.00,3807.85,3646.05,3755.45,98658
2024-05-16,3756.95,3839.00,3709.00,3743.60,327818
2024-05-17,3752.00,3825.00,3730.00,3792.65,193574
2024-05-18,3800.00,3811.00,3784.50,3802.80,1580
2024-05-21,3809.80,3811.95,3720.15,3743.60,71521
2024-05-22,3756.95,3756.95,3592.05,3647.60,103648
2024-05-23,3647.60,3710.00,3647.60,3690.85,53287
2024-05-24,3690.85,3748.95,3666.55,3736.25,96498
2024-05-27,3736.25,3746.00,3675.10,3720.25,56601
2024-05-28,3720.00,3721.20,3673.55,3686.85,72148
2024-05-29,3686.85,3703.30,3660.00,3674.50,19743
2024-05-30,3665.00,3711.70,3625.00,3688.10,32409
2024-05-31,3688.10,3745.95,3643.50,3676.30,84464
2024-06-03,3725.00,3742.00,3656.30,3684.00,505956
2024-06-04,3716.00,3720.35,3567.35,3688.50,100214
2024-06-05,3677.55,3710.00,3583.40,3660.35,118690
2024-06-06,3664.15,3749.00,3648.10,3669.90,32723
2024-06-07,3689.20,3743.25,3640.00,3730.20,28123
2024-06-10,3733.00,3791.95,3708.05,3774.95,38196
2024-06-11,3776.15,3840.60,3741.45,3802.70,81174
2024-06-12,3838.00,3850.00,3741.00,3825.85,262794
2024-06-13,3846.00,3877.00,3812.05,3825.80,28648
2024-06-14,3829.80,4005.00,3829.80,3976.80,144077
2024-06-18,4022.95,4129.85,3965.20,4121.60,146623
2024-06-19,4121.60,4339.70,4100.00,4271.55,236696
2024-06-20,4236.00,4272.00,4204.95,4244.50,54130
2024-06-21,4210.00,4292.00,4155.05,4250.30,86668
2024-06-24,4250.30,4325.60,4226.70,4296.10,127853
2024-06-25,4297.35,4336.90,4195.00,4208.05,27906
2024-06-26,4226.15,4290.00,4160.60,4207.05,35148
2024-06-27,4221.40,4229.15,4051.10,4095.05,75295
2024-06-28,4104.95,4199.00,4104.95,4178.55,39712
2024-07-01,4222.85,4327.20,4171.00,4212.50,37133
2024-07-02,4229.40,4280.00,4187.60,4215.50,29715
2024-07-03,4232.45,4269.50,4204.05,4246.00,28656
2024-07-04,4253.15,4273.95,4215.00,4248.45,21926
2024-07-05,4248.75,4293.10,4224.70,4262.35,36973
2024-07-08,4262.35,4278.90,4167.70,4205.60,41920
2024-07-09,4205.60,4424.00,4205.60,4407.30,100345
2024-07-10,4407.30,4408.20,4235.00,4290.50,59452
2024-07-11,4290.50,4308.20,4215.00,4277.20,71845
2024-07-12,4260.00,4340.95,4237.15,4251.00,44463
2024-07-15,4260.00,4292.90,4186.90,4210.00,21758
2024-07-16,4212.00,4295.20,4200.00,4235.00,33873
2024-07-18,4262.05,4296.95,4203.05,4226.80,61341
2024-07-19,4232.30,4699.95,4232.30,4272.70,718448
2024-07-22,4265.00,4537.10,4225.50,4398.10,236504
2024-07-23,4370.00,4403.55,4248.25,4305.50,59654
2024-07-24,4311.80,4371.95,4291.05,4339.85,31869
2024-07-25,4302.30,4329.90,4240.00,4251.35,42151
2024-07-26,4256.80,4430.95,4256.80,4395.55,54420
2024-07-29,4418.70,4699.00,4418.70,4539.70,176915
2024-07-30,4579.30,4690.00,4573.00,4660.75,70282
2024-07-31,4699.00,4795.00,4600.25,4621.35,71704
2024-08-01,4645.70,4666.10,4488.00,4516.30,36759
2024-08-02,4511.10,4535.00,4467.60,4499.05,17596
2024-08-05,4450.05,4450.10,4295.00,4359.50,109681
2024-08-06,4359.05,4591.20,4359.05,4463.40,55105
2024-08-07,4522.00,4697.00,4410.55,4471.00,210316
2024-08-08,4500.00,4615.50,4500.00,4593.30,66081
2024-08-09,4638.60,4748.00,4615.00,4708.10,46532
2024-08-12,4741.95,4949.95,4741.90,4813.35,350240
2024-08-13,4780.00,4780.00,4441.85,4547.20,452493
2024-08-14,4600.00,4618.85,4531.65,4561.85,51501
2024-08-16,4570.00,4624.00,4521.85,4550.35,43258
2024-08-19,4593.30,4641.25,4575.75,4595.90,52405
2024-08-20,4504.00,4559.00,4461.00,4527.95,29252
2024-08-21,4506.00,4527.85,4430.00,4448.95,26818
2024-08-22,4464.00,4488.80,4388.00,4400.35,95465
2024-08-23,4423.50,4451.00,4359.30,4422.35,42265
2024-08-26,4450.00,4498.00,4385.00,4450.25,12246
2024-08-27,4450.35,4463.95,4365.90,4384.95,19110
2024-08-28,4408.00,4466.00,4330.00,4359.30,57335
2024-08-29,4359.30,4375.75,4321.00,4333.10,61243
2024-08-30,4333.00,4390.00,4282.95,4295.25,145544
2024-09-02,4317.90,4346.90,4285.05,4320.45,51465
2024-09-03,4320.00,4417.00,4319.10,4398.15,95752
2024-09-04,4449.90,4449.90,4321.20,4385.90,27687
2024-09-05,4385.00,4432.45,4330.40,4360.45,47598
2024-09-06,4398.45,4414.85,4288.00,4343.50,46064
2024-09-09,4300.00,4334.85,4209.20,4237.40,105674
2024-09-10,4248.80,4396.00,4248.80,4384.45,28955
2024-09-11,4385.90,4419.20,4285.40,4311.40,19485
2024-09-12,4300.00,4363.00,4282.30,4320.40,241993
2024-09-13,4343.10,4374.55,4321.00,4336.50,16215
2024-09-16,4340.30,4358.00,4286.00,4307.10,51774
2024-09-17,4307.00,4341.00,4275.00,4325.95,63167
2024-09-18,4320.85,4337.95,4260.00,4306.75,13650
2024-09-19,4300.05,4325.35,4232.30,4243.90,34969
2024-09-20,4266.20,4338.55,4223.15,4294.80,75727
2024-09-23,4270.00,4355.55,4270.00,4293.70,14960
2024-09-24,4295.00,4425.00,4295.00,4416.40,51987
2024-09-25,4444.00,4444.00,4286.00,4331.90,35854
2024-09-26,4330.00,4353.65,4292.55,4321.25,57308
2024-09-27,4344.00,4400.00,4280.00,4290.15,37841
2024-09-30,4300.00,4367.45,4265.00,4336.40,79750
2024-10-01,4325.80,4397.95,4302.40,4351.65,17573
2024-10-03,4347.30,4350.00,4241.05,4270.35,205463
2024-10-04,4280.00,4292.80,4157.60,4257.35,27086
2024-10-07,4212.30,4270.00,4122.00,4143.70,20527
2024-10-08,4100.00,4189.95,4085.00,4132.20,459268
2024-10-09,4195.00,4206.35,4090.65,4111.05,54694
2024-10-10,4132.50,4137.15,4088.05,4093.30,12081
2024-10-11,4093.30,4127.95,4060.00,4074.35,10695
2024-10-14,4074.35,4095.95,3996.15,4073.75,28688
2024-10-15,4117.30,4159.00,4085.00,4150.30,116479
2024-10-16,4166.90,4225.00,4148.05,4217.25,40922
2024-10-17,4239.40,4275.00,4125.20,4250.70,65641
2024-10-18,4260.00,4260.65,4150.05,4163.85,43582
2024-10-21,4150.25,4155.00,4083.00,4119.30,18194
2024-10-22,4119.00,4134.95,3945.35,3982.45,23506
2024-10-23,3955.45,4013.90,3902.00,3963.00,25951
2024-10-24,3982.75,3994.70,3776.90,3907.20,63332
2024-10-25,3898.00,3957.05,3842.05,3897.70,20344
2024-10-28,3897.05,3918.15,3822.40,3879.60,15659
2024-10-29,3875.00,3918.95,3851.00,3900.35,11211
2024-10-30,3881.00,3949.00,3700.00,3901.50,127016
2024-10-31,3850.00,3932.25,3783.00,3819.75,227291
2024-11-01,3831.75,3870.00,3820.15,3852.70,1813
2024-11-04,3850.00,3863.15,3752.90,3803.75,102466
2024-11-05,3799.95,3830.00,3751.00,3759.30,94442
2024-11-06,3779.10,3784.00,3663.15,3760.10,84779
2024-11-07,3758.00,3758.00,3666.15,3677.15,224729
2024-11-08,3677.15,3681.00,3596.60,3658.15,68448
2024-11-11,3658.15,3658.15,3602.05,3617.75,89863
2024-11-12,3630.10,3630.10,3520.60,3534.00,140414
2024-11-13,3515.25,3546.10,3489.15,3514.70,26506
2024-11-14,3518.20,3526.75,3418.25,3430.90,29275
2024-11-18,3430.90,3560.00,3366.50,3406.80,29152
2024-11-19,3416.75,3489.75,3411.95,3447.45,48401
2024-11-21,3440.00,3440.00,3337.00,3407.25,43112
2024-11-22,3390.50,3451.80,3390.50,3414.95,20842
2024-11-25,3432.90,3549.95,3432.90,3477.60,33941
2024-11-26,3486.30,3505.20,3466.00,3490.20,40070
2024-11-27,3507.00,3507.00,3427.35,3448.00,29212
2024-11-28,3450.00,3487.00,3442.50,3478.65,20730
2024-11-29,3478.65,3518.40,3439.40,3499.25,96691
2024-12-02,3539.10,3539.20,3455.20,3473.65,20498
2024-12-03,3479.25,3599.00,3462.25,3508.10,74856
2024-12-04,3508.10,3544.80,3484.70,3496.50,30308
2024-12-05,3496.50,3503.90,3441.65,3460.15,101321
2024-12-06,3460.15,3482.95,3412.40,3427.30,31257
2024-12-09,3431.05,3472.15,3431.05,3452.20,155533
2024-12-10,3475.00,3576.95,3451.00,3478.50,113063
2024-12-11,3509.00,3534.95,3482.35,3515.15,40414
2024-12-12,3549.00,3549.00,3485.10,3490.45,49582
2024-12-13,3482.30,3520.55,3446.80,3488.60,207925
2024-12-16,3520.00,3557.00,3475.30,3499.90,84642
2024-12-17,3501.25,3515.00,3448.90,3465.75,26488
2024-12-18,3464.00,3513.10,3450.15,3468.05,12911
2024-12-19,3450.00,3495.95,3412.50,3431.80,17415
2024-12-20,3430.05,3445.95,3349.90,3362.70,75871
2024-12-23,3362.75,3369.95,3280.10,3315.25,189573
2024-12-24,3323.75,3460.00,3312.20,3408.00,26523
2024-12-26,3408.00,3420.00,3330.00,3364.90,25699
2024-12-27,3364.40,3455.00,3357.95,3420.50,62837
2024-12-30,3438.50,3438.50,3382.40,3398.75,17425
2024-12-31,3398.75,3416.95,3365.05,3402.65,21926
2025-01-01,3402.00,3406.00,3362.05,3395.60,279660
2025-01-02,3375.60,3445.95,3348.20,3396.45,34673
2025-01-03,3399.85,3420.95,3375.00,3381.75,16267
2025-01-06,3381.70,3381.75,3326.05,3341.95,37525
2025-01-07,3320.00,3376.00,3320.00,3343.25,12707
2025-01-08,3340.00,3440.00,3328.05,3398.70,30139
2025-01-09,3400.00,3466.15,3391.00,3433.20,31760
2025-01-10,3433.20,3444.85,3352.00,3364.15,14154
2025-01-13,3357.15,3364.00,3281.00,3297.40,26044
2025-01-14,3293.15,3395.25,3275.05,3377.85,22521
2025-01-15,3420.00,3460.00,3365.10,3440.60,58403
2025-01-16,3440.50,3513.25,3420.00,3496.40,21403
2025-01-17,3514.80,3543.25,3449.00,3501.50,24593
2025-01-20,3539.30,3583.65,3502.50,3571.05,101915
2025-01-21,3535.00,3620.70,3483.60,3601.05,42391
2025-01-22,3575.05,3601.05,3527.95,3589.45,34773
2025-01-23,3556.40,3685.15,3556.40,3651.45,54044
2025-01-24,3660.00,3717.85,3600.00,3625.00,55445
2025-01-27,3600.00,3662.45,3580.65,3652.70,34781
2025-01-28,3659.95,3666.00,3581.25,3619.15,29714
2025-01-29,3602.40,3675.00,3591.00,3656.70,107750
2025-01-30,3650.00,3660.00,3621.00,3625.25,16943
2025-01-31,3608.75,3695.70,3608.75,3680.60,131018
2025-02-01,3678.50,3714.80,3632.90,3669.60,10501
2025-02-03,3657.00,3680.00,3625.00,3646.75,13093
2025-02-04,3641.00,3669.00,3625.00,3650.45,9197
2025-02-05,3662.90,3770.00,3636.30,3748.90,26663
2025-02-06,3735.00,3774.60,3625.00,3696.05,37678
2025-02-07,3696.00,3753.70,3618.75,3670.05,42595
2025-02-10,3673.70,3703.95,3625.95,3650.60,60579
2025-02-11,3632.40,3667.90,3538.20,3550.35,78659
2025-02-12,3510.50,3577.35,3480.00,3541.05,401574
2025-02-13,3570.00,3570.00,3519.00,3521.05,30179
2025-02-14,3505.00,3556.70,3391.50,3441.50,29925
2025-02-17,3396.65,3494.00,3346.40,3466.40,26585
2025-02-18,3460.00,3460.00,3371.65,3405.55,31156
2025-02-19,3372.00,3443.85,3367.20,3408.80,18536
2025-02-20,3390.00,3424.80,3360.00,3400.95,28606
2025-02-21,3389.55,3412.20,3362.40,3394.10,56396
2025-02-24,3360.00,3360.20,3228.00,3258.75,36105
2025-02-25,3258.75,3269.20,3191.10,3223.90,42257
2025-02-27,3223.90,3258.00,3194.05,3204.55,23504
2025-02-28,3190.55,3212.80,3105.00,3141.25,57103
2025-03-03,3135.25,3174.00,3093.30,3162.15,27897
2025-03-04,3140.00,3150.45,3116.35,3133.15,23381
2025-03-05,3133.15,3152.00,3104.85,3138.45,24376
2025-03-06,3139.00,3237.65,3139.00,3177.40,38224
2025-03-07,3177.40,3206.55,3125.00,3135.85,26370
2025-03-10,3125.00,3168.95,3115.55,3146.30,15646
2025-03-11,3146.30,3152.10,3102.40,3137.05,10772
2025-03-12,3137.05,3160.65,3125.00,3140.90,12947
2025-03-13,3144.85,3240.60,3120.00,3145.00,28868
2025-03-17,3145.00,3215.00,3128.85,3205.95,24391
2025-03-18,3214.00,3228.75,3195.00,3202.35,21014
2025-03-19,3198.85,3237.05,3190.95,3221.15,21228
2025-03-20,3235.00,3274.90,3221.20,3250.70,67186
2025-03-21,3271.00,3460.00,3220.00,3328.75,120784
2025-03-24,3330.55,3391.65,3316.90,3372.00,26362
2025-03-25,3372.00,3420.00,3338.30,3400.80,30259
2025-03-26,3410.00,3435.60,3320.55,3343.20,41182
2025-03-27,3374.00,3385.00,3301.25,3356.30,28445
2025-03-28,3382.00,3420.00,3323.80,3351.70,48088
2025-04-01,3320.00,3359.45,3255.50,3268.20,12503
2025-04-02,3271.00,3335.95,3249.00,3312.05,9463
2025-04-03,3290.00,3349.70,3280.00,3342.70,7728
2025-04-04,3306.00,3345.95,3151.70,3190.65,22931
2025-04-07,3077.00,3145.95,3027.20,3091.30,25330
2025-04-08,3123.90,3142.50,3074.10,3100.00,133285
2025-04-09,3104.40,3132.80,3066.90,3106.50,45430
2025-04-11,3144.00,3191.95,3126.35,3168.75,21188
2025-04-15,3223.00,3250.00,3150.00,3174.00,28600
2025-04-16,3180.00,3213.90,3174.00,3185.60,11926
2025-04-17,3207.00,3207.00,3135.40,3147.50,42055
2025-04-21,3159.90,3161.40,3106.30,3131.00,153321
2025-04-22,3133.00,3215.00,3115.00,3147.60,30354
2025-04-23,3155.00,3179.20,3093.20,3132.70,167511
2025-04-24,3132.60,3201.00,3092.00,3171.30,306516
2025-04-25,3180.00,3191.60,3131.00,3177.20,71346
2025-04-28,3183.00,3258.00,3150.00,3176.80,58389
2025-04-29,3199.00,3217.40,3160.00,3207.90,17517
2025-04-30,3239.60,3240.50,3152.50,3193.90,58704
2025-05-02,3190.00,3224.80,3095.00,3104.40,34790
2025-05-05,3094.30,3185.60,3080.00,3171.60,45392
2025-05-06,3185.00,3219.00,3110.00,3123.50,27607
2025-05-07,3118.90,3136.40,3081.10,3125.00,27101
2025-05-08,3119.00,3158.50,3083.20,3119.80,33960
2025-05-09,3104.10,3139.50,3082.00,3109.40,19484
2025-05-12,3131.50,3255.00,3131.50,3245.80,60564
2025-05-13,3260.00,3277.80,3217.70,3229.30,18864
2025-05-14,3260.00,3306.40,3233.00,3263.90,31238
2025-05-15,3250.00,3321.90,3229.80,3303.30,47409
2025-05-16,3333.00,3353.90,3290.10,3309.70,54260
2025-05-19,3328.40,3344.90,3281.10,3317.50,44953
2025-05-20,3318.00,3340.50,3267.00,3278.40,43425
2025-05-21,3284.90,3323.00,3267.40,3296.50,16197
2025-05-22,3272.50,3309.80,3240.20,3266.10,25278
2025-05-23,3272.00,3384.00,3198.00,3316.10,377667
2025-05-26,3348.90,3420.40,3290.00,3374.20,80376
2025-05-27,3374.20,3404.20,3352.40,3390.80,43896
2025-05-28,3413.60,3430.50,3369.70,3388.00,163186
2025-05-29,3388.00,3499.00,3381.10,3487.60,47659
2025-05-30,3500.00,3620.00,3466.10,3497.90,126788
2025-06-02,3496.00,3525.90,3463.20,3473.80,28720
2025-06-03,3474.00,3486.60,3406.60,3437.50,40720
2025-06-04,3471.90,3546.00,3458.80,3533.70,41315
2025-06-05,3533.00,3550.00,3486.20,3518.80,25256
2025-06-06,3518.80,3522.40,3486.90,3502.00,15311
2025-06-09,3550.00,3550.00,3496.90,3509.30,31123
2025-06-10,3525.00,3531.50,3491.10,3501.50,69262
2025-06-11,3500.00,3527.20,3491.00,3517.20,14849
2025-06-12,3524.00,3549.00,3427.00,3450.60,241133
2025-06-13,3370.00,3469.00,3369.90,3443.80,24329
2025-06-16,3430.00,3450.50,3375.00,3399.80,56379
2025-06-17,3399.80,3425.00,3380.60,3405.60,52691
2025-06-18,3409.90,3462.90,3370.20,3384.30,26155
2025-06-19,3391.00,3440.00,3350.00,3360.00,26386
2025-06-20,3360.10,3374.90,3200.00,3269.60,623776
2025-06-23,3252.00,3331.50,3252.00,3299.50,25667
2025-06-24,3315.00,3329.90,3272.50,3277.50,62845
2025-06-25,3280.00,3318.80,3256.40,3298.60,113745
2025-06-26,3298.60,3361.40,3271.00,3324.20,37484
2025-06-27,3325.00,3356.90,3320.00,3332.10,18726
2025-06-30,3340.00,3355.20,3302.00,3309.80,23650
2025-07-01,3317.00,3340.10,3290.00,3296.80,23725
2025-07-02,3296.80,3312.80,3249.00,3254.10,96966
2025-07-03,3304.10,3331.40,3270.00,3309.80,92924
2025-07-04,3300.00,3323.60,3276.10,3316.10,22773
2025-07-07,3316.10,3376.40,3284.30,3353.00,93845
2025-07-08,3379.00,3499.90,3355.60,3444.80,175621
2025-07-09,3461.00,3529.40,3425.10,3459.10,69342
2025-07-10,3450.00,3469.80,3405.20,3430.40,18749
2025-07-11,3405.00,3454.40,3352.00,3359.70,24024
2025-07-14,3359.70,3425.00,3330.90,3349.60,14149
2025-07-15,3399.80,3472.00,3372.80,3398.20,69410
2025-07-16,3380.00,3433.40,3364.50,3386.00,19455
2025-07-17,3386.80,3465.00,3377.50,3447.50,57640
2025-07-18,3459.80,3459.80,3365.00,3368.00,21895
2025-07-21,3368.00,3375.90,3338.00,3345.70,17578
2025-07-22,3379.20,3379.20,3319.90,3337.80,10611
2025-07-23,3338.00,3368.00,3311.90,3354.50,17034
2025-07-24,3354.50,3383.30,3316.00,3323.60,17844
2025-07-25,3336.50,3343.50,3224.00,3258.90,119186
2025-07-28,3250.00,3289.00,3212.00,3221.30,18290
2025-07-29,3210.00,3234.70,3162.00,3183.20,23710
2025-07-30,3183.20,3222.00,3171.70,3195.30,21757
2025-07-31,3181.10,3194.00,3125.00,3132.60,45435
2025-08-01,3133.00,3145.50,3090.00,3094.80,28970
2025-08-04,3091.00,3107.90,3025.00,3069.30,97545
2025-08-05,3090.00,3153.90,3066.00,3142.00,48085
2025-08-06,3146.00,3213.70,3134.10,3190.50,39080
2025-08-07,3198.00,3198.00,3130.40,3150.00,36198
2025-08-08,3150.00,3163.00,3070.00,3088.60,48427
2025-08-11,3088.00,3149.90,3060.00,3112.70,155874
2025-08-12,3120.20,3145.60,3080.00,3100.90,39362
2025-08-13,3100.10,3274.90,3090.90,3132.50,136280
2025-08-14,3147.90,3147.90,3048.00,3118.60,88838
2025-08-18,3145.00,3149.50,3085.00,3119.20,57752
2025-08-19,3119.20,3139.30,3078.00,3127.40,61326
2025-08-20,3135.50,3147.90,3085.50,3096.50,37829
2025-08-21,3113.00,3127.70,3102.00,3115.60,28687
2025-08-22,3106.10,3130.90,3069.00,3107.70,26993
2025-08-25,3100.00,3121.90,3085.00,3090.10,54878
2025-08-26,3103.00,3110.70,3035.00,3039.70,50492
2025-08-28,3041.40,3054.10,3001.10,3017.40,85088
2025-08-29,3017.40,3069.80,3010.90,3056.30,162363
2025-09-01,3100.00,3100.00,3046.50,3090.60,71181
2025-09-02,3120.00,3140.00,3061.00,3113.90,45344
2025-09-03,3139.60,3139.60,3060.00,3075.30,89544
2025-09-04,3075.00,3098.90,3062.10,3071.40,29316
2025-09-05,3075.00,3081.70,3042.20,3052.40,22175
2025-09-08,3041.00,3057.90,3018.00,3022.30,22180
2025-09-09,3032.90,3052.40,3019.00,3033.30,102447
2025-09-10,3033.30,3091.90,3033.30,3062.20,65941
2025-09-11,3075.00,3079.50,3026.10,3035.10,28906
2025-09-12,3038.00,3111.60,3002.00,3087.90,90818
2025-09-15,3087.90,3120.00,3071.90,3109.00,49874
2025-09-16,3118.00,3135.00,3091.20,3100.30,33050
2025-09-17,3114.00,3140.50,3099.00,3123.90,46634
2025-09-18,3117.20,3160.00,3104.30,3136.60,41360
2025-09-19,3136.60,3139.90,3055.10,3074.90,101114
2025-09-22,3086.00,3100.10,3044.80,3049.80,67086
2025-09-23,3051.00,3066.20,3034.00,3055.70,130583
2025-09-24,3049.90,3097.00,3041.90,3070.20,20959
2025-09-25,3082.00,3115.00,3060.40,3099.00,124502
2025-09-26,3099.00,3111.30,3056.90,3069.90,252735
2025-09-29,3069.90,3122.00,3055.00,3062.80,288042
2025-09-30,3052.30,3095.80,3045.00,3053.30,573799
2025-10-01,3053.30,3265.00,3053.30,3247.80,216421
2025-10-03,3247.80,3270.50,3189.80,3224.30,46298
2025-10-06,3210.00,3220.00,3153.00,3178.20,38170
2025-10-07,3181.00,3220.00,3150.60,3173.20,191462
2025-10-08,3189.00,3235.20,3153.30,3224.20,93815
2025-10-09,3205.00,3277.00,3205.00,3271.90,48281
2025-10-10,3271.90,3295.00,3249.00,3271.90,65468
2025-10-13,3232.00,3269.70,3206.10,3232.90,36013
2025-10-14,3245.00,3245.00,3186.00,3228.60,51870
2025-10-15,3245.00,3270.00,3196.60,3238.70,164467
2025-10-16,3267.70,3394.40,3241.70,3313.50,153556
2025-10-17,3319.80,3328.30,3287.10,3302.80,53952
2025-10-20,3340.40,3340.40,3287.00,3310.50,32587
2025-10-21,3340.00,3364.20,3314.30,3356.10,13297
2025-10-23,3356.20,3366.40,3305.00,3356.00,65565
2025-10-24,3356.20,3366.40,3326.50,3360.20,36308
2025-10-27,3377.00,3399.00,3323.40,3387.30,41205
2025-10-28,3397.20,3403.00,3322.00,3331.10,44448
2025-10-29,3338.50,3357.90,3311.00,3330.20,128342
2025-10-30,3330.20,3330.40,3281.00,3295.70,16692
2025-10-31,3280.10,3336.10,3241.20,3249.90,70902
2025-11-03,3258.00,3295.00,3225.70,3265.10,91384
2025-11-04,3284.00,3346.40,3276.10,3333.50,28187
2025-11-06,3339.90,3345.80,3281.10,3318.60,22254
2025-11-07,3300.20,3302.50,3220.00,3256.20,90049
2025-11-10,3330.00,3476.90,3290.00,3445.70,490579
2025-11-11,3484.50,3585.00,3470.50,3566.70,282715
2025-11-12,3583.90,3633.00,3576.70,3603.20,89887
2025-11-13,3580.00,3719.40,3580.00,3709.00,156417
2025-11-14,3709.20,3740.30,3665.50,3693.00,65806
2025-11-17,3693.00,3773.00,3693.00,3760.40,65492
2025-11-18,3761.00,3769.50,3676.10,3711.60,78128
2025-11-19,3699.40,3775.00,3682.90,3733.40,98242
2025-11-20,3750.00,3851.00,3697.40,3839.60,92106
2025-11-21,3839.60,3844.90,3660.50,3698.70,82996
2025-11-24,3691.00,3799.00,3652.50,3734.60,114999
2025-11-25,3722.70,3842.50,3693.60,3825.50,57896
2025-11-26,3844.00,3869.00,3732.50,3763.10,59717
2025-11-27,3765.00,3845.80,3758.90,3835.40,88747
2025-11-28,3846.00,3885.70,3806.00,3862.60,63956
2025-12-01,3898.70,3920.00,3820.00,3854.10,63908
2025-12-02,3873.00,3875.60,3810.00,3858.30,26938
2025-12-03,3845.00,3903.40,3845.00,3895.30,25535
2025-12-04,3913.00,3913.00,3810.50,3843.80,93800
2025-12-05,3849.90,3849.90,3720.10,3765.80,25066
2025-12-08,3784.40,3800.00,3618.90,3659.50,25151
2025-12-09,3630.00,3819.00,3630.00,3798.80,35805
2025-12-10,3815.00,3831.90,3666.50,3691.40,21532
2025-12-11,3691.40,3705.60,3625.00,3638.20,18285
2025-12-12,3654.70,3778.00,3639.40,3749.80,62306
2025-12-15,3749.80,3904.00,3719.40,3893.80,86949
2025-12-16,3882.00,3886.00,3750.00,3763.90,45887
2025-12-17,3755.00,3827.60,3720.00,3816.00,32454
2025-12-18,3832.00,3840.00,3732.20,3800.30,24790
2025-12-19,3773.80,3854.80,3762.10,3803.90,29688
2025-12-22,3805.90,3960.00,3792.00,3919.90,76902
2025-12-23,3933.10,3942.00,3825.00,3900.60,126464
2025-12-24,3900.60,3999.00,3870.20,3941.90,105669
2025-12-26,3941.90,3954.30,3870.70,3884.30,32466
2025-12-29,3897.00,3897.00,3766.80,3834.80,35427
2025-12-30,3794.00,4080.00,3756.80,3949.70,333415
2025-12-31,3930.00,4060.00,3892.30,4017.50,104039
2026-01-01,4029.50,4099.90,3963.10,4030.10,74906
2026-01-02,4030.10,4097.70,3996.50,4089.70,51661
2026-01-05,4090.10,4165.50,4051.10,4078.00,84430
2026-01-06,4065.90,4116.40,4024.90,4071.50,30349
2026-01-07,4093.80,4093.80,3969.10,3989.20,53934
2026-01-08,3989.20,4168.70,3988.60,4059.10,237206
2026-01-09,4029.20,4080.00,3920.00,3953.70,86963
2026-01-12,3950.00,4043.70,3872.90,3986.80,45546
2026-01-13,3990.00,4001.90,3819.00,3905.10,69291
2026-01-14,3883.00,3965.00,3850.30,3935.40,46240
2026-01-16,3901.00,3960.00,3881.80,3948.00,52960
2026-01-19,3915.00,3915.00,3852.30,3865.90,39896
2026-01-20,3846.00,3846.00,3723.80,3740.60,56416
2026-01-21,3740.20,3798.70,3692.10,3721.30,71414
2026-01-22,3749.00,3830.00,3721.50,3758.20,39513
2026-01-23,3769.50,3785.30,3706.50,3729.90,58062
2026-01-27,3729.90,3947.70,3668.10,3842.10,50078
2026-01-28,3920.00,3920.00,3800.20,3907.20,30586
2026-01-29,3907.20,4143.90,3837.90,3999.90,46872
2026-01-30,4000.50,4090.90,3906.90,3989.00,139733
2026-02-01,3901.10,4029.50,3802.40,3996.40,18798
2026-02-02,3978.80,4037.00,3841.90,4016.20,55944
2026-02-03,4140.00,4140.00,4014.60,4039.70,49545
2026-02-04,4039.70,4206.10,3897.90,4088.50,74942
2026-02-05,4120.00,4128.20,3922.10,3967.00,37648
2026-02-06,3962.00,3962.10,3856.10,3882.70,24459
2026-02-09,3904.90,4200.00,3850.00,4070.40,84312
2026-02-10,4077.90,4140.30,4041.80,4108.40,52739
2026-02-11,4080.00,4087.90,4009.80,4026.20,35128
2026-02-12,4020.00,4020.10,3920.90,3951.10,42504
2026-02-13,3939.00,3965.20,3828.60,3861.80,68253
2026-02-16,3861.80,3924.90,3820.00,3867.10,24304
2026-02-17,3867.10,3969.00,3855.60,3945.00,31700
2026-02-18,3952.50,4045.00,3894.70,4021.50,48408
2026-02-19,4030.00,4030.00,3940.00,3960.20,28394
2026-02-20,3960.20,3996.80,3902.50,3949.00,117438
2026-02-23,3955.50,3955.60,3812.30,3833.70,43481
2026-02-24,3831.00,3875.20,3825.20,3859.60,15108
2026-02-25,3860.00,3932.50,3813.80,3912.10,43568
2026-02-26,3912.10,3974.60,3859.80,3921.30,19875
2026-02-27,3921.90,3933.70,3811.60,3851.60,19252
2026-03-02,3662.00,3830.80,3662.00,3738.90,47310
2026-03-04,3700.00,3707.80,3605.00,3623.00,42995
2026-03-05,3625.00,3683.50,3590.00,3615.70,26803
2026-03-06,3596.00,3687.00,3577.10,3674.50,43572
2026-03-09,3602.00,3649.60,3545.00,3600.50,34709
2026-03-10,3638.00,3820.00,3638.00,3787.80,75363
2026-03-11,3780.00,3785.50,3662.00,3743.10,44327
2026-03-12,3700.00,3755.90,3627.70,3722.80,47149
2026-03-13,3729.00,3729.00,3640.00,3665.30,23041
2026-03-16,3650.00,3711.60,3593.20,3665.60,35375
2026-03-17,3729.00,3929.00,3710.10,3736.20,715852
2026-03-18,3758.40,3758.40,3666.00,3719.60,53589
2026-03-19,3675.00,3692.90,3560.00,3573.10,36981
2026-03-20,3608.70,3668.90,3372.30,3409.60,163807
2026-03-23,3399.90,3400.40,3282.20,3315.90,76579
2026-03-24,3355.00,3433.50,3252.70,3378.30,104449
2026-03-25,3395.00,3543.00,3344.10,3486.40,92353
2026-03-27,3486.40,3525.00,3411.30,3458.40,104428
2026-03-30,3377.00,3697.50,3377.00,3636.60,220600
2026-04-01,3660.00,3700.00,3600.00,3681.00,48288
2026-04-02,3611.30,3690.70,3555.20,3676.00,26628
2026-04-06,3642.10,3707.80,3612.20,3680.50,36537
2026-04-07,3651.10,3719.10,3644.00,3685.90,19728
2026-04-08,3769.00,3778.00,3661.10,3674.50,78628
2026-04-09,3662.80,3704.70,3616.00,3631.80,40068
2026-04-10,3670.10,3792.00,3645.20,3773.30,73271
2026-04-13,3660.10,3864.90,3641.50,3827.10,41053
2026-04-15,3894.80,3929.00,3852.30,3920.20,94838
2026-04-16,3950.00,4012.70,3916.20,3925.30,50612
2026-04-17,3873.20,4012.00,3873.20,3961.50,22355
2026-04-20,4003.80,4075.00,3930.20,4001.20,72036
2026-04-21,4045.00,4095.00,4000.00,4007.20,61143
2026-04-22,4012.90,4079.90,3989.00,4058.60,52152
2026-04-23,4075.00,4110.00,4022.00,4079.60,28883
2026-04-24,4099.90,4108.90,4000.00,4014.30,24872
2026-04-27,4017.00,4100.00,4002.50,4027.10,31111
2026-04-28,4048.10,4054.10,3973.50,3993.80,24406
2026-04-29,4021.00,4025.40,3921.40,3937.20,17514
2026-04-30,3921.80,3962.10,3875.00,3949.60,13099
2026-05-04,3960.00,4020.30,3912.60,3958.10,21430
2026-05-05,3960.00,3967.70,3844.20,3876.40,23157
2026-05-06,3950.00,3957.00,3856.00,3912.00,25922
2026-05-07,3935.00,4029.00,3920.10,4005.50,17340
2026-05-08,4021.40,4049.90,3955.00,3971.90,24345
2026-05-11,3973.50,3973.50,3880.00,3905.60,10188
2026-05-12,3905.00,3905.50,3700.00,3749.80,29376
2026-05-13,3770.00,3896.70,3767.00,3794.80,16513
2026-05-14,3836.00,3877.00,3806.80,3854.80,20765
2026-05-15,3861.90,3935.40,3840.00,3856.30,10991
2026-05-18,3856.30,3921.00,3788.60,3883.30,24804
2026-05-19,3876.00,4040.90,3867.30,4002.60,35842
2026-05-20,3982.80,4020.70,3921.10,3962.20,19072
2026-05-21,3962.20,4042.10,3962.20,3995.40,31651
2026-05-22,3981.00,4049.90,3961.00,3994.00,41320
2026-05-25,4036.10,4090.00,3932.70,3972.80,28184
2026-05-26,3987.90,4194.00,3970.00,4143.40,241336
2026-05-27,4143.40,4495.00,4122.20,4428.10,1149941
2026-05-29,4461.00,4551.70,4376.50,4503.60,212656
2026-06-01,4525.70,4607.40,4481.00,4522.70,192749
2026-06-02,4504.80,4562.90,4428.70,4552.30,74628
2026-06-03,4525.00,4574.70,4483.30,4521.30,49880
2026-06-04,4520.50,4664.00,4520.50,4596.50,96853
2026-06-05,4690.00,4775.00,4602.50,4630.70,206638
2026-06-08,4602.50,4604.80,4530.00,4545.50,54753
2026-06-09,4548.50,4578.60,4443.30,4489.10,79733
2026-06-10,4475.70,4555.00,4410.50,4439.00,167126
2026-06-11,4400.00,4463.70,4292.50,4318.50,63685
2026-06-12,4357.00,4387.50,4290.50,4333.70,49722
2026-06-15,4429.90,4519.00,4362.30,4469.20,58196
2026-06-16,4509.00,4531.00,4465.00,4491.40,42546
2026-06-17,4527.50,4578.30,4443.00,4501.60,75880
2026-06-18,4548.80,4676.00,4510.50,4532.90,51768
2026-06-19,4521.00,4767.80,4521.00,4687.00,184500
2026-06-22,4750.00,4867.00,4705.10,4848.00,245621
2026-06-23,4860.00,5060.00,4822.20,4886.10,297045
2026-06-24,4924.00,4929.80,4832.50,4857.50,53007
2026-06-25,4850.00,4892.00,4806.90,4829.90,55341
2026-06-29,4878.00,5019.30,4807.10,4951.40,154754
2026-06-30,4976.00,5180.00,4912.10,5081.40,205842
2026-07-01,5080.00,5144.00,4841.00,4996.00,128786
2026-07-02,5019.00,5038.50,4760.00,4800.00,131346
2026-07-03,4812.00,4839.00,4718.00,4754.50,102604
2026-07-06,4710.00,4828.00,4688.00,4813.00,69885
2026-07-07,4815.00,4842.50,4725.00,4756.50,41532
2026-07-08,4737.00,4737.00,4621.50,4667.00,139016
2026-07-09,4667.00,4725.00,4630.00,4687.50,92253
2026-07-10,4710.00,4756.00,4648.00,4683.50,93948
2026-07-13,4690.00,4765.00,4640.00,4732.00,113543
2026-07-14,4732.00,4780.00,4674.00,4760.00,47518
2026-07-15,4778.50,4912.50,4778.50,4828.50,166287
2026-07-16,4850.00,4890.00,4750.00,4779.50,37210
2026-07-17,4814.00,4814.00,4613.50,4647.50,49369
2026-07-20,4628.00,4710.00,4622.00,4657.50,35891
2026-07-21,4678.00,4711.50,4638.00,4681.50,31494
2026-07-22,4681.50,4693.00,4550.00,4626.50,38515
2026-07-23,4629.00,4654.50,4552.00,4582.00,46706
2026-07-24,4552.00,4612.00,4505.50,4583.00,36931
2026-07-27,4585.00,4651.50,4531.00,4634.50,70317
2026-07-28,4634.50,4634.50,4540.00,4603.00,31114
2026-07-29,4603.00,4675.00,4594.50,4643.50,46596
2026-07-30,4663.50,4663.50,4520.00,4563.50,48433
2026-07-31,4563.50,4624.00,4484.00,4591.00,131078
2026-08-03,4568.00,4700.00,4460.00,4684.60,57776
2026-08-04,4640.00,4740.00,4606.80,4627.00,37479
2026-08-05,4650.00,4729.00,4583.00,4646.60,58625
2026-08-06,4626.60,4859.80,4602.60,4795.40,82559
2026-08-07,4804.00,4848.20,4751.10,4776.00,46225
2026-08-10,4800.00,4855.50,4774.80,4790.30,34703
2026-08-11,4823.60,4885.90,4763.50,4781.60,32387
2026-08-12,4786.00,4824.40,4490.20,4523.00,150211
2026-08-13,4542.10,4544.30,4366.00,4435.10,104693
2026-08-14,4437.90,4629.90,4414.70,4482.80,97062
2026-08-17,4423.00,4443.40,4342.70,4383.60,51530
2026-08-18,4383.60,4479.00,4326.10,4447.60,52134
2026-08-19,4412.50,4447.60,4368.00,4384.90,34136
2026-08-20,4384.90,4535.80,4350.00,4357.60,42922
2026-08-21,4357.60,4425.50,4315.00,4348.90,21350
2026-08-24,4330.50,4366.90,4267.00,4276.30,21051
2026-08-25,4276.90,4318.90,4245.00,4267.40,24623
2026-08-26,4290.00,4311.40,4225.00,4235.50,25577
2026-08-27,4288.00,4300.00,4223.00,4232.30,21571
2026-08-28,4232.30,4260.70,4192.20,4234.20,33928
2026-08-31,4269.00,4307.60,4157.40,4257.50,71716
2026-09-01,4240.00,4256.80,4210.30,4243.20,20642
2026-09-02,4243.20,4260.00,4141.00,4159.70,51399
2026-09-03,4201.20,4320.00,4182.10,4272.40,121873
2026-09-04,4250.00,4272.40,4206.00,4231.20,117943
2026-09-07,4231.20,4249.00,4180.00,4224.00,15736
2026-09-08,4246.00,4283.40,4200.00,4259.00,25860
2026-09-09,4229.50,4259.10,4165.00,4172.10,18400
2026-09-10,4183.90,4184.20,4102.10,4116.30,27226
2026-09-11,4116.30,4125.90,4055.60,4096.60,18371
2026-09-15,4113.50,4140.00,3886.00,3899.30,43966
2026-09-16,3897.10,3907.70,3778.00,3805.80,133043
2026-09-17,3817.50,3998.00,3790.00,3983.40,69100
2026-09-18,3967.50,4039.80,3900.00,3973.30,75511
