Date,Open,High,Low,Close,Volume
2001-12-31,23.00,23.10,23.00,23.10,600
2002-01-01,24.00,24.00,23.25,23.25,1221
2002-01-02,23.30,23.75,23.30,23.75,450
2002-01-03,23.50,23.50,23.50,23.50,200
2002-01-04,23.50,23.50,23.50,23.50,200
2002-01-07,24.00,24.90,24.00,24.25,1122
2002-01-08,22.25,23.25,22.00,23.25,1050
2002-01-09,23.50,23.50,22.70,23.50,549
2002-01-10,22.55,24.75,22.25,23.30,1001
2002-01-11,23.00,24.20,22.90,23.95,1401
2002-01-14,24.00,24.75,22.40,22.75,901
2002-01-15,22.85,23.50,22.55,23.50,671
2002-01-16,22.75,23.45,22.55,23.00,771
2002-01-17,22.75,23.90,22.75,22.80,252
2002-01-18,23.20,23.20,23.00,23.05,410
2002-01-21,23.00,23.00,22.90,22.90,500
2002-01-22,22.80,22.80,22.75,22.75,100
2002-01-24,23.15,23.15,23.00,23.05,186
2002-01-25,23.00,23.50,23.00,23.20,225
2002-01-29,23.00,23.25,23.00,23.15,500
2002-01-30,23.05,23.35,23.00,23.15,400
2002-01-31,23.25,23.25,22.30,23.00,2000
2002-02-01,22.60,23.50,22.50,23.10,1400
2002-02-04,22.00,24.50,22.00,23.55,1325
2002-02-05,23.50,23.50,22.50,22.65,2700
2002-02-06,24.00,24.00,21.85,22.85,4775
2002-02-07,22.60,23.40,22.50,23.00,800
2002-02-08,22.10,22.95,22.05,22.65,1300
2002-02-11,23.00,23.50,22.80,23.40,4409
2002-02-12,24.00,24.00,23.50,23.50,1300
2002-02-13,23.95,24.00,23.05,23.70,1500
2002-02-14,23.50,23.50,23.25,23.25,350
2002-02-15,23.50,23.50,23.00,23.40,3300
2002-02-18,23.50,23.50,23.15,23.50,850
2002-02-19,24.10,24.25,23.50,23.65,2050
2002-02-20,23.50,23.50,23.15,23.20,1385
2002-02-21,23.10,23.30,23.00,23.25,4900
2002-02-22,23.20,23.80,23.10,23.80,1300
2002-02-25,23.10,23.65,23.00,23.50,700
2002-02-26,23.50,23.65,23.30,23.50,4100
2002-02-27,23.50,23.60,23.25,23.50,3010
2002-02-28,23.75,23.75,22.75,22.85,1150
2002-03-01,22.00,23.25,22.00,23.25,350
2002-03-04,23.75,24.00,23.35,23.50,806
2002-03-05,24.00,25.20,24.00,25.10,2344
2002-03-06,25.50,27.15,25.50,25.85,16933
2002-03-07,27.00,27.00,25.85,26.25,12307
2002-03-08,26.75,28.35,26.00,28.35,22679
2002-03-11,29.00,30.65,29.00,30.65,7276
2002-03-12,33.10,33.10,33.10,33.10,12866
2002-03-13,35.75,35.75,32.50,32.65,43308
2002-03-14,32.90,32.90,30.10,30.75,11347
2002-03-15,30.00,33.00,30.00,31.95,7250
2002-03-18,32.10,32.90,31.10,31.20,12449
2002-03-19,31.50,32.00,30.05,30.30,8725
2002-03-20,30.60,30.80,29.00,29.35,7219
2002-03-21,29.00,29.90,28.40,28.80,3425
2002-03-22,28.25,30.00,28.25,28.95,7974
2002-03-26,29.90,30.00,28.55,29.20,3654
2002-03-27,29.00,29.50,28.70,29.20,1674
2002-03-28,28.90,30.40,28.90,29.50,2841
2002-04-01,31.00,31.75,30.80,31.30,4850
2002-04-02,31.60,31.75,31.00,31.10,2998
2002-04-03,31.55,32.25,30.40,30.40,5784
2002-04-04,31.45,32.00,30.65,31.50,5599
2002-04-05,32.00,32.00,31.40,31.70,4700
2002-04-08,32.00,32.00,31.00,31.00,5708
2002-04-09,31.00,31.00,30.00,30.10,3535
2002-04-10,31.25,36.15,31.25,36.15,19976
2002-04-11,40.00,40.00,35.00,35.65,16659
2002-04-12,35.00,36.60,35.00,35.70,12014
2002-04-15,37.00,37.00,35.10,35.70,5110
2002-04-16,35.00,36.00,30.35,35.40,11917
2002-04-17,36.70,36.90,35.00,35.00,7700
2002-04-18,35.00,36.35,34.05,34.50,6400
2002-04-19,36.90,36.90,33.60,34.05,5410
2002-04-22,35.10,36.50,35.00,36.00,13941
2002-04-23,37.00,40.85,36.55,39.10,20815
2002-04-24,40.00,41.00,39.50,39.75,8995
2002-04-25,39.95,40.35,38.60,39.10,12716
2002-04-26,40.70,41.80,39.25,40.85,13943
2002-04-29,40.00,42.50,40.00,41.85,14325
2002-04-30,42.25,42.80,41.15,41.30,8374
2002-05-02,42.75,43.00,41.60,41.90,4222
2002-05-03,41.10,41.85,40.50,40.85,8201
2002-05-06,40.15,41.05,40.00,40.60,4831
2002-05-07,44.00,44.00,40.70,41.95,8936
2002-05-08,42.80,43.80,42.00,43.55,10265
2002-05-09,45.00,48.15,44.60,47.60,21452
2002-05-10,48.00,48.95,45.00,46.00,9025
2002-05-13,45.50,46.50,45.50,45.65,5255
2002-05-14,46.45,46.45,44.00,44.95,4816
2002-05-15,45.00,45.50,42.00,42.55,6788
2002-05-16,42.00,42.35,40.35,40.40,5075
2002-05-17,40.00,40.00,38.05,38.65,8054
2002-05-20,36.00,37.00,34.55,35.75,14521
2002-05-21,35.00,35.25,33.80,34.20,12057
2002-05-22,35.00,39.95,34.00,38.95,5453
2002-05-23,38.10,38.80,37.10,37.50,6586
2002-05-24,38.00,41.75,37.50,41.45,6820
2002-05-27,40.05,41.00,38.55,40.40,5200
2002-05-28,37.60,39.05,37.60,39.00,5465
2002-05-29,38.50,39.90,37.90,38.50,1510
2002-05-30,39.20,39.20,38.00,38.20,2575
2002-05-31,37.70,37.80,36.00,36.75,4810
2002-06-03,38.00,38.00,36.50,36.60,3700
2002-06-04,38.25,39.40,38.05,39.40,4504
2002-06-05,39.10,40.50,38.00,38.40,3860
2002-06-06,39.00,39.00,37.25,37.25,3050
2002-06-07,36.25,37.50,36.00,36.55,5340
2002-06-10,35.00,37.10,35.00,36.00,3478
2002-06-11,37.00,38.05,37.00,37.95,7461
2002-06-12,37.90,38.00,37.00,37.15,12230
2002-06-13,35.70,37.95,35.70,37.25,4276
2002-06-14,37.25,37.80,36.00,37.75,5532
2002-06-17,39.00,43.50,38.00,42.85,15850
2002-06-18,43.55,44.60,41.05,41.60,12299
2002-06-19,42.20,42.20,40.00,40.10,3191
2002-06-20,41.40,41.95,39.50,41.75,2401
2002-06-21,42.50,42.50,40.95,42.00,3541
2002-06-24,40.10,41.20,40.10,40.70,2901
2002-06-25,40.90,42.00,40.50,40.70,4972
2002-06-26,39.00,41.40,39.00,40.05,3511
2002-06-27,40.00,40.20,39.00,39.50,1001
2002-06-28,44.50,44.50,38.55,38.85,6220
2002-07-01,39.00,39.00,36.00,36.40,30933
2002-07-02,38.25,38.75,36.45,38.15,11196
2002-07-03,37.70,38.70,36.25,37.05,27942
2002-07-04,36.80,37.30,36.00,36.75,15176
2002-07-05,37.00,37.45,36.65,37.00,5150
2002-07-08,37.45,38.85,37.45,38.40,12975
2002-07-09,39.00,39.40,37.50,37.85,19847
2002-07-10,38.00,38.15,36.75,36.90,17028
2002-07-11,37.00,37.40,34.55,35.60,25324
2002-07-12,36.00,36.20,34.70,35.40,6900
2002-07-15,36.00,36.00,34.50,35.40,7681
2002-07-16,35.50,36.30,35.00,35.50,9104
2002-07-17,35.10,35.45,33.70,34.20,12429
2002-07-18,35.00,35.75,34.65,35.45,14354
2002-07-19,35.25,35.25,34.00,34.20,8707
2002-07-22,34.25,34.25,30.05,30.50,14478
2002-07-23,30.50,31.50,30.00,31.10,11950
2002-07-24,31.00,31.20,30.50,30.50,2855
2002-07-25,31.50,31.70,29.75,30.30,11459
2002-07-26,29.50,29.80,28.50,28.65,16379
2002-07-29,28.75,28.75,26.70,27.40,8610
2002-07-30,27.50,28.50,26.55,26.90,6035
2002-07-31,27.50,27.95,25.30,27.05,4668
2002-08-01,27.15,28.15,27.15,27.95,7045
2002-08-02,27.50,28.00,27.10,27.60,8598
2002-08-05,28.00,28.25,27.50,27.75,2000
2002-08-06,27.50,27.85,27.25,27.70,1740
2002-08-07,28.35,29.00,27.70,28.25,9039
2002-08-08,28.90,28.90,27.55,27.70,3522
2002-08-09,28.20,28.20,27.30,27.55,1520
2002-08-12,28.00,28.30,27.55,27.90,572
2002-08-13,28.20,28.20,28.20,28.20,500
2002-08-14,28.10,28.50,28.10,28.25,2700
2002-08-16,28.15,28.50,28.10,28.15,2175
2002-08-19,27.65,28.50,27.60,28.50,350
2002-08-20,28.30,28.40,28.00,28.40,225
2002-08-21,32.65,32.65,28.00,28.50,900
2002-08-22,29.00,29.00,28.05,28.25,595
2002-08-23,28.25,28.80,28.05,28.65,700
2002-08-26,28.70,28.70,28.70,28.70,100
2002-08-27,28.50,28.50,28.50,28.50,100
2002-08-28,28.00,28.40,27.30,28.05,4357
2002-08-29,27.40,28.45,27.40,28.10,1179
2002-08-30,27.80,28.15,27.80,28.15,100
2002-09-02,28.50,28.50,28.10,28.45,3000
2002-09-03,28.05,28.15,28.00,28.10,1375
2002-09-04,27.95,28.00,27.75,28.00,773
2002-09-05,27.85,27.85,27.85,27.85,150
2002-09-06,28.25,28.25,27.85,27.85,1225
2002-09-09,26.50,28.50,26.50,28.30,1306
2002-09-11,27.00,27.50,27.00,27.25,6393
2002-09-12,26.80,27.05,26.80,27.00,260
2002-09-13,26.65,28.50,26.65,27.35,2990
2002-09-16,28.25,28.25,27.00,27.05,3600
2002-09-17,27.50,27.50,26.75,26.75,1150
2002-09-18,26.60,26.90,25.50,26.20,3815
2002-09-19,31.20,31.20,24.50,26.95,4
2002-09-20,29.60,29.60,26.20,26.40,2728
2002-09-23,27.45,27.45,26.25,26.90,705
2002-09-24,25.75,26.70,25.70,26.70,1599
2002-09-25,26.45,26.45,26.05,26.05,100
2002-09-27,26.10,26.70,25.90,26.00,489
2002-09-30,26.10,26.10,25.95,25.95,53
2002-10-01,24.60,26.40,24.60,25.50,1202
2002-10-03,25.65,25.70,25.25,25.70,2499
2002-10-04,25.90,26.50,25.90,26.50,1850
2002-10-07,25.10,26.85,25.05,26.05,827
2002-10-08,26.10,26.50,26.05,26.50,1157
2002-10-09,26.50,26.50,26.00,26.00,378
2002-10-10,25.65,25.65,25.65,25.65,100
2002-10-11,25.70,25.75,25.70,25.75,325
2002-10-16,28.00,28.00,25.75,25.80,321
2002-10-17,26.90,27.00,26.25,26.80,385
2002-10-18,26.30,27.45,26.30,27.45,701
2002-10-21,26.50,26.50,26.50,26.50,350
2002-10-22,26.50,28.00,26.50,27.20,750
2002-10-23,26.50,27.00,26.00,26.55,705
2002-10-24,26.95,26.95,26.00,26.25,303
2002-10-25,26.50,27.45,26.10,27.15,1000
2002-10-28,26.00,26.90,26.00,26.05,201
2002-10-29,27.00,27.00,26.50,27.00,2201
2002-10-30,27.50,27.60,27.50,27.60,102
2002-10-31,27.45,27.45,26.70,26.70,377
2002-11-01,28.00,28.00,26.75,26.95,301
2002-11-04,26.90,26.90,26.10,26.10,820
2002-11-05,26.50,26.50,25.50,25.60,1811
2002-11-07,25.40,26.20,25.35,26.00,1410
2002-11-08,26.20,26.20,24.95,25.30,2703
2002-11-11,24.25,25.75,24.25,24.80,1402
2002-11-12,24.25,24.95,24.00,24.40,3262
2002-11-13,24.35,24.50,24.35,24.50,487
2002-11-14,24.50,25.40,23.90,24.25,2800
2002-11-15,24.30,24.50,23.55,24.00,2552
2002-11-18,24.05,24.05,23.80,23.95,994
2002-11-20,26.30,26.30,23.40,23.70,2651
2002-11-21,23.55,24.50,23.55,24.00,2126
2002-11-22,26.10,26.10,23.75,24.00,4930
2002-11-25,25.90,25.90,23.55,24.05,2774
2002-11-26,24.00,24.70,24.00,24.30,2453
2002-11-27,25.80,25.80,24.10,24.50,1215
2002-11-28,25.20,25.20,24.25,24.30,1111
2002-11-29,26.00,26.00,24.95,25.80,2652
2003-01-01,25.90,25.90,25.50,25.50,800
2003-01-02,25.80,25.80,24.90,25.05,652
2003-01-03,25.35,25.40,24.85,25.00,708
2003-01-06,25.20,25.20,24.25,24.50,2372
2003-01-07,24.95,24.95,24.60,24.60,1000
2003-01-08,24.60,24.60,24.35,24.40,800
2003-01-09,25.00,25.00,24.60,24.60,1300
2003-01-10,25.25,25.25,24.25,24.50,1710
2003-01-13,24.45,24.45,24.40,24.40,250
2003-01-14,24.50,25.50,24.50,24.75,1635
2003-01-15,24.50,24.85,24.50,24.85,408
2003-01-16,25.00,25.00,24.65,24.75,1626
2003-01-17,24.30,24.55,24.30,24.55,400
2003-01-20,24.15,24.65,24.10,24.25,1500
2003-01-21,24.00,24.50,23.80,23.80,6101
2003-01-22,23.85,24.40,23.55,23.55,1743
2003-01-23,23.15,23.60,22.70,23.40,3049
2003-01-24,23.50,23.75,23.30,23.30,1340
2003-01-27,22.00,22.95,22.00,22.55,1534
2003-01-28,23.40,23.40,22.25,22.30,729
2003-01-29,22.10,22.40,21.80,22.35,1800
2003-01-30,22.30,22.90,22.00,22.90,4952
2003-01-31,22.25,22.50,22.00,22.35,2070
2003-02-03,22.00,22.70,22.00,22.55,1900
2003-02-04,22.95,22.95,22.10,22.35,48
2003-02-05,22.50,22.80,22.30,22.60,750
2003-02-06,22.60,22.70,22.60,22.70,900
2003-02-07,22.50,22.50,22.00,22.35,2225
2003-02-10,21.95,22.00,21.75,21.85,1600
2003-02-11,21.90,22.00,21.80,21.80,751
2003-02-12,21.70,22.00,21.65,21.90,1190
2003-02-14,21.15,21.90,21.15,21.65,1960
2003-02-17,22.00,22.40,22.00,22.40,850
2003-02-18,22.40,22.70,22.10,22.10,1751
2003-02-19,22.50,22.50,22.00,22.45,495
2003-02-20,22.65,22.65,22.65,22.65,15
2003-02-21,22.40,22.40,21.65,22.00,2585
2003-02-24,22.80,22.85,22.80,22.85,100
2003-02-25,22.60,22.60,22.00,22.10,350
2003-02-26,22.10,22.45,22.05,22.45,1300
2003-02-27,22.50,22.70,22.25,22.50,1000
2003-02-28,22.95,23.00,22.00,22.00,2506
2003-03-03,22.25,22.60,22.25,22.50,2917
2003-03-04,22.55,22.55,22.20,22.25,1949
2003-03-05,22.10,22.10,21.70,22.00,1265
2003-03-06,21.50,21.55,21.50,21.55,350
2003-03-07,21.45,21.45,21.05,21.05,352
2003-03-10,22.50,22.95,20.40,20.70,11290
2003-03-11,20.25,21.00,20.25,20.95,3399
2003-03-12,20.65,21.00,20.65,20.65,550
2003-03-13,21.00,21.10,20.95,21.10,700
2003-03-17,20.85,20.85,20.85,20.85,300
2003-03-19,20.85,21.50,20.75,21.20,538
2003-03-20,21.00,21.50,21.00,21.40,780
2003-03-21,21.00,21.35,20.50,21.30,1691
2003-03-24,21.35,21.35,20.50,20.75,609
2003-03-25,21.00,21.00,20.65,20.95,1040
2003-03-26,20.50,21.00,20.25,20.60,1845
2003-03-27,20.30,20.80,20.30,20.75,200
2003-03-28,20.00,21.15,20.00,20.60,252
2003-03-31,19.15,20.35,18.55,19.60,5603
2003-04-01,20.00,20.30,20.00,20.10,1018
2003-04-02,20.50,20.90,20.50,20.90,2000
2003-04-03,21.00,21.85,20.35,21.85,1440
2003-04-04,20.25,21.55,20.25,21.55,1550
2003-04-07,21.50,22.95,21.45,22.70,2600
2003-04-08,22.50,22.50,21.50,21.50,566
2003-04-09,22.25,22.35,21.85,22.25,426
2003-04-10,21.10,21.95,21.10,21.95,580
2003-04-11,21.60,22.25,21.60,22.05,862
2003-04-15,21.25,21.45,21.00,21.35,1100
2003-04-16,21.10,21.10,20.90,20.90,300
2003-04-17,21.10,21.65,21.05,21.05,554
2003-04-21,21.00,21.00,21.00,21.00,100
2003-04-22,21.25,21.25,20.95,21.10,4195
2003-04-23,21.95,21.95,21.00,21.10,903
2003-04-24,20.90,23.50,20.70,21.30,419
2003-04-25,21.10,21.10,21.00,21.05,473
2003-04-28,20.95,21.45,20.90,21.45,1200
2003-04-29,20.00,21.60,20.00,21.35,302
2003-04-30,21.30,21.50,21.25,21.25,2561
2003-05-02,21.60,21.65,21.15,21.25,5161
2003-05-05,21.30,21.50,21.25,21.35,3170
2003-05-06,21.25,21.90,21.25,21.80,3467
2003-05-07,21.45,21.45,21.35,21.35,950
2003-05-09,22.10,22.10,21.35,21.90,2509
2003-05-12,22.00,22.25,21.75,22.10,2400
2003-05-13,21.85,22.35,21.85,22.25,3108
2003-05-14,22.80,24.50,22.80,24.50,12406
2003-05-15,26.95,26.95,26.00,26.95,8754
2003-05-16,29.00,29.50,27.30,27.55,23730
2003-05-19,28.00,28.00,26.30,26.30,5260
2003-05-20,25.50,26.00,25.00,25.40,4944
2003-05-21,25.00,25.10,24.50,25.00,4290
2003-05-22,25.15,25.75,25.15,25.50,2197
2003-05-23,26.25,26.25,25.50,26.20,3400
2003-05-26,27.10,27.50,26.10,27.50,3025
2003-05-27,27.50,27.50,26.50,26.60,2695
2003-05-28,27.75,27.75,26.00,26.05,1451
2003-05-29,26.40,26.40,25.75,25.75,1556
2003-05-30,26.00,26.50,26.00,26.05,3260
2003-06-02,26.00,26.00,25.70,26.00,453
2003-06-03,25.85,25.85,25.40,25.45,2150
2003-06-04,25.60,26.50,25.60,26.50,2780
2003-06-05,27.20,27.45,26.30,26.50,2700
2003-06-06,26.40,27.00,26.30,26.90,2000
2003-06-09,26.55,27.15,26.35,26.60,2500
2003-06-10,26.50,27.25,26.50,26.70,5990
2003-06-11,26.50,27.00,26.25,26.40,4060
2003-06-12,29.00,29.00,26.15,26.85,1970
2003-06-13,27.15,27.50,26.60,26.95,4203
2003-06-16,27.45,27.50,26.80,27.15,4001
2003-06-17,27.95,27.95,27.15,27.15,7953
2003-06-18,28.40,28.40,27.25,27.40,4340
2003-06-19,27.50,27.75,27.40,27.50,4844
2003-06-20,28.30,28.30,27.25,27.70,5351
2003-06-23,27.90,28.25,27.55,27.65,2865
2003-06-24,27.10,27.55,27.10,27.50,519
2003-06-25,28.50,28.50,27.05,27.10,4100
2003-06-26,27.05,27.30,26.80,26.95,1101
2003-06-27,28.90,28.90,26.85,27.25,3676
2003-06-30,27.15,27.75,26.85,27.30,8500
2003-07-01,28.00,29.00,27.05,28.95,33467
2003-07-02,33.00,33.00,28.65,31.65,34482
2003-07-03,31.50,32.00,30.10,31.40,17202
2003-07-04,31.15,31.20,30.00,30.50,8700
2003-07-07,31.00,31.00,30.00,30.15,5082
2003-07-08,30.20,30.85,30.20,30.60,7800
2003-07-09,30.25,30.25,29.55,29.60,5716
2003-07-10,29.00,29.90,29.00,29.75,2271
2003-07-11,29.90,29.90,28.80,28.80,5130
2003-07-14,29.00,30.35,28.50,28.85,6123
2003-07-15,28.70,29.95,28.60,29.00,1868
2003-07-16,27.60,28.80,27.60,28.60,2435
2003-07-17,28.70,29.25,28.10,28.40,6300
2003-07-18,27.30,28.50,27.30,28.15,1725
2003-07-21,28.00,28.10,27.55,27.60,3032
2003-07-22,28.00,28.00,27.50,27.60,2499
2003-07-23,27.55,28.00,27.55,28.00,1500
2003-07-24,27.90,28.40,27.90,28.05,3100
2003-07-25,28.00,28.45,28.00,28.00,1100
2003-07-28,28.50,28.50,28.00,28.10,4100
2003-07-29,28.00,28.25,27.95,28.20,2200
2003-07-30,30.00,30.00,28.50,29.10,4123
2003-07-31,29.20,31.25,29.20,30.20,12219
2003-08-01,35.00,35.00,29.50,29.85,8949
2003-08-04,30.00,30.00,29.85,29.90,4304
2003-08-05,30.00,32.00,29.50,29.50,4048
2003-08-06,29.50,29.90,28.85,29.00,5746
2003-08-07,30.00,30.00,29.20,29.75,2506
2003-08-08,30.00,30.40,29.25,29.85,5307
2003-08-11,33.00,33.00,29.25,30.10,4262
2003-08-12,30.80,30.80,29.50,29.70,4400
2003-08-13,30.70,30.70,29.80,30.10,5686
2003-08-14,33.00,33.00,29.75,30.25,7604
2003-08-18,30.95,31.00,30.25,30.65,11603
2003-08-19,31.35,31.35,29.50,29.65,22557
2003-08-20,30.50,30.50,29.50,30.00,10990
2003-08-21,30.00,30.95,29.50,29.55,10091
2003-08-22,31.35,31.35,29.50,30.10,21322
2003-08-25,31.05,34.00,31.00,31.70,73463
2003-08-26,33.00,33.40,32.10,32.95,57272
2003-08-27,34.00,37.00,34.00,34.80,51064
2003-08-28,35.00,35.95,34.20,34.85,29273
2003-08-29,33.00,34.80,32.05,34.55,14426
2003-09-01,34.00,34.80,33.50,33.60,13069
2003-09-02,34.00,34.30,33.60,34.00,6946
2003-09-03,33.50,34.60,33.50,34.05,24088
2003-09-04,31.00,32.00,30.15,30.90,21929
2003-09-05,31.00,31.15,30.50,30.95,11149
2003-09-08,31.05,31.25,30.55,30.85,9710
2003-09-09,30.60,30.60,29.45,29.85,11780
2003-09-10,29.50,30.05,29.50,30.00,7100
2003-09-11,31.95,31.95,29.05,29.60,3333
2003-09-12,29.50,30.20,29.50,29.65,950
2003-09-15,29.00,29.50,28.35,28.55,7301
2003-09-16,27.80,28.75,27.80,28.50,2625
2003-09-17,28.70,29.95,28.30,29.00,5400
2003-09-18,28.35,28.85,27.75,27.90,2265
2003-09-19,27.40,28.30,26.55,26.65,5905
2003-09-22,26.95,27.60,26.60,27.00,2415
2003-09-23,26.85,27.75,26.75,27.30,1700
2003-09-24,27.00,27.90,27.00,27.25,1660
2003-09-25,27.25,27.75,27.10,27.20,1960
2003-09-26,27.30,28.50,27.30,28.00,3603
2003-09-29,27.30,27.90,26.50,26.80,13656
2003-09-30,28.40,28.40,26.45,26.60,9778
2003-10-01,29.00,29.00,26.60,26.70,6255
2003-10-03,26.90,27.50,26.90,27.15,1835
2003-10-06,28.85,28.85,27.05,27.25,6553
2003-10-07,27.50,28.00,27.35,27.80,6752
2003-10-08,33.00,33.00,27.90,28.00,5265
2003-10-09,29.20,29.90,28.30,29.00,4305
2003-10-10,34.70,34.70,27.10,27.50,9212
2003-10-13,32.00,32.00,27.30,27.50,7962
2003-10-14,30.00,30.00,27.00,27.15,17571
2003-10-15,26.60,30.00,26.60,27.10,4313
2003-10-16,30.00,30.00,27.25,27.30,4646
2003-10-17,28.75,28.75,27.00,27.50,20006
2003-10-20,27.90,27.90,26.75,27.05,2707
2003-10-21,27.50,27.50,26.60,27.10,6170
2003-10-22,27.90,27.90,26.50,26.55,4232
2003-10-23,27.90,27.90,25.75,26.25,9284
2003-10-24,29.10,29.10,25.80,26.55,6309
2003-10-27,26.60,27.50,26.40,26.60,2956
2003-10-28,29.95,29.95,26.60,27.00,8205
2003-10-29,26.60,27.15,26.50,27.10,2850
2003-10-30,27.00,27.00,26.65,26.95,739
2003-10-31,27.00,27.70,26.15,27.25,1317
2003-11-03,27.70,29.50,27.70,28.65,9557
2003-11-04,28.35,29.40,28.35,28.80,14700
2003-11-05,28.50,28.65,28.40,28.45,3601
2003-11-06,29.00,29.00,28.35,28.50,5120
2003-11-07,29.50,29.90,28.80,29.00,26484
2003-11-10,29.90,30.65,29.90,30.10,15152
2003-11-11,30.50,32.85,30.50,32.40,30833
2003-11-12,33.00,34.50,32.50,34.15,37400
2003-11-13,34.50,36.40,33.55,34.10,29460
2003-11-14,35.00,35.00,32.75,32.95,19286
2003-11-17,36.00,36.00,35.00,35.20,22594
2003-11-18,36.50,38.10,35.55,36.75,35649
2003-11-19,38.70,38.70,36.05,36.20,18941
2003-11-20,37.00,38.00,35.10,35.60,23353
2003-11-21,31.00,36.00,31.00,34.25,9416
2003-11-24,35.00,41.10,34.95,39.30,71295
2003-11-25,40.60,40.70,37.60,38.65,31917
2003-11-27,38.00,39.30,38.00,38.80,16353
2003-11-28,39.10,39.40,38.00,38.20,9324
2003-12-01,38.80,40.80,38.10,40.55,21739
2003-12-02,42.50,43.90,42.10,43.30,77172
2003-12-03,43.50,51.30,43.50,48.95,172241
2003-12-04,49.95,52.80,47.60,48.65,71850
2003-12-05,48.00,52.85,48.00,50.40,83602
2003-12-08,50.80,52.85,50.60,52.05,31204
2003-12-09,53.00,59.90,52.75,58.75,91345
2003-12-10,54.00,64.40,54.00,58.40,83148
2003-12-11,60.00,62.65,58.50,59.75,53775
2003-12-12,61.90,61.90,55.10,56.05,30316
2003-12-15,57.00,57.00,53.15,54.45,21735
2003-12-16,52.25,55.00,52.15,54.90,37418
2003-12-17,55.40,55.90,52.55,53.00,13629
2003-12-18,54.80,56.00,52.90,55.35,18459
2003-12-19,56.75,58.00,55.60,56.40,22926
2003-12-22,56.60,58.35,56.00,56.40,14988
2003-12-23,57.85,57.85,55.50,55.55,10753
2003-12-24,55.25,56.00,54.20,55.20,9420
2003-12-26,55.90,56.50,54.10,55.95,20875
2003-12-29,60.00,61.55,60.00,61.55,10570
2003-12-30,65.10,67.75,63.25,67.50,162233
2003-12-31,68.00,69.25,63.40,64.05,83787
2004-01-01,65.80,65.80,63.90,64.40,23393
2004-01-02,65.45,67.90,62.20,64.00,36499
2004-01-05,63.00,64.40,57.75,58.55,43140
2004-01-06,56.60,59.95,55.20,56.10,27401
2004-01-07,54.20,56.05,52.55,53.60,24492
2004-01-08,53.50,55.50,53.50,54.85,28356
2004-01-09,57.70,57.70,54.00,54.40,22169
2004-01-12,53.00,54.40,49.85,50.35,20943
2004-01-13,51.00,51.10,47.55,49.55,20850
2004-01-14,51.40,51.65,49.40,49.75,23078
2004-01-15,54.45,54.45,48.60,49.55,17203
2004-01-16,47.70,49.85,47.00,47.20,20097
2004-01-19,47.00,49.95,45.30,46.00,13237
2004-01-20,47.00,49.75,46.00,46.55,7800
2004-01-21,44.75,45.15,41.90,42.10,14836
2004-01-22,42.50,42.50,38.55,39.40,18840
2004-01-23,38.10,41.80,38.10,40.15,23480
2004-01-27,39.75,44.20,39.75,43.80,17987
2004-01-28,44.00,45.50,42.35,42.80,14372
2004-01-29,43.10,43.90,40.50,41.30,20650
2004-01-30,40.55,42.90,39.10,39.80,22537
2004-02-03,40.00,40.00,36.00,36.25,16301
2004-02-04,35.00,36.70,34.40,36.30,11322
2004-02-05,36.45,37.25,35.55,36.45,19905
2004-02-06,36.65,36.65,34.70,34.90,5979
2004-02-09,35.10,36.40,34.85,35.50,13645
2004-02-10,36.00,38.00,35.40,35.60,8875
2004-02-11,36.00,36.40,35.25,35.40,6081
2004-02-12,35.05,35.80,34.25,34.40,9217
2004-02-13,34.30,36.85,34.00,36.40,20584
2004-02-16,37.00,38.95,37.00,37.30,38687
2004-02-17,38.45,38.45,36.00,36.15,16943
2004-02-18,36.35,36.95,36.05,36.40,5410
2004-02-19,33.50,36.75,33.50,35.35,7295
2004-02-20,35.05,35.45,34.10,34.50,9788
2004-02-23,34.25,34.75,33.90,34.00,5550
2004-02-24,33.60,34.75,33.50,34.30,3855
2004-02-25,34.60,34.60,33.00,33.10,5523
2004-02-26,34.00,34.00,33.00,33.00,4894
2004-02-27,32.65,32.65,31.15,31.90,4650
2004-03-01,31.80,32.90,31.15,31.50,8707
2004-03-03,31.55,33.30,31.50,32.40,11120
2004-03-04,31.75,32.25,31.25,31.60,8840
2004-03-05,31.30,32.15,31.15,32.05,7800
2004-03-08,32.45,32.75,31.85,32.15,8047
2004-03-09,32.00,32.50,30.50,31.55,7485
2004-03-10,31.30,32.20,31.20,32.20,13315
2004-03-11,30.60,31.50,30.60,30.75,3625
2004-03-12,30.65,31.75,30.65,31.20,3250
2004-03-15,30.75,31.50,30.00,30.00,7488
2004-03-16,29.15,29.70,28.50,28.85,8275
2004-03-17,28.05,29.65,28.05,28.95,3808
2004-03-18,29.00,29.60,29.00,29.10,6350
2004-03-19,29.45,29.75,28.60,29.05,2945
2004-03-22,29.00,29.00,27.80,27.80,5554
2004-03-23,27.75,27.95,26.95,27.25,7088
2004-03-24,27.00,27.90,27.00,27.60,8800
2004-03-25,28.75,28.75,27.35,28.30,1900
2004-03-26,28.85,30.10,28.65,29.15,18425
2004-03-29,30.65,30.65,27.00,29.15,8950
2004-03-30,28.65,32.10,28.65,32.10,10159
2004-03-31,31.75,32.00,31.00,31.45,6430
2004-04-01,32.50,34.40,32.05,33.40,9203
2004-04-02,33.15,34.00,33.10,33.85,7798
2004-04-05,35.45,35.45,33.00,34.90,7793
2004-04-06,34.70,34.80,34.00,34.45,9930
2004-04-07,34.10,34.10,32.85,33.25,2970
2004-04-08,33.80,36.55,32.65,34.05,18553
2004-04-12,36.40,36.40,33.70,34.30,3158
2004-04-13,36.50,36.50,33.20,34.05,3046
2004-04-15,34.00,34.25,33.15,33.65,10136
2004-04-16,33.90,34.50,33.50,34.10,6744
2004-04-19,35.00,37.80,35.00,35.55,8308
2004-04-20,35.00,36.00,34.50,35.35,1961
2004-04-21,34.10,35.75,34.10,35.65,900
2004-04-22,35.75,37.10,35.30,35.85,13637
2004-04-23,35.50,36.10,35.20,35.30,10770
2004-04-27,33.60,33.70,32.55,32.65,6834
2004-04-28,32.65,33.95,32.00,32.35,5000
2004-04-29,33.00,33.55,32.50,33.10,4985
2004-04-30,33.25,33.75,32.60,33.25,2998
2004-05-03,32.50,32.50,32.00,32.00,1615
2004-05-04,32.50,33.60,32.50,33.55,1802
2004-05-05,33.05,33.90,33.05,33.50,675
2004-05-06,33.45,34.45,33.35,34.15,2417
2004-05-07,34.00,34.35,33.00,33.65,7966
2004-05-10,32.00,33.25,31.90,32.95,6373
2004-05-11,31.70,32.45,31.10,31.35,6952
2004-05-12,31.50,32.20,31.05,32.20,4320
2004-05-13,29.50,33.50,29.25,31.45,6879
2004-05-14,33.90,33.90,28.55,28.95,20192
2004-05-17,27.60,29.00,27.00,27.45,8165
2004-05-18,25.55,29.70,25.05,29.50,10223
2004-05-19,28.75,30.75,28.25,29.75,12116
2004-05-20,31.00,31.40,29.90,30.25,4670
2004-05-21,30.20,30.80,28.60,30.25,11407
2004-05-24,31.00,31.80,31.00,31.20,2748
2004-05-25,31.70,31.70,30.35,30.90,1407
2004-05-26,31.65,31.90,30.45,30.80,5030
2004-05-27,30.05,30.95,29.50,30.60,3326
2004-05-28,30.10,30.30,29.20,29.75,11202
2004-05-31,27.80,29.25,27.50,28.80,2933
2004-06-01,29.50,30.65,28.70,29.65,1610
2004-06-02,29.20,29.50,28.90,29.00,2850
2004-06-03,29.15,29.75,28.50,28.75,8131
2004-06-04,29.00,29.00,28.60,28.75,666
2004-06-07,29.00,29.10,28.55,28.65,2284
2004-06-08,28.90,28.90,28.20,28.30,2264
2004-06-09,29.00,29.05,28.55,28.95,5400
2004-06-10,29.10,29.35,28.85,29.25,5695
2004-06-11,29.70,29.70,28.75,28.90,4225
2004-06-14,28.60,28.80,28.15,28.30,2270
2004-06-15,28.65,29.90,28.65,29.40,1133
2004-06-16,29.85,29.85,29.15,29.15,2450
2004-06-17,29.00,30.00,29.00,29.80,4223
2004-06-18,29.40,29.75,28.45,29.40,5360
2004-06-21,29.50,29.50,28.50,28.90,4115
2004-06-22,28.80,29.00,28.75,28.90,3125
2004-06-23,29.00,29.00,28.50,28.50,4330
2004-06-24,28.25,28.75,28.20,28.60,2000
2004-06-25,28.65,28.90,28.55,28.75,2950
2004-06-28,28.75,29.10,28.75,28.95,3600
2004-06-29,28.80,29.40,28.80,28.95,3515
2004-06-30,29.50,30.50,29.15,29.75,6491
2004-07-01,29.25,30.00,28.60,28.75,14407
2004-07-02,28.20,28.40,27.75,28.20,14609
2004-07-05,28.00,28.00,27.75,27.90,4905
2004-07-06,27.75,27.75,27.60,27.75,1250
2004-07-07,28.00,28.30,27.85,28.25,3962
2004-07-08,28.70,29.00,27.35,27.75,7685
2004-07-09,28.10,28.15,27.45,27.80,6410
2004-07-12,27.90,27.90,27.05,27.45,7230
2004-07-13,27.90,28.40,27.45,28.00,2086
2004-07-14,28.00,28.25,27.65,27.70,6381
2004-07-15,28.20,29.70,28.00,28.75,13197
2004-07-16,29.00,29.35,28.50,28.80,19435
2004-07-19,29.20,29.75,28.50,29.20,18905
2004-07-20,29.50,29.75,28.65,29.25,10770
2004-07-21,29.15,32.20,29.10,31.35,43460
2004-07-22,31.50,33.90,31.50,32.50,52754
2004-07-23,33.20,33.20,32.00,32.45,11880
2004-07-26,32.35,33.35,32.35,32.70,9451
2004-07-27,32.30,32.45,30.30,30.90,8246
2004-07-28,30.35,31.35,30.05,30.15,5191
2004-07-29,31.90,31.90,29.80,30.15,8554
2004-07-30,30.00,30.50,29.70,29.90,5550
2004-08-02,28.00,31.40,28.00,29.50,11349
2004-08-03,29.25,29.60,29.00,29.25,16706
2004-08-04,29.50,29.50,29.00,29.45,7918
2004-08-05,29.60,31.40,29.45,29.90,25593
2004-08-06,30.00,30.50,29.45,29.75,26863
2004-08-09,29.45,30.60,29.45,30.35,15000
2004-08-10,30.00,31.90,30.00,31.45,47869
2004-08-11,31.65,32.40,30.70,30.95,30104
2004-08-12,30.70,31.00,30.35,30.45,21153
2004-08-13,30.50,31.30,30.35,30.40,15179
2004-08-16,30.50,31.20,30.35,31.00,8040
2004-08-17,30.55,32.85,30.55,31.60,27927
2004-08-18,31.00,32.30,31.00,31.70,16063
2004-08-19,32.25,34.90,30.35,34.50,128774
2004-08-20,34.95,35.50,32.80,33.50,52379
2004-08-23,34.00,34.00,32.50,32.60,12391
2004-08-24,33.25,33.60,32.50,32.65,14916
2004-08-25,32.90,33.20,32.90,32.95,13705
2004-08-26,32.65,33.80,32.65,33.20,26319
2004-08-27,33.00,35.55,33.00,35.10,88080
2004-08-30,35.00,36.95,34.40,36.10,54625
2004-08-31,36.00,37.25,35.35,36.65,66217
2004-09-01,37.50,38.15,36.75,36.95,58239
2004-09-02,36.90,36.90,35.30,35.35,26119
2004-09-03,35.10,35.80,34.35,35.30,14142
2004-09-06,35.00,36.85,35.00,36.50,20163
2004-09-07,36.40,38.65,36.30,38.35,41427
2004-09-08,39.00,41.35,38.00,39.80,95612
2004-09-09,39.90,41.00,38.15,39.05,40298
2004-09-10,40.40,40.40,38.25,38.40,16146
2004-09-13,38.80,38.80,36.85,37.05,16367
2004-09-14,37.95,37.95,35.75,36.05,7646
2004-09-15,35.05,36.25,35.05,35.25,25379
2004-09-16,36.05,37.90,35.50,37.70,21241
2004-09-17,37.95,38.65,37.10,37.25,14619
2004-09-20,37.25,39.10,37.00,38.65,41848
2004-09-21,38.70,39.25,38.40,38.75,20046
2004-09-22,38.60,39.50,38.30,38.75,18092
2004-09-23,37.80,38.60,37.80,37.95,8337
2004-09-24,35.40,37.85,35.40,37.45,6304
2004-09-27,39.95,39.95,37.75,39.15,21709
2004-09-28,40.90,40.90,38.25,38.65,10024
2004-09-29,36.00,40.40,36.00,40.00,22382
2004-09-30,41.10,41.10,38.80,39.10,25511
2004-10-01,40.90,40.90,39.40,39.90,10800
2004-10-04,40.00,42.00,40.00,40.45,45745
2004-10-05,40.70,40.95,40.00,40.40,25379
2004-10-06,42.25,44.45,40.75,43.95,183703
2004-10-07,48.35,48.35,44.25,45.15,81830
2004-10-08,46.35,46.35,44.40,44.95,39807
2004-10-11,44.50,44.90,42.60,42.75,31804
2004-10-12,43.05,43.30,40.10,40.55,22205
2004-10-14,42.45,42.45,36.55,40.15,45988
2004-10-15,42.00,42.00,39.35,39.45,10954
2004-10-18,41.95,41.95,39.25,39.30,9149
2004-10-19,39.50,40.20,39.35,39.70,6641
2004-10-20,39.95,41.00,39.50,39.75,10802
2004-10-21,40.45,40.45,39.50,40.35,15050
2004-10-25,39.80,39.95,38.20,38.50,6875
2004-10-26,39.40,39.75,38.90,39.30,4647
2004-10-27,39.50,45.95,39.40,43.60,97583
2004-10-28,46.30,46.40,44.05,44.70,49616
2004-10-29,45.00,45.20,42.50,42.75,23801
2004-11-01,45.00,45.90,43.00,43.10,23203
2004-11-02,44.90,46.90,42.70,46.25,140153
2004-11-03,46.90,47.20,45.10,45.65,63754
2004-11-04,47.50,47.50,44.50,44.90,30603
2004-11-05,45.95,52.40,44.65,50.00,228380
2004-11-08,55.00,59.60,53.00,54.50,403338
2004-11-09,55.05,55.35,51.70,52.20,85416
2004-11-10,52.90,55.00,52.20,53.55,95568
2004-11-11,53.60,54.80,51.75,52.30,50830
2004-11-12,52.60,53.90,51.50,52.40,17282
2004-11-16,53.05,53.45,51.50,52.10,43627
2004-11-17,52.40,54.45,52.10,52.50,42187
2004-11-18,52.55,54.95,52.50,53.10,28812
2004-11-19,52.15,54.00,50.10,52.10,32042
2004-11-22,52.50,52.50,49.15,51.30,22100
2004-11-23,51.90,54.45,51.30,52.75,42625
2004-11-24,52.60,54.40,52.60,53.90,36248
2004-11-25,54.00,56.00,54.00,54.25,110264
2004-11-29,54.50,56.95,54.50,55.25,53722
2004-11-30,55.80,57.00,51.75,52.05,84393
2004-12-01,52.00,52.50,48.65,51.50,36476
2004-12-02,52.00,53.00,50.05,50.30,42522
2004-12-03,50.50,50.50,48.00,49.00,20767
2004-12-06,50.00,51.85,49.65,50.05,28805
2004-12-07,50.50,51.40,49.50,49.95,32655
2004-12-08,51.00,51.20,49.15,49.40,30580
2004-12-09,51.70,51.70,49.20,50.75,33620
2004-12-10,51.75,55.50,50.60,52.90,124465
2004-12-13,53.60,61.80,53.50,59.85,409319
2004-12-14,61.75,69.05,61.50,67.05,792800
2004-12-15,69.00,74.00,67.50,69.05,541374
2004-12-16,69.85,70.80,66.00,66.55,108076
2004-12-17,66.00,69.40,65.00,65.40,81710
2004-12-20,66.00,66.85,64.00,64.80,53992
2004-12-21,65.85,67.95,64.80,65.30,53932
2004-12-22,66.40,66.40,63.00,63.35,42934
2004-12-23,63.00,69.20,63.00,66.65,118817
2004-12-24,69.00,70.00,65.10,65.95,39613
2004-12-27,67.50,67.50,63.35,64.85,30806
2004-12-28,65.50,66.00,63.50,64.25,32438
2004-12-29,65.00,68.00,63.00,64.50,94184
2004-12-30,65.00,66.30,62.10,62.65,31596
2004-12-31,64.00,68.80,63.30,67.70,238298
2005-01-03,69.00,70.00,66.20,66.60,63053
2005-01-04,66.60,66.90,63.20,63.90,37640
2005-01-05,63.10,64.00,57.55,58.35,60730
2005-01-06,60.00,62.45,55.50,61.70,166879
2005-01-07,63.00,63.90,58.75,59.75,45272
2005-01-10,62.00,65.40,60.15,61.80,232745
2005-01-11,62.60,62.75,57.60,58.80,40332
2005-01-12,59.95,60.50,52.95,53.25,36218
2005-01-13,57.40,57.40,54.00,54.90,32744
2005-01-14,58.25,58.25,54.10,54.45,15057
2005-01-17,54.55,54.55,50.60,51.75,18867
2005-01-18,53.00,53.55,51.35,52.70,25407
2005-01-19,53.50,53.50,51.00,51.30,8088
2005-01-20,50.05,52.00,50.00,50.10,19502
2005-01-24,50.00,51.85,49.75,50.25,13972
2005-01-25,49.00,55.00,48.10,52.25,31554
2005-01-27,54.00,55.95,53.60,54.75,40082
2005-01-28,55.70,56.50,54.75,55.30,25087
2005-01-31,56.60,58.00,52.20,52.70,52559
2005-02-01,52.50,52.95,51.10,51.95,45521
2005-02-02,52.50,53.40,50.50,51.10,67639
2005-02-03,52.25,53.20,51.15,51.95,36279
2005-02-04,53.00,53.00,49.90,50.55,89967
2005-02-07,51.90,55.65,51.40,55.00,142611
2005-02-08,56.80,57.75,54.15,56.00,90974
2005-02-09,57.00,57.50,55.10,55.60,45432
2005-02-10,56.50,56.55,55.00,55.75,33090
2005-02-11,59.40,59.40,55.05,55.30,18616
2005-02-14,55.00,56.50,55.00,55.40,18223
2005-02-15,55.00,56.90,52.65,53.60,49977
2005-02-16,54.80,55.00,52.10,52.45,22627
2005-02-17,52.00,52.10,50.80,51.60,17902
2005-02-18,51.70,54.50,51.70,53.20,26638
2005-02-21,54.00,54.00,51.20,51.45,15190
2005-02-22,52.00,52.50,51.35,51.70,9001
2005-02-23,52.00,52.65,51.20,51.50,13703
2005-02-24,52.50,55.80,51.80,54.30,114646
2005-02-25,55.80,59.00,54.10,54.50,114789
2005-02-28,54.50,58.50,54.45,57.00,124032
2005-03-01,57.25,57.50,55.45,56.05,36251
2005-03-02,56.75,57.00,56.00,56.35,22872
2005-03-03,56.85,60.45,56.40,58.85,186606
2005-03-04,60.40,60.40,57.20,57.55,56921
2005-03-07,58.65,61.00,57.40,58.35,77399
2005-03-08,59.60,62.90,58.55,60.20,200095
2005-03-09,60.95,61.80,57.00,57.40,76971
2005-03-10,58.30,58.90,57.00,57.40,31064
2005-03-11,56.25,58.50,55.60,56.00,40828
2005-03-14,56.75,57.30,54.80,55.20,24930
2005-03-15,55.15,56.50,54.60,55.85,27869
2005-03-16,56.00,57.00,55.10,55.35,23025
2005-03-17,57.45,57.45,54.00,54.20,30317
2005-03-18,55.75,55.75,52.00,52.50,24420
2005-03-21,53.00,53.50,52.10,52.35,12295
2005-03-22,52.95,53.00,50.00,50.30,19747
2005-03-23,50.90,52.00,50.00,50.25,25683
2005-03-24,50.60,51.00,48.00,48.40,19640
2005-03-28,48.40,51.85,48.35,50.10,65394
2005-03-29,49.50,50.30,45.20,46.45,21305
2005-03-30,47.75,47.80,46.00,47.25,14954
2005-03-31,51.90,51.90,48.95,50.15,15070
2005-04-01,50.50,53.00,49.30,51.70,26191
2005-04-04,54.45,54.45,50.20,51.15,11897
2005-04-05,51.50,54.70,49.60,51.90,50720
2005-04-06,52.00,52.75,51.50,52.15,11031
2005-04-07,51.00,54.00,51.00,51.70,22548
2005-04-08,50.05,52.95,49.50,50.10,19690
2005-04-11,51.60,51.60,49.75,50.05,7188
2005-04-12,50.75,50.75,49.00,49.55,16717
2005-04-13,50.00,51.45,50.00,50.15,11079
2005-04-15,49.00,51.00,48.75,49.05,10841
2005-04-18,47.40,48.40,47.10,47.95,9396
2005-04-19,48.50,49.85,46.80,47.15,11547
2005-04-20,46.70,56.40,46.70,54.65,601582
2005-04-21,56.20,56.20,51.50,53.30,215478
2005-04-22,53.60,55.75,53.50,53.95,83163
2005-04-25,54.00,54.45,52.10,52.60,27106
2005-04-26,53.95,53.95,52.05,52.40,19985
2005-04-27,52.80,52.80,51.10,51.40,10144
2005-04-28,51.00,52.50,50.70,51.35,9352
2005-04-29,51.50,51.95,49.20,50.20,12868
2005-05-02,49.35,50.50,49.20,49.60,13204
2005-05-03,50.00,50.80,49.60,49.80,7589
2005-05-04,50.00,50.30,49.65,49.95,5841
2005-05-05,55.00,55.00,50.30,50.75,10731
2005-05-06,50.45,50.80,48.15,49.60,10856
2005-05-09,50.05,51.45,50.05,50.90,6891
2005-05-10,50.10,52.95,50.10,51.75,19958
2005-05-11,49.40,53.20,49.40,52.40,15332
2005-05-12,52.90,61.40,52.60,59.15,200342
2005-05-13,59.80,63.45,58.55,62.40,222560
2005-05-16,63.10,66.00,62.50,63.15,157935
2005-05-17,64.00,64.00,60.20,61.00,45249
2005-05-18,60.00,67.95,58.50,65.45,158373
2005-05-19,66.50,78.00,66.10,76.70,687312
2005-05-20,78.45,78.45,72.20,76.15,374403
2005-05-23,76.00,78.40,74.15,74.65,122749
2005-05-24,75.55,75.55,69.15,69.70,100282
2005-05-25,68.05,72.40,68.00,69.55,68558
2005-05-26,70.10,70.80,66.65,67.20,52935
2005-05-27,69.90,73.95,69.90,70.60,119548
2005-05-30,71.40,71.60,68.35,68.80,52511
2005-05-31,71.50,71.65,69.15,69.65,56948
2005-06-01,70.50,73.20,70.50,71.60,43205
2005-06-02,72.00,73.00,71.20,71.55,43108
2005-06-03,70.50,76.00,70.50,73.05,83182
2005-06-06,79.00,80.70,77.00,77.45,97542
2005-06-07,80.00,82.50,78.35,81.50,199650
2005-06-08,81.50,84.75,81.00,81.85,128950
2005-06-09,82.50,86.00,80.75,85.25,165580
2005-06-10,84.50,89.85,84.00,87.20,141115
2005-06-13,88.00,88.80,84.00,84.50,54912
2005-06-14,85.50,85.50,81.25,81.95,35643
2005-06-15,83.90,84.40,79.00,83.50,67286
2005-06-16,84.90,85.00,78.55,79.75,51055
2005-06-17,77.80,80.95,71.80,73.75,89596
2005-06-20,75.00,75.00,69.10,69.75,51241
2005-06-21,69.05,74.15,69.05,73.20,28684
2005-06-22,73.00,73.95,70.50,70.70,20773
2005-06-23,72.00,72.00,68.90,69.20,19651
2005-06-24,69.75,73.10,68.00,72.70,17316
2005-06-27,76.75,76.75,69.50,69.85,21581
2005-06-28,69.80,72.50,69.05,69.55,20149
2005-06-29,70.45,73.10,69.15,71.50,13381
2005-06-30,72.85,74.00,70.55,71.20,12072
2005-07-01,71.20,73.10,70.10,71.80,25483
2005-07-04,73.50,75.45,72.55,74.50,20400
2005-07-05,75.50,76.00,71.95,72.05,13983
2005-07-06,72.00,72.50,70.60,71.00,12879
2005-07-07,71.05,74.30,70.25,70.95,13683
2005-07-08,75.00,75.00,65.00,70.10,11646
2005-07-11,73.70,73.70,70.00,72.75,40899
2005-07-12,73.55,75.00,71.00,72.20,26533
2005-07-13,72.50,79.45,72.50,77.70,114813
2005-07-14,79.00,82.40,78.50,79.30,72971
2005-07-15,78.55,81.00,77.05,77.95,32670
2005-07-18,78.00,81.85,78.00,80.85,55596
2005-07-19,81.00,82.95,79.55,79.95,36765
2005-07-20,79.95,81.00,78.00,78.60,12365
2005-07-21,80.45,80.45,71.30,75.85,18963
2005-07-22,80.70,81.00,75.50,77.10,20001
2005-07-25,78.00,79.15,77.20,77.60,11044
2005-07-26,77.50,77.50,75.50,76.30,9207
2005-07-27,76.00,79.95,75.10,78.25,24897
2005-07-29,78.00,83.00,75.35,77.45,56969
2005-08-01,74.25,78.25,73.00,73.95,19059
2005-08-02,74.95,77.00,74.50,75.30,14122
2005-08-03,77.60,77.60,74.50,75.05,9152
2005-08-04,71.50,77.85,71.50,77.50,11167
2005-08-05,75.70,85.25,75.70,85.25,116783
2005-08-08,87.50,93.80,87.00,87.20,170594
2005-08-09,84.25,88.90,84.00,87.00,44459
2005-08-10,88.40,92.80,86.00,91.30,153938
2005-08-11,91.55,95.90,91.50,95.70,165329
2005-08-12,99.20,100.10,92.70,98.25,130337
2005-08-16,98.00,103.20,96.00,102.95,82260
2005-08-17,104.00,108.10,102.80,108.10,68981
2005-08-18,112.90,113.55,103.50,105.20,79637
2005-08-19,109.90,110.50,105.00,109.75,49109
2005-08-22,114.90,115.00,109.00,110.50,68725
2005-08-23,111.10,112.40,105.00,105.00,36855
2005-08-24,107.00,108.50,101.40,106.65,77022
2005-08-25,107.20,112.00,106.00,112.00,46070
2005-08-26,114.75,116.80,112.00,113.00,36565
2005-08-29,116.00,118.50,107.35,108.50,56256
2005-08-30,110.05,113.60,107.00,107.95,51805
2005-08-31,109.00,112.00,107.00,107.85,19411
2005-09-01,108.55,108.55,104.30,107.25,21521
2005-09-02,107.00,108.95,103.25,104.00,15137
2005-09-05,105.00,109.20,105.00,108.70,35403
2005-09-06,108.00,112.90,103.50,104.35,14398
2005-09-08,105.50,108.00,103.00,105.75,29629
2005-09-09,107.00,107.00,101.10,102.00,18914
2005-09-12,103.05,106.00,99.65,100.45,20373
2005-09-13,101.65,102.85,98.25,99.40,12790
2005-09-14,99.90,103.00,95.00,97.65,35671
2005-09-15,99.75,102.55,98.55,102.25,59907
2005-09-16,105.30,106.50,100.80,101.10,68990
2005-09-19,100.55,103.50,100.50,102.00,17360
2005-09-20,100.00,102.00,97.00,97.70,24515
2005-09-21,100.00,100.00,92.85,92.90,24738
2005-09-22,92.50,92.55,88.25,88.25,6704
2005-09-23,85.25,85.50,83.85,83.85,18040
2005-09-26,80.50,88.05,80.50,88.05,11983
2005-09-27,90.00,92.45,88.00,92.45,17822
2005-09-28,93.40,96.20,93.40,95.10,15992
2005-09-29,98.00,98.00,91.10,91.90,12172
2005-09-30,91.00,91.00,87.30,87.40,13780
2005-10-03,90.00,91.30,89.00,90.40,7336
2005-10-04,93.00,94.90,89.00,90.60,22527
2005-10-05,92.30,93.40,89.80,90.60,20317
2005-10-06,90.90,92.90,87.25,88.55,33813
2005-10-07,89.90,91.00,88.15,90.15,14290
2005-10-10,89.10,90.00,87.00,87.20,13593
2005-10-11,89.00,89.00,84.20,85.50,3571
2005-10-13,80.00,86.45,80.00,84.05,3006
2005-10-14,84.95,85.60,80.00,82.30,6219
2005-10-17,84.00,84.00,74.10,74.45,21500
2005-10-18,73.00,75.85,70.25,71.60,9884
2005-10-19,71.00,72.00,67.50,69.50,35656
2005-10-20,70.00,72.70,66.20,67.25,18617
2005-10-21,67.00,68.00,63.00,65.25,25633
2005-10-24,66.00,67.40,65.40,66.05,26374
2005-10-25,67.80,68.50,65.75,67.90,18502
2005-10-26,68.10,69.90,67.00,69.10,9328
2005-10-27,68.50,69.95,68.00,68.40,2971
2005-10-28,68.20,68.25,66.25,67.00,24289
2005-10-31,67.00,69.50,67.00,69.20,7807
2005-11-01,67.00,72.45,67.00,71.00,5248
2005-11-02,71.00,72.00,69.45,70.80,1730
2005-11-07,72.00,72.65,70.10,70.90,21828
2005-11-08,72.00,73.50,72.00,73.05,6361
2005-11-09,74.70,74.75,71.70,72.10,5449
2005-11-10,70.45,72.95,70.45,71.85,3087
2005-11-11,72.80,74.50,71.35,73.45,3685
2005-11-14,72.50,73.85,72.00,72.50,6489
2005-11-16,73.65,76.15,73.40,76.15,17160
2005-11-17,79.80,80.00,77.00,80.00,20388
2005-11-18,83.80,84.00,80.05,83.10,39168
2005-11-21,87.00,87.00,80.00,80.05,20647
2005-11-22,80.00,80.80,78.00,78.10,6986
2005-11-23,80.45,80.50,77.70,79.90,5432
2005-11-24,82.00,82.00,79.00,80.10,7555
2005-11-25,81.50,81.50,78.75,80.00,1330
2005-11-28,79.50,82.90,79.50,82.60,11699
2005-11-29,82.55,86.75,79.55,85.85,20657
2005-11-30,87.90,87.90,81.60,81.65,10829
2005-12-01,81.60,83.00,80.75,82.25,4845
2005-12-02,81.55,82.65,80.10,80.20,8322
2005-12-05,79.45,79.50,77.00,77.30,3576
2005-12-06,76.60,78.95,76.60,77.70,3171
2005-12-07,78.00,78.00,76.50,76.60,4075
2005-12-08,76.60,78.90,76.60,77.60,1853
2005-12-09,79.25,81.00,77.00,80.40,16790
2005-12-12,82.95,82.95,78.15,79.20,13309
2005-12-13,78.55,81.50,78.55,79.60,7176
2005-12-14,77.00,80.95,76.50,78.55,1524
2005-12-15,79.00,79.80,78.10,78.25,2954
2005-12-16,77.00,79.80,76.65,76.85,9150
2005-12-19,79.00,84.55,79.00,84.55,61337
2005-12-20,91.05,93.05,91.05,93.05,21385
2005-12-21,101.90,102.40,95.10,102.40,153049
2005-12-22,107.40,107.55,101.00,107.55,117282
2005-12-23,109.10,112.95,105.00,111.45,262115
2005-12-26,111.90,111.95,105.90,108.85,107200
2005-12-27,109.00,114.30,107.00,113.15,63993
2005-12-28,114.00,117.50,112.05,114.50,32866
2005-12-29,109.05,115.25,109.05,113.60,27206
2005-12-30,114.50,119.30,114.00,119.30,135119
2006-01-02,119.50,125.30,119.10,125.30,42333
2006-01-03,128.90,131.60,128.90,131.60,56630
2006-01-04,136.90,138.20,136.90,138.20,18239
2006-01-05,143.70,145.15,141.05,145.00,148968
2006-01-06,145.30,152.25,138.35,147.60,120850
2006-01-09,148.50,149.95,140.25,141.20,105010
2006-01-10,141.00,141.00,135.20,139.35,41971
2006-01-12,137.90,139.90,134.05,137.85,23147
2006-01-13,136.00,139.50,132.00,132.95,28264
2006-01-16,130.25,138.35,127.05,127.80,22726
2006-01-17,132.90,134.20,127.50,132.80,50081
2006-01-18,134.40,139.00,134.00,136.25,38299
2006-01-19,138.00,143.10,137.50,140.75,90276
2006-01-20,144.90,147.80,142.00,147.80,59507
2006-01-23,152.05,155.20,151.00,155.20,65629
2006-01-24,163.00,163.00,161.00,163.00,83062
2006-01-25,171.00,171.15,156.50,159.80,108294
2006-01-27,159.80,164.85,155.00,156.10,37158
2006-01-30,152.55,152.90,148.30,148.30,31398
2006-01-31,143.10,155.75,140.90,147.60,116281
2006-02-01,142.10,144.95,140.25,141.60,20916
2006-02-02,137.15,137.15,134.55,134.55,29130
2006-02-03,135.00,141.30,129.50,141.30,44740
2006-02-06,135.00,148.40,134.25,148.40,20279
2006-02-07,148.40,155.85,148.40,155.70,75190
2006-02-08,155.00,155.00,148.55,152.30,29570
2006-02-10,153.50,154.80,151.50,153.75,24797
2006-02-13,153.50,169.15,153.50,167.65,51431
2006-02-14,167.00,173.00,163.00,165.80,34612
2006-02-15,169.50,169.50,162.00,163.30,14505
2006-02-16,161.15,167.00,161.15,165.15,14823
2006-02-17,166.90,166.90,155.00,157.80,18280
2006-02-20,159.00,163.80,149.00,151.45,27668
2006-02-21,152.00,157.00,145.00,150.20,10671
2006-02-22,154.50,154.50,145.55,147.90,12687
2006-02-23,145.60,149.50,142.00,143.10,8142
2006-02-24,134.00,147.95,134.00,144.90,15769
2006-02-27,148.00,158.95,144.50,151.40,22934
2006-02-28,148.25,156.25,145.15,148.85,16076
2006-03-01,149.05,154.70,143.00,145.20,10470
2006-03-02,144.00,148.00,141.30,145.65,9178
2006-03-03,146.25,157.80,146.25,155.20,29322
2006-03-06,156.00,167.00,155.50,161.50,20390
2006-03-07,161.90,177.00,161.90,169.50,26359
2006-03-08,179.95,184.00,157.50,158.65,13713
2006-03-09,154.00,158.75,150.00,154.50,9259
2006-03-10,146.50,161.40,146.10,157.20,4616
2006-03-13,157.50,160.00,155.50,156.95,16829
2006-03-14,151.20,157.15,151.20,151.95,23236
2006-03-16,156.00,164.00,156.00,157.95,29310
2006-03-17,159.00,159.45,152.10,153.25,8536
2006-03-20,152.05,153.50,150.00,152.95,7627
2006-03-21,152.30,155.00,146.10,148.50,12804
2006-03-22,154.90,154.90,147.00,148.30,11911
2006-03-23,146.50,150.50,146.05,147.60,5393
2006-03-24,150.95,161.00,150.65,154.15,53595
2006-03-27,148.10,157.65,148.10,154.00,2626
2006-03-28,164.50,164.50,149.05,152.30,20394
2006-03-29,151.10,155.70,151.10,153.65,2939
2006-03-30,151.50,154.80,151.00,152.20,22179
2006-03-31,148.00,153.25,148.00,152.05,4123
2006-04-03,150.10,167.30,150.10,167.30,54339
2006-04-04,169.10,174.00,163.30,171.55,68392
2006-04-05,171.10,188.75,166.45,188.75,59203
2006-04-07,197.90,198.20,196.50,198.20,15013
2006-04-10,205.00,208.15,204.00,208.15,10594
2006-04-12,214.60,218.60,214.60,218.60,31230
2006-04-13,229.50,229.55,229.50,229.55,8730
2006-04-17,240.95,241.05,218.10,218.10,125823
2006-04-18,219.00,229.05,210.00,228.95,46825
2006-04-19,231.00,232.00,217.50,219.90,19367
2006-04-20,219.00,230.90,218.95,230.90,14354
2006-06-12,133.45,146.75,132.80,145.95,22970
2006-06-13,139.00,139.00,139.00,139.00,25
2006-06-14,138.00,138.00,132.05,132.05,125
2006-06-15,132.00,132.00,125.45,126.65,698
2006-06-16,132.00,133.00,126.20,131.20,1445
2006-06-19,137.10,137.80,136.00,137.80,22150
2006-06-20,144.70,144.70,144.70,144.70,545
2006-06-21,151.95,151.95,151.95,151.95,475
2006-06-22,159.55,159.55,150.25,152.30,14097
2006-06-23,153.90,155.00,150.10,152.15,2682
2006-06-26,152.00,152.00,137.85,137.85,2301
2006-06-27,143.00,143.00,131.00,136.25,2451
2006-06-28,130.00,142.80,130.00,142.10,607
2006-06-29,143.00,146.00,142.00,145.45,4616
2006-06-30,146.00,152.75,146.00,152.75,5180
2006-07-03,145.40,158.00,145.25,152.60,2751
2006-07-04,149.00,149.05,145.00,146.00,1702
2006-07-05,144.00,150.00,144.00,145.45,716
2006-07-06,139.60,139.90,138.20,138.20,4133
2006-07-07,144.70,144.75,137.20,143.90,80
2006-07-10,145.00,145.00,136.75,142.20,1710
2006-07-11,135.30,147.90,135.30,141.00,2220
2006-07-12,141.50,146.00,140.00,146.00,1890
2006-07-13,146.50,146.50,138.70,138.70,82
2006-07-14,140.00,142.00,137.00,140.75,2317
2006-07-18,135.00,137.00,135.00,137.00,53
2006-07-19,133.00,133.00,130.15,130.15,1292
2006-07-20,127.60,136.70,123.65,123.65,3543
2006-07-21,120.00,122.50,117.80,117.80,1526
2006-07-24,111.95,116.90,111.95,111.95,4100
2006-07-25,110.10,111.95,107.00,108.65,3664
2006-07-26,106.50,114.00,106.10,112.55,1878
2006-07-27,117.00,118.00,112.00,113.00,1411
2006-07-28,112.10,116.50,110.25,110.25,2926
2006-07-31,110.00,111.00,104.75,111.00,9266
2006-08-01,106.00,116.55,106.00,116.35,10012
2006-08-02,121.80,122.20,121.00,122.20,1120
2006-08-03,125.10,128.35,125.10,128.35,8738
2006-08-04,134.75,134.75,123.00,129.50,8358
2006-08-07,130.00,134.35,130.00,131.80,117
2006-08-08,130.00,135.70,130.00,132.90,5047
2006-08-09,133.00,136.00,132.00,136.00,375
2006-08-10,135.00,138.60,133.00,136.95,641
2006-08-11,140.00,141.00,132.00,139.40,4372
2006-08-14,148.70,148.70,140.00,144.75,2544
2006-08-16,149.00,157.00,146.00,151.40,2240
2006-08-17,154.45,154.45,145.00,146.40,252
2006-08-18,149.70,160.10,142.05,147.70,2944
2006-08-21,158.00,158.00,142.00,148.00,1825
2006-08-22,149.80,161.00,147.00,149.45,3340
2006-08-23,152.00,152.00,144.00,146.00,966
2006-08-24,144.00,151.80,135.00,137.25,3697
2006-08-25,140.00,145.00,140.00,142.90,1443
2006-08-28,138.00,148.00,138.00,146.45,6190
2006-08-29,148.00,150.00,145.35,148.90,1429
2006-08-30,145.55,163.75,145.55,161.70,10640
2006-08-31,162.95,169.00,146.00,154.45,4427
2006-09-01,150.00,169.00,150.00,157.60,3779
2006-09-04,160.00,162.00,154.00,159.05,1338
2006-09-05,154.00,159.00,154.00,159.00,173
2006-09-06,152.40,158.95,152.30,156.80,1264
2006-09-07,158.00,158.95,152.10,154.00,2800
2006-09-08,163.00,163.75,153.15,154.20,1856
2006-09-11,154.10,155.50,143.90,147.60,6997
2006-09-12,146.00,153.90,145.00,153.30,7843
2006-09-13,150.00,159.00,150.00,156.00,6316
2006-09-14,156.00,162.95,156.00,160.00,2015
2006-09-15,160.00,167.50,151.00,165.10,8369
2006-09-18,166.00,176.00,165.30,169.15,20734
2006-09-19,175.85,175.85,163.50,167.60,6264
2006-09-20,165.00,170.50,165.00,169.65,451
2006-09-21,169.00,169.00,165.10,165.50,500
2006-09-22,166.50,169.95,157.75,162.70,5385
2006-09-25,160.00,165.00,160.00,162.80,3252
2006-09-26,164.90,164.90,155.00,158.10,2720
2006-09-27,159.90,159.90,157.00,157.55,2945
2006-09-28,155.25,155.25,150.00,152.00,1414
2006-09-29,153.00,160.00,151.00,153.75,12159
2006-10-03,154.50,154.50,150.65,152.00,1063
2006-10-04,152.00,156.00,151.55,151.60,1573
2006-10-05,155.45,155.45,151.40,153.40,778
2006-10-06,154.55,160.00,154.00,157.00,4499
2006-10-09,158.90,161.00,156.50,157.00,2197
2006-10-10,155.05,156.00,154.00,155.70,1260
2006-10-11,155.90,156.90,153.00,153.20,1239
2006-10-12,153.15,154.90,152.05,152.05,545
2006-10-13,153.00,154.90,152.50,153.70,3996
2006-10-16,154.00,157.40,150.60,150.75,714
2006-10-17,152.00,153.90,151.00,153.90,230
2006-10-18,152.05,152.05,148.00,148.20,2680
2006-10-19,148.10,149.50,146.30,147.65,295
2006-10-20,157.95,157.95,147.70,147.70,449
2006-10-23,155.00,155.00,148.00,148.05,172
2006-10-26,148.00,150.85,148.00,150.85,511
2006-10-27,149.00,153.85,148.20,149.70,2309
2006-10-30,135.00,154.90,135.00,150.00,2747
2006-10-31,149.00,149.00,141.55,142.80,1126
2006-11-02,141.50,141.50,132.00,136.70,10462
2006-11-03,139.90,139.90,133.00,134.40,733
2006-11-06,134.00,136.95,133.00,136.40,459
2006-11-07,137.00,144.80,136.00,137.55,7328
2006-11-08,135.95,136.00,135.00,135.00,83
2006-11-09,136.00,136.00,134.00,134.05,1950
2006-11-10,139.00,139.00,134.00,135.00,7921
2006-11-13,135.60,135.75,135.60,135.75,236
2006-11-14,137.85,140.00,135.75,136.85,1322
2006-11-15,154.90,154.90,140.10,143.40,11906
2006-11-16,144.20,144.20,144.20,144.20,3189
2006-11-17,146.00,146.00,138.10,138.50,2464
2006-11-20,144.50,144.50,141.75,141.80,210
2006-11-21,137.10,145.00,137.10,143.40,1148
2006-11-22,146.10,146.10,133.60,142.80,13796
2006-11-23,136.00,139.00,135.70,137.85,4437
2006-11-24,140.00,142.15,138.00,140.75,2242
2006-11-27,141.80,142.50,138.15,141.75,70
2006-11-28,140.55,143.00,138.10,139.85,753
2006-11-29,144.00,144.00,138.50,138.50,1037
2006-11-30,136.10,139.50,136.00,136.05,2400
2006-12-01,153.00,153.00,139.95,141.40,5907
2006-12-04,135.30,140.00,125.30,129.15,5752
2006-12-05,131.05,137.50,130.00,135.05,4005
2006-12-06,130.90,130.90,130.90,130.90,1253
2006-12-07,138.05,138.05,138.05,138.05,13336
2006-12-08,137.00,144.40,130.00,130.90,5020
2006-12-11,128.00,134.00,126.05,127.55,1697
2006-12-12,130.00,135.00,121.20,122.35,2132
2006-12-13,122.00,126.00,118.00,123.20,248
2006-12-14,131.70,134.40,129.00,130.70,2971
2006-12-15,127.10,132.80,127.00,128.95,8171
2006-12-18,130.00,136.80,126.05,133.05,5839
2006-12-19,135.00,139.80,128.60,133.00,962
2006-12-20,129.20,133.90,127.10,128.95,353
2006-12-21,126.15,131.00,122.10,131.00,401
2006-12-22,130.00,133.95,128.00,131.65,2251
2006-12-26,134.00,134.00,129.60,130.25,540
2006-12-27,138.70,145.00,134.00,141.55,5796
2006-12-28,141.00,148.00,141.00,143.05,5118
2006-12-29,145.00,146.95,141.55,143.20,1448
2007-01-02,146.90,171.85,143.00,171.85,38278
2007-01-03,176.05,206.25,176.05,206.00,0
2007-01-04,207.10,219.65,195.10,198.20,181510
2007-01-05,196.10,198.10,185.00,188.30,33360
2007-01-08,187.90,205.00,186.25,200.45,65772
2007-01-09,204.90,215.00,202.15,208.70,54549
2007-01-10,202.30,207.00,197.10,198.25,13999
2007-01-11,203.90,203.90,193.30,195.15,6843
2007-01-12,202.40,202.85,190.00,193.25,12015
2007-01-15,198.00,200.00,194.10,196.45,7557
2007-01-16,199.20,200.00,195.00,197.10,6087
2007-01-17,191.25,216.85,191.25,206.50,32677
2007-01-18,208.95,216.75,196.00,198.70,10798
2007-01-19,206.95,206.95,196.25,198.15,8673
2007-01-22,200.00,207.00,197.00,199.30,5553
2007-01-23,185.00,206.50,185.00,198.00,5770
2007-01-24,201.05,203.00,192.60,195.65,24780
2007-01-25,200.00,201.00,191.65,194.55,4256
2007-01-29,198.00,214.05,194.10,214.05,49506
2007-01-31,221.00,229.95,221.00,222.90,55058
2007-02-01,223.00,225.50,215.10,219.50,17837
2007-02-02,214.10,223.80,206.75,209.90,9819
2007-02-05,206.00,216.50,205.10,211.35,11466
2007-02-06,221.00,221.00,208.15,210.00,6296
2007-02-07,210.00,212.45,205.10,206.10,2056
2007-02-08,210.00,212.95,194.05,197.70,4383
2007-02-09,193.25,200.00,185.00,188.70,3158
2007-02-12,182.15,188.35,169.85,170.00,8394
2007-02-13,177.00,177.00,162.25,171.95,13706
2007-02-14,158.20,172.50,158.20,164.50,0
2007-02-15,168.50,172.75,168.50,172.75,1429
2007-02-19,179.90,181.40,172.50,174.00,4218
2007-02-20,170.40,170.75,165.30,165.30,1264
2007-02-21,158.15,164.80,157.50,161.10,1654
2007-02-22,162.10,168.50,160.10,165.40,6510
2007-02-23,160.00,162.00,157.15,158.75,4050
2007-02-26,159.00,163.95,150.90,153.55,1349
2007-02-27,155.00,161.00,145.90,148.15,5946
2007-02-28,145.00,154.00,141.00,144.45,2799
2007-03-01,143.00,145.50,138.50,139.70,3237
2007-03-02,139.10,146.70,139.10,145.20,2731
2007-03-05,144.00,144.00,137.95,138.00,1820
2007-03-06,132.15,136.00,131.10,132.90,399
2007-03-07,128.50,130.00,126.25,126.25,1289
2007-03-08,120.10,125.90,120.00,124.35,2790
2007-03-09,127.45,128.85,122.10,123.10,1355
2007-03-12,122.00,129.00,122.00,125.35,583
2007-03-13,129.00,129.40,125.05,126.00,987
2007-03-14,125.00,130.00,125.00,129.80,3010
2007-03-15,135.50,135.50,128.50,131.20,1181
2007-03-16,131.00,131.20,125.60,128.00,5250
2007-03-19,128.00,129.00,124.30,125.00,7710
2007-03-20,119.00,127.95,119.00,125.05,226
2007-03-21,125.00,128.00,125.00,127.50,2030
2007-03-22,126.50,131.50,121.25,124.90,4062
2007-03-23,125.00,126.35,122.30,124.30,699
2007-03-26,124.90,125.00,118.10,118.65,2967
2007-03-28,118.60,118.60,112.75,113.00,1791
2007-03-29,111.60,114.80,109.10,110.45,1215
2007-03-30,109.05,116.00,109.00,112.15,3115
2007-04-02,114.95,117.80,110.50,116.00,717
2007-04-03,120.35,120.35,120.35,120.35,0
2007-04-04,121.00,124.80,120.30,122.35,1400
2007-04-05,125.00,125.80,118.50,124.35,1217
2007-04-10,115.00,127.00,115.00,126.10,946
2007-04-11,131.80,132.00,123.25,125.90,4166
2007-04-12,127.00,127.85,124.00,126.00,518
2007-04-13,123.10,127.50,123.10,126.00,565
2007-04-16,126.90,127.00,120.00,122.25,3243
2007-04-17,124.00,125.00,115.05,123.80,6615
2007-04-18,128.90,128.90,120.00,121.30,1466
2007-04-19,118.00,121.00,116.00,121.00,4743
2007-04-20,126.10,126.10,121.00,121.70,1073
2007-04-23,121.00,123.90,119.65,119.70,663
2007-04-24,116.10,125.50,116.10,121.10,539
2007-04-25,119.10,125.95,118.55,124.75,859
2007-04-26,126.50,135.00,112.30,113.50,26194
2007-04-27,114.00,115.80,102.15,106.40,32748
2007-04-30,110.85,114.00,105.15,108.65,5538
2007-05-03,110.25,114.00,110.00,111.90,4888
2007-05-04,112.00,112.95,109.25,112.00,1518
2007-05-07,114.00,114.00,109.00,109.15,2173
2007-05-08,111.70,113.00,108.15,108.20,1353
2007-05-09,105.20,109.65,103.85,106.60,2993
2007-05-10,106.70,108.00,105.00,105.00,1156
2007-05-11,105.25,108.00,105.00,108.00,155
2007-05-14,108.95,108.95,103.20,103.65,2084
2007-05-15,104.00,105.65,103.20,104.50,1538
2007-05-16,101.00,106.00,101.00,104.50,2092
2007-05-17,106.80,108.85,105.20,107.15,1995
2007-05-18,105.00,108.50,104.40,107.15,1794
2007-05-21,108.00,109.45,105.85,106.20,5386
2007-05-22,105.30,105.30,104.15,104.95,3666
2007-05-23,104.20,104.20,99.00,99.60,30099
2007-05-24,102.50,102.50,99.10,99.95,1909
2007-05-25,99.00,103.40,99.00,102.10,1353
2007-05-28,102.00,104.70,102.00,103.25,1507
2007-05-29,103.00,103.25,100.25,100.65,831
2007-05-30,100.60,100.60,96.55,99.05,1083
2007-05-31,101.00,101.00,98.05,98.50,1282
2007-06-01,107.00,107.00,94.00,98.50,1279
2007-06-04,98.00,99.85,96.20,99.65,1270
2007-06-05,99.05,101.80,98.20,99.35,2658
2007-06-06,98.10,101.00,98.00,98.35,670
2007-06-07,99.00,99.00,93.00,99.00,1224
2007-06-08,97.70,97.70,94.00,95.10,2581
2007-06-11,95.35,97.95,92.00,93.80,3412
2007-06-12,92.85,96.75,92.20,92.95,1992
2007-06-13,93.00,94.10,92.00,93.50,426
2007-06-14,92.15,93.95,92.15,92.65,294
2007-06-15,95.80,97.00,94.10,94.65,772
2007-06-18,96.20,97.90,95.05,97.30,1010
2007-06-19,95.05,100.50,95.05,98.70,2159
2007-06-20,105.00,105.00,95.50,96.20,559
2007-06-21,98.00,99.50,96.80,97.00,1063
2007-06-22,96.00,99.75,94.60,96.50,1263
2007-06-25,99.00,99.50,89.50,96.45,2362
2007-06-26,96.05,98.00,96.05,97.55,610
2007-06-27,98.80,99.80,95.00,96.65,2280
2007-06-28,95.40,98.85,95.40,95.60,1386
2007-06-29,96.15,97.60,96.15,96.75,1670
2007-07-02,96.00,96.95,93.70,96.90,1491
2007-07-03,97.50,98.50,95.00,96.15,1425
2007-07-04,89.60,97.80,89.60,96.50,2288
2007-07-05,96.05,97.65,96.05,97.55,650
2007-07-06,96.20,102.80,96.20,101.70,4094
2007-07-09,104.65,114.95,101.50,111.15,21229
2007-07-10,114.80,119.50,110.10,111.65,13362
2007-07-11,112.00,114.05,106.40,107.35,6501
2007-07-12,106.65,107.20,104.05,105.60,3982
2007-07-13,106.15,111.80,106.15,107.25,7799
2007-07-16,103.50,111.00,100.90,101.90,1977
2007-07-17,105.00,105.90,101.50,102.75,2200
2007-07-18,101.00,102.80,100.25,101.80,1520
2007-07-19,101.00,101.00,97.10,99.65,3316
2007-07-20,99.15,101.00,99.15,100.85,450
2007-07-23,99.50,100.00,98.00,98.50,1263
2007-07-24,104.85,104.85,95.25,97.80,3451
2007-07-25,97.10,98.80,97.00,97.95,1717
2007-07-26,105.00,105.00,95.00,95.45,4081
2007-07-27,104.50,113.00,87.10,93.20,3527
2007-07-30,109.40,109.40,94.10,95.85,2438
2007-07-31,91.10,97.95,91.10,94.25,1617
2007-08-01,93.15,97.50,90.10,93.00,1673
2007-08-02,95.90,95.90,92.50,92.50,1050
2007-08-03,92.20,94.00,90.00,90.80,2780
2007-08-06,88.00,91.50,85.15,87.05,2934
2007-08-07,90.00,90.00,87.05,88.00,2462
2007-08-08,87.55,90.00,87.55,88.95,2788
2007-08-09,91.00,93.25,88.00,88.15,3559
2007-08-10,88.00,100.00,76.75,94.20,4366
2007-08-13,93.10,99.00,91.75,94.30,2178
2007-08-14,96.45,97.05,94.00,96.90,1196
2007-08-16,86.20,98.00,86.20,95.00,2114
2007-08-17,95.00,96.90,95.00,95.00,4308
2007-08-20,96.00,96.00,95.00,95.00,928
2007-08-21,95.00,96.00,95.00,95.00,4291
2007-08-22,95.05,99.80,94.20,94.30,2957
2007-08-23,95.00,99.90,91.40,92.05,2028
2007-08-24,95.00,95.00,88.20,90.35,592
2007-08-27,91.50,95.40,91.00,93.15,970
2007-08-28,96.00,96.00,91.50,92.05,588
2007-08-29,94.70,103.95,90.35,94.65,361
2007-08-30,93.05,94.00,90.00,93.05,4011
2007-09-03,96.00,97.00,94.00,94.00,686
2007-09-04,98.40,100.00,95.50,99.25,2552
2007-09-05,114.00,114.00,99.50,108.50,19781
2007-09-06,112.00,112.00,104.25,105.95,5636
2007-09-07,104.00,106.00,100.10,100.85,5442
2007-09-10,101.00,109.00,101.00,106.20,5359
2007-09-11,108.00,108.00,103.50,105.65,1462
2007-09-12,105.00,106.00,104.30,105.35,0
2007-09-13,106.80,106.80,102.65,105.05,2700
2007-09-14,111.90,113.00,106.00,111.10,25127
2007-09-17,115.00,115.15,111.00,112.00,16184
2007-09-18,111.15,115.00,111.15,112.10,1743
2007-09-19,115.00,134.55,111.30,134.55,49840
2007-09-20,144.80,161.50,140.00,159.40,0
2007-09-21,156.00,161.00,143.50,144.10,50388
2007-09-24,144.00,145.00,135.20,136.05,9535
2007-09-25,139.00,139.00,124.00,126.25,9409
2007-09-26,124.00,129.95,122.00,124.00,6071
2007-09-27,126.00,128.00,120.00,120.25,5063
2007-09-28,116.00,125.00,116.00,122.50,3403
2007-10-01,126.90,127.00,124.00,125.15,1633
2007-10-03,124.60,125.50,112.70,115.50,7088
2007-10-04,114.00,116.00,109.50,113.60,5162
2007-10-05,113.05,114.50,109.00,110.30,3992
2007-10-08,119.00,119.00,102.00,103.75,3313
2007-10-09,104.00,107.00,103.15,103.85,3203
2007-10-10,113.70,114.25,105.10,114.25,4155
2007-10-11,124.50,125.70,118.00,125.70,6755
2007-10-12,132.00,138.30,125.00,138.30,0
2007-10-15,143.70,145.25,143.00,145.25,13001
2007-10-16,149.80,152.55,138.10,138.15,17908
2007-10-17,134.05,134.05,134.05,134.05,2944
2007-10-18,140.00,140.70,128.00,129.65,5446
2007-10-19,124.90,124.90,123.80,124.00,2236
2007-10-22,125.00,125.00,118.15,122.80,1879
2007-10-23,127.00,128.95,122.20,128.95,3164
2007-10-24,129.00,135.00,122.60,130.45,3852
2007-10-25,126.15,132.40,126.15,126.40,577
2007-10-26,124.55,130.85,123.60,124.65,1795
2007-10-29,125.00,129.25,118.70,119.35,7668
2007-10-30,117.25,120.40,115.00,116.65,2235
2007-10-31,118.00,120.85,115.00,118.00,2618
2007-11-01,120.00,122.00,112.50,114.55,1530
2007-11-02,117.95,117.95,109.00,111.30,4207
2007-11-05,116.75,116.90,107.10,108.30,8052
2007-11-06,109.00,113.75,109.00,111.00,0
2007-11-07,112.00,112.00,110.00,110.00,300
2007-11-08,113.95,113.95,105.00,105.45,1056
2007-11-09,107.00,115.00,107.00,113.65,303
2007-11-12,106.00,114.00,105.50,108.55,1067
2007-11-13,109.40,113.00,107.70,109.35,4083
2007-11-14,113.00,120.30,108.55,120.30,5852
2007-11-15,120.00,129.80,118.75,119.35,3360
2007-11-16,131.30,131.30,126.00,131.30,0
2007-11-19,137.90,137.90,131.30,133.00,5756
2007-11-20,127.00,136.80,126.50,128.90,1871
2007-11-21,130.95,135.00,122.50,123.00,4513
2007-11-22,117.05,125.85,117.00,118.05,2824
2007-11-23,115.10,123.50,115.10,116.00,1078
2007-11-26,118.00,118.00,112.00,114.35,7097
2007-11-27,110.00,117.95,110.00,117.90,754
2007-11-28,115.00,120.00,115.00,115.35,2177
2007-11-29,119.90,119.90,112.60,114.65,1708
2007-11-30,120.00,120.40,115.70,116.45,1852
2007-12-03,116.00,122.00,116.00,121.00,1841
2007-12-04,120.00,120.30,115.15,116.70,3184
2007-12-05,116.05,122.55,116.05,117.35,5940
2007-12-06,117.55,120.00,115.30,116.75,5000
2007-12-07,119.90,120.50,116.60,117.35,1147
2007-12-10,119.90,121.90,117.00,117.75,2917
2007-12-11,120.00,123.50,118.60,121.35,5523
2007-12-12,127.45,127.45,118.15,123.15,13295
2007-12-13,124.30,129.00,121.05,124.40,19583
2007-12-14,128.90,130.65,128.40,130.50,5871
2007-12-17,136.95,136.95,125.00,127.90,4219
2007-12-18,127.85,127.85,124.00,126.70,716
2007-12-19,126.70,131.00,125.15,127.80,3375
2007-12-20,130.00,133.50,122.00,122.10,4082
2007-12-24,123.75,126.00,116.70,120.55,1674
2007-12-26,126.00,126.00,122.00,123.55,1697
2007-12-27,125.00,127.90,120.00,124.00,3611
2007-12-28,120.70,125.00,120.70,124.45,5619
2007-12-31,126.10,130.70,126.10,129.85,17780
2008-01-01,131.80,136.35,129.10,135.10,14078
2008-01-02,141.80,141.80,132.25,135.55,18219
2008-01-03,135.00,139.90,129.50,130.95,13859
2008-01-04,132.00,137.00,130.00,132.90,7980
2008-01-07,137.00,141.95,130.00,135.65,26708
2008-01-08,137.00,139.40,131.00,133.75,6414
2008-01-09,133.00,133.00,125.00,125.85,5825
2008-01-10,126.00,131.90,121.10,122.30,7391
2008-01-11,122.00,123.00,117.30,118.55,2337
2008-01-14,116.10,126.40,116.10,120.95,3558
2008-01-15,125.90,125.90,118.40,124.00,666
2008-01-16,124.85,124.90,119.00,119.50,478
2008-01-17,119.30,122.00,118.00,119.60,1367
2008-01-18,118.30,118.35,108.00,111.35,2883
2008-01-21,108.00,108.00,100.25,100.90,1711
2008-01-22,92.00,92.50,92.00,92.00,2010
2008-01-23,96.00,96.00,87.40,92.45,1370
2008-01-24,92.00,94.70,87.85,88.00,5234
2008-01-25,85.20,90.95,85.20,87.20,945
2008-01-28,88.00,91.40,83.00,87.00,320
2008-01-29,90.00,91.00,86.10,90.00,273
2008-01-30,89.50,91.30,87.80,89.30,1282
2008-01-31,85.00,89.00,85.00,86.55,1477
2008-02-01,89.95,89.95,82.55,86.70,679
2008-02-04,90.85,90.85,84.00,85.05,1554
2008-02-05,89.20,89.20,87.80,89.20,393
2008-02-06,86.10,93.70,86.10,92.60,863
2008-02-07,93.70,97.25,88.00,91.00,1906
2008-02-08,87.20,91.05,86.45,86.45,4336
2008-02-11,82.15,82.55,82.15,82.15,1708
2008-02-12,78.05,79.00,78.05,78.05,2685
2008-02-13,76.00,80.00,74.25,76.70,759
2008-02-14,75.80,75.80,72.90,72.90,7120
2008-02-15,70.10,76.20,70.00,75.65,2850
2008-02-18,77.00,79.30,77.00,79.10,3437
2008-02-19,83.00,83.00,75.15,75.35,22760
2008-02-20,78.80,78.80,72.00,73.80,10085
2008-02-21,74.00,74.65,70.15,73.00,1687
2008-02-22,70.15,73.00,70.15,73.00,1896
2008-02-25,74.80,74.80,70.00,70.15,2586
2008-02-26,72.00,73.50,70.00,70.10,5374
2008-02-27,69.00,72.75,68.00,68.35,23545
2008-02-28,71.35,71.40,69.75,70.00,1850
2008-02-29,71.00,71.00,69.00,70.05,5384
2008-03-03,70.00,70.00,66.55,66.60,2897
2008-03-04,69.90,69.90,63.30,63.35,2754
2008-03-05,62.10,62.10,60.20,60.95,5762
2008-03-07,60.15,61.25,59.20,60.20,2444
2008-03-10,58.05,61.00,57.00,57.00,2890
2008-03-11,61.45,62.70,59.50,62.55,2998
2008-03-12,62.55,63.15,60.80,60.80,860
2008-03-13,60.50,60.55,55.00,56.95,1715
2008-03-14,56.35,59.00,54.50,55.65,1972
2008-03-17,53.40,59.90,51.60,52.50,8438
2008-03-18,51.00,54.00,47.25,49.70,1752
2008-03-19,54.00,54.50,50.00,51.10,1391
2008-03-24,46.60,48.00,46.00,46.00,2345
2008-03-25,46.05,50.00,46.05,49.40,2668
2008-03-26,50.00,52.95,48.30,51.00,1693
2008-03-27,50.00,54.00,47.85,49.20,18904
2008-03-28,50.00,54.00,50.00,52.15,270
2008-03-31,56.70,57.35,49.10,57.15,3199
2008-04-01,55.50,58.95,55.50,56.95,295
2008-04-02,58.50,58.95,56.00,56.05,1058
2008-04-03,56.80,57.20,53.50,53.60,1150
2008-04-04,51.65,53.00,51.05,51.20,1048
2008-04-07,51.50,53.45,51.50,53.25,286
2008-04-08,52.50,54.00,51.00,51.00,311
2008-04-09,52.00,52.35,49.05,51.80,730
2008-04-10,50.50,54.00,50.50,53.80,525
2008-04-11,56.30,56.50,54.00,55.00,539
2008-04-15,57.00,57.75,55.20,57.75,334
2008-04-16,60.65,60.65,58.20,59.50,1136
2008-04-17,62.45,62.50,60.00,61.20,2025
2008-04-21,61.00,63.00,60.25,60.25,978
2008-04-22,61.90,62.40,61.05,61.95,1285
2008-04-23,62.25,62.50,60.25,60.25,936
2008-04-24,62.25,63.25,58.00,60.45,2577
2008-04-25,60.75,62.25,60.05,60.05,251
2008-04-28,60.40,62.00,60.40,60.65,400
2008-04-29,62.10,63.45,60.00,63.40,2010
2008-04-30,65.00,66.50,63.00,65.95,2340
2008-05-02,69.25,69.25,67.00,68.20,5334
2008-05-05,68.00,69.90,65.50,68.00,506
2008-05-06,70.00,70.40,64.60,65.55,6697
2008-05-07,67.60,67.60,65.55,65.75,890
2008-05-08,65.10,67.95,65.10,66.60,1213
2008-05-09,65.20,68.40,65.00,65.25,1884
2008-05-12,64.05,67.95,64.00,65.65,739
2008-05-13,64.10,65.45,64.10,65.00,1389
2008-05-14,64.00,65.00,61.75,62.55,214
2008-05-15,63.05,64.75,61.15,61.45,359
2008-05-16,63.00,63.00,62.00,62.00,8181
2008-05-20,63.45,64.50,60.10,60.65,1818
2008-05-21,61.00,61.00,60.00,60.00,1411
2008-05-22,60.00,61.90,59.00,59.70,1738
2008-05-23,60.00,60.00,59.05,59.05,4042
2008-05-26,61.70,61.70,59.20,60.00,1041
2008-05-27,57.15,60.15,57.15,58.20,2691
2008-05-28,57.55,59.00,57.05,59.00,104
2008-05-29,60.00,60.00,57.45,57.55,313
2008-05-30,58.00,59.45,56.30,57.45,5976
2008-06-02,55.70,57.50,55.30,55.45,777
2008-06-03,55.00,57.85,54.30,56.50,1175
2008-06-04,59.00,59.00,55.50,57.45,1273
2008-06-05,56.00,57.00,54.85,55.50,412
2008-06-06,52.75,53.05,52.75,53.00,515
2008-06-09,52.00,52.25,50.35,50.90,528
2008-06-10,49.25,51.85,49.25,50.35,712
2008-06-11,52.00,52.00,48.00,49.05,902
2008-06-12,50.00,50.70,50.00,50.00,40
2008-06-13,48.00,51.00,48.00,50.95,98
2008-06-16,48.40,52.85,48.40,52.05,619
2008-06-17,50.15,54.55,50.15,53.55,730
2008-06-18,54.95,54.95,53.05,54.75,926
2008-06-19,52.10,54.40,52.10,53.70,208
2008-06-20,51.10,52.00,51.10,52.00,2120
2008-06-23,49.50,50.35,49.50,49.50,746
2008-06-24,47.50,50.00,47.05,49.35,298
2008-06-25,47.15,48.30,47.00,47.15,2949
2008-06-27,45.05,48.65,45.00,45.00,520
2008-06-30,46.90,46.90,42.75,43.00,232
2008-07-01,41.00,44.70,40.85,40.85,4208
2008-07-02,40.50,41.80,40.50,40.50,1345
2008-07-03,38.90,40.40,38.50,38.50,401
2008-07-04,37.00,39.50,37.00,39.50,108
2008-07-07,38.00,41.45,38.00,41.45,1086
2008-07-08,40.05,43.00,39.45,40.55,1118
2008-07-09,41.15,42.50,41.15,42.50,162
2008-07-10,42.50,42.50,42.50,42.50,100
2008-07-11,43.00,43.90,42.60,43.90,256
2008-07-14,41.80,42.00,41.75,42.00,728
2008-07-15,40.50,43.00,40.50,42.00,400
2008-07-18,43.45,44.10,42.15,42.15,848
2008-07-21,40.50,42.95,40.50,42.00,1701
2008-07-22,43.95,43.95,40.15,42.95,1442
2008-07-23,43.00,44.70,42.50,44.00,1807
2008-07-24,42.10,45.45,42.10,44.00,430
2008-07-25,44.90,44.90,42.15,42.45,1149
2008-07-28,42.20,44.00,42.10,44.00,584
2008-07-29,42.60,42.75,42.60,42.60,90
2008-07-30,42.55,44.75,42.55,44.15,722
2008-07-31,46.00,46.00,46.00,46.00,121
2008-08-01,48.00,48.00,44.55,45.45,604
2008-08-04,47.70,47.75,45.50,47.50,1389
2008-08-05,49.75,49.75,46.30,47.15,1252
2008-08-06,47.00,48.50,47.00,47.50,858
2008-08-07,49.50,49.50,47.50,48.10,3400
2008-08-08,49.50,49.50,47.15,47.70,327
2008-08-11,49.85,49.85,45.35,45.35,11717
2008-08-12,46.60,46.60,43.10,43.10,7695
2008-08-13,44.00,44.00,40.95,42.20,10755
2008-08-14,43.95,43.95,42.00,42.55,1015
2008-08-18,43.50,44.70,41.75,44.20,3873
2008-08-19,46.00,46.40,42.10,45.40,4564
2008-08-20,46.50,46.50,44.00,44.20,1633
2008-08-21,44.95,44.95,43.00,43.40,684
2008-08-22,43.40,44.00,42.00,42.55,3251
2008-08-25,44.40,44.70,41.10,42.15,1503
2008-08-26,43.95,43.95,41.60,42.95,1561
2008-08-27,44.40,44.40,41.05,42.70,2005
2008-08-28,44.45,44.45,41.70,42.55,3512
2008-08-29,44.00,44.50,41.65,42.60,411
2008-09-01,44.40,44.40,41.00,42.55,819
2008-09-02,44.25,44.25,43.00,43.40,1754
2008-09-04,43.90,45.25,43.50,45.15,5289
2008-09-05,45.85,45.85,43.50,44.45,2421
2008-09-08,44.00,47.50,43.75,43.75,860
2008-09-09,42.15,45.00,42.15,44.95,1421
2008-09-10,45.00,45.00,43.10,45.00,1536
2008-09-11,44.00,44.90,44.00,44.50,2347
2008-09-15,43.00,43.00,40.00,40.25,3076
2008-09-16,40.00,40.00,38.00,39.00,593
2008-09-17,42.85,42.90,38.20,39.00,2794
2008-09-18,42.85,42.85,37.00,38.95,456
2008-09-19,35.25,42.50,35.25,38.55,1258
2008-09-22,41.70,41.70,38.50,38.50,265
2008-09-23,41.60,41.60,38.10,38.10,205
2008-09-24,41.90,41.90,37.40,38.55,3808
2008-09-25,39.90,40.00,37.00,39.95,615
2008-09-26,39.00,39.00,37.35,38.00,290
2008-09-29,36.00,39.90,35.10,36.10,523
2008-09-30,34.00,39.00,34.00,36.00,206
2008-10-03,36.15,36.15,33.00,33.00,471
2008-10-06,29.75,31.40,29.70,30.50,2188
2008-10-07,32.20,32.20,28.10,28.10,820
2008-10-08,27.00,27.00,26.70,26.70,1171
2008-10-10,28.00,28.00,26.00,26.40,2783
2008-10-13,27.40,27.70,26.60,26.60,1555
2008-10-14,27.90,27.90,27.00,27.90,1854
2008-10-15,28.65,28.65,27.50,27.55,282
2008-10-16,28.00,28.00,26.35,26.45,365
2008-10-17,25.35,27.70,25.15,25.15,3951
2008-10-20,24.65,26.00,24.00,24.00,5767
2008-10-21,23.00,24.00,23.00,23.60,7361
2008-10-22,24.45,24.45,23.25,23.85,1413
2008-10-23,24.00,24.00,22.95,23.25,876
2008-10-24,22.15,23.00,22.10,22.50,2440
2008-10-27,23.65,23.65,21.40,22.25,320
2008-10-29,22.00,23.40,21.45,21.65,2744
2008-10-31,22.75,22.75,21.40,22.00,4227
2008-11-03,21.15,22.70,21.00,22.05,3266
2008-11-04,22.00,23.00,21.70,22.80,13352
2008-11-05,23.95,23.95,22.70,22.85,24834
2008-11-06,22.00,22.95,22.00,22.40,10065
2008-11-07,21.35,23.00,21.35,21.55,6341
2008-11-10,21.50,22.25,20.00,21.00,25400
2008-11-11,20.80,21.95,20.50,20.60,5189
2008-11-12,21.50,22.00,20.65,20.65,1407
2008-11-14,22.00,22.25,20.00,20.05,2196
2008-11-17,19.00,20.95,19.00,20.75,1221
2008-11-18,20.00,20.95,19.70,19.70,350
2008-11-19,19.00,21.00,19.00,19.40,2507
2008-11-20,19.00,19.45,18.55,19.10,266
2008-11-21,18.80,20.00,18.00,20.00,1528
2008-11-24,19.00,21.90,19.00,20.05,2520
2008-11-25,19.20,20.70,19.20,19.55,2089
2008-11-26,20.00,20.00,19.25,19.25,175
2008-11-28,18.50,20.75,18.50,20.65,759
2008-12-01,20.65,21.00,19.65,20.00,945
2008-12-02,20.15,20.30,20.00,20.05,520
2008-12-03,19.00,20.65,19.00,20.40,237
2008-12-04,20.50,21.50,20.40,21.50,1279
2008-12-05,20.50,22.90,20.50,22.00,763
2008-12-10,21.50,23.55,21.45,23.30,1700
2008-12-11,23.45,23.95,23.00,23.00,1077
2008-12-12,24.30,25.00,24.10,24.90,9022
2008-12-15,26.30,26.30,25.00,25.45,3652
2008-12-16,24.00,27.00,24.00,26.15,6386
2008-12-17,26.55,26.55,25.05,25.35,7340
2008-12-18,24.80,24.80,24.80,24.80,21
2008-12-19,25.50,27.30,25.50,26.85,3226
2008-12-22,27.00,27.00,24.60,24.60,1440
2008-12-23,22.50,25.80,22.50,23.50,842
2008-12-24,22.60,24.85,22.60,22.70,275
2008-12-26,22.50,23.45,22.50,23.00,565
2008-12-29,22.50,23.00,22.50,22.85,416
2008-12-30,22.00,23.65,22.00,23.65,353
2008-12-31,24.65,24.95,24.65,24.85,150
2009-01-01,27.35,27.35,23.00,25.35,177
2009-01-02,24.85,26.95,23.65,26.20,1710
2009-01-05,26.00,26.00,25.40,25.90,1743
2009-01-06,24.60,25.50,24.60,24.65,0
2009-01-07,25.00,25.00,24.50,24.50,2195
2009-01-09,24.40,24.50,22.65,24.50,400
2009-01-12,23.35,23.70,23.00,23.05,1410
2009-01-14,21.90,24.80,21.90,24.25,1311
2009-01-15,22.25,22.25,21.65,21.95,1537
2009-01-20,23.50,23.50,23.00,23.25,241
2009-01-21,22.25,22.25,22.00,22.10,324
2009-01-22,22.00,24.55,21.45,22.00,1213
2009-01-23,22.00,22.00,21.45,21.45,300
2009-01-28,20.00,22.95,20.00,22.90,1927
2009-01-29,22.00,22.70,20.20,22.30,415
2009-01-30,21.25,23.25,21.25,23.20,201
2009-02-02,22.00,22.75,21.80,22.00,2205
2009-02-03,21.95,22.95,20.05,21.05,7375
2009-02-04,22.00,22.00,21.05,21.30,1031
2009-02-05,21.90,22.00,21.90,22.00,120
2009-02-09,22.20,23.45,22.05,23.00,390
2009-02-11,23.75,24.65,21.75,22.95,861
2009-02-12,22.00,23.90,22.00,23.60,432
2009-02-13,21.90,22.75,21.30,22.50,818
2009-02-16,19.10,24.00,19.10,23.35,2950
2009-02-17,21.25,23.45,21.00,22.10,2234
2009-02-18,21.50,21.50,21.50,21.50,200
2009-02-19,22.80,22.80,21.20,21.20,202
2009-02-20,21.00,21.00,19.05,19.85,7211
2009-02-24,20.00,23.65,18.55,18.85,3474
2009-02-25,22.00,22.50,19.45,22.20,3731
2009-02-26,21.50,21.50,18.60,18.70,5924
2009-02-27,19.50,20.20,18.75,19.15,2378
2009-03-02,18.00,20.60,18.00,20.60,638
2009-03-03,18.20,19.85,18.20,19.30,1810
2009-03-04,18.40,20.25,16.35,18.00,5064
2009-03-05,17.00,17.90,16.45,17.10,4641
2009-03-06,17.40,18.90,17.10,18.20,1487
2009-03-09,17.90,19.95,17.75,18.55,2061
2009-03-12,18.75,19.00,18.40,18.75,2166
2009-03-13,21.00,21.00,16.10,17.65,56033
2009-03-16,17.50,18.00,15.35,17.50,1604
2009-03-17,19.20,19.20,17.70,18.25,1687
2009-03-18,20.70,20.70,18.40,19.05,1375
2009-03-19,19.00,19.30,19.00,19.20,1105
2009-03-20,19.95,19.95,19.50,19.50,400
2009-03-23,19.50,21.70,19.40,20.00,1985
2009-03-24,19.50,21.25,19.50,21.20,2160
2009-03-26,20.70,20.90,20.25,20.25,420
2009-03-27,19.00,21.70,19.00,21.55,520
2009-03-30,21.50,21.50,20.75,20.75,2030
2009-04-01,21.50,22.00,20.50,20.60,2605
2009-04-02,21.95,24.00,21.95,22.95,3094
2009-04-06,21.00,24.85,21.00,24.40,2289
2009-04-08,23.00,27.30,23.00,26.25,2042
2009-04-09,27.00,28.10,23.55,27.30,3175
2009-04-13,26.00,27.90,25.10,26.80,2212
2009-04-15,26.00,32.00,25.10,28.85,1955
2009-04-16,28.00,31.30,25.00,26.20,2779
2009-04-17,24.00,28.90,24.00,28.85,285
2009-04-20,24.15,27.95,24.15,27.10,3298
2009-04-22,26.00,28.10,25.75,27.80,650
2009-04-23,25.05,30.00,25.05,27.35,1264
2009-04-24,25.40,28.15,25.40,26.25,501
2009-04-27,25.00,30.00,25.00,28.00,1580
2009-04-28,25.20,28.70,25.20,27.10,948
2009-04-29,26.95,28.00,25.55,28.00,1212
2009-05-04,27.85,29.25,26.85,27.65,1177
2009-05-05,29.90,30.40,26.25,28.05,4896
2009-05-06,26.55,29.00,26.55,28.00,4375
2009-05-07,28.50,30.40,27.15,29.70,2043
2009-05-08,30.80,30.80,28.05,29.65,1031
2009-05-12,24.10,29.65,24.10,28.00,2017
2009-05-13,27.00,28.70,27.00,28.05,578
2009-05-14,27.00,29.00,27.00,27.45,494
2009-05-15,28.40,31.90,28.25,29.80,8743
2009-05-19,30.25,34.90,24.10,30.60,6731
2009-05-20,32.00,36.40,29.30,35.50,5556
2009-05-21,33.30,37.80,33.30,36.50,2709
2009-05-22,35.25,37.55,35.25,36.90,9706
2009-05-25,38.60,41.35,37.60,41.10,5508
2009-05-26,41.50,43.90,34.10,37.05,2995
2009-05-27,40.50,42.50,39.05,42.00,2606
2009-05-28,40.10,43.00,40.10,41.90,903
2009-05-29,42.00,43.00,39.15,39.85,7391
2009-06-01,40.00,40.90,39.55,40.90,6250
2009-06-02,42.00,45.00,40.10,41.25,2129
2009-06-03,41.25,45.00,41.25,41.75,7221
2009-06-04,48.90,48.90,42.25,44.40,0
2009-06-05,46.00,46.00,43.05,43.55,5389
2009-06-08,45.00,45.00,40.00,41.10,3200
2009-06-09,38.10,41.50,37.45,40.95,3148
2009-06-10,42.00,42.00,39.55,40.00,2349
2009-06-11,42.00,42.00,38.85,40.90,827
2009-06-12,39.00,42.00,39.00,39.70,433
2009-06-15,38.20,38.65,37.00,37.00,457
2009-06-16,37.05,40.70,37.05,40.60,671
2009-06-17,39.05,40.00,39.00,40.00,1631
2009-06-18,37.50,38.60,37.45,37.95,1901
2009-06-19,37.60,39.00,36.30,39.00,634
2009-06-23,36.05,39.00,35.10,35.70,1566
2009-06-24,34.00,39.30,34.00,37.00,630
2009-06-25,36.60,38.90,36.50,36.60,837
2009-06-26,36.15,39.30,36.15,37.15,400
2009-06-29,36.55,40.70,36.55,38.05,1312
2009-06-30,36.70,38.90,36.25,36.55,1364
2009-07-01,38.80,38.80,35.30,36.65,251
2009-07-02,36.20,37.45,35.75,36.25,294
2009-07-03,37.95,37.95,36.00,37.95,52
2009-07-06,39.80,39.80,35.10,36.35,1242
2009-07-07,36.00,36.90,31.00,32.95,1883
2009-07-08,32.35,33.20,30.15,32.40,2329
2009-07-09,36.00,36.00,30.80,31.65,1192
2009-07-10,29.40,32.30,29.25,29.80,3261
2009-07-13,28.15,31.75,27.35,30.95,1435
2009-07-14,30.00,31.50,30.00,31.45,290
2009-07-15,29.20,34.80,29.20,31.60,294
2009-07-16,31.30,34.90,31.00,32.50,1584
2009-07-17,31.00,35.60,31.00,33.15,2179
2009-07-20,33.70,36.00,33.70,34.50,751
2009-07-21,32.00,34.90,32.00,33.00,13178
2009-07-22,32.35,34.30,32.00,32.55,1221
2009-07-23,31.00,38.80,31.00,33.25,3165
2009-07-24,38.20,38.20,33.75,37.00,9365
2009-07-27,39.25,39.50,36.70,38.05,1346
2009-07-28,38.15,38.95,36.00,38.40,1940
2009-07-29,36.25,39.20,36.25,36.55,643
2009-07-30,36.15,38.80,36.00,36.80,2323
2009-07-31,38.60,38.60,37.35,38.50,1001
2009-08-03,39.00,39.00,35.60,37.20,476
2009-08-04,35.05,39.00,35.05,37.05,2311
2009-08-05,37.05,39.00,36.65,38.15,1188
2009-08-06,36.75,39.90,36.00,36.70,7935
2009-08-07,37.95,38.00,35.25,35.30,134
2009-08-10,34.00,38.00,34.00,34.80,1169
2009-08-11,33.30,36.95,33.30,34.15,320
2009-08-12,33.10,34.90,32.30,34.10,552
2009-08-13,36.00,38.20,32.20,35.90,7655
2009-08-14,37.95,38.00,35.30,35.50,740
2009-08-17,35.30,36.70,35.20,35.20,2651
2009-08-18,35.50,37.00,34.75,36.30,169
2009-08-19,34.30,38.00,34.30,34.35,557
2009-08-20,34.50,36.00,34.50,35.00,1272
2009-08-21,37.80,37.80,34.10,35.30,466
2009-08-24,37.00,37.60,35.30,36.30,2095
2009-08-25,37.20,43.60,37.20,43.60,35021
2009-08-26,46.00,52.35,45.50,52.35,0
2009-08-27,54.45,56.85,49.20,52.00,123788
2009-08-28,52.00,52.00,48.50,49.20,11113
2009-08-31,50.20,50.20,47.50,47.70,3218
2009-09-01,47.90,49.75,44.90,46.20,10995
2009-09-02,45.00,49.20,43.30,45.75,5148
2009-09-03,44.30,46.00,44.20,44.50,3007
2009-09-04,44.10,45.45,44.10,44.75,3263
2009-09-07,46.50,46.70,45.05,45.50,6528
2009-09-08,46.00,47.30,45.50,45.70,5543
2009-09-09,45.90,47.50,44.00,45.00,1625
2009-09-10,46.95,46.95,40.50,41.60,40307
2009-09-11,41.90,42.90,41.20,42.30,6684
2009-09-14,40.20,42.90,40.20,41.10,1566
2009-09-15,43.90,43.90,39.50,42.35,7600
2009-09-16,40.55,43.45,40.55,43.10,0
2009-09-17,43.00,44.00,42.20,42.35,4076
2009-09-18,43.90,46.60,43.00,46.60,42844
2009-09-22,49.20,51.30,46.50,49.65,59736
2009-09-23,50.00,52.00,48.05,48.55,6713
2009-09-24,46.75,49.50,45.05,47.65,5203
2009-09-25,48.50,50.50,47.00,47.40,4594
2009-09-29,47.00,48.95,46.30,47.65,1917
2009-09-30,47.05,49.70,45.90,49.10,3509
2009-10-01,47.55,48.65,47.00,47.30,2352
2009-10-05,47.75,47.75,46.10,46.40,2318
2009-10-06,46.00,46.00,43.45,45.05,6571
2009-10-07,47.00,47.00,44.75,44.95,3400
2009-10-08,43.10,46.50,42.75,45.50,6577
2009-10-09,46.00,46.00,43.30,44.55,1775
2009-10-12,47.95,47.95,44.25,45.00,3575
2009-10-14,46.25,46.25,43.65,44.15,15051
2009-10-15,43.80,43.90,42.75,43.00,9516
2009-10-16,42.50,43.95,42.05,43.85,2291
2009-10-20,44.35,44.50,42.85,43.30,1514
2009-10-21,43.00,44.50,42.00,43.70,5627
2009-10-22,42.80,44.00,42.80,43.75,490
2009-10-23,43.90,44.00,43.50,43.50,847
2009-10-26,43.50,44.95,43.25,44.75,789
2009-10-27,44.00,44.00,41.00,41.35,2328
2009-10-28,43.00,43.00,40.10,43.00,40784
2009-10-29,41.55,41.55,40.15,40.50,2394
2009-10-30,42.95,42.95,41.05,41.30,921
2009-11-03,41.00,41.95,39.40,40.05,1405
2009-11-04,39.50,39.50,36.05,36.35,16034
2009-11-05,37.50,40.00,33.20,38.65,11519
2009-11-06,40.55,42.45,38.55,39.90,7913
2009-11-09,43.70,43.70,39.60,42.15,3900
2009-11-10,42.00,43.65,40.50,41.05,2536
2009-11-11,40.10,41.70,40.00,40.95,980
2009-11-12,41.00,42.70,40.65,40.65,1562
2009-11-13,41.00,43.65,40.80,40.95,737
2009-11-16,43.90,43.90,40.80,41.70,678
2009-11-17,42.40,42.40,40.60,41.70,1788
2009-11-18,41.00,48.05,41.00,45.20,40031
2009-11-19,44.55,46.95,43.00,43.50,4126
2009-11-20,42.05,46.00,42.00,43.15,6037
2009-11-23,42.50,45.65,41.30,45.05,3757
2009-11-24,43.05,47.00,43.05,45.20,3593
2009-11-25,45.00,45.90,44.95,45.20,4629
2009-11-26,45.00,45.05,44.00,44.35,2416
2009-11-27,42.20,45.00,42.20,44.50,2278
2009-11-30,44.50,46.80,43.90,45.00,4199
2009-12-01,45.20,49.95,45.00,48.10,6887
2009-12-02,49.00,49.00,47.10,47.50,4001
2009-12-03,47.50,49.45,47.50,47.85,4114
2009-12-04,47.85,49.90,47.85,48.05,3032
2009-12-07,49.70,49.70,47.75,48.00,4616
2009-12-08,49.00,57.60,48.00,57.60,39306
2009-12-09,62.15,64.80,58.10,61.50,241566
2009-12-10,60.00,69.65,58.30,65.25,259702
2009-12-11,68.00,70.70,63.15,65.85,163859
2009-12-14,65.85,67.90,64.00,65.00,41420
2009-12-15,66.00,71.20,64.60,67.45,164117
2009-12-16,68.00,69.50,66.00,66.60,28744
2009-12-17,66.50,72.00,66.50,69.05,86887
2009-12-18,68.50,70.95,66.55,67.15,30471
2009-12-21,68.90,69.50,66.05,66.55,24328
2009-12-22,67.00,67.80,65.50,65.85,5563
2009-12-23,67.20,72.80,65.10,68.80,147413
2009-12-24,66.05,70.65,66.05,67.45,56040
2009-12-29,68.50,70.00,67.05,67.85,14667
2009-12-30,68.25,76.75,67.45,72.45,179436
2009-12-31,73.00,76.00,73.00,73.75,43559
2010-01-04,74.00,84.50,72.80,82.60,228561
2010-01-05,84.50,85.50,81.00,82.00,57711
2010-01-06,82.00,82.40,77.50,78.90,30057
2010-01-07,79.00,81.05,77.00,77.85,19512
2010-01-08,77.00,79.40,74.05,76.65,12774
2010-01-11,85.95,85.95,74.10,82.30,53610
2010-01-12,85.50,85.50,79.00,80.40,38193
2010-01-13,78.00,80.95,78.00,79.10,10789
2010-01-14,81.45,82.00,78.70,79.00,11154
2010-01-15,80.45,80.45,76.50,77.10,7813
2010-01-18,76.75,92.55,76.75,92.55,361821
2010-01-19,95.90,97.90,85.55,86.70,187134
2010-01-20,89.20,94.15,86.55,87.95,72966
2010-01-21,85.20,90.50,81.60,82.45,31660
2010-01-22,78.75,83.90,76.15,78.60,32442
2010-01-25,80.00,88.70,78.05,83.00,97011
2010-01-27,80.50,84.50,75.30,76.75,23715
2010-01-28,78.50,79.25,72.40,73.50,32822
2010-01-29,70.50,76.45,66.00,73.10,30835
2010-02-01,75.50,78.95,73.00,75.40,20865
2010-02-02,78.65,78.70,69.00,71.80,78087
2010-02-03,75.00,75.00,71.00,72.15,13687
2010-02-04,73.95,73.95,70.10,70.65,12739
2010-02-05,68.00,68.95,66.10,66.65,7416
2010-02-08,68.20,69.00,65.50,66.00,8682
2010-02-09,65.20,66.50,62.75,66.25,5857
2010-02-10,65.55,78.90,65.55,71.75,107656
2010-02-11,72.10,74.00,70.05,72.10,45365
2010-02-15,70.25,72.70,69.60,70.15,10412
2010-02-16,74.90,77.85,69.25,73.50,100410
2010-02-17,75.00,76.00,73.35,74.15,10284
2010-02-18,74.00,79.40,72.85,76.85,202599
2010-02-19,78.00,78.25,76.15,77.00,51211
2010-02-22,76.50,78.00,76.35,76.60,15993
2010-02-23,76.20,81.30,76.20,78.90,145742
2010-02-24,79.50,79.50,76.30,76.75,16256
2010-02-25,85.00,85.00,76.50,77.25,52476
2010-02-26,90.00,90.00,77.25,78.75,19196
2010-03-02,78.75,80.50,77.55,78.45,37890
2010-03-03,78.20,81.45,78.00,79.10,36689
2010-03-04,79.90,80.25,78.50,79.00,31325
2010-03-05,79.80,79.85,76.10,77.20,22008
2010-03-08,78.95,79.45,74.50,76.35,59694
2010-03-09,76.50,77.25,74.20,74.85,20946
2010-03-10,72.75,75.55,72.75,74.10,19899
2010-03-11,73.00,77.80,73.00,73.65,35295
2010-03-12,73.65,76.00,73.05,73.30,11956
2010-03-15,74.85,74.90,72.50,72.90,3980
2010-03-16,72.50,74.20,72.50,73.00,9064
2010-03-17,73.80,74.50,72.00,72.45,22992
2010-03-18,72.25,73.25,71.85,72.45,8519
2010-03-19,73.00,73.85,71.70,72.20,4018
2010-03-22,71.00,72.75,71.00,71.80,7642
2010-03-23,73.00,73.00,68.00,68.85,7270
2010-03-25,69.95,76.95,68.00,69.10,8774
2010-03-26,68.55,69.30,66.55,67.00,10561
2010-03-29,67.00,67.00,62.00,62.85,14705
2010-03-30,64.70,67.00,61.20,63.40,23559
2010-03-31,65.00,65.75,63.50,63.80,11474
2010-04-01,64.90,67.95,64.25,65.75,6632
2010-04-05,66.00,69.85,65.45,66.75,21524
2010-04-06,69.40,69.40,67.05,68.40,12834
2010-04-07,69.25,70.25,67.80,67.95,8838
2010-04-08,68.50,68.95,66.00,66.55,5931
2010-04-09,67.60,67.60,65.00,65.75,7878
2010-04-12,67.25,67.25,65.10,65.25,3904
2010-04-13,65.70,68.50,65.00,66.85,5938
2010-04-15,67.00,69.40,66.05,66.80,11326
2010-04-16,65.55,68.50,65.55,67.30,7268
2010-04-19,64.20,67.45,64.20,65.35,1408
2010-04-20,66.00,67.00,65.25,65.75,2563
2010-04-21,66.95,67.25,65.85,66.40,4955
2010-04-22,66.00,67.90,65.70,66.20,6528
2010-04-23,65.70,67.20,65.00,66.20,6673
2010-04-26,66.10,67.20,65.50,65.55,5764
2010-04-27,63.95,68.75,63.95,67.15,10336
2010-04-28,67.85,67.85,65.50,65.70,6950
2010-04-29,66.70,78.80,66.70,76.85,456758
2010-04-30,77.00,77.00,71.30,71.65,98653
2010-05-03,71.50,75.70,70.05,72.45,64870
2010-05-04,72.95,77.35,68.50,69.95,88364
2010-05-05,68.00,70.45,68.00,69.10,27084
2010-05-06,69.35,73.95,69.30,70.65,40237
2010-05-07,68.75,74.45,68.50,70.65,48773
2010-05-10,71.70,73.20,70.60,71.75,18970
2010-05-11,71.00,72.00,69.55,69.90,4526
2010-05-12,70.05,70.70,66.40,68.85,8348
2010-05-13,70.90,71.15,69.25,69.70,5915
2010-05-14,68.40,70.90,66.75,67.60,7691
2010-05-17,68.25,68.80,66.00,67.00,3542
2010-05-18,68.60,68.60,65.60,66.80,4434
2010-05-19,65.50,67.20,65.00,65.15,1955
2010-05-20,64.90,65.00,63.50,63.70,1815
2010-05-21,66.00,72.60,62.10,68.95,109551
2010-05-24,68.30,71.10,65.70,66.75,7555
2010-05-25,66.00,67.20,61.05,62.30,14429
2010-05-26,65.00,71.45,60.10,64.00,7948
2010-05-27,68.00,68.00,62.80,64.40,3967
2010-05-28,67.90,67.90,64.00,64.80,2727
2010-05-31,67.90,67.90,63.10,64.70,884
2010-06-01,66.80,67.10,63.60,64.10,6304
2010-06-02,66.70,66.70,62.80,63.90,1796
2010-06-03,66.00,66.60,63.50,64.20,3422
2010-06-04,64.00,67.45,64.00,65.00,4493
2010-06-07,64.00,71.50,64.00,69.85,44682
2010-06-08,72.00,72.00,66.25,68.00,10537
2010-06-09,65.75,68.80,65.75,67.45,2126
2010-06-10,65.75,72.00,65.75,67.95,27244
2010-06-11,66.75,69.80,66.05,66.85,4527
2010-06-14,66.95,69.00,66.95,68.20,4346
2010-06-15,68.80,69.20,66.75,67.15,3404
2010-06-16,66.00,68.75,66.00,67.15,2491
2010-06-17,66.00,71.90,66.00,70.35,13378
2010-06-18,66.10,83.85,66.10,78.70,390506
2010-06-21,80.00,83.40,72.50,73.35,280674
2010-06-22,75.90,77.00,71.00,72.35,28638
2010-06-23,75.00,76.50,72.70,73.50,66851
2010-06-24,74.40,74.40,72.60,73.05,6697
2010-06-25,71.70,72.80,70.35,71.05,7556
2010-06-28,69.10,74.30,69.00,70.85,67092
2010-06-29,71.95,72.00,69.55,69.95,23169
2010-06-30,69.00,70.80,69.00,69.75,8309
2010-07-01,70.00,70.50,69.00,69.25,4676
2010-07-02,72.00,72.00,68.35,69.25,6797
2010-07-05,71.25,72.55,69.00,71.65,12059
2010-07-06,73.15,75.45,70.65,71.15,47409
2010-07-07,70.50,71.40,69.20,69.70,7912
2010-07-08,70.20,71.10,69.00,69.45,23445
2010-07-09,70.45,70.80,69.30,70.05,10953
2010-07-12,70.25,70.90,69.35,69.55,3208
2010-07-13,70.70,70.70,68.40,69.40,8353
2010-07-14,69.15,71.25,69.15,70.65,11045
2010-07-15,70.00,70.60,69.35,69.85,3939
2010-07-16,71.00,71.00,69.55,69.70,3322
2010-07-19,76.00,76.00,68.05,69.20,8106
2010-07-20,69.55,70.00,67.50,68.05,8667
2010-07-21,68.25,69.00,67.85,68.90,3860
2010-07-22,69.00,69.50,67.80,68.25,6883
2010-07-23,69.00,70.40,68.40,68.75,9160
2010-07-26,68.15,69.00,67.70,67.80,1881
2010-07-27,68.00,68.80,67.65,68.00,1146
2010-07-28,67.35,68.85,67.20,67.95,4524
2010-07-29,67.00,68.85,67.00,68.20,4488
2010-07-30,68.00,68.40,67.00,67.00,4674
2010-08-02,67.50,72.40,66.80,71.25,31805
2010-08-03,73.90,75.00,70.00,71.20,44868
2010-08-04,71.95,71.95,70.00,70.60,9786
2010-08-05,71.00,71.35,69.25,70.20,5074
2010-08-06,70.95,72.00,68.50,68.90,10881
2010-08-09,67.55,69.95,67.55,69.40,7256
2010-08-10,68.55,70.00,68.00,68.50,6382
2010-08-11,68.95,82.20,68.00,82.00,579091
2010-08-12,82.00,83.70,75.70,79.40,176215
2010-08-13,78.25,91.60,78.20,88.90,394409
2010-08-16,88.85,88.85,83.20,84.90,53922
2010-08-17,85.70,89.50,83.10,83.85,153453
2010-08-18,85.00,97.40,84.00,89.90,435056
2010-08-19,92.70,104.90,90.15,98.15,635715
2010-08-20,98.15,104.70,98.00,101.00,289523
2010-08-23,102.50,109.50,102.00,107.55,227480
2010-08-24,109.15,125.40,109.15,123.75,614670
2010-08-25,125.00,131.00,111.40,120.40,564861
2010-08-26,121.90,127.00,114.50,117.50,151715
2010-08-27,117.50,121.90,114.00,116.05,100275
2010-08-30,117.50,118.80,108.90,110.85,79113
2010-08-31,111.00,111.35,100.80,101.65,72935
2010-09-01,103.55,106.85,103.10,104.35,35743
2010-09-02,104.50,112.80,104.50,109.25,110418
2010-09-03,108.00,115.95,108.00,108.85,52251
2010-09-06,110.45,112.70,107.15,108.95,23979
2010-09-07,110.20,112.70,108.00,111.25,54684
2010-09-08,113.55,117.50,110.00,114.35,138575
2010-09-09,115.00,115.85,108.05,109.50,32277
2010-09-13,111.75,112.70,109.05,110.90,28896
2010-09-14,110.15,110.90,106.10,107.75,17452
2010-09-15,108.00,118.55,106.20,118.55,386143
2010-09-16,120.95,127.95,112.20,114.30,404761
2010-09-17,116.50,117.50,112.50,112.75,63525
2010-09-20,114.50,114.50,106.00,109.35,50070
2010-09-21,109.20,110.90,106.40,108.40,43552
2010-09-22,108.00,116.50,108.00,115.15,112811
2010-09-23,115.60,115.60,110.35,111.50,32936
2010-09-24,110.05,116.35,108.00,115.50,77125
2010-09-27,116.00,122.90,112.00,119.10,208334
2010-09-28,119.10,119.70,113.00,114.35,52000
2010-09-29,115.05,117.00,112.55,113.70,75990
2010-09-30,113.80,114.75,112.00,113.25,12432
2010-10-01,114.60,114.75,108.00,112.35,16833
2010-10-04,113.10,113.95,109.00,109.65,12378
2010-10-05,111.95,114.50,109.00,111.35,31176
2010-10-06,110.50,112.00,108.10,109.25,18443
2010-10-07,111.30,111.30,106.00,107.35,19540
2010-10-08,106.10,110.80,103.30,108.95,49226
2010-10-11,110.00,111.20,108.10,109.00,59834
2010-10-12,107.10,109.90,107.00,107.20,7347
2010-10-13,107.60,110.40,107.10,109.45,24194
2010-10-14,108.00,110.80,107.55,107.85,10701
2010-10-15,108.00,109.20,104.50,105.15,11335
2010-10-18,104.50,107.00,101.40,102.75,11653
2010-10-19,102.00,103.75,97.15,98.10,11905
2010-10-20,97.00,99.90,93.00,93.60,20425
2010-10-21,92.05,98.60,92.05,94.40,15306
2010-10-22,94.65,96.90,89.20,90.85,18062
2010-10-25,98.00,98.00,91.30,92.25,9445
2010-10-26,92.30,92.50,90.10,90.70,7356
2010-10-27,89.00,92.50,88.40,88.60,3829
2010-10-28,88.20,90.50,85.10,85.75,9099
2010-10-29,88.00,88.00,82.40,83.10,14674
2010-11-01,87.00,87.00,79.70,84.35,4705
2010-11-02,84.60,85.75,83.00,84.25,8825
2010-11-03,83.20,86.00,83.20,85.60,6052
2010-11-04,85.50,87.25,84.00,85.90,5361
2010-11-05,87.00,91.00,87.00,89.50,3885
2010-11-08,90.50,96.00,88.40,93.80,34055
2010-11-09,94.00,96.90,93.30,95.90,15168
2010-11-10,96.20,101.70,93.40,98.20,43420
2010-11-11,98.10,106.70,96.00,101.05,51503
2010-11-12,104.00,104.00,98.25,99.40,17129
2010-11-15,99.90,101.75,93.05,94.15,22573
2010-11-16,94.45,102.00,92.30,94.05,54735
2010-11-18,96.00,97.65,92.65,94.05,17373
2010-11-19,94.05,94.50,90.00,91.45,10696
2010-11-22,97.50,97.50,90.00,91.60,10460
2010-11-23,88.00,92.50,85.50,89.40,11074
2010-11-24,89.00,91.70,85.40,87.45,8804
2010-11-25,87.00,89.00,84.05,84.60,20256
2010-11-26,84.55,85.00,72.30,76.85,24478
2010-11-29,78.00,80.00,76.00,78.25,7556
2010-11-30,78.85,80.65,77.10,79.00,7664
2010-12-01,80.90,84.95,80.90,82.90,11443
2010-12-02,84.00,84.90,81.10,82.15,7802
2010-12-03,81.00,83.95,78.70,79.20,5397
2010-12-06,84.00,84.00,78.00,78.95,5260
2010-12-07,76.30,80.70,76.30,78.15,5406
2010-12-08,75.20,80.90,73.50,73.65,8776
2010-12-09,73.55,76.90,68.20,70.45,10505
2010-12-10,68.00,77.50,68.00,73.05,7169
2010-12-13,71.30,73.00,71.30,72.40,6988
2010-12-14,73.50,74.00,68.30,71.10,13596
2010-12-15,72.00,72.50,68.15,69.90,7622
2010-12-16,68.30,71.75,68.30,70.20,2799
2010-12-20,68.45,71.00,68.45,69.65,3753
2010-12-21,69.65,74.70,68.70,72.85,19467
2010-12-22,77.00,78.00,71.75,73.85,27504
2010-12-23,77.00,78.00,72.55,72.90,26335
2010-12-24,72.30,75.00,72.30,73.25,10870
2010-12-27,73.35,74.45,72.30,74.15,7595
2010-12-28,75.70,79.85,75.70,77.95,32059
2010-12-29,76.85,80.45,76.85,78.15,10392
2010-12-30,78.10,83.00,76.85,80.60,21226
2010-12-31,78.65,84.40,78.65,79.70,25342
2011-01-03,80.00,81.75,79.00,80.85,8973
2011-01-04,82.60,82.60,78.10,81.35,18394
2011-01-05,81.30,90.45,79.10,87.90,57702
2011-01-06,90.00,105.50,90.00,99.60,2097143
2011-01-07,98.95,99.60,94.50,96.30,280636
2011-01-10,97.60,98.90,84.25,86.75,158000
2011-01-11,87.00,88.95,75.10,78.35,133534
2011-01-12,80.00,80.00,68.20,76.85,278254
2011-01-13,78.00,80.00,75.00,76.85,78422
2011-01-14,76.25,77.70,74.45,75.10,36401
2011-01-17,77.00,77.00,69.35,70.25,39487
2011-01-18,71.00,74.45,70.25,71.25,70573
2011-01-19,72.80,73.05,71.05,72.05,13903
2011-01-20,71.00,72.50,70.75,71.75,9515
2011-01-21,70.50,72.95,70.50,71.20,53136
2011-01-24,71.70,73.95,71.50,71.95,26245
2011-01-25,72.20,73.20,70.50,71.55,11364
2011-01-27,71.25,72.45,70.70,71.45,9664
2011-01-28,70.00,70.60,68.40,69.30,17778
2011-01-31,69.00,69.00,64.75,67.45,45741
2011-02-01,67.05,68.45,61.60,62.95,35728
2011-02-02,64.00,64.00,57.75,58.50,84623
2011-02-03,59.60,60.90,57.20,59.55,18872
2011-02-04,60.00,60.90,57.50,58.60,12213
2011-02-07,59.00,59.80,57.80,58.50,7611
2011-02-08,59.00,59.00,54.15,55.95,24127
2011-02-09,55.00,55.00,48.20,49.65,64581
2011-02-10,49.70,51.45,45.00,46.75,44806
2011-02-11,47.00,49.65,46.00,48.85,22557
2011-02-14,48.85,56.80,48.85,55.80,40703
2011-02-15,54.00,57.75,53.00,54.45,19957
2011-02-16,53.55,55.00,53.25,53.95,11019
2011-02-17,55.75,56.00,48.60,50.50,135435
2011-02-18,51.70,51.95,49.05,49.25,19622
2011-02-21,50.45,50.45,47.15,49.60,9082
2011-02-22,52.00,52.00,48.60,49.10,7037
2011-02-23,49.25,49.90,46.35,49.15,8082
2011-02-24,49.80,49.80,46.05,46.35,13857
2011-02-25,49.00,49.00,45.90,46.90,12046
2011-02-28,49.80,49.80,45.50,47.95,12942
2011-03-01,48.00,54.60,46.00,53.55,171041
2011-03-03,53.30,56.45,52.55,53.30,29295
2011-03-04,54.40,54.80,52.10,53.45,19361
2011-03-07,52.05,52.10,50.20,50.95,15092
2011-03-08,53.45,53.45,51.35,52.15,5353
2011-03-09,53.90,53.90,51.10,51.85,3404
2011-03-10,52.95,53.00,50.80,51.50,4948
2011-03-11,52.00,52.60,51.20,52.00,5275
2011-03-14,52.85,52.90,50.10,50.80,4075
2011-03-15,48.50,52.90,48.50,49.75,7452
2011-03-16,51.90,51.90,49.20,49.65,10752
2011-03-17,50.20,50.85,49.60,50.10,4061
2011-03-18,51.00,51.00,49.05,49.25,4152
2011-03-21,50.00,50.00,48.50,49.10,2989
2011-03-22,49.00,50.90,48.55,50.35,11168
2011-03-23,50.35,50.70,49.10,49.90,3210
2011-03-24,50.00,50.75,49.30,49.65,5304
2011-03-28,52.85,52.85,50.35,51.00,16228
2011-03-29,49.35,51.70,49.15,49.75,35895
2011-03-30,52.95,54.75,51.95,53.15,37025
2011-03-31,53.90,53.90,51.45,52.00,9088
2011-04-01,51.95,54.55,51.25,54.15,14383
2011-04-04,54.90,59.60,53.75,58.70,37990
2011-04-05,60.00,60.00,56.70,58.80,14200
2011-04-06,56.60,63.40,56.60,61.85,42943
2011-04-07,62.00,68.50,61.90,67.80,48520
2011-04-08,68.00,69.70,64.00,65.35,20003
2011-04-11,66.00,66.00,62.75,64.40,15483
2011-04-13,65.00,65.00,62.10,63.35,5713
2011-04-15,63.40,63.95,60.50,61.65,6922
2011-04-18,61.00,62.00,59.10,60.25,9555
2011-04-19,59.60,60.70,58.50,60.05,10014
2011-04-20,62.45,67.00,60.65,64.95,45333
2011-04-21,65.90,65.90,63.00,63.45,9101
2011-04-25,63.60,66.80,63.50,66.05,15117
2011-04-26,67.80,67.80,62.50,65.95,27603
2011-04-27,64.10,66.95,64.00,64.90,8430
2011-04-28,64.40,64.90,62.30,62.60,6695
2011-04-29,64.50,64.50,61.15,61.70,5345
2011-05-02,60.20,61.00,59.65,60.35,6752
2011-05-03,58.65,61.90,58.20,58.75,4400
2011-05-04,58.00,60.30,57.20,58.65,3904
2011-05-05,60.00,60.30,57.50,58.00,4206
2011-05-06,57.60,59.95,57.55,58.10,4844
2011-05-09,59.00,59.80,57.05,58.55,5749
2011-05-10,58.00,59.75,57.50,59.40,3155
2011-05-11,58.05,60.35,58.05,58.95,3128
2011-05-12,59.85,59.85,57.50,57.65,5681
2011-05-13,57.15,60.50,57.15,58.85,16422
2011-05-16,59.05,63.10,58.05,58.65,11605
2011-05-17,59.00,59.75,57.30,57.70,2690
2011-05-18,58.00,58.60,56.55,57.10,3961
2011-05-19,57.05,58.00,56.10,56.30,2877
2011-05-20,58.65,58.65,55.35,56.15,2233
2011-05-23,55.20,56.80,54.25,54.60,3767
2011-05-24,53.40,55.85,53.40,53.75,3592
2011-05-25,53.10,54.00,51.40,52.65,6846
2011-05-26,52.60,53.95,52.50,53.75,1756
2011-05-27,54.00,55.40,53.50,54.60,1061
2011-05-30,56.40,56.40,54.65,55.45,3948
2011-05-31,56.00,56.00,54.60,55.30,1640
2011-06-01,54.55,56.90,54.55,55.85,5192
2011-06-02,54.55,56.70,54.55,56.10,2033
2011-06-03,54.60,56.20,53.80,54.55,5686
2011-06-06,53.50,55.30,52.70,54.00,1354
2011-06-07,54.90,55.85,53.90,54.60,1820
2011-06-08,54.20,55.80,54.20,54.30,1328
2011-06-09,53.30,55.00,53.05,53.35,3357
2011-06-10,53.50,54.85,53.05,54.10,655
2011-06-13,53.95,53.95,52.50,53.15,1320
2011-06-14,52.80,60.75,52.80,57.60,26208
2011-06-15,57.00,57.50,55.50,56.95,4738
2011-06-16,60.00,67.50,58.00,64.50,843299
2011-06-17,64.00,64.55,57.90,59.15,111897
2011-06-20,59.00,59.00,50.30,53.35,31282
2011-06-21,53.00,57.00,50.20,52.70,41454
2011-06-22,53.50,53.50,51.00,51.55,19991
2011-06-23,51.40,53.00,50.10,50.30,7153
2011-06-24,52.65,53.35,51.75,52.85,7120
2011-06-27,52.05,53.50,52.05,52.90,3445
2011-06-28,52.50,53.50,52.00,53.15,3469
2011-06-29,52.10,56.00,52.10,55.00,6578
2011-06-30,55.60,57.65,54.50,56.20,15279
2011-07-01,55.00,56.90,54.75,55.00,3417
2011-07-04,55.05,59.00,55.05,57.05,16744
2011-07-05,55.70,58.80,54.10,55.70,2698
2011-07-06,54.55,64.65,54.30,63.75,229422
2011-07-07,65.70,65.70,58.40,59.45,102224
2011-07-08,59.00,59.45,57.15,57.75,15928
2011-07-11,56.75,59.40,56.25,57.65,7907
2011-07-12,56.60,57.10,55.20,56.40,7655
2011-07-13,56.30,57.50,56.05,56.80,3782
2011-07-14,57.00,58.40,55.80,57.35,3554
2011-07-15,57.80,57.85,56.55,57.20,3778
2011-07-18,58.45,59.00,56.65,57.15,6420
2011-07-19,56.30,59.90,56.30,59.00,8763
2011-07-20,60.90,60.90,59.15,59.55,4532
2011-07-21,58.10,60.50,58.05,58.40,4626
2011-07-22,57.00,58.95,56.60,57.85,4073
2011-07-25,57.10,58.95,57.10,58.05,3075
2011-07-26,58.05,58.80,57.10,57.65,2856
2011-07-27,57.05,58.85,57.00,58.40,1828
2011-07-28,57.75,58.00,56.60,57.15,3406
2011-07-29,57.85,58.40,56.60,57.55,4360
2011-08-01,56.75,57.00,56.10,56.30,3990
2011-08-02,55.75,56.55,49.85,52.95,69060
2011-08-03,52.80,54.60,51.25,53.95,3812
2011-08-04,54.45,54.45,52.70,53.05,1932
2011-08-05,52.15,53.00,46.35,47.35,45815
2011-08-08,47.35,48.00,43.65,44.95,42803
2011-08-09,44.50,51.00,40.60,41.40,196197
2011-08-10,43.00,44.70,40.10,41.65,33918
2011-08-11,42.05,43.80,41.80,42.75,9033
2011-08-12,43.25,46.95,37.60,38.40,134718
2011-08-16,39.55,41.80,38.50,40.05,29809
2011-08-17,39.10,41.50,39.05,41.20,7781
2011-08-18,42.40,42.40,38.50,39.40,21950
2011-08-19,38.00,40.00,37.40,39.75,5870
2011-08-22,41.40,41.40,38.75,40.35,3494
2011-08-23,41.40,41.90,39.75,40.05,18610
2011-08-24,40.20,41.30,39.80,39.90,2598
2011-08-25,39.80,41.40,39.80,40.50,6247
2011-08-26,40.00,41.35,39.75,40.00,4862
2011-08-29,41.90,42.90,40.30,41.90,7351
2011-08-30,42.50,42.60,40.90,41.35,7138
2011-09-02,44.80,44.80,40.30,42.35,7969
2011-09-05,42.00,48.50,42.00,45.30,53890
2011-09-06,46.90,48.00,44.10,46.15,14086
2011-09-07,47.35,50.40,46.05,48.05,55609
2011-09-08,48.50,51.00,48.00,50.05,16996
2011-09-09,50.20,53.45,50.20,51.65,16436
2011-09-12,50.20,52.75,50.20,51.80,26567
2011-09-13,53.35,54.40,52.10,52.90,10690
2011-09-14,54.75,54.75,51.60,52.15,3349
2011-09-15,52.00,53.85,49.50,50.10,7181
2011-09-16,50.25,50.50,48.25,49.10,7348
2011-09-19,48.50,49.20,48.30,48.75,1583
2011-09-20,48.20,55.90,48.20,51.35,97021
2011-09-21,50.50,51.80,49.60,50.00,5393
2011-09-22,49.80,50.90,47.90,48.25,10353
2011-09-23,47.50,49.20,47.00,47.55,4578
2011-09-26,47.40,52.00,46.30,49.50,8303
2011-09-27,56.60,56.60,50.15,52.85,21059
2011-09-28,51.60,51.80,50.25,50.60,11813
2011-09-29,50.05,51.40,50.00,50.35,12216
2011-09-30,49.55,50.50,49.05,49.40,2500
2011-10-03,48.00,50.40,47.25,48.70,2098
2011-10-04,47.60,49.30,46.70,47.15,8298
2011-10-05,47.00,48.00,46.55,47.40,9521
2011-10-07,48.45,49.40,47.20,47.35,4833
2011-10-10,46.80,48.85,46.80,48.50,1724
2011-10-11,48.00,49.50,47.60,48.50,14611
2011-10-12,48.55,48.90,48.15,48.80,2879
2011-10-13,48.10,49.80,48.00,49.60,4341
2011-10-14,50.90,54.90,49.00,53.75,57006
2011-10-17,55.25,56.70,51.55,52.15,5948
2011-10-18,52.00,55.60,51.70,54.35,24780
2011-10-19,56.00,59.35,53.50,53.95,5416
2011-10-20,53.00,54.70,52.35,53.95,9959
2011-10-21,53.65,54.85,52.35,53.50,2326
2011-10-24,54.80,54.95,52.35,52.95,2964
2011-10-25,52.55,58.50,52.35,56.50,12340
2011-10-26,59.00,59.00,50.35,52.95,17495
2011-10-28,53.00,58.00,53.00,53.45,21402
2011-10-31,54.50,59.90,50.15,55.50,46669
2011-11-01,55.50,55.80,54.00,54.25,2169
2011-11-02,54.75,55.65,54.05,54.50,749
2011-11-03,55.50,57.70,54.15,55.20,470
2011-11-04,54.50,60.00,54.05,58.60,22676
2011-11-08,57.50,66.50,55.75,64.60,60307
2011-11-09,68.90,77.55,67.00,76.20,560262
2011-11-11,76.90,80.00,71.50,73.40,309552
2011-11-14,74.05,74.05,66.20,67.25,23378
2011-11-15,64.25,67.30,60.55,61.25,74053
2011-11-16,61.00,64.80,56.00,61.80,74976
2011-11-17,60.50,60.50,56.40,57.20,9958
2011-11-18,56.00,56.50,54.35,54.45,13149
2011-11-21,55.00,55.00,52.05,52.40,5623
2011-11-22,52.20,55.05,52.00,54.60,9107
2011-11-23,54.55,54.55,52.00,52.00,7932
2011-11-24,50.50,54.60,50.05,54.60,9979
2011-11-25,54.60,57.35,54.60,56.90,13805
2011-11-28,55.60,59.75,55.60,59.45,8409
2011-11-29,57.90,62.40,57.65,60.90,16542
2011-11-30,63.80,63.80,59.00,60.25,11198
2011-12-01,61.00,62.75,60.00,61.20,10038
2011-12-02,61.00,62.40,59.75,60.40,5797
2011-12-05,62.10,63.40,60.05,62.65,11588
2011-12-07,62.00,64.25,61.55,63.00,21912
2011-12-08,62.00,66.10,59.85,64.10,37386
2011-12-09,62.50,64.00,61.10,63.75,10111
2011-12-12,62.00,64.50,60.60,60.90,16269
2011-12-13,57.85,60.95,57.85,58.35,4108
2011-12-14,60.00,60.80,55.45,55.60,44279
2011-12-15,56.05,56.05,54.00,54.80,5673
2011-12-16,56.50,56.55,54.00,54.60,6594
2011-12-19,52.50,57.00,52.00,55.25,25010
2011-12-20,54.00,55.95,52.60,53.40,1716
2011-12-21,52.50,55.85,52.50,53.70,1649
2011-12-22,51.60,53.95,51.60,52.80,2069
2011-12-23,55.40,55.40,53.00,53.10,1484
2011-12-26,51.50,55.45,51.50,55.25,11187
2011-12-27,56.95,56.95,52.80,52.80,1861
2011-12-28,54.45,54.45,51.65,52.50,1180
2011-12-29,50.60,52.40,50.60,51.35,14072
2011-12-30,53.50,53.50,50.25,52.05,1058
2012-01-02,52.95,52.95,50.55,52.50,10455
2012-01-03,54.10,54.10,50.40,51.70,10771
2012-01-04,53.50,54.15,51.05,53.05,4592
2012-01-05,53.00,55.70,53.00,54.00,21620
2012-01-06,54.00,56.50,53.00,53.45,39433
2012-01-09,54.55,54.55,52.50,53.20,4482
2012-01-10,55.40,55.40,52.20,54.25,14781
2012-01-11,55.00,58.70,54.50,57.05,29721
2012-01-12,56.10,59.00,56.10,58.35,7690
2012-01-13,61.25,61.25,56.10,57.70,10536
2012-01-16,57.20,58.50,54.20,55.95,9789
2012-01-17,56.75,57.95,54.80,56.90,15358
2012-01-18,56.50,57.35,55.40,55.50,4404
2012-01-19,57.50,57.50,55.10,56.05,6103
2012-01-20,56.40,56.40,54.60,54.75,3698
2012-01-23,55.90,56.00,55.25,55.55,837
2012-01-24,55.25,56.00,54.60,55.35,3184
2012-01-25,59.95,59.95,55.05,57.00,32771
2012-01-27,56.50,58.60,56.50,58.00,33388
2012-01-30,59.75,59.75,56.50,56.95,16889
2012-01-31,58.70,58.70,55.75,56.80,9992
2012-02-01,58.80,58.90,56.30,57.85,9854
2012-02-02,57.85,60.50,56.60,57.65,29114
2012-02-03,58.50,58.50,57.00,57.60,28621
2012-02-06,60.00,62.00,57.55,61.55,76901
2012-02-07,63.00,63.00,59.55,60.65,6185
2012-02-08,62.80,62.80,59.05,60.10,21281
2012-02-09,58.50,62.35,58.50,61.35,6224
2012-02-10,61.00,62.50,60.10,61.00,28074
2012-02-13,61.85,63.00,60.40,61.05,12300
2012-02-14,60.50,63.70,60.50,62.20,45594
2012-02-15,63.60,63.65,61.50,61.80,14270
2012-02-16,61.10,62.00,59.25,59.75,14409
2012-02-17,60.00,61.65,58.25,58.85,32838
2012-02-21,61.20,61.20,57.00,58.65,8025
2012-02-22,59.40,59.40,55.05,56.50,5671
2012-02-23,55.70,57.00,54.95,55.80,3618
2012-02-24,57.95,58.50,54.60,54.90,38866
2012-02-27,56.50,56.50,51.10,53.45,38261
2012-02-28,55.00,56.00,53.00,55.50,24291
2012-02-29,56.00,59.85,54.05,57.20,19535
2012-03-01,57.90,59.95,57.00,58.95,33716
2012-03-02,58.95,58.95,56.15,58.15,14399
2012-03-05,58.75,58.75,57.00,57.85,2026
2012-03-06,58.70,58.75,54.60,57.75,30633
2012-03-07,58.60,58.60,55.00,56.10,1915
2012-03-09,55.00,57.50,54.05,56.85,1733
2012-03-12,57.90,57.90,56.00,56.60,13222
2012-03-13,57.95,58.00,56.15,57.50,4379
2012-03-14,57.95,57.95,55.75,56.20,2294
2012-03-15,55.40,57.45,54.80,55.30,1642
2012-03-16,58.95,58.95,54.30,56.60,5250
2012-03-19,55.00,56.00,53.50,54.00,13621
2012-03-20,56.00,56.00,53.15,53.55,3208
2012-03-21,55.80,55.80,53.00,53.15,6851
2012-03-22,54.85,54.85,52.70,52.70,4390
2012-03-23,51.40,53.70,51.00,51.75,2746
2012-03-26,53.10,53.10,49.00,50.65,40848
2012-03-27,52.90,53.45,47.10,50.75,40831
2012-03-28,51.45,51.45,48.50,49.15,22636
2012-03-29,48.50,57.80,48.50,51.95,11282
2012-03-30,53.50,54.00,52.10,52.45,1822
2012-04-02,53.90,59.00,51.00,55.55,65821
2012-04-03,56.00,56.00,53.05,53.35,7196
2012-04-04,54.45,54.45,53.00,53.50,17206
2012-04-09,54.70,54.70,52.80,53.70,24771
2012-04-10,52.05,55.85,52.05,52.30,9872
2012-04-11,52.40,54.90,51.35,54.15,15938
2012-04-12,54.75,58.65,54.50,54.50,35505
2012-04-13,54.00,54.90,53.00,53.40,6141
2012-04-16,52.40,55.90,52.40,53.00,11514
2012-04-17,54.95,54.95,52.70,52.95,6074
2012-04-18,53.25,54.90,53.00,54.70,11313
2012-04-19,59.90,59.90,53.60,55.05,24151
2012-04-20,56.15,57.65,54.60,55.35,53637
2012-04-23,56.40,56.40,53.10,53.50,40714
2012-04-24,52.85,54.75,52.05,54.05,6066
2012-04-25,53.20,54.45,51.30,53.00,21175
2012-04-26,54.05,54.20,51.50,51.90,7598
2012-04-27,52.00,52.30,51.55,52.15,732
2012-04-30,52.90,52.90,51.65,52.30,1164
2012-05-02,53.00,53.15,51.90,52.45,6919
2012-05-03,51.85,52.85,50.60,51.50,26830
2012-05-04,51.60,53.90,51.25,53.25,32052
2012-05-07,55.10,56.00,52.10,53.00,27701
2012-05-08,52.35,53.00,50.80,51.25,11592
2012-05-09,50.65,52.45,50.30,52.10,5520
2012-05-10,51.25,55.00,51.25,53.00,31169
2012-05-11,51.40,52.35,50.50,51.20,3134
2012-05-14,51.35,52.00,50.00,50.30,3355
2012-05-15,50.00,51.75,49.00,50.20,5924
2012-05-16,48.55,51.40,48.55,50.00,11073
2012-05-17,50.00,50.25,49.50,49.75,3614
2012-05-18,50.00,50.00,48.05,49.55,27796
2012-05-21,49.10,50.60,49.10,49.90,4464
2012-05-22,50.00,51.50,49.00,49.40,20713
2012-05-23,48.15,50.65,48.15,49.45,14659
2012-05-24,49.00,50.00,48.70,49.85,2068
2012-05-25,49.50,50.20,48.65,49.20,2444
2012-05-28,51.50,51.50,49.40,50.95,22613
2012-05-29,50.00,51.70,48.55,50.70,11928
2012-05-30,49.15,51.00,49.15,50.10,15381
2012-05-31,50.10,50.10,49.15,49.50,11124
2012-06-01,50.50,50.50,48.50,48.80,14998
2012-06-04,48.50,49.55,48.00,48.75,6891
2012-06-05,49.80,49.80,48.20,48.50,1547
2012-06-06,48.00,52.25,47.35,49.75,6944
2012-06-07,50.10,50.45,48.80,49.55,1160
2012-06-08,49.05,50.20,47.50,48.20,7752
2012-06-11,48.80,49.95,48.80,49.60,1854
2012-06-12,50.00,50.35,48.95,49.20,4502
2012-06-13,50.00,50.00,48.55,48.70,2069
2012-06-14,49.00,49.45,45.40,49.00,4776
2012-06-15,49.45,49.50,49.00,49.10,1053
2012-06-18,48.10,50.65,48.10,48.20,1018
2012-06-19,47.20,49.00,47.20,48.90,3850
2012-06-20,48.90,49.45,48.30,48.95,33017
2012-06-21,50.85,50.85,47.85,48.35,17061
2012-06-22,50.80,51.90,47.10,50.70,26231
2012-06-25,50.80,50.80,49.00,49.20,24013
2012-06-26,50.45,51.40,49.05,51.00,7231
2012-06-27,51.00,51.40,50.05,50.95,9096
2012-06-28,50.65,51.70,49.60,49.60,19805
2012-06-29,50.00,51.85,47.60,48.35,42270
2012-07-02,48.95,49.35,48.00,48.15,37936
2012-07-03,48.90,53.85,47.90,50.25,102550
2012-07-04,50.60,51.40,47.55,48.15,57540
2012-07-05,48.90,50.90,48.35,49.55,14696
2012-07-06,49.60,50.25,49.25,49.95,16419
2012-07-09,49.05,50.90,49.05,50.25,17753
2012-07-10,50.10,51.40,50.00,50.70,16781
2012-07-11,50.90,50.90,50.50,50.50,7510
2012-07-12,51.00,52.90,51.00,52.25,30581
2012-07-13,53.50,53.60,52.00,52.75,19160
2012-07-16,53.00,53.00,51.00,51.30,4410
2012-07-17,51.00,51.35,50.60,51.30,2646
2012-07-18,50.50,51.70,50.05,51.05,2344
2012-07-19,51.00,52.15,50.50,51.70,2222
2012-07-20,51.50,51.50,48.00,49.45,41480
2012-07-23,50.90,52.00,49.00,49.30,13436
2012-07-24,50.00,50.75,49.75,50.45,7948
2012-07-25,50.55,50.55,48.80,49.00,7844
2012-07-26,49.50,49.50,48.75,48.90,5571
2012-07-27,48.25,50.30,47.30,48.00,12953
2012-07-30,48.90,49.40,48.00,48.45,3583
2012-07-31,48.45,48.85,47.60,47.90,6847
2012-08-01,48.20,49.05,47.50,48.50,3755
2012-08-02,48.45,49.40,48.30,48.60,1430
2012-08-03,48.15,49.80,48.15,48.35,4290
2012-08-06,50.70,50.70,49.25,50.20,2551
2012-08-07,49.20,50.85,49.20,50.00,5407
2012-08-08,50.75,52.45,49.20,52.00,39219
2012-08-09,52.90,53.20,50.30,51.05,16225
2012-08-10,49.55,52.20,49.35,50.00,16447
2012-08-13,52.30,52.30,49.00,49.15,19930
2012-08-14,48.50,49.75,48.50,48.70,6311
2012-08-16,48.35,49.00,48.25,48.70,2463
2012-08-17,49.05,49.45,48.25,48.25,6855
2012-08-21,48.40,49.15,48.00,48.25,3902
2012-08-22,48.40,50.00,48.40,48.60,16991
2012-08-23,48.60,49.15,46.00,47.35,10915
2012-08-24,47.05,48.00,46.55,47.20,2994
2012-08-27,48.80,48.95,46.65,46.75,19637
2012-08-28,46.25,48.00,46.25,46.95,6130
2012-08-29,48.20,48.20,46.40,46.65,2541
2012-08-30,46.00,47.40,45.45,46.30,2353
2012-08-31,46.50,46.90,46.20,46.80,1991
2012-09-03,47.90,48.45,46.50,48.25,13003
2012-09-04,47.10,48.45,47.00,47.00,3857
2012-09-05,46.35,48.00,46.35,47.40,1048
2012-09-06,48.40,48.40,46.30,46.45,1140
2012-09-07,46.90,48.10,46.90,47.50,3119
2012-09-10,48.00,50.00,48.00,49.30,4473
2012-09-11,49.85,52.00,49.35,50.00,34307
2012-09-12,50.20,50.20,48.65,49.00,2774
2012-09-13,49.00,49.60,48.30,48.40,17921
2012-09-14,49.00,49.00,47.30,47.90,6933
2012-09-17,48.95,49.55,47.90,49.05,4800
2012-09-18,49.15,50.00,49.15,50.00,33133
2012-09-20,48.60,49.70,48.30,49.20,5944
2012-09-21,50.15,50.20,49.00,50.20,7341
2012-09-24,50.20,52.00,49.50,50.85,13346
2012-09-25,50.10,51.85,50.00,51.50,5558
2012-09-26,51.50,51.50,50.65,51.00,1409
2012-09-27,50.50,51.45,49.70,51.45,4075
2012-09-28,51.90,53.40,50.50,53.00,31854
2012-10-01,52.90,54.10,51.20,53.25,14171
2012-10-03,53.15,54.75,51.70,52.00,25822
2012-10-04,52.80,58.00,52.65,55.45,47186
2012-10-05,56.75,57.00,54.90,56.65,18408
2012-10-08,56.95,62.95,56.00,62.25,91141
2012-10-09,63.50,65.00,60.25,61.95,51584
2012-10-10,62.00,64.90,60.10,63.15,101312
2012-10-11,62.90,66.00,61.65,64.85,28510
2012-10-12,64.00,65.90,62.80,65.30,52229
2012-10-15,66.50,70.80,65.70,70.25,68542
2012-10-16,70.25,74.65,69.80,72.95,141127
2012-10-17,73.00,81.00,71.50,79.75,168790
2012-10-18,82.00,91.00,81.00,88.85,404356
2012-10-19,86.20,92.00,85.00,87.15,288455
2012-10-22,85.05,94.40,85.05,92.95,162253
2012-10-23,93.95,101.30,93.60,100.50,239373
2012-10-25,101.50,106.80,101.00,105.50,228903
2012-10-26,106.35,107.40,100.60,102.75,233320
2012-10-29,104.80,104.80,96.90,99.20,135388
2012-10-30,101.70,101.70,97.00,97.65,135399
2012-10-31,99.90,102.80,96.60,98.20,172439
2012-11-01,98.40,102.40,97.20,101.35,55749
2012-11-02,102.00,111.45,101.00,111.45,347666
2012-11-05,117.25,122.55,111.25,122.55,244092
2012-11-06,125.10,134.80,125.10,133.50,364135
2012-11-07,131.00,138.30,130.00,133.65,358506
2012-11-08,133.65,135.90,129.00,133.00,197371
2012-11-09,134.70,139.45,131.20,137.75,205473
2012-11-12,144.00,144.00,138.05,142.50,100091
2012-11-13,144.25,147.90,144.00,146.50,33628
2012-11-15,145.00,149.00,139.45,139.60,133135
2012-11-16,139.90,143.20,134.00,139.20,150588
2012-11-19,139.20,144.10,137.20,138.05,54941
2012-11-20,138.50,141.00,132.05,138.05,68864
2012-11-21,141.55,141.90,136.30,139.90,143680
2012-11-22,138.95,143.40,135.05,141.90,56352
2012-11-23,135.35,141.85,135.35,140.05,36852
2012-11-26,141.10,147.90,139.00,146.10,133224
2012-11-27,144.95,153.60,144.95,153.20,109789
2012-11-29,153.60,160.85,153.60,160.85,125275
2012-11-30,162.80,168.70,161.50,168.70,131306
2012-12-03,165.40,175.40,160.30,163.00,46007
2012-12-04,163.00,174.85,163.00,170.60,68998
2012-12-05,171.70,173.80,169.00,173.80,63472
2012-12-06,170.00,176.00,165.00,174.85,35138
2012-12-07,176.90,179.00,175.00,175.00,37403
2012-12-10,170.05,181.90,169.20,180.00,34139
2012-12-11,180.00,182.85,177.35,177.35,30211
2012-12-12,179.00,179.80,176.00,176.00,73711
2012-12-13,174.00,180.00,174.00,176.00,9264
2012-12-14,174.00,180.65,174.00,179.95,97616
2012-12-17,178.35,185.00,177.35,182.00,26056
2012-12-18,175.75,185.85,175.00,180.00,85018
2012-12-19,176.50,182.50,176.00,178.90,5697
2012-12-20,179.10,179.10,176.50,179.00,4572
2012-12-21,169.20,179.85,169.20,175.00,10334
2012-12-24,168.20,179.85,168.20,176.00,10235
2012-12-26,169.95,176.95,169.95,176.00,63255
2012-12-27,166.90,176.85,166.90,175.95,38420
2012-12-28,172.00,182.25,172.00,181.00,33417
2012-12-31,173.60,180.00,173.60,176.00,4016
2013-01-01,169.30,178.50,169.30,175.00,4823
2013-01-02,166.10,176.85,166.10,171.65,3948
2013-01-03,167.40,175.95,167.40,174.95,2248
2013-01-04,169.05,176.65,169.05,175.95,53718
2013-01-07,176.65,178.75,168.00,173.80,2938
2013-01-08,169.80,176.40,169.80,176.25,4100
2013-01-09,175.95,176.95,172.05,175.00,2356
2013-01-10,170.05,176.00,170.05,175.50,16774
2013-01-11,173.00,178.00,173.00,177.00,7425
2013-01-14,174.05,185.85,174.05,183.50,10890
2013-01-15,176.55,191.00,176.55,190.00,18840
2013-01-16,182.00,194.40,182.00,190.00,35836
2013-01-17,182.10,192.00,182.10,188.00,7558
2013-01-18,189.00,191.50,188.00,190.45,3452
2013-01-21,184.70,187.85,184.70,186.00,6977
2013-01-22,184.70,186.25,184.70,185.35,3819
2013-01-23,184.70,188.00,183.00,183.00,8470
2013-01-24,177.10,186.00,177.10,183.50,10123
2013-01-25,176.60,186.00,176.60,184.75,9594
2013-01-28,176.90,185.50,176.90,182.00,3417
2013-01-29,177.40,182.90,175.00,181.00,3137
2013-01-30,174.95,182.15,174.95,179.00,3337
2013-01-31,174.95,182.00,174.95,182.00,4950
2013-02-01,176.10,180.00,175.00,179.60,6334
2013-02-04,174.95,180.00,174.95,176.00,1126
2013-02-05,174.95,179.75,171.00,176.00,5433
2013-02-06,174.95,179.85,170.00,176.15,7944
2013-02-07,168.50,177.00,168.10,175.00,25851
2013-02-08,177.00,177.80,170.00,174.90,7416
2013-02-11,170.90,172.95,167.50,170.00,10420
2013-02-12,170.95,174.85,165.00,173.00,18642
2013-02-13,174.95,174.95,170.00,170.05,3655
2013-02-14,173.00,173.75,165.30,170.00,4495
2013-02-15,164.05,170.35,164.05,170.00,12049
2013-02-18,172.00,174.00,167.00,171.80,3001
2013-02-19,172.15,173.95,167.20,169.90,2165
2013-02-20,170.50,170.50,167.15,170.30,6647
2013-02-21,173.00,176.70,168.00,175.00,15829
2013-02-22,180.00,180.00,171.00,179.70,5419
2013-02-25,170.10,181.00,170.10,178.95,5442
2013-02-26,172.00,178.00,172.00,173.00,5646
2013-02-27,168.20,181.50,168.20,181.50,12937
2013-02-28,181.95,182.50,174.00,177.95,4241
2013-03-01,175.00,182.50,175.00,182.50,23758
2013-03-04,181.00,185.00,176.90,185.00,21023
2013-03-05,186.50,189.45,184.00,189.45,27342
2013-03-06,196.00,198.35,191.00,198.35,29287
2013-03-07,208.05,216.00,200.00,213.60,17413
2013-03-08,210.00,221.00,210.00,219.90,34473
2013-03-11,219.10,226.20,215.00,215.00,31127
2013-03-12,214.00,218.95,211.10,216.40,48687
2013-03-13,207.00,220.00,207.00,215.70,28483
2013-03-14,211.20,219.75,211.20,215.35,32268
2013-03-15,220.00,220.00,212.10,214.00,18925
2013-03-18,208.05,215.95,208.05,213.50,15104
2013-03-19,209.00,214.95,209.00,210.20,14142
2013-03-20,208.00,212.90,204.90,205.90,34934
2013-03-21,209.00,214.00,202.10,208.45,23363
2013-03-22,207.00,211.90,202.40,203.50,27924
2013-03-25,210.50,210.50,200.00,207.05,47688
2013-03-26,195.00,209.90,195.00,205.80,2496
2013-03-28,214.60,214.60,196.00,200.00,8584
2013-04-01,208.90,208.90,200.00,203.50,4562
2013-04-02,203.00,206.90,197.45,203.90,7836
2013-04-03,207.00,207.95,198.75,202.90,13219
2013-04-04,198.00,204.55,198.00,200.00,38451
2013-04-05,199.00,204.00,199.00,202.00,12447
2013-04-08,195.00,212.00,195.00,199.35,2445
2013-04-09,200.00,201.00,199.00,199.95,4725
2013-04-10,198.95,204.90,198.00,198.00,5733
2013-04-11,207.90,207.90,199.00,199.00,4022
2013-04-12,190.50,200.00,190.50,198.35,2501
2013-04-15,198.00,201.00,198.00,199.15,5992
2013-04-16,198.05,214.40,198.05,210.00,57844
2013-04-17,210.10,221.20,210.10,218.85,33273
2013-04-18,219.00,220.00,217.25,218.95,2206
2013-04-22,229.90,229.90,216.25,226.15,27114
2013-04-23,211.10,234.95,211.10,231.00,18355
2013-04-25,229.00,234.20,226.00,229.05,30524
2013-04-26,238.90,238.90,228.10,232.00,2350
2013-04-29,229.95,233.90,225.00,225.05,7195
2013-04-30,225.00,230.00,222.00,227.95,12821
2013-05-02,220.00,232.00,220.00,227.90,13312
2013-05-03,224.00,228.00,224.00,227.00,20882
2013-05-06,225.00,229.70,225.00,228.00,10163
2013-05-07,228.00,232.95,227.05,231.95,12002
2013-05-08,231.00,239.90,227.05,230.05,18379
2013-05-09,234.00,236.95,230.10,232.10,11546
2013-05-10,230.00,234.90,230.00,233.50,14659
2013-05-13,235.05,236.95,225.35,231.50,5489
2013-05-14,226.15,235.50,226.15,232.00,2441
2013-05-15,234.95,235.90,231.00,233.80,8056
2013-05-16,231.00,233.90,230.10,232.00,1490
2013-05-17,226.10,232.95,226.10,231.00,2661
2013-05-20,225.00,233.00,225.00,230.00,18469
2013-05-21,229.75,236.00,229.00,230.00,8285
2013-05-22,229.00,235.00,229.00,229.95,3766
2013-05-23,229.75,233.85,221.40,227.40,40353
2013-05-24,245.00,245.00,225.00,228.00,187619
2013-05-27,219.75,230.00,219.75,229.00,9423
2013-05-28,224.00,236.60,224.00,229.00,17478
2013-05-29,230.00,231.30,226.05,228.00,24111
2013-05-30,225.50,227.75,222.65,222.65,2543
2013-05-31,225.05,233.00,218.30,221.85,10974
2013-06-03,214.00,225.00,202.00,216.05,5476
2013-06-04,203.00,222.40,203.00,215.00,4588
2013-06-05,217.00,217.90,214.00,214.00,34059
2013-06-06,213.55,216.50,212.15,212.30,14449
2013-06-07,213.50,219.95,210.80,217.00,12805
2013-06-10,218.00,222.00,215.00,219.50,22316
2013-06-11,225.75,225.75,214.00,218.00,6396
2013-06-12,216.10,217.00,214.05,216.50,8369
2013-06-13,217.00,217.00,207.70,211.00,6949
2013-06-14,212.00,212.00,208.70,209.05,7879
2013-06-17,209.00,212.10,208.55,209.00,541
2013-06-18,210.00,211.00,205.00,209.90,7333
2013-06-19,211.00,211.00,206.00,208.00,12357
2013-06-20,207.00,209.95,205.00,208.90,14192
2013-06-21,208.20,231.00,204.05,207.45,20644
2013-06-24,206.00,209.65,190.00,205.00,17221
2013-06-25,206.00,207.45,202.05,204.00,19037
2013-06-26,204.00,204.95,191.40,198.80,12216
2013-06-27,203.00,203.00,187.10,192.95,21563
2013-06-28,191.05,191.05,182.00,189.50,16516
2013-07-01,180.10,188.00,152.25,154.05,66066
2013-07-02,164.95,177.00,149.00,168.10,61949
2013-07-03,169.00,173.30,160.00,171.00,3782
2013-07-04,167.00,174.00,166.95,169.50,18801
2013-07-05,169.05,169.05,152.05,158.95,21017
2013-07-08,155.00,176.25,145.15,171.50,41253
2013-07-09,174.00,174.95,171.00,173.90,4930
2013-07-10,177.00,180.00,168.20,170.50,14075
2013-07-11,170.00,173.80,168.25,170.45,2967
2013-07-12,171.00,173.95,168.00,171.00,4888
2013-07-15,171.90,174.90,170.05,174.00,3145
2013-07-16,172.00,175.00,170.00,170.15,2129
2013-07-17,171.50,172.65,168.55,171.50,2017
2013-07-18,170.50,172.90,167.80,170.90,4863
2013-07-19,177.00,177.00,157.50,172.00,2157
2013-07-22,172.75,172.75,167.65,170.00,2807
2013-07-23,169.05,175.00,169.05,171.95,12593
2013-07-24,165.55,173.45,165.50,166.00,1214
2013-07-25,167.00,167.00,157.45,159.95,7626
2013-07-26,167.40,167.40,153.00,158.95,6533
2013-07-29,160.00,160.00,153.55,158.80,9240
2013-07-30,159.30,160.10,151.90,153.00,4843
2013-07-31,150.00,154.00,134.00,148.00,20012
2013-08-01,149.95,149.95,133.25,135.95,18197
2013-08-02,134.00,134.00,115.10,126.00,33983
2013-08-05,130.05,131.95,109.00,128.90,4354
2013-08-06,123.00,123.00,116.00,117.95,3209
2013-08-07,112.80,122.00,111.00,121.00,2779
2013-08-08,141.95,141.95,117.00,119.00,23136
2013-08-12,120.00,120.00,114.40,114.90,6625
2013-08-13,114.80,137.85,114.80,137.85,72899
2013-08-14,149.50,155.90,132.00,139.85,190830
2013-08-16,139.25,141.75,136.20,137.00,33936
2013-08-19,138.25,142.80,137.10,137.15,31070
2013-08-20,139.00,139.00,135.00,135.20,18471
2013-08-21,140.05,151.85,138.10,140.00,22491
2013-08-22,140.00,141.55,137.25,138.00,27000
2013-08-23,138.55,141.10,135.00,138.90,21654
2013-08-26,137.25,142.00,137.20,139.50,31599
2013-08-27,145.00,155.00,139.00,141.60,28791
2013-08-28,139.95,152.00,138.65,146.00,24714
2013-08-29,150.25,160.45,146.60,152.25,21115
2013-08-30,159.00,165.70,152.15,152.15,19626
2013-09-02,158.00,161.00,154.25,160.00,13251
2013-09-03,160.00,163.00,150.80,157.00,24431
2013-09-04,160.00,175.00,160.00,166.00,28124
2013-09-05,167.25,174.90,167.10,169.00,6059
2013-09-06,171.00,174.40,161.70,163.70,12115
2013-09-10,160.05,185.00,155.10,176.00,115649
2013-09-11,188.00,188.00,170.00,172.00,12726
2013-09-12,172.75,177.85,168.95,172.95,16179
2013-09-13,171.00,176.40,166.70,169.25,16264
2013-09-16,178.00,178.00,170.90,175.00,19788
2013-09-17,179.00,184.95,175.00,175.00,26509
2013-09-18,183.25,183.25,173.00,173.00,21412
2013-09-19,174.50,189.70,171.00,182.65,57131
2013-09-20,182.20,190.00,175.00,185.00,71958
2013-09-23,189.80,189.90,178.10,179.00,13335
2013-09-24,185.00,185.00,178.20,178.85,23115
2013-09-25,184.00,184.90,176.10,176.10,3020
2013-09-26,188.00,188.00,175.00,175.00,29102
2013-09-27,178.25,181.90,176.50,177.15,11794
2013-09-30,180.50,183.30,178.25,181.00,6673
2013-10-01,185.00,185.00,179.00,179.25,9950
2013-10-03,183.00,198.95,179.25,192.70,75013
2013-10-04,195.25,199.00,190.95,194.00,26629
2013-10-07,198.00,202.00,189.80,191.25,20266
2013-10-08,194.25,197.80,191.20,192.40,8525
2013-10-09,192.25,198.50,185.60,187.00,17807
2013-10-10,193.00,193.00,184.65,185.00,5114
2013-10-11,186.90,189.60,179.75,183.05,32250
2013-10-14,186.50,210.00,185.30,197.55,47658
2013-10-15,202.00,205.95,193.15,194.30,20378
2013-10-17,200.90,208.00,197.50,199.05,63080
2013-10-18,198.25,201.70,196.05,196.05,6346
2013-10-21,197.25,200.60,194.00,194.65,27299
2013-10-22,197.25,204.90,196.00,196.50,4805
2013-10-23,197.25,203.75,193.15,195.15,10986
2013-10-24,197.25,198.40,190.25,191.00,4682
2013-10-25,193.25,194.00,181.00,182.00,21320
2013-10-28,186.25,199.90,184.00,185.00,6837
2013-10-29,188.95,196.00,182.95,191.05,10390
2013-10-30,203.00,203.00,190.00,190.30,4269
2013-10-31,195.00,196.85,188.00,188.00,8236
2013-11-01,189.25,192.70,186.10,190.40,5287
2013-11-05,195.00,197.70,188.00,188.55,5151
2013-11-06,193.55,193.55,179.15,180.00,4831
2013-11-07,184.00,191.00,176.20,183.00,19424
2013-11-08,187.85,188.75,182.00,185.00,12427
2013-11-11,188.00,193.00,182.15,184.40,20959
2013-11-12,190.00,190.00,181.00,183.90,3393
2013-11-13,182.25,185.00,181.25,181.25,1615
2013-11-14,182.25,191.70,181.25,186.55,10426
2013-11-18,194.75,194.75,179.30,179.30,5341
2013-11-19,181.70,185.60,180.00,183.90,8318
2013-11-20,187.00,187.00,182.05,182.05,2505
2013-11-21,184.00,184.00,179.00,180.00,3810
2013-11-22,184.80,184.80,178.65,178.65,3166
2013-11-25,183.80,183.80,179.25,180.85,4433
2013-11-26,183.30,183.40,177.20,178.20,3216
2013-11-27,180.00,183.05,175.65,176.10,10863
2013-11-28,180.00,188.00,178.30,181.75,19747
2013-11-29,183.25,208.95,181.35,202.75,78591
2013-12-02,210.95,229.90,163.00,184.05,109457
2013-12-03,187.00,192.95,185.00,187.45,12729
2013-12-04,190.50,190.50,183.45,185.05,4406
2013-12-05,192.95,192.95,184.00,185.00,8397
2013-12-06,187.00,189.90,181.55,182.00,14703
2013-12-09,189.85,189.85,182.25,183.00,4756
2013-12-10,184.25,184.80,179.85,181.90,3902
2013-12-11,180.25,182.95,177.30,179.25,5375
2013-12-12,179.25,185.50,178.50,182.00,11959
2013-12-13,183.75,185.00,179.70,184.45,4858
2013-12-16,182.05,182.65,179.50,180.20,2282
2013-12-17,185.00,185.00,177.40,177.40,8375
2013-12-18,179.25,180.95,179.00,179.00,4121
2013-12-19,179.25,183.80,178.25,178.50,4610
2013-12-20,179.25,181.00,175.15,176.00,14446
2013-12-23,179.25,181.95,179.20,180.00,5538
2013-12-24,185.00,185.00,179.00,179.05,115663
2013-12-26,179.85,182.95,178.65,179.00,89157
2013-12-27,180.25,181.00,177.00,177.00,3729
2013-12-30,180.00,182.75,178.05,178.10,3858
2013-12-31,180.25,182.90,177.45,178.50,4442
2014-01-01,181.00,188.00,179.25,180.85,51897
2014-01-02,181.50,184.65,179.35,179.50,4925
2014-01-03,175.50,181.80,175.50,177.00,2674
2014-01-06,177.40,181.90,171.60,176.35,7978
2014-01-07,177.90,177.90,174.00,177.75,1439
2014-01-08,175.10,178.90,172.60,173.30,2761
2014-01-09,173.45,176.00,165.00,165.00,3548
2014-01-10,165.75,167.00,157.25,158.00,6354
2014-01-13,158.00,170.05,158.00,168.00,6993
2014-01-14,166.25,174.75,166.25,173.80,4266
2014-01-15,172.15,178.20,172.00,176.00,5186
2014-01-16,178.95,178.95,172.55,176.40,2750
2014-01-17,177.90,181.75,174.25,179.00,3504
2014-01-20,180.00,180.00,172.80,174.00,1604
2014-01-21,174.20,177.95,165.00,165.20,8836
2014-01-22,166.60,171.00,166.60,169.00,4331
2014-01-23,169.30,177.70,167.00,168.35,4960
2014-01-24,167.75,170.00,157.00,160.00,6262
2014-01-27,161.00,161.95,152.15,156.90,2240
2014-01-28,156.75,166.95,148.20,155.00,10251
2014-01-29,164.50,169.90,150.30,150.35,1590
2014-01-30,150.00,158.80,146.00,154.85,15552
2014-01-31,159.90,184.00,155.30,168.00,18527
2014-02-03,172.00,177.00,160.25,164.75,8472
2014-02-04,164.50,164.50,159.20,160.55,4430
2014-02-05,162.50,171.05,154.00,166.65,15666
2014-02-06,170.00,174.40,163.05,166.90,6934
2014-02-07,165.05,169.50,160.50,160.55,5699
2014-02-10,163.60,163.60,156.50,158.00,1701
2014-02-11,162.45,162.95,156.95,156.95,572
2014-02-12,157.55,164.15,156.10,158.25,961
2014-02-13,157.55,163.95,156.75,160.55,5323
2014-02-14,160.55,163.85,153.80,155.85,5628
2014-02-17,157.00,160.60,155.00,160.05,6618
2014-02-18,158.00,162.00,153.15,160.80,6025
2014-02-19,160.00,162.00,156.10,161.50,5493
2014-02-20,162.95,163.00,159.20,161.75,8496
2014-02-21,160.80,163.85,160.00,162.00,2582
2014-02-24,161.00,177.00,161.00,172.75,7674
2014-02-25,178.45,188.35,173.00,182.60,11956
2014-02-26,189.70,189.70,182.15,183.95,8588
2014-02-28,188.00,188.00,181.00,182.70,6810
2014-03-03,186.90,192.00,177.50,188.30,21161
2014-03-04,188.50,190.10,186.25,187.95,12036
2014-03-05,196.00,196.00,189.25,191.15,19876
2014-03-06,193.00,194.00,190.00,193.40,11238
2014-03-07,192.00,200.00,190.00,196.25,43720
2014-03-10,193.15,198.75,191.85,198.35,10768
2014-03-11,198.00,208.95,198.00,205.00,36810
2014-03-12,205.25,210.00,204.30,205.80,13728
2014-03-13,208.00,208.75,200.10,200.15,9145
2014-03-14,203.00,207.70,199.50,205.10,12442
2014-03-18,204.75,204.90,199.90,200.70,16157
2014-03-19,204.00,214.00,201.25,209.85,58495
2014-03-20,210.20,211.85,205.40,206.50,10203
2014-03-21,208.60,214.90,205.35,213.55,34737
2014-03-24,225.00,225.00,210.30,214.45,13941
2014-03-25,212.35,212.50,205.05,209.75,8589
2014-03-26,208.00,209.90,203.60,205.30,11295
2014-03-27,205.50,208.80,204.40,205.25,6346
2014-03-28,208.50,208.50,202.00,204.60,14460
2014-03-31,206.00,209.95,202.20,203.40,10877
2014-04-01,205.00,208.80,203.20,204.00,251168
2014-04-02,203.25,210.90,203.25,208.45,16577
2014-04-03,209.95,212.80,206.05,208.45,22093
2014-04-04,212.00,220.00,207.20,218.50,53315
2014-04-07,217.00,218.50,213.50,215.60,52465
2014-04-09,219.00,233.95,215.65,224.30,31183
2014-04-10,225.00,230.40,223.10,225.70,18577
2014-04-11,226.00,227.00,224.35,225.10,14809
2014-04-15,227.00,229.40,224.15,224.85,10637
2014-04-16,226.10,227.50,221.15,222.10,11641
2014-04-17,221.10,229.00,220.40,227.95,19862
2014-04-21,228.00,237.00,223.25,226.10,24779
2014-04-22,229.00,231.90,225.35,230.25,23188
2014-04-23,231.00,236.70,227.50,234.25,30601
2014-04-25,236.00,238.85,232.10,237.35,15161
2014-04-28,235.50,238.00,232.90,233.95,10931
2014-04-29,234.00,235.95,229.95,233.15,11606
2014-04-30,238.40,238.40,232.00,232.80,16290
2014-05-02,238.95,241.90,232.25,237.90,15317
2014-05-05,241.00,244.85,236.15,243.90,14512
2014-05-06,244.65,244.80,240.00,242.90,38418
2014-05-07,244.65,247.50,240.40,243.15,11250
2014-05-08,249.00,249.00,235.35,242.05,16264
2014-05-09,240.25,254.80,240.25,250.95,52814
2014-05-12,246.00,258.00,242.00,245.95,10196
2014-05-13,250.00,254.70,245.00,246.30,13717
2014-05-14,252.60,253.85,245.00,246.15,13285
2014-05-15,247.00,250.00,241.00,245.60,12027
2014-05-16,249.00,251.80,224.95,244.70,16827
2014-05-19,250.00,250.00,242.05,249.40,43771
2014-05-20,250.00,258.00,245.55,251.55,18104
2014-05-21,249.30,260.00,249.30,251.70,16065
2014-05-22,260.00,264.95,248.00,259.30,35236
2014-05-23,265.50,268.90,258.50,267.40,24334
2014-05-26,268.00,268.75,265.00,266.10,12783
2014-05-27,268.00,273.00,263.50,270.05,32083
2014-05-28,279.40,279.40,273.00,275.55,16552
2014-05-29,280.90,280.90,271.50,274.80,13531
2014-05-30,275.75,279.90,265.20,269.35,11373
2014-06-02,273.00,273.00,266.55,270.35,11853
2014-06-03,271.50,278.50,267.10,271.20,18744
2014-06-04,274.95,277.50,267.25,272.10,13617
2014-06-05,275.20,308.00,274.00,297.90,38928
2014-06-06,300.05,303.40,295.00,297.00,11815
2014-06-09,303.50,306.00,291.50,301.35,45400
2014-06-10,305.00,305.00,286.00,297.55,11022
2014-06-11,297.25,298.95,289.95,293.55,12868
2014-06-12,294.40,316.90,292.00,314.05,34856
2014-06-13,326.00,344.00,306.20,310.05,40532
2014-06-16,305.00,318.60,305.00,312.10,13139
2014-06-17,315.00,318.75,311.00,316.30,114584
2014-06-18,325.00,335.00,312.10,325.65,18475
2014-06-19,329.95,358.70,326.25,332.65,55895
2014-06-20,333.50,345.00,330.00,339.55,19862
2014-06-23,340.25,348.80,336.05,347.65,38931
2014-06-24,348.00,370.00,348.00,365.05,57557
2014-06-25,370.00,374.00,350.00,356.35,17600
2014-06-26,356.05,359.95,352.00,358.85,18240
2014-06-27,359.95,365.75,356.05,359.45,13201
2014-06-30,363.25,363.35,355.00,358.45,37861
2014-07-01,360.05,364.00,355.40,357.95,15861
2014-07-02,360.40,361.05,346.75,351.90,16801
2014-07-03,350.40,357.70,345.05,347.45,10071
2014-07-04,350.50,352.85,340.00,349.40,15038
2014-07-07,347.10,357.90,345.25,348.95,16546
2014-07-08,348.00,352.00,343.25,347.90,14805
2014-07-09,345.60,360.00,342.95,353.65,17633
2014-07-10,354.00,357.30,315.00,352.30,16003
2014-07-11,354.50,359.90,334.15,342.50,12986
2014-07-14,340.30,342.05,335.00,337.85,10998
2014-07-15,342.05,349.00,336.00,341.90,30730
2014-07-16,350.00,350.00,335.20,339.95,10814
2014-07-17,342.00,355.00,340.00,352.05,22325
2014-07-18,352.25,357.90,350.00,350.35,21698
2014-07-21,370.00,370.00,350.15,352.25,11171
2014-07-22,350.30,356.75,350.30,354.05,14057
2014-07-23,360.00,378.00,350.00,350.75,25770
2014-07-24,352.25,355.00,341.05,349.50,57537
2014-07-25,346.05,353.85,330.10,340.15,31720
2014-07-28,356.15,356.15,335.00,338.10,11197
2014-07-30,338.95,339.25,325.20,328.70,10575
2014-07-31,330.00,339.00,326.10,335.45,13856
2014-08-01,348.75,348.75,331.00,332.90,10470
2014-08-04,344.90,344.90,326.05,331.55,12670
2014-08-05,330.40,348.75,330.40,345.75,13385
2014-08-06,342.00,349.75,332.50,341.95,11695
2014-08-07,347.15,347.15,325.00,341.00,11061
2014-08-08,336.00,351.00,336.00,348.90,71601
2014-08-11,348.80,354.00,346.00,350.10,24866
2014-08-12,349.00,354.25,345.25,347.60,19954
2014-08-13,345.00,352.75,340.25,343.85,15993
2014-08-14,340.25,346.95,319.35,336.10,12929
2014-08-18,335.25,345.85,335.25,337.30,17386
2014-08-19,335.25,348.00,335.25,341.20,17254
2014-08-20,340.25,360.00,340.10,355.50,33988
2014-08-21,350.00,359.95,348.00,353.80,25929
2014-08-22,353.75,365.90,352.00,357.00,87542
2014-08-25,366.70,366.70,351.15,361.55,17131
2014-08-26,361.50,367.70,346.40,361.30,13259
2014-08-27,355.00,368.00,353.15,359.20,20346
2014-08-28,355.00,361.45,342.15,352.25,16058
2014-09-01,352.30,361.90,352.30,360.00,12673
2014-09-02,355.00,364.90,353.50,357.85,13349
2014-09-03,360.00,364.90,355.10,357.40,10612
2014-09-04,353.00,369.50,350.25,354.05,13259
2014-09-05,352.25,361.00,352.25,356.90,33378
2014-09-08,356.10,364.00,351.05,359.10,29384
2014-09-09,365.00,384.30,352.40,375.95,41401
2014-09-10,370.00,384.00,368.65,373.25,38792
2014-09-11,371.00,375.00,363.10,369.15,10958
2014-09-12,365.00,387.50,365.00,372.00,18291
2014-09-15,370.90,378.80,368.00,372.40,11171
2014-09-16,370.15,374.60,352.20,356.05,13843
2014-09-17,353.05,372.90,351.25,355.25,14153
2014-09-18,353.00,362.00,352.00,358.95,11930
2014-09-19,352.10,366.00,352.10,365.15,17787
2014-09-22,362.00,369.00,353.10,361.55,22175
2014-09-23,356.00,372.75,354.95,361.50,52280
2014-09-24,356.00,378.00,356.00,373.90,26881
2014-09-25,370.00,375.65,360.10,367.65,23722
2014-09-26,364.00,371.80,360.00,364.25,13611
2014-09-29,360.65,377.10,359.30,373.10,16923
2014-09-30,365.00,379.85,365.00,375.20,11267
2014-10-01,373.00,392.00,373.00,380.70,76895
2014-10-07,376.00,403.00,376.00,395.50,49094
2014-10-08,391.00,396.55,390.05,392.70,12651
2014-10-09,392.75,395.85,385.25,389.05,14867
2014-10-10,385.00,392.65,379.20,380.10,15934
2014-10-13,375.00,404.00,366.75,392.95,19458
2014-10-14,392.00,402.00,378.00,388.20,22698
2014-10-16,388.20,389.85,366.95,376.30,24280
2014-10-17,375.45,380.00,367.95,369.50,11313
2014-10-20,370.25,387.95,370.00,370.90,10803
2014-10-21,369.00,375.00,368.40,369.00,11556
2014-10-22,370.25,374.95,369.70,370.05,11405
2014-10-23,371.25,393.50,365.20,372.05,10746
2014-10-27,367.10,375.95,365.25,367.90,10821
2014-10-28,365.00,373.65,364.20,365.70,15015
2014-10-29,370.00,374.05,365.30,371.00,11717
2014-10-30,367.60,378.00,367.60,377.00,14461
2014-10-31,376.50,382.00,370.10,380.30,26142
2014-11-03,386.70,391.00,375.50,377.30,10984
2014-11-05,377.25,390.00,371.95,380.75,11306
2014-11-07,380.05,389.00,375.50,378.70,11753
2014-11-10,378.00,396.60,378.00,393.95,29876
2014-11-11,394.00,405.00,380.30,392.60,37373
2014-11-12,388.05,404.00,386.80,394.00,15041
2014-11-13,403.95,403.95,385.50,387.45,25925
2014-11-14,383.65,398.90,381.25,386.95,11677
2014-11-17,381.00,395.90,378.10,386.35,20258
2014-11-18,386.25,400.00,383.00,399.60,71665
2014-11-19,399.55,407.00,393.10,402.70,366376
2014-11-20,408.00,417.00,405.00,411.75,27330
2014-11-21,409.50,415.00,405.00,411.35,127788
2014-11-24,419.10,445.00,412.00,416.80,19073
2014-11-25,412.00,417.95,407.95,413.15,11829
2014-11-26,410.00,418.70,407.95,412.20,19648
2014-11-27,410.10,417.50,403.00,412.15,29536
2014-11-28,417.35,417.40,409.95,412.25,21417
2014-12-01,375.00,415.00,375.00,410.00,18139
2014-12-02,410.05,419.55,409.95,410.85,12363
2014-12-03,409.00,415.00,409.00,410.40,12402
2014-12-04,410.00,415.90,410.00,410.65,11090
2014-12-05,412.00,417.30,403.00,415.15,13858
2014-12-08,416.95,417.90,412.00,412.05,19040
2014-12-09,412.00,421.85,410.00,412.05,17456
2014-12-10,412.00,415.05,412.00,413.25,12984
2014-12-11,412.00,414.80,411.00,412.00,24175
2014-12-12,414.00,414.00,411.85,412.00,28483
2014-12-15,410.00,418.00,390.15,410.15,26960
2014-12-16,400.50,413.50,396.95,404.35,31933
2014-12-17,406.95,410.05,399.35,406.10,30595
2014-12-18,423.95,423.95,405.00,410.20,26993
2014-12-19,410.05,412.70,402.00,403.00,21334
2014-12-22,402.15,412.50,401.00,405.50,27777
2014-12-23,406.00,409.00,400.40,404.95,26190
2014-12-24,404.50,408.75,391.30,396.70,29880
2014-12-26,396.50,409.00,386.00,397.70,115947
2014-12-29,400.00,407.90,399.00,401.55,24314
2014-12-30,399.00,408.90,399.00,403.70,36839
2014-12-31,401.00,406.85,397.50,401.65,19026
2015-01-01,399.00,405.00,399.00,401.95,18666
2015-01-02,400.00,406.45,400.00,404.80,25393
2015-01-05,405.00,419.15,402.05,411.75,31332
2015-01-06,409.00,419.95,401.25,410.00,17771
2015-01-07,414.05,414.10,405.00,410.35,26477
2015-01-08,415.00,417.00,407.75,410.05,68959
2015-01-09,412.00,415.90,410.05,412.00,47925
2015-01-12,412.00,423.90,412.00,413.35,18930
2015-01-13,420.00,420.00,412.10,413.95,10353
2015-01-14,412.15,416.80,412.00,413.20,20696
2015-01-15,412.50,415.00,406.60,408.05,11535
2015-01-16,405.00,413.70,402.65,409.25,11885
2015-01-19,405.00,413.05,405.00,407.60,12530
2015-01-20,404.00,414.60,404.00,407.60,13756
2015-01-21,404.50,418.90,397.00,406.95,29247
2015-01-22,411.00,417.00,399.90,406.85,10925
2015-01-23,404.00,414.00,402.55,406.25,22040
2015-01-27,404.30,414.80,404.30,412.45,32024
2015-01-28,408.00,413.90,404.00,408.25,34615
2015-01-29,405.00,413.90,404.00,409.60,23981
2015-01-30,405.00,410.10,403.00,406.95,27483
2015-02-02,407.00,419.00,400.20,411.75,12019
2015-02-03,412.75,419.00,407.05,410.65,9262
2015-02-04,410.00,415.90,407.35,408.50,1275
2015-02-05,405.00,419.00,405.00,407.90,9559
2015-02-06,405.00,415.00,401.00,410.25,7411
2015-02-09,403.00,415.00,401.00,408.20,2118
2015-02-10,405.00,413.00,401.00,402.15,2099
2015-02-11,406.95,406.95,400.10,402.00,1067
2015-02-12,400.00,409.90,400.00,403.15,1990
2015-02-13,400.00,410.00,395.40,404.05,2558
2015-02-16,405.00,405.00,381.00,394.95,3828
2015-02-18,397.00,410.00,386.50,405.95,1857
2015-02-19,401.00,424.00,401.00,413.20,13981
2015-02-20,428.80,428.80,413.95,417.20,7039
2015-02-23,416.00,420.05,412.00,418.55,16298
2015-02-24,412.00,418.30,412.00,415.10,2058
2015-02-25,412.00,421.00,412.00,415.70,3665
2015-02-26,412.00,420.00,402.60,409.00,6789
2015-02-27,405.00,418.45,402.15,405.45,11290
2015-02-28,416.75,416.80,405.00,409.80,18640
2015-03-02,412.95,412.95,408.20,411.65,3154
2015-03-03,409.70,414.45,408.20,412.30,7710
2015-03-04,415.00,484.40,415.00,418.85,4805
2015-03-05,415.00,450.05,415.00,436.15,24411
2015-03-09,462.00,462.00,418.00,436.05,7571
2015-03-10,433.00,433.00,416.95,427.00,5518
2015-03-11,422.00,429.90,416.15,423.30,11732
2015-03-12,421.75,429.45,418.00,428.10,3147
2015-03-13,426.00,431.45,413.00,420.70,22583
2015-03-16,415.05,428.20,410.00,413.10,8376
2015-03-17,410.00,416.00,405.00,413.95,1779
2015-03-18,410.00,424.50,402.25,407.85,10604
2015-03-19,417.00,417.00,408.00,410.10,10504
2015-03-20,408.00,418.00,406.00,407.70,6168
2015-03-23,390.00,413.90,390.00,401.55,9444
2015-03-24,398.00,403.75,393.00,401.30,10949
2015-03-25,400.00,408.95,400.00,404.15,4053
2015-03-26,405.00,445.00,400.00,403.85,1695
2015-03-27,391.00,405.00,391.00,400.00,2001
2015-03-30,398.30,407.95,398.00,399.85,775
2015-03-31,393.00,420.00,393.00,417.45,3274
2015-04-01,401.30,422.00,401.30,419.35,2335
2015-04-06,433.90,433.90,417.00,422.75,1709
2015-04-07,417.00,427.05,417.00,424.95,891
2015-04-08,411.00,428.00,411.00,424.60,2188
2015-04-09,424.50,438.90,424.50,432.00,4741
2015-04-10,415.00,440.00,415.00,426.30,3443
2015-04-13,426.25,445.00,421.30,440.30,3315
2015-04-15,438.00,445.70,425.60,435.10,4330
2015-04-16,422.00,440.00,418.05,423.40,28612
2015-04-17,417.00,434.00,417.00,430.75,1081
2015-04-20,416.00,435.00,416.00,430.45,523
2015-04-21,421.00,440.00,420.00,423.50,2741
2015-04-22,417.00,430.00,417.00,419.45,10752
2015-04-23,406.10,425.10,406.10,423.05,2061
2015-04-24,420.00,425.00,419.00,419.00,7554
2015-04-27,415.05,420.10,410.20,412.60,919
2015-04-28,411.55,419.90,410.00,412.75,953
2015-04-29,409.00,416.50,406.00,410.95,815
2015-04-30,401.00,412.00,401.00,407.35,146
2015-05-04,407.35,417.80,401.25,404.50,2025
2015-05-05,405.00,414.95,402.00,402.30,20498
2015-05-06,412.00,412.00,400.00,404.80,13208
2015-05-07,401.00,407.85,380.00,398.55,10282
2015-05-08,395.00,410.00,395.00,408.80,18396
2015-05-11,404.00,418.90,400.00,404.40,10195
2015-05-12,401.50,414.00,401.50,409.25,10340
2015-05-13,419.90,449.90,402.10,410.05,10738
2015-05-14,407.00,419.90,403.00,419.15,12934
2015-05-15,416.00,428.00,415.00,415.20,10397
2015-05-18,415.00,424.00,410.30,418.40,14903
2015-05-19,414.00,420.00,412.25,415.00,10740
2015-05-20,411.00,420.00,410.10,419.15,20845
2015-05-21,412.00,419.90,412.00,418.05,10204
2015-05-22,415.50,425.00,415.50,420.30,23962
2015-05-25,406.00,468.80,406.00,458.75,32699
2015-05-26,469.00,472.75,450.00,464.35,30166
2015-05-27,456.50,465.00,440.00,457.05,15943
2015-05-28,452.05,467.15,451.00,457.65,11598
2015-05-29,450.00,455.00,448.00,452.65,13708
2015-06-01,446.00,488.25,440.00,469.95,65623
2015-06-02,465.75,476.90,465.15,466.85,13241
2015-06-03,441.00,478.85,441.00,460.80,16673
2015-06-04,469.95,471.75,451.20,468.90,17260
2015-06-05,479.95,479.95,456.20,464.15,19192
2015-06-08,499.90,499.90,450.10,457.70,13430
2015-06-09,451.00,463.90,450.05,454.15,15835
2015-06-10,451.00,469.90,450.00,464.85,14679
2015-06-11,465.00,468.00,452.05,461.95,25257
2015-06-12,458.00,462.90,442.15,447.30,14129
2015-06-15,442.00,458.85,426.15,449.00,14226
2015-06-16,442.00,469.90,442.00,462.70,38893
2015-06-17,460.00,469.00,451.60,457.20,12867
2015-06-18,455.20,460.00,451.00,454.70,12698
2015-06-19,454.00,463.00,444.95,455.90,32921
2015-06-22,455.90,459.90,450.00,451.00,25211
2015-06-23,448.80,454.85,444.00,452.60,19693
2015-06-24,449.05,458.55,449.00,451.30,15733
2015-06-25,450.05,456.90,443.10,444.70,15662
2015-06-26,445.05,500.05,445.05,471.20,51955
2015-06-29,465.05,467.50,456.50,459.80,19476
2015-06-30,458.00,509.45,458.00,502.10,106148
2015-07-01,504.00,522.05,496.50,506.85,53345
2015-07-02,514.70,522.15,502.00,507.50,27501
2015-07-03,503.00,537.85,503.00,532.30,68725
2015-07-06,518.25,529.10,512.15,520.85,27748
2015-07-07,520.85,539.90,516.05,525.05,57141
2015-07-08,521.00,530.05,515.15,523.70,20476
2015-07-09,529.00,530.40,520.10,525.60,12597
2015-07-10,535.15,536.00,516.00,523.20,13354
2015-07-13,523.20,548.95,517.50,534.75,83290
2015-07-14,526.30,536.70,526.30,532.80,23328
2015-07-15,530.00,547.95,530.00,541.95,21251
2015-07-16,538.00,549.00,538.00,541.35,38061
2015-07-17,545.50,545.50,537.50,539.45,15387
2015-07-20,549.85,558.00,544.50,549.45,41176
2015-07-21,557.00,557.70,537.00,540.30,16149
2015-07-22,534.00,553.00,531.05,550.65,14732
2015-07-23,550.50,554.95,542.00,548.05,14860
2015-07-24,549.00,554.95,540.00,545.40,24143
2015-07-27,554.00,555.00,532.00,549.80,14693
2015-07-28,541.15,554.80,540.50,544.85,29000
2015-07-29,541.00,548.90,535.05,539.80,11446
2015-07-30,535.00,544.75,521.10,528.40,23731
2015-07-31,538.95,544.70,528.05,539.30,14795
2015-08-03,536.50,550.05,536.00,546.20,16308
2015-08-04,549.00,569.95,540.05,566.35,24980
2015-08-05,566.00,584.00,551.50,580.00,33802
2015-08-06,575.00,588.90,570.05,581.20,20486
2015-08-07,589.90,595.00,571.05,590.00,29322
2015-08-10,581.00,596.00,572.30,589.15,30702
2015-08-11,597.90,597.90,582.50,585.95,14050
2015-08-12,583.00,588.00,572.00,574.25,12574
2015-08-13,580.00,594.90,550.40,566.15,16565
2015-08-14,567.00,575.80,560.20,564.35,17021
2015-08-17,570.05,589.90,550.00,582.30,36409
2015-08-18,573.00,591.50,570.00,573.55,16482
2015-08-19,579.50,579.50,569.00,574.65,10846
2015-08-20,579.00,579.00,552.00,558.20,16803
2015-08-21,555.00,564.80,540.05,559.30,17703
2015-08-24,539.00,539.00,480.00,496.50,24982
2015-08-25,490.00,523.90,450.00,501.65,23982
2015-08-26,500.00,510.00,480.05,498.10,14962
2015-08-27,500.00,519.00,495.00,503.85,14831
2015-08-28,506.00,511.45,494.00,498.95,23421
2015-08-31,491.00,509.35,486.15,502.35,16199
2015-09-01,511.00,511.00,485.00,493.05,17030
2015-09-02,529.90,529.90,480.15,483.65,16968
2015-09-03,485.00,499.90,480.10,488.00,24302
2015-09-04,488.00,492.70,462.00,476.85,20764
2015-09-07,470.20,487.00,452.75,469.30,15034
2015-09-08,475.00,500.00,452.25,483.30,22888
2015-09-09,483.30,525.00,471.60,502.75,25171
2015-09-10,495.00,509.90,480.20,485.25,23272
2015-09-11,487.25,497.95,481.05,487.60,13798
2015-09-14,488.00,494.00,475.50,481.65,12893
2015-09-15,482.00,497.00,470.20,476.75,14669
2015-09-16,473.00,483.70,464.10,468.70,13731
2015-09-18,470.00,477.55,464.10,466.20,10818
2015-09-21,475.00,477.00,462.00,472.50,11968
2015-09-22,476.00,479.50,459.10,463.25,13115
2015-09-23,466.00,473.35,456.50,461.15,17206
2015-09-24,465.00,479.00,457.15,472.90,17015
2015-09-28,489.05,509.00,466.00,499.05,14147
2015-09-29,499.00,509.00,480.05,502.25,29050
2015-09-30,506.00,543.00,502.55,535.25,27035
2015-10-01,540.00,545.00,527.10,531.15,33426
2015-10-05,531.00,583.95,531.00,578.80,43599
2015-10-06,572.30,590.00,570.00,578.75,42552
2015-10-07,585.00,610.00,580.00,601.10,54421
2015-10-08,603.00,627.90,599.80,618.05,40800
2015-10-09,623.00,638.95,615.25,625.85,26083
2015-10-12,621.00,628.20,605.25,613.95,29889
2015-10-13,619.75,619.75,584.00,591.40,9732
2015-10-14,592.50,601.75,587.10,594.85,14731
2015-10-15,594.50,595.95,580.00,588.55,19751
2015-10-16,585.00,591.80,565.10,576.35,24409
2015-10-19,585.00,599.00,571.00,594.60,32787
2015-10-20,596.00,608.85,592.15,599.10,17653
2015-10-21,600.00,604.80,595.10,596.45,10868
2015-10-23,603.95,610.00,592.55,604.85,20497
2015-10-26,600.00,608.90,572.35,581.60,13857
2015-10-27,579.95,598.00,572.30,579.55,48902
2015-10-28,581.10,584.50,552.30,569.00,17510
2015-10-29,570.50,570.90,555.00,563.20,21773
2015-10-30,565.00,578.65,552.50,555.90,21640
2015-11-02,552.25,569.40,550.75,556.35,17293
2015-11-03,555.50,568.00,545.20,559.35,27013
2015-11-04,560.50,566.40,546.00,549.55,13435
2015-11-05,549.00,553.90,539.75,550.70,16301
2015-11-06,550.00,579.00,541.30,569.05,21383
2015-11-09,567.00,574.00,555.65,567.05,11065
2015-11-10,580.00,580.00,553.00,557.80,12238
2015-11-11,567.00,574.00,562.00,569.10,7638
2015-11-13,570.00,574.85,555.00,558.35,10801
2015-11-16,564.00,600.00,552.80,596.55,42371
2015-11-17,610.00,612.80,574.05,586.50,14639
2015-11-18,598.50,598.65,570.00,574.85,11657
2015-11-19,587.00,587.00,569.80,570.75,14108
2015-11-20,572.00,581.00,568.00,569.60,10730
2015-11-23,575.00,582.00,536.95,572.75,13243
2015-11-24,572.00,594.95,550.00,572.85,28956
2015-11-26,579.90,590.00,565.05,573.00,13404
2015-11-27,580.00,581.90,560.05,564.85,18625
2015-11-30,565.00,569.00,558.00,561.80,16399
2015-12-01,561.75,580.00,560.55,566.75,11233
2015-12-02,570.50,585.00,560.75,579.95,14764
2015-12-03,579.00,580.60,560.00,568.15,10541
2015-12-04,570.00,570.00,550.25,553.75,10642
2015-12-07,569.00,571.00,555.00,556.25,10805
2015-12-08,562.00,562.50,540.00,545.25,11306
2015-12-09,545.00,559.85,530.00,546.35,14631
2015-12-10,542.20,555.90,540.00,550.60,12858
2015-12-11,550.00,553.90,530.00,535.10,12553
2015-12-14,535.00,548.00,525.00,529.85,11415
2015-12-15,521.00,549.90,521.00,546.60,17029
2015-12-16,547.00,559.75,527.00,528.75,12958
2015-12-17,539.95,540.00,521.95,530.80,11589
2015-12-18,531.00,538.00,517.00,532.95,18342
2015-12-21,530.35,545.00,525.10,532.55,10866
2015-12-22,537.00,544.75,525.50,531.70,10942
2015-12-23,532.00,539.35,520.00,522.45,10972
2015-12-24,531.00,535.95,510.00,519.70,10532
2015-12-28,530.00,530.00,506.15,511.40,11202
2015-12-29,519.90,535.00,510.10,519.05,12315
2015-12-30,519.00,528.90,515.15,522.35,12470
2015-12-31,525.00,534.00,515.20,521.15,18628
2016-01-01,521.00,532.00,519.00,520.80,10189
2016-01-04,527.00,545.00,510.00,533.90,14073
2016-01-05,530.00,550.00,529.00,539.55,16344
2016-01-06,554.00,554.00,520.10,540.15,12688
2016-01-07,545.00,545.00,508.00,519.95,12253
2016-01-08,520.50,527.80,510.35,522.40,12155
2016-01-11,520.00,533.00,507.00,523.05,14391
2016-01-12,521.95,524.00,505.00,514.65,12138
2016-01-13,517.05,537.00,481.25,534.15,23157
2016-01-14,520.05,549.00,515.00,544.15,22106
2016-01-15,555.00,555.00,515.00,521.40,10975
2016-01-18,438.95,509.00,438.95,483.35,15520
2016-01-19,490.00,529.00,470.05,513.15,40532
2016-01-20,512.00,512.00,463.55,494.70,29992
2016-01-21,494.00,504.95,480.55,494.30,14849
2016-01-22,493.05,539.00,493.00,524.75,20718
2016-01-25,526.95,529.95,511.10,518.20,10921
2016-01-27,518.05,530.00,505.50,524.30,10556
2016-01-28,525.05,545.00,509.00,535.25,18537
2016-01-29,535.05,564.90,525.55,551.60,21231
2016-02-01,551.50,562.00,531.00,559.70,17704
2016-02-02,559.70,567.65,541.10,552.50,11630
2016-02-03,552.60,553.95,532.00,535.90,10380
2016-02-04,545.00,554.00,510.25,521.65,15388
2016-02-05,522.20,531.95,506.15,511.00,12134
2016-02-08,512.00,517.90,492.30,496.45,12220
2016-02-09,500.00,502.75,485.00,491.45,12022
2016-02-10,492.00,504.00,481.35,494.45,12806
2016-02-11,493.95,497.05,471.00,483.80,20732
2016-02-12,485.00,504.00,476.00,493.85,14714
2016-02-15,494.00,533.90,480.35,527.20,20528
2016-02-16,517.10,523.90,486.65,503.70,13613
2016-02-17,494.95,501.50,470.00,475.60,12575
2016-02-18,485.00,486.95,463.95,473.45,10836
2016-02-19,472.00,495.00,459.00,487.90,16305
2016-02-22,488.00,508.90,482.00,500.20,12301
2016-02-23,501.00,502.50,480.00,490.70,11845
2016-02-24,492.00,496.00,476.90,478.05,11444
2016-02-25,476.00,487.60,461.00,470.05,19115
2016-02-26,472.00,484.95,466.00,477.50,14519
2016-02-29,480.00,487.50,460.00,466.90,12967
2016-03-01,467.00,476.65,460.25,462.40,15337
2016-03-02,465.50,474.00,460.00,465.20,13564
2016-03-03,465.95,479.95,458.05,474.15,25230
2016-03-04,473.00,477.00,463.30,466.60,14671
2016-03-08,466.00,470.00,458.05,460.50,14204
2016-03-09,464.95,468.00,453.00,463.70,13806
2016-03-10,469.70,469.70,444.10,450.60,3043
2016-03-11,446.55,452.00,433.00,440.35,2375
2016-03-14,441.05,447.70,436.15,440.20,14950
2016-03-15,438.00,447.95,424.50,440.55,8553
2016-03-16,450.00,488.80,433.25,459.90,29346
2016-03-17,465.00,494.90,460.00,486.75,17641
2016-03-18,494.00,494.50,471.55,475.40,5599
2016-03-21,472.05,485.00,455.60,465.65,8609
2016-03-22,468.00,483.90,457.65,475.30,11325
2016-03-23,472.05,476.75,465.00,471.55,6837
2016-03-28,471.00,471.00,446.95,459.15,3637
2016-03-29,460.05,460.05,446.00,450.20,19466
2016-03-30,460.05,461.95,445.15,449.55,3249
2016-03-31,453.00,459.00,450.70,456.50,1843
2016-04-01,457.00,475.00,448.10,457.55,736
2016-04-04,469.50,469.50,444.70,453.85,2228
2016-04-05,464.40,464.40,448.00,452.65,701
2016-04-06,459.20,459.20,446.20,449.90,634
2016-04-07,449.90,469.50,445.00,463.45,8969
2016-04-08,491.30,491.30,451.50,459.45,5257
2016-04-11,461.00,475.00,455.10,463.30,7742
2016-04-12,464.00,470.40,460.00,463.60,14931
2016-04-13,474.95,474.95,445.45,450.70,13102
2016-04-18,449.00,461.00,449.00,460.00,6347
2016-04-20,460.10,472.85,454.15,457.35,7034
2016-04-21,455.00,466.00,454.05,460.95,8989
2016-04-22,460.50,466.15,450.05,465.70,7365
2016-04-25,465.70,475.00,460.00,468.85,7271
2016-04-26,471.25,489.75,471.25,483.55,19866
2016-04-27,485.00,501.70,484.00,500.10,9399
2016-04-28,501.00,529.00,493.00,520.80,12926
2016-04-29,535.00,544.70,516.00,538.85,12459
2016-05-02,541.00,548.75,522.70,546.65,14278
2016-05-03,536.00,568.90,531.00,533.20,12130
2016-05-04,534.00,544.00,532.00,539.85,15048
2016-05-05,527.00,544.85,512.90,537.55,8302
2016-05-06,538.00,545.00,531.05,539.85,15447
2016-05-09,539.85,554.00,536.00,538.60,16416
2016-05-10,539.00,549.95,535.00,549.30,9975
2016-05-11,545.00,547.00,533.00,542.50,6346
2016-05-12,543.00,549.00,538.00,541.10,7435
2016-05-13,541.00,548.95,524.00,531.00,7540
2016-05-16,525.00,545.00,515.30,532.05,12719
2016-05-17,542.00,546.00,522.20,535.95,7290
2016-05-18,536.00,543.00,520.15,524.05,15657
2016-05-19,525.00,534.95,518.20,519.60,9583
2016-05-20,519.70,528.00,510.00,520.15,14222
2016-05-23,522.00,542.00,503.35,509.55,8505
2016-05-24,510.00,530.00,502.00,507.20,8068
2016-05-25,501.00,518.80,499.00,510.95,10503
2016-05-26,520.00,520.00,485.15,501.10,10057
2016-05-27,502.00,528.00,494.00,515.65,8653
2016-05-30,512.00,519.35,495.00,500.25,22305
2016-05-31,501.00,513.50,497.30,500.05,16794
2016-06-01,505.00,525.00,500.00,524.05,48316
2016-06-02,524.00,534.85,506.50,517.65,19213
2016-06-03,514.05,530.00,503.00,523.65,25085
2016-06-06,524.00,526.50,508.40,521.80,13421
2016-06-07,523.00,527.00,507.00,511.45,10453
2016-06-08,512.00,524.90,507.00,523.20,9051
2016-06-09,527.05,538.00,517.05,528.50,16659
2016-06-10,526.00,539.70,524.50,535.90,13957
2016-06-13,531.00,542.30,530.55,532.95,12520
2016-06-14,533.00,541.85,521.00,528.55,21177
2016-06-15,529.00,539.50,516.00,528.60,19957
2016-06-16,532.00,536.45,520.00,528.35,6830
2016-06-17,529.05,534.00,510.50,524.05,13308
2016-06-20,527.05,534.00,516.30,518.30,10603
2016-06-21,526.05,529.20,513.50,516.40,19172
2016-06-22,518.05,523.00,502.00,506.90,7215
2016-06-23,517.00,517.90,503.15,512.00,12376
2016-06-24,513.00,514.00,480.30,491.70,11810
2016-06-27,492.00,507.00,492.00,500.75,8621
2016-06-28,505.00,511.90,493.10,501.50,12256
2016-06-29,505.00,515.00,500.30,506.65,6937
2016-06-30,507.00,520.00,502.00,512.85,26877
2016-07-01,515.00,520.00,505.00,506.75,8870
2016-07-04,508.00,516.95,505.00,509.90,7133
2016-07-05,513.05,518.95,501.00,513.70,17593
2016-07-07,512.05,516.70,505.50,509.65,12112
2016-07-08,516.95,516.95,501.10,508.75,6424
2016-07-11,510.00,517.00,505.00,506.40,7816
2016-07-12,506.00,514.00,496.05,499.80,6681
2016-07-13,520.00,520.00,490.00,496.65,9776
2016-07-14,490.00,507.00,485.10,499.50,8016
2016-07-15,491.00,515.50,490.00,513.50,8681
2016-07-18,538.95,538.95,503.00,510.50,8739
2016-07-19,508.05,515.00,502.10,506.95,7118
2016-07-20,505.00,512.50,500.00,508.70,7398
2016-07-21,510.00,535.00,503.65,527.45,17332
2016-07-22,525.00,540.00,520.05,535.35,16618
2016-07-25,535.25,537.50,518.00,533.95,11510
2016-07-26,526.00,542.00,522.65,538.40,14336
2016-07-27,540.00,545.00,512.15,520.70,23563
2016-07-28,528.00,534.80,515.00,528.80,17337
2016-07-29,535.00,535.00,520.50,525.20,7120
2016-08-01,520.00,530.00,512.75,517.20,8347
2016-08-02,510.00,525.15,506.00,508.50,8787
2016-08-03,514.00,514.00,501.40,508.15,6250
2016-08-04,515.00,528.00,501.00,503.65,6986
2016-08-05,494.00,518.95,494.00,506.05,6679
2016-08-08,508.00,524.00,506.00,509.60,6255
2016-08-09,516.05,546.70,508.05,543.30,47455
2016-08-10,547.00,555.00,536.55,551.00,26626
2016-08-11,545.00,569.95,538.00,557.55,139779
2016-08-12,569.95,575.80,551.15,558.35,14819
2016-08-16,563.00,568.00,541.50,544.35,9905
2016-08-17,548.05,561.05,541.50,555.65,5660
2016-08-18,557.05,558.80,534.50,546.45,4668
2016-08-19,541.00,558.50,541.00,549.15,5383
2016-08-22,545.00,547.00,538.00,544.10,428
2016-08-23,540.00,540.00,513.00,526.50,1345
2016-08-24,528.70,543.80,528.70,530.95,1351
2016-08-25,535.00,542.00,527.45,528.20,1678
2016-08-26,533.00,533.00,516.40,523.10,1576
2016-08-29,524.00,529.45,518.05,523.85,2468
2016-08-30,520.00,539.00,520.00,531.10,600
2016-08-31,526.00,552.00,523.00,546.60,15356
2016-09-01,549.90,552.00,535.00,544.30,2334
2016-09-02,538.05,554.90,535.00,543.45,2427
2016-09-06,550.00,560.00,536.15,553.15,2754
2016-09-07,549.80,550.00,538.00,542.20,1923
2016-09-08,540.10,575.00,536.00,556.65,35050
2016-09-09,560.00,569.95,539.00,558.55,17984
2016-09-12,555.00,568.65,545.05,564.45,3573
2016-09-14,556.00,573.35,555.00,566.85,18738
2016-09-15,572.80,574.90,560.00,568.65,9615
2016-09-16,580.80,590.00,555.40,564.85,14804
2016-09-19,560.00,584.60,555.00,576.40,6771
2016-09-20,577.95,578.90,561.35,574.50,2533
2016-09-21,567.00,570.00,561.05,565.75,2063
2016-09-22,570.50,595.00,570.50,577.35,11264
2016-09-23,571.40,582.80,571.35,576.40,3977
2016-09-26,571.00,571.00,555.00,559.25,1235
2016-09-27,570.00,570.00,548.15,554.90,396
2016-09-28,555.20,557.50,548.10,551.40,1432
2016-09-29,570.00,570.00,518.00,524.65,1008
2016-09-30,521.10,538.00,521.10,529.10,360
2016-10-03,530.00,546.05,530.00,544.65,1060
2016-10-04,531.55,572.00,531.55,564.15,10523
2016-10-05,586.00,594.65,560.00,569.65,4124
2016-10-06,562.10,579.40,562.10,567.50,3132
2016-10-07,567.25,588.00,564.05,581.10,23646
2016-10-10,580.95,588.00,578.20,579.80,5915
2016-10-13,579.50,579.50,546.30,557.50,2640
2016-10-14,566.00,566.00,549.60,550.05,305
2016-10-17,552.05,557.00,545.15,555.95,989
2016-10-18,550.00,566.90,550.00,559.00,1197
2016-10-19,553.05,564.90,553.05,560.20,17636
2016-10-20,560.00,575.00,560.00,569.20,21115
2016-10-21,568.05,576.50,565.95,574.95,8768
2016-10-24,570.00,579.85,569.80,574.35,35847
2016-10-25,575.25,585.85,573.00,578.65,16025
2016-10-26,590.00,590.00,563.00,568.00,37438
2016-10-27,570.00,575.00,556.10,558.10,13184
2016-10-28,560.00,573.80,550.50,561.45,8523
2016-11-01,568.75,600.00,565.55,588.90,23660
2016-11-02,600.00,620.00,583.50,614.95,70249
2016-11-03,615.00,624.40,601.50,611.00,14285
2016-11-04,611.15,611.15,570.05,575.05,14516
2016-11-07,590.90,597.00,576.20,582.05,13801
2016-11-08,583.05,588.00,565.00,566.95,8891
2016-11-09,500.00,544.80,468.00,512.65,70363
2016-11-10,529.75,532.00,517.00,523.75,4649
2016-11-11,516.00,523.15,513.00,519.90,914
2016-11-15,505.50,535.95,470.05,478.15,60170
2016-11-16,480.00,506.50,474.00,493.95,63756
2016-11-17,494.05,496.50,475.00,476.95,1388
2016-11-18,487.00,489.70,472.20,476.05,516
2016-11-21,475.75,489.70,460.40,469.75,2401
2016-11-22,460.60,471.00,460.60,471.00,8265
2016-11-23,477.05,477.05,461.15,467.70,2462
2016-11-24,467.50,472.00,460.55,464.00,2162
2016-11-25,466.00,479.90,465.00,477.75,1873
2016-11-28,471.65,493.15,471.65,483.70,1629
2016-11-29,483.50,483.50,470.00,470.85,1933
2016-11-30,477.00,529.95,475.10,498.15,84617
2016-12-01,512.95,516.40,492.00,493.50,1480
2016-12-02,485.00,497.00,480.00,491.70,2018
2016-12-05,485.45,494.75,481.65,485.00,2008
2016-12-06,494.80,502.90,481.60,496.50,825
2016-12-07,492.00,510.00,485.05,505.85,1610
2016-12-08,511.85,511.85,494.10,497.05,2146
2016-12-09,507.55,510.00,497.00,499.90,2464
2016-12-12,500.05,512.50,485.10,496.70,416
2016-12-13,493.30,497.05,493.25,497.00,189
2016-12-14,492.60,509.45,492.60,497.10,491
2016-12-15,490.10,497.00,488.15,495.00,282
2016-12-16,492.05,492.05,485.00,487.30,25830
2016-12-19,489.00,498.95,477.40,482.50,252
2016-12-20,485.30,490.95,475.10,475.10,377
2016-12-21,493.95,493.95,478.00,478.00,192
2016-12-22,476.30,495.45,456.15,487.95,2128
2016-12-23,493.65,493.65,485.00,485.00,18
2016-12-26,480.00,480.00,445.00,451.25,1226
2016-12-27,460.05,479.25,450.50,460.45,5529
2016-12-28,470.05,479.00,447.25,457.45,196
2016-12-29,450.00,485.00,450.00,476.05,23295
2016-12-30,476.00,492.10,476.00,486.85,17691
2017-01-02,485.00,495.05,475.30,483.50,12544
2017-01-03,488.05,495.00,480.00,489.50,13137
2017-01-04,490.00,494.90,482.00,488.70,24777
2017-01-05,495.00,495.00,483.00,490.60,11728
2017-01-06,496.60,501.05,484.05,494.50,14531
2017-01-09,490.00,500.00,481.55,484.20,12269
2017-01-10,495.05,495.05,470.00,480.75,20629
2017-01-11,500.00,500.00,479.50,496.05,12221
2017-01-12,500.00,500.00,485.20,488.25,13122
2017-01-13,488.00,497.20,485.00,494.25,11291
2017-01-16,504.90,504.90,485.05,489.05,22146
2017-01-17,495.00,498.85,487.00,498.05,14947
2017-01-18,499.05,510.00,489.45,496.60,11131
2017-01-19,497.00,528.95,487.00,524.80,18828
2017-01-20,515.00,529.00,503.85,511.60,10821
2017-01-23,523.65,524.80,510.00,518.10,12031
2017-01-24,528.95,529.00,502.20,503.25,15671
2017-01-25,517.80,517.80,490.00,493.50,14552
2017-01-27,493.95,503.50,492.00,493.70,13789
2017-01-30,498.05,503.00,480.60,483.20,14123
2017-01-31,483.35,487.50,476.20,477.35,19764
2017-02-01,471.70,494.95,470.00,483.45,12432
2017-02-02,485.00,490.05,478.05,482.35,11755
2017-02-03,478.60,498.30,477.35,479.90,13225
2017-02-06,489.50,491.00,475.00,480.30,13218
2017-02-07,480.00,486.95,471.50,477.75,14976
2017-02-08,482.00,496.95,479.00,492.80,13773
2017-02-09,491.00,500.10,481.05,485.55,12269
2017-02-10,491.00,492.05,482.15,483.25,16233
2017-02-13,489.00,491.05,479.05,484.40,14506
2017-02-14,490.05,493.40,479.90,484.55,13048
2017-02-15,480.95,487.05,472.50,475.85,13231
2017-02-16,472.55,489.00,471.05,471.30,14497
2017-02-17,474.95,481.90,463.00,466.55,13750
2017-02-20,472.15,480.85,464.45,468.55,16498
2017-02-21,470.15,475.45,465.00,466.80,12303
2017-02-22,470.00,473.25,463.00,466.70,11722
2017-02-23,465.00,476.80,462.40,464.35,14600
2017-02-27,465.00,480.00,463.00,474.40,16039
2017-02-28,476.00,483.95,459.00,482.35,23986
2017-03-01,477.05,486.05,465.50,470.25,27383
2017-03-02,472.00,476.05,453.00,459.45,15597
2017-03-03,462.00,470.00,452.00,466.00,74606
2017-03-06,470.10,526.00,466.00,501.45,82931
2017-03-07,496.30,537.35,492.85,531.75,74889
2017-03-08,532.00,534.90,518.00,522.75,36388
2017-03-09,520.00,546.45,520.00,527.25,45282
2017-03-10,531.80,547.60,515.20,523.35,23203
2017-03-14,535.00,538.50,517.05,523.35,12266
2017-03-15,526.80,530.00,520.05,523.35,28243
2017-03-16,524.00,540.00,520.60,528.70,31682
2017-03-17,534.80,541.60,527.00,535.55,47195
2017-03-20,544.00,548.65,527.00,536.55,29160
2017-03-21,544.00,544.00,531.00,534.40,25085
2017-03-22,534.90,538.00,527.00,532.75,16137
2017-03-23,535.00,539.95,523.00,532.45,28024
2017-03-24,533.00,537.90,525.80,529.95,13721
2017-03-27,538.85,538.85,531.10,534.20,24829
2017-03-28,533.05,540.00,530.10,532.80,43167
2017-03-29,532.00,544.95,514.00,523.35,21868
2017-03-30,520.95,535.00,520.00,526.70,24353
2017-03-31,521.00,534.95,521.00,525.85,12152
2017-04-03,541.60,541.60,523.50,527.40,16352
2017-04-05,539.95,539.95,530.60,533.70,21482
2017-04-06,533.85,538.70,532.55,535.65,32149
2017-04-07,548.00,548.00,530.00,530.55,15552
2017-04-10,535.00,535.50,530.00,530.15,11372
2017-04-11,554.00,554.00,525.20,530.75,32628
2017-04-12,532.55,540.00,529.40,534.80,13629
2017-04-13,538.45,544.00,530.05,536.05,13526
2017-04-17,546.75,552.00,532.05,544.30,36388
2017-04-18,549.30,559.00,535.00,543.60,17821
2017-04-19,549.90,549.90,532.05,534.90,40258
2017-04-20,540.00,545.60,535.05,537.30,12285
2017-04-21,538.50,602.35,538.20,559.30,50347
2017-04-24,564.65,589.40,560.00,572.65,22466
2017-04-25,577.65,579.40,567.85,571.00,14318
2017-04-26,583.00,583.00,561.10,565.20,18360
2017-04-27,569.95,571.90,555.25,561.80,12141
2017-04-28,572.00,582.90,561.00,572.35,19644
2017-05-02,579.90,599.00,569.00,583.50,57274
2017-05-03,590.00,593.10,570.00,570.30,12185
2017-05-04,572.55,592.00,572.50,579.65,32953
2017-05-05,577.00,584.00,559.60,563.30,53698
2017-05-08,563.05,570.40,558.00,565.95,26087
2017-05-09,560.45,594.95,560.45,574.50,28623
2017-05-10,580.00,599.95,574.05,586.30,25583
2017-05-11,590.00,594.95,581.05,587.60,14826
2017-05-12,590.25,592.30,573.10,584.50,18991
2017-05-15,584.00,592.40,566.55,574.90,19404
2017-05-16,577.50,589.95,570.15,581.85,17848
2017-05-17,588.90,591.00,575.00,580.30,26726
2017-05-18,580.00,585.50,571.00,578.30,13593
2017-05-19,580.00,604.00,575.00,583.45,42836
2017-05-22,587.50,599.85,576.00,584.65,20379
2017-05-23,586.00,586.00,554.80,567.60,18087
2017-05-24,575.00,589.85,560.25,564.15,15995
2017-05-25,572.00,590.00,565.05,583.45,25385
2017-05-26,587.80,670.00,582.55,608.15,121112
2017-05-29,614.80,618.00,592.40,609.00,52397
2017-05-30,614.80,614.90,599.00,600.50,20882
2017-05-31,601.95,609.30,593.00,595.60,14031
2017-06-01,595.00,618.80,580.00,591.65,25462
2017-06-02,595.00,605.90,592.10,602.50,17794
2017-06-05,602.00,607.30,585.00,592.60,18047
2017-06-06,591.95,600.00,581.35,586.90,15497
2017-06-07,591.00,595.00,581.60,590.25,15477
2017-06-08,592.05,592.05,585.00,588.20,12323
2017-06-09,588.00,595.00,580.05,585.30,15432
2017-06-12,584.45,589.80,581.00,585.70,66596
2017-06-13,593.00,596.80,585.20,589.85,16082
2017-06-14,591.00,598.95,588.05,590.60,14158
2017-06-15,590.05,601.50,585.05,586.75,13009
2017-06-16,590.00,591.95,585.05,586.85,21356
2017-06-19,585.25,597.45,585.20,590.65,14226
2017-06-20,593.00,615.00,593.00,603.80,46383
2017-06-21,614.00,620.00,601.50,604.15,26548
2017-06-22,613.75,625.95,605.00,605.90,42720
2017-06-23,606.05,617.95,595.00,600.45,32708
2017-06-27,605.00,613.40,583.15,591.80,42853
2017-06-28,589.25,595.00,576.10,580.30,25743
2017-06-29,593.50,593.50,576.65,580.70,27692
2017-06-30,588.45,597.80,584.00,588.05,29381
2017-07-03,590.50,613.80,589.50,591.75,34605
2017-07-04,593.00,608.00,590.00,602.20,42014
2017-07-05,605.00,613.00,599.95,603.40,73988
2017-07-06,609.90,610.00,593.10,597.45,23950
2017-07-07,606.95,608.00,586.50,589.20,24893
2017-07-10,590.00,594.00,582.00,585.50,18852
2017-07-11,598.50,601.00,586.00,594.20,25620
2017-07-12,594.10,605.25,590.25,592.30,23245
2017-07-13,598.00,598.00,591.00,592.05,18045
2017-07-14,595.00,602.95,591.00,596.60,23247
2017-07-17,596.05,603.95,591.00,596.35,26875
2017-07-18,595.80,595.80,585.00,590.40,21887
2017-07-19,595.00,599.95,591.55,593.50,21540
2017-07-20,595.00,596.85,576.50,578.40,23720
2017-07-21,592.50,605.95,581.05,598.30,29353
2017-07-24,609.80,609.80,591.25,595.80,29918
2017-07-25,603.00,607.90,585.10,591.25,21451
2017-07-26,599.00,603.95,587.00,589.75,44416
2017-07-27,592.00,604.00,580.40,598.80,109106
2017-07-28,605.00,609.90,575.60,590.70,28670
2017-07-31,596.90,603.45,587.00,596.80,25747
2017-08-01,600.10,609.90,590.15,592.10,32503
2017-08-02,600.75,600.75,577.10,580.75,33950
2017-08-03,587.00,587.00,575.05,581.25,27396
2017-08-04,582.00,586.80,582.00,584.35,21078
2017-08-07,586.95,609.00,586.00,596.05,36357
2017-08-08,597.00,608.90,581.60,592.70,28978
2017-08-09,595.00,603.00,570.00,577.35,23077
2017-08-10,580.10,583.50,546.30,567.80,23291
2017-08-11,558.00,568.45,552.00,559.40,56182
2017-08-14,564.00,603.95,562.75,572.50,87405
2017-08-16,580.00,581.00,556.05,560.05,22852
2017-08-17,570.05,577.00,558.05,571.65,23655
2017-08-18,566.05,570.05,555.10,557.05,20974
2017-08-21,561.00,566.40,553.25,559.70,21385
2017-08-22,562.50,574.40,558.40,565.70,21944
2017-08-23,566.55,576.90,561.00,564.60,19759
2017-08-24,564.20,579.00,561.60,568.55,21385
2017-08-28,575.00,575.00,565.75,567.90,25996
2017-08-29,571.05,574.00,560.10,563.10,33950
2017-08-30,572.40,589.95,564.00,575.10,30546
2017-08-31,580.00,586.60,574.05,581.35,29742
2017-09-01,575.25,593.85,575.15,591.50,24974
2017-09-04,609.00,609.00,589.05,592.80,21171
2017-09-05,590.40,607.50,590.35,602.40,93225
2017-09-06,597.90,600.00,585.55,593.95,31476
2017-09-07,594.00,603.00,591.00,601.15,22403
2017-09-08,602.00,645.00,594.05,604.10,84317
2017-09-11,604.00,623.90,604.00,612.40,58206
2017-09-12,615.55,634.95,612.00,624.20,53064
2017-09-13,626.00,655.00,621.00,624.15,32802
2017-09-14,625.00,636.00,620.00,623.25,27236
2017-09-15,635.70,644.95,618.05,638.60,40630
2017-09-18,638.00,699.95,638.00,654.70,193390
2017-09-19,656.00,677.00,649.00,654.00,128334
2017-09-20,660.00,668.00,645.00,650.30,30942
2017-09-21,657.30,663.55,643.50,654.30,30539
2017-09-22,659.00,659.00,620.60,628.35,32126
2017-09-25,625.15,635.45,587.05,595.35,39143
2017-09-26,595.80,597.80,584.20,587.65,19773
2017-09-27,597.80,597.80,578.95,579.90,20352
2017-09-28,578.00,585.00,560.00,562.35,26181
2017-09-29,567.00,639.95,567.00,587.65,54156
2017-10-03,599.00,599.00,581.05,587.90,72035
2017-10-04,585.70,593.90,582.70,585.55,19771
2017-10-05,586.00,605.00,583.00,601.20,22406
2017-10-06,600.00,615.00,599.85,600.45,23317
2017-10-09,601.10,631.90,601.10,622.70,40817
2017-10-10,630.00,630.00,610.55,614.35,21123
2017-10-11,626.00,633.50,616.00,622.15,34495
2017-10-12,634.00,634.00,621.05,628.70,23769
2017-10-13,637.95,638.00,605.30,625.35,25877
2017-10-16,625.00,634.00,623.00,626.95,24667
2017-10-17,627.00,634.00,605.50,622.25,22211
2017-10-18,633.75,644.90,611.00,637.95,53245
2017-10-19,632.00,639.90,618.50,625.15,7366
2017-10-23,621.75,631.75,614.00,620.05,21859
2017-10-24,620.35,624.50,609.10,615.70,19645
2017-10-25,615.30,628.00,602.35,613.50,25321
2017-10-26,620.00,624.00,595.10,603.20,22087
2017-10-27,607.00,614.00,596.90,603.60,21979
2017-10-30,618.00,632.00,608.90,624.00,24345
2017-10-31,628.00,636.50,608.30,614.10,22351
2017-11-01,620.00,628.00,615.05,621.15,33557
2017-11-02,623.00,626.95,610.00,613.15,26363
2017-11-03,618.00,626.00,608.85,615.55,31510
2017-11-06,616.00,624.00,608.50,610.15,27397
2017-11-07,611.00,619.70,594.85,597.80,22261
2017-11-08,598.00,623.90,593.55,599.65,31645
2017-11-09,604.25,605.05,586.20,592.85,22011
2017-11-10,598.00,598.95,565.55,588.15,27774
2017-11-13,595.00,595.10,565.00,574.60,21406
2017-11-14,585.00,585.05,561.00,562.25,33830
2017-11-15,570.50,570.50,550.10,554.05,30027
2017-11-16,555.00,571.95,551.10,562.00,33505
2017-11-17,584.50,589.60,553.00,557.55,32717
2017-11-20,567.15,574.90,546.00,552.50,35175
2017-11-21,553.00,563.45,538.55,541.20,37506
2017-11-22,550.00,560.45,536.00,539.70,26652
2017-11-23,546.45,549.45,538.00,541.60,20365
2017-11-24,541.55,548.00,537.05,541.50,20545
2017-11-27,544.00,549.95,540.00,544.35,18809
2017-11-28,545.45,554.00,541.25,542.75,20903
2017-11-29,545.00,552.00,538.00,547.95,26639
2017-11-30,548.00,554.00,545.50,552.60,36438
2017-12-01,553.65,556.95,542.05,548.80,26720
2017-12-04,543.00,556.00,543.00,552.60,21172
2017-12-05,559.90,559.95,546.00,549.50,18340
2017-12-06,558.00,560.00,543.85,552.65,21119
2017-12-07,554.95,568.70,547.40,559.70,16957
2017-12-08,554.05,561.00,552.05,554.85,14330
2017-12-11,554.80,559.75,545.05,547.30,13820
2017-12-12,550.00,550.10,521.15,531.20,40318
2017-12-13,535.00,541.65,526.00,530.10,13667
2017-12-14,530.75,535.00,516.00,523.80,13971
2017-12-15,539.65,540.00,529.50,534.85,15828
2017-12-18,540.00,542.00,530.65,540.25,14804
2017-12-19,545.00,545.05,531.55,537.05,15512
2017-12-20,544.90,544.90,531.55,533.45,16245
2017-12-21,542.00,542.00,520.00,525.55,17290
2017-12-22,528.00,531.00,510.00,515.75,27138
2017-12-26,523.85,523.85,515.75,518.35,18386
2017-12-27,517.00,518.00,507.05,511.65,20261
2017-12-28,509.00,537.90,499.00,518.80,30439
2017-12-29,522.00,530.45,511.00,515.60,19935
2018-01-01,520.95,523.00,510.20,517.75,14191
2018-01-02,517.00,519.85,510.00,512.00,4665
2018-01-03,511.05,519.90,508.10,515.55,2615
2018-01-04,523.90,524.00,509.00,512.50,3383
2018-01-05,508.00,520.00,505.35,513.30,48194
2018-01-08,522.00,543.00,515.70,534.15,30623
2018-01-09,544.90,550.00,536.00,541.15,14921
2018-01-10,541.15,550.00,537.55,546.20,12999
2018-01-11,540.00,549.70,532.00,537.10,6964
2018-01-12,540.20,542.90,515.00,519.60,10338
2018-01-15,525.00,539.90,515.05,520.45,8813
2018-01-16,525.00,530.00,502.55,503.95,20316
2018-01-17,506.00,510.00,500.00,503.95,8030
2018-01-18,510.00,510.00,498.10,503.95,8867
2018-01-19,509.90,509.90,487.75,493.35,8511
2018-01-22,505.00,525.00,489.90,509.05,13686
2018-01-23,514.00,523.75,495.10,498.05,8311
2018-01-24,500.00,509.45,485.20,492.80,8066
2018-01-25,486.00,500.80,482.00,484.80,7780
2018-01-29,485.05,501.55,481.05,491.15,9522
2018-01-30,491.00,507.20,480.00,484.55,17705
2018-01-31,490.00,491.00,480.00,480.40,2748
2018-02-01,487.00,487.00,465.10,467.60,6087
2018-02-02,470.00,478.00,452.10,463.55,3162
2018-02-05,463.00,478.85,436.30,455.15,4198
2018-02-06,448.35,454.70,430.00,442.75,5334
2018-02-07,449.95,474.65,445.00,449.50,3787
2018-02-08,450.00,456.00,448.00,450.45,2877
2018-02-09,452.00,454.95,442.90,448.65,13191
2018-02-12,441.00,450.00,441.00,446.75,2811
2018-02-14,446.75,456.00,443.95,447.10,4873
2018-02-15,448.00,449.00,430.00,433.95,3062
2018-02-16,438.00,442.00,411.50,419.30,4329
2018-02-19,419.30,430.00,414.00,426.35,5844
2018-02-20,427.00,430.00,417.40,421.85,6429
2018-02-21,416.15,426.85,416.10,421.90,4753
2018-02-22,420.00,424.00,417.50,421.30,6061
2018-02-23,425.00,425.00,395.50,401.15,59153
2018-02-26,416.40,416.40,398.00,405.00,31511
2018-02-27,405.00,409.55,393.00,400.50,6890
2018-02-28,403.00,417.95,402.00,412.85,4901
2018-03-01,417.95,418.00,405.20,408.00,22286
2018-03-05,415.95,415.95,400.00,402.35,8643
2018-03-06,405.00,408.90,400.00,400.40,6331
2018-03-07,403.95,407.15,389.95,391.75,35545
2018-03-08,390.00,399.50,390.00,394.90,5855
2018-03-09,395.00,407.85,395.00,405.30,5801
2018-03-12,407.00,430.00,400.30,411.20,16256
2018-03-13,410.00,416.00,403.00,414.50,5875
2018-03-14,420.00,420.25,403.30,414.80,4498
2018-03-15,414.80,420.00,407.80,415.10,3914
2018-03-16,415.00,418.90,408.00,412.00,20378
2018-03-19,433.00,433.00,405.85,423.40,41310
2018-03-20,417.05,428.00,411.10,427.00,6242
2018-03-21,430.00,430.25,412.00,423.70,7618
2018-03-22,420.00,429.95,403.00,407.60,9469
2018-03-23,401.00,409.00,390.00,395.30,3625
2018-03-26,393.00,406.00,390.00,403.60,14545
2018-03-27,405.00,419.00,398.60,405.05,45734
2018-03-28,405.00,413.50,391.20,395.30,27602
2018-04-02,396.00,407.45,394.55,404.35,2882
2018-04-03,407.00,410.00,402.00,403.00,42408
2018-04-04,405.00,411.50,405.00,410.15,7647
2018-04-05,410.50,414.90,404.05,406.00,2833
2018-04-06,405.00,411.00,399.05,400.05,5098
2018-04-09,401.10,404.05,396.10,397.00,6146
2018-04-10,400.00,400.05,390.45,391.05,6517
2018-04-11,391.05,410.00,391.05,407.30,8991
2018-04-12,409.80,414.00,406.00,408.15,3398
2018-04-13,407.00,414.00,401.65,403.50,17263
2018-04-16,404.00,409.65,401.40,402.30,2095
2018-04-17,401.00,408.95,401.00,404.95,3133
2018-04-18,414.80,414.80,401.15,405.15,2641
2018-04-19,408.00,408.00,401.15,404.10,5280
2018-04-20,413.00,413.40,401.00,406.65,3917
2018-04-23,406.00,412.70,402.65,403.70,2750
2018-04-24,398.20,414.70,398.20,411.40,4942
2018-04-25,413.95,413.95,402.30,408.70,3403
2018-04-26,404.00,412.50,403.20,407.65,2716
2018-04-27,406.05,413.50,405.05,406.05,3045
2018-04-30,408.80,414.90,407.00,410.70,4326
2018-05-02,414.95,414.95,407.50,413.10,3515
2018-05-03,409.05,414.60,408.00,408.00,2852
2018-05-04,407.00,413.25,400.00,405.40,3028
2018-05-07,405.00,410.00,398.50,400.75,4066
2018-05-08,400.05,407.00,400.00,403.80,5532
2018-05-09,403.00,406.95,400.80,404.95,7851
2018-05-10,403.05,412.00,401.20,402.15,3212
2018-05-11,404.15,409.65,402.00,403.20,9866
2018-05-14,401.00,409.95,398.00,399.55,3530
2018-05-15,401.50,407.95,397.00,405.45,4351
2018-05-16,400.00,400.25,390.20,392.65,11071
2018-05-17,391.05,398.85,390.20,391.75,2936
2018-05-18,392.55,397.95,388.50,389.00,7004
2018-05-21,394.75,402.00,376.00,395.70,3550
2018-05-22,403.85,409.95,390.05,394.00,3753
2018-05-23,390.00,403.75,380.00,389.10,7127
2018-05-24,390.00,404.00,390.00,402.45,4122
2018-05-25,398.00,403.50,393.05,397.45,2834
2018-05-28,395.00,406.25,392.00,397.10,2452
2018-05-29,390.00,401.95,390.00,398.35,2166
2018-05-30,400.00,407.60,389.15,404.50,5112
2018-05-31,402.95,402.95,386.00,389.45,9685
2018-06-01,385.00,387.00,381.00,381.30,2135
2018-06-04,382.00,382.10,360.00,369.95,3797
2018-06-05,365.00,395.00,347.00,369.60,15403
2018-06-06,360.00,370.00,351.05,364.60,12424
2018-06-07,369.00,379.00,365.00,373.30,3429
2018-06-08,374.00,377.90,368.00,376.40,3965
2018-06-11,371.00,394.95,368.05,392.25,5551
2018-06-12,393.00,407.20,390.05,398.65,6061
2018-06-13,395.00,415.00,392.00,411.65,5696
2018-06-14,409.95,412.80,388.00,392.25,6152
2018-06-15,392.25,399.90,390.00,393.30,2111
2018-06-18,395.20,400.00,393.00,399.75,2192
2018-06-19,395.00,403.75,385.10,390.45,2354
2018-06-20,391.00,397.00,383.05,396.60,2949
2018-06-21,394.20,394.20,390.00,390.70,94
2018-06-22,384.00,391.95,380.30,387.90,259
2018-06-25,380.15,399.00,380.15,393.10,2538
2018-06-26,398.20,398.20,371.20,380.15,2705
2018-06-27,376.00,385.00,370.00,382.85,4336
2018-06-28,379.20,388.00,370.00,372.15,692
2018-06-29,366.65,390.00,366.65,387.60,132
2018-07-02,388.00,394.00,385.00,386.05,266
2018-07-03,380.35,393.00,375.00,377.60,484
2018-07-04,372.05,394.00,372.05,385.90,3728
2018-07-05,385.00,385.00,375.00,377.15,498
2018-07-06,366.10,387.95,366.10,386.50,1081
2018-07-09,376.20,386.45,376.20,380.45,30
2018-07-10,371.25,398.00,371.25,381.75,10704
2018-07-11,381.75,385.60,370.10,375.20,354
2018-07-12,370.00,385.00,370.00,380.25,86
2018-07-13,375.15,384.90,373.25,379.20,1098
2018-07-16,373.55,377.90,362.10,365.30,448
2018-07-17,365.30,372.00,361.50,364.00,266
2018-07-18,360.20,370.85,360.20,367.20,445
2018-07-19,362.85,398.95,356.25,392.05,4016
2018-07-20,386.25,403.00,378.00,400.40,3169
2018-07-23,403.45,419.50,385.00,414.05,8595
2018-07-24,408.00,421.00,405.00,420.80,8030
2018-07-25,424.00,445.00,414.55,434.70,24105
2018-07-26,435.00,463.25,431.20,461.05,37680
2018-07-27,460.00,461.00,440.00,455.60,7301
2018-07-30,450.00,478.00,441.25,473.20,26106
2018-07-31,473.20,473.20,454.30,457.75,5093
2018-08-01,459.85,478.00,446.10,468.65,21128
2018-08-02,461.65,463.80,442.30,445.05,6205
2018-08-03,440.10,450.95,430.30,442.60,9727
2018-08-06,442.65,445.80,422.05,424.95,7035
2018-08-07,425.00,426.00,415.50,417.25,7550
2018-08-08,414.25,423.45,398.60,406.20,18088
2018-08-09,402.00,409.90,400.05,407.00,11170
2018-08-10,407.00,411.00,400.00,408.60,14731
2018-08-13,414.65,424.90,401.30,405.10,4459
2018-08-14,405.55,410.95,402.10,410.00,15495
2018-08-16,409.85,413.45,405.05,412.45,10440
2018-08-17,407.20,414.40,403.20,405.05,4965
2018-08-20,400.10,409.00,396.55,403.80,16448
2018-08-21,398.50,428.00,390.55,426.15,27483
2018-08-23,426.30,439.00,403.10,413.15,7325
2018-08-24,407.10,409.65,386.35,388.55,41100
2018-08-27,389.05,393.70,383.40,387.00,16990
2018-08-28,392.00,394.20,379.00,381.85,8495
2018-08-29,383.05,386.90,375.25,376.40,5186
2018-08-30,381.00,381.45,378.10,379.10,4597
2018-08-31,376.10,380.00,376.10,379.95,476
2018-09-03,380.00,389.85,375.65,376.15,4772
2018-09-04,394.90,397.50,376.05,377.20,13988
2018-09-05,375.20,387.00,375.00,384.65,14054
2018-09-06,382.00,415.00,380.00,405.60,8057
2018-09-07,400.05,415.00,394.95,410.25,6993
2018-09-10,408.95,409.00,381.10,389.15,5527
2018-09-11,401.00,401.00,376.05,383.00,8724
2018-09-12,393.25,394.70,380.10,387.35,7150
2018-09-14,382.25,400.05,382.25,389.75,4406
2018-09-17,385.00,385.90,369.25,371.45,10353
2018-09-18,373.10,374.10,368.15,370.25,5210
2018-09-19,365.60,373.75,352.00,357.15,10404
2018-09-21,360.10,362.95,340.00,359.10,10195
2018-09-24,372.00,372.00,335.00,344.25,8536
2018-09-25,348.95,358.00,332.05,336.95,4998
2018-09-26,360.40,360.50,326.05,334.95,6328
2018-09-27,354.95,354.95,331.35,336.90,4148
2018-09-28,330.15,335.60,283.45,294.30,13770
2018-10-01,289.95,294.75,279.25,294.25,8570
2018-10-03,298.65,298.65,285.10,288.00,4280
2018-10-04,284.00,292.25,268.00,272.20,5397
2018-10-05,276.25,277.00,256.00,267.95,7196
2018-10-08,263.95,271.95,245.00,257.60,5650
2018-10-09,261.45,274.35,245.00,246.10,14774
2018-10-10,245.00,269.50,245.00,268.55,3988
2018-10-11,260.00,265.80,246.20,251.05,6737
2018-10-12,255.00,275.00,245.70,253.40,6596
2018-10-15,269.80,269.80,251.05,261.40,13257
2018-10-16,269.00,269.80,252.50,259.40,2766
2018-10-17,255.60,276.95,250.00,255.95,7059
2018-10-19,252.15,255.00,242.30,251.20,8148
2018-10-22,263.95,263.95,233.25,242.05,1714
2018-10-23,237.00,244.00,225.00,239.85,2083
2018-10-24,238.05,243.00,230.10,242.50,1052
2018-10-25,238.95,258.00,230.10,243.80,1184
2018-10-26,242.45,251.95,233.00,247.20,2608
2018-10-29,250.80,259.80,233.55,254.35,1925
2018-10-30,258.15,267.00,245.10,265.75,2883
2018-10-31,268.95,268.95,258.05,265.90,1850
2018-11-01,269.85,269.85,259.90,262.80,485
2018-11-02,258.95,281.20,252.05,262.90,2388
2018-11-05,262.95,266.65,257.00,258.55,497
2018-11-06,262.35,266.75,255.25,260.45,1007
2018-11-07,265.75,265.80,265.70,265.70,23
2018-11-09,265.05,269.00,257.10,259.05,551
2018-11-12,262.85,269.90,248.35,266.25,5379
2018-11-13,260.00,270.00,255.50,269.50,176
2018-11-14,270.00,275.00,266.15,274.25,8672
2018-11-15,275.00,276.00,262.00,269.05,3995
2018-11-16,279.70,283.85,250.05,256.25,6925
2018-11-19,267.00,267.25,250.50,255.40,2254
2018-11-20,260.00,264.75,236.30,252.05,2385
2018-11-21,261.00,261.00,231.00,238.45,10451
2018-11-22,239.95,246.50,239.95,244.80,518
2018-11-26,244.00,244.75,240.00,240.65,351
2018-11-27,240.65,244.20,239.50,241.30,3518
2018-11-28,248.85,248.85,225.00,229.05,4643
2018-11-29,229.05,236.00,216.90,223.05,2675
2018-11-30,228.00,234.00,225.00,231.15,1063
2018-12-03,235.00,235.00,227.40,227.40,262
2018-12-04,235.00,242.45,232.00,234.00,4767
2018-12-05,245.70,245.75,233.00,235.95,217
2018-12-06,235.00,237.55,234.00,235.00,948
2018-12-07,240.00,250.00,226.00,227.40,1222
2018-12-10,226.00,230.00,212.00,217.50,382
2018-12-11,223.00,227.00,210.65,218.50,3402
2018-12-12,231.60,234.65,224.00,224.05,696
2018-12-13,225.05,225.05,213.05,218.85,1873
2018-12-14,218.90,233.50,218.85,228.65,1342
2018-12-17,238.85,238.85,225.90,233.00,226
2018-12-18,234.65,234.65,221.50,229.20,349
2018-12-19,229.20,229.20,215.00,219.55,7370
2018-12-20,227.20,227.20,211.00,215.75,801
2018-12-21,213.00,225.00,210.00,211.85,3351
2018-12-24,215.00,221.80,212.05,218.75,974
2018-12-26,219.00,219.00,210.05,210.35,1404
2018-12-27,211.15,223.85,211.10,218.20,3987
2018-12-28,228.00,240.25,214.50,234.25,6931
2018-12-31,235.25,255.30,234.25,240.60,5259
2019-01-01,245.00,245.00,226.20,236.75,3800
2019-01-02,244.90,244.90,235.00,239.40,1638
2019-01-03,236.10,236.10,230.00,233.00,239
2019-01-04,230.00,232.95,225.00,227.20,965
2019-01-07,225.40,230.55,225.40,228.05,681
2019-01-08,228.00,233.80,225.05,233.75,439
2019-01-09,236.20,236.20,226.70,227.65,34
2019-01-10,227.70,231.95,226.25,229.60,484
2019-01-11,231.40,235.00,228.00,232.25,269
2019-01-14,232.95,232.95,232.95,232.95,2
2019-01-15,229.55,235.95,225.45,231.05,1113
2019-01-16,236.95,237.00,227.65,230.55,1361
2019-01-17,228.00,232.50,228.00,232.15,3104
2019-01-21,230.00,231.95,226.40,227.00,1072
2019-01-22,233.35,233.35,227.00,230.00,248
2019-01-23,231.40,231.45,215.20,218.40,1046
2019-01-24,218.80,227.95,218.50,225.90,1487
2019-01-25,221.00,231.00,220.00,228.10,1697
2019-01-28,229.30,229.30,226.00,227.70,3087
2019-01-29,225.60,229.00,220.65,222.95,1802
2019-01-30,225.10,228.00,225.10,227.90,139
2019-01-31,225.00,225.00,215.20,217.45,5628
2019-02-01,229.90,230.00,216.05,217.60,2030
2019-02-04,218.00,227.60,215.00,220.95,2431
2019-02-05,218.30,224.35,215.25,223.95,1170
2019-02-06,220.65,221.20,210.00,215.70,839
2019-02-07,215.85,216.45,210.00,215.50,746
2019-02-08,219.00,230.00,210.10,222.05,8756
2019-02-11,222.00,228.95,207.70,221.85,16599
2019-02-12,221.85,221.85,215.00,215.80,1375
2019-02-13,220.95,228.40,216.05,221.65,3081
2019-02-14,217.45,225.00,210.50,220.20,5853
2019-02-15,213.65,230.00,213.65,227.90,2231
2019-02-18,228.00,228.00,213.00,213.95,1136
2019-02-19,226.75,228.00,215.00,215.00,17456
2019-02-20,219.40,219.40,207.40,209.35,14419
2019-02-21,210.00,213.95,201.35,207.05,11365
2019-02-22,210.00,210.45,203.30,209.20,15016
2019-02-25,213.00,213.00,200.80,209.75,10899
2019-02-26,210.00,210.00,204.65,205.80,10613
2019-02-27,202.05,206.85,201.15,202.50,13643
2019-02-28,200.00,203.15,200.00,200.05,10842
2019-03-01,202.50,203.10,199.00,200.05,14528
2019-03-05,203.00,203.00,199.95,201.05,13972
2019-03-06,203.95,209.00,199.00,200.00,23737
2019-03-07,203.00,204.50,200.75,201.75,4880
2019-03-08,205.95,205.95,202.05,203.80,4528
2019-03-11,204.45,204.50,203.00,204.15,4514
2019-03-12,205.80,244.95,205.80,237.45,22606
2019-03-13,258.00,284.90,258.00,281.45,110974
2019-03-14,287.70,294.95,265.05,269.35,41979
2019-03-15,267.90,279.00,245.40,249.35,19783
2019-03-18,250.00,253.90,235.95,247.75,12922
2019-03-19,241.20,249.00,241.00,247.85,3561
2019-03-20,237.65,254.40,233.50,245.20,3230
2019-03-22,242.55,245.50,242.00,244.10,60636
2019-03-25,240.00,248.95,235.15,243.70,5023
2019-03-26,243.15,244.80,222.00,228.00,6673
2019-03-27,236.00,250.80,232.00,236.30,6340
2019-03-28,235.05,258.00,230.70,253.45,13520
2019-03-29,253.45,274.90,253.45,272.05,45743
2019-04-01,272.00,275.00,265.00,269.55,19582
2019-04-02,262.00,272.40,262.00,266.75,15253
2019-04-03,267.00,269.45,262.10,266.95,12822
2019-04-04,267.00,275.00,261.40,272.35,12931
2019-04-05,272.05,297.40,272.05,284.25,49975
2019-04-08,275.05,297.95,275.00,288.55,25612
2019-04-09,287.95,287.95,280.05,285.05,13176
2019-04-10,279.30,286.20,278.00,281.70,11393
2019-04-11,276.15,287.00,267.50,275.05,14376
2019-04-12,273.05,277.70,265.05,269.45,31719
2019-04-15,269.10,269.20,260.00,260.50,1616
2019-04-16,261.90,264.00,253.50,262.10,1292
2019-04-18,259.90,262.00,256.05,257.55,494
2019-04-22,254.90,257.90,253.95,256.60,11324
2019-04-23,267.00,267.00,242.40,247.85,3384
2019-04-24,241.00,251.95,241.00,247.60,1189
2019-04-25,246.95,255.45,245.00,250.55,776
2019-04-26,251.20,252.65,245.00,246.50,1565
2019-04-30,246.15,246.15,228.55,229.80,3732
2019-05-02,229.05,242.50,226.65,230.20,2574
2019-05-03,230.20,235.05,216.40,227.05,1777
2019-05-06,230.25,230.40,213.40,220.45,378
2019-05-07,222.85,224.05,212.05,214.50,865
2019-05-08,211.95,217.60,204.00,214.50,1043
2019-05-09,213.90,217.00,202.40,215.65,1382
2019-05-10,215.50,222.90,215.50,217.20,215
2019-05-13,212.60,224.90,211.50,214.70,893
2019-05-14,212.00,218.00,201.80,210.40,2708
2019-05-15,217.00,217.00,210.55,212.05,1073
2019-05-16,217.40,219.00,210.05,217.80,1716
2019-05-17,217.00,235.50,215.05,226.45,1452
2019-05-20,230.00,259.60,229.00,242.60,1382
2019-05-21,241.95,241.95,225.60,226.45,2132
2019-05-22,227.00,240.00,226.00,233.80,3130
2019-05-23,235.00,238.95,228.00,231.95,1714
2019-05-24,231.95,233.90,228.30,230.95,547
2019-05-27,235.00,239.80,233.00,238.10,896
2019-05-28,245.00,284.95,233.10,245.45,8417
2019-05-29,240.50,273.90,235.00,269.85,27770
2019-05-30,280.00,284.50,272.00,278.55,5383
2019-05-31,290.00,294.50,269.00,287.60,10157
2019-06-03,287.60,300.00,277.25,293.85,13597
2019-06-04,293.85,298.90,283.40,292.80,4676
2019-06-06,290.00,290.00,283.50,284.20,663
2019-06-07,278.00,323.80,272.05,316.40,30873
2019-06-10,330.00,335.00,315.00,326.75,13790
2019-06-11,338.95,338.95,313.00,322.50,2326
2019-06-12,319.00,328.00,311.10,324.40,1281
2019-06-13,320.05,330.00,313.10,324.45,3266
2019-06-14,320.60,340.00,301.00,308.20,10462
2019-06-17,310.00,310.00,270.30,282.30,2347
2019-06-18,291.65,306.95,281.00,299.35,4970
2019-06-19,300.00,300.00,284.40,286.90,1755
2019-06-20,280.00,298.00,278.00,290.35,1716
2019-06-21,290.00,305.00,280.40,300.05,10973
2019-06-24,300.00,310.00,283.60,305.05,10025
2019-06-25,316.65,316.70,290.50,295.15,1070
2019-06-26,299.85,306.70,290.00,299.00,816
2019-06-27,301.00,306.00,292.20,295.10,1127
2019-06-28,302.00,304.90,294.00,300.70,4996
2019-07-01,295.00,309.90,294.10,308.70,5089
2019-07-02,293.70,314.90,293.70,314.90,6
2019-07-03,310.00,320.00,302.00,318.95,1301
2019-07-04,305.00,314.95,303.75,314.75,292
2019-07-05,314.50,318.00,303.10,317.50,3542
2019-07-08,315.00,315.00,301.65,308.75,713
2019-07-09,296.00,307.70,296.00,305.40,120
2019-07-10,305.40,305.40,291.00,299.95,185
2019-07-11,299.95,306.80,285.00,297.05,1291
2019-07-12,297.05,306.90,296.50,305.75,1032
2019-07-15,290.70,302.00,290.50,300.00,614
2019-07-16,285.00,301.50,285.00,301.35,4762
2019-07-17,300.00,310.00,286.50,302.00,3505
2019-07-18,288.00,299.90,288.00,298.90,1115
2019-07-19,284.10,299.95,284.00,295.45,51
2019-07-22,282.00,289.90,282.00,282.45,153
2019-07-23,282.45,290.00,282.00,287.10,221
2019-07-24,273.10,290.00,273.10,285.10,536
2019-07-25,279.00,284.70,270.85,276.00,5427
2019-07-26,278.00,278.00,266.00,271.00,640
2019-07-29,271.00,271.00,257.45,266.95,952
2019-07-30,266.95,266.95,253.65,253.65,239
2019-07-31,253.65,266.20,241.00,260.90,4721
2019-08-01,250.05,250.05,250.00,250.00,433
2019-08-02,250.00,261.80,238.00,251.25,6107
2019-08-05,238.70,259.90,238.70,259.90,37
2019-08-06,246.95,257.00,246.95,250.00,572
2019-08-07,239.10,240.60,237.50,237.50,517
2019-08-08,237.00,237.00,225.65,225.65,885
2019-08-09,227.00,227.00,214.50,223.40,8545
2019-08-13,220.00,230.00,212.25,222.65,792
2019-08-14,228.00,228.00,213.55,224.50,660
2019-08-19,228.00,228.00,213.30,223.80,666
2019-08-20,215.00,223.00,212.65,212.65,161
2019-08-21,209.00,215.00,204.00,215.00,215
2019-08-22,205.05,205.10,205.05,205.05,209
2019-08-23,205.00,214.00,204.80,204.90,198
2019-08-26,213.00,213.00,213.00,213.00,251
2019-08-27,203.00,218.00,203.00,218.00,181
2019-08-28,218.00,218.00,207.10,215.00,69
2019-08-29,207.00,221.90,207.00,207.25,43
2019-08-30,200.00,217.00,200.00,202.50,135
2019-09-03,194.00,212.00,194.00,212.00,31
2019-09-04,212.00,212.00,212.00,212.00,3
2019-09-05,212.00,212.00,202.00,202.00,281
2019-09-06,210.95,210.95,202.50,202.50,32
2019-09-09,212.50,212.50,202.50,202.50,128
2019-09-11,202.10,212.00,200.00,209.00,1047
2019-09-12,215.00,215.00,214.90,214.90,25
2019-09-13,221.00,221.00,206.00,206.10,403
2019-09-16,205.00,216.00,205.00,216.00,9
2019-09-17,215.00,218.95,205.20,209.95,1413
2019-09-18,201.00,217.00,201.00,208.60,696
2019-09-19,212.00,212.00,199.25,200.25,1027
2019-09-20,209.90,209.90,195.05,205.95,1166
2019-09-23,205.95,209.00,197.15,204.30,101
2019-09-24,195.05,209.95,195.00,203.30,764
2019-09-25,198.60,210.00,194.00,197.30,1681
2019-09-26,198.00,204.90,187.45,188.20,2130
2019-09-27,191.90,193.70,179.30,184.00,1259
2019-09-30,180.00,180.00,174.80,174.90,739
2019-10-01,172.00,182.80,166.20,174.55,864
2019-10-03,175.00,179.80,167.05,171.80,649
2019-10-04,175.00,175.00,171.80,172.05,96
2019-10-07,170.00,170.95,168.00,168.00,182
2019-10-09,162.00,162.00,159.60,159.60,687
2019-10-10,159.60,166.90,151.65,154.50,1625
2019-10-11,154.50,159.55,147.00,150.35,451
2019-10-14,150.35,150.35,142.85,142.95,713
2019-10-15,143.00,146.90,135.85,135.85,1325
2019-10-16,130.10,130.10,129.10,129.10,1313
2019-10-17,129.00,129.00,122.65,122.65,773
2019-10-18,117.00,128.00,116.55,118.65,6335
2019-10-22,118.00,124.55,113.55,123.45,1062
2019-10-23,129.00,129.60,125.00,126.90,632
2019-10-24,133.00,133.20,130.00,133.00,4967
2019-10-25,130.00,136.95,130.00,136.25,468
2019-10-29,130.30,137.50,130.30,133.60,1212
2019-10-30,134.90,138.95,128.00,129.95,1255
2019-10-31,134.00,136.40,131.05,136.40,2060
2019-11-01,136.40,143.20,136.35,142.95,2546
2019-11-04,136.05,150.05,136.05,150.05,2148
2019-11-05,155.00,157.55,150.00,157.55,828
2019-11-06,165.40,165.40,150.20,156.90,6382
2019-11-07,160.00,160.00,150.30,158.05,2515
2019-11-08,158.00,159.00,153.10,156.25,1728
2019-11-11,156.25,156.80,148.45,156.20,3720
2019-11-13,155.00,164.00,155.00,162.25,973
2019-11-14,170.35,170.35,162.05,163.00,6417
2019-11-15,168.90,170.75,158.00,164.35,5788
2019-11-18,159.05,169.80,159.05,168.95,2445
2019-11-19,169.00,173.00,164.05,164.10,657
2019-11-20,160.00,169.60,160.00,165.10,871
2019-11-21,166.10,171.00,160.15,165.10,8334
2019-11-22,161.10,169.00,161.10,168.85,665
2019-11-25,162.00,172.00,160.45,161.95,7176
2019-11-26,166.00,166.00,159.95,161.35,884
2019-11-27,162.50,168.80,161.00,163.05,1353
2019-11-28,160.00,168.40,156.05,165.70,457
2019-11-29,161.00,167.10,160.00,164.85,943
2019-12-02,162.00,166.50,162.00,162.15,1774
2019-12-03,158.00,166.25,158.00,164.00,579
2019-12-04,156.15,164.00,155.80,163.40,1427
2019-12-05,158.30,166.80,158.15,162.25,475
2019-12-06,162.00,165.00,158.55,162.55,1284
2019-12-09,157.00,163.05,150.00,154.40,2100
2019-12-10,156.05,163.30,152.00,157.45,437
2019-12-11,157.45,163.60,148.05,153.90,63684
2019-12-12,159.00,159.95,147.05,147.45,64693
2019-12-13,147.60,148.85,136.50,138.45,2599
2019-12-16,138.05,143.55,138.05,140.05,2942
2019-12-17,141.00,142.00,136.05,139.00,774
2019-12-18,139.00,144.95,139.00,142.60,448
2019-12-19,142.05,145.80,137.00,139.10,927
2019-12-20,139.00,144.50,139.00,140.70,956
2019-12-23,139.00,143.80,127.00,132.80,3810
2019-12-24,130.05,138.75,129.10,131.15,1727
2019-12-26,138.00,142.00,134.00,140.85,1713
2019-12-27,145.00,154.90,145.00,154.90,2306
2019-12-30,156.10,170.35,156.10,170.35,3380
2019-12-31,176.90,187.35,169.95,187.00,8738
2020-01-01,194.00,196.35,183.00,195.10,8465
2020-01-02,202.95,203.00,187.40,192.00,4057
2020-01-03,192.15,192.15,182.40,182.40,2240
2020-01-06,182.00,182.00,173.30,173.30,1289
2020-01-07,170.00,171.00,164.65,167.15,8297
2020-01-08,165.00,166.90,160.45,163.10,1091
2020-01-09,166.90,171.25,164.10,171.25,1138
2020-01-10,179.80,179.80,171.30,179.80,931
2020-01-13,188.70,188.75,181.70,183.50,2772
2020-01-14,175.85,183.95,174.75,183.85,824
2020-01-15,183.85,190.00,176.00,182.20,22546
2020-01-16,182.20,187.35,177.70,180.15,1972
2020-01-17,184.95,184.95,177.80,182.85,341
2020-01-20,175.20,188.85,175.20,178.00,2413
2020-01-21,172.00,185.40,172.00,183.90,1514
2020-01-22,177.65,184.70,177.00,177.15,2143
2020-01-23,182.95,183.00,173.45,179.35,790
2020-01-24,179.35,184.90,178.20,180.10,647
2020-01-27,180.90,186.00,176.30,177.50,443
2020-01-28,171.00,181.00,170.00,173.90,1654
2020-01-29,173.90,182.55,172.10,179.60,3824
2020-01-30,183.00,183.00,172.70,173.35,714
2020-01-31,172.00,178.90,172.00,175.00,1654
2020-02-01,181.00,181.00,168.35,171.55,1060
2020-02-03,171.85,175.50,170.05,170.40,691
2020-02-04,168.00,177.25,165.20,170.80,1497
2020-02-05,175.00,178.90,168.10,169.20,538
2020-02-06,168.35,184.45,163.35,173.90,645
2020-02-07,175.00,183.90,161.00,170.95,382
2020-02-10,171.00,171.00,165.05,165.45,1633
2020-02-11,178.25,178.25,160.05,166.35,2786
2020-02-12,172.90,172.90,165.00,165.00,620
2020-02-13,174.95,174.95,165.95,170.40,531
2020-02-14,174.05,177.95,167.95,169.30,758
2020-02-17,168.30,168.30,152.40,152.40,2582
2020-02-18,150.00,150.00,137.20,137.20,4065
2020-02-19,137.20,144.00,126.60,135.70,1315
2020-02-20,136.60,146.80,134.80,145.35,2751
2020-02-24,145.35,145.35,130.85,137.00,8829
2020-02-25,139.90,139.90,132.25,135.50,365
2020-02-26,123.50,143.90,123.50,135.00,501
2020-02-27,127.20,140.00,125.00,134.10,721
2020-02-28,135.00,135.00,130.00,131.40,395
2020-03-02,131.40,144.50,121.25,131.75,2489
2020-03-03,139.85,139.85,125.60,131.10,1022
2020-03-04,127.00,135.00,126.00,130.75,405
2020-03-05,129.00,136.00,121.00,130.05,805
2020-03-06,131.00,131.00,117.10,120.15,2318
2020-03-09,119.00,129.85,110.20,112.20,3273
2020-03-11,117.80,117.80,112.00,114.95,754
2020-03-12,112.95,112.95,109.25,111.00,2303
2020-03-13,109.15,109.15,105.45,105.45,1882
2020-03-16,104.60,104.60,100.20,101.65,742
2020-03-17,98.20,101.30,98.00,98.15,143
2020-03-18,98.20,98.20,94.00,95.90,800
2020-03-19,94.00,94.00,91.15,91.15,507
2020-03-20,94.00,94.00,87.00,90.85,1206
2020-03-23,90.85,95.00,86.35,86.35,6750
2020-03-24,83.00,84.30,82.05,82.05,919
2020-03-25,78.00,83.90,77.95,77.95,303624
2020-03-26,77.95,77.95,74.10,74.10,2462
2020-03-27,74.10,75.85,70.70,73.10,72306
2020-03-30,72.10,75.90,69.45,71.80,238237
2020-03-31,70.20,75.35,70.05,73.15,2408
2020-04-01,76.80,76.80,72.20,75.35,1955
2020-04-03,72.25,78.80,72.25,78.60,740
2020-04-07,75.50,82.40,75.10,80.50,2901
2020-04-08,82.00,84.50,78.05,83.95,2043
2020-04-09,88.10,88.10,82.10,88.00,1611
2020-04-13,90.00,90.00,85.50,86.20,1823
2020-04-15,84.95,89.95,82.35,88.85,1070
2020-04-16,84.50,92.90,84.45,88.10,1392
2020-04-17,88.00,92.50,84.10,87.10,5335
2020-04-20,89.90,89.90,82.75,83.30,10572
2020-04-21,83.20,86.80,79.15,79.15,9289
2020-04-22,78.95,78.95,75.20,76.60,4445
2020-04-23,78.80,79.70,76.20,77.95,2116
2020-04-24,79.95,79.95,75.20,77.85,20667
2020-04-27,79.25,81.70,76.15,81.55,4252
2020-04-28,85.60,85.60,78.70,85.60,9015
2020-04-29,89.85,89.85,89.85,89.85,471
2020-04-30,94.30,94.30,94.30,94.30,516
2020-05-04,99.00,99.00,89.60,95.75,10619
2020-05-05,98.70,100.50,98.70,100.50,1603
2020-05-06,105.50,105.50,105.00,105.50,1444
2020-05-07,110.75,110.75,110.75,110.75,1238
2020-05-08,116.20,116.25,105.25,105.25,12738
2020-05-11,101.00,102.00,100.00,100.00,4975
2020-05-12,95.00,98.80,95.00,95.00,2380
2020-05-13,95.00,98.50,90.70,93.55,4098
2020-05-14,97.95,97.95,88.90,88.90,6393
2020-05-15,88.90,90.80,84.50,88.75,3275
2020-05-18,85.10,87.90,84.35,84.35,1109
2020-05-19,84.00,87.30,81.00,81.30,3639
2020-05-20,81.30,83.35,80.00,80.70,875
2020-05-21,83.45,84.70,80.30,84.70,2156
2020-05-22,84.70,88.90,82.10,86.95,4067
2020-05-26,86.75,91.25,83.00,87.70,9284
2020-05-27,85.50,90.15,84.40,86.75,4253
2020-05-28,87.00,88.00,85.00,86.40,1820
2020-05-29,86.15,88.00,84.05,86.25,1129
2020-06-01,89.85,90.40,86.55,88.05,2310
2020-06-02,90.05,92.45,88.05,91.75,5395
2020-06-03,92.45,96.30,92.45,96.30,6175
2020-06-04,101.10,101.10,95.30,96.00,5110
2020-06-05,100.00,104.95,87.20,100.50,11384
2020-06-08,101.00,110.55,101.00,108.75,9188
2020-06-09,113.00,117.00,102.00,108.25,7093
2020-06-10,102.10,110.00,102.10,106.75,1850
2020-06-11,108.05,108.05,101.00,102.30,4828
2020-06-12,94.00,103.95,94.00,98.15,11223
2020-06-15,100.00,105.90,98.50,101.60,6602
2020-06-16,104.00,104.00,95.00,96.95,12144
2020-06-17,102.95,102.95,93.20,95.35,13544
2020-06-18,96.90,98.95,95.55,98.35,4736
2020-06-19,98.35,101.80,98.05,100.80,9631
2020-06-22,110.80,110.80,100.00,104.50,9853
2020-06-23,101.00,111.00,101.00,109.55,13363
2020-06-24,116.00,120.50,108.25,120.50,17309
2020-06-25,128.00,132.55,121.00,132.55,30754
2020-06-26,139.00,139.15,138.00,139.15,5702
2020-06-29,146.10,146.10,146.10,146.10,1842
2020-06-30,153.40,153.40,138.80,140.55,44134
2020-07-01,138.00,147.55,133.55,142.60,15078
2020-07-02,142.60,148.60,139.00,143.65,3812
2020-07-03,140.70,145.00,140.70,141.90,2486
2020-07-06,142.00,144.70,140.05,143.10,3609
2020-07-07,140.10,144.90,140.10,140.20,2662
2020-07-08,139.00,143.00,139.00,140.35,3529
2020-07-09,140.50,145.00,139.10,142.95,4148
2020-07-10,142.00,145.00,141.00,142.30,3797
2020-07-13,142.10,149.35,142.10,144.00,8978
2020-07-14,145.00,147.00,142.50,143.15,1897
2020-07-15,149.80,149.80,142.00,143.05,1836
2020-07-16,140.00,141.00,137.25,137.25,1688
2020-07-17,139.95,140.00,132.70,139.50,2100
2020-07-20,139.50,143.65,135.05,140.15,6749
2020-07-21,139.10,143.00,139.10,140.60,5442
2020-07-22,140.90,144.00,135.25,137.05,2548
2020-07-23,141.00,142.50,137.05,138.40,1266
2020-07-24,141.90,141.90,135.15,140.30,815
2020-07-27,135.10,140.30,134.60,135.80,1060
2020-07-28,131.55,138.85,131.55,134.55,800
2020-07-29,131.80,139.25,129.00,132.10,2560
2020-07-30,132.10,137.85,125.50,125.60,23684
2020-07-31,125.60,128.20,119.35,120.40,11094
2020-08-03,122.00,126.00,114.40,116.80,2739
2020-08-04,116.80,121.15,111.00,117.40,5365
2020-08-05,117.10,123.25,112.65,123.05,5989
2020-08-06,123.00,129.20,122.15,129.20,4888
2020-08-07,129.20,135.65,126.95,135.65,2522
2020-08-10,139.00,142.40,138.50,142.40,13288
2020-08-11,145.00,149.50,145.00,149.50,41143
2020-08-12,151.00,155.00,142.05,143.85,7801
2020-08-13,139.85,148.75,139.20,144.55,4509
2020-08-14,142.50,151.75,140.90,150.85,7566
2020-08-17,152.00,155.00,146.05,154.75,9565
2020-08-18,155.00,162.45,154.00,161.65,606837
2020-08-19,169.70,169.70,167.00,169.70,24280
2020-08-20,178.15,178.15,170.30,176.40,33672
2020-08-21,178.15,185.20,170.00,184.85,49232
2020-08-24,185.50,194.05,183.45,189.40,33821
2020-08-25,192.00,198.85,190.00,193.55,12959
2020-08-26,196.00,198.00,185.30,191.05,14193
2020-08-27,192.50,192.50,182.00,184.95,4471
2020-08-28,184.10,192.00,184.10,184.10,3616
2020-08-31,189.90,189.90,176.20,178.75,2565
2020-09-01,178.75,183.95,175.00,178.50,1598
2020-09-02,178.50,182.20,178.50,181.70,724
2020-09-03,184.00,184.00,180.00,180.00,153
2020-09-04,180.00,185.00,171.05,182.95,856
2020-09-07,182.85,182.85,175.00,176.00,630
2020-09-08,183.95,183.95,173.00,175.50,2184
2020-09-09,173.00,175.50,167.05,172.25,823
2020-09-10,170.00,170.00,163.75,170.00,1546
2020-09-11,170.00,177.55,170.00,170.05,1057
2020-09-14,177.95,177.95,170.80,171.70,969
2020-09-15,170.80,174.95,164.80,165.65,503
2020-09-16,165.90,173.70,165.65,166.05,676
2020-09-17,166.05,170.00,164.60,166.00,593
2020-09-18,166.10,172.50,166.00,166.00,421
2020-09-21,166.10,166.10,160.00,160.00,2512
2020-09-22,160.00,167.80,155.00,164.90,531
2020-09-23,160.00,171.95,160.00,160.00,926
2020-09-24,158.00,160.00,153.05,153.20,2400
2020-09-25,158.00,159.00,152.00,158.95,345
2020-09-28,155.20,160.00,155.20,156.00,981
2020-09-29,155.25,163.80,155.25,156.00,136
2020-09-30,148.50,160.00,148.50,159.65,128
2020-10-01,155.35,163.00,155.25,156.35,2472
2020-10-05,160.00,160.00,155.25,156.10,1488
2020-10-06,162.90,162.90,155.60,160.00,316
2020-10-07,155.35,163.00,155.25,155.25,1076
2020-10-08,163.00,163.00,155.25,155.25,411
2020-10-09,155.25,161.25,155.25,161.25,592
2020-10-12,161.00,161.00,154.00,154.00,765
2020-10-13,151.00,153.00,146.30,153.00,499
2020-10-14,150.00,153.00,150.00,150.00,813
2020-10-15,150.00,152.95,145.00,145.30,2544
2020-10-16,145.30,150.25,138.05,147.80,1079
2020-10-19,141.10,149.90,141.00,146.75,467
2020-10-20,146.50,146.70,140.05,145.50,584
2020-10-21,145.50,147.00,140.05,140.25,2160
2020-10-22,141.00,146.95,141.00,144.95,827
2020-10-23,144.95,144.95,137.85,141.80,522
2020-10-26,144.40,144.40,135.15,141.80,1706
2020-10-27,139.15,142.00,134.80,135.95,661
2020-10-28,132.15,139.40,132.10,133.40,1052
2020-10-29,135.00,135.00,127.35,133.50,983
2020-10-30,139.90,139.90,130.00,131.10,1245
2020-11-02,131.40,131.40,131.40,131.40,1
2020-11-03,137.80,137.80,132.35,132.40,679
2020-11-04,133.10,137.70,132.40,137.45,222
2020-11-05,137.45,141.95,137.45,137.45,2628
2020-11-06,132.05,142.00,132.05,135.10,1563
2020-11-09,135.15,141.35,132.05,137.95,318
2020-11-10,132.05,143.80,131.10,137.40,4995
2020-11-11,136.05,136.05,131.00,132.75,1304
2020-11-12,126.50,138.00,126.50,133.45,2025
2020-11-13,131.00,140.00,131.00,138.35,1725
2020-11-14,134.20,139.80,134.20,138.85,161
2020-11-17,138.80,144.20,135.05,139.90,1039
2020-11-18,139.90,146.40,138.00,142.95,2629
2020-11-19,142.55,147.05,140.00,140.85,2817
2020-11-20,147.00,147.00,137.40,141.05,905
2020-11-23,144.00,144.95,137.55,140.15,1245
2020-11-24,142.95,145.95,137.00,141.55,6866
2020-11-25,140.00,147.00,139.00,140.25,6641
2020-11-26,139.25,142.75,135.00,137.60,2151
2020-11-27,138.00,144.00,138.00,142.20,4646
2020-12-01,140.95,144.00,140.95,143.35,1763
2020-12-02,145.00,145.00,140.00,141.25,3131
2020-12-03,139.25,144.50,138.80,142.35,3175
2020-12-04,143.90,144.65,140.30,142.10,1299
2020-12-07,144.50,156.30,144.50,156.05,16728
2020-12-08,167.00,167.00,153.05,156.50,4401
2020-12-09,150.05,156.85,150.05,153.25,2891
2020-12-10,157.00,157.00,150.10,155.55,1987
2020-12-11,157.40,157.50,151.05,154.55,2644
2020-12-14,168.00,168.00,151.25,153.25,5597
2020-12-15,155.55,157.00,151.00,152.50,3747
2020-12-16,157.50,157.50,150.00,151.40,5883
2020-12-17,153.05,153.90,150.00,150.05,2913
2020-12-18,151.40,151.50,145.00,149.90,2227
2020-12-21,142.55,149.50,137.00,143.35,8282
2020-12-22,146.95,147.00,130.00,141.00,2994
2020-12-23,145.50,147.00,139.90,143.15,2283
2020-12-24,146.00,150.00,144.00,146.70,1801
2020-12-28,145.45,152.30,145.45,149.80,1754
2020-12-29,151.00,152.00,147.00,149.10,3728
2020-12-30,149.10,149.95,146.05,148.45,2212
2020-12-31,150.55,156.40,145.70,148.20,4150
2021-01-01,149.50,152.00,143.55,151.45,5474
2021-01-04,154.00,154.45,148.05,150.85,6671
2021-01-05,148.00,157.50,147.20,152.70,12313
2021-01-06,153.95,156.30,149.70,152.25,4179
2021-01-07,150.45,157.50,150.45,154.40,39086
2021-01-08,155.30,157.50,152.95,156.35,36019
2021-01-11,159.30,159.30,151.00,153.80,7392
2021-01-12,153.80,156.65,151.50,153.25,4962
2021-01-13,156.00,156.00,148.00,150.35,8272
2021-01-14,151.45,154.05,148.00,149.65,4061
2021-01-15,154.00,154.00,137.00,149.30,5227
2021-01-18,149.30,151.00,145.00,145.55,1213
2021-01-19,146.55,149.65,143.35,147.45,3751
2021-01-20,149.00,149.00,132.75,136.75,2221
2021-01-21,141.60,149.90,141.55,145.70,17068
2021-01-22,145.70,145.70,142.50,142.50,4655
2021-01-25,137.10,147.35,135.05,136.05,3200
2021-01-27,139.25,141.00,137.10,138.05,2766
2021-01-28,135.65,144.25,135.25,139.90,2400
2021-01-29,143.00,143.00,132.35,138.50,1358
2021-02-01,144.50,144.85,135.00,139.80,2395
2021-02-02,143.20,144.35,134.50,138.80,4137
2021-02-03,138.90,139.40,137.50,139.00,1395
2021-02-04,143.90,143.90,137.00,139.15,7474
2021-02-05,144.60,166.95,144.60,166.95,163645
2021-02-08,170.00,176.40,160.80,163.95,67467
2021-02-09,167.00,175.00,159.55,164.20,16329
2021-02-10,161.00,164.55,157.20,160.45,5447
2021-02-11,161.45,171.75,160.55,168.10,9529
2021-02-12,170.80,171.00,160.00,165.80,25730
2021-02-15,156.00,182.00,156.00,158.60,12636
2021-02-16,163.00,163.00,155.00,156.00,3587
2021-02-17,158.55,158.55,155.00,155.10,5452
2021-02-18,155.00,158.30,155.00,155.00,3069
2021-02-19,155.40,156.40,155.00,155.05,3921
2021-02-22,156.85,156.85,143.00,145.25,6701
2021-02-23,146.00,149.65,145.00,147.70,4350
2021-02-24,152.05,155.00,147.00,152.70,1650
2021-02-25,155.60,155.70,146.65,149.40,8203
2021-02-26,150.10,154.00,147.40,151.10,1423
2021-03-01,153.75,153.75,147.00,147.75,6498
2021-03-02,148.10,157.65,148.10,152.70,9437
2021-03-03,152.90,153.30,149.35,150.40,3477
2021-03-04,151.85,152.85,150.35,151.20,5701
2021-03-05,151.20,152.55,149.35,149.75,2836
2021-03-08,152.60,152.60,146.55,149.55,3179
2021-03-09,150.55,153.55,146.00,146.65,2280
2021-03-10,149.80,152.10,146.25,146.75,4360
2021-03-12,149.65,149.70,147.70,148.35,614
2021-03-15,146.05,149.90,146.00,149.75,7253
2021-03-16,152.00,153.30,149.95,151.00,18273
2021-03-17,153.25,153.25,148.00,148.70,2458
2021-03-18,148.30,149.40,146.00,147.00,2825
2021-03-19,151.50,153.30,145.00,149.60,4985
2021-03-22,156.85,164.70,152.00,159.35,39957
2021-03-23,163.80,168.55,162.00,163.00,15550
2021-03-24,163.40,166.95,156.25,159.00,14583
2021-03-25,159.00,162.65,152.55,155.40,5700
2021-03-26,155.80,164.05,155.75,156.25,7970
2021-03-30,159.95,168.50,159.60,168.10,29292
2021-03-31,169.00,174.30,163.00,169.95,340431
2021-04-01,170.00,198.70,170.00,188.55,96744
2021-04-05,193.75,219.80,180.80,214.00,208376
2021-04-06,216.00,249.00,215.95,225.25,192900
2021-04-07,230.05,242.00,227.00,232.10,62751
2021-04-08,234.70,237.95,217.70,223.30,34579
2021-04-09,224.00,230.90,216.00,220.35,20218
2021-04-12,219.00,219.00,200.00,200.45,25605
2021-04-13,201.05,212.95,200.00,201.65,6895
2021-04-15,200.00,206.25,195.55,197.50,7074
2021-04-16,201.95,205.95,194.00,197.25,5649
2021-04-19,194.00,200.85,186.00,186.90,13712
2021-04-20,191.75,199.75,190.95,194.10,7399
2021-04-22,207.00,207.00,195.30,200.50,5680
2021-04-23,201.05,203.60,192.90,193.95,5122
2021-04-26,199.05,203.60,180.00,190.65,5282
2021-04-27,200.00,200.00,185.00,193.35,1637
2021-04-28,200.00,200.00,185.00,195.00,1633
2021-04-29,198.90,200.05,190.00,192.15,1982
2021-04-30,192.00,199.00,182.55,197.80,5711
2021-05-03,190.00,199.00,190.00,192.40,1982
2021-05-04,195.05,198.00,192.05,194.70,1422
2021-05-05,193.00,198.00,193.00,195.75,2336
2021-05-06,195.75,199.00,190.00,195.50,1733
2021-05-07,198.40,205.25,198.30,205.05,11675
2021-05-10,208.00,215.20,198.00,209.10,17753
2021-05-11,213.90,213.90,199.05,204.30,3980
2021-05-12,204.95,209.90,200.75,205.20,2783
2021-05-14,205.20,210.00,200.75,207.20,3988
2021-05-17,209.95,209.95,200.15,203.20,2628
2021-05-18,207.50,207.50,202.05,204.70,1119
2021-05-19,203.00,208.75,201.05,206.25,3183
2021-05-20,206.00,208.50,200.15,207.55,2848
2021-05-21,208.95,208.95,201.00,203.00,4385
2021-05-24,203.00,210.00,201.00,209.35,9554
2021-05-25,209.30,209.90,203.00,207.00,2077
2021-05-26,213.00,213.00,206.05,210.45,4330
2021-05-27,205.00,213.00,205.00,211.55,1738
2021-05-28,218.00,221.00,214.50,216.65,8413
2021-05-31,216.00,223.90,210.10,218.50,3356
2021-06-01,208.05,219.00,208.05,212.90,3274
2021-06-02,216.80,216.80,209.00,214.15,2140
2021-06-03,214.15,218.00,208.95,214.40,5519
2021-06-04,213.00,216.15,209.00,215.00,4109
2021-06-07,208.00,222.00,208.00,217.25,5009
2021-06-08,220.00,220.00,210.05,218.10,2865
2021-06-09,218.10,225.00,216.00,221.35,8625
2021-06-10,221.35,229.75,220.00,224.00,7892
2021-06-11,229.00,232.00,224.00,231.75,13118
2021-06-14,231.75,243.30,229.00,243.30,16249
2021-06-15,243.30,255.45,238.30,254.70,16826
2021-06-16,264.00,264.90,250.00,251.60,21827
2021-06-17,255.00,255.00,240.20,245.00,3996
2021-06-18,244.00,245.00,232.75,241.40,8088
2021-06-21,243.00,243.00,229.35,231.25,8114
2021-06-22,233.50,242.80,233.50,242.80,18014
2021-06-23,243.20,254.90,243.20,253.50,16750
2021-06-24,260.00,260.00,246.00,246.90,2338
2021-06-25,246.80,252.00,244.00,249.60,2865
2021-06-28,251.00,255.00,247.10,249.65,2784
2021-06-29,248.00,262.10,241.15,247.00,5538
2021-06-30,257.90,257.90,241.10,250.50,8663
2021-07-01,251.50,254.00,241.00,244.35,2877
2021-07-02,242.00,252.00,241.10,249.65,1696
2021-07-05,254.95,254.95,242.20,253.70,3838
2021-07-06,245.10,256.00,245.10,248.35,3125
2021-07-07,256.00,257.00,248.05,249.15,2117
2021-07-08,246.60,252.00,246.60,247.00,1357
2021-07-09,246.90,252.00,246.90,249.00,1492
2021-07-12,252.00,252.00,244.40,246.90,1392
2021-07-13,246.90,246.90,242.25,246.05,702
2021-07-14,242.30,251.80,242.30,248.95,854
2021-07-15,252.00,252.00,242.00,244.35,1623
2021-07-16,242.10,249.80,242.10,244.95,1745
2021-07-19,245.00,249.85,240.00,243.10,1354
2021-07-20,249.80,249.80,235.00,236.35,3611
2021-07-22,236.40,244.95,233.25,236.40,1459
2021-07-23,236.05,241.70,232.05,235.10,3877
2021-07-26,232.50,236.35,226.95,227.85,4783
2021-07-27,222.95,230.00,222.95,226.95,2277
2021-07-28,226.40,238.25,223.95,228.35,14406
2021-07-29,229.75,235.75,228.00,229.95,2137
2021-07-30,235.00,235.00,225.00,230.50,3259
2021-08-02,235.30,235.30,223.10,224.30,5586
2021-08-03,231.00,231.00,217.70,218.95,9934
2021-08-04,229.80,229.80,220.00,220.65,1861
2021-08-05,218.45,231.65,216.20,231.65,16054
2021-08-06,246.60,246.60,222.50,229.75,6182
2021-08-09,229.75,234.00,219.50,228.05,11400
2021-08-10,239.00,239.00,219.00,220.85,6008
2021-08-11,222.95,230.80,207.00,212.20,11506
2021-08-12,216.10,232.90,216.00,227.40,5801
2021-08-13,231.05,231.05,221.00,224.45,1870
2021-08-16,227.45,227.45,218.10,220.30,2431
2021-08-17,228.10,228.10,212.00,216.40,3043
2021-08-18,220.00,224.15,207.40,208.80,2964
2021-08-20,201.00,211.25,201.00,207.20,4640
2021-08-23,210.00,215.10,198.00,203.00,5975
2021-08-24,203.55,214.00,202.55,203.90,2444
2021-08-25,219.00,219.00,205.45,207.75,1892
2021-08-26,207.85,211.15,201.70,203.55,1293
2021-08-27,214.00,214.00,202.00,210.75,1847
2021-08-30,210.60,212.10,207.00,210.85,1040
2021-08-31,210.90,212.20,210.00,212.00,1053
2021-09-01,224.00,224.00,208.00,209.80,3779
2021-09-02,217.90,221.00,208.10,216.45,2066
2021-09-03,216.00,219.00,214.00,215.60,4577
2021-09-06,215.00,217.85,214.30,215.40,1673
2021-09-07,214.55,216.10,210.00,211.75,1231
2021-09-08,211.25,214.40,208.00,210.25,1284
2021-09-09,209.10,214.80,209.10,211.95,1011
2021-09-13,210.00,214.90,210.00,213.60,1666
2021-09-14,220.00,220.00,210.05,212.60,1777
2021-09-15,218.00,224.00,210.40,213.05,2846
2021-09-16,217.70,217.70,208.80,210.15,4474
2021-09-17,207.35,214.10,207.35,210.25,1500
2021-09-20,206.05,210.45,206.05,206.50,3370
2021-09-21,206.50,207.00,185.85,189.40,49720
2021-09-22,195.95,208.30,195.95,208.30,32193
2021-09-23,218.00,229.10,216.90,229.10,32574
2021-09-24,237.00,244.95,211.10,221.30,53954
2021-09-27,227.00,227.00,212.45,215.80,3748
2021-09-28,213.00,225.00,213.00,220.75,4863
2021-09-29,216.40,224.45,216.40,218.00,6572
2021-09-30,216.25,228.25,210.30,223.00,15182
2021-10-01,228.00,228.00,218.70,222.05,5660
2021-10-04,220.60,244.00,220.10,233.30,39428
2021-10-05,235.00,242.15,223.10,229.20,8602
2021-10-06,233.95,235.00,226.45,228.85,3580
2021-10-07,229.00,239.85,225.00,229.35,4779
2021-10-08,233.00,233.75,225.25,226.80,4033
2021-10-11,230.00,230.00,221.80,223.35,1876
2021-10-12,221.00,237.95,221.00,225.45,3901
2021-10-13,221.25,230.80,221.25,226.75,6069
2021-10-14,229.90,230.25,224.00,224.70,2196
2021-10-18,225.00,228.95,224.70,225.75,2958
2021-10-19,225.75,228.80,220.10,222.30,4270
2021-10-20,220.00,228.60,212.10,215.95,6131
2021-10-21,223.90,223.90,215.00,216.00,903
2021-10-22,212.85,220.45,212.75,213.95,3078
2021-10-25,212.00,212.00,205.00,206.65,2543
2021-10-26,220.00,220.00,207.00,211.65,2457
2021-10-27,215.85,215.85,205.70,208.90,3723
2021-10-28,208.25,210.75,202.20,206.25,5044
2021-10-29,206.15,209.90,201.10,205.20,1300
2021-11-01,202.90,209.15,202.90,205.30,3334
2021-11-02,205.95,207.50,193.25,200.05,5019
2021-11-03,202.30,209.45,202.00,203.40,3748
2021-11-04,203.00,205.00,196.00,200.60,2130
2021-11-08,204.95,205.00,198.05,200.65,5378
2021-11-09,200.70,201.85,197.00,199.20,5083
2021-11-10,195.00,201.15,195.00,199.85,1329
2021-11-11,200.75,204.50,195.85,198.55,4008
2021-11-12,208.60,208.60,201.05,203.00,6916
2021-11-15,215.00,225.00,205.00,208.65,21744
2021-11-16,212.85,212.85,209.00,209.95,5213
2021-11-17,208.70,212.50,203.60,205.80,4019
2021-11-18,214.75,214.75,196.75,198.00,6966
2021-11-22,193.10,208.75,190.00,196.50,6632
2021-11-23,185.00,205.00,185.00,201.45,2308
2021-11-24,203.50,208.75,200.60,206.10,3206
2021-11-25,208.85,222.60,199.90,218.95,21674
2021-11-26,219.05,220.00,213.05,217.45,10484
2021-11-29,203.00,235.00,203.00,217.45,9953
2021-11-30,218.90,223.80,216.50,221.40,7638
2021-12-01,221.00,255.00,218.20,239.60,203750
2021-12-02,245.05,245.05,223.50,229.25,28737
2021-12-03,230.00,234.75,225.00,227.35,7767
2021-12-06,228.00,234.70,223.55,227.20,6118
2021-12-07,231.00,231.00,223.05,229.15,4660
2021-12-08,225.55,241.95,225.00,231.50,19826
2021-12-09,231.90,239.95,230.00,230.20,6156
2021-12-10,232.00,234.30,228.95,230.00,3462
2021-12-13,232.00,235.70,230.05,233.05,6747
2021-12-14,233.05,279.65,230.00,278.95,240343
2021-12-15,286.00,327.00,280.30,314.75,738990
2021-12-16,329.70,329.70,264.00,269.70,213527
2021-12-17,274.95,323.60,272.05,279.15,681742
2021-12-20,273.80,273.80,253.30,260.50,77400
2021-12-21,261.00,278.95,261.00,267.85,62416
2021-12-22,267.00,277.70,266.65,267.65,26925
2021-12-23,271.00,304.00,271.00,280.20,108845
2021-12-24,284.80,304.90,278.00,284.80,30801
2021-12-27,295.00,295.00,277.00,281.55,20639
2021-12-28,282.50,337.85,273.70,334.65,456001
2021-12-29,327.65,384.00,323.00,336.40,568297
2021-12-30,339.70,357.80,337.00,340.95,112484
2021-12-31,343.00,356.00,331.60,335.80,59449
2022-01-03,335.00,335.00,307.40,318.25,64606
2022-01-04,321.90,341.90,318.00,337.55,79912
2022-01-05,337.55,337.55,320.65,323.75,22977
2022-01-06,323.80,335.00,315.00,320.30,30257
2022-01-07,317.20,331.95,317.20,325.25,31383
2022-01-10,326.75,340.50,323.90,328.25,26456
2022-01-11,332.00,336.00,316.50,319.75,17560
2022-01-12,320.80,323.75,312.35,314.00,12564
2022-01-13,305.00,325.10,305.00,320.60,34387
2022-01-14,318.85,338.00,316.05,330.65,36610
2022-01-17,328.90,336.50,324.05,333.65,27261
2022-01-18,337.40,337.70,303.65,317.70,18765
2022-01-19,317.70,317.70,311.20,313.55,6851
2022-01-20,317.00,319.25,313.00,313.95,4435
2022-01-21,314.00,314.00,291.10,296.75,16862
2022-01-24,297.85,299.70,258.20,270.90,12281
2022-01-25,265.50,325.05,265.50,304.25,155156
2022-01-27,302.00,304.00,283.55,286.35,23903
2022-01-28,294.00,321.90,289.95,300.50,82296
2022-01-31,308.90,315.70,301.65,303.75,11855
2022-02-01,308.45,312.00,291.15,294.05,18472
2022-02-02,294.05,305.00,293.00,294.80,14961
2022-02-03,297.25,298.70,287.05,295.30,13060
2022-02-04,303.00,303.00,293.00,294.90,12935
2022-02-07,300.95,304.15,289.20,291.85,9263
2022-02-08,296.70,296.95,281.05,284.35,9706
2022-02-09,294.70,294.70,284.00,286.55,6615
2022-02-10,290.40,299.00,287.05,291.15,8035
2022-02-11,283.00,292.00,261.20,282.80,14855
2022-02-14,277.90,278.00,262.20,265.95,26701
2022-02-15,262.05,268.50,254.95,264.20,15026
2022-02-16,272.90,287.95,262.65,268.75,17805
2022-02-17,278.95,278.95,261.80,264.35,9322
2022-02-18,261.25,269.95,259.25,261.60,12009
2022-02-21,258.00,267.25,257.00,264.30,12323
2022-02-22,255.00,267.10,248.90,252.55,10217
2022-02-23,257.00,271.55,252.50,268.60,24731
2022-02-24,260.00,260.00,233.75,238.15,16263
2022-02-25,248.05,257.90,243.50,248.40,16899
2022-02-28,250.00,295.95,242.55,273.85,38605
2022-03-02,273.85,286.80,262.65,277.65,20624
2022-03-03,285.55,285.55,276.10,277.35,3325
2022-03-04,273.10,273.55,266.20,269.00,2912
2022-03-07,268.90,272.00,245.00,260.10,88435
2022-03-08,265.85,274.00,261.65,265.75,75231
2022-03-09,273.00,273.00,263.80,266.50,52885
2022-03-10,272.80,294.90,270.95,279.35,79958
2022-03-11,279.35,294.50,279.35,288.55,25128
2022-03-14,289.95,294.95,285.00,285.70,9452
2022-03-15,289.00,293.00,275.80,277.65,12693
2022-03-16,280.30,291.95,275.00,279.30,6657
2022-03-17,286.90,287.85,279.50,281.80,11209
2022-03-21,291.00,291.00,271.00,272.80,8945
2022-03-22,277.05,279.85,272.00,273.75,2125
2022-03-23,272.15,279.00,267.95,271.70,9247
2022-03-24,273.00,275.00,265.00,268.40,2770
2022-03-25,274.55,278.95,253.35,260.80,15785
2022-03-28,266.70,267.90,258.00,260.90,13164
2022-03-29,267.05,273.95,240.10,247.15,16236
2022-03-30,249.50,262.45,249.00,251.50,17683
2022-03-31,256.50,258.00,249.95,250.40,5887
2022-04-01,259.80,264.45,251.25,261.85,10052
2022-04-04,263.65,275.00,263.50,271.80,5979
2022-04-05,271.15,276.25,270.65,272.20,3423
2022-04-06,275.05,275.50,268.50,269.55,7095
2022-04-07,274.95,274.95,267.75,271.75,7422
2022-04-08,282.95,285.00,271.15,282.65,12396
2022-04-11,290.00,290.00,281.90,284.30,5556
2022-04-12,281.45,285.95,277.20,278.55,3573
2022-04-13,270.50,285.00,270.50,282.80,10161
2022-04-18,290.00,290.00,270.15,280.80,4150
2022-04-19,287.00,287.00,260.35,270.65,12944
2022-04-20,274.30,275.70,270.00,271.30,3704
2022-04-21,273.60,280.00,272.65,276.55,2803
2022-04-22,279.00,280.00,271.75,276.10,1538
2022-04-25,277.05,279.05,261.30,263.10,2912
2022-04-26,269.05,290.00,263.50,283.65,14361
2022-04-27,288.65,288.65,278.60,279.20,5789
2022-04-28,279.90,284.00,279.90,282.05,4163
2022-04-29,287.70,287.70,275.90,276.05,2437
2022-05-02,286.50,286.50,268.00,271.90,2613
2022-05-04,288.00,288.00,265.00,267.50,3095
2022-05-05,273.55,273.55,250.00,252.90,11115
2022-05-06,252.95,252.95,238.50,242.85,6385
2022-05-09,236.90,243.95,230.30,234.25,4455
2022-05-10,235.20,237.95,230.00,233.20,3187
2022-05-11,231.00,234.25,212.00,222.20,4289
2022-05-12,229.95,229.95,177.80,177.80,106820
2022-05-13,188.00,189.95,170.10,175.00,39604
2022-05-16,179.45,179.45,171.00,174.35,8702
2022-05-17,170.05,178.80,170.05,177.10,14677
2022-05-18,177.10,183.95,173.00,174.50,17703
2022-05-19,170.00,172.85,166.00,171.20,6895
2022-05-20,177.15,177.15,171.05,172.95,22041
2022-05-23,174.00,175.05,169.95,174.60,45908
2022-05-24,174.60,175.65,167.80,169.40,5094
2022-05-25,172.70,173.50,161.05,162.45,7572
2022-05-26,167.00,167.00,157.00,160.75,312995
2022-05-27,166.70,167.00,163.40,165.00,4313
2022-05-30,174.65,174.65,166.60,172.90,8440
2022-05-31,177.75,190.15,166.60,183.35,30542
2022-06-01,188.65,190.15,177.80,180.50,16884
2022-06-02,181.85,181.85,174.00,177.60,7759
2022-06-03,182.95,184.05,178.00,180.20,8178
2022-06-06,178.50,183.25,178.50,182.75,4791
2022-06-07,180.00,182.20,165.50,169.35,12479
2022-06-08,172.65,172.65,166.65,168.00,5359
2022-06-09,169.75,170.80,164.05,166.75,6643
2022-06-10,166.05,166.05,162.15,164.00,3689
2022-06-13,163.00,163.00,158.65,159.55,3834
2022-06-14,162.50,163.30,156.05,158.85,4019
2022-06-15,167.00,167.00,159.95,161.75,3270
2022-06-16,163.05,164.45,154.05,156.30,1811
2022-06-17,160.00,161.40,153.35,159.45,2114
2022-06-20,159.45,159.45,151.50,151.95,943
2022-06-21,157.15,162.00,153.10,159.70,3340
2022-06-22,159.70,159.70,154.90,156.60,456
2022-06-23,156.60,169.60,155.50,165.70,7275
2022-06-24,165.45,169.35,161.20,164.95,2219
2022-06-27,164.95,167.90,162.95,166.95,3178
2022-06-28,165.60,166.50,158.00,164.05,3397
2022-06-29,164.20,166.25,158.95,161.00,1575
2022-06-30,162.60,168.45,161.55,163.90,4005
2022-07-01,162.50,162.75,156.05,160.15,3875
2022-07-04,165.75,165.75,160.35,164.50,4409
2022-07-05,165.60,180.95,165.20,172.95,8907
2022-07-06,176.90,178.30,157.35,164.65,20128
2022-07-07,165.65,167.95,162.00,164.25,2162
2022-07-08,171.00,176.95,162.35,165.30,3596
2022-07-11,165.00,169.50,163.75,168.85,2906
2022-07-12,169.25,170.90,165.00,168.90,4267
2022-07-13,169.05,174.65,168.10,171.70,4970
2022-07-14,172.75,174.10,170.00,171.65,4444
2022-07-15,176.60,188.00,175.90,184.75,23968
2022-07-18,189.65,203.20,186.05,203.20,16259
2022-07-19,213.90,223.50,210.05,223.50,28067
2022-07-20,220.00,220.00,212.35,212.75,43282
2022-07-21,212.75,223.35,207.00,223.05,15825
2022-07-22,226.65,226.65,213.70,217.90,10001
2022-07-25,211.00,220.00,211.00,215.20,2549
2022-07-26,215.80,216.15,205.30,207.35,2326
2022-07-27,205.90,212.15,203.55,209.55,2780
2022-07-28,201.00,220.00,200.05,213.60,6746
2022-07-29,220.00,224.00,212.00,219.20,5146
2022-08-01,220.00,223.65,217.00,217.95,1332
2022-08-02,225.00,225.00,207.10,211.55,5833
2022-08-03,211.00,211.00,201.50,205.65,3418
2022-08-04,206.90,206.90,200.00,201.00,2212
2022-08-05,192.10,203.70,192.10,203.30,3544
2022-08-08,203.30,203.30,196.10,197.60,1024
2022-08-10,198.00,204.45,194.00,199.75,1965
2022-08-11,204.90,205.00,197.00,201.35,3504
2022-08-12,211.40,211.40,211.40,211.40,4141
2022-08-16,209.95,210.05,200.85,201.95,5458
2022-08-17,197.00,211.40,197.00,202.00,1554
2022-08-18,198.00,205.00,198.00,204.90,1413
2022-08-19,204.90,207.00,200.00,201.85,1670
2022-08-22,206.00,206.00,193.85,200.00,885
2022-08-23,192.35,202.80,192.35,197.30,657
2022-08-24,202.00,204.95,196.00,197.15,2362
2022-08-25,204.90,204.90,197.00,197.55,2913
2022-08-26,194.95,199.75,194.95,198.00,2333
2022-08-29,197.00,198.00,196.00,197.00,2275
2022-08-30,199.00,204.00,192.60,196.75,2669
2022-09-01,202.45,202.45,195.00,198.30,4347
2022-09-02,196.00,198.00,190.25,194.25,6549
2022-09-05,196.00,202.00,193.25,197.95,15973
2022-09-06,199.00,199.00,194.10,196.90,1863
2022-09-07,195.00,199.00,195.00,198.45,5436
2022-09-08,198.00,204.85,195.20,202.15,4126
2022-09-09,204.95,206.00,199.80,200.00,4393
2022-09-12,205.00,208.00,192.15,199.35,8066
2022-09-13,204.95,204.95,193.10,200.65,6740
2022-09-14,193.50,200.95,193.50,197.45,2186
2022-09-15,201.95,207.30,198.30,207.30,12502
2022-09-16,207.30,213.80,197.25,199.85,10402
2022-09-19,203.85,208.40,195.00,207.05,10314
2022-09-20,210.20,216.00,204.50,204.70,8073
2022-09-21,206.40,211.95,201.65,203.05,6751
2022-09-22,206.00,206.30,201.00,201.65,3843
2022-09-23,199.85,205.00,197.50,201.65,7865
2022-09-26,201.05,203.00,198.50,201.60,9590
2022-09-27,203.00,205.75,196.15,199.60,3938
2022-09-28,201.90,209.55,195.20,207.00,15417
2022-09-29,212.95,217.35,205.10,215.25,22339
2022-09-30,218.95,226.00,210.15,226.00,50037
2022-10-03,234.70,234.70,225.00,226.00,7527
2022-10-04,230.00,231.30,218.00,219.90,5616
2022-10-06,217.40,224.00,212.00,220.95,3829
2022-10-07,222.05,223.15,213.00,214.30,6875
2022-10-10,217.00,220.00,212.25,214.70,4398
2022-10-11,217.25,225.40,211.45,214.60,3571
2022-10-12,217.45,219.85,210.85,218.75,2819
2022-10-13,220.00,220.00,211.60,214.70,4610
2022-10-14,219.70,219.70,207.80,211.30,3318
2022-10-17,214.95,216.90,201.10,204.35,4653
2022-10-18,212.65,214.60,205.15,206.10,1068
2022-10-19,210.20,213.85,202.40,206.10,7355
2022-10-20,205.95,209.60,202.15,203.45,2096
2022-10-21,206.95,209.50,203.05,205.20,1511
2022-10-24,208.95,212.95,206.10,207.70,972
2022-10-25,211.70,215.85,204.10,212.65,4257
2022-10-27,212.65,220.00,207.95,218.05,9278
2022-10-28,216.25,221.90,205.60,208.40,2397
2022-10-31,208.00,218.65,206.00,213.10,2477
2022-11-01,208.05,214.15,205.20,207.05,2309
2022-11-02,208.05,208.65,202.75,207.50,881
2022-11-03,209.05,209.05,205.10,205.45,8362
2022-11-04,207.55,208.80,205.20,206.65,1493
2022-11-07,209.35,209.50,201.05,202.50,3747
2022-11-09,207.00,209.85,205.10,208.55,3276
2022-11-10,209.50,209.70,205.10,205.20,2107
2022-11-11,205.40,215.00,205.30,210.25,3272
2022-11-14,225.00,225.00,206.15,206.95,9015
2022-11-15,214.05,215.90,205.10,207.30,4132
2022-11-16,211.55,211.80,205.10,205.25,5656
2022-11-17,208.00,208.55,205.10,207.25,1778
2022-11-18,208.05,208.55,205.15,205.35,2078
2022-11-21,205.15,207.50,205.10,205.30,2796
2022-11-22,206.05,207.50,205.10,205.25,2896
2022-11-23,208.10,208.10,205.10,205.40,4214
2022-11-24,207.10,207.25,205.10,205.40,1593
2022-11-25,205.95,209.30,205.15,208.55,2190
2022-11-28,207.70,210.90,206.25,207.80,1850
2022-11-29,206.50,210.30,206.50,207.30,1277
2022-11-30,210.45,221.90,206.15,217.55,14538
2022-12-01,218.10,224.00,211.05,213.95,4520
2022-12-02,211.45,216.95,209.00,211.65,2917
2022-12-05,219.00,219.00,207.25,210.95,2948
2022-12-06,212.50,214.95,208.05,211.70,3422
2022-12-07,214.05,228.90,208.35,215.80,9575
2022-12-08,218.00,238.00,211.95,222.45,33564
2022-12-09,220.75,227.40,218.00,220.65,6077
2022-12-12,224.55,226.60,216.80,223.35,6281
2022-12-13,227.55,227.90,214.20,218.75,3842
2022-12-14,215.65,225.95,215.10,216.30,7569
2022-12-15,216.35,224.55,215.30,216.30,3447
2022-12-16,219.05,220.25,215.00,216.95,6232
2022-12-19,219.05,219.15,214.50,215.25,3009
2022-12-20,215.05,226.50,215.00,215.65,3371
2022-12-21,216.50,220.80,206.05,206.75,9209
2022-12-22,206.45,211.35,205.10,205.20,7220
2022-12-23,208.45,208.45,190.25,193.25,5893
2022-12-26,196.00,200.00,195.50,198.60,2061
2022-12-27,200.00,204.75,195.15,197.05,2099
2022-12-28,197.65,208.40,197.10,203.20,3885
2022-12-29,203.20,207.60,203.10,205.15,3996
2022-12-30,210.00,210.00,205.15,205.20,4269
2023-01-02,209.10,223.40,203.65,220.30,13750
2023-01-03,226.80,229.45,221.15,224.35,8750
2023-01-04,220.00,221.95,215.30,216.65,4334
2023-01-05,208.00,219.95,208.00,211.10,6471
2023-01-06,219.00,219.00,206.90,208.80,8347
2023-01-09,215.05,215.05,206.45,210.65,3466
2023-01-10,213.75,228.00,208.95,216.00,7600
2023-01-11,221.00,221.00,209.50,211.85,3797
2023-01-12,210.05,214.35,203.10,205.90,11604
2023-01-13,210.65,212.75,203.40,208.55,4553
2023-01-16,213.95,213.95,205.70,207.60,4799
2023-01-17,209.85,209.85,205.10,205.15,4709
2023-01-18,208.35,209.20,205.00,205.95,3534
2023-01-19,205.70,208.00,205.25,207.10,2177
2023-01-20,209.90,209.90,202.00,204.10,3773
2023-01-23,202.00,216.40,202.00,205.10,6553
2023-01-24,209.90,209.90,205.10,205.20,1907
2023-01-25,210.00,210.00,205.10,205.10,2117
2023-01-27,205.25,207.35,200.00,200.70,3419
2023-01-30,203.00,205.40,200.20,200.70,1365
2023-01-31,201.95,209.85,200.80,208.50,1718
2023-02-01,210.00,210.00,200.00,201.90,8704
2023-02-02,201.45,208.55,201.10,203.85,4532
2023-02-03,201.35,206.50,200.55,204.65,1650
2023-02-06,210.00,210.00,201.50,201.85,2848
2023-02-07,201.50,206.55,200.20,200.75,3500
2023-02-08,206.05,206.50,200.10,200.90,4948
2023-02-09,204.40,204.40,200.10,200.45,801
2023-02-10,201.75,202.95,200.10,200.10,2497
2023-02-13,200.10,208.95,196.00,200.15,15070
2023-02-14,202.35,202.35,200.10,200.10,3296
2023-02-15,204.50,204.50,200.10,200.15,5604
2023-02-16,203.45,203.45,190.15,195.10,3545
2023-02-17,200.00,204.90,200.00,201.20,4201
2023-02-20,204.40,204.65,200.10,202.00,5900
2023-02-21,201.20,204.00,199.90,200.60,4731
2023-02-22,200.60,204.25,200.10,200.10,6959
2023-02-23,204.80,204.80,197.60,201.85,2121
2023-02-24,201.80,203.95,194.00,197.85,2920
2023-02-27,197.80,202.35,193.85,194.50,16717
2023-02-28,196.90,198.00,193.75,194.10,1319
2023-03-01,194.70,201.00,191.00,197.25,3026
2023-03-02,200.70,203.95,196.80,202.40,3013
2023-03-03,202.70,203.85,200.00,202.30,2089
2023-03-06,198.00,203.40,197.10,198.55,1957
2023-03-08,199.20,201.00,197.00,197.05,559
2023-03-09,199.55,200.45,192.55,195.70,6428
2023-03-10,196.00,197.75,191.10,192.20,1500
2023-03-13,193.00,195.90,190.00,190.05,576
2023-03-14,196.85,196.85,180.05,180.95,3118
2023-03-15,183.00,183.95,173.90,177.00,5111
2023-03-16,177.05,181.45,174.00,177.55,6156
2023-03-17,177.95,178.00,173.10,176.05,1424
2023-03-20,176.05,176.70,170.30,173.10,749
2023-03-21,176.00,178.00,172.00,175.80,2569
2023-03-22,176.05,178.95,172.25,177.00,4686
2023-03-23,182.10,182.10,173.30,174.45,375
2023-03-24,177.95,179.00,171.30,171.65,807
2023-03-27,175.80,175.80,157.95,162.20,9401
2023-03-28,164.10,166.20,146.30,149.70,8526
2023-03-29,146.10,160.75,145.30,149.40,4421
2023-03-31,149.45,174.80,149.45,169.60,9774
2023-04-03,174.00,174.00,166.75,167.20,2576
2023-04-05,164.00,188.80,164.00,185.00,12648
2023-04-06,187.10,193.95,180.00,185.80,5859
2023-04-10,185.80,189.00,179.50,180.55,3664
2023-04-11,179.05,184.25,176.35,178.40,1822
2023-04-12,186.00,186.00,177.60,182.25,2323
2023-04-13,183.05,185.75,178.10,181.50,428
2023-04-17,177.30,184.95,176.00,177.35,1810
2023-04-18,176.75,178.15,173.45,175.95,353
2023-04-19,171.65,182.00,171.65,176.10,1474
2023-04-20,176.10,186.50,176.10,180.65,4573
2023-04-21,177.00,187.05,177.00,181.85,5018
2023-04-24,182.35,185.90,181.90,183.70,2627
2023-04-25,180.05,185.00,180.05,182.10,685
2023-04-26,184.95,188.70,180.05,180.40,2347
2023-04-27,183.30,184.90,181.05,181.65,701
2023-04-28,182.00,184.80,182.00,182.25,318
2023-05-02,188.55,188.55,183.00,184.05,1549
2023-05-03,184.10,187.40,178.05,181.85,3987
2023-05-04,178.40,187.40,178.40,183.90,1337
2023-05-05,179.35,189.85,179.35,183.40,803
2023-05-08,183.95,188.70,182.15,184.05,3126
2023-05-09,182.45,187.30,181.00,181.55,837
2023-05-10,186.50,186.50,181.70,182.40,384
2023-05-11,189.95,189.95,180.25,180.65,624
2023-05-12,180.10,184.90,180.10,183.80,1105
2023-05-15,184.60,186.90,178.40,180.65,1068
2023-05-16,182.50,185.35,180.60,181.95,1460
2023-05-17,181.95,198.25,181.15,185.10,1721
2023-05-18,185.10,185.30,179.95,182.10,3467
2023-05-19,183.05,185.25,176.10,178.20,2739
2023-05-22,180.10,189.00,178.90,188.70,8341
2023-05-23,192.80,192.80,181.10,183.90,2110
2023-05-24,185.95,185.95,180.05,181.65,1009
2023-05-25,181.10,182.95,177.05,181.70,1705
2023-05-26,185.00,185.00,180.00,184.15,1637
2023-05-29,202.00,210.00,182.50,203.05,56837
2023-05-30,198.55,201.40,186.00,190.75,11298
2023-05-31,190.15,228.90,190.15,228.90,75119
2023-06-01,239.70,267.90,227.00,235.95,248985
2023-06-02,240.00,241.25,221.00,222.25,39865
2023-06-05,221.50,229.65,208.00,210.75,23225
2023-06-06,214.90,224.95,210.10,217.50,34431
2023-06-07,221.85,222.00,209.30,211.55,11748
2023-06-08,213.90,217.45,205.55,210.20,8724
2023-06-09,211.85,217.90,206.10,207.20,7301
2023-06-12,207.20,213.25,202.40,204.65,7389
2023-06-13,209.40,211.45,203.00,204.95,8878
2023-06-14,205.00,230.05,204.40,223.60,54183
2023-06-15,225.80,225.80,216.40,218.95,7440
2023-06-16,219.75,224.50,217.35,218.50,9197
2023-06-19,216.00,224.00,215.15,220.70,11947
2023-06-20,226.00,227.05,213.30,223.90,16945
2023-06-21,226.25,227.15,221.10,223.10,6312
2023-06-22,227.60,228.50,218.35,222.30,8673
2023-06-23,222.40,224.45,218.10,219.00,3564
2023-06-26,219.00,223.80,215.70,222.10,8341
2023-06-27,227.00,227.00,220.65,224.95,5879
2023-06-28,220.45,243.00,219.50,234.25,188475
2023-06-30,235.00,239.30,230.00,231.05,16153
2023-07-03,236.95,236.95,223.65,225.35,9805
2023-07-04,234.00,234.00,214.10,214.30,7976
2023-07-05,214.30,217.60,206.00,207.85,8291
2023-07-06,211.00,212.00,206.00,209.70,3330
2023-07-07,208.00,213.40,206.00,210.85,968
2023-07-10,208.00,210.65,204.00,206.00,1305
2023-07-11,207.00,209.95,204.00,204.55,1811
2023-07-12,204.55,209.50,202.90,203.45,802
2023-07-13,203.45,212.45,200.00,208.10,3294
2023-07-14,206.65,211.00,203.05,209.40,12054
2023-07-17,209.40,209.40,205.00,207.85,3431
2023-07-18,211.95,211.95,202.00,205.65,3974
2023-07-19,205.00,209.95,202.65,206.40,3662
2023-07-20,212.60,212.60,207.00,207.60,1398
2023-07-21,211.95,211.95,204.00,205.15,700
2023-07-24,205.15,208.50,201.75,205.00,1309
2023-07-25,204.95,205.00,201.05,203.80,2253
2023-07-26,204.95,204.95,201.05,203.85,5300
2023-07-27,206.95,206.95,198.10,204.65,608
2023-07-28,204.60,204.60,198.00,199.45,1546
2023-07-31,207.35,207.35,199.00,200.60,2075
2023-08-01,207.90,207.90,199.30,200.30,2445
2023-08-02,207.45,207.45,196.60,200.95,2488
2023-08-03,203.90,203.90,197.00,197.65,1095
2023-08-04,197.00,205.00,197.00,199.65,1518
2023-08-07,202.50,205.00,196.00,197.95,1003
2023-08-08,197.95,202.00,197.95,199.20,3189
2023-08-09,201.35,208.00,199.95,206.35,2402
2023-08-10,208.00,208.00,202.05,205.00,3370
2023-08-11,212.85,212.85,195.00,196.90,8420
2023-08-14,196.10,199.25,190.00,192.05,2850
2023-08-16,198.60,199.95,185.00,197.20,2617
2023-08-17,197.20,199.85,195.00,195.25,2256
2023-08-18,196.00,199.75,195.00,196.50,1676
2023-08-21,196.50,199.70,190.85,199.00,908
2023-08-22,195.50,202.45,193.50,196.15,1540
2023-08-23,196.15,199.50,194.10,197.70,1871
2023-08-24,197.70,202.00,194.00,201.70,5993
2023-08-25,200.95,201.00,194.70,195.80,1624
2023-08-28,196.75,199.40,195.00,195.60,1205
2023-08-29,199.00,203.00,199.00,199.90,2906
2023-08-30,199.90,202.00,196.05,201.40,2771
2023-08-31,199.95,211.45,199.95,211.45,10530
2023-09-01,216.95,222.00,207.80,222.00,10366
2023-09-04,227.00,233.00,222.00,231.35,10643
2023-09-05,226.75,226.80,226.75,226.75,1889
2023-09-06,222.25,222.30,222.25,222.30,1541
2023-09-07,219.90,219.90,218.00,218.00,348
2023-09-08,216.00,218.00,216.00,218.00,926
2023-09-11,215.00,216.00,213.65,216.00,3647
2023-09-12,216.00,217.00,215.50,215.50,813
2023-09-13,213.00,213.00,211.20,211.20,1660
2023-09-14,207.20,209.00,207.20,209.00,478
2023-09-15,207.00,207.00,204.95,204.95,2347
2023-09-18,208.00,209.00,208.00,209.00,5928
2023-09-20,209.00,210.00,209.00,210.00,522
2023-09-21,210.50,210.50,210.00,210.00,251
2023-09-22,206.00,206.00,206.00,206.00,134
2023-09-25,206.00,206.10,206.00,206.00,743
2023-09-26,204.95,204.95,201.90,201.90,1464
2023-09-27,201.90,205.00,201.90,205.00,2396
2023-09-28,206.15,209.10,206.15,209.10,223
2023-09-29,213.00,213.00,209.95,210.30,442
2023-10-03,210.00,212.00,210.00,212.00,583
2023-10-04,213.00,215.00,213.00,215.00,2087
2023-10-05,215.00,219.00,210.70,218.80,611
2023-10-06,220.10,223.15,220.10,223.15,1863
2023-10-09,222.50,228.85,220.00,221.45,3069
2023-10-10,227.00,232.00,220.00,231.05,7426
2023-10-11,231.05,231.05,223.00,228.25,2496
2023-10-12,226.00,231.00,222.50,228.75,2728
2023-10-13,228.00,230.90,221.00,228.95,6052
2023-10-16,228.80,229.50,224.00,226.35,955
2023-10-17,230.90,232.00,223.50,230.40,1419
2023-10-18,229.00,235.00,224.25,224.25,2243
2023-10-19,227.00,231.00,222.10,224.00,889
2023-10-20,224.25,229.95,221.50,227.00,1825
2023-10-23,238.00,263.80,228.00,240.95,92364
2023-10-25,244.40,257.95,240.95,248.35,77101
2023-10-26,242.60,247.00,223.25,233.40,20557
2023-10-27,236.20,245.00,232.20,237.70,9494
2023-10-30,238.00,241.00,232.35,235.45,5799
2023-10-31,236.90,246.85,236.05,243.70,10678
2023-11-01,247.35,247.35,233.00,239.90,12510
2023-11-02,239.90,241.05,227.95,233.25,6649
2023-11-03,235.05,242.00,230.05,238.75,10851
2023-11-06,236.10,243.50,232.55,237.15,6450
2023-11-07,239.30,239.50,233.00,234.20,3091
2023-11-08,235.50,239.80,233.80,235.45,3016
2023-11-09,236.85,237.80,230.00,230.70,2592
2023-11-10,235.00,235.00,230.90,232.10,1900
2023-11-12,232.10,241.95,231.10,241.70,1787
2023-11-13,235.30,247.50,232.95,238.00,5310
2023-11-15,245.05,252.50,237.20,248.70,29275
2023-11-16,254.90,254.90,241.10,247.90,15739
2023-11-17,247.90,249.90,244.05,246.80,4691
2023-11-20,250.00,253.00,244.05,247.90,6443
2023-11-21,247.35,247.35,240.35,242.70,3291
2023-11-22,244.65,246.00,239.55,243.35,2636
2023-11-23,245.15,247.40,240.35,241.25,1051
2023-11-24,241.25,249.95,241.15,246.15,7191
2023-11-28,252.95,252.95,241.00,242.80,11052
2023-11-29,244.05,249.05,236.30,240.55,5721
2023-11-30,241.65,244.40,238.00,238.90,1304
2023-12-01,240.30,286.65,240.15,284.85,156997
2023-12-04,301.00,341.80,300.00,341.80,371095
2023-12-05,362.95,368.00,327.55,338.25,406036
2023-12-06,335.10,344.85,325.25,330.90,58495
2023-12-07,330.90,342.00,306.25,310.05,35382
2023-12-08,315.00,372.05,310.50,370.75,363245
2023-12-11,362.05,407.70,344.00,381.30,326733
2023-12-12,385.65,396.00,378.05,383.15,110478
2023-12-13,388.00,388.00,364.05,369.20,24227
2023-12-14,370.00,375.00,353.10,358.65,11745
2023-12-15,364.00,374.70,363.00,372.05,19156
2023-12-18,372.10,376.00,355.40,361.60,8895
2023-12-19,360.00,360.00,346.00,356.30,11195
2023-12-20,351.15,357.00,338.50,338.50,14123
2023-12-21,325.20,347.75,325.00,344.95,6619
2023-12-22,347.00,355.95,346.00,348.60,5800
2023-12-26,341.65,354.00,335.55,340.30,6155
2023-12-27,340.30,350.00,330.00,344.60,14042
2023-12-28,332.05,344.00,332.05,341.35,5956
2023-12-29,350.00,350.00,328.15,336.20,4077
2024-01-01,336.20,350.00,335.00,348.45,7741
2024-01-02,346.00,352.00,336.00,340.20,3255
2024-01-03,340.00,348.00,339.00,346.90,2311
2024-01-04,345.00,350.00,340.30,344.35,10593
2024-01-05,344.35,347.00,339.00,339.75,4406
2024-01-08,340.00,343.50,323.20,330.10,3483
2024-01-09,331.90,333.00,325.00,329.45,4109
2024-01-10,331.00,332.95,315.00,321.00,6959
2024-01-11,322.00,326.00,304.95,309.35,18193
2024-01-12,309.60,315.00,307.85,309.35,20387
2024-01-15,310.55,314.00,302.00,305.80,4645
2024-01-16,304.90,321.05,304.85,309.75,78643
2024-01-17,305.00,325.20,305.00,325.20,18797
2024-01-18,341.45,341.45,341.45,341.45,11258
2024-01-19,358.50,358.50,358.50,358.50,3206
2024-01-20,376.40,376.40,376.40,376.40,17154
2024-01-23,368.90,370.00,368.90,368.90,37456
2024-01-24,361.70,362.20,361.60,361.60,6403
2024-01-25,355.60,361.65,355.60,361.65,2079
2024-01-29,362.00,368.85,362.00,368.85,3068
2024-01-30,370.70,376.20,370.70,376.20,5724
2024-01-31,376.20,383.70,376.20,377.50,4362
2024-02-01,385.05,385.05,385.00,385.05,9591
2024-02-02,392.75,392.75,380.00,380.00,7398
2024-02-05,380.00,380.50,374.00,374.00,1287
2024-02-06,374.00,378.40,368.00,377.75,4255
2024-02-07,375.00,375.50,372.00,372.00,1481
2024-02-08,372.00,372.00,364.60,364.60,89
2024-02-09,357.30,357.50,357.30,357.50,2326
2024-02-12,350.60,350.60,350.35,350.35,111
2024-02-13,346.75,346.75,343.35,343.35,476
2024-02-14,336.50,336.50,336.50,336.50,554
2024-02-15,329.90,329.90,329.80,329.80,201
2024-02-16,323.20,323.20,323.20,323.20,952
2024-02-19,316.75,329.65,316.75,329.65,4355
2024-02-20,336.20,336.20,329.65,333.80,2268
2024-02-21,333.60,333.60,327.15,327.15,1091
2024-02-22,320.60,333.00,320.60,333.00,9431
2024-02-23,335.00,335.00,334.00,334.10,3915
2024-02-26,327.45,327.45,327.45,327.45,132
2024-02-27,320.90,327.40,320.90,327.40,5821
2024-02-28,333.90,333.90,321.00,327.30,11026
2024-02-29,320.75,325.00,320.75,325.00,9164
2024-03-01,331.50,331.50,331.50,331.50,1365
2024-03-02,347.95,348.00,338.00,341.30,7784
2024-03-04,347.00,347.00,330.00,330.95,3405
2024-03-05,329.50,340.00,329.50,333.05,52614
2024-03-06,331.00,331.00,317.00,326.70,2977
2024-03-07,316.00,326.60,316.00,319.80,3046
2024-03-11,317.00,319.80,303.85,303.85,2826
2024-03-12,298.00,298.00,288.65,288.65,2384
2024-03-13,275.30,275.30,274.25,274.25,3473
2024-03-14,261.05,261.05,260.55,260.55,7227
2024-03-15,247.55,272.95,247.55,268.45,15330
2024-03-18,270.85,295.00,263.00,267.55,24935
2024-03-19,262.20,274.55,251.20,256.20,5215
2024-03-20,266.60,276.50,246.25,253.95,15618
2024-03-21,253.95,260.95,246.95,255.65,15251
2024-03-22,259.25,276.90,255.30,264.70,24653
2024-03-26,260.00,268.95,256.00,257.90,24638
2024-03-27,264.30,266.70,252.55,255.00,21346
2024-03-28,277.70,277.70,256.10,260.10,13903
2024-04-01,257.00,312.10,257.00,312.10,22564
2024-04-02,360.00,360.00,319.95,329.60,192706
2024-04-03,322.90,395.50,312.00,395.50,167347
2024-04-04,388.75,400.00,366.60,393.15,196331
2024-04-05,394.00,432.45,394.00,432.45,60867
2024-04-08,428.05,475.65,389.20,457.75,177412
2024-04-09,456.85,485.00,444.55,449.85,50387
2024-04-10,450.85,454.90,425.00,431.40,28041
2024-04-12,461.95,461.95,424.00,437.95,37267
2024-04-15,433.90,454.20,406.65,443.70,36782
2024-04-16,455.00,459.95,435.05,442.80,9129
2024-04-18,460.00,460.00,438.05,440.55,6483
2024-04-19,440.55,440.55,421.55,428.65,5070
2024-04-22,430.90,433.45,410.50,422.55,11437
2024-04-23,440.00,440.00,418.10,423.05,1810
2024-04-24,432.00,432.80,421.00,428.00,1615
2024-04-25,428.00,428.00,422.90,425.00,1706
2024-04-26,425.00,425.00,408.00,411.95,2093
2024-04-29,428.95,428.95,400.35,422.85,6017
2024-04-30,432.00,432.00,410.25,417.20,926
2024-05-02,416.00,423.75,400.00,400.90,5245
2024-05-03,414.70,420.90,397.00,416.50,5458
2024-05-06,434.00,434.00,418.00,427.60,5592
2024-05-07,424.00,443.20,420.10,431.55,5808
2024-05-08,411.10,447.00,411.10,428.25,2637
2024-05-09,428.25,432.00,411.70,419.05,1308
2024-05-10,418.00,432.00,401.00,422.35,1123
2024-05-13,432.00,432.00,402.25,409.70,1593
2024-05-14,429.50,429.50,396.25,419.50,2100
2024-05-15,408.50,419.50,408.05,409.70,534
2024-05-16,411.00,415.00,402.20,407.85,2030
2024-05-17,425.00,428.20,416.60,428.20,17799
2024-05-18,449.60,449.60,428.20,433.10,1589
2024-05-21,433.15,454.00,433.15,444.30,11355
2024-05-22,458.95,458.95,436.60,443.00,769
2024-05-23,455.95,455.95,431.45,438.90,1157
2024-05-24,436.25,460.80,430.50,453.45,21866
2024-05-27,452.00,458.00,443.00,444.55,2254
2024-05-28,447.00,457.75,440.00,440.40,2228
2024-05-29,440.40,440.40,424.05,427.55,1469
2024-05-30,427.55,446.65,406.20,409.55,1771
2024-05-31,408.00,417.70,404.50,409.05,3734
2024-06-03,410.00,424.00,406.00,410.50,2400
2024-06-04,393.00,416.95,390.10,390.10,2458
2024-06-05,390.10,404.00,370.65,399.85,2865
2024-06-06,409.95,409.95,395.00,402.20,1583
2024-06-07,410.00,410.00,388.00,399.00,170
2024-06-10,405.00,418.95,405.00,416.70,3779
2024-06-11,415.00,425.95,408.20,419.30,1531
2024-06-12,429.40,429.40,410.00,416.40,2298
2024-06-13,415.00,437.20,410.75,437.20,8845
2024-06-14,437.20,459.00,437.20,446.00,4273
2024-06-18,425.00,468.30,425.00,457.65,11463
2024-06-19,465.00,465.00,444.65,450.65,5944
2024-06-20,460.00,465.00,448.40,452.20,10159
2024-06-21,465.85,474.50,455.25,460.10,5845
2024-06-24,464.00,468.00,452.00,458.85,2346
2024-06-25,475.00,475.00,455.00,466.50,3808
2024-06-26,474.95,489.80,466.00,489.80,35813
2024-06-27,507.90,509.00,466.00,490.00,8991
2024-06-28,490.00,490.00,466.60,476.95,5268
2024-07-01,473.00,482.35,458.00,464.75,1786
2024-07-02,470.00,470.00,452.10,455.00,14395
2024-07-03,477.70,477.75,457.25,473.35,7023
2024-07-04,470.00,491.55,457.50,477.60,1501
2024-07-05,480.00,480.00,464.00,466.55,3556
2024-07-08,474.95,474.95,452.00,463.25,2623
2024-07-09,461.90,474.00,455.00,470.00,6395
2024-07-10,473.95,490.00,456.15,463.20,5804
2024-07-11,452.30,486.35,452.30,486.35,11360
2024-07-12,506.00,510.65,490.05,495.10,7505
2024-07-15,495.10,495.10,472.25,480.45,1678
2024-07-16,479.95,480.00,457.10,477.75,743
2024-07-18,477.00,477.00,455.00,456.40,1848
2024-07-19,456.40,459.95,440.00,442.45,1187
2024-07-22,445.00,452.70,445.00,450.00,1455
2024-07-23,458.00,465.00,442.10,459.80,2112
2024-07-24,480.00,480.00,460.00,469.80,698
2024-07-25,453.30,469.80,453.30,462.00,339
2024-07-26,443.60,485.10,443.60,473.90,5276
2024-07-29,461.15,486.80,461.15,479.35,1840
2024-07-30,485.00,485.00,467.40,470.65,4436
2024-07-31,473.85,475.00,450.40,452.70,5687
2024-08-01,467.90,467.90,430.10,445.40,7535
2024-08-02,454.35,454.35,426.50,436.70,6766
2024-08-05,438.95,438.95,415.60,423.35,4628
2024-08-06,420.00,444.50,419.00,433.50,9914
2024-08-07,433.00,455.15,433.00,455.15,6305
2024-08-08,440.00,477.90,440.00,476.90,4837
2024-08-09,480.00,480.00,458.00,473.20,7739
2024-08-12,470.00,484.75,449.55,480.25,11706
2024-08-13,480.25,499.30,470.05,473.95,15149
2024-08-14,469.60,483.65,459.55,469.15,14793
2024-08-16,471.60,478.50,452.20,460.50,4222
2024-08-19,462.90,469.95,447.00,459.20,3953
2024-08-20,475.00,475.00,455.00,458.85,2198
2024-08-21,455.05,460.00,450.00,457.20,2932
2024-08-22,479.80,480.05,470.05,477.60,13700
2024-08-23,483.60,483.60,462.25,466.15,1868
2024-08-26,481.95,481.95,457.00,470.65,5315
2024-08-27,470.70,488.50,470.70,481.15,6939
2024-08-28,483.15,483.95,467.60,478.40,3828
2024-08-29,480.85,502.30,461.00,500.60,17522
2024-08-30,514.95,514.95,484.80,492.30,13393
2024-09-02,488.15,500.00,485.10,497.75,9077
2024-09-03,493.25,512.95,493.25,501.65,48246
2024-09-04,497.35,512.00,491.00,510.00,9456
2024-09-05,512.70,535.50,512.70,535.50,96102
2024-09-06,552.00,552.00,508.75,522.90,22585
2024-09-09,534.90,534.90,505.30,512.55,14260
2024-09-10,511.15,525.00,506.05,514.10,8864
2024-09-11,515.00,539.80,513.75,539.80,26300
2024-09-12,545.50,566.75,529.20,566.75,26211
2024-09-13,575.90,595.05,575.90,591.10,28032
2024-09-16,590.00,610.00,578.45,602.30,20346
2024-09-17,582.90,619.45,572.20,576.00,22073
2024-09-18,579.00,604.80,560.10,585.55,17505
2024-09-19,592.85,604.40,561.00,583.05,8798
2024-09-20,586.10,604.25,564.70,587.35,5436
2024-09-23,590.40,616.70,590.40,616.70,21886
2024-09-24,641.00,647.50,626.20,647.50,19996
2024-09-25,650.00,679.85,647.50,675.65,32696
2024-09-26,677.95,677.95,641.90,650.50,27714
2024-09-27,659.80,659.80,618.00,633.45,25270
2024-09-30,627.70,647.95,609.05,621.80,14614
2024-10-01,625.10,649.00,619.00,642.55,8940
2024-10-03,611.10,644.30,611.10,638.55,5549
2024-10-04,632.70,657.00,617.05,648.90,13041
2024-10-07,625.55,668.40,616.45,618.15,10118
2024-10-08,610.00,647.00,587.25,628.50,1345
2024-10-09,629.95,646.00,628.00,636.75,1787
2024-10-10,636.75,650.00,610.50,645.10,13049
2024-10-11,645.10,677.35,645.10,677.35,37959
2024-10-14,711.20,711.20,711.20,711.20,10127
2024-10-15,745.00,746.75,717.00,745.15,19786
2024-10-16,774.00,782.40,713.20,752.25,15224
2024-10-17,750.00,754.10,714.65,717.35,4367
2024-10-18,683.25,748.00,681.50,743.55,4269
2024-10-21,706.40,731.00,706.40,708.05,10422
2024-10-22,676.00,706.90,672.65,672.65,10218
2024-10-23,672.00,685.00,639.05,680.00,6833
2024-10-24,666.40,694.20,653.50,670.15,626
2024-10-25,641.65,656.05,636.65,639.80,8962
2024-10-28,639.80,671.75,631.00,669.90,4835
2024-10-29,671.75,703.35,670.00,700.30,4039
2024-10-30,710.00,730.00,674.00,712.50,3272
2024-10-31,735.00,735.00,676.90,708.50,3299
2024-11-01,724.80,733.00,708.50,724.60,1656
2024-11-04,735.00,735.00,691.25,720.30,712
2024-11-05,720.00,747.00,691.10,735.00,4408
2024-11-06,730.00,747.00,705.10,742.45,899
2024-11-07,747.00,756.00,714.10,747.05,3091
2024-11-08,740.10,754.90,730.10,738.15,2588
2024-11-11,750.00,750.00,711.45,734.55,875
2024-11-12,750.00,750.00,711.00,714.45,3070
2024-11-13,701.00,701.00,678.75,688.65,1003
2024-11-14,688.65,723.05,688.65,723.05,4797
2024-11-18,688.05,759.20,688.05,751.20,11541
2024-11-19,750.00,788.75,750.00,788.75,19787
2024-11-21,780.00,827.00,775.50,784.20,7205
2024-11-22,809.95,823.40,790.00,823.40,3203
2024-11-25,826.40,826.40,806.95,806.95,16459
2024-11-26,806.95,806.95,790.85,790.85,515
2024-11-27,776.00,790.85,776.00,790.85,1770
2024-11-28,777.05,790.85,777.05,785.00,348
2024-11-29,800.70,800.70,800.00,800.00,3731
2024-12-02,808.00,813.00,784.20,813.00,814
2024-12-03,813.00,813.00,810.00,810.00,7153
2024-12-04,820.00,820.00,800.00,800.00,5369
2024-12-05,815.70,815.70,800.00,800.05,2282
2024-12-06,800.10,816.00,800.10,801.00,1200
2024-12-09,801.05,805.00,801.05,801.05,3393
2024-12-10,817.00,817.05,817.00,817.00,2906
2024-12-11,817.00,818.00,817.00,817.00,430
2024-12-12,820.00,820.00,810.00,810.00,1720
2024-12-13,800.00,826.20,800.00,826.20,8535
2024-12-16,820.10,830.00,820.10,820.15,660
2024-12-17,820.15,836.55,820.15,836.55,7672
2024-12-18,836.00,836.00,820.25,832.00,1636
2024-12-19,832.00,832.00,815.55,819.00,1885
2024-12-20,827.90,835.35,819.40,819.40,5171
2024-12-23,819.40,819.40,803.10,803.15,3034
2024-12-24,805.00,818.40,805.00,810.00,2036
2024-12-26,810.00,810.00,793.80,793.80,1357
2024-12-27,793.80,793.80,777.95,778.00,1166
2024-12-30,773.95,796.50,739.10,767.25,7056
2024-12-31,746.40,775.00,746.40,774.00,6818
2025-01-01,774.95,812.70,752.00,812.70,7509
2025-01-02,852.00,852.00,777.50,827.45,873
2025-01-03,842.00,842.00,790.00,810.00,7086
2025-01-06,800.00,801.00,769.50,771.00,5576
2025-01-07,770.95,799.95,770.95,795.30,3008
2025-01-08,778.00,825.50,769.00,809.90,255
2025-01-09,820.00,820.00,797.00,802.55,1265
2025-01-10,775.00,833.90,775.00,802.00,1825
2025-01-13,762.00,824.00,761.90,782.60,1750
2025-01-14,798.90,802.95,743.50,746.00,1712
2025-01-15,769.90,780.90,756.00,759.00,779
2025-01-16,796.50,796.95,766.70,792.85,2326
2025-01-17,799.00,814.90,780.00,783.90,2763
2025-01-20,819.60,819.60,772.00,786.50,1156
2025-01-21,799.95,799.95,747.30,752.50,2070
2025-01-22,717.60,789.35,717.60,766.55,204
2025-01-23,735.60,790.00,735.60,759.30,159
2025-01-24,789.80,789.80,721.35,735.00,3109
2025-01-27,701.05,748.00,698.25,698.25,742
2025-01-28,723.85,723.85,663.35,690.10,2182
2025-01-29,690.10,715.00,680.00,700.00,807
2025-01-30,733.95,733.95,665.00,665.30,5115
2025-01-31,695.85,695.85,632.05,636.00,5382
2025-02-01,665.85,667.80,612.50,667.80,10177
2025-02-03,667.80,701.00,641.80,678.35,2653
2025-02-04,708.00,708.00,644.45,647.95,2579
2025-02-05,646.95,680.20,615.55,661.65,4986
2025-02-06,679.90,694.70,644.00,692.60,6912
2025-02-07,690.00,714.00,681.15,704.00,1917
2025-02-10,704.30,735.00,675.80,706.45,4978
2025-02-11,740.00,740.00,672.90,700.05,1578
2025-02-12,700.05,714.65,667.20,706.50,3186
2025-02-13,738.50,738.50,671.20,678.05,1034
2025-02-14,676.90,676.90,644.15,659.40,1256
2025-02-17,648.95,648.95,626.45,633.60,74
2025-02-18,663.95,663.95,601.95,601.95,1161
2025-02-19,572.20,621.75,571.85,589.00,7101
2025-02-20,589.00,595.00,559.55,571.85,2566
2025-02-21,599.90,599.90,543.25,554.95,8279
2025-02-24,557.70,559.95,527.20,533.80,5035
2025-02-25,560.25,560.25,507.15,517.80,18512
2025-02-27,524.35,525.00,492.00,492.60,2599
2025-02-28,495.05,515.00,468.05,493.75,3571
2025-03-03,506.05,518.30,490.00,491.60,302
2025-03-04,491.60,514.00,468.00,503.35,5231
2025-03-05,528.50,528.50,505.00,528.45,6497
2025-03-06,550.00,550.00,513.50,549.45,5631
2025-03-07,570.00,570.00,525.00,555.95,6062
2025-03-10,580.00,580.00,530.00,530.15,872
2025-03-11,542.00,542.00,503.65,540.00,4081
2025-03-12,529.20,529.20,529.20,529.20,80
2025-03-13,539.75,539.75,518.65,518.65,26
2025-03-17,509.00,509.00,508.30,508.30,410
2025-03-18,505.00,505.00,498.15,498.15,2890
2025-03-19,508.00,508.00,500.00,505.00,764
2025-03-20,505.60,509.00,501.60,501.60,483
2025-03-21,501.60,501.60,492.00,492.00,2169
2025-03-24,483.00,488.00,483.00,488.00,3038
2025-03-25,488.00,488.00,478.25,478.25,1209
2025-03-26,468.70,475.00,468.70,469.00,2574
2025-03-27,465.00,465.00,460.00,460.00,64114
2025-03-28,460.00,460.00,451.00,451.00,2198
2025-04-01,451.00,460.00,451.00,460.00,280
2025-04-02,469.20,469.20,451.00,465.80,2390
2025-04-03,474.75,475.10,474.00,475.10,1161
2025-04-04,484.60,484.60,466.00,466.00,845
2025-04-07,456.70,456.70,456.70,456.70,2328
2025-04-08,456.00,456.00,451.50,452.00,2621
2025-04-09,444.00,460.95,444.00,450.00,554
2025-04-11,450.00,459.00,450.00,450.00,1217
2025-04-15,450.00,455.00,450.00,455.00,419
2025-04-16,458.00,458.00,455.00,458.00,2375
2025-04-17,460.00,467.15,460.00,467.15,411
2025-04-21,490.50,490.50,490.50,490.50,1963
2025-04-22,515.00,515.00,514.00,515.00,5963
2025-04-23,539.00,540.75,539.00,540.75,4704
2025-04-24,555.00,567.75,555.00,567.75,951
2025-04-25,567.85,596.10,567.85,596.10,5163
2025-04-28,596.10,625.90,593.15,625.90,5190
2025-04-29,649.00,657.15,646.00,657.15,4335
2025-04-30,670.25,670.25,669.00,670.25,3018
2025-05-02,683.65,683.65,683.65,683.65,3539
2025-05-05,695.00,697.30,695.00,697.30,1615
2025-05-06,711.20,711.20,711.20,711.20,2730
2025-05-07,711.20,725.40,711.20,721.00,7027
2025-05-08,721.00,735.00,721.00,732.90,808
2025-05-09,720.00,720.00,718.25,718.25,1191
2025-05-12,718.25,732.60,718.25,725.00,2708
2025-05-13,725.10,725.10,710.50,710.50,2194
2025-05-14,710.50,710.50,700.00,702.00,1755
2025-05-15,689.20,712.00,689.20,711.90,517
2025-05-16,711.90,711.90,710.00,710.00,616
2025-05-19,724.00,724.00,715.00,715.00,330
2025-05-20,715.00,715.00,710.00,710.00,748
2025-05-21,720.00,720.00,711.10,712.00,711
2025-05-22,720.00,720.00,700.00,700.00,697
2025-05-23,700.00,700.60,700.00,700.50,2324
2025-05-26,714.40,714.50,714.00,714.00,2597
2025-05-27,714.00,715.00,702.00,702.00,269
2025-05-28,716.00,716.00,706.60,706.60,42
2025-05-29,719.90,719.90,719.90,719.90,1037
2025-05-30,734.20,734.20,729.90,729.90,1415
2025-06-02,744.00,744.00,735.00,735.00,1009
2025-06-03,749.70,749.70,736.00,736.00,3668
2025-06-04,730.00,730.00,723.00,723.50,1176
2025-06-05,725.00,725.00,723.50,725.00,645
2025-06-06,725.00,730.00,711.25,730.00,519
2025-06-09,739.00,765.00,707.00,755.00,3918
2025-06-10,760.00,787.80,732.00,774.85,2343
2025-06-11,799.00,799.00,736.10,744.35,2211
2025-06-12,764.00,764.00,708.00,749.30,1572
2025-06-13,745.00,745.00,712.00,737.70,440
2025-06-16,749.95,749.95,705.00,723.80,317
2025-06-17,702.00,736.00,700.00,721.65,4120
2025-06-18,692.05,729.90,692.05,693.90,696
2025-06-19,714.90,724.90,675.05,699.95,393
2025-06-20,699.95,710.00,669.20,700.00,1163
2025-06-23,666.00,719.85,666.00,683.60,416
2025-06-24,680.00,709.40,666.45,681.15,4666
2025-06-25,680.05,713.00,666.45,685.60,10175
2025-06-26,719.00,719.00,686.95,698.35,7427
2025-06-27,690.00,712.00,681.00,694.35,2106
2025-06-30,719.20,719.20,698.25,699.95,789
2025-07-01,688.80,734.90,683.65,730.00,22645
2025-07-02,764.90,764.90,718.80,733.85,10344
2025-07-03,750.05,750.05,698.00,739.80,4515
2025-07-04,741.05,746.00,718.85,729.60,2892
2025-07-07,733.10,733.10,706.00,717.95,3289
2025-07-08,720.00,731.85,707.00,718.15,9654
2025-07-09,700.00,754.05,700.00,736.90,61649
2025-07-10,773.50,773.70,754.00,773.70,46331
2025-07-11,751.00,812.35,751.00,810.10,54530
2025-07-14,827.00,839.80,809.00,835.80,10851
2025-07-15,849.80,875.95,818.75,824.90,13783
2025-07-16,836.05,850.00,832.50,840.50,5047
2025-07-17,868.00,868.00,822.05,827.80,9801
2025-07-18,825.10,860.00,825.10,850.75,13297
2025-07-21,850.75,893.25,846.50,893.25,8991
2025-07-22,937.90,937.90,937.90,937.90,2946
2025-07-23,984.75,984.75,915.00,942.85,91629
2025-07-24,973.75,974.00,895.70,895.70,10449
2025-07-25,860.00,889.95,850.95,879.30,27844
2025-07-28,877.50,877.50,836.00,847.75,6024
2025-07-29,810.10,890.10,810.10,890.10,16045
2025-07-30,925.80,928.15,885.15,911.30,14965
2025-07-31,899.35,955.00,880.00,946.75,10081
2025-08-01,979.00,979.00,899.45,902.75,11535
2025-08-04,930.85,930.85,871.35,904.65,3633
2025-08-05,925.95,925.95,859.45,860.90,6669
2025-08-06,857.00,861.00,820.60,829.65,15397
2025-08-07,820.55,841.00,805.50,830.60,7690
2025-08-08,819.00,871.00,813.00,850.30,16059
2025-08-11,888.00,890.00,856.50,879.35,4762
2025-08-12,876.00,898.80,862.70,873.80,2717
2025-08-13,879.20,961.00,860.60,872.95,5117
2025-08-14,919.65,919.65,865.05,876.25,1855
2025-08-18,911.25,911.25,850.00,865.95,2009
2025-08-19,867.95,868.50,852.05,860.00,11179
2025-08-20,867.95,867.95,832.00,851.10,1751
2025-08-21,854.90,857.75,844.00,847.85,1723
2025-08-22,846.60,851.50,821.00,837.95,3502
2025-08-25,837.95,868.00,830.00,855.40,2956
2025-08-26,850.40,940.00,835.55,871.05,50815
2025-08-28,860.15,871.00,845.55,865.05,1432
2025-08-29,865.05,873.40,835.00,836.95,2358
2025-09-01,836.95,845.55,821.00,833.25,2347
2025-09-02,835.00,845.00,825.00,837.65,1170
2025-09-03,844.40,887.40,825.20,844.15,3660
2025-09-04,869.80,895.00,835.00,861.75,6488
2025-09-05,848.05,871.05,832.15,853.75,3389
2025-09-08,856.50,879.00,852.20,875.20,1977
2025-09-09,888.75,888.75,854.25,863.00,1156
2025-09-10,858.35,879.00,853.75,861.45,1153
2025-09-11,857.15,861.50,836.00,852.25,1735
2025-09-12,859.00,908.00,841.65,866.55,10874
2025-09-15,897.00,897.00,857.50,868.60,1703
2025-09-16,870.00,890.00,870.00,881.50,6051
2025-09-17,888.80,890.00,874.75,884.10,1649
2025-09-18,897.35,897.35,879.00,881.80,2315
2025-09-19,880.00,880.00,864.00,873.20,2522
2025-09-22,870.00,884.95,870.00,882.30,1290
2025-09-23,873.00,878.45,870.00,871.70,349
2025-09-24,870.00,895.00,870.00,890.00,8825
2025-09-25,890.00,942.70,852.00,870.00,7021
2025-09-26,879.35,879.40,839.95,858.45,5925
2025-09-29,890.00,890.00,851.85,852.55,1514
2025-09-30,852.55,866.60,831.25,843.05,1655
2025-10-01,846.10,846.10,805.00,822.65,3140
2025-10-03,820.00,851.65,812.40,836.75,9459
2025-10-06,845.00,845.00,809.00,823.00,1871
2025-10-07,820.00,823.00,788.00,797.95,3816
2025-10-08,797.95,845.45,766.75,825.70,7798
2025-10-09,815.00,831.00,807.20,821.05,2299
2025-10-10,826.90,831.00,782.60,797.40,2616
2025-10-13,800.00,813.20,760.15,770.35,3468
2025-10-14,770.35,777.80,736.55,748.90,6274
2025-10-15,770.55,770.55,714.05,750.90,6876
2025-10-16,780.00,796.05,728.00,769.25,1397
2025-10-17,780.80,780.85,740.10,755.55,437
2025-10-20,755.55,787.00,721.05,742.45,4564
2025-10-21,740.00,785.00,740.00,778.15,2226
2025-10-23,789.90,797.15,750.00,777.20,15005
2025-10-24,770.00,791.90,761.45,770.10,3409
2025-10-27,793.30,793.30,769.15,779.95,5474
2025-10-28,781.80,820.00,777.25,805.20,15820
2025-10-29,834.00,855.00,794.35,840.35,5999
2025-10-30,820.00,857.35,813.45,846.55,3439
2025-10-31,847.00,866.00,829.45,858.25,6131
2025-11-03,866.50,876.50,787.80,832.25,16982
2025-11-04,847.75,875.00,825.00,850.60,42791
2025-11-06,848.00,896.00,843.00,855.25,14145
2025-11-07,870.00,881.95,835.00,849.50,6136
2025-11-10,885.00,885.00,825.20,836.65,1284
2025-11-11,845.05,863.20,838.65,856.05,3555
2025-11-12,846.25,878.90,835.40,869.80,1111
2025-11-13,871.60,871.60,836.45,856.55,1754
2025-11-14,856.60,856.65,834.15,845.00,289
2025-11-17,849.30,865.40,821.20,850.00,1548
2025-11-18,848.40,854.40,820.00,824.75,5723
2025-11-19,832.35,840.95,827.40,834.80,1744
2025-11-20,845.40,847.55,819.50,820.30,2873
2025-11-21,833.85,939.45,833.85,873.40,121554
2025-11-24,869.85,874.05,812.20,826.25,8794
2025-11-25,838.65,841.00,810.10,815.45,2542
2025-11-26,813.05,836.95,800.00,806.65,2870
2025-11-27,814.70,816.45,801.00,803.95,2434
2025-11-28,785.00,920.00,785.00,879.85,179140
2025-12-01,880.85,899.00,835.15,844.55,16452
2025-12-02,849.70,849.70,821.00,831.80,11544
2025-12-03,823.50,843.95,804.00,812.25,2899
2025-12-04,824.00,826.45,800.00,806.20,8642
2025-12-05,810.25,825.00,794.10,814.65,5436
2025-12-08,818.60,818.60,752.60,763.15,5577
2025-12-09,770.00,776.20,743.70,768.80,2980
2025-12-10,768.75,783.50,747.00,770.75,2517
2025-12-11,773.40,793.80,752.20,765.65,6564
2025-12-12,780.00,780.00,742.35,759.25,12868
2025-12-15,757.25,765.55,750.15,760.45,1680
2025-12-16,763.55,763.55,736.10,747.80,1023
2025-12-17,740.00,765.00,740.00,753.50,2694
2025-12-18,749.75,759.20,712.50,724.25,13364
2025-12-19,734.30,734.95,716.35,725.25,1233
2025-12-22,717.00,751.00,717.00,746.10,2739
2025-12-23,770.00,806.25,737.00,758.45,4496
2025-12-24,758.45,765.10,743.20,752.75,1792
2025-12-26,748.95,749.00,740.65,743.60,365
2025-12-29,723.00,750.00,715.00,723.05,1323
2025-12-30,718.80,744.70,715.05,720.40,2035
2025-12-31,731.95,736.90,709.00,719.75,2885
2026-01-01,737.00,737.00,712.60,726.05,1464
2026-01-02,726.00,738.00,722.45,735.35,540
2026-01-05,740.80,740.80,717.15,721.00,668
2026-01-06,730.05,751.90,718.75,732.05,3844
2026-01-07,718.00,733.45,708.00,718.50,1978
2026-01-08,711.00,728.15,700.00,702.50,43008
2026-01-09,720.10,720.10,658.05,669.00,4638
2026-01-12,666.05,699.00,656.30,686.55,1384
2026-01-13,718.00,718.00,655.35,662.20,5436
2026-01-14,697.30,697.30,653.45,657.15,2026
2026-01-16,653.90,683.90,653.90,678.65,946
2026-01-19,700.00,700.00,675.35,679.50,969
2026-01-20,673.45,676.10,636.35,643.45,1333
2026-01-21,641.20,641.20,602.00,613.15,6110
2026-01-22,610.05,706.00,610.05,674.55,1226
2026-01-23,699.85,701.85,632.00,683.40,12014
2026-01-27,698.85,713.90,683.20,696.05,4452
2026-01-28,705.00,762.00,705.00,751.10,6463
2026-01-29,762.40,775.00,735.05,754.45,5999
2026-01-30,764.55,785.00,756.30,779.90,4380
2026-02-01,779.90,814.70,765.20,801.20,4337
2026-02-02,820.00,869.95,819.95,857.60,23232
2026-02-03,947.00,948.00,883.85,921.90,21972
2026-02-04,925.50,930.25,890.50,896.45,2108
2026-02-05,883.00,925.00,880.10,913.60,15694
2026-02-06,900.05,922.90,894.30,915.75,6972
2026-02-09,935.00,975.00,890.25,953.10,19112
2026-02-10,979.00,980.00,950.00,950.40,7491
2026-02-11,959.00,979.00,935.00,954.10,19611
2026-02-12,970.00,978.55,860.10,892.45,11944
2026-02-13,879.05,893.35,851.30,873.00,4261
2026-02-16,872.95,884.15,863.15,877.85,1277
2026-02-17,883.70,886.00,850.00,861.85,1310
2026-02-18,868.00,888.80,851.10,859.25,1447
2026-02-19,859.95,875.15,847.00,851.20,1358
2026-02-20,838.40,853.25,801.00,829.90,2460
2026-02-23,805.05,867.95,805.05,853.30,2370
2026-02-24,866.10,867.40,825.10,830.00,2596
2026-02-25,829.95,841.00,818.10,822.25,618
2026-02-26,821.90,823.95,815.00,818.45,484
2026-02-27,820.00,832.40,730.60,757.70,6184
2026-03-02,700.00,744.75,700.00,723.45,4372
2026-03-04,700.00,765.00,680.10,731.35,20487
2026-03-05,691.00,765.00,691.00,731.35,1504
2026-03-06,730.00,747.95,715.20,728.85,1386
2026-03-09,707.00,733.75,707.00,721.45,799
2026-03-10,720.05,749.15,702.00,708.75,7156
2026-03-11,719.65,730.00,701.05,707.40,1840
2026-03-12,711.55,724.40,706.15,719.90,3423
2026-03-13,705.00,744.00,705.00,731.90,4041
2026-03-16,710.00,730.00,702.40,711.20,4297
2026-03-17,717.95,719.50,709.55,717.50,1532
2026-03-18,718.25,728.05,708.00,711.45,2751
2026-03-19,708.05,714.10,695.00,699.30,17132
2026-03-20,720.00,720.25,702.30,706.25,1248
2026-03-23,709.75,709.75,663.00,675.05,32060
2026-03-24,685.05,693.00,660.00,688.10,1418
2026-03-25,715.05,723.00,699.20,720.20,36837
2026-03-27,720.25,736.95,695.05,700.05,1367
2026-03-30,685.00,685.00,648.00,658.65,3846
2026-04-01,700.00,700.00,679.70,699.40,1261
2026-04-02,694.00,718.45,682.60,712.00,1173
2026-04-06,715.60,747.95,712.00,736.10,1689
2026-04-07,757.95,757.95,733.95,739.35,734
2026-04-08,755.00,887.20,742.50,757.35,69459
2026-04-09,756.50,756.50,712.40,728.40,6304
2026-04-10,728.40,758.80,728.40,747.05,2890
2026-04-13,715.00,740.00,715.00,730.10,1136
2026-04-15,760.00,777.05,750.00,761.70,4203
2026-04-16,790.00,796.00,752.70,770.30,2862
2026-04-17,816.95,816.95,770.00,787.50,3432
2026-04-20,784.65,814.95,752.05,776.80,930
2026-04-21,799.95,799.95,766.55,782.40,1570
2026-04-22,732.00,804.90,732.00,796.45,1310
2026-04-23,781.40,799.90,764.40,786.15,1392
2026-04-24,815.00,815.00,766.00,788.45,6146
2026-04-27,794.95,794.95,765.20,771.40,1285
2026-04-28,780.00,789.30,760.00,776.30,1810
2026-04-29,775.00,794.55,760.05,776.85,13553
2026-04-30,779.05,781.90,762.00,766.40,2246
2026-05-04,780.05,780.05,746.00,761.20,6212
2026-05-05,775.00,775.00,745.50,752.65,2812
2026-05-06,752.65,769.35,750.55,763.55,5413
2026-05-07,776.70,785.00,751.60,759.55,3806
2026-05-08,761.70,761.70,724.40,728.40,5183
2026-05-11,753.75,753.75,721.10,723.25,3134
2026-05-12,716.00,719.95,705.05,714.25,1374
2026-05-13,729.95,734.00,721.00,730.35,522
2026-05-14,734.30,747.40,722.35,735.15,1937
2026-05-15,738.95,738.95,725.05,734.85,1323
2026-05-18,770.00,770.00,713.10,724.95,4538
2026-05-19,735.30,741.00,712.00,719.40,3770
2026-05-20,691.00,730.00,691.00,718.00,1046
2026-05-21,728.00,729.20,709.00,720.45,1404
2026-05-22,719.65,735.30,711.10,716.70,1786
2026-05-25,741.45,749.00,723.70,732.60,6188
2026-05-26,745.00,745.00,715.00,734.75,553
2026-05-27,741.95,770.00,720.10,757.35,6057
2026-05-29,756.60,793.00,756.60,775.60,6352
2026-06-01,742.35,750.80,718.85,735.50,7890
2026-06-02,720.80,738.00,720.80,731.05,999
2026-06-03,728.15,728.40,692.00,697.40,6137
2026-06-04,690.00,725.00,677.00,722.50,3291
2026-06-05,723.70,733.20,690.00,696.95,3327
2026-06-08,700.90,714.95,682.25,698.05,3592
2026-06-09,722.50,722.50,684.05,692.65,1750
2026-06-10,694.00,710.00,674.50,681.80,2043
2026-06-11,671.00,700.10,665.00,673.15,1274
2026-06-12,690.00,702.95,680.10,694.05,2660
2026-06-15,697.00,718.05,697.00,708.00,5866
2026-06-16,717.95,717.95,689.75,696.55,3267
2026-06-17,712.90,712.90,685.15,703.50,917
2026-06-18,714.95,714.95,686.00,700.85,8029
2026-06-19,693.95,738.50,687.55,717.15,8814
2026-06-22,748.00,748.00,712.00,726.90,2848
2026-06-23,724.85,741.65,711.10,715.50,3059
2026-06-24,716.85,813.00,716.85,792.05,14705
2026-06-25,820.00,870.00,781.00,805.25,90629
2026-06-29,805.25,805.25,768.15,776.25,4738
2026-06-30,776.00,779.70,749.00,771.20,4744
2026-07-01,756.05,781.05,750.00,751.85,3426
2026-07-02,773.65,800.00,754.05,798.25,8542
2026-07-03,822.00,822.00,772.00,785.00,593
2026-07-06,759.80,789.00,755.05,764.75,2915
2026-07-07,790.00,790.00,731.10,738.20,1806
2026-07-08,757.65,757.65,712.00,722.05,1789
2026-07-09,718.45,742.05,712.15,725.90,2314
2026-07-10,751.30,754.00,714.85,729.85,3481
2026-07-13,726.30,734.75,714.00,719.55,5368
2026-07-14,743.35,743.35,715.10,721.90,1900
2026-07-15,740.50,740.50,692.10,717.05,5488
2026-07-16,737.55,737.55,713.70,728.90,7996
2026-07-17,732.50,738.00,711.25,724.75,3901
2026-07-20,721.00,764.20,721.00,745.55,5074
2026-07-21,754.90,754.90,722.10,740.25,3493
2026-07-22,739.70,746.00,734.00,741.35,2877
2026-07-23,723.70,752.05,723.45,740.15,987
2026-07-24,740.15,760.00,725.00,729.90,1190
2026-07-27,680.00,757.00,680.00,745.80,854
2026-07-28,774.00,780.00,741.30,778.85,4168
2026-07-29,749.60,758.80,741.90,749.75,15658
2026-07-30,747.80,750.00,740.55,749.95,341
2026-07-31,798.95,798.95,740.00,740.60,2682
2026-08-03,764.95,764.95,735.00,760.85,1859
2026-08-04,760.10,832.15,760.10,801.75,33586
2026-08-05,813.80,833.00,800.00,808.15,4761
2026-08-06,811.65,824.90,800.00,809.90,3594
2026-08-07,832.00,845.05,802.60,830.35,7893
2026-08-10,823.20,841.90,793.20,827.15,4400
2026-08-11,840.00,844.95,817.40,833.10,3250
2026-08-12,844.00,844.00,800.00,820.60,2415
2026-08-13,839.90,879.15,802.80,850.00,37455
2026-08-14,839.80,850.00,810.00,837.40,19545
2026-08-17,835.00,859.45,832.00,854.90,19406
2026-08-18,860.00,860.00,830.10,831.25,11046
2026-08-19,848.85,855.00,829.65,842.60,8355
2026-08-20,855.10,855.10,830.10,834.55,10992
2026-08-21,834.55,844.85,827.40,831.10,24528
2026-08-24,832.40,844.45,832.00,835.45,5282
2026-08-25,846.60,850.00,840.00,845.75,8250
2026-08-26,857.00,857.00,832.35,840.45,7177
2026-08-27,845.75,877.40,845.75,867.15,35867
2026-08-28,872.05,890.00,844.55,857.70,21683
2026-08-31,863.00,863.00,848.00,852.20,23669
2026-09-01,865.00,949.00,858.10,885.45,64376
2026-09-02,938.00,938.00,885.45,893.20,18069
2026-09-03,862.80,930.00,862.80,915.85,21553
2026-09-04,924.00,924.00,899.95,907.85,8736
2026-09-07,930.00,955.00,907.05,931.15,20199
2026-09-08,947.00,947.00,907.00,936.85,14559
2026-09-09,938.40,1124.20,915.10,1108.20,191572
2026-09-10,1122.60,1150.00,1055.00,1081.70,50377
2026-09-11,1097.00,1097.00,1030.20,1073.00,17520
2026-09-15,1073.00,1095.50,1025.00,1027.55,12076
2026-09-16,1029.00,1081.75,995.00,1036.25,12435
2026-09-17,1050.00,1060.00,1011.00,1023.45,7093
2026-09-18,1044.40,1079.90,1012.30,1040.85,9486
