Date,Open,High,Low,Close,Volume
2001-12-31,4.03,4.07,4.03,4.05,4780
2002-01-02,4.19,4.19,4.10,4.10,5000
2002-01-03,4.20,4.20,4.20,4.20,7000
2002-01-07,3.96,4.15,3.96,3.96,2940
2002-01-08,4.00,4.05,4.00,4.00,8880
2002-01-09,4.14,4.14,3.95,4.05,2000
2002-01-10,3.90,3.90,3.90,3.90,1900
2002-01-11,3.92,4.05,3.92,3.94,14020
2002-01-14,4.03,4.25,3.96,4.25,30940
2002-01-15,4.20,4.20,4.02,4.05,8540
2002-01-16,4.10,4.10,4.06,4.06,4720
2002-01-17,4.15,4.15,4.15,4.15,40
2002-01-18,4.12,4.25,4.12,4.25,22340
2002-01-21,4.08,4.25,4.08,4.25,8980
2002-01-22,4.11,4.40,4.11,4.40,540
2002-01-23,4.20,4.29,4.11,4.29,17460
2002-01-24,4.21,4.25,4.19,4.20,9900
2002-01-25,4.20,4.32,4.11,4.11,12100
2002-01-28,4.17,4.25,4.17,4.25,15800
2002-01-29,4.30,4.30,4.12,4.25,4880
2002-01-30,4.01,4.40,4.01,4.40,12400
2002-01-31,4.15,4.15,4.15,4.15,3740
2002-02-01,4.15,4.20,4.14,4.20,12500
2002-02-04,4.05,4.20,4.05,4.20,2000
2002-02-05,4.20,4.34,4.10,4.13,81120
2002-02-06,4.38,4.38,4.15,4.20,38160
2002-02-07,4.05,4.28,4.05,4.20,10580
2002-02-08,4.20,4.27,4.15,4.17,131300
2002-02-11,4.25,4.25,4.17,4.17,1400
2002-02-12,4.25,4.25,4.21,4.21,9860
2002-02-13,4.21,4.30,4.20,4.21,10600
2002-02-14,4.16,4.24,4.12,4.16,23640
2002-02-15,4.20,4.29,4.16,4.22,6780
2002-02-18,4.12,4.30,4.12,4.22,10180
2002-02-19,4.25,4.25,4.16,4.25,5260
2002-02-20,4.17,4.22,4.12,4.14,11440
2002-02-21,4.15,4.35,4.12,4.35,11080
2002-02-22,4.30,4.30,4.17,4.20,7980
2002-02-25,4.16,4.20,4.11,4.20,10420
2002-02-26,4.17,4.17,4.10,4.10,27240
2002-02-27,4.10,4.30,4.10,4.17,13000
2002-02-28,4.13,4.17,4.06,4.17,6400
2002-03-01,4.15,4.15,4.10,4.11,37140
2002-03-04,4.24,4.44,4.16,4.44,27440
2002-03-05,4.45,4.55,4.35,4.54,33080
2002-03-06,4.25,4.30,4.23,4.30,22000
2002-03-07,4.30,4.30,4.18,4.21,10860
2002-03-08,4.20,4.25,4.20,4.21,9400
2002-03-11,4.15,4.24,4.15,4.16,4700
2002-03-12,4.15,4.15,4.12,4.12,9200
2002-03-13,4.16,4.19,4.15,4.15,9920
2002-03-14,4.12,4.12,4.11,4.11,11400
2002-03-15,4.10,4.20,4.05,4.20,24280
2002-03-18,4.20,4.25,4.15,4.15,26840
2002-03-19,4.25,4.25,4.15,4.15,3120
2002-03-20,4.11,4.12,4.11,4.12,2040
2002-03-21,4.05,4.19,4.05,4.19,19260
2002-03-22,4.10,4.19,4.10,4.17,2500
2002-03-26,4.12,4.29,4.12,4.20,3240
2002-03-27,4.15,4.15,4.15,4.15,5900
2002-03-28,4.15,4.15,4.15,4.15,5700
2002-04-01,4.30,4.30,4.19,4.23,14580
2002-04-02,4.16,4.30,4.10,4.10,17980
2002-04-03,4.25,4.25,4.16,4.18,2080
2002-04-04,4.18,4.18,4.10,4.12,27860
2002-04-05,4.15,4.17,4.08,4.08,28120
2002-04-08,4.24,4.25,4.12,4.25,3000
2002-04-09,4.17,4.17,4.12,4.12,7280
2002-04-10,4.14,4.22,4.10,4.12,65100
2002-04-11,4.15,4.15,4.12,4.12,66280
2002-04-12,4.35,4.38,4.16,4.16,110820
2002-04-15,4.20,4.34,4.20,4.25,36100
2002-04-16,4.26,4.29,4.21,4.21,31440
2002-04-17,4.20,4.26,4.17,4.20,53020
2002-04-18,4.20,4.40,4.10,4.11,171780
2002-04-19,4.25,4.33,4.25,4.25,42500
2002-04-22,4.25,4.25,4.16,4.16,23520
2002-04-23,4.20,4.20,4.20,4.20,1260
2002-04-24,4.12,4.17,4.12,4.15,34400
2002-04-25,4.15,4.25,4.14,4.19,24040
2002-04-26,4.07,4.25,4.07,4.25,154800
2002-04-29,4.25,4.30,4.17,4.22,122380
2002-04-30,4.30,4.63,4.30,4.63,87200
2002-05-02,4.83,4.99,4.65,4.65,133640
2002-05-03,4.60,4.85,4.60,4.70,97360
2002-05-06,4.78,4.91,4.76,4.89,97840
2002-05-07,4.90,5.20,4.84,5.17,142320
2002-05-08,5.05,5.29,5.05,5.16,120260
2002-05-09,5.25,5.25,5.00,5.00,53500
2002-05-10,5.17,5.17,4.90,4.91,36620
2002-05-13,4.86,4.98,4.86,4.90,47360
2002-05-14,4.80,4.97,4.75,4.97,25140
2002-05-15,4.83,5.20,4.83,4.90,74520
2002-05-16,4.90,4.97,4.60,4.78,98960
2002-05-17,4.60,4.79,4.58,4.70,85240
2002-05-20,4.67,4.70,4.50,4.50,62640
2002-05-21,4.50,4.60,4.50,4.50,25420
2002-05-22,4.50,4.59,4.50,4.55,7400
2002-05-23,4.57,4.57,4.48,4.50,75900
2002-05-24,4.60,4.69,4.60,4.69,52680
2002-05-27,4.62,4.65,4.60,4.65,8180
2002-05-28,4.60,4.64,4.58,4.58,22340
2002-05-29,4.60,4.70,4.60,4.70,21260
2002-05-30,4.70,4.72,4.64,4.65,23480
2002-05-31,4.74,4.74,4.60,4.65,14020
2002-06-03,4.60,4.63,4.60,4.62,41800
2002-06-04,4.65,4.70,4.65,4.70,34880
2002-06-05,4.70,4.86,4.70,4.85,49900
2002-06-06,4.85,4.85,4.71,4.71,52000
2002-06-07,4.73,4.82,4.70,4.70,196860
2002-06-10,4.79,4.89,4.78,4.80,199340
2002-06-11,4.75,4.90,4.75,4.81,151960
2002-06-12,4.80,4.83,4.78,4.78,67000
2002-06-13,4.73,4.81,4.73,4.80,37160
2002-06-14,4.90,4.90,4.73,4.82,8360
2002-06-17,4.90,5.30,4.85,5.24,167960
2002-06-18,5.19,5.30,5.00,5.02,210940
2002-06-19,5.29,5.42,5.00,5.13,94120
2002-06-20,5.15,5.24,5.10,5.12,97820
2002-06-21,4.75,5.22,4.75,5.05,38160
2002-06-24,5.28,5.59,5.26,5.26,553580
2002-06-25,5.47,5.55,5.31,5.31,124880
2002-06-26,5.45,5.50,5.33,5.42,57380
2002-06-27,5.47,5.50,5.41,5.44,265160
2002-06-28,5.55,5.60,5.45,5.50,107920
2002-07-01,5.53,5.70,5.50,5.64,63720
2002-07-02,5.55,5.70,5.55,5.70,214240
2002-07-03,5.80,5.85,5.72,5.80,75920
2002-07-04,5.86,6.00,5.85,5.92,149860
2002-07-05,6.00,6.05,5.95,6.00,140300
2002-07-08,6.10,6.50,6.10,6.36,348980
2002-07-09,6.31,6.40,6.22,6.22,97920
2002-07-10,6.14,6.22,6.00,6.00,179540
2002-07-11,6.08,6.20,6.05,6.09,28480
2002-07-12,6.09,6.14,6.03,6.05,70320
2002-07-15,6.00,6.00,5.81,5.95,70660
2002-07-16,5.75,5.80,5.45,5.64,128340
2002-07-17,5.55,5.69,5.50,5.65,125860
2002-07-18,5.50,5.97,5.45,5.97,114220
2002-07-19,5.61,5.95,5.61,5.88,110580
2002-07-22,5.95,6.10,5.62,5.68,90660
2002-07-23,5.75,5.89,5.65,5.83,13400
2002-07-24,5.83,5.85,5.70,5.80,39220
2002-07-25,5.90,5.90,5.50,5.50,67720
2002-07-26,5.50,5.54,5.30,5.47,119680
2002-07-29,5.20,5.22,4.98,5.08,67880
2002-07-30,5.29,5.29,4.85,4.85,31140
2002-07-31,4.85,5.08,4.85,5.08,23780
2002-08-01,5.25,5.50,5.05,5.10,53700
2002-08-02,5.10,5.20,5.05,5.05,28000
2002-08-05,5.03,5.25,5.01,5.18,192760
2002-08-06,5.24,5.24,5.13,5.16,17940
2002-08-07,5.15,5.35,5.10,5.20,112180
2002-08-08,5.32,5.32,5.15,5.15,28220
2002-08-09,5.16,5.22,5.12,5.20,9400
2002-08-12,5.20,5.35,5.20,5.25,47780
2002-08-13,5.26,5.28,5.20,5.25,18140
2002-08-14,5.20,5.30,5.20,5.25,24960
2002-08-16,5.25,5.33,5.25,5.33,7840
2002-08-19,5.20,5.28,5.20,5.25,6340
2002-08-20,5.25,5.35,5.16,5.33,16560
2002-08-21,5.28,5.33,5.21,5.26,4000
2002-08-22,5.45,5.45,5.23,5.23,13580
2002-08-23,5.27,5.30,5.25,5.30,20000
2002-08-26,5.25,5.50,5.25,5.45,68000
2002-08-27,5.40,5.50,5.25,5.36,39120
2002-08-28,5.74,5.74,5.36,5.38,14100
2002-08-29,5.99,5.99,5.31,5.31,12140
2002-08-30,5.35,5.44,5.25,5.35,32000
2002-09-02,5.35,5.50,5.35,5.35,11000
2002-09-03,5.25,5.47,5.25,5.47,47900
2002-09-04,5.44,5.49,5.34,5.49,16000
2002-09-05,5.45,5.45,5.38,5.39,5480
2002-09-06,5.40,5.46,5.28,5.28,18620
2002-09-09,5.32,5.50,5.32,5.50,11240
2002-09-11,5.40,5.40,5.35,5.40,9500
2002-09-12,5.62,5.62,5.25,5.34,6060
2002-09-13,5.33,5.33,5.33,5.33,1600
2002-09-16,5.25,5.50,5.21,5.50,30120
2002-09-17,5.30,5.42,5.30,5.42,5080
2002-09-18,5.38,5.50,5.27,5.50,49040
2002-09-19,5.44,5.50,5.34,5.46,29000
2002-09-20,5.30,5.50,5.30,5.43,88140
2002-09-23,5.36,5.54,5.36,5.47,187900
2002-09-24,5.41,5.41,5.33,5.40,7900
2002-09-25,5.33,5.35,5.33,5.35,4500
2002-09-27,5.35,5.42,5.31,5.41,148340
2002-09-30,5.40,5.40,5.36,5.40,8280
2002-10-01,5.33,5.39,5.21,5.21,5380
2002-10-03,5.21,5.31,5.20,5.20,3300
2002-10-04,5.25,5.25,5.17,5.22,7700
2002-10-07,5.25,5.29,5.17,5.17,4020
2002-10-08,5.13,5.27,5.13,5.27,5880
2002-10-09,5.33,5.34,5.33,5.34,1300
2002-10-10,5.30,5.30,5.21,5.21,12400
2002-10-11,5.23,5.33,5.15,5.25,15320
2002-10-14,5.00,5.00,5.00,5.00,420
2002-10-16,5.41,5.41,5.25,5.25,2400
2002-10-17,5.38,5.50,5.30,5.33,21760
2002-10-18,5.33,5.33,5.14,5.17,11780
2002-10-21,5.25,5.33,5.25,5.33,19180
2002-10-22,5.26,5.32,5.26,5.29,18320
2002-10-23,5.21,5.35,5.21,5.35,1020
2002-10-24,5.11,5.27,5.11,5.22,6700
2002-10-25,5.33,5.33,5.19,5.30,2100
2002-10-28,5.20,5.25,5.08,5.08,39280
2002-10-29,5.14,5.14,5.14,5.14,14500
2002-10-30,5.15,5.15,4.95,5.09,14380
2002-10-31,5.10,5.13,5.08,5.11,10140
2002-11-01,5.19,5.20,5.07,5.17,9100
2002-11-04,5.24,5.24,5.10,5.23,3240
2002-11-05,5.17,5.17,5.17,5.17,500
2002-11-07,5.19,5.19,5.09,5.11,31440
2002-11-08,5.10,5.14,5.08,5.10,17720
2002-11-11,5.05,5.05,4.97,4.97,18360
2002-11-12,5.02,5.02,4.96,4.96,14000
2002-11-13,4.99,4.99,4.96,4.96,2100
2002-11-14,5.00,5.05,4.96,5.00,26800
2002-11-15,5.00,5.03,5.00,5.00,44700
2002-11-18,5.05,5.08,4.98,5.01,35980
2002-11-20,5.03,5.25,4.97,5.01,33060
2002-11-21,5.03,5.16,5.01,5.01,29500
2002-11-22,5.00,5.15,5.00,5.02,15140
2002-11-25,5.00,5.04,4.99,5.00,101500
2002-11-26,5.05,5.15,4.98,5.02,116900
2002-11-27,4.96,5.02,4.95,5.01,46120
2002-11-28,5.01,5.01,5.00,5.00,89620
2002-11-29,5.03,5.05,4.99,5.01,35420
2002-12-02,5.10,5.45,5.10,5.37,57020
2002-12-03,5.16,5.28,5.16,5.17,21380
2002-12-04,5.24,5.24,5.10,5.20,4080
2002-12-05,5.10,5.24,5.10,5.20,21560
2002-12-06,5.12,5.20,5.11,5.11,13940
2002-12-09,5.14,5.20,5.11,5.11,48340
2002-12-10,5.07,5.12,5.07,5.12,3160
2002-12-11,5.11,5.17,5.11,5.15,10460
2002-12-12,5.20,5.35,5.13,5.35,38900
2002-12-13,5.34,5.34,5.21,5.26,41440
2002-12-16,5.25,5.25,5.10,5.22,178620
2002-12-17,5.15,5.22,5.11,5.21,46940
2002-12-18,5.20,5.25,5.19,5.19,40380
2002-12-19,5.29,5.35,5.20,5.35,24780
2002-12-20,5.25,5.25,5.22,5.22,23940
2002-12-23,5.17,5.35,5.17,5.35,14300
2002-12-24,5.34,5.40,5.30,5.38,41600
2002-12-26,5.34,5.34,5.26,5.27,4600
2002-12-27,5.22,5.38,5.22,5.29,27060
2002-12-30,5.34,5.40,5.28,5.35,32180
2002-12-31,5.37,5.41,5.32,5.41,15920
2003-01-01,5.40,5.47,5.38,5.47,28200
2003-01-02,5.45,5.50,5.40,5.45,63780
2003-01-03,5.40,5.64,5.40,5.48,42600
2003-01-06,5.53,5.53,5.48,5.51,52120
2003-01-07,5.41,5.51,5.41,5.46,124900
2003-01-08,5.42,5.51,5.42,5.49,15300
2003-01-09,5.50,5.53,5.50,5.51,55660
2003-01-10,5.55,5.57,5.47,5.47,15760
2003-01-13,5.45,5.50,5.42,5.50,47980
2003-01-14,5.51,5.55,5.50,5.51,33700
2003-01-15,5.41,5.55,5.41,5.47,111340
2003-01-16,5.46,5.54,5.46,5.51,542660
2003-01-17,5.35,5.56,5.26,5.51,421520
2003-01-20,5.56,5.72,5.49,5.49,57520
2003-01-21,5.51,5.60,5.51,5.59,18200
2003-01-22,5.59,5.59,5.53,5.53,8560
2003-01-23,5.54,5.54,5.48,5.48,6400
2003-01-24,5.45,5.45,5.30,5.31,44200
2003-01-27,5.25,5.35,5.25,5.35,10300
2003-01-28,5.17,5.38,5.17,5.30,22640
2003-01-29,5.22,5.33,5.22,5.26,15100
2003-01-30,5.20,5.25,5.00,5.25,42680
2003-01-31,5.45,5.50,5.25,5.25,26160
2003-02-03,5.30,5.38,5.15,5.23,7780
2003-02-04,5.17,5.35,5.17,5.25,21380
2003-02-05,5.23,5.25,5.22,5.25,51200
2003-02-06,5.25,5.33,5.21,5.25,12400
2003-02-07,5.25,5.39,5.22,5.30,11340
2003-02-10,5.18,5.34,5.18,5.34,3780
2003-02-11,5.32,5.32,5.22,5.22,7500
2003-02-12,5.20,5.20,5.14,5.19,5680
2003-02-14,5.25,5.25,5.21,5.21,14600
2003-02-17,5.21,5.30,5.20,5.30,26920
2003-02-18,5.10,5.38,5.10,5.35,14260
2003-02-19,5.30,5.33,5.27,5.30,26360
2003-02-20,5.25,5.42,5.25,5.33,16280
2003-02-21,5.34,5.34,5.30,5.30,5000
2003-02-24,5.30,5.50,5.30,5.37,37460
2003-02-25,5.33,5.50,5.33,5.50,19380
2003-02-26,5.45,5.75,5.38,5.66,58760
2003-02-27,5.72,5.72,5.51,5.51,52660
2003-02-28,5.60,5.60,5.47,5.51,166900
2003-03-03,5.46,5.50,5.42,5.45,21600
2003-03-04,5.45,5.48,5.38,5.47,18800
2003-03-05,5.45,5.45,5.39,5.42,14140
2003-03-06,5.47,5.49,5.42,5.49,13960
2003-03-07,5.26,5.33,5.26,5.33,22000
2003-03-10,5.30,5.31,5.30,5.31,2820
2003-03-11,5.26,5.52,5.26,5.52,326040
2003-03-12,5.45,5.50,5.41,5.41,37480
2003-03-13,5.34,5.50,5.32,5.45,108480
2003-03-17,5.40,5.50,5.35,5.35,28000
2003-03-19,5.36,5.45,5.35,5.45,21040
2003-03-20,5.35,5.51,5.35,5.51,347680
2003-03-21,5.50,5.55,5.45,5.47,27000
2003-03-24,5.35,5.41,5.35,5.39,9040
2003-03-25,5.31,5.35,5.30,5.30,9160
2003-03-26,5.49,5.50,5.33,5.37,249020
2003-03-27,5.36,5.36,5.36,5.36,1000
2003-03-28,5.45,5.45,5.45,5.45,20
2003-03-31,5.20,5.60,5.20,5.60,3000
2003-04-01,5.26,5.45,5.26,5.45,10240
2003-04-03,5.33,5.44,5.33,5.36,14600
2003-04-04,5.50,5.50,5.47,5.50,59900
2003-04-07,5.44,5.53,5.40,5.50,15320
2003-04-08,5.55,5.55,5.50,5.50,21100
2003-04-09,5.55,5.55,5.45,5.45,9700
2003-04-10,5.35,5.54,5.35,5.45,25800
2003-04-11,5.50,5.50,5.45,5.45,20080
2003-04-15,5.74,5.75,5.55,5.60,16800
2003-04-16,5.60,5.60,5.50,5.55,17000
2003-04-17,5.46,5.54,5.41,5.41,12200
2003-04-21,5.40,5.42,5.38,5.38,197800
2003-04-22,5.44,5.50,5.44,5.45,5000
2003-04-23,5.45,5.54,5.45,5.47,15160
2003-04-24,5.49,5.64,5.49,5.51,32700
2003-04-25,5.68,5.72,5.60,5.60,33800
2003-04-28,5.59,5.59,5.47,5.56,22200
2003-04-29,5.45,5.60,5.45,5.53,8540
2003-04-30,5.59,5.63,5.50,5.50,51040
2003-05-02,5.53,5.69,5.53,5.55,86700
2003-05-05,5.66,5.82,5.66,5.78,154420
2003-05-06,5.89,5.89,5.60,5.60,96420
2003-05-07,5.78,5.80,5.70,5.75,27380
2003-05-08,5.73,5.74,5.65,5.70,8660
2003-05-09,5.75,5.75,5.62,5.65,15160
2003-05-12,5.85,6.14,5.84,6.08,244320
2003-05-13,6.24,6.65,6.15,6.41,362700
2003-05-14,6.60,6.75,6.42,6.45,452780
2003-05-15,6.75,6.95,6.42,6.87,926640
2003-05-16,6.75,7.45,6.75,7.30,558320
2003-05-19,7.35,7.36,6.96,6.96,305680
2003-05-20,6.92,7.05,6.66,6.70,187720
2003-05-21,6.70,7.00,6.60,6.90,99280
2003-05-22,6.96,7.00,6.78,6.78,270040
2003-05-23,7.00,7.10,6.70,6.80,131880
2003-05-26,6.90,7.00,6.73,6.76,227800
2003-05-27,6.80,6.95,6.80,6.83,671580
2003-05-28,6.84,6.85,6.80,6.80,39900
2003-05-29,6.85,7.00,6.85,7.00,82000
2003-05-30,6.97,7.09,6.85,6.95,80020
2003-06-02,6.95,7.28,6.85,6.95,98540
2003-06-03,7.01,7.05,6.84,6.84,246660
2003-06-04,7.09,7.09,6.88,6.88,85600
2003-06-05,7.00,7.05,6.72,6.72,186500
2003-06-06,6.80,6.80,6.70,6.71,239080
2003-06-09,6.73,6.86,6.73,6.75,291240
2003-06-10,6.85,6.85,6.60,6.60,421460
2003-06-11,6.70,6.79,6.70,6.76,85040
2003-06-12,6.97,7.05,6.90,7.00,518020
2003-06-13,6.90,7.07,6.90,7.03,119700
2003-06-16,7.08,7.25,7.05,7.11,202500
2003-06-17,7.17,7.33,7.17,7.25,196600
2003-06-18,7.35,7.50,7.30,7.35,482600
2003-06-19,7.49,7.55,7.36,7.36,335420
2003-06-20,7.45,7.57,7.33,7.41,96620
2003-06-23,7.60,8.75,7.60,8.18,948820
2003-06-24,8.27,8.55,8.22,8.30,461100
2003-06-25,8.46,8.59,8.26,8.26,146000
2003-06-26,8.25,8.50,8.25,8.26,117920
2003-06-27,8.30,8.65,8.26,8.64,253820
2003-06-30,8.53,8.61,8.47,8.50,94120
2003-07-01,8.00,8.62,8.00,8.50,122980
2003-07-02,8.59,8.67,8.45,8.46,182180
2003-07-03,8.55,9.20,8.50,8.85,490320
2003-07-04,8.93,9.17,8.85,8.96,312820
2003-07-07,9.05,9.20,8.90,8.95,195580
2003-07-08,9.05,9.15,8.97,9.02,180200
2003-07-09,9.05,9.05,8.65,8.65,73240
2003-07-10,8.70,8.89,8.60,8.85,174380
2003-07-11,8.89,8.94,8.65,8.80,105040
2003-07-14,9.00,9.15,8.78,8.81,146800
2003-07-15,8.95,9.00,8.80,8.85,132380
2003-07-16,8.85,8.98,8.80,8.88,191860
2003-07-17,8.66,8.66,8.12,8.24,131400
2003-07-18,8.11,8.23,8.01,8.01,75640
2003-07-21,7.96,8.05,7.50,7.50,150720
2003-07-22,7.67,7.70,7.45,7.45,94080
2003-07-23,7.53,7.77,7.53,7.65,63960
2003-07-24,7.60,7.71,7.46,7.60,77480
2003-07-25,7.53,7.65,7.45,7.45,81580
2003-07-28,7.61,8.00,7.61,7.86,173440
2003-07-29,7.80,7.95,7.70,7.95,31600
2003-07-30,7.75,8.00,7.75,7.95,154040
2003-07-31,8.03,8.20,8.00,8.13,101040
2003-08-01,7.99,8.00,7.50,7.56,333820
2003-08-04,7.38,7.50,6.92,7.35,316360
2003-08-05,7.42,7.45,7.21,7.23,163680
2003-08-06,7.21,7.45,7.21,7.38,113800
2003-08-07,7.26,7.40,7.26,7.40,47300
2003-08-08,7.25,7.55,7.25,7.54,274100
2003-08-11,7.53,7.55,7.43,7.45,94540
2003-08-12,7.47,7.70,7.47,7.70,175480
2003-08-13,7.75,8.00,7.75,7.92,207820
2003-08-14,8.01,8.14,7.92,7.92,170300
2003-08-18,7.96,7.99,7.86,7.91,97320
2003-08-19,7.95,7.95,7.72,7.75,115580
2003-08-20,7.76,7.93,7.75,7.83,52640
2003-08-21,7.75,7.99,7.65,7.65,87500
2003-08-22,7.66,7.75,7.56,7.65,135880
2003-08-25,7.60,7.65,7.32,7.40,188380
2003-08-26,7.50,7.50,7.26,7.40,312500
2003-08-27,7.35,7.65,7.35,7.55,103480
2003-08-28,7.46,7.62,7.46,7.62,112820
2003-08-29,7.35,7.75,7.35,7.70,136420
2003-09-01,7.53,7.78,7.53,7.78,69720
2003-09-02,7.80,7.85,7.67,7.74,67760
2003-09-03,7.75,7.75,7.60,7.60,85280
2003-09-04,7.74,7.74,7.52,7.55,33140
2003-09-05,7.58,7.83,7.58,7.75,182340
2003-09-08,7.90,8.65,7.90,8.50,856440
2003-09-09,8.90,8.90,8.53,8.60,302920
2003-09-10,8.50,8.65,8.31,8.65,173200
2003-09-11,8.55,8.78,8.55,8.63,245720
2003-09-12,8.64,9.35,8.53,9.00,420580
2003-09-15,9.00,9.00,8.76,8.95,251520
2003-09-16,8.88,9.20,8.56,9.20,184760
2003-09-17,9.10,9.18,8.90,9.00,90080
2003-09-18,9.20,9.24,8.86,9.00,201160
2003-09-19,9.00,9.75,8.81,9.50,283160
2003-09-22,10.25,10.25,9.37,9.62,355120
2003-09-23,9.90,9.99,9.45,9.57,92700
2003-09-24,9.59,9.67,9.40,9.40,60020
2003-09-25,9.50,9.60,9.27,9.33,57460
2003-09-26,9.30,9.64,9.26,9.57,102960
2003-09-29,9.55,9.60,9.05,9.25,92180
2003-09-30,9.35,10.15,9.21,10.00,909340
2003-10-01,10.10,10.24,9.71,9.80,45900
2003-10-03,10.00,10.05,9.85,9.86,44960
2003-10-06,9.93,10.24,9.80,9.81,136560
2003-10-07,9.90,9.90,9.70,9.76,84260
2003-10-08,10.00,10.10,9.65,9.65,84120
2003-10-09,9.65,9.80,9.55,9.60,104300
2003-10-10,10.00,10.00,9.50,9.50,83160
2003-10-13,9.55,9.75,9.50,9.70,65600
2003-10-14,9.89,9.90,9.30,9.30,54760
2003-10-15,9.40,9.55,9.40,9.50,61420
2003-10-16,9.55,9.64,9.50,9.50,55380
2003-10-17,9.55,9.55,9.25,9.30,34860
2003-10-20,9.30,9.44,9.25,9.25,63960
2003-10-21,9.30,9.30,8.80,9.10,50820
2003-10-22,9.10,9.10,8.85,8.93,21560
2003-10-23,8.75,9.12,8.75,8.88,18940
2003-10-24,8.95,8.95,8.75,8.80,21480
2003-10-27,9.35,9.35,9.03,9.06,11700
2003-10-28,9.10,9.20,8.91,9.00,19680
2003-10-29,9.05,9.13,8.90,8.90,40700
2003-10-30,9.10,9.40,8.90,9.25,92180
2003-10-31,9.14,9.30,9.14,9.30,53260
2003-11-03,9.30,9.45,9.03,9.03,57540
2003-11-04,8.96,9.30,8.87,8.90,81360
2003-11-05,9.05,9.07,8.85,8.90,69280
2003-11-06,8.97,9.05,8.85,9.00,64300
2003-11-07,8.95,9.00,8.90,8.90,36260
2003-11-10,8.91,9.14,8.90,9.00,44600
2003-11-11,9.00,9.13,8.95,9.00,112160
2003-11-12,9.00,9.25,8.97,9.12,314460
2003-11-13,9.21,9.35,9.10,9.10,77160
2003-11-14,9.10,9.10,8.75,8.80,36860
2003-11-17,9.01,9.22,9.01,9.09,59120
2003-11-18,9.22,9.85,9.22,9.33,200140
2003-11-19,9.00,9.47,8.83,8.83,63580
2003-11-20,9.00,9.28,8.93,8.95,77980
2003-11-21,9.00,9.00,8.85,8.99,21300
2003-11-24,8.90,9.10,8.90,9.03,40000
2003-11-25,9.00,9.14,8.90,9.05,34920
2003-11-27,9.05,9.55,9.05,9.43,114600
2003-11-28,9.52,9.55,9.35,9.43,49200
2003-12-01,9.90,9.90,9.30,9.60,148440
2003-12-02,9.75,9.75,9.50,9.59,58940
2003-12-03,9.50,9.70,9.50,9.68,382460
2003-12-04,9.75,10.46,9.65,10.22,447860
2003-12-05,10.45,10.85,10.00,10.20,353000
2003-12-08,10.05,10.45,10.00,10.14,322600
2003-12-09,10.25,10.47,10.10,10.28,116880
2003-12-10,10.22,10.57,10.15,10.50,705440
2003-12-11,10.70,10.70,10.25,10.49,113040
2003-12-12,10.55,10.75,10.15,10.75,165140
2003-12-15,10.80,12.25,10.72,11.50,392080
2003-12-16,11.51,11.75,11.30,11.40,103440
2003-12-17,11.75,11.75,11.08,11.15,228680
2003-12-18,11.50,12.05,11.36,12.05,196440
2003-12-19,12.35,14.44,12.00,13.75,1106740
2003-12-22,14.05,14.79,13.75,13.82,354920
2003-12-23,14.32,14.32,13.44,13.45,167700
2003-12-24,13.40,13.90,13.40,13.47,41540
2003-12-26,13.40,13.75,13.25,13.55,79140
2003-12-29,13.46,13.62,13.00,13.11,134400
2003-12-30,13.50,13.50,12.55,12.55,88740
2003-12-31,12.68,12.95,12.49,12.73,124740
2004-01-01,12.65,13.00,12.65,13.00,80860
2004-01-02,13.00,13.00,12.76,12.76,150360
2004-01-05,13.00,13.53,12.85,12.95,175560
2004-01-06,13.00,13.00,12.40,12.60,111200
2004-01-07,12.25,12.40,12.05,12.05,54960
2004-01-08,12.49,12.70,12.26,12.50,64760
2004-01-09,12.90,12.90,12.10,12.20,37100
2004-01-12,12.25,12.25,11.65,11.75,103160
2004-01-13,11.30,11.70,11.30,11.40,98760
2004-01-14,11.75,11.99,11.50,11.55,113560
2004-01-15,11.45,11.90,11.45,11.75,81440
2004-01-16,12.90,12.90,11.61,11.75,72540
2004-01-19,11.35,11.90,11.35,11.75,129160
2004-01-20,12.00,12.07,11.25,11.25,89140
2004-01-21,10.80,11.45,10.41,10.65,88660
2004-01-22,10.70,10.70,9.90,10.10,129440
2004-01-23,8.61,10.64,8.61,10.64,50420
2004-01-27,10.00,10.85,10.00,10.65,21260
2004-01-28,10.43,11.85,10.43,11.25,71520
2004-01-29,11.10,11.50,10.95,11.10,25980
2004-01-30,10.73,10.80,10.50,10.51,36600
2004-02-03,10.05,10.40,9.71,9.73,87420
2004-02-04,10.25,10.25,9.75,9.75,50440
2004-02-05,10.00,10.00,9.75,9.95,54540
2004-02-06,10.35,10.35,9.88,9.93,38280
2004-02-09,10.47,10.50,9.95,10.01,24480
2004-02-10,10.25,10.62,10.20,10.60,59280
2004-02-11,11.25,11.75,10.43,11.00,91260
2004-02-12,11.49,11.49,11.00,11.36,32780
2004-02-13,11.45,11.65,11.30,11.48,72300
2004-02-16,11.25,11.48,11.00,11.31,28740
2004-02-17,11.26,11.50,11.26,11.50,58060
2004-02-18,11.50,11.80,11.25,11.55,56780
2004-02-19,11.35,11.35,11.06,11.06,44700
2004-02-20,11.00,11.45,11.00,11.39,28240
2004-02-23,11.04,11.04,10.90,11.00,51640
2004-02-24,11.00,11.18,10.65,11.15,23940
2004-02-25,10.76,10.85,10.60,10.78,31700
2004-02-26,11.62,11.65,10.55,10.75,1068380
2004-02-27,10.75,10.80,10.55,10.65,846520
2004-03-01,10.76,10.90,10.71,10.90,37820
2004-03-03,10.70,10.85,10.55,10.75,22960
2004-03-04,10.65,10.78,10.50,10.50,10400
2004-03-05,10.46,10.78,10.46,10.63,12420
2004-03-08,10.65,10.75,10.50,10.75,13580
2004-03-09,10.75,10.89,10.50,10.80,1018640
2004-03-10,11.24,11.24,10.57,10.59,8400
2004-03-11,10.60,10.93,10.53,10.93,6960
2004-03-12,10.88,10.89,10.54,10.61,27220
2004-03-15,10.68,11.00,10.68,11.00,81780
2004-03-16,10.70,11.14,10.70,11.14,127780
2004-03-17,10.95,10.95,10.70,10.85,13700
2004-03-18,10.65,10.90,10.65,10.82,28200
2004-03-19,10.00,10.94,10.00,10.66,39820
2004-03-22,10.65,10.65,10.10,10.10,22720
2004-03-23,10.15,10.70,10.00,10.57,118080
2004-03-24,10.28,10.47,10.05,10.15,122600
2004-03-25,10.40,10.40,10.25,10.25,313600
2004-03-26,9.75,10.55,9.75,10.55,41600
2004-03-29,10.27,10.43,10.27,10.40,8500
2004-03-30,10.50,10.74,10.30,10.31,13080
2004-03-31,10.25,11.00,10.25,10.38,63160
2004-04-01,10.62,10.86,10.62,10.86,6120
2004-04-02,10.82,10.82,10.82,10.82,5000
2004-04-05,10.82,11.20,10.80,10.89,16360
2004-04-06,10.85,11.03,10.85,10.85,12260
2004-04-07,10.85,10.85,10.65,10.85,4480
2004-04-08,10.85,11.15,10.80,11.10,20520
2004-04-12,11.00,11.17,10.71,10.95,23140
2004-04-13,10.97,11.00,10.81,10.90,24980
2004-04-15,10.01,11.45,10.01,11.20,47540
2004-04-16,10.72,11.15,10.72,11.00,25920
2004-04-19,11.25,11.45,11.11,11.12,31000
2004-04-20,11.07,11.20,11.00,11.20,14300
2004-04-21,11.03,11.43,11.00,11.12,21900
2004-04-22,11.06,11.49,11.06,11.49,44660
2004-04-23,11.25,11.65,11.25,11.65,42240
2004-04-27,11.60,11.60,11.10,11.28,36280
2004-04-28,10.99,11.54,10.99,11.18,20960
2004-04-29,11.01,11.49,11.01,11.46,14080
2004-04-30,11.30,11.30,11.11,11.11,10680
2004-05-03,11.05,11.25,11.04,11.25,13300
2004-05-04,11.06,11.35,11.06,11.20,23480
2004-05-05,11.39,11.45,11.26,11.26,30100
2004-05-06,11.60,11.60,11.26,11.29,80960
2004-05-07,11.28,11.45,11.26,11.28,59240
2004-05-10,11.53,12.10,11.53,11.75,64420
2004-05-11,11.65,11.65,11.30,11.40,47840
2004-05-12,11.55,11.55,10.95,11.00,377440
2004-05-13,10.55,12.40,10.55,11.25,32040
2004-05-14,11.45,11.72,10.55,10.60,78960
2004-05-17,10.60,11.00,9.50,10.25,581640
2004-05-18,11.69,11.69,10.80,10.90,149400
2004-05-19,11.23,12.39,11.15,12.39,140040
2004-05-20,12.25,12.25,11.53,11.85,91760
2004-05-21,12.10,12.20,11.51,12.00,94300
2004-05-24,12.39,12.39,12.01,12.05,44120
2004-05-25,12.11,12.11,11.10,11.80,41220
2004-05-26,11.75,11.85,11.65,11.65,22320
2004-05-27,11.30,12.30,11.30,11.65,38520
2004-05-28,11.95,12.20,11.10,11.25,21260
2004-05-31,11.11,11.24,10.60,11.15,52880
2004-06-01,11.40,11.40,10.83,11.05,16400
2004-06-02,10.85,11.50,10.85,11.20,13800
2004-06-03,11.20,11.40,11.20,11.40,24680
2004-06-04,10.75,11.30,10.75,11.24,10060
2004-06-07,11.25,11.50,11.25,11.32,10680
2004-06-08,11.26,11.55,11.26,11.46,15260
2004-06-09,11.34,11.46,11.31,11.31,14220
2004-06-10,11.45,11.85,11.45,11.85,60540
2004-06-11,11.85,12.00,11.40,11.80,42840
2004-06-14,11.50,11.90,11.30,11.90,20200
2004-06-15,11.74,11.75,11.51,11.51,12920
2004-06-16,11.35,11.68,11.35,11.68,5000
2004-06-17,11.68,11.75,11.50,11.50,11200
2004-06-18,11.16,11.85,11.16,11.85,24440
2004-06-21,11.55,11.75,11.55,11.60,25980
2004-06-22,11.53,11.70,10.78,11.65,17740
2004-06-23,11.34,11.65,11.32,11.65,31180
2004-06-24,11.38,11.82,11.38,11.75,56440
2004-06-25,11.74,12.10,11.74,12.07,43700
2004-06-28,12.12,12.42,12.10,12.30,32280
2004-06-29,12.45,12.65,12.32,12.52,40260
2004-06-30,12.26,12.73,12.26,12.60,48880
2004-07-01,12.60,12.88,12.50,12.88,14340
2004-07-02,13.06,13.06,12.05,12.64,10740
2004-07-05,11.90,12.79,11.90,12.74,23720
2004-07-06,12.05,13.10,12.05,13.09,112220
2004-07-07,13.25,13.32,12.90,13.32,89260
2004-07-08,13.65,13.65,12.61,12.75,35460
2004-07-09,12.90,13.14,12.70,12.70,30080
2004-07-12,13.00,13.10,12.87,13.00,24220
2004-07-13,13.40,13.40,13.10,13.30,70060
2004-07-14,13.04,13.04,12.61,12.70,31060
2004-07-15,12.35,12.93,12.32,12.70,34900
2004-07-16,12.10,12.95,12.10,12.85,28280
2004-07-19,12.95,13.05,12.75,12.80,112360
2004-07-20,12.80,12.80,12.56,12.80,3060
2004-07-21,12.95,12.95,12.65,12.89,22220
2004-07-22,12.95,13.25,12.86,13.25,80440
2004-07-23,13.25,14.22,13.20,13.79,165580
2004-07-26,12.90,13.85,12.90,13.60,66940
2004-07-27,13.90,13.92,13.50,13.55,26900
2004-07-28,13.55,14.90,13.55,14.20,199600
2004-07-29,17.25,17.25,14.40,14.40,82160
2004-07-30,14.95,15.00,14.70,14.75,136000
2004-08-02,15.00,15.43,15.00,15.17,206540
2004-08-03,15.40,15.82,15.20,15.40,455960
2004-08-04,15.50,15.55,15.25,15.30,276660
2004-08-05,15.66,15.96,15.26,15.94,123740
2004-08-06,15.90,15.95,15.50,15.85,176480
2004-08-09,15.75,15.95,15.65,15.79,692040
2004-08-10,15.05,16.41,15.05,16.00,653560
2004-08-11,16.00,17.20,16.00,16.78,1090780
2004-08-12,16.75,17.18,16.58,16.75,616500
2004-08-13,17.00,17.00,16.39,16.85,510820
2004-08-17,16.74,16.93,16.39,16.56,217112
2004-08-18,16.64,16.68,16.50,16.62,136364
2004-08-19,16.62,17.10,16.50,16.71,123688
2004-08-20,16.74,16.75,16.46,16.46,52392
2004-08-23,16.75,16.75,16.43,16.45,39660
2004-08-24,16.39,17.48,16.26,17.45,85136
2004-08-25,17.46,17.46,16.62,17.06,52664
2004-08-26,17.12,17.23,16.82,17.19,75004
2004-08-27,17.25,17.93,17.06,17.56,199588
2004-08-30,17.50,17.75,16.77,16.77,54296
2004-08-31,17.12,17.19,16.43,16.51,60620
2004-09-01,16.65,17.11,16.52,16.75,170560
2004-09-02,16.98,17.12,16.50,16.54,47284
2004-09-03,16.50,16.80,16.43,16.80,114144
2004-09-06,17.49,18.00,16.56,17.51,197192
2004-09-07,17.86,18.75,17.73,18.56,373636
2004-09-08,18.86,21.56,18.86,20.20,761140
2004-09-09,20.75,20.98,19.01,19.25,288704
2004-09-10,19.75,21.23,17.75,20.00,511220
2004-09-13,20.00,20.60,19.79,20.35,302024
2004-09-14,20.25,20.25,19.77,19.88,104308
2004-09-15,20.50,21.64,20.18,21.00,701668
2004-09-16,21.23,21.86,20.88,21.00,641816
2004-09-17,21.45,21.73,21.06,21.25,311712
2004-09-20,21.38,21.39,20.50,20.62,66664
2004-09-21,21.50,21.50,20.44,20.52,138200
2004-09-22,20.73,20.95,20.43,20.88,53392
2004-09-23,20.46,20.62,20.25,20.50,40692
2004-09-24,19.81,20.94,19.68,19.88,105748
2004-09-27,20.00,20.50,19.60,20.39,70808
2004-09-28,20.39,20.49,19.69,20.38,84548
2004-09-29,20.25,21.23,20.10,20.61,110796
2004-09-30,21.10,21.10,20.25,20.62,112960
2004-10-01,20.25,20.38,19.76,19.76,166152
2004-10-04,20.31,20.88,19.94,20.75,173940
2004-10-05,20.75,20.75,20.12,20.57,95276
2004-10-06,20.12,20.34,19.64,20.02,188116
2004-10-07,20.48,20.48,19.95,20.04,91608
2004-10-08,20.50,20.61,19.38,19.51,99836
2004-10-11,19.88,20.98,19.50,19.50,214536
2004-10-12,19.88,19.88,19.31,19.40,75896
2004-10-14,19.54,19.94,18.70,18.74,182632
2004-10-15,19.23,19.39,18.75,19.16,89016
2004-10-18,19.94,19.94,18.81,18.88,28804
2004-10-19,19.31,19.31,18.90,19.10,33520
2004-10-20,19.25,19.50,18.75,18.75,41376
2004-10-21,19.00,19.35,18.25,18.75,69000
2004-10-25,18.95,19.06,18.74,18.81,27436
2004-10-26,18.76,19.00,18.52,18.52,28032
2004-10-27,18.98,20.23,18.98,20.02,163368
2004-10-28,20.70,20.70,19.77,19.94,102088
2004-10-29,19.76,20.12,19.75,19.88,100944
2004-11-01,20.00,20.32,19.88,20.01,98228
2004-11-02,20.02,20.50,20.01,20.36,53944
2004-11-03,20.38,20.88,20.19,20.50,223124
2004-11-04,20.60,21.00,20.25,20.25,95960
2004-11-05,20.12,20.85,20.07,20.07,83800
2004-11-08,20.29,20.75,20.29,20.48,54804
2004-11-09,20.50,20.60,20.18,20.18,65824
2004-11-10,20.50,20.50,20.00,20.00,58228
2004-11-11,20.65,20.75,20.00,20.44,63120
2004-11-12,20.88,20.99,20.61,20.77,46104
2004-11-16,20.75,21.50,20.50,20.62,75060
2004-11-17,20.88,24.35,20.60,23.00,1729052
2004-11-18,23.05,26.95,22.60,25.70,4506340
2004-11-19,26.23,26.50,24.00,24.27,2208864
2004-11-22,23.75,25.74,23.25,25.48,1065988
2004-11-23,25.61,26.18,25.30,25.39,642268
2004-11-24,25.25,26.00,24.39,24.69,526436
2004-11-25,25.18,25.68,24.25,25.50,423740
2004-11-29,25.93,27.18,25.75,26.75,988136
2004-11-30,27.12,27.18,26.00,26.57,753352
2004-12-01,26.25,29.10,25.26,28.01,1606732
2004-12-02,28.40,29.18,27.11,27.66,545136
2004-12-03,27.00,28.60,26.75,27.14,426168
2004-12-06,27.50,27.62,26.25,26.38,172268
2004-12-07,26.98,27.12,25.51,27.00,151420
2004-12-08,27.94,27.94,25.52,25.52,272152
2004-12-09,25.75,27.48,25.62,25.82,453700
2004-12-10,26.70,27.25,25.94,26.12,649076
2004-12-13,26.25,29.25,26.07,29.23,1267676
2004-12-14,29.25,30.49,28.75,28.75,601936
2004-12-15,29.49,30.00,28.51,29.50,781244
2004-12-16,29.41,31.06,29.38,30.57,1353344
2004-12-17,31.15,31.88,29.75,30.77,628804
2004-12-20,31.55,31.55,29.30,29.50,226436
2004-12-21,29.50,30.00,28.57,28.80,300280
2004-12-22,30.50,30.50,28.50,29.18,315892
2004-12-23,29.49,30.94,29.12,29.62,470248
2004-12-24,30.02,30.93,29.62,29.75,405924
2004-12-27,30.12,30.12,28.77,28.98,152688
2004-12-28,29.24,31.25,29.24,30.89,547236
2004-12-29,30.56,32.11,29.52,30.82,725588
2004-12-30,30.25,31.98,29.82,29.99,277512
2004-12-31,30.90,31.00,29.79,30.06,173204
2005-01-03,31.25,31.25,29.30,29.50,181228
2005-01-04,29.88,30.00,29.04,29.10,85116
2005-01-05,30.00,30.00,27.00,28.00,260732
2005-01-06,26.75,27.75,26.40,26.62,137416
2005-01-07,27.12,28.44,26.11,27.00,301004
2005-01-10,27.51,28.50,27.14,27.23,292172
2005-01-11,28.20,28.20,26.50,26.50,59628
2005-01-12,26.56,26.56,25.00,25.75,336528
2005-01-13,26.25,26.75,25.95,26.31,219000
2005-01-14,28.10,28.10,26.05,26.07,118252
2005-01-17,26.65,26.75,24.86,25.48,92452
2005-01-18,26.71,26.71,25.12,25.50,79508
2005-01-19,25.25,25.88,25.01,25.81,38444
2005-01-20,25.02,25.73,24.75,25.00,69656
2005-01-24,25.34,25.40,25.00,25.34,65132
2005-01-25,25.05,26.20,24.82,26.20,28624
2005-01-27,26.18,26.18,25.32,25.40,49332
2005-01-28,26.18,27.62,25.75,26.76,226404
2005-01-31,27.48,28.23,27.38,27.70,214944
2005-02-01,27.88,29.10,27.10,28.75,305268
2005-02-02,29.50,30.31,29.25,29.60,435504
2005-02-03,28.38,30.45,28.38,30.12,234048
2005-02-04,30.25,31.23,29.34,29.75,294572
2005-02-07,29.81,30.25,29.25,29.50,72392
2005-02-08,29.75,30.00,29.31,29.85,94484
2005-02-09,29.56,30.25,29.56,29.65,343988
2005-02-10,30.38,30.50,29.25,29.60,144012
2005-02-11,29.56,29.99,29.05,29.16,62324
2005-02-14,29.62,30.32,28.62,30.02,1302048
2005-02-15,30.50,30.68,29.25,29.57,362048
2005-02-16,29.75,30.20,29.12,29.57,199364
2005-02-17,29.60,29.60,27.94,28.48,93448
2005-02-18,29.15,30.75,28.75,29.86,201108
2005-02-21,30.00,30.00,28.43,28.43,45672
2005-02-22,29.00,30.25,28.44,28.70,219864
2005-02-23,29.50,29.50,28.20,28.27,37656
2005-02-24,29.00,29.24,28.02,28.48,61872
2005-02-25,28.75,29.00,28.02,28.25,91416
2005-02-28,28.06,28.38,27.52,27.88,91144
2005-03-01,27.81,28.95,27.81,28.26,75000
2005-03-02,28.25,29.54,28.25,29.00,157768
2005-03-03,29.25,30.50,29.25,30.00,280756
2005-03-04,30.05,30.25,29.25,29.35,71824
2005-03-07,29.50,30.25,29.00,29.00,101004
2005-03-08,29.21,29.45,28.66,29.01,36772
2005-03-09,29.73,29.73,28.38,29.46,112984
2005-03-10,29.02,29.50,29.00,29.25,66912
2005-03-11,29.25,29.50,28.62,29.44,165736
2005-03-14,29.00,29.48,28.38,28.96,211424
2005-03-15,28.57,29.25,28.52,29.12,71408
2005-03-16,29.46,29.46,28.31,28.62,28512
2005-03-17,28.38,28.94,27.94,28.25,45940
2005-03-18,27.89,28.23,27.50,27.52,42364
2005-03-21,28.05,29.00,27.50,27.75,55256
2005-03-22,28.50,28.50,26.62,26.62,43844
2005-03-23,27.88,27.88,26.25,26.56,71012
2005-03-24,31.69,31.81,28.76,30.25,1214900
2005-03-28,30.50,33.25,30.50,32.00,1031844
2005-03-29,32.25,32.35,31.25,31.94,516860
2005-03-30,32.00,32.11,31.52,31.56,183684
2005-03-31,32.12,32.12,31.62,32.01,124540
2005-04-01,32.38,33.12,30.75,32.45,463468
2005-04-04,32.90,35.65,32.90,34.25,391780
2005-04-05,34.84,35.25,32.75,33.62,976876
2005-04-06,33.98,34.50,33.25,33.50,261496
2005-04-07,33.61,33.75,33.26,33.36,107472
2005-04-08,33.52,33.96,32.75,33.09,129672
2005-04-11,33.73,34.00,33.00,33.00,175888
2005-04-12,33.15,33.74,31.56,33.71,88612
2005-04-13,33.62,34.80,33.38,33.52,218472
2005-04-15,33.75,33.75,32.76,33.12,121524
2005-04-18,33.12,33.12,32.50,32.56,133240
2005-04-19,34.75,34.75,32.25,32.38,111208
2005-04-20,33.23,33.48,32.01,32.42,94280
2005-04-21,32.38,33.25,32.25,32.98,146804
2005-04-22,33.42,33.50,33.12,33.25,133288
2005-04-25,33.60,34.10,33.50,34.00,216400
2005-04-26,35.01,35.69,34.12,35.12,643088
2005-04-27,35.98,36.50,32.00,32.50,790876
2005-04-28,34.50,36.85,34.26,34.48,1147048
2005-04-29,35.73,35.73,33.25,33.75,364496
2005-05-02,36.50,36.50,31.26,31.40,598056
2005-05-03,31.75,32.98,31.70,32.85,274868
2005-05-04,33.34,33.60,32.50,33.55,161696
2005-05-05,33.73,34.42,33.12,33.38,124548
2005-05-06,33.75,33.95,32.75,33.17,93820
2005-05-09,33.71,33.71,32.50,33.30,71660
2005-05-10,33.50,33.58,32.95,33.27,151236
2005-05-11,33.24,33.70,32.88,33.50,168952
2005-05-12,33.73,33.75,33.42,33.50,114708
2005-05-13,33.73,39.75,33.50,36.23,843200
2005-05-16,36.75,37.50,35.75,36.00,474592
2005-05-17,36.73,36.73,35.02,35.25,241396
2005-05-18,34.27,36.00,32.88,35.66,205668
2005-05-19,36.42,36.42,35.34,35.50,136268
2005-05-20,35.50,35.65,35.02,35.06,101868
2005-05-23,35.00,35.95,34.52,34.98,122940
2005-05-24,35.50,35.50,34.84,35.01,78000
2005-05-25,34.88,35.55,34.88,35.17,61732
2005-05-26,35.98,35.98,35.04,35.25,79480
2005-05-27,35.67,35.67,34.62,35.09,150056
2005-05-30,34.75,35.41,34.67,34.98,100384
2005-05-31,35.00,36.95,34.75,35.80,485612
2005-06-01,36.14,37.04,35.76,35.88,434352
2005-06-02,36.56,36.98,36.05,36.25,180128
2005-06-03,36.73,36.75,36.17,36.69,163752
2005-06-06,37.38,38.25,37.00,37.00,269084
2005-06-07,39.75,39.75,37.75,37.75,937276
2005-06-08,38.48,39.73,38.38,39.50,1072020
2005-06-09,39.23,40.25,39.12,39.30,849080
2005-06-10,39.73,40.00,39.38,39.69,345052
2005-06-13,40.05,40.21,39.62,40.00,286820
2005-06-14,40.25,40.50,39.65,40.34,400724
2005-06-15,40.50,41.61,40.50,40.92,463288
2005-06-16,41.45,41.86,40.00,40.25,300100
2005-06-17,40.50,40.75,39.15,39.65,185768
2005-06-20,40.50,40.88,38.77,39.23,311624
2005-06-21,39.73,39.73,38.75,39.12,392644
2005-06-22,39.62,39.62,38.25,38.51,501188
2005-06-23,39.97,41.20,37.00,38.38,235770
2005-06-24,38.53,39.40,37.75,38.80,99842
2005-06-27,39.00,39.00,37.28,37.58,103936
2005-06-28,37.05,37.78,37.05,37.55,66720
2005-06-29,38.00,38.50,37.38,37.60,90858
2005-06-30,38.00,40.20,38.00,39.90,155120
2005-07-01,39.85,42.45,39.00,41.10,277030
2005-07-04,41.50,43.42,41.50,42.20,162826
2005-07-05,42.15,42.72,41.05,41.50,134528
2005-07-06,41.50,41.95,41.00,41.12,88106
2005-07-07,40.03,41.75,40.03,41.53,141766
2005-07-08,42.42,42.45,41.50,41.78,145684
2005-07-11,42.30,44.15,41.60,43.92,350598
2005-07-12,44.00,47.45,43.25,43.72,389932
2005-07-13,44.80,47.25,43.55,46.45,501340
2005-07-14,46.75,47.95,45.55,45.75,242796
2005-07-15,46.00,47.90,46.00,46.72,981860
2005-07-18,47.50,47.95,46.10,47.03,234002
2005-07-19,47.10,47.10,46.42,46.55,136070
2005-07-20,46.75,46.85,45.75,46.30,136146
2005-07-21,46.00,47.40,44.75,45.28,185626
2005-07-22,44.75,45.97,44.58,44.83,107546
2005-07-25,46.00,46.30,44.60,45.58,244912
2005-07-26,45.88,45.88,43.78,44.08,108770
2005-07-27,42.60,44.00,42.38,42.90,103054
2005-07-29,42.75,44.12,42.28,43.75,96976
2005-08-01,44.00,44.00,43.00,43.62,103682
2005-08-02,45.50,45.50,43.30,43.47,288468
2005-08-03,43.50,44.00,42.05,42.75,143374
2005-08-04,42.50,43.38,42.25,43.10,168410
2005-08-05,43.25,46.45,42.55,43.85,312382
2005-08-08,43.50,44.80,42.50,42.67,193884
2005-08-09,43.45,46.75,42.38,46.15,480906
2005-08-10,46.50,46.95,44.53,46.47,249874
2005-08-11,46.75,47.00,46.25,46.53,253324
2005-08-12,47.00,47.20,46.25,46.47,155580
2005-08-16,46.50,47.50,45.97,47.12,267980
2005-08-17,46.58,48.45,46.50,46.60,240128
2005-08-18,46.97,47.95,46.12,47.05,304432
2005-08-19,47.50,49.95,47.00,48.65,436182
2005-08-22,49.45,52.45,48.00,51.05,623164
2005-08-23,52.00,53.50,48.05,48.65,434798
2005-08-24,49.10,50.10,48.08,49.65,272040
2005-08-25,50.70,51.75,49.28,49.70,132504
2005-08-26,50.60,51.50,49.50,49.67,131606
2005-08-29,51.50,51.50,47.65,48.60,109256
2005-08-30,49.60,51.20,49.12,50.23,160918
2005-08-31,50.58,51.80,49.75,51.33,215280
2005-09-01,51.25,52.00,50.27,50.92,128568
2005-09-02,51.00,51.50,50.05,51.02,155522
2005-09-05,51.25,57.92,51.02,54.77,900120
2005-09-06,55.60,56.52,53.08,53.77,333190
2005-09-08,54.00,54.92,52.85,53.42,114984
2005-09-09,53.50,53.75,52.00,52.25,105834
2005-09-12,53.00,54.58,52.50,54.20,290466
2005-09-13,54.50,54.95,53.90,54.05,165082
2005-09-14,54.55,57.00,52.05,53.67,348598
2005-09-15,54.50,55.25,52.65,53.40,316554
2005-09-16,55.40,57.00,54.25,54.58,422948
2005-09-19,55.05,56.70,53.75,54.83,650876
2005-09-20,54.50,63.00,54.12,59.95,1865448
2005-09-21,61.00,61.20,52.00,57.48,1045394
2005-09-22,56.00,58.50,51.00,52.35,518304
2005-09-23,53.73,55.73,52.02,53.90,299966
2005-09-26,53.55,56.23,53.55,55.40,429938
2005-09-27,56.15,57.50,55.00,55.80,668312
2005-09-28,55.50,57.42,55.50,55.88,306570
2005-09-29,55.65,58.40,55.50,56.00,309764
2005-09-30,55.62,55.90,52.55,54.58,200438
2005-10-03,54.60,56.58,54.60,55.50,174394
2005-10-04,56.00,57.45,56.00,56.45,392300
2005-10-05,57.00,57.70,56.00,56.67,311766
2005-10-06,55.52,56.40,54.50,55.40,157824
2005-10-07,56.20,58.25,55.30,57.25,410984
2005-10-10,57.85,58.23,56.10,56.52,228924
2005-10-11,57.00,57.90,56.00,56.77,342914
2005-10-13,56.50,60.85,56.25,57.58,644512
2005-10-14,58.05,59.70,57.30,58.02,411102
2005-10-17,58.50,59.95,55.90,56.35,317164
2005-10-18,57.12,58.88,56.50,57.08,270506
2005-10-19,57.20,57.20,52.75,53.80,228402
2005-10-20,55.00,56.25,51.50,52.77,218312
2005-10-21,52.50,55.45,52.10,54.92,257826
2005-10-24,56.10,58.38,55.62,56.38,364944
2005-10-25,56.95,57.73,56.00,56.83,130906
2005-10-26,56.75,57.08,55.75,56.02,148690
2005-10-27,56.50,56.62,55.25,55.52,132172
2005-10-28,53.08,56.25,53.08,54.38,371734
2005-10-31,55.15,57.25,55.15,56.58,226538
2005-11-01,57.25,58.45,56.88,57.85,127492
2005-11-02,58.00,58.00,56.38,57.45,133582
2005-11-07,57.62,58.65,57.35,57.67,118142
2005-11-08,57.62,60.58,57.62,59.45,426240
2005-11-09,59.75,59.95,58.05,58.85,203770
2005-11-10,59.12,59.85,58.80,59.50,160802
2005-11-11,60.00,63.00,58.52,59.17,526026
2005-11-14,59.85,60.65,59.25,59.55,113902
2005-11-16,59.95,63.00,59.55,61.90,415098
2005-11-17,62.50,65.20,61.50,64.50,793954
2005-11-18,64.50,64.93,62.77,63.00,263576
2005-11-21,63.40,63.75,61.55,61.85,213230
2005-11-22,62.40,62.40,60.95,61.15,506274
2005-11-23,61.88,61.88,61.00,61.05,124656
2005-11-24,62.20,64.70,62.10,63.45,404958
2005-11-25,64.00,64.90,62.52,63.27,306736
2005-11-28,64.97,67.00,64.00,65.68,771176
2005-11-29,65.68,65.75,64.05,65.07,184154
2005-11-30,65.70,67.97,64.80,65.05,515302
2005-12-01,65.05,66.00,64.97,65.10,101474
2005-12-02,66.25,66.72,65.35,66.03,128244
2005-12-05,66.50,67.85,65.40,66.65,177372
2005-12-06,66.95,67.25,66.25,66.60,73716
2005-12-07,66.32,67.20,66.32,66.62,66836
2005-12-08,66.95,67.20,66.38,66.57,91852
2005-12-09,67.10,67.75,66.65,67.53,164142
2005-12-12,67.75,70.90,66.00,69.38,549208
2005-12-13,69.20,69.55,67.00,67.55,183424
2005-12-14,68.00,69.47,67.20,69.03,152658
2005-12-15,69.80,69.97,66.38,66.88,150600
2005-12-16,67.85,68.95,66.75,67.72,153976
2005-12-19,67.93,68.62,67.30,67.55,93300
2005-12-20,67.55,67.95,65.93,66.32,96376
2005-12-21,66.75,66.97,65.05,65.38,59646
2005-12-22,66.75,66.75,64.40,64.65,58344
2005-12-23,64.95,64.95,63.00,63.67,118994
2005-12-26,63.77,64.75,63.05,63.75,120334
2005-12-27,64.50,67.75,61.60,66.55,151236
2005-12-28,66.50,69.07,66.38,66.65,133080
2005-12-29,67.45,67.50,66.12,66.93,43224
2005-12-30,66.85,67.50,66.00,66.78,71236
2006-01-02,66.57,68.00,66.57,66.85,50148
2006-01-03,67.45,69.00,66.82,68.25,148552
2006-01-04,68.93,69.45,68.28,69.07,149174
2006-01-05,69.50,70.00,67.50,69.68,115078
2006-01-06,69.68,70.90,68.60,69.50,108998
2006-01-09,70.50,70.50,68.75,69.80,124564
2006-01-10,70.00,72.40,69.15,71.35,219474
2006-01-12,72.50,78.40,69.80,76.62,744928
2006-01-13,79.00,79.50,75.50,75.97,596544
2006-01-16,76.55,76.55,72.50,73.72,195174
2006-01-17,74.00,76.78,74.00,75.07,217864
2006-01-18,75.00,76.25,73.75,75.15,206508
2006-01-19,75.18,79.12,75.18,78.50,349122
2006-01-20,79.70,80.85,78.75,79.50,244204
2006-01-23,79.50,79.93,77.93,78.38,106454
2006-01-24,78.88,83.50,78.78,80.85,295610
2006-01-25,83.00,92.20,80.00,81.40,176724
2006-01-27,85.00,92.20,82.10,83.93,287922
2006-01-30,85.00,86.80,81.00,82.07,196526
2006-01-31,82.50,83.62,80.62,82.80,235480
2006-02-01,84.00,84.00,81.78,82.40,131930
2006-02-02,84.00,85.00,82.40,83.47,113412
2006-02-03,83.95,83.95,81.50,82.15,67522
2006-02-06,82.28,83.00,78.00,80.35,75164
2006-02-07,82.22,82.50,78.53,79.65,67780
2006-02-08,79.00,79.97,77.50,78.20,50492
2006-02-10,78.25,80.50,78.25,78.97,106614
2006-02-13,79.05,80.00,78.50,78.88,76026
2006-02-14,78.88,80.00,77.50,78.18,79000
2006-02-15,78.03,79.50,77.50,78.72,45370
2006-02-16,79.00,79.70,78.50,78.90,51964
2006-02-17,82.50,82.50,77.00,78.15,99568
2006-02-20,78.00,79.60,71.90,79.25,72476
2006-02-21,81.00,83.50,79.25,82.28,338882
2006-02-22,82.45,82.45,81.00,81.40,114296
2006-02-23,82.40,82.40,81.00,81.18,44008
2006-02-24,81.55,82.00,80.50,81.80,56146
2006-02-27,81.95,81.95,79.28,79.62,26558
2006-02-28,80.05,80.05,78.00,78.53,21412
2006-03-01,78.90,79.95,77.80,78.15,31286
2006-03-02,79.75,79.75,74.50,75.43,103182
2006-03-03,75.95,77.75,75.00,76.22,54686
2006-03-06,75.95,77.25,74.93,75.30,53086
2006-03-07,76.00,77.90,75.00,77.20,52270
2006-03-08,77.50,79.75,75.75,76.28,92930
2006-03-09,76.35,77.00,74.30,75.55,38886
2006-03-10,76.05,76.50,74.40,74.82,214594
2006-03-13,76.93,80.20,76.00,78.78,172500
2006-03-14,80.00,80.00,78.75,79.12,90334
2006-03-16,79.50,80.40,78.00,78.55,43538
2006-03-17,79.97,79.97,77.50,78.55,45118
2006-03-20,79.50,79.50,76.50,78.62,106038
2006-03-21,79.45,80.00,78.70,79.53,74694
2006-03-22,79.93,79.93,78.50,78.93,43844
2006-03-23,78.95,80.00,77.12,79.55,62030
2006-03-24,79.75,81.00,78.32,79.53,47804
2006-03-27,79.00,80.50,78.07,80.10,73904
2006-03-28,75.00,80.43,75.00,76.75,55160
2006-03-29,77.00,77.50,75.05,75.82,34732
2006-03-30,76.05,77.25,75.50,76.72,35936
2006-03-31,77.00,77.55,75.62,77.07,26908
2006-04-03,77.50,80.93,77.50,79.60,124404
2006-04-04,80.50,81.50,78.85,80.72,60264
2006-04-05,81.00,81.00,79.45,79.85,46814
2006-04-07,80.50,80.50,76.32,78.07,61688
2006-04-10,79.00,79.00,74.25,75.03,81810
2006-04-12,76.00,76.90,72.03,72.82,150626
2006-04-13,72.82,74.50,70.05,72.28,62394
2006-04-17,74.25,75.00,72.75,73.28,126634
2006-04-18,74.00,75.72,72.57,73.03,98702
2006-04-19,73.35,78.50,73.35,77.95,139124
2006-04-20,77.50,87.35,77.50,83.12,330132
2006-04-21,84.40,84.70,76.50,82.97,115106
2006-04-24,83.00,87.00,82.00,82.72,95078
2006-04-25,82.50,85.00,80.50,81.28,69226
2006-04-26,81.95,82.20,77.70,79.70,73474
2006-04-27,80.03,82.45,79.53,80.95,79306
2006-04-28,75.03,85.95,65.10,83.53,136474
2006-05-02,85.00,87.45,80.75,81.68,168938
2006-05-03,82.35,84.50,80.50,81.12,44564
2006-05-04,81.95,84.75,81.95,83.03,99258
2006-05-05,84.50,84.50,81.00,81.32,71032
2006-05-08,83.95,84.45,82.88,83.43,63462
2006-05-09,83.62,84.22,81.60,83.50,104856
2006-05-10,83.62,84.00,82.50,82.60,37078
2006-05-11,83.00,84.65,82.25,82.55,89444
2006-05-12,83.47,84.25,82.00,83.03,144588
2006-05-15,82.97,83.00,77.03,78.25,67530
2006-05-16,78.62,82.50,75.05,81.82,201660
2006-05-17,84.18,86.00,83.00,84.43,134606
2006-05-18,80.00,83.50,76.55,77.43,103224
2006-05-19,78.50,80.50,75.00,78.60,91332
2006-05-22,77.50,77.50,65.05,71.90,170436
2006-05-23,74.47,79.20,72.50,78.57,117078
2006-05-24,78.57,78.57,74.50,75.03,39704
2006-05-25,74.97,74.97,70.00,72.55,32964
2006-05-26,75.00,76.75,74.00,75.62,29880
2006-05-29,76.00,78.25,75.10,75.32,171098
2006-05-30,75.05,80.28,74.95,75.68,108164
2006-05-31,73.05,78.00,70.15,75.55,87286
2006-06-01,75.50,77.60,71.05,72.40,126754
2006-06-02,68.05,76.00,68.05,74.12,244332
2006-06-05,76.50,76.50,72.00,72.62,20858
2006-06-06,70.53,71.97,69.55,70.10,68290
2006-06-07,68.05,70.50,66.00,69.62,149004
2006-06-08,66.70,69.00,57.50,60.42,143772
2006-06-09,60.50,67.38,60.50,64.60,89600
2006-06-12,66.62,66.62,62.55,64.78,29734
2006-06-13,57.65,63.00,52.00,53.75,167416
2006-06-14,55.00,57.40,54.75,55.15,324910
2006-06-15,60.00,62.70,58.00,61.08,318140
2006-06-16,64.50,66.75,61.50,62.55,92192
2006-06-19,62.55,64.00,58.52,60.17,106024
2006-06-20,60.45,62.88,59.00,62.23,71168
2006-06-21,62.00,66.50,62.00,65.62,77570
2006-06-22,67.50,68.88,65.03,65.68,36312
2006-06-23,66.50,66.50,65.05,65.75,14492
2006-06-26,66.50,66.50,61.00,63.10,80532
2006-06-27,61.98,65.50,56.60,64.57,139360
2006-06-28,62.70,64.97,62.50,63.00,38256
2006-06-29,63.17,66.40,63.00,65.05,56642
2006-06-30,67.50,68.00,65.05,67.03,79958
2006-07-03,65.75,67.05,65.75,66.43,15338
2006-07-04,67.88,67.88,65.15,66.15,11026
2006-07-05,65.75,66.97,65.75,66.80,7688
2006-07-06,65.57,66.00,64.35,64.53,26306
2006-07-07,65.40,69.00,65.00,65.93,150902
2006-07-10,65.50,67.50,64.50,66.38,22436
2006-07-11,66.82,68.60,66.00,67.72,50132
2006-07-12,66.05,68.40,66.00,67.93,30364
2006-07-13,69.50,69.50,65.55,66.47,17816
2006-07-14,65.50,67.50,65.50,65.55,19370
2006-07-17,65.05,65.45,63.00,64.93,19232
2006-07-18,64.00,64.50,61.85,62.23,14994
2006-07-19,62.88,64.75,58.65,59.58,34126
2006-07-20,61.95,61.95,59.50,60.27,23456
2006-07-21,60.27,60.27,55.25,58.33,48874
2006-07-24,55.25,59.45,55.25,56.92,32420
2006-07-25,60.67,62.50,57.50,58.85,50924
2006-07-26,59.02,64.95,59.00,64.47,64610
2006-07-27,66.50,66.50,61.25,62.17,28530
2006-07-28,63.15,63.67,61.30,61.67,42570
2006-07-31,62.55,63.00,61.15,61.50,81952
2006-08-01,61.00,63.00,60.75,61.42,88888
2006-08-02,62.85,62.85,61.05,61.98,44778
2006-08-03,61.62,65.00,61.62,63.20,45396
2006-08-04,62.55,63.77,62.00,62.65,18446
2006-08-07,63.00,63.00,61.35,62.25,12836
2006-08-08,61.52,63.38,61.50,63.27,57092
2006-08-09,63.35,69.00,62.55,67.57,95218
2006-08-10,67.75,69.72,65.90,69.07,82910
2006-08-11,69.00,70.75,69.00,69.93,52410
2006-08-14,70.50,72.50,69.00,70.97,91178
2006-08-16,71.05,73.12,71.00,72.38,43902
2006-08-17,73.22,73.22,70.00,71.90,37698
2006-08-18,69.50,72.57,69.50,71.78,26394
2006-08-21,72.00,77.50,70.62,76.60,87840
2006-08-22,77.45,79.80,73.75,74.78,122772
2006-08-23,73.75,74.75,73.50,74.05,27314
2006-08-24,74.00,74.60,69.50,70.20,164298
2006-08-25,71.75,80.35,70.18,77.38,457508
2006-08-28,78.22,78.22,75.05,77.00,181136
2006-08-29,77.90,78.95,75.62,76.32,160210
2006-08-30,75.00,76.85,75.00,76.00,38142
2006-08-31,76.00,77.75,75.55,77.05,72066
2006-09-01,77.47,77.47,75.53,76.30,32024
2006-09-04,76.30,79.97,76.25,79.20,113052
2006-09-05,78.82,79.50,76.32,78.35,81712
2006-09-06,78.35,81.90,78.10,81.00,179858
2006-09-07,79.47,84.00,78.75,82.40,201934
2006-09-08,83.00,84.00,81.38,81.57,80190
2006-09-11,81.85,83.45,80.00,80.75,75762
2006-09-12,79.12,80.88,77.50,80.43,63408
2006-09-13,81.00,84.22,80.05,82.65,87062
2006-09-14,83.00,84.00,81.10,83.18,71680
2006-09-15,83.97,83.97,78.25,81.62,52234
2006-09-18,83.50,83.50,80.75,80.93,16228
2006-09-19,83.47,83.47,77.50,79.38,30716
2006-09-20,78.25,79.75,76.60,79.07,58486
2006-09-21,79.95,84.05,79.90,83.57,164458
2006-09-22,83.25,84.00,82.07,83.75,67348
2006-09-25,83.53,85.25,81.65,82.38,391002
2006-09-26,82.75,84.75,81.35,82.25,282788
2006-09-27,82.00,96.72,82.00,89.85,802478
2006-09-28,91.00,92.50,87.25,88.85,287934
2006-09-29,89.25,90.47,88.05,89.12,67078
2006-10-03,90.75,90.75,85.07,86.70,78522
2006-10-04,87.57,89.25,84.95,85.68,217590
2006-10-05,87.38,88.00,86.07,87.40,59492
2006-10-06,88.97,89.75,87.00,87.45,123140
2006-10-09,89.25,89.25,85.55,85.85,150276
2006-10-10,86.90,87.15,85.03,85.18,56646
2006-10-11,87.88,88.60,84.55,85.05,246448
2006-10-12,84.97,86.40,84.75,85.43,33540
2006-10-13,86.00,86.50,83.55,84.18,81946
2006-10-16,85.00,86.45,83.85,84.85,53776
2006-10-17,85.40,85.40,84.00,84.57,145230
2006-10-18,86.50,86.50,83.05,84.47,139274
2006-10-19,85.03,87.50,85.00,86.45,129960
2006-10-20,87.50,89.50,85.53,86.68,102784
2006-10-23,88.15,88.95,86.00,86.95,220890
2006-10-26,87.88,88.00,85.28,85.45,14362
2006-10-27,86.50,87.15,85.47,86.32,33692
2006-10-30,87.45,88.50,85.53,87.72,90976
2006-10-31,88.50,93.40,87.50,88.93,389590
2006-11-02,89.15,94.00,88.85,89.93,226016
2006-11-03,90.25,92.00,88.00,88.57,66964
2006-11-06,89.47,90.00,86.50,89.25,244884
2006-11-07,89.75,93.95,89.25,89.80,252574
2006-11-08,90.50,91.45,87.03,87.72,87462
2006-11-09,88.50,90.38,87.07,87.62,168576
2006-11-10,89.35,89.35,86.50,86.78,437864
2006-11-13,87.50,89.00,86.50,87.97,55784
2006-11-14,87.55,91.18,87.55,90.05,229164
2006-11-15,89.95,93.75,88.75,92.00,446082
2006-11-16,92.62,92.62,92.62,92.62,225712
2006-11-17,91.00,93.40,90.50,91.50,88204
2006-11-20,91.50,92.40,88.35,89.95,41916
2006-11-21,91.95,91.95,88.50,89.38,25688
2006-11-22,90.25,91.47,89.20,90.82,179000
2006-11-23,90.00,91.25,89.50,90.88,75518
2006-11-24,90.05,90.85,89.05,89.35,55696
2006-11-27,87.50,91.00,87.50,88.53,33546
2006-11-28,88.45,88.50,86.25,86.82,38792
2006-11-29,90.00,90.00,86.00,86.43,43690
2006-11-30,87.25,87.47,86.12,86.15,13100
2006-12-01,86.00,87.50,84.75,85.45,48304
2006-12-04,86.00,86.90,85.03,86.25,14334
2006-12-05,87.78,90.00,86.25,87.20,60392
2006-12-06,86.47,86.47,86.47,86.47,15696
2006-12-07,86.05,86.05,86.05,86.05,26216
2006-12-08,86.00,87.00,86.00,86.47,22172
2006-12-11,86.00,86.75,84.00,85.03,149808
2006-12-12,85.03,86.40,82.50,82.68,64350
2006-12-13,82.53,83.90,79.00,81.88,34990
2006-12-14,84.45,85.75,82.62,84.75,16506
2006-12-15,86.00,86.75,85.25,86.00,24646
2006-12-18,86.03,87.00,86.00,86.15,47642
2006-12-19,86.00,86.65,84.00,84.93,53688
2006-12-20,85.03,85.97,84.00,84.72,18636
2006-12-21,81.50,86.22,81.32,85.35,23512
2006-12-22,88.05,89.50,81.88,87.60,75862
2006-12-26,88.62,90.93,87.00,87.88,96038
2006-12-27,87.28,88.93,86.00,87.53,44706
2006-12-28,88.50,90.40,86.47,88.07,46468
2006-12-29,89.50,95.00,87.50,89.80,73382
2007-01-02,94.25,96.75,89.28,94.82,350344
2007-01-03,96.25,98.00,93.75,95.55,262674
2007-01-04,97.00,97.25,92.57,93.53,150170
2007-01-05,95.00,97.00,94.00,95.35,72148
2007-01-08,95.25,95.80,92.00,95.30,34290
2007-01-09,92.75,97.25,92.75,96.75,89160
2007-01-10,97.97,97.97,93.60,94.50,57456
2007-01-11,94.45,96.50,92.50,95.40,67592
2007-01-12,94.50,97.43,93.50,94.12,45708
2007-01-15,95.00,96.00,92.10,92.78,73174
2007-01-16,92.50,95.72,91.50,92.45,77394
2007-01-17,92.45,95.00,92.03,94.15,64162
2007-01-18,92.00,95.00,92.00,94.68,38080
2007-01-19,92.50,94.53,92.50,93.97,44424
2007-01-22,94.95,95.40,91.88,94.40,67252
2007-01-23,93.62,95.05,92.12,92.93,21468
2007-01-24,93.00,93.93,92.60,93.55,17026
2007-01-25,94.90,94.95,92.50,92.75,28330
2007-01-29,92.50,92.50,89.55,91.62,40946
2007-01-31,92.00,92.25,88.50,89.88,69706
2007-02-01,90.00,92.00,87.75,88.62,53996
2007-02-02,90.00,92.00,88.07,89.90,39372
2007-02-05,89.90,90.95,89.00,89.47,37546
2007-02-06,89.50,89.50,87.50,87.68,20052
2007-02-07,90.15,90.15,85.25,87.35,50664
2007-02-08,88.00,88.40,86.78,87.65,13210
2007-02-09,86.62,87.43,81.65,86.38,55740
2007-02-12,86.50,86.50,82.05,83.15,35552
2007-02-13,85.00,85.50,80.50,84.45,32062
2007-02-14,89.00,89.00,81.00,85.30,16954
2007-02-15,86.00,88.00,86.00,87.53,147986
2007-02-19,87.75,88.88,86.50,87.03,45522
2007-02-20,87.00,87.95,85.62,86.50,81254
2007-02-21,85.50,87.45,85.50,86.30,22328
2007-02-22,88.50,88.50,84.60,85.12,13054
2007-02-23,84.55,86.30,81.50,81.97,18224
2007-02-26,81.00,83.75,80.28,82.12,100118
2007-02-27,81.50,83.93,81.50,82.62,7340
2007-02-28,80.00,82.95,77.60,80.82,19848
2007-03-01,80.00,83.95,79.50,80.40,15316
2007-03-02,82.45,82.45,79.75,80.85,113082
2007-03-05,84.88,84.88,74.00,74.55,45238
2007-03-06,76.00,77.70,70.57,73.22,24584
2007-03-07,73.55,75.00,70.10,71.40,28622
2007-03-08,70.40,72.50,69.50,71.93,30382
2007-03-09,72.00,76.40,72.00,75.45,15430
2007-03-12,73.05,75.00,72.40,74.20,41796
2007-03-13,74.00,76.47,74.00,75.75,25776
2007-03-14,72.10,74.12,72.10,73.82,4326
2007-03-15,73.95,75.80,73.95,75.00,9216
2007-03-16,76.00,76.00,73.00,73.50,3638
2007-03-19,75.00,77.45,68.80,69.90,148290
2007-03-20,71.00,71.90,70.25,71.12,40090
2007-03-21,70.25,71.43,69.85,70.20,16642
2007-03-22,73.25,73.25,69.75,70.25,33818
2007-03-23,70.50,73.00,69.12,70.80,60692
2007-03-26,69.05,71.95,69.05,70.47,35424
2007-03-28,71.78,71.78,68.53,70.70,15428
2007-03-29,69.65,71.95,69.53,71.22,8648
2007-03-30,71.50,74.00,69.65,73.07,19058
2007-04-02,72.90,72.90,70.12,71.45,7544
2007-04-03,72.53,72.53,72.53,72.53,0
2007-04-04,72.50,73.75,67.55,72.30,34618
2007-04-05,70.10,73.25,70.10,71.68,4126
2007-04-09,71.50,72.50,71.25,71.88,13128
2007-04-10,71.55,73.72,71.05,73.05,14152
2007-04-11,72.75,73.75,72.05,73.15,10014
2007-04-12,72.50,76.25,72.50,75.55,22454
2007-04-13,79.50,79.50,74.62,76.18,5492
2007-04-16,78.70,78.70,76.50,78.12,10450
2007-04-17,78.50,79.93,76.03,79.15,10978
2007-04-18,79.45,80.50,78.18,78.88,11410
2007-04-19,77.00,78.32,76.35,76.70,5514
2007-04-20,77.50,78.50,71.53,73.40,86326
2007-04-23,77.50,77.50,72.50,72.78,29716
2007-04-24,73.72,73.72,71.62,72.35,11170
2007-04-25,73.50,74.50,72.00,74.03,61316
2007-04-26,77.50,79.45,69.53,71.57,172086
2007-04-27,72.05,73.00,70.35,70.65,12220
2007-04-30,71.00,73.45,70.57,72.78,39018
2007-05-03,74.45,75.50,71.75,72.38,36418
2007-05-04,72.05,73.25,71.75,72.38,14324
2007-05-07,75.10,75.10,71.12,71.82,11546
2007-05-08,72.50,72.50,71.07,71.88,10312
2007-05-09,72.40,72.40,70.05,70.93,14324
2007-05-10,71.03,72.75,71.00,71.10,67258
2007-05-11,71.12,72.68,70.30,71.80,9756
2007-05-14,71.40,72.35,70.60,71.30,37622
2007-05-15,71.00,72.25,70.60,70.80,26102
2007-05-16,71.03,71.45,70.25,71.05,8546
2007-05-17,72.88,76.00,70.95,73.80,244098
2007-05-18,73.00,76.80,73.00,75.53,880640
2007-05-21,75.75,75.75,72.40,72.88,185530
2007-05-22,74.12,74.75,71.25,71.60,99152
2007-05-23,72.45,74.50,71.28,72.10,73226
2007-05-24,71.80,72.75,70.85,72.30,37974
2007-05-25,71.97,86.78,71.12,86.78,8292144
2007-05-28,93.50,93.50,82.05,83.03,2021714
2007-05-29,83.85,88.72,82.50,86.05,998352
2007-05-30,86.20,86.20,82.25,82.97,319140
2007-05-31,84.70,84.70,80.20,80.82,112010
2007-06-01,81.90,87.20,79.30,82.62,371042
2007-06-04,83.00,86.85,81.80,82.45,193940
2007-06-05,83.25,84.95,81.30,81.70,88308
2007-06-06,82.60,82.60,78.00,78.28,98954
2007-06-07,75.12,79.07,75.00,75.62,103136
2007-06-08,75.50,82.20,73.75,77.62,249464
2007-06-11,82.50,84.00,77.50,77.93,243958
2007-06-12,78.72,79.40,75.75,77.82,101206
2007-06-13,80.00,88.00,79.00,84.15,1199624
2007-06-14,86.50,88.00,82.68,85.80,588774
2007-06-15,86.45,89.50,85.25,88.82,588410
2007-06-18,86.28,89.85,86.28,87.57,178904
2007-06-19,86.50,89.45,86.50,87.78,118476
2007-06-20,87.57,89.20,86.57,87.22,73938
2007-06-21,87.50,88.75,84.75,85.35,65152
2007-06-22,86.50,87.25,84.62,85.38,68874
2007-06-25,85.25,87.00,84.25,86.35,93990
2007-06-26,85.55,88.85,85.10,87.62,69930
2007-06-27,86.75,91.70,86.50,89.72,194178
2007-06-28,90.00,91.47,89.00,90.30,102098
2007-06-29,91.30,91.50,87.00,87.82,69910
2007-07-02,87.50,89.00,87.50,87.62,104164
2007-07-03,86.78,91.00,86.78,87.65,57472
2007-07-04,88.00,89.25,87.28,87.60,79004
2007-07-05,86.50,89.25,84.75,85.57,50474
2007-07-06,85.03,87.25,83.70,84.40,65776
2007-07-09,86.00,86.50,83.30,84.78,62744
2007-07-10,85.00,89.25,84.07,87.68,161796
2007-07-11,89.00,94.62,89.00,93.60,0
2007-07-12,95.00,95.35,91.00,92.75,232756
2007-07-13,95.00,95.00,85.90,87.60,425800
2007-07-16,90.62,90.95,83.75,85.05,250456
2007-07-17,85.00,90.00,85.00,87.78,192248
2007-07-18,85.10,90.75,85.10,89.93,140612
2007-07-19,90.75,91.00,88.12,88.70,44136
2007-07-20,90.75,90.75,88.25,90.15,48868
2007-07-23,90.75,92.00,89.05,91.25,93344
2007-07-24,90.03,91.05,89.62,90.15,41774
2007-07-25,90.25,90.25,86.57,87.60,69720
2007-07-26,87.62,89.75,87.55,88.18,23108
2007-07-27,85.00,88.25,85.00,87.35,37194
2007-07-30,85.05,88.50,85.05,87.30,121266
2007-07-31,89.00,89.00,86.25,87.88,65090
2007-08-01,85.30,87.75,85.30,86.65,47256
2007-08-02,88.50,88.50,86.25,86.80,103398
2007-08-03,86.25,88.50,86.25,87.80,56136
2007-08-06,88.00,88.00,82.60,87.43,27120
2007-08-07,86.75,88.50,86.75,87.97,26438
2007-08-08,88.50,90.00,88.00,88.78,36108
2007-08-09,90.00,90.00,87.55,87.95,27510
2007-08-10,85.00,90.00,85.00,87.93,46542
2007-08-13,90.00,91.35,87.05,89.75,80188
2007-08-14,89.75,89.75,88.00,88.55,11534
2007-08-16,85.00,90.50,85.00,89.43,45684
2007-08-17,88.25,88.25,86.28,87.85,46388
2007-08-20,88.10,89.50,87.25,88.53,46182
2007-08-21,88.00,88.00,86.50,87.50,30152
2007-08-22,87.00,88.45,86.00,86.20,28108
2007-08-23,87.50,87.50,83.00,84.75,37208
2007-08-24,86.45,87.45,84.50,86.20,21868
2007-08-27,86.50,87.50,86.12,87.07,11536
2007-08-28,87.00,89.00,86.55,87.82,18424
2007-08-29,88.00,88.65,86.00,87.60,27992
2007-08-30,87.75,89.38,87.75,89.05,24702
2007-08-31,90.10,91.25,87.07,88.97,9714
2007-09-03,87.05,89.35,87.05,88.57,45862
2007-09-04,89.50,94.00,88.62,90.65,163966
2007-09-05,90.03,92.43,89.53,89.75,36062
2007-09-06,90.75,90.75,89.00,89.53,11902
2007-09-07,88.80,90.72,88.50,90.03,38816
2007-09-10,90.55,92.00,89.15,90.03,101218
2007-09-11,90.95,91.00,89.80,90.00,48680
2007-09-12,91.45,91.45,89.03,90.45,21798
2007-09-13,89.28,91.30,89.28,90.12,19854
2007-09-14,90.05,97.97,90.00,93.40,193534
2007-09-17,91.65,93.93,91.00,91.53,36046
2007-09-18,91.28,92.00,90.50,90.95,14330
2007-09-19,94.90,96.00,90.50,93.00,84666
2007-09-20,91.50,93.50,90.50,90.80,20288
2007-09-21,91.00,92.68,90.53,92.20,22384
2007-09-24,94.00,94.00,90.05,91.70,28728
2007-09-25,90.55,93.00,90.55,92.55,34148
2007-09-26,92.00,93.65,92.00,93.65,40820
2007-09-27,92.75,93.00,91.90,92.60,194150
2007-09-28,91.62,93.00,91.25,92.57,34130
2007-10-01,92.50,92.82,91.50,92.68,29834
2007-10-03,93.00,93.00,90.97,90.97,104780
2007-10-04,90.88,92.00,89.90,91.00,89012
2007-10-05,90.32,92.50,89.50,91.35,32764
2007-10-08,85.10,91.00,85.10,86.38,53640
2007-10-09,85.62,88.25,85.00,85.10,26502
2007-10-10,86.50,86.50,84.10,84.93,98514
2007-10-11,85.38,85.50,82.05,82.55,18230
2007-10-12,82.18,83.50,81.00,82.15,19206
2007-10-15,83.90,86.00,83.25,84.12,55874
2007-10-16,85.80,85.80,83.35,84.55,47376
2007-10-17,84.50,84.50,84.50,84.50,65350
2007-10-18,86.50,87.25,79.10,81.65,24606
2007-10-19,83.40,83.88,79.50,82.12,215296
2007-10-22,83.50,83.50,78.50,81.62,64148
2007-10-23,80.88,82.50,78.50,80.60,17944
2007-10-24,80.60,82.00,79.80,80.22,23470
2007-10-25,80.50,80.50,77.00,77.93,47818
2007-10-26,79.20,81.97,78.00,80.80,38460
2007-10-29,81.00,85.50,78.65,85.05,105746
2007-10-30,85.97,86.25,82.55,84.45,103668
2007-10-31,86.75,87.50,82.05,82.28,33962
2007-11-01,84.57,85.80,80.25,80.78,32122
2007-11-02,80.50,82.25,78.55,79.38,21476
2007-11-05,82.25,82.50,77.00,79.60,70218
2007-11-06,79.50,80.50,78.50,78.50,39742
2007-11-07,80.00,80.00,77.50,77.60,10554
2007-11-08,78.00,78.00,75.25,76.60,7572
2007-11-09,77.50,78.00,75.25,77.80,3638
2007-11-12,77.90,80.50,75.78,80.30,84282
2007-11-13,78.50,79.97,76.88,77.38,41336
2007-11-14,79.97,79.97,77.12,78.78,32278
2007-11-15,79.00,81.70,78.05,81.18,73498
2007-11-16,81.00,83.70,79.53,80.90,94994
2007-11-19,80.55,82.95,80.00,81.50,41414
2007-11-20,82.50,84.25,81.90,82.10,44470
2007-11-21,83.35,83.35,77.05,78.85,53908
2007-11-22,83.00,83.00,75.50,75.95,20994
2007-11-23,77.00,79.50,76.50,77.80,35110
2007-11-26,79.00,79.00,76.50,78.25,19280
2007-11-27,78.00,78.00,76.65,77.50,10686
2007-11-28,77.62,78.70,76.50,77.25,7356
2007-11-29,79.00,81.00,76.50,79.97,39722
2007-11-30,79.10,93.00,78.50,85.78,251108
2007-12-03,86.50,86.50,81.65,82.22,46268
2007-12-04,82.50,84.00,82.50,82.78,12848
2007-12-05,80.72,83.00,80.72,82.30,20138
2007-12-06,82.53,83.85,81.12,81.62,7738
2007-12-07,83.30,83.30,80.50,80.72,9156
2007-12-10,82.50,84.30,78.50,81.65,50808
2007-12-11,88.80,88.80,80.05,80.22,54304
2007-12-12,80.50,83.00,80.12,81.07,41434
2007-12-13,82.40,82.90,81.00,82.50,38174
2007-12-14,82.15,89.00,81.57,86.57,94316
2007-12-17,85.18,89.95,83.75,85.12,61962
2007-12-18,83.12,85.50,81.00,83.82,19556
2007-12-19,85.50,85.97,81.60,82.65,11632
2007-12-20,82.50,83.97,82.00,83.05,10116
2007-12-24,83.75,84.90,81.28,82.20,11118
2007-12-26,82.47,89.70,81.50,87.90,55740
2007-12-27,85.62,88.40,83.60,84.47,32810
2007-12-28,84.25,85.50,83.35,85.03,10868
2007-12-31,85.50,91.50,85.00,86.47,87552
2008-01-01,87.90,91.53,86.75,89.32,76996
2008-01-02,90.68,90.68,86.05,88.12,22686
2008-01-03,89.00,89.75,84.00,85.82,34712
2008-01-04,86.03,86.05,82.18,82.65,105826
2008-01-07,83.93,86.00,81.00,84.60,20940
2008-01-08,85.75,86.00,82.50,83.45,21020
2008-01-09,82.40,83.45,80.55,81.55,20540
2008-01-10,84.62,85.25,81.57,82.45,93236
2008-01-11,82.10,82.90,80.25,81.35,13290
2008-01-14,82.50,89.00,82.50,84.47,101208
2008-01-15,87.95,87.95,82.95,83.28,27428
2008-01-16,83.00,84.40,82.00,82.80,15490
2008-01-17,83.20,83.75,82.00,82.28,15718
2008-01-18,82.00,82.90,79.80,80.62,19196
2008-01-21,81.00,81.00,72.05,72.53,23220
2008-01-22,75.00,75.00,58.25,64.88,19602
2008-01-23,69.95,76.45,63.50,69.93,23622
2008-01-24,76.40,76.40,68.50,71.28,34022
2008-01-25,75.00,76.50,71.62,75.22,21094
2008-01-28,75.25,75.55,67.53,74.18,16592
2008-01-29,77.50,78.43,74.30,77.25,34704
2008-01-30,70.00,77.90,70.00,76.28,19800
2008-01-31,74.05,76.72,72.62,76.35,17362
2008-02-01,70.50,78.50,70.50,74.65,58044
2008-02-04,72.50,77.47,71.55,74.90,73740
2008-02-05,71.55,75.47,71.55,74.00,122640
2008-02-06,72.50,75.12,72.50,74.62,6138
2008-02-07,71.78,77.45,71.78,72.65,34610
2008-02-08,71.55,73.53,70.15,70.57,7736
2008-02-11,68.28,72.50,67.50,70.00,54874
2008-02-12,66.97,72.70,66.97,70.57,62188
2008-02-13,67.57,70.00,64.50,66.40,24290
2008-02-14,61.98,73.43,61.98,72.75,24548
2008-02-15,60.00,73.40,60.00,72.90,12724
2008-02-18,60.00,77.45,60.00,73.12,5080
2008-02-19,70.00,76.38,70.00,75.60,22186
2008-02-20,72.00,74.90,72.00,72.95,2458
2008-02-21,72.05,78.45,72.05,76.97,13844
2008-02-22,75.00,75.50,74.05,74.93,10072
2008-02-25,74.12,78.50,72.50,77.78,9670
2008-02-26,71.05,78.05,71.05,75.50,10656
2008-02-27,72.28,77.97,72.28,74.20,12484
2008-02-28,68.10,77.00,68.10,73.95,10834
2008-02-29,72.05,74.88,72.05,73.50,6878
2008-03-03,71.60,73.50,70.60,71.00,7418
2008-03-04,71.50,71.95,67.00,67.55,7152
2008-03-05,60.80,72.88,60.80,65.47,14970
2008-03-07,55.27,67.22,55.27,63.45,10742
2008-03-10,51.83,63.50,51.83,60.80,19670
2008-03-11,57.50,63.20,57.50,60.85,570262
2008-03-12,61.00,63.98,61.00,62.50,48406
2008-03-13,57.50,64.50,57.50,60.88,13182
2008-03-14,55.00,62.88,55.00,61.88,16844
2008-03-17,59.55,62.40,58.00,58.70,7384
2008-03-18,55.00,61.42,55.00,58.08,17100
2008-03-19,57.50,64.45,57.50,58.05,14586
2008-03-24,57.55,58.75,50.50,52.55,106514
2008-03-25,52.50,55.35,50.85,54.00,138202
2008-03-26,51.00,56.50,51.00,55.02,11076
2008-03-27,50.02,55.55,50.02,53.38,16442
2008-03-28,51.05,56.00,51.05,55.20,11762
2008-03-31,51.50,55.45,51.50,54.05,16494
2008-04-01,52.05,54.85,52.05,53.33,12520
2008-04-02,53.27,57.50,53.27,55.65,7828
2008-04-03,58.90,58.90,53.75,54.48,5986
2008-04-04,51.50,54.50,51.50,53.67,4216
2008-04-07,52.08,53.95,52.08,53.40,6964
2008-04-08,43.85,62.50,43.85,53.27,12422
2008-04-09,50.50,54.40,50.50,53.75,9810
2008-04-10,52.50,55.00,52.50,54.35,8474
2008-04-11,52.60,54.73,52.60,53.95,6678
2008-04-15,51.98,56.00,51.98,54.80,9930
2008-04-16,52.60,57.45,52.60,56.92,206566
2008-04-17,56.05,61.25,56.05,60.38,34226
2008-04-21,55.50,66.00,55.50,64.57,22240
2008-04-22,60.50,65.75,60.50,64.12,9968
2008-04-23,58.95,64.93,58.95,62.95,8082
2008-04-24,57.88,62.30,57.88,58.85,18792
2008-04-25,57.35,59.98,57.35,57.98,180202
2008-04-28,52.80,59.50,52.80,58.33,357582
2008-04-29,56.35,59.75,56.35,59.02,129626
2008-04-30,56.55,60.92,56.55,58.92,20170
2008-05-02,64.00,64.00,59.10,60.38,27698
2008-05-05,61.00,66.50,60.50,65.38,66968
2008-05-06,60.10,66.22,60.10,64.88,20246
2008-05-07,65.00,65.95,63.17,63.85,16408
2008-05-08,62.50,64.38,62.12,63.48,27764
2008-05-09,62.15,64.57,61.62,61.88,7282
2008-05-12,59.40,60.25,58.75,59.02,6504
2008-05-13,58.77,61.50,57.50,57.65,16112
2008-05-14,56.25,58.75,56.25,57.38,18878
2008-05-15,56.27,58.50,56.27,57.50,36358
2008-05-16,56.38,58.42,56.38,57.80,7608
2008-05-20,55.58,59.23,55.58,58.85,3430
2008-05-21,56.58,60.00,56.58,59.30,13076
2008-05-22,56.60,59.25,56.50,57.17,20546
2008-05-23,55.12,58.50,55.12,57.05,4048
2008-05-26,55.15,58.85,55.15,55.83,12354
2008-05-27,53.88,56.90,53.88,55.40,6510
2008-05-28,52.50,57.40,52.50,57.02,4778
2008-05-29,55.50,57.30,55.50,56.85,4002
2008-05-30,56.10,57.00,55.12,55.95,13752
2008-06-02,57.00,57.00,53.50,54.17,20032
2008-06-03,51.05,55.95,51.05,54.50,14422
2008-06-04,51.52,56.50,51.52,55.52,15476
2008-06-05,52.10,56.95,52.10,56.17,24450
2008-06-06,52.65,59.00,52.65,57.65,17712
2008-06-09,51.12,63.98,51.12,57.77,16872
2008-06-10,54.10,60.62,54.10,57.60,15722
2008-06-11,54.30,60.23,54.30,60.02,15402
2008-06-12,55.30,60.00,55.30,59.30,5268
2008-06-13,54.00,63.75,54.00,61.52,16894
2008-06-16,58.48,63.35,58.48,62.85,9078
2008-06-17,58.27,64.85,58.27,64.32,16122
2008-06-18,60.58,66.00,60.58,65.43,19200
2008-06-19,53.33,65.50,53.33,65.03,4800
2008-06-20,64.90,65.50,62.83,64.55,70768
2008-06-23,65.00,65.00,62.50,63.40,18344
2008-06-24,60.50,66.05,56.65,57.48,18100
2008-06-25,53.02,60.75,53.02,58.85,23374
2008-06-26,54.50,62.75,54.50,62.50,41904
2008-06-27,62.50,66.95,60.50,62.50,1247336
2008-06-30,63.50,67.00,60.58,62.80,46550
2008-07-01,63.05,64.25,59.50,61.02,112978
2008-07-02,60.25,62.48,60.25,62.10,11542
2008-07-03,60.55,61.95,59.55,61.00,94358
2008-07-04,59.60,63.73,59.60,62.45,13934
2008-07-07,62.00,64.75,60.00,62.38,16164
2008-07-08,60.00,61.92,60.00,60.90,10362
2008-07-09,55.50,63.33,55.50,61.70,12286
2008-07-10,57.55,62.12,57.55,59.55,13402
2008-07-11,59.30,61.00,59.30,60.77,5718
2008-07-14,56.55,63.00,56.55,60.10,17320
2008-07-15,57.52,62.77,57.52,59.77,17510
2008-07-16,56.75,61.62,56.75,61.02,6038
2008-07-17,50.10,62.00,50.10,61.00,46462
2008-07-18,59.23,61.50,59.23,61.12,14954
2008-07-21,58.05,61.90,58.05,61.38,18822
2008-07-22,60.00,62.00,60.00,60.02,64730
2008-07-23,60.00,64.00,60.00,61.40,8456
2008-07-24,60.80,61.98,60.25,61.27,31426
2008-07-25,60.00,62.20,60.00,61.02,6294
2008-07-28,60.00,64.00,60.00,61.15,3558
2008-07-29,50.10,62.50,50.10,60.52,6260
2008-07-30,60.00,62.25,60.00,61.48,3780
2008-07-31,61.00,62.33,61.00,62.23,55696
2008-08-01,61.15,62.60,61.12,62.50,1816
2008-08-04,60.65,63.00,60.65,62.48,4040
2008-08-05,63.00,67.93,62.00,66.95,22660
2008-08-06,67.50,68.50,65.00,65.18,5606
2008-08-07,65.00,67.50,65.00,66.62,7534
2008-08-08,66.00,66.50,65.00,65.43,3688
2008-08-11,66.70,71.20,65.70,68.62,16154
2008-08-12,56.55,67.60,56.55,66.97,4082
2008-08-13,65.95,67.50,65.20,65.53,6794
2008-08-14,65.07,66.50,63.77,66.40,11110
2008-08-18,66.50,67.00,64.97,65.03,82278
2008-08-19,59.90,66.20,59.90,66.03,18478
2008-08-20,65.05,66.00,65.00,65.03,1992
2008-08-21,65.00,66.38,65.00,65.03,2732
2008-08-22,65.00,65.50,62.50,63.25,4116
2008-08-25,51.85,65.50,51.85,64.22,9574
2008-08-26,62.90,64.50,62.90,63.77,12524
2008-08-27,52.60,66.20,52.60,64.28,1574
2008-08-28,60.55,64.68,60.55,64.03,6076
2008-08-29,58.95,65.00,58.95,64.72,5914
2008-09-01,62.25,64.35,62.25,63.95,6824
2008-09-02,56.05,65.20,56.05,64.97,9058
2008-09-04,60.60,65.50,60.60,65.32,2894
2008-09-05,61.12,66.00,61.12,65.60,6118
2008-09-08,62.50,65.38,62.50,65.00,18572
2008-09-09,60.00,67.00,60.00,65.72,7128
2008-09-10,62.05,65.93,62.05,65.00,9900
2008-09-11,65.00,65.15,65.00,65.07,8584
2008-09-15,55.00,66.50,55.00,65.03,54958
2008-09-16,57.88,67.50,57.88,61.65,9548076
2008-09-17,60.02,65.45,60.02,61.98,21934
2008-09-18,55.05,61.48,55.05,60.88,12724
2008-09-19,60.05,62.25,59.50,60.67,6840
2008-09-22,58.75,61.08,57.77,60.12,15394
2008-09-23,55.50,60.50,55.50,59.12,6888
2008-09-24,55.70,64.50,55.70,62.20,19476
2008-09-25,56.60,62.48,56.60,61.30,1204
2008-09-26,57.65,61.50,57.65,60.02,3394
2008-09-29,56.40,59.95,56.40,58.27,93512
2008-09-30,57.50,59.70,57.50,59.17,14454
2008-10-01,58.50,59.50,58.50,59.17,3968
2008-10-03,57.55,59.85,57.55,59.02,3824
2008-10-06,57.50,58.95,57.50,57.90,11742
2008-10-07,59.50,59.50,57.50,58.17,32410
2008-10-08,56.00,58.92,56.00,57.83,48148
2008-10-10,47.53,52.55,46.33,48.03,131240
2008-10-13,48.03,52.50,48.03,51.85,48838
2008-10-14,52.50,54.25,52.50,52.92,2022
2008-10-15,52.00,53.40,51.85,52.67,5208
2008-10-16,43.55,52.25,43.55,50.70,21688
2008-10-17,47.00,51.95,47.00,48.95,33552
2008-10-20,45.05,51.00,45.05,49.95,35362
2008-10-21,45.03,50.85,45.03,50.33,7238
2008-10-22,47.00,51.98,47.00,51.17,550470
2008-10-23,47.65,51.42,47.65,49.60,6610
2008-10-24,45.05,49.00,45.05,47.42,9426
2008-10-27,38.83,46.50,38.00,39.60,25578
2008-10-28,38.05,45.00,38.05,43.50,2588
2008-10-29,45.00,48.88,45.00,47.53,8438
2008-10-31,45.05,50.50,45.05,48.97,9270
2008-11-03,49.05,51.70,49.05,51.12,229592
2008-11-04,52.50,53.00,52.00,52.50,66924
2008-11-05,52.50,54.50,51.55,52.60,42692
2008-11-06,50.12,53.50,50.00,52.70,56364
2008-11-07,49.50,54.85,49.50,53.88,106626
2008-11-10,53.50,55.40,53.02,54.02,210262
2008-11-11,51.50,57.15,51.50,56.52,229644
2008-11-12,52.65,55.00,52.50,52.85,7242
2008-11-14,53.25,53.25,50.05,51.23,2676
2008-11-17,51.00,51.95,46.00,48.45,11344
2008-11-18,46.50,48.35,41.47,45.08,17272
2008-11-19,43.08,46.75,43.08,43.97,4524
2008-11-20,40.12,45.50,40.12,43.40,17326
2008-11-21,40.05,45.00,40.05,43.50,13242
2008-11-24,39.50,46.00,39.50,44.72,24914
2008-11-25,44.50,46.00,44.00,45.30,5616
2008-11-26,41.50,45.90,41.50,45.20,4808
2008-11-28,40.62,45.33,40.62,45.05,934
2008-12-01,44.00,46.75,44.00,45.53,4800
2008-12-02,40.05,45.75,40.05,45.08,4348
2008-12-03,40.60,45.88,40.60,45.00,10608
2008-12-04,45.00,45.90,45.00,45.70,1634
2008-12-05,43.00,46.40,43.00,43.53,3996
2008-12-08,43.55,45.50,43.55,45.05,10554
2008-12-10,44.50,46.97,44.50,46.25,106908
2008-12-11,46.25,47.00,46.00,46.53,1548
2008-12-12,48.35,48.35,46.25,46.47,1900
2008-12-15,46.50,47.00,46.03,46.55,3506
2008-12-16,46.50,48.25,46.50,47.45,5664
2008-12-17,47.25,47.50,46.00,46.17,5522
2008-12-18,46.00,48.25,45.15,46.72,6038
2008-12-19,46.00,47.92,45.50,45.90,9818
2008-12-22,44.85,46.75,44.85,46.00,1004
2008-12-23,43.50,45.50,42.95,43.47,8422
2008-12-24,41.50,44.90,41.50,42.53,5044
2008-12-26,40.05,44.40,40.05,41.95,3368
2008-12-29,37.55,43.75,37.55,42.83,4072
2008-12-30,40.55,44.10,40.55,43.50,1968
2008-12-31,40.55,44.50,40.55,43.15,1066
2009-01-01,39.25,44.38,39.25,43.83,2800
2009-01-02,39.05,44.50,39.05,44.12,1584
2009-01-05,41.50,47.90,41.50,44.72,3234
2009-01-06,39.75,45.75,39.75,45.00,5572
2009-01-07,41.05,46.45,41.05,43.70,1830
2009-01-09,40.10,45.50,40.10,45.40,6370
2009-01-12,39.60,45.75,39.60,45.00,1034
2009-01-13,40.05,46.00,40.05,45.00,3058
2009-01-14,41.00,45.12,41.00,45.03,2308
2009-01-15,45.25,45.97,45.10,45.25,536
2009-01-16,40.55,46.33,40.55,45.08,4758
2009-01-19,41.05,46.12,41.05,45.38,1064
2009-01-20,42.00,46.00,42.00,45.75,5810
2009-01-21,42.50,46.92,42.50,46.50,5998
2009-01-22,42.12,48.60,42.12,46.55,209644
2009-01-23,46.50,46.50,41.55,41.97,14548
2009-01-27,35.33,43.00,35.33,41.00,2882
2009-01-28,38.05,42.80,38.05,42.33,4288
2009-01-29,41.00,44.00,41.00,43.75,18116
2009-01-30,41.00,43.47,41.00,43.25,1120
2009-02-02,41.50,46.00,41.50,45.38,843300
2009-02-03,40.08,48.50,40.08,43.97,4856
2009-02-04,40.85,44.00,40.85,43.60,4306
2009-02-05,42.00,43.75,42.00,43.05,3488
2009-02-06,40.55,43.75,40.55,43.17,1874
2009-02-09,41.50,43.22,41.50,43.00,6562
2009-02-10,40.05,44.00,40.05,42.95,11582
2009-02-11,40.60,44.50,40.60,43.33,1778
2009-02-12,43.00,43.25,42.50,43.22,2438
2009-02-13,43.50,44.15,43.00,43.55,2414
2009-02-16,42.50,43.45,42.50,43.03,3452
2009-02-17,42.75,42.75,42.25,42.53,2112
2009-02-18,43.05,43.50,42.25,42.28,42574
2009-02-19,42.50,42.62,42.50,42.50,1616
2009-02-20,41.50,43.50,41.50,43.05,15068
2009-02-24,42.50,43.00,41.03,42.50,24564
2009-02-25,42.75,43.25,42.50,42.95,3374
2009-02-26,41.00,43.25,41.00,42.50,4722
2009-02-27,40.50,44.00,40.50,42.20,1112
2009-03-02,42.00,43.00,41.95,42.90,8158
2009-03-03,41.25,44.25,41.25,43.15,2604
2009-03-04,42.00,43.22,41.55,42.55,18490
2009-03-05,41.55,44.50,41.55,42.22,5244
2009-03-06,41.05,42.75,41.05,42.67,89910
2009-03-09,41.75,42.00,41.30,41.45,2166
2009-03-12,40.60,41.40,39.50,39.65,3022
2009-03-13,40.25,41.40,40.00,40.88,5884
2009-03-16,39.10,41.97,39.10,41.62,3732
2009-03-17,39.03,41.75,39.03,39.95,5592
2009-03-18,35.55,41.25,35.55,40.17,6000
2009-03-19,40.00,40.75,39.62,40.30,4428
2009-03-20,35.83,40.12,35.83,39.97,1908
2009-03-23,37.53,39.95,37.53,39.85,2824
2009-03-24,39.50,40.53,37.95,38.33,14416
2009-03-25,36.50,39.25,36.50,38.55,7246
2009-03-26,36.70,38.75,36.70,38.15,13564
2009-03-27,38.50,40.75,38.22,39.90,3652
2009-03-30,40.00,40.65,39.05,39.75,4426
2009-03-31,36.00,40.10,36.00,39.38,11648
2009-04-01,37.20,40.12,37.20,40.05,384
2009-04-02,40.05,41.33,40.05,41.17,8374
2009-04-06,41.62,42.00,40.25,41.50,7452
2009-04-08,41.35,42.88,41.00,42.53,7422
2009-04-09,43.12,47.00,43.05,44.10,12998
2009-04-13,40.05,48.25,40.05,46.92,16910
2009-04-15,46.80,52.00,46.62,50.12,17490
2009-04-16,51.00,52.50,47.05,47.30,7156
2009-04-17,47.00,49.00,46.10,47.85,13428
2009-04-20,48.05,48.05,46.00,47.40,16658
2009-04-21,42.22,49.00,42.22,47.97,4754
2009-04-22,46.00,48.50,46.00,47.45,4890
2009-04-23,45.00,47.90,45.00,47.60,716
2009-04-24,46.15,49.50,46.15,48.00,5930
2009-04-27,46.15,48.62,46.15,48.50,13386
2009-04-28,47.00,52.45,47.00,49.95,25346
2009-04-29,49.00,52.00,49.00,50.17,6450
2009-05-04,51.00,52.00,49.55,50.05,12918
2009-05-05,49.62,50.98,49.62,50.15,4726
2009-05-06,47.97,50.75,47.97,50.10,7624
2009-05-07,49.62,54.25,49.62,52.52,91592
2009-05-08,52.55,52.88,49.92,50.05,52088
2009-05-11,52.38,52.38,49.58,50.25,14490
2009-05-12,49.12,50.60,49.12,50.02,4760
2009-05-13,49.50,51.23,49.50,50.50,14252
2009-05-14,50.00,56.20,49.85,51.50,454704
2009-05-15,52.45,54.90,51.85,53.08,16246
2009-05-19,53.50,62.50,52.00,57.50,46066
2009-05-20,57.50,62.38,56.00,59.60,40046
2009-05-21,61.75,63.88,59.00,60.00,33698
2009-05-22,58.00,61.50,58.00,60.30,10842
2009-05-25,62.50,66.00,60.60,65.03,87560
2009-05-26,65.00,66.40,60.50,60.88,10764
2009-05-27,63.98,65.00,61.25,62.70,204210
2009-05-28,61.50,62.00,60.05,61.38,6278
2009-05-29,61.00,66.00,60.25,65.47,232668
2009-06-01,66.00,69.95,64.75,66.03,201460
2009-06-02,66.55,66.55,64.25,64.70,8708
2009-06-03,65.15,65.15,62.80,63.40,24442
2009-06-04,62.00,65.00,61.00,62.12,77602
2009-06-05,64.00,64.75,62.50,63.50,13072
2009-06-08,63.50,63.50,61.17,62.50,10182
2009-06-09,61.52,63.17,61.00,62.50,3224
2009-06-10,63.25,65.50,62.45,62.77,50256
2009-06-11,63.00,64.25,62.50,62.50,25104
2009-06-12,62.00,65.00,62.00,62.50,21142
2009-06-15,62.50,63.50,62.50,62.80,5536
2009-06-16,62.75,63.50,62.50,62.67,3570
2009-06-17,62.55,63.25,57.67,62.50,9426
2009-06-18,61.88,62.95,60.00,62.50,73890
2009-06-19,63.00,64.00,62.50,62.77,30166
2009-06-22,63.50,63.50,55.05,61.52,7320
2009-06-23,62.00,70.00,61.48,63.55,48418
2009-06-24,64.00,64.50,61.58,63.00,33504
2009-06-25,62.50,63.30,61.60,62.48,7454
2009-06-26,62.12,67.45,61.58,66.10,20818
2009-06-29,66.22,66.22,62.70,63.23,13352
2009-06-30,62.70,64.50,62.50,62.67,6042
2009-07-01,62.50,64.00,62.00,62.23,4336
2009-07-02,62.00,64.00,61.50,62.45,6670
2009-07-03,62.50,63.23,62.00,62.15,6668
2009-07-06,63.00,63.00,55.27,60.35,8378
2009-07-07,56.65,61.98,56.65,60.25,6056
2009-07-08,60.88,60.88,58.50,59.48,1486
2009-07-09,59.05,59.05,55.52,56.95,2310
2009-07-10,56.80,57.25,56.00,56.17,4788
2009-07-13,56.75,56.75,51.00,51.90,5544
2009-07-14,57.50,57.50,52.50,53.52,0
2009-07-15,54.58,56.98,53.80,54.73,4524
2009-07-16,55.50,56.00,54.50,55.00,4588
2009-07-17,54.50,57.20,54.00,55.75,7128
2009-07-20,61.75,61.75,55.17,57.45,7240
2009-07-21,57.75,60.25,57.05,59.73,7976
2009-07-22,60.00,63.45,59.02,60.30,10026
2009-07-23,60.20,63.00,59.52,60.17,10234
2009-07-24,60.50,62.65,60.50,62.52,9588
2009-07-27,63.50,64.00,61.08,62.52,4466
2009-07-28,63.83,64.65,61.52,62.40,22818
2009-07-29,62.50,68.38,62.50,67.12,184438
2009-07-30,68.25,69.40,66.12,66.50,15282
2009-07-31,67.00,68.00,65.00,65.75,11570
2009-08-03,58.00,67.00,58.00,65.45,6810
2009-08-04,63.50,65.00,62.05,62.83,10708
2009-08-05,57.50,64.35,57.50,63.62,8062
2009-08-06,62.50,64.75,62.50,63.67,14330
2009-08-07,62.50,64.50,62.50,63.52,16022
2009-08-10,62.50,64.00,62.50,63.50,7828
2009-08-11,62.50,64.45,62.50,63.62,10926
2009-08-12,58.75,65.20,58.75,63.77,39652
2009-08-13,58.95,72.50,58.95,71.22,255568
2009-08-14,69.80,71.95,66.50,67.25,35830
2009-08-17,66.50,67.50,64.07,64.85,14740
2009-08-18,61.48,67.47,61.48,65.20,25052
2009-08-19,61.70,69.22,61.70,66.60,32000
2009-08-20,64.00,69.45,64.00,65.45,9280
2009-08-21,63.52,68.40,63.52,67.57,11912
2009-08-24,63.58,69.95,63.58,69.47,119572
2009-08-25,67.50,70.95,67.50,68.68,17478
2009-08-26,63.50,69.55,63.50,67.70,9992
2009-08-27,63.00,70.25,63.00,69.20,8330
2009-08-28,64.50,70.00,64.50,69.00,30848
2009-08-31,63.75,69.88,63.75,68.50,83736
2009-09-01,64.00,71.00,64.00,68.80,27676
2009-09-02,64.50,70.75,64.50,69.90,62536
2009-09-03,65.00,74.00,65.00,70.78,89396
2009-09-04,68.50,72.10,68.50,70.53,25418
2009-09-07,70.95,72.25,70.50,71.20,15630
2009-09-08,71.00,72.30,70.10,70.55,49826
2009-09-09,70.15,71.95,70.15,71.30,45486
2009-09-10,72.35,75.95,71.00,72.00,141904
2009-09-11,68.50,74.00,68.50,71.18,59148
2009-09-14,70.50,71.00,69.20,69.65,15604
2009-09-15,69.50,70.00,68.05,68.70,151010
2009-09-16,70.00,71.35,68.78,70.03,38756
2009-09-17,70.00,70.90,69.75,70.15,25520
2009-09-18,69.65,72.00,69.57,71.00,12244
2009-09-22,70.25,71.50,69.25,70.00,34776
2009-09-23,70.00,71.75,69.80,70.57,13102
2009-09-24,70.00,79.50,69.50,74.90,380390
2009-09-25,77.50,83.97,77.00,77.25,411562
2009-09-29,77.75,79.00,73.30,73.68,76960
2009-09-30,72.05,76.00,72.00,72.45,50588
2009-10-01,72.75,73.72,71.75,72.43,55192
2009-10-05,72.75,72.75,71.55,71.97,29846
2009-10-06,70.50,72.72,70.20,71.10,18046
2009-10-07,70.50,72.85,70.50,72.25,45602
2009-10-08,70.00,72.40,70.00,71.57,10620
2009-10-09,71.25,71.80,71.00,71.00,11488
2009-10-12,71.00,72.25,70.38,71.60,14282
2009-10-14,71.32,72.50,70.90,71.07,22586
2009-10-15,71.50,79.38,71.50,75.43,356028
2009-10-16,75.75,76.75,74.10,74.88,55004
2009-10-20,73.50,76.28,71.50,73.72,192238
2009-10-21,72.50,74.50,72.50,74.15,21644
2009-10-22,72.55,74.65,72.25,72.62,32046
2009-10-23,72.00,74.25,72.00,72.97,17184
2009-10-26,72.00,72.47,70.10,71.53,22934
2009-10-27,71.00,76.50,68.12,72.78,714642
2009-10-28,72.00,72.00,70.53,71.15,14570
2009-10-29,70.50,70.97,69.32,70.03,9540
2009-10-30,70.50,72.25,68.55,68.80,13950
2009-11-03,69.50,70.00,68.05,69.00,58936
2009-11-04,70.03,70.50,67.57,68.32,54050
2009-11-05,70.00,70.25,66.00,69.78,15436
2009-11-06,70.50,71.00,69.53,70.15,11460
2009-11-09,70.05,71.50,69.80,70.78,45624
2009-11-10,71.00,71.75,70.38,70.50,11550
2009-11-11,71.20,71.50,70.50,71.03,13168
2009-11-12,70.53,71.32,70.50,70.55,13408
2009-11-13,71.00,71.50,70.53,71.03,7382
2009-11-16,71.45,71.47,71.00,71.25,16768
2009-11-17,71.38,71.50,70.55,71.00,10888
2009-11-18,70.65,71.95,70.60,70.93,8920
2009-11-19,70.75,71.47,70.75,71.07,11340
2009-11-20,71.50,72.50,70.53,71.53,32552
2009-11-23,70.78,73.25,70.78,71.50,40682
2009-11-24,71.75,74.50,71.50,72.55,73160
2009-11-25,72.75,74.50,71.57,71.93,41160
2009-11-26,72.00,73.50,71.80,72.50,49372
2009-11-27,71.50,74.50,71.50,73.82,64132
2009-11-30,74.60,74.60,73.00,73.10,31204
2009-12-01,72.38,74.00,71.50,73.03,12154
2009-12-02,72.50,73.55,72.50,72.80,12580
2009-12-03,72.50,73.75,72.50,72.50,27028
2009-12-04,72.00,77.38,68.55,73.35,128386
2009-12-07,87.20,87.20,72.85,74.55,31308
2009-12-08,77.50,77.50,74.75,75.15,16646
2009-12-09,75.15,79.25,74.55,77.68,65918
2009-12-10,78.00,81.95,77.00,79.22,131060
2009-12-11,80.00,80.95,79.25,80.00,71796
2009-12-14,80.00,81.00,79.68,80.38,40620
2009-12-15,80.00,80.72,78.50,79.43,16350
2009-12-16,78.03,79.68,77.50,77.53,10772
2009-12-17,78.00,80.45,78.00,80.25,27048
2009-12-18,72.05,81.00,66.35,80.38,24032
2009-12-21,80.28,81.25,79.50,80.05,33324
2009-12-22,80.00,81.50,80.00,80.80,15716
2009-12-23,80.00,83.50,80.00,80.62,25882
2009-12-24,80.38,81.50,79.10,80.05,80300
2009-12-29,80.00,80.07,77.62,78.45,15582
2009-12-30,94.00,94.00,78.00,78.85,28838
2009-12-31,83.00,83.00,78.03,78.90,34134
2010-01-04,79.05,79.05,77.18,78.00,111676
2010-01-05,78.05,82.00,78.05,80.80,50240
2010-01-06,79.50,86.03,79.50,84.82,169856
2010-01-07,86.00,89.28,82.55,84.03,781938
2010-01-08,84.25,91.20,82.50,88.00,638004
2010-01-11,89.50,90.90,87.00,87.40,261614
2010-01-12,86.78,89.50,84.55,85.50,98458
2010-01-13,81.50,86.90,81.50,85.80,135122
2010-01-14,85.50,88.90,85.50,86.05,115568
2010-01-15,85.57,89.00,85.57,86.45,116710
2010-01-18,85.50,91.55,85.50,89.47,186754
2010-01-19,89.75,94.15,88.57,89.90,575318
2010-01-20,90.10,94.00,90.03,92.93,347994
2010-01-21,91.62,97.50,91.62,95.35,449592
2010-01-22,94.75,99.00,91.00,93.97,327586
2010-01-25,92.75,102.32,92.75,97.15,484494
2010-01-27,93.05,97.90,93.05,94.72,211096
2010-01-28,93.20,95.38,90.12,94.10,132832
2010-01-29,90.97,94.75,90.97,93.78,60282
2010-02-01,93.05,100.40,93.00,94.18,646716
2010-02-02,95.45,97.20,91.05,92.05,131124
2010-02-03,92.53,94.25,90.50,90.95,64404
2010-02-04,90.50,95.50,90.50,91.62,156482
2010-02-05,90.10,91.30,88.00,88.78,55886
2010-02-08,88.00,92.20,87.53,90.03,42772
2010-02-09,85.97,93.00,85.97,89.40,100742
2010-02-10,89.55,94.00,89.55,91.15,63826
2010-02-11,90.05,92.90,90.00,90.53,30562
2010-02-15,90.00,94.70,89.53,93.88,829820
2010-02-16,94.07,96.80,91.50,92.78,79080
2010-02-17,92.50,95.32,92.50,93.03,98894
2010-02-18,92.50,93.50,91.00,92.12,22658
2010-02-19,92.12,92.45,90.00,90.28,11128
2010-02-22,90.75,92.05,89.00,90.03,11974
2010-02-23,88.30,91.47,88.30,90.00,31024
2010-02-24,88.50,91.50,88.50,90.18,15984
2010-02-25,89.00,89.55,87.45,87.80,14392
2010-02-26,87.50,89.50,87.00,89.12,10608
2010-03-02,89.03,91.40,87.50,89.82,11926
2010-03-03,89.82,92.25,89.00,89.60,8648
2010-03-04,90.50,93.50,88.50,92.53,68398
2010-03-05,92.00,92.95,91.07,91.82,12950
2010-03-08,93.00,93.95,91.00,91.72,26650
2010-03-09,91.07,98.40,90.28,91.10,951666
2010-03-10,91.50,93.00,89.12,90.10,69354
2010-03-11,91.00,92.00,89.12,89.60,24838
2010-03-12,90.25,92.22,88.50,88.75,29948
2010-03-15,88.75,89.25,86.00,86.45,36642
2010-03-16,86.25,90.95,86.25,88.47,103224
2010-03-17,89.25,90.00,86.50,86.90,28802
2010-03-18,86.05,89.40,85.07,88.78,133318
2010-03-19,88.03,88.78,85.28,86.15,71144
2010-03-22,84.50,87.50,84.05,85.30,20086
2010-03-23,82.50,86.50,82.50,85.32,90924
2010-03-25,85.32,86.00,85.07,85.32,45136
2010-03-26,84.82,86.25,84.30,85.30,75222
2010-03-29,85.00,86.25,84.30,85.30,82964
2010-03-30,84.50,85.82,84.50,85.43,25138
2010-03-31,84.65,88.95,84.25,84.90,55256
2010-04-01,84.95,86.50,84.50,85.78,35930
2010-04-05,85.18,89.45,85.18,88.55,45120
2010-04-06,88.55,89.50,86.85,87.97,44230
2010-04-07,87.07,91.75,87.07,89.53,74076
2010-04-08,87.55,96.12,87.55,92.90,743412
2010-04-09,94.40,94.40,92.18,93.07,87530
2010-04-12,90.00,94.72,90.00,92.57,53970
2010-04-13,89.47,93.50,89.47,92.50,55904
2010-04-15,92.53,94.15,92.50,92.80,40456
2010-04-16,90.10,94.00,90.10,93.30,73258
2010-04-19,87.53,92.38,87.25,90.55,32740
2010-04-20,92.30,92.50,87.57,90.07,37106
2010-04-21,88.60,95.05,88.60,93.12,62646
2010-04-22,91.15,95.00,91.15,92.40,32264
2010-04-23,90.05,93.65,90.05,92.62,24078
2010-04-26,90.50,98.50,90.50,96.45,219310
2010-04-27,97.50,98.50,95.50,95.88,52314
2010-04-28,92.53,96.00,92.53,93.78,14920
2010-04-29,91.25,97.50,91.25,95.90,52126
2010-04-30,96.25,97.50,94.95,95.70,50304
2010-05-03,93.05,97.10,93.05,96.18,22564
2010-05-04,96.90,96.90,94.50,95.15,79324
2010-05-05,92.55,96.85,92.55,95.22,96122
2010-05-06,92.80,98.25,92.80,96.45,94410
2010-05-07,93.65,96.50,93.65,95.00,55574
2010-05-10,96.00,102.35,95.00,98.53,440312
2010-05-11,100.00,101.35,95.15,97.47,469912
2010-05-12,95.50,98.43,95.50,97.20,45352
2010-05-13,97.00,101.00,96.60,98.22,96850
2010-05-14,96.38,99.88,96.05,96.82,39180
2010-05-17,92.55,97.50,92.55,96.25,63192
2010-05-18,94.25,98.00,94.25,96.65,19896
2010-05-19,94.75,96.72,94.75,95.97,45268
2010-05-20,94.50,98.78,94.50,95.28,398858
2010-05-21,93.75,99.95,91.55,97.53,70142
2010-05-24,99.00,100.50,97.05,98.57,116732
2010-05-25,98.50,98.62,95.12,95.57,26000
2010-05-26,97.50,97.50,95.50,95.55,13038
2010-05-27,94.07,97.45,94.07,95.50,10330
2010-05-28,92.53,98.00,92.53,97.35,19370
2010-05-31,95.57,97.15,95.50,95.78,7040
2010-06-01,94.15,98.00,94.15,96.22,20426
2010-06-02,94.50,97.00,94.50,96.72,26644
2010-06-03,96.05,102.45,96.05,98.82,173438
2010-06-04,96.25,101.40,96.25,100.05,79338
2010-06-07,96.25,99.00,96.25,97.88,12918
2010-06-08,96.00,103.47,96.00,97.07,14544
2010-06-09,95.75,98.85,95.75,96.50,10216
2010-06-10,95.75,98.25,95.75,96.88,35020
2010-06-11,96.88,102.50,96.40,96.72,18826
2010-06-14,95.68,99.60,95.68,96.68,23272
2010-06-15,95.85,97.95,95.03,97.12,32112
2010-06-16,96.00,99.38,96.00,99.07,38222
2010-06-17,96.57,101.10,96.57,100.55,98556
2010-06-18,97.50,102.15,97.50,100.38,45432
2010-06-21,97.50,101.95,97.50,101.55,45724
2010-06-22,97.50,106.30,97.50,103.68,155266
2010-06-23,102.05,108.80,102.05,106.40,103182
2010-06-24,104.00,107.40,104.00,106.22,26990
2010-06-25,101.03,109.50,101.03,108.50,34974
2010-06-28,107.50,113.45,107.50,110.28,250306
2010-06-29,108.75,112.00,104.30,105.90,311266
2010-06-30,102.50,109.60,101.65,105.20,74154
2010-07-01,100.97,109.25,100.97,106.18,26090
2010-07-02,104.05,107.70,104.05,106.10,15842
2010-07-05,102.60,106.75,101.47,104.88,13594
2010-07-06,102.05,108.30,102.05,106.12,41786
2010-07-07,103.62,107.50,103.62,104.95,130568
2010-07-08,105.70,106.90,104.85,105.88,41304
2010-07-09,104.00,107.50,104.00,107.00,61668
2010-07-12,104.00,107.50,104.00,106.15,39198
2010-07-13,104.15,106.95,104.15,106.80,13290
2010-07-14,102.53,108.88,102.53,108.55,44002
2010-07-15,104.47,109.47,104.47,108.28,14280
2010-07-16,105.05,109.45,105.05,108.40,12060
2010-07-19,106.85,108.50,105.10,106.75,51530
2010-07-20,105.80,107.40,104.00,104.78,83712
2010-07-21,102.50,107.40,102.50,104.80,45062
2010-07-22,102.60,105.72,102.60,104.15,10116
2010-07-23,102.53,106.50,102.53,106.00,39058
2010-07-26,102.60,107.00,102.60,105.03,15120
2010-07-27,103.10,115.40,103.10,110.85,1361948
2010-07-28,112.45,114.45,109.00,109.82,241440
2010-07-29,107.50,111.75,107.50,110.90,90730
2010-07-30,110.00,110.00,105.05,105.90,124916
2010-08-02,108.18,109.50,104.50,106.65,275610
2010-08-03,107.55,107.55,105.12,106.38,72810
2010-08-04,107.00,108.50,105.60,107.15,97988
2010-08-05,106.00,108.40,105.05,105.65,33992
2010-08-06,106.00,107.85,105.05,105.22,23778
2010-08-09,105.38,108.60,105.00,106.72,53556
2010-08-10,106.00,108.25,105.62,106.68,25646
2010-08-11,105.75,107.50,105.12,105.62,10234
2010-08-12,104.40,106.25,104.40,105.50,23182
2010-08-13,104.28,107.25,104.28,106.70,144362
2010-08-16,106.00,111.40,106.00,108.62,108120
2010-08-17,105.60,109.90,105.60,107.53,19822
2010-08-18,105.85,110.50,105.85,109.65,48126
2010-08-19,109.68,110.50,107.75,108.18,21722
2010-08-20,99.72,109.78,99.72,107.70,14932
2010-08-23,106.00,109.50,106.00,108.20,43236
2010-08-24,106.50,108.22,106.03,106.65,16044
2010-08-25,103.50,108.18,102.47,103.10,89742
2010-08-26,99.45,106.50,99.45,102.75,47318
2010-08-27,99.50,105.00,99.03,101.80,18552
2010-08-30,102.50,104.25,100.75,101.25,18856
2010-08-31,99.00,103.25,99.00,102.43,35086
2010-09-01,100.00,104.15,100.00,103.72,45062
2010-09-02,104.00,105.45,103.62,105.12,44266
2010-09-03,100.50,108.40,100.50,107.95,37204
2010-09-06,107.50,113.45,107.50,112.70,162420
2010-09-07,110.50,115.93,110.50,114.53,112332
2010-09-08,93.03,116.00,93.03,115.15,56144
2010-09-09,113.00,115.00,112.53,114.53,48870
2010-09-13,110.97,115.38,110.97,114.60,143768
2010-09-14,113.50,117.50,112.45,114.45,41440
2010-09-15,110.00,115.00,109.00,114.53,77640
2010-09-16,112.50,116.15,112.00,114.60,75884
2010-09-17,113.95,118.90,113.95,116.38,83628
2010-09-20,114.00,118.00,114.00,115.38,33996
2010-09-21,114.00,115.50,114.00,114.50,118660
2010-09-22,114.10,115.00,113.00,114.53,169862
2010-09-23,109.00,115.00,109.00,114.85,27684
2010-09-24,113.00,129.80,113.00,113.93,72582
2010-09-27,113.95,116.50,113.85,114.50,51870
2010-09-28,113.50,115.75,113.50,115.05,42144
2010-09-29,113.50,116.00,112.50,114.45,46528
2010-09-30,112.00,114.90,112.00,114.32,8802
2010-10-01,113.50,117.50,113.50,115.60,470332
2010-10-04,112.50,120.50,112.50,114.65,88616
2010-10-05,115.00,116.00,113.00,114.80,262936
2010-10-06,112.50,118.85,112.50,117.55,45966
2010-10-07,117.00,121.75,116.80,120.55,60122
2010-10-08,119.03,123.50,119.00,119.25,30236
2010-10-11,118.50,122.95,118.50,121.18,19798
2010-10-12,120.00,122.00,118.15,119.75,13414
2010-10-13,118.50,129.40,118.50,124.40,106788
2010-10-14,122.50,124.50,121.55,121.95,15614
2010-10-15,121.00,123.03,119.00,119.45,22972
2010-10-18,118.50,119.00,114.50,115.97,17150
2010-10-19,115.20,115.25,114.03,114.82,32636
2010-10-20,113.50,120.50,113.50,117.55,165578
2010-10-21,116.00,124.88,116.00,124.45,178218
2010-10-22,125.15,127.60,122.50,123.32,106922
2010-10-25,123.50,126.40,121.00,125.07,46064
2010-10-26,123.50,125.00,122.55,122.72,19378
2010-10-27,124.40,124.40,120.50,122.03,18538
2010-10-28,124.00,128.00,122.53,127.50,114450
2010-10-29,126.50,130.30,126.50,129.18,161340
2010-11-01,129.50,132.50,126.03,131.80,51694
2010-11-02,133.85,133.85,121.80,130.20,38078
2010-11-03,131.00,133.45,130.00,131.77,1435220
2010-11-04,130.07,134.00,130.07,130.48,14566
2010-11-05,130.60,133.45,128.75,131.88,14526
2010-11-08,124.00,132.40,124.00,129.60,24310
2010-11-09,128.20,132.38,128.20,131.45,19010
2010-11-10,130.00,131.10,128.95,129.52,20224
2010-11-11,124.00,134.50,124.00,130.43,36106
2010-11-12,125.05,130.98,123.10,124.88,38824
2010-11-15,120.10,126.97,120.10,125.45,29956
2010-11-16,120.53,126.00,120.53,124.80,19214
2010-11-18,122.50,123.95,122.00,122.70,35504
2010-11-19,120.50,123.50,119.03,120.30,11924
2010-11-22,120.00,121.50,118.05,120.15,20568
2010-11-23,118.95,120.43,116.07,118.00,6516
2010-11-24,116.82,123.75,116.82,119.32,6514
2010-11-25,113.05,120.40,113.05,118.47,21744
2010-11-26,113.60,118.47,112.55,117.75,12652
2010-11-29,118.00,120.50,112.50,119.15,14016
2010-11-30,117.00,124.50,117.00,121.38,14568
2010-12-01,117.50,123.75,117.50,122.35,7438
2010-12-02,122.50,124.75,121.00,121.68,6658
2010-12-03,121.00,123.00,119.05,121.97,19164
2010-12-06,120.05,123.72,120.05,122.05,5162
2010-12-07,120.50,123.25,120.05,121.12,2888
2010-12-08,122.00,123.50,118.50,122.07,10038
2010-12-09,121.00,121.25,117.65,118.70,25894
2010-12-10,109.05,123.00,108.78,119.80,5688
2010-12-13,119.50,121.25,114.75,118.18,34606
2010-12-14,116.47,125.38,116.47,123.78,82644
2010-12-15,125.00,127.70,122.75,126.62,17892
2010-12-16,124.50,127.40,121.78,125.97,23876
2010-12-20,125.00,129.40,122.50,126.78,48462
2010-12-21,121.53,128.00,121.53,127.12,17438
2010-12-22,122.53,133.07,122.53,125.65,154028
2010-12-23,122.07,127.75,122.07,125.50,8020
2010-12-24,124.50,127.25,123.75,124.55,14458
2010-12-27,125.00,126.35,124.00,124.88,5128
2010-12-28,125.15,127.00,124.07,124.30,5770
2010-12-29,123.07,126.00,123.07,124.60,7254
2010-12-30,120.85,130.90,120.85,126.82,176550
2010-12-31,124.88,128.00,124.62,126.62,14656
2011-01-03,125.72,130.95,125.72,128.40,250008
2011-01-04,129.75,130.75,126.65,129.50,16520
2011-01-05,127.50,130.00,127.50,129.32,16078
2011-01-06,126.00,129.38,126.00,127.35,6424
2011-01-07,125.50,127.43,123.88,124.88,6580
2011-01-10,122.05,126.50,122.05,126.03,19908
2011-01-11,116.15,129.45,116.15,127.10,933550
2011-01-12,121.05,128.50,121.05,126.57,6016
2011-01-13,123.50,128.50,123.50,126.10,6910
2011-01-14,125.00,127.50,125.00,125.50,28152
2011-01-17,125.00,125.50,122.55,124.53,53102
2011-01-18,123.50,125.90,121.10,122.40,89078
2011-01-19,120.50,124.75,120.50,124.07,35868
2011-01-20,119.50,127.75,119.50,124.60,145012
2011-01-21,122.00,125.50,120.03,123.20,6736
2011-01-24,120.00,127.00,120.00,125.65,5254
2011-01-25,120.05,132.00,120.05,125.07,84442
2011-01-27,123.00,127.00,123.00,126.10,9494
2011-01-28,121.65,131.50,121.65,125.85,27774
2011-01-31,121.65,127.95,119.00,120.20,51934
2011-02-01,120.15,123.47,120.05,120.70,12144
2011-02-02,120.15,122.50,116.50,118.62,6954
2011-02-03,119.00,120.50,118.50,119.97,6402
2011-02-04,119.00,123.03,119.00,122.53,14114
2011-02-07,120.15,123.50,118.90,121.45,4144
2011-02-08,115.00,132.00,115.00,128.38,159430
2011-02-09,129.40,129.40,117.80,123.38,71068
2011-02-10,113.55,131.00,113.55,121.30,415838
2011-02-11,122.50,124.90,120.05,123.05,13740
2011-02-14,117.65,126.50,117.65,120.05,1142172
2011-02-15,114.38,121.70,114.38,121.03,25956
2011-02-16,117.00,122.80,117.00,121.88,2684
2011-02-17,118.10,124.30,118.10,121.95,22026
2011-02-18,120.03,125.00,119.00,120.35,4208
2011-02-21,119.68,123.38,118.60,122.43,12904
2011-02-22,119.15,123.40,119.15,122.50,5344
2011-02-23,119.10,123.32,119.10,122.50,6802
2011-02-24,123.50,123.50,121.03,122.38,29960
2011-02-25,112.82,125.00,112.82,120.50,37114
2011-02-28,119.50,121.97,119.50,120.12,2658
2011-03-01,119.00,122.40,119.00,121.70,29306
2011-03-03,119.50,125.00,119.50,121.50,6196
2011-03-04,119.00,122.50,119.00,119.95,4114
2011-03-07,119.47,121.28,118.12,118.65,3860
2011-03-08,118.05,119.95,118.05,119.03,36844
2011-03-09,118.50,119.75,118.00,118.18,2020
2011-03-10,118.18,119.05,117.57,118.60,1574
2011-03-11,117.90,118.88,116.05,116.97,7950
2011-03-14,117.50,119.50,113.00,113.93,16112
2011-03-15,122.35,122.35,110.03,111.12,12908
2011-03-16,116.75,116.75,109.00,110.65,19706
2011-03-17,115.00,115.00,109.25,109.65,2692
2011-03-18,109.45,112.00,107.50,110.43,19584
2011-03-21,132.00,132.00,109.55,110.50,14442
2011-03-22,111.68,112.97,110.03,112.15,21106
2011-03-23,110.00,114.00,109.50,113.03,28076
2011-03-24,110.50,114.45,110.50,112.47,5892
2011-03-25,111.50,114.62,111.50,112.85,57300
2011-03-28,110.50,113.43,110.50,112.80,232980
2011-03-29,110.00,113.72,110.00,112.72,18870
2011-03-30,110.00,114.25,110.00,113.00,128912
2011-03-31,110.00,116.22,110.00,115.20,5936
2011-04-01,112.60,116.97,112.60,116.22,638226
2011-04-04,118.00,120.40,116.00,119.68,10294
2011-04-05,118.00,124.00,117.88,123.25,106182
2011-04-06,121.03,122.50,120.35,121.12,48026
2011-04-07,122.40,122.47,120.00,120.88,149424
2011-04-08,120.00,122.10,120.00,120.93,22350
2011-04-11,119.88,121.85,119.88,120.75,72782
2011-04-13,119.50,121.53,119.50,121.28,175080
2011-04-15,120.25,123.38,120.25,121.30,51844
2011-04-18,120.25,125.75,120.25,123.10,45170
2011-04-19,122.50,123.93,121.00,121.10,44770
2011-04-20,120.00,122.50,120.00,121.50,68650
2011-04-21,118.00,123.40,118.00,121.72,21794
2011-04-25,121.50,122.43,120.25,120.95,37272
2011-04-26,122.47,122.90,120.15,122.35,67492
2011-04-27,124.00,125.00,120.50,124.12,49574
2011-04-28,123.57,126.50,123.57,125.00,78560
2011-04-29,124.53,126.40,123.55,124.15,41374
2011-05-02,125.25,127.40,122.20,123.32,21338
2011-05-03,123.50,129.50,123.50,127.82,599528
2011-05-04,128.00,128.95,125.00,127.03,47760
2011-05-05,124.88,128.82,122.50,126.50,23004
2011-05-06,125.50,128.00,124.53,125.47,28496
2011-05-09,129.23,129.23,125.53,126.22,63414
2011-05-10,125.00,126.90,122.60,126.57,36866
2011-05-11,124.10,129.40,124.10,128.80,71130
2011-05-12,130.00,130.00,127.50,128.00,16146
2011-05-13,127.00,130.50,127.00,130.07,20904
2011-05-16,132.00,132.00,128.00,129.70,37886
2011-05-17,128.02,129.70,128.00,128.55,35304
2011-05-18,127.38,130.52,127.38,130.05,80838
2011-05-19,129.50,132.75,128.52,131.48,35308
2011-05-20,130.50,132.27,130.05,131.38,38150
2011-05-23,130.50,137.45,130.05,131.10,144686
2011-05-24,130.25,132.48,130.25,131.23,34390
2011-05-25,130.50,132.00,129.00,130.50,29696
2011-05-26,130.50,133.85,127.03,130.98,56830
2011-05-27,130.88,132.38,129.65,131.02,27442
2011-05-30,130.50,131.90,130.50,131.00,15716
2011-05-31,131.00,135.90,130.00,131.30,53454
2011-06-01,131.05,132.35,131.05,131.50,7830
2011-06-02,130.00,133.48,130.00,132.57,24976
2011-06-03,131.00,133.98,131.00,133.00,15134
2011-06-06,130.00,133.45,130.00,131.70,516
2011-06-07,130.00,134.45,130.00,133.38,251398
2011-06-08,131.00,136.60,131.00,134.43,25074
2011-06-09,134.00,137.23,134.00,135.10,225468
2011-06-10,135.50,138.50,134.50,135.52,21476
2011-06-13,133.50,137.00,133.50,135.00,8804
2011-06-14,133.50,136.75,131.05,136.25,18066
2011-06-15,135.00,137.00,135.00,136.62,15722
2011-06-16,131.98,139.00,131.98,137.70,170714
2011-06-17,135.50,140.75,135.00,139.35,127306
2011-06-20,138.50,140.82,136.50,137.55,24278
2011-06-21,137.25,139.70,137.25,137.57,4316
2011-06-22,138.00,139.80,136.50,139.00,313512
2011-06-23,138.50,141.75,137.88,140.18,146232
2011-06-24,141.50,143.00,138.00,142.50,339326
2011-06-27,142.50,144.00,140.20,141.00,365494
2011-06-28,131.55,142.52,131.55,141.57,39608
2011-06-29,141.00,143.68,140.57,143.02,15922
2011-06-30,140.50,143.82,140.05,142.65,11274
2011-07-01,140.05,147.35,140.05,146.45,37820
2011-07-04,146.50,148.62,145.50,148.27,9358
2011-07-05,149.25,149.75,146.50,148.23,20712
2011-07-06,155.50,155.50,136.68,149.85,10468
2011-07-07,150.00,154.98,148.52,153.80,43864
2011-07-08,153.80,154.25,148.02,149.52,12298
2011-07-11,148.50,165.00,148.00,154.43,93820
2011-07-12,155.00,158.48,150.48,153.10,18668
2011-07-13,154.50,156.95,151.57,153.98,39000
2011-07-14,148.50,157.00,148.50,153.00,42302
2011-07-15,153.00,155.90,150.10,151.62,14286
2011-07-18,150.05,153.52,150.05,152.20,10552
2011-07-19,152.00,155.50,150.50,154.85,27338
2011-07-20,155.25,157.50,152.65,153.75,10928
2011-07-21,149.00,156.00,149.00,152.62,12166
2011-07-22,149.00,155.00,149.00,153.52,6208
2011-07-25,150.55,156.55,150.55,153.62,8162
2011-07-26,149.00,156.55,146.90,155.10,29556
2011-07-27,149.00,163.40,149.00,159.50,78580
2011-07-28,158.50,161.00,153.10,156.10,26882
2011-07-29,150.50,159.90,150.50,153.38,29160
2011-08-01,151.00,157.48,150.75,151.38,17494
2011-08-02,149.00,154.40,141.10,147.85,116304
2011-08-03,140.75,149.00,140.75,147.80,11816
2011-08-04,147.55,149.50,145.05,146.00,46950
2011-08-05,143.00,149.00,141.50,147.85,36974
2011-08-08,140.50,148.15,140.50,145.32,31166
2011-08-09,140.00,143.00,134.25,140.20,52018
2011-08-10,132.50,155.98,132.50,153.07,33380
2011-08-11,150.00,154.90,149.00,153.35,31250
2011-08-12,145.50,156.05,145.50,151.98,10374
2011-08-16,150.00,154.48,149.00,153.20,39768
2011-08-17,150.55,153.50,143.80,152.80,31134
2011-08-18,144.00,153.50,144.00,146.93,30712
2011-08-19,143.00,146.25,143.00,143.27,15712
2011-08-22,135.50,150.90,135.50,142.75,9020
2011-08-23,140.55,144.90,127.57,142.30,24876
2011-08-24,140.60,145.00,140.60,144.43,17460
2011-08-25,139.00,145.00,139.00,144.93,10714
2011-08-26,135.50,146.00,135.50,144.45,8550
2011-08-29,141.50,147.02,141.50,146.65,211416
2011-08-30,146.65,150.98,142.65,147.23,15786
2011-09-02,145.55,150.00,145.55,149.30,7122
2011-09-05,140.50,150.00,140.50,148.98,36458
2011-09-06,145.55,153.00,145.55,152.35,27062
2011-09-07,148.05,154.60,148.05,153.27,18308
2011-09-08,149.15,154.38,149.15,152.88,20018
2011-09-09,141.00,153.50,141.00,153.00,5534
2011-09-12,146.00,152.00,146.00,150.00,7078
2011-09-13,150.00,153.35,150.00,151.05,38578
2011-09-14,150.00,155.00,150.00,154.18,35178
2011-09-15,150.00,157.00,150.00,155.00,27170
2011-09-16,150.00,157.45,150.00,156.35,25344
2011-09-19,150.00,157.40,150.00,156.38,23966
2011-09-20,150.00,157.50,150.00,157.12,50126
2011-09-21,156.00,157.50,151.55,156.30,35778
2011-09-22,151.15,156.95,151.15,155.75,23526
2011-09-23,149.00,155.23,149.00,152.15,15622
2011-09-26,152.50,152.50,146.05,147.27,11150
2011-09-27,146.05,150.50,145.62,146.62,36414
2011-09-28,144.50,154.95,144.50,147.55,145216
2011-09-29,146.62,149.45,146.12,147.20,4348
2011-09-30,144.50,150.50,144.50,148.50,15894
2011-10-03,146.00,148.75,145.55,146.45,5300
2011-10-04,137.05,147.50,137.05,145.00,4530
2011-10-05,143.00,152.95,143.00,145.25,6258
2011-10-07,136.30,149.00,136.30,147.85,4720
2011-10-10,146.00,152.50,142.35,146.40,3753
2011-10-11,144.00,151.65,142.00,151.35,4729
2011-10-12,148.00,157.10,148.00,156.45,13526
2011-10-13,157.00,160.80,157.00,157.60,10278
2011-10-14,151.00,158.85,151.00,155.85,4533
2011-10-17,148.00,159.95,148.00,156.35,14544
2011-10-18,155.00,158.00,153.00,156.30,4260
2011-10-19,153.60,158.00,153.60,156.85,5892
2011-10-20,153.00,156.95,153.00,156.05,3463
2011-10-21,154.00,158.90,151.20,153.35,2592
2011-10-24,151.55,154.65,151.50,153.05,5078
2011-10-25,153.50,156.10,153.50,155.05,4096
2011-10-26,156.00,159.50,156.00,156.70,1310
2011-10-28,155.00,161.50,154.00,159.85,16528
2011-10-31,157.00,160.50,156.20,157.70,21373
2011-11-01,144.50,159.45,144.50,155.40,3504
2011-11-02,151.00,157.95,149.00,156.80,16691
2011-11-03,157.10,158.50,154.15,154.80,7844
2011-11-04,149.00,157.95,149.00,157.00,8627
2011-11-08,161.00,175.00,161.00,167.95,139794
2011-11-09,162.20,170.00,162.20,168.10,33687
2011-11-11,170.00,170.00,164.00,168.10,11056
2011-11-14,167.05,172.00,167.05,170.30,22562
2011-11-15,168.00,171.00,161.90,167.80,116283
2011-11-16,144.50,170.60,144.50,168.60,135511
2011-11-17,149.00,171.50,149.00,165.10,17488
2011-11-18,151.00,166.00,151.00,162.30,8652
2011-11-21,156.00,162.90,156.00,161.00,16438
2011-11-22,157.00,162.00,150.00,157.95,133143
2011-11-23,151.00,157.95,151.00,155.10,157343
2011-11-24,150.00,159.50,150.00,158.35,110149
2011-11-25,136.60,166.00,136.60,153.85,3337
2011-11-28,146.20,158.00,146.20,153.75,6030
2011-11-29,147.00,157.00,147.00,154.75,5445
2011-11-30,146.00,155.95,146.00,153.45,23161
2011-12-01,149.00,157.90,149.00,154.45,21531
2011-12-02,147.00,156.90,147.00,156.30,99957
2011-12-05,147.75,157.90,147.75,156.05,13256
2011-12-07,148.00,157.00,148.00,153.65,16815
2011-12-08,147.75,156.70,144.30,146.50,18321
2011-12-09,136.00,151.00,136.00,147.05,3251
2011-12-12,144.00,150.10,143.00,143.90,8281
2011-12-13,137.00,145.05,137.00,143.45,7890
2011-12-14,140.10,150.00,140.10,146.10,4544
2011-12-15,141.00,145.50,137.10,143.75,17945
2011-12-16,140.10,149.00,140.10,147.00,13622
2011-12-19,140.10,152.60,140.10,142.70,11233
2011-12-20,138.00,149.70,137.55,139.85,32070
2011-12-21,133.00,154.00,133.00,140.00,51123
2011-12-22,136.10,144.80,136.10,140.50,24414
2011-12-23,138.00,141.95,138.00,139.20,5385
2011-12-26,139.20,147.90,138.00,139.85,17844
2011-12-27,149.20,149.20,137.10,139.55,2218
2011-12-28,136.35,144.45,136.35,138.40,3209
2011-12-29,136.05,142.80,136.05,138.45,29040
2011-12-30,136.00,145.00,136.00,138.15,10866
2012-01-02,137.00,142.00,133.00,134.60,6647
2012-01-03,133.00,140.00,132.30,136.70,9739
2012-01-04,133.00,140.05,133.00,140.00,145931
2012-01-05,136.00,141.25,136.00,139.85,7108
2012-01-06,135.05,141.95,135.05,139.95,5599
2012-01-09,158.00,158.00,136.20,138.60,8060
2012-01-10,133.25,142.70,133.25,136.95,14610
2012-01-11,133.25,143.45,133.25,141.85,300918
2012-01-12,133.25,145.00,132.35,140.70,35189
2012-01-13,128.20,141.50,128.20,140.25,106933
2012-01-16,134.25,144.50,134.25,142.05,47991
2012-01-17,133.25,146.80,133.25,142.10,17156
2012-01-18,142.70,146.00,142.70,144.00,57962
2012-01-19,135.50,147.60,135.50,142.50,10743
2012-01-20,136.00,146.40,136.00,140.80,25282
2012-01-23,138.40,144.00,138.40,140.60,43961
2012-01-24,140.50,143.25,140.50,142.00,9651
2012-01-25,140.50,147.85,139.25,146.55,14548
2012-01-27,136.55,149.10,136.55,148.10,9500
2012-01-30,138.50,152.00,138.50,149.10,19915
2012-01-31,139.50,149.00,139.50,147.35,14972
2012-02-01,137.50,148.50,137.50,145.85,12891
2012-02-02,135.85,155.30,135.85,153.25,20486
2012-02-03,144.00,157.00,144.00,155.00,77798
2012-02-06,156.15,174.40,150.00,152.10,107149
2012-02-07,143.00,158.95,135.60,154.05,33444
2012-02-08,146.00,157.00,146.00,153.20,50616
2012-02-09,147.75,156.70,147.75,155.45,20370
2012-02-10,150.00,165.45,150.00,163.35,112558
2012-02-13,155.10,171.90,155.10,170.00,76505
2012-02-14,171.95,172.90,166.05,167.70,26200
2012-02-15,159.00,172.05,159.00,168.10,34006
2012-02-16,164.00,170.75,163.50,165.25,11636
2012-02-17,156.00,171.95,156.00,168.35,18258
2012-02-21,166.00,170.00,161.25,162.70,20357
2012-02-22,154.60,165.00,154.60,160.05,23246
2012-02-23,156.25,162.00,155.10,158.00,13543
2012-02-24,151.00,180.00,151.00,163.75,14444
2012-02-27,155.00,166.00,155.00,162.05,48314
2012-02-28,153.00,167.00,153.00,163.05,12533
2012-02-29,155.40,165.00,155.40,163.35,11577
2012-03-01,160.00,167.60,157.50,159.15,12881
2012-03-02,155.40,164.80,155.40,162.35,22498
2012-03-05,159.70,165.00,156.10,157.35,18339
2012-03-06,151.10,163.00,151.10,160.40,44072
2012-03-07,153.50,162.00,153.50,157.40,11435
2012-03-09,158.15,163.00,156.00,157.45,12221
2012-03-12,150.50,161.85,150.50,155.10,12919
2012-03-13,151.00,163.00,151.00,157.05,30178
2012-03-14,152.10,160.50,152.10,159.15,540717
2012-03-15,151.20,160.00,151.20,156.45,324685
2012-03-16,147.10,157.80,147.10,154.40,12649
2012-03-19,148.00,164.80,148.00,157.35,8014
2012-03-20,152.50,160.40,152.50,157.00,8588
2012-03-21,154.00,159.25,154.00,156.00,191285
2012-03-22,151.40,159.00,151.40,156.25,194627
2012-03-23,151.40,158.00,151.40,156.00,10660
2012-03-26,152.50,158.00,150.50,152.50,37867
2012-03-27,147.10,156.00,147.10,153.50,34830
2012-03-28,148.50,153.90,148.50,152.45,6166
2012-03-29,148.50,157.45,148.50,154.85,16956
2012-03-30,153.10,160.00,153.10,155.80,9736
2012-04-02,153.10,159.70,153.10,156.45,2995
2012-04-03,154.30,165.00,154.30,162.10,19212
2012-04-04,158.20,163.95,155.45,157.15,20050
2012-04-09,154.00,164.25,154.00,155.65,9800
2012-04-10,155.70,158.30,155.50,156.15,22507
2012-04-11,154.10,159.50,154.10,158.05,6701
2012-04-12,154.00,160.35,154.00,156.00,6151
2012-04-13,154.10,160.45,154.00,158.00,8960
2012-04-16,154.10,174.70,154.10,169.65,51430
2012-04-17,170.25,172.65,165.20,168.65,53034
2012-04-18,163.10,168.30,162.70,163.35,14177
2012-04-19,162.70,165.95,162.70,163.65,11219
2012-04-20,158.80,167.50,158.80,166.40,16896
2012-04-23,161.00,172.00,161.00,165.45,41404
2012-04-24,162.70,169.95,161.55,163.50,6836
2012-04-25,163.50,170.00,161.55,163.45,7251
2012-04-26,162.50,166.70,162.50,164.00,7088
2012-04-27,162.70,165.00,162.70,164.05,17439
2012-04-30,162.70,165.50,162.70,164.70,4115
2012-05-02,160.00,169.70,160.00,166.55,29839
2012-05-03,166.10,166.10,157.95,163.50,39136
2012-05-04,162.00,165.15,160.65,162.90,16282
2012-05-07,160.00,163.00,157.50,158.35,96578
2012-05-08,156.00,161.90,156.00,159.80,27334
2012-05-09,150.65,161.00,150.65,155.85,6249
2012-05-10,150.10,161.00,150.10,159.15,19488
2012-05-11,151.00,163.00,151.00,154.95,12107
2012-05-14,150.10,158.40,150.10,153.40,8267
2012-05-15,147.10,154.90,147.10,150.60,6280
2012-05-16,147.10,151.45,147.10,148.15,1898
2012-05-17,146.10,151.00,146.10,148.40,8175
2012-05-18,145.20,153.10,145.20,150.95,9533
2012-05-21,141.00,154.80,141.00,151.65,7562
2012-05-22,145.65,154.60,145.65,151.50,149940
2012-05-23,148.85,152.00,146.60,150.90,2168
2012-05-24,146.70,156.80,146.70,150.90,363
2012-05-25,148.40,153.40,148.40,149.65,1805
2012-05-28,147.80,149.80,146.60,147.30,12832
2012-05-29,145.10,149.25,145.10,147.80,5050
2012-05-30,145.25,149.25,144.10,148.00,1891
2012-05-31,145.20,149.50,145.20,147.80,4913
2012-06-01,144.70,149.20,144.70,145.30,10622
2012-06-04,140.10,147.85,140.10,142.75,8033
2012-06-05,139.00,148.00,139.00,147.30,7866
2012-06-06,142.50,150.00,142.50,148.10,14357
2012-06-07,141.20,149.00,141.20,146.95,25765
2012-06-08,148.90,148.95,141.00,147.20,13854
2012-06-11,149.00,149.00,144.70,147.25,23852
2012-06-12,144.35,155.00,144.35,147.30,41107
2012-06-13,145.10,148.65,145.10,148.00,107397
2012-06-14,149.20,157.00,148.00,148.50,10981
2012-06-15,142.20,155.00,142.20,148.30,10816
2012-06-18,142.10,151.40,142.10,147.05,94583
2012-06-19,142.20,152.90,142.20,150.10,28728
2012-06-20,149.50,149.50,147.10,147.75,10611
2012-06-21,146.10,151.90,146.10,150.05,18116
2012-06-22,146.00,152.65,146.00,150.80,908208
2012-06-25,143.00,153.40,143.00,150.50,11485
2012-06-26,147.05,151.90,147.05,150.85,12835
2012-06-27,145.25,153.00,145.25,151.05,18359
2012-06-28,148.00,153.95,148.00,151.20,16359
2012-06-29,146.25,153.70,146.25,152.75,19963
2012-07-02,150.30,155.00,150.30,154.75,12442
2012-07-03,150.50,156.80,150.50,155.05,23882
2012-07-04,154.10,157.65,153.70,156.00,9664
2012-07-05,157.00,159.70,155.85,158.35,10455
2012-07-06,155.00,159.50,155.00,158.00,12933
2012-07-09,152.00,159.80,152.00,158.85,11132
2012-07-10,152.00,160.70,152.00,160.00,17405
2012-07-11,158.00,161.75,157.30,157.95,10929
2012-07-12,150.50,162.45,150.50,161.00,14429
2012-07-13,155.25,162.15,155.25,161.00,20795
2012-07-16,160.05,164.70,159.40,159.90,12422
2012-07-17,157.05,163.00,155.00,156.00,9471
2012-07-18,155.00,161.50,155.00,159.80,19237
2012-07-19,155.55,162.00,155.55,156.15,14029
2012-07-20,152.20,158.25,152.20,154.50,6651
2012-07-23,144.40,156.25,144.40,154.55,12045
2012-07-24,151.60,156.90,151.60,152.55,12185
2012-07-25,150.20,155.00,150.00,150.20,8232
2012-07-26,145.20,152.85,145.20,148.10,25468
2012-07-27,146.10,152.80,144.00,147.00,5616
2012-07-30,143.65,151.70,143.65,146.90,5826
2012-07-31,146.90,151.95,145.95,151.30,13978
2012-08-01,148.20,154.80,148.20,154.05,519425
2012-08-02,154.00,156.20,149.50,150.30,6896
2012-08-03,149.90,151.80,148.35,148.80,6316
2012-08-06,147.90,151.00,147.00,148.00,9691
2012-08-07,148.50,151.65,143.35,143.35,16021
2012-08-08,141.25,147.25,141.25,144.25,24407
2012-08-09,131.10,148.85,131.10,144.80,7933
2012-08-10,140.00,147.50,140.00,146.90,14989
2012-08-13,146.45,148.50,145.25,147.00,47592
2012-08-14,149.00,149.90,146.00,149.90,4194
2012-08-16,147.50,150.50,147.50,148.00,63052
2012-08-17,148.50,151.10,148.50,150.30,12946
2012-08-21,145.25,151.05,145.25,150.40,41314
2012-08-22,145.60,150.50,145.60,150.50,114852
2012-08-23,148.30,152.00,148.30,151.50,9736
2012-08-24,146.25,152.25,146.25,150.80,14797
2012-08-27,149.20,151.45,146.15,146.85,7125
2012-08-28,140.00,151.90,140.00,147.20,3169
2012-08-29,145.60,149.00,145.00,146.05,3991
2012-08-30,144.60,148.65,144.60,147.50,9584
2012-08-31,145.05,148.90,145.05,146.50,16369
2012-09-03,144.60,147.70,144.00,146.00,7490
2012-09-04,145.00,148.50,143.00,147.10,10956
2012-09-05,145.60,148.50,144.05,144.10,1589
2012-09-06,140.40,147.95,140.40,144.00,1591
2012-09-07,140.60,146.40,140.60,145.10,18611
2012-09-10,144.95,149.70,143.40,145.00,4494
2012-09-11,143.25,147.95,143.25,145.50,1104
2012-09-12,143.30,148.50,143.30,147.50,7721
2012-09-13,145.00,149.95,145.00,145.50,5329
2012-09-14,146.10,153.00,146.10,152.50,31238
2012-09-17,148.30,153.00,148.30,149.45,6335
2012-09-18,144.05,150.70,144.05,146.65,3993
2012-09-20,141.50,147.90,141.50,142.70,31383
2012-09-21,142.50,147.40,142.50,146.50,18258
2012-09-24,143.30,149.40,143.30,146.60,46975
2012-09-25,143.05,148.60,143.05,147.05,25802
2012-09-26,143.30,151.05,143.30,150.65,16109
2012-09-27,146.60,159.00,146.60,153.70,683129
2012-09-28,154.00,162.25,154.00,160.15,32338
2012-10-01,144.00,161.20,144.00,159.95,10020
2012-10-03,154.75,161.95,154.75,160.25,76445
2012-10-04,157.50,161.00,156.45,156.75,13699
2012-10-05,156.75,158.90,150.05,153.40,7857
2012-10-08,152.05,156.95,151.10,152.25,4548
2012-10-09,155.05,155.05,152.85,154.95,3097
2012-10-10,146.00,154.95,146.00,152.60,6750
2012-10-11,148.05,162.25,148.05,159.45,17920
2012-10-12,153.65,158.50,153.65,157.50,39909
2012-10-15,153.65,158.50,153.65,158.30,5882
2012-10-16,157.00,159.85,154.50,158.25,18495
2012-10-17,154.50,159.55,154.50,159.00,18567
2012-10-18,151.95,159.45,151.95,159.20,3692
2012-10-19,160.00,160.00,155.30,157.10,15097
2012-10-22,153.05,161.00,153.05,156.00,3784
2012-10-23,155.00,158.80,155.00,156.05,6818
2012-10-25,154.00,157.70,154.00,157.65,4128
2012-10-26,156.00,158.05,156.00,157.00,14236
2012-10-29,151.65,159.00,151.65,158.30,8716
2012-10-30,156.50,159.35,156.00,159.35,4674
2012-10-31,152.65,158.95,152.00,153.00,63464
2012-11-01,140.00,152.00,140.00,151.00,45383
2012-11-02,141.65,161.35,141.65,152.30,911770
2012-11-05,150.80,154.70,150.50,151.05,9662
2012-11-06,149.10,153.05,148.20,152.10,136520
2012-11-07,149.50,152.70,149.50,151.60,41637
2012-11-08,150.15,154.30,149.70,150.55,16469
2012-11-09,150.15,152.25,150.15,150.65,6152
2012-11-12,150.00,152.50,149.10,150.00,8311
2012-11-13,147.95,152.45,147.95,149.15,2472
2012-11-15,148.70,150.75,148.70,150.00,4234
2012-11-16,148.40,152.95,146.90,149.30,965433
2012-11-19,149.10,151.30,149.10,150.50,32787
2012-11-20,146.05,151.85,146.05,150.30,47444
2012-11-21,148.20,151.75,146.50,147.00,22069
2012-11-22,145.00,148.00,145.00,147.10,30117
2012-11-23,146.05,151.00,146.05,149.25,965244
2012-11-26,150.20,150.20,147.50,149.00,4355
2012-11-27,148.90,150.90,146.95,149.60,513766
2012-11-29,148.00,151.95,148.00,151.20,16452
2012-11-30,148.30,151.25,147.80,150.20,21601
2012-12-03,148.40,152.35,148.00,149.80,19029
2012-12-04,148.00,151.50,148.00,149.30,6165
2012-12-05,148.20,151.10,148.20,149.60,12980
2012-12-06,152.45,152.45,148.10,149.20,40563
2012-12-07,148.00,152.75,148.00,152.00,15559
2012-12-10,149.05,152.00,149.00,152.00,9476
2012-12-11,149.00,156.05,149.00,152.80,12546
2012-12-12,152.00,157.20,151.65,154.00,9221
2012-12-13,152.35,159.90,152.35,156.00,27466
2012-12-14,150.50,158.00,150.50,151.45,11078
2012-12-17,152.50,152.75,149.50,149.95,6880
2012-12-18,148.50,153.50,148.50,149.25,16216
2012-12-19,149.00,152.00,148.00,150.55,16160
2012-12-20,149.10,154.10,146.65,148.85,30755
2012-12-21,148.00,150.45,147.50,148.75,6394
2012-12-24,148.00,151.50,147.50,150.95,19293
2012-12-26,148.60,150.75,148.25,149.70,13472
2012-12-27,148.80,151.75,148.80,150.10,6407
2012-12-28,148.80,151.40,148.80,151.05,7556
2012-12-31,151.25,152.00,148.05,149.50,18331
2013-01-01,148.50,151.00,148.25,148.50,19284
2013-01-02,148.25,150.70,147.80,148.05,16636
2013-01-03,147.25,149.50,147.00,147.75,7796
2013-01-04,146.10,148.80,146.10,147.45,33910
2013-01-07,147.10,149.00,144.60,146.20,44217
2013-01-08,146.00,148.45,145.50,147.70,14877
2013-01-09,147.25,148.40,146.50,146.85,8199
2013-01-10,146.10,148.80,145.00,146.85,18832
2013-01-11,145.50,147.80,145.25,146.45,7722
2013-01-14,145.50,147.00,143.50,145.60,102178
2013-01-15,145.00,148.80,145.00,148.10,19802
2013-01-16,147.90,151.95,145.50,150.00,36236
2013-01-17,151.95,153.00,147.40,147.70,29129
2013-01-18,146.10,148.50,146.10,147.15,13626
2013-01-21,149.00,151.00,145.55,146.05,16118
2013-01-22,145.60,147.95,145.00,145.00,8604
2013-01-23,145.30,147.45,145.00,145.65,10379
2013-01-24,145.40,146.90,145.25,145.30,70739
2013-01-25,144.00,146.80,144.00,146.05,8354
2013-01-28,145.00,148.95,145.00,148.10,5776
2013-01-29,145.75,148.65,145.75,148.50,6918
2013-01-30,147.25,149.00,145.90,146.30,138678
2013-01-31,145.05,149.00,145.05,147.75,10441
2013-02-01,148.00,148.50,146.75,146.75,4056
2013-02-04,148.50,149.50,147.00,148.70,53900
2013-02-05,148.95,149.90,145.00,149.85,74564
2013-02-06,145.00,148.50,142.10,145.00,4524832
2013-02-07,145.00,146.00,128.50,130.95,62360
2013-02-08,131.00,134.00,130.10,132.95,18722
2013-02-11,132.15,134.95,129.30,131.30,12433
2013-02-12,131.00,132.70,131.00,132.50,7094
2013-02-13,133.85,134.50,130.10,130.10,24079
2013-02-14,132.90,136.90,131.00,134.45,26775
2013-02-15,133.75,134.80,127.05,128.10,9159
2013-02-18,131.70,131.70,129.25,130.35,14102
2013-02-19,130.15,133.40,130.15,132.90,5727
2013-02-20,134.50,135.10,133.00,134.15,5016
2013-02-21,135.00,135.00,132.55,134.00,53946
2013-02-22,130.05,137.30,130.05,136.50,5599
2013-02-25,134.00,139.80,133.00,133.50,12468
2013-02-26,132.55,135.00,130.70,133.80,22281
2013-02-27,131.30,135.00,130.00,131.10,15393
2013-02-28,131.45,133.90,131.10,131.10,188285
2013-03-01,133.90,134.40,132.75,134.05,125863
2013-03-04,132.00,134.50,132.00,134.35,681525
2013-03-05,131.30,136.00,128.50,130.55,6068
2013-03-06,129.00,132.85,128.55,130.00,17604
2013-03-07,130.05,132.70,130.00,130.00,7043
2013-03-08,130.05,131.35,129.95,130.00,38266
2013-03-11,130.00,134.35,130.00,133.00,20809
2013-03-12,130.80,133.90,130.00,130.00,5993
2013-03-13,130.15,131.25,129.95,130.00,36473
2013-03-14,130.00,132.00,128.10,129.15,10425
2013-03-15,131.35,131.35,126.00,127.15,6480
2013-03-18,126.15,127.80,123.05,127.50,5700
2013-03-19,122.00,128.00,122.00,125.00,2001
2013-03-20,120.00,125.95,119.95,125.00,16143
2013-03-21,118.00,125.95,117.25,118.65,4358
2013-03-22,118.65,123.40,118.65,123.40,121355
2013-03-25,115.00,124.60,115.00,118.90,18066
2013-03-26,118.90,121.45,116.75,118.85,25630
2013-03-28,118.00,122.40,117.05,118.40,8115
2013-04-01,119.00,119.90,117.20,117.80,3691
2013-04-02,117.00,119.80,115.00,119.00,9113
2013-04-03,117.05,119.95,114.70,116.90,32439
2013-04-04,115.80,117.80,115.00,115.05,26969
2013-04-05,116.40,116.80,115.55,116.20,7356
2013-04-08,114.30,118.50,114.30,118.05,26743
2013-04-09,117.75,120.00,117.75,118.80,7865
2013-04-10,118.00,119.20,116.20,118.35,4818
2013-04-11,118.50,119.80,118.50,118.65,3323
2013-04-12,118.50,119.20,116.30,116.40,1571
2013-04-15,117.25,120.00,116.50,117.50,206841
2013-04-16,119.80,120.60,118.00,120.60,17799
2013-04-17,120.00,121.50,119.00,120.00,15288
2013-04-18,120.00,129.20,119.00,129.00,43714
2013-04-22,126.05,131.40,125.25,131.00,6967
2013-04-23,127.00,133.40,127.00,131.95,3788
2013-04-25,131.00,132.85,126.15,126.75,6702
2013-04-26,126.75,130.90,126.75,130.65,57097
2013-04-29,128.00,132.05,127.55,131.50,21654
2013-04-30,130.50,131.00,117.00,120.00,14846
2013-05-02,120.00,127.00,120.00,126.00,124476
2013-05-03,126.00,126.50,122.60,124.35,4298
2013-05-06,124.00,128.00,124.00,125.05,505966
2013-05-07,125.15,125.20,123.60,124.90,23169
2013-05-08,124.00,126.50,123.65,125.00,8216
2013-05-09,124.95,126.80,124.25,125.50,11043
2013-05-10,125.00,127.50,125.00,125.90,8591
2013-05-13,125.00,126.00,111.70,126.00,14984
2013-05-14,124.95,126.20,124.95,125.00,46105
2013-05-15,124.95,127.40,124.95,125.05,8844
2013-05-16,125.50,126.95,125.05,125.50,40554
2013-05-17,125.05,128.05,125.05,126.45,10303
2013-05-20,127.00,129.60,126.00,128.90,8863
2013-05-21,128.00,129.75,127.00,128.40,5321
2013-05-22,128.15,128.80,127.10,128.00,979
2013-05-23,127.45,130.80,125.00,129.85,513304
2013-05-24,129.00,130.90,125.10,130.05,54136
2013-05-27,127.50,133.05,127.50,131.00,4381
2013-05-28,130.00,132.00,129.85,130.50,3545
2013-05-29,131.95,131.95,130.00,130.00,28602
2013-05-30,130.00,130.80,124.45,127.50,5062
2013-05-31,127.00,128.80,124.00,127.80,8297
2013-06-03,126.95,132.25,126.25,130.00,15195
2013-06-04,129.95,129.95,125.10,126.25,7081
2013-06-05,126.20,130.00,126.20,128.35,9435
2013-06-06,127.50,130.00,126.05,129.90,13265
2013-06-07,128.05,129.50,128.05,128.15,4210
2013-06-10,128.75,130.00,127.10,130.00,4994
2013-06-11,128.75,128.75,123.10,124.70,5909
2013-06-12,125.95,125.95,122.20,122.70,8168
2013-06-13,123.10,123.10,120.00,120.00,2165
2013-06-14,121.20,121.90,113.10,116.60,21696
2013-06-17,116.65,118.10,112.20,115.00,17292
2013-06-18,115.00,115.00,111.00,114.40,112619
2013-06-19,113.55,114.75,111.20,112.00,8977
2013-06-20,112.40,114.65,111.50,111.50,4599
2013-06-21,112.05,113.00,109.00,110.00,4326
2013-06-24,109.95,112.90,105.10,107.40,4360
2013-06-25,108.00,110.70,106.40,106.50,34335
2013-06-26,106.00,107.80,105.00,106.00,5303
2013-06-27,106.05,106.05,102.00,105.05,6443
2013-06-28,105.55,110.00,105.55,109.70,4427
2013-07-01,109.00,114.70,105.55,106.00,8382
2013-07-02,106.50,111.50,106.15,106.95,2917
2013-07-03,106.35,107.65,105.50,106.35,2729
2013-07-04,105.45,110.20,105.15,106.20,2349
2013-07-05,107.80,108.70,104.95,106.95,20142
2013-07-08,107.00,108.00,106.15,107.95,815
2013-07-09,107.95,108.00,105.10,108.00,2205
2013-07-10,109.00,109.00,105.35,106.65,3969
2013-07-11,108.90,108.90,105.00,105.55,1543
2013-07-12,107.50,107.50,105.00,106.45,6745
2013-07-15,106.95,112.50,105.10,112.50,15298
2013-07-16,110.00,115.55,108.20,110.50,4332
2013-07-17,111.00,112.50,109.05,110.50,7019
2013-07-18,109.00,112.50,108.05,112.50,6522
2013-07-19,112.55,116.95,111.05,111.70,6630
2013-07-22,113.05,114.50,110.00,113.00,3211
2013-07-23,114.00,115.20,111.50,114.85,2883
2013-07-24,112.55,115.30,112.15,114.00,4879
2013-07-25,114.90,114.90,108.90,111.20,6585
2013-07-26,115.45,115.45,110.00,113.00,1952
2013-07-29,113.30,113.30,105.00,106.70,5602
2013-07-30,106.00,108.90,104.05,106.05,4987
2013-07-31,106.20,106.20,101.65,103.00,10984
2013-08-01,105.05,105.95,102.10,102.15,4649
2013-08-02,104.00,106.50,103.75,105.00,3948
2013-08-05,104.70,106.00,102.25,103.50,7267
2013-08-06,103.90,104.50,98.10,103.20,32519
2013-08-07,103.95,103.95,100.10,102.50,6884
2013-08-08,106.00,106.00,101.10,102.85,4245
2013-08-12,102.05,103.55,102.05,102.20,1683
2013-08-13,103.75,105.95,102.70,105.50,11033
2013-08-14,106.00,106.00,102.00,103.30,1381
2013-08-16,103.90,104.90,102.00,102.00,1918
2013-08-19,105.00,105.00,101.50,101.95,2713
2013-08-20,101.05,106.70,100.90,102.25,2006
2013-08-21,108.35,108.35,99.10,99.70,4766
2013-08-22,101.30,102.00,99.00,101.05,16662
2013-08-23,105.40,105.40,102.00,105.40,1935
2013-08-26,106.45,107.70,103.10,105.95,3133
2013-08-27,108.95,108.95,102.00,102.05,3385
2013-08-28,102.45,102.45,100.15,101.95,550
2013-08-29,104.00,104.00,100.00,101.00,64447
2013-08-30,102.00,103.00,100.00,100.80,3502
2013-09-02,104.80,104.80,101.00,101.95,1359
2013-09-03,104.45,104.45,100.00,102.80,3587
2013-09-04,103.45,103.95,101.85,102.40,2891
2013-09-05,104.95,104.95,101.05,101.70,7169
2013-09-06,102.60,105.35,102.60,105.35,6720
2013-09-10,105.35,108.50,105.35,105.50,7754
2013-09-11,105.50,107.95,104.90,106.00,6360
2013-09-12,109.80,109.80,103.25,106.50,17545
2013-09-13,107.50,107.50,103.60,104.15,17468
2013-09-16,103.10,108.95,101.60,102.80,6219
2013-09-17,100.50,103.80,100.50,101.75,56382
2013-09-18,103.50,103.50,100.55,102.00,7393
2013-09-19,103.50,105.15,101.75,105.00,40833
2013-09-20,102.00,104.50,102.00,102.65,4371
2013-09-23,102.00,105.70,101.10,104.15,7326
2013-09-24,105.00,105.00,101.15,101.35,6973
2013-09-25,103.75,103.75,101.15,101.85,4082
2013-09-26,102.50,103.00,100.40,102.50,9422
2013-09-27,102.10,104.65,101.55,102.05,10728
2013-09-30,103.05,105.00,103.05,104.00,5631
2013-10-01,104.90,105.90,104.00,105.90,4719
2013-10-03,105.95,107.90,104.00,107.55,66042
2013-10-04,105.00,113.50,105.00,111.85,18052
2013-10-07,114.90,114.90,110.05,111.00,3311
2013-10-08,110.00,113.00,108.55,111.95,2526
2013-10-09,110.00,112.00,110.00,111.95,3047
2013-10-10,113.50,113.70,111.20,112.85,2098
2013-10-11,111.00,114.10,110.50,113.00,6278
2013-10-14,112.00,114.95,112.00,112.00,2851
2013-10-15,111.50,112.95,111.50,112.50,9454
2013-10-17,111.00,112.00,111.00,111.05,1522
2013-10-18,111.50,113.50,111.15,113.50,5472
2013-10-21,112.00,113.75,112.00,113.75,2104
2013-10-22,112.00,113.75,112.00,113.50,6358
2013-10-23,112.00,115.00,112.00,115.00,2791
2013-10-24,112.00,120.00,112.00,117.20,10098
2013-10-25,117.00,118.65,114.65,114.65,1322
2013-10-28,114.00,118.15,113.00,113.00,1546
2013-10-29,114.65,116.65,113.65,115.75,8599
2013-10-30,114.00,117.40,114.00,115.00,5879
2013-10-31,114.00,116.00,110.25,113.50,15822
2013-11-01,112.50,115.90,112.50,114.65,8630
2013-11-05,120.00,120.00,114.40,118.00,3343
2013-11-06,118.00,120.00,114.50,115.65,14019
2013-11-07,114.00,118.15,114.00,114.80,12942
2013-11-08,114.00,116.95,112.60,114.65,4249
2013-11-11,115.00,116.00,111.75,115.00,3049
2013-11-12,114.00,115.50,114.00,115.05,9429
2013-11-13,114.00,118.35,114.00,115.00,1080
2013-11-14,115.45,116.95,111.00,114.60,2480
2013-11-18,114.00,116.75,113.40,115.00,2732
2013-11-19,114.35,116.75,112.25,115.30,13546
2013-11-20,114.50,116.50,114.35,115.30,1548
2013-11-21,113.00,117.45,113.00,116.80,8847
2013-11-22,118.00,118.35,115.55,117.80,8065
2013-11-25,116.30,118.80,116.30,117.55,2108
2013-11-26,117.00,119.90,117.00,118.00,3364
2013-11-27,117.00,137.80,117.00,130.85,157591
2013-11-28,133.00,145.00,128.20,145.00,135315
2013-11-29,139.95,150.00,139.95,142.10,67442
2013-12-02,143.30,143.95,135.40,136.50,18627
2013-12-03,134.35,139.25,132.00,133.00,18798
2013-12-04,131.00,138.90,131.00,136.50,11248
2013-12-05,137.90,137.90,132.00,136.00,9723
2013-12-06,134.50,138.00,134.00,136.60,57793
2013-12-09,135.00,140.00,135.00,138.00,62661
2013-12-10,138.00,138.10,135.10,135.20,55055
2013-12-11,134.00,137.05,134.00,135.90,15053
2013-12-12,135.75,142.50,133.65,138.00,25969
2013-12-13,137.00,141.50,137.00,140.00,166950
2013-12-16,139.00,142.25,135.55,142.00,108462
2013-12-17,139.00,141.95,137.70,139.50,35148
2013-12-18,139.00,142.00,139.00,140.00,15908
2013-12-19,141.00,141.80,137.50,141.80,8999
2013-12-20,141.00,141.95,137.80,140.95,176259
2013-12-23,136.55,143.00,136.55,142.00,123685
2013-12-24,142.00,146.80,139.35,141.95,130056
2013-12-26,141.00,146.45,141.00,144.70,14539
2013-12-27,146.00,148.00,140.65,147.00,19839
2013-12-30,146.00,148.50,144.00,145.00,127011
2013-12-31,146.00,151.75,146.00,146.15,101106
2014-01-01,144.65,150.85,144.65,148.00,82763
2014-01-02,148.00,151.05,140.25,140.25,25092
2014-01-03,141.30,147.95,139.35,147.00,15449
2014-01-06,148.70,149.85,144.15,147.20,19621
2014-01-07,147.30,150.90,147.30,150.25,20203
2014-01-08,149.15,156.00,148.05,153.00,44735
2014-01-09,151.00,154.95,150.20,151.40,19721
2014-01-10,151.45,151.90,147.55,148.05,13732
2014-01-13,148.00,149.90,144.00,147.00,19615
2014-01-14,145.00,151.40,142.80,144.00,3986
2014-01-15,146.95,146.95,141.00,145.00,103539
2014-01-16,146.15,146.15,138.75,140.05,10630
2014-01-17,141.05,145.50,140.00,143.60,5538
2014-01-20,142.00,147.20,141.30,142.00,3230
2014-01-21,142.05,144.00,140.10,140.10,3209
2014-01-22,140.00,141.10,139.05,140.00,7070
2014-01-23,140.00,141.80,137.05,140.95,5417
2014-01-24,139.00,145.70,139.00,141.00,12787
2014-01-27,140.00,140.00,136.10,136.10,3038
2014-01-28,137.00,141.15,136.05,138.00,84416
2014-01-29,135.60,139.00,135.00,135.75,2614
2014-01-30,135.00,141.00,131.00,135.05,28195
2014-01-31,138.00,142.30,136.25,137.65,4702
2014-02-03,138.65,138.65,129.50,129.50,48973
2014-02-04,132.00,132.00,128.40,130.45,45407
2014-02-05,131.00,131.85,130.00,130.00,16689
2014-02-06,134.95,134.95,125.65,127.00,25133
2014-02-07,128.05,129.00,125.00,127.40,8541
2014-02-10,132.95,132.95,129.05,129.85,17969
2014-02-11,130.05,132.00,129.00,132.00,11819
2014-02-12,131.00,131.05,129.30,131.00,12018
2014-02-13,129.50,129.80,126.35,129.15,3908
2014-02-14,128.10,130.50,127.00,130.00,7468
2014-02-17,130.00,131.00,127.10,128.85,2400
2014-02-18,128.50,132.80,125.80,130.60,7436
2014-02-19,129.90,132.00,128.50,129.85,8918
2014-02-20,131.50,136.00,128.70,129.00,4916
2014-02-21,129.10,131.95,129.10,130.50,6593
2014-02-24,129.00,130.35,125.40,129.65,6113
2014-02-25,129.00,130.90,129.00,130.75,1839
2014-02-26,130.50,132.25,129.05,131.70,7247
2014-02-28,131.70,131.70,129.25,130.35,2775
2014-03-03,129.50,131.75,129.00,131.00,1205
2014-03-04,130.05,131.00,126.00,126.95,8058
2014-03-05,129.45,129.65,123.25,129.15,16920
2014-03-06,128.00,134.75,128.00,133.50,13072
2014-03-07,132.50,144.90,131.05,140.35,32836
2014-03-10,144.25,144.80,134.50,136.50,15998
2014-03-11,136.50,139.35,135.00,138.05,11055
2014-03-12,137.50,142.00,135.80,140.95,19251
2014-03-13,140.50,140.50,135.00,135.25,7617
2014-03-14,134.70,138.00,132.50,134.20,15831
2014-03-18,133.90,137.85,130.50,131.35,16365
2014-03-19,130.70,132.45,125.10,130.65,15900
2014-03-20,130.00,132.45,129.35,131.95,2968
2014-03-21,131.50,138.50,129.80,138.00,22076
2014-03-24,134.00,137.00,133.90,136.55,16102
2014-03-25,136.00,137.45,134.35,136.00,16917
2014-03-26,135.50,141.45,134.60,139.35,7548
2014-03-27,139.00,152.95,138.00,148.60,199889
2014-03-28,151.55,152.50,142.70,146.40,29444
2014-03-31,146.10,149.00,145.00,146.60,29723
2014-04-01,146.10,152.85,145.00,151.00,414970
2014-04-02,150.00,153.45,148.70,152.70,26470
2014-04-03,152.55,153.90,147.10,148.90,16852
2014-04-04,148.50,153.85,142.50,143.35,12917
2014-04-07,142.75,148.00,136.25,141.85,47872
2014-04-09,142.60,149.20,140.90,143.60,53335
2014-04-10,143.00,147.50,140.20,146.85,89052
2014-04-11,146.90,150.80,143.15,144.20,22254
2014-04-15,143.50,146.75,137.65,143.90,55101
2014-04-16,142.00,145.95,135.85,138.95,69574
2014-04-17,138.50,144.95,137.20,144.00,34458
2014-04-21,145.10,146.70,137.00,140.95,58469
2014-04-22,145.00,145.00,138.80,140.45,19837
2014-04-23,139.00,144.90,139.00,139.40,3479
2014-04-25,139.40,142.00,137.90,139.10,9750
2014-04-28,138.50,141.95,135.15,140.30,14344
2014-04-29,144.85,144.85,138.20,141.10,19672
2014-04-30,141.10,141.25,135.20,139.65,25114
2014-05-02,147.00,151.90,140.80,141.80,53270
2014-05-05,142.85,144.00,140.00,140.55,13561
2014-05-06,139.00,152.50,138.05,149.40,69145
2014-05-07,150.00,153.00,145.50,146.40,26570
2014-05-08,146.00,147.00,144.00,144.65,20690
2014-05-09,145.00,150.95,143.25,145.20,31184
2014-05-12,145.00,147.00,140.15,140.45,26936
2014-05-13,139.50,143.75,139.15,141.15,27296
2014-05-14,141.00,145.00,141.00,144.00,7830
2014-05-15,145.95,146.90,141.50,142.70,30380
2014-05-16,143.00,145.80,138.50,142.80,42566
2014-05-19,142.00,166.00,140.65,161.90,111497
2014-05-20,157.10,187.00,155.00,179.85,205385
2014-05-21,183.95,184.90,175.00,181.25,49977
2014-05-22,181.00,183.45,175.90,177.65,35029
2014-05-23,177.00,184.70,176.10,177.25,31359
2014-05-26,177.25,184.95,170.00,170.85,27615
2014-05-27,164.15,172.50,161.50,169.20,33223
2014-05-28,168.00,171.90,163.75,164.15,13070
2014-05-29,162.20,169.40,162.20,164.60,15138
2014-05-30,164.00,167.95,158.00,164.85,37912
2014-06-02,165.00,167.70,162.50,167.20,8308
2014-06-03,167.25,176.00,167.25,168.15,12682
2014-06-04,167.00,175.00,167.00,174.25,24071
2014-06-05,174.55,183.00,174.55,177.05,35710
2014-06-06,177.00,184.50,172.30,181.05,31133
2014-06-09,184.95,192.80,181.00,190.65,128778
2014-06-10,192.00,193.00,183.65,190.80,85025
2014-06-11,190.80,191.75,185.00,188.95,19693
2014-06-12,188.00,192.00,177.30,179.05,41515
2014-06-13,179.50,183.45,172.50,174.60,62137
2014-06-16,171.15,174.60,164.00,170.85,62745
2014-06-17,170.80,178.70,170.00,177.20,35618
2014-06-18,180.10,183.95,174.50,176.85,82545
2014-06-19,176.00,181.75,176.00,178.70,11537
2014-06-20,175.80,177.90,167.50,169.65,21560
2014-06-23,168.10,171.80,165.10,169.75,11446
2014-06-24,171.80,171.80,162.95,167.90,41918
2014-06-25,168.00,170.05,162.00,165.60,93177
2014-06-26,167.00,171.50,163.65,165.05,63556
2014-06-27,168.90,170.85,165.00,168.20,15700
2014-06-30,168.40,173.50,167.25,172.70,29295
2014-07-01,171.00,183.80,165.00,168.35,89316
2014-07-02,168.35,177.00,167.00,169.35,44634
2014-07-03,174.70,174.70,168.60,169.50,55402
2014-07-04,173.90,187.30,170.20,185.15,126330
2014-07-07,189.05,201.00,186.20,190.20,331433
2014-07-08,191.65,192.50,178.00,181.90,110605
2014-07-09,177.10,188.50,176.00,181.55,31516
2014-07-10,183.00,188.00,176.15,177.60,45938
2014-07-11,177.60,180.30,168.25,171.45,31149
2014-07-14,172.45,174.00,168.30,170.55,18539
2014-07-15,171.00,174.70,170.00,171.00,8992
2014-07-16,170.10,177.55,170.10,176.10,10419
2014-07-17,176.00,181.80,174.95,180.15,14540
2014-07-18,179.00,180.75,173.60,178.00,18914
2014-07-21,178.00,183.00,178.00,179.25,10943
2014-07-22,179.25,182.40,177.40,179.95,17188
2014-07-23,178.60,181.50,174.20,177.65,15727
2014-07-24,177.00,188.00,176.05,180.10,15101
2014-07-25,183.00,183.00,172.40,173.80,10410
2014-07-28,173.55,174.00,167.95,171.30,14793
2014-07-30,171.40,171.45,165.10,166.60,12718
2014-07-31,166.00,172.70,166.00,170.25,12482
2014-08-01,171.90,173.80,165.50,167.75,16693
2014-08-04,165.50,170.80,165.00,168.30,38071
2014-08-05,168.05,177.80,167.00,177.15,34157
2014-08-06,175.00,179.00,172.40,173.05,11621
2014-08-07,171.00,191.10,170.05,184.70,112850
2014-08-08,181.00,182.90,171.70,178.10,38471
2014-08-11,183.00,184.00,177.25,183.05,18443
2014-08-12,185.00,186.00,173.65,180.90,41514
2014-08-13,180.00,185.00,179.00,182.70,30867
2014-08-14,180.00,189.00,180.00,187.45,72831
2014-08-18,182.50,194.80,182.50,191.95,48989
2014-08-19,191.00,191.40,187.90,190.05,49027
2014-08-20,186.10,194.90,186.10,193.40,37722
2014-08-21,193.00,198.00,191.10,194.70,79900
2014-08-22,189.00,195.55,187.00,192.50,296228
2014-08-25,192.00,200.05,188.10,188.70,34559
2014-08-26,188.50,189.75,181.50,184.45,30172
2014-08-27,183.75,188.50,180.85,184.85,35794
2014-08-28,183.00,186.00,182.55,185.50,8007
2014-09-01,184.00,187.00,179.85,181.55,29744
2014-09-02,181.60,201.50,178.10,189.15,3164519
2014-09-03,195.40,217.35,191.00,194.15,2093197
2014-09-04,196.05,204.65,191.00,201.40,488335
2014-09-05,200.10,204.25,197.85,199.45,181472
2014-09-08,199.00,205.00,194.50,199.00,281444
2014-09-09,201.75,204.95,198.50,199.65,96299
2014-09-10,199.00,203.00,195.50,196.75,116083
2014-09-11,198.00,208.80,197.20,202.75,228529
2014-09-12,204.00,217.85,203.50,215.20,483253
2014-09-15,215.00,216.80,210.55,211.90,135915
2014-09-16,212.80,221.00,190.55,199.40,303889
2014-09-17,201.00,208.75,201.00,203.10,92015
2014-09-18,203.90,216.00,203.20,210.95,159077
2014-09-19,212.00,213.70,205.00,207.55,79865
2014-09-22,207.90,213.70,205.75,211.15,147857
2014-09-23,213.20,217.40,206.30,210.60,658477
2014-09-24,210.55,213.80,203.75,208.90,1033662
2014-09-25,209.95,211.95,200.00,201.05,82397
2014-09-26,200.75,204.90,196.20,201.80,81047
2014-09-29,201.80,204.70,200.10,201.05,29721
2014-09-30,200.50,205.75,198.00,198.90,41753
2014-10-01,200.50,202.35,195.20,196.25,31906
2014-10-07,199.90,199.90,191.00,191.90,40590
2014-10-08,190.10,195.20,190.10,194.50,51268
2014-10-09,193.15,200.00,193.15,198.70,26942
2014-10-10,196.70,197.95,193.35,194.25,26105
2014-10-13,194.00,195.50,189.55,191.90,31220
2014-10-14,190.15,194.25,189.00,190.85,39168
2014-10-16,187.00,197.50,187.00,192.60,52453
2014-10-17,192.80,199.90,186.10,188.90,60374
2014-10-20,191.00,192.70,185.35,188.10,37410
2014-10-21,188.10,190.80,187.00,189.70,21305
2014-10-22,189.25,195.00,189.25,192.65,24171
2014-10-23,194.00,197.80,193.65,194.80,10052
2014-10-27,193.30,197.85,192.55,195.30,28366
2014-10-28,196.00,196.60,185.00,193.25,206876
2014-10-29,197.00,197.00,191.50,194.95,21328
2014-10-30,194.00,199.60,190.95,194.25,49067
2014-10-31,194.20,196.75,191.20,192.25,60727
2014-11-03,190.10,191.50,186.00,189.20,75521
2014-11-05,189.50,190.95,180.10,180.95,129682
2014-11-07,180.95,184.85,176.50,178.45,91666
2014-11-10,178.45,181.90,167.40,171.25,146178
2014-11-11,171.80,175.60,165.25,173.20,666190
2014-11-12,173.25,181.50,173.25,179.50,191632
2014-11-13,179.50,179.95,171.50,172.15,77985
2014-11-14,173.90,174.40,170.55,172.20,32662
2014-11-17,172.20,173.70,168.75,169.90,115895
2014-11-18,169.05,185.00,169.05,181.20,196523
2014-11-19,180.00,183.10,174.40,175.05,48425
2014-11-20,175.05,178.00,171.70,174.35,30849
2014-11-21,174.35,175.05,173.70,174.15,78481
2014-11-24,174.50,175.00,173.00,173.90,39621
2014-11-25,175.00,175.85,170.10,171.75,154461
2014-11-26,174.00,175.10,173.00,174.65,90537
2014-11-27,175.00,175.05,171.00,171.35,79506
2014-11-28,172.95,175.85,171.25,172.75,88886
2014-12-01,175.00,175.00,170.25,171.40,74207
2014-12-02,171.40,174.90,167.00,169.30,91861
2014-12-03,170.00,175.00,170.00,174.50,127121
2014-12-04,177.00,177.00,173.95,174.55,84113
2014-12-05,173.10,189.60,173.10,185.00,572782
2014-12-08,185.20,186.95,176.50,177.70,135147
2014-12-09,178.25,180.00,172.10,173.65,51496
2014-12-10,173.65,176.95,173.00,174.05,44748
2014-12-11,174.15,177.70,172.20,175.80,67485
2014-12-12,177.00,177.75,172.00,173.00,46254
2014-12-15,174.15,174.15,171.05,172.90,37862
2014-12-16,172.00,172.40,166.00,169.70,102347
2014-12-17,169.90,174.55,162.00,173.50,68442
2014-12-18,173.50,179.80,168.25,170.45,107272
2014-12-19,174.75,174.75,167.10,170.75,33346
2014-12-22,171.00,172.70,169.10,170.05,23089
2014-12-23,170.10,171.85,164.60,167.45,42014
2014-12-24,168.30,170.40,166.10,168.35,452334
2014-12-26,173.00,173.00,167.30,171.40,639774
2014-12-29,171.35,178.50,171.05,173.85,200967
2014-12-30,174.65,176.30,172.60,173.80,120869
2014-12-31,175.35,179.90,175.00,178.85,153824
2015-01-01,179.00,182.00,175.10,181.00,65077
2015-01-02,180.00,185.10,179.20,182.10,70427
2015-01-05,183.10,186.00,178.20,178.80,57895
2015-01-06,180.00,181.00,175.55,177.45,65334
2015-01-07,175.10,176.90,172.60,173.80,36763
2015-01-08,174.05,179.50,174.05,177.80,44971
2015-01-09,182.00,183.25,177.80,179.80,40181
2015-01-12,183.95,183.95,175.60,176.30,227784
2015-01-13,176.00,178.40,173.50,174.45,28532
2015-01-14,175.05,177.90,172.40,174.05,583236
2015-01-15,176.45,177.00,172.10,173.70,32716
2015-01-16,175.45,175.45,165.75,167.20,91637
2015-01-19,168.15,173.95,167.00,168.80,80056
2015-01-20,172.00,175.65,168.05,175.10,113672
2015-01-21,175.00,176.95,173.00,175.15,26222
2015-01-22,175.10,177.80,175.00,175.90,27625
2015-01-23,175.30,176.80,175.00,175.30,40265
2015-01-27,175.00,177.95,174.00,176.40,34159
2015-01-28,175.05,177.45,175.00,175.05,40241
2015-01-29,175.05,176.90,173.10,175.50,47611
2015-01-30,177.90,186.40,176.30,178.95,153665
2015-02-02,179.00,181.55,178.30,180.30,52760
2015-02-03,178.20,193.00,178.20,188.45,284167
2015-02-04,188.45,189.65,183.20,184.80,59765
2015-02-05,186.05,187.60,185.00,185.05,67988
2015-02-06,186.65,186.65,182.30,185.05,89524
2015-02-09,185.05,186.10,184.00,185.00,48697
2015-02-10,184.00,186.95,183.20,186.20,53519
2015-02-11,186.85,188.40,185.00,185.15,81861
2015-02-12,185.20,187.90,183.85,186.05,38314
2015-02-13,187.65,187.70,185.00,185.00,63046
2015-02-16,185.00,186.50,184.10,185.05,36598
2015-02-18,184.10,190.45,184.10,187.60,101330
2015-02-19,188.00,189.95,185.45,185.65,31268
2015-02-20,185.00,189.80,185.00,185.90,108673
2015-02-23,185.30,187.70,185.00,185.80,60410
2015-02-24,185.00,188.95,184.20,186.35,106960
2015-02-25,186.55,189.25,185.00,185.00,69285
2015-02-26,184.60,185.90,184.20,185.00,59658
2015-02-27,184.50,185.90,184.50,185.00,64498
2015-02-28,185.90,187.00,185.00,185.00,45755
2015-03-02,185.00,186.90,185.00,185.15,20563
2015-03-03,185.60,186.50,185.00,185.00,39405
2015-03-04,185.00,187.00,185.00,185.00,78007
2015-03-05,185.60,187.80,185.00,185.00,30439
2015-03-09,186.00,186.00,185.00,185.05,28637
2015-03-10,185.55,185.75,180.50,182.20,79845
2015-03-11,183.40,187.95,182.10,185.00,37936
2015-03-12,185.00,200.10,185.00,195.70,210029
2015-03-13,195.25,196.85,187.25,188.50,47379
2015-03-16,188.50,194.00,185.25,190.20,44754
2015-03-17,193.00,193.00,188.00,188.45,21985
2015-03-18,192.00,192.00,185.00,185.25,44096
2015-03-19,186.10,187.90,185.00,185.00,47993
2015-03-20,185.75,186.75,185.00,185.00,47385
2015-03-23,185.00,185.55,185.00,185.00,37680
2015-03-24,185.15,185.50,185.00,185.00,46094
2015-03-25,185.10,187.30,185.00,185.00,35353
2015-03-26,185.00,187.00,185.00,185.10,39434
2015-03-27,185.10,186.10,185.00,185.00,55665
2015-03-30,185.95,186.95,185.00,185.30,13231
2015-03-31,185.35,195.80,185.10,190.20,22637
2015-04-01,191.05,197.00,188.35,190.00,42681
2015-04-06,190.10,195.35,185.50,186.10,40574
2015-04-07,186.55,187.00,185.20,186.25,9152
2015-04-08,189.70,189.70,186.05,186.20,17112
2015-04-09,186.10,187.45,185.75,186.80,17014
2015-04-10,188.10,188.10,185.00,185.40,35507
2015-04-13,185.30,186.95,180.10,180.80,101390
2015-04-15,180.80,183.00,179.05,180.00,99782
2015-04-16,180.50,186.60,180.00,183.75,56104
2015-04-17,178.00,183.75,178.00,182.95,23031
2015-04-20,183.00,185.00,180.00,180.80,49296
2015-04-21,181.00,184.85,180.00,182.00,28818
2015-04-22,182.95,183.95,180.30,181.05,30892
2015-04-23,180.00,182.50,180.00,182.05,17913
2015-04-24,181.70,181.70,180.00,180.00,33828
2015-04-27,182.20,183.45,180.00,180.10,65748
2015-04-28,180.00,181.50,180.00,180.10,26581
2015-04-29,182.00,182.95,180.00,180.05,26033
2015-04-30,179.00,182.40,179.00,180.30,14605
2015-05-04,182.40,185.85,180.50,181.80,19063
2015-05-05,185.80,189.55,181.85,185.85,51105
2015-05-06,187.80,187.80,178.15,179.90,28181
2015-05-07,182.90,182.90,175.05,176.55,28811
2015-05-08,176.50,181.50,174.15,175.15,25198
2015-05-11,175.15,177.75,174.80,175.15,12057
2015-05-12,175.15,175.30,168.20,171.00,14028
2015-05-13,171.00,173.70,168.60,173.05,9018
2015-05-14,172.45,172.45,168.80,170.05,7078
2015-05-15,170.85,171.95,169.00,170.95,7670
2015-05-18,169.00,171.50,169.00,170.30,7647
2015-05-19,171.40,172.65,170.90,171.95,6444
2015-05-20,171.05,174.95,171.05,173.45,16693
2015-05-21,173.40,173.40,169.90,171.00,7786
2015-05-22,170.00,173.00,167.00,168.90,19768
2015-05-25,168.90,169.25,166.00,166.55,57033
2015-05-26,165.35,168.40,165.20,165.90,25123
2015-05-27,165.10,167.25,165.05,165.55,14999
2015-05-28,165.10,166.95,163.35,163.60,13940
2015-05-29,164.00,165.00,160.00,161.20,15193
2015-06-01,162.00,164.75,161.00,162.20,19313
2015-06-02,160.40,163.50,159.00,159.80,14241
2015-06-03,159.05,159.95,153.10,154.70,20380
2015-06-04,156.30,158.90,150.20,152.40,22019
2015-06-05,153.00,159.40,150.10,156.15,32316
2015-06-08,154.60,160.00,153.60,159.90,30777
2015-06-09,159.50,162.00,153.15,161.65,55925
2015-06-10,160.00,172.00,159.25,160.75,496496
2015-06-11,160.75,165.00,160.05,164.30,24700
2015-06-12,164.30,165.80,161.10,164.00,25223
2015-06-15,164.50,167.85,158.60,160.65,12366
2015-06-16,160.65,166.00,160.00,162.10,9171
2015-06-17,161.00,165.90,160.05,165.00,9899
2015-06-18,164.05,170.80,162.00,168.70,18333
2015-06-19,167.50,168.05,160.20,162.15,17136
2015-06-22,162.15,166.35,162.10,163.95,9787
2015-06-23,165.00,166.00,160.80,161.65,7163
2015-06-24,161.60,164.45,161.00,164.00,30520
2015-06-25,163.10,165.40,160.80,162.50,23934
2015-06-26,162.05,167.40,161.30,166.05,21776
2015-06-29,165.00,165.00,161.85,162.40,9641
2015-06-30,163.50,174.40,161.95,168.10,33029
2015-07-01,168.00,174.70,165.05,172.45,27043
2015-07-02,171.05,172.00,165.65,168.65,16407
2015-07-03,167.00,172.90,167.00,168.15,10070
2015-07-06,168.15,169.00,166.05,167.45,4858
2015-07-07,167.45,170.00,165.15,166.10,14742
2015-07-08,166.10,167.95,161.70,165.00,10600
2015-07-09,166.90,170.30,163.55,168.60,11194
2015-07-10,168.60,168.60,164.00,165.55,5730
2015-07-13,165.55,170.60,161.10,164.05,17182
2015-07-14,165.40,169.00,165.40,167.65,13147
2015-07-15,168.05,169.20,165.00,168.80,9287
2015-07-16,166.00,171.80,166.00,171.15,27431
2015-07-17,171.15,171.15,168.00,169.35,19864
2015-07-20,169.35,172.00,169.05,171.15,17593
2015-07-21,170.20,171.90,168.20,169.00,25244
2015-07-22,168.50,171.75,168.50,170.85,8796
2015-07-23,169.55,177.40,169.55,174.60,9789
2015-07-24,174.15,179.00,171.50,174.75,21857
2015-07-27,175.00,175.00,172.50,172.95,22063
2015-07-28,172.00,174.90,170.00,170.10,6557
2015-07-29,172.55,172.90,170.00,172.00,14587
2015-07-30,171.00,182.45,170.25,180.55,24531
2015-07-31,180.75,186.50,180.75,183.85,58402
2015-08-03,184.95,192.80,180.15,182.20,251790
2015-08-04,188.00,188.00,180.35,183.00,62363
2015-08-05,184.95,191.50,182.00,187.75,110921
2015-08-06,189.75,195.50,187.00,194.00,80082
2015-08-07,194.90,194.90,187.00,189.10,33168
2015-08-10,190.95,190.95,185.10,187.55,24894
2015-08-11,187.05,188.00,177.10,178.50,20768
2015-08-12,178.50,182.00,174.10,175.90,21213
2015-08-13,179.85,182.30,173.20,174.55,12166
2015-08-14,176.45,176.45,168.40,172.45,22822
2015-08-17,173.00,174.75,167.05,173.10,6698
2015-08-18,173.00,175.00,171.00,173.50,12429
2015-08-19,174.50,174.90,170.55,171.75,8239
2015-08-20,172.00,173.70,170.15,173.35,14400
2015-08-21,171.00,173.00,164.00,171.30,17728
2015-08-24,167.00,175.00,158.95,168.70,58858
2015-08-25,167.00,195.20,166.00,169.80,44180
2015-08-26,170.00,174.90,166.00,169.25,22838
2015-08-27,170.15,173.95,169.00,171.55,10287
2015-08-28,170.05,175.95,170.00,170.70,10619
2015-08-31,173.80,173.80,169.00,170.15,4641
2015-09-01,169.00,169.95,164.65,168.00,17356
2015-09-02,168.00,169.00,166.20,168.30,14894
2015-09-03,168.30,171.00,168.00,169.05,23004
2015-09-04,168.50,169.90,167.95,168.25,7200
2015-09-07,167.05,169.50,161.50,164.70,3873
2015-09-08,165.90,166.90,161.00,164.00,9236
2015-09-09,163.65,167.80,163.00,164.15,7932
2015-09-10,164.15,165.00,162.30,162.90,2386
2015-09-11,163.00,168.90,163.00,164.65,5904
2015-09-14,166.70,166.95,162.80,166.10,7955
2015-09-15,165.00,166.85,163.25,163.55,2405
2015-09-16,163.90,166.75,163.90,165.65,11492
2015-09-18,166.45,168.00,164.00,166.75,6877
2015-09-21,166.70,166.70,164.05,165.25,6089
2015-09-22,166.65,166.65,160.40,162.65,10671
2015-09-23,166.25,166.25,159.00,161.45,26831
2015-09-24,163.90,163.90,161.05,161.85,7174
2015-09-28,162.00,163.50,156.30,156.85,14854
2015-09-29,156.05,171.00,156.00,161.05,17190
2015-09-30,164.00,164.90,159.10,159.60,15418
2015-10-01,161.90,161.90,155.15,157.90,11184
2015-10-05,158.95,161.45,157.50,160.40,14609
2015-10-06,161.00,161.30,156.15,158.60,18799
2015-10-07,159.05,161.00,157.35,159.25,106661
2015-10-08,160.90,164.70,158.25,160.80,18451
2015-10-09,162.25,164.90,161.15,162.55,20959
2015-10-12,162.65,173.45,162.00,171.25,72486
2015-10-13,174.00,179.75,173.10,178.80,52385
2015-10-14,178.80,180.00,174.00,175.40,25533
2015-10-15,178.00,179.85,173.00,174.30,17455
2015-10-16,177.00,178.40,173.90,174.30,9058
2015-10-19,174.35,177.90,169.70,171.85,16732
2015-10-20,172.05,173.95,169.50,172.20,19338
2015-10-21,175.00,177.50,172.00,175.00,84362
2015-10-23,176.00,177.00,173.55,176.55,74199
2015-10-26,177.00,180.95,175.00,176.00,31415
2015-10-27,175.00,177.25,174.40,174.80,9512
2015-10-28,175.00,178.00,175.00,175.75,4846
2015-10-29,175.15,176.75,175.10,176.00,50074
2015-10-30,176.00,176.65,171.35,175.50,5982
2015-11-02,180.50,184.95,178.00,179.35,52537
2015-11-03,179.35,181.55,176.40,178.35,22845
2015-11-04,180.00,180.00,176.00,176.65,23223
2015-11-05,176.65,179.00,174.20,177.55,110119
2015-11-06,176.00,177.00,173.60,175.25,5024
2015-11-09,174.00,178.00,168.20,175.10,23129
2015-11-10,175.00,177.00,173.50,175.55,11120
2015-11-11,175.00,179.80,172.25,173.55,8373
2015-11-13,173.55,176.00,173.00,174.75,4856
2015-11-16,176.00,177.50,173.50,175.80,17032
2015-11-17,175.05,175.50,175.00,175.10,32254
2015-11-18,174.00,177.25,173.50,175.70,13237
2015-11-19,175.65,176.00,175.00,175.05,8121
2015-11-20,175.00,177.00,171.50,175.05,8159
2015-11-23,175.00,176.50,174.00,176.05,29780
2015-11-24,175.05,176.95,175.00,175.00,17018
2015-11-26,174.75,177.95,174.75,175.05,22993
2015-11-27,178.00,178.50,175.00,175.10,9525
2015-11-30,176.25,177.45,175.00,176.90,6707
2015-12-01,177.00,184.90,176.95,182.70,103491
2015-12-02,182.70,188.85,180.65,184.20,18922
2015-12-03,181.00,183.00,176.50,177.40,25636
2015-12-04,177.25,181.00,176.50,177.05,11274
2015-12-07,177.05,184.05,177.00,182.05,11181
2015-12-08,177.10,182.80,177.10,182.00,84701
2015-12-09,180.00,182.90,179.95,180.15,33132
2015-12-10,180.10,183.65,179.00,180.00,13852
2015-12-11,182.95,190.90,179.10,188.70,51832
2015-12-14,188.95,189.00,184.30,186.10,30305
2015-12-15,183.60,186.95,182.10,183.10,4982
2015-12-16,182.50,184.90,182.00,182.50,12076
2015-12-17,182.50,184.60,182.00,184.35,13259
2015-12-18,183.10,184.50,182.00,182.95,8988
2015-12-21,178.55,184.50,178.55,181.75,19590
2015-12-22,180.00,183.00,178.10,182.20,15988
2015-12-23,182.00,184.95,181.60,182.60,17587
2015-12-24,182.10,184.35,181.30,182.55,4240
2015-12-28,182.55,184.75,182.00,182.15,15907
2015-12-29,181.25,183.95,178.50,182.00,14620
2015-12-30,182.00,184.55,182.00,184.00,27915
2015-12-31,184.95,185.00,182.10,184.00,21062
2016-01-01,183.90,186.85,183.10,185.90,18153
2016-01-04,183.60,186.00,183.40,184.05,27068
2016-01-05,184.95,186.30,183.10,184.80,19212
2016-01-06,186.30,192.20,182.05,187.50,51392
2016-01-07,185.00,191.00,183.00,187.00,45188
2016-01-08,187.55,189.80,183.20,186.15,25425
2016-01-11,185.00,185.05,182.80,183.25,10127
2016-01-12,183.00,189.60,183.00,188.45,66656
2016-01-13,188.00,190.45,183.10,185.50,42435
2016-01-14,183.30,189.30,181.55,187.75,16416
2016-01-15,188.00,189.45,183.80,184.05,18286
2016-01-18,180.15,186.90,175.10,178.00,24846
2016-01-19,175.50,180.95,175.50,178.80,6982
2016-01-20,177.00,184.00,176.60,179.85,175549
2016-01-21,178.10,180.65,178.10,180.00,70130
2016-01-22,189.00,189.00,178.50,180.00,290787
2016-01-25,183.80,183.80,171.10,171.95,28585
2016-01-27,175.00,177.00,169.00,169.35,12859
2016-01-28,174.35,174.35,169.05,169.80,7290
2016-01-29,172.60,172.95,169.00,172.50,4026
2016-02-01,172.95,175.00,171.60,172.70,4520
2016-02-02,173.65,179.00,171.80,173.20,13584
2016-02-03,171.00,173.20,170.20,171.10,4091
2016-02-04,171.10,176.00,169.00,174.20,15189
2016-02-05,174.20,183.50,170.70,181.10,42465
2016-02-08,182.90,182.90,173.15,173.85,8733
2016-02-09,170.55,176.00,170.55,173.80,3861
2016-02-10,173.00,175.70,169.80,170.65,8165
2016-02-11,170.10,173.70,163.10,164.70,10819
2016-02-12,163.95,172.95,156.10,169.85,14154
2016-02-15,171.25,173.50,167.30,169.25,8637
2016-02-16,170.00,172.75,166.00,166.75,6352
2016-02-17,169.60,169.80,164.45,166.40,5945
2016-02-18,165.00,168.95,165.00,165.65,2093
2016-02-19,165.45,169.00,165.10,167.50,1122
2016-02-22,165.00,168.00,165.00,165.45,1980
2016-02-23,165.45,168.00,163.00,165.00,17558
2016-02-24,164.95,165.50,164.35,165.00,6107
2016-02-25,165.05,169.80,165.00,168.30,3158
2016-02-26,167.00,170.55,166.10,168.95,19697
2016-02-29,168.70,170.25,164.00,169.00,8354
2016-03-01,171.00,172.75,167.20,168.40,102160
2016-03-02,169.95,171.85,167.45,170.30,14329
2016-03-03,171.00,175.50,170.00,174.85,37887
2016-03-04,174.55,183.50,174.00,181.45,33943
2016-03-08,181.45,181.45,175.10,176.00,3887
2016-03-09,176.40,176.40,170.00,174.50,27896
2016-03-10,178.00,178.00,172.20,175.40,24525
2016-03-11,174.45,181.80,174.45,176.85,45550
2016-03-14,176.75,179.90,173.15,173.80,3673
2016-03-15,173.20,176.50,173.20,174.75,24319
2016-03-16,172.60,176.70,172.60,174.05,10510
2016-03-17,173.00,177.00,171.00,174.05,19635
2016-03-18,173.00,179.70,171.30,172.80,12369
2016-03-21,172.80,174.45,172.80,173.00,2486
2016-03-22,172.95,174.85,170.05,171.55,17549
2016-03-23,171.50,173.80,171.50,173.45,27452
2016-03-28,173.40,174.50,171.10,173.00,50588
2016-03-29,173.90,174.85,171.30,171.80,6459
2016-03-30,174.70,176.75,172.20,175.65,21837
2016-03-31,175.10,177.35,174.10,175.45,15370
2016-04-01,178.00,178.60,167.70,171.25,57390
2016-04-04,173.00,173.90,170.55,172.10,5669
2016-04-05,172.05,173.55,169.00,170.00,4737
2016-04-06,169.15,171.40,166.00,171.00,26736
2016-04-07,171.00,173.85,171.00,172.00,7439
2016-04-08,172.05,173.80,172.00,173.05,3328
2016-04-11,173.05,173.55,171.25,171.50,5686
2016-04-12,171.45,174.90,171.45,174.10,35994
2016-04-13,175.50,185.00,173.10,182.40,298336
2016-04-18,183.00,193.50,181.55,190.75,39614
2016-04-20,190.60,194.95,189.10,192.80,27785
2016-04-21,192.70,211.00,192.70,200.95,203967
2016-04-22,202.50,203.90,196.10,196.55,36142
2016-04-25,196.30,198.20,188.00,192.15,51183
2016-04-26,194.00,194.50,189.95,193.90,27701
2016-04-27,192.00,197.00,191.80,194.35,44972
2016-04-28,193.80,196.50,190.30,192.50,16328
2016-04-29,194.00,196.50,190.75,194.30,23095
2016-05-02,196.00,196.45,190.20,192.55,42557
2016-05-03,196.00,196.00,190.20,192.75,20280
2016-05-04,193.75,193.85,190.10,191.05,42741
2016-05-05,195.60,206.65,191.50,202.05,237187
2016-05-06,202.00,204.00,196.95,199.75,69514
2016-05-09,199.50,219.00,199.50,214.95,283081
2016-05-10,221.20,222.00,210.15,211.90,83373
2016-05-11,211.00,221.70,210.25,217.05,100318
2016-05-12,215.25,227.00,215.05,219.45,146967
2016-05-13,220.95,227.00,218.05,220.55,63837
2016-05-16,218.05,222.90,216.25,217.55,58110
2016-05-17,215.55,224.90,215.55,217.90,45177
2016-05-18,217.90,219.90,214.50,215.25,52743
2016-05-19,217.80,218.60,210.00,210.85,38275
2016-05-20,212.95,214.55,210.00,210.50,24141
2016-05-23,210.05,213.00,205.50,211.00,19749
2016-05-24,211.00,211.90,208.00,210.05,27227
2016-05-25,209.65,214.00,209.55,211.85,23421
2016-05-26,215.10,215.15,210.10,212.45,12547
2016-05-27,212.05,217.50,212.05,216.60,26068
2016-05-30,213.55,225.00,213.55,223.65,45039
2016-05-31,225.00,227.70,221.00,225.50,39084
2016-06-01,223.00,230.25,223.00,225.10,63854
2016-06-02,224.50,225.50,222.00,223.65,21114
2016-06-03,222.55,226.00,219.00,221.70,35202
2016-06-06,222.05,222.90,220.50,221.45,14307
2016-06-07,222.90,226.00,220.00,224.85,29125
2016-06-08,222.85,226.00,222.00,223.45,20302
2016-06-09,224.90,225.00,218.10,219.35,30841
2016-06-10,220.00,223.10,218.20,221.05,14831
2016-06-13,220.00,220.50,213.55,215.95,26173
2016-06-14,215.05,220.50,215.00,217.60,4980
2016-06-15,215.50,224.80,215.50,219.85,18171
2016-06-16,218.30,220.20,215.60,218.60,23738
2016-06-17,222.00,225.50,214.15,215.45,44269
2016-06-20,217.75,219.00,210.50,213.35,36091
2016-06-21,212.00,217.40,212.00,212.85,9570
2016-06-22,212.30,218.00,212.30,216.60,43142
2016-06-23,216.00,222.00,215.65,219.90,30863
2016-06-24,216.70,218.80,208.80,217.00,41602
2016-06-27,217.05,224.45,217.05,222.95,13784
2016-06-28,223.05,228.70,223.05,226.65,78238
2016-06-29,230.00,244.00,230.00,238.90,256305
2016-06-30,238.00,244.90,237.00,239.10,76063
2016-07-01,240.00,244.55,238.00,241.60,32965
2016-07-04,242.00,259.40,242.00,248.30,1746536
2016-07-05,248.30,248.95,242.25,243.65,68211
2016-07-07,246.00,246.00,234.10,235.65,56343
2016-07-08,237.90,238.05,233.10,234.60,32579
2016-07-11,237.90,245.00,234.20,235.90,73098
2016-07-12,239.50,239.50,233.20,234.50,25646
2016-07-13,235.00,247.00,232.00,241.00,158930
2016-07-14,248.80,257.80,244.25,251.40,2974076
2016-07-15,253.40,253.40,243.65,244.70,374609
2016-07-18,247.70,250.00,246.15,247.70,580599
2016-07-19,248.50,248.90,240.00,246.45,187428
2016-07-20,245.55,252.90,244.30,246.85,228940
2016-07-21,246.00,252.00,245.00,245.80,404352
2016-07-22,245.90,251.85,245.50,247.80,228587
2016-07-25,249.40,262.00,248.25,256.95,888016
2016-07-26,259.50,259.50,252.60,254.00,230958
2016-07-27,252.55,257.90,251.00,252.65,200961
2016-07-28,254.95,254.95,249.10,250.10,78971
2016-07-29,254.80,263.80,251.30,255.55,559673
2016-08-01,256.00,263.00,256.00,258.95,449471
2016-08-02,260.50,265.00,258.60,259.90,312054
2016-08-03,260.00,270.00,251.50,256.35,797482
2016-08-04,255.00,256.30,250.00,252.45,418929
2016-08-05,254.50,259.00,253.45,255.90,114114
2016-08-08,258.75,271.90,257.00,267.00,443767
2016-08-09,267.00,268.80,259.00,261.10,434272
2016-08-10,262.35,262.90,257.50,258.30,124294
2016-08-11,260.50,263.80,256.70,260.70,97954
2016-08-12,262.50,268.90,260.00,266.65,206840
2016-08-16,268.90,272.70,264.00,267.00,214871
2016-08-17,269.95,269.95,265.00,266.35,115450
2016-08-18,266.15,268.45,265.00,266.40,160555
2016-08-19,267.80,284.80,265.05,281.05,485813
2016-08-22,282.55,283.70,273.50,275.20,104913
2016-08-23,275.10,278.30,270.10,272.35,86932
2016-08-24,273.80,278.95,271.75,276.35,101128
2016-08-25,276.95,283.95,274.15,275.60,150140
2016-08-26,274.20,278.40,271.50,272.90,47307
2016-08-29,272.90,274.00,268.40,269.80,53953
2016-08-30,271.45,272.95,270.10,270.95,97252
2016-08-31,271.00,281.20,271.00,274.15,179462
2016-09-01,272.30,275.80,270.25,271.45,69068
2016-09-02,270.05,275.60,270.05,272.05,35425
2016-09-06,272.00,283.00,272.00,275.65,167542
2016-09-07,277.50,284.70,273.05,276.95,278367
2016-09-08,274.30,279.40,274.25,278.00,85987
2016-09-09,277.50,278.50,268.00,270.50,116797
2016-09-12,266.80,269.45,262.20,264.25,79984
2016-09-14,265.90,273.00,263.95,270.20,60991
2016-09-15,270.95,271.70,265.00,267.40,47292
2016-09-16,267.95,272.00,265.40,266.60,75109
2016-09-19,265.50,278.00,265.50,273.65,220347
2016-09-20,274.60,274.90,268.10,270.95,73486
2016-09-21,272.90,275.60,269.15,269.85,49791
2016-09-22,273.95,276.40,270.50,274.80,209665
2016-09-23,275.00,282.90,273.00,276.20,245115
2016-09-26,277.10,277.50,271.50,272.90,57827
2016-09-27,273.25,276.00,268.00,269.50,98970
2016-09-28,269.20,276.40,268.00,274.00,83380
2016-09-29,275.90,279.50,256.60,263.70,177704
2016-09-30,263.55,273.80,261.00,272.20,86009
2016-10-03,271.00,278.30,270.30,276.50,68788
2016-10-04,277.00,303.15,274.10,293.20,729107
2016-10-05,295.45,299.45,285.40,288.75,279705
2016-10-06,291.00,307.30,289.15,297.25,368273
2016-10-07,299.00,299.70,290.45,293.45,119542
2016-10-10,296.70,302.40,295.15,299.75,167629
2016-10-13,298.00,298.50,277.45,282.90,258662
2016-10-14,285.00,289.50,283.00,286.85,97022
2016-10-17,287.90,290.70,279.10,281.35,88127
2016-10-18,284.35,287.00,279.00,280.25,122660
2016-10-19,282.00,285.00,279.25,283.20,200856
2016-10-20,281.00,286.45,281.00,284.15,141576
2016-10-21,284.00,285.00,279.00,282.35,103065
2016-10-24,283.95,292.45,282.65,289.10,114904
2016-10-25,289.95,290.50,282.00,283.90,82158
2016-10-26,283.75,286.40,281.10,281.45,33942
2016-10-27,281.95,286.50,278.15,284.60,177222
2016-10-28,285.65,294.00,280.05,281.85,489469
2016-11-01,287.60,287.60,278.00,280.05,241976
2016-11-02,276.00,276.95,270.55,271.20,159215
2016-11-03,271.00,275.00,265.30,266.00,113538
2016-11-04,266.00,269.15,264.80,266.40,133892
2016-11-07,271.80,272.80,261.00,271.25,119981
2016-11-08,274.00,274.00,264.55,266.05,74704
2016-11-09,249.80,264.80,233.00,262.65,132672
2016-11-10,267.00,272.05,263.10,264.65,89699
2016-11-11,260.00,264.45,255.00,258.25,48623
2016-11-15,259.00,260.95,242.00,251.35,128909
2016-11-16,258.00,258.00,245.65,250.65,113363
2016-11-17,255.45,262.80,249.00,254.35,277640
2016-11-18,256.00,258.15,254.15,255.35,42921
2016-11-21,258.00,258.00,244.25,250.10,228016
2016-11-22,250.10,253.50,244.00,251.60,92561
2016-11-23,252.05,260.90,248.60,258.95,92882
2016-11-24,255.00,261.00,253.75,260.15,63968
2016-11-25,260.00,266.95,257.15,264.45,226428
2016-11-28,260.00,267.30,255.00,256.65,111160
2016-11-29,254.00,261.20,254.00,260.00,126489
2016-11-30,260.00,276.25,258.90,266.75,479875
2016-12-01,273.00,273.00,260.75,263.40,69575
2016-12-02,263.00,267.00,256.00,256.65,35590
2016-12-05,255.00,259.85,255.00,258.25,13945
2016-12-06,255.20,260.90,255.20,258.60,208529
2016-12-07,258.00,262.65,256.00,257.15,39750
2016-12-08,259.00,263.70,259.00,260.75,54243
2016-12-09,261.55,264.45,255.20,257.25,43552
2016-12-12,257.05,259.50,251.05,254.65,59044
2016-12-13,254.05,259.30,252.40,257.35,62570
2016-12-14,258.00,259.65,248.25,249.00,110572
2016-12-15,249.00,252.00,239.40,240.85,154448
2016-12-16,242.90,248.65,241.30,246.15,84414
2016-12-19,248.55,248.55,242.50,245.05,33874
2016-12-20,244.00,244.95,236.30,239.85,49763
2016-12-21,240.65,244.70,240.25,242.30,19063
2016-12-22,241.95,241.95,238.10,239.35,21041
2016-12-23,241.45,246.10,239.15,240.85,33120
2016-12-26,243.15,243.90,237.00,240.75,31631
2016-12-27,240.15,246.00,240.00,245.45,30102
2016-12-28,245.55,246.80,241.10,243.05,23335
2016-12-29,242.05,246.00,242.00,243.30,14448
2016-12-30,243.15,250.90,242.20,247.65,389877
2017-01-02,246.00,251.90,246.00,250.35,9636
2017-01-03,249.05,257.60,248.95,253.80,50781
2017-01-04,254.00,256.25,250.10,250.75,22008
2017-01-05,252.45,257.60,252.35,254.75,49558
2017-01-06,257.75,258.00,251.20,253.55,31950
2017-01-09,255.00,258.00,253.90,256.90,23773
2017-01-10,257.95,260.10,253.00,254.55,48675
2017-01-11,257.60,266.50,254.60,264.00,383058
2017-01-12,265.00,266.50,256.20,258.50,296908
2017-01-13,260.95,261.60,252.55,255.65,587027
2017-01-16,256.05,260.00,253.00,255.85,58035
2017-01-17,255.35,257.25,250.25,252.45,96849
2017-01-18,254.00,256.50,249.15,254.10,943504
2017-01-19,253.00,254.40,249.60,250.40,415759
2017-01-20,250.75,253.40,248.00,248.45,626142
2017-01-23,249.90,250.80,246.10,248.95,648565
2017-01-24,250.00,250.60,247.15,249.30,98226
2017-01-25,248.30,257.00,247.55,254.00,305192
2017-01-27,255.50,258.70,252.30,256.20,273402
2017-01-30,255.00,258.45,251.55,256.75,182278
2017-01-31,258.70,258.70,253.05,254.95,114492
2017-02-01,254.00,263.20,251.40,261.40,187452
2017-02-02,260.20,267.40,259.00,261.45,311688
2017-02-03,262.00,263.00,254.55,257.55,113727
2017-02-06,263.90,266.00,257.00,261.80,227171
2017-02-07,262.05,263.55,258.10,260.35,86922
2017-02-08,260.50,266.80,260.50,263.60,214562
2017-02-09,265.00,273.00,262.15,268.15,248890
2017-02-10,271.30,273.00,262.80,263.70,130035
2017-02-13,265.70,265.80,258.00,259.95,102448
2017-02-14,258.05,264.00,257.10,262.15,62907
2017-02-15,263.95,263.95,254.20,257.05,99047
2017-02-16,256.00,263.95,255.05,262.05,64150
2017-02-17,261.80,264.20,259.50,261.85,44607
2017-02-20,262.05,263.80,259.20,261.50,61917
2017-02-21,261.05,263.70,260.00,260.55,53669
2017-02-22,260.05,262.90,257.40,258.55,53588
2017-02-23,259.05,261.60,255.00,257.75,53356
2017-02-27,260.90,260.95,253.55,255.95,33385
2017-02-28,259.75,259.75,254.05,255.75,105174
2017-03-01,257.95,267.00,257.30,261.85,206940
2017-03-02,263.05,265.20,263.00,263.50,132286
2017-03-03,264.15,265.40,262.50,263.85,37574
2017-03-06,263.95,264.45,258.10,261.50,154221
2017-03-07,262.45,262.95,258.00,259.25,35096
2017-03-08,260.85,260.85,256.00,256.45,45865
2017-03-09,255.15,258.90,255.15,257.15,28727
2017-03-10,256.45,258.00,255.00,255.50,33638
2017-03-14,258.20,259.95,252.00,254.10,132798
2017-03-15,254.05,273.00,252.50,269.80,648986
2017-03-16,270.10,276.00,268.40,270.90,401940
2017-03-17,268.85,271.80,265.00,266.35,170339
2017-03-20,268.90,272.00,264.40,269.90,64815
2017-03-21,270.00,271.50,266.55,268.05,95473
2017-03-22,268.70,274.60,267.00,270.45,108967
2017-03-23,269.65,274.00,267.40,269.30,109767
2017-03-24,272.90,286.25,268.00,280.20,597116
2017-03-27,281.90,286.00,279.00,285.20,404155
2017-03-28,284.85,289.80,283.00,284.65,128948
2017-03-29,286.35,289.45,280.50,288.25,213933
2017-03-30,286.15,289.35,285.00,286.55,54668
2017-03-31,288.90,295.00,285.35,290.50,179918
2017-04-03,289.95,295.30,288.60,291.05,93869
2017-04-05,293.15,306.00,292.00,299.45,418643
2017-04-06,298.90,302.80,292.35,301.35,184845
2017-04-07,298.30,303.00,296.05,298.65,93815
2017-04-10,297.35,303.00,297.35,300.15,69451
2017-04-11,300.00,301.45,297.05,299.55,101976
2017-04-12,299.05,301.00,290.00,300.20,137646
2017-04-13,300.80,301.00,293.10,294.95,64071
2017-04-17,291.30,300.00,291.30,296.30,89294
2017-04-18,297.70,300.00,290.55,292.00,112969
2017-04-19,294.00,295.70,290.00,292.40,68735
2017-04-20,293.90,297.25,292.00,293.90,48243
2017-04-21,296.20,300.00,292.20,293.95,68346
2017-04-24,295.25,297.00,294.00,294.60,120678
2017-04-25,297.50,297.50,292.30,293.00,92110
2017-04-26,295.15,296.45,288.40,290.65,40022
2017-04-27,290.30,294.70,289.00,291.65,31814
2017-04-28,292.10,294.80,290.65,292.70,46361
2017-05-02,294.95,294.95,289.40,291.85,39065
2017-05-03,291.65,294.50,290.50,293.10,49032
2017-05-04,292.55,300.00,290.45,297.20,149220
2017-05-05,301.00,301.00,288.10,292.10,75253
2017-05-08,293.25,298.45,291.00,291.80,104195
2017-05-09,294.60,298.90,292.40,297.60,125904
2017-05-10,300.00,303.10,294.55,296.00,136344
2017-05-11,297.00,300.05,292.15,296.15,75159
2017-05-12,297.00,297.50,294.00,295.00,120440
2017-05-15,295.00,312.50,294.90,309.25,686961
2017-05-16,312.60,316.00,310.00,311.90,226567
2017-05-17,314.40,317.00,310.30,311.50,160986
2017-05-18,308.70,310.80,298.65,303.25,92505
2017-05-19,305.80,307.95,295.85,297.60,67236
2017-05-22,298.00,299.15,294.00,295.50,64212
2017-05-23,296.95,296.95,285.00,293.95,663819
2017-05-24,295.00,295.00,288.00,288.60,132102
2017-05-25,290.90,294.00,285.65,289.90,81376
2017-05-26,290.90,301.55,290.05,296.55,76312
2017-05-29,299.10,299.10,291.05,294.05,46653
2017-05-30,296.90,304.00,291.05,300.70,127647
2017-05-31,300.30,303.70,299.70,300.60,104236
2017-06-01,301.05,307.80,297.00,298.45,111660
2017-06-02,300.00,300.00,294.00,297.65,51645
2017-06-05,299.55,299.80,295.00,297.95,21141
2017-06-06,299.95,300.00,294.95,296.40,40839
2017-06-07,296.40,298.50,294.10,295.65,123580
2017-06-08,294.05,296.85,292.60,292.95,35450
2017-06-09,294.45,303.50,292.00,301.85,153538
2017-06-12,299.80,314.00,299.75,311.70,294696
2017-06-13,314.65,331.90,313.05,320.95,369241
2017-06-14,322.80,336.00,318.25,333.20,393796
2017-06-15,333.00,339.50,330.00,336.95,164932
2017-06-16,335.90,340.00,331.00,336.20,113674
2017-06-19,338.60,339.90,330.55,332.15,50912
2017-06-20,332.15,336.00,328.70,330.10,184496
2017-06-21,330.10,333.45,328.00,331.45,97544
2017-06-22,332.20,337.65,328.60,330.05,80878
2017-06-23,330.00,337.15,323.35,331.40,173327
2017-06-27,335.00,335.50,324.00,325.30,70001
2017-06-28,323.60,331.00,321.30,322.85,56194
2017-06-29,332.45,332.45,319.55,322.10,117847
2017-06-30,325.50,326.00,318.00,325.25,68242
2017-07-03,324.95,334.50,324.10,330.65,97091
2017-07-04,330.60,333.25,325.45,331.15,41242
2017-07-05,331.85,334.70,329.00,329.70,87467
2017-07-06,330.05,338.00,330.00,334.15,116751
2017-07-07,330.05,351.00,330.05,342.65,131325
2017-07-10,343.00,343.00,338.85,340.05,19857
2017-07-11,342.70,342.70,335.15,337.50,44136
2017-07-12,338.00,345.80,336.75,341.10,45528
2017-07-13,342.05,357.95,340.00,344.45,147229
2017-07-14,343.40,353.70,342.30,349.35,122002
2017-07-17,350.05,357.00,342.35,347.30,149023
2017-07-18,347.00,354.25,344.00,347.20,69477
2017-07-19,347.20,354.90,347.20,353.65,97871
2017-07-20,352.35,354.90,350.00,350.45,44205
2017-07-21,350.45,361.40,350.45,357.05,140610
2017-07-24,363.00,365.00,356.00,356.55,63508
2017-07-25,356.55,359.05,345.40,349.15,132662
2017-07-26,345.00,352.00,345.00,348.00,88233
2017-07-27,352.00,352.00,342.10,344.20,42027
2017-07-28,343.75,350.00,341.30,349.25,24346
2017-07-31,358.90,358.90,337.10,339.15,98976
2017-08-01,338.00,339.85,329.35,336.90,109887
2017-08-02,338.00,339.30,332.00,334.00,60415
2017-08-03,336.00,338.00,327.65,335.15,98685
2017-08-04,336.00,341.00,330.50,337.55,108178
2017-08-07,340.90,340.90,334.00,336.35,44071
2017-08-08,334.10,339.10,329.55,334.30,90420
2017-08-09,334.40,344.00,331.30,337.85,73130
2017-08-10,335.00,336.05,322.00,327.60,144577
2017-08-11,322.00,334.00,321.95,327.75,89935
2017-08-14,333.90,343.40,328.00,340.55,207872
2017-08-16,336.05,346.70,336.05,340.05,450225
2017-08-17,343.80,351.50,341.00,345.45,79854
2017-08-18,342.05,346.45,331.25,337.65,122321
2017-08-21,337.75,347.15,335.70,336.55,70461
2017-08-22,334.05,340.25,332.85,335.40,52788
2017-08-23,333.20,341.80,332.55,338.60,61469
2017-08-24,337.00,342.55,332.30,334.30,84367
2017-08-28,341.00,350.00,335.00,344.65,131312
2017-08-29,342.10,358.70,342.00,345.70,135984
2017-08-30,345.40,355.00,345.20,351.95,103835
2017-08-31,351.15,362.00,351.15,353.30,343749
2017-09-01,357.00,358.00,347.30,349.35,69584
2017-09-04,349.90,350.95,341.10,342.80,48334
2017-09-05,345.95,350.00,341.15,344.05,44764
2017-09-06,342.10,344.10,339.00,340.75,94147
2017-09-07,344.90,345.75,340.20,344.70,55803
2017-09-08,346.00,348.40,343.15,346.70,34777
2017-09-11,345.95,349.60,343.00,345.05,109001
2017-09-12,344.90,356.90,343.00,350.00,199591
2017-09-13,351.95,352.50,346.40,347.70,121221
2017-09-14,347.65,362.90,347.65,358.75,290661
2017-09-15,358.80,358.80,349.80,351.45,70285
2017-09-18,355.00,355.00,346.25,347.85,47908
2017-09-19,350.95,355.00,346.00,350.20,195341
2017-09-20,352.90,355.80,348.50,349.30,54377
2017-09-21,351.90,353.00,343.30,345.25,48718
2017-09-22,344.00,345.00,323.10,329.20,169169
2017-09-25,330.20,330.20,313.80,326.50,69587
2017-09-26,323.50,330.00,322.10,323.60,64512
2017-09-27,326.00,326.95,313.00,315.20,49313
2017-09-28,318.95,323.90,315.00,316.75,41094
2017-09-29,319.00,324.80,317.00,317.75,84576
2017-10-03,315.75,322.95,313.85,315.30,71078
2017-10-04,315.30,326.80,315.30,317.80,46193
2017-10-05,317.80,323.00,316.10,316.45,46543
2017-10-06,317.20,334.50,317.20,326.95,530528
2017-10-09,327.00,334.30,323.70,329.65,158195
2017-10-10,329.90,340.00,326.00,330.30,188974
2017-10-11,334.60,337.00,323.00,325.75,100597
2017-10-12,326.30,329.00,323.00,324.05,190021
2017-10-13,325.00,331.00,322.25,324.60,169142
2017-10-16,335.00,341.90,326.00,329.00,320556
2017-10-17,332.00,332.00,327.00,327.85,298202
2017-10-18,328.00,329.90,321.35,323.15,169595
2017-10-19,328.00,335.20,328.00,332.20,109428
2017-10-23,330.05,342.40,330.05,334.90,152696
2017-10-24,336.00,346.70,331.15,344.15,467844
2017-10-25,344.15,351.95,342.00,345.90,240711
2017-10-26,349.95,350.00,342.10,344.55,80683
2017-10-27,345.00,349.70,344.00,345.20,131756
2017-10-30,348.00,348.80,342.10,345.85,103908
2017-10-31,347.95,369.00,346.20,361.30,646812
2017-11-01,365.60,374.25,359.00,361.25,588972
2017-11-02,363.00,373.90,360.20,367.50,266658
2017-11-03,369.95,373.00,363.00,366.00,96333
2017-11-06,367.50,371.00,365.00,367.90,78096
2017-11-07,367.90,369.80,355.55,358.65,138660
2017-11-08,364.00,364.40,351.30,354.50,101171
2017-11-09,356.55,378.00,355.45,374.25,322569
2017-11-10,378.00,379.90,370.15,374.20,118234
2017-11-13,371.00,377.95,364.20,370.90,80580
2017-11-14,374.90,376.70,370.00,370.05,36737
2017-11-15,375.00,387.00,373.40,378.05,314172
2017-11-16,386.00,386.00,374.00,376.55,62447
2017-11-17,379.00,383.90,374.55,375.55,62562
2017-11-20,375.90,379.00,371.00,375.50,69030
2017-11-21,377.30,384.45,375.00,380.60,68663
2017-11-22,379.70,389.70,375.05,380.65,150040
2017-11-23,377.10,392.25,377.10,384.05,115727
2017-11-24,384.05,389.00,378.10,386.70,80592
2017-11-27,382.50,384.00,375.20,380.60,45641
2017-11-28,382.00,386.75,378.70,380.45,37361
2017-11-29,381.00,384.00,379.50,381.00,20008
2017-11-30,379.00,382.50,377.25,380.05,70399
2017-12-01,377.60,384.70,377.60,381.90,95840
2017-12-04,382.95,395.80,381.50,389.05,167057
2017-12-05,387.00,389.15,380.00,383.15,52543
2017-12-06,384.00,384.00,379.00,380.00,283199
2017-12-07,381.00,386.50,380.35,383.80,46619
2017-12-08,385.00,393.40,382.30,387.20,146537
2017-12-11,390.25,390.25,380.10,381.00,38850
2017-12-12,384.00,384.00,380.00,380.80,47694
2017-12-13,380.10,384.80,377.50,380.15,179671
2017-12-14,380.75,382.00,374.30,377.35,213393
2017-12-15,381.40,382.85,374.10,377.05,66279
2017-12-18,375.10,386.00,369.00,380.35,74584
2017-12-19,375.80,383.55,375.80,380.10,40343
2017-12-20,384.70,386.30,378.20,379.75,66609
2017-12-21,382.15,382.85,375.30,378.10,23918
2017-12-22,375.45,382.80,375.45,380.55,57619
2017-12-26,382.50,383.00,376.50,377.95,33306
2017-12-27,377.95,383.55,377.00,378.70,73115
2017-12-28,382.15,388.80,380.25,381.45,43538
2017-12-29,381.05,382.85,375.25,376.15,23991
2018-01-01,387.00,387.00,371.00,373.75,84144
2018-01-02,374.10,377.50,372.30,374.30,19812
2018-01-03,376.90,393.00,376.00,390.80,363385
2018-01-04,398.45,427.00,393.05,420.50,968088
2018-01-05,421.90,423.90,414.00,418.35,194384
2018-01-08,424.00,424.00,409.00,415.40,368586
2018-01-09,416.00,419.90,414.00,416.40,125743
2018-01-10,419.00,419.00,410.20,415.00,98099
2018-01-11,415.05,419.80,411.55,413.85,62822
2018-01-12,415.00,417.15,398.00,404.40,46902
2018-01-15,397.00,417.00,397.00,410.65,113356
2018-01-16,411.40,416.70,396.00,399.75,89500
2018-01-17,399.85,402.40,390.10,399.80,88279
2018-01-18,403.40,404.20,387.95,390.70,47160
2018-01-19,387.00,395.70,385.30,390.65,31171
2018-01-22,387.00,399.00,387.00,395.85,49457
2018-01-23,396.70,400.00,390.00,390.65,26395
2018-01-24,394.70,395.90,389.00,392.85,45142
2018-01-25,391.00,404.60,388.70,391.00,252505
2018-01-29,391.00,393.95,388.10,390.00,71720
2018-01-30,389.05,390.95,380.00,382.45,42072
2018-01-31,379.10,382.00,367.15,370.35,102917
2018-02-01,374.40,382.00,367.00,376.45,60829
2018-02-02,371.00,380.00,358.30,365.70,158229
2018-02-05,356.65,364.30,346.55,359.00,115720
2018-02-06,341.00,362.00,341.00,354.25,183541
2018-02-07,357.25,364.30,353.00,354.25,64428
2018-02-08,355.50,362.85,355.00,357.35,93266
2018-02-09,350.50,364.00,350.50,360.70,49064
2018-02-12,361.05,368.75,358.05,367.20,31218
2018-02-14,370.00,371.05,358.30,361.15,355517
2018-02-15,365.50,365.50,350.30,352.70,151462
2018-02-16,353.00,354.80,347.50,350.80,108007
2018-02-19,353.95,358.00,345.00,354.50,36657
2018-02-20,355.00,367.00,352.00,361.95,105802
2018-02-21,364.95,368.50,356.55,358.80,47068
2018-02-22,357.70,359.40,352.30,355.00,60638
2018-02-23,355.90,358.00,354.05,356.90,25123
2018-02-26,361.00,366.00,355.55,358.55,74485
2018-02-27,358.50,362.80,350.50,354.90,64115
2018-02-28,352.30,354.15,346.25,349.25,97765
2018-03-01,350.25,353.00,343.55,344.90,33848
2018-03-05,345.00,347.00,335.10,337.10,66440
2018-03-06,339.75,354.00,339.75,350.45,321166
2018-03-07,353.00,353.45,342.55,344.55,249952
2018-03-08,347.85,350.95,340.10,349.90,144184
2018-03-09,353.00,353.00,344.10,347.25,40365
2018-03-12,350.00,352.30,343.10,345.05,62069
2018-03-13,347.40,354.70,344.25,351.05,80854
2018-03-14,351.00,352.50,343.15,344.90,336355
2018-03-15,346.95,351.20,343.20,348.75,164124
2018-03-16,351.00,351.00,342.55,347.95,54283
2018-03-19,349.80,349.80,332.20,338.30,217084
2018-03-20,338.00,345.65,334.05,342.90,30554
2018-03-21,343.40,344.95,340.00,341.10,30939
2018-03-22,340.00,347.90,340.00,344.25,40106
2018-03-23,339.00,341.45,334.00,337.00,70035
2018-03-26,341.95,343.00,332.50,340.10,207856
2018-03-27,344.30,354.00,342.95,352.20,117132
2018-03-28,352.00,352.05,345.00,347.40,21562
2018-04-02,349.95,351.35,346.25,350.50,31261
2018-04-03,349.05,366.85,349.05,364.55,79629
2018-04-04,365.10,376.00,365.10,370.75,106388
2018-04-05,373.50,376.00,368.00,372.20,95526
2018-04-06,372.05,372.95,366.65,368.25,26795
2018-04-09,371.00,371.00,361.55,363.55,32872
2018-04-10,362.60,366.35,357.00,361.25,49926
2018-04-11,360.00,364.50,355.50,362.15,20440
2018-04-12,365.50,365.50,356.10,357.85,16670
2018-04-13,361.65,365.00,355.00,357.10,23376
2018-04-16,359.50,363.80,355.55,362.40,17115
2018-04-17,363.25,371.00,357.30,368.40,246998
2018-04-18,373.90,374.00,356.50,358.50,68513
2018-04-19,357.00,360.95,356.00,359.65,58662
2018-04-20,358.85,368.40,358.85,366.05,133092
2018-04-23,367.65,370.00,360.30,366.10,52429
2018-04-24,367.45,371.80,366.40,368.60,21966
2018-04-25,370.25,370.25,357.10,358.65,30549
2018-04-26,359.30,361.35,355.00,360.00,25345
2018-04-27,361.00,366.00,358.25,363.70,43892
2018-04-30,364.75,381.95,363.50,377.25,64664
2018-05-02,382.00,386.00,365.05,368.15,39319
2018-05-03,369.25,369.25,359.50,363.05,18570
2018-05-04,363.05,383.80,361.45,375.85,347437
2018-05-07,376.00,377.00,368.15,370.20,29541
2018-05-08,370.95,377.95,368.20,373.55,32123
2018-05-09,375.00,375.05,367.70,368.90,16938
2018-05-10,371.95,371.95,362.60,365.25,12485
2018-05-11,367.95,368.80,362.00,365.60,20997
2018-05-14,365.05,368.90,360.15,361.60,14070
2018-05-15,361.00,366.00,357.30,357.85,56339
2018-05-16,358.35,360.75,355.05,356.70,10540
2018-05-17,357.05,360.65,348.00,348.70,71144
2018-05-18,349.30,350.85,344.80,345.15,12527
2018-05-21,349.00,349.00,322.25,327.25,61012
2018-05-22,328.00,337.95,325.00,334.95,177898
2018-05-23,337.00,339.95,333.90,335.40,20143
2018-05-24,335.70,335.95,327.00,329.40,31835
2018-05-25,329.75,349.00,327.05,344.80,163909
2018-05-28,344.75,351.50,344.75,350.05,21030
2018-05-29,351.05,354.00,347.95,350.20,43380
2018-05-30,350.00,351.35,346.25,350.15,20127
2018-05-31,350.60,353.85,345.00,348.60,135872
2018-06-01,349.75,349.75,335.00,337.05,52381
2018-06-04,340.00,340.30,328.00,331.35,70952
2018-06-05,331.70,333.95,325.00,326.10,236030
2018-06-06,326.45,330.00,325.25,327.70,17593
2018-06-07,329.95,335.55,329.75,332.10,27004
2018-06-08,332.50,337.50,331.00,333.55,9112
2018-06-11,337.90,338.35,330.00,331.85,22810
2018-06-12,332.50,340.00,331.95,339.50,27382
2018-06-13,338.45,339.30,335.00,335.20,12499
2018-06-14,335.20,338.00,328.80,332.85,26348
2018-06-15,332.85,336.85,328.05,329.85,16211
2018-06-18,329.85,337.30,328.95,330.15,14063
2018-06-19,330.80,337.00,326.45,333.85,80516
2018-06-20,336.55,337.95,327.10,331.25,28820
2018-06-21,332.00,332.00,324.00,325.85,102642
2018-06-22,325.85,333.00,322.40,331.25,22619
2018-06-25,331.25,334.00,326.00,328.95,22900
2018-06-26,328.95,332.30,328.95,330.05,13043
2018-06-27,330.25,331.80,314.95,320.90,29694
2018-06-28,316.10,321.80,315.05,319.70,90928
2018-06-29,319.80,326.00,313.85,316.90,35601
2018-07-02,318.65,322.00,316.15,318.05,23783
2018-07-03,318.05,321.00,314.00,319.05,19824
2018-07-04,319.05,322.00,316.10,319.55,13039
2018-07-05,320.25,322.00,317.10,318.85,233121
2018-07-06,318.85,325.00,318.10,323.60,18752
2018-07-09,324.00,330.80,323.25,329.50,20849
2018-07-10,331.95,344.80,329.80,341.90,66598
2018-07-11,342.80,345.00,335.00,337.80,15247
2018-07-12,341.50,349.80,338.05,345.45,41709
2018-07-13,344.95,346.00,325.55,337.50,77788
2018-07-16,338.00,344.05,325.00,325.90,140345
2018-07-17,325.90,335.00,324.20,332.70,15979
2018-07-18,334.50,338.00,327.15,329.65,20167
2018-07-19,329.65,329.90,321.75,323.85,11368
2018-07-20,323.85,325.00,319.85,320.05,81472
2018-07-23,320.95,331.00,320.00,330.00,24738
2018-07-24,330.00,354.00,326.45,345.90,78640
2018-07-25,346.25,361.25,346.25,357.25,76204
2018-07-26,357.25,358.05,349.95,350.25,30193
2018-07-27,350.15,360.05,345.50,358.40,55443
2018-07-30,355.10,373.55,355.10,370.00,89033
2018-07-31,370.60,378.40,362.00,371.05,45965
2018-08-01,367.70,379.70,364.95,377.15,56018
2018-08-02,377.00,377.00,362.65,369.85,46484
2018-08-03,368.05,401.90,368.05,380.15,636602
2018-08-06,373.00,380.15,360.25,362.50,76005
2018-08-07,363.00,366.00,352.05,354.30,196040
2018-08-08,354.00,358.00,345.00,352.95,132442
2018-08-09,359.25,363.00,349.30,351.65,93478
2018-08-10,348.10,356.55,345.50,350.30,41203
2018-08-13,353.85,353.85,345.00,345.60,21877
2018-08-14,345.60,353.50,345.00,351.05,41451
2018-08-16,350.00,354.00,347.75,349.25,20700
2018-08-17,352.00,358.00,348.00,354.70,35400
2018-08-20,358.00,365.00,357.00,358.35,37449
2018-08-21,359.00,373.70,358.90,369.60,109456
2018-08-23,370.00,374.00,364.90,369.95,24632
2018-08-24,369.95,370.00,363.10,364.80,30947
2018-08-27,365.00,367.65,362.25,366.40,35381
2018-08-28,366.50,378.20,364.00,372.35,73023
2018-08-29,372.35,379.80,371.25,374.45,49395
2018-08-30,375.10,377.95,369.00,369.60,25699
2018-08-31,372.00,372.00,364.15,371.10,36021
2018-09-03,373.90,379.25,366.00,376.40,76733
2018-09-04,375.55,375.60,365.00,372.40,84550
2018-09-05,368.00,372.00,366.90,369.85,25376
2018-09-06,373.00,373.00,368.65,371.10,75878
2018-09-07,372.05,374.50,369.65,371.15,31325
2018-09-10,373.90,376.40,367.60,371.90,56152
2018-09-11,373.95,386.00,370.20,385.00,428329
2018-09-12,390.00,394.00,378.00,387.75,355593
2018-09-14,390.00,393.00,379.30,384.35,45653
2018-09-17,379.35,387.85,375.20,379.90,38336
2018-09-18,380.90,381.00,374.00,377.45,26149
2018-09-19,379.95,385.85,374.30,376.10,31697
2018-09-21,375.00,389.85,374.15,382.85,213909
2018-09-24,384.90,384.90,374.90,378.25,104160
2018-09-25,376.10,381.00,368.70,374.70,116294
2018-09-26,372.25,387.70,365.00,382.95,215871
2018-09-27,382.00,389.20,375.00,384.50,92737
2018-09-28,383.30,389.40,372.00,385.05,368201
2018-10-01,388.00,395.10,366.50,389.65,99015
2018-10-03,388.50,394.00,367.00,369.10,77104
2018-10-04,362.00,367.85,350.10,351.95,64832
2018-10-05,353.85,353.85,329.05,332.80,59288
2018-10-08,329.25,340.20,325.10,334.40,53985
2018-10-09,334.20,339.15,327.30,334.15,29499
2018-10-10,331.75,361.90,331.75,358.75,36912
2018-10-11,349.85,362.00,340.00,358.50,49856
2018-10-12,356.35,372.00,355.20,370.50,82889
2018-10-15,372.00,379.00,366.00,367.65,27047
2018-10-16,364.80,370.00,364.80,365.85,23366
2018-10-17,369.90,369.90,365.00,365.00,17240
2018-10-19,367.45,374.00,360.05,368.60,27044
2018-10-22,368.60,370.65,362.00,363.30,34375
2018-10-23,362.05,365.35,360.00,364.90,61481
2018-10-24,364.00,369.50,362.75,365.70,14485
2018-10-25,366.50,379.80,360.00,370.85,94267
2018-10-26,374.55,374.55,360.50,361.90,201764
2018-10-29,362.50,370.00,355.10,360.95,137467
2018-10-30,363.80,364.85,354.00,363.05,142311
2018-10-31,362.95,365.00,358.25,362.25,16175
2018-11-01,365.00,365.00,354.50,356.50,103283
2018-11-02,357.00,364.00,356.15,362.25,88719
2018-11-05,361.95,365.10,358.00,358.65,7552
2018-11-06,358.75,363.00,357.10,358.20,12129
2018-11-07,361.90,362.00,356.20,357.60,11047
2018-11-09,357.00,359.00,353.80,354.75,6482
2018-11-12,357.95,368.80,357.00,361.55,60638
2018-11-13,360.05,363.95,358.25,361.60,35229
2018-11-14,364.95,364.95,358.10,358.90,3292
2018-11-15,358.00,359.75,352.10,353.35,10088
2018-11-16,350.00,361.70,350.00,357.75,14744
2018-11-19,357.00,357.00,351.90,353.55,5463
2018-11-20,351.10,354.90,347.95,353.65,18856
2018-11-21,350.05,356.50,350.05,353.50,13687
2018-11-22,356.95,361.30,354.40,359.50,22015
2018-11-26,360.60,371.80,360.60,367.65,73671
2018-11-27,369.00,370.00,360.30,361.10,11327
2018-11-28,359.95,365.00,356.20,356.50,10088
2018-11-29,356.50,365.00,354.00,359.40,14327
2018-11-30,355.50,365.50,355.50,362.25,22676
2018-12-03,359.00,362.85,348.30,350.40,54511
2018-12-04,348.00,351.70,347.45,350.35,26395
2018-12-05,347.45,351.50,347.00,348.55,30552
2018-12-06,349.65,349.70,345.55,346.15,16939
2018-12-07,344.50,351.80,344.50,347.30,59059
2018-12-10,346.00,347.80,340.70,341.40,11383
2018-12-11,340.95,346.10,335.20,337.60,67181
2018-12-12,336.00,363.35,336.00,358.85,60487
2018-12-13,357.65,364.00,352.55,355.05,33045
2018-12-14,352.00,357.00,350.55,352.90,24077
2018-12-17,350.20,359.80,350.20,354.10,35579
2018-12-18,354.10,368.00,352.10,365.60,62748
2018-12-19,367.95,368.00,361.05,362.85,7696
2018-12-20,367.90,367.90,355.00,359.10,18617
2018-12-21,357.85,359.00,350.05,356.90,48097
2018-12-24,352.50,358.75,352.30,356.00,98103
2018-12-26,356.00,356.50,346.95,348.30,54101
2018-12-27,351.60,359.00,348.45,357.40,49156
2018-12-28,359.00,359.50,353.05,358.20,6758
2018-12-31,352.70,358.35,352.70,355.05,25016
2019-01-01,355.45,362.70,354.70,360.60,13802
2019-01-02,360.60,368.00,355.20,361.50,592865
2019-01-03,360.05,368.00,360.05,364.45,25008
2019-01-04,360.10,367.95,360.10,366.00,337576
2019-01-07,366.00,377.40,364.00,373.65,699038
2019-01-08,378.00,378.00,364.10,364.95,501205
2019-01-09,366.85,368.80,364.60,365.65,57844
2019-01-10,365.10,370.00,362.10,365.85,579427
2019-01-11,368.00,368.00,360.00,360.85,25725
2019-01-14,360.05,363.70,359.15,361.10,36168
2019-01-15,360.30,363.80,360.00,362.45,24456
2019-01-16,360.20,362.05,360.20,360.50,5419
2019-01-17,360.30,365.00,360.00,363.40,16197
2019-01-18,362.80,362.95,359.50,359.90,261021
2019-01-21,362.00,368.50,354.25,360.85,151811
2019-01-22,360.25,362.45,356.20,359.05,21400
2019-01-23,359.25,366.00,358.45,361.00,22786
2019-01-24,361.25,365.05,358.10,360.35,23734
2019-01-25,361.35,364.00,359.65,359.90,18322
2019-01-28,359.00,361.45,346.00,356.85,199212
2019-01-29,356.90,357.10,348.50,353.20,18840
2019-01-30,353.65,355.50,349.90,351.65,19886
2019-01-31,351.65,353.35,348.10,349.45,15265
2019-02-01,355.90,355.90,348.65,351.40,24363
2019-02-04,351.40,354.45,346.55,348.40,21819
2019-02-05,347.20,350.40,342.40,344.30,19896
2019-02-06,343.50,343.50,336.30,338.20,28581
2019-02-07,338.45,351.90,334.20,350.50,55733
2019-02-08,351.80,355.50,346.00,354.45,11815
2019-02-11,351.00,352.35,341.25,346.05,39149
2019-02-12,343.05,345.05,338.00,340.80,51387
2019-02-13,337.15,348.00,337.15,344.95,20936
2019-02-14,347.90,349.95,342.00,348.55,14438
2019-02-15,348.00,348.45,345.00,346.15,9292
2019-02-18,346.90,349.00,344.45,348.15,25171
2019-02-19,349.00,349.40,348.00,348.00,9131
2019-02-20,347.95,349.50,345.00,345.15,9344
2019-02-21,345.05,347.15,344.00,345.70,17432
2019-02-22,345.05,346.55,345.00,345.05,17407
2019-02-25,344.75,348.00,343.30,345.65,11693
2019-02-26,344.00,351.00,342.90,349.85,18248
2019-02-27,352.00,365.00,345.00,359.55,150684
2019-02-28,363.00,373.80,359.05,371.95,121467
2019-03-01,369.90,391.00,367.25,380.85,106060
2019-03-05,377.70,388.10,375.60,386.75,58363
2019-03-06,389.00,389.00,381.15,382.10,25728
2019-03-07,380.00,384.90,380.00,382.00,61882
2019-03-08,381.90,386.80,376.00,383.80,46724
2019-03-11,384.00,395.85,382.00,390.30,90684
2019-03-12,391.00,392.80,383.40,388.20,140880
2019-03-13,383.05,384.00,381.10,382.05,23529
2019-03-14,382.50,387.00,376.55,377.20,16366
2019-03-15,378.10,385.00,372.20,381.40,30880
2019-03-18,382.05,383.25,368.00,369.05,23848
2019-03-19,371.20,371.20,360.50,361.90,221089
2019-03-20,360.00,369.30,356.90,358.75,2092306
2019-03-22,365.00,371.65,361.10,369.00,114310
2019-03-25,368.00,379.80,362.25,376.90,268737
2019-03-26,379.00,381.30,367.65,379.25,552237
2019-03-27,379.20,389.00,373.15,385.10,122359
2019-03-28,386.00,391.90,380.75,388.45,84327
2019-03-29,388.70,418.85,381.50,410.35,308220
2019-04-01,409.65,415.15,396.00,412.80,158881
2019-04-02,410.00,412.40,401.50,406.05,30696
2019-04-03,403.15,409.50,392.50,395.05,55474
2019-04-04,397.80,397.80,386.50,389.20,32183
2019-04-05,391.90,391.90,382.55,385.30,15072
2019-04-08,387.95,396.00,382.35,388.20,42416
2019-04-09,386.75,387.00,379.00,381.15,462338
2019-04-10,382.05,382.35,375.25,380.00,160504
2019-04-11,378.15,382.50,375.00,379.85,12622
2019-04-12,381.25,381.25,376.75,379.25,90645
2019-04-15,381.00,381.00,376.00,376.95,13878
2019-04-16,378.00,379.55,372.55,373.75,13667
2019-04-18,377.70,377.70,369.00,373.85,21773
2019-04-22,370.25,373.75,369.00,372.60,24380
2019-04-23,372.60,376.90,364.20,372.85,292525
2019-04-24,373.05,375.50,371.00,372.85,11467
2019-04-25,375.00,375.00,367.00,368.15,17116
2019-04-26,368.70,377.90,364.00,370.35,136299
2019-04-30,369.00,369.00,358.05,360.00,40363
2019-05-02,361.10,361.10,350.65,358.45,107115
2019-05-03,354.45,359.80,351.00,355.15,68802
2019-05-06,353.00,355.00,350.00,354.80,27477
2019-05-07,354.00,362.00,351.95,359.05,141307
2019-05-08,361.00,361.00,352.85,354.70,60039
2019-05-09,354.00,356.45,353.45,355.10,13111
2019-05-10,354.05,355.95,353.30,354.05,6505
2019-05-13,352.00,356.85,350.55,354.05,82213
2019-05-14,352.15,359.00,345.00,352.90,39291
2019-05-15,353.05,370.00,352.35,362.05,470114
2019-05-16,360.70,362.70,346.50,359.35,96236
2019-05-17,356.95,360.00,351.95,358.55,14921
2019-05-20,357.50,371.50,357.50,370.05,59809
2019-05-21,365.05,365.75,357.10,359.95,36724
2019-05-22,356.20,359.95,351.20,353.95,24435
2019-05-23,354.60,357.95,348.75,353.40,98180
2019-05-24,354.00,366.15,354.00,365.40,114377
2019-05-27,368.00,379.50,364.30,375.60,277497
2019-05-28,378.95,384.90,370.55,378.95,884611
2019-05-29,375.00,381.65,375.00,378.30,229640
2019-05-30,375.20,377.45,374.05,376.05,61350
2019-05-31,378.65,382.95,363.35,376.60,83159
2019-06-03,375.00,381.00,373.55,376.50,22145
2019-06-04,373.00,376.50,373.00,374.65,14144
2019-06-06,370.50,374.45,366.10,366.95,335847
2019-06-07,365.60,369.95,363.65,366.80,14261
2019-06-10,365.00,374.15,360.00,368.95,305887
2019-06-11,365.00,365.05,358.05,359.00,33525
2019-06-12,360.00,362.50,353.85,354.95,38066
2019-06-13,355.85,355.85,346.00,346.60,27930
2019-06-14,346.00,349.80,343.45,346.10,19245
2019-06-17,349.95,349.95,337.10,337.10,85094
2019-06-18,339.50,339.50,330.05,331.90,42801
2019-06-19,336.80,336.80,328.00,335.80,54874
2019-06-20,330.50,342.50,330.50,340.10,69602
2019-06-21,338.00,346.00,338.00,343.50,23049
2019-06-24,345.50,349.80,339.95,347.25,31001
2019-06-25,350.00,364.45,342.15,361.35,44373
2019-06-26,358.00,363.00,355.30,359.95,13025
2019-06-27,359.55,361.95,354.25,357.35,49726
2019-06-28,357.35,359.00,353.00,357.15,12911
2019-07-01,355.80,362.90,354.40,355.30,11066
2019-07-02,355.80,361.30,351.30,353.35,16725
2019-07-03,353.35,355.65,349.10,352.70,10455
2019-07-04,354.20,354.20,345.55,350.00,45908
2019-07-05,352.95,357.40,347.05,355.30,34475
2019-07-08,352.90,355.30,343.05,346.20,29087
2019-07-09,347.50,350.50,344.70,347.00,13485
2019-07-10,344.60,348.70,344.45,346.05,14852
2019-07-11,346.75,352.00,346.20,350.20,26378
2019-07-12,350.20,354.95,350.20,352.55,85382
2019-07-15,358.00,358.00,337.45,339.50,67179
2019-07-16,339.50,344.50,335.55,339.95,29035
2019-07-17,345.00,345.00,333.00,335.25,328905
2019-07-18,335.25,336.55,330.05,331.00,13122
2019-07-19,331.00,333.00,319.00,322.80,29736
2019-07-22,315.50,339.00,315.50,333.75,9755
2019-07-23,331.00,345.80,330.10,343.25,10070
2019-07-24,343.25,344.95,336.50,339.75,215315
2019-07-25,339.75,343.00,330.30,334.85,21157
2019-07-26,332.50,334.80,330.05,333.50,8562
2019-07-29,332.20,337.65,328.00,329.05,18232
2019-07-30,327.45,331.90,313.00,317.70,23963
2019-07-31,315.70,334.00,299.00,329.75,129768
2019-08-01,322.05,329.90,310.95,315.50,24669
2019-08-02,312.30,322.35,305.10,307.70,23046
2019-08-05,304.25,305.85,276.50,281.35,114189
2019-08-06,280.90,294.00,280.90,290.40,32115
2019-08-07,286.00,307.75,286.00,294.80,56584
2019-08-08,291.00,299.50,291.00,296.20,14172
2019-08-09,297.00,300.95,280.85,284.85,266031
2019-08-13,287.70,288.05,273.00,275.50,48249
2019-08-14,275.00,284.70,275.00,277.65,30053
2019-08-16,273.80,283.00,271.30,281.60,13253
2019-08-19,288.50,288.50,277.95,280.40,19253
2019-08-20,280.40,285.90,278.15,278.95,24311
2019-08-21,279.00,283.00,272.55,274.50,46609
2019-08-22,274.50,274.50,267.00,269.85,14910
2019-08-23,265.00,277.05,265.00,270.05,66620
2019-08-26,274.70,280.20,268.70,276.95,9204
2019-08-27,272.00,286.10,272.00,285.00,73306
2019-08-28,290.00,298.70,280.00,284.75,13372
2019-08-29,282.75,287.55,280.00,281.95,104030
2019-08-30,277.00,288.10,277.00,282.60,19106
2019-09-03,286.95,286.95,280.65,282.80,126755
2019-09-04,276.00,284.00,276.00,281.10,113995
2019-09-05,278.95,283.90,278.95,282.25,4819
2019-09-06,280.00,294.00,280.00,289.85,20036
2019-09-09,289.85,289.85,283.10,286.50,9907
2019-09-11,290.00,305.90,286.50,303.75,21319
2019-09-12,307.50,314.00,290.00,291.75,46890
2019-09-13,291.95,299.80,289.15,296.95,13003
2019-09-16,303.90,303.90,287.60,290.00,98117
2019-09-17,292.80,292.80,286.00,286.85,17811
2019-09-18,287.30,293.00,287.30,290.85,10874
2019-09-19,290.40,294.75,286.10,287.55,179429
2019-09-20,291.00,313.35,288.00,309.30,111305
2019-09-23,316.00,338.00,316.00,331.40,327444
2019-09-24,332.00,334.80,320.50,322.30,93939
2019-09-25,327.70,327.70,301.40,305.65,85317
2019-09-26,307.95,310.85,300.10,302.45,33261
2019-09-27,307.85,307.85,298.00,299.05,18854
2019-09-30,303.00,303.00,289.40,300.50,31029
2019-10-01,300.50,305.00,293.00,294.20,12295
2019-10-03,297.00,304.50,293.00,299.85,33202
2019-10-04,300.00,305.00,293.00,294.00,23755
2019-10-07,294.05,296.85,285.55,286.90,39894
2019-10-09,288.30,299.00,285.80,291.20,40415
2019-10-10,292.00,293.15,285.00,286.70,1219932
2019-10-11,287.00,293.40,283.05,290.50,87388
2019-10-14,293.00,293.00,284.65,288.00,927084
2019-10-15,292.00,292.00,285.00,286.00,47524
2019-10-16,283.25,293.00,283.25,286.30,156489
2019-10-17,288.95,305.00,288.95,299.85,35858
2019-10-18,299.35,312.00,297.00,308.75,108573
2019-10-22,310.00,312.65,296.55,300.90,29081
2019-10-23,301.50,307.55,295.25,304.35,57915
2019-10-24,307.95,308.00,298.65,300.60,11246
2019-10-25,305.80,309.00,293.25,301.80,147714
2019-10-29,299.10,305.00,291.10,302.00,77093
2019-10-30,311.00,314.50,304.05,313.10,43550
2019-10-31,317.85,322.65,310.10,320.65,58341
2019-11-01,323.00,339.90,318.00,326.50,88276
2019-11-04,329.00,329.00,318.05,320.55,134908
2019-11-05,324.90,324.90,308.80,312.05,194757
2019-11-06,316.00,317.00,307.05,309.15,78680
2019-11-07,311.00,312.00,305.00,307.05,165530
2019-11-08,303.00,312.40,303.00,307.80,27859
2019-11-11,307.00,311.70,305.30,309.50,20331
2019-11-13,309.00,310.80,303.50,308.85,40774
2019-11-14,311.00,311.20,303.70,310.25,28785
2019-11-15,310.90,312.90,308.25,310.50,14835
2019-11-18,312.00,312.25,304.50,305.05,73770
2019-11-19,308.00,309.00,306.00,307.80,16147
2019-11-20,308.20,309.60,304.95,306.50,37193
2019-11-21,306.80,314.45,305.00,305.65,22344
2019-11-22,305.75,310.00,305.00,309.15,25622
2019-11-25,306.55,320.00,306.55,318.90,69788
2019-11-26,320.95,326.00,314.45,324.75,122478
2019-11-27,324.95,325.00,318.05,320.15,17585
2019-11-28,317.70,320.20,316.05,317.00,22778
2019-11-29,324.00,332.60,316.00,328.25,73672
2019-12-02,330.90,339.95,322.00,330.70,113466
2019-12-03,330.00,331.80,327.10,329.85,194757
2019-12-04,329.30,329.30,324.00,327.55,36437
2019-12-05,326.05,328.35,321.25,323.80,52114
2019-12-06,324.85,328.85,318.85,324.10,75867
2019-12-09,324.15,324.95,314.50,316.10,49261
2019-12-10,313.35,324.00,313.30,320.30,71307
2019-12-11,325.00,325.00,317.30,320.30,15411
2019-12-12,320.00,324.75,318.50,321.90,125987
2019-12-13,323.95,326.90,323.25,325.05,202147
2019-12-16,327.00,327.60,324.85,326.80,72937
2019-12-17,325.65,328.10,324.75,326.30,71700
2019-12-18,326.65,329.50,325.05,326.60,13861
2019-12-19,326.70,327.90,324.00,326.80,29526
2019-12-20,327.45,329.00,321.35,324.60,26673
2019-12-23,323.50,324.85,320.10,322.30,34725
2019-12-24,322.10,325.50,320.10,322.35,10838
2019-12-26,320.60,324.00,320.00,322.85,8618
2019-12-27,322.80,324.90,320.65,322.85,30304
2019-12-30,325.00,325.00,319.00,320.25,23686
2019-12-31,320.85,322.75,316.05,320.40,29240
2020-01-01,319.00,320.00,315.20,316.10,39550
2020-01-02,315.50,322.20,315.50,320.55,29826
2020-01-03,324.35,336.60,320.60,329.45,52276
2020-01-06,329.00,330.50,320.25,326.90,34754
2020-01-07,323.15,329.95,323.15,325.20,307741
2020-01-08,323.00,330.00,321.70,328.50,130874
2020-01-09,330.50,330.90,326.50,327.55,26777
2020-01-10,327.55,344.30,325.10,330.30,79937
2020-01-13,336.00,336.00,325.95,328.20,98955
2020-01-14,328.75,336.10,328.50,333.45,113897
2020-01-15,339.40,344.80,331.65,334.65,149726
2020-01-16,335.90,339.40,332.45,337.65,110115
2020-01-17,341.00,343.85,337.65,339.55,57895
2020-01-20,340.20,342.00,336.70,337.05,26518
2020-01-21,336.55,340.00,334.80,336.25,60718
2020-01-22,339.95,340.00,331.70,336.75,12560
2020-01-23,335.05,337.80,332.85,335.15,7815
2020-01-24,338.00,342.00,334.45,340.70,163854
2020-01-27,344.00,353.95,342.00,348.25,58986
2020-01-28,351.00,351.00,343.55,346.35,54768
2020-01-29,349.95,350.00,342.10,343.80,10840
2020-01-30,344.00,349.45,336.15,339.75,251490
2020-01-31,339.75,339.75,330.05,333.75,876447
2020-02-01,339.00,339.00,326.00,330.05,119674
2020-02-03,325.00,338.40,325.00,330.45,26393
2020-02-04,328.65,336.00,328.65,331.25,31402
2020-02-05,334.40,338.00,329.45,331.40,24765
2020-02-06,334.00,335.55,325.65,328.00,93601
2020-02-07,331.00,334.80,326.50,333.15,20983
2020-02-10,335.80,340.45,328.85,333.35,40041
2020-02-11,335.00,340.65,332.45,337.40,69245
2020-02-12,337.50,348.00,336.00,344.05,71626
2020-02-13,347.90,349.00,336.35,341.40,52325
2020-02-14,345.00,345.00,334.30,338.20,65975
2020-02-17,341.00,341.00,333.20,335.95,59281
2020-02-18,335.15,340.50,331.00,340.15,33738
2020-02-19,340.15,345.00,339.25,343.55,38004
2020-02-20,344.25,362.00,343.10,348.05,434379
2020-02-24,346.00,347.90,340.00,343.20,33965
2020-02-25,344.95,348.00,340.45,343.30,63801
2020-02-26,346.50,346.50,332.35,335.10,62229
2020-02-27,334.95,346.00,322.00,337.90,35864
2020-02-28,330.00,338.65,321.00,325.25,259967
2020-03-02,328.10,331.00,323.50,327.30,45095
2020-03-03,328.00,329.45,322.20,327.05,28220
2020-03-04,328.55,328.55,310.35,317.40,58582
2020-03-05,316.05,321.35,308.60,314.95,56459
2020-03-06,308.00,312.00,301.10,304.80,60461
2020-03-09,301.90,301.90,290.55,299.05,46572
2020-03-11,290.65,299.10,290.65,294.50,43449
2020-03-12,290.00,290.00,250.00,265.25,71957
2020-03-13,257.00,274.30,212.20,259.60,137803
2020-03-16,257.00,258.55,240.85,248.95,30741
2020-03-17,247.00,251.00,232.80,242.05,42067
2020-03-18,247.00,247.00,230.55,234.50,256160
2020-03-19,230.00,235.15,224.70,227.15,96571
2020-03-20,227.00,235.75,217.05,223.65,50486
2020-03-23,210.00,212.05,178.95,188.40,111411
2020-03-24,220.00,220.00,179.55,188.05,42816
2020-03-25,188.15,208.00,188.10,194.80,17518
2020-03-26,201.30,209.95,190.10,196.95,43133
2020-03-27,212.70,212.70,201.55,207.95,44689
2020-03-30,205.00,224.50,190.10,214.00,229745
2020-03-31,219.75,224.00,205.20,222.00,254711
2020-04-01,218.25,232.30,217.30,222.70,73082
2020-04-03,226.50,231.45,217.30,219.15,56588
2020-04-07,229.95,234.15,218.50,220.55,19567
2020-04-08,227.95,227.95,218.50,219.70,27316
2020-04-09,233.00,233.00,214.35,221.15,155840
2020-04-13,218.15,222.85,215.00,219.30,28438
2020-04-15,218.95,229.25,214.00,216.40,93268
2020-04-16,211.00,223.00,206.95,219.55,39191
2020-04-17,230.00,231.05,222.20,229.60,26241
2020-04-20,231.00,274.00,229.60,238.60,638384
2020-04-21,230.55,244.15,219.60,223.35,112968
2020-04-22,222.55,227.80,220.00,224.00,206337
2020-04-23,225.10,227.00,222.10,223.00,44225
2020-04-24,226.00,226.00,214.00,215.95,34966
2020-04-27,220.00,226.00,212.10,216.15,69508
2020-04-28,216.00,223.15,214.00,217.80,31377
2020-04-29,217.80,219.90,216.00,218.05,21984
2020-04-30,218.00,227.90,218.00,221.25,53659
2020-05-04,215.55,216.40,207.15,213.10,48866
2020-05-05,217.90,220.00,210.50,213.40,21325
2020-05-06,217.95,217.95,209.35,213.00,27073
2020-05-07,211.00,214.85,211.00,213.30,15539
2020-05-08,214.00,217.50,207.80,212.85,19897
2020-05-11,213.05,217.45,211.65,213.90,21205
2020-05-12,213.90,215.95,210.30,212.35,14638
2020-05-13,219.95,219.95,212.00,214.50,22518
2020-05-14,214.00,215.90,208.05,209.65,20084
2020-05-15,212.00,212.05,209.00,210.85,53080
2020-05-18,214.00,214.00,202.55,204.10,16705
2020-05-19,205.00,206.95,203.00,204.10,28927
2020-05-20,204.05,206.00,202.60,205.10,16391
2020-05-21,206.90,208.10,204.15,205.90,23806
2020-05-22,203.20,208.45,203.00,204.85,31504
2020-05-26,206.85,207.55,204.65,205.80,9019
2020-05-27,206.45,218.85,204.05,216.10,52633
2020-05-28,219.80,230.00,213.80,222.15,85904
2020-05-29,222.00,232.00,210.10,222.50,100406
2020-06-01,229.00,233.00,223.55,228.30,60709
2020-06-02,231.50,235.45,228.20,230.40,53857
2020-06-03,236.65,245.90,231.55,235.85,274696
2020-06-04,237.45,251.85,232.30,244.65,398358
2020-06-05,248.90,248.90,240.25,243.65,64943
2020-06-08,249.75,258.75,239.00,242.70,162801
2020-06-09,248.00,254.00,241.60,244.35,302041
2020-06-10,245.00,249.75,243.80,245.20,83379
2020-06-11,248.80,248.80,244.00,246.35,47009
2020-06-12,243.65,247.95,233.90,246.95,30411
2020-06-15,246.95,249.00,244.75,247.25,43425
2020-06-16,248.00,249.25,237.30,238.30,38098
2020-06-17,234.40,242.05,234.40,240.80,48072
2020-06-18,244.00,245.90,237.40,243.20,139822
2020-06-19,246.10,271.40,245.25,265.00,771214
2020-06-22,268.00,268.00,254.00,261.65,146069
2020-06-23,265.00,265.00,257.10,262.55,269989
2020-06-24,265.00,267.00,257.60,264.05,89879
2020-06-25,261.10,270.80,258.00,268.05,81407
2020-06-26,272.00,275.00,265.05,273.25,193682
2020-06-29,272.80,281.60,264.40,275.25,238115
2020-06-30,275.25,282.65,268.55,278.35,648134
2020-07-01,285.00,286.80,273.30,276.30,275473
2020-07-02,273.00,280.00,271.00,273.25,135732
2020-07-03,275.00,275.00,268.05,268.75,76495
2020-07-06,270.05,270.05,264.50,265.85,39902
2020-07-07,268.00,269.40,256.05,259.90,107160
2020-07-08,264.70,264.85,256.25,257.35,46657
2020-07-09,260.00,270.00,247.50,250.40,681086
2020-07-10,260.00,268.00,253.70,256.25,356279
2020-07-13,258.50,258.90,249.10,249.75,101695
2020-07-14,247.00,248.95,242.45,243.65,251086
2020-07-15,244.60,246.10,238.00,239.90,159325
2020-07-16,250.80,255.75,233.05,239.25,273390
2020-07-17,242.00,244.10,239.50,240.65,92521
2020-07-20,240.65,245.00,239.85,240.25,126806
2020-07-21,242.80,244.85,231.60,233.10,2458544
2020-07-22,238.50,244.90,237.05,240.40,872478
2020-07-23,240.00,244.25,238.85,240.05,123889
2020-07-24,239.70,249.20,238.00,244.65,672770
2020-07-27,245.00,246.90,237.15,240.30,145830
2020-07-28,241.00,243.00,238.50,240.10,187085
2020-07-29,241.00,243.70,232.70,238.20,473678
2020-07-30,235.00,242.90,233.30,241.45,253920
2020-07-31,241.45,249.50,236.45,248.10,222449
2020-08-03,246.10,249.90,242.25,243.95,99130
2020-08-04,246.90,246.90,243.15,244.00,185587
2020-08-05,246.90,246.90,240.55,241.35,59573
2020-08-06,242.50,246.50,240.20,244.10,249803
2020-08-07,245.00,247.30,242.25,243.50,70256
2020-08-10,245.50,250.25,242.75,248.00,116061
2020-08-11,249.00,255.40,247.20,251.95,468079
2020-08-12,253.00,269.95,247.50,254.05,1952585
2020-08-13,255.95,258.50,253.70,257.20,285089
2020-08-14,259.00,264.70,250.55,253.40,213083
2020-08-17,254.00,256.05,250.50,252.05,70549
2020-08-18,253.70,261.00,252.80,253.65,104483
2020-08-19,255.90,258.45,253.50,253.85,79333
2020-08-20,259.00,269.50,257.00,267.05,635213
2020-08-21,273.00,293.75,271.10,280.35,1773482
2020-08-24,290.00,290.25,280.35,282.00,491016
2020-08-25,284.65,284.65,275.00,277.15,196942
2020-08-26,278.80,280.10,274.15,275.00,130067
2020-08-27,275.95,282.00,273.65,274.45,161975
2020-08-28,276.90,279.95,272.30,274.05,105245
2020-08-31,275.00,276.00,257.55,269.55,223487
2020-09-01,269.00,269.00,261.30,263.60,218294
2020-09-02,266.00,267.25,253.40,259.45,176972
2020-09-03,260.00,269.95,258.50,261.30,248424
2020-09-04,259.50,265.90,254.00,255.55,464637
2020-09-07,257.60,259.45,253.25,254.10,60002
2020-09-08,255.00,259.30,248.00,249.05,136012
2020-09-09,246.30,252.40,243.05,247.70,191275
2020-09-10,250.00,259.90,249.75,258.45,100143
2020-09-11,258.45,259.70,250.55,253.40,150823
2020-09-14,261.75,274.80,257.10,273.35,558461
2020-09-15,272.80,282.90,269.05,279.55,584455
2020-09-16,283.80,284.85,275.20,279.55,333863
2020-09-17,277.00,283.00,273.00,276.00,172534
2020-09-18,277.35,281.00,270.10,273.50,205086
2020-09-21,274.90,274.90,259.30,264.70,356428
2020-09-22,264.70,264.70,250.00,257.25,159656
2020-09-23,261.00,262.50,250.00,252.15,194217
2020-09-24,249.00,252.10,241.10,246.90,127000
2020-09-25,248.00,253.00,243.60,249.05,196970
2020-09-28,251.50,263.90,248.25,260.50,301215
2020-09-29,264.45,264.45,253.50,260.85,146507
2020-09-30,261.15,270.55,260.85,269.25,179981
2020-10-01,272.20,275.55,262.55,264.15,129716
2020-10-05,264.30,265.50,260.70,261.85,59906
2020-10-06,261.85,269.40,259.95,266.50,96693
2020-10-07,268.00,271.55,262.35,263.45,82033
2020-10-08,264.70,267.40,252.65,255.25,122549
2020-10-09,255.00,257.00,248.10,249.60,130147
2020-10-12,250.85,252.85,241.95,243.95,106696
2020-10-13,243.95,248.35,243.00,244.50,79671
2020-10-14,244.50,245.75,239.25,241.40,74381
2020-10-15,241.65,243.45,236.05,236.85,115981
2020-10-16,239.80,242.15,237.20,239.25,71530
2020-10-19,240.10,251.00,240.10,247.90,129323
2020-10-20,248.00,248.90,243.00,244.20,73952
2020-10-21,245.45,246.65,237.30,238.55,281293
2020-10-22,239.50,242.40,232.00,233.50,272852
2020-10-23,235.40,240.00,235.40,236.55,137895
2020-10-26,237.80,242.60,237.00,239.60,79702
2020-10-27,239.60,247.00,238.25,245.20,658333
2020-10-28,246.00,268.85,245.30,259.55,2215068
2020-10-29,260.00,271.20,252.40,268.15,651323
2020-10-30,268.15,285.80,263.85,284.20,1163818
2020-11-02,283.00,296.70,282.45,295.15,1525471
2020-11-03,297.90,303.00,295.00,301.60,580414
2020-11-04,301.40,304.80,296.55,301.15,678729
2020-11-05,300.10,302.60,299.15,301.95,261958
2020-11-06,299.50,305.00,291.60,293.65,250074
2020-11-09,293.00,298.45,288.00,290.25,195205
2020-11-10,288.15,295.30,286.65,289.80,154850
2020-11-11,291.20,304.50,289.85,302.95,297761
2020-11-12,302.95,308.90,297.00,299.90,345176
2020-11-13,301.30,307.50,289.60,294.15,249455
2020-11-14,297.00,300.95,295.50,296.75,21483
2020-11-17,297.00,319.40,294.50,312.05,673397
2020-11-18,313.95,326.70,312.95,321.70,630614
2020-11-19,319.70,339.30,314.00,336.10,504712
2020-11-20,333.35,354.70,333.35,352.20,722434
2020-11-23,356.45,363.75,341.10,344.95,319431
2020-11-24,348.60,353.95,343.70,346.00,306524
2020-11-25,347.00,349.00,338.00,339.10,172527
2020-11-26,335.00,341.00,329.00,335.00,393390
2020-11-27,337.90,352.00,336.00,346.95,919079
2020-12-01,347.20,390.00,332.80,385.80,1731906
2020-12-02,383.00,401.50,368.90,393.50,854388
2020-12-03,397.10,397.75,380.00,384.60,356626
2020-12-04,386.55,393.45,372.10,375.40,273073
2020-12-07,376.00,384.00,369.15,376.75,194223
2020-12-08,373.00,379.00,360.50,365.35,196016
2020-12-09,368.90,390.00,362.40,373.40,551457
2020-12-10,373.00,385.00,364.00,379.25,203419
2020-12-11,380.00,389.10,374.10,376.50,306780
2020-12-14,378.80,380.65,372.70,374.60,115565
2020-12-15,374.45,388.00,371.00,386.25,284550
2020-12-16,389.00,389.00,376.60,378.20,94617
2020-12-17,377.65,388.00,375.05,382.00,93273
2020-12-18,383.85,388.05,376.50,380.55,151563
2020-12-21,382.90,388.90,354.00,370.25,433574
2020-12-22,378.00,378.00,358.05,370.30,265770
2020-12-23,368.20,383.90,368.20,379.50,67564
2020-12-24,385.80,388.00,376.00,387.25,135153
2020-12-28,387.00,423.50,386.10,414.55,1259599
2020-12-29,418.20,419.70,399.00,403.05,422181
2020-12-30,404.00,418.65,394.50,404.70,584781
2020-12-31,403.75,409.20,398.00,405.50,449284
2021-01-01,407.55,409.00,401.50,402.35,128077
2021-01-04,400.50,408.75,398.00,403.65,209642
2021-01-05,404.00,415.70,400.10,409.35,216491
2021-01-06,411.40,414.20,400.30,405.05,176239
2021-01-07,406.30,410.80,403.60,405.65,184740
2021-01-08,412.00,412.00,400.80,408.55,156474
2021-01-11,408.00,408.00,400.85,404.90,230467
2021-01-12,406.95,410.00,402.10,406.20,186876
2021-01-13,409.25,431.00,405.80,420.20,1357497
2021-01-14,423.00,423.40,408.30,411.75,153575
2021-01-15,418.95,427.60,412.55,416.65,302168
2021-01-18,419.35,419.50,401.25,405.35,188796
2021-01-19,413.00,413.00,402.00,409.95,80750
2021-01-20,409.95,418.65,408.00,410.65,93047
2021-01-21,413.90,417.55,406.55,410.50,179070
2021-01-22,412.50,422.00,411.35,417.40,198070
2021-01-25,415.00,438.00,415.00,424.50,652299
2021-01-27,424.50,434.80,416.80,430.40,408258
2021-01-28,424.80,424.80,417.05,419.95,155539
2021-01-29,421.20,424.05,395.55,403.90,376241
2021-02-01,404.10,443.80,385.75,429.25,400427
2021-02-02,434.90,437.90,412.55,414.70,433196
2021-02-03,421.60,446.40,412.05,428.45,714782
2021-02-04,428.90,455.00,427.00,449.30,440755
2021-02-05,452.70,494.45,431.05,474.95,1306710
2021-02-08,478.50,516.00,478.50,505.15,621714
2021-02-09,507.80,540.00,505.15,526.70,595336
2021-02-10,530.40,543.20,518.10,525.00,456545
2021-02-11,525.00,529.80,515.70,520.80,124829
2021-02-12,519.50,523.75,507.85,512.70,422868
2021-02-15,515.10,519.75,492.25,505.50,526284
2021-02-16,510.05,524.35,485.90,502.05,283214
2021-02-17,500.00,525.00,499.15,520.65,199747
2021-02-18,524.80,543.00,521.20,538.15,298335
2021-02-19,545.00,571.95,542.05,547.50,491164
2021-02-22,548.00,550.00,501.00,508.20,458346
2021-02-23,506.50,509.45,476.25,483.00,402822
2021-02-24,485.50,514.40,485.40,503.15,218803
2021-02-25,511.90,523.50,502.95,505.65,246853
2021-02-26,503.00,515.00,493.40,507.60,162653
2021-03-01,514.80,535.00,507.00,529.25,290524
2021-03-02,532.00,539.00,515.60,521.60,118241
2021-03-03,524.30,531.70,512.10,514.70,137517
2021-03-04,513.60,525.55,510.40,514.75,80090
2021-03-05,512.05,520.90,501.00,504.35,113019
2021-03-08,516.20,517.50,490.10,498.05,200629
2021-03-09,501.90,509.90,485.25,489.00,128963
2021-03-10,493.00,501.40,491.75,494.75,89081
2021-03-12,499.65,510.00,492.00,500.55,156421
2021-03-15,506.15,523.50,494.50,515.70,277783
2021-03-16,523.00,523.00,504.90,513.40,87690
2021-03-17,514.85,519.40,483.75,491.60,218906
2021-03-18,506.00,507.40,476.00,481.45,154702
2021-03-19,475.00,483.20,457.40,466.30,465360
2021-03-22,467.25,479.95,466.00,468.85,196549
2021-03-23,474.00,476.65,462.45,468.55,108428
2021-03-24,468.55,476.00,459.05,469.35,95315
2021-03-25,471.70,471.70,438.95,449.35,401210
2021-03-26,459.00,482.00,452.50,474.90,133334
2021-03-30,489.80,494.00,475.00,489.55,213853
2021-03-31,492.50,514.25,486.45,509.50,180367
2021-04-01,516.40,519.00,504.10,506.70,160647
2021-04-05,509.00,512.00,488.10,493.00,101732
2021-04-06,499.90,505.05,490.30,500.25,77726
2021-04-07,509.00,509.35,497.30,502.40,61250
2021-04-08,509.90,539.00,503.55,520.55,417995
2021-04-09,520.90,532.70,515.10,525.80,301359
2021-04-12,515.00,517.00,495.70,500.75,94285
2021-04-13,509.80,525.00,500.00,506.75,105291
2021-04-15,506.75,514.50,491.30,498.40,70748
2021-04-16,498.40,505.55,486.75,495.00,124846
2021-04-19,486.00,492.00,462.15,480.30,204099
2021-04-20,482.80,494.65,475.00,482.75,134772
2021-04-22,479.00,485.25,471.95,476.05,268674
2021-04-23,477.00,487.90,473.55,479.50,106274
2021-04-26,484.00,488.00,481.00,484.35,51605
2021-04-27,488.75,496.00,486.00,490.50,74264
2021-04-28,494.90,505.75,494.90,497.50,144033
2021-04-29,508.00,531.00,507.30,523.80,868233
2021-04-30,523.00,570.00,509.45,547.85,1489070
2021-05-03,545.00,584.85,541.85,574.50,676113
2021-05-04,583.00,616.90,566.10,588.65,1105107
2021-05-05,594.00,609.95,551.50,556.50,1693492
2021-05-06,556.50,564.00,540.20,553.20,353591
2021-05-07,558.00,581.80,553.30,570.95,466622
2021-05-10,580.00,584.00,565.75,570.40,262126
2021-05-11,570.00,598.20,561.55,594.20,528983
2021-05-12,600.00,600.00,580.10,583.95,228589
2021-05-14,589.00,589.00,563.90,567.70,294066
2021-05-17,570.75,588.50,568.35,578.20,114269
2021-05-18,580.00,612.25,578.20,609.45,648934
2021-05-19,616.00,627.00,595.25,598.45,367003
2021-05-20,599.55,609.95,588.15,592.55,156873
2021-05-21,595.00,603.95,581.10,588.50,284687
2021-05-24,588.00,597.60,586.00,590.20,116655
2021-05-25,597.00,606.05,590.30,601.65,177593
2021-05-26,605.00,609.90,596.10,599.75,114558
2021-05-27,599.00,608.60,588.00,602.90,196474
2021-05-28,602.90,608.05,595.25,602.05,116502
2021-05-31,602.05,605.10,595.40,598.55,78966
2021-06-01,598.55,601.90,584.95,589.65,110855
2021-06-02,585.00,593.40,583.00,586.15,180085
2021-06-03,589.80,598.75,583.00,584.80,128826
2021-06-04,582.10,598.35,582.10,589.80,108557
2021-06-07,584.10,597.90,584.10,592.10,136603
2021-06-08,596.00,623.10,592.10,600.45,504750
2021-06-09,609.90,610.60,585.55,590.25,133613
2021-06-10,588.05,597.90,583.00,588.75,97431
2021-06-11,594.10,594.80,570.35,574.90,156642
2021-06-14,579.90,579.90,562.50,570.05,185909
2021-06-15,571.00,587.00,565.50,575.90,212540
2021-06-16,580.00,584.80,571.25,575.00,119491
2021-06-17,567.00,589.00,567.00,586.30,172095
2021-06-18,589.00,597.30,577.60,593.20,241617
2021-06-21,594.00,598.05,572.40,581.75,221787
2021-06-22,583.95,591.45,579.75,588.50,140626
2021-06-23,591.90,593.85,583.15,585.45,166572
2021-06-24,588.10,589.00,580.05,583.90,79322
2021-06-25,584.90,588.35,580.15,584.50,53570
2021-06-28,584.50,610.20,583.05,603.00,773742
2021-06-29,610.00,610.00,588.30,596.20,184274
2021-06-30,592.20,611.00,590.55,606.25,260413
2021-07-01,610.00,645.00,607.25,634.20,1009344
2021-07-02,641.00,663.30,640.00,656.80,848347
2021-07-05,666.00,668.00,633.50,636.30,359310
2021-07-06,636.30,637.90,621.30,625.35,208951
2021-07-07,637.00,676.65,612.00,670.25,738033
2021-07-08,670.00,672.70,642.55,655.20,366059
2021-07-09,657.70,658.00,634.00,640.70,243385
2021-07-12,648.35,650.70,630.25,636.55,122571
2021-07-13,641.00,649.00,635.00,642.60,87577
2021-07-14,646.40,655.95,631.85,640.60,129408
2021-07-15,640.70,662.40,637.10,655.35,218217
2021-07-16,653.35,656.85,636.80,650.35,122160
2021-07-19,654.00,654.00,626.35,636.05,160639
2021-07-20,628.00,643.80,618.00,637.85,102157
2021-07-22,648.00,648.00,635.15,643.80,143410
2021-07-23,643.80,672.30,636.35,666.30,356372
2021-07-26,667.50,697.30,662.10,666.90,520503
2021-07-27,666.90,679.00,665.00,668.55,161297
2021-07-28,669.00,672.75,655.30,659.15,287190
2021-07-29,659.40,684.00,655.40,659.80,171844
2021-07-30,663.00,682.00,651.60,672.95,205410
2021-08-02,679.90,749.90,678.75,708.00,2896245
2021-08-03,706.70,721.85,689.05,712.40,430212
2021-08-04,716.00,718.65,685.25,699.90,288177
2021-08-05,699.90,704.40,677.00,685.55,165398
2021-08-06,687.00,695.95,683.00,684.70,99159
2021-08-09,687.90,707.95,661.05,691.70,158693
2021-08-10,705.00,705.50,667.45,700.20,161258
2021-08-11,697.00,717.00,665.55,708.65,153635
2021-08-12,710.00,733.70,700.00,712.35,219265
2021-08-13,727.50,764.00,712.20,724.25,418326
2021-08-16,723.75,723.75,700.00,706.50,213728
2021-08-17,709.00,719.80,701.10,708.85,50885
2021-08-18,709.00,714.00,688.60,708.95,105191
2021-08-20,699.00,710.95,687.00,696.45,91775
2021-08-23,704.90,732.65,698.85,724.15,261488
2021-08-24,731.00,765.00,725.10,737.10,503047
2021-08-25,758.00,761.20,731.00,739.10,249859
2021-08-26,742.00,775.00,736.95,760.25,474674
2021-08-27,764.80,800.00,764.00,783.35,335434
2021-08-30,800.90,816.00,797.00,801.40,262276
2021-08-31,804.00,843.00,798.35,829.95,509312
2021-09-01,834.00,842.65,810.15,815.20,297849
2021-09-02,818.00,824.55,803.00,817.00,339719
2021-09-03,819.40,843.40,805.25,819.95,316689
2021-09-06,826.70,859.65,815.00,830.35,265612
2021-09-07,836.00,838.85,806.25,816.70,229571
2021-09-08,813.35,848.00,808.30,840.05,901549
2021-09-09,841.00,922.95,840.05,913.70,742717
2021-09-13,911.80,937.05,905.00,913.75,576994
2021-09-14,920.00,951.95,905.20,928.15,583813
2021-09-15,927.00,930.05,913.00,919.90,126278
2021-09-16,920.05,924.40,874.80,883.45,309940
2021-09-17,885.00,886.00,826.70,859.15,3236651
2021-09-20,859.15,878.00,836.00,850.15,136301
2021-09-21,840.00,865.85,818.00,855.60,211559
2021-09-22,867.90,875.00,845.95,850.05,68263
2021-09-23,853.00,879.00,842.00,875.10,135800
2021-09-24,878.00,878.00,854.15,872.45,75084
2021-09-27,872.45,881.25,858.10,875.75,125759
2021-09-28,881.80,882.00,850.10,865.75,626467
2021-09-29,863.40,880.00,857.25,869.90,107697
2021-09-30,865.10,899.00,865.10,887.55,966932
2021-10-01,883.95,892.05,866.65,872.90,322798
2021-10-04,877.90,896.00,867.45,893.45,152859
2021-10-05,890.00,892.60,875.00,879.70,163804
2021-10-06,884.95,891.00,859.00,867.05,69037
2021-10-07,875.00,882.00,865.00,868.30,60598
2021-10-08,876.30,885.00,868.20,870.90,47958
2021-10-11,875.30,889.90,870.00,884.05,321330
2021-10-12,888.40,922.00,885.60,893.90,160183
2021-10-13,901.70,915.00,890.20,901.75,200064
2021-10-14,910.70,918.50,880.90,883.10,112383
2021-10-18,883.10,910.00,883.10,899.40,123856
2021-10-19,904.00,910.80,850.05,876.15,98755
2021-10-20,876.00,876.00,825.00,835.70,207061
2021-10-21,830.00,890.00,830.00,884.15,382955
2021-10-22,888.80,888.80,832.90,844.95,119992
2021-10-25,844.00,885.00,825.00,845.95,109803
2021-10-26,844.40,880.00,837.40,867.65,46680
2021-10-27,872.75,875.65,851.05,860.70,102924
2021-10-28,855.30,864.90,830.00,846.05,79150
2021-10-29,842.20,853.65,831.00,839.30,72847
2021-11-01,839.30,865.00,815.25,833.95,224991
2021-11-02,827.00,860.00,824.05,855.05,114935
2021-11-03,859.00,859.00,830.10,835.10,123973
2021-11-04,845.70,855.00,840.85,848.25,13253
2021-11-08,850.90,884.00,830.00,876.50,214354
2021-11-09,878.00,889.40,843.05,858.35,305535
2021-11-10,868.00,884.45,846.65,872.20,181018
2021-11-11,872.20,925.00,861.35,910.70,224449
2021-11-12,919.70,919.70,891.00,916.10,448984
2021-11-15,916.00,935.70,894.25,926.00,768490
2021-11-16,925.00,925.00,890.00,902.05,89252
2021-11-17,898.00,919.35,896.10,913.55,98486
2021-11-18,910.00,917.20,887.50,903.70,100258
2021-11-22,902.00,904.00,886.00,895.25,159031
2021-11-23,897.50,909.45,880.00,902.95,342771
2021-11-24,920.00,992.00,911.00,981.55,2070446
2021-11-25,994.00,1010.20,952.10,961.60,575268
2021-11-26,960.00,988.35,902.00,916.10,441562
2021-11-29,899.60,916.30,880.00,894.35,268267
2021-11-30,892.35,933.30,881.80,917.70,1054420
2021-12-01,897.00,909.90,885.00,889.90,187825
2021-12-02,898.35,916.00,890.35,897.25,239014
2021-12-03,895.10,914.95,891.05,909.15,161575
2021-12-06,916.90,928.60,905.50,918.20,169358
2021-12-07,924.80,945.00,913.45,927.05,274400
2021-12-08,925.50,953.35,883.00,897.30,466653
2021-12-09,907.00,907.00,884.70,893.90,850415
2021-12-10,889.10,911.65,888.00,901.45,98580
2021-12-13,906.70,913.85,889.90,892.85,85918
2021-12-14,899.00,908.10,870.00,895.80,503910
2021-12-15,896.00,948.80,889.00,932.90,354396
2021-12-16,942.00,960.00,901.00,910.50,311658
2021-12-17,911.95,922.00,895.05,905.95,118431
2021-12-20,887.00,914.25,851.10,888.30,268073
2021-12-21,883.50,904.95,880.40,892.10,125649
2021-12-22,892.00,932.45,892.00,925.30,100745
2021-12-23,928.50,938.15,896.65,923.05,248715
2021-12-24,929.70,931.65,910.60,914.00,79073
2021-12-27,918.90,941.00,910.35,921.05,147074
2021-12-28,925.20,932.90,915.00,917.65,57170
2021-12-29,917.65,980.00,914.15,973.60,506381
2021-12-30,975.00,983.85,933.00,939.00,139562
2021-12-31,944.40,989.00,937.10,981.65,222740
2022-01-03,1006.80,1035.00,1001.00,1006.10,498016
2022-01-04,1012.00,1012.40,960.00,985.45,334590
2022-01-05,985.45,1008.95,972.85,982.05,159824
2022-01-06,975.00,1004.00,970.25,1000.95,187095
2022-01-07,992.00,1010.00,965.65,988.00,332016
2022-01-10,992.10,1004.00,973.85,1000.05,126183
2022-01-11,1000.00,1000.00,980.55,987.25,291976
2022-01-12,991.80,1033.90,972.45,988.95,693872
2022-01-13,992.00,1007.70,980.25,997.00,114331
2022-01-14,994.00,1002.90,970.00,972.60,505081
2022-01-17,973.00,992.00,954.25,960.30,172611
2022-01-18,964.00,976.70,936.95,942.15,276351
2022-01-19,942.30,951.90,925.25,931.40,659313
2022-01-20,933.90,944.40,922.05,929.25,295659
2022-01-21,903.00,912.90,878.70,887.75,487129
2022-01-24,873.55,878.00,842.00,851.75,346127
2022-01-25,835.10,866.95,824.95,845.25,174754
2022-01-27,842.00,844.45,812.10,828.95,219985
2022-01-28,830.65,864.00,829.05,854.00,163939
2022-01-31,854.60,894.00,846.15,881.60,185850
2022-02-01,889.20,892.50,867.35,879.60,116115
2022-02-02,879.60,899.95,872.00,879.90,128462
2022-02-03,883.05,885.15,863.60,870.90,73406
2022-02-04,878.05,912.00,870.90,903.40,235183
2022-02-07,903.40,905.00,865.35,887.70,185017
2022-02-08,873.55,889.50,857.05,863.65,129770
2022-02-09,869.00,878.00,844.05,869.40,119004
2022-02-10,870.15,880.65,851.00,871.20,177341
2022-02-11,870.00,872.25,842.40,858.35,148886
2022-02-14,829.00,853.10,815.50,835.40,218011
2022-02-15,830.10,853.70,828.45,840.50,431235
2022-02-16,850.00,872.10,847.00,865.80,108204
2022-02-17,862.00,868.05,850.05,860.95,86174
2022-02-18,852.10,878.90,852.10,871.10,319561
2022-02-21,860.00,876.65,848.65,865.05,811878
2022-02-22,845.00,865.40,828.65,853.15,275916
2022-02-23,845.35,879.20,845.35,854.10,122422
2022-02-24,810.00,851.50,808.00,829.75,201347
2022-02-25,838.35,872.10,838.35,869.70,131297
2022-02-28,855.00,860.15,792.30,804.55,577587
2022-03-02,791.00,793.95,762.70,787.00,360204
2022-03-03,799.00,799.05,752.95,766.45,379289
2022-03-04,753.00,759.20,708.60,715.00,1679899
2022-03-07,694.65,718.00,686.00,709.80,890612
2022-03-08,710.00,746.00,703.40,742.80,216545
2022-03-09,756.00,789.80,725.00,780.05,177438
2022-03-10,799.00,806.00,759.65,777.65,176167
2022-03-11,775.10,796.90,762.10,780.20,106545
2022-03-14,781.90,812.00,774.45,805.90,100040
2022-03-15,814.15,814.15,787.10,801.40,187821
2022-03-16,816.00,816.00,772.50,778.65,150331
2022-03-17,796.60,799.00,770.05,775.95,146659
2022-03-21,784.00,809.00,775.00,779.70,114141
2022-03-22,783.00,792.00,745.85,763.45,369328
2022-03-23,774.50,774.50,759.00,761.55,74741
2022-03-24,760.00,770.95,755.75,764.00,74673
2022-03-25,765.00,768.25,750.00,760.95,90278
2022-03-28,756.10,773.00,743.10,767.45,229717
2022-03-29,768.00,784.95,760.05,768.35,111137
2022-03-30,772.20,793.00,769.25,783.05,178887
2022-03-31,777.10,803.00,777.10,797.75,192989
2022-04-01,797.75,805.00,786.50,787.90,103509
2022-04-04,793.80,824.70,790.75,802.60,204358
2022-04-05,808.00,824.00,801.55,812.65,301629
2022-04-06,823.00,823.00,803.05,808.90,293943
2022-04-07,807.00,807.75,780.00,798.50,206022
2022-04-08,804.90,807.95,793.05,806.60,306710
2022-04-11,812.00,812.00,795.00,798.40,56219
2022-04-12,798.00,798.00,769.00,778.20,140664
2022-04-13,784.50,784.90,772.25,775.25,190482
2022-04-18,774.00,779.40,759.30,765.50,66634
2022-04-19,768.00,773.80,754.00,760.00,55518
2022-04-20,761.00,773.60,736.65,740.25,335658
2022-04-21,748.50,760.00,742.25,747.10,373679
2022-04-22,744.15,755.00,730.35,737.90,292665
2022-04-25,744.70,751.75,727.00,730.95,143468
2022-04-26,738.50,744.25,730.95,736.60,102592
2022-04-27,736.60,758.65,726.75,751.55,167603
2022-04-28,759.00,780.35,749.75,776.80,122907
2022-04-29,787.00,787.00,749.30,766.85,290905
2022-05-02,774.60,777.95,751.00,763.10,81230
2022-05-04,764.00,773.95,752.75,759.35,87592
2022-05-05,772.00,774.45,751.40,755.45,72260
2022-05-06,750.00,750.85,722.40,736.90,127658
2022-05-09,730.00,735.00,715.65,732.25,48509
2022-05-10,721.00,786.00,712.00,744.40,144090
2022-05-11,765.00,765.15,717.30,723.05,125004
2022-05-12,719.00,768.00,685.05,734.90,149641
2022-05-13,738.00,744.00,717.05,730.50,99174
2022-05-16,721.00,729.10,704.05,726.20,154020
2022-05-17,733.00,739.40,722.55,730.95,171065
2022-05-18,730.00,730.70,702.05,725.75,294650
2022-05-19,714.00,724.40,708.00,709.30,467984
2022-05-20,718.00,722.20,701.45,712.85,565011
2022-05-23,715.00,745.00,711.10,739.10,80848
2022-05-24,740.50,740.80,711.25,713.10,147290
2022-05-25,716.95,716.95,695.45,704.80,196894
2022-05-26,704.00,711.15,690.30,693.75,117525
2022-05-27,702.00,702.00,690.30,695.00,502101
2022-05-30,702.00,720.00,696.65,708.20,51032
2022-05-31,710.00,729.80,709.00,720.50,59857
2022-06-01,720.55,732.65,710.50,714.75,30088
2022-06-02,715.00,715.95,698.00,699.80,61523
2022-06-03,702.55,704.00,695.00,697.50,86950
2022-06-06,694.65,697.95,683.45,692.55,146821
2022-06-07,687.80,693.05,678.05,684.80,91097
2022-06-08,686.00,689.90,665.65,671.10,94546
2022-06-09,668.30,668.30,655.25,663.90,183563
2022-06-10,660.00,706.95,658.45,693.85,181653
2022-06-13,690.00,702.00,669.05,690.60,186840
2022-06-14,689.90,698.80,683.95,694.75,50213
2022-06-15,695.00,703.40,690.00,693.25,40551
2022-06-16,699.80,703.25,683.00,697.15,61257
2022-06-17,693.00,695.35,675.10,683.75,91601
2022-06-20,684.95,684.95,652.00,663.25,47554
2022-06-21,665.00,668.75,653.50,665.10,70176
2022-06-22,665.10,665.20,655.15,662.65,54046
2022-06-23,663.00,677.80,662.90,669.60,33067
2022-06-24,670.00,683.35,666.10,680.65,73221
2022-06-27,686.50,788.00,675.85,751.50,827907
2022-06-28,732.00,764.40,717.55,756.95,487233
2022-06-29,748.00,753.00,735.15,743.45,87672
2022-06-30,744.00,750.90,707.00,716.90,104839
2022-07-01,715.00,721.55,698.35,711.85,117136
2022-07-04,711.85,745.75,707.90,735.35,248506
2022-07-05,735.35,752.00,731.55,746.45,80197
2022-07-06,746.45,758.30,737.45,749.00,80608
2022-07-07,760.25,798.50,752.15,767.85,370903
2022-07-08,761.35,789.00,761.35,776.25,183085
2022-07-11,790.00,807.00,787.00,799.25,326477
2022-07-12,794.95,797.95,777.05,780.70,107688
2022-07-13,784.55,792.15,765.05,769.20,165375
2022-07-14,773.50,784.00,728.40,765.70,600555
2022-07-15,760.00,770.85,748.20,766.20,72991
2022-07-18,771.00,790.00,746.00,754.60,213234
2022-07-19,762.00,770.90,751.00,767.30,130454
2022-07-20,770.00,784.90,756.10,759.05,132557
2022-07-21,761.20,791.35,760.85,787.70,269494
2022-07-22,790.90,797.00,776.20,790.30,170025
2022-07-25,782.50,799.00,780.05,790.35,139897
2022-07-26,795.90,795.90,782.35,792.85,87146
2022-07-27,795.00,808.00,781.00,783.45,112706
2022-07-28,787.90,800.95,778.00,795.65,112403
2022-07-29,798.70,813.00,784.00,801.40,205109
2022-08-01,815.00,862.00,792.25,850.80,768391
2022-08-02,846.00,855.55,830.05,844.35,291856
2022-08-03,844.90,870.50,830.05,864.35,519272
2022-08-04,870.00,884.50,837.35,863.80,481757
2022-08-05,857.00,868.70,840.30,844.60,122743
2022-08-08,843.00,853.15,825.00,840.05,180311
2022-08-10,844.50,844.50,810.05,834.85,352899
2022-08-11,844.85,847.65,831.65,842.05,101332
2022-08-12,846.50,851.00,837.90,846.80,138977
2022-08-16,846.00,863.40,841.00,844.80,64092
2022-08-17,852.65,852.65,835.00,838.60,145323
2022-08-18,838.95,839.95,825.00,829.00,87379
2022-08-19,832.00,833.30,803.10,809.35,114598
2022-08-22,805.80,811.65,792.00,805.25,142741
2022-08-23,801.10,825.00,800.00,818.65,86861
2022-08-24,821.55,838.80,821.50,826.25,75683
2022-08-25,833.50,833.50,815.00,818.00,37716
2022-08-26,822.00,827.00,808.85,812.15,61260
2022-08-29,797.95,820.05,794.00,819.45,178457
2022-08-30,823.15,850.25,823.15,843.85,176653
2022-09-01,839.70,855.00,833.45,847.50,163710
2022-09-02,840.30,864.50,836.40,861.55,131498
2022-09-05,870.00,871.60,851.80,854.00,68280
2022-09-06,848.15,864.80,848.15,856.55,54560
2022-09-07,855.55,863.65,846.05,848.15,36282
2022-09-08,851.00,872.00,838.00,841.05,137830
2022-09-09,849.70,888.95,846.35,879.00,760126
2022-09-12,883.90,918.40,871.55,906.05,775871
2022-09-13,901.50,935.00,885.00,928.25,426411
2022-09-14,915.25,955.00,909.05,931.30,505250
2022-09-15,935.95,935.95,911.95,925.55,91423
2022-09-16,923.65,924.45,856.00,876.45,292945
2022-09-19,870.00,894.00,845.05,850.50,315070
2022-09-20,859.90,867.55,850.00,859.75,146552
2022-09-21,860.00,863.10,833.00,838.40,194947
2022-09-22,838.40,849.00,828.30,842.30,157931
2022-09-23,846.50,848.70,821.10,838.50,111091
2022-09-26,825.50,830.00,807.95,821.35,147730
2022-09-27,821.35,840.00,801.90,829.00,79373
2022-09-28,819.00,846.50,809.50,838.95,297748
2022-09-29,850.00,853.15,840.80,850.45,74832
2022-09-30,850.45,906.00,840.50,896.40,172949
2022-10-03,898.00,899.20,860.00,889.05,159492
2022-10-04,896.00,904.80,879.15,880.55,90580
2022-10-06,884.40,894.00,880.25,890.05,70674
2022-10-07,890.05,903.90,875.00,899.85,42208
2022-10-10,895.00,905.00,886.00,895.65,69248
2022-10-11,895.40,923.90,875.00,878.15,121876
2022-10-12,882.00,887.55,861.60,880.40,90053
2022-10-13,884.00,893.50,867.95,888.50,85479
2022-10-14,892.00,896.00,876.60,884.10,68166
2022-10-17,881.35,885.55,874.00,879.45,41970
2022-10-18,882.00,885.00,873.35,876.50,115791
2022-10-19,879.85,879.85,852.25,860.10,149546
2022-10-20,859.90,864.05,840.75,846.60,94668
2022-10-21,848.00,854.45,842.10,850.10,51233
2022-10-24,854.60,856.90,845.00,851.45,7200
2022-10-25,852.55,874.00,841.10,851.30,59754
2022-10-27,856.00,874.00,851.40,858.80,70234
2022-10-28,863.00,863.00,843.85,859.15,72733
2022-10-31,859.00,866.50,837.45,845.85,254786
2022-11-01,846.50,860.00,835.25,838.60,72667
2022-11-02,839.75,851.60,834.10,839.80,71100
2022-11-03,840.00,847.05,831.20,843.95,45494
2022-11-04,848.20,848.20,835.65,843.30,27824
2022-11-07,843.30,849.05,831.20,841.20,49748
2022-11-09,848.00,848.00,812.10,817.15,214870
2022-11-10,820.95,820.95,791.65,802.80,86521
2022-11-11,806.85,812.85,801.00,807.40,22142
2022-11-14,811.00,812.50,788.15,800.50,97011
2022-11-15,804.50,814.95,797.75,811.20,114739
2022-11-16,814.00,818.95,801.00,812.90,138614
2022-11-17,812.90,812.90,796.85,802.70,343218
2022-11-18,797.00,807.90,790.00,801.50,376039
2022-11-21,805.50,815.05,796.55,807.50,221520
2022-11-22,811.55,811.55,798.80,802.30,29249
2022-11-23,806.00,830.00,800.75,825.50,105590
2022-11-24,829.65,834.95,817.20,823.85,50321
2022-11-25,828.00,834.00,815.00,820.50,81338
2022-11-28,820.00,848.80,817.10,841.80,105383
2022-11-29,850.00,859.00,835.10,838.40,81352
2022-11-30,837.00,859.00,833.00,853.20,40446
2022-12-01,861.40,861.40,835.15,838.65,31419
2022-12-02,838.10,869.40,834.55,861.65,50729
2022-12-05,861.65,864.00,845.00,849.85,69403
2022-12-06,852.30,852.50,841.60,848.95,24760
2022-12-07,845.00,856.75,836.00,838.55,38384
2022-12-08,837.00,842.75,833.00,837.95,24321
2022-12-09,840.00,864.00,837.95,855.50,249683
2022-12-12,856.00,869.30,847.00,859.65,126184
2022-12-13,863.90,887.00,856.00,880.40,260628
2022-12-14,889.00,898.60,880.00,884.10,281567
2022-12-15,884.10,886.95,876.15,879.75,52664
2022-12-16,879.75,905.00,870.20,885.95,244165
2022-12-19,890.40,906.00,878.75,902.95,92362
2022-12-20,904.90,909.35,891.95,899.30,151296
2022-12-21,903.85,908.85,870.00,883.90,124469
2022-12-22,875.85,884.00,858.05,878.55,82990
2022-12-23,856.10,874.65,829.90,850.10,77274
2022-12-26,838.05,885.00,838.05,875.55,112090
2022-12-27,879.45,894.00,870.00,890.65,57416
2022-12-28,891.80,891.80,862.65,866.60,91795
2022-12-29,862.00,881.50,859.95,867.30,117366
2022-12-30,869.05,882.85,861.10,875.20,41883
2023-01-02,892.65,893.80,872.15,880.25,54074
2023-01-03,882.00,893.35,878.00,888.30,41100
2023-01-04,882.00,935.00,882.00,930.30,814526
2023-01-05,935.00,945.00,904.20,926.40,319265
2023-01-06,920.00,929.40,889.00,897.30,231306
2023-01-09,901.95,929.00,895.30,921.40,71249
2023-01-10,921.40,937.40,916.05,931.90,169619
2023-01-11,938.75,959.45,915.00,919.85,310189
2023-01-12,928.00,944.05,916.55,923.65,178546
2023-01-13,929.70,929.70,910.10,919.35,52624
2023-01-16,919.35,923.30,910.10,913.15,179197
2023-01-17,915.00,915.00,900.10,904.75,57794
2023-01-18,900.90,925.00,900.45,921.30,111143
2023-01-19,923.00,944.90,917.75,941.45,151986
2023-01-20,945.00,952.35,904.00,908.15,70215
2023-01-23,910.00,929.65,903.20,924.25,54747
2023-01-24,927.00,936.00,915.05,934.10,44199
2023-01-25,934.00,946.55,923.00,941.45,62810
2023-01-27,941.45,950.00,915.55,938.20,152147
2023-01-30,949.90,973.05,945.00,965.55,278608
2023-01-31,975.00,982.80,954.35,972.90,195991
2023-02-01,975.00,992.50,960.85,975.40,156964
2023-02-02,969.00,985.00,957.20,972.85,83159
2023-02-03,967.00,994.95,967.00,991.45,519903
2023-02-06,1005.00,1019.70,996.00,999.05,100564
2023-02-07,1004.05,1015.00,999.65,1009.10,138685
2023-02-08,1014.00,1014.00,979.50,1007.70,94104
2023-02-09,1010.00,1010.00,961.05,968.15,69296
2023-02-10,962.60,1021.90,962.60,1011.80,507296
2023-02-13,1021.45,1021.45,982.15,988.80,97226
2023-02-14,981.35,994.85,975.05,985.00,173398
2023-02-15,980.15,992.00,964.80,972.20,50011
2023-02-16,980.00,988.95,973.00,977.00,84577
2023-02-17,977.00,985.00,971.10,981.00,38042
2023-02-20,988.25,1007.00,976.50,1001.50,102777
2023-02-21,1006.95,1017.75,980.00,983.40,122855
2023-02-22,984.00,994.00,966.00,981.05,104360
2023-02-23,991.20,1005.50,978.05,985.85,137471
2023-02-24,984.30,987.90,973.05,977.95,52252
2023-02-27,978.00,981.45,956.35,967.60,79652
2023-02-28,967.70,1001.00,961.10,978.90,180397
2023-03-01,977.90,984.85,971.00,974.70,67034
2023-03-02,976.90,998.00,972.50,993.95,49246
2023-03-03,999.00,1015.50,995.00,1010.50,78134
2023-03-06,1030.00,1045.70,992.15,997.15,244515
2023-03-08,989.40,1006.55,981.10,997.00,137700
2023-03-09,1003.00,1003.00,994.50,999.45,57544
2023-03-10,995.00,1000.00,979.90,994.00,45236
2023-03-13,992.00,1008.85,985.05,999.80,61173
2023-03-14,999.80,1007.80,968.00,972.45,37853
2023-03-15,978.90,993.55,975.05,986.20,41077
2023-03-16,989.00,993.75,966.20,973.25,57032
2023-03-17,974.40,984.40,958.85,966.05,53638
2023-03-20,952.00,972.35,948.00,957.90,96449
2023-03-21,962.70,975.40,953.00,957.70,37267
2023-03-22,961.00,967.60,957.20,960.30,25125
2023-03-23,957.95,968.90,945.40,951.05,151768
2023-03-24,955.00,956.95,925.55,935.85,84940
2023-03-27,930.20,953.00,924.15,946.85,142083
2023-03-28,946.85,946.85,923.35,940.00,49410
2023-03-29,940.00,973.00,934.50,964.75,69833
2023-03-31,965.00,994.75,960.00,985.70,46881
2023-04-03,985.70,1002.00,980.00,997.70,35092
2023-04-05,1003.40,1003.40,975.50,991.55,48943
2023-04-06,996.50,1009.90,986.20,999.15,45254
2023-04-10,1008.95,1008.95,981.10,984.70,29750
2023-04-11,986.00,997.00,982.00,993.55,46653
2023-04-12,1005.00,1005.00,981.10,984.70,31973
2023-04-13,984.00,995.00,967.90,986.85,97952
2023-04-17,990.70,1010.00,979.00,999.05,58653
2023-04-18,999.00,1009.00,979.00,991.65,35356
2023-04-19,993.00,1002.95,978.80,981.95,26787
2023-04-20,988.85,1049.80,975.40,1037.25,260546
2023-04-21,1044.00,1078.70,1016.20,1057.65,347504
2023-04-24,1063.00,1075.00,1037.35,1045.05,164980
2023-04-25,1045.05,1069.00,1032.05,1061.95,249517
2023-04-26,1061.25,1073.15,1048.75,1066.75,105039
2023-04-27,1065.10,1093.30,1050.10,1057.75,135466
2023-04-28,1061.00,1082.00,1047.10,1077.30,68743
2023-05-02,1089.70,1125.25,1072.80,1116.20,372352
2023-05-03,1125.50,1138.00,1100.00,1104.70,205370
2023-05-04,1105.25,1133.65,1098.05,1123.40,354618
2023-05-05,1128.90,1142.95,1092.25,1100.25,158497
2023-05-08,1114.00,1129.65,1102.00,1112.25,141505
2023-05-09,1151.90,1185.00,1134.30,1140.25,845923
2023-05-10,1150.40,1157.35,1108.70,1115.35,156571
2023-05-11,1118.00,1144.00,1112.85,1134.00,195154
2023-05-12,1134.00,1138.75,1117.55,1131.05,122908
2023-05-15,1131.00,1154.95,1123.65,1144.35,140249
2023-05-16,1146.90,1151.95,1131.00,1142.30,186696
2023-05-17,1142.00,1173.85,1136.00,1167.75,158455
2023-05-18,1170.00,1178.15,1156.15,1163.15,74563
2023-05-19,1164.00,1224.00,1163.15,1200.90,522643
2023-05-22,1200.85,1229.00,1191.05,1221.75,141685
2023-05-23,1223.50,1235.00,1190.00,1201.15,77778
2023-05-24,1197.90,1216.00,1161.85,1168.50,134512
2023-05-25,1174.00,1184.95,1144.00,1153.35,83750
2023-05-26,1155.00,1169.60,1144.70,1162.00,65264
2023-05-29,1164.60,1172.00,1134.75,1156.75,83005
2023-05-30,1158.00,1164.00,1146.60,1151.80,80546
2023-05-31,1150.00,1165.00,1140.00,1150.05,110815
2023-06-01,1155.85,1164.50,1147.40,1156.35,40992
2023-06-02,1162.05,1171.70,1156.25,1164.25,340729
2023-06-05,1174.00,1184.40,1160.05,1166.70,161438
2023-06-06,1170.00,1176.35,1152.50,1164.15,83346
2023-06-07,1161.75,1206.20,1157.25,1192.50,360103
2023-06-08,1190.00,1203.00,1187.20,1197.20,170297
2023-06-09,1200.00,1206.00,1169.10,1182.55,206853
2023-06-12,1182.55,1202.00,1176.05,1191.05,63374
2023-06-13,1196.70,1206.00,1180.00,1194.95,78028
2023-06-14,1195.00,1230.00,1191.10,1202.80,308266
2023-06-15,1204.00,1245.00,1202.80,1238.70,319330
2023-06-16,1250.00,1260.00,1225.00,1231.50,122816
2023-06-19,1235.20,1252.80,1203.20,1220.00,66656
2023-06-20,1214.40,1220.00,1199.30,1212.75,62282
2023-06-21,1212.00,1220.10,1202.20,1219.75,66049
2023-06-22,1225.00,1240.00,1180.00,1219.55,426342
2023-06-23,1221.00,1225.65,1182.00,1192.95,152526
2023-06-26,1192.95,1213.40,1171.55,1176.70,80711
2023-06-27,1184.00,1192.65,1163.55,1168.95,111294
2023-06-28,1168.00,1193.00,1160.55,1188.80,105128
2023-06-30,1199.00,1204.20,1187.55,1197.90,66983
2023-07-03,1203.85,1224.95,1200.00,1203.35,141912
2023-07-04,1203.45,1226.00,1193.00,1200.15,139749
2023-07-05,1205.05,1220.50,1192.40,1198.45,110538
2023-07-06,1195.00,1220.00,1195.00,1202.80,129656
2023-07-07,1202.80,1215.50,1190.00,1197.25,117499
2023-07-10,1202.00,1209.15,1175.00,1182.85,64667
2023-07-11,1186.25,1204.05,1175.10,1192.20,109908
2023-07-12,1199.00,1214.45,1182.40,1194.75,97492
2023-07-13,1204.00,1204.00,1176.10,1187.85,76262
2023-07-14,1184.85,1194.00,1171.00,1188.20,124072
2023-07-17,1194.15,1205.00,1168.05,1177.15,107290
2023-07-18,1176.30,1205.05,1176.30,1184.80,100242
2023-07-19,1185.95,1233.65,1183.90,1218.35,176896
2023-07-20,1231.00,1231.00,1205.95,1215.90,88877
2023-07-21,1215.00,1219.50,1191.05,1198.55,40125
2023-07-24,1198.55,1204.50,1175.00,1189.45,118035
2023-07-25,1195.00,1205.00,1175.30,1182.65,71891
2023-07-26,1185.00,1224.00,1185.00,1192.10,196551
2023-07-27,1200.00,1222.00,1195.05,1208.95,166023
2023-07-28,1217.10,1232.00,1208.95,1225.70,180967
2023-07-31,1231.75,1237.95,1200.35,1210.80,184080
2023-08-01,1215.00,1295.00,1211.80,1286.65,408946
2023-08-02,1298.10,1304.90,1231.00,1240.55,274601
2023-08-03,1241.80,1285.00,1237.10,1255.20,280845
2023-08-04,1268.05,1269.60,1245.00,1259.25,206810
2023-08-07,1265.95,1266.00,1161.55,1174.25,339484
2023-08-08,1185.50,1199.00,1150.05,1161.90,369932
2023-08-09,1167.75,1169.95,1116.00,1126.65,546269
2023-08-10,1126.65,1134.95,1099.60,1108.15,213094
2023-08-11,1101.00,1101.00,1068.00,1082.45,315340
2023-08-14,1070.00,1081.60,1051.55,1057.85,358684
2023-08-16,1056.00,1099.00,1028.00,1092.00,307488
2023-08-17,1098.90,1101.85,1054.45,1063.90,567252
2023-08-18,1067.90,1104.00,1067.90,1089.50,598609
2023-08-21,1100.00,1149.95,1100.00,1122.65,479820
2023-08-22,1130.00,1130.05,1111.00,1120.65,145277
2023-08-23,1120.65,1146.00,1113.05,1141.80,135998
2023-08-24,1147.00,1150.80,1131.10,1139.75,85529
2023-08-25,1130.00,1143.90,1123.15,1135.00,66633
2023-08-28,1134.20,1146.00,1126.80,1139.50,125911
2023-08-29,1141.00,1143.30,1131.00,1136.15,59505
2023-08-30,1139.90,1147.00,1132.20,1143.15,50959
2023-08-31,1149.80,1149.80,1131.50,1136.25,73696
2023-09-01,1136.95,1141.90,1112.05,1136.35,176873
2023-09-04,1145.00,1194.25,1127.00,1187.10,305406
2023-09-05,1193.05,1208.40,1175.00,1184.20,663090
2023-09-06,1187.95,1187.95,1166.10,1185.40,94936
2023-09-07,1180.20,1195.00,1170.10,1190.70,115835
2023-09-08,1199.00,1216.00,1181.00,1209.95,188651
2023-09-11,1219.95,1222.85,1192.00,1206.05,220112
2023-09-12,1210.00,1218.00,1165.50,1191.75,272991
2023-09-13,1193.00,1199.00,1168.00,1192.50,113591
2023-09-14,1192.50,1215.00,1186.10,1200.10,135463
2023-09-15,1197.80,1207.20,1176.50,1192.20,253430
2023-09-18,1191.00,1201.10,1171.00,1181.45,89326
2023-09-20,1171.45,1183.20,1143.00,1161.35,141671
2023-09-21,1161.35,1175.90,1155.05,1160.20,67008
2023-09-22,1161.65,1261.90,1161.60,1191.25,2039507
2023-09-25,1191.25,1210.95,1182.00,1188.70,96947
2023-09-26,1193.00,1199.70,1166.55,1174.10,92711
2023-09-27,1176.85,1190.00,1172.45,1184.30,42316
2023-09-28,1188.00,1214.60,1172.35,1189.15,364340
2023-09-29,1190.00,1193.60,1167.55,1177.00,43922
2023-10-03,1175.00,1179.90,1162.00,1169.80,99940
2023-10-04,1169.10,1189.00,1162.60,1185.25,88384
2023-10-05,1189.50,1194.00,1168.60,1191.40,81815
2023-10-06,1194.00,1194.00,1166.00,1168.85,104129
2023-10-09,1165.00,1165.00,1112.35,1135.05,189731
2023-10-10,1138.10,1160.80,1135.05,1149.60,187985
2023-10-11,1154.10,1173.45,1147.55,1164.85,765021
2023-10-12,1170.00,1177.35,1147.65,1155.05,41539
2023-10-13,1153.70,1204.00,1149.05,1167.85,171293
2023-10-16,1168.55,1180.15,1154.25,1164.90,55953
2023-10-17,1168.95,1179.00,1158.20,1172.40,37414
2023-10-18,1168.80,1174.50,1136.00,1144.35,151630
2023-10-19,1144.00,1166.00,1135.20,1140.85,71721
2023-10-20,1146.60,1153.00,1116.00,1132.05,102138
2023-10-23,1103.25,1128.00,1090.00,1101.80,170182
2023-10-25,1099.85,1106.95,1068.00,1089.95,92966
2023-10-26,1086.00,1116.05,1067.10,1107.95,126744
2023-10-27,1107.95,1151.00,1078.80,1087.95,390771
2023-10-30,1090.00,1097.25,1063.30,1076.10,301754
2023-10-31,1081.50,1090.90,1060.00,1071.95,149316
2023-11-01,1073.70,1075.80,1047.25,1064.65,389973
2023-11-02,1070.00,1075.00,1057.80,1070.75,324672
2023-11-03,1097.70,1097.70,1058.60,1063.85,53010
2023-11-06,1072.35,1087.15,1049.60,1079.85,200342
2023-11-07,1085.30,1093.50,1065.85,1069.60,46654
2023-11-08,1069.00,1089.45,1066.85,1069.85,61298
2023-11-09,1073.00,1076.95,1048.50,1070.85,530036
2023-11-10,1070.00,1084.85,1067.05,1072.35,50779
2023-11-12,1073.00,1078.50,1060.30,1075.10,9300
2023-11-13,1072.15,1076.65,1059.00,1069.35,268437
2023-11-15,1075.00,1093.90,1075.00,1088.25,95368
2023-11-16,1089.90,1107.50,1086.20,1100.90,119771
2023-11-17,1102.00,1133.50,1099.05,1106.85,627303
2023-11-20,1118.00,1126.45,1080.25,1091.60,184244
2023-11-21,1109.90,1109.90,1087.70,1094.65,64345
2023-11-22,1099.00,1191.70,1086.75,1170.05,1227028
2023-11-23,1172.80,1172.80,1128.55,1133.05,316729
2023-11-24,1135.00,1158.65,1125.10,1134.00,305792
2023-11-28,1146.50,1199.00,1145.00,1154.70,437601
2023-11-29,1155.00,1169.95,1130.00,1154.15,204808
2023-11-30,1158.85,1219.25,1122.15,1190.10,531572
2023-12-01,1181.00,1193.50,1158.50,1161.50,125332
2023-12-04,1180.45,1194.95,1164.00,1190.05,133666
2023-12-05,1199.20,1206.30,1180.60,1196.75,202637
2023-12-06,1198.00,1198.00,1174.00,1182.55,56964
2023-12-07,1192.00,1215.00,1182.55,1207.95,183282
2023-12-08,1207.95,1209.40,1191.00,1205.30,140159
2023-12-11,1208.00,1209.85,1182.70,1192.30,183693
2023-12-12,1197.90,1225.00,1193.65,1215.55,232212
2023-12-13,1228.80,1229.00,1178.00,1182.75,143703
2023-12-14,1194.00,1207.50,1185.85,1195.65,50539
2023-12-15,1199.75,1207.95,1165.55,1188.60,194153
2023-12-18,1192.75,1206.65,1184.55,1191.85,153650
2023-12-19,1192.00,1209.95,1161.05,1166.70,106652
2023-12-20,1180.00,1185.50,1097.55,1111.50,518088
2023-12-21,1105.00,1135.35,1100.00,1103.30,186268
2023-12-22,1112.00,1128.00,1089.00,1094.15,176291
2023-12-26,1100.00,1113.90,1079.95,1103.40,179542
2023-12-27,1103.40,1129.35,1103.40,1110.00,285492
2023-12-28,1113.25,1125.00,1091.20,1096.95,154399
2023-12-29,1108.80,1116.25,1097.05,1113.40,172093
2024-01-01,1117.95,1125.00,1106.10,1116.80,48609
2024-01-02,1117.95,1125.00,1105.15,1116.90,62433
2024-01-03,1117.55,1129.95,1107.00,1120.05,70187
2024-01-04,1128.90,1133.10,1110.80,1114.85,75679
2024-01-05,1124.00,1149.95,1117.00,1145.50,125079
2024-01-08,1169.00,1179.00,1126.00,1131.50,109078
2024-01-09,1145.50,1179.30,1130.25,1143.45,417648
2024-01-10,1145.00,1149.45,1128.00,1144.95,468612
2024-01-11,1150.70,1168.00,1143.25,1155.05,66329
2024-01-12,1159.95,1176.90,1149.05,1164.45,96035
2024-01-15,1160.00,1195.00,1155.05,1185.40,139417
2024-01-16,1188.95,1203.70,1155.00,1158.45,83583
2024-01-17,1157.25,1157.25,1138.55,1142.95,45747
2024-01-18,1137.25,1144.45,1118.20,1129.75,75275
2024-01-19,1139.85,1148.00,1131.35,1140.90,84164
2024-01-20,1140.00,1148.95,1124.40,1129.90,17189
2024-01-23,1134.50,1134.50,1115.40,1125.50,31757
2024-01-24,1119.00,1218.00,1118.95,1177.20,720902
2024-01-25,1177.20,1182.80,1143.50,1149.50,445878
2024-01-29,1149.00,1151.65,1129.60,1138.95,54274
2024-01-30,1139.95,1148.00,1106.10,1110.95,102034
2024-01-31,1112.00,1145.40,1112.00,1124.65,130086
2024-02-01,1130.00,1134.00,1113.40,1127.75,212743
2024-02-02,1130.00,1140.40,1109.50,1115.70,283126
2024-02-05,1115.70,1122.80,1075.00,1083.75,143536
2024-02-06,1089.00,1127.10,1087.90,1120.60,141788
2024-02-07,1130.00,1179.00,1125.95,1137.65,181870
2024-02-08,1137.95,1152.75,1126.35,1145.50,65411
2024-02-09,1149.95,1150.00,1117.60,1133.30,116005
2024-02-12,1132.00,1180.00,1127.75,1150.45,106960
2024-02-13,1160.00,1163.15,1132.00,1138.80,98342
2024-02-14,1118.00,1130.00,1103.35,1115.00,98009
2024-02-15,1115.00,1133.50,1100.00,1108.15,203334
2024-02-16,1110.00,1134.00,1100.25,1114.60,251961
2024-02-19,1114.60,1128.15,1089.00,1090.25,147750
2024-02-20,1090.25,1111.00,1090.25,1097.90,209958
2024-02-21,1101.70,1105.05,1072.05,1083.15,197047
2024-02-22,1083.15,1095.85,1080.00,1087.50,142163
2024-02-23,1089.00,1101.90,1083.10,1090.45,83917
2024-02-26,1090.40,1097.60,1060.00,1065.60,241829
2024-02-27,1065.00,1070.00,1025.60,1037.00,328127
2024-02-28,1035.00,1065.85,1033.95,1055.70,546526
2024-02-29,1050.10,1080.00,1034.30,1069.30,139223
2024-03-01,1079.70,1095.00,1067.05,1081.55,48402
2024-03-02,1085.80,1100.00,1065.00,1096.10,14656
2024-03-04,1088.30,1094.45,1055.00,1072.25,473243
2024-03-05,1074.00,1108.00,1068.10,1097.70,171330
2024-03-06,1092.70,1095.10,1050.60,1058.05,84664
2024-03-07,1057.05,1087.50,1047.40,1065.30,289905
2024-03-11,1074.00,1074.00,1051.50,1069.70,36029
2024-03-12,1061.00,1082.75,1059.05,1078.55,60745
2024-03-13,1076.10,1076.10,1045.05,1060.85,307122
2024-03-14,1054.45,1094.00,1050.65,1069.50,91708
2024-03-15,1052.00,1107.00,1052.00,1096.15,94500
2024-03-18,1096.15,1114.40,1088.55,1089.90,427869
2024-03-19,1090.00,1115.00,1084.40,1111.20,58289
2024-03-20,1111.20,1134.25,1099.00,1120.70,163883
2024-03-21,1131.95,1166.00,1131.95,1155.50,369538
2024-03-22,1168.10,1259.00,1154.90,1248.90,961299
2024-03-26,1244.00,1291.00,1221.10,1234.90,374570
2024-03-27,1222.80,1257.50,1220.25,1248.35,177783
2024-03-28,1229.15,1277.00,1229.15,1268.35,172832
2024-04-01,1267.45,1312.00,1257.05,1298.35,165266
2024-04-02,1298.35,1342.45,1295.00,1321.10,242543
2024-04-03,1318.95,1359.60,1310.00,1326.05,342333
2024-04-04,1331.95,1333.75,1278.10,1289.00,124787
2024-04-05,1277.60,1342.00,1251.00,1275.15,226517
2024-04-08,1277.90,1307.20,1237.00,1252.00,118088
2024-04-09,1255.90,1319.00,1255.45,1307.00,186395
2024-04-10,1302.00,1309.95,1267.50,1274.45,37949
2024-04-12,1277.05,1293.40,1239.70,1249.25,103650
2024-04-15,1245.10,1282.45,1223.00,1248.30,152664
2024-04-16,1248.65,1255.85,1234.65,1239.40,37867
2024-04-18,1239.30,1248.75,1217.00,1223.80,53385
2024-04-19,1225.00,1262.60,1203.30,1251.20,76127
2024-04-22,1251.85,1296.80,1251.25,1286.60,101127
2024-04-23,1293.05,1317.30,1275.60,1309.80,82692
2024-04-24,1311.00,1349.00,1301.60,1341.10,440965
2024-04-25,1350.00,1423.00,1338.10,1414.85,415243
2024-04-26,1467.70,1467.70,1414.85,1440.50,195720
2024-04-29,1441.00,1459.95,1410.00,1444.15,90521
2024-04-30,1435.00,1499.00,1411.05,1422.30,152509
2024-05-02,1426.00,1550.00,1425.95,1506.60,688173
2024-05-03,1512.75,1513.90,1425.10,1441.45,202104
2024-05-06,1450.00,1545.00,1403.20,1516.25,801316
2024-05-07,1514.00,1514.00,1480.15,1494.95,1124834
2024-05-08,1483.30,1508.95,1471.00,1498.85,159038
2024-05-09,1493.65,1498.75,1454.35,1468.00,118856
2024-05-10,1447.70,1485.00,1443.80,1463.70,167211
2024-05-13,1477.00,1523.00,1470.15,1506.75,173823
2024-05-14,1525.00,1532.30,1471.35,1486.30,117379
2024-05-15,1501.15,1538.45,1499.35,1533.50,124855
2024-05-16,1541.20,1715.00,1541.00,1646.20,1487608
2024-05-17,1663.20,1755.35,1605.80,1731.05,390553
2024-05-18,1738.00,1800.00,1729.00,1755.70,38091
2024-05-21,1760.05,1790.00,1676.20,1686.70,373666
2024-05-22,1689.00,1771.00,1626.40,1738.70,185628
2024-05-23,1765.00,1773.40,1688.00,1714.35,119516
2024-05-24,1714.35,1714.95,1642.00,1652.50,97013
2024-05-27,1660.80,1664.85,1609.60,1618.00,77479
2024-05-28,1618.00,1631.20,1587.65,1603.55,61772
2024-05-29,1606.50,1618.95,1589.60,1595.00,43700
2024-05-30,1603.05,1645.00,1583.80,1590.45,207557
2024-05-31,1597.00,1631.20,1570.00,1593.40,161730
2024-06-03,1642.50,1695.00,1634.00,1674.45,245941
2024-06-04,1690.00,1695.00,1500.00,1512.60,136559
2024-06-05,1530.05,1579.45,1510.05,1558.25,136421
2024-06-06,1573.00,1586.95,1568.40,1576.80,40506
2024-06-07,1594.00,1644.95,1561.00,1622.05,150861
2024-06-10,1636.00,1638.90,1610.00,1626.45,57293
2024-06-11,1630.00,1672.20,1625.90,1645.40,87242
2024-06-12,1645.40,1765.00,1645.40,1705.70,490217
2024-06-13,1708.65,1748.95,1706.10,1737.50,125914
2024-06-14,1749.95,1788.00,1745.25,1773.95,179433
2024-06-18,1800.00,1800.00,1740.10,1783.05,257611
2024-06-19,1797.00,1825.90,1763.50,1800.80,406557
2024-06-20,1819.05,1841.15,1742.05,1749.05,222999
2024-06-21,1749.40,1765.45,1683.30,1697.40,182018
2024-06-24,1685.00,1727.35,1683.30,1689.95,102579
2024-06-25,1689.95,1729.75,1672.05,1716.30,75153
2024-06-26,1728.00,1740.35,1668.00,1689.50,91137
2024-06-27,1692.85,1724.00,1685.85,1698.65,202994
2024-06-28,1700.85,1713.85,1664.00,1669.75,403435
2024-07-01,1685.00,1730.00,1669.80,1678.50,93504
2024-07-02,1689.00,1704.00,1674.75,1684.10,587367
2024-07-03,1702.00,1763.00,1672.35,1699.90,273137
2024-07-04,1702.05,1729.00,1675.90,1710.10,175562
2024-07-05,1706.00,1721.90,1684.90,1690.40,89379
2024-07-08,1707.00,1790.00,1681.05,1697.00,453069
2024-07-09,1712.00,1752.00,1688.00,1696.55,111132
2024-07-10,1702.10,1724.95,1656.25,1674.15,96999
2024-07-11,1687.00,1715.45,1670.90,1686.65,607937
2024-07-12,1688.85,1720.50,1684.35,1690.55,1035947
2024-07-15,1709.10,1758.00,1685.05,1710.00,308724
2024-07-16,1720.00,1768.95,1720.00,1739.00,253581
2024-07-18,1736.00,1757.00,1702.00,1727.25,86336
2024-07-19,1723.00,1745.00,1704.85,1720.65,142104
2024-07-22,1687.05,1721.00,1649.95,1686.45,233579
2024-07-23,1682.25,1714.20,1607.60,1673.35,89617
2024-07-24,1664.05,1725.00,1650.15,1717.15,106267
2024-07-25,1711.75,1734.00,1688.05,1724.00,56541
2024-07-26,1715.00,1747.00,1691.45,1740.85,63036
2024-07-29,1730.00,1771.00,1730.00,1751.15,79712
2024-07-30,1746.00,1752.90,1710.10,1719.10,149727
2024-07-31,1715.00,1742.00,1677.10,1718.80,107959
2024-08-01,1719.35,1735.15,1690.05,1709.05,59056
2024-08-02,1688.00,1691.05,1651.70,1665.95,148129
2024-08-05,1580.00,1639.95,1575.00,1599.40,142432
2024-08-06,1605.40,1691.00,1605.40,1641.65,218681
2024-08-07,1667.00,1667.00,1596.05,1604.20,464605
2024-08-08,1603.00,1604.15,1538.20,1547.55,285303
2024-08-09,1547.00,1578.00,1520.00,1524.15,271034
2024-08-12,1510.20,1562.90,1506.80,1552.90,166157
2024-08-13,1557.00,1592.00,1527.50,1544.65,100660
2024-08-14,1530.00,1564.00,1530.00,1551.55,51706
2024-08-16,1568.00,1608.90,1565.05,1577.80,139700
2024-08-19,1593.40,1593.40,1536.85,1562.15,244077
2024-08-20,1569.75,1589.40,1528.00,1540.65,105529
2024-08-21,1540.00,1589.95,1539.95,1572.30,127099
2024-08-22,1589.05,1667.00,1556.40,1579.10,309064
2024-08-23,1584.00,1593.00,1555.30,1568.10,90112
2024-08-26,1560.30,1566.05,1533.05,1540.30,70175
2024-08-27,1539.40,1565.00,1531.15,1541.30,356174
2024-08-28,1541.30,1558.95,1508.00,1509.80,95377
2024-08-29,1514.00,1532.00,1505.00,1512.90,161474
2024-08-30,1519.00,1529.00,1504.25,1524.80,48748
2024-09-02,1526.70,1529.90,1505.75,1513.40,73706
2024-09-03,1515.00,1532.00,1506.65,1515.00,174275
2024-09-04,1507.50,1528.45,1507.00,1513.05,54226
2024-09-05,1513.05,1554.65,1512.40,1542.85,86882
2024-09-06,1558.30,1576.80,1502.50,1509.85,130386
2024-09-09,1500.20,1517.30,1467.80,1493.60,68628
2024-09-10,1501.10,1537.95,1495.15,1527.00,69193
2024-09-11,1527.50,1562.90,1511.20,1533.40,100477
2024-09-12,1533.40,1534.20,1515.65,1524.60,58510
2024-09-13,1520.65,1524.00,1500.00,1502.90,47119
2024-09-16,1509.40,1509.40,1471.00,1473.30,81628
2024-09-17,1505.00,1560.50,1492.00,1521.60,507773
2024-09-18,1532.95,1543.90,1493.00,1497.70,144253
2024-09-19,1501.25,1511.50,1479.15,1490.60,92272
2024-09-20,1490.70,1517.55,1480.50,1500.15,63193
2024-09-23,1515.15,1515.15,1494.00,1502.55,30245
2024-09-24,1500.00,1518.45,1496.90,1508.40,238097
2024-09-25,1510.70,1525.30,1503.55,1510.20,45100
2024-09-26,1510.20,1532.00,1501.05,1519.30,199496
2024-09-27,1532.00,1532.00,1492.40,1499.70,71830
2024-09-30,1499.70,1515.00,1476.10,1498.40,68613
2024-10-01,1499.95,1505.75,1465.00,1469.85,114116
2024-10-03,1452.40,1477.00,1445.05,1462.65,38259
2024-10-04,1465.00,1490.95,1436.35,1469.10,86358
2024-10-07,1474.85,1485.60,1404.70,1422.55,178039
2024-10-08,1402.00,1442.00,1387.60,1423.90,392434
2024-10-09,1430.15,1463.25,1421.40,1447.55,200592
2024-10-10,1447.55,1471.15,1439.40,1464.50,98829
2024-10-11,1465.00,1478.55,1441.00,1467.95,62927
2024-10-14,1463.60,1473.35,1455.00,1469.15,49683
2024-10-15,1469.15,1536.75,1469.15,1508.30,414859
2024-10-16,1508.30,1512.45,1478.05,1499.60,187220
2024-10-17,1491.10,1499.95,1457.45,1468.40,75795
2024-10-18,1452.00,1488.00,1451.05,1481.45,40493
2024-10-21,1492.85,1492.85,1435.55,1455.15,41529
2024-10-22,1447.10,1447.10,1411.25,1421.25,51725
2024-10-23,1415.00,1428.15,1388.05,1401.55,69003
2024-10-24,1390.00,1444.00,1383.20,1424.20,55383
2024-10-25,1418.55,1421.90,1370.75,1377.45,42095
2024-10-28,1360.00,1378.00,1347.70,1364.85,88254
2024-10-29,1371.70,1389.00,1340.50,1380.65,59730
2024-10-30,1380.25,1447.75,1362.90,1416.10,179903
2024-10-31,1414.00,1434.85,1375.00,1378.95,81491
2024-11-01,1385.00,1400.95,1377.65,1392.90,5434
2024-11-04,1404.85,1415.00,1358.10,1409.60,65183
2024-11-05,1416.65,1416.65,1376.45,1396.10,59404
2024-11-06,1395.00,1462.00,1392.65,1455.40,160942
2024-11-07,1455.40,1461.80,1427.00,1429.25,127560
2024-11-08,1429.25,1435.50,1398.65,1425.90,81330
2024-11-11,1404.50,1442.45,1401.40,1428.75,77527
2024-11-12,1428.75,1432.75,1388.10,1405.85,52876
2024-11-13,1386.00,1433.90,1378.05,1420.90,143267
2024-11-14,1420.90,1470.00,1410.05,1461.65,103082
2024-11-18,1512.00,1530.90,1433.50,1450.80,246829
2024-11-19,1451.00,1458.95,1402.00,1408.40,134457
2024-11-21,1405.00,1481.35,1400.00,1409.30,246413
2024-11-22,1409.75,1432.95,1378.00,1413.30,100605
2024-11-25,1413.30,1423.65,1402.00,1405.60,127095
2024-11-26,1406.20,1434.00,1401.00,1409.50,66855
2024-11-27,1419.85,1436.60,1405.90,1427.40,36141
2024-11-28,1427.40,1442.30,1415.10,1421.95,23921
2024-11-29,1426.00,1465.80,1417.50,1459.15,60098
2024-12-02,1437.30,1468.00,1427.15,1437.90,89783
2024-12-03,1449.75,1458.95,1407.90,1414.05,168087
2024-12-04,1423.90,1423.90,1403.70,1406.60,82595
2024-12-05,1405.00,1419.10,1384.00,1387.30,62716
2024-12-06,1391.00,1396.85,1360.00,1363.85,115264
2024-12-09,1365.00,1385.95,1357.05,1366.45,81468
2024-12-10,1367.15,1376.30,1331.00,1339.05,118581
2024-12-11,1353.00,1412.40,1347.35,1383.75,720273
2024-12-12,1395.05,1396.05,1348.20,1360.75,62705
2024-12-13,1361.00,1361.00,1332.85,1344.85,57126
2024-12-16,1340.00,1347.25,1307.85,1335.20,377166
2024-12-17,1335.20,1347.30,1314.45,1324.30,86320
2024-12-18,1315.10,1330.00,1308.40,1318.35,56083
2024-12-19,1310.00,1340.05,1301.00,1322.90,87123
2024-12-20,1312.00,1372.00,1296.20,1315.30,273270
2024-12-23,1318.05,1318.05,1269.95,1278.10,105801
2024-12-24,1278.10,1303.10,1273.45,1291.35,95108
2024-12-26,1287.40,1293.55,1251.25,1270.40,327369
2024-12-27,1270.40,1290.00,1265.00,1283.95,58358
2024-12-30,1288.00,1288.00,1251.55,1257.55,56492
2024-12-31,1259.00,1290.40,1258.95,1279.65,215972
2025-01-01,1273.80,1304.65,1272.40,1296.60,75545
2025-01-02,1296.60,1309.45,1274.10,1303.80,94692
2025-01-03,1303.80,1322.70,1296.00,1299.70,41275
2025-01-06,1299.70,1308.45,1241.10,1246.30,48509
2025-01-07,1246.70,1284.30,1246.70,1272.05,59825
2025-01-08,1260.00,1272.70,1241.00,1244.65,24611
2025-01-09,1237.10,1277.60,1236.00,1263.05,55320
2025-01-10,1250.00,1260.45,1232.00,1251.90,47265
2025-01-13,1245.50,1245.50,1208.25,1225.35,179837
2025-01-14,1238.35,1246.00,1205.55,1238.45,44757
2025-01-15,1238.00,1259.45,1224.10,1230.90,52960
2025-01-16,1244.10,1264.05,1235.30,1249.60,370579
2025-01-17,1247.00,1248.45,1213.65,1222.50,82851
2025-01-20,1235.00,1237.00,1210.00,1228.25,55173
2025-01-21,1218.00,1234.85,1200.00,1203.95,44740
2025-01-22,1205.00,1213.80,1178.85,1195.45,56683
2025-01-23,1195.45,1249.00,1175.00,1206.40,99791
2025-01-24,1203.85,1213.20,1181.70,1184.75,56447
2025-01-27,1170.90,1174.00,1127.25,1153.70,70874
2025-01-28,1140.00,1155.00,1105.30,1144.70,89830
2025-01-29,1142.25,1169.95,1126.95,1163.25,47367
2025-01-30,1151.10,1175.00,1142.55,1169.80,78577
2025-01-31,1169.80,1190.00,1152.40,1186.70,76202
2025-02-01,1186.70,1191.95,1166.30,1186.70,18489
2025-02-03,1185.10,1185.10,1144.00,1149.85,189491
2025-02-04,1147.35,1154.95,1113.45,1120.60,67849
2025-02-05,1131.90,1131.90,1102.85,1105.70,87105
2025-02-06,1109.95,1119.20,1096.25,1110.45,225918
2025-02-07,1119.20,1119.65,1087.85,1106.10,89504
2025-02-10,1099.95,1101.75,1046.10,1048.50,94929
2025-02-11,1048.50,1058.20,1020.00,1034.80,75060
2025-02-12,1022.20,1035.00,996.00,1017.85,136700
2025-02-13,1028.30,1040.00,1005.05,1027.80,90776
2025-02-14,1012.35,1033.00,983.15,1014.55,376166
2025-02-17,1020.00,1022.00,950.00,980.55,482154
2025-02-18,966.00,969.75,900.20,911.90,566078
2025-02-19,899.05,916.20,882.75,898.25,358753
2025-02-20,903.00,920.40,897.45,916.00,713640
2025-02-21,916.00,923.00,885.75,899.45,155391
2025-02-24,897.70,897.70,864.65,879.75,203372
2025-02-25,870.75,880.35,855.00,864.75,358917
2025-02-27,873.90,873.90,828.00,845.60,174403
2025-02-28,835.00,846.95,811.65,831.65,286485
2025-03-03,840.60,850.00,809.10,844.45,141203
2025-03-04,843.00,912.50,830.00,890.70,711954
2025-03-05,877.35,915.20,877.35,909.80,145992
2025-03-06,919.50,929.65,911.10,921.95,151884
2025-03-07,920.15,930.05,910.85,921.25,502987
2025-03-10,921.40,954.00,908.35,948.50,440395
2025-03-11,950.50,998.80,934.10,988.15,349635
2025-03-12,988.15,1001.45,954.25,962.45,189644
2025-03-13,950.30,972.20,946.80,955.65,82939
2025-03-17,964.95,984.00,948.25,976.20,154294
2025-03-18,976.20,993.00,970.05,986.30,107854
2025-03-19,987.35,999.00,959.85,976.55,105808
2025-03-20,977.00,993.95,961.30,977.85,196544
2025-03-21,970.00,1031.40,970.00,1022.20,167885
2025-03-24,1020.00,1037.10,1007.50,1013.10,126179
2025-03-25,1036.15,1128.05,988.00,999.50,2988448
2025-03-26,999.95,1008.75,972.00,977.90,142432
2025-03-27,979.00,996.70,950.20,963.70,889456
2025-03-28,979.90,1055.00,975.10,1014.15,1299037
2025-04-01,1011.10,1029.85,991.05,997.95,173917
2025-04-02,990.00,1017.00,984.00,1010.30,110556
2025-04-03,993.90,1021.90,992.20,1018.40,65130
2025-04-04,1010.00,1013.95,982.30,992.50,59037
2025-04-07,932.10,977.00,902.55,951.60,144404
2025-04-08,961.85,977.00,947.15,953.35,74607
2025-04-09,941.00,953.90,936.00,940.50,35718
2025-04-11,953.35,980.55,937.05,955.35,236554
2025-04-15,979.50,1006.50,954.00,990.90,168473
2025-04-16,1006.00,1031.10,1000.00,1007.70,182057
2025-04-17,1020.00,1035.50,996.40,1016.80,238158
2025-04-21,1028.50,1051.50,1008.60,1040.40,212961
2025-04-22,1050.00,1073.10,1029.20,1058.00,111164
2025-04-23,1070.00,1087.50,1040.10,1076.60,150608
2025-04-24,1077.00,1086.10,1045.00,1049.80,166637
2025-04-25,1044.60,1044.60,1002.30,1026.00,76969
2025-04-28,1026.00,1033.50,1010.20,1025.90,72748
2025-04-29,1025.90,1050.00,1024.00,1040.30,69617
2025-04-30,1036.20,1043.50,1014.20,1022.20,655901
2025-05-02,1021.40,1034.00,1004.60,1008.80,53797
2025-05-05,1013.80,1027.50,1001.30,1016.70,104630
2025-05-06,1020.00,1020.00,975.50,989.40,63779
2025-05-07,972.00,987.90,957.00,961.30,157980
2025-05-08,960.10,1019.60,956.00,971.20,350459
2025-05-09,941.00,970.00,941.00,964.50,94180
2025-05-12,999.80,1003.70,983.30,998.00,63977
2025-05-13,969.90,993.20,955.70,984.60,143039
2025-05-14,980.00,986.90,957.00,962.60,145736
2025-05-15,962.40,993.40,957.00,983.90,120510
2025-05-16,991.10,994.50,972.10,983.50,53819
2025-05-19,984.00,1006.50,980.40,1001.00,88259
2025-05-20,1011.00,1025.00,984.60,1016.10,174456
2025-05-21,1018.10,1027.90,994.00,1010.10,115578
2025-05-22,1000.10,1010.90,995.00,997.90,70063
2025-05-23,1006.00,1008.00,988.60,1001.50,49214
2025-05-26,1001.50,1005.00,990.10,1001.80,54680
2025-05-27,1001.80,1006.90,993.10,998.80,50540
2025-05-28,1006.90,1006.90,990.20,994.20,54271
2025-05-29,997.80,1000.00,981.20,987.30,54000
2025-05-30,995.00,1001.80,981.00,991.80,67807
2025-06-02,998.80,1001.15,973.95,979.15,113658
2025-06-03,980.00,993.70,971.60,976.20,174094
2025-06-04,977.70,983.25,958.00,962.15,64331
2025-06-05,962.50,971.45,951.50,954.90,105472
2025-06-06,954.90,960.95,941.90,949.50,131151
2025-06-09,953.30,961.95,943.80,951.50,120303
2025-06-10,952.00,975.00,946.40,949.85,161065
2025-06-11,950.80,960.30,947.30,953.45,123016
2025-06-12,953.45,956.30,927.65,932.60,103512
2025-06-13,923.00,955.95,922.00,950.55,98469
2025-06-16,943.00,953.00,927.85,938.70,124034
2025-06-17,937.50,955.00,935.00,937.15,70042
2025-06-18,944.00,945.50,927.00,936.50,73253
2025-06-19,934.85,938.35,922.00,929.05,59956
2025-06-20,929.00,941.35,915.50,937.80,159880
2025-06-23,936.00,940.05,922.30,930.55,59204
2025-06-24,933.60,962.00,925.80,949.40,344787
2025-06-25,962.80,986.00,956.55,978.00,317401
2025-06-26,979.00,980.50,956.85,962.40,276146
2025-06-27,969.90,980.05,945.55,962.90,244540
2025-06-30,974.80,978.70,958.55,965.45,198707
2025-07-01,968.45,1009.70,968.45,997.15,839340
2025-07-02,1001.85,1003.00,976.50,999.35,205399
2025-07-03,999.40,1009.15,985.75,991.50,133295
2025-07-04,991.50,1000.95,984.10,998.45,68295
2025-07-07,1002.00,1002.00,977.00,983.70,167198
2025-07-08,985.00,999.50,979.40,989.20,100045
2025-07-09,990.05,1003.75,989.00,997.80,172053
2025-07-10,996.00,1002.00,991.85,997.50,55129
2025-07-11,996.80,1000.75,966.00,972.65,75809
2025-07-14,970.10,997.70,965.80,993.40,142234
2025-07-15,997.00,1003.95,982.15,985.50,81388
2025-07-16,996.40,1004.40,986.45,999.65,108812
2025-07-17,999.50,1003.20,992.70,994.70,294914
2025-07-18,1004.60,1004.60,981.10,987.60,77720
2025-07-21,989.95,998.50,981.75,992.15,76707
2025-07-22,987.50,998.40,978.00,979.75,61613
2025-07-23,980.00,984.30,966.75,977.15,53639
2025-07-24,977.15,986.60,972.55,982.55,39455
2025-07-25,975.05,979.35,952.10,959.15,66280
2025-07-28,957.60,960.10,925.00,934.10,486847
2025-07-29,930.50,949.40,921.15,928.15,102872
2025-07-30,929.00,957.70,929.00,954.80,296427
2025-07-31,942.00,955.30,926.00,930.60,40421
2025-08-01,926.00,947.00,924.00,925.95,121391
2025-08-04,934.40,934.40,908.05,917.50,123643
2025-08-05,926.00,926.00,903.05,905.30,183912
2025-08-06,905.90,913.95,881.60,885.10,77949
2025-08-07,878.70,887.05,848.05,855.80,432787
2025-08-08,851.00,879.45,836.15,841.30,286762
2025-08-11,841.35,861.90,833.05,849.25,359274
2025-08-12,858.30,879.50,837.85,847.45,171391
2025-08-13,847.80,854.95,841.70,845.55,108487
2025-08-14,854.90,856.20,842.80,851.20,62360
2025-08-18,855.35,885.00,855.35,874.90,356070
2025-08-19,883.00,885.60,862.90,870.05,431297
2025-08-20,870.05,1018.00,870.05,990.25,4787771
2025-08-21,988.05,988.35,941.20,945.50,897090
2025-08-22,940.85,948.70,921.05,926.65,278012
2025-08-25,930.15,941.80,926.10,929.40,110916
2025-08-26,929.40,929.60,895.00,903.30,139080
2025-08-28,907.00,908.80,893.85,903.20,143428
2025-08-29,895.00,922.80,895.00,911.60,129845
2025-09-01,914.30,937.00,907.05,933.30,110844
2025-09-02,933.30,951.50,919.10,939.75,148281
2025-09-03,939.75,962.80,937.60,947.30,101416
2025-09-04,951.60,952.15,939.60,946.75,107871
2025-09-05,951.00,958.25,943.00,945.95,54247
2025-09-08,945.95,999.00,944.05,965.40,304804
2025-09-09,973.10,979.95,955.75,973.90,265497
2025-09-10,980.00,1005.30,975.20,982.60,235854
2025-09-11,989.40,998.30,981.75,986.05,57883
2025-09-12,986.00,1002.00,986.00,993.10,277309
2025-09-15,1004.50,1004.50,971.35,979.30,123768
2025-09-16,971.35,1009.60,969.00,1001.60,142901
2025-09-17,1005.00,1012.50,991.00,995.45,154516
2025-09-18,999.90,1001.70,975.00,987.35,282327
2025-09-19,991.00,996.00,947.95,958.70,678105
2025-09-22,957.95,964.45,940.40,951.30,194842
2025-09-23,956.00,978.55,953.10,972.00,159826
2025-09-24,972.00,980.80,952.00,955.10,46089
2025-09-25,953.65,959.95,942.20,951.05,162614
2025-09-26,942.65,950.15,915.00,919.90,210343
2025-09-29,920.00,927.75,909.65,911.90,170417
2025-09-30,911.50,928.90,911.50,924.65,49540
2025-10-01,918.65,925.00,909.65,916.45,59595
2025-10-03,916.50,939.90,916.00,937.40,85143
2025-10-06,947.50,955.00,915.10,918.60,145178
2025-10-07,923.40,927.40,913.80,919.30,48949
2025-10-08,920.50,930.35,910.55,917.80,77454
2025-10-09,921.00,923.85,902.10,914.05,197583
2025-10-10,914.05,943.65,913.65,937.55,90027
2025-10-13,934.80,935.00,917.00,928.20,63609
2025-10-14,921.10,930.00,912.00,914.15,92601
2025-10-15,914.00,919.50,901.50,909.05,153968
2025-10-16,913.70,919.95,910.00,916.55,42718
2025-10-17,916.55,920.75,901.10,904.25,53690
2025-10-20,905.10,907.95,888.30,892.65,170701
2025-10-21,895.10,916.50,895.10,909.85,21625
2025-10-23,920.00,920.15,900.00,906.65,93430
2025-10-24,903.00,909.85,895.10,897.30,65290
2025-10-27,897.00,910.60,897.00,908.25,32039
2025-10-28,906.10,922.45,902.95,908.30,47025
2025-10-29,913.10,938.90,903.65,932.15,201734
2025-10-30,935.00,942.20,917.60,925.30,65701
2025-10-31,916.90,923.65,895.10,900.50,99175
2025-11-03,897.00,911.90,894.30,909.45,60298
2025-11-04,909.45,923.45,892.85,895.90,85286
2025-11-06,895.00,900.00,879.05,887.35,77569
2025-11-07,887.00,921.00,876.20,916.20,74900
2025-11-10,912.20,914.95,904.10,911.80,116280
2025-11-11,911.00,912.55,890.10,891.65,46513
2025-11-12,895.00,901.30,882.00,889.05,104992
2025-11-13,890.00,900.00,885.85,893.85,54555
2025-11-14,890.00,894.00,882.00,885.30,37584
2025-11-17,894.50,901.80,871.05,873.20,129501
2025-11-18,877.00,877.00,852.30,857.65,237193
2025-11-19,860.15,873.35,833.00,839.55,504040
2025-11-20,840.00,845.35,830.00,833.90,574558
2025-11-21,833.90,839.90,813.30,817.80,128823
2025-11-24,821.75,842.00,816.40,832.40,820173
2025-11-25,832.40,841.40,826.70,835.15,148151
2025-11-26,836.00,933.00,836.00,876.55,6981690
2025-11-27,878.00,881.50,861.00,868.50,157913
2025-11-28,869.90,870.00,847.95,856.85,171240
2025-12-01,856.90,890.45,855.60,882.00,196926
2025-12-02,880.00,891.40,868.95,886.15,118218
2025-12-03,884.30,904.00,884.00,895.70,117459
2025-12-04,893.50,893.50,875.30,879.70,113081
2025-12-05,879.70,884.30,860.00,869.85,63372
2025-12-08,868.00,873.80,838.20,848.75,73251
2025-12-09,841.60,885.00,822.10,871.00,230290
2025-12-10,867.00,873.30,851.00,854.05,41694
2025-12-11,860.00,870.75,845.75,868.75,49803
2025-12-12,868.00,877.85,860.40,874.60,69389
2025-12-15,876.00,881.95,868.85,870.15,29889
2025-12-16,866.00,868.00,856.30,862.25,56641
2025-12-17,862.25,862.50,846.75,848.35,27264
2025-12-18,843.05,856.00,832.70,850.20,43244
2025-12-19,851.55,867.30,845.15,856.25,92965
2025-12-22,864.30,864.30,846.20,852.75,82580
2025-12-23,848.00,857.45,835.00,851.55,222131
2025-12-24,855.90,865.55,843.00,848.90,80683
2025-12-26,848.90,857.95,842.00,848.00,106174
2025-12-29,842.00,851.70,831.00,839.05,149150
2025-12-30,840.20,840.20,827.00,828.50,115800
2025-12-31,836.35,859.75,830.00,855.90,103792
2026-01-01,856.00,865.00,843.10,859.75,78547
2026-01-02,855.00,861.25,848.10,859.55,106359
2026-01-05,860.90,872.40,855.00,858.60,113699
2026-01-06,858.60,858.60,836.00,837.50,87872
2026-01-07,840.00,840.15,819.60,823.50,257221
2026-01-08,823.50,829.90,815.00,818.20,97700
2026-01-09,819.95,821.95,801.25,804.85,140999
2026-01-12,800.05,808.00,786.80,799.25,131597
2026-01-13,805.50,818.00,803.55,810.40,62660
2026-01-14,814.40,815.25,802.05,807.65,100976
2026-01-16,807.65,821.75,807.60,814.10,62921
2026-01-19,803.60,813.55,801.05,809.50,41344
2026-01-20,814.00,814.00,770.60,779.65,238788
2026-01-21,779.65,817.95,774.65,802.45,1134210
2026-01-22,788.00,826.80,787.95,814.90,162267
2026-01-23,814.00,826.20,811.00,818.20,138631
2026-01-27,815.00,825.45,796.75,821.10,241005
2026-01-28,820.05,840.55,808.60,834.40,135092
2026-01-29,834.40,834.40,799.20,804.25,209646
2026-01-30,804.00,819.95,781.00,788.25,407422
2026-02-01,785.00,799.90,777.20,782.50,49049
2026-02-02,786.60,786.60,748.50,754.40,479512
2026-02-03,770.30,808.20,765.60,794.35,829084
2026-02-04,794.35,810.05,787.55,804.05,104172
2026-02-05,804.90,807.05,786.35,790.45,65084
2026-02-06,789.90,789.90,760.05,771.40,150332
2026-02-09,774.60,833.75,774.60,830.00,453909
2026-02-10,831.00,838.90,822.15,826.35,64850
2026-02-11,826.35,847.40,815.75,844.65,564496
2026-02-12,845.00,845.00,818.00,835.75,112462
2026-02-13,830.00,842.45,820.35,825.50,166861
2026-02-16,823.65,830.00,811.00,820.15,82117
2026-02-17,825.00,837.60,820.70,830.05,89509
2026-02-18,830.00,843.45,825.15,840.90,40525
2026-02-19,843.50,855.40,832.05,844.15,250213
2026-02-20,840.60,864.75,835.65,843.55,662821
2026-02-23,851.95,855.45,843.10,849.75,260365
2026-02-24,846.55,846.60,830.00,842.10,89714
2026-02-25,842.10,848.85,831.85,833.90,67172
2026-02-26,833.85,839.00,831.00,837.50,53407
2026-02-27,835.05,840.00,813.15,823.25,281254
2026-03-02,780.00,815.70,780.00,806.95,129107
2026-03-04,800.00,802.00,785.30,799.15,77047
2026-03-05,802.35,815.25,797.20,813.55,67659
2026-03-06,806.75,814.75,799.95,804.30,23729
2026-03-09,800.00,801.20,778.15,796.30,78714
2026-03-10,795.00,808.05,794.30,798.30,35867
2026-03-11,798.30,810.00,782.85,787.10,46470
2026-03-12,787.10,792.00,766.10,787.50,62285
2026-03-13,781.00,783.95,752.00,755.60,164807
2026-03-16,759.00,765.10,738.40,758.55,116300
2026-03-17,761.00,764.05,744.90,752.85,94438
2026-03-18,753.95,773.00,753.95,767.70,66371
2026-03-19,763.90,764.45,746.60,748.35,60684
2026-03-20,754.00,775.00,748.25,756.95,73003
2026-03-23,754.30,759.40,735.20,755.45,157123
2026-03-24,762.70,768.85,750.10,764.00,80758
2026-03-25,765.00,790.00,762.35,788.00,144350
2026-03-27,788.00,791.80,759.15,767.55,357135
2026-03-30,760.00,785.00,744.00,775.70,406933
2026-04-01,788.95,813.50,788.95,802.50,107728
2026-04-02,799.25,862.00,791.05,854.00,754560
2026-04-06,851.50,853.25,823.30,827.75,473344
2026-04-07,820.00,869.40,816.00,855.95,429985
2026-04-08,871.00,874.00,852.00,860.70,351724
2026-04-09,860.00,874.40,852.50,855.25,110129
2026-04-10,858.90,920.95,858.85,895.45,328309
2026-04-13,891.15,897.70,868.70,883.65,91103
2026-04-15,900.00,903.10,875.40,888.15,238519
2026-04-16,900.00,900.00,876.00,886.70,66835
2026-04-17,889.00,949.00,886.70,940.10,870434
2026-04-20,939.30,959.00,926.25,941.15,148605
2026-04-21,941.15,949.75,928.50,933.25,80005
2026-04-22,933.25,948.00,925.00,941.40,50999
2026-04-23,939.80,957.90,938.60,949.05,93005
2026-04-24,949.00,955.00,923.00,926.15,149018
2026-04-27,941.95,949.00,929.85,946.10,334525
2026-04-28,946.00,973.40,943.30,968.15,123141
2026-04-29,974.90,981.95,965.00,976.10,337594
2026-04-30,980.00,980.95,939.95,951.75,221374
2026-05-04,965.00,983.00,957.95,980.00,108020
2026-05-05,981.00,983.80,957.00,974.35,53850
2026-05-06,980.00,992.00,970.85,987.80,97782
2026-05-07,987.80,1023.35,987.80,1003.40,240729
2026-05-08,1003.40,1037.55,1001.00,1027.70,441675
2026-05-11,1020.00,1044.50,1002.35,1039.00,178869
2026-05-12,1008.05,1028.70,1002.75,1008.65,163329
2026-05-13,1008.00,1050.00,1000.00,1033.30,127721
2026-05-14,1035.40,1043.90,1000.05,1037.35,129585
2026-05-15,1001.00,1123.90,990.10,1102.40,2228714
2026-05-18,1101.00,1166.40,1090.00,1098.25,1402951
2026-05-19,1096.70,1107.05,1068.10,1076.20,159412
2026-05-20,1069.90,1087.95,1055.00,1059.15,168315
2026-05-21,1058.55,1075.00,1048.25,1062.40,128566
2026-05-22,1067.00,1085.00,1051.50,1056.85,85230
2026-05-25,1056.85,1073.70,1053.05,1057.40,73452
2026-05-26,1056.00,1068.00,1036.50,1043.35,149933
2026-05-27,1020.25,1051.00,1005.00,1035.00,129301
2026-05-29,1035.20,1082.00,1017.70,1029.05,271476
2026-06-01,1019.00,1040.40,1015.10,1030.60,1025285
2026-06-02,1030.60,1030.60,1005.40,1023.10,79037
2026-06-03,1029.90,1033.00,1005.60,1011.70,51106
2026-06-04,1011.70,1035.90,1006.10,1028.60,113027
2026-06-05,1040.10,1070.00,1023.90,1039.80,311452
2026-06-08,1025.00,1064.70,1020.10,1054.50,146955
2026-06-09,1065.00,1076.30,1031.00,1040.10,113780
2026-06-10,1030.20,1050.00,1001.10,1016.40,114586
2026-06-11,1021.70,1030.00,993.20,997.80,212046
2026-06-12,1002.00,1060.00,996.00,1053.10,367180
2026-06-15,1054.90,1082.50,1054.90,1065.90,142437
2026-06-16,1071.50,1073.70,1051.80,1065.50,86279
2026-06-17,1065.50,1135.00,1065.50,1130.30,543328
2026-06-18,1138.00,1268.00,1136.10,1192.20,2071027
2026-06-19,1176.30,1306.90,1176.30,1241.70,2169097
2026-06-22,1240.00,1241.50,1181.40,1211.40,467601
2026-06-23,1211.40,1276.00,1202.80,1212.30,973045
2026-06-24,1204.10,1215.00,1156.20,1162.50,227574
2026-06-25,1170.00,1178.40,1135.00,1143.30,163682
2026-06-29,1142.10,1201.80,1138.30,1191.90,317444
2026-06-30,1201.00,1208.10,1172.70,1178.20,145242
2026-07-01,1184.40,1196.70,1158.00,1163.90,111576
2026-07-02,1164.00,1170.00,1129.10,1141.70,103565
2026-07-03,1142.70,1147.70,1113.50,1139.60,118918
2026-07-06,1149.90,1155.00,1133.50,1144.50,105601
2026-07-07,1146.00,1148.90,1095.10,1106.10,95146
2026-07-08,1106.10,1116.00,1070.30,1080.50,92633
2026-07-09,1082.60,1096.90,1072.10,1089.80,303053
2026-07-10,1095.00,1102.60,1081.00,1091.20,87179
2026-07-13,1096.40,1098.00,1058.40,1073.00,262582
2026-07-14,1050.00,1082.90,1048.00,1066.20,133523
2026-07-15,1075.10,1088.80,1073.00,1081.80,74800
2026-07-16,1093.00,1101.70,1068.60,1085.30,267073
2026-07-17,1082.00,1085.50,1050.00,1059.80,112765
2026-07-20,1055.00,1091.00,1044.00,1087.20,208476
2026-07-21,1087.20,1121.00,1080.00,1084.20,177549
2026-07-22,1082.00,1095.20,1058.00,1068.90,89071
2026-07-23,1067.40,1113.00,1050.00,1056.10,271628
2026-07-24,1050.00,1072.00,1035.50,1064.30,110297
2026-07-27,1074.90,1089.90,1055.20,1073.10,79889
2026-07-28,1073.30,1075.00,1054.10,1061.50,59332
2026-07-29,1063.60,1083.80,1052.00,1056.00,81553
2026-07-30,1061.20,1061.20,1043.20,1051.00,64135
2026-07-31,1059.90,1085.00,1048.20,1063.80,196536
2026-08-03,1076.10,1110.00,1063.80,1095.50,199525
2026-08-04,1090.40,1099.80,1075.00,1078.50,67012
2026-08-05,1084.50,1092.00,1066.80,1081.70,83038
2026-08-06,1091.20,1094.80,1065.20,1069.10,79070
2026-08-07,1079.00,1114.80,1059.10,1097.00,521265
2026-08-10,1114.80,1138.60,1077.70,1121.00,369878
2026-08-11,1145.00,1185.00,1103.90,1173.80,356443
2026-08-12,1180.00,1196.00,1146.60,1154.20,282309
2026-08-13,1148.10,1192.00,1131.80,1184.60,232847
2026-08-14,1179.20,1179.20,1132.30,1151.60,227617
2026-08-17,1154.70,1154.70,1116.80,1122.70,140768
2026-08-18,1122.70,1148.80,1118.90,1126.00,526641
2026-08-19,1125.90,1129.80,1084.40,1087.20,162917
2026-08-20,1088.00,1142.00,1081.40,1137.60,266570
2026-08-21,1137.90,1207.00,1126.60,1169.80,751724
2026-08-24,1173.30,1174.20,1117.50,1122.20,225647
2026-08-25,1118.10,1129.30,1100.70,1106.70,210305
2026-08-26,1118.20,1125.90,1101.10,1105.70,106839
2026-08-27,1114.90,1119.20,1100.00,1103.20,139357
2026-08-28,1100.10,1125.00,1087.00,1116.80,85151
2026-08-31,1095.50,1134.90,1095.50,1106.60,169772
2026-09-01,1107.00,1125.90,1091.00,1100.50,213988
2026-09-02,1100.50,1107.60,1068.50,1071.50,146299
2026-09-03,1077.00,1088.80,1070.00,1078.00,73895
2026-09-04,1078.70,1140.90,1069.90,1130.60,338864
2026-09-07,1139.40,1151.00,1095.00,1104.00,237087
2026-09-08,1095.10,1126.80,1087.40,1095.90,94132
2026-09-09,1106.00,1106.00,1080.70,1094.10,86399
2026-09-10,1090.00,1123.40,1085.00,1090.20,210273
2026-09-11,1091.80,1091.80,1055.10,1075.20,113965
2026-09-15,1085.00,1085.00,1021.00,1031.80,188036
2026-09-16,1031.80,1055.50,1018.10,1051.60,96977
2026-09-17,1053.90,1094.90,1045.10,1083.60,226913
2026-09-18,1084.00,1141.30,1078.40,1124.40,533148
