Date,Open,High,Low,Close,Volume
2004-07-20,1.52,1.52,1.02,1.02,3163
2004-07-21,0.98,0.98,0.82,0.83,26793
2004-07-22,0.75,1.01,0.67,1.01,63741
2004-07-23,1.06,1.22,1.03,1.11,237597
2004-07-26,1.16,1.20,0.95,0.96,110159
2004-07-27,1.16,1.16,0.88,0.96,26098
2004-07-28,1.11,1.11,0.86,0.93,85984
2004-07-29,0.86,1.11,0.86,1.09,177939
2004-07-30,1.09,1.09,1.01,1.02,19465
2004-08-02,1.08,1.08,0.97,1.00,21980
2004-08-03,1.05,1.05,0.95,0.97,23151
2004-08-04,1.11,1.11,0.87,0.88,43027
2004-08-05,0.94,0.95,0.88,0.91,27588
2004-08-06,0.91,0.93,0.87,0.93,4321
2004-08-09,0.94,0.95,0.90,0.93,37552
2004-08-10,0.89,0.93,0.81,0.83,17720
2004-08-11,0.81,0.81,0.67,0.68,24222
2004-08-12,0.71,0.80,0.69,0.79,9333
2004-08-13,0.81,0.87,0.81,0.86,9765
2004-08-16,0.88,0.93,0.88,0.90,3111
2004-08-17,0.78,0.86,0.76,0.79,2636
2004-08-18,0.74,0.87,0.74,0.80,21029
2004-08-19,0.75,0.86,0.75,0.84,81668
2004-08-20,0.87,0.88,0.81,0.83,23600
2004-08-23,0.87,0.93,0.86,0.91,81296
2004-08-24,0.93,0.97,0.88,0.96,211287
2004-08-25,0.93,1.16,0.93,1.15,641052
2004-08-26,1.15,1.35,1.15,1.28,1059764
2004-08-27,1.27,1.34,1.16,1.18,329859
2004-08-30,1.26,1.26,1.12,1.13,81205
2004-08-31,1.11,1.22,1.03,1.19,477855
2004-09-01,1.27,1.27,1.12,1.13,191390
2004-09-02,1.11,1.18,1.10,1.13,36252
2004-09-03,1.05,1.12,1.05,1.10,37168
2004-09-06,1.10,1.10,1.05,1.05,2809
2004-09-07,1.13,1.15,1.02,1.05,84696
2004-09-08,1.08,1.09,1.06,1.06,74102
2004-09-09,1.08,1.10,0.96,0.96,225291
2004-09-10,1.02,1.05,0.96,0.98,19651
2004-09-13,1.09,1.09,1.00,1.02,92141
2004-09-14,1.00,1.01,0.86,0.97,55967
2004-09-15,0.96,0.96,0.96,0.96,2592
2004-09-16,0.96,1.00,0.95,1.00,25277
2004-09-17,0.94,1.00,0.94,0.97,14496
2004-09-20,1.03,1.03,0.93,0.93,17400
2004-09-21,0.97,0.98,0.93,0.98,46941
2004-09-22,0.95,1.00,0.94,0.97,18588
2004-09-23,1.01,1.04,0.94,0.95,440303
2004-09-24,0.90,1.04,0.90,1.01,16652
2004-09-27,1.04,1.06,0.95,1.00,130501
2004-09-28,1.00,1.01,0.96,0.96,55738
2004-09-29,0.98,0.98,0.97,0.97,8858
2004-09-30,0.96,1.01,0.96,0.97,92573
2004-10-01,0.96,1.03,0.96,1.02,45368
2004-10-04,1.06,1.13,1.00,1.01,139869
2004-10-05,1.02,1.04,0.98,0.98,66968
2004-10-06,1.00,1.04,0.96,0.98,17715
2004-10-07,1.18,1.18,1.01,1.03,11238
2004-10-08,1.05,1.09,0.98,1.04,53798
2004-10-11,1.04,1.11,1.02,1.03,134053
2004-10-12,1.11,1.16,1.02,1.04,141290
2004-10-14,1.08,1.08,1.04,1.05,34588
2004-10-15,1.01,1.09,1.00,1.01,2930
2004-10-18,0.98,1.17,0.98,1.11,47749
2004-10-19,0.90,1.11,0.90,1.09,37068
2004-10-20,1.02,1.06,1.02,1.04,1305
2004-10-21,1.02,1.09,1.02,1.02,34895
2004-10-25,1.00,1.01,1.00,1.01,4321
2004-10-26,1.08,1.08,1.08,1.08,4
2004-10-27,1.00,1.08,1.00,1.08,4105
2004-10-28,1.15,1.15,1.01,1.08,1110
2004-10-29,1.04,1.04,1.02,1.02,4973
2004-11-01,0.97,1.04,0.97,1.03,15123
2004-11-02,1.00,1.05,0.96,0.96,44288
2004-11-03,1.05,1.16,1.04,1.16,413458
2004-11-04,1.24,1.28,1.10,1.18,249051
2004-11-05,1.16,1.22,1.16,1.18,97508
2004-11-08,1.22,1.26,1.09,1.11,107372
2004-11-09,1.16,1.19,1.09,1.15,329362
2004-11-10,1.18,1.24,1.16,1.24,171536
2004-11-11,1.39,1.39,1.22,1.27,190405
2004-11-12,1.25,1.31,1.25,1.28,26720
2004-11-16,1.33,1.34,1.22,1.25,202447
2004-11-17,1.27,1.33,1.22,1.27,100774
2004-11-18,1.35,1.35,1.22,1.24,159446
2004-11-19,1.31,1.31,1.17,1.18,155938
2004-11-22,1.19,1.22,1.17,1.19,25497
2004-11-23,1.26,1.27,1.17,1.19,106318
2004-11-24,1.23,1.23,1.16,1.18,142833
2004-11-25,1.25,1.42,1.19,1.39,1175955
2004-11-29,1.67,1.67,1.27,1.49,783833
2004-11-30,1.50,1.57,1.34,1.41,369537
2004-12-01,1.46,1.46,1.32,1.38,120075
2004-12-02,1.37,1.39,1.28,1.30,90192
2004-12-03,1.20,1.34,1.20,1.28,77775
2004-12-06,1.31,1.32,1.25,1.25,45368
2004-12-07,1.27,1.34,1.25,1.32,58979
2004-12-08,1.46,1.46,1.28,1.30,51033
2004-12-09,1.33,1.34,1.27,1.30,41912
2004-12-10,1.50,1.56,1.28,1.56,1739003
2004-12-13,1.85,1.87,1.56,1.87,1630763
2004-12-14,2.04,2.07,2.03,2.07,330360
2004-12-15,2.28,2.28,1.86,1.90,2084192
2004-12-16,1.99,2.09,1.85,1.99,1598828
2004-12-17,1.93,2.01,1.85,1.91,413730
2004-12-20,2.08,2.08,1.81,1.86,219566
2004-12-21,1.86,2.06,1.86,2.05,565226
2004-12-22,2.08,2.20,1.93,1.94,284041
2004-12-23,1.97,2.06,1.91,1.99,287347
2004-12-24,1.93,2.01,1.93,1.97,106266
2004-12-27,1.99,1.99,1.87,1.90,99162
2004-12-28,1.96,2.04,1.87,1.91,520575
2004-12-29,1.97,1.97,1.86,1.91,184118
2004-12-30,1.94,2.11,1.89,1.90,801475
2004-12-31,2.06,2.06,1.91,1.99,319467
2005-01-03,2.19,2.20,1.97,2.18,951329
2005-01-04,2.30,2.38,2.08,2.26,1114876
2005-01-05,2.48,2.48,2.06,2.14,808937
2005-01-06,2.16,2.24,1.93,2.15,514889
2005-01-07,2.14,2.35,2.03,2.19,143040
2005-01-10,2.30,2.53,2.24,2.45,896260
2005-01-11,2.30,2.59,2.29,2.35,371762
2005-01-12,2.45,2.55,2.11,2.19,321386
2005-01-13,2.34,2.35,2.15,2.23,127278
2005-01-14,2.35,2.35,2.13,2.18,49750
2005-01-17,2.34,2.34,1.97,2.06,109178
2005-01-18,2.41,2.41,2.06,2.08,55656
2005-01-19,2.16,2.20,1.97,2.04,85232
2005-01-20,2.12,2.12,1.92,2.00,63179
2005-01-24,2.03,2.03,1.75,1.84,212903
2005-01-25,2.03,2.03,1.68,1.97,104615
2005-01-27,2.36,2.36,1.99,2.09,283229
2005-01-28,2.49,2.49,2.08,2.13,213154
2005-01-31,2.45,2.45,1.86,2.08,137704
2005-02-01,2.41,2.41,2.04,2.07,99711
2005-02-02,2.31,2.31,1.97,2.03,67137
2005-02-03,2.29,2.29,1.99,2.04,100178
2005-02-04,2.22,2.22,1.64,2.00,104948
2005-02-07,2.23,2.23,1.98,2.06,134425
2005-02-08,2.15,2.15,1.98,2.05,176544
2005-02-09,2.26,2.26,2.04,2.08,157126
2005-02-10,2.08,2.27,2.08,2.16,310536
2005-02-11,2.34,2.34,2.11,2.13,221523
2005-02-14,2.23,2.23,2.03,2.04,173887
2005-02-15,2.24,2.24,1.99,2.03,96877
2005-02-16,2.06,2.14,2.00,2.01,235877
2005-02-17,1.98,2.04,1.91,1.94,54369
2005-02-18,2.14,2.14,1.94,1.97,69833
2005-02-21,2.11,2.11,1.89,1.90,46263
2005-02-22,2.24,2.24,1.85,1.96,86377
2005-02-23,2.22,2.22,1.91,1.94,103120
2005-02-24,2.14,2.14,1.86,1.89,50000
2005-02-25,1.91,1.97,1.86,1.87,82480
2005-02-28,2.07,2.07,1.76,1.85,72611
2005-03-01,2.14,2.14,1.81,1.83,117094
2005-03-02,1.90,1.91,1.78,1.85,201159
2005-03-03,1.82,2.06,1.82,1.92,194479
2005-03-04,2.21,2.21,1.89,1.96,259577
2005-03-07,2.08,2.08,1.90,1.91,95135
2005-03-08,1.87,2.00,1.87,1.97,114743
2005-03-09,1.99,2.00,1.91,1.91,101409
2005-03-10,1.97,1.99,1.90,1.97,51033
2005-03-11,1.86,2.01,1.86,1.94,121657
2005-03-14,1.91,1.99,1.91,1.92,38252
2005-03-15,1.89,1.94,1.81,1.85,58020
2005-03-16,1.82,1.92,1.50,1.85,50009
2005-03-17,1.85,1.92,1.77,1.79,125433
2005-03-18,1.84,1.85,1.74,1.74,24689
2005-03-21,2.04,2.04,1.76,1.76,45485
2005-03-22,1.71,1.79,1.62,1.64,100485
2005-03-23,1.62,1.71,1.57,1.60,72473
2005-03-24,1.34,1.83,1.34,1.62,93334
2005-03-28,1.93,1.93,1.55,1.65,25666
2005-03-29,1.53,1.84,1.45,1.55,68251
2005-03-30,1.39,1.68,1.39,1.65,31585
2005-03-31,1.50,1.90,1.50,1.69,31780
2005-04-01,1.90,1.96,1.74,1.81,34065
2005-04-04,1.71,2.03,1.71,1.91,84040
2005-04-05,1.85,1.87,1.82,1.84,26270
2005-04-06,1.87,1.97,1.81,1.90,33028
2005-04-07,1.82,1.91,1.81,1.85,67154
2005-07-08,2.08,2.20,2.08,2.13,16575
2005-07-11,2.22,2.31,2.15,2.22,35508
2005-07-12,2.09,2.29,2.09,2.13,27005
2005-07-13,2.13,2.16,2.09,2.13,63507
2005-07-14,2.09,2.19,2.05,2.09,43869
2005-07-15,2.14,2.24,2.11,2.14,58158
2005-07-18,2.01,2.36,2.01,2.36,113019
2005-07-19,2.53,2.60,2.26,2.56,454488
2005-07-20,2.45,2.68,2.45,2.67,404648
2005-07-21,2.78,2.78,2.55,2.55,219052
2005-07-22,2.55,2.66,2.55,2.56,93126
2005-07-25,2.67,2.68,2.52,2.58,228562
2005-07-26,2.59,2.60,2.45,2.45,55954
2005-07-27,2.34,2.51,2.34,2.46,25277
2005-07-29,2.41,2.43,2.35,2.37,37807
2005-08-01,2.26,2.34,2.26,2.26,59981
2005-08-02,2.22,2.31,2.22,2.29,20066
2005-08-03,2.23,2.41,2.23,2.41,120149
2005-08-04,2.53,2.53,2.53,2.53,49845
2005-08-05,2.66,2.66,2.66,2.66,113966
2005-08-08,2.80,2.80,2.80,2.80,116022
2005-08-09,2.95,2.95,2.75,2.81,758038
2005-08-10,2.92,2.92,2.79,2.81,215906
2005-08-11,2.87,2.89,2.79,2.82,206547
2005-08-12,2.82,3.11,2.78,2.85,233332
2005-08-16,3.01,3.14,2.78,3.12,792354
2005-08-17,3.27,3.46,3.27,3.46,2152
2005-08-18,3.83,3.83,3.83,3.83,9004
2005-08-19,4.24,4.24,4.24,4.24,18104
2005-08-22,4.69,4.69,4.69,4.69,16935
2005-08-23,5.17,5.17,4.91,5.17,664845
2005-08-24,5.58,5.69,5.17,5.69,215457
2005-08-25,5.99,5.99,5.84,5.99,106910
2005-08-26,6.29,6.29,6.25,6.29,214079
2005-08-29,6.62,6.62,6.62,6.62,47583
2005-08-30,6.96,6.96,6.96,6.96,45974
2005-08-31,7.33,7.33,7.33,7.33,54548
2005-09-01,7.70,7.70,7.70,7.70,71442
2005-09-02,8.11,8.11,7.33,7.33,278823
2005-09-05,6.99,7.03,6.99,6.99,71932
2005-09-06,6.66,6.66,6.66,6.66,15359
2005-09-08,6.32,6.32,6.32,6.32,11988
2005-09-09,6.03,6.03,6.03,6.03,10160
2005-09-12,5.73,5.73,5.73,5.73,27180
2005-09-13,5.47,6.03,5.47,5.69,445034
2005-09-14,5.84,5.99,5.51,5.99,141222
2005-09-15,6.29,6.29,6.29,6.29,44345
2005-09-16,6.62,6.62,6.62,6.62,65402
2005-09-19,6.96,6.96,6.29,6.29,335042
2005-09-20,6.29,6.29,5.99,5.99,67987
2005-09-21,5.80,5.80,5.69,5.69,19790
2005-09-22,5.43,5.58,5.43,5.43,66167
2005-09-23,5.21,5.21,5.17,5.17,10992
2005-09-26,4.91,5.43,4.91,5.25,111301
2005-09-27,5.28,5.51,5.28,5.51,48308
2005-09-28,5.80,5.80,5.25,5.32,63853
2005-09-29,5.51,5.51,5.06,5.06,35940
2005-09-30,5.06,5.06,4.84,4.84,25382
2005-10-03,4.61,4.84,4.61,4.61,71545
2005-10-04,4.50,4.65,4.39,4.54,60507
2005-10-05,4.43,4.65,4.32,4.43,41849
2005-10-06,4.61,4.61,4.24,4.50,19743
2005-10-07,4.54,4.72,4.39,4.46,22190
2005-10-10,4.72,4.72,4.09,4.17,17504
2005-10-11,4.17,4.17,3.76,3.76,55091
2005-10-13,4.09,4.09,3.39,3.46,50408
2005-10-14,3.31,3.65,3.31,3.65,26399
2005-10-17,3.83,3.83,3.46,3.46,56093
2005-10-18,3.61,3.65,3.31,3.31,94575
2005-10-19,3.42,3.46,3.16,3.39,39187
2005-10-20,3.53,3.53,3.24,3.35,22393
2005-10-21,3.24,3.35,3.20,3.27,9932
2005-10-24,3.31,3.46,3.31,3.42,12282
2005-10-25,3.57,3.57,3.27,3.27,21093
2005-10-26,3.35,3.46,3.13,3.20,161169
2005-10-27,3.27,3.27,3.09,3.16,18641
2005-10-28,3.09,3.35,3.05,3.24,24820
2005-10-31,3.20,3.35,3.16,3.31,27929
2005-11-01,3.35,3.35,3.35,3.35,16814
2005-11-02,3.42,3.42,3.27,3.39,8939
2005-11-07,3.35,3.53,3.27,3.50,9004
2005-11-08,3.57,3.57,3.35,3.35,140916
2005-11-09,3.20,3.46,3.20,3.42,28964
2005-11-10,3.42,3.53,3.42,3.46,25409
2005-11-11,3.50,3.57,3.42,3.50,21841
2005-11-14,3.65,3.68,3.39,3.50,18456
2005-11-16,3.39,3.53,3.39,3.39,48584
2005-11-17,3.39,3.39,3.24,3.24,36019
2005-11-18,3.24,3.27,3.09,3.09,48738
2005-11-21,2.94,2.94,2.94,2.94,25952
2005-11-22,2.79,2.79,2.79,2.79,16239
2005-11-23,2.68,2.68,2.68,2.68,38520
2005-11-24,2.57,2.57,2.57,2.57,26086
2005-11-25,2.46,2.46,2.46,2.46,54286
2005-11-28,2.23,2.42,2.23,2.34,612561
2005-11-29,2.27,2.46,2.23,2.23,299704
2005-11-30,2.31,2.31,2.12,2.12,188864
2005-12-01,2.05,2.20,2.05,2.08,94508
2005-12-02,2.20,2.20,2.08,2.20,31944
2005-12-05,2.31,2.31,2.31,2.31,23331
2005-12-06,2.46,2.46,2.46,2.46,15691
2005-12-07,2.60,2.60,2.46,2.49,400182
2005-12-08,2.49,2.60,2.38,2.42,94128
2005-12-09,2.31,2.38,2.31,2.31,50492
2005-12-12,2.20,2.42,2.20,2.34,18159
2005-12-13,2.31,2.38,2.27,2.34,40987
2005-12-14,2.38,2.38,2.27,2.31,40906
2005-12-15,2.38,2.42,2.23,2.27,39374
2005-12-16,2.27,2.31,2.23,2.23,44016
2005-12-19,2.31,2.31,2.20,2.23,15197
2005-12-20,2.23,2.23,2.16,2.20,29055
2005-12-21,2.23,2.23,2.20,2.20,6955
2005-12-22,2.20,2.27,2.16,2.16,46342
2005-12-23,2.27,2.27,2.20,2.20,29864
2005-12-26,2.12,2.23,2.12,2.23,14137
2005-12-27,2.12,2.34,2.12,2.27,90982
2005-12-28,2.34,2.38,2.20,2.23,68826
2005-12-29,2.23,2.27,2.16,2.23,48605
2005-12-30,2.20,2.31,2.20,2.20,48061
2006-01-02,2.23,2.31,2.23,2.27,39303
2006-01-03,2.34,2.38,2.31,2.38,72477
2006-01-04,2.46,2.53,2.46,2.53,68007
2006-01-05,2.68,2.68,2.60,2.64,194051
2006-01-06,2.68,2.68,2.53,2.57,52909
2006-01-09,2.53,2.64,2.53,2.57,40325
2006-01-10,2.53,2.57,2.46,2.46,58328
2006-01-12,2.34,2.42,2.34,2.34,29623
2006-01-13,2.31,2.34,2.27,2.27,21100
2006-01-16,2.27,2.34,2.23,2.31,9334
2006-01-17,2.31,2.42,2.23,2.27,13609
2006-01-18,2.23,2.31,2.16,2.27,53253
2006-01-19,2.31,2.31,2.16,2.16,29849
2006-01-20,2.23,2.27,2.20,2.27,27391
2006-01-23,2.31,2.38,2.27,2.38,41602
2006-01-24,2.38,2.53,2.31,2.49,148884
2006-01-25,2.53,2.60,2.38,2.42,64606
2006-01-27,2.34,2.38,2.31,2.31,33686
2006-01-30,2.27,2.27,2.20,2.27,17149
2006-01-31,2.20,2.23,2.20,2.20,35127
2006-02-01,2.27,2.27,2.12,2.16,105614
2006-02-02,2.16,2.27,2.08,2.16,131598
2006-02-03,2.12,2.20,2.12,2.20,12695
2006-02-06,2.20,2.27,2.16,2.20,28664
2006-02-07,2.16,2.23,2.16,2.20,24512
2006-02-08,2.20,2.20,2.08,2.16,23229
2006-02-10,2.23,2.27,2.08,2.27,40099
2006-02-13,2.31,2.31,2.16,2.16,16582
2006-02-14,2.16,2.49,2.12,2.20,81243
2006-02-15,2.27,2.49,2.27,2.27,71371
2006-02-16,2.60,2.60,2.23,2.27,53096
2006-02-17,2.38,2.38,2.16,2.20,54465
2006-02-20,2.20,2.23,2.12,2.12,29666
2006-02-21,2.57,2.57,2.12,2.12,1146843
2006-02-22,2.23,2.42,2.20,2.27,71512
2006-02-23,2.46,2.46,2.20,2.27,44259
2006-02-24,2.34,2.34,2.16,2.27,20507
2006-02-27,2.23,2.31,2.20,2.23,15910
2006-02-28,2.31,2.31,2.16,2.16,46795
2006-03-01,2.16,2.27,2.08,2.16,47123
2006-03-02,2.23,2.23,2.12,2.12,32325
2006-03-03,2.23,2.23,2.08,2.16,19080
2006-03-06,2.23,2.27,2.05,2.12,94243
2006-03-07,2.23,2.23,2.12,2.12,44184
2006-03-08,2.20,2.20,2.08,2.08,33439
2006-03-09,2.05,2.16,2.05,2.05,9980
2006-03-10,2.16,2.16,2.05,2.16,21670
2006-03-13,2.16,2.16,1.86,1.93,22940
2006-03-14,2.05,2.12,2.01,2.05,33196
2006-03-16,2.08,2.08,1.97,2.05,11785
2006-03-17,1.97,1.97,1.75,1.86,38483
2006-03-20,1.97,2.01,1.79,1.93,30981
2006-03-21,1.82,1.97,1.82,1.93,10617
2006-03-22,1.86,1.93,1.86,1.86,11469
2006-03-23,1.86,1.90,1.86,1.90,9521
2006-03-24,1.86,2.01,1.79,1.86,42923
2006-03-27,2.01,2.12,1.86,1.90,17275
2006-03-28,1.86,2.01,1.75,1.75,22347
2006-03-29,1.82,1.86,1.75,1.79,8467
2006-03-30,1.86,1.93,1.64,1.79,24993
2006-03-31,1.93,2.05,1.90,2.01,28001
2006-04-03,2.20,2.42,2.12,2.42,109361
2006-04-04,2.72,2.83,2.27,2.57,269907
2006-04-05,2.75,2.75,2.49,2.64,108292
2006-04-07,2.83,2.83,2.42,2.53,99646
2006-04-10,2.64,2.68,2.53,2.53,101820
2006-04-12,2.53,2.60,2.34,2.53,32276
2006-04-13,2.68,2.68,2.27,2.42,57853
2006-04-17,2.34,2.53,2.23,2.34,55109
2006-04-18,2.46,2.46,2.34,2.38,53051
2006-04-19,2.53,2.53,2.34,2.46,19904
2006-04-20,2.46,2.49,2.31,2.34,46470
2006-04-21,2.34,2.42,2.31,2.34,45809
2006-04-24,2.53,2.57,2.31,2.38,72399
2006-04-25,2.38,2.53,2.38,2.42,39625
2006-04-26,2.27,2.46,2.27,2.42,33358
2006-04-27,2.46,2.46,2.31,2.42,28325
2006-04-28,2.42,2.42,2.23,2.38,32397
2006-05-02,2.75,2.75,2.38,2.42,52773
2006-05-03,2.46,2.53,2.42,2.49,26509
2006-05-04,2.64,2.64,2.49,2.53,34443
2006-05-05,2.64,2.64,2.42,2.49,15161
2006-05-08,2.64,2.64,2.49,2.53,44139
2006-05-09,2.53,3.05,2.42,3.05,167803
2006-05-10,3.31,3.68,3.31,3.68,232727
2006-05-11,4.06,4.39,3.20,3.50,636654
2006-05-12,3.50,3.76,3.24,3.65,132581
2006-05-15,3.65,3.79,3.35,3.39,90010
2006-05-16,3.09,3.20,2.86,3.16,74394
2006-05-17,3.31,3.50,3.05,3.27,89601
2006-05-18,3.27,3.27,2.90,2.94,55404
2006-05-19,2.98,3.35,2.42,2.72,59930
2006-05-22,2.75,2.75,2.23,2.34,53413
2006-05-23,2.08,2.60,1.90,2.46,78988
2006-05-24,2.53,2.72,2.46,2.57,53776
2006-05-25,2.72,2.72,2.42,2.46,15136
2006-05-26,2.83,2.83,2.46,2.68,70203
2006-05-29,2.79,2.79,2.60,2.68,30289
2006-05-30,2.64,2.75,2.53,2.57,48092
2006-05-31,2.38,2.53,2.31,2.38,42312
2006-06-01,2.64,2.86,2.53,2.86,108305
2006-06-02,2.98,3.46,2.90,3.05,236171
2006-06-05,3.27,3.57,3.05,3.16,67978
2006-06-06,3.16,3.16,2.86,2.90,88038
2006-06-07,2.98,2.98,2.34,2.42,133217
2006-06-08,2.31,2.42,2.01,2.08,111020
2006-06-09,2.31,2.53,2.23,2.42,59130
2006-06-12,2.46,2.57,2.23,2.42,60169
2006-06-13,2.46,2.53,1.93,2.12,70110
2006-06-14,2.31,2.31,2.08,2.12,51172
2006-06-15,2.31,2.34,2.12,2.27,35093
2006-06-16,2.27,2.46,2.27,2.31,42332
2006-06-19,2.31,2.42,2.23,2.38,25081
2006-06-20,2.38,2.38,2.31,2.34,19362
2006-06-21,2.31,2.42,2.16,2.34,64287
2006-06-22,2.46,2.53,2.38,2.42,163934
2006-06-23,2.53,2.53,2.31,2.46,29789
2006-06-26,2.53,2.53,2.31,2.34,28357
2006-06-27,2.38,2.38,2.20,2.31,39374
2006-06-28,2.34,2.34,2.27,2.27,44329
2006-06-29,2.27,2.31,2.16,2.23,20705
2006-06-30,2.27,2.34,2.27,2.31,30500
2006-07-03,2.31,2.31,2.23,2.27,75347
2006-07-04,2.31,2.31,2.16,2.31,52531
2006-07-05,2.31,2.42,2.20,2.23,40843
2006-07-06,2.27,2.31,2.16,2.16,51180
2006-07-07,2.20,2.27,2.20,2.20,10683
2006-07-10,2.31,2.31,2.16,2.23,11612
2006-07-11,2.08,2.34,2.08,2.23,12364
2006-07-12,2.31,2.34,2.08,2.20,20519
2006-07-13,2.31,2.31,2.16,2.27,54835
2006-07-14,2.23,2.31,2.20,2.23,4840
2006-07-17,2.27,2.31,2.23,2.23,5056
2006-07-18,2.27,2.27,2.23,2.23,10358
2006-07-19,2.31,2.31,2.12,2.16,11807
2006-07-20,2.16,2.31,2.16,2.23,16924
2006-07-21,2.23,2.27,2.16,2.20,52757
2006-07-24,2.23,2.23,2.12,2.12,9354
2006-07-25,2.23,2.23,2.08,2.16,18787
2006-07-26,2.12,2.23,1.86,2.08,17329
2006-07-27,2.23,2.53,2.12,2.20,77459
2006-07-28,2.16,2.27,2.16,2.16,13676
2006-07-31,2.20,2.20,2.16,2.16,7364
2006-08-01,2.16,2.16,2.12,2.12,2969
2006-08-02,2.08,2.16,2.08,2.12,11166
2006-08-03,2.23,2.23,2.12,2.12,22150
2006-08-04,2.23,2.23,2.12,2.16,6300
2006-08-07,2.16,2.20,2.08,2.16,1239
2006-08-08,2.16,2.20,2.08,2.08,12303
2006-08-09,2.20,2.34,2.08,2.34,61396
2006-08-10,2.46,2.49,2.23,2.34,30219
2006-08-11,2.27,2.34,2.27,2.31,8127
2006-08-14,2.31,2.38,2.23,2.31,41136
2006-08-16,2.31,2.38,2.27,2.34,16024
2006-08-17,2.34,2.34,2.27,2.27,24952
2006-08-18,2.23,2.27,2.23,2.27,16051
2006-08-21,2.31,2.46,2.20,2.38,75803
2006-08-22,2.46,2.53,2.27,2.31,88178
2006-08-23,2.34,2.34,2.27,2.27,31864
2006-08-24,2.31,2.34,2.23,2.27,28386
2006-08-25,2.31,2.38,2.31,2.31,26305
2006-08-28,2.31,2.38,2.27,2.31,36650
2006-08-29,2.31,2.38,2.31,2.31,7501
2006-08-30,2.27,2.34,2.27,2.34,7335
2006-08-31,2.38,2.38,2.27,2.27,7956
2006-09-01,2.38,2.38,2.23,2.27,5357
2006-09-04,2.34,2.34,2.23,2.31,14383
2006-09-05,2.34,2.34,2.31,2.34,14320
2006-09-06,2.34,2.38,2.31,2.34,32209
2006-09-07,2.34,2.38,2.31,2.34,11645
2006-09-08,2.38,2.42,2.31,2.38,17746
2006-09-11,2.38,2.38,2.27,2.31,28176
2006-09-12,2.23,2.31,2.23,2.27,26729
2006-09-13,2.46,2.46,2.20,2.23,49526
2006-09-14,2.23,2.31,2.16,2.31,22698
2006-09-15,2.31,2.31,2.23,2.27,15751
2006-09-18,2.23,2.27,2.16,2.23,38807
2006-09-19,2.27,2.27,2.20,2.20,25149
2006-09-20,2.20,2.27,2.20,2.20,12577
2006-09-21,2.27,2.27,2.23,2.23,18565
2006-09-22,2.23,2.23,2.16,2.23,6890
2006-09-25,2.23,2.23,2.16,2.16,11882
2006-09-26,2.16,2.23,1.79,2.12,23245
2006-09-27,2.20,2.23,2.16,2.16,21705
2006-09-28,2.23,2.27,2.23,2.23,12906
2006-09-29,2.23,2.23,2.23,2.23,47466
2006-10-03,2.23,2.27,2.20,2.27,15208
2006-10-04,2.23,2.31,2.20,2.27,25909
2006-10-05,2.23,2.38,2.23,2.23,39243
2006-10-06,2.31,2.57,2.31,2.46,68288
2006-10-09,2.46,2.94,2.23,2.75,136959
2006-10-10,2.90,2.90,2.60,2.60,35097
2006-10-11,2.79,2.79,2.60,2.60,40630
2006-10-12,2.60,2.75,2.53,2.72,7709
2006-10-13,3.20,3.20,2.49,2.53,15627
2006-10-16,2.53,2.53,2.42,2.49,81554
2006-10-17,2.46,2.49,2.31,2.46,3549
2006-10-18,2.46,2.57,2.42,2.46,19114
2006-10-19,2.53,2.53,2.31,2.42,21286
2006-10-20,2.49,2.49,2.42,2.42,4795
2006-10-23,2.57,2.79,2.46,2.46,80824
2006-10-26,2.46,2.60,2.31,2.46,20859
2006-10-27,2.46,2.64,2.42,2.42,56984
2006-10-30,2.38,2.46,2.31,2.34,30192
2006-10-31,2.42,2.42,2.31,2.31,12833
2006-11-02,2.34,2.42,2.34,2.38,13534
2006-11-03,2.42,2.42,2.27,2.27,14605
2006-11-06,2.42,2.42,2.23,2.27,48818
2006-11-07,2.31,2.38,2.23,2.23,84752
2006-11-08,2.27,2.31,2.23,2.27,31618
2006-11-09,2.23,2.31,2.23,2.23,16480
2006-11-10,2.27,2.31,2.23,2.31,15215
2006-11-13,2.31,2.42,2.23,2.23,9546
2006-11-14,2.31,2.31,2.16,2.16,5049
2006-11-15,2.16,2.23,2.08,2.16,15269
2006-11-16,2.20,2.20,2.20,2.20,11045
2006-11-17,2.16,2.23,2.08,2.12,29836
2006-11-20,2.08,2.12,2.08,2.12,1910
2006-11-21,2.23,2.23,2.20,2.20,2755
2006-11-22,2.16,2.20,2.08,2.16,5435
2006-11-23,2.16,2.16,2.08,2.08,9937
2006-11-24,2.08,2.20,2.08,2.16,11155
2006-11-28,2.16,2.16,2.08,2.12,5072
2006-11-29,2.16,2.23,2.16,2.23,10875
2006-11-30,2.31,2.42,2.23,2.38,63019
2006-12-01,2.38,2.46,2.27,2.34,14820
2006-12-04,2.34,2.46,2.27,2.27,15734
2006-12-05,2.31,2.42,2.31,2.31,15244
2006-12-06,2.23,2.23,2.23,2.23,24274
2006-12-07,2.23,2.23,2.23,2.23,4534
2006-12-08,2.34,2.34,2.16,2.20,7398
2006-12-11,2.16,2.27,2.12,2.20,3122
2006-12-12,2.16,2.16,2.01,2.01,18739
2006-12-13,2.20,2.20,2.01,2.08,25684
2006-12-14,2.08,2.23,2.01,2.16,34880
2006-12-15,2.23,2.23,2.05,2.05,30899
2006-12-18,2.20,2.23,2.05,2.16,5546
2006-12-19,2.20,2.20,2.08,2.12,9680
2006-12-20,2.23,2.23,2.05,2.08,22044
2006-12-21,2.08,2.12,2.01,2.05,37925
2006-12-22,2.01,2.12,2.01,2.08,15727
2006-12-26,2.08,2.27,2.08,2.12,54438
2006-12-27,2.23,2.23,2.08,2.12,34847
2006-12-28,2.12,2.23,2.12,2.20,77878
2006-12-29,2.23,2.23,2.05,2.08,63642
2007-01-02,2.16,2.20,2.16,2.20,2928
2007-01-03,2.16,2.31,2.12,2.23,24878
2007-01-04,2.27,2.31,2.23,2.27,30801
2007-01-05,2.38,2.53,2.27,2.46,108091
2007-01-08,2.46,2.98,2.42,2.98,405675
2007-01-09,3.42,3.46,2.90,3.01,232692
2007-01-10,3.27,3.27,2.42,2.53,129695
2007-01-11,2.64,3.05,2.60,3.01,245067
2007-01-12,3.35,3.35,2.86,2.90,180564
2007-01-15,2.90,3.27,2.86,2.90,43572
2007-01-16,2.90,3.24,2.83,3.09,123684
2007-01-17,3.31,3.31,2.98,3.09,51457
2007-01-18,2.90,3.20,2.90,3.05,93589
2007-01-19,3.13,3.13,2.90,2.94,57493
2007-01-22,2.90,3.13,2.86,2.86,47158
2007-01-23,2.86,3.01,2.83,2.83,8080
2007-01-24,2.83,2.98,2.75,2.75,44029
2007-01-25,2.94,2.94,2.79,2.83,19892
2007-01-29,2.83,2.90,2.75,2.83,13055
2007-01-31,2.79,2.90,2.68,2.90,54465
2007-02-01,2.94,2.98,2.79,2.83,70568
2007-02-02,2.83,2.94,2.75,2.86,83587
2007-02-05,2.90,2.94,2.75,2.90,52882
2007-02-06,2.94,2.98,2.83,2.86,91987
2007-02-07,2.90,3.09,2.90,2.98,168271
2007-02-08,3.01,3.05,2.83,2.90,67203
2007-02-09,3.27,3.27,2.83,2.90,242163
2007-02-12,2.90,2.98,2.75,2.79,48449
2007-02-13,2.98,2.98,2.64,2.75,15222
2007-02-14,2.75,2.75,2.68,2.68,26565
2007-02-15,2.90,2.90,2.72,2.75,31612
2007-02-19,2.75,2.83,2.68,2.68,20933
2007-02-20,2.60,2.79,2.60,2.68,7181
2007-02-21,2.60,2.79,2.46,2.53,24499
2007-02-22,2.64,2.68,2.53,2.57,2691
2007-02-23,2.53,2.60,2.46,2.53,29978
2007-02-26,2.53,2.57,2.31,2.38,11055
2007-02-27,2.49,2.64,2.46,2.46,22069
2007-02-28,2.46,2.60,2.31,2.38,24557
2007-03-01,2.38,2.38,2.23,2.31,18810
2007-03-02,2.31,2.31,2.23,2.23,51168
2007-03-05,2.23,2.27,2.20,2.23,65964
2007-03-06,2.23,2.31,2.23,2.23,12300
2007-03-07,2.57,2.57,2.20,2.23,39001
2007-03-08,2.23,2.31,2.20,2.27,17750
2007-03-09,2.34,2.34,2.23,2.23,16840
2007-03-12,2.23,2.34,2.23,2.31,7286
2007-03-13,2.38,2.38,2.27,2.31,7945
2007-03-14,2.31,2.34,2.23,2.23,23718
2007-03-15,2.23,2.23,2.23,2.23,4032
2007-03-16,2.23,2.31,2.23,2.23,105511
2007-03-19,2.27,2.34,2.23,2.27,7913
2007-03-20,2.46,2.46,2.23,2.31,7014
2007-03-21,2.31,2.31,2.27,2.27,22761
2007-03-22,2.23,2.31,2.23,2.27,8730
2007-03-23,2.23,2.27,2.23,2.27,20283
2007-03-26,2.23,2.46,2.23,2.23,36844
2007-03-28,2.23,2.31,2.23,2.23,47210
2007-03-29,2.23,2.31,2.23,2.23,4470
2007-03-30,2.23,2.27,2.08,2.16,76706
2007-04-02,2.23,2.31,2.23,2.27,31154
2007-04-03,2.27,2.27,2.27,2.27,0
2007-04-04,2.27,2.27,2.27,2.27,28226
2007-04-05,2.27,2.31,2.23,2.31,7380
2007-04-09,2.31,2.38,2.23,2.27,5063
2007-04-10,2.27,2.34,2.27,2.34,672
2007-04-11,2.42,2.42,2.27,2.31,7722
2007-04-12,2.31,2.34,2.27,2.34,2822
2007-04-13,2.31,2.31,2.23,2.31,35808
2007-04-16,2.31,2.38,2.23,2.34,3477
2007-04-17,2.31,2.31,2.27,2.27,16524
2007-04-18,2.38,2.75,2.27,2.68,136840
2007-04-19,2.68,3.16,2.42,2.79,57617
2007-04-20,2.98,3.01,2.57,2.60,117131
2007-04-23,2.75,2.75,2.42,2.49,70125
2007-04-24,2.49,2.90,2.49,2.64,63162
2007-04-25,2.60,2.68,2.49,2.53,16562
2007-04-26,2.83,2.83,2.53,2.53,28887
2007-04-27,2.57,2.57,2.42,2.46,64147
2007-04-30,2.49,2.68,2.46,2.57,5014
2007-05-03,2.53,2.57,2.31,2.42,14215
2007-05-04,2.38,2.53,2.38,2.42,27581
2007-05-07,2.49,2.49,2.38,2.42,14266
2007-05-08,2.38,2.46,2.38,2.38,18025
2007-05-09,2.38,2.38,2.27,2.27,7135
2007-05-10,2.34,2.49,2.31,2.49,5502
2007-05-11,2.49,2.49,2.27,2.31,10543
2007-05-14,2.57,2.57,2.31,2.34,6685
2007-05-15,2.34,2.46,2.34,2.46,8492
2007-05-16,2.38,2.53,2.34,2.42,16064
2007-05-17,2.38,2.42,2.27,2.38,15590
2007-05-18,2.31,2.46,2.23,2.34,24973
2007-05-21,2.38,2.38,2.27,2.27,19038
2007-05-22,2.34,2.34,2.27,2.31,8142
2007-05-23,2.42,2.64,2.31,2.46,41945
2007-05-24,2.53,2.53,2.23,2.34,9851
2007-05-25,2.42,2.42,2.31,2.38,1482
2007-05-28,2.53,2.53,2.38,2.38,9887
2007-05-29,2.34,2.42,2.31,2.38,5380
2007-05-30,2.31,2.42,2.27,2.34,13109
2007-05-31,2.34,2.34,2.27,2.31,6116
2007-06-01,2.31,2.31,2.27,2.31,28422
2007-06-04,2.31,2.31,2.27,2.27,7716
2007-06-05,2.27,2.31,2.23,2.23,20026
2007-06-06,2.23,2.31,2.23,2.23,15019
2007-06-07,2.23,2.46,2.23,2.31,35441
2007-06-08,2.38,2.38,2.23,2.23,4571
2007-06-11,2.23,2.31,2.23,2.23,44307
2007-06-12,2.23,2.49,2.23,2.34,10561
2007-06-13,2.38,2.38,2.23,2.27,15054
2007-06-14,2.38,2.38,2.23,2.27,43294
2007-06-15,2.27,2.31,2.23,2.23,7392
2007-06-18,2.27,2.31,2.27,2.27,10246
2007-06-19,2.31,2.34,2.27,2.34,10107
2007-06-20,2.31,2.31,2.23,2.27,17122
2007-06-21,2.27,2.27,2.23,2.23,12497
2007-06-22,2.31,2.31,2.27,2.27,24217
2007-06-25,2.23,2.34,2.23,2.23,46053
2007-06-26,2.31,2.31,2.27,2.27,11824
2007-06-27,2.27,2.27,2.27,2.27,5012
2007-06-28,2.31,2.34,2.27,2.34,6311
2007-06-29,2.34,2.34,2.27,2.31,9772
2007-07-02,2.31,2.34,2.31,2.31,16192
2007-07-03,2.34,2.75,2.34,2.57,121680
2007-07-04,2.68,2.68,2.42,2.42,28390
2007-07-05,2.46,2.53,2.34,2.49,5190
2007-07-06,2.53,2.53,2.31,2.31,15055
2007-07-09,2.57,2.79,2.57,2.79,157261
2007-07-10,3.05,3.05,2.68,2.83,414920
2007-07-11,3.31,3.31,2.83,2.98,229516
2007-07-12,3.31,3.35,2.98,3.20,273200
2007-07-13,3.35,3.42,3.05,3.09,175507
2007-07-16,3.13,3.35,2.60,3.13,39772
2007-07-17,3.68,3.68,3.05,3.09,53237
2007-07-18,3.05,3.16,2.98,3.09,46518
2007-07-19,3.16,3.35,3.09,3.16,119035
2007-07-20,3.42,3.42,3.13,3.16,38554
2007-07-23,3.16,3.27,2.60,3.13,174251
2007-07-24,3.24,3.24,3.09,3.09,34767
2007-07-25,3.13,3.16,2.94,2.94,70853
2007-07-26,3.16,3.16,2.86,2.86,53311
2007-07-27,2.75,2.94,2.60,2.64,90444
2007-07-30,2.72,2.98,2.60,2.98,43235
2007-07-31,3.50,3.50,2.98,3.01,51675
2007-08-01,3.01,3.13,2.83,2.86,26505
2007-08-02,3.05,3.05,2.86,2.98,8832
2007-08-03,3.31,3.31,2.60,2.86,39054
2007-08-06,3.27,3.27,2.72,2.90,555235
2007-08-07,2.90,3.05,2.90,2.98,75796
2007-08-08,3.01,3.05,2.98,3.01,36158
2007-08-09,3.16,3.16,2.94,2.94,22382
2007-08-10,2.46,3.09,2.46,2.94,43723
2007-08-13,2.90,3.16,2.90,3.13,72120
2007-08-14,3.13,3.42,3.05,3.35,114944
2007-08-16,3.72,3.72,3.13,3.35,75036
2007-08-17,3.87,3.87,2.68,3.05,162938
2007-08-20,3.50,3.50,3.09,3.24,81224
2007-08-21,3.24,3.42,2.98,3.05,54343
2007-08-22,3.13,3.13,2.98,3.09,30152
2007-08-23,3.31,3.31,2.83,3.05,17086
2007-08-24,2.79,3.09,2.79,3.01,14912
2007-08-27,3.13,3.13,2.98,2.98,27716
2007-08-28,2.98,3.09,2.94,2.98,6956
2007-08-29,2.72,3.05,2.72,3.05,37539
2007-08-30,2.57,3.31,2.57,3.01,4987
2007-08-31,3.35,3.35,2.90,3.09,9527
2007-09-03,2.98,3.16,2.83,2.98,40319
2007-09-04,2.83,3.27,2.83,3.09,14360
2007-09-05,3.16,3.16,2.98,3.01,19524
2007-09-06,2.98,3.05,2.98,3.01,12768
2007-09-07,3.05,3.13,2.98,3.09,34017
2007-09-10,2.98,3.05,2.94,3.01,29551
2007-09-11,3.09,3.13,3.01,3.09,14716
2007-09-12,3.09,3.09,2.98,3.05,28840
2007-09-13,3.09,3.20,2.98,3.13,35148
2007-09-14,3.20,3.42,3.13,3.27,102084
2007-09-17,3.50,3.53,3.20,3.35,37318
2007-09-18,3.35,3.39,3.31,3.35,29219
2007-09-19,3.35,3.57,3.31,3.35,107781
2007-09-20,3.42,3.42,3.16,3.20,50796
2007-09-21,3.16,3.20,3.05,3.13,38374
2007-09-24,3.09,3.16,2.98,3.05,38647
2007-09-25,3.13,3.20,3.01,3.13,16700
2007-09-26,3.16,3.16,3.05,3.05,14480
2007-09-27,3.13,3.24,3.09,3.20,795367
2007-09-28,3.68,3.68,3.09,3.16,130538
2007-10-01,3.16,3.31,3.13,3.13,129171
2007-10-03,3.24,3.42,3.01,3.09,119291
2007-10-04,3.09,3.16,2.94,2.98,104351
2007-10-05,3.09,3.09,2.90,3.01,28039
2007-10-08,2.94,2.98,2.90,2.94,37597
2007-10-09,2.98,2.98,2.83,2.90,42588
2007-10-10,2.94,2.98,2.94,2.94,29838
2007-10-11,2.94,3.05,2.94,2.98,10409
2007-10-12,2.98,3.05,2.98,3.01,52989
2007-10-15,3.05,3.05,2.98,2.98,741753
2007-10-16,3.16,3.16,3.01,3.09,34132
2007-10-17,3.09,3.09,3.09,3.09,23882
2007-10-18,3.13,3.13,2.98,2.98,55872
2007-10-19,2.90,3.09,2.79,2.94,79157
2007-10-22,3.05,3.16,2.86,3.09,30255
2007-10-23,3.13,3.16,3.05,3.09,39643
2007-10-24,3.05,3.27,3.05,3.13,119876
2007-10-25,3.35,3.35,3.05,3.16,18325
2007-10-26,3.05,3.20,3.01,3.09,67320
2007-10-29,3.01,3.20,3.01,3.13,64984
2007-10-30,3.16,3.16,3.05,3.05,9678
2007-10-31,2.98,3.09,2.98,3.09,49506
2007-11-01,3.01,3.09,2.98,2.98,23670
2007-11-02,2.98,3.05,2.90,2.98,48415
2007-11-05,2.90,3.09,2.90,2.94,14857
2007-11-06,2.98,2.98,2.94,2.94,10518
2007-11-07,3.05,3.27,2.98,2.98,32956
2007-11-08,2.98,2.98,2.79,2.79,23222
2007-11-09,3.24,3.35,3.16,3.27,106410
2007-11-12,3.27,3.94,3.01,3.94,398795
2007-11-13,4.39,4.76,4.39,4.76,0
2007-11-14,5.25,5.25,4.91,5.25,1732619
2007-11-15,5.77,5.80,5.69,5.80,1395269
2007-11-16,6.25,6.40,5.95,6.40,413988
2007-11-19,7.07,7.07,6.47,7.03,2044322
2007-11-20,7.63,7.74,6.40,7.03,0
2007-11-21,6.92,7.03,6.70,6.70,102194
2007-11-22,6.36,6.36,6.36,6.36,10311
2007-11-23,6.06,6.06,6.06,6.06,38363
2007-11-26,5.77,6.25,5.77,5.77,228167
2007-11-27,5.73,5.73,5.51,5.51,126223
2007-11-28,5.43,5.80,5.25,5.25,268141
2007-11-29,5.06,5.51,5.06,5.51,204816
2007-11-30,5.73,5.80,5.65,5.77,577491
2007-12-03,6.03,6.06,5.95,6.06,393771
2007-12-04,6.36,6.40,6.21,6.25,608625
2007-12-05,6.59,6.59,6.03,6.51,1022120
2007-12-06,6.44,6.85,6.40,6.77,814026
2007-12-07,6.92,7.14,6.70,7.14,585042
2007-12-10,7.44,7.52,7.25,7.52,367807
2007-12-11,7.89,7.92,7.66,7.92,354243
2007-12-12,8.30,8.33,7.78,8.30,907035
2007-12-13,8.71,8.74,8.56,8.74,1128490
2007-12-14,9.19,9.19,9.15,9.19,786681
2007-12-17,9.67,9.67,8.74,8.89,2098664
2007-12-18,9.34,9.34,8.45,9.34,862089
2007-12-19,9.82,9.82,9.41,9.82,1055670
2007-12-20,10.34,10.34,9.34,9.34,545947
2007-12-24,9.34,9.82,8.89,9.82,510655
2007-12-26,10.34,10.34,10.08,10.34,801408
2007-12-27,10.86,10.86,10.64,10.86,406730
2007-12-28,11.42,11.42,11.31,11.42,666658
2007-12-31,11.15,12.01,11.15,12.01,170406
2008-01-01,12.64,12.64,12.64,12.64,99285
2008-01-02,12.64,13.27,12.01,13.23,423302
2008-01-03,13.23,13.87,12.56,12.86,424555
2008-01-04,13.27,13.57,12.27,12.30,300004
2008-01-07,11.71,12.19,11.71,11.71,97554
2008-01-08,11.15,11.78,11.15,11.15,33229
2008-01-09,10.59,10.59,10.59,10.59,9638
2008-01-10,10.07,10.11,10.07,10.07,60921
2008-01-11,9.59,9.59,9.59,9.59,20008
2008-01-14,9.14,9.14,9.11,9.11,18639
2008-01-15,8.66,9.44,8.66,8.66,242537
2008-01-16,8.66,9.07,8.33,8.48,87767
2008-01-17,8.07,8.85,8.03,8.85,32431
2008-01-18,9.22,9.29,8.40,8.88,170423
2008-01-21,8.88,8.88,8.25,8.25,29563
2008-01-22,7.96,7.96,7.84,7.84,3707
2008-01-23,7.47,7.47,7.47,7.47,8179
2008-01-24,7.10,7.10,7.10,7.10,5325
2008-01-25,6.77,6.77,6.77,6.77,9043
2008-01-28,6.43,6.43,6.43,6.43,3072
2008-01-29,6.13,6.13,6.13,6.13,11119
2008-01-30,5.87,5.87,5.84,5.84,3960
2008-01-31,5.58,6.13,5.58,5.91,27663
2008-02-01,5.87,6.36,5.72,6.36,76187
2008-02-04,6.10,6.43,6.06,6.43,30985
2008-02-05,6.77,6.77,6.77,6.77,5172
2008-02-06,6.77,7.14,6.43,6.77,53979
2008-02-07,7.36,7.36,6.69,6.69,42676
2008-02-08,6.39,6.39,6.36,6.36,3988
2008-02-11,6.10,6.10,6.06,6.06,1732
2008-02-12,5.76,5.76,5.76,5.76,1863
2008-02-13,5.50,5.50,5.50,5.50,2972
2008-02-14,5.24,5.24,5.24,5.24,7778
2008-02-15,4.98,4.98,4.98,4.98,47314
2008-02-18,4.91,5.17,4.76,4.76,64594
2008-02-19,4.54,4.87,4.54,4.54,68161
2008-02-20,4.50,4.61,4.31,4.54,42170
2008-02-21,4.28,4.57,4.16,4.54,124369
2008-02-22,4.46,4.50,4.31,4.31,33783
2008-02-25,4.39,4.46,4.20,4.39,11763
2008-02-26,4.42,4.54,4.28,4.50,29348
2008-02-27,4.61,4.65,4.31,4.39,156024
2008-02-28,4.42,4.61,4.31,4.46,9907
2008-02-29,4.61,4.61,4.24,4.43,37143
2008-03-03,4.65,4.65,4.20,4.20,26508
2008-03-05,3.94,3.94,3.83,3.83,83060
2008-03-07,3.76,3.76,3.65,3.65,11964
2008-03-10,3.57,3.57,3.50,3.50,73056
2008-03-11,3.68,3.68,3.35,3.68,62363
2008-03-12,3.83,3.87,3.79,3.79,39398
2008-03-13,3.72,3.94,3.61,3.65,172395
2008-03-14,3.65,3.72,3.46,3.46,60831
2008-03-17,3.46,3.57,3.31,3.31,93347
2008-03-18,3.27,3.35,3.16,3.24,57656
2008-03-19,3.24,3.27,3.13,3.13,102041
2008-03-24,3.05,3.27,2.98,3.05,156798
2008-03-25,3.01,3.24,2.90,3.13,27706
2008-03-26,3.09,3.31,3.05,3.31,26380
2008-03-27,3.35,3.50,3.24,3.50,32138
2008-03-28,3.65,3.68,3.53,3.68,19176
2008-03-31,3.76,3.87,3.72,3.87,17844
2008-04-01,3.98,4.09,3.87,3.98,69904
2008-04-02,4.17,4.17,3.79,4.02,46489
2008-04-03,4.17,4.17,3.83,3.83,72022
2008-04-04,3.94,3.94,3.65,3.68,43678
2008-04-07,3.65,3.87,3.50,3.76,39040
2008-04-08,3.65,3.87,3.57,3.65,24291
2008-04-09,3.72,3.79,3.65,3.79,15199
2008-04-10,3.79,3.87,3.72,3.79,25718
2008-04-11,3.76,3.94,3.72,3.79,16099
2008-04-15,3.79,3.91,3.65,3.79,27224
2008-04-16,3.91,3.94,3.68,3.72,61644
2008-04-17,3.83,3.91,3.72,3.76,43520
2008-04-21,3.83,3.94,3.72,3.87,75279
2008-04-22,3.91,4.09,3.87,4.06,103784
2008-04-23,4.20,4.24,3.91,3.98,72873
2008-04-24,4.13,4.20,3.94,4.06,157767
2008-04-25,4.02,4.28,3.87,4.09,80050
2008-04-28,4.32,4.32,3.94,4.09,204937
2008-04-29,4.13,4.20,4.02,4.06,58498
2008-04-30,4.20,4.20,3.98,4.09,26071
2008-05-02,4.13,4.17,3.91,3.94,40852
2008-05-05,3.87,4.09,3.83,3.91,31396
2008-05-06,3.79,4.06,3.72,3.76,74404
2008-05-07,3.76,3.91,3.68,3.83,58716
2008-05-08,3.79,4.24,3.76,4.13,83864
2008-05-09,4.24,4.54,3.91,3.94,53868
2008-05-12,3.72,4.32,3.68,4.17,56021
2008-05-13,4.32,4.61,4.32,4.61,76378
2008-05-14,5.06,5.10,4.69,5.10,212038
2008-05-15,5.36,5.36,5.21,5.36,255844
2008-05-16,5.56,5.56,5.37,5.56,13627
2008-05-20,5.87,5.87,5.46,5.56,117563
2008-05-21,5.46,5.46,5.28,5.28,68745
2008-05-22,5.19,5.56,5.05,5.15,114045
2008-05-23,5.28,5.28,5.01,5.10,37429
2008-05-26,5.05,5.24,4.87,4.96,42396
2008-05-27,5.01,5.10,4.74,4.74,68260
2008-05-28,4.87,4.87,4.55,4.60,91500
2008-05-29,4.78,4.83,4.64,4.83,11435
2008-05-30,5.10,5.10,4.78,4.83,62733
2008-06-02,4.74,5.01,4.60,4.78,30797
2008-06-03,4.64,4.69,4.55,4.55,143428
2008-06-04,4.55,4.74,4.55,4.55,23226
2008-06-05,4.55,4.64,4.51,4.60,41932
2008-06-06,4.60,4.64,4.51,4.51,73776
2008-06-09,4.55,4.69,4.55,4.64,74731
2008-06-10,4.74,4.74,4.55,4.55,7555
2008-06-11,4.60,4.64,4.55,4.60,32941
2008-06-12,4.55,4.64,4.55,4.55,26689
2008-06-13,4.55,4.64,4.55,4.55,16668
2008-06-16,4.55,4.60,4.55,4.55,16460
2008-06-17,4.55,4.64,4.55,4.55,14684
2008-06-18,4.55,4.69,4.55,4.55,24207
2008-06-19,4.64,4.64,4.55,4.55,55009
2008-06-20,4.64,4.64,4.46,4.55,121485
2008-06-23,4.55,4.60,4.55,4.55,47736
2008-06-24,4.55,4.60,4.55,4.55,74663
2008-06-25,4.46,4.46,4.33,4.37,3992
2008-06-26,4.28,4.51,4.19,4.37,20537
2008-06-27,4.37,4.46,4.19,4.33,32634
2008-06-30,4.28,4.37,4.14,4.28,34116
2008-07-01,4.28,4.51,4.10,4.23,56214
2008-07-02,4.19,4.28,4.05,4.23,58800
2008-07-03,4.19,4.19,4.05,4.14,38993
2008-07-04,4.10,4.33,3.96,4.28,41871
2008-07-07,4.19,4.37,3.92,4.19,73396
2008-07-08,4.19,4.37,4.01,4.37,68860
2008-07-09,4.51,4.51,4.23,4.33,109810
2008-07-10,4.28,4.42,4.10,4.33,82078
2008-07-11,4.28,4.33,4.10,4.23,34919
2008-07-14,4.23,4.33,3.96,4.10,23208
2008-07-15,4.01,4.01,3.73,3.73,25157
2008-07-16,3.64,3.78,3.37,3.42,155145
2008-07-17,3.37,3.55,3.23,3.32,52638
2008-07-18,3.28,3.42,3.28,3.37,40263
2008-07-21,3.28,3.37,3.19,3.23,26763
2008-07-22,3.46,3.60,3.32,3.60,19580
2008-07-23,3.64,3.96,3.64,3.96,42748
2008-07-24,4.28,4.28,3.92,3.92,18563
2008-07-25,3.64,4.14,3.64,4.10,11444
2008-07-28,4.14,4.28,4.05,4.19,26541
2008-07-29,4.01,4.19,4.01,4.05,12483
2008-07-30,4.14,4.28,3.96,4.14,19218
2008-07-31,4.01,4.10,3.96,4.01,19031
2008-08-01,4.05,4.14,4.01,4.01,6871
2008-08-04,4.10,4.23,3.96,4.01,16170
2008-08-05,4.19,4.19,4.05,4.14,16771
2008-08-06,4.28,4.37,4.05,4.05,19633
2008-08-07,3.96,4.19,3.96,4.05,29078
2008-08-08,4.19,4.19,3.87,3.92,30446
2008-08-11,4.05,4.10,3.92,4.05,18479
2008-08-12,3.96,4.10,3.96,4.05,10517
2008-08-13,4.01,4.05,3.92,3.96,7729
2008-08-14,3.92,4.05,3.92,3.92,3750
2008-08-18,3.92,3.92,3.78,3.83,2838
2008-08-19,3.73,3.92,3.64,3.83,2181
2008-08-20,3.73,4.01,3.64,3.83,4429
2008-08-21,4.01,4.05,3.69,3.83,22152
2008-08-22,3.78,3.87,3.64,3.69,12858
2008-08-25,3.64,3.83,3.64,3.73,9863
2008-08-26,3.73,3.73,3.55,3.73,9677
2008-08-27,3.64,3.83,3.55,3.60,21826
2008-08-28,3.64,3.73,3.64,3.64,9992
2008-08-29,3.64,3.73,3.64,3.64,4794
2008-09-01,3.55,3.78,3.51,3.60,10817
2008-09-02,3.64,3.64,3.55,3.55,9032
2008-09-04,3.55,3.73,3.46,3.64,9930
2008-09-05,3.55,3.64,3.55,3.64,4598
2008-09-08,3.64,3.78,3.60,3.64,11548
2008-09-09,3.64,3.64,3.55,3.64,5322
2008-09-10,3.64,3.64,3.55,3.55,9425
2008-09-11,3.46,3.64,3.46,3.55,11789
2008-09-15,3.37,3.55,3.28,3.51,5725
2008-09-16,3.46,3.46,3.19,3.19,13548
2008-09-17,3.32,3.42,3.19,3.28,16848
2008-09-18,3.28,3.28,2.96,3.23,20157
2008-09-19,3.10,3.55,2.91,3.23,46746
2008-09-22,3.19,3.28,3.01,3.10,9739
2008-09-23,3.10,3.14,3.10,3.14,10397
2008-09-24,3.05,3.14,2.96,3.05,20360
2008-09-25,3.05,3.05,2.91,3.05,9951
2008-09-26,3.01,3.10,2.78,2.91,15623
2008-09-29,2.82,2.96,2.73,2.91,30683
2008-09-30,2.78,3.19,2.64,2.96,29443
2008-10-01,2.82,3.10,2.78,2.87,2719
2008-10-03,3.01,3.01,2.78,2.87,28516
2008-10-06,2.82,2.87,2.64,2.73,15898
2008-10-07,2.64,2.96,2.64,2.73,44199
2008-10-08,2.64,2.69,2.46,2.60,35858
2008-10-10,2.64,2.69,2.37,2.37,21269
2008-10-13,2.50,2.50,2.23,2.32,9244
2008-10-14,2.41,2.60,2.41,2.60,56045
2008-10-15,2.73,2.73,2.46,2.46,16188
2008-10-16,2.50,2.60,2.32,2.50,23499
2008-10-17,2.46,2.64,2.37,2.41,8043
2008-10-20,2.46,2.55,2.23,2.37,33187
2008-10-21,2.46,2.46,2.28,2.46,11505
2008-10-22,2.41,2.41,2.23,2.28,26738
2008-10-23,2.19,2.37,2.09,2.23,27964
2008-10-24,2.05,2.41,2.00,2.05,21275
2008-10-27,2.00,2.19,2.00,2.09,12870
2008-10-28,2.14,2.28,1.96,2.23,4787
2008-10-29,2.19,2.46,2.00,2.19,29910
2008-10-31,2.19,2.37,2.19,2.19,2083
2008-11-03,2.19,2.41,2.19,2.28,23742
2008-11-04,2.19,2.37,2.14,2.23,12887
2008-11-05,2.19,2.28,2.00,2.09,39999
2008-11-06,2.00,2.28,2.00,2.23,11405
2008-11-07,2.19,2.32,2.05,2.28,16886
2008-11-10,2.14,2.73,1.82,2.73,169403
2008-11-11,2.73,3.28,2.64,2.82,219484
2008-11-12,2.46,2.73,2.46,2.73,6675
2008-11-14,2.73,2.73,2.37,2.46,6306
2008-11-17,2.60,2.60,2.14,2.46,15196
2008-11-18,2.73,2.73,2.00,2.09,90058
2008-11-19,1.96,2.19,1.87,2.00,12372
2008-11-20,1.82,2.19,1.82,1.96,12168
2008-11-21,2.09,2.09,1.87,2.05,4314
2008-11-24,2.00,2.14,1.82,2.09,4446
2008-11-25,2.00,2.23,1.96,1.96,6053
2008-11-26,1.91,2.05,1.91,2.00,6677
2008-11-28,1.91,2.09,1.87,1.96,11832
2008-12-01,1.91,2.09,1.82,2.05,7734
2008-12-02,1.91,2.05,1.91,2.00,4814
2008-12-03,2.00,2.00,1.96,1.96,2569
2008-12-04,1.96,2.19,1.96,2.09,15993
2008-12-05,2.19,2.28,2.00,2.05,7361
2008-12-08,2.09,2.19,2.00,2.00,3954
2008-12-10,1.96,2.09,1.96,2.05,18695
2008-12-11,2.09,2.14,2.00,2.09,7175
2008-12-12,2.09,2.14,2.00,2.14,12919
2008-12-15,1.82,2.37,1.82,2.23,11393
2008-12-16,2.19,2.50,2.05,2.41,29334
2008-12-17,2.50,2.73,2.19,2.46,42058
2008-12-18,2.46,2.73,2.46,2.69,8217
2008-12-19,2.69,2.78,2.50,2.50,19457
2008-12-22,2.60,2.73,2.60,2.69,5765
2008-12-23,2.73,2.73,2.41,2.50,9254
2008-12-24,2.69,2.87,2.32,2.46,17346
2008-12-26,2.73,2.73,2.14,2.19,38781
2008-12-29,2.19,2.46,2.05,2.28,2981
2008-12-30,2.19,2.46,2.19,2.41,2800
2008-12-31,2.46,2.73,2.09,2.41,27798
2009-01-01,2.69,2.69,2.09,2.50,18555
2009-01-02,2.09,2.64,2.09,2.50,13414
2009-01-05,2.73,2.87,2.55,2.69,131464
2009-01-06,2.78,2.78,2.55,2.64,13416
2009-01-07,2.73,2.73,2.37,2.37,23903
2009-01-09,2.32,2.82,2.28,2.37,16569
2009-01-12,2.28,2.55,2.14,2.28,5588
2009-01-13,2.32,2.41,2.09,2.23,7181
2009-01-14,2.37,2.37,1.96,2.19,19586
2009-01-15,1.96,2.28,1.96,2.19,3912
2009-01-16,2.09,2.28,2.09,2.09,12359
2009-01-19,2.05,2.28,2.00,2.23,10391
2009-01-20,2.14,2.28,2.14,2.23,26740
2009-01-21,2.09,2.19,2.09,2.19,5053
2009-01-22,2.00,2.23,2.00,2.14,27423
2009-01-23,2.09,2.37,2.00,2.19,24637
2009-01-27,2.19,2.19,2.00,2.14,18411
2009-01-28,2.09,2.19,2.05,2.14,4978
2009-01-29,2.19,2.50,2.19,2.23,27598
2009-01-30,2.28,2.37,2.09,2.32,20830
2009-02-02,2.28,2.37,2.28,2.28,4414
2009-02-03,2.19,2.37,2.19,2.32,26229
2009-02-04,2.41,2.46,2.32,2.37,26250
2009-02-05,2.37,2.50,2.28,2.28,5139
2009-02-06,2.19,2.41,2.19,2.23,3904
2009-02-09,2.19,2.32,2.19,2.32,7577
2009-02-10,2.19,2.32,2.19,2.28,8993
2009-02-11,2.19,2.32,2.09,2.23,739
2009-02-12,2.32,2.64,2.28,2.46,67156
2009-02-13,2.60,2.60,2.28,2.28,126305
2009-02-16,2.32,2.41,2.14,2.19,53690
2009-02-17,2.09,2.23,2.09,2.14,14323
2009-02-18,2.09,2.28,1.96,2.05,18384
2009-02-19,2.00,2.23,2.00,2.05,1759
2009-02-20,2.00,2.14,2.00,2.05,1839
2009-02-24,1.96,2.19,1.96,2.05,7010
2009-02-25,2.00,2.19,2.00,2.05,3736
2009-02-26,2.09,2.09,1.96,2.00,21035
2009-02-27,2.00,2.19,2.00,2.14,9388
2009-03-02,2.09,2.14,2.00,2.14,2143
2009-03-03,2.09,2.60,2.00,2.14,11211
2009-03-04,2.09,2.23,1.96,2.00,80701
2009-03-05,2.00,2.14,1.96,1.96,16583
2009-03-06,2.00,2.14,2.00,2.09,26999
2009-03-09,1.87,2.19,1.87,2.14,12073
2009-03-12,2.09,2.19,1.96,2.05,876
2009-03-13,2.00,2.19,1.91,2.14,36181
2009-03-16,2.09,2.28,2.00,2.28,38507
2009-03-17,2.28,2.28,2.09,2.14,7908
2009-03-18,2.19,2.46,2.05,2.23,47700
2009-03-19,2.19,2.32,2.14,2.19,20045
2009-03-20,2.19,2.41,2.19,2.32,28332
2009-03-23,2.37,2.41,2.28,2.32,57733
2009-03-24,2.28,2.32,2.19,2.28,29332
2009-03-25,2.05,2.37,2.05,2.28,75702
2009-03-26,2.37,2.41,2.19,2.28,28732
2009-03-27,2.09,2.73,2.09,2.64,126401
2009-03-30,2.64,3.10,2.46,3.05,152499
2009-03-31,3.14,3.64,2.96,3.51,0
2009-04-01,3.23,3.51,3.23,3.37,68830
2009-04-02,3.60,3.60,3.19,3.23,115467
2009-04-06,3.46,3.55,3.10,3.14,15305
2009-04-08,3.10,3.23,2.82,3.23,16562
2009-04-09,2.91,3.42,2.91,3.10,20684
2009-04-13,3.23,3.23,3.05,3.19,16763
2009-04-15,3.19,3.32,2.96,3.05,48292
2009-04-16,3.14,3.14,2.78,2.96,16813
2009-04-17,2.87,3.19,2.87,3.19,20920
2009-04-20,3.37,3.37,2.91,2.96,15112
2009-04-21,2.87,3.28,2.87,2.96,11193
2009-04-22,2.96,3.10,2.82,3.01,24537
2009-04-23,3.01,3.32,2.96,3.32,34097
2009-04-24,3.32,3.51,3.28,3.28,15267
2009-04-27,3.51,3.64,3.19,3.55,58728
2009-04-28,3.55,3.55,3.42,3.46,24802
2009-04-29,3.46,3.55,3.28,3.46,9390
2009-05-04,3.51,3.69,3.28,3.64,112767
2009-05-05,3.64,4.01,3.55,4.01,84102
2009-05-06,4.01,4.42,3.69,4.14,113555
2009-05-07,4.10,4.33,3.96,4.14,18119
2009-05-08,4.10,4.28,3.92,4.14,70613
2009-05-11,4.10,4.37,3.73,3.87,25379
2009-05-12,3.83,3.87,3.51,3.64,15404
2009-05-13,3.73,3.96,3.51,3.69,55787
2009-05-14,3.64,3.83,3.55,3.73,27364
2009-05-15,3.73,4.14,3.64,4.10,132556
2009-05-19,4.28,4.51,4.19,4.28,98218
2009-05-20,4.19,4.51,3.92,4.14,58040
2009-05-21,4.55,4.55,4.01,4.01,128217
2009-05-22,4.01,4.42,3.92,4.10,90185
2009-05-25,4.37,4.46,4.05,4.42,48885
2009-05-26,4.37,4.78,4.19,4.28,73160
2009-05-27,4.42,4.74,4.33,4.64,102215
2009-05-28,4.74,5.15,4.74,5.15,0
2009-05-29,5.42,5.42,5.42,5.42,61248
2009-06-01,5.69,5.69,5.69,5.69,24672
2009-06-02,6.01,6.01,5.78,6.01,188550
2009-06-03,6.33,6.33,6.33,6.33,148398
2009-06-04,6.65,6.65,6.28,6.65,205395
2009-06-05,6.97,6.97,6.33,6.33,139563
2009-06-08,6.19,6.19,6.01,6.01,6377
2009-06-09,5.74,5.74,5.74,5.74,4085
2009-06-11,5.19,5.37,5.19,5.19,124036
2009-08-18,5.19,5.19,5.19,5.19,0
2009-08-19,5.19,5.19,5.19,5.19,0
2009-08-21,4.55,4.92,4.55,4.92,26899
2009-08-24,4.69,5.19,4.69,5.19,48807
2009-08-25,5.46,5.46,5.19,5.46,142613
2009-08-26,5.74,5.74,5.46,5.60,64694
2009-08-27,5.56,5.74,5.33,5.69,61783
2009-08-28,5.74,5.74,5.42,5.46,170250
2009-08-31,5.37,5.74,5.19,5.74,70389
2009-09-01,5.92,6.06,5.51,5.74,38655
2009-09-02,5.74,5.78,5.51,5.60,50596
2009-09-03,5.46,5.60,5.42,5.42,18220
2009-09-04,5.46,5.69,5.42,5.65,55771
2009-09-07,5.83,5.97,5.51,5.92,83972
2009-09-08,6.06,6.06,5.65,5.65,116229
2009-09-09,5.65,5.92,5.46,5.51,10143
2009-09-10,5.74,5.74,5.42,5.51,29132
2009-09-11,5.46,5.69,5.37,5.56,73884
2009-09-14,5.74,5.74,5.28,5.46,35309
2009-09-15,5.46,5.69,5.42,5.51,9423
2009-09-16,5.51,5.56,5.37,5.42,38678
2009-09-17,5.33,5.46,5.28,5.37,28085
2009-09-18,5.28,5.42,5.28,5.33,11746
2009-09-22,5.37,5.46,5.28,5.33,61654
2009-09-23,5.24,5.56,5.24,5.37,18547
2009-09-24,5.33,5.42,5.19,5.37,20074
2009-09-25,5.24,5.42,5.24,5.28,26150
2009-09-29,5.46,5.46,5.10,5.33,12051
2009-09-30,5.46,5.56,5.19,5.33,23686
2009-10-01,5.24,5.42,5.24,5.24,16653
2009-10-05,5.01,5.46,5.01,5.10,13959
2009-10-06,5.15,5.33,5.10,5.19,31566
2009-10-07,5.42,5.42,5.19,5.19,14286
2009-10-08,5.19,5.28,5.10,5.24,106965
2009-10-09,5.24,5.24,5.01,5.01,23980
2009-10-12,5.01,5.28,4.87,5.28,46757
2009-10-14,5.19,5.56,5.19,5.51,116834
2009-10-15,5.37,5.42,5.28,5.42,23928
2009-10-16,5.42,5.46,5.28,5.37,139658
2009-10-20,5.92,5.92,5.37,5.42,21458
2009-10-21,5.33,5.69,5.28,5.69,72935
2009-10-22,5.56,5.69,5.42,5.51,34017
2009-10-23,5.37,5.56,5.37,5.46,33641
2009-10-26,5.37,5.42,5.19,5.24,12150
2009-10-27,5.15,5.33,5.01,5.05,48641
2009-10-28,5.10,5.28,4.83,5.05,20295
2009-10-29,4.83,5.19,4.83,4.92,6852
2009-10-30,5.19,5.19,4.96,5.19,25688
2009-11-03,5.05,5.28,5.01,5.01,10612
2009-11-04,5.01,5.28,4.87,5.01,104373
2009-11-05,5.01,5.15,4.87,5.01,12668
2009-11-06,5.01,5.28,5.01,5.28,32288
2009-11-09,5.42,5.51,5.10,5.19,53116
2009-11-10,5.28,5.56,5.19,5.28,224239
2009-11-11,5.28,5.37,5.19,5.19,9984
2009-11-12,5.10,5.10,5.10,5.10,7944
2009-11-13,5.24,5.24,4.96,5.01,15996
2009-11-16,5.01,5.33,5.01,5.01,4926
2009-11-17,4.92,5.10,4.74,4.87,16690
2009-11-18,4.78,5.37,4.78,5.10,27639
2009-11-19,5.10,5.19,4.87,5.01,5010
2009-11-20,5.15,5.15,4.78,4.87,5281
2009-11-23,4.87,5.28,4.78,5.05,8873
2009-11-24,4.92,5.33,4.92,5.15,3086
2009-11-25,5.15,5.19,4.92,5.01,19560
2009-11-26,4.83,5.19,4.78,5.19,1927
2009-11-27,5.01,5.15,4.78,5.10,5974
2009-11-30,5.01,5.10,4.87,5.10,18960
2009-12-01,4.92,5.15,4.87,5.15,54820
2009-12-02,5.24,5.37,5.10,5.15,8772
2009-12-03,5.42,5.42,5.01,5.05,11438
2009-12-04,4.60,5.24,4.60,5.15,17649
2009-12-07,5.10,5.19,5.01,5.10,6727
2009-12-08,5.05,5.51,5.05,5.46,47789
2009-12-09,5.69,5.69,5.28,5.37,8938
2009-12-10,5.01,5.92,5.01,5.74,117508
2009-12-11,5.65,5.65,5.28,5.46,34035
2009-12-14,5.65,5.65,5.42,5.46,27662
2009-12-15,5.46,5.65,5.46,5.46,49445
2009-12-16,5.74,5.74,5.28,5.46,24241
2009-12-17,5.46,5.60,5.37,5.51,84726
2009-12-18,5.46,5.51,5.37,5.37,5806
2009-12-21,5.28,5.46,5.28,5.42,5666
2009-12-22,5.51,5.51,5.24,5.24,7466
2009-12-23,5.51,5.51,5.28,5.42,16141
2009-12-24,5.51,5.51,5.28,5.46,28121
2009-12-29,5.33,5.69,5.33,5.65,105691
2009-12-30,5.42,5.78,5.42,5.56,23169
2009-12-31,5.74,5.74,5.46,5.74,77848
2010-01-04,5.74,5.74,5.46,5.51,19194
2010-01-05,5.46,5.83,5.37,5.65,40402
2010-01-06,5.83,6.01,5.65,5.78,54830
2010-01-07,5.87,5.87,5.69,5.78,21671
2010-01-08,6.01,6.97,5.87,6.79,573535
2010-01-11,6.92,7.06,6.51,6.60,244260
2010-01-12,6.51,6.65,6.24,6.28,76611
2010-01-13,6.28,6.33,6.01,6.24,44770
2010-01-14,6.19,6.38,5.92,6.28,29893
2010-01-15,6.60,6.88,6.01,6.56,293210
2010-01-18,6.69,6.69,6.38,6.56,159491
2010-01-19,6.38,6.83,6.38,6.65,47969
2010-01-20,6.79,7.10,6.60,6.65,145238
2010-01-21,6.38,6.69,6.28,6.38,60042
2010-01-22,5.15,6.69,5.15,6.47,96869
2010-01-25,6.19,6.38,5.97,6.10,94857
2010-01-27,6.10,6.38,5.19,5.51,71164
2010-01-28,5.60,5.87,5.28,5.56,69057
2010-01-29,5.69,5.69,5.19,5.65,41911
2010-02-01,6.19,6.19,5.46,5.69,47756
2010-02-02,5.78,5.78,5.28,5.37,41551
2010-02-03,5.46,6.10,5.37,5.56,16690
2010-02-04,5.46,5.56,5.37,5.37,22656
2010-02-05,5.19,5.51,5.19,5.51,61424
2010-02-08,5.33,5.65,5.33,5.42,4894
2010-02-09,5.24,5.56,5.19,5.37,18489
2010-02-10,5.37,5.60,5.28,5.28,17066
2010-02-11,5.42,5.42,5.24,5.33,11954
2010-02-15,5.05,5.46,5.05,5.37,6016
2010-02-16,5.28,5.51,5.24,5.37,5986
2010-02-17,5.46,5.46,5.10,5.46,11824
2010-02-18,5.37,5.37,5.24,5.37,3189
2010-02-19,5.15,5.37,5.15,5.28,10870
2010-02-22,5.15,5.15,5.10,5.10,7849
2010-02-23,5.05,5.28,5.05,5.24,8836
2010-02-24,4.96,5.19,4.92,4.92,2412
2010-02-25,4.64,5.28,4.55,5.01,8977
2010-02-26,4.92,5.19,4.92,5.10,7652
2010-03-02,5.01,5.10,4.92,4.92,10290
2010-03-03,5.01,5.46,4.92,4.96,46003
2010-03-04,5.01,5.10,4.96,4.96,21609
2010-03-05,5.05,5.33,4.78,4.96,28629
2010-03-08,5.01,5.15,5.01,5.10,15621
2010-03-09,5.01,5.19,4.96,4.96,27615
2010-03-10,4.92,4.96,4.87,4.87,27641
2010-03-11,4.92,5.15,4.92,5.10,65604
2010-03-12,5.10,5.92,5.10,5.33,70559
2010-03-15,5.51,6.42,5.51,6.42,587128
2010-03-16,7.10,7.42,6.47,7.19,1354111
2010-03-17,7.51,7.65,7.15,7.38,976315
2010-03-18,7.42,7.70,7.19,7.56,286779
2010-03-19,7.79,8.33,7.51,8.15,497913
2010-03-22,7.74,8.79,7.74,8.74,496004
2010-03-23,8.79,9.34,8.79,9.24,755324
2010-03-25,9.24,9.52,9.11,9.34,325331
2010-03-26,9.84,9.84,9.24,9.38,724984
2010-03-29,9.47,9.79,9.29,9.52,486838
2010-03-30,9.52,9.97,9.52,9.84,383164
2010-03-31,10.11,10.25,9.93,10.06,406599
2010-04-01,10.25,10.56,10.20,10.47,784809
2010-04-05,10.93,10.97,10.66,10.97,975919
2010-04-06,11.25,11.43,11.02,11.38,397926
2010-04-07,11.66,11.89,11.57,11.75,341920
2010-04-08,12.34,12.34,11.84,12.25,274015
2010-04-09,12.89,12.89,12.48,12.66,631413
2010-04-12,13.11,13.11,12.66,12.75,693206
2010-04-13,12.89,12.89,12.25,12.43,632472
2010-04-15,12.43,12.93,11.84,12.30,770916
2010-04-16,12.30,12.66,11.84,11.93,334975
2010-04-19,11.57,11.57,11.34,11.34,35210
2010-04-20,10.79,11.02,10.79,10.79,345627
2010-04-21,10.75,10.84,10.38,10.70,2244492
2010-04-22,10.93,11.07,10.70,11.02,2062692
2010-04-23,11.25,11.43,11.20,11.29,1560258
2010-04-26,11.61,11.66,11.43,11.48,814017
2010-04-27,11.48,11.61,11.16,11.20,1163297
2010-04-28,10.93,11.16,10.66,10.66,1050334
2010-04-29,10.38,10.84,10.15,10.25,901644
2010-04-30,10.02,10.70,10.02,10.38,532965
2010-05-03,10.34,10.34,9.88,9.88,249026
2010-05-04,9.43,9.65,9.43,9.43,49900
2010-05-05,8.97,8.97,8.97,8.97,27855
2010-05-06,8.56,8.56,8.56,8.56,27525
2010-05-07,8.15,8.15,8.15,8.15,189213
2010-05-10,7.74,7.92,7.74,7.74,810718
2010-05-11,7.38,7.65,7.38,7.38,450386
2010-05-12,7.29,7.29,7.01,7.01,217535
2010-05-13,6.69,6.69,6.69,6.69,18666
2010-05-14,6.38,7.06,6.38,7.06,285604
2010-05-17,6.74,6.97,6.74,6.74,166121
2010-05-18,7.06,7.10,6.74,6.97,396987
2010-05-19,6.74,6.92,6.65,6.65,108079
2010-05-20,7.01,7.01,6.33,6.42,208156
2010-05-21,6.10,6.10,6.10,6.10,103154
2010-05-24,6.42,6.42,5.83,5.83,339099
2010-05-25,5.78,5.78,5.56,5.56,59943
2010-05-26,5.56,5.87,5.28,5.83,425950
2010-05-27,6.01,6.01,5.83,5.87,78013
2010-05-28,6.10,6.19,5.92,6.06,138915
2010-05-31,6.28,6.28,5.92,6.15,70088
2010-06-01,6.01,6.28,6.01,6.01,43221
2010-06-02,5.97,6.33,5.74,6.06,109952
2010-06-03,6.01,6.33,5.92,6.24,57036
2010-06-04,6.19,6.28,6.01,6.06,70714
2010-06-07,6.01,6.06,5.78,5.87,49237
2010-06-08,5.97,6.10,5.83,5.87,42813
2010-06-09,5.83,6.06,5.83,5.87,60253
2010-06-10,5.78,6.01,5.78,5.92,37935
2010-06-11,5.97,6.01,5.87,5.87,21603
2010-06-14,5.97,6.01,5.78,5.83,26064
2010-06-15,5.83,5.87,5.56,5.56,241945
2010-06-16,5.60,5.60,5.33,5.42,220821
2010-06-17,5.42,5.69,5.33,5.69,222592
2010-06-18,5.83,6.01,5.65,5.87,213325
2010-06-21,5.92,6.15,5.87,5.92,82000
2010-06-22,5.92,5.97,5.69,5.78,54892
2010-06-23,5.74,6.10,5.69,5.92,118757
2010-06-24,6.10,6.10,5.78,5.83,102148
2010-06-25,5.92,5.92,5.65,5.69,74760
2010-06-28,5.69,5.92,5.65,5.83,33706
2010-06-29,5.78,5.87,5.56,5.56,260390
2010-06-30,5.56,5.69,5.46,5.56,107793
2010-07-01,5.56,5.69,5.46,5.60,23817
2010-07-02,5.46,5.69,5.42,5.46,90161
2010-07-05,5.46,5.74,5.37,5.42,69647
2010-07-06,5.56,5.56,5.15,5.15,803465
2010-07-07,5.28,5.28,4.87,4.96,435033
2010-07-08,5.24,5.37,5.05,5.15,118250
2010-07-09,5.28,5.33,5.10,5.19,136119
2010-07-12,5.42,5.42,5.15,5.15,200152
2010-07-13,5.24,5.24,5.05,5.24,78623
2010-07-14,5.19,5.28,5.01,5.15,100065
2010-07-15,5.15,5.24,5.05,5.10,51523
2010-07-16,5.19,5.19,4.96,5.01,200166
2010-07-19,4.78,5.15,4.74,4.78,318107
2010-07-20,5.01,5.01,4.55,4.69,418203
2010-07-21,4.96,4.96,4.74,4.78,232665
2010-07-22,4.74,4.83,4.64,4.69,182885
2010-07-23,4.83,4.83,4.64,4.74,338183
2010-07-26,4.87,4.87,4.64,4.69,95469
2010-07-27,4.78,4.78,4.64,4.69,108077
2010-07-28,4.83,4.83,4.60,4.74,98685
2010-07-29,4.74,5.10,4.64,4.74,91267
2010-07-30,4.78,4.78,4.69,4.74,64135
2010-08-02,4.69,4.83,4.55,4.64,103898
2010-08-03,4.64,4.74,4.46,4.64,76829
2010-08-04,4.74,5.15,4.55,5.15,407430
2010-08-05,5.19,5.69,5.19,5.69,443957
2010-08-06,6.15,6.28,5.87,6.24,1736824
2010-08-09,6.51,6.51,5.97,5.97,245059
2010-08-10,5.69,5.69,5.69,5.69,20919
2010-08-11,5.42,5.78,5.42,5.46,382816
2010-08-12,5.51,5.56,5.28,5.46,159209
2010-08-13,5.56,5.74,5.42,5.74,247554
2010-08-16,6.06,6.06,5.65,5.69,252860
2010-08-17,5.65,5.83,5.56,5.60,78301
2010-08-18,5.46,5.83,5.37,5.42,191331
2010-08-19,5.46,5.56,5.33,5.42,142102
2010-08-20,5.46,5.46,5.19,5.24,179186
2010-08-23,5.42,5.42,5.15,5.24,51530
2010-08-24,5.15,5.28,5.15,5.19,16168
2010-08-25,5.28,5.33,5.10,5.10,52098
2010-08-26,5.10,5.19,4.96,5.01,104476
2010-08-27,5.10,5.10,4.78,4.83,122284
2010-08-30,4.96,5.10,4.96,5.10,225158
2010-08-31,5.15,5.37,5.15,5.19,274204
2010-09-01,5.24,5.33,5.10,5.24,65744
2010-09-02,5.37,5.37,5.01,5.01,77609
2010-09-03,5.01,5.01,4.87,4.92,59731
2010-09-06,4.92,5.19,4.87,4.96,117717
2010-09-07,5.37,5.37,4.92,5.10,242088
2010-09-08,5.24,5.28,4.96,5.10,39737
2010-09-09,5.01,5.19,4.96,5.01,222814
2010-09-13,5.01,5.15,4.92,5.01,89740
2010-09-14,4.92,5.01,4.64,4.87,241424
2010-09-15,5.10,5.10,4.83,4.87,65032
2010-09-16,4.64,5.01,4.64,4.83,40392
2010-09-17,4.83,4.96,4.69,4.78,151046
2010-09-20,4.78,4.92,4.78,4.78,96440
2010-09-21,4.78,4.83,4.60,4.64,113956
2010-09-22,5.01,5.01,4.55,4.60,96595
2010-09-23,4.64,4.83,4.64,4.69,204171
2010-09-24,4.69,4.83,4.69,4.78,225509
2010-09-27,4.78,4.83,4.69,4.69,81104
2010-09-28,4.69,4.78,4.64,4.69,41900
2010-09-29,4.74,4.78,4.64,4.74,68090
2010-09-30,4.74,4.74,4.55,4.64,88971
2010-10-01,4.60,4.78,4.55,4.74,151443
2010-10-04,4.78,4.78,4.55,4.64,101556
2010-10-05,4.64,4.74,4.60,4.64,34494
2010-10-06,4.60,4.92,4.60,4.83,185419
2010-10-07,4.96,5.33,4.87,5.19,503906
2010-10-08,5.33,5.74,5.19,5.74,638673
2010-10-11,5.92,6.06,5.69,5.78,380405
2010-10-12,5.83,5.83,5.51,5.51,149622
2010-10-13,5.37,5.56,5.33,5.42,218359
2010-10-14,5.37,5.46,5.28,5.33,124383
2010-10-15,5.28,5.42,5.19,5.28,142436
2010-10-18,5.28,5.28,5.10,5.10,70957
2010-10-19,5.15,5.28,4.96,5.01,56484
2010-10-20,5.01,5.10,5.01,5.10,29816
2010-10-21,5.10,5.24,4.96,5.10,53533
2010-10-22,5.01,5.28,4.96,5.15,33469
2010-10-25,5.10,5.33,5.05,5.10,73054
2010-10-26,5.28,5.28,5.01,5.01,44492
2010-10-27,5.01,5.19,4.92,4.92,35473
2010-10-28,4.74,5.05,4.69,4.83,75315
2010-10-29,4.74,4.96,4.74,4.83,54165
2010-11-01,4.83,5.05,4.83,4.87,80080
2010-11-02,4.83,4.96,4.78,4.87,41435
2010-11-03,4.78,5.10,4.78,5.05,91076
2010-11-04,4.92,5.19,4.92,4.96,64966
2010-11-05,4.96,5.24,4.96,5.10,28196
2010-11-08,5.05,5.19,4.92,5.05,46865
2010-11-09,5.15,5.19,4.92,5.01,136825
2010-11-10,5.10,5.33,4.96,5.24,509102
2010-11-11,5.42,5.42,4.96,5.01,344402
2010-11-12,5.19,5.19,4.51,4.55,713996
2010-11-15,4.64,4.96,4.55,4.92,338947
2010-11-16,4.74,4.92,4.55,4.60,77398
2010-11-18,4.60,4.83,4.55,4.64,61492
2010-11-19,4.64,4.74,4.55,4.64,61328
2010-11-22,4.55,4.69,4.46,4.60,104604
2010-11-23,4.78,4.78,4.51,4.55,59430
2010-11-24,4.55,4.60,4.46,4.46,97528
2010-11-25,4.46,4.51,4.33,4.37,122329
2010-11-26,4.37,4.46,3.96,4.01,177946
2010-11-29,3.78,4.05,3.64,3.87,199482
2010-11-30,3.92,4.28,3.69,4.05,97392
2010-12-01,4.23,4.42,4.01,4.37,54514
2010-12-02,4.55,4.78,4.37,4.55,70107
2010-12-03,4.55,4.55,4.10,4.14,210765
2010-12-06,4.10,4.37,3.92,4.01,41493
2010-12-07,4.10,4.14,3.92,4.01,39813
2010-12-08,3.96,4.01,3.73,3.83,60607
2010-12-09,3.64,3.96,3.64,3.69,65514
2010-12-10,3.73,4.10,3.55,3.92,160754
2010-12-13,3.92,4.05,3.78,3.92,32794
2010-12-14,3.92,4.01,3.83,3.87,31790
2010-12-15,3.87,4.01,3.78,3.78,58342
2010-12-16,3.73,3.92,3.73,3.92,22494
2010-12-20,3.78,3.92,3.78,3.87,28024
2010-12-21,3.92,3.96,3.78,3.92,12641
2010-12-22,3.92,3.96,3.78,3.83,24618
2010-12-23,3.78,3.96,3.73,3.92,50675
2010-12-24,3.87,4.01,3.83,3.96,24246
2010-12-27,4.01,4.01,3.83,3.92,8951
2010-12-28,3.96,3.96,3.83,3.92,13741
2010-12-29,3.83,4.01,3.83,3.87,33737
2010-12-30,3.87,3.96,3.83,3.87,16527
2010-12-31,3.83,4.05,3.78,3.83,87878
2011-01-03,4.19,4.19,3.83,4.10,162587
2011-01-04,4.46,4.46,4.14,4.28,85919
2011-01-05,4.33,4.51,4.14,4.23,73692
2011-01-06,4.33,4.37,4.14,4.23,41969
2011-01-07,4.14,4.28,3.96,4.05,51710
2011-01-10,3.46,4.05,3.46,3.92,38039
2011-01-11,3.96,4.05,3.69,3.78,152245
2011-01-12,3.64,4.23,3.64,3.87,42358
2011-01-13,3.69,3.92,3.69,3.78,100207
2011-01-14,3.78,3.87,3.73,3.78,23263
2011-01-17,3.64,3.92,3.37,3.69,25249
2011-01-18,3.64,3.87,3.64,3.69,22303
2011-01-19,3.64,3.83,3.64,3.69,7525
2011-01-20,3.92,3.92,3.64,3.69,72002
2011-01-21,3.69,3.78,3.64,3.69,22665
2011-01-24,3.64,4.19,3.64,4.10,119566
2011-01-25,4.01,4.10,3.92,3.92,23070
2011-01-27,4.37,4.37,3.87,4.10,47918
2011-01-28,4.01,4.19,3.73,3.87,86690
2011-01-31,3.83,4.10,3.64,3.96,96962
2011-02-01,4.10,4.10,3.78,3.83,23137
2011-02-02,3.96,3.96,3.69,3.78,26746
2011-02-03,3.73,3.83,3.73,3.83,32558
2011-02-04,3.73,3.92,3.69,3.69,30724
2011-02-07,3.69,3.83,3.64,3.69,41946
2011-02-08,3.64,3.83,3.60,3.64,20888
2011-02-09,3.64,3.64,3.37,3.37,66538
2011-02-10,3.64,3.64,3.37,3.51,18910
2011-02-11,3.37,3.60,3.37,3.60,16831
2011-02-14,3.64,3.78,3.64,3.69,31204
2011-02-15,3.64,3.83,3.55,3.60,45755
2011-02-16,3.60,3.69,3.60,3.69,15408
2011-02-17,3.64,3.73,3.60,3.69,18679
2011-02-18,3.78,3.78,3.55,3.55,21792
2011-02-21,3.69,3.69,3.37,3.55,9751
2011-02-22,3.83,3.83,3.28,3.51,17578
2011-02-23,3.55,3.55,3.42,3.46,20628
2011-02-24,3.64,3.64,3.42,3.42,21788
2011-02-25,3.46,3.64,3.46,3.60,30022
2011-02-28,3.55,3.69,3.55,3.64,26623
2011-03-01,3.64,3.69,3.55,3.64,10220
2011-03-03,3.60,3.64,3.51,3.55,17334
2011-03-04,3.55,3.64,3.51,3.60,97064
2011-03-07,3.60,3.64,3.51,3.51,70312
2011-03-08,3.51,3.64,3.46,3.60,21601
2011-03-09,3.69,3.69,3.46,3.60,9230
2011-03-10,3.64,3.64,3.51,3.64,20936
2011-03-11,3.55,3.55,3.42,3.46,7354
2011-03-14,3.55,3.60,3.46,3.60,10969
2011-03-15,3.60,3.64,3.46,3.55,13930
2011-03-16,3.64,3.64,3.46,3.55,22175
2011-03-17,3.46,3.60,3.42,3.51,22085
2011-03-18,3.42,3.55,3.37,3.51,39109
2011-03-21,3.46,3.55,3.46,3.51,5133
2011-03-22,3.46,3.55,3.37,3.51,12216
2011-03-23,3.42,3.55,3.42,3.46,12994
2011-03-24,3.60,3.60,3.42,3.51,18095
2011-03-28,3.51,3.55,3.46,3.46,34381
2011-03-29,3.42,3.51,3.28,3.32,39359
2011-03-30,3.32,3.60,3.28,3.51,23703
2011-03-31,3.42,3.55,3.37,3.37,11227
2011-04-01,3.37,3.51,3.37,3.51,58082
2011-04-04,3.60,3.96,3.55,3.87,108678
2011-04-05,3.64,4.10,3.64,3.92,46654
2011-04-06,3.78,3.92,3.78,3.87,14435
2011-04-07,3.73,4.10,3.73,4.05,56771
2011-04-08,4.87,4.87,3.96,4.69,393731
2011-04-11,4.83,4.83,4.37,4.46,180095
2011-04-13,4.14,4.55,4.14,4.42,106458
2011-04-15,4.28,4.42,3.96,4.10,123720
2011-04-18,4.51,4.51,3.87,3.92,88576
2011-04-19,3.92,3.92,3.73,3.73,10085
2011-04-20,3.69,3.96,3.69,3.87,21208
2011-04-21,3.87,4.01,3.78,3.83,13298
2011-04-25,3.64,3.83,3.64,3.69,49757
2011-04-26,3.64,3.87,3.64,3.87,22880
2011-04-27,3.83,3.92,3.83,3.87,14584
2011-04-28,3.78,3.92,3.69,3.73,13099
2011-04-29,3.64,3.73,3.64,3.69,9029
2011-05-02,3.73,3.78,3.64,3.64,17331
2011-05-03,3.64,3.73,3.64,3.73,14882
2011-05-04,3.64,3.69,3.64,3.69,21817
2011-05-05,3.64,3.64,3.55,3.55,30244
2011-05-06,3.64,3.73,3.46,3.64,14374
2011-05-09,3.64,3.69,3.46,3.64,7579
2011-05-10,3.73,3.73,3.51,3.64,12107
2011-05-11,3.51,3.69,3.51,3.64,13958
2011-05-12,3.73,3.73,3.60,3.60,9348
2011-05-13,3.64,3.69,3.55,3.60,4981
2011-05-16,3.55,3.60,3.46,3.51,7605
2011-05-17,3.51,3.60,3.51,3.55,7773
2011-05-18,3.55,3.55,3.46,3.55,7260
2011-05-19,3.46,3.46,3.37,3.37,38670
2011-05-20,3.37,3.51,3.28,3.46,39839
2011-05-23,3.51,3.51,3.37,3.37,16082
2011-05-24,3.46,3.46,3.23,3.28,44596
2011-05-25,3.23,3.28,3.19,3.19,21839
2011-05-26,3.23,3.32,3.23,3.28,5611
2011-05-27,3.14,3.32,3.14,3.23,11755
2011-05-30,3.23,3.37,3.10,3.32,11499
2011-05-31,3.37,3.37,3.28,3.28,3788
2011-06-01,3.28,3.37,3.28,3.37,4300
2011-06-02,3.42,3.42,3.28,3.37,10904
2011-06-03,3.28,3.37,3.28,3.32,8537
2011-06-06,3.28,3.42,3.19,3.37,25542
2011-06-07,3.37,3.51,3.32,3.46,11642
2011-06-08,3.42,3.46,3.37,3.37,7473
2011-06-09,3.28,3.42,3.23,3.37,6073
2011-06-10,3.32,3.46,3.28,3.32,89973
2011-06-13,3.28,3.42,3.19,3.23,160523
2011-06-14,3.28,3.37,3.19,3.32,38725
2011-06-15,3.37,3.37,3.19,3.28,16175
2011-06-16,3.28,3.42,3.19,3.28,16246
2011-06-17,3.46,3.46,3.23,3.28,16869
2011-06-20,3.19,3.28,3.14,3.23,16674
2011-06-21,3.10,3.28,3.10,3.23,15240
2011-06-22,3.28,3.28,3.10,3.14,20594
2011-06-23,3.10,3.19,3.10,3.10,6311
2011-06-24,3.19,3.19,3.01,3.05,12849
2011-06-27,3.19,3.19,3.05,3.10,14936
2011-06-28,3.10,3.14,3.05,3.10,22511
2011-06-29,3.10,3.19,3.10,3.10,32428
2011-06-30,3.05,3.10,3.01,3.05,52808
2011-07-01,3.01,3.14,3.01,3.10,27470
2011-07-04,3.19,3.23,3.10,3.14,24826
2011-07-05,3.10,3.14,3.05,3.10,19371
2011-07-06,3.10,3.19,3.01,3.05,29902
2011-07-07,3.05,3.19,3.05,3.14,36348
2011-07-08,3.23,3.23,3.05,3.05,16348
2011-07-11,3.01,3.19,3.01,3.05,7253
2011-07-12,3.19,3.19,3.05,3.10,3428
2011-07-13,3.19,3.28,3.14,3.19,11827
2011-07-14,3.19,3.23,3.10,3.10,6014
2011-07-15,3.05,3.19,3.01,3.05,29325
2011-07-18,3.05,3.37,3.05,3.10,8538
2011-07-19,3.19,3.19,3.05,3.14,8296
2011-07-20,3.19,3.19,3.10,3.10,10178
2011-07-21,3.05,3.19,3.05,3.05,8118
2011-07-22,3.19,3.19,3.05,3.05,13538
2011-07-25,3.05,3.10,3.01,3.05,58683
2011-07-26,3.01,3.10,2.96,3.05,47843
2011-07-27,3.01,3.10,2.96,3.01,20277
2011-07-28,3.01,3.05,2.91,3.01,37470
2011-07-29,2.78,3.10,2.78,2.96,16819
2011-08-01,2.91,3.01,2.91,2.91,11320
2011-08-02,2.82,2.91,2.82,2.87,16850
2011-08-03,2.78,2.82,2.73,2.73,48050
2011-08-04,2.78,2.96,2.73,2.78,40540
2011-08-05,2.73,2.73,2.64,2.69,46449
2011-08-08,2.55,2.64,2.46,2.55,85126
2011-08-09,2.46,2.64,2.37,2.55,55923
2011-08-10,2.73,2.73,2.55,2.69,14568
2011-08-11,2.73,2.73,2.60,2.69,14387
2011-08-12,2.73,2.78,2.50,2.69,15013
2011-08-16,2.60,2.69,2.46,2.50,19824
2011-08-17,2.60,2.60,2.37,2.41,10711
2011-08-18,2.37,2.50,2.32,2.37,34205
2011-08-19,2.37,2.46,2.28,2.37,23861
2011-08-22,2.19,2.46,2.14,2.37,121913
2011-08-23,2.46,2.60,2.32,2.46,9491
2011-08-24,2.55,2.55,2.41,2.41,9485
2011-08-25,2.37,2.41,2.28,2.41,10982
2011-08-26,2.32,2.41,2.32,2.37,10308
2011-08-29,2.41,2.60,2.19,2.50,23006
2011-08-30,2.60,2.69,2.50,2.64,81128
2011-09-02,2.69,2.73,2.55,2.60,21422
2011-09-05,2.69,2.73,2.64,2.69,7609
2011-09-06,2.73,2.78,2.64,2.73,19700
2011-09-07,2.78,2.78,2.60,2.69,11849
2011-09-08,2.55,2.73,2.55,2.69,13634
2011-09-09,2.73,2.82,2.60,2.78,3959
2011-09-12,2.73,2.73,2.64,2.64,16611
2011-09-13,2.69,2.82,2.64,2.69,14603
2011-09-14,2.78,2.82,2.50,2.73,28264
2011-09-15,2.96,2.96,2.69,2.78,16428
2011-09-16,2.82,2.82,2.73,2.78,4331
2011-09-19,2.73,2.73,2.55,2.69,5961
2011-09-20,2.73,2.73,2.64,2.69,11149
2011-09-21,2.78,2.78,2.64,2.73,7542
2011-09-22,2.73,3.05,2.60,2.69,45963
2011-09-23,2.55,2.78,2.55,2.73,13006
2011-09-26,2.64,2.73,2.55,2.60,21836
2011-09-27,2.69,3.05,2.46,2.78,23462
2011-09-28,2.73,2.82,2.64,2.78,6660
2011-09-29,2.64,2.78,2.64,2.69,3049
2011-09-30,2.78,2.78,2.64,2.64,3
2011-10-03,2.73,2.73,2.64,2.73,3200
2011-10-04,2.55,2.78,2.55,2.60,20001
2011-10-05,2.64,2.69,2.46,2.46,11015
2011-10-07,2.69,2.73,2.55,2.69,8271
2011-10-10,2.64,2.69,2.64,2.64,2389
2011-10-11,2.60,2.78,2.60,2.69,15270
2011-10-12,2.82,2.82,2.55,2.69,12380
2011-10-13,2.73,2.73,2.69,2.69,13067
2011-10-14,2.60,2.73,2.55,2.60,99524
2011-10-17,2.73,2.73,2.55,2.60,14042
2011-10-18,2.73,2.73,2.60,2.60,935
2011-10-19,2.73,2.73,2.60,2.60,8581
2011-10-20,2.55,2.55,2.55,2.55,1109
2011-10-21,2.55,2.64,2.41,2.46,30144
2011-10-24,2.50,2.50,2.41,2.46,20084
2011-10-25,2.37,2.50,2.37,2.41,9274
2011-10-26,2.55,2.55,2.55,2.55,2745
2011-10-28,2.41,2.55,2.41,2.55,13677
2011-10-31,2.37,2.60,2.09,2.50,11205
2011-11-01,2.50,2.60,2.46,2.46,15328
2011-11-02,2.41,2.46,2.41,2.46,3545
2011-11-03,2.46,2.50,2.41,2.41,6809
2011-11-04,2.46,2.50,2.41,2.50,10889
2011-11-08,2.41,2.46,2.37,2.37,20392
2011-11-09,2.41,2.41,2.32,2.32,11857
2011-11-11,2.32,2.41,2.23,2.28,24376
2011-11-14,2.19,2.41,2.14,2.23,15648
2011-11-15,2.05,2.23,2.05,2.14,9730
2011-11-16,2.14,2.14,1.82,2.00,16728
2011-11-17,2.14,2.14,1.87,2.05,5520
2011-11-18,1.87,2.05,1.87,1.96,28798
2011-11-21,1.96,1.96,1.87,1.87,4914
2011-11-22,1.82,2.05,1.73,1.91,23686
2011-11-23,1.91,2.00,1.87,1.87,20653
2011-11-24,1.87,2.00,1.82,2.00,25078
2011-11-25,1.96,2.19,1.91,2.00,10853
2011-11-28,2.09,2.09,1.96,2.00,2063
2011-11-29,2.19,2.37,2.00,2.23,24019
2011-11-30,2.23,2.28,2.09,2.19,41299
2011-12-01,2.00,2.19,1.82,2.14,24970
2011-12-02,2.14,2.19,2.09,2.09,6330
2011-12-05,2.09,2.50,2.09,2.46,62517
2011-12-07,2.19,2.69,2.19,2.50,56095
2011-12-08,2.60,2.60,2.41,2.50,20019
2011-12-09,2.41,2.41,2.23,2.28,19083
2011-12-12,2.19,2.37,2.19,2.19,16398
2011-12-13,2.00,2.14,1.91,2.09,12675
2011-12-14,1.82,2.19,1.82,2.09,2427
2011-12-15,2.00,2.19,2.00,2.09,8536
2011-12-16,2.00,2.23,2.00,2.05,24336
2011-12-19,2.00,2.05,1.91,1.91,21397
2011-12-20,1.96,2.00,1.68,1.82,68326
2011-12-21,1.87,1.91,1.78,1.87,31303
2011-12-22,1.82,1.96,1.73,1.96,26102
2011-12-23,1.96,2.14,1.96,2.05,10911
2011-12-26,1.91,2.00,1.91,2.00,6353
2011-12-27,1.91,2.05,1.91,2.05,3733
2011-12-28,1.87,2.09,1.87,1.96,4104
2011-12-29,1.82,2.09,1.82,1.87,8367
2011-12-30,1.82,2.09,1.82,2.05,8996
2012-01-02,2.19,2.23,1.87,2.19,51821
2012-01-03,2.32,2.50,2.19,2.37,25438
2012-01-04,2.32,2.46,2.19,2.23,7069
2012-01-05,2.37,2.55,2.09,2.41,37816
2012-01-06,2.41,2.46,2.28,2.41,13289
2012-01-09,2.50,2.55,2.37,2.41,6939
2012-01-10,2.37,2.50,2.28,2.41,23771
2012-01-11,2.41,2.46,2.23,2.46,9043
2012-01-12,2.32,2.50,2.32,2.50,4668
2012-01-13,2.41,2.50,2.37,2.41,12929
2012-01-16,2.46,2.87,2.41,2.82,101606
2012-01-17,2.91,3.05,2.78,2.78,78855
2012-01-18,2.73,2.82,2.55,2.55,8978
2012-01-19,2.50,2.64,2.41,2.55,23849
2012-01-20,2.64,2.78,2.28,2.55,40233
2012-01-23,2.55,2.64,2.50,2.50,12854
2012-01-24,2.55,2.73,2.55,2.69,50296
2012-01-25,2.69,2.73,2.60,2.64,16534
2012-01-27,2.73,2.73,2.23,2.60,31532
2012-01-30,2.64,2.73,2.60,2.64,39820
2012-01-31,2.73,2.73,2.64,2.73,9236
2012-02-01,2.82,2.82,2.64,2.78,15329
2012-02-02,2.82,2.91,2.64,2.69,15666
2012-02-03,3.01,3.01,2.60,2.73,11052
2012-02-06,2.64,2.87,2.60,2.69,29442
2012-02-07,2.82,2.87,2.55,2.55,48180
2012-02-08,2.64,2.64,2.50,2.50,39365
2012-02-09,2.37,2.60,2.37,2.46,87390
2012-02-10,2.46,2.50,2.37,2.46,66823
2012-02-13,2.55,2.55,2.37,2.46,40204
2012-02-14,2.41,2.91,2.41,2.91,116668
2012-02-15,2.96,3.05,2.78,2.82,49439
2012-02-16,2.73,2.96,2.73,2.82,16564
2012-02-17,2.73,3.01,2.73,2.87,45854
2012-02-21,3.42,3.42,2.64,2.87,61211
2012-02-22,2.96,2.96,2.64,2.64,58376
2012-02-23,3.01,3.01,2.64,2.69,14409
2012-02-24,2.82,2.82,2.69,2.69,34789
2012-02-27,3.01,3.10,2.64,2.69,15001
2012-02-28,2.69,2.78,2.55,2.73,15342
2012-02-29,2.78,2.78,2.69,2.69,16254
2012-03-01,2.73,2.73,2.64,2.64,15847
2012-03-02,2.69,2.73,2.64,2.64,6764
2012-03-05,2.60,2.69,2.14,2.55,31640
2012-03-06,2.69,2.69,2.50,2.60,16254
2012-03-07,2.55,2.64,2.46,2.50,13912
2012-03-09,2.69,2.69,2.50,2.60,26083
2012-03-12,2.64,2.69,2.50,2.55,19984
2012-03-13,2.37,2.69,2.37,2.60,17957
2012-03-14,2.64,2.64,2.50,2.50,7713
2012-03-15,2.50,2.73,2.41,2.41,33458
2012-03-16,2.73,2.73,2.37,2.50,9460
2012-03-19,2.55,2.55,2.41,2.41,10954
2012-03-20,2.41,2.46,2.37,2.37,9728
2012-03-21,2.32,2.46,2.32,2.41,14756
2012-03-22,2.41,2.41,2.19,2.23,91110
2012-03-23,2.19,2.28,2.19,2.19,25502
2012-03-26,2.23,2.28,2.05,2.14,30049
2012-03-27,2.09,2.32,2.09,2.14,24612
2012-03-28,2.00,2.14,2.00,2.05,46701
2012-03-29,2.00,2.14,1.96,2.00,32523
2012-03-30,2.14,2.14,1.96,2.09,7718
2012-04-02,2.14,2.28,2.09,2.14,19922
2012-04-03,2.19,2.32,2.00,2.19,50135
2012-04-04,2.00,2.23,2.00,2.14,7419
2012-04-09,2.23,2.23,2.09,2.23,1699
2012-04-10,2.09,2.32,2.09,2.19,20742
2012-04-11,2.09,2.28,2.09,2.19,16260
2012-04-12,2.28,2.32,2.09,2.14,14231
2012-04-13,2.14,2.28,2.05,2.14,19112
2012-04-16,2.37,2.37,2.09,2.19,4750
2012-04-17,2.14,2.19,2.09,2.14,14096
2012-04-18,2.09,2.23,2.09,2.09,10473
2012-04-19,2.19,2.19,2.05,2.05,3022
2012-04-20,2.14,2.19,2.09,2.14,7339
2012-04-23,2.37,2.37,2.09,2.14,8276
2012-04-24,2.05,2.05,2.05,2.05,2334
2012-04-25,2.00,2.14,2.00,2.05,9621
2012-04-26,1.91,2.14,1.91,2.09,4303
2012-04-27,2.19,2.19,1.96,2.00,9146
2012-04-30,2.00,2.09,2.00,2.00,4818
2012-05-02,1.96,2.09,1.96,2.09,7304
2012-05-03,1.91,2.09,1.91,2.05,383
2012-05-04,2.05,2.09,1.91,2.00,6832
2012-05-07,1.82,2.00,1.82,2.00,6304
2012-05-08,2.09,2.09,1.91,1.91,7502
2012-05-09,1.82,2.05,1.82,2.00,3100
2012-05-10,1.91,2.09,1.91,1.96,4649
2012-05-11,1.91,2.00,1.91,1.96,8174
2012-05-14,1.91,1.96,1.87,1.87,8810
2012-05-15,1.87,1.96,1.82,1.91,19323
2012-05-16,1.87,1.96,1.82,1.91,7323
2012-05-17,1.87,1.96,1.87,1.91,15521
2012-05-18,1.82,1.87,1.82,1.82,5430
2012-05-21,1.91,2.19,1.91,2.00,35882
2012-05-22,2.00,2.00,1.91,2.00,2210
2012-05-23,1.91,1.91,1.87,1.87,10158
2012-05-24,1.91,1.91,1.82,1.87,21843
2012-05-25,1.91,1.96,1.87,1.91,16458
2012-05-28,1.82,2.00,1.82,1.87,3608
2012-05-29,2.00,2.00,1.91,2.00,19329
2012-05-30,1.91,2.05,1.82,2.05,32893
2012-05-31,2.05,2.09,2.00,2.05,6140
2012-06-01,2.09,2.09,1.96,1.96,11979
2012-06-04,1.82,2.09,1.82,1.96,14471
2012-06-05,2.05,2.05,1.87,1.91,9671
2012-06-06,1.82,2.00,1.82,1.96,8526
2012-06-07,1.96,2.05,1.91,1.96,6808
2012-06-08,1.82,2.00,1.82,1.96,7864
2012-06-11,1.91,1.96,1.91,1.91,4733
2012-06-12,1.82,2.00,1.82,1.91,1269
2012-06-13,1.82,2.05,1.82,1.91,3499
2012-06-14,1.82,2.00,1.82,1.91,18812
2012-06-15,1.91,1.96,1.87,1.87,5335
2012-06-18,1.87,1.96,1.87,1.91,3631
2012-06-19,1.87,1.91,1.87,1.91,3517
2012-06-20,1.87,1.96,1.87,1.91,17672
2012-06-21,1.96,1.96,1.87,1.91,8748
2012-06-22,2.05,2.05,1.87,1.91,2547
2012-06-25,2.00,2.05,1.91,2.00,11384
2012-06-26,2.00,2.00,1.91,1.91,8677
2012-06-27,2.00,2.05,1.96,2.00,21421
2012-06-28,2.09,2.09,1.91,1.96,2417
2012-06-29,1.87,2.09,1.87,2.05,3403
2012-07-02,1.91,2.09,1.87,2.09,22143
2012-07-03,2.05,2.19,2.00,2.14,30849
2012-07-04,2.19,2.28,2.05,2.19,18252
2012-07-05,2.23,2.37,2.09,2.28,36557
2012-07-06,2.19,2.46,2.19,2.41,71381
2012-07-09,2.37,2.41,2.23,2.32,31591
2012-07-10,2.32,2.37,2.23,2.32,10824
2012-07-11,2.50,2.50,2.19,2.28,11955
2012-07-12,2.28,2.37,2.09,2.32,8948
2012-07-13,2.19,2.37,2.14,2.32,5627
2012-07-16,2.32,2.32,2.14,2.19,22609
2012-07-17,2.09,2.23,2.09,2.09,5669
2012-07-18,2.19,2.28,2.05,2.28,16671
2012-07-19,2.23,2.32,2.05,2.09,3391
2012-07-20,2.05,2.05,2.00,2.05,2147
2012-07-23,2.00,2.19,2.00,2.14,17347
2012-07-24,2.19,2.19,2.00,2.09,9657
2012-07-25,2.00,2.19,2.00,2.05,18791
2012-07-26,1.91,2.09,1.91,2.05,18725
2012-07-27,1.96,2.09,1.96,1.96,15045
2012-07-30,2.05,2.05,1.87,1.96,10926
2012-07-31,1.96,2.00,1.55,1.82,56042
2012-08-01,1.82,2.09,1.82,2.09,58000
2012-08-02,2.14,2.19,2.00,2.05,26860
2012-08-03,2.05,2.05,1.96,2.00,37734
2012-08-06,1.96,2.05,1.96,2.05,10351
2012-08-07,2.09,2.09,1.91,2.00,1803
2012-08-08,2.05,2.14,1.91,2.05,3989
2012-08-09,1.91,2.05,1.91,2.00,12982
2012-08-10,1.96,2.00,1.96,1.96,5444
2012-08-13,1.96,2.00,1.96,2.00,2722
2012-08-14,2.00,2.09,2.00,2.09,14417
2012-08-16,1.96,2.09,1.96,1.96,3818
2012-08-17,1.96,2.05,1.96,2.00,15730
2012-08-21,2.14,2.14,2.09,2.09,12471
2012-08-22,1.96,2.14,1.96,2.09,11267
2012-08-23,1.96,2.09,1.96,2.09,10563
2012-08-24,1.96,2.19,1.87,2.05,15786
2012-08-27,2.00,2.19,1.91,1.91,3656
2012-08-28,1.91,2.09,1.87,1.91,17808
2012-08-29,1.91,2.05,1.91,1.96,6299
2012-08-30,1.87,2.05,1.87,2.05,1075
2012-08-31,1.91,2.00,1.91,2.00,1544
2012-09-03,1.87,2.00,1.87,2.00,6255
2012-09-04,1.91,2.00,1.87,1.96,15751
2012-09-05,1.87,1.96,1.87,1.91,6771
2012-09-06,1.87,2.00,1.87,1.96,6416
2012-09-07,2.05,2.05,1.91,2.00,1692
2012-09-10,1.82,2.05,1.82,1.96,18517
2012-09-11,1.87,2.09,1.87,2.00,3068
2012-09-12,1.87,1.96,1.82,1.96,23770
2012-09-13,1.91,1.96,1.87,1.87,18816
2012-09-14,1.96,1.96,1.87,1.91,5711
2012-09-17,1.87,1.91,1.82,1.87,16687
2012-09-18,1.91,1.96,1.87,1.96,11976
2012-09-20,1.91,1.91,1.87,1.87,1333
2012-09-21,1.87,1.96,1.87,1.91,26781
2012-09-24,1.96,2.00,1.91,2.00,20999
2012-09-25,1.87,2.00,1.87,2.00,3558
2012-09-26,1.87,2.00,1.87,2.00,10051
2012-09-27,1.91,2.00,1.87,2.00,11875
2012-09-28,1.91,2.09,1.91,2.00,49781
2012-10-01,1.91,2.00,1.87,1.91,23934
2012-10-03,2.00,2.00,1.96,1.96,4403
2012-10-04,2.09,2.09,1.91,1.91,8819
2012-10-05,1.91,1.96,1.87,1.91,18063
2012-10-08,1.87,1.96,1.87,1.87,1515
2012-10-09,1.87,2.00,1.87,1.91,5095
2012-10-10,1.87,1.96,1.87,1.96,7170
2012-10-11,1.87,1.91,1.87,1.91,10863
2012-10-12,1.87,1.96,1.87,1.91,2889
2012-10-15,1.91,1.91,1.87,1.87,4892
2012-10-16,1.87,1.87,1.87,1.87,16031
2012-10-17,1.82,1.91,1.82,1.91,67581
2012-10-18,2.00,2.00,1.82,1.91,10432
2012-10-19,1.87,1.87,1.82,1.87,9885
2012-10-22,1.82,1.91,1.82,1.87,2938
2012-10-23,1.96,1.96,1.87,1.91,24501
2012-10-25,1.87,1.96,1.82,1.91,14633
2012-10-26,1.87,1.91,1.87,1.87,20178
2012-10-29,1.87,1.96,1.82,1.82,8693
2012-10-30,1.96,1.96,1.82,1.87,19923
2012-10-31,1.82,1.91,1.82,1.91,14273
2012-11-01,1.91,1.91,1.82,1.91,8934
2012-11-02,1.82,1.91,1.82,1.91,21475
2012-11-05,1.96,1.96,1.82,1.82,10655
2012-11-06,1.82,1.87,1.82,1.82,1897
2012-11-07,1.82,1.87,1.78,1.82,39331
2012-11-08,1.82,1.91,1.82,1.91,20220
2012-11-09,1.87,1.87,1.82,1.82,19616
2012-11-12,1.82,1.87,1.82,1.82,14590
2012-11-13,1.78,1.78,1.78,1.78,494
2012-11-15,1.78,1.87,1.73,1.87,11667
2012-11-16,1.82,1.87,1.73,1.78,22505
2012-11-19,1.82,1.87,1.82,1.87,4844
2012-11-20,1.82,1.87,1.78,1.87,6756
2012-11-21,1.82,1.87,1.78,1.78,549
2012-11-22,1.73,1.87,1.73,1.82,16582
2012-11-23,1.82,1.87,1.73,1.82,22381
2012-11-26,1.73,1.78,1.64,1.78,8624
2012-11-27,1.82,1.82,1.64,1.82,9937
2012-11-29,1.78,1.87,1.64,1.87,9414
2012-11-30,1.87,1.91,1.78,1.82,59610
2012-12-03,1.82,1.82,1.73,1.73,33116
2012-12-04,1.78,1.82,1.73,1.82,31435
2012-12-05,1.78,1.91,1.78,1.87,26123
2012-12-06,1.78,1.82,1.78,1.82,84449
2012-12-07,1.82,1.91,1.82,1.87,21278
2012-12-10,1.82,1.91,1.78,1.87,11481
2012-12-11,1.82,1.91,1.82,1.91,17941
2012-12-12,1.82,1.87,1.82,1.87,6194
2012-12-13,1.87,1.87,1.78,1.78,3197
2012-12-14,1.78,1.87,1.78,1.87,1537
2012-12-17,1.78,1.82,1.78,1.78,10897
2012-12-18,1.82,1.87,1.78,1.78,15314
2012-12-19,1.78,1.82,1.73,1.82,24233
2012-12-20,1.78,1.82,1.78,1.78,20937
2012-12-21,1.82,1.82,1.73,1.73,14670
2012-12-24,1.78,1.78,1.68,1.68,43322
2012-12-26,1.68,1.78,1.64,1.78,27203
2012-12-27,1.73,1.73,1.68,1.73,17514
2012-12-28,1.68,1.73,1.68,1.68,6243
2012-12-31,1.82,1.91,1.68,1.91,21768
2013-01-01,1.78,1.91,1.78,1.91,6692
2013-01-02,1.78,1.87,1.78,1.82,7844
2013-01-03,1.87,1.87,1.46,1.78,65776
2013-01-04,1.82,1.87,1.78,1.87,19653
2013-01-07,1.78,1.87,1.78,1.87,15923
2013-01-08,1.87,1.87,1.78,1.87,3976
2013-01-09,1.82,1.87,1.82,1.87,12522
2013-01-10,1.78,1.87,1.78,1.78,4724
2013-01-11,1.82,1.87,1.78,1.78,4583
2013-01-14,1.78,1.87,1.73,1.73,15556
2013-01-15,1.78,1.82,1.73,1.73,24697
2013-01-16,1.82,1.82,1.68,1.73,10472
2013-01-17,1.73,1.78,1.68,1.78,12382
2013-01-18,1.82,1.82,1.64,1.78,12557
2013-01-21,1.68,1.78,1.59,1.68,38496
2013-01-22,1.68,1.73,1.64,1.73,15089
2013-01-23,1.68,1.68,1.59,1.59,5772
2013-01-24,1.55,1.68,1.50,1.55,39569
2013-01-25,1.64,1.64,1.50,1.64,38759
2013-01-28,1.73,1.73,1.59,1.68,23723
2013-01-29,1.59,1.64,1.55,1.59,48504
2013-01-30,1.73,1.82,1.68,1.78,37703
2013-01-31,1.73,1.82,1.64,1.73,40051
2013-02-01,1.68,1.73,1.64,1.64,14999
2013-02-04,1.59,1.64,1.59,1.59,8515
2013-02-05,1.59,1.68,1.59,1.64,1652
2013-02-06,1.64,1.73,1.59,1.59,4416
2013-02-07,1.64,1.64,1.50,1.59,11498
2013-02-08,1.59,1.59,1.50,1.55,8552
2013-02-11,1.64,1.78,1.46,1.46,36649
2013-02-12,1.55,1.55,1.46,1.46,10094
2013-02-13,1.46,1.50,1.32,1.37,60086
2013-02-14,1.37,1.41,1.23,1.32,57288
2013-02-15,1.46,1.46,1.23,1.28,40540
2013-02-18,1.32,1.46,1.28,1.41,17853
2013-02-19,1.46,1.46,1.32,1.41,37090
2013-02-20,1.59,1.59,1.32,1.37,30086
2013-02-21,1.41,1.41,1.23,1.28,77789
2013-02-22,1.23,1.37,1.14,1.18,34999
2013-02-25,1.37,1.37,1.14,1.18,23370
2013-02-26,1.28,1.28,1.09,1.14,17544
2013-02-27,1.18,1.23,1.09,1.14,22337
2013-02-28,1.28,1.37,1.05,1.09,60750
2013-03-01,1.23,1.23,1.05,1.23,9132
2013-03-04,1.09,1.18,1.09,1.18,1208
2013-03-05,1.23,1.32,1.14,1.32,17886
2013-03-06,1.18,1.32,1.14,1.23,5872
2013-03-07,1.32,1.32,1.23,1.28,44892
2013-03-08,1.37,1.37,1.18,1.32,6543
2013-03-11,1.32,1.55,1.32,1.46,47681
2013-03-12,1.37,1.46,1.37,1.46,11214
2013-03-13,1.37,1.37,1.32,1.32,2138
2013-03-14,1.28,1.41,1.28,1.28,3074
2013-03-15,1.28,1.32,1.28,1.32,12147
2013-03-18,1.23,1.28,1.23,1.28,13637
2013-03-19,1.28,1.32,1.23,1.28,20715
2013-03-20,1.28,1.28,1.18,1.18,21654
2013-03-21,1.23,1.28,1.14,1.14,33348
2013-03-22,1.18,1.23,1.05,1.18,11565
2013-03-25,1.14,1.14,1.14,1.14,5201
2013-03-26,1.09,1.09,1.09,1.09,23005
2013-03-28,1.23,1.23,1.09,1.09,2293
2013-04-01,1.28,1.28,1.14,1.23,1532
2013-04-02,1.14,1.28,1.14,1.18,3032
2013-04-03,1.14,1.23,1.09,1.18,7619
2013-04-04,1.18,1.28,1.18,1.28,220
2013-04-05,1.23,1.28,1.14,1.14,21209
2013-04-08,1.14,1.23,1.14,1.23,6937
2013-04-09,1.23,1.28,1.14,1.18,4976
2013-04-10,1.18,1.18,1.14,1.14,6529
2013-04-12,1.14,1.18,1.09,1.14,12940
2013-04-15,1.14,1.37,1.14,1.37,55161
2013-04-16,1.37,1.41,1.28,1.28,10729
2013-04-17,1.28,1.37,1.23,1.28,7430
2013-04-18,1.18,1.28,1.18,1.28,14101
2013-04-22,1.18,1.23,1.14,1.14,9651
2013-04-23,1.18,1.18,1.09,1.09,10171
2013-04-25,1.14,1.14,1.09,1.09,9211
2013-04-26,1.09,1.28,1.09,1.09,12854
2013-04-29,1.09,1.23,1.09,1.09,3906
2013-04-30,1.14,1.14,1.05,1.14,4986
2013-05-02,1.05,1.14,1.05,1.09,14147
2013-05-03,1.05,1.09,1.00,1.05,11855
2013-05-06,1.14,1.18,1.09,1.09,2792
2013-05-07,1.14,1.14,1.05,1.09,2031
2013-05-08,1.09,1.23,1.09,1.18,10165
2013-05-09,1.09,1.23,1.09,1.09,8973
2013-05-10,1.09,1.18,1.09,1.18,9120
2013-05-13,1.14,1.18,1.09,1.14,3448
2013-05-14,1.09,1.14,1.05,1.14,3932
2013-05-15,1.09,1.18,1.09,1.14,5949
2013-05-16,1.14,1.14,1.09,1.14,3623
2013-05-17,1.09,1.09,1.05,1.05,6625
2013-05-20,1.05,1.09,1.00,1.09,3196
2013-05-21,1.14,1.14,1.09,1.09,923
2013-05-22,1.09,1.18,1.05,1.09,14644
2013-05-23,1.09,1.14,1.05,1.05,6971
2013-05-24,1.00,1.18,1.00,1.05,5519
2013-05-27,1.09,1.14,1.00,1.14,3045
2013-05-28,1.14,1.14,1.05,1.05,4030
2013-05-29,1.05,1.14,1.05,1.14,8954
2013-05-30,1.05,1.05,1.00,1.00,2306
2013-05-31,1.00,1.14,1.00,1.00,2635
2013-06-03,1.00,1.05,0.96,1.05,22294
2013-06-04,1.00,1.05,1.00,1.05,132
2013-06-05,1.00,1.05,1.00,1.00,3294
2013-06-06,0.91,1.05,0.91,0.96,2525
2013-06-07,0.96,1.09,0.96,0.96,8438
2013-06-10,0.91,1.05,0.91,1.05,11814
2013-06-11,0.82,0.96,0.82,0.91,11593
2013-06-12,0.96,0.96,0.87,0.91,11902
2013-06-13,0.91,1.00,0.87,0.91,20891
2013-06-14,0.91,1.00,0.91,0.96,11011
2013-06-17,1.18,1.18,0.91,0.91,6972
2013-06-18,0.87,1.00,0.82,0.91,6228
2013-06-19,0.91,0.96,0.91,0.91,329
2013-06-20,0.96,1.09,0.96,1.00,30746
2013-06-21,0.96,1.09,0.91,0.96,29698
2013-06-24,0.96,1.05,0.91,0.91,16262
2013-06-25,0.91,1.05,0.91,0.96,33310
2013-06-26,0.96,1.05,0.91,1.00,901
2013-06-27,0.96,1.05,0.96,1.00,3046
2013-06-28,0.91,1.05,0.91,0.96,14128
2013-07-01,1.05,1.05,0.96,1.00,2264
2013-07-02,0.91,1.00,0.91,0.96,7073
2013-07-03,0.91,0.96,0.91,0.91,810
2013-07-04,1.00,1.05,1.00,1.05,4941
2013-07-05,0.91,1.05,0.91,0.96,1898
2013-07-08,0.91,0.91,0.91,0.91,215
2013-07-09,0.96,0.96,0.96,0.96,5490
2013-07-10,1.09,1.09,1.09,1.09,4502
2013-07-11,0.96,0.96,0.96,0.96,439
2013-07-12,1.14,1.14,1.14,1.14,1976
2013-07-15,1.14,1.23,1.14,1.23,5380
2013-07-16,1.14,1.14,1.00,1.00,659
2013-07-17,1.00,1.00,1.00,1.00,550
2013-07-18,1.00,1.00,1.00,1.00,2743
2013-07-22,0.91,0.91,0.87,0.87,1263
2013-07-23,0.91,0.91,0.91,0.91,1098
2013-07-24,0.87,0.87,0.82,0.82,2462
2013-07-25,0.77,0.77,0.77,0.77,1098
2013-07-29,0.82,0.82,0.82,0.82,329
2013-08-01,0.87,0.87,0.82,0.82,7686
2013-08-12,0.82,0.82,0.82,0.82,2196
2013-08-13,0.82,0.82,0.82,0.82,220
2013-08-14,0.82,0.82,0.82,0.82,55
2013-08-16,0.82,0.82,0.82,0.82,3020
2013-08-20,0.82,0.82,0.82,0.82,3294
2013-08-21,0.87,0.87,0.87,0.87,2196
2013-09-05,0.82,0.82,0.82,0.82,220
2013-09-11,0.82,0.82,0.82,0.82,3321
2013-09-12,0.82,0.82,0.77,0.77,7768
2013-09-13,0.82,0.82,0.77,0.77,3514
2013-09-16,0.82,0.82,0.82,0.82,1856
2013-09-17,0.77,0.77,0.77,0.77,604
2013-09-19,0.73,0.73,0.73,0.73,329
2013-09-20,0.68,0.77,0.68,0.77,2443
2013-09-24,0.77,0.77,0.77,0.77,1098
2013-09-30,0.82,0.82,0.82,0.82,110
2013-10-01,0.82,0.82,0.82,0.82,0
2013-10-03,0.77,0.77,0.77,0.77,329
2013-10-07,0.73,0.73,0.73,0.73,1997
2013-10-10,0.68,0.68,0.68,0.68,1098
2013-10-11,0.73,0.73,0.64,0.73,2086
2013-10-14,0.68,0.68,0.68,0.68,5490
2013-10-15,0.64,0.64,0.64,0.64,879
2013-10-17,0.64,0.68,0.64,0.68,2001
2013-10-18,0.68,0.68,0.64,0.64,2093
2013-10-22,0.64,0.64,0.59,0.59,439
2013-10-23,0.59,0.64,0.59,0.64,5766
2013-10-24,0.68,0.68,0.68,0.68,5096
2013-10-25,0.73,0.73,0.73,0.73,82
2013-10-28,0.77,0.77,0.77,0.77,1373
2013-10-29,0.82,0.82,0.82,0.82,12023
2013-11-01,0.87,0.87,0.87,0.87,3349
2013-11-08,0.82,0.87,0.82,0.87,1539
2013-11-11,0.91,0.91,0.91,0.91,55
2013-11-12,0.87,0.87,0.87,0.87,110
2013-11-22,0.82,0.82,0.82,0.82,8181
2013-11-26,0.77,0.77,0.77,0.77,769
2013-11-27,0.77,0.82,0.77,0.82,5491
2013-11-28,0.82,0.82,0.82,0.82,280
2013-11-29,0.82,0.82,0.77,0.77,493
2013-12-02,0.77,0.77,0.77,0.77,549
2013-12-03,0.82,0.82,0.82,0.82,714
2013-12-04,0.77,0.77,0.77,0.77,1098
2013-12-06,0.77,0.77,0.77,0.77,736
2013-12-10,0.82,0.82,0.82,0.82,4941
2013-12-11,0.82,0.87,0.82,0.87,10760
2013-12-17,0.91,0.91,0.91,0.91,1098
2013-12-19,0.91,0.91,0.91,0.91,0
2013-12-20,0.87,0.87,0.87,0.87,4381
2013-12-23,0.87,0.87,0.87,0.87,549
2013-12-26,0.82,0.82,0.82,0.82,6259
2013-12-31,0.77,0.77,0.77,0.77,1208
2014-01-01,0.77,0.77,0.77,0.77,4447
2014-01-02,0.77,0.77,0.77,0.77,5490
2014-01-03,0.77,0.77,0.77,0.77,824
2014-01-06,0.73,0.73,0.73,0.73,548
2014-01-07,0.68,0.73,0.68,0.73,3086
2014-01-08,0.73,0.77,0.73,0.77,2196
2014-01-09,0.82,0.82,0.73,0.73,10175
2014-01-13,0.77,0.77,0.77,0.77,33
2014-01-14,0.82,0.82,0.82,0.82,11
2014-01-15,0.87,0.87,0.87,0.87,445
2014-01-16,0.91,0.91,0.87,0.91,7220
2014-01-17,0.96,0.96,0.96,0.96,1969
2014-01-20,0.91,1.00,0.91,1.00,7541
2014-01-21,1.05,1.05,0.96,1.05,22723
2014-01-22,1.05,1.09,1.00,1.09,15929
2014-01-23,1.14,1.14,1.05,1.05,2947
2014-01-24,1.05,1.05,1.00,1.00,882
2014-01-27,0.96,0.96,0.96,0.96,2417
2014-01-28,0.96,1.00,0.96,1.00,2085
2014-01-29,1.00,1.00,0.96,0.96,8170
2014-01-30,0.96,1.00,0.96,1.00,6044
2014-01-31,1.05,1.05,1.05,1.05,2200
2014-02-04,1.09,1.09,1.00,1.05,13682
2014-02-05,1.09,1.09,1.05,1.05,11
2014-02-06,1.05,1.05,1.00,1.00,494
2014-02-07,0.96,1.05,0.96,1.00,8999
2014-02-10,1.05,1.05,1.00,1.00,7033
2014-02-11,1.05,1.05,0.96,1.05,13616
2014-02-12,1.05,1.05,1.00,1.00,165
2014-02-13,1.05,1.05,0.96,0.96,630
2014-02-14,0.91,0.91,0.91,0.91,30035
2014-02-17,0.96,0.96,0.96,0.96,15372
2014-02-18,0.91,1.00,0.91,0.96,24825
2014-02-19,0.91,0.91,0.91,0.91,1098
2014-02-20,0.96,0.96,0.87,0.87,3294
2014-02-21,0.82,0.87,0.82,0.87,1071
2014-02-24,0.91,0.91,0.91,0.91,439
2014-02-25,0.91,0.91,0.91,0.91,220
2014-02-26,0.96,0.96,0.87,0.87,2758
2014-03-03,0.91,0.91,0.91,0.91,2086
2014-03-04,0.96,0.96,0.96,0.96,1098
2014-03-05,1.00,1.00,1.00,1.00,3881
2014-03-06,1.05,1.05,1.05,1.05,1188
2014-03-07,1.09,1.14,1.09,1.14,12641
2014-03-10,1.18,1.23,1.18,1.23,3020
2014-03-11,1.28,1.32,1.28,1.32,10887
2014-03-12,1.37,1.37,1.37,1.37,6423
2014-03-13,1.41,1.41,1.41,1.41,111
2014-03-14,1.46,1.46,1.46,1.46,18687
2014-03-18,1.50,1.50,1.50,1.50,290
2014-03-19,1.55,1.55,1.46,1.46,34534
2014-03-20,1.46,1.46,1.41,1.41,20653
2014-03-21,1.37,1.46,1.37,1.37,30270
2014-03-24,1.32,1.32,1.28,1.28,9063
2014-03-25,1.23,1.23,1.23,1.23,276
2014-03-26,1.18,1.28,1.18,1.28,53647
2014-03-27,1.32,1.32,1.23,1.28,13380
2014-03-28,1.23,1.23,1.23,1.23,1098
2014-03-31,1.23,1.23,1.23,1.23,220
2014-04-02,1.18,1.18,1.18,1.18,110
2014-04-03,1.14,1.23,1.14,1.23,6628
2014-04-04,1.23,1.28,1.23,1.28,24907
2014-04-07,1.28,1.32,1.23,1.32,16107
2014-04-09,1.32,1.37,1.28,1.28,20918
2014-04-10,1.32,1.32,1.23,1.23,19051
2014-04-11,1.28,1.28,1.28,1.28,139
2014-04-15,1.32,1.32,1.32,1.32,345
2014-04-16,1.37,1.37,1.28,1.28,7005
2014-04-17,1.32,1.32,1.23,1.23,29030
2014-04-21,1.23,1.28,1.23,1.23,2747
2014-04-22,1.18,1.28,1.18,1.23,4751
2014-04-23,1.23,1.28,1.18,1.23,20439
2014-04-25,1.18,1.18,1.18,1.18,979
2014-04-28,1.14,1.18,1.14,1.18,60
2014-04-29,1.14,1.23,1.14,1.14,2251
2014-04-30,1.18,1.18,1.09,1.09,6989
2014-05-02,1.14,1.14,1.14,1.14,10
2014-05-05,1.18,1.18,1.18,1.18,3623
2014-05-06,1.14,1.18,1.14,1.18,24205
2014-05-07,1.18,1.23,1.18,1.23,1277
2014-05-08,1.18,1.28,1.18,1.23,4425
2014-05-09,1.28,1.28,1.23,1.23,1149
2014-05-12,1.23,1.28,1.18,1.23,21729
2014-05-13,1.23,1.28,1.18,1.23,15368
2014-05-14,1.23,1.23,1.18,1.23,26351
2014-05-15,1.18,1.18,1.18,1.18,571
2014-05-16,1.14,1.18,1.14,1.18,5490
2014-05-19,1.14,1.23,1.14,1.14,22645
2014-05-20,1.09,1.18,1.09,1.18,32881
2014-05-21,1.23,1.23,1.23,1.23,6385
2014-05-22,1.28,1.28,1.28,1.28,3114
2014-05-23,1.32,1.32,1.32,1.32,777
2014-05-26,1.37,1.37,1.32,1.32,12385
2014-05-27,1.37,1.37,1.37,1.37,9617
2014-05-28,1.41,1.41,1.41,1.41,1428
2014-05-29,1.46,1.46,1.46,1.46,3883
2014-05-30,1.50,1.50,1.50,1.50,1208
2014-06-02,1.46,1.55,1.46,1.55,22636
2014-06-03,1.59,1.59,1.55,1.59,13371
2014-06-04,1.64,1.64,1.64,1.64,5486
2014-06-05,1.68,1.68,1.68,1.68,5355
2014-06-06,1.73,1.73,1.73,1.73,11080
2014-06-09,1.78,1.78,1.78,1.78,7039
2014-06-10,1.82,1.82,1.82,1.82,3049
2014-06-11,1.87,1.91,1.87,1.91,6053
2014-06-12,2.00,2.00,2.00,2.00,5789
2014-06-13,2.09,2.09,2.09,2.09,27914
2014-06-16,2.19,2.19,2.00,2.00,36683
2014-06-17,1.91,2.09,1.91,1.96,29856
2014-06-18,1.91,1.96,1.87,1.87,60813
2014-06-19,1.82,1.82,1.78,1.82,9384
2014-06-20,1.73,1.73,1.73,1.73,17678
2014-06-23,1.68,1.68,1.68,1.68,4231
2014-06-24,1.64,1.73,1.64,1.64,8015
2014-06-25,1.59,1.64,1.59,1.59,227339
2014-06-26,1.55,1.64,1.55,1.64,34366
2014-06-27,1.64,1.64,1.59,1.59,16066
2014-06-30,1.64,1.64,1.64,1.64,1698
2014-07-01,1.68,1.68,1.68,1.68,115
2014-07-02,1.73,1.73,1.73,1.73,1804
2014-07-03,1.78,1.78,1.78,1.78,8347
2014-07-04,1.73,1.73,1.73,1.73,3307
2014-07-07,1.68,1.78,1.68,1.68,21905
2014-07-08,1.68,1.68,1.64,1.64,4535
2014-07-09,1.59,1.64,1.59,1.64,7631
2014-07-10,1.68,1.68,1.68,1.68,1098
2014-07-11,1.68,1.68,1.68,1.68,11639
2014-07-14,1.68,1.73,1.64,1.64,10193
2014-07-15,1.59,1.68,1.59,1.59,6379
2014-07-16,1.55,1.64,1.55,1.64,23246
2014-07-17,1.64,1.68,1.64,1.64,1988
2014-07-18,1.64,1.68,1.59,1.68,2306
2014-07-21,1.64,1.73,1.64,1.73,5281
2014-07-22,1.78,1.78,1.68,1.68,1035
2014-07-23,1.68,1.68,1.64,1.64,8344
2014-07-24,1.64,1.68,1.59,1.59,17286
2014-07-25,1.59,1.64,1.59,1.59,5724
2014-07-28,1.64,1.64,1.55,1.55,14384
2014-07-30,1.50,1.59,1.50,1.59,1691
2014-07-31,1.59,1.59,1.55,1.59,762
2014-08-01,1.55,1.55,1.55,1.55,494
2014-08-05,1.50,1.50,1.50,1.50,11
2014-08-06,1.46,1.46,1.46,1.46,3843
2014-08-07,1.41,1.41,1.41,1.41,8406
2014-08-08,1.37,1.41,1.37,1.41,6480
2014-08-11,1.37,1.46,1.37,1.41,350
2014-08-12,1.37,1.46,1.37,1.46,4351
2014-08-13,1.50,1.50,1.50,1.50,2499
2014-08-14,1.55,1.55,1.55,1.55,7247
2014-08-18,1.50,1.55,1.50,1.55,1358
2014-08-19,1.59,1.59,1.50,1.55,22594
2014-08-20,1.50,1.59,1.50,1.59,3817
2014-08-21,1.64,1.64,1.55,1.64,12978
2014-08-22,1.59,1.68,1.59,1.68,11808
2014-08-25,1.73,1.73,1.68,1.68,25499
2014-08-26,1.73,1.73,1.64,1.68,23444
2014-08-27,1.68,1.68,1.68,1.68,520
2014-08-28,1.73,1.73,1.68,1.68,5556
2014-09-01,1.73,1.73,1.64,1.68,30848
2014-09-02,1.68,1.73,1.68,1.68,6163
2014-09-03,1.73,1.73,1.64,1.68,3295
2014-09-04,1.68,1.68,1.68,1.68,11
2014-09-05,1.68,1.68,1.55,1.64,3503
2014-09-08,1.73,1.73,1.50,1.64,17665
2014-09-09,1.68,1.68,1.50,1.50,2832
2014-09-10,1.64,1.64,1.41,1.64,9032
2014-09-11,1.64,1.64,1.50,1.55,13559
2014-09-12,1.41,1.64,1.41,1.55,34619
2014-09-15,1.59,1.68,1.41,1.64,33713
2014-09-16,1.73,1.78,1.50,1.55,70373
2014-09-17,1.68,1.68,1.50,1.55,33309
2014-09-18,1.64,1.64,1.55,1.55,42396
2014-09-19,1.55,1.64,1.55,1.64,9341
2014-09-22,1.50,1.64,1.50,1.64,44747
2014-09-23,1.68,1.78,1.55,1.68,98133
2014-09-24,1.68,1.78,1.59,1.68,18247
2014-09-25,1.82,1.82,1.64,1.73,20311
2014-09-26,1.82,1.82,1.59,1.59,3989
2014-09-29,1.73,1.73,1.50,1.59,69839
2014-09-30,1.55,1.73,1.50,1.73,29619
2014-10-01,1.78,1.78,1.59,1.68,31495
2014-10-07,1.78,1.78,1.59,1.68,20698
2014-10-08,1.78,1.78,1.64,1.73,2117
2014-10-09,1.78,1.78,1.64,1.68,2915
2014-10-10,1.78,1.78,1.59,1.68,27484
2014-10-13,1.73,1.87,1.64,1.82,24648
2014-10-14,1.87,1.96,1.82,1.82,27295
2014-10-16,1.96,1.96,1.78,1.82,7304
2014-10-17,1.91,1.96,1.82,1.82,25821
2014-10-20,1.82,2.09,1.55,1.59,169968
2014-10-21,1.68,1.78,1.64,1.68,13066
2014-10-22,1.82,1.82,1.59,1.59,34365
2014-10-23,1.91,1.91,1.64,1.78,3641
2014-10-27,1.59,1.87,1.59,1.64,46915
2014-10-28,1.82,1.82,1.64,1.68,42387
2014-10-29,1.78,1.78,1.64,1.68,16800
2014-10-30,1.64,1.73,1.64,1.73,32506
2014-10-31,1.73,1.78,1.68,1.73,11200
2014-11-03,1.68,1.78,1.68,1.68,4926
2014-11-05,1.78,1.82,1.73,1.82,36834
2014-11-07,1.73,1.78,1.68,1.68,13345
2014-11-10,1.68,1.78,1.64,1.68,20105
2014-11-11,1.78,1.82,1.78,1.82,12156
2014-11-12,1.87,1.87,1.78,1.82,22656
2014-11-13,1.96,1.96,1.78,1.78,9422
2014-11-14,1.82,1.91,1.73,1.78,16197
2014-11-17,1.73,1.91,1.73,1.78,17679
2014-11-18,1.82,1.91,1.78,1.78,11935
2014-11-19,1.82,1.82,1.73,1.82,22622
2014-11-20,1.82,1.96,1.82,1.96,21679
2014-11-21,1.96,2.09,1.87,1.96,79272
2014-11-24,1.91,2.14,1.91,1.91,19237
2014-11-25,1.91,1.96,1.82,1.82,8995
2014-11-26,2.00,2.00,1.82,1.96,7135
2014-11-27,2.00,2.00,1.91,1.91,23046
2014-11-28,2.05,2.09,1.96,1.96,30020
2014-12-01,1.91,1.91,1.68,1.78,33062
2014-12-02,1.87,1.96,1.73,1.82,18211
2014-12-03,1.82,1.87,1.78,1.87,30247
2014-12-04,1.96,1.96,1.82,1.82,3964
2014-12-05,1.87,1.87,1.82,1.82,4848
2014-12-08,1.82,1.91,1.82,1.87,10292
2014-12-09,1.82,2.05,1.73,2.00,38599
2014-12-10,2.05,2.05,1.82,1.87,7307
2014-12-11,1.82,1.91,1.78,1.87,6751
2014-12-12,1.91,1.91,1.78,1.82,10183
2014-12-15,1.82,1.87,1.73,1.78,9985
2014-12-16,1.73,1.87,1.64,1.82,44197
2014-12-17,1.82,1.87,1.78,1.78,8580
2014-12-18,1.78,1.87,1.68,1.78,9500
2014-12-19,1.78,1.82,1.73,1.73,9177
2014-12-22,1.73,1.78,1.68,1.68,5116
2014-12-23,1.68,1.82,1.68,1.82,5323
2014-12-24,1.82,1.82,1.78,1.78,2738
2014-12-26,1.82,1.82,1.73,1.82,5546
2014-12-29,1.73,1.82,1.73,1.73,8069
2014-12-30,1.68,1.78,1.68,1.73,8344
2014-12-31,1.73,1.78,1.73,1.73,10856
2015-01-01,1.73,1.78,1.68,1.78,4842
2015-01-02,1.78,1.78,1.68,1.73,7447
2015-01-05,1.78,1.82,1.78,1.78,27044
2015-01-06,1.78,1.78,1.68,1.78,2394
2015-01-07,1.68,1.73,1.64,1.68,5377
2015-01-08,1.68,1.73,1.64,1.73,114841
2015-01-09,1.68,1.73,1.64,1.64,5638
2015-01-12,1.68,1.82,1.64,1.68,26048
2015-01-13,1.68,1.78,1.64,1.68,17905
2015-01-14,1.64,1.82,1.64,1.73,20133
2015-01-15,1.68,1.82,1.68,1.73,14872
2015-01-16,1.78,1.82,1.68,1.73,32117
2015-01-19,1.78,1.82,1.68,1.73,10300
2015-01-20,1.78,1.82,1.68,1.73,16134
2015-01-21,1.68,1.78,1.64,1.68,39245
2015-01-22,1.68,1.68,1.64,1.64,34791
2015-01-23,1.73,1.73,1.59,1.64,22315
2015-01-27,1.64,1.68,1.59,1.64,11239
2015-01-28,1.68,1.73,1.64,1.68,30326
2015-01-29,1.55,1.68,1.55,1.68,10749
2015-01-30,1.64,1.64,1.59,1.64,8564
2015-02-02,1.59,1.68,1.55,1.59,31607
2015-02-03,1.50,1.59,1.50,1.55,62832
2015-02-04,1.59,1.73,1.55,1.73,30601
2015-02-05,1.82,1.82,1.59,1.59,22575
2015-02-06,1.68,1.73,1.59,1.68,1520
2015-02-09,1.64,1.64,1.59,1.64,23169
2015-02-10,1.64,1.73,1.59,1.64,40633
2015-02-11,1.64,1.64,1.55,1.55,28342
2015-02-12,1.55,1.59,1.50,1.55,4257
2015-02-13,1.55,1.59,1.46,1.50,25796
2015-02-16,1.50,1.55,1.46,1.50,23100
2015-02-18,1.46,1.59,1.46,1.50,22319
2015-02-19,1.50,1.64,1.50,1.59,23180
2015-02-20,1.68,1.68,1.59,1.64,5736
2015-02-23,1.64,1.68,1.59,1.64,24373
2015-02-24,1.59,1.64,1.59,1.59,14077
2015-02-25,1.64,1.64,1.55,1.55,3228
2015-02-26,1.59,1.59,1.50,1.55,24701
2015-02-27,1.50,1.59,1.50,1.55,13345
2015-02-28,1.64,1.64,1.46,1.50,12956
2015-03-02,1.55,1.59,1.46,1.50,60206
2015-03-03,1.46,1.46,1.41,1.46,67798
2015-03-04,1.46,1.50,1.41,1.46,4019
2015-03-05,1.41,1.46,1.41,1.41,5599
2015-03-09,1.46,1.46,1.41,1.41,2855
2015-03-10,1.46,1.46,1.41,1.46,9512
2015-03-11,1.46,1.46,1.37,1.41,8339
2015-03-12,1.41,1.46,1.32,1.41,43781
2015-03-13,1.46,1.46,1.37,1.37,9466
2015-03-16,1.32,1.41,1.32,1.37,12033
2015-03-17,1.32,1.32,1.28,1.32,8542
2015-03-18,1.28,1.37,1.28,1.32,6378
2015-03-19,1.32,1.37,1.28,1.28,14248
2015-03-20,1.23,1.28,1.23,1.23,4206
2015-03-23,1.14,1.28,1.14,1.23,8329
2015-03-24,1.14,1.23,1.14,1.18,1738
2015-03-25,1.14,1.28,1.14,1.18,4328
2015-03-26,1.14,1.18,1.09,1.18,5228
2015-03-27,1.05,1.41,1.05,1.18,86619
2015-03-30,1.14,1.28,1.09,1.14,89967
2015-03-31,1.14,1.28,1.09,1.23,28029
2015-04-01,1.37,1.37,1.09,1.14,21200
2015-04-06,1.14,1.32,1.14,1.23,22686
2015-04-07,1.41,1.41,1.28,1.37,37605
2015-04-08,1.37,1.37,1.23,1.32,28369
2015-04-09,1.32,1.32,1.28,1.32,8134
2015-04-10,1.32,1.37,1.28,1.37,2478
2015-04-13,1.28,1.64,1.28,1.55,25991
2015-04-15,1.50,1.64,1.50,1.50,47625
2015-04-16,1.55,1.55,1.37,1.41,40984
2015-04-17,1.32,1.41,1.32,1.37,17590
2015-04-20,1.41,1.41,1.28,1.28,11807
2015-04-21,1.28,1.37,1.28,1.28,13535
2015-04-22,1.50,1.50,1.28,1.37,51572
2015-04-23,1.32,1.46,1.32,1.41,9273
2015-04-24,1.37,1.46,1.32,1.32,10120
2015-04-27,1.28,1.37,1.28,1.32,9564
2015-04-28,1.37,1.37,1.28,1.32,5874
2015-04-29,1.28,1.41,1.28,1.37,8384
2015-04-30,1.32,1.32,1.23,1.28,25778
2015-05-04,1.32,1.46,1.28,1.32,17512
2015-05-05,1.28,1.32,1.28,1.32,35737
2015-05-06,1.32,1.32,1.23,1.32,43839
2015-05-07,1.28,1.32,1.23,1.32,7801
2015-05-08,1.28,1.37,1.23,1.28,15726
2015-05-11,1.28,1.28,1.09,1.14,68144
2015-05-12,1.23,1.23,1.09,1.23,30816
2015-05-13,1.18,1.32,1.18,1.32,10599
2015-05-14,1.28,1.32,1.28,1.28,5113
2015-05-15,1.32,1.32,1.28,1.32,5521
2015-05-18,1.37,1.41,1.28,1.37,26645
2015-05-19,1.37,1.41,1.28,1.28,19436
2015-05-20,1.28,1.32,1.28,1.28,26970
2015-05-21,1.50,1.50,1.23,1.28,15614
2015-05-22,1.28,1.28,1.14,1.14,42569
2015-05-25,1.18,1.18,1.14,1.14,1208
2015-05-26,1.14,1.14,1.09,1.14,15046
2015-05-27,1.18,1.23,1.09,1.23,8674
2015-05-28,1.23,1.23,1.14,1.18,13234
2015-05-29,1.18,1.23,1.18,1.23,11596
2015-06-01,1.14,1.18,1.14,1.14,5085
2015-06-02,1.14,1.23,1.09,1.23,10622
2015-06-03,1.23,1.23,1.00,1.09,32202
2015-06-04,1.18,1.18,1.05,1.14,5491
2015-06-05,1.09,1.14,1.09,1.14,4675
2015-06-08,1.09,1.23,1.05,1.05,6108
2015-06-09,1.09,1.14,1.05,1.14,8955
2015-06-10,1.09,1.18,1.09,1.09,7646
2015-06-11,1.09,1.14,1.05,1.09,12479
2015-06-12,1.09,1.14,1.05,1.05,973
2015-06-15,1.05,1.14,1.05,1.14,1548
2015-06-16,1.09,1.14,1.05,1.09,11639
2015-06-17,1.14,1.14,0.96,1.14,61788
2015-06-18,1.05,1.18,1.05,1.14,5098
2015-06-19,1.14,1.14,1.05,1.14,29619
2015-06-22,1.14,1.18,1.09,1.09,28880
2015-06-23,1.09,1.14,1.05,1.14,5834
2015-06-24,1.14,1.14,1.05,1.14,8798
2015-06-25,1.14,1.14,1.05,1.05,6072
2015-06-26,1.09,1.09,1.00,1.09,23844
2015-06-29,1.09,1.09,0.96,1.09,18495
2015-06-30,1.05,1.18,1.05,1.14,24244
2015-07-01,1.14,1.18,1.09,1.14,35566
2015-07-02,1.14,1.18,1.05,1.09,13640
2015-07-03,1.05,1.09,1.05,1.09,30834
2015-07-06,1.09,1.09,1.05,1.09,10706
2015-07-07,1.05,1.23,1.05,1.18,38190
2015-07-08,1.18,1.18,1.09,1.18,26376
2015-07-09,1.14,1.18,1.05,1.09,38898
2015-07-10,1.18,1.18,1.09,1.18,8410
2015-07-13,1.18,1.18,1.09,1.14,18766
2015-07-14,1.14,1.14,1.05,1.09,24193
2015-07-15,1.09,1.14,1.05,1.05,12860
2015-07-16,1.09,1.09,1.00,1.05,23659
2015-07-17,1.09,1.14,1.05,1.09,17314
2015-07-20,1.05,1.09,1.05,1.05,7880
2015-07-21,1.09,1.14,1.05,1.14,7101
2015-07-22,1.09,1.14,1.09,1.09,28659
2015-07-23,1.05,1.09,1.05,1.09,17039
2015-07-24,1.05,1.14,1.05,1.14,32774
2015-07-27,1.14,1.14,1.05,1.05,8755
2015-07-28,1.14,1.14,1.09,1.09,7104
2015-07-29,1.14,1.14,1.05,1.14,9560
2015-07-30,1.14,1.18,1.09,1.18,13505
2015-07-31,1.18,1.41,1.18,1.23,29604
2015-08-03,1.28,1.46,1.28,1.46,43302
2015-08-04,1.68,1.73,1.55,1.73,57078
2015-08-05,1.87,1.87,1.87,1.87,21163
2015-08-06,2.00,2.05,1.82,1.87,129692
2015-08-07,1.96,2.00,1.82,1.91,45114
2015-08-10,2.05,2.05,1.73,1.78,104544
2015-08-11,1.73,1.73,1.64,1.73,40579
2015-08-12,1.64,1.68,1.59,1.59,13512
2015-08-13,1.59,1.68,1.55,1.59,20455
2015-08-14,1.68,1.68,1.59,1.59,10267
2015-08-17,1.73,1.73,1.55,1.68,2251
2015-08-18,1.68,1.73,1.55,1.59,19380
2015-08-19,1.55,1.55,1.46,1.46,22510
2015-08-20,1.55,1.55,1.50,1.50,7159
2015-08-21,1.50,1.50,1.41,1.50,20581
2015-08-24,1.37,1.50,1.37,1.46,5600
2015-08-25,1.55,1.55,1.37,1.46,6580
2015-08-26,1.41,1.50,1.37,1.50,11639
2015-08-27,1.46,1.50,1.41,1.50,1814
2015-08-28,1.41,1.41,1.37,1.41,1330
2015-08-31,1.37,1.50,1.37,1.50,2418
2015-09-01,1.41,1.41,1.37,1.37,15427
2015-09-02,1.32,1.37,1.32,1.32,3990
2015-09-03,1.32,1.37,1.23,1.32,14057
2015-09-04,1.32,1.32,1.18,1.28,23752
2015-09-07,1.50,1.50,1.18,1.32,13187
2015-09-08,1.23,1.32,1.23,1.28,2629
2015-09-09,1.28,1.32,1.23,1.23,13685
2015-09-10,1.23,1.32,1.23,1.32,2164
2015-09-11,1.23,1.28,1.18,1.28,29859
2015-09-14,1.28,1.32,1.23,1.23,12189
2015-09-15,1.32,1.46,1.23,1.37,68356
2015-09-16,1.46,1.46,1.32,1.32,9781
2015-09-18,1.46,1.46,1.32,1.32,9400
2015-09-21,1.55,1.55,1.28,1.37,14013
2015-09-22,1.32,1.37,1.28,1.28,15692
2015-09-23,1.28,1.32,1.23,1.32,41888
2015-09-24,1.28,1.37,1.28,1.37,27607
2015-09-28,1.46,1.46,1.32,1.41,14240
2015-09-29,1.37,1.41,1.37,1.37,12092
2015-09-30,1.37,1.41,1.32,1.41,6139
2015-10-01,1.32,1.41,1.32,1.37,6768
2015-10-05,1.32,1.46,1.32,1.37,24243
2015-10-06,1.37,1.50,1.37,1.46,8854
2015-10-07,1.41,1.68,1.37,1.68,23878
2015-10-08,1.64,1.64,1.55,1.64,9122
2015-10-09,1.68,1.68,1.55,1.55,2525
2015-10-12,1.73,1.73,1.68,1.73,29056
2015-10-13,1.73,1.73,1.59,1.68,10805
2015-10-14,1.59,1.73,1.55,1.64,21267
2015-10-15,1.68,1.68,1.55,1.68,15029
2015-10-16,1.78,1.78,1.55,1.64,15144
2015-10-19,1.55,1.73,1.50,1.59,8531
2015-10-20,1.68,1.78,1.64,1.64,40428
2015-10-21,1.78,1.78,1.41,1.59,41653
2015-10-23,1.55,1.68,1.55,1.64,19285
2015-10-26,1.59,1.68,1.59,1.68,7822
2015-10-27,1.59,1.68,1.55,1.68,3880
2015-10-28,1.68,1.68,1.55,1.55,718
2015-10-29,1.73,1.73,1.55,1.55,5161
2015-10-30,1.64,1.64,1.55,1.59,4225
2015-11-02,1.59,1.59,1.50,1.50,14035
2015-11-03,1.55,1.55,1.50,1.50,11811
2015-11-04,1.50,1.78,1.50,1.68,11913
2015-11-05,1.73,1.73,1.55,1.55,2573
2015-11-06,1.50,1.50,1.41,1.41,16815
2015-11-09,1.55,1.55,1.41,1.41,11977
2015-11-10,1.68,1.68,1.41,1.50,7493
2015-11-13,1.28,1.50,1.28,1.37,24608
2015-11-16,1.50,1.50,1.37,1.46,4679
2015-11-17,1.37,1.41,1.28,1.41,29000
2015-11-18,1.41,1.41,1.32,1.37,9077
2015-11-19,1.32,1.46,1.32,1.37,6310
2015-11-20,1.41,1.41,1.32,1.32,7999
2015-11-23,1.32,1.41,1.32,1.41,7645
2015-11-24,1.37,1.41,1.32,1.32,9166
2015-11-26,1.41,1.55,1.41,1.46,16264
2015-11-27,1.46,1.50,1.32,1.46,40269
2015-11-30,1.50,1.50,1.37,1.46,10556
2015-12-01,1.46,1.64,1.46,1.59,51181
2015-12-02,1.59,1.91,1.59,1.82,49289
2015-12-03,1.73,1.82,1.68,1.73,22166
2015-12-04,1.73,1.82,1.68,1.73,50997
2015-12-07,1.55,1.78,1.55,1.64,40748
2015-12-08,1.78,1.78,1.59,1.73,32343
2015-12-09,1.73,1.73,1.55,1.55,14310
2015-12-10,1.59,1.64,1.50,1.59,15253
2015-12-11,1.64,1.68,1.55,1.59,42472
2015-12-14,1.59,1.64,1.50,1.55,3848
2015-12-15,1.64,1.64,1.55,1.64,3898
2015-12-16,1.50,1.64,1.46,1.55,9461
2015-12-17,1.59,1.64,1.50,1.50,23070
2015-12-18,1.59,1.59,1.55,1.55,9838
2015-12-21,1.46,1.64,1.46,1.55,11957
2015-12-22,1.59,1.73,1.46,1.55,57211
2015-12-23,1.50,1.82,1.50,1.78,124804
2015-12-24,1.87,2.09,1.87,2.09,385833
2015-12-28,2.28,2.50,2.28,2.50,249865
2015-12-29,2.64,2.73,2.64,2.73,287181
2015-12-30,3.01,3.01,2.78,3.01,532497
2015-12-31,2.96,3.10,2.73,2.78,230953
2016-01-01,2.73,3.05,2.50,3.05,412901
2016-01-04,3.23,3.32,3.14,3.32,450825
2016-01-05,3.46,3.46,3.42,3.46,160267
2016-01-06,3.60,3.60,3.37,3.60,360830
2016-01-07,3.69,3.69,3.46,3.46,57590
2016-01-08,3.37,3.37,3.32,3.32,87627
2016-01-11,3.32,3.42,3.19,3.23,81285
2016-01-12,3.23,3.28,3.10,3.14,125831
2016-01-13,3.10,3.28,3.01,3.01,107476
2016-01-14,3.10,3.10,2.87,2.87,34444
2016-01-15,3.01,3.01,2.73,2.73,94363
2016-01-18,2.73,2.73,2.60,2.60,3552
2016-01-19,2.55,2.55,2.50,2.50,9497
2016-01-20,2.41,2.41,2.41,2.41,3298
2016-01-21,2.32,2.32,2.32,2.32,7382
2016-01-22,2.32,2.41,2.23,2.28,42983
2016-01-25,2.23,2.37,2.23,2.37,10809
2016-01-27,2.32,2.41,2.28,2.28,24609
2016-01-28,2.19,2.23,2.19,2.19,9520
2016-01-29,2.09,2.23,2.09,2.09,28459
2016-02-01,2.05,2.09,2.00,2.00,53032
2016-02-02,1.96,2.09,1.91,1.96,42612
2016-02-03,1.96,1.96,1.87,1.87,32552
2016-02-04,1.82,1.96,1.78,1.78,53682
2016-02-05,1.82,1.82,1.73,1.82,4589
2016-02-08,1.91,1.91,1.87,1.91,5613
2016-02-09,1.91,2.00,1.87,2.00,29015
2016-02-10,2.09,2.09,1.91,1.91,16238
2016-02-11,2.00,2.00,1.82,1.87,42529
2016-02-12,1.96,1.96,1.78,1.78,5864
2016-02-15,1.78,1.82,1.78,1.82,8605
2016-02-16,1.82,1.91,1.82,1.91,10431
2016-02-17,1.82,1.91,1.82,1.82,9767
2016-02-18,1.82,1.91,1.78,1.87,17150
2016-02-19,1.87,1.91,1.78,1.78,16680
2016-02-22,1.82,1.82,1.73,1.78,17805
2016-02-23,1.82,1.82,1.73,1.82,17821
2016-02-24,1.78,1.82,1.78,1.78,19877
2016-02-25,1.73,1.82,1.73,1.73,34913
2016-02-26,1.78,1.78,1.68,1.68,9907
2016-02-29,1.68,1.68,1.64,1.64,23453
2016-03-01,1.64,1.68,1.59,1.64,31739
2016-03-02,1.59,1.68,1.59,1.64,15382
2016-03-03,1.68,1.68,1.64,1.68,3818
2016-03-04,1.68,1.73,1.68,1.68,38680
2016-03-08,1.68,1.73,1.64,1.64,18412
2016-03-09,1.68,1.68,1.59,1.59,17404
2016-03-10,1.64,1.64,1.55,1.59,69938
2016-03-11,1.59,1.64,1.55,1.59,16209
2016-03-14,1.59,1.64,1.55,1.55,11645
2016-03-15,1.55,1.59,1.50,1.59,33302
2016-03-16,1.64,1.64,1.55,1.55,8636
2016-03-17,1.50,1.59,1.50,1.50,14849
2016-03-18,1.46,1.55,1.46,1.55,3299
2016-03-21,1.55,1.59,1.50,1.50,12864
2016-03-22,1.55,1.55,1.55,1.55,662
2016-03-23,1.50,1.59,1.50,1.55,10926
2016-03-28,1.55,1.55,1.50,1.50,6105
2016-03-29,1.50,1.55,1.46,1.50,20642
2016-03-30,1.55,1.55,1.55,1.55,3074
2016-03-31,1.55,1.59,1.55,1.55,21286
2016-04-01,1.59,1.68,1.55,1.59,33323
2016-04-04,1.73,1.73,1.59,1.73,22293
2016-04-05,1.82,1.87,1.68,1.82,17843
2016-04-06,1.87,1.91,1.73,1.82,27204
2016-04-07,1.87,1.87,1.64,1.82,13873
2016-04-08,1.73,1.91,1.73,1.78,29653
2016-04-11,1.91,1.91,1.73,1.87,28047
2016-04-12,2.00,2.05,1.82,2.05,82375
2016-04-13,2.23,2.23,2.05,2.23,80250
2016-04-18,2.28,2.28,2.14,2.14,60674
2016-04-20,2.23,2.23,2.05,2.05,33957
2016-04-21,2.05,2.05,1.96,2.00,27719
2016-04-22,1.91,1.96,1.91,1.91,35184
2016-04-25,1.82,1.87,1.82,1.82,41356
2016-04-26,1.73,1.82,1.73,1.73,31222
2016-04-27,1.78,1.78,1.68,1.73,16592
2016-04-28,1.78,1.78,1.68,1.73,26986
2016-04-29,1.78,1.78,1.68,1.73,35712
2016-05-02,1.73,1.78,1.68,1.73,28844
2016-05-03,1.73,1.73,1.68,1.73,46750
2016-05-04,1.68,1.73,1.68,1.68,33132
2016-05-05,1.68,1.73,1.64,1.68,40043
2016-05-06,1.68,1.73,1.64,1.73,19942
2016-05-09,1.73,1.78,1.68,1.73,22142
2016-05-10,1.78,1.78,1.68,1.78,24926
2016-05-11,1.78,1.82,1.73,1.73,15650
2016-05-12,1.68,1.78,1.68,1.78,51261
2016-05-13,1.78,1.82,1.73,1.73,22890
2016-05-16,1.73,1.73,1.73,1.73,2745
2016-05-17,1.73,1.73,1.68,1.68,10982
2016-05-18,1.73,1.73,1.68,1.68,14165
2016-05-19,1.68,1.73,1.68,1.73,18668
2016-05-20,1.68,1.73,1.68,1.68,15900
2016-05-23,1.73,1.73,1.73,1.73,44695
2016-05-24,1.78,1.78,1.68,1.68,16264
2016-05-25,1.64,1.73,1.64,1.73,10450
2016-05-26,1.68,1.73,1.68,1.68,53088
2016-05-27,1.64,1.68,1.64,1.64,25886
2016-05-30,1.59,1.68,1.59,1.59,33515
2016-05-31,1.59,1.64,1.55,1.59,10109
2016-06-01,1.59,1.64,1.55,1.55,45723
2016-06-02,1.59,1.59,1.50,1.55,32368
2016-06-03,1.46,1.64,1.46,1.64,56446
2016-06-06,1.64,1.68,1.59,1.59,6486
2016-06-07,1.55,1.73,1.55,1.64,32214
2016-06-08,1.68,1.78,1.59,1.78,36407
2016-06-09,1.87,1.91,1.82,1.91,61761
2016-06-10,1.82,2.05,1.73,1.91,68068
2016-06-13,2.00,2.00,1.87,1.96,11749
2016-06-14,2.09,2.14,1.87,2.14,152104
2016-06-15,2.23,2.23,2.05,2.14,104074
2016-06-16,2.14,2.19,2.05,2.09,29061
2016-06-17,2.00,2.14,2.00,2.14,6391
2016-06-20,2.05,2.19,2.05,2.09,34271
2016-06-21,2.14,2.14,2.00,2.00,46449
2016-06-22,2.09,2.09,1.91,1.91,35367
2016-06-23,1.91,2.00,1.87,2.00,43507
2016-06-24,1.96,1.96,1.91,1.96,39311
2016-06-27,1.87,1.96,1.87,1.91,5099
2016-06-28,1.82,2.00,1.82,2.00,13930
2016-06-29,1.91,2.09,1.91,2.09,34755
2016-06-30,2.00,2.09,2.00,2.05,74859
2016-07-01,2.19,2.23,2.00,2.14,62630
2016-07-04,2.14,2.32,2.14,2.32,79378
2016-07-05,2.46,2.55,2.41,2.50,143267
2016-07-07,2.64,2.73,2.46,2.60,111767
2016-07-08,2.50,2.64,2.50,2.50,71844
2016-07-11,2.46,2.60,2.46,2.55,61347
2016-07-12,2.55,2.55,2.46,2.46,21054
2016-07-13,2.46,2.46,2.37,2.37,15231
2016-07-14,2.37,2.46,2.28,2.37,44874
2016-07-15,2.46,2.46,2.28,2.32,16786
2016-07-18,2.37,2.37,2.23,2.23,46599
2016-07-19,2.19,2.23,2.14,2.14,18769
2016-07-20,2.23,2.23,2.05,2.23,32479
2016-07-21,2.23,2.32,2.19,2.19,21833
2016-07-22,2.23,2.28,2.14,2.28,27809
2016-07-25,2.28,2.37,2.23,2.28,22725
2016-07-26,2.28,2.37,2.23,2.28,26775
2016-07-27,2.28,2.37,2.28,2.32,17311
2016-07-28,2.32,2.41,2.23,2.28,32278
2016-07-29,2.32,2.32,2.19,2.19,17989
2016-08-01,2.19,2.23,2.09,2.09,33684
2016-08-02,2.09,2.14,2.00,2.05,67868
2016-08-03,2.05,2.14,1.96,2.14,42247
2016-08-04,2.19,2.23,2.05,2.09,58264
2016-08-05,2.09,2.19,2.00,2.19,80859
2016-08-08,2.14,2.28,2.14,2.23,23700
2016-08-09,2.19,2.23,2.14,2.19,19245
2016-08-10,2.23,2.28,2.09,2.19,49582
2016-08-11,2.23,2.28,2.09,2.09,41207
2016-08-12,2.14,2.14,2.00,2.00,35581
2016-08-16,2.00,2.09,1.91,2.05,27358
2016-08-17,2.05,2.14,1.96,2.05,185166
2016-08-18,2.05,2.14,1.96,2.14,71372
2016-08-19,2.09,2.14,2.05,2.05,47572
2016-08-22,2.05,2.09,1.96,2.09,14662
2016-08-23,2.00,2.19,2.00,2.09,126505
2016-08-24,2.00,2.14,2.00,2.09,62924
2016-08-25,2.05,2.19,2.00,2.14,127409
2016-08-26,2.19,2.23,2.05,2.19,60268
2016-08-29,2.23,2.23,2.14,2.19,66455
2016-08-30,2.14,2.28,2.14,2.23,83126
2016-08-31,2.19,2.32,2.14,2.19,155744
2016-09-01,2.09,2.28,2.09,2.09,441284
2016-09-02,2.05,2.28,1.91,1.96,581668
2016-09-06,1.82,2.14,1.82,2.09,113956
2016-09-07,2.28,2.28,2.19,2.28,136474
2016-09-08,2.50,2.50,2.50,2.50,108755
2016-09-09,2.69,2.73,2.69,2.73,99428
2016-09-12,2.87,2.87,2.73,2.87,64491
2016-09-14,3.01,3.01,3.01,3.01,152149
2016-09-15,3.14,3.14,3.14,3.14,27987
2016-09-16,3.28,3.28,3.01,3.28,363382
2016-09-19,3.42,3.42,3.28,3.42,114898
2016-09-20,3.55,3.55,3.28,3.55,539688
2016-09-21,3.69,3.69,3.46,3.69,143857
2016-09-22,3.87,3.87,3.87,3.87,48901
2016-09-23,4.05,4.05,4.05,4.05,80373
2016-09-26,4.23,4.23,4.23,4.23,25234
2016-09-27,4.42,4.42,4.42,4.42,145387
2016-09-28,4.60,4.60,4.60,4.60,167673
2016-09-29,4.83,4.83,4.83,4.83,735566
2016-09-30,5.05,5.05,5.05,5.05,45670
2016-10-03,5.28,5.28,5.28,5.28,66050
2016-10-04,5.51,5.51,5.51,5.51,100838
2016-10-05,5.78,5.78,5.78,5.78,15196
2016-10-06,6.06,6.06,6.06,6.06,19640
2016-10-07,6.33,6.33,6.33,6.33,368854
2016-10-10,6.60,6.60,6.60,6.60,106679
2016-10-13,6.92,6.92,6.92,6.92,100923
2016-10-14,7.24,7.24,6.60,6.65,1509017
2016-10-17,6.79,6.97,6.47,6.97,430850
2016-10-18,7.29,7.29,7.29,7.29,33764
2016-10-19,7.65,7.65,7.65,7.65,61050
2016-10-20,8.01,8.01,8.01,8.01,36406
2016-10-21,8.38,8.38,7.65,8.38,838316
2016-10-24,8.74,8.79,7.97,8.24,1156884
2016-10-25,7.92,8.38,7.83,7.92,796307
2016-10-26,8.06,8.20,7.56,7.56,542449
2016-10-27,7.29,7.92,7.19,7.92,918567
2016-10-28,8.29,8.29,8.20,8.29,151977
2016-11-01,8.29,8.52,8.11,8.52,434456
2016-11-02,8.52,8.93,8.11,8.70,1218468
2016-11-03,8.70,9.11,8.70,9.11,640436
2016-11-04,9.38,9.43,8.65,9.20,1093196
2016-11-07,9.20,9.43,8.74,8.83,640949
2016-11-08,8.42,9.02,8.42,8.52,337939
2016-11-09,8.11,8.93,8.11,8.83,181805
2016-11-10,8.93,9.24,8.42,8.56,180643
2016-11-11,8.97,8.97,8.15,8.15,223211
2016-11-15,8.01,8.01,7.79,7.79,30976
2016-11-16,7.42,7.42,7.42,7.42,74133
2016-11-17,7.06,7.06,7.06,7.06,5424
2016-11-18,6.74,6.74,6.74,6.74,9426
2016-11-21,6.42,6.42,6.42,6.42,12347
2016-11-22,6.10,6.10,6.10,6.10,41956
2016-11-23,5.83,5.83,5.83,5.83,29319
2016-11-24,5.56,5.56,5.56,5.56,17866
2016-11-25,5.33,5.83,5.28,5.83,204935
2016-11-28,6.10,6.10,6.10,6.10,74701
2016-11-29,6.38,6.38,6.24,6.38,266051
2016-11-30,6.65,6.69,6.19,6.69,99078
2016-12-01,7.01,7.01,7.01,7.01,133252
2016-12-02,7.29,7.33,7.01,7.33,186511
2016-12-05,7.70,7.70,7.33,7.65,150646
2016-12-06,8.01,8.01,7.74,8.01,88568
2016-12-07,8.38,8.38,8.01,8.38,328248
2016-12-08,8.70,8.79,7.97,7.97,451928
2016-12-09,7.60,7.60,7.60,7.60,41900
2016-12-12,7.24,7.88,7.24,7.29,846990
2016-12-13,7.47,7.47,6.92,7.33,453936
2016-12-14,7.47,7.60,6.97,7.10,166723
2016-12-15,7.24,7.29,6.83,7.10,158292
2016-12-16,6.92,7.24,6.79,6.83,114748
2016-12-19,7.15,7.15,6.69,7.15,54707
2016-12-20,7.29,7.47,7.29,7.42,274742
2016-12-21,7.56,7.56,7.06,7.06,282757
2016-12-22,6.79,7.19,6.74,6.74,95323
2016-12-23,6.47,6.69,6.42,6.42,182889
2016-12-26,6.38,6.56,6.10,6.19,95867
2016-12-27,6.10,6.19,5.92,6.01,153485
2016-12-28,6.01,6.28,5.78,6.28,101758
2016-12-29,6.28,6.56,6.28,6.56,101393
2016-12-30,6.88,6.88,6.47,6.51,113508
2017-01-02,6.47,6.83,6.28,6.60,159545
2017-01-03,6.42,6.88,6.42,6.47,180479
2017-01-04,6.60,6.60,6.28,6.33,120465
2017-01-05,6.38,6.51,6.28,6.33,121713
2017-01-06,6.51,6.51,6.06,6.19,199108
2017-01-09,6.15,6.19,5.92,5.97,131466
2017-01-10,6.24,6.24,5.69,5.78,212365
2017-01-11,5.92,6.06,5.78,6.06,128836
2017-01-12,6.33,6.33,5.87,6.28,222981
2017-01-13,6.28,6.42,6.01,6.10,189787
2017-01-16,5.97,6.24,5.83,5.97,190771
2017-01-17,6.19,6.19,5.83,5.97,33659
2017-01-18,6.15,6.19,5.87,6.01,150350
2017-01-19,6.24,6.24,5.87,6.01,82503
2017-01-20,6.10,6.15,5.92,6.01,117798
2017-01-23,6.15,6.15,5.92,6.15,123512
2017-01-24,6.24,6.24,5.97,6.06,104733
2017-01-25,6.19,6.19,5.87,5.97,146139
2017-01-27,6.01,6.01,5.78,5.92,124165
2017-01-30,6.01,6.19,5.92,6.01,202533
2017-01-31,6.01,6.10,5.87,5.97,103886
2017-02-01,6.15,6.15,5.74,5.92,153676
2017-02-02,6.15,6.15,5.83,5.97,52858
2017-02-03,6.01,6.15,5.87,5.92,89603
2017-02-06,6.06,6.10,5.65,5.87,141486
2017-02-07,5.60,5.87,5.46,5.74,106010
2017-02-08,5.97,5.97,5.51,5.56,126198
2017-02-09,5.60,5.60,5.10,5.33,186018
2017-02-10,5.37,5.83,5.37,5.83,132941
2017-02-13,6.33,6.33,5.60,5.92,108936
2017-02-14,6.33,6.33,5.46,5.46,178725
2017-02-15,5.87,5.87,5.15,5.37,93719
2017-02-16,5.28,5.56,5.05,5.51,58330
2017-02-17,5.56,5.74,5.15,5.19,185197
2017-02-20,5.19,5.46,5.10,5.33,48131
2017-02-21,5.65,5.65,5.01,5.05,205682
2017-02-22,5.05,5.28,4.87,5.19,82881
2017-02-23,5.19,5.28,4.69,5.05,254329
2017-02-27,5.10,5.15,4.87,4.96,65377
2017-02-28,5.15,5.15,4.74,4.83,75677
2017-03-01,5.15,5.28,4.74,4.92,203154
2017-03-02,4.92,5.01,4.46,4.69,351144
2017-03-03,4.78,4.78,4.46,4.60,165769
2017-03-06,4.78,4.78,4.28,4.55,219723
2017-03-07,4.55,4.64,4.28,4.51,196175
2017-03-08,4.51,4.51,4.10,4.14,301603
2017-03-09,4.19,4.55,4.10,4.55,208665
2017-03-10,4.69,5.01,4.64,5.01,566678
2017-03-14,5.33,5.51,5.05,5.51,486582
2017-03-15,5.78,6.06,5.78,6.06,518001
2017-03-16,6.24,6.33,5.78,5.78,914316
2017-03-17,5.51,5.69,5.51,5.60,301583
2017-03-20,5.83,5.87,5.60,5.83,137490
2017-03-21,6.01,6.01,5.56,5.56,126026
2017-03-22,5.33,5.46,5.28,5.33,132286
2017-03-23,5.37,5.42,5.24,5.28,64157
2017-03-24,5.37,5.46,5.10,5.15,102364
2017-03-27,5.28,5.33,5.01,5.15,68786
2017-03-28,5.15,5.24,4.92,5.15,142433
2017-03-29,5.33,5.33,4.92,5.01,93545
2017-03-30,5.19,5.19,4.92,4.92,40051
2017-03-31,4.96,4.96,4.78,4.92,63121
2017-04-03,4.83,5.10,4.78,4.96,68808
2017-04-05,5.05,5.19,4.87,5.19,84357
2017-04-06,5.42,5.42,5.33,5.42,142232
2017-04-07,5.24,5.65,5.19,5.42,192228
2017-04-10,5.37,5.60,5.15,5.19,68990
2017-04-11,5.28,5.37,5.15,5.19,33015
2017-04-12,5.19,5.46,4.96,5.37,101608
2017-04-13,5.56,5.56,5.19,5.19,20304
2017-04-17,5.37,5.37,4.96,5.10,188128
2017-04-18,5.05,5.19,5.01,5.05,60110
2017-04-19,5.01,5.56,5.01,5.42,211462
2017-04-20,5.92,5.92,5.92,5.92,160285
2017-04-21,6.24,6.51,6.01,6.51,1411218
2017-04-24,6.60,6.69,6.19,6.24,344907
2017-04-25,6.10,6.24,5.97,6.01,225522
2017-04-26,6.15,6.15,5.83,5.87,186455
2017-04-27,5.97,6.15,5.60,5.69,50767
2017-04-28,5.83,5.83,5.42,5.42,62104
2017-05-02,5.46,5.65,5.19,5.42,92907
2017-05-03,5.42,5.46,5.19,5.33,59763
2017-05-04,5.33,5.42,5.24,5.28,15160
2017-05-05,5.28,5.42,5.05,5.24,38787
2017-05-08,5.24,5.24,5.01,5.05,126982
2017-05-09,5.15,5.15,4.92,5.05,50007
2017-05-10,5.01,5.19,4.87,5.05,33257
2017-05-11,5.24,5.24,4.96,4.96,25258
2017-05-12,5.10,5.10,4.87,5.05,23798
2017-05-15,4.87,5.15,4.87,4.87,48713
2017-05-16,4.87,5.01,4.64,4.83,146078
2017-05-17,5.05,5.05,4.60,4.64,180067
2017-05-18,4.64,4.87,4.51,4.64,69638
2017-05-19,4.60,4.87,4.55,4.74,79977
2017-05-22,4.87,4.87,4.51,4.51,87640
2017-05-23,4.55,4.64,4.37,4.37,43324
2017-05-24,4.55,4.55,4.33,4.37,39101
2017-05-25,4.55,4.55,4.33,4.55,78586
2017-05-26,4.74,4.74,4.42,4.55,83316
2017-05-29,4.55,4.69,4.37,4.64,32864
2017-05-30,4.51,4.78,4.42,4.69,122306
2017-05-31,4.92,4.92,4.46,4.69,38576
2017-06-01,4.64,4.78,4.55,4.55,26347
2017-06-02,4.55,4.64,4.46,4.55,31128
2017-06-05,4.46,4.69,4.37,4.51,33121
2017-06-06,4.64,4.64,4.37,4.42,37580
2017-06-07,4.55,4.64,4.37,4.60,78990
2017-06-08,4.64,4.69,4.37,4.46,48793
2017-06-09,4.60,4.87,4.46,4.87,155851
2017-06-12,4.87,5.01,4.64,4.78,131374
2017-06-13,4.78,5.19,4.64,4.74,77449
2017-06-14,4.74,4.74,4.60,4.69,24928
2017-06-15,4.55,4.92,4.55,4.60,29996
2017-06-16,4.55,4.74,4.51,4.55,27700
2017-06-19,4.51,4.60,4.37,4.37,68246
2017-06-20,4.37,4.46,4.14,4.23,133788
2017-06-21,4.14,4.64,4.14,4.64,89804
2017-06-22,4.69,4.74,4.42,4.46,70998
2017-06-23,4.46,4.51,4.28,4.37,94791
2017-06-27,4.51,4.51,4.23,4.33,37342
2017-06-28,4.23,4.46,4.23,4.28,32947
2017-06-29,4.28,4.51,4.28,4.33,23315
2017-06-30,4.64,4.64,4.23,4.55,97531
2017-07-03,4.64,4.69,4.37,4.42,41827
2017-07-04,4.42,4.69,4.37,4.55,79332
2017-07-05,4.55,4.69,4.37,4.51,87884
2017-07-06,4.60,4.64,4.42,4.42,129744
2017-07-07,4.51,4.51,4.42,4.42,44951
2017-07-10,4.46,4.46,4.37,4.46,14214
2017-07-11,4.46,4.46,4.37,4.42,38587
2017-07-12,4.42,4.55,4.37,4.51,100311
2017-07-13,4.55,4.92,4.51,4.92,125139
2017-07-14,5.24,5.24,4.64,4.83,150905
2017-07-17,4.74,4.83,4.37,4.42,227278
2017-07-18,4.51,4.60,4.42,4.42,53945
2017-07-19,4.42,4.55,4.33,4.46,177244
2017-07-20,4.64,4.64,4.28,4.37,214081
2017-07-21,4.55,4.55,4.33,4.42,114911
2017-07-24,4.51,4.78,4.05,4.64,252833
2017-07-25,4.55,4.64,4.37,4.46,86279
2017-07-26,4.55,4.64,4.42,4.55,131291
2017-07-27,4.46,4.60,4.46,4.51,92790
2017-07-28,4.51,4.51,4.37,4.42,115495
2017-07-31,4.42,4.46,4.19,4.33,95914
2017-08-01,4.37,4.42,4.28,4.33,135912
2017-08-02,4.33,4.42,4.19,4.23,80561
2017-08-03,4.28,4.33,4.10,4.14,118721
2017-08-04,4.10,4.23,4.10,4.23,16619
2017-08-07,4.28,4.33,4.14,4.19,186359
2017-08-08,4.28,4.33,4.14,4.19,82324
2017-08-09,4.19,4.19,3.64,3.92,245654
2017-08-10,3.96,4.10,3.64,3.78,98135
2017-08-11,3.55,3.87,3.10,3.83,96826
2017-08-14,4.01,4.19,3.73,3.83,100171
2017-08-16,3.83,4.05,3.73,3.87,58394
2017-08-17,3.92,3.96,3.73,3.83,91638
2017-08-18,3.87,4.10,3.64,3.87,108544
2017-08-21,3.73,3.96,3.64,3.69,53385
2017-08-22,3.64,3.69,3.60,3.60,44104
2017-08-23,3.64,3.73,3.55,3.60,35504
2017-08-24,3.87,3.87,3.51,3.55,42997
2017-08-28,3.55,4.23,3.55,4.23,247337
2017-08-29,4.33,4.55,4.10,4.42,303852
2017-08-30,4.55,4.55,4.37,4.42,97922
2017-08-31,4.42,4.42,4.01,4.23,79686
2017-09-01,4.14,4.33,3.78,4.28,50702
2017-09-04,4.05,4.33,4.05,4.14,102507
2017-09-05,4.10,4.37,4.10,4.28,106798
2017-09-06,4.19,4.42,4.19,4.33,94928
2017-09-07,4.37,4.42,4.33,4.42,116041
2017-09-08,4.42,5.28,4.42,5.24,1646220
2017-09-11,5.60,5.83,5.24,5.51,1036077
2017-09-12,5.46,5.46,4.64,4.83,645014
2017-09-13,4.83,4.96,4.33,4.78,553977
2017-09-14,4.74,4.96,4.55,4.92,74407
2017-09-15,4.74,4.92,4.69,4.74,37979
2017-09-18,4.87,4.87,4.51,4.60,71207
2017-09-19,4.51,4.69,4.37,4.37,53795
2017-09-20,4.55,4.55,4.23,4.37,66133
2017-09-21,4.42,4.55,4.42,4.51,99602
2017-09-22,4.55,4.69,4.55,4.60,130311
2017-09-25,4.60,4.69,4.37,4.42,58216
2017-09-26,4.42,4.55,4.23,4.28,48592
2017-09-27,4.46,4.46,4.14,4.37,92266
2017-09-28,4.33,4.55,4.33,4.51,45856
2017-09-29,4.55,4.69,4.42,4.60,51279
2017-10-03,4.55,4.74,4.42,4.51,65483
2017-10-04,4.37,4.55,4.37,4.37,24681
2017-10-05,4.51,4.55,4.37,4.37,47980
2017-10-06,4.51,4.55,4.19,4.46,164888
2017-10-09,4.64,4.64,4.28,4.55,35397
2017-10-10,4.33,4.64,4.33,4.37,37230
2017-10-11,4.37,4.55,4.23,4.37,42603
2017-10-12,4.55,4.55,4.33,4.37,43224
2017-10-13,4.33,4.55,4.23,4.37,24023
2017-10-16,4.46,4.55,4.23,4.28,77195
2017-10-17,4.42,4.42,4.23,4.33,15864
2017-10-18,4.33,4.37,4.19,4.19,52712
2017-10-19,4.33,4.37,4.19,4.33,17054
2017-10-23,4.33,4.51,4.23,4.37,39356
2017-10-24,4.28,4.42,4.28,4.37,25511
2017-10-25,4.28,4.42,4.28,4.33,51381
2017-10-26,4.23,4.51,4.14,4.28,108994
2017-10-27,4.28,4.33,4.14,4.23,12524
2017-10-30,4.37,4.42,4.28,4.37,19102
2017-10-31,4.37,4.55,4.37,4.46,100994
2017-11-01,4.64,4.64,4.28,4.46,88298
2017-11-02,4.55,4.64,4.46,4.55,90039
2017-11-03,4.69,4.78,4.55,4.60,91886
2017-11-06,4.74,4.74,4.55,4.60,62068
2017-11-07,4.64,4.69,4.37,4.51,78835
2017-11-08,4.55,4.55,4.37,4.46,30887
2017-11-09,4.64,4.64,4.42,4.42,43099
2017-11-10,4.42,4.55,4.28,4.51,36857
2017-11-13,4.55,4.55,4.33,4.37,62204
2017-11-14,4.37,4.46,4.28,4.37,35028
2017-11-15,4.33,4.42,4.23,4.33,27432
2017-11-16,4.51,4.51,4.14,4.19,94033
2017-11-17,4.19,4.23,4.01,4.05,126065
2017-11-20,4.23,4.23,4.01,4.23,44893
2017-11-21,4.28,4.42,4.14,4.28,47595
2017-11-22,4.28,4.42,4.10,4.10,85979
2017-11-23,4.10,4.10,3.92,4.01,207970
2017-11-24,4.05,4.19,3.92,3.96,120940
2017-11-27,4.10,4.10,3.92,4.05,108406
2017-11-28,4.05,4.10,3.92,4.01,60210
2017-11-29,4.10,4.19,3.92,4.14,343864
2017-11-30,4.14,4.33,4.10,4.33,170056
2017-12-01,4.51,4.51,4.23,4.23,84617
2017-12-04,4.42,4.42,4.05,4.19,103866
2017-12-05,4.14,4.23,4.10,4.14,71239
2017-12-06,4.19,4.28,4.05,4.19,80738
2017-12-07,4.19,4.55,4.19,4.37,193379
2017-12-08,4.55,4.55,4.33,4.46,90356
2017-12-11,4.64,4.64,4.23,4.42,40762
2017-12-12,4.33,4.51,4.28,4.33,97525
2017-12-13,4.51,4.74,4.37,4.74,326142
2017-12-14,5.05,5.19,4.55,5.19,1054985
2017-12-15,5.37,5.37,4.96,4.96,415514
2017-12-18,4.92,4.96,4.51,4.55,377268
2017-12-19,4.74,5.01,4.60,5.01,460498
2017-12-20,5.15,5.51,5.01,5.51,584300
2017-12-21,5.60,5.60,5.15,5.33,629694
2017-12-22,5.37,5.78,5.19,5.69,464969
2017-12-26,5.83,5.92,5.42,5.51,357953
2017-12-27,5.69,5.74,5.51,5.60,208241
2017-12-28,5.74,5.92,5.60,5.78,170040
2017-12-29,5.83,6.01,5.74,5.83,338547
2018-01-01,5.83,5.97,5.65,5.69,216425
2018-01-02,5.97,5.97,5.46,5.56,313717
2018-01-03,5.51,5.74,5.46,5.56,288172
2018-01-04,5.56,5.74,5.46,5.60,120601
2018-01-05,5.87,5.87,5.51,5.56,143605
2018-01-08,5.60,5.69,5.51,5.65,241154
2018-01-09,5.56,5.69,5.56,5.60,124009
2018-01-10,5.65,5.65,5.42,5.46,182180
2018-01-11,5.01,5.46,5.01,5.15,454740
2018-01-12,5.24,5.65,5.19,5.65,452040
2018-01-15,6.19,6.19,6.19,6.19,238784
2018-01-16,6.79,6.79,6.24,6.79,2162540
2018-01-17,6.97,6.97,6.15,6.42,1017721
2018-01-18,6.47,6.65,5.92,6.06,668852
2018-01-19,5.92,6.65,5.74,6.65,1778921
2018-01-22,6.79,7.19,6.06,6.42,1213693
2018-01-23,6.56,6.79,6.38,6.42,408718
2018-01-24,6.51,6.51,5.97,6.06,310492
2018-01-25,6.24,6.65,5.92,6.56,503163
2018-01-29,6.69,6.92,6.38,6.38,370766
2018-01-30,6.47,6.47,6.15,6.19,244100
2018-01-31,6.19,6.19,5.69,5.78,317320
2018-02-01,5.78,6.10,5.60,5.78,317123
2018-02-02,5.74,5.83,5.24,5.37,393637
2018-02-05,4.92,5.33,4.87,5.15,257064
2018-02-06,5.01,5.10,4.64,5.05,281741
2018-02-07,5.05,5.46,5.05,5.24,204991
2018-02-08,5.28,5.74,5.10,5.74,353607
2018-02-09,5.28,6.06,5.28,5.83,433465
2018-02-12,6.28,6.38,5.74,6.33,490172
2018-02-14,6.56,6.79,6.38,6.65,645530
2018-02-15,6.97,6.97,6.69,6.74,1106530
2018-02-16,6.69,6.83,6.42,6.42,435062
2018-02-19,6.42,6.47,6.10,6.10,235075
2018-02-20,6.10,6.10,5.83,5.92,336556
2018-02-21,5.92,6.10,5.74,5.92,161850
2018-02-22,5.74,5.97,5.65,5.74,74445
2018-02-23,5.83,5.92,5.60,5.69,240469
2018-02-26,5.83,5.83,5.56,5.60,154905
2018-02-27,5.74,5.74,5.56,5.65,85969
2018-02-28,5.56,5.74,5.46,5.60,80035
2018-03-01,5.69,5.74,5.51,5.69,51775
2018-03-05,5.78,5.83,5.51,5.65,109228
2018-03-06,5.83,5.83,5.56,5.65,65635
2018-03-07,5.56,5.56,5.37,5.37,137921
2018-03-08,5.24,5.60,5.19,5.42,181720
2018-03-09,5.65,5.65,5.33,5.51,35236
2018-03-12,5.51,5.60,5.24,5.24,106554
2018-03-13,5.37,5.46,5.01,5.37,168277
2018-03-14,5.24,5.51,5.19,5.28,110184
2018-03-15,5.15,5.51,5.15,5.33,290305
2018-03-16,5.42,5.42,5.24,5.28,75662
2018-03-19,5.24,5.28,5.05,5.10,137332
2018-03-20,5.19,5.19,4.87,4.92,90534
2018-03-21,5.01,5.10,4.78,4.92,168317
2018-03-22,4.83,5.05,4.69,4.92,163175
2018-03-23,4.74,4.92,4.69,4.69,83414
2018-03-26,4.46,4.69,4.46,4.46,117452
2018-03-27,4.46,4.55,4.28,4.33,97589
2018-03-28,4.23,4.51,4.14,4.42,192140
2018-04-02,4.51,4.60,4.33,4.60,57153
2018-04-03,4.83,4.83,4.64,4.83,90117
2018-04-04,5.01,5.05,4.74,4.92,140657
2018-04-05,5.05,5.10,4.83,4.96,210565
2018-04-06,5.15,5.15,4.92,5.01,80190
2018-04-09,5.01,5.33,5.01,5.33,61466
2018-04-10,5.46,5.46,4.87,5.24,99662
2018-04-11,5.42,5.46,5.10,5.28,110896
2018-04-12,5.28,5.42,5.05,5.10,53492
2018-04-13,5.05,5.46,4.96,5.19,173126
2018-04-16,5.15,5.51,5.15,5.33,138323
2018-04-17,5.42,5.83,5.28,5.69,168992
2018-04-18,5.83,5.92,5.56,5.60,206729
2018-04-19,5.56,5.74,5.19,5.69,178300
2018-04-20,5.51,5.60,5.37,5.42,115171
2018-04-23,5.51,5.51,5.19,5.28,64450
2018-04-24,5.19,5.37,4.78,5.05,226207
2018-04-25,5.05,5.19,4.60,5.01,45487
2018-04-26,5.19,5.19,4.78,4.96,56997
2018-04-27,4.83,5.01,4.69,4.83,48401
2018-04-30,4.83,4.96,4.74,4.83,88993
2018-05-02,5.28,5.28,5.28,5.28,64965
2018-05-03,5.78,5.78,5.56,5.78,937310
2018-05-04,5.78,5.78,5.33,5.65,287636
2018-05-07,5.74,5.74,5.46,5.51,142959
2018-05-08,5.60,5.65,5.46,5.51,95601
2018-05-09,5.65,5.65,5.42,5.46,100717
2018-05-10,5.51,5.51,5.33,5.37,116699
2018-05-11,5.56,5.56,5.10,5.28,91649
2018-05-14,5.51,5.51,5.24,5.28,89972
2018-05-15,5.19,5.42,5.19,5.28,42998
2018-05-16,5.01,5.42,5.01,5.19,36903
2018-05-17,5.19,5.37,4.83,5.24,25023
2018-05-18,5.33,5.33,5.01,5.10,60361
2018-05-21,5.15,5.37,4.92,4.96,55216
2018-05-22,4.92,5.01,4.83,4.87,44315
2018-05-23,4.92,5.01,4.83,4.96,51378
2018-05-24,5.15,5.42,4.74,5.42,409427
2018-05-25,5.15,5.92,5.15,5.65,253563
2018-05-28,5.69,5.97,5.65,5.69,197571
2018-05-29,6.19,6.19,5.78,5.87,207969
2018-05-30,6.01,6.10,5.83,6.01,192016
2018-05-31,6.15,6.60,5.74,6.42,861534
2018-06-01,6.38,6.38,5.78,5.78,417366
2018-06-04,5.46,5.51,5.24,5.24,217719
2018-06-05,5.15,5.74,4.74,5.42,522186
2018-06-06,5.60,5.60,5.19,5.42,37084
2018-06-07,5.51,6.38,5.46,5.65,126506
2018-06-08,5.97,5.97,5.51,5.69,109315
2018-06-11,5.60,6.15,5.60,6.01,338645
2018-06-12,6.06,6.10,5.78,5.87,69218
2018-06-13,5.92,6.65,5.92,6.24,398145
2018-06-14,6.38,6.38,6.01,6.10,150483
2018-06-15,6.19,6.24,5.56,5.87,163770
2018-06-18,5.92,6.01,5.65,5.87,64694
2018-06-19,5.92,5.92,5.56,5.60,89374
2018-06-20,5.87,5.87,5.46,5.60,65848
2018-06-21,5.65,5.78,5.56,5.65,53842
2018-06-22,5.65,5.92,5.10,5.51,167509
2018-06-25,5.65,5.69,5.46,5.56,48593
2018-06-26,5.60,5.60,5.46,5.51,51346
2018-06-27,5.60,5.60,5.01,5.37,84211
2018-06-28,5.28,5.42,5.01,5.05,91001
2018-06-29,5.10,5.51,5.01,5.28,96123
2018-07-02,5.83,6.24,5.51,5.87,563401
2018-07-03,5.87,5.87,5.46,5.51,158548
2018-07-04,5.69,5.83,5.37,5.60,169464
2018-07-05,5.65,5.83,5.46,5.56,109667
2018-07-06,5.51,5.74,5.51,5.56,97870
2018-07-09,5.78,5.78,5.51,5.60,107522
2018-07-10,5.69,5.74,5.51,5.60,113636
2018-07-11,5.69,5.69,5.46,5.56,139988
2018-07-12,5.60,5.69,5.15,5.51,66235
2018-07-13,5.74,5.74,5.42,5.51,97777
2018-07-16,5.46,5.51,5.33,5.33,52706
2018-07-17,5.37,5.60,5.33,5.37,36906
2018-07-18,5.46,5.65,4.92,5.28,144304
2018-07-19,5.19,5.46,5.05,5.42,53694
2018-07-20,5.46,5.46,5.15,5.28,48920
2018-07-23,5.19,5.46,5.10,5.28,69203
2018-07-24,5.19,5.60,5.19,5.42,176075
2018-07-25,5.42,5.60,5.33,5.46,166802
2018-07-26,5.28,5.56,5.28,5.51,65665
2018-07-27,5.33,5.60,5.19,5.33,117230
2018-07-30,5.92,5.92,5.33,5.46,153895
2018-07-31,5.51,5.56,5.33,5.46,117986
2018-08-01,5.46,5.51,5.33,5.46,97104
2018-08-02,5.37,5.51,5.28,5.33,89065
2018-08-03,5.46,5.46,5.28,5.33,94514
2018-08-06,5.42,5.56,5.24,5.46,142654
2018-08-07,5.56,5.60,5.37,5.51,80638
2018-08-08,5.37,5.51,5.33,5.42,129326
2018-08-09,5.37,5.60,5.37,5.42,146934
2018-08-10,5.33,5.51,5.33,5.46,67937
2018-08-13,5.56,5.60,5.33,5.46,152017
2018-08-14,5.56,5.56,5.37,5.42,40805
2018-08-16,5.42,5.46,5.28,5.28,85519
2018-08-17,5.42,5.42,5.15,5.24,166312
2018-08-20,5.28,5.37,5.10,5.19,119621
2018-08-21,5.28,5.28,5.05,5.24,100142
2018-08-23,5.10,6.28,5.10,6.28,768408
2018-08-24,6.79,7.15,5.65,6.10,949254
2018-08-27,6.33,7.01,5.78,6.92,1579674
2018-08-28,7.06,7.60,6.51,6.65,2272906
2018-08-29,6.88,6.88,6.24,6.51,440643
2018-08-30,6.47,6.74,6.24,6.56,216021
2018-08-31,6.74,7.70,6.60,7.38,2340486
2018-09-03,7.51,7.56,6.88,6.97,743346
2018-09-04,7.06,7.65,6.60,7.51,924719
2018-09-05,7.79,7.92,7.15,7.47,630401
2018-09-06,7.74,8.06,7.29,7.92,1234939
2018-09-07,8.20,8.20,7.47,7.60,756351
2018-09-10,7.56,7.88,6.56,7.24,765255
2018-09-11,7.01,7.56,7.01,7.19,550095
2018-09-12,7.42,7.42,6.92,7.19,337672
2018-09-14,7.19,7.33,6.88,6.92,241481
2018-09-17,7.10,7.88,6.83,7.79,857862
2018-09-18,8.11,8.24,7.33,7.51,592196
2018-09-19,7.47,7.83,7.38,7.56,269928
2018-09-21,7.65,7.97,7.06,7.33,581035
2018-09-24,7.70,7.70,6.83,7.10,439574
2018-09-25,7.29,7.29,6.74,6.92,361836
2018-09-26,7.10,7.29,6.92,6.97,249828
2018-09-27,7.19,7.19,6.42,6.51,433797
2018-09-28,6.74,6.74,5.56,5.65,575165
2018-10-01,5.60,5.83,5.10,5.69,356085
2018-10-03,5.74,5.97,5.46,5.78,193128
2018-10-04,5.78,5.92,5.46,5.74,130868
2018-10-05,5.65,5.92,5.24,5.37,216563
2018-10-08,5.51,5.56,5.19,5.46,142480
2018-10-09,5.74,5.74,5.28,5.56,55160
2018-10-10,5.51,6.01,5.51,5.83,195857
2018-10-11,5.83,6.19,5.56,6.01,148474
2018-10-12,6.19,6.51,6.06,6.38,186667
2018-10-15,6.74,6.74,5.74,6.28,113099
2018-10-16,6.47,6.47,5.92,6.15,192254
2018-10-17,6.28,6.42,6.06,6.06,120675
2018-10-19,6.28,6.28,5.60,5.65,309387
2018-10-22,6.01,6.33,5.42,5.51,301691
2018-10-23,5.56,5.60,5.46,5.51,88589
2018-10-24,5.56,5.74,5.33,5.51,190595
2018-10-25,5.46,5.69,5.28,5.56,222189
2018-10-26,5.51,5.65,5.37,5.56,108716
2018-10-29,5.56,5.56,5.28,5.46,197118
2018-10-30,5.46,5.60,5.37,5.46,169260
2018-10-31,5.56,5.65,5.42,5.56,136670
2018-11-01,5.60,5.65,5.51,5.56,57907
2018-11-02,5.56,5.92,5.56,5.65,88768
2018-11-05,5.74,5.74,5.46,5.56,63550
2018-11-06,5.69,5.74,5.60,5.69,58711
2018-11-07,5.78,5.83,5.69,5.78,60812
2018-11-09,5.69,5.78,5.65,5.69,48269
2018-11-12,5.65,6.69,5.65,6.51,778971
2018-11-13,7.29,7.47,6.60,6.69,878658
2018-11-14,6.69,6.92,6.42,6.51,262157
2018-11-15,6.51,6.79,5.92,6.28,275848
2018-11-16,6.79,6.79,6.28,6.47,145546
2018-11-19,6.74,6.79,6.47,6.60,138593
2018-11-20,6.28,6.56,6.28,6.47,178126
2018-11-21,6.51,6.56,6.33,6.42,59042
2018-11-22,6.56,6.74,6.38,6.42,183070
2018-11-26,6.38,6.60,6.38,6.42,78528
2018-11-27,6.42,6.47,6.24,6.33,33467
2018-11-28,6.42,6.42,6.24,6.24,64943
2018-11-29,6.24,6.33,5.78,6.06,284831
2018-11-30,6.28,6.28,6.06,6.15,54487
2018-12-03,6.19,6.33,6.01,6.06,59184
2018-12-04,6.10,6.19,5.92,5.97,221371
2018-12-05,5.92,5.92,5.69,5.78,96970
2018-12-06,5.78,5.83,5.56,5.60,121801
2018-12-07,5.69,5.69,5.51,5.56,92639
2018-12-10,5.65,5.65,5.51,5.51,60122
2018-12-11,5.19,5.60,5.19,5.46,119726
2018-12-12,5.65,5.65,5.33,5.56,56247
2018-12-13,5.74,5.78,5.60,5.65,84984
2018-12-14,5.60,5.78,5.56,5.60,55178
2018-12-17,5.60,5.87,5.60,5.74,119858
2018-12-18,5.78,6.42,5.65,6.28,296177
2018-12-19,6.28,6.97,6.10,6.79,737151
2018-12-20,6.56,7.19,6.38,6.88,472427
2018-12-21,6.97,7.19,6.74,7.06,454920
2018-12-24,7.74,7.92,7.19,7.42,1351582
2018-12-26,7.38,8.06,7.29,7.92,801876
2018-12-27,8.01,8.11,6.88,7.33,603707
2018-12-28,7.24,7.56,7.01,7.38,248835
2018-12-31,7.65,7.65,7.29,7.33,169500
2019-01-01,7.33,7.47,7.15,7.33,209902
2019-01-02,7.33,7.47,6.69,6.97,208810
2019-01-03,6.97,6.97,6.56,6.65,249880
2019-01-04,6.79,6.79,6.42,6.69,121507
2019-01-07,6.60,7.01,6.56,6.65,70151
2019-01-08,6.92,6.92,6.60,6.65,78088
2019-01-09,6.65,6.88,6.60,6.65,133885
2019-01-10,6.69,6.79,6.42,6.60,207244
2019-01-11,6.74,6.74,6.47,6.56,85063
2019-01-14,6.56,6.74,6.47,6.65,55503
2019-01-15,6.74,6.83,6.56,6.79,130997
2019-01-16,6.92,6.92,6.65,6.74,48987
2019-01-17,6.92,6.92,6.47,6.60,160189
2019-01-18,6.56,6.60,6.42,6.51,77987
2019-01-21,6.47,6.56,6.42,6.42,115890
2019-01-22,6.69,6.74,6.19,6.28,85024
2019-01-23,6.38,6.38,5.97,6.15,148212
2019-01-24,6.24,6.33,6.01,6.19,38461
2019-01-25,6.42,6.42,6.06,6.10,24561
2019-01-28,6.06,6.24,5.56,5.65,224378
2019-01-29,5.65,5.92,5.60,5.83,95262
2019-01-30,5.92,6.56,5.83,6.10,93503
2019-01-31,6.01,6.33,5.97,6.10,41049
2019-02-01,6.33,6.33,5.78,5.92,154132
2019-02-04,5.78,5.97,5.78,5.92,79807
2019-02-05,5.87,6.10,5.78,5.83,47842
2019-02-06,5.78,5.97,5.74,5.83,111818
2019-02-07,5.87,6.38,5.83,6.19,204508
2019-02-08,6.19,6.56,6.15,6.28,48406
2019-02-11,6.42,6.42,6.01,6.06,115177
2019-02-12,5.92,6.10,5.56,5.60,391081
2019-02-13,5.74,5.83,5.56,5.56,157175
2019-02-14,5.56,5.69,5.56,5.60,63841
2019-02-15,5.74,5.74,5.46,5.51,82451
2019-02-18,5.56,5.65,5.37,5.42,197361
2019-02-19,5.46,5.56,5.28,5.37,153014
2019-02-20,5.42,5.56,5.37,5.46,181588
2019-02-21,5.51,5.56,5.24,5.42,131989
2019-02-22,5.46,5.65,5.42,5.60,84110
2019-02-25,5.65,5.65,5.46,5.60,92773
2019-02-26,5.46,5.65,5.33,5.51,151363
2019-02-27,5.60,5.60,5.37,5.46,122913
2019-02-28,5.51,5.60,5.42,5.46,74931
2019-03-01,5.46,5.74,5.46,5.60,117437
2019-03-05,5.56,5.97,5.56,5.87,147669
2019-03-06,5.92,6.10,5.60,5.83,142841
2019-03-07,5.92,5.92,5.65,5.83,111365
2019-03-08,5.87,5.92,5.65,5.69,113266
2019-03-11,5.74,5.83,5.69,5.69,172292
2019-03-12,5.78,5.83,5.60,5.69,275910
2019-03-13,5.60,5.69,5.56,5.65,82709
2019-03-14,5.65,5.74,5.56,5.69,163219
2019-03-15,5.74,5.74,5.60,5.65,155724
2019-03-18,5.65,5.69,5.51,5.56,196779
2019-03-19,5.56,5.69,5.51,5.56,177286
2019-03-20,5.60,5.87,5.51,5.69,219672
2019-03-22,5.60,5.83,5.60,5.65,175426
2019-03-25,5.69,5.69,5.46,5.51,63897
2019-03-26,5.60,5.60,5.42,5.51,138244
2019-03-27,5.60,5.60,5.42,5.46,91089
2019-03-28,5.37,5.51,5.37,5.46,52521
2019-03-29,5.56,5.56,5.28,5.37,161229
2019-04-01,5.46,5.56,5.28,5.42,203805
2019-04-02,5.46,5.46,5.37,5.42,156244
2019-04-03,5.46,5.56,5.42,5.42,65433
2019-04-04,5.46,5.51,5.33,5.37,180927
2019-04-05,5.37,5.46,5.33,5.37,47715
2019-04-08,5.46,5.46,5.37,5.37,50463
2019-04-09,5.33,5.37,5.28,5.33,77454
2019-04-10,5.37,5.37,5.28,5.28,65165
2019-04-11,5.28,5.42,5.24,5.33,57769
2019-04-12,5.37,5.37,5.24,5.28,142549
2019-04-15,5.28,5.28,5.10,5.15,174854
2019-04-16,5.15,5.15,4.69,5.05,172826
2019-04-18,5.05,5.10,4.74,4.92,266177
2019-04-22,4.87,5.15,4.78,4.92,101620
2019-04-23,5.05,5.15,4.87,5.01,51485
2019-04-24,5.01,5.15,4.96,5.10,54179
2019-04-25,5.15,5.15,4.96,5.05,32967
2019-04-26,5.15,5.28,5.01,5.19,56605
2019-04-30,5.28,5.28,5.01,5.05,56363
2019-05-02,5.01,5.19,4.87,4.96,55148
2019-05-03,5.01,5.01,4.87,5.01,16921
2019-05-06,5.01,5.01,4.87,5.01,24137
2019-05-07,5.01,5.15,4.74,4.78,126389
2019-05-08,4.92,4.92,4.69,4.78,55012
2019-05-09,4.83,4.83,4.37,4.46,173354
2019-05-10,4.46,4.64,4.37,4.60,74094
2019-05-13,4.55,4.55,4.46,4.51,71794
2019-05-14,4.60,4.60,4.42,4.55,33079
2019-05-15,4.55,4.74,4.51,4.55,64099
2019-05-16,4.55,4.60,4.46,4.55,78427
2019-05-17,4.55,4.60,4.42,4.55,85809
2019-05-20,4.60,5.01,4.51,4.87,142809
2019-05-21,4.74,5.01,4.55,4.78,74701
2019-05-22,4.78,5.05,4.64,4.92,65878
2019-05-23,4.83,4.83,4.37,4.51,280770
2019-05-24,4.55,4.60,4.42,4.55,162605
2019-05-27,4.55,4.64,4.51,4.55,49666
2019-05-28,4.60,4.60,4.51,4.60,72460
2019-05-29,4.55,4.60,4.51,4.55,57073
2019-05-30,4.55,4.60,4.46,4.51,63465
2019-05-31,4.28,4.64,4.28,4.60,123418
2019-06-03,4.55,4.64,4.37,4.42,152219
2019-06-04,4.42,4.46,4.19,4.33,76209
2019-06-06,4.46,4.46,3.78,4.10,105157
2019-06-07,4.10,4.10,3.32,3.46,374255
2019-06-10,3.55,3.73,3.46,3.64,129013
2019-06-11,3.64,4.19,3.64,4.01,161134
2019-06-12,4.01,4.05,3.73,3.87,33823
2019-06-13,3.78,3.87,3.69,3.78,49790
2019-06-14,3.73,4.51,3.60,3.78,89879
2019-06-17,3.73,3.87,3.60,3.64,37159
2019-06-18,3.55,3.92,3.51,3.69,45798
2019-06-19,3.69,3.83,3.55,3.60,49736
2019-06-20,3.69,3.73,3.32,3.46,77072
2019-06-21,3.64,3.69,3.42,3.55,98461
2019-06-24,3.60,3.73,3.55,3.64,20556
2019-06-25,3.64,3.64,3.46,3.55,31565
2019-06-26,3.64,3.73,3.64,3.64,45381
2019-06-27,3.64,3.69,3.55,3.55,66896
2019-06-28,3.46,3.73,3.46,3.55,50919
2019-07-01,3.64,3.73,3.51,3.64,53181
2019-07-02,3.83,3.83,3.55,3.55,39049
2019-07-03,3.64,3.64,3.51,3.60,25158
2019-07-04,3.55,3.73,3.55,3.69,25941
2019-07-05,3.69,3.73,3.55,3.60,20729
2019-07-08,3.64,3.64,3.01,3.28,170445
2019-07-09,3.23,3.55,3.19,3.28,61053
2019-07-10,3.32,3.37,3.23,3.28,45523
2019-07-11,3.37,3.37,3.19,3.28,25819
2019-07-12,3.19,3.42,3.19,3.37,63742
2019-07-15,3.46,3.46,3.19,3.23,46795
2019-07-16,3.23,3.28,3.01,3.14,105321
2019-07-17,3.19,3.19,3.14,3.14,62718
2019-07-18,3.19,3.37,3.10,3.19,43893
2019-07-19,3.28,3.28,3.01,3.19,62117
2019-07-22,3.05,3.10,2.55,2.87,70426
2019-07-23,2.87,3.10,2.82,3.01,51984
2019-07-24,2.87,3.14,2.82,2.91,28851
2019-07-25,2.91,3.01,2.73,2.78,63363
2019-07-26,2.82,2.82,2.55,2.78,124607
2019-07-29,2.78,2.78,2.23,2.46,271663
2019-07-30,2.37,2.60,2.19,2.19,151374
2019-07-31,2.19,2.55,2.19,2.50,108554
2019-08-01,2.50,2.64,2.19,2.55,137871
2019-08-02,2.37,2.73,2.32,2.60,83133
2019-08-05,2.60,2.60,2.23,2.41,110897
2019-08-06,2.41,2.55,2.41,2.46,45511
2019-08-07,2.41,2.64,2.41,2.50,66007
2019-08-08,2.55,2.64,2.46,2.46,38385
2019-08-09,2.50,2.60,2.46,2.55,93029
2019-08-13,2.55,2.69,2.55,2.69,35560
2019-08-14,2.60,2.82,2.55,2.69,28855
2019-08-16,2.69,2.69,2.60,2.64,16036
2019-08-19,2.60,2.69,2.46,2.46,79615
2019-08-20,2.64,2.64,2.41,2.46,24996
2019-08-21,2.55,2.55,2.46,2.46,9751
2019-08-22,2.37,2.50,2.32,2.32,13512
2019-08-23,2.46,2.73,2.32,2.41,52809
2019-08-26,2.55,2.60,2.23,2.41,81929
2019-08-27,2.41,2.50,2.37,2.41,23658
2019-08-28,2.41,2.55,2.37,2.41,39461
2019-08-29,2.41,2.46,2.32,2.41,11710
2019-08-30,2.37,2.46,2.37,2.46,16681
2019-09-03,2.37,2.64,2.32,2.50,54309
2019-09-04,2.55,2.69,2.46,2.50,28564
2019-09-05,2.55,2.55,2.37,2.46,47526
2019-09-06,2.55,2.55,2.37,2.46,21166
2019-09-09,2.46,2.50,2.23,2.46,13010
2019-09-11,2.41,2.91,2.41,2.87,155997
2019-09-12,2.87,3.14,2.78,2.82,92537
2019-09-13,2.96,2.96,2.50,2.69,58570
2019-09-16,2.73,2.91,2.64,2.91,39351
2019-09-17,2.87,2.91,2.60,2.73,95502
2019-09-18,2.60,2.73,2.60,2.69,42710
2019-09-19,2.73,2.78,2.64,2.69,19115
2019-09-20,2.69,2.82,2.64,2.69,89730
2019-09-23,2.82,2.82,2.73,2.82,48552
2019-09-24,2.82,2.96,2.73,2.82,56924
2019-09-25,2.87,2.87,2.69,2.69,21363
2019-09-26,2.69,2.87,2.55,2.78,61814
2019-09-27,2.82,2.82,2.55,2.69,88415
2019-09-30,2.69,2.73,2.55,2.60,56863
2019-10-01,2.69,2.73,2.50,2.64,33997
2019-10-03,2.46,2.73,2.46,2.69,20633
2019-10-04,2.64,2.73,2.32,2.69,40995
2019-10-07,2.69,2.69,2.55,2.60,14637
2019-10-09,2.60,2.69,2.55,2.60,14529
2019-10-10,2.69,2.69,2.46,2.55,27891
2019-10-11,2.55,2.60,2.41,2.55,16796
2019-10-14,2.60,2.60,2.41,2.46,40024
2019-10-15,2.50,2.60,2.23,2.41,63989
2019-10-16,2.37,2.55,2.28,2.32,73436
2019-10-17,2.32,2.46,2.32,2.41,54597
2019-10-18,2.46,2.46,2.37,2.46,27319
2019-10-22,2.46,2.50,2.41,2.41,15029
2019-10-23,2.41,2.50,2.37,2.37,28980
2019-10-24,2.37,2.50,2.37,2.46,23296
2019-10-25,2.46,2.64,2.32,2.50,56873
2019-10-29,2.50,2.50,2.37,2.46,56993
2019-10-30,2.50,2.55,2.37,2.46,16045
2019-10-31,2.50,2.50,2.41,2.46,23707
2019-11-01,2.41,2.60,2.41,2.50,50767
2019-11-04,2.46,2.60,2.46,2.50,37716
2019-11-05,2.50,3.01,2.50,2.69,124389
2019-11-06,2.60,2.73,2.55,2.64,52591
2019-11-07,2.64,2.73,2.50,2.60,129972
2019-11-08,2.60,2.69,2.55,2.60,26664
2019-11-11,2.60,2.69,2.55,2.64,59190
2019-11-13,2.64,2.64,2.46,2.50,70048
2019-11-14,2.46,2.60,2.46,2.50,19764
2019-11-15,2.60,2.60,2.46,2.50,25751
2019-11-18,2.41,2.60,2.41,2.55,22109
2019-11-19,2.46,2.55,2.46,2.50,21410
2019-11-20,2.46,2.50,2.32,2.41,49844
2019-11-21,2.41,2.60,2.37,2.55,60473
2019-11-22,2.50,2.60,2.41,2.55,16118
2019-11-25,2.46,2.64,2.41,2.50,71887
2019-11-26,2.55,2.55,2.41,2.46,32059
2019-11-27,2.50,2.50,2.41,2.46,26824
2019-11-28,2.50,2.50,2.41,2.46,17296
2019-11-29,2.46,2.50,2.37,2.46,51076
2019-12-02,2.50,2.50,2.32,2.41,25897
2019-12-03,2.50,2.50,2.37,2.37,49996
2019-12-04,2.37,2.41,2.28,2.37,91950
2019-12-05,2.41,2.46,2.23,2.37,112677
2019-12-06,2.41,2.41,2.28,2.32,53855
2019-12-09,2.32,2.37,2.28,2.32,16123
2019-12-10,2.32,2.32,2.23,2.28,50621
2019-12-11,2.28,2.37,2.19,2.23,64359
2019-12-12,2.23,2.28,2.05,2.19,117202
2019-12-13,2.23,2.32,2.19,2.28,29994
2019-12-16,2.28,2.32,2.19,2.23,68284
2019-12-17,2.23,2.23,2.05,2.19,58822
2019-12-18,2.19,2.19,2.05,2.09,103258
2019-12-19,2.19,2.41,2.05,2.32,117639
2019-12-20,2.41,2.46,2.28,2.41,80528
2019-12-23,2.41,2.41,2.19,2.23,47963
2019-12-24,2.37,2.37,2.14,2.28,68109
2019-12-26,2.32,2.32,2.23,2.28,51716
2019-12-27,2.28,2.37,2.19,2.37,94337
2019-12-30,2.37,2.37,2.28,2.37,11849
2019-12-31,2.37,2.41,2.28,2.37,30031
2020-01-01,2.37,2.41,2.28,2.37,29658
2020-01-02,2.28,2.37,2.28,2.37,74595
2020-01-03,2.37,2.37,2.28,2.28,105322
2020-01-06,2.32,2.32,2.19,2.23,29178
2020-01-07,2.32,2.37,2.23,2.32,65353
2020-01-08,2.32,2.32,2.14,2.23,55293
2020-01-09,2.23,2.32,2.14,2.28,117067
2020-01-10,2.28,2.28,1.82,2.19,196406
2020-01-13,2.23,2.23,2.14,2.23,62532
2020-01-14,2.23,2.64,2.19,2.60,378444
2020-01-15,2.87,3.10,2.64,3.10,807227
2020-01-16,3.46,3.60,3.10,3.46,892943
2020-01-17,3.32,3.42,3.14,3.19,215240
2020-01-20,3.19,3.23,2.87,2.91,162714
2020-01-21,2.78,3.14,2.73,3.10,104597
2020-01-22,3.10,3.10,2.87,2.96,90491
2020-01-23,2.87,3.05,2.73,2.82,140356
2020-01-24,2.78,3.10,2.78,2.96,405745
2020-01-27,2.96,3.01,2.87,2.87,62988
2020-01-28,2.82,2.91,2.78,2.82,132066
2020-01-29,2.91,2.91,2.78,2.87,62758
2020-01-30,2.82,2.91,2.73,2.78,54741
2020-01-31,2.73,2.78,2.64,2.69,70406
2020-02-01,2.78,2.78,2.50,2.55,57933
2020-02-03,2.46,2.60,2.41,2.46,45822
2020-02-04,2.46,2.69,2.46,2.55,103017
2020-02-05,2.64,2.78,2.50,2.55,44905
2020-02-06,2.64,2.69,2.55,2.60,56215
2020-02-07,2.64,2.64,2.50,2.60,49223
2020-02-10,2.55,2.69,2.50,2.55,71266
2020-02-11,2.60,2.60,2.50,2.50,37274
2020-02-12,2.50,2.55,2.50,2.50,49567
2020-02-13,2.50,2.50,2.41,2.46,13119
2020-02-14,2.46,2.50,2.41,2.50,38185
2020-02-17,2.37,2.46,2.28,2.37,136335
2020-02-18,2.19,2.37,2.19,2.32,83821
2020-02-19,2.32,2.41,2.23,2.28,113050
2020-02-20,2.28,2.46,2.23,2.41,102449
2020-02-24,2.28,2.37,2.28,2.28,71993
2020-02-25,2.28,2.37,2.23,2.32,61053
2020-02-26,2.41,2.41,2.23,2.28,16617
2020-02-27,2.32,2.32,2.23,2.23,15619
2020-02-28,2.19,2.23,2.14,2.19,45155
2020-03-02,2.19,2.28,2.09,2.14,49589
2020-03-03,2.14,2.28,2.14,2.14,22147
2020-03-04,2.14,2.23,1.96,2.05,165166
2020-03-05,2.05,2.19,2.05,2.09,14019
2020-03-06,2.05,2.14,1.96,2.05,30836
2020-03-09,1.91,2.09,1.87,2.00,100680
2020-03-11,2.00,2.09,1.91,2.00,41563
2020-03-12,2.00,2.00,1.82,1.82,185205
2020-03-13,1.68,1.91,1.64,1.87,235319
2020-03-16,1.73,1.91,1.73,1.73,82743
2020-03-17,1.68,1.87,1.64,1.68,74212
2020-03-18,1.68,1.78,1.59,1.73,85919
2020-03-19,1.59,1.68,1.59,1.64,49269
2020-03-20,1.59,1.78,1.50,1.55,207465
2020-03-23,1.50,1.55,1.41,1.46,79703
2020-03-24,1.55,1.59,1.32,1.55,99049
2020-03-25,1.68,1.68,1.50,1.64,53709
2020-03-26,1.68,1.73,1.50,1.55,68937
2020-03-27,1.55,1.59,1.41,1.46,116098
2020-03-30,1.46,1.55,1.37,1.41,57682
2020-03-31,1.41,1.55,1.41,1.55,74458
2020-04-01,1.55,1.55,1.41,1.50,49285
2020-04-03,1.46,1.64,1.46,1.59,66710
2020-04-07,1.59,1.73,1.59,1.64,60422
2020-04-08,1.64,1.78,1.59,1.73,79814
2020-04-09,1.82,2.00,1.78,1.91,114247
2020-04-13,2.05,2.19,1.73,1.87,215353
2020-04-15,1.91,2.00,1.82,1.91,94823
2020-04-16,1.91,2.28,1.82,2.28,513386
2020-04-17,2.60,2.69,2.41,2.64,774004
2020-04-20,2.73,2.78,2.41,2.46,258792
2020-04-21,2.37,2.37,2.23,2.28,163317
2020-04-22,2.28,2.46,2.23,2.41,102839
2020-04-23,2.46,2.46,2.32,2.41,46247
2020-04-24,2.41,2.41,2.23,2.28,59631
2020-04-27,2.37,2.37,2.14,2.32,38822
2020-04-28,2.37,2.41,2.23,2.32,71893
2020-04-29,2.28,2.55,2.09,2.37,451171
2020-04-30,2.41,2.41,2.28,2.32,91720
2020-05-04,2.28,2.32,2.19,2.28,81833
2020-05-05,2.32,2.32,2.23,2.23,36249
2020-05-06,2.28,2.28,2.19,2.28,50718
2020-05-07,2.28,2.28,2.19,2.19,94058
2020-05-08,2.19,2.28,2.14,2.14,52880
2020-05-11,2.23,2.23,2.00,2.09,158536
2020-05-12,2.09,2.14,2.00,2.05,51121
2020-05-13,2.05,2.23,2.00,2.23,237323
2020-05-14,2.19,2.28,2.14,2.19,87414
2020-05-15,2.19,2.19,2.14,2.14,10195
2020-05-18,2.19,2.23,2.00,2.00,84273
2020-05-19,2.05,2.05,1.91,1.96,63801
2020-05-20,1.87,2.00,1.87,1.96,31506
2020-05-21,2.00,2.05,1.91,1.96,29643
2020-05-22,1.87,2.05,1.87,2.00,26608
2020-05-26,1.96,2.05,1.91,1.96,22744
2020-05-27,1.96,2.05,1.91,2.00,27286
2020-05-28,2.05,2.14,1.96,2.00,88414
2020-05-29,1.96,2.09,1.96,2.05,32791
2020-06-01,2.09,2.23,2.00,2.23,103777
2020-06-02,2.28,2.41,2.23,2.41,268644
2020-06-03,2.50,2.64,2.37,2.41,296820
2020-06-04,2.37,2.46,2.28,2.37,128314
2020-06-05,2.41,2.82,2.28,2.82,1134537
2020-06-08,3.23,3.37,2.91,3.05,1398407
2020-06-09,3.14,3.28,2.55,2.82,530227
2020-06-10,2.73,3.01,2.73,2.87,273565
2020-06-11,2.91,3.10,2.64,2.96,834386
2020-06-12,2.55,3.01,2.55,2.91,270950
2020-06-15,3.05,3.05,2.82,2.82,341621
2020-06-16,2.87,3.37,2.82,3.37,2639890
2020-06-17,3.46,4.01,3.42,4.01,1917782
2020-06-18,4.37,4.37,4.37,4.37,182056
2020-06-19,4.78,4.78,4.78,4.78,193877
2020-06-22,5.24,5.24,5.24,5.24,179689
2020-06-23,5.46,5.46,5.46,5.46,249213
2020-06-24,5.74,5.74,5.74,5.74,216261
2020-06-25,5.97,5.97,5.46,5.46,1246260
2020-06-26,5.19,5.19,5.19,5.19,287227
2020-06-29,4.96,4.96,4.96,4.96,102100
2020-06-30,4.74,4.74,4.74,4.74,76554
2020-07-01,4.51,4.51,4.51,4.51,69190
2020-07-02,4.33,4.33,4.33,4.33,54257
2020-07-03,4.14,4.14,4.14,4.14,90327
2020-07-06,3.96,4.33,3.96,4.33,1431629
2020-07-07,4.51,4.51,4.14,4.51,912940
2020-07-08,4.51,4.69,4.33,4.64,724746
2020-07-09,4.74,4.74,4.42,4.42,272484
2020-07-10,4.23,4.46,4.23,4.23,292854
2020-07-13,4.10,4.14,4.05,4.05,131587
2020-07-14,3.87,3.87,3.87,3.87,35393
2020-07-15,3.69,3.69,3.69,3.69,20365
2020-07-16,3.51,3.83,3.51,3.69,565268
2020-07-17,3.60,3.83,3.55,3.73,269929
2020-07-20,3.92,3.92,3.78,3.92,88620
2020-07-21,4.10,4.10,4.05,4.10,54900
2020-07-22,4.28,4.28,3.92,3.92,404851
2020-07-23,3.96,3.96,3.73,3.73,349399
2020-07-24,3.69,3.92,3.55,3.64,341061
2020-07-27,3.64,3.83,3.55,3.83,337393
2020-07-28,4.01,4.01,3.83,3.92,473903
2020-07-29,3.92,3.92,3.73,3.73,109767
2020-07-30,3.55,3.73,3.55,3.60,137294
2020-07-31,3.64,3.69,3.55,3.64,144224
2020-08-03,3.55,3.73,3.51,3.64,143818
2020-08-04,3.55,3.64,3.46,3.55,240225
2020-08-05,3.55,3.64,3.51,3.60,156546
2020-08-06,3.55,3.60,3.51,3.55,198059
2020-08-07,3.60,3.64,3.46,3.60,128486
2020-08-10,3.69,3.92,3.55,3.92,321957
2020-08-11,4.05,4.28,4.05,4.28,530106
2020-08-12,4.37,4.64,4.33,4.42,901563
2020-08-13,4.46,4.51,4.23,4.23,297972
2020-08-14,4.28,4.33,4.05,4.05,201013
2020-08-17,3.92,4.01,3.87,3.87,81279
2020-08-18,3.69,4.05,3.69,4.05,330533
2020-08-19,4.14,4.14,3.92,3.96,214815
2020-08-20,4.05,4.05,3.83,3.87,194122
2020-08-21,3.92,3.96,3.78,3.87,111492
2020-08-24,3.87,3.96,3.87,3.92,124578
2020-08-25,3.92,3.92,3.83,3.83,122598
2020-08-26,3.83,3.96,3.78,3.87,120821
2020-08-27,3.92,3.96,3.83,3.87,80965
2020-08-28,3.92,3.96,3.69,3.73,242304
2020-08-31,3.69,3.78,3.55,3.60,184150
2020-09-01,3.64,3.69,3.55,3.64,49417
2020-09-02,3.64,3.64,3.46,3.60,104847
2020-09-03,3.64,3.64,3.55,3.55,58997
2020-09-04,3.64,3.69,3.46,3.51,84523
2020-09-07,3.51,3.60,3.37,3.46,239849
2020-09-08,3.55,3.60,3.42,3.60,83916
2020-09-09,3.60,3.60,3.46,3.46,61730
2020-09-10,3.55,3.55,3.42,3.46,42880
2020-09-11,3.46,3.60,3.37,3.46,130093
2020-09-14,3.42,3.60,3.32,3.37,257597
2020-09-15,3.42,3.42,3.32,3.37,141873
2020-09-16,3.42,3.42,3.28,3.28,63599
2020-09-17,3.32,3.32,3.14,3.23,134469
2020-09-18,3.28,3.28,3.10,3.10,68224
2020-09-21,3.14,3.14,2.96,2.96,122011
2020-09-22,2.82,3.10,2.82,3.10,135486
2020-09-23,3.23,3.23,3.01,3.19,91687
2020-09-24,3.23,3.23,3.05,3.10,49686
2020-09-25,3.14,3.23,3.01,3.14,96299
2020-09-28,3.28,3.28,3.05,3.23,105125
2020-09-29,3.19,3.23,3.10,3.14,100653
2020-09-30,3.14,3.14,3.01,3.05,45135
2020-10-01,3.14,3.19,3.01,3.01,73233
2020-10-05,3.01,3.14,2.87,3.14,236391
2020-10-06,3.28,3.28,3.28,3.28,62859
2020-10-07,3.42,3.42,3.32,3.42,185274
2020-10-08,3.51,3.73,3.37,3.73,520260
2020-10-09,3.78,3.96,3.42,3.60,323907
2020-10-12,3.60,3.60,3.28,3.28,187141
2020-10-13,3.28,3.60,3.14,3.46,363784
2020-10-14,3.46,3.46,3.28,3.32,63727
2020-10-15,3.23,3.42,3.19,3.23,79358
2020-10-16,3.37,3.42,3.19,3.37,147622
2020-10-19,3.51,3.51,3.19,3.23,133173
2020-10-20,3.23,3.28,3.01,3.19,51689
2020-10-21,3.19,3.19,3.01,3.10,116722
2020-10-22,3.14,3.37,3.01,3.32,170029
2020-10-23,3.23,3.46,3.19,3.28,192148
2020-10-26,3.37,3.37,3.23,3.32,161177
2020-10-27,3.32,3.32,3.19,3.23,92152
2020-10-28,3.23,3.28,3.14,3.14,48828
2020-10-29,3.14,3.14,3.01,3.05,59194
2020-10-30,3.14,3.14,3.05,3.10,31341
2020-11-02,3.14,3.14,3.01,3.01,180742
2020-11-03,3.01,3.05,2.96,3.01,85354
2020-11-04,2.91,3.01,2.91,2.96,38754
2020-11-05,2.96,3.14,2.91,3.01,87068
2020-11-06,2.96,3.05,2.96,3.01,30881
2020-11-09,3.10,3.10,2.96,3.01,75005
2020-11-10,3.05,3.14,2.96,3.05,80772
2020-11-11,3.01,3.10,2.96,3.05,56193
2020-11-12,3.01,3.32,3.01,3.28,211121
2020-11-13,3.28,3.37,3.14,3.23,173062
2020-11-14,3.32,3.32,3.23,3.28,23679
2020-11-17,3.51,3.60,3.28,3.55,429739
2020-11-18,3.55,3.73,3.37,3.51,221564
2020-11-19,3.32,3.51,3.23,3.28,119804
2020-11-20,3.19,3.51,3.19,3.32,227175
2020-11-23,3.28,3.37,3.23,3.32,67146
2020-11-24,3.28,3.32,3.23,3.23,57184
2020-11-25,3.23,3.55,3.23,3.42,155376
2020-11-26,3.51,3.73,3.32,3.60,284356
2020-11-27,3.69,3.69,3.37,3.46,86254
2020-12-01,3.60,3.60,3.37,3.51,82218
2020-12-02,3.51,3.83,3.37,3.73,293020
2020-12-03,3.73,4.10,3.64,4.10,900843
2020-12-04,4.33,4.51,3.87,4.42,1141137
2020-12-07,5.10,5.28,4.74,5.28,602672
2020-12-08,5.87,6.33,5.37,6.19,4077286
2020-12-09,6.38,6.56,5.51,5.69,1427414
2020-12-10,5.78,5.78,4.55,4.96,1864018
2020-12-11,5.10,5.92,5.10,5.87,1947991
2020-12-14,6.10,6.10,4.74,5.56,838347
2020-12-15,5.51,5.92,5.10,5.46,518323
2020-12-16,5.60,5.74,5.05,5.37,307102
2020-12-17,5.46,5.56,5.15,5.24,246526
2020-12-18,5.24,5.24,5.01,5.01,74488
2020-12-21,4.96,4.96,4.78,4.78,157060
2020-12-22,4.55,4.74,4.55,4.55,52624
2020-12-23,4.51,4.51,4.33,4.33,159537
2020-12-24,4.19,4.51,4.19,4.51,147601
2020-12-28,4.69,4.69,4.33,4.69,151169
2020-12-29,4.78,4.92,4.60,4.87,194966
2020-12-30,4.92,5.05,4.64,4.78,114804
2020-12-31,4.55,4.92,4.55,4.78,125746
2021-01-01,4.78,4.87,4.60,4.74,95625
2021-01-04,4.87,4.96,4.78,4.96,161959
2021-01-05,4.96,4.96,4.74,4.87,131056
2021-01-06,4.92,4.96,4.74,4.83,127943
2021-01-07,4.92,5.01,4.74,4.92,274569
2021-01-08,4.92,4.96,4.69,4.78,126890
2021-01-11,4.92,5.01,4.60,4.74,135783
2021-01-12,4.92,4.96,4.69,4.78,69366
2021-01-13,4.64,4.87,4.64,4.69,109812
2021-01-14,4.74,4.83,4.60,4.60,68183
2021-01-15,4.60,4.78,4.37,4.55,118588
2021-01-18,4.60,4.78,4.37,4.55,242073
2021-01-19,4.69,4.74,4.42,4.55,38151
2021-01-20,4.55,4.78,4.46,4.51,261437
2021-01-21,4.64,4.69,4.37,4.55,130755
2021-01-22,4.64,4.69,4.46,4.46,75370
2021-01-25,4.60,4.60,4.28,4.28,85197
2021-01-27,4.46,4.46,4.10,4.10,70705
2021-01-28,4.19,4.28,3.92,4.10,104021
2021-01-29,4.19,4.23,3.96,4.10,75607
2021-02-01,4.19,4.28,4.01,4.19,86513
2021-02-02,4.33,4.33,4.10,4.14,121064
2021-02-03,4.14,4.33,4.10,4.28,132122
2021-02-04,4.28,4.46,4.19,4.46,135708
2021-02-05,4.46,4.87,4.33,4.46,361999
2021-02-08,4.55,4.74,4.28,4.33,120866
2021-02-09,4.37,4.37,4.19,4.23,79195
2021-02-10,4.10,4.37,4.10,4.23,128233
2021-02-11,4.23,4.37,4.14,4.33,114970
2021-02-12,4.33,4.37,4.19,4.28,63366
2021-02-15,4.42,4.42,4.14,4.19,56298
2021-02-16,4.19,4.23,4.05,4.14,64056
2021-02-17,4.23,4.23,4.10,4.19,81454
2021-02-18,4.19,4.19,4.01,4.05,139406
2021-02-19,4.05,4.19,3.96,4.05,140780
2021-02-22,4.01,4.14,4.01,4.05,83332
2021-02-23,4.05,4.14,4.01,4.05,53943
2021-02-24,4.05,4.14,3.96,4.10,53005
2021-02-25,4.01,4.10,3.78,3.83,399941
2021-02-26,3.87,3.92,3.78,3.92,80142
2021-03-01,4.01,4.23,3.87,4.14,325561
2021-03-02,4.23,4.42,4.10,4.33,260642
2021-03-03,4.42,4.51,4.10,4.46,194373
2021-03-04,4.55,4.55,4.28,4.42,139595
2021-03-05,4.42,4.42,4.01,4.23,160254
2021-03-08,4.37,4.37,4.10,4.14,126035
2021-03-09,4.23,4.33,4.19,4.19,89527
2021-03-10,4.28,4.28,4.10,4.19,57843
2021-03-12,4.10,4.28,4.10,4.19,90533
2021-03-15,4.19,4.23,4.01,4.05,59205
2021-03-16,4.23,4.23,4.01,4.14,80672
2021-03-17,4.23,4.23,3.73,3.78,535935
2021-03-18,3.87,3.96,3.69,3.92,159464
2021-03-19,3.92,3.92,3.64,3.78,87334
2021-03-22,3.78,3.83,3.64,3.73,85038
2021-03-23,3.87,3.87,3.64,3.73,55250
2021-03-24,3.78,3.78,3.60,3.64,68209
2021-03-25,3.78,3.78,3.46,3.55,96793
2021-03-26,3.55,3.69,3.46,3.51,131841
2021-03-30,3.73,3.73,3.51,3.73,65255
2021-03-31,3.64,3.92,3.64,3.87,123008
2021-04-01,3.87,4.19,3.87,4.14,201919
2021-04-05,4.01,4.28,3.87,4.05,159175
2021-04-06,4.10,4.10,3.87,4.05,82259
2021-04-07,3.92,4.14,3.92,4.05,126677
2021-04-08,4.19,4.83,4.14,4.83,866993
2021-04-09,4.96,5.10,4.28,4.42,891900
2021-04-12,4.42,4.42,3.92,4.01,289976
2021-04-13,4.01,4.28,4.01,4.14,127381
2021-04-15,4.14,4.14,3.78,4.01,97310
2021-04-16,4.10,4.37,4.01,4.14,151871
2021-04-19,3.87,4.10,3.73,4.01,59575
2021-04-20,3.92,4.78,3.92,4.37,944593
2021-04-22,4.42,4.55,4.28,4.46,174542
2021-04-23,4.55,4.60,4.37,4.42,188797
2021-04-26,4.28,4.78,4.28,4.69,315428
2021-04-27,4.74,4.78,4.60,4.69,200691
2021-04-28,4.60,4.92,4.60,4.64,239270
2021-04-29,4.69,4.96,4.46,4.60,87193
2021-04-30,4.83,4.83,4.55,4.64,89083
2021-05-03,4.64,5.56,4.46,5.56,2735835
2021-05-04,5.87,6.24,4.69,5.05,1384089
2021-05-05,5.24,5.56,5.10,5.24,226248
2021-05-06,5.19,5.33,4.69,4.92,234509
2021-05-07,5.10,5.33,5.05,5.19,451789
2021-05-10,5.24,6.10,5.24,5.92,1645132
2021-05-11,6.06,6.47,5.74,6.06,1479351
2021-05-12,6.10,6.79,5.46,6.51,2819989
2021-05-14,6.69,6.92,6.06,6.33,1240135
2021-05-17,6.38,6.42,6.15,6.19,548560
2021-05-18,6.19,6.47,6.01,6.06,286284
2021-05-19,6.24,6.33,5.87,6.01,633656
2021-05-20,5.97,6.24,5.87,5.92,374764
2021-05-21,6.06,6.10,5.74,5.78,476196
2021-05-24,5.83,5.83,5.56,5.69,228466
2021-05-25,5.78,5.78,5.51,5.56,245401
2021-05-26,5.56,6.28,5.51,6.10,892826
2021-05-27,6.10,6.24,5.87,5.92,569735
2021-05-28,6.01,6.88,5.92,6.28,2962121
2021-05-31,6.33,6.92,6.19,6.33,720474
2021-06-01,6.47,6.47,6.01,6.10,353027
2021-06-02,6.19,6.65,5.74,6.60,1488487
2021-06-03,6.65,7.01,6.56,6.65,885743
2021-06-04,6.79,6.88,6.42,6.60,428396
2021-06-07,6.74,6.83,6.47,6.56,359787
2021-06-08,6.65,6.65,6.38,6.42,500360
2021-06-09,6.47,7.65,6.06,6.65,3974947
2021-06-10,6.79,7.97,6.65,7.83,4518964
2021-06-11,8.38,8.83,7.38,7.56,4345860
2021-06-14,7.65,7.83,7.29,7.65,1070427
2021-06-15,7.74,7.88,7.51,7.65,563494
2021-06-16,7.79,9.15,7.65,9.15,15869535
2021-06-17,9.15,10.75,8.88,9.79,11120179
2021-06-18,10.02,10.02,8.83,9.02,3428288
2021-06-21,9.02,9.24,8.47,8.93,1173865
2021-06-22,9.11,9.43,8.93,9.06,1130858
2021-06-23,9.34,9.34,8.79,8.88,621879
2021-06-24,8.97,9.02,8.47,8.52,624440
2021-06-25,8.61,8.65,7.92,8.29,692977
2021-06-28,8.65,9.11,8.24,9.11,1530936
2021-06-29,9.24,9.74,8.93,9.24,1765290
2021-06-30,9.56,9.74,8.83,9.11,821146
2021-07-01,9.52,9.52,9.02,9.06,520481
2021-07-02,9.11,9.20,8.65,8.74,495737
2021-07-05,8.79,9.61,8.61,9.38,1432673
2021-07-06,9.47,9.47,8.93,9.02,716424
2021-07-07,9.02,9.02,8.74,8.83,322634
2021-07-08,8.74,9.02,8.06,8.56,528597
2021-07-09,8.65,8.93,8.29,8.65,445349
2021-07-12,8.93,8.93,8.47,8.52,305392
2021-07-13,8.52,8.70,8.47,8.56,267745
2021-07-14,8.56,9.38,8.42,9.20,1795259
2021-07-15,9.24,9.47,9.20,9.29,602960
2021-07-16,9.43,9.52,8.97,9.02,434111
2021-07-19,9.02,9.20,8.79,8.93,347602
2021-07-20,8.97,9.11,8.47,8.65,327280
2021-07-22,8.65,8.97,8.65,8.79,221095
2021-07-23,8.93,8.93,8.38,8.47,359037
2021-07-26,8.65,8.74,8.47,8.52,161732
2021-07-27,8.70,8.88,8.47,8.56,256114
2021-07-28,8.38,8.65,8.29,8.33,184399
2021-07-29,8.42,8.61,8.24,8.47,236065
2021-07-30,8.65,9.24,8.24,8.88,1296483
2021-08-02,9.52,9.52,8.93,9.11,508264
2021-08-03,9.20,9.20,8.65,8.79,467519
2021-08-04,8.93,9.06,8.42,8.52,410079
2021-08-05,8.61,8.61,8.29,8.52,250774
2021-08-06,8.79,10.15,8.74,10.02,4779781
2021-08-09,10.47,12.02,10.11,12.02,10301250
2021-08-10,12.30,12.39,10.84,10.84,5805480
2021-08-11,10.47,10.56,9.79,10.11,2039039
2021-08-12,10.34,11.11,10.15,11.11,1800447
2021-08-13,11.29,11.75,10.75,11.07,2473042
2021-08-16,10.43,10.88,9.97,10.02,1423575
2021-08-17,10.02,10.34,9.34,9.61,725188
2021-08-18,10.15,10.15,9.29,9.47,355038
2021-08-20,9.29,9.43,8.88,9.06,787895
2021-08-23,9.43,9.79,8.20,8.29,1033785
2021-08-24,8.29,8.47,8.06,8.33,571955
2021-08-25,8.42,8.42,8.20,8.33,253710
2021-08-26,8.24,8.52,8.01,8.29,164964
2021-08-27,8.20,8.70,8.20,8.70,399002
2021-08-30,8.79,9.06,8.47,9.02,343258
2021-08-31,9.11,9.11,8.74,8.79,241231
2021-09-01,9.02,9.02,8.65,8.70,103634
2021-09-02,8.61,8.79,8.47,8.47,265159
2021-09-03,8.47,8.74,8.47,8.56,255554
2021-09-06,8.56,8.74,8.47,8.52,213099
2021-09-07,8.65,8.65,8.42,8.61,265978
2021-09-08,8.74,8.74,8.52,8.61,141259
2021-09-09,8.56,8.88,8.52,8.74,199580
2021-09-13,8.70,9.15,8.61,9.15,439173
2021-09-14,9.43,9.56,9.02,9.06,428680
2021-09-15,8.93,9.15,8.65,8.88,286821
2021-09-16,8.97,9.02,8.56,8.74,504191
2021-09-17,8.83,8.88,8.56,8.65,257631
2021-09-20,8.56,8.70,8.47,8.56,289601
2021-09-21,8.47,8.56,8.33,8.42,264372
2021-09-22,8.52,8.56,8.38,8.42,182245
2021-09-23,8.52,8.52,8.06,8.20,342946
2021-09-24,8.33,8.38,8.15,8.24,229546
2021-09-27,8.38,8.38,8.01,8.15,284900
2021-09-28,8.24,8.29,8.11,8.15,220591
2021-09-29,8.15,8.24,8.06,8.15,167323
2021-09-30,8.15,8.42,8.15,8.24,153332
2021-10-01,8.33,8.33,8.20,8.24,127515
2021-10-04,8.33,8.61,8.11,8.38,380021
2021-10-05,8.38,8.79,8.38,8.79,354677
2021-10-06,8.79,8.97,8.47,8.56,344067
2021-10-07,8.01,8.52,8.01,8.38,348257
2021-10-08,8.38,8.65,8.29,8.56,198249
2021-10-11,8.74,8.83,7.88,8.47,378206
2021-10-12,8.38,8.65,8.29,8.52,223859
2021-10-13,8.42,8.65,8.29,8.42,304000
2021-10-14,8.42,8.61,8.29,8.38,283924
2021-10-18,8.38,8.61,8.38,8.47,320800
2021-10-19,8.65,8.65,8.38,8.38,318558
2021-10-20,8.38,8.52,8.01,8.29,211932
2021-10-21,8.15,8.42,8.15,8.24,153574
2021-10-22,8.20,8.33,8.11,8.20,216216
2021-10-25,8.15,8.56,8.11,8.20,204678
2021-10-26,8.20,8.33,8.15,8.20,154003
2021-10-27,8.24,8.33,8.15,8.15,84945
2021-10-28,8.11,8.15,7.60,7.83,312132
2021-10-29,8.06,8.20,7.15,7.33,419096
2021-11-01,7.38,7.88,7.33,7.60,185704
2021-11-02,7.79,7.92,7.38,7.51,193389
2021-11-03,7.74,7.74,7.51,7.65,115599
2021-11-04,7.65,7.88,7.60,7.74,84336
2021-11-08,7.83,7.83,7.56,7.65,197677
2021-11-09,7.74,7.79,7.60,7.70,358167
2021-11-10,7.70,8.42,7.70,8.20,1157788
2021-11-11,8.24,8.24,7.83,8.01,310502
2021-11-12,8.15,8.70,8.01,8.24,529806
2021-11-15,8.56,8.56,7.92,8.11,272369
2021-11-16,8.11,8.15,7.92,7.92,151853
2021-11-17,7.74,7.97,7.74,7.83,106516
2021-11-18,7.83,7.92,7.70,7.83,103413
2021-11-22,8.01,8.11,7.51,7.56,180080
2021-11-23,7.60,7.79,7.42,7.74,81072
2021-11-24,7.88,8.01,7.74,7.74,177286
2021-11-25,7.88,7.97,7.74,7.88,220586
2021-11-26,7.97,8.11,7.65,7.74,660063
2021-11-29,7.65,7.92,7.33,7.56,315652
2021-11-30,7.65,7.83,7.47,7.70,162396
2021-12-01,7.83,7.97,7.70,7.92,161569
2021-12-02,7.92,7.97,7.74,7.79,110360
2021-12-03,7.79,7.97,7.74,7.79,95245
2021-12-06,7.97,8.01,7.70,7.97,222797
2021-12-07,8.29,9.29,8.24,9.11,2784178
2021-12-08,9.88,9.88,9.11,9.43,1415215
2021-12-09,9.47,11.29,8.93,11.29,5081757
2021-12-10,11.66,12.20,11.25,11.98,4226117
2021-12-13,11.89,12.66,10.79,11.89,3955072
2021-12-14,12.07,12.30,11.48,11.79,1141080
2021-12-15,11.84,11.89,11.25,11.38,706974
2021-12-16,11.38,11.79,10.56,10.70,626622
2021-12-17,10.70,10.93,9.79,10.25,990418
2021-12-20,10.25,10.25,9.34,9.52,479649
2021-12-21,9.97,10.38,9.29,9.74,678710
2021-12-22,10.15,10.61,9.47,10.25,663282
2021-12-23,10.75,10.75,10.11,10.29,479685
2021-12-24,10.29,10.52,9.97,10.15,272197
2021-12-27,10.02,11.02,10.02,10.88,1338947
2021-12-28,11.11,11.79,10.93,11.43,1446246
2021-12-29,11.66,11.98,11.34,11.75,1217341
2021-12-30,11.79,12.07,11.61,11.75,911111
2021-12-31,11.89,12.89,11.84,12.89,2660567
2022-01-03,13.39,13.52,13.16,13.52,915812
2022-01-04,14.16,14.16,12.89,12.93,3381877
2022-01-05,12.34,13.57,12.34,13.30,2184004
2022-01-06,13.21,13.93,12.84,13.66,1567536
2022-01-07,13.89,14.12,13.21,13.39,1032421
2022-01-10,13.57,13.84,13.39,13.48,749239
2022-01-11,13.57,13.57,12.84,12.84,1016767
2022-01-12,13.11,13.11,12.20,12.25,833714
2022-01-13,12.16,12.52,11.70,12.07,662249
2022-01-14,12.07,12.61,11.84,12.52,539812
2022-01-17,12.70,12.80,11.93,12.07,694036
2022-01-18,12.11,12.20,11.66,11.75,479690
2022-01-19,11.48,12.25,11.25,12.16,695849
2022-01-20,12.30,12.57,11.98,12.02,433360
2022-01-21,12.02,12.11,11.66,11.70,277512
2022-01-24,11.57,11.66,11.16,11.16,184242
2022-01-25,10.66,11.11,10.61,10.84,604147
2022-01-27,10.88,11.34,10.47,11.34,670180
2022-01-28,11.89,11.89,11.79,11.89,413424
2022-01-31,12.16,12.34,11.48,11.66,506612
2022-02-01,11.89,11.89,11.38,11.57,340926
2022-02-02,11.75,11.89,11.48,11.57,274366
2022-02-03,11.70,11.75,11.38,11.52,306603
2022-02-04,11.48,11.61,11.43,11.48,190773
2022-02-07,11.61,11.61,11.02,11.16,231248
2022-02-08,11.25,11.34,10.75,10.97,287392
2022-02-09,11.16,11.29,10.79,11.07,269631
2022-02-10,11.25,11.25,10.84,10.93,198715
2022-02-11,10.88,11.02,10.79,10.93,138849
2022-02-14,10.70,10.70,9.84,9.97,466035
2022-02-15,9.61,10.29,9.61,10.20,240150
2022-02-16,10.29,11.20,10.29,10.79,1023659
2022-02-17,10.79,10.93,10.47,10.56,230792
2022-02-18,10.43,10.66,10.25,10.56,162278
2022-02-21,10.47,10.79,9.65,10.02,386194
2022-02-22,9.65,9.84,9.15,9.29,431829
2022-02-23,9.38,9.79,9.24,9.52,228571
2022-02-24,9.11,9.52,8.65,8.70,539935
2022-02-25,9.43,9.43,8.97,9.20,307369
2022-02-28,9.11,9.61,8.65,9.43,379154
2022-03-02,9.52,10.34,9.24,10.34,716232
2022-03-03,11.11,11.34,10.84,11.34,1054564
2022-03-04,11.52,12.43,11.38,11.84,2978345
2022-03-07,11.84,11.84,11.25,11.34,687198
2022-03-08,11.52,11.75,11.43,11.57,297492
2022-03-09,11.89,11.89,11.20,11.29,491381
2022-03-10,11.38,11.57,10.93,11.07,284030
2022-03-11,11.11,11.34,10.70,11.20,217724
2022-03-14,11.48,11.48,11.02,11.11,165416
2022-03-15,11.02,11.20,10.79,10.93,197358
2022-03-16,10.88,11.16,10.66,10.97,219526
2022-03-17,11.11,11.16,10.70,10.79,260283
2022-03-21,10.79,11.02,10.66,10.79,208243
2022-03-22,10.84,10.84,10.61,10.66,104454
2022-03-23,10.79,10.79,10.25,10.34,234064
2022-03-24,10.34,10.84,10.20,10.75,469722
2022-03-25,10.93,11.11,10.34,10.47,251274
2022-03-28,10.66,10.66,10.06,10.20,143428
2022-03-29,10.06,10.29,9.84,9.97,162393
2022-03-30,10.29,10.29,9.52,9.65,395796
2022-03-31,9.93,10.11,9.38,9.43,333489
2022-04-01,9.65,9.88,9.34,9.88,232579
2022-04-04,10.06,10.34,9.88,10.25,329573
2022-04-05,10.52,10.75,10.25,10.66,241836
2022-04-06,10.56,10.97,10.56,10.66,287929
2022-04-07,10.84,10.97,10.47,10.61,216105
2022-04-08,10.75,10.75,10.47,10.61,145731
2022-04-11,10.66,10.93,10.61,10.84,175016
2022-04-12,10.93,11.57,10.88,11.11,695554
2022-04-13,11.20,11.29,10.70,10.84,300487
2022-04-18,10.84,10.93,10.29,10.79,217126
2022-04-19,10.97,10.97,10.11,10.56,296913
2022-04-20,10.56,10.97,10.47,10.70,215339
2022-04-21,10.84,11.29,10.75,10.84,360751
2022-04-22,10.93,10.97,10.70,10.79,144083
2022-04-25,10.61,10.75,10.34,10.52,211363
2022-04-26,10.88,10.88,10.47,10.70,143312
2022-04-27,10.66,10.70,10.02,10.25,273522
2022-04-28,10.38,10.47,10.11,10.29,203977
2022-04-29,10.38,10.43,10.06,10.11,106804
2022-05-02,9.88,10.25,9.88,9.93,103108
2022-05-04,10.02,10.15,9.34,9.52,199880
2022-05-05,9.56,9.79,8.97,9.20,205907
2022-05-06,9.15,9.74,8.93,9.47,143864
2022-05-09,9.29,9.61,8.93,9.20,123691
2022-05-10,9.34,9.34,8.83,8.97,84233
2022-05-11,9.06,9.11,8.42,8.52,141003
2022-05-12,8.52,8.52,7.70,7.88,445640
2022-05-13,7.92,8.56,7.92,8.38,165354
2022-05-16,8.52,8.79,8.29,8.74,71986
2022-05-17,8.88,9.47,8.70,9.20,144500
2022-05-18,9.29,9.84,9.29,9.47,167779
2022-05-19,9.47,9.47,8.88,9.06,111359
2022-05-20,9.24,9.38,9.02,9.11,106705
2022-05-23,9.29,9.29,8.93,9.06,100678
2022-05-24,9.29,9.56,9.15,9.47,218513
2022-05-25,9.56,9.56,8.74,8.88,125504
2022-05-26,9.11,9.11,8.01,8.56,409076
2022-05-27,8.79,9.29,8.38,8.97,382402
2022-05-30,9.11,9.52,9.02,9.34,185103
2022-05-31,9.20,9.65,9.20,9.56,249691
2022-06-01,9.56,9.56,9.29,9.34,124366
2022-06-02,9.20,9.56,9.20,9.52,138375
2022-06-03,9.70,9.79,9.47,9.56,147427
2022-06-06,9.65,9.65,9.29,9.61,130704
2022-06-07,9.65,10.52,9.56,10.15,330406
2022-06-08,10.47,10.66,10.06,10.20,268219
2022-06-09,10.15,10.34,9.88,10.25,228411
2022-06-10,10.02,10.47,10.02,10.38,250107
2022-06-13,10.43,10.43,9.74,9.88,138720
2022-06-14,9.52,10.11,9.43,9.56,120732
2022-06-15,9.79,9.79,9.15,9.29,198237
2022-06-16,9.38,9.52,7.60,8.29,412844
2022-06-17,8.65,8.88,8.24,8.52,200551
2022-06-20,8.65,8.79,8.01,8.11,188703
2022-06-21,8.06,8.52,7.97,8.24,239355
2022-06-22,8.11,8.65,8.11,8.20,109296
2022-06-23,8.38,8.42,8.15,8.29,66853
2022-06-24,8.38,8.97,8.29,8.56,169739
2022-06-27,8.65,9.06,8.65,8.97,126075
2022-06-28,8.97,9.20,8.74,9.06,101678
2022-06-29,9.06,9.11,8.83,8.93,65253
2022-06-30,9.02,9.29,8.83,8.83,49094
2022-07-01,9.02,9.02,8.65,8.74,81509
2022-07-04,8.97,8.97,8.74,8.83,53284
2022-07-05,8.97,9.02,8.79,8.83,32911
2022-07-06,8.74,8.93,8.65,8.79,63341
2022-07-07,8.83,9.20,8.74,8.88,130643
2022-07-08,8.97,9.06,8.79,8.88,115387
2022-07-11,8.97,9.06,8.70,8.79,83350
2022-07-12,8.88,8.93,8.65,8.70,76602
2022-07-13,8.88,8.88,8.65,8.83,55344
2022-07-14,8.83,8.83,8.65,8.70,45661
2022-07-15,8.79,8.79,8.47,8.56,79571
2022-07-18,8.47,8.70,8.47,8.52,66682
2022-07-19,8.52,8.65,8.42,8.56,81024
2022-07-20,8.56,8.79,8.47,8.65,81569
2022-07-21,8.65,8.93,8.47,8.56,194646
2022-07-22,8.74,8.88,8.65,8.79,113239
2022-07-25,8.93,10.06,8.70,9.61,554165
2022-07-26,9.70,10.20,9.29,9.56,519725
2022-07-27,9.56,9.93,9.20,9.47,144722
2022-07-28,9.56,9.74,9.34,9.38,73065
2022-07-29,9.38,9.79,8.97,9.29,215274
2022-08-01,9.24,9.56,9.24,9.47,82688
2022-08-02,9.56,9.56,9.20,9.24,84069
2022-08-03,9.20,9.65,9.20,9.24,139073
2022-08-04,9.52,9.52,9.11,9.15,96363
2022-08-05,9.24,9.52,9.02,9.29,87654
2022-08-08,9.43,9.43,9.20,9.24,65724
2022-08-10,9.15,9.29,9.11,9.15,95135
2022-08-11,9.15,9.29,9.02,9.20,136356
2022-08-12,9.20,9.34,8.61,9.24,147225
2022-08-16,9.34,9.43,9.06,9.24,228633
2022-08-17,9.43,10.02,9.29,9.84,522171
2022-08-18,9.84,11.79,9.61,11.52,3210511
2022-08-19,11.57,13.11,10.75,11.84,4936568
2022-08-22,11.98,13.07,11.48,12.48,4244830
2022-08-23,12.61,12.93,11.52,11.61,1712320
2022-08-24,11.84,12.07,11.48,11.66,471815
2022-08-25,11.57,11.84,11.11,11.20,426085
2022-08-26,11.20,11.43,10.93,10.93,337768
2022-08-29,10.66,11.11,10.47,10.93,299674
2022-08-30,10.97,11.20,10.84,10.93,288235
2022-09-01,10.93,12.57,10.93,12.02,2158264
2022-09-02,12.25,12.93,12.02,12.07,980751
2022-09-05,12.11,13.25,12.11,12.80,1736787
2022-09-06,12.98,13.30,12.30,12.61,837308
2022-09-07,12.43,12.66,12.30,12.39,230060
2022-09-08,12.57,12.93,12.39,12.57,353929
2022-09-09,12.66,13.16,12.25,12.52,1686581
2022-09-12,12.48,12.98,12.43,12.57,348108
2022-09-13,12.02,12.30,11.98,11.98,258104
2022-09-14,11.84,11.84,11.38,11.38,320793
2022-09-15,11.38,11.43,10.93,11.20,137606
2022-09-16,10.93,11.29,10.93,11.02,165547
2022-09-19,11.02,11.25,10.47,10.56,121005
2022-09-20,10.20,10.97,10.20,10.84,74914
2022-09-21,10.93,11.02,10.56,10.84,68637
2022-09-22,11.07,11.07,10.47,10.56,118393
2022-09-23,10.66,10.84,10.15,10.52,82865
2022-09-26,10.34,10.66,10.02,10.43,119153
2022-09-27,10.43,10.93,10.25,10.84,114166
2022-09-28,10.79,10.79,10.43,10.56,52668
2022-09-29,10.47,10.79,10.11,10.34,118017
2022-09-30,10.56,10.84,10.29,10.56,111175
2022-10-03,10.75,10.75,10.15,10.38,79827
2022-10-04,10.56,10.61,10.06,10.43,50237
2022-10-06,10.56,10.61,10.25,10.43,50890
2022-10-07,10.52,10.52,10.11,10.29,102313
2022-10-10,10.34,10.47,9.79,10.38,150037
2022-10-11,10.34,10.47,10.20,10.34,50336
2022-10-12,10.06,10.79,10.06,10.43,65475
2022-10-13,10.61,10.84,10.11,10.34,108578
2022-10-14,10.47,10.47,10.25,10.34,44446
2022-10-17,10.34,10.38,10.06,10.15,67850
2022-10-18,10.25,10.38,10.06,10.20,84449
2022-10-19,10.20,10.34,10.02,10.11,41364
2022-10-20,10.20,10.29,9.61,9.88,128107
2022-10-21,9.84,10.02,9.43,9.97,181694
2022-10-24,10.20,10.20,9.65,10.06,33823
2022-10-25,10.02,10.11,9.65,9.93,69416
2022-10-27,9.74,10.34,9.70,10.29,133476
2022-10-28,10.34,10.38,9.93,10.25,106375
2022-10-31,10.43,10.47,9.74,9.97,280792
2022-11-01,10.02,10.25,9.70,9.88,101523
2022-11-02,9.88,10.06,9.74,9.88,73747
2022-11-03,9.93,9.97,9.61,9.84,105039
2022-11-04,9.88,10.02,9.52,9.84,56861
2022-11-07,9.65,9.93,9.56,9.84,86561
2022-11-09,9.84,9.97,9.65,9.84,49473
2022-11-10,9.88,10.02,9.70,9.84,50056
2022-11-11,9.93,9.97,9.70,9.74,48059
2022-11-14,9.79,9.93,9.70,9.74,42128
2022-11-15,9.61,9.84,9.56,9.70,61379
2022-11-16,9.70,9.79,9.47,9.56,98711
2022-11-17,9.34,9.70,9.34,9.47,62590
2022-11-18,9.61,9.61,9.24,9.34,73063
2022-11-21,9.34,9.65,9.11,9.24,45925
2022-11-22,9.43,9.43,9.06,9.20,93950
2022-11-23,9.43,9.43,8.74,8.88,182824
2022-11-24,8.83,9.29,8.79,9.29,120447
2022-11-25,9.38,9.47,9.29,9.43,45118
2022-11-28,9.43,9.65,9.20,9.43,56714
2022-11-29,9.61,9.61,9.29,9.38,71158
2022-11-30,9.20,9.52,9.20,9.47,91301
2022-12-01,9.56,9.79,9.47,9.74,164915
2022-12-02,9.97,10.20,9.70,10.20,146404
2022-12-05,10.34,10.47,9.93,9.97,113863
2022-12-06,10.02,10.38,9.65,9.97,149904
2022-12-07,10.15,10.15,9.84,9.93,123702
2022-12-08,10.06,10.06,9.74,9.79,75007
2022-12-09,9.74,9.93,9.47,9.56,117965
2022-12-12,9.47,9.70,9.29,9.34,103410
2022-12-13,9.61,9.61,9.24,9.24,119899
2022-12-14,9.65,9.65,9.20,9.24,121555
2022-12-15,9.47,9.47,9.24,9.29,155656
2022-12-16,9.47,9.52,9.24,9.34,95788
2022-12-19,9.43,9.56,9.29,9.52,126201
2022-12-20,9.74,9.79,9.52,9.70,153034
2022-12-21,9.88,9.88,9.34,9.38,132114
2022-12-22,9.52,9.52,8.93,9.20,166056
2022-12-23,9.15,9.15,8.74,8.79,205594
2022-12-26,9.02,9.20,8.83,9.06,183723
2022-12-27,9.24,9.29,9.11,9.24,51930
2022-12-28,9.43,9.52,9.20,9.29,105797
2022-12-29,9.29,9.34,9.20,9.24,40731
2022-12-30,9.24,9.43,8.88,9.11,241841
2023-01-02,9.24,9.24,9.02,9.11,53581
2023-01-03,9.24,9.34,9.02,9.15,203977
2023-01-04,9.20,9.29,9.15,9.20,55763
2023-01-05,9.15,9.24,8.97,9.06,165872
2023-01-06,9.11,9.29,9.02,9.06,118014
2023-01-09,9.20,9.29,8.93,8.97,168458
2023-01-10,9.11,9.11,8.97,9.06,46666
2023-01-11,8.97,9.11,8.88,8.93,148419
2023-01-12,9.11,9.11,8.88,8.97,63103
2023-01-13,9.06,9.06,8.83,8.93,53867
2023-01-16,9.02,9.06,8.79,8.88,125184
2023-01-17,8.88,8.97,8.74,8.83,68585
2023-01-18,8.93,8.93,8.74,8.79,38667
2023-01-19,8.88,8.88,8.70,8.74,56841
2023-01-20,8.74,8.83,8.56,8.65,129521
2023-01-23,8.70,8.83,8.52,8.70,133566
2023-01-24,9.06,9.06,8.61,8.88,64014
2023-01-25,9.06,9.06,8.47,8.56,70630
2023-01-27,8.47,8.65,8.29,8.47,68852
2023-01-30,8.47,8.79,8.24,8.47,110994
2023-01-31,8.61,8.74,8.20,8.38,84645
2023-02-01,8.52,8.61,8.01,8.11,97699
2023-02-02,8.20,8.29,7.97,8.20,133710
2023-02-03,8.38,8.42,8.06,8.20,126830
2023-02-06,8.15,8.61,8.06,8.33,92740
2023-02-07,8.56,8.56,8.11,8.15,101972
2023-02-08,8.24,8.52,8.11,8.38,96197
2023-02-09,8.47,9.02,8.29,8.79,85653
2023-02-10,9.02,9.02,8.29,8.61,73416
2023-02-13,8.88,8.88,8.47,8.61,88179
2023-02-14,8.74,8.83,8.01,8.20,121904
2023-02-15,8.56,8.65,8.06,8.56,103533
2023-02-16,8.74,8.74,8.29,8.52,38373
2023-02-17,8.52,8.65,8.42,8.56,23080
2023-02-20,8.70,8.74,8.42,8.52,68547
2023-02-21,8.70,8.70,8.24,8.42,75844
2023-02-22,8.52,8.70,8.33,8.47,55884
2023-02-23,8.52,8.61,8.01,8.20,81984
2023-02-24,8.29,8.33,8.11,8.15,66343
2023-02-27,8.29,8.52,8.11,8.15,79349
2023-02-28,8.20,8.42,7.92,8.06,162715
2023-03-01,8.29,8.29,8.06,8.29,56408
2023-03-02,8.38,8.38,8.15,8.29,28506
2023-03-03,8.38,8.65,7.92,8.42,221618
2023-03-06,8.65,8.74,8.11,8.29,145626
2023-03-08,8.56,9.11,8.20,8.56,215513
2023-03-09,8.56,8.61,8.24,8.29,107713
2023-03-10,8.47,8.47,8.29,8.33,38150
2023-03-13,8.47,8.56,8.11,8.20,78505
2023-03-14,8.29,8.38,8.11,8.15,54074
2023-03-15,8.38,8.38,8.20,8.29,56716
2023-03-16,8.38,8.38,8.01,8.06,120161
2023-03-17,8.29,8.29,8.01,8.11,74287
2023-03-20,8.38,8.38,7.74,7.92,145848
2023-03-21,8.11,8.11,7.83,8.06,44935
2023-03-22,8.33,8.33,7.92,8.01,91010
2023-03-23,8.06,8.20,7.88,8.01,67751
2023-03-24,7.79,8.11,7.79,7.88,31208
2023-03-27,7.88,8.06,7.51,7.56,90812
2023-03-28,7.56,7.74,7.10,7.19,171898
2023-03-29,7.38,7.38,6.92,7.24,130439
2023-03-31,7.15,7.56,6.97,7.51,79200
2023-04-03,7.65,8.01,7.56,7.83,109224
2023-04-05,7.92,8.15,7.60,8.11,112140
2023-04-06,8.20,8.38,7.92,8.24,96371
2023-04-10,8.38,8.52,8.15,8.29,190926
2023-04-11,8.29,8.52,8.11,8.33,173940
2023-04-12,8.52,8.52,8.29,8.42,35009
2023-04-13,8.29,8.56,8.24,8.33,64218
2023-04-17,8.38,8.52,8.20,8.29,68311
2023-04-18,8.42,8.47,8.15,8.24,122736
2023-04-19,8.24,8.38,8.20,8.29,62467
2023-04-20,8.38,9.93,8.15,9.61,1313272
2023-04-21,9.61,9.61,8.74,9.15,652893
2023-04-24,9.20,9.61,9.06,9.29,311728
2023-04-25,9.38,9.43,9.15,9.24,181150
2023-04-26,9.24,9.34,9.15,9.29,109162
2023-04-27,9.38,9.43,9.06,9.20,112232
2023-04-28,9.20,9.47,9.20,9.34,232813
2023-05-02,9.47,9.56,9.20,9.29,441548
2023-05-03,9.34,9.52,9.20,9.38,235177
2023-05-04,9.47,9.56,9.20,9.29,315814
2023-05-05,9.38,9.47,9.15,9.29,164012
2023-05-08,9.47,9.52,9.29,9.38,98463
2023-05-09,9.34,9.56,9.11,9.29,221536
2023-05-10,9.34,9.38,9.11,9.24,119147
2023-05-11,9.20,9.24,9.11,9.11,78626
2023-05-12,9.11,9.38,9.11,9.24,168633
2023-05-15,9.43,9.56,9.20,9.52,304123
2023-05-16,9.61,9.70,9.15,9.38,212087
2023-05-17,9.47,9.56,9.20,9.29,137230
2023-05-18,9.38,9.38,9.20,9.20,99850
2023-05-19,9.34,9.34,8.93,9.06,170060
2023-05-22,9.11,9.29,9.06,9.24,131796
2023-05-23,9.29,9.38,9.11,9.11,198275
2023-05-24,9.29,9.29,9.02,9.06,113296
2023-05-25,9.15,9.24,9.06,9.15,60501
2023-05-26,9.20,9.34,8.97,9.06,139220
2023-05-29,9.06,9.20,9.02,9.06,157204
2023-05-30,9.06,9.11,8.93,9.02,128823
2023-05-31,8.97,9.02,8.70,8.79,219816
2023-06-01,8.83,10.25,8.65,9.34,740222
2023-06-02,9.34,9.56,9.20,9.24,235458
2023-06-05,9.29,10.56,9.15,9.70,570113
2023-06-06,9.84,10.02,9.56,9.61,168323
2023-06-07,9.74,9.79,9.43,9.74,153103
2023-06-08,9.74,9.84,9.34,9.38,200152
2023-06-09,9.47,9.56,9.34,9.38,115455
2023-06-12,9.38,9.43,9.24,9.38,151517
2023-06-13,9.43,9.56,9.24,9.29,167217
2023-06-14,9.43,9.43,9.15,9.24,119451
2023-06-15,9.34,9.34,9.15,9.20,91336
2023-06-16,9.24,9.24,9.15,9.15,113384
2023-06-19,9.24,9.24,9.11,9.11,103235
2023-06-20,9.11,9.11,8.88,9.06,292039
2023-06-21,9.11,9.11,9.02,9.11,104570
2023-06-22,9.15,9.15,8.97,9.02,73220
2023-06-23,9.11,9.11,8.79,8.88,143119
2023-06-26,8.93,8.97,8.74,8.93,65776
2023-06-27,9.11,9.11,8.93,9.02,69407
2023-06-28,9.11,9.11,8.97,8.97,79088
2023-06-30,9.06,9.20,8.93,8.97,128519
2023-07-03,9.06,9.06,8.97,9.02,112127
2023-07-04,9.11,9.29,9.02,9.15,199693
2023-07-05,9.34,9.56,9.11,9.15,137910
2023-07-06,9.20,9.34,9.06,9.11,128457
2023-07-07,9.24,9.24,9.02,9.06,96395
2023-07-10,9.38,9.38,9.02,9.06,69036
2023-07-11,9.34,9.34,9.02,9.02,123986
2023-07-12,9.15,9.15,8.93,8.97,127434
2023-07-13,9.11,9.11,8.93,8.93,88044
2023-07-14,9.20,9.65,8.97,9.38,637217
2023-07-17,9.79,9.79,9.34,9.47,324209
2023-07-18,9.52,10.06,9.47,9.65,713935
2023-07-19,9.79,9.88,9.56,9.61,264010
2023-07-20,9.70,9.70,9.56,9.61,170847
2023-07-21,9.74,9.74,9.43,9.47,103601
2023-07-24,9.65,9.65,9.24,9.24,161814
2023-07-25,9.56,9.56,9.20,9.24,121804
2023-07-26,9.43,9.47,9.20,9.38,116901
2023-07-27,9.34,9.97,9.24,9.38,481599
2023-07-28,9.47,9.47,9.29,9.29,44711
2023-07-31,9.38,9.43,9.29,9.29,74743
2023-08-01,9.34,9.56,9.29,9.43,133101
2023-08-02,9.47,9.52,9.24,9.24,181238
2023-08-03,9.43,9.43,9.11,9.15,125504
2023-08-04,9.34,9.34,9.15,9.24,117493
2023-08-07,9.38,9.61,9.29,9.47,253882
2023-08-08,9.56,10.29,9.56,9.84,751187
2023-08-09,10.15,10.34,9.56,9.74,923472
2023-08-10,9.97,10.02,9.74,9.93,227478
2023-08-11,10.02,10.56,9.84,10.11,497087
2023-08-14,10.15,10.43,10.06,10.29,413077
2023-08-16,10.47,10.84,10.02,10.25,554347
2023-08-17,10.43,10.61,10.02,10.15,364881
2023-08-18,10.15,10.29,8.65,9.70,356987
2023-08-21,9.88,10.02,9.56,9.74,301164
2023-08-22,9.88,10.02,9.84,9.88,176199
2023-08-23,10.02,10.06,9.74,9.79,185857
2023-08-24,9.74,9.97,9.74,9.84,168637
2023-08-25,9.74,9.97,9.61,9.65,186353
2023-08-28,9.65,9.84,9.61,9.74,165923
2023-08-29,9.88,9.88,9.61,9.74,193869
2023-08-30,9.97,10.02,9.74,9.97,304935
2023-08-31,9.97,10.06,9.70,9.74,205377
2023-09-01,9.65,10.47,9.65,10.34,746288
2023-09-04,10.79,12.39,10.66,12.39,2977742
2023-09-05,13.66,14.85,13.52,14.85,4662997
2023-09-06,16.12,16.30,15.66,16.30,1858840
2023-09-07,17.40,17.76,15.07,17.67,7854902
2023-09-08,18.31,18.53,16.80,17.85,1486190
2023-09-11,18.67,18.72,18.21,18.72,891653
2023-09-12,19.63,19.63,17.85,19.63,1619166
2023-09-13,20.04,20.08,18.67,18.67,554777
2023-09-14,17.76,18.40,17.76,17.76,477317
2023-09-15,16.89,16.89,16.89,16.89,181195
2023-09-18,16.07,17.71,16.07,17.71,1128431
2023-09-20,17.35,17.58,16.85,16.85,801991
2023-09-21,16.48,16.62,16.03,16.03,414039
2023-09-22,16.03,16.35,15.26,15.76,507794
2023-09-25,15.76,15.76,14.98,14.98,306819
2023-09-26,14.25,15.71,14.25,15.71,619518
2023-09-27,15.98,16.07,15.07,15.26,422464
2023-09-28,15.30,15.48,15.07,15.35,216546
2023-09-29,15.26,15.48,14.57,15.16,291690
2023-10-03,15.39,15.53,14.71,15.44,256098
2023-10-04,15.80,15.85,14.85,15.16,277816
2023-10-05,15.35,15.89,15.03,15.26,213597
2023-10-06,15.39,15.39,14.75,15.03,159791
2023-10-09,15.35,15.35,14.30,14.34,270285
2023-10-10,14.12,14.57,13.66,14.34,226764
2023-10-11,14.44,15.03,14.44,15.03,145595
2023-10-12,15.30,15.71,15.07,15.53,340135
2023-10-13,15.76,15.76,15.12,15.39,136117
2023-10-16,15.62,15.66,15.16,15.35,287606
2023-10-17,15.62,15.66,15.30,15.48,168553
2023-10-18,15.62,15.62,15.07,15.12,149050
2023-10-19,15.26,15.48,15.12,15.21,152777
2023-10-20,15.21,15.48,15.03,15.16,175131
2023-10-23,15.39,15.57,14.44,14.44,224404
2023-10-25,14.48,14.75,13.71,13.89,209722
2023-10-26,13.84,13.84,13.21,13.43,130570
2023-10-27,13.57,14.07,13.43,14.07,64111
2023-10-30,14.71,14.75,14.34,14.71,200038
2023-10-31,14.62,14.89,13.98,14.48,132377
2023-11-01,14.48,14.71,14.12,14.21,119759
2023-11-02,13.98,14.34,13.93,14.07,148268
2023-11-03,14.07,14.57,13.93,14.39,103331
2023-11-06,14.53,15.07,14.39,15.07,210993
2023-11-07,15.35,15.39,14.71,15.03,129972
2023-11-08,15.21,15.39,14.89,15.16,115501
2023-11-09,15.66,15.66,14.89,15.07,74947
2023-11-10,15.16,15.48,14.66,14.89,134324
2023-11-12,15.26,15.35,14.89,15.30,60758
2023-11-13,15.44,15.44,14.80,15.07,112442
2023-11-15,15.35,15.35,14.85,15.03,103640
2023-11-16,15.07,15.30,14.85,14.98,108744
2023-11-17,14.98,15.66,14.94,15.53,214805
2023-11-20,15.62,15.62,15.12,15.44,174972
2023-11-21,15.48,15.66,15.39,15.57,207172
2023-11-22,15.71,16.35,15.66,16.35,667827
2023-11-23,16.94,17.03,15.66,16.67,433998
2023-11-24,16.76,16.85,16.12,16.35,204322
2023-11-28,16.76,16.80,15.76,15.98,195003
2023-11-29,16.30,16.30,15.57,15.89,144062
2023-11-30,16.03,16.26,15.66,15.94,219316
2023-12-01,16.35,16.53,15.26,15.66,193348
2023-12-04,15.71,16.07,15.53,15.71,137955
2023-12-05,15.94,16.03,15.30,15.53,169107
2023-12-06,15.53,15.71,15.07,15.35,269656
2023-12-07,15.53,16.07,15.03,16.07,286255
2023-12-08,16.35,16.53,15.94,16.44,385714
2023-12-11,17.30,17.40,15.62,17.03,822290
2023-12-12,17.21,17.40,16.48,16.71,459434
2023-12-13,16.80,17.85,16.71,17.67,833820
2023-12-14,17.81,17.90,17.30,17.58,694101
2023-12-15,17.71,17.76,17.17,17.26,337185
2023-12-18,17.30,17.58,17.26,17.40,443257
2023-12-19,17.40,17.40,16.94,17.08,227537
2023-12-20,17.08,17.49,15.71,16.03,556394
2023-12-21,16.03,17.26,15.12,16.99,411538
2023-12-22,17.30,17.49,16.76,16.99,246385
2023-12-26,17.21,18.40,16.89,18.08,1191979
2023-12-27,18.62,18.67,17.53,17.67,738483
2023-12-28,17.71,17.90,17.03,17.17,400763
2023-12-29,17.17,17.35,16.99,17.12,292836
2024-01-01,17.26,18.17,16.85,17.53,729072
2024-01-02,17.76,18.17,17.49,17.81,483980
2024-01-03,17.94,19.31,17.44,18.85,1778294
2024-01-04,19.54,19.54,18.53,18.94,1065261
2024-01-05,18.99,19.54,18.99,19.03,645455
2024-01-08,19.31,19.49,18.76,18.90,700246
2024-01-09,19.03,19.31,18.72,18.76,296180
2024-01-10,18.40,18.85,18.03,18.44,562339
2024-01-11,18.44,20.26,18.44,20.26,1342381
2024-01-12,20.67,22.27,20.49,22.27,1344745
2024-01-15,23.50,24.32,21.95,22.81,3427930
2024-01-16,24.09,24.09,21.95,22.27,978969
2024-01-17,21.95,24.45,21.63,24.45,1902133
2024-01-18,25.64,25.64,25.64,25.64,384914
2024-01-19,26.91,26.91,26.91,26.91,175838
2024-01-20,28.23,28.23,28.23,28.23,214427
2024-01-23,28.01,28.01,26.82,26.82,1519255
2024-01-24,25.50,28.10,25.50,26.37,3551810
2024-01-25,27.23,27.60,26.50,26.82,382747
2024-01-29,28.14,28.14,27.37,28.05,765496
2024-01-30,28.51,28.51,27.32,28.05,379634
2024-01-31,28.42,28.42,27.37,27.69,299736
2024-02-01,27.96,27.96,26.32,26.50,329981
2024-02-02,26.00,27.28,25.18,25.18,319141
2024-02-05,24.13,25.46,23.95,23.95,723351
2024-02-06,23.04,23.50,22.77,22.77,253300
2024-02-07,21.90,23.91,21.68,23.91,734946
2024-02-08,24.36,24.36,22.72,22.72,456609
2024-02-09,22.72,23.22,21.58,21.90,439958
2024-02-12,21.08,21.49,20.81,20.81,306993
2024-02-13,20.17,21.81,19.76,21.81,446631
2024-02-14,21.54,22.86,20.99,22.86,190983
2024-02-15,23.91,24.00,22.86,23.95,339654
2024-02-16,24.54,24.54,22.77,22.95,243203
2024-02-19,22.95,23.59,21.90,22.95,205431
2024-02-20,23.32,23.32,21.95,22.04,185914
2024-02-21,21.86,22.31,21.17,21.81,213651
2024-02-22,21.72,21.72,21.04,21.49,128103
2024-02-23,21.49,22.09,21.49,21.86,106667
2024-02-26,22.50,22.50,21.04,21.45,130834
2024-02-27,21.45,21.81,20.40,20.77,229930
2024-02-28,20.67,20.90,19.76,19.85,205269
2024-02-29,20.13,20.81,19.22,20.63,156255
2024-03-01,20.72,21.45,20.72,21.04,136025
2024-03-02,21.54,21.58,20.08,20.99,46758
2024-03-04,21.36,21.36,20.04,20.31,132459
2024-03-05,20.31,20.49,19.63,19.81,93493
2024-03-06,19.81,20.36,18.85,19.13,167874
2024-03-07,19.13,19.95,18.53,19.54,112020
2024-03-11,19.95,20.22,19.08,19.31,137258
2024-03-12,19.72,19.72,18.35,18.40,132952
2024-03-13,18.76,18.76,17.49,17.49,112750
2024-03-14,16.62,18.35,16.62,17.94,257415
2024-03-15,18.03,18.21,17.40,17.90,69879
2024-03-18,17.90,17.90,17.12,17.49,80486
2024-03-19,17.49,17.49,16.62,16.76,175679
2024-03-20,17.08,17.49,16.80,17.17,79826
2024-03-21,17.30,17.99,17.30,17.99,100648
2024-03-22,17.99,18.85,17.99,18.62,119701
2024-03-26,19.03,19.13,17.90,18.12,128634
2024-03-27,18.03,18.53,17.21,17.26,158444
2024-03-28,17.30,17.90,17.03,17.26,168697
2024-04-01,17.99,18.08,17.40,18.08,87352
2024-04-02,18.76,18.94,18.08,18.94,61542
2024-04-03,19.76,19.85,19.17,19.85,149999
2024-04-04,20.49,20.81,20.04,20.81,163931
2024-04-05,20.90,21.68,19.76,20.67,195197
2024-04-08,20.26,20.26,20.26,20.26,18885
2024-04-09,19.85,19.85,19.85,19.85,30004
2024-04-10,19.49,19.49,19.49,19.49,41670
2024-04-12,19.13,19.13,19.13,19.13,28563
2024-04-15,18.76,18.76,18.76,18.76,23338
2024-04-16,18.40,18.40,18.40,18.40,33379
2024-04-18,18.21,18.21,18.03,18.03,56412
2024-04-19,17.71,17.71,17.67,17.67,70261
2024-04-22,17.67,17.67,17.62,17.67,28975
2024-04-23,17.67,17.76,17.67,17.76,50028
2024-04-24,17.76,17.76,17.49,17.49,62481
2024-04-25,17.44,17.44,17.30,17.30,64632
2024-04-26,17.26,17.26,17.17,17.17,48925
2024-04-29,17.17,17.21,17.17,17.21,32498
2024-04-30,17.53,17.53,17.53,17.53,32368
2024-05-02,17.30,17.35,17.30,17.35,75479
2024-05-03,17.30,17.30,17.12,17.12,22861
2024-05-06,17.12,17.12,17.08,17.08,33587
2024-05-07,17.08,17.08,16.76,16.76,41067
2024-05-08,16.76,16.76,16.67,16.67,18523
2024-05-09,16.62,16.62,16.39,16.39,19636
2024-05-10,16.39,16.39,16.26,16.26,17646
2024-05-13,16.85,17.03,15.48,16.85,117073
2024-05-14,16.85,17.67,16.58,17.58,143221
2024-05-15,17.58,18.12,16.94,17.30,79161
2024-05-16,17.30,17.30,16.58,16.99,74684
2024-05-17,16.99,17.17,16.58,16.85,91149
2024-05-18,16.85,17.67,16.44,17.67,45497
2024-05-21,17.67,18.08,17.12,17.30,96937
2024-05-22,17.26,17.53,16.62,17.21,93229
2024-05-23,16.89,17.53,16.58,17.03,125004
2024-05-24,17.03,17.85,17.03,17.71,167838
2024-05-27,17.40,18.31,17.40,17.76,204408
2024-05-28,17.99,18.17,17.26,17.44,148169
2024-05-29,17.71,17.71,17.30,17.58,87582
2024-05-30,17.76,17.76,16.94,17.12,148217
2024-05-31,17.30,17.62,16.39,16.85,157265
2024-06-03,17.62,17.67,16.48,16.94,218673
2024-06-04,17.30,17.30,16.12,16.21,152075
2024-06-05,16.30,16.30,15.44,15.66,140795
2024-06-06,15.66,16.44,15.66,16.44,68143
2024-06-07,17.08,18.08,16.80,17.94,277134
2024-06-10,18.03,19.08,17.76,18.26,443815
2024-06-11,18.40,18.59,17.81,17.95,180157
2024-06-12,18.21,19.74,18.02,19.74,497056
2024-06-13,21.13,21.58,19.85,20.40,1052714
2024-06-14,20.49,20.49,19.67,19.79,318153
2024-06-18,20.02,20.04,19.21,19.36,293868
2024-06-19,19.36,19.55,18.83,19.20,170714
2024-06-20,19.20,20.77,19.20,20.26,438609
2024-06-21,20.49,20.49,19.76,19.95,215661
2024-06-24,20.22,20.26,19.58,20.09,255236
2024-06-25,20.66,20.66,19.58,19.66,327612
2024-06-26,19.66,19.66,19.24,19.29,124889
2024-06-27,19.58,19.58,18.21,18.44,261362
2024-06-28,18.57,19.12,18.29,18.51,161595
2024-07-01,18.56,19.64,18.22,18.93,200734
2024-07-02,18.93,19.03,18.67,18.93,158662
2024-07-03,18.94,20.40,18.93,20.18,734761
2024-07-04,20.89,21.49,20.47,21.38,965969
2024-07-05,22.59,23.51,22.31,23.51,1904953
2024-07-08,24.13,24.32,22.32,22.32,1459324
2024-07-09,22.33,22.77,21.29,21.56,618625
2024-07-10,21.69,22.63,21.68,22.63,638968
2024-07-11,23.32,23.76,23.27,23.76,566902
2024-07-12,24.95,24.95,24.95,24.95,248685
2024-07-15,26.17,26.18,26.07,26.18,448489
2024-07-16,27.49,27.49,27.49,27.49,246340
2024-07-18,27.49,27.49,26.11,26.11,876627
2024-07-19,24.80,24.80,24.80,24.80,138313
2024-07-22,23.55,23.55,23.55,23.55,102594
2024-07-23,22.77,23.55,22.37,22.39,951771
2024-07-24,21.87,23.50,21.86,23.50,104315
2024-07-25,24.59,24.67,24.14,24.67,218203
2024-07-26,25.90,25.90,25.90,25.90,143733
2024-07-29,26.95,26.95,24.60,24.60,1413794
2024-07-30,23.68,24.68,23.68,24.39,534619
2024-07-31,24.86,25.60,24.23,25.60,992016
2024-08-01,25.40,25.40,24.65,24.70,481138
2024-08-02,23.86,24.90,23.77,24.64,424362
2024-08-05,24.14,24.18,23.41,23.41,496587
2024-08-06,22.91,23.99,22.23,22.35,390902
2024-08-07,23.18,23.86,21.99,23.72,430174
2024-08-08,24.50,24.95,23.45,23.69,291196
2024-08-09,23.72,24.59,23.16,23.52,240712
2024-08-12,24.54,24.82,23.79,24.59,573170
2024-08-13,25.50,25.50,23.50,23.67,259230
2024-08-14,24.00,24.00,22.83,23.16,201430
2024-08-16,23.58,24.13,22.06,22.81,322982
2024-08-19,22.99,25.08,22.95,25.08,650439
2024-08-20,25.48,26.15,24.59,24.94,885084
2024-08-21,24.93,25.50,24.67,24.89,309557
2024-08-22,25.42,27.38,24.87,27.28,2309249
2024-08-23,27.40,27.95,26.68,26.84,709031
2024-08-26,26.84,27.14,24.77,25.39,384763
2024-08-27,25.89,26.41,24.12,25.71,173931
2024-08-28,25.66,25.66,24.86,25.26,139837
2024-08-29,25.68,25.68,24.14,24.37,123100
2024-08-30,24.31,25.03,23.68,24.35,112645
2024-09-02,24.13,24.58,23.50,23.72,106308
2024-09-03,23.72,24.36,23.22,23.62,84743
2024-09-04,23.12,23.52,22.78,23.34,154292
2024-09-05,24.03,24.03,22.95,23.65,106506
2024-09-06,22.82,24.12,22.82,23.60,76880
2024-09-09,23.68,24.13,22.79,24.05,136746
2024-09-10,24.51,24.68,23.32,24.26,191782
2024-09-11,24.58,24.58,23.45,24.00,109355
2024-09-12,24.00,24.13,23.45,23.93,77115
2024-09-13,23.93,24.13,22.87,23.72,106785
2024-09-16,24.13,24.27,23.32,23.78,101519
2024-09-17,23.78,24.13,23.22,23.53,77960
2024-09-18,23.84,23.84,22.96,23.11,75089
2024-09-19,23.22,23.52,22.09,22.42,117170
2024-09-20,22.77,22.77,21.90,22.32,70385
2024-09-23,22.18,22.77,21.64,21.89,143327
2024-09-24,22.22,22.31,21.86,22.08,77081
2024-09-25,22.04,23.18,21.89,22.67,114977
2024-09-26,22.62,22.62,21.95,22.18,89676
2024-09-27,22.40,22.40,21.95,22.00,61044
2024-09-30,22.71,22.71,21.40,21.97,84415
2024-10-01,22.49,22.49,21.73,22.05,57950
2024-10-03,21.32,21.99,20.94,21.37,221559
2024-10-04,21.37,21.68,20.99,21.08,78931
2024-10-07,21.85,22.13,21.08,21.58,278359
2024-10-08,21.94,21.94,20.58,21.68,146794
2024-10-09,22.22,22.45,21.40,22.32,131703
2024-10-10,22.30,22.30,21.41,21.58,86855
2024-10-11,21.46,22.27,21.32,21.76,69738
2024-10-14,22.21,22.21,21.76,21.96,61355
2024-10-15,22.03,22.13,21.54,21.81,55898
2024-10-16,22.04,22.04,21.58,21.96,51244
2024-10-17,22.09,22.40,21.04,21.35,64585
2024-10-18,20.95,21.99,20.49,21.48,64517
2024-10-21,22.55,22.55,21.95,22.55,114112
2024-10-22,22.94,22.94,21.42,21.42,137113
2024-10-23,20.96,21.84,20.50,20.87,70705
2024-10-24,21.40,21.68,20.05,20.69,59030
2024-10-25,21.03,21.03,19.76,20.00,55344
2024-10-28,20.00,20.95,19.26,20.77,58509
2024-10-29,20.88,21.22,20.26,21.03,54374
2024-10-30,21.76,22.07,21.08,21.83,56035
2024-10-31,22.26,22.26,21.17,21.48,46721
2024-11-01,22.02,22.45,21.48,22.04,28001
2024-11-04,21.72,22.31,21.14,21.35,51030
2024-11-05,21.17,21.63,20.38,21.38,45667
2024-11-06,21.81,22.45,21.05,21.98,55856
2024-11-07,22.36,22.36,21.58,21.91,29435
2024-11-08,21.49,22.01,20.95,21.46,53146
2024-11-11,21.58,21.58,20.55,20.97,51494
2024-11-12,20.67,21.17,20.41,20.51,73776
2024-11-13,19.64,20.95,19.48,19.77,123474
2024-11-14,19.93,20.49,18.78,18.91,168466
2024-11-18,18.90,18.90,17.99,18.52,64014
2024-11-19,18.64,19.44,18.21,19.24,69147
2024-11-21,19.13,19.90,19.03,19.18,43068
2024-11-22,19.23,20.01,19.13,19.54,83266
2024-11-25,20.49,20.51,19.86,20.49,103242
2024-11-26,20.08,20.83,19.82,20.31,34487
2024-11-27,20.53,21.17,19.67,20.99,89913
2024-11-28,20.99,21.79,20.08,21.07,75701
2024-11-29,21.03,21.95,21.03,21.53,115468
2024-12-02,22.09,23.68,22.09,23.68,179055
2024-12-03,23.72,24.27,22.32,23.09,550049
2024-12-04,23.09,23.86,22.59,22.87,192988
2024-12-05,23.30,23.30,22.79,23.07,72299
2024-12-06,23.57,23.57,21.55,22.47,173820
2024-12-09,22.06,23.27,22.06,22.36,129658
2024-12-10,22.66,22.91,21.98,22.19,119185
2024-12-11,22.52,22.94,22.04,22.54,79856
2024-12-12,22.86,22.89,21.97,22.15,72668
2024-12-13,21.95,23.68,21.95,23.38,264637
2024-12-16,23.86,24.41,23.32,23.91,389039
2024-12-17,24.70,24.70,23.50,24.10,236595
2024-12-18,24.10,24.60,23.32,23.73,212609
2024-12-19,23.15,24.12,23.01,23.81,153248
2024-12-20,23.80,24.41,23.28,23.53,213370
2024-12-23,23.22,23.86,22.78,23.42,113910
2024-12-24,23.66,24.59,22.86,23.79,103109
2024-12-26,24.45,24.45,22.87,22.99,94760
2024-12-27,23.21,23.27,22.38,22.60,68491
2024-12-30,22.59,22.77,21.95,22.10,72319
2024-12-31,22.04,22.35,21.79,22.15,80117
2025-01-01,22.39,22.78,22.13,22.31,76788
2025-01-02,22.54,22.54,22.08,22.10,71704
2025-01-03,22.17,22.37,20.96,21.42,155169
2025-01-06,21.58,21.83,20.81,20.90,158428
2025-01-07,20.95,21.35,20.77,20.97,84554
2025-01-08,20.97,21.40,20.59,21.03,112104
2025-01-09,20.90,21.21,20.13,20.69,101707
2025-01-10,20.72,21.39,20.02,20.85,181743
2025-01-13,20.09,21.10,18.86,19.19,134282
2025-01-14,19.27,20.03,18.85,19.79,85368
2025-01-15,20.77,20.77,19.97,20.24,41018
2025-01-16,20.94,21.22,20.52,21.14,73155
2025-01-17,20.82,21.21,20.82,20.97,52129
2025-01-20,20.60,21.12,19.80,20.17,107929
2025-01-21,20.49,20.49,19.81,19.89,53235
2025-01-22,20.31,20.36,19.63,19.94,59267
2025-01-23,20.05,20.30,18.93,20.13,65246
2025-01-24,20.44,20.53,19.76,19.87,58055
2025-01-27,19.51,20.32,17.88,18.34,203230
2025-01-28,18.48,18.48,17.18,17.91,149830
2025-01-29,17.62,19.40,17.62,19.26,127495
2025-01-30,19.87,20.05,19.31,19.52,67827
2025-01-31,19.22,20.01,19.22,19.37,70129
2025-02-01,19.41,20.77,19.30,20.35,62262
2025-02-03,19.90,20.40,19.79,20.16,70664
2025-02-04,20.58,20.77,20.04,20.42,63172
2025-02-05,20.42,20.95,20.05,20.34,39160
2025-02-06,20.58,21.22,20.58,20.80,103950
2025-02-07,20.81,21.58,20.49,20.85,91003
2025-02-10,20.99,21.01,20.15,20.39,55854
2025-02-11,20.29,20.71,18.47,19.69,135301
2025-02-12,20.42,20.43,18.59,19.37,141674
2025-02-13,19.86,20.09,19.58,19.60,42832
2025-02-14,20.24,20.24,18.67,18.81,104060
2025-02-17,18.76,18.76,17.94,18.19,115331
2025-02-18,18.35,18.55,16.95,17.21,113600
2025-02-19,17.76,17.76,16.39,17.26,124698
2025-02-20,17.26,18.57,17.26,18.51,44560
2025-02-21,18.51,20.36,18.51,19.90,184373
2025-02-24,19.14,19.83,18.21,18.68,92919
2025-02-25,18.68,19.15,17.78,18.19,46041
2025-02-27,18.29,18.35,17.33,17.53,65990
2025-02-28,17.29,17.29,15.98,16.32,153149
2025-03-03,16.33,17.26,14.27,15.02,345879
2025-03-04,14.95,15.94,14.40,15.61,169645
2025-03-05,15.91,16.99,15.82,16.78,111539
2025-03-06,17.28,19.47,17.21,18.46,103103
2025-03-07,19.02,20.28,18.93,19.33,311965
2025-03-10,20.13,20.21,18.45,19.11,128052
2025-03-11,18.66,21.49,17.81,18.21,303120
2025-03-12,18.32,19.03,17.86,18.15,112267
2025-03-13,18.85,18.85,18.21,18.29,60636
2025-03-17,18.73,18.73,16.85,17.09,175941
2025-03-18,17.75,17.83,17.01,17.24,156371
2025-03-19,17.67,17.70,17.24,17.45,154388
2025-03-20,17.50,17.84,17.03,17.20,130012
2025-03-21,17.53,18.10,17.26,17.54,153550
2025-03-24,18.03,18.40,17.30,17.48,308545
2025-03-25,17.59,17.84,16.29,16.64,193752
2025-03-26,16.64,17.20,15.25,15.65,378744
2025-03-27,16.21,16.21,15.19,15.41,413240
2025-03-28,15.66,15.92,15.35,15.46,176119
2025-04-01,15.76,16.15,15.58,15.96,124324
2025-04-02,16.28,16.30,15.63,16.08,154080
2025-04-03,16.12,17.40,15.94,17.12,112177
2025-04-04,17.17,17.44,16.39,16.92,187187
2025-04-07,15.03,17.21,14.81,16.39,262861
2025-04-08,17.21,17.21,16.28,16.48,67764
2025-04-09,16.67,16.76,16.12,16.71,53108
2025-04-11,17.25,17.30,16.82,16.93,74910
2025-04-15,16.94,17.49,16.94,17.13,79661
2025-04-16,17.19,17.40,17.17,17.26,53374
2025-04-17,17.40,17.53,17.06,17.32,65008
2025-04-21,17.30,17.67,16.08,16.39,366854
2025-04-22,16.39,17.76,16.39,17.20,254074
2025-04-23,17.49,17.76,16.94,17.06,116016
2025-04-24,17.19,17.49,17.06,17.07,66952
2025-04-25,17.30,17.30,16.03,16.46,101238
2025-04-28,17.49,17.49,16.62,16.64,75979
2025-04-29,16.85,17.26,16.30,16.48,138603
2025-04-30,16.75,16.94,16.27,16.50,102569
2025-05-02,16.40,16.85,16.30,16.57,92418
2025-05-05,16.85,16.85,16.35,16.57,87137
2025-05-06,16.57,16.78,15.93,16.05,107567
2025-05-07,15.98,16.23,15.62,15.67,78195
2025-05-08,15.37,16.60,15.37,16.03,102225
2025-05-09,15.30,15.85,15.26,15.50,96341
2025-05-12,15.94,16.39,15.89,16.32,144259
2025-05-13,16.32,16.73,16.07,16.38,154291
2025-05-14,16.67,16.67,15.81,16.34,152942
2025-05-15,16.58,16.95,16.39,16.78,145257
2025-05-16,16.78,17.30,16.78,17.19,146147
2025-05-19,17.19,17.67,17.12,17.45,139425
2025-05-20,17.45,17.92,16.63,16.89,215151
2025-05-21,17.02,17.30,16.77,17.04,65447
2025-05-22,17.08,17.30,16.94,17.09,40031
2025-05-23,17.21,17.35,17.09,17.25,48016
2025-05-26,17.49,19.13,17.49,18.10,367390
2025-05-27,18.31,18.62,17.76,17.96,130025
2025-05-28,17.90,18.28,17.90,18.10,103336
2025-05-29,18.26,18.28,17.87,17.97,91598
2025-05-30,18.02,19.39,17.76,19.00,276915
2025-06-02,19.16,19.58,18.47,19.29,252724
2025-06-03,19.16,19.20,18.58,18.72,112010
2025-06-04,18.85,18.85,18.35,18.45,59719
2025-06-05,18.47,19.03,18.47,18.63,85438
2025-06-06,18.81,19.03,18.32,18.43,107535
2025-06-09,18.76,19.54,18.75,19.36,255129
2025-06-10,19.45,19.65,19.03,19.12,115539
2025-06-11,19.31,19.82,18.96,19.05,142876
2025-06-12,19.49,19.49,18.67,18.85,93670
2025-06-13,18.67,18.89,17.11,18.05,358761
2025-06-16,18.18,18.99,17.86,18.64,213889
2025-06-17,18.71,18.71,18.12,18.23,71501
2025-06-18,18.48,18.65,18.12,18.27,95792
2025-06-19,18.47,18.47,17.60,17.80,60760
2025-06-20,17.85,18.52,17.65,18.30,205478
2025-06-23,18.31,18.49,17.59,17.97,133161
2025-06-24,17.76,18.84,17.76,18.10,202706
2025-06-25,18.27,18.72,18.18,18.66,70538
2025-06-26,18.66,19.23,18.31,18.38,148129
2025-06-27,18.36,18.66,18.22,18.37,76419
2025-06-30,18.56,20.33,18.55,19.95,652526
2025-07-01,20.29,22.94,19.96,22.54,2068785
2025-07-02,22.86,22.86,21.27,21.72,453101
2025-07-03,21.84,21.85,20.60,20.97,358284
2025-07-04,21.07,21.34,20.63,20.94,257557
2025-07-07,20.94,21.09,20.05,20.24,235021
2025-07-08,20.04,20.87,19.56,19.91,152937
2025-07-09,19.97,20.52,19.81,20.09,131570
2025-07-10,20.09,20.31,19.56,19.99,159802
2025-07-11,20.02,23.99,20.00,22.04,6356693
2025-07-14,22.12,22.39,21.40,21.55,675767
2025-07-15,21.38,22.04,21.06,21.34,335255
2025-07-16,21.34,21.48,20.73,21.07,241391
2025-07-17,21.14,22.11,21.14,21.58,379104
2025-07-18,21.75,22.99,21.68,22.59,932977
2025-07-21,22.59,23.32,22.59,22.77,390299
2025-07-22,22.70,22.86,21.35,21.56,424859
2025-07-23,21.53,21.88,21.34,21.68,184691
2025-07-24,21.85,22.63,21.73,22.15,176285
2025-07-25,22.23,22.30,20.86,21.43,348020
2025-07-28,21.70,22.13,20.77,21.17,318127
2025-07-29,21.36,21.77,20.96,21.40,185996
2025-07-30,21.63,22.40,21.40,21.65,259361
2025-07-31,21.40,21.82,21.06,21.53,89350
2025-08-01,21.71,21.71,20.95,21.07,88908
2025-08-04,20.96,21.02,20.49,20.78,124815
2025-08-05,20.94,20.94,20.26,20.40,64022
2025-08-06,20.56,21.08,20.04,20.73,102801
2025-08-07,20.58,21.86,20.58,21.48,124344
2025-08-08,21.86,21.86,20.72,20.85,77843
2025-08-11,20.33,20.84,19.74,20.02,110933
2025-08-12,20.31,20.49,20.00,20.08,69198
2025-08-13,19.82,20.49,19.19,20.04,149228
2025-08-14,20.04,20.26,19.40,19.53,78787
2025-08-18,19.67,20.15,19.67,20.02,48545
2025-08-19,19.89,20.58,19.89,20.29,30317
2025-08-20,20.56,21.13,20.31,20.67,116139
2025-08-21,21.29,21.29,20.49,20.61,115551
2025-08-22,20.71,20.79,20.04,20.20,50549
2025-08-25,20.31,20.31,18.81,19.67,126199
2025-08-26,19.33,19.92,19.17,19.44,53384
2025-08-28,19.46,19.80,18.21,19.01,171679
2025-08-29,19.58,20.03,19.13,19.33,80766
2025-09-01,19.83,20.77,19.22,20.02,103109
2025-09-02,20.37,20.67,19.69,20.29,145150
2025-09-03,20.29,20.29,19.42,19.99,113529
2025-09-04,20.22,20.58,19.50,19.76,113909
2025-09-05,20.03,20.04,19.45,19.83,136259
2025-09-08,19.95,23.79,19.95,23.79,1916981
2025-09-09,24.04,28.05,22.91,24.99,5107824
2025-09-10,24.03,25.86,23.00,23.91,1582399
2025-09-11,23.91,25.68,23.64,24.74,713146
2025-09-12,24.85,25.87,24.15,24.53,576195
2025-09-15,24.66,25.05,24.13,24.20,263975
2025-09-16,24.31,25.09,23.45,24.65,371053
2025-09-17,24.76,25.05,24.23,24.44,370834
2025-09-18,24.43,25.59,23.71,23.91,325669
2025-09-19,24.13,24.41,22.77,23.08,314564
2025-09-22,22.86,23.45,22.86,22.97,190097
2025-09-23,23.08,23.68,22.97,23.49,147023
2025-09-24,23.13,24.08,23.01,23.36,267523
2025-09-25,23.68,23.68,22.24,22.55,259614
2025-09-26,23.10,23.22,21.86,22.09,172960
2025-09-29,22.09,22.40,21.90,21.97,84426
2025-09-30,22.09,22.49,21.58,21.99,167334
2025-10-01,21.68,22.35,21.68,21.99,158482
2025-10-03,21.99,22.31,21.68,21.87,145806
2025-10-06,21.86,24.45,21.68,23.64,598020
2025-10-07,23.64,28.23,23.62,27.67,3775836
2025-10-08,27.77,30.51,26.59,27.40,3213710
2025-10-09,27.40,27.96,25.78,26.42,688741
2025-10-10,26.28,31.65,26.28,30.92,5283824
2025-10-13,30.97,31.24,28.51,28.88,1354218
2025-10-14,28.92,31.51,27.76,30.31,1453214
2025-10-15,30.25,30.39,28.79,28.79,267768
2025-10-16,27.89,28.21,27.34,27.34,151421
2025-10-17,26.06,28.14,25.97,27.78,484398
2025-10-20,27.69,28.14,26.55,26.79,144621
2025-10-21,26.79,27.77,25.96,27.46,75484
2025-10-23,27.46,27.46,26.47,26.63,100553
2025-10-24,26.63,27.45,25.59,25.81,236627
2025-10-27,25.82,26.31,25.27,25.47,203865
2025-10-28,25.47,26.68,25.32,26.19,174170
2025-10-29,26.47,26.96,25.50,25.83,118674
2025-10-30,25.50,26.05,25.50,25.67,73976
2025-10-31,25.87,25.96,24.86,25.34,118862
2025-11-03,25.85,25.96,25.23,25.69,91909
2025-11-04,25.23,26.58,24.91,26.15,118122
2025-11-06,26.41,26.41,25.05,25.59,89055
2025-11-07,25.50,25.50,24.64,25.01,64880
2025-11-10,24.01,25.17,24.01,24.94,73875
2025-11-11,24.94,25.46,23.77,24.43,137135
2025-11-12,24.41,24.68,23.77,24.31,153594
2025-11-13,23.84,24.41,23.32,23.79,135562
2025-11-14,23.78,24.44,23.41,23.98,91634
2025-11-17,24.13,25.00,23.68,24.17,84514
2025-11-18,24.15,24.49,23.72,23.88,94940
2025-11-19,23.95,24.32,22.96,23.07,146093
2025-11-20,23.07,23.59,22.09,22.73,113711
2025-11-21,22.73,22.73,21.69,22.09,146136
2025-11-24,22.09,23.00,21.49,21.68,208028
2025-11-25,21.31,22.40,21.31,21.71,88113
2025-11-26,21.45,22.36,21.45,21.93,50360
2025-11-27,21.82,22.57,21.64,21.85,69095
2025-11-28,21.81,22.13,21.41,21.93,56851
2025-12-01,22.27,22.27,21.41,21.88,71370
2025-12-02,21.94,22.09,21.50,21.61,37314
2025-12-03,21.31,21.75,21.16,21.60,53457
2025-12-04,21.40,21.85,20.95,21.30,81153
2025-12-05,20.99,21.39,20.26,20.36,146016
2025-12-08,20.31,20.35,19.34,19.34,193902
2025-12-09,18.92,20.04,18.37,19.87,188703
2025-12-10,19.74,19.90,19.13,19.42,109200
2025-12-11,19.42,19.45,19.04,19.18,66229
2025-12-12,18.89,19.44,18.89,19.34,44847
2025-12-15,19.38,19.54,19.13,19.36,60617
2025-12-16,19.36,19.58,19.35,19.43,53468
2025-12-17,19.58,19.58,19.13,19.30,23996
2025-12-18,19.40,19.57,18.72,18.93,61254
2025-12-19,18.74,19.31,18.53,19.25,61413
2025-12-22,18.94,19.83,18.94,19.44,66162
2025-12-23,19.38,19.82,19.31,19.62,49387
2025-12-24,19.81,19.89,19.35,19.53,49824
2025-12-26,19.53,19.81,19.13,19.34,60607
2025-12-29,19.34,20.30,19.26,20.30,73334
2025-12-30,21.31,21.31,21.31,21.31,46964
2025-12-31,20.95,21.21,20.31,20.68,135227
2026-01-01,20.66,20.81,20.05,20.37,49154
2026-01-02,20.37,20.67,20.04,20.61,110186
2026-01-05,20.49,20.64,20.04,20.13,73577
2026-01-06,20.13,21.13,20.13,21.13,92762
2026-01-07,21.95,22.09,21.13,21.79,167066
2026-01-08,22.77,22.77,21.06,21.24,112477
2026-01-09,21.53,21.53,20.18,20.21,77285
2026-01-12,19.72,20.11,19.22,19.43,109969
2026-01-13,19.72,20.26,19.58,19.85,63133
2026-01-14,20.19,20.67,19.23,20.60,93317
2026-01-16,20.54,20.94,19.98,20.46,110709
2026-01-19,20.54,22.04,20.26,21.49,423717
2026-01-20,21.68,22.67,20.08,20.39,387616
2026-01-21,20.13,20.76,19.35,19.77,181333
2026-01-22,19.81,20.60,19.76,20.05,105487
2026-01-23,20.04,20.94,18.68,19.61,190749
2026-01-27,19.61,19.88,19.21,19.29,99586
2026-01-28,19.29,19.99,19.29,19.69,80771
2026-01-29,20.03,20.66,19.81,20.56,152232
2026-01-30,20.56,20.58,19.31,20.36,102376
2026-02-01,20.36,20.36,18.77,19.46,131624
2026-02-02,19.37,20.03,19.13,19.30,85866
2026-02-03,20.66,20.66,19.13,19.42,183694
2026-02-04,19.42,20.02,19.22,19.52,121190
2026-02-05,19.67,20.02,19.22,19.34,125936
2026-02-06,19.23,19.82,19.23,19.68,75560
2026-02-09,19.69,19.94,19.45,19.61,137290
2026-02-10,19.63,20.31,19.58,19.77,151191
2026-02-11,20.48,20.48,19.67,20.09,103734
2026-02-12,20.67,21.55,20.18,20.60,345466
2026-02-13,20.60,20.89,19.85,20.21,98270
2026-02-16,19.95,20.20,19.85,19.89,55270
2026-02-17,19.95,20.24,19.81,19.84,65285
2026-02-18,19.84,20.26,19.59,19.65,107940
2026-02-19,19.65,19.98,19.17,19.24,74924
2026-02-20,19.31,19.44,19.13,19.16,89824
2026-02-23,19.21,19.44,18.67,18.71,116342
2026-02-24,18.70,18.79,18.21,18.30,87844
2026-02-25,18.30,18.83,17.99,18.26,76707
2026-02-26,18.26,18.66,17.96,18.27,64058
2026-02-27,17.99,18.52,17.99,18.01,89146
2026-03-02,17.76,17.76,16.04,16.89,217826
2026-03-04,16.37,16.69,15.06,15.73,328860
2026-03-05,15.89,18.87,15.86,18.87,448624
2026-03-06,20.95,20.95,18.76,19.02,909380
2026-03-09,17.86,18.63,17.86,18.37,107082
2026-03-10,18.37,19.16,18.22,18.65,121296
2026-03-11,18.85,19.03,17.91,18.08,125009
2026-03-12,18.06,18.30,17.66,18.11,103766
2026-03-13,17.76,18.21,16.94,17.30,145560
2026-03-16,17.31,17.61,16.39,16.78,145176
2026-03-17,17.01,17.52,16.84,17.34,122953
2026-03-18,17.08,17.85,17.08,17.45,159976
2026-03-19,17.30,17.42,16.81,17.05,138026
2026-03-20,17.05,17.74,16.95,17.02,102082
2026-03-23,16.52,16.74,15.93,16.51,208269
2026-03-24,17.03,17.30,16.62,16.75,144132
2026-03-25,16.76,17.30,16.40,16.79,118129
2026-03-27,16.79,17.10,15.94,16.21,132167
2026-03-30,16.12,16.61,14.27,15.05,340793
2026-04-01,16.08,16.84,15.74,16.63,103737
2026-04-02,16.39,17.09,15.76,16.59,76234
2026-04-06,16.59,17.15,16.59,16.99,69043
2026-04-07,16.89,19.13,16.89,18.53,354457
2026-04-08,18.77,19.44,18.36,18.89,212355
2026-04-09,19.35,19.49,18.47,18.57,97080
2026-04-10,18.94,19.12,18.62,18.75,72931
2026-04-13,18.31,18.76,18.18,18.53,72017
2026-04-15,18.64,19.12,18.58,18.88,113454
2026-04-16,19.09,19.81,18.81,19.44,206061
2026-04-17,19.58,20.04,19.32,19.94,139671
2026-04-20,19.99,20.26,19.26,19.40,99438
2026-04-21,19.40,19.85,18.76,18.93,140858
2026-04-22,18.93,20.22,18.93,19.21,102167
2026-04-23,19.13,19.68,19.03,19.59,72372
2026-04-24,19.59,19.59,18.90,19.18,87624
2026-04-27,19.76,19.90,19.00,19.43,120194
2026-04-28,19.43,19.59,18.21,19.02,102082
2026-04-29,19.02,20.74,19.02,20.11,569500
2026-04-30,20.10,20.10,19.54,19.78,80952
2026-05-04,19.74,20.09,19.35,19.38,126329
2026-05-05,19.67,19.91,19.22,19.58,98345
2026-05-06,19.58,19.94,18.47,19.17,234571
2026-05-07,19.13,20.13,19.13,19.79,226622
2026-05-08,19.95,20.22,19.58,19.69,155695
2026-05-11,19.69,19.69,18.96,19.15,84268
2026-05-12,19.20,19.22,18.49,18.77,135657
2026-05-13,18.76,18.98,17.58,18.52,220398
2026-05-14,18.90,19.26,18.49,18.57,84141
2026-05-15,18.76,18.89,18.00,18.21,122300
2026-05-18,17.91,18.21,17.58,17.71,83317
2026-05-19,17.94,18.30,17.74,17.83,107859
2026-05-20,17.85,18.21,17.78,17.96,65377
2026-05-21,17.99,18.55,17.99,18.27,81411
2026-05-22,18.49,18.49,18.07,18.33,40612
2026-05-25,18.40,19.13,18.13,18.78,105573
2026-05-26,19.14,19.78,18.67,18.81,120737
2026-05-27,18.81,18.81,18.21,18.38,144132
2026-05-29,18.31,18.75,17.91,18.04,197620
2026-06-01,18.03,18.21,17.41,17.54,126008
2026-06-02,17.58,17.81,17.17,17.61,74024
2026-06-03,18.11,18.11,17.40,17.81,60647
2026-06-04,18.12,18.12,17.77,17.79,58695
2026-06-05,18.20,18.20,17.42,17.56,122072
2026-06-08,17.30,17.75,17.23,17.50,64619
2026-06-09,17.35,17.94,17.35,17.80,68800
2026-06-10,17.50,18.49,17.50,17.79,117832
2026-06-11,17.76,17.98,17.58,17.81,51648
2026-06-12,17.85,18.53,17.69,18.31,73715
2026-06-15,18.40,21.31,17.79,18.59,864037
2026-06-16,18.67,19.13,18.31,18.42,151433
2026-06-17,18.42,18.72,18.28,18.38,90689
2026-06-18,18.28,18.64,18.03,18.22,120307
2026-06-19,18.22,18.40,17.86,18.04,119877
2026-06-22,17.99,18.65,17.99,18.44,86295
2026-06-23,18.31,18.57,18.11,18.25,69047
2026-06-24,18.48,18.62,18.04,18.12,53775
2026-06-25,18.21,18.31,17.79,17.97,142115
2026-06-29,17.81,18.05,17.30,17.46,98100
2026-06-30,17.30,17.66,17.30,17.48,37310
2026-07-01,17.66,17.77,17.30,17.47,73749
2026-07-02,17.30,18.06,17.30,17.62,50911
2026-07-03,17.74,18.11,17.54,17.85,74870
2026-07-06,17.89,17.89,16.39,17.30,181839
2026-07-07,17.30,17.40,16.99,17.05,54700
2026-07-08,17.05,17.99,16.85,17.39,119600
2026-07-09,17.57,17.57,17.06,17.14,35482
2026-07-10,17.30,17.42,17.06,17.20,47895
2026-07-13,17.30,17.47,17.17,17.32,39933
2026-07-14,17.30,17.46,17.09,17.25,38696
2026-07-15,17.30,17.45,17.08,17.27,17901
2026-07-16,17.39,17.52,16.48,16.68,144335
2026-07-17,16.75,17.99,16.50,17.68,202269
2026-07-20,17.90,17.90,16.97,17.20,83843
2026-07-21,17.08,17.58,17.08,17.22,49770
2026-07-22,17.14,17.40,16.99,17.20,57369
2026-07-23,17.22,17.75,17.08,17.27,84692
2026-07-24,17.30,17.50,16.87,17.26,28687
2026-07-27,17.23,17.37,16.95,17.03,59278
2026-07-28,17.35,17.35,16.71,16.98,45081
2026-07-29,16.89,17.19,16.67,16.82,75765
2026-07-30,16.68,16.93,16.68,16.78,45469
2026-07-31,16.99,18.21,16.67,18.10,202213
2026-08-03,18.21,18.84,17.64,18.21,223640
2026-08-04,18.57,21.86,18.31,21.56,4466155
2026-08-05,21.50,21.50,19.85,21.06,1877434
2026-08-06,21.27,21.54,20.39,20.69,553316
2026-08-07,20.68,21.08,20.49,20.95,147624
2026-08-10,21.38,21.49,20.05,20.56,273930
2026-08-11,20.72,20.85,19.26,20.06,823901
2026-08-12,20.06,20.18,19.13,19.23,305611
2026-08-13,19.40,20.12,19.23,19.78,156186
2026-08-14,20.04,20.04,18.03,19.39,651412
2026-08-17,20.04,20.27,19.22,19.97,1110960
2026-08-18,20.04,20.40,19.58,19.97,1110844
2026-08-19,20.04,20.49,19.67,20.11,840320
2026-08-20,19.99,20.13,18.58,18.80,484365
2026-08-21,18.72,19.08,18.67,18.80,161941
2026-08-24,18.72,21.07,18.72,20.35,643531
2026-08-25,20.77,20.85,20.00,20.20,219612
2026-08-26,20.20,20.84,19.85,20.45,204980
2026-08-27,20.58,20.68,20.19,20.57,141414
2026-08-28,20.63,20.85,20.05,20.28,109444
2026-08-31,20.06,20.45,19.72,20.23,171526
2026-09-01,20.37,20.46,20.06,20.29,97615
2026-09-02,20.25,20.87,19.86,20.48,202087
2026-09-03,20.58,20.86,19.17,19.34,490482
2026-09-04,19.39,20.22,17.99,18.39,1051148
2026-09-07,18.54,19.13,18.50,19.05,182695
2026-09-08,19.07,19.64,18.76,19.48,136422
2026-09-09,19.63,20.02,19.17,19.98,708895
2026-09-10,20.49,20.95,20.04,20.77,577601
2026-09-11,20.49,21.31,20.06,20.37,773877
2026-09-15,21.95,21.95,19.80,19.98,888517
2026-09-16,19.81,20.10,18.67,19.49,633227
2026-09-17,19.47,19.64,18.91,19.05,213144
2026-09-18,19.00,19.55,19.00,19.16,123725
