Date,Open,High,Low,Close,Volume
2006-09-29,34.67,36.67,33.74,35.31,46620
2006-10-03,36.83,37.50,35.27,36.93,32760
2006-10-04,38.17,38.17,35.87,36.00,19590
2006-10-05,39.33,39.33,35.40,36.40,28170
2006-10-06,38.00,38.59,37.57,38.29,178172
2006-10-09,39.67,41.63,39.63,40.23,72721
2006-10-10,41.27,44.17,40.67,42.10,273783
2006-10-11,43.30,43.47,40.20,40.74,116731
2006-10-12,40.83,41.32,40.08,40.83,103711
2006-10-13,41.00,41.31,40.83,40.95,37440
2006-10-16,41.00,42.67,41.00,41.36,77491
2006-10-17,37.67,40.98,37.57,40.37,507821
2006-10-18,39.67,41.00,39.67,40.02,140257
2006-10-19,41.33,41.33,39.79,40.74,92437
2006-10-20,40.67,41.17,40.67,40.90,80149
2006-10-23,41.62,45.63,40.67,43.57,316557
2006-10-26,43.67,47.15,42.83,45.14,237020
2006-10-27,45.83,47.67,43.90,44.19,101215
2006-10-30,44.83,45.33,42.33,43.78,471503
2006-10-31,43.01,45.98,42.72,43.24,277875
2006-11-02,45.00,52.81,44.99,50.96,1757178
2006-11-03,51.33,53.62,49.26,49.97,1230168
2006-11-06,50.04,54.50,49.33,52.57,2061357
2006-11-07,53.50,54.65,51.00,51.53,677467
2006-11-08,52.00,52.48,49.03,50.95,423676
2006-11-09,51.43,53.01,50.37,51.37,503483
2006-11-10,51.69,52.80,50.79,51.84,281847
2006-11-13,51.67,55.33,51.67,53.74,820196
2006-11-14,54.15,55.33,53.83,54.37,563418
2006-11-15,54.83,54.97,53.83,54.31,215096
2006-11-16,52.74,52.74,52.74,52.74,127327
2006-11-17,53.17,53.32,51.42,52.63,247202
2006-11-20,52.95,52.95,49.17,51.63,226028
2006-11-21,52.29,54.08,52.29,52.59,150566
2006-11-22,53.64,55.62,52.83,53.71,279471
2006-11-23,54.78,54.83,52.85,53.23,134941
2006-11-24,54.67,54.67,51.67,52.28,178724
2006-11-27,55.00,55.00,52.50,52.57,139261
2006-11-28,51.67,52.67,51.67,52.23,277941
2006-11-29,53.33,55.55,53.33,55.10,370324
2006-11-30,56.07,65.67,55.67,63.77,1873579
2006-12-01,64.00,69.00,61.76,65.46,4616896
2006-12-04,65.33,68.17,63.37,65.72,1885141
2006-12-05,66.39,68.67,65.67,67.25,1425740
2006-12-06,64.02,64.02,64.02,64.02,542873
2006-12-07,63.22,63.22,63.22,63.22,485759
2006-12-08,63.89,64.83,62.08,62.32,287997
2006-12-11,63.13,63.13,58.35,60.58,492299
2006-12-12,61.65,61.65,55.83,59.83,428230
2006-12-13,60.00,67.67,57.01,66.10,716863
2006-12-14,66.67,68.17,64.67,65.76,658627
2006-12-15,66.62,72.30,65.83,71.53,1651535
2006-12-18,71.67,72.67,67.94,68.42,932625
2006-12-19,68.67,70.47,65.38,65.98,641232
2006-12-20,67.12,70.33,65.00,68.08,941391
2006-12-21,69.07,69.07,66.83,67.83,237986
2006-12-22,68.33,70.33,67.33,68.61,625338
2006-12-26,68.67,71.07,68.58,70.09,1280227
2006-12-27,70.83,73.79,69.51,72.75,862677
2006-12-28,72.83,73.67,71.20,72.74,438052
2006-12-29,73.58,79.88,72.02,75.05,1472109
2007-01-02,75.52,77.95,73.33,73.75,704185
2007-01-03,74.65,75.57,71.68,72.16,445330
2007-01-04,72.82,75.42,72.50,74.43,394204
2007-01-05,74.17,74.33,71.76,72.35,353980
2007-01-08,73.95,73.95,70.86,71.25,256281
2007-01-09,71.67,75.28,71.67,73.26,437104
2007-01-10,72.83,72.83,70.10,70.63,205460
2007-01-11,73.33,73.33,70.92,71.73,158510
2007-01-12,73.00,73.00,71.37,72.30,132091
2007-01-15,72.67,74.99,72.33,73.72,465233
2007-01-16,74.16,74.17,72.00,72.65,180152
2007-01-17,73.95,73.95,71.19,72.82,112435
2007-01-18,73.79,74.17,72.25,72.71,317589
2007-01-19,73.17,75.50,72.71,73.07,556902
2007-01-22,73.85,74.50,73.04,73.27,194870
2007-01-23,73.33,73.39,72.17,72.77,125653
2007-01-24,73.33,74.24,72.50,73.87,241256
2007-01-25,74.17,75.83,74.17,75.35,205094
2007-01-29,75.17,79.17,75.17,77.37,476891
2007-01-31,78.33,78.33,73.67,75.57,214766
2007-02-01,75.83,75.92,74.32,75.23,95311
2007-02-02,75.00,76.17,73.92,74.78,81139
2007-02-05,75.66,75.66,73.02,73.37,82819
2007-02-06,74.08,74.08,70.85,71.25,158474
2007-02-07,73.33,73.33,70.33,71.35,109255
2007-02-08,71.42,71.67,68.17,70.21,175928
2007-02-09,73.33,73.33,67.50,70.29,245336
2007-02-12,68.67,70.17,64.25,67.88,302289
2007-02-13,65.83,70.04,64.17,67.37,309393
2007-02-14,64.17,67.17,57.50,65.82,345267
2007-02-15,67.98,68.33,66.25,67.17,141433
2007-02-19,59.17,69.17,59.17,67.29,202622
2007-02-20,68.00,68.67,65.33,67.69,213092
2007-02-21,69.17,79.17,66.67,68.38,122935
2007-02-22,59.50,69.83,59.50,68.98,111373
2007-02-23,67.67,69.17,63.37,65.34,255375
2007-02-26,65.83,67.67,61.67,66.18,261075
2007-02-27,67.50,68.42,65.18,67.96,99715
2007-02-28,60.50,67.17,60.00,65.05,186440
2007-03-01,65.00,65.99,62.67,63.42,154700
2007-03-02,63.65,65.17,61.67,62.92,79309
2007-03-05,61.50,63.00,56.67,60.73,207110
2007-03-06,61.67,62.83,57.42,58.66,269067
2007-03-07,60.00,60.00,55.58,56.71,98179
2007-03-08,57.50,61.67,55.42,58.53,177386
2007-03-09,60.00,60.00,56.68,58.02,122977
2007-03-12,58.00,59.50,57.33,59.02,177728
2007-03-13,59.17,62.42,58.62,61.67,121297
2007-03-14,59.17,63.33,59.17,61.89,113125
2007-03-15,63.33,64.45,62.50,64.08,65167
2007-03-16,63.00,64.08,62.17,62.70,109429
2007-03-19,62.33,64.17,61.17,63.53,37926
2007-03-20,65.67,65.67,62.50,63.68,52069
2007-03-21,62.67,64.48,62.67,64.04,47562
2007-03-22,64.67,65.67,64.06,64.97,880671
2007-03-23,64.95,66.17,64.17,65.01,79807
2007-03-26,66.13,66.67,62.50,64.07,125167
2007-03-28,64.00,64.00,60.87,61.77,29322
2007-03-29,60.09,61.67,60.09,61.49,40074
2007-03-30,61.17,66.50,61.17,65.45,143605
2007-04-02,63.33,64.67,60.50,61.11,116809
2007-04-03,61.62,61.62,61.62,61.62,0
2007-04-04,61.62,62.72,59.83,60.10,174836
2007-04-05,61.65,63.08,60.83,62.67,189518
2007-04-09,63.73,65.00,63.10,63.45,117343
2007-04-10,64.50,65.00,63.50,64.62,135817
2007-04-11,64.83,70.00,64.04,68.39,1061165
2007-04-12,68.42,69.83,65.33,68.08,254613
2007-04-13,68.33,70.83,68.33,69.84,283659
2007-04-16,70.81,71.17,69.43,69.87,73657
2007-04-17,66.83,70.00,62.50,68.65,446722
2007-04-18,68.50,69.83,67.00,67.57,89731
2007-04-19,67.16,67.50,63.85,67.50,64369
2007-04-20,67.83,67.83,66.67,66.88,36384
2007-04-23,68.30,69.00,65.20,66.22,69061
2007-04-24,67.17,67.17,63.37,65.59,114157
2007-04-25,66.25,67.00,65.67,66.07,48054
2007-04-26,66.67,67.13,65.67,66.03,202496
2007-04-27,65.67,66.48,64.50,65.34,62533
2007-04-30,65.02,67.17,64.58,66.45,70555
2007-05-03,66.68,68.12,66.67,66.81,45540
2007-05-04,67.04,67.33,65.33,65.78,33012
2007-05-07,65.83,66.50,65.03,65.36,27366
2007-05-08,66.17,66.17,63.50,64.71,36342
2007-05-09,64.25,67.50,64.17,66.61,53569
2007-05-10,67.48,68.32,64.90,66.25,150752
2007-05-11,66.67,66.83,65.17,66.28,36048
2007-05-14,68.32,68.50,65.86,68.29,102553
2007-05-15,68.47,72.80,68.47,71.38,608784
2007-05-16,72.00,74.07,68.67,69.50,493589
2007-05-17,70.67,70.67,69.42,70.13,104869
2007-05-18,67.77,70.29,67.52,69.43,530687
2007-05-21,73.32,73.32,67.55,67.97,130789
2007-05-22,69.00,70.00,67.17,68.97,351712
2007-05-23,69.50,69.83,67.83,68.32,361492
2007-05-24,68.32,68.83,67.18,67.46,36258
2007-05-25,66.67,67.17,66.17,66.61,94717
2007-05-28,67.65,67.65,66.17,66.49,50383
2007-05-29,67.33,70.73,66.83,69.83,187706
2007-05-30,72.14,73.17,69.33,71.34,248366
2007-05-31,72.00,72.68,70.09,71.90,170474
2007-06-01,72.50,73.13,70.83,70.92,52159
2007-06-04,71.17,71.65,69.17,70.00,96985
2007-06-05,69.42,72.08,69.42,71.44,179066
2007-06-06,72.49,72.49,71.08,71.26,88657
2007-06-07,71.00,78.23,70.80,76.00,1140029
2007-06-08,75.33,79.12,73.50,75.78,1070603
2007-06-11,76.67,79.25,76.33,77.59,335631
2007-06-12,78.33,78.37,76.00,76.97,206768
2007-06-13,77.33,80.42,76.17,79.61,597912
2007-06-14,82.40,83.17,80.50,81.02,780680
2007-06-15,83.33,87.82,81.66,84.82,4455381
2007-06-18,88.28,89.67,80.92,81.88,1238676
2007-06-19,82.00,82.31,80.33,80.86,446116
2007-06-20,81.33,83.12,81.17,81.91,342885
2007-06-21,81.99,82.50,81.02,81.81,218708
2007-06-22,81.17,85.78,81.17,83.49,761666
2007-06-25,84.67,85.82,82.33,83.01,471755
2007-06-26,84.08,85.00,82.77,84.09,358222
2007-06-27,84.32,84.96,83.11,83.65,235934
2007-06-28,84.33,84.67,82.92,83.26,185426
2007-06-29,84.12,84.17,82.52,82.83,114781
2007-07-02,83.67,84.92,83.33,84.04,207362
2007-07-03,84.50,86.00,84.00,85.15,359152
2007-07-04,85.19,86.62,84.18,84.34,371554
2007-07-05,85.30,85.30,82.60,83.74,157790
2007-07-06,84.17,88.63,83.92,84.96,939417
2007-07-09,85.83,91.23,84.75,90.02,1623688
2007-07-10,91.67,96.33,90.83,91.76,1449470
2007-07-11,92.17,93.64,89.17,90.04,875253
2007-07-12,93.33,95.67,91.37,93.65,0
2007-07-13,94.00,95.33,89.67,90.12,723799
2007-07-16,91.45,93.67,90.34,92.84,469775
2007-07-17,94.00,94.00,90.19,91.45,310713
2007-07-18,90.50,94.13,90.50,92.05,990730
2007-07-19,93.27,93.49,90.42,92.18,502703
2007-07-20,93.32,94.67,91.67,93.65,422680
2007-07-23,93.33,98.00,93.32,96.27,599664
2007-07-24,97.08,97.33,93.17,93.58,309753
2007-07-25,91.67,94.15,91.17,92.63,416410
2007-07-26,93.65,94.08,91.87,92.46,278133
2007-07-27,90.33,94.97,89.33,93.64,642648
2007-07-30,93.17,95.33,93.17,94.24,1416236
2007-07-31,94.50,98.12,93.92,97.44,484649
2007-08-01,94.17,99.00,94.17,97.74,752552
2007-08-02,98.00,105.67,97.50,104.73,983668
2007-08-03,106.00,110.00,105.93,107.87,842690
2007-08-06,106.42,106.83,104.17,104.57,402514
2007-08-07,106.62,108.32,102.67,103.31,265707
2007-08-08,104.67,106.67,104.00,104.66,207464
2007-08-09,105.83,106.54,102.50,102.64,192632
2007-08-10,99.43,100.83,97.02,99.79,455039
2007-08-13,100.00,102.11,98.50,99.97,259869
2007-08-14,100.83,101.32,99.50,99.63,119617
2007-08-16,96.67,98.17,95.00,96.34,429886
2007-08-17,95.83,96.92,91.02,92.37,473651
2007-08-20,99.00,99.00,93.08,93.74,203924
2007-08-21,93.83,95.33,91.50,92.87,579894
2007-08-22,93.85,94.65,90.83,92.92,188048
2007-08-23,94.58,95.83,93.50,94.21,378232
2007-08-24,95.00,98.31,93.69,97.94,234044
2007-08-27,99.83,102.49,98.41,100.83,455915
2007-08-28,100.83,104.12,99.82,103.55,331389
2007-08-29,101.67,104.17,100.33,103.72,183536
2007-08-30,104.17,105.52,103.80,105.17,157292
2007-08-31,105.83,108.04,105.50,106.37,144949
2007-09-03,117.50,117.50,107.50,110.41,190244
2007-09-04,111.65,112.49,110.32,110.99,182678
2007-09-05,111.67,112.58,110.33,110.74,140491
2007-09-06,110.00,111.67,110.00,111.23,71743
2007-09-07,112.46,113.00,108.50,110.47,91345
2007-09-10,106.92,113.00,106.92,112.21,155756
2007-09-11,113.17,114.16,112.67,113.77,98851
2007-09-12,114.15,114.16,111.67,112.72,63997
2007-09-13,114.16,114.16,108.71,111.78,175202
2007-09-14,110.83,111.67,100.39,108.30,144583
2007-09-17,110.00,110.00,105.42,105.79,113689
2007-09-18,106.17,106.33,104.46,105.44,133363
2007-09-19,106.50,108.83,104.17,104.64,202754
2007-09-20,106.67,111.00,105.00,108.86,166550
2007-09-21,109.17,114.16,108.33,111.68,258681
2007-09-24,113.33,114.17,109.67,111.64,154322
2007-09-25,112.00,114.17,110.83,113.30,425032
2007-09-26,116.50,118.32,114.67,115.11,271359
2007-09-27,117.50,119.73,115.00,115.28,231230
2007-09-28,117.33,117.33,113.67,114.69,250004
2007-10-01,116.64,119.10,113.67,114.22,400882
2007-10-03,114.98,119.08,114.98,117.00,343233
2007-10-04,119.66,119.66,113.17,114.72,507647
2007-10-05,115.33,120.35,115.17,119.32,658417
2007-10-08,120.83,122.67,111.83,113.82,745861
2007-10-09,113.83,115.92,108.33,114.63,0
2007-10-10,130.00,130.00,114.00,116.78,373348
2007-10-11,117.00,117.97,113.55,115.32,87766
2007-10-12,115.00,115.90,113.15,114.15,79378
2007-10-15,115.95,119.95,113.00,115.32,156564
2007-10-16,115.50,124.90,113.50,122.70,245212
2007-10-17,131.20,131.20,131.20,131.20,186298
2007-10-18,134.00,139.88,125.78,129.07,269168
2007-10-19,130.00,132.45,117.50,126.75,159654
2007-10-22,122.50,132.00,122.50,129.52,205044
2007-10-23,128.50,137.43,128.50,134.95,226708
2007-10-24,137.45,157.50,135.50,150.25,423838
2007-10-25,154.00,157.00,140.00,152.95,584954
2007-10-26,152.00,152.50,143.95,148.90,901780
2007-10-29,152.40,152.40,146.50,147.70,461328
2007-10-30,149.45,151.98,148.00,149.40,208124
2007-10-31,151.00,155.95,149.57,152.50,328986
2007-11-01,155.00,156.25,145.50,147.00,95614
2007-11-02,145.90,147.50,131.02,142.00,71596
2007-11-05,141.00,141.00,132.00,134.62,316254
2007-11-06,137.45,140.00,127.00,129.55,120936
2007-11-07,130.45,132.80,121.62,122.72,146906
2007-11-08,113.50,132.45,110.50,127.20,160830
2007-11-09,132.00,133.50,127.62,129.18,27452
2007-11-12,123.00,126.95,120.57,124.20,198558
2007-11-13,123.50,133.40,120.00,128.57,266738
2007-11-14,133.40,133.40,127.12,127.80,105936
2007-11-15,103.88,131.00,103.88,130.00,163274
2007-11-16,129.98,136.35,124.15,134.57,158938
2007-11-19,136.50,146.00,133.25,144.40,183814
2007-11-20,147.45,149.90,139.50,140.70,374244
2007-11-21,142.40,151.20,136.50,141.57,1210902
2007-11-22,142.50,147.50,137.00,141.35,120002
2007-11-23,144.90,146.40,140.00,143.05,89684
2007-11-26,146.02,147.50,141.55,145.27,212096
2007-11-27,144.98,145.50,141.00,144.60,113430
2007-11-28,145.50,146.45,140.05,140.60,84398
2007-11-29,144.43,148.00,141.02,145.02,165128
2007-11-30,143.50,147.00,143.50,145.75,66346
2007-12-03,145.98,148.90,116.82,147.77,79564
2007-12-04,147.50,150.95,147.02,150.10,78784
2007-12-05,150.75,153.27,147.50,150.80,136450
2007-12-06,152.05,157.25,147.55,155.90,244096
2007-12-07,157.50,162.43,151.27,157.85,209170
2007-12-10,161.00,162.40,153.50,154.12,147694
2007-12-11,157.35,157.50,153.50,156.55,99304
2007-12-12,155.98,160.95,154.98,160.10,73624
2007-12-13,162.40,165.65,159.07,163.75,144696
2007-12-14,164.80,170.00,164.00,166.85,612056
2007-12-17,165.00,167.43,157.00,160.25,181880
2007-12-18,156.20,167.00,130.60,160.70,150712
2007-12-19,162.50,167.50,160.00,166.07,1121648
2007-12-20,168.00,171.65,160.05,161.50,931066
2007-12-24,164.85,165.48,161.50,162.43,130748
2007-12-26,164.00,165.40,160.50,162.88,174384
2007-12-27,164.85,166.95,163.00,164.43,118886
2007-12-28,167.50,167.50,162.50,163.40,73500
2007-12-31,169.20,169.20,150.10,161.32,81224
2008-01-01,164.95,164.95,159.15,161.98,34256
2008-01-02,162.00,165.00,160.25,163.40,168664
2008-01-03,163.00,165.00,160.60,162.68,147992
2008-01-04,164.00,164.40,159.02,160.18,83268
2008-01-07,160.95,167.50,158.20,165.30,249468
2008-01-08,167.45,169.95,159.00,162.30,322746
2008-01-09,161.02,163.00,158.50,159.38,58558
2008-01-10,159.65,162.45,152.52,154.12,499020
2008-01-11,159.50,159.50,149.00,154.60,156760
2008-01-14,152.50,154.48,149.20,152.25,72064
2008-01-15,156.00,156.00,150.55,152.95,63718
2008-01-16,152.45,152.45,146.52,148.75,313242
2008-01-17,152.00,152.00,147.00,149.85,86744
2008-01-18,150.00,150.00,139.00,140.98,68276
2008-01-21,140.50,142.20,128.50,132.32,139484
2008-01-22,120.50,132.50,110.00,120.55,95068
2008-01-23,129.50,144.00,125.00,141.82,130902
2008-01-24,146.00,150.50,135.00,140.48,400936
2008-01-25,140.02,142.50,135.50,139.05,37366
2008-01-28,139.93,141.50,132.50,138.73,32922
2008-01-29,142.00,142.00,132.50,134.65,33298
2008-01-30,135.00,135.00,116.62,119.55,720740
2008-01-31,119.50,120.00,107.50,110.45,489970
2008-02-01,111.00,111.85,97.30,100.07,1303266
2008-02-04,102.50,112.00,102.50,109.90,804520
2008-02-05,110.00,113.45,106.00,112.20,228810
2008-02-06,109.97,114.85,98.50,112.32,229492
2008-02-07,114.50,114.50,109.90,110.53,104236
2008-02-08,112.00,113.00,108.75,111.25,146316
2008-02-11,112.57,112.57,102.00,109.22,186282
2008-02-12,110.07,115.50,87.82,112.90,187170
2008-02-13,115.00,119.00,109.50,110.50,120008
2008-02-14,113.00,115.00,112.50,114.03,38958
2008-02-15,116.50,116.50,111.12,115.18,59588
2008-02-18,117.40,118.50,112.47,117.75,62966
2008-02-19,119.47,127.00,116.50,119.82,142666
2008-02-20,121.00,125.00,115.50,117.95,75948
2008-02-21,119.07,120.00,115.00,119.00,54902
2008-02-22,112.50,118.00,111.50,116.32,84626
2008-02-25,117.85,117.85,112.20,113.32,100826
2008-02-26,114.90,117.00,113.75,115.32,18186
2008-02-27,117.50,130.00,115.75,122.90,100156
2008-02-28,126.25,128.05,118.35,121.12,209202
2008-02-29,120.55,122.35,117.22,118.35,34496
2008-03-03,115.50,115.50,110.50,112.05,61194
2008-03-04,111.55,113.25,104.00,104.62,78696
2008-03-05,105.00,109.85,104.50,105.32,78974
2008-03-07,105.00,105.00,95.00,97.18,554834
2008-03-10,95.00,103.50,89.12,98.43,198582
2008-03-11,98.00,106.00,91.00,105.22,92708
2008-03-12,110.95,110.95,101.50,102.07,138368
2008-03-13,99.00,100.50,92.50,93.70,118250
2008-03-14,94.50,95.00,89.50,90.65,90114
2008-03-17,87.50,88.97,80.45,82.72,226826
2008-03-18,82.50,89.45,80.50,84.72,103718
2008-03-19,90.00,90.95,80.53,82.38,44262
2008-03-24,85.07,87.25,76.53,80.93,77898
2008-03-25,82.75,87.00,82.50,85.50,346456
2008-03-26,85.00,100.50,84.03,91.80,170092
2008-03-27,88.55,92.97,88.55,89.70,54760
2008-03-28,94.00,94.00,90.12,92.45,76474
2008-03-31,91.95,100.50,85.15,98.32,466678
2008-04-01,98.32,100.00,89.25,95.30,197666
2008-04-02,100.00,100.47,93.62,94.05,258646
2008-04-03,96.95,96.95,91.00,91.47,448932
2008-04-04,92.25,92.95,90.28,92.22,31918
2008-04-07,93.50,93.50,90.50,91.93,38968
2008-04-08,92.00,92.88,87.50,88.22,122426
2008-04-09,87.75,89.00,85.00,87.38,1045004
2008-04-10,89.50,91.95,88.10,88.38,81508
2008-04-11,89.12,90.25,86.25,87.78,115184
2008-04-15,86.97,90.40,85.00,87.25,157336
2008-04-16,89.15,90.00,86.75,87.43,103956
2008-04-17,90.00,90.00,86.00,86.20,147754
2008-04-21,85.50,88.93,85.50,87.28,75458
2008-04-22,88.25,92.50,87.05,88.30,328970
2008-04-23,89.90,90.50,87.25,89.32,146608
2008-04-24,90.00,90.50,87.60,87.85,95080
2008-04-25,89.00,89.00,86.53,87.55,75664
2008-04-28,89.45,89.50,85.00,85.53,332632
2008-04-29,85.95,86.72,84.35,84.72,115494
2008-04-30,85.45,85.93,83.07,83.80,95982
2008-05-02,89.20,89.20,79.05,80.10,360990
2008-05-05,81.72,84.97,79.88,81.45,615964
2008-05-06,81.97,82.50,77.10,77.90,275204
2008-05-07,79.00,80.00,74.53,75.00,463710
2008-05-08,74.00,78.50,72.82,76.68,279082
2008-05-09,75.25,77.47,75.12,75.88,117174
2008-05-12,75.00,75.97,72.75,74.22,88580
2008-05-13,75.50,76.50,71.53,71.82,273574
2008-05-14,71.82,73.95,70.53,72.78,103664
2008-05-15,73.90,74.50,69.53,69.88,544612
2008-05-16,71.95,72.45,70.65,71.55,159196
2008-05-20,71.00,72.30,70.00,70.47,544770
2008-05-21,69.62,71.70,69.07,71.18,130466
2008-05-22,70.50,73.00,70.35,70.78,256538
2008-05-23,72.20,72.20,69.05,69.70,117638
2008-05-26,69.75,69.95,66.40,67.00,165518
2008-05-27,68.20,68.95,62.30,62.92,705000
2008-05-28,63.95,65.00,61.25,61.75,399920
2008-05-29,63.70,66.00,60.95,64.05,872596
2008-05-30,66.97,66.97,62.15,62.85,579564
2008-06-02,63.00,63.73,59.50,59.75,220968
2008-06-03,57.75,58.38,55.52,57.88,231960
2008-06-04,56.60,61.50,52.50,55.00,672268
2008-06-05,55.25,58.23,55.00,57.40,430956
2008-06-06,58.40,59.50,55.50,55.62,202212
2008-06-09,54.75,58.92,50.40,56.65,403334
2008-06-10,56.50,58.50,54.02,55.73,263140
2008-06-11,55.75,57.45,54.52,54.90,217836
2008-06-12,52.50,55.45,52.50,53.70,616804
2008-06-13,54.50,57.20,53.33,54.88,212420
2008-06-16,55.50,61.35,55.38,59.73,505010
2008-06-17,60.50,62.85,60.50,61.42,405006
2008-06-18,62.35,62.35,58.75,59.40,331996
2008-06-19,58.00,58.95,57.12,57.52,82640
2008-06-20,57.60,58.25,56.02,56.35,202918
2008-06-23,55.83,55.83,51.75,52.83,169138
2008-06-24,51.50,53.75,51.00,51.30,128274
2008-06-25,49.65,53.75,49.50,52.90,155870
2008-06-26,53.95,54.65,51.50,51.73,76392
2008-06-27,50.50,52.20,49.53,49.88,171306
2008-06-30,50.00,50.50,45.58,46.25,201886
2008-07-01,46.00,46.95,43.00,44.25,177332
2008-07-02,44.90,46.00,42.50,43.85,176744
2008-07-03,43.55,44.00,40.58,42.00,138838
2008-07-04,42.47,44.45,39.55,43.38,181324
2008-07-07,43.50,49.35,43.50,48.00,188078
2008-07-08,45.60,49.85,39.25,49.45,170910
2008-07-09,52.00,52.40,49.95,50.12,144788
2008-07-10,50.12,51.00,48.47,50.38,72902
2008-07-11,51.25,51.80,48.03,48.45,130744
2008-07-14,49.83,49.83,46.50,47.28,77758
2008-07-15,46.50,47.40,45.60,46.12,51458
2008-07-16,47.12,47.40,44.53,44.95,159244
2008-07-17,45.83,46.38,44.53,44.85,135066
2008-07-18,45.00,45.90,45.00,45.17,60834
2008-07-21,44.50,46.20,44.25,45.03,54238
2008-07-22,45.90,45.90,44.58,45.30,86238
2008-07-23,46.40,49.40,45.30,46.08,664110
2008-07-24,46.80,47.20,45.75,46.05,253324
2008-07-25,46.00,46.00,45.03,45.40,62098
2008-07-28,45.75,45.97,44.53,44.78,70806
2008-07-29,43.65,45.95,43.22,43.55,103988
2008-07-30,45.00,45.00,42.80,43.17,401250
2008-07-31,44.00,46.75,43.53,45.40,519540
2008-08-01,44.95,46.15,44.47,44.85,217336
2008-08-04,44.53,46.40,44.53,44.92,149376
2008-08-05,45.75,51.85,45.72,50.70,2222258
2008-08-06,52.00,55.23,50.50,53.52,3012930
2008-08-07,53.48,62.67,53.48,58.62,3579288
2008-08-08,59.00,60.95,56.77,59.08,1187800
2008-08-11,60.02,64.05,59.12,63.27,1116622
2008-08-12,64.00,64.25,60.75,61.48,476976
2008-08-13,60.08,62.33,60.08,60.75,198268
2008-08-14,60.00,61.12,56.12,56.67,248940
2008-08-18,52.67,58.90,52.67,55.55,206576
2008-08-19,55.00,57.35,55.00,56.90,382982
2008-08-20,53.17,58.95,53.17,58.45,180560
2008-08-21,58.45,58.75,56.52,56.90,140724
2008-08-22,57.50,57.50,55.52,56.08,70056
2008-08-25,58.00,59.80,57.30,58.02,276614
2008-08-26,59.20,59.20,56.00,56.60,70120
2008-08-27,56.62,59.20,56.62,58.65,1048258
2008-08-28,58.60,60.45,58.25,58.60,213954
2008-08-29,58.58,59.95,58.50,58.60,64308
2008-09-01,58.52,59.45,56.75,57.83,377698
2008-09-02,58.00,58.98,57.58,58.27,38804
2008-09-04,58.98,58.98,57.27,58.52,55798
2008-09-05,56.10,58.45,56.10,57.25,103718
2008-09-08,55.02,62.15,55.02,59.45,734126
2008-09-09,59.00,59.50,58.00,58.27,85566
2008-09-10,57.00,59.95,57.00,58.10,307896
2008-09-11,58.25,58.35,55.55,56.55,108002
2008-09-15,53.98,54.50,48.50,52.90,134226
2008-09-16,50.00,52.12,49.65,51.27,71208
2008-09-17,52.50,52.50,50.40,51.00,77816
2008-09-18,49.00,51.50,47.62,51.12,94274
2008-09-19,54.00,54.00,50.60,52.90,90196
2008-09-22,53.45,53.45,51.00,51.50,126962
2008-09-23,50.08,51.50,50.08,50.92,135790
2008-09-24,50.88,51.92,50.00,50.30,185242
2008-09-25,51.17,51.17,49.00,49.55,36920
2008-09-26,48.55,52.50,48.50,49.65,170578
2008-09-29,49.15,50.30,45.00,45.33,140564
2008-09-30,42.53,45.75,42.50,43.97,226762
2008-10-01,45.75,46.12,43.55,45.97,75230
2008-10-03,45.50,47.45,44.20,44.92,96450
2008-10-06,44.00,44.00,38.75,39.30,139700
2008-10-07,38.50,40.95,34.00,36.88,346228
2008-10-08,36.00,36.75,33.50,33.97,131950
2008-10-10,33.03,33.03,27.20,27.27,560160
2008-10-13,28.50,29.90,26.98,28.60,191068
2008-10-14,29.45,31.40,27.77,28.17,206144
2008-10-15,27.05,28.50,25.75,26.02,178252
2008-10-16,25.00,26.00,23.42,25.30,394910
2008-10-17,25.77,27.85,23.08,23.65,275204
2008-10-20,24.00,24.50,22.25,22.60,149096
2008-10-21,22.95,23.50,22.30,22.58,258828
2008-10-22,22.50,22.50,21.23,21.52,318014
2008-10-23,22.00,22.00,19.40,19.77,383046
2008-10-24,19.62,20.20,18.50,19.15,315730
2008-10-27,19.00,20.40,18.00,18.85,356230
2008-10-28,20.35,20.75,19.55,20.73,55304
2008-10-29,21.50,22.35,18.65,19.23,122802
2008-10-31,20.73,21.05,18.52,18.83,338066
2008-11-03,19.58,20.73,19.58,20.40,212794
2008-11-04,20.50,22.45,20.08,22.45,247356
2008-11-05,23.95,24.70,23.45,23.88,320444
2008-11-06,23.60,23.60,22.70,22.70,155450
2008-11-07,21.75,23.45,21.58,22.92,211156
2008-11-10,24.05,24.08,23.52,24.08,79022
2008-11-11,24.70,25.30,23.75,24.40,252606
2008-11-12,23.60,24.45,23.20,23.30,80534
2008-11-14,23.27,24.17,22.25,22.52,100360
2008-11-17,22.75,23.00,21.60,22.60,146800
2008-11-18,23.35,23.35,21.67,22.12,25690
2008-11-19,21.95,22.73,21.05,21.08,154274
2008-11-20,20.08,21.00,20.02,20.02,305952
2008-11-21,20.05,20.77,19.05,19.48,912032
2008-11-24,19.08,20.00,19.05,19.62,184982
2008-11-25,20.00,20.00,18.65,18.65,108328
2008-11-26,18.75,19.12,17.77,17.92,366196
2008-11-28,18.48,18.83,17.05,17.38,90802
2008-12-01,17.70,18.17,16.52,16.67,259016
2008-12-02,16.00,16.50,15.85,15.85,66772
2008-12-03,16.00,16.40,15.12,15.27,155396
2008-12-04,15.48,15.50,14.88,15.02,423180
2008-12-05,15.00,15.77,14.75,14.95,445696
2008-12-08,15.30,15.70,14.90,15.65,272732
2008-12-10,16.00,16.45,15.68,16.42,261812
2008-12-11,16.75,17.25,16.40,17.05,260084
2008-12-12,16.75,17.92,16.38,17.80,318604
2008-12-15,18.45,18.70,18.27,18.67,349110
2008-12-16,19.45,19.62,18.60,19.58,863042
2008-12-17,19.95,19.95,18.60,18.60,365116
2008-12-18,17.70,18.70,17.67,17.70,634990
2008-12-19,17.50,18.60,17.50,18.23,364782
2008-12-22,18.58,19.15,18.35,18.52,242678
2008-12-23,18.90,18.90,18.00,18.15,122922
2008-12-24,18.00,18.27,17.62,17.83,150160
2008-12-26,17.75,18.35,17.75,17.92,88342
2008-12-29,18.00,18.25,17.27,18.10,148132
2008-12-30,18.00,18.75,17.88,18.55,129730
2008-12-31,18.52,19.48,17.65,19.05,182356
2009-01-01,19.77,20.02,19.58,20.02,247514
2009-01-02,20.50,21.02,20.35,21.02,487462
2009-01-05,22.08,22.08,21.25,22.08,382012
2009-01-06,23.20,23.20,21.50,21.65,454922
2009-01-07,22.50,22.50,20.58,20.58,202864
2009-01-09,19.55,20.00,19.55,19.55,130618
2009-01-12,18.58,19.50,18.58,18.58,180668
2009-01-13,17.77,19.52,17.67,18.52,187680
2009-01-14,19.00,19.33,18.75,18.85,143256
2009-01-15,17.92,19.62,17.92,19.12,110530
2009-01-16,19.00,20.10,18.88,19.48,217412
2009-01-19,19.90,19.95,19.38,19.62,54040
2009-01-20,19.12,20.25,19.05,19.52,48792
2009-01-21,18.90,19.80,18.77,18.95,27504
2009-01-22,18.83,19.35,18.00,18.00,97078
2009-01-23,17.85,18.23,17.20,17.35,47474
2009-01-27,17.73,18.12,17.40,17.98,64438
2009-01-28,17.50,18.48,17.08,17.33,125084
2009-01-29,17.70,18.20,17.38,18.05,72440
2009-01-30,18.00,18.17,17.48,17.98,34160
2009-02-02,18.05,18.88,17.48,18.30,140694
2009-02-03,17.75,18.25,17.55,17.80,81204
2009-02-04,17.92,17.98,16.92,17.00,134386
2009-02-05,17.33,17.42,16.67,16.92,29236
2009-02-06,17.17,17.45,16.62,16.70,73196
2009-02-09,16.65,17.00,16.45,16.52,146634
2009-02-10,16.62,17.10,16.20,16.48,222020
2009-02-11,16.48,16.60,16.17,16.48,87172
2009-02-12,16.55,16.75,16.35,16.40,97068
2009-02-13,17.00,17.00,16.33,16.45,149124
2009-02-16,16.45,16.55,16.25,16.27,49882
2009-02-17,16.00,16.25,15.65,15.93,87140
2009-02-18,15.75,16.00,15.30,15.95,68962
2009-02-19,16.23,16.23,15.32,15.43,102596
2009-02-20,15.25,16.10,15.25,15.80,54446
2009-02-24,15.52,15.88,15.02,15.02,193412
2009-02-25,15.25,15.50,14.65,14.88,117234
2009-02-26,15.25,15.25,14.50,14.90,58312
2009-02-27,14.98,15.18,14.35,14.65,112576
2009-03-02,14.65,14.95,14.35,14.48,37382
2009-03-03,14.27,14.93,14.02,14.52,55436
2009-03-04,14.50,14.52,13.82,14.05,84394
2009-03-05,13.90,14.48,13.73,13.98,0
2009-03-06,13.60,14.00,13.05,13.68,92572
2009-03-09,14.12,14.12,12.32,12.85,94336
2009-03-12,13.20,13.45,12.25,12.55,110680
2009-03-13,12.98,13.00,11.88,12.30,302276
2009-03-16,12.85,12.88,12.32,12.50,483070
2009-03-17,12.70,12.70,12.05,12.30,236012
2009-03-18,12.35,13.55,12.35,13.55,2009868
2009-03-19,14.20,14.93,14.02,14.93,759698
2009-03-20,14.68,15.80,13.85,15.18,568678
2009-03-23,15.95,15.95,15.05,15.30,290876
2009-03-24,15.30,15.75,14.05,14.45,241364
2009-03-25,14.32,14.75,13.88,14.60,115704
2009-03-26,14.62,15.25,14.27,15.10,280212
2009-03-27,15.50,16.17,15.10,15.82,227318
2009-03-30,15.75,16.00,15.10,15.50,118768
2009-03-31,15.57,16.00,15.45,15.52,111120
2009-04-01,15.50,16.67,15.50,16.35,205306
2009-04-02,16.88,18.00,16.58,18.00,0
2009-04-06,18.70,18.90,17.70,18.42,471832
2009-04-08,17.62,19.35,17.55,19.35,256502
2009-04-09,19.95,20.33,18.85,20.08,512972
2009-04-13,20.65,20.85,19.10,19.92,621950
2009-04-15,19.25,20.92,19.12,20.92,327380
2009-04-16,21.50,21.98,20.88,21.15,713840
2009-04-17,21.50,22.00,20.15,20.88,425578
2009-04-20,21.12,21.20,20.15,20.40,149786
2009-04-21,20.00,21.42,19.58,21.30,330838
2009-04-22,22.00,22.35,20.77,20.95,315384
2009-04-23,20.73,21.35,20.27,21.17,140912
2009-04-24,21.45,21.75,20.92,21.58,185690
2009-04-27,21.08,22.67,21.08,22.15,312866
2009-04-28,22.40,22.75,21.05,21.12,195820
2009-04-29,20.90,21.95,20.75,21.42,122628
2009-05-04,22.40,22.50,21.62,22.50,315718
2009-05-05,23.00,23.45,22.05,22.80,1111588
2009-05-06,23.50,23.50,22.27,22.52,235482
2009-05-07,23.25,23.50,22.20,22.98,299192
2009-05-08,23.50,25.75,22.75,24.98,901868
2009-05-11,25.58,26.50,23.75,24.00,423072
2009-05-12,24.45,24.50,23.27,24.20,179926
2009-05-13,24.50,28.20,24.27,27.55,1437216
2009-05-14,28.00,31.73,28.00,29.17,5031416
2009-05-15,29.92,30.75,27.77,28.35,1104258
2009-05-18,30.00,32.85,30.00,32.47,10038
2009-05-19,32.62,37.88,29.50,36.80,0
2009-05-20,36.50,40.50,36.50,40.50,956952
2009-05-21,42.00,43.90,37.50,39.20,943300
2009-05-22,40.95,41.00,37.83,38.92,516514
2009-05-25,39.90,41.00,39.55,40.75,300468
2009-05-26,40.50,43.40,36.67,37.50,635490
2009-05-27,38.25,41.25,38.25,41.25,647534
2009-05-28,43.50,44.75,42.50,43.40,1131056
2009-05-29,43.70,47.75,43.33,47.75,1283568
2009-06-01,50.65,52.52,49.95,51.40,0
2009-06-02,52.05,52.15,48.85,48.92,474172
2009-06-03,49.95,49.95,46.50,46.50,578210
2009-06-04,46.50,46.50,44.25,44.53,561582
2009-06-05,45.50,46.22,42.80,43.12,420354
2009-06-08,43.03,44.55,40.97,40.97,266272
2009-06-09,40.97,43.03,38.92,42.12,990528
2009-06-10,43.10,44.25,40.03,43.55,751466
2009-06-11,45.50,45.50,41.62,42.15,1523130
2009-06-12,42.45,42.65,40.05,40.08,366580
2009-06-15,39.50,39.88,38.08,38.35,200070
2009-06-16,37.00,39.78,36.50,38.60,1108878
2009-06-17,39.35,39.40,36.67,36.70,706572
2009-06-18,36.60,37.25,34.88,34.88,418700
2009-06-19,35.90,35.90,33.28,34.33,343166
2009-06-22,35.20,35.75,33.75,34.05,541890
2009-06-23,32.55,35.45,32.35,35.03,404536
2009-06-24,35.75,36.00,34.28,34.80,206632
2009-06-25,35.50,36.55,35.50,36.53,868974
2009-06-26,37.03,37.85,35.65,37.28,443762
2009-06-29,37.28,38.35,36.78,37.67,321384
2009-06-30,38.35,38.35,35.80,35.85,273558
2009-07-01,35.75,36.20,34.10,34.45,392734
2009-07-02,35.00,35.50,34.25,34.83,243934
2009-07-03,34.00,35.12,34.00,34.53,250174
2009-07-06,35.00,36.25,33.00,33.47,315356
2009-07-07,33.95,34.22,32.50,33.72,148914
2009-07-08,32.75,33.25,30.05,30.25,338542
2009-07-09,31.10,34.40,30.10,33.78,1947564
2009-07-10,35.05,35.05,32.50,33.58,3763268
2009-07-13,34.25,34.95,31.77,34.55,2240736
2009-07-14,35.75,36.35,34.70,35.20,2032838
2009-07-15,36.10,38.45,35.70,37.67,3047684
2009-07-16,38.40,38.45,36.03,36.67,1317676
2009-07-17,36.97,37.95,36.75,37.12,613086
2009-07-20,37.95,40.33,37.15,39.78,2160726
2009-07-21,40.30,41.25,38.38,40.62,1613388
2009-07-22,41.00,41.70,38.50,39.22,1024186
2009-07-23,39.85,40.75,39.53,40.00,619644
2009-07-24,40.45,42.33,39.65,41.58,1330636
2009-07-27,41.50,44.25,41.12,43.25,1619704
2009-07-28,43.50,44.45,42.25,42.60,556624
2009-07-29,42.00,42.50,39.75,40.65,518356
2009-07-30,40.70,41.72,39.25,39.47,691408
2009-07-31,39.50,40.78,38.78,38.95,435884
2009-08-03,39.15,39.97,38.67,39.75,263278
2009-08-04,40.33,40.50,39.05,39.28,387702
2009-08-05,39.00,39.45,34.28,38.55,209080
2009-08-06,38.75,41.88,38.08,40.17,1942270
2009-08-07,40.05,42.28,39.75,40.38,1051100
2009-08-10,41.50,41.50,38.58,38.95,359310
2009-08-11,39.00,39.95,38.25,38.78,1205968
2009-08-12,38.33,38.88,37.05,37.90,239790
2009-08-13,39.25,40.95,38.80,39.55,804870
2009-08-14,39.90,41.25,39.00,40.17,617808
2009-08-17,39.80,39.95,36.33,36.60,1189580
2009-08-18,36.20,38.10,36.20,37.80,370654
2009-08-19,37.60,38.95,37.55,37.80,339096
2009-08-20,38.22,38.60,37.50,37.72,191814
2009-08-21,38.00,38.67,37.60,38.28,342370
2009-08-24,39.00,41.95,38.00,41.38,1629406
2009-08-25,41.38,44.28,41.10,43.53,2546304
2009-08-26,44.00,45.92,43.62,43.92,1427920
2009-08-27,44.35,45.42,42.95,43.20,868922
2009-08-28,43.75,45.70,43.50,45.38,1089212
2009-08-31,42.50,46.65,42.50,45.90,1346812
2009-09-01,46.42,47.30,44.03,44.42,1108882
2009-09-02,44.00,44.85,42.10,43.28,438512
2009-09-03,43.03,44.30,42.78,43.05,304364
2009-09-04,43.70,43.70,42.50,43.05,412956
2009-09-07,43.00,44.95,43.00,44.60,462768
2009-09-08,45.00,46.15,44.50,44.78,571214
2009-09-09,44.10,45.12,43.50,43.65,347120
2009-09-10,44.50,44.95,42.33,42.75,418600
2009-09-11,43.40,43.45,41.05,41.40,401608
2009-09-14,41.05,42.95,41.05,42.40,328148
2009-09-15,42.50,42.90,42.05,42.30,172756
2009-09-16,42.75,43.30,41.85,42.10,345028
2009-09-17,42.70,43.10,42.05,42.33,237966
2009-09-18,42.40,44.25,41.85,43.03,654284
2009-09-22,43.30,44.40,43.10,43.38,444414
2009-09-23,43.92,43.92,42.05,42.17,366500
2009-09-24,42.00,42.95,41.30,42.65,215232
2009-09-25,42.42,44.30,41.78,43.25,678374
2009-09-29,43.88,44.50,43.38,43.80,295388
2009-09-30,42.53,45.97,42.53,45.33,1352112
2009-10-01,45.95,49.35,45.50,47.95,6077464
2009-10-05,47.45,48.95,45.90,46.17,2402340
2009-10-06,46.75,47.45,44.40,46.60,1085176
2009-10-07,47.00,48.10,46.67,47.00,1125580
2009-10-08,47.50,47.83,45.30,45.90,789830
2009-10-09,45.90,47.25,44.25,44.75,1497530
2009-10-12,45.00,45.85,44.25,45.50,1197576
2009-10-14,45.92,47.00,44.85,46.72,1559144
2009-10-15,47.00,49.90,46.60,48.45,3181402
2009-10-16,48.55,52.48,48.20,50.05,3613270
2009-10-20,51.40,53.62,50.80,53.05,2746586
2009-10-21,53.25,55.40,53.25,54.30,1886972
2009-10-22,54.50,54.70,50.00,50.45,1406852
2009-10-23,51.00,52.15,49.62,50.20,1293530
2009-10-26,50.00,50.98,48.72,49.28,724614
2009-10-27,48.90,49.80,44.70,46.08,867414
2009-10-28,45.00,47.40,44.78,45.12,556754
2009-10-29,40.10,44.20,40.10,42.33,595424
2009-10-30,43.50,44.25,40.00,40.20,825124
2009-11-03,40.00,40.00,36.88,37.38,486378
2009-11-04,37.97,39.50,37.25,39.17,516752
2009-11-05,39.00,42.20,38.28,40.58,759566
2009-11-06,41.47,42.00,39.58,39.90,561216
2009-11-09,40.40,41.25,40.05,40.42,403354
2009-11-10,40.80,41.60,39.15,39.58,829012
2009-11-11,40.05,41.60,39.62,40.88,704078
2009-11-12,40.95,41.45,39.70,39.95,392108
2009-11-13,40.95,41.03,39.55,39.75,268872
2009-11-16,40.45,42.33,40.45,41.92,880232
2009-11-17,42.35,43.12,41.58,42.35,1129538
2009-11-18,42.35,46.38,42.08,45.72,3647272
2009-11-19,46.70,47.30,44.85,45.30,3687712
2009-11-20,45.90,46.50,42.92,44.92,3358604
2009-11-23,45.47,45.47,43.90,44.10,505530
2009-11-24,44.50,45.95,43.55,43.72,888946
2009-11-25,45.00,45.45,43.10,43.25,1536936
2009-11-26,43.50,43.70,41.88,42.38,529280
2009-11-27,41.25,41.90,39.17,40.47,974510
2009-11-30,41.12,41.50,40.50,40.58,531790
2009-12-01,41.00,42.15,41.00,41.78,622834
2009-12-02,42.33,42.62,41.53,41.67,478570
2009-12-03,42.03,43.25,41.78,42.40,702906
2009-12-04,41.97,43.20,41.97,42.28,681310
2009-12-07,49.90,49.90,42.50,42.70,666062
2009-12-08,43.00,43.72,42.75,43.20,454406
2009-12-09,42.97,44.17,42.92,43.33,495016
2009-12-10,43.50,44.67,43.28,43.70,746032
2009-12-11,44.45,44.50,42.50,43.00,444790
2009-12-14,42.97,43.22,42.08,42.22,236436
2009-12-15,42.47,42.65,41.17,41.60,252452
2009-12-16,41.00,41.72,40.67,41.17,286244
2009-12-17,41.05,41.97,41.00,41.55,255670
2009-12-18,41.75,42.35,40.75,40.95,318604
2009-12-21,40.95,41.40,40.55,40.60,255052
2009-12-22,41.03,41.60,40.75,40.95,185530
2009-12-23,41.35,42.22,41.12,41.88,305106
2009-12-24,42.50,43.47,41.85,43.25,854764
2009-12-29,43.85,44.45,43.33,43.60,382338
2009-12-30,44.45,44.45,42.85,43.05,310288
2009-12-31,43.33,45.47,43.22,44.00,1989900
2010-01-04,44.40,45.22,43.80,44.78,920952
2010-01-05,44.80,45.20,44.25,44.53,562680
2010-01-06,44.95,45.45,43.85,44.50,566592
2010-01-07,44.90,45.75,44.25,44.80,688190
2010-01-08,45.10,45.88,44.75,45.25,761296
2010-01-11,45.50,46.25,45.33,45.83,598218
2010-01-12,46.05,47.10,45.50,46.03,1175712
2010-01-13,46.00,46.00,45.00,45.45,431746
2010-01-14,45.60,46.12,44.55,45.30,429502
2010-01-15,45.65,46.50,45.00,45.15,795982
2010-01-18,45.25,45.65,44.62,44.80,249510
2010-01-19,45.00,45.85,44.35,45.17,510746
2010-01-20,45.42,48.70,45.25,48.00,4231500
2010-01-21,47.97,48.90,45.08,45.53,3017226
2010-01-22,44.25,45.15,42.60,43.97,1332372
2010-01-25,43.85,44.20,42.55,42.85,439738
2010-01-27,42.50,42.70,39.50,39.85,511504
2010-01-28,40.05,41.00,39.60,39.80,465874
2010-01-29,39.50,41.47,38.28,41.28,857648
2010-02-01,40.33,42.15,40.33,41.45,355654
2010-02-02,41.75,42.45,40.10,40.38,277898
2010-02-03,40.75,41.10,39.70,39.97,309760
2010-02-04,40.00,41.72,39.85,40.15,562376
2010-02-05,39.00,41.00,38.60,40.60,499922
2010-02-08,41.50,41.50,39.33,40.33,590282
2010-02-09,40.97,41.50,40.03,40.28,403310
2010-02-10,41.00,41.00,39.53,39.83,214330
2010-02-11,40.28,44.00,40.28,40.62,479308
2010-02-15,40.78,41.20,40.05,40.20,194068
2010-02-16,40.38,40.70,39.67,40.05,258076
2010-02-17,40.62,40.90,39.60,39.88,279912
2010-02-18,40.20,40.42,39.42,39.60,229642
2010-02-19,39.50,39.65,38.55,38.83,221160
2010-02-22,39.75,39.83,38.50,38.60,140254
2010-02-23,38.88,38.90,37.38,37.58,233674
2010-02-24,36.75,37.83,36.75,37.05,186658
2010-02-25,37.15,37.50,36.78,37.05,193534
2010-02-26,37.35,38.30,36.80,37.97,258498
2010-03-02,38.50,39.85,38.50,39.53,345018
2010-03-03,39.95,40.85,39.60,40.08,384246
2010-03-04,40.00,40.62,39.12,39.33,290460
2010-03-05,39.85,40.35,38.67,39.30,486232
2010-03-08,39.75,40.17,38.58,38.67,526866
2010-03-09,38.75,39.08,38.10,38.22,367578
2010-03-10,38.28,39.47,38.28,38.40,456182
2010-03-11,38.70,38.72,38.25,38.50,162512
2010-03-12,38.53,38.85,37.78,37.90,207076
2010-03-15,38.20,38.20,37.22,37.30,252914
2010-03-16,37.25,38.30,37.25,37.95,176666
2010-03-17,38.40,38.50,35.75,36.10,980904
2010-03-18,36.42,36.90,35.50,36.30,582700
2010-03-19,36.25,37.00,35.38,35.50,1997834
2010-03-22,35.50,36.60,35.05,35.88,439116
2010-03-23,36.45,36.45,36.00,36.08,197696
2010-03-25,35.78,36.35,35.75,35.85,150098
2010-03-26,36.25,37.25,36.00,36.28,483982
2010-03-29,36.25,37.05,35.75,35.85,316754
2010-03-30,36.30,37.12,35.95,36.53,339778
2010-03-31,36.55,37.12,36.05,36.33,273442
2010-04-01,36.40,37.75,36.40,37.45,582644
2010-04-05,37.95,38.75,37.47,38.55,599544
2010-04-06,38.90,39.40,38.17,38.70,427740
2010-04-07,38.97,39.70,38.53,38.88,418774
2010-04-08,39.92,41.50,39.33,39.58,2155250
2010-04-09,40.45,40.92,39.97,40.72,1073054
2010-04-12,41.58,42.45,41.08,41.67,1786176
2010-04-13,41.95,42.45,41.25,41.42,661318
2010-04-15,41.67,42.30,40.25,40.53,553426
2010-04-16,40.40,40.42,39.62,39.85,317558
2010-04-19,39.30,39.45,37.90,38.20,556982
2010-04-20,38.62,40.22,38.38,39.95,420948
2010-04-21,40.38,41.55,40.22,40.70,555808
2010-04-22,40.92,41.25,40.38,40.62,365034
2010-04-23,40.75,41.75,40.25,40.33,419920
2010-04-26,40.95,41.00,39.65,40.10,284154
2010-04-27,40.42,41.17,39.25,40.53,576840
2010-04-28,39.90,39.97,39.00,39.17,318220
2010-04-29,39.67,40.35,39.25,39.83,284572
2010-04-30,40.75,41.03,39.30,39.45,518106
2010-05-03,39.45,40.10,39.05,39.47,297288
2010-05-04,39.62,39.88,38.28,38.45,192622
2010-05-05,37.50,38.53,36.75,38.15,233896
2010-05-06,38.25,38.97,37.75,38.45,246950
2010-05-07,38.00,38.20,37.35,37.80,225400
2010-05-10,38.03,40.85,37.88,40.10,804734
2010-05-11,40.20,40.80,38.90,39.30,977174
2010-05-12,39.35,39.92,38.80,39.03,201542
2010-05-13,39.88,41.72,39.88,40.83,3008410
2010-05-14,40.08,41.30,39.20,39.53,760194
2010-05-17,39.50,39.88,38.72,39.75,449938
2010-05-18,40.00,40.70,39.33,39.78,569344
2010-05-19,39.28,40.28,39.05,39.33,613888
2010-05-20,39.97,39.97,38.38,39.17,359390
2010-05-21,37.60,38.95,37.58,38.67,339584
2010-05-24,40.00,40.10,39.15,39.25,217754
2010-05-25,38.78,39.70,38.30,38.85,330148
2010-05-26,38.75,39.50,38.15,38.62,145094
2010-05-27,38.75,39.00,38.03,38.45,110268
2010-05-28,39.20,39.50,38.80,38.95,190236
2010-05-31,38.78,39.15,38.50,38.67,103886
2010-06-01,39.17,39.40,38.50,38.62,141250
2010-06-02,38.70,39.50,38.50,39.10,131654
2010-06-03,39.85,40.40,39.35,39.40,282134
2010-06-04,39.25,39.83,39.25,39.45,196612
2010-06-07,38.95,39.12,37.70,38.92,130928
2010-06-08,39.00,39.35,38.12,38.33,139952
2010-06-09,38.55,39.00,38.53,38.85,102050
2010-06-10,38.90,39.25,38.90,39.17,122720
2010-06-11,39.25,39.88,38.83,38.97,184060
2010-06-14,39.10,39.72,38.50,39.08,156096
2010-06-15,39.30,40.25,38.80,39.60,577500
2010-06-16,39.62,40.40,39.62,39.92,319504
2010-06-17,37.58,41.88,37.58,41.35,1020428
2010-06-18,41.50,42.00,40.58,40.70,321518
2010-06-21,41.20,44.70,41.00,43.47,5339192
2010-06-22,43.55,44.30,43.05,43.65,1125640
2010-06-23,44.00,45.75,43.20,45.12,2596240
2010-06-24,45.50,45.83,43.65,43.90,941382
2010-06-25,44.00,44.70,43.28,43.55,597842
2010-06-28,43.75,44.35,43.00,43.60,417538
2010-06-29,43.75,43.75,42.35,42.47,1240076
2010-06-30,42.00,42.70,41.70,42.05,522940
2010-07-01,41.90,43.17,41.60,42.47,376474
2010-07-02,41.75,45.95,41.20,44.45,2156506
2010-07-05,44.95,45.35,43.80,44.15,857834
2010-07-06,44.50,45.20,44.20,44.42,796946
2010-07-07,44.75,44.95,44.00,44.42,500652
2010-07-08,44.95,45.28,44.17,44.33,695088
2010-07-09,44.75,45.70,44.33,45.33,1057432
2010-07-12,45.80,47.30,45.40,46.88,2635192
2010-07-13,47.50,47.80,47.03,47.58,1630340
2010-07-14,47.90,47.97,46.05,46.30,680842
2010-07-15,46.50,47.40,45.70,46.08,425272
2010-07-16,46.30,46.88,46.03,46.20,380830
2010-07-19,46.00,46.60,45.62,45.95,229900
2010-07-20,46.55,47.72,46.25,46.67,1094818
2010-07-21,46.75,47.08,45.80,46.12,327210
2010-07-22,45.95,46.20,45.15,45.28,373198
2010-07-23,45.50,46.00,44.55,44.85,525014
2010-07-26,45.12,46.40,44.62,44.92,393502
2010-07-27,45.25,45.25,44.28,44.53,209572
2010-07-28,44.60,44.85,44.05,44.42,139354
2010-07-29,44.42,44.67,42.45,43.20,272784
2010-07-30,43.75,46.33,43.25,45.60,1890448
2010-08-02,46.50,46.50,45.75,46.33,654038
2010-08-03,46.45,46.90,45.72,46.08,556514
2010-08-04,46.45,46.65,45.78,45.95,296386
2010-08-05,46.45,46.50,45.67,45.83,294204
2010-08-06,46.35,46.45,45.67,45.97,257252
2010-08-09,45.75,45.97,44.75,44.95,237038
2010-08-10,44.95,45.42,44.00,44.12,197488
2010-08-11,44.50,45.75,44.12,44.47,341686
2010-08-12,43.50,45.70,43.30,44.50,425888
2010-08-13,44.95,45.00,44.05,44.15,426992
2010-08-16,44.05,45.17,43.42,44.38,345280
2010-08-17,44.67,45.70,44.67,45.47,339574
2010-08-18,45.90,47.22,44.55,46.92,1609142
2010-08-19,47.35,48.30,46.75,47.53,926916
2010-08-20,47.25,47.65,46.53,47.25,864566
2010-08-23,47.90,48.90,47.00,47.33,748540
2010-08-24,47.50,47.65,46.38,46.60,270006
2010-08-25,45.92,46.47,44.40,45.40,316522
2010-08-26,45.75,46.88,43.65,46.25,735852
2010-08-27,46.55,46.88,44.50,44.85,314082
2010-08-30,45.28,45.75,43.72,44.20,200026
2010-08-31,43.67,44.55,43.00,43.35,212522
2010-09-01,43.62,44.50,43.28,44.25,201940
2010-09-02,45.38,45.72,45.00,45.33,267892
2010-09-03,45.75,45.75,43.90,44.28,465580
2010-09-06,45.00,45.55,44.58,45.25,333640
2010-09-07,45.25,46.90,45.03,45.47,713404
2010-09-08,45.47,46.75,44.33,46.53,622288
2010-09-09,46.90,47.35,45.88,46.72,841738
2010-09-13,47.50,47.85,47.03,47.45,1059166
2010-09-14,48.00,48.50,46.10,46.85,417554
2010-09-15,46.75,47.50,45.80,46.55,322156
2010-09-16,46.50,46.55,45.50,45.60,139618
2010-09-17,45.90,46.50,45.65,46.17,171500
2010-09-20,46.00,46.45,45.75,46.25,148508
2010-09-21,46.90,46.90,45.47,45.90,253826
2010-09-22,46.00,46.15,45.17,45.62,224578
2010-09-23,46.00,46.00,44.25,44.50,385728
2010-09-24,44.60,45.62,44.60,45.42,281734
2010-09-27,46.00,46.45,45.50,45.75,275516
2010-09-28,45.25,46.42,45.25,45.50,117510
2010-09-29,45.62,45.85,44.97,45.05,156170
2010-09-30,44.78,45.33,44.30,44.60,196550
2010-10-01,44.67,45.25,44.53,44.58,200630
2010-10-04,44.83,45.90,44.50,44.58,138260
2010-10-05,44.62,45.50,44.62,44.78,179562
2010-10-06,45.50,46.70,44.85,45.92,1125616
2010-10-07,46.22,48.20,45.50,46.58,1542212
2010-10-08,47.00,48.35,46.95,47.30,1149548
2010-10-11,47.75,47.85,46.78,47.03,363614
2010-10-12,47.00,47.42,46.53,46.90,350108
2010-10-13,47.20,50.95,46.75,50.02,3714134
2010-10-14,50.55,50.62,48.50,48.72,1440822
2010-10-15,49.20,51.88,48.72,49.30,1827680
2010-10-18,49.65,50.00,47.90,48.55,935310
2010-10-19,49.45,50.62,48.65,49.08,1021104
2010-10-20,49.00,49.60,46.55,47.12,638954
2010-10-21,48.58,49.95,48.00,48.17,693166
2010-10-22,49.75,49.75,47.55,47.95,394126
2010-10-25,48.05,48.88,47.20,47.35,512914
2010-10-26,47.83,49.95,47.70,48.62,1432684
2010-10-27,49.00,50.67,48.35,49.12,1554696
2010-10-28,49.00,49.15,47.12,47.45,616512
2010-10-29,47.47,48.10,44.08,46.35,492656
2010-11-01,47.00,47.88,46.55,46.85,346656
2010-11-02,46.95,47.33,46.58,46.78,241232
2010-11-03,46.85,47.25,46.05,46.33,222600
2010-11-04,46.50,47.12,46.47,46.75,218418
2010-11-05,46.05,48.40,37.75,47.83,153256
2010-11-08,47.50,48.00,46.55,47.25,209280
2010-11-09,47.92,47.92,46.65,46.90,253174
2010-11-10,47.00,48.88,46.50,47.42,803252
2010-11-11,48.00,49.20,46.83,47.30,646398
2010-11-12,46.92,47.75,46.05,46.45,475442
2010-11-15,46.50,46.78,45.62,45.95,182738
2010-11-16,46.50,46.75,44.00,44.22,321530
2010-11-18,44.95,45.40,42.80,43.95,277730
2010-11-19,44.60,44.95,43.17,43.40,193024
2010-11-22,43.62,44.50,42.78,44.05,180944
2010-11-23,43.90,43.90,42.00,42.75,178636
2010-11-24,43.72,45.25,42.58,42.78,123942
2010-11-25,43.05,43.05,41.50,41.53,248942
2010-11-26,41.58,41.78,38.25,39.72,444056
2010-11-29,39.25,40.40,39.00,39.83,110650
2010-11-30,39.80,42.50,39.35,40.80,267986
2010-12-01,40.90,42.25,40.83,41.95,118504
2010-12-02,43.10,43.10,41.75,42.28,138778
2010-12-03,42.33,42.33,40.53,41.25,114176
2010-12-06,41.50,42.00,40.55,40.97,143986
2010-12-07,41.45,41.45,39.62,39.90,144280
2010-12-08,39.53,40.50,39.20,39.75,112030
2010-12-09,39.97,39.97,37.70,37.85,139242
2010-12-10,38.17,39.00,37.50,38.30,163142
2010-12-13,38.03,39.50,38.03,39.15,110530
2010-12-14,39.55,39.75,39.00,39.45,252314
2010-12-15,39.45,40.25,38.58,38.95,141658
2010-12-16,39.50,39.88,38.12,38.42,85518
2010-12-20,38.30,40.00,38.00,39.08,237960
2010-12-21,40.08,40.15,39.05,39.28,295740
2010-12-22,39.40,39.65,38.12,38.38,211580
2010-12-23,38.33,38.53,37.80,37.90,160390
2010-12-24,37.80,37.92,37.33,37.42,164926
2010-12-27,37.75,38.30,36.88,37.05,164532
2010-12-28,37.20,37.38,36.80,37.05,126394
2010-12-29,37.05,38.33,36.88,38.08,353276
2010-12-30,37.75,38.25,37.38,37.50,151560
2010-12-31,37.90,38.78,37.03,38.28,248334
2011-01-03,38.88,38.88,38.05,38.45,217188
2011-01-04,38.75,39.33,38.05,39.03,357028
2011-01-05,39.03,39.15,38.30,38.42,107436
2011-01-06,38.60,38.85,37.53,37.75,175066
2011-01-07,37.95,37.95,36.62,37.17,121676
2011-01-10,37.30,37.30,36.10,36.22,143092
2011-01-11,36.50,37.00,35.62,35.80,156562
2011-01-12,35.92,36.30,35.33,35.90,204684
2011-01-13,35.97,36.75,35.58,36.15,473570
2011-01-14,36.25,37.50,35.58,36.85,153954
2011-01-17,36.90,37.47,36.25,36.55,125684
2011-01-18,36.50,36.90,35.65,35.95,107270
2011-01-19,36.00,36.15,35.50,35.60,53378
2011-01-20,36.00,36.00,35.03,35.55,58522
2011-01-21,35.50,36.00,35.25,35.53,64918
2011-01-24,35.50,35.92,35.03,35.78,74402
2011-01-25,35.50,36.45,35.50,35.92,83818
2011-01-27,36.15,36.25,35.00,35.17,86468
2011-01-28,34.75,35.40,32.60,33.30,213918
2011-01-31,32.50,33.47,32.25,33.25,129198
2011-02-01,33.03,34.22,33.00,33.38,133244
2011-02-02,33.12,34.10,32.75,33.38,129254
2011-02-03,33.08,33.80,33.00,33.30,72986
2011-02-04,33.45,33.50,32.58,32.72,106936
2011-02-07,33.00,33.00,31.25,31.50,182294
2011-02-08,31.05,31.67,30.02,30.17,112988
2011-02-09,30.02,31.27,29.52,30.50,301296
2011-02-10,30.50,32.45,29.90,31.80,464272
2011-02-11,32.45,33.55,31.92,33.38,229662
2011-02-14,33.75,34.47,33.50,34.30,169244
2011-02-15,34.55,37.25,33.75,36.80,366506
2011-02-16,40.75,40.75,36.50,36.88,298446
2011-02-17,37.10,37.90,36.90,37.10,260624
2011-02-18,37.35,38.40,36.08,36.72,401196
2011-02-21,36.75,37.45,36.30,36.50,73112
2011-02-22,36.33,36.90,35.75,35.88,48214
2011-02-23,36.00,37.25,35.80,36.38,263344
2011-02-24,35.92,36.50,34.62,35.17,113422
2011-02-25,35.85,35.85,34.50,34.85,78510
2011-02-28,35.90,35.90,34.00,34.33,71384
2011-03-01,34.90,35.30,34.50,34.83,220262
2011-03-03,34.85,34.85,34.12,34.35,152970
2011-03-04,34.40,35.17,33.90,34.33,179336
2011-03-07,34.10,34.53,32.97,33.35,150776
2011-03-08,33.35,33.90,32.75,32.92,184524
2011-03-09,32.95,33.35,32.83,33.20,150226
2011-03-10,33.10,33.95,32.75,33.55,76202
2011-03-11,33.30,34.22,32.85,33.30,114530
2011-03-14,33.00,33.47,32.50,33.03,117422
2011-03-15,32.50,33.45,32.25,33.05,120848
2011-03-16,33.15,33.72,33.00,33.40,76356
2011-03-17,33.25,34.90,33.00,33.17,81506
2011-03-18,33.15,33.50,32.62,32.88,80124
2011-03-21,33.30,33.45,32.40,32.72,77676
2011-03-22,33.20,33.42,32.50,32.62,59104
2011-03-23,32.65,33.00,32.12,32.40,191868
2011-03-24,32.60,32.75,32.40,32.45,62892
2011-03-25,32.70,33.65,32.70,33.25,150310
2011-03-28,33.30,34.50,33.30,34.00,225070
2011-03-29,34.00,34.05,33.50,33.60,98744
2011-03-30,34.10,34.75,33.58,34.35,182966
2011-03-31,34.62,34.85,33.75,33.95,99608
2011-04-01,34.12,36.30,33.75,35.47,563572
2011-04-04,35.90,36.25,35.10,35.75,288700
2011-04-05,35.97,37.00,35.75,36.25,640756
2011-04-06,36.65,38.25,36.35,37.50,1176300
2011-04-07,36.30,38.85,30.50,38.45,738696
2011-04-08,38.80,39.30,37.55,37.70,334988
2011-04-11,37.70,37.97,36.92,37.30,298526
2011-04-13,37.95,38.90,37.58,38.10,484906
2011-04-15,38.50,38.50,37.55,38.12,177224
2011-04-18,38.50,38.95,37.90,38.12,298880
2011-04-19,38.00,38.35,37.65,37.78,70312
2011-04-20,38.28,38.50,37.80,37.95,72544
2011-04-21,37.90,39.47,37.67,38.70,404574
2011-04-25,38.50,39.00,38.50,38.55,98438
2011-04-26,38.10,38.70,38.10,38.42,66302
2011-04-27,38.70,38.72,37.85,38.12,83944
2011-04-28,38.45,38.45,37.42,37.55,54332
2011-04-29,37.55,37.80,36.58,36.75,103810
2011-05-02,36.80,37.00,36.03,36.15,58046
2011-05-03,35.85,36.75,32.62,35.15,147604
2011-05-04,35.00,35.70,34.50,34.65,118224
2011-05-05,34.75,35.20,34.12,34.20,61454
2011-05-06,34.75,34.75,34.05,34.33,46802
2011-05-09,34.53,34.88,34.25,34.47,59626
2011-05-10,34.25,34.50,34.00,34.05,76838
2011-05-11,34.05,34.42,33.90,34.12,39294
2011-05-12,33.75,34.45,33.55,33.67,89232
2011-05-13,33.60,34.20,32.15,33.83,220290
2011-05-16,33.78,33.85,32.92,33.25,88418
2011-05-17,33.20,33.42,32.50,32.72,88500
2011-05-18,32.55,33.25,32.50,32.72,65788
2011-05-19,33.25,34.83,33.05,34.05,382988
2011-05-20,32.78,35.25,32.53,34.70,107348
2011-05-23,34.92,35.20,34.10,34.30,81936
2011-05-24,34.72,34.83,34.03,34.55,169156
2011-05-25,34.25,34.75,33.25,33.45,125382
2011-05-26,33.50,34.12,33.25,33.97,143952
2011-05-27,34.22,35.00,33.62,34.85,80596
2011-05-30,35.40,36.15,35.25,35.47,195932
2011-05-31,35.50,35.90,35.08,35.25,94390
2011-06-01,35.03,35.65,34.70,34.97,178602
2011-06-02,34.95,35.75,34.50,35.20,59972
2011-06-03,34.78,35.20,34.45,34.55,71918
2011-06-06,34.55,34.92,34.30,34.60,38124
2011-06-07,34.00,34.65,33.78,34.42,32344
2011-06-08,34.42,35.70,34.05,34.70,102644
2011-06-09,35.00,35.50,34.65,34.88,133596
2011-06-10,35.47,35.58,35.00,35.08,108500
2011-06-13,35.45,35.50,34.53,34.70,67086
2011-06-14,35.00,35.38,34.58,34.72,75794
2011-06-15,34.40,34.90,34.08,34.15,42714
2011-06-16,33.58,35.20,33.58,34.53,90956
2011-06-17,35.00,35.00,34.00,34.42,84996
2011-06-20,34.25,34.47,32.58,33.28,105114
2011-06-21,33.90,34.20,33.25,33.97,116054
2011-06-22,34.05,34.62,33.00,33.15,81380
2011-06-23,33.00,33.05,32.38,32.58,91170
2011-06-24,32.58,33.15,32.33,32.72,246048
2011-06-27,32.70,33.15,32.50,32.80,145378
2011-06-28,32.90,33.42,32.25,32.50,144966
2011-06-29,32.72,33.25,32.50,32.70,257782
2011-06-30,33.00,33.35,32.67,32.78,172180
2011-07-01,32.95,35.20,32.95,34.50,562722
2011-07-04,35.22,36.15,34.17,35.90,642318
2011-07-05,36.50,36.62,35.20,35.75,603416
2011-07-06,36.00,36.70,35.00,36.22,360052
2011-07-07,36.50,37.95,36.20,37.35,491342
2011-07-08,37.40,38.03,36.60,37.30,319824
2011-07-11,37.00,38.12,36.28,37.92,412436
2011-07-12,37.50,37.72,36.30,37.28,273540
2011-07-13,37.30,37.75,36.65,37.10,323548
2011-07-14,37.00,37.25,36.42,36.95,196434
2011-07-15,37.12,39.00,37.05,38.78,800096
2011-07-18,39.12,40.33,37.20,40.03,1097992
2011-07-19,40.03,42.47,39.50,42.33,1676894
2011-07-20,42.75,42.95,41.75,42.03,619150
2011-07-21,42.50,44.25,40.25,41.50,304890
2011-07-22,41.62,42.45,41.17,41.97,222714
2011-07-25,41.97,42.30,41.50,42.00,180734
2011-07-26,42.47,42.85,40.15,41.55,328568
2011-07-27,41.50,43.00,40.72,42.42,296176
2011-07-28,43.00,43.00,41.12,41.47,277006
2011-07-29,41.47,41.70,39.55,40.90,267356
2011-08-01,40.95,40.97,39.62,39.92,102670
2011-08-02,40.10,40.38,38.10,39.75,248904
2011-08-03,39.75,40.10,38.12,39.53,250430
2011-08-04,39.90,39.90,38.15,38.60,186834
2011-08-05,37.03,39.08,36.00,38.15,334252
2011-08-08,36.75,37.60,36.15,36.72,425232
2011-08-09,35.50,37.12,35.25,36.65,211658
2011-08-10,36.75,37.85,36.75,37.47,121726
2011-08-11,36.28,37.45,35.88,36.22,124688
2011-08-12,36.90,36.95,35.55,35.72,83876
2011-08-16,35.55,35.62,34.38,34.70,64902
2011-08-17,34.70,35.90,33.38,35.40,118306
2011-08-18,35.00,35.10,33.40,34.33,197098
2011-08-19,33.95,34.83,32.50,34.20,212870
2011-08-22,33.65,34.67,33.50,34.25,47380
2011-08-23,34.47,34.95,33.88,34.70,58912
2011-08-24,34.70,36.10,34.25,35.50,87618
2011-08-25,35.00,36.00,34.50,35.42,174474
2011-08-26,35.95,36.00,34.00,35.12,161972
2011-08-29,35.53,35.75,33.65,34.25,273132
2011-08-30,34.50,35.12,33.15,35.03,390894
2011-09-02,34.88,35.50,34.58,35.38,62064
2011-09-05,35.22,35.62,34.80,35.20,170556
2011-09-06,34.85,35.45,34.60,35.28,105448
2011-09-07,35.90,36.17,35.15,35.85,69518
2011-09-08,35.97,36.40,35.50,35.95,59388
2011-09-09,35.17,36.05,35.05,35.60,102446
2011-09-12,35.03,36.33,34.25,36.08,94180
2011-09-13,36.25,36.25,35.25,35.62,79928
2011-09-14,35.28,36.50,35.28,36.28,75186
2011-09-15,36.45,37.35,35.50,36.65,93798
2011-09-16,37.45,37.85,36.55,36.92,419570
2011-09-19,36.50,36.83,36.00,36.30,63290
2011-09-20,36.05,36.47,35.78,36.35,53026
2011-09-21,36.05,36.72,36.03,36.45,56648
2011-09-22,36.45,36.45,35.65,35.85,60650
2011-09-23,35.65,36.15,34.90,35.80,117880
2011-09-26,35.50,37.08,34.47,36.47,128340
2011-09-27,37.00,38.05,36.30,37.65,289538
2011-09-28,37.95,38.45,36.75,37.92,114990
2011-09-29,37.88,38.58,37.00,38.22,124928
2011-09-30,38.20,39.25,37.42,38.55,218410
2011-10-03,38.00,38.15,36.25,37.35,256516
2011-10-04,37.00,37.12,36.08,36.50,74038
2011-10-05,36.10,36.50,35.30,35.60,63210
2011-10-07,35.92,36.60,35.53,35.58,83290
2011-10-10,35.03,35.90,34.20,34.75,293672
2011-10-11,35.50,35.72,34.65,34.78,55482
2011-10-12,34.88,35.12,34.62,34.90,378952
2011-10-13,35.72,35.72,34.25,35.10,71770
2011-10-14,35.62,35.85,35.25,35.42,74546
2011-10-17,35.50,35.75,35.00,35.22,21126
2011-10-18,35.22,36.00,34.75,35.45,66026
2011-10-19,35.65,36.25,35.08,35.60,67950
2011-10-20,35.00,36.45,35.00,35.95,74358
2011-10-21,35.90,36.00,35.10,35.55,73606
2011-10-24,35.22,35.92,34.58,34.85,151338
2011-10-25,35.25,35.62,34.00,34.90,173640
2011-10-26,34.90,35.33,34.53,35.12,62970
2011-10-28,35.75,35.75,35.28,35.38,72250
2011-10-31,35.50,35.62,34.53,34.78,93870
2011-11-01,34.75,35.40,34.25,34.40,68580
2011-11-02,34.38,34.90,33.78,34.53,37694
2011-11-03,34.97,35.22,34.30,34.78,64772
2011-11-04,35.50,35.50,34.47,34.70,215128
2011-11-08,34.62,34.95,34.50,34.67,63446
2011-11-09,34.75,34.88,34.05,34.15,115734
2011-11-11,34.22,34.70,33.53,34.33,140634
2011-11-14,34.55,34.70,33.03,33.25,106510
2011-11-15,33.25,33.45,31.30,32.08,243706
2011-11-16,31.50,31.70,30.05,30.48,211390
2011-11-17,30.50,30.62,28.88,29.35,125196
2011-11-18,29.50,29.50,28.10,28.83,130180
2011-11-21,29.00,29.65,28.75,29.25,195990
2011-11-22,29.15,29.90,28.77,29.65,35876
2011-11-23,29.83,29.88,28.80,29.35,75216
2011-11-24,29.27,30.00,28.83,29.85,46070
2011-11-25,29.75,30.00,29.08,29.52,78156
2011-11-28,30.50,30.70,29.33,29.85,33412
2011-11-29,30.40,30.40,29.15,30.02,123388
2011-11-30,30.00,30.12,29.35,29.52,111478
2011-12-01,30.25,30.75,29.92,30.02,112154
2011-12-02,30.50,30.95,29.75,30.70,119198
2011-12-05,30.25,31.15,30.02,30.80,57896
2011-12-07,30.50,31.00,30.33,30.58,26250
2011-12-08,30.20,30.58,29.65,30.33,39546
2011-12-09,29.75,30.12,29.45,29.85,18290
2011-12-12,29.60,30.08,28.90,29.05,38274
2011-12-13,28.75,29.40,28.50,28.80,54562
2011-12-14,29.00,29.00,28.20,28.38,29428
2011-12-15,28.00,28.45,27.65,28.00,37818
2011-12-16,27.60,28.45,27.60,27.77,48906
2011-12-19,27.50,27.75,26.55,26.77,52982
2011-12-20,27.25,27.35,25.15,26.00,38040
2011-12-21,26.12,26.42,25.65,26.10,36560
2011-12-22,26.25,26.25,25.42,26.12,47764
2011-12-23,26.00,26.85,25.77,26.40,37482
2011-12-26,26.25,26.98,26.25,26.75,10134
2011-12-27,26.50,27.02,26.42,26.70,16028
2011-12-28,26.83,27.25,26.50,26.75,67910
2011-12-29,26.55,27.40,26.50,26.80,21990
2011-12-30,26.75,27.33,26.15,27.23,31376
2012-01-02,27.67,27.67,26.58,27.40,24788
2012-01-03,27.02,28.00,27.02,27.77,25050
2012-01-04,27.95,27.95,26.60,27.38,22480
2012-01-05,27.02,27.77,27.02,27.52,21810
2012-01-06,27.25,27.45,26.62,27.00,39350
2012-01-09,27.50,27.85,27.08,27.25,36840
2012-01-10,27.55,29.10,27.55,28.58,98044
2012-01-11,28.58,29.35,28.10,28.45,70622
2012-01-12,28.15,28.95,28.15,28.30,32960
2012-01-13,28.77,28.80,28.17,28.35,122472
2012-01-16,28.10,28.90,28.10,28.58,75620
2012-01-17,29.38,29.95,28.45,28.58,367672
2012-01-18,28.95,29.00,28.00,28.15,480218
2012-01-19,28.80,28.98,27.90,28.05,87666
2012-01-20,28.40,28.40,27.27,27.58,115786
2012-01-23,27.98,27.98,27.45,27.50,51034
2012-01-24,27.50,28.50,27.48,27.75,343742
2012-01-25,27.75,28.45,27.75,28.05,140932
2012-01-27,28.02,29.90,28.00,29.55,340356
2012-01-30,29.55,30.70,29.05,30.15,406906
2012-01-31,30.65,30.85,29.58,30.50,127708
2012-02-01,30.70,33.90,30.17,32.03,445984
2012-02-02,32.62,32.95,31.38,31.67,152220
2012-02-03,31.50,32.35,31.50,31.85,85148
2012-02-06,32.05,33.42,32.05,32.53,250412
2012-02-07,32.25,32.97,31.45,31.48,68248
2012-02-08,31.40,32.38,31.40,31.83,39530
2012-02-09,31.62,32.85,31.50,32.42,123530
2012-02-10,32.10,32.95,31.00,32.33,300192
2012-02-13,32.90,32.97,31.52,31.90,123800
2012-02-14,32.20,32.50,31.70,31.77,152422
2012-02-15,31.50,32.45,30.88,31.08,390492
2012-02-16,31.35,32.28,31.25,31.50,185734
2012-02-17,31.95,35.40,31.88,33.50,1570630
2012-02-21,34.30,34.30,33.20,33.75,441960
2012-02-22,33.80,33.92,31.90,32.25,315498
2012-02-23,32.42,32.75,31.40,32.35,183844
2012-02-24,32.75,32.75,31.50,32.00,70684
2012-02-27,31.50,32.38,30.27,30.58,169574
2012-02-28,31.00,31.65,30.62,31.27,81876
2012-02-29,31.33,32.15,31.08,31.25,71838
2012-03-01,31.02,31.50,30.88,31.05,36380
2012-03-02,31.50,31.50,30.65,30.75,66130
2012-03-05,31.00,31.25,30.52,30.67,34870
2012-03-06,30.98,30.98,29.62,29.95,102822
2012-03-07,30.00,30.00,29.42,29.77,51762
2012-03-09,30.02,31.05,29.88,30.02,389636
2012-03-12,30.45,30.88,30.05,30.25,45042
2012-03-13,30.27,31.00,30.25,30.50,65376
2012-03-14,30.73,31.45,30.15,31.17,172988
2012-03-15,32.10,32.50,30.17,30.45,637412
2012-03-16,30.50,31.08,28.80,29.23,267672
2012-03-19,29.23,29.50,28.33,28.45,123366
2012-03-20,28.55,29.10,28.02,28.40,64382
2012-03-21,28.90,29.35,28.62,29.10,141706
2012-03-22,29.12,30.25,28.65,28.83,167714
2012-03-23,29.10,29.25,28.70,28.95,78300
2012-03-26,29.05,29.40,28.58,28.75,106018
2012-03-27,28.75,29.10,28.05,28.58,58568
2012-03-28,29.05,29.05,28.02,28.35,141532
2012-03-29,28.05,30.23,28.00,29.67,173194
2012-03-30,29.25,31.35,29.25,30.75,435946
2012-04-02,30.27,30.88,30.27,30.45,36426
2012-04-03,31.23,31.23,30.30,30.40,35780
2012-04-04,30.60,30.70,30.02,30.12,43696
2012-04-09,30.00,30.35,29.40,29.42,49228
2012-04-10,29.08,30.30,29.08,29.67,57704
2012-04-11,29.88,30.15,29.20,29.27,324782
2012-04-12,29.55,30.45,29.30,29.52,124948
2012-04-13,29.80,30.25,29.02,29.10,77090
2012-04-16,29.27,29.90,29.00,29.33,30432
2012-04-17,29.40,29.77,29.15,29.60,51040
2012-04-18,29.60,30.10,29.50,29.65,74664
2012-04-19,29.75,30.00,29.40,29.55,26468
2012-04-20,29.40,29.98,28.30,28.98,195166
2012-04-23,29.35,29.73,28.60,28.73,74476
2012-04-24,29.40,29.40,28.30,28.62,37378
2012-04-25,28.55,29.00,28.08,28.30,47202
2012-04-26,28.35,28.62,28.15,28.45,35228
2012-04-27,28.17,28.77,27.80,27.98,59318
2012-04-30,28.50,28.73,27.77,28.15,48298
2012-05-02,28.08,28.75,27.88,28.12,117632
2012-05-03,28.50,28.50,27.60,27.73,28812
2012-05-04,27.62,28.00,27.50,27.58,50056
2012-05-07,27.90,28.00,27.25,27.73,94278
2012-05-08,27.55,27.98,27.40,27.52,59420
2012-05-09,27.33,28.35,27.08,27.27,316366
2012-05-10,27.38,27.52,27.17,27.23,82914
2012-05-11,27.12,27.45,26.52,26.67,86180
2012-05-14,27.45,27.45,26.70,26.77,35250
2012-05-15,26.98,27.10,26.55,27.00,57690
2012-05-16,26.52,27.12,26.05,26.92,62490
2012-05-17,26.80,27.25,26.50,26.62,52716
2012-05-18,26.50,27.23,26.05,26.77,51034
2012-05-21,27.40,27.70,26.88,27.00,157786
2012-05-22,26.90,27.70,26.62,26.70,42394
2012-05-23,26.73,27.10,26.48,26.60,18050
2012-05-24,27.00,27.45,26.40,26.62,78230
2012-05-25,26.70,26.85,26.58,26.77,24746
2012-05-28,26.58,26.95,26.58,26.77,47334
2012-05-29,26.75,27.17,26.75,27.08,20048
2012-05-30,26.70,27.10,26.60,26.80,32114
2012-05-31,26.50,26.83,26.50,26.65,28144
2012-06-01,27.00,27.00,26.50,26.70,56378
2012-06-04,26.50,26.62,26.02,26.33,18398
2012-06-05,26.88,26.88,26.38,26.52,10396
2012-06-06,26.38,27.65,26.38,27.27,63810
2012-06-07,27.17,27.30,26.65,27.02,45934
2012-06-08,27.25,27.73,27.02,27.20,196582
2012-06-11,27.58,27.75,27.02,27.10,88064
2012-06-12,27.20,27.62,26.85,27.40,42198
2012-06-13,27.92,27.92,27.02,27.30,75908
2012-06-14,27.62,27.62,26.75,26.80,24120
2012-06-15,27.40,27.77,27.12,27.27,175050
2012-06-18,27.08,27.50,26.80,26.98,58444
2012-06-19,26.80,27.23,26.80,27.00,13938
2012-06-20,26.83,27.35,26.80,27.17,30748
2012-06-21,27.00,28.00,26.95,27.17,56856
2012-06-22,27.08,27.33,26.90,27.08,34502
2012-06-25,27.15,27.70,27.05,27.08,40390
2012-06-26,27.12,27.50,26.15,26.60,2273824
2012-06-27,26.80,26.80,26.45,26.52,100204
2012-06-28,26.80,26.80,25.90,26.27,3475288
2012-06-29,26.50,27.23,26.38,26.80,311538
2012-07-02,26.70,27.40,26.67,26.85,160204
2012-07-03,27.45,28.10,27.30,27.62,245772
2012-07-04,27.95,28.42,27.15,28.17,256726
2012-07-05,28.42,29.17,28.02,28.85,571384
2012-07-06,28.60,29.27,28.58,28.70,129920
2012-07-09,28.58,28.70,28.30,28.38,116250
2012-07-10,29.48,31.00,28.77,28.88,2291042
2012-07-11,29.00,29.48,28.55,28.62,286846
2012-07-12,28.60,29.15,27.95,28.05,299772
2012-07-13,28.40,28.83,28.05,28.17,218952
2012-07-16,28.17,28.60,27.90,28.00,182638
2012-07-17,28.05,28.30,27.27,27.38,190076
2012-07-18,27.65,27.65,27.02,27.45,145720
2012-07-19,27.85,28.20,27.55,27.90,149010
2012-07-20,27.75,28.23,27.60,27.92,147470
2012-07-23,27.20,27.25,26.62,26.80,101660
2012-07-24,26.50,27.00,26.45,26.52,83928
2012-07-25,26.40,26.58,25.85,26.05,133780
2012-07-26,26.08,26.20,25.65,25.67,79512
2012-07-27,26.25,26.48,25.40,25.83,107778
2012-07-30,25.33,26.30,25.33,26.10,59646
2012-07-31,26.25,26.60,26.05,26.25,161234
2012-08-01,25.73,25.88,24.40,24.55,454546
2012-08-02,24.95,24.95,23.80,23.95,277008
2012-08-03,23.95,24.25,23.27,23.88,341994
2012-08-06,24.02,24.42,23.42,23.55,241004
2012-08-07,24.17,24.17,23.25,23.67,242410
2012-08-08,23.90,24.05,23.65,23.85,112486
2012-08-09,23.98,24.17,23.45,23.67,106960
2012-08-10,23.50,23.98,23.25,23.45,138198
2012-08-13,23.38,23.45,23.00,23.05,115480
2012-08-14,23.40,23.50,23.00,23.20,94532
2012-08-16,23.25,23.50,23.00,23.05,78694
2012-08-17,23.38,23.38,23.02,23.25,91848
2012-08-21,23.12,23.48,22.75,22.90,119804
2012-08-22,23.00,23.48,22.62,22.98,208428
2012-08-23,22.88,23.25,22.88,23.02,51854
2012-08-24,22.98,22.98,22.62,22.85,55840
2012-08-27,22.75,22.90,21.55,22.12,121034
2012-08-28,22.00,22.15,20.42,20.83,231786
2012-08-29,20.75,21.23,19.90,20.15,180600
2012-08-30,20.00,21.30,20.00,21.15,228760
2012-08-31,21.20,21.48,20.38,20.88,107680
2012-09-03,22.23,22.50,20.90,21.08,104556
2012-09-04,21.05,21.73,20.65,21.27,114298
2012-09-05,21.30,21.70,21.08,21.52,94018
2012-09-06,21.62,23.90,21.25,23.45,384172
2012-09-07,24.48,25.65,23.45,23.77,1859786
2012-09-10,24.75,24.85,22.65,22.98,546810
2012-09-11,22.98,23.25,22.40,22.52,222666
2012-09-12,23.00,23.00,22.15,22.40,155242
2012-09-13,22.85,22.92,22.08,22.45,165794
2012-09-14,23.00,23.00,22.23,22.38,185750
2012-09-17,22.70,22.88,22.50,22.65,113884
2012-09-18,22.73,22.88,22.45,22.58,134866
2012-09-20,22.50,22.50,22.02,22.20,65130
2012-09-21,22.25,23.40,22.25,23.15,208522
2012-09-24,23.05,24.40,23.05,23.92,265760
2012-09-25,24.48,24.98,24.25,24.40,226114
2012-09-26,24.25,25.35,24.00,24.88,375638
2012-09-27,25.00,25.42,24.70,24.90,210636
2012-09-28,25.02,25.35,24.58,24.73,129710
2012-10-01,25.00,25.17,24.60,24.83,69588
2012-10-03,24.98,25.08,24.48,24.67,100314
2012-10-04,24.75,25.40,24.60,25.08,161834
2012-10-05,25.02,25.40,24.50,24.75,117230
2012-10-08,25.17,25.17,24.25,24.35,73970
2012-10-09,24.95,24.95,24.30,24.50,79428
2012-10-10,24.42,24.70,24.12,24.35,56366
2012-10-11,23.50,24.30,23.50,24.00,46576
2012-10-12,24.00,24.27,23.75,23.90,63162
2012-10-15,23.55,24.75,23.55,24.35,131158
2012-10-16,24.25,24.70,23.95,24.25,83128
2012-10-17,24.25,24.70,23.88,23.92,48172
2012-10-18,24.00,25.50,23.88,25.20,678358
2012-10-19,25.40,26.12,24.77,25.08,522728
2012-10-22,25.00,25.12,24.25,24.62,88282
2012-10-23,24.88,25.35,24.55,24.95,113630
2012-10-25,25.33,26.00,25.02,25.17,267552
2012-10-26,25.08,25.25,24.27,24.40,95220
2012-10-29,24.50,24.75,24.12,24.25,67238
2012-10-30,24.50,24.50,23.42,23.65,91852
2012-10-31,23.50,23.80,23.40,23.67,97794
2012-11-01,23.80,25.95,23.60,25.52,1230326
2012-11-02,25.75,26.25,25.35,25.48,647684
2012-11-05,25.52,25.85,24.77,25.62,245182
2012-11-06,25.70,25.83,25.10,25.20,112592
2012-11-07,25.95,26.05,25.05,25.42,107648
2012-11-08,25.30,25.50,24.95,25.08,102266
2012-11-09,25.95,27.15,25.50,25.88,1140954
2012-11-12,25.80,26.08,25.50,25.55,121208
2012-11-13,25.75,25.95,25.60,25.67,42534
2012-11-15,25.50,26.08,25.27,26.00,89320
2012-11-16,26.27,26.27,24.85,25.08,185126
2012-11-19,25.10,25.30,24.55,24.67,76996
2012-11-20,24.90,25.85,23.77,24.33,300396
2012-11-21,24.42,24.70,24.05,24.48,60132
2012-11-22,24.70,24.73,24.20,24.35,330750
2012-11-23,24.05,24.75,24.05,24.30,34042
2012-11-26,24.10,24.55,23.80,23.90,123878
2012-11-27,23.83,24.33,23.83,23.98,112186
2012-11-29,24.35,24.50,23.83,23.92,119556
2012-11-30,23.85,24.30,23.85,23.92,174466
2012-12-03,23.95,24.25,23.52,23.83,207694
2012-12-04,23.85,24.80,23.83,24.30,202058
2012-12-05,24.35,24.70,24.25,24.33,101112
2012-12-06,24.40,24.62,24.02,24.25,105156
2012-12-07,24.05,24.62,24.05,24.15,150242
2012-12-10,24.17,24.48,24.05,24.40,64032
2012-12-11,24.58,24.70,24.02,24.08,86306
2012-12-12,24.10,24.38,23.85,24.00,88842
2012-12-13,23.98,25.50,23.98,24.77,882256
2012-12-14,25.50,25.80,23.85,24.05,2474622
2012-12-17,24.77,24.77,24.00,24.15,166616
2012-12-18,24.50,24.75,24.08,24.20,252756
2012-12-19,24.25,24.40,23.83,23.98,242478
2012-12-20,24.00,24.10,23.77,23.90,128284
2012-12-21,24.25,24.95,23.35,23.55,865950
2012-12-24,23.77,23.85,23.50,23.62,137918
2012-12-26,23.65,24.62,23.65,23.90,638624
2012-12-27,24.17,24.17,23.77,23.77,131312
2012-12-28,23.75,23.90,23.45,23.58,206954
2012-12-31,23.58,23.65,23.00,23.42,154056
2013-01-01,23.50,23.80,23.50,23.65,86662
2013-01-02,23.95,24.48,23.65,23.80,745964
2013-01-03,24.00,24.88,23.65,24.10,702632
2013-01-04,24.42,24.42,24.00,24.15,276186
2013-01-07,24.42,24.58,24.10,24.40,328668
2013-01-08,24.42,24.85,24.15,24.20,242434
2013-01-09,24.25,24.35,23.75,23.83,213216
2013-01-10,23.88,24.25,23.65,23.73,167226
2013-01-11,23.60,24.00,23.45,23.50,156882
2013-01-14,23.50,23.67,23.30,23.58,151712
2013-01-15,23.55,23.92,23.48,23.67,137468
2013-01-16,23.60,23.83,23.27,23.33,144316
2013-01-17,23.35,23.62,23.00,23.30,166182
2013-01-18,23.25,23.58,23.00,23.25,117310
2013-01-21,23.75,23.75,23.23,23.45,167392
2013-01-22,23.15,23.50,22.62,22.77,111232
2013-01-23,22.80,22.98,22.33,22.38,124876
2013-01-24,22.30,22.88,21.77,21.85,115936
2013-01-25,21.75,22.00,21.02,21.90,83898
2013-01-28,21.75,22.17,21.52,21.92,97534
2013-01-29,22.00,22.17,20.77,20.88,344796
2013-01-30,20.77,20.88,20.33,20.55,181660
2013-01-31,20.48,20.90,20.38,20.67,101642
2013-02-01,20.58,20.98,20.55,20.83,66420
2013-02-04,20.95,22.00,20.52,20.67,75704
2013-02-05,20.12,20.73,20.10,20.25,120122
2013-02-06,20.45,20.70,19.80,19.98,208178
2013-02-07,20.00,20.40,19.70,19.80,143666
2013-02-08,20.00,20.00,19.62,19.70,74418
2013-02-11,19.95,19.95,19.45,19.50,90712
2013-02-12,19.55,19.73,18.33,18.85,189724
2013-02-13,19.00,19.33,17.65,17.85,460476
2013-02-14,17.70,18.88,17.65,18.23,711278
2013-02-15,18.40,18.40,17.55,17.85,160420
2013-02-18,17.50,18.50,17.50,17.90,221388
2013-02-19,18.33,18.33,17.77,17.90,304108
2013-02-20,18.10,19.75,17.70,18.75,1839556
2013-02-21,18.62,18.65,18.15,18.17,172390
2013-02-22,18.12,18.65,18.00,18.25,328398
2013-02-25,18.50,18.50,17.75,17.92,99900
2013-02-26,17.83,17.95,17.45,17.65,103516
2013-02-27,17.83,17.83,17.05,17.33,152808
2013-02-28,17.35,17.88,16.98,17.15,138252
2013-03-01,17.23,17.23,16.62,16.80,197046
2013-03-04,16.98,16.98,15.95,16.08,134578
2013-03-05,16.25,17.20,16.25,17.08,121796
2013-03-06,17.02,17.88,17.00,17.33,139426
2013-03-07,16.88,17.48,16.88,17.23,98996
2013-03-08,17.02,17.75,17.02,17.40,140882
2013-03-11,17.40,19.42,17.27,19.08,1052998
2013-03-12,19.20,19.20,18.20,18.38,249432
2013-03-13,18.27,18.27,17.75,17.85,122408
2013-03-14,17.65,17.85,17.42,17.50,238672
2013-03-15,17.75,18.00,17.50,17.55,170802
2013-03-18,17.10,17.62,17.10,17.33,47338
2013-03-19,17.50,17.60,16.73,16.98,122262
2013-03-20,16.65,16.88,16.05,16.12,210522
2013-03-21,16.00,16.52,16.00,16.05,169508
2013-03-22,16.00,16.20,15.52,15.65,294284
2013-03-25,15.77,16.02,15.52,15.62,307704
2013-03-26,15.62,15.75,15.43,15.55,79078
2013-03-28,15.50,15.50,15.15,15.38,126812
2013-04-01,15.50,16.40,15.50,16.20,111798
2013-04-02,16.45,16.85,16.02,16.50,208330
2013-04-03,16.62,16.95,16.08,16.12,135624
2013-04-04,16.20,16.20,15.68,15.85,94748
2013-04-05,15.55,16.00,15.55,15.90,68592
2013-04-08,15.85,16.05,15.70,15.90,23368
2013-04-09,15.55,16.62,15.50,15.60,228804
2013-04-10,15.82,16.20,15.40,15.80,183502
2013-04-11,16.45,16.45,15.73,15.75,71550
2013-04-12,16.25,16.60,15.55,16.45,1120552
2013-04-15,16.75,17.15,16.25,17.00,103336
2013-04-16,16.88,18.00,16.67,17.42,249770
2013-04-17,17.67,17.67,16.83,16.83,142812
2013-04-18,17.08,17.12,16.70,16.80,50166
2013-04-22,16.55,17.10,16.55,16.77,45596
2013-04-23,16.98,17.25,16.85,16.90,115236
2013-04-25,17.02,17.73,17.00,17.27,175550
2013-04-26,17.12,17.62,17.05,17.25,165432
2013-04-29,17.73,17.75,16.85,16.95,66506
2013-04-30,17.48,17.48,16.65,16.73,84666
2013-05-02,16.50,17.15,16.50,17.10,194064
2013-05-03,16.80,17.45,16.73,16.83,956254
2013-05-06,16.88,17.88,16.88,17.85,437588
2013-05-07,17.90,18.55,17.55,18.20,316050
2013-05-08,18.10,18.20,17.62,18.00,85908
2013-05-09,18.38,18.48,17.75,18.00,56734
2013-05-10,18.40,19.23,18.00,18.75,567030
2013-05-13,18.92,18.92,17.92,18.10,146672
2013-05-14,18.00,18.45,17.15,17.25,146732
2013-05-15,17.75,17.92,16.95,17.12,166828
2013-05-16,17.42,17.50,17.05,17.20,69754
2013-05-17,17.42,17.65,16.67,17.23,176106
2013-05-20,17.35,17.60,16.95,17.15,148626
2013-05-21,17.40,17.40,16.95,17.05,61700
2013-05-22,17.05,17.33,16.92,16.95,46024
2013-05-23,16.92,17.23,16.48,16.62,59010
2013-05-24,16.48,16.48,16.00,16.23,129744
2013-05-27,16.25,17.83,16.00,17.35,266696
2013-05-28,17.48,18.05,16.85,17.88,463322
2013-05-29,18.20,18.23,16.70,16.83,1289148
2013-05-30,16.95,18.00,16.50,16.65,153976
2013-05-31,16.40,16.55,15.90,15.90,99096
2013-06-03,15.88,16.00,15.50,15.57,100164
2013-06-04,15.50,15.80,15.45,15.45,156172
2013-06-05,15.50,15.70,15.10,15.57,91654
2013-06-06,15.57,15.70,15.45,15.55,78382
2013-06-07,15.75,15.75,14.32,15.12,194360
2013-06-10,15.20,15.40,14.57,15.00,73880
2013-06-11,14.75,15.10,14.62,15.05,129636
2013-06-12,15.00,15.20,14.55,14.82,40758
2013-06-13,14.55,14.80,14.55,14.65,45726
2013-06-14,14.95,14.98,14.45,14.52,115488
2013-06-17,15.00,15.12,13.93,14.48,297452
2013-06-18,14.75,14.95,14.18,14.62,63754
2013-06-19,14.57,14.82,14.45,14.60,36022
2013-06-20,14.50,14.60,14.15,14.48,59064
2013-06-21,14.50,14.68,14.05,14.15,83790
2013-06-24,14.00,14.45,13.65,13.88,567470
2013-06-25,14.00,14.18,13.60,13.88,67076
2013-06-26,13.82,13.98,13.68,13.70,38428
2013-06-27,13.57,14.07,13.57,13.75,50660
2013-06-28,14.15,14.18,13.88,14.00,45790
2013-07-01,14.00,14.65,14.00,14.52,50802
2013-07-02,14.40,14.73,14.07,14.35,66454
2013-07-03,14.45,14.48,13.75,13.75,71812
2013-07-04,13.85,14.15,13.65,13.80,85628
2013-07-05,13.93,14.10,13.90,13.95,46286
2013-07-08,13.75,13.95,13.75,13.90,20582
2013-07-09,13.90,14.00,13.70,13.77,79284
2013-07-10,13.75,13.95,13.73,13.75,52998
2013-07-11,13.55,14.05,13.45,13.50,130660
2013-07-12,13.50,13.70,13.45,13.52,74254
2013-07-15,13.50,13.80,13.50,13.60,42726
2013-07-16,13.75,13.77,13.50,13.77,41014
2013-07-17,14.05,14.23,13.80,14.05,214162
2013-07-18,14.18,14.18,13.55,13.80,45434
2013-07-19,13.77,13.98,13.40,13.45,47006
2013-07-22,13.75,13.75,13.00,13.32,64322
2013-07-23,13.50,13.65,13.38,13.45,61488
2013-07-24,13.60,13.60,13.20,13.35,36552
2013-07-25,13.30,13.40,12.88,12.98,124018
2013-07-26,13.00,13.18,12.57,12.73,54104
2013-07-29,12.62,12.77,12.15,12.23,84806
2013-07-30,12.27,12.35,11.60,11.73,91402
2013-07-31,11.68,11.85,10.40,11.00,233454
2013-08-01,11.20,11.45,10.75,10.85,107926
2013-08-02,11.00,11.00,9.20,9.73,460830
2013-08-05,9.50,10.40,9.50,10.23,135932
2013-08-06,10.50,10.50,10.00,10.12,172092
2013-08-07,10.00,10.50,9.50,10.12,678880
2013-08-08,9.88,10.62,9.88,10.43,208906
2013-08-12,10.45,11.25,10.40,10.98,411924
2013-08-13,11.20,11.77,10.68,11.77,161692
2013-08-14,12.85,13.90,12.35,13.48,1303832
2013-08-16,13.45,13.45,12.50,12.50,237822
2013-08-19,12.35,12.35,11.40,11.82,130136
2013-08-20,11.73,11.95,11.32,11.75,95034
2013-08-21,12.00,12.32,11.50,11.60,67060
2013-08-22,11.38,11.68,11.30,11.40,52138
2013-08-23,11.52,11.80,11.40,11.70,52328
2013-08-26,11.70,11.88,11.48,11.60,34932
2013-08-27,11.45,11.55,11.27,11.38,624152
2013-08-28,11.35,11.35,10.77,11.25,58246
2013-08-29,11.30,11.45,11.07,11.30,92142
2013-08-30,11.02,11.45,11.02,11.20,46940
2013-09-02,11.50,11.95,11.18,11.50,139404
2013-09-03,12.38,12.38,11.05,11.27,205638
2013-09-04,11.05,11.45,11.00,11.25,74186
2013-09-05,11.25,11.48,10.82,11.30,70518
2013-09-06,11.68,11.68,11.10,11.10,81144
2013-09-10,11.80,11.80,11.25,11.40,161382
2013-09-11,11.07,11.57,11.07,11.57,142546
2013-09-12,11.50,12.62,11.50,12.27,226902
2013-09-13,12.25,12.62,11.82,12.48,127002
2013-09-16,12.50,12.52,12.12,12.30,54292
2013-09-17,12.25,12.30,12.00,12.07,39668
2013-09-18,12.07,12.30,11.85,12.00,30578
2013-09-19,12.05,12.52,12.05,12.30,106094
2013-09-20,11.65,12.30,11.50,12.15,112324
2013-09-23,12.00,12.10,11.62,11.95,45454
2013-09-24,12.10,12.10,11.75,11.82,35860
2013-09-25,11.52,12.73,11.52,12.35,182094
2013-09-26,12.30,12.48,11.95,12.00,67334
2013-09-27,12.25,14.25,11.70,14.00,485798
2013-09-30,14.10,14.20,13.02,13.05,1030304
2013-10-01,13.40,13.40,12.60,12.88,120488
2013-10-03,12.75,13.35,12.75,13.10,114166
2013-10-04,13.12,13.15,12.80,12.80,73628
2013-10-07,13.40,13.40,12.55,13.02,54244
2013-10-08,12.93,13.12,12.70,12.75,89586
2013-10-09,12.75,12.98,12.62,12.75,55018
2013-10-10,12.55,13.82,12.55,13.38,268238
2013-10-11,13.73,13.73,13.25,13.52,117482
2013-10-14,14.00,14.25,13.80,13.80,265092
2013-10-15,13.98,13.98,13.35,13.48,71796
2013-10-17,13.18,14.10,13.18,13.25,118584
2013-10-18,13.45,13.68,13.10,13.45,70166
2013-10-21,13.45,14.25,13.25,14.20,187672
2013-10-22,14.32,14.45,14.00,14.00,113904
2013-10-23,14.18,14.75,14.12,14.40,216162
2013-10-24,14.50,14.88,14.38,14.50,181074
2013-10-25,14.12,16.70,14.10,16.17,985194
2013-10-28,16.15,16.88,15.90,16.70,474328
2013-10-29,16.25,16.62,15.90,15.95,190972
2013-10-30,15.70,16.85,15.70,15.95,173352
2013-10-31,16.38,16.45,15.40,15.45,91134
2013-11-01,15.62,16.08,15.40,15.65,91042
2013-11-05,16.50,16.80,16.05,16.65,128024
2013-11-06,16.50,17.10,16.40,16.65,112488
2013-11-07,16.70,16.90,16.17,16.25,73762
2013-11-08,15.62,16.25,15.62,15.98,35630
2013-11-11,15.55,16.10,15.25,15.25,71758
2013-11-12,15.10,15.62,15.02,15.02,88560
2013-11-13,15.00,16.20,14.40,16.00,120824
2013-11-14,15.90,16.30,15.45,15.45,48344
2013-11-18,15.65,16.12,15.65,16.00,41978
2013-11-19,15.80,16.08,15.50,15.93,40622
2013-11-20,15.75,16.00,15.52,15.75,66344
2013-11-21,15.62,15.75,15.25,15.43,27366
2013-11-22,15.25,15.68,15.12,15.40,60954
2013-11-25,16.25,16.25,15.07,15.10,263204
2013-11-26,15.00,15.95,15.00,15.40,150002
2013-11-27,15.05,15.45,14.80,14.95,105988
2013-11-28,14.88,15.25,14.80,14.95,49982
2013-11-29,15.05,15.20,14.82,14.98,100156
2013-12-02,15.00,15.65,14.90,14.90,155544
2013-12-03,15.25,15.30,14.85,14.90,145034
2013-12-04,15.00,15.18,14.88,14.88,173222
2013-12-05,15.32,15.32,14.85,14.88,146162
2013-12-06,15.00,16.65,14.77,16.08,969328
2013-12-09,16.65,16.95,15.50,15.75,322382
2013-12-10,15.52,16.05,15.18,15.32,185912
2013-12-11,15.93,15.93,15.05,15.15,100012
2013-12-12,15.18,15.48,14.90,15.00,99106
2013-12-13,15.00,15.15,14.55,14.68,85360
2013-12-16,15.00,15.00,14.55,14.73,161740
2013-12-17,14.73,14.85,14.18,14.30,341908
2013-12-18,14.27,15.62,14.27,15.18,1693530
2013-12-19,15.25,15.25,14.70,14.90,177930
2013-12-20,15.15,15.32,14.82,15.12,141944
2013-12-23,15.75,15.75,15.15,15.52,232610
2013-12-24,15.65,15.82,15.38,15.77,181144
2013-12-26,15.90,16.25,15.73,16.10,349442
2013-12-27,16.30,16.38,15.75,15.90,167250
2013-12-30,15.98,16.67,15.68,15.98,394094
2013-12-31,16.25,16.42,15.90,16.23,217348
2014-01-01,16.25,16.90,16.17,16.73,440244
2014-01-02,16.90,17.35,16.00,16.02,388506
2014-01-03,15.90,16.42,15.80,16.20,184766
2014-01-06,16.02,16.58,16.00,16.30,143662
2014-01-07,16.20,16.45,16.00,16.10,94464
2014-01-08,16.33,17.25,16.12,16.98,656534
2014-01-09,17.12,17.90,16.30,16.62,632490
2014-01-10,16.60,18.10,16.35,16.98,767700
2014-01-13,17.00,17.70,16.67,16.85,271956
2014-01-14,17.05,17.08,16.70,16.95,110684
2014-01-15,16.75,17.35,16.75,16.77,131852
2014-01-16,17.12,17.12,16.10,16.30,175078
2014-01-17,16.25,16.50,16.00,16.20,111732
2014-01-20,16.05,16.12,15.75,15.95,111080
2014-01-21,15.95,16.30,15.45,15.55,206914
2014-01-22,15.62,15.90,15.52,15.75,167304
2014-01-23,15.50,15.90,15.50,15.73,67046
2014-01-24,15.57,15.80,15.30,15.35,102182
2014-01-27,15.45,15.45,14.77,14.85,89312
2014-01-28,14.80,15.15,14.68,15.15,43182
2014-01-29,15.45,15.45,14.85,14.85,58484
2014-01-30,14.75,14.90,14.38,14.60,107346
2014-01-31,14.80,15.45,14.55,15.00,294634
2014-02-03,15.43,15.43,14.48,14.65,73620
2014-02-04,14.50,14.95,14.40,14.70,80596
2014-02-05,14.75,15.00,14.40,14.68,57608
2014-02-06,14.95,15.02,14.65,14.68,77352
2014-02-07,15.00,15.00,14.55,14.65,67694
2014-02-10,14.90,14.90,14.43,14.45,56046
2014-02-11,14.12,14.62,13.77,14.20,107926
2014-02-12,14.48,14.50,14.15,14.20,45794
2014-02-13,14.23,14.40,13.90,14.00,44424
2014-02-14,14.00,14.20,13.10,13.30,238182
2014-02-17,13.43,13.43,12.77,12.95,148370
2014-02-18,13.00,13.12,12.75,12.88,125716
2014-02-19,13.23,13.23,12.75,12.85,127822
2014-02-20,12.98,12.98,12.00,12.27,339334
2014-02-21,12.45,12.62,12.00,12.15,307968
2014-02-24,12.45,12.45,11.70,11.77,249708
2014-02-25,12.30,12.95,12.25,12.62,1004764
2014-02-26,12.75,14.12,12.57,13.62,789034
2014-02-28,13.75,14.80,13.62,14.15,1023166
2014-03-03,14.12,14.18,13.43,13.48,163412
2014-03-04,13.75,13.75,13.23,13.30,144722
2014-03-05,13.68,13.68,12.93,13.02,1201978
2014-03-06,13.32,13.75,13.10,13.57,281852
2014-03-07,13.65,14.48,13.65,13.85,1063362
2014-03-10,13.85,14.55,13.82,14.43,290720
2014-03-11,14.95,14.95,14.05,14.15,261392
2014-03-12,14.05,14.45,14.05,14.30,140014
2014-03-13,14.25,14.50,13.40,13.48,544930
2014-03-14,13.35,13.50,12.45,12.73,778000
2014-03-18,12.85,13.90,12.77,13.27,253656
2014-03-19,13.40,13.60,13.25,13.48,190874
2014-03-20,13.35,13.82,13.27,13.70,215978
2014-03-21,13.65,14.88,13.38,14.07,1417700
2014-03-24,14.18,14.62,14.15,14.23,156140
2014-03-25,14.12,14.38,14.02,14.15,101096
2014-03-26,14.07,15.55,14.07,15.15,3436044
2014-03-27,15.10,16.20,14.98,15.60,2010330
2014-03-28,15.57,15.88,15.05,15.48,1079662
2014-03-31,16.00,17.23,16.00,16.88,2271752
2014-04-01,17.00,18.70,16.65,18.40,2539366
2014-04-02,18.70,19.35,18.33,18.60,1261106
2014-04-03,18.50,18.90,16.83,17.67,1104430
2014-04-04,17.60,19.40,17.60,18.90,2054006
2014-04-07,19.00,19.95,18.80,19.27,696450
2014-04-09,19.12,20.30,19.12,19.95,1061540
2014-04-10,19.95,20.70,19.50,20.15,1311236
2014-04-11,19.95,20.45,19.45,19.77,578448
2014-04-15,19.65,19.98,18.80,18.98,347486
2014-04-16,18.83,19.70,18.10,18.23,411618
2014-04-17,18.20,19.20,18.12,18.95,761852
2014-04-21,19.00,19.33,19.00,19.20,611914
2014-04-22,19.02,21.45,19.02,20.48,1674664
2014-04-23,20.67,21.20,20.00,20.12,496696
2014-04-25,20.15,20.73,19.50,19.58,355800
2014-04-28,19.33,20.20,18.98,19.75,429098
2014-04-29,19.55,19.88,19.25,19.45,363800
2014-04-30,19.25,20.00,18.08,18.67,580844
2014-05-02,18.58,19.30,18.42,18.52,264850
2014-05-05,18.50,18.90,18.05,18.20,228586
2014-05-06,18.25,18.50,18.00,18.12,291112
2014-05-07,18.00,19.38,17.95,18.73,806826
2014-05-08,19.02,19.02,18.25,18.38,368184
2014-05-09,18.75,19.23,18.30,18.85,384356
2014-05-12,18.70,19.40,18.60,18.83,464312
2014-05-13,19.08,20.40,19.00,20.02,1346634
2014-05-14,20.08,21.95,20.05,21.75,1767580
2014-05-15,21.95,22.25,20.75,21.83,1147846
2014-05-16,22.27,25.00,21.90,24.12,3677154
2014-05-19,24.35,27.00,24.33,26.25,2944732
2014-05-20,26.48,29.15,25.45,28.25,2591574
2014-05-21,28.15,30.20,26.90,29.83,2066566
2014-05-22,29.95,32.12,29.65,31.58,1608882
2014-05-23,32.00,32.35,30.23,30.45,1246886
2014-05-26,30.95,31.35,27.42,28.52,1309100
2014-05-27,28.35,31.38,26.55,30.95,1540688
2014-05-28,31.20,33.12,30.12,32.33,2252000
2014-05-29,32.00,34.33,32.00,33.95,1930972
2014-05-30,34.20,34.20,31.85,33.22,1230800
2014-06-02,34.25,34.40,31.85,31.95,1292336
2014-06-03,32.35,33.08,31.75,32.05,839592
2014-06-04,32.33,33.00,31.85,32.05,628496
2014-06-05,32.20,34.25,32.20,33.60,1621084
2014-06-06,33.88,33.97,32.25,32.62,599764
2014-06-09,33.00,33.25,31.95,32.33,473188
2014-06-10,32.25,32.53,31.52,32.00,337740
2014-06-11,31.73,33.38,30.55,31.75,1601730
2014-06-12,31.55,31.85,31.05,31.58,271872
2014-06-13,32.42,33.90,31.10,31.45,1917624
2014-06-16,31.60,32.42,30.50,31.15,393380
2014-06-17,31.27,33.03,31.10,32.62,719962
2014-06-18,32.42,32.85,31.40,31.58,333890
2014-06-19,31.73,33.85,31.38,32.53,1108404
2014-06-20,32.65,35.30,32.08,33.58,2503410
2014-06-23,33.60,34.45,32.65,33.15,597074
2014-06-24,33.42,34.25,33.25,33.53,430134
2014-06-25,33.83,34.97,33.30,34.00,749778
2014-06-26,34.35,34.62,33.35,33.45,492496
2014-06-27,33.55,34.10,32.67,32.92,276258
2014-06-30,33.30,33.30,32.00,32.35,717208
2014-07-01,32.30,34.20,32.05,33.28,979764
2014-07-02,33.45,34.35,33.05,33.33,726000
2014-07-03,33.40,33.47,31.25,31.98,603788
2014-07-04,32.20,32.85,31.80,32.47,530752
2014-07-07,32.83,32.85,31.85,31.90,331850
2014-07-08,32.00,32.25,29.25,30.00,640928
2014-07-09,29.30,30.95,28.50,29.02,410884
2014-07-10,29.02,30.70,27.60,29.75,395962
2014-07-11,29.58,30.30,27.02,27.45,400948
2014-07-14,27.85,27.95,25.90,26.55,286200
2014-07-15,27.30,28.75,26.75,27.98,424878
2014-07-16,28.35,29.45,28.35,29.20,414612
2014-07-17,29.02,31.70,29.02,31.08,910494
2014-07-18,30.45,31.12,30.00,30.27,397756
2014-07-21,30.25,31.70,30.25,31.38,483880
2014-07-22,31.55,31.55,30.50,31.23,243932
2014-07-23,31.23,31.45,29.60,29.75,406734
2014-07-24,29.90,29.95,29.38,29.45,218934
2014-07-25,29.38,29.60,28.00,28.17,325962
2014-07-28,28.42,28.42,27.58,27.80,179914
2014-07-30,27.80,28.25,27.40,27.48,240706
2014-07-31,27.67,29.05,27.50,28.33,179198
2014-08-01,28.00,28.90,27.60,28.02,237704
2014-08-04,28.88,28.88,26.90,27.10,467352
2014-08-05,27.00,27.50,26.48,27.20,239622
2014-08-06,27.25,28.25,27.02,27.20,210128
2014-08-07,27.33,27.48,26.00,27.00,89246
2014-08-08,26.85,26.95,24.00,24.77,970364
2014-08-11,25.20,25.50,23.50,23.70,359138
2014-08-12,23.27,24.25,23.27,24.05,313856
2014-08-13,24.10,25.75,23.30,23.62,516640
2014-08-14,23.40,24.52,23.08,23.88,263304
2014-08-18,23.65,25.17,23.35,23.58,685262
2014-08-19,23.92,24.45,23.88,24.30,278692
2014-08-20,24.55,24.92,23.27,23.92,654390
2014-08-21,24.25,24.73,23.75,23.92,481900
2014-08-22,24.12,24.38,23.25,23.48,259628
2014-08-25,23.75,23.85,23.00,23.05,319414
2014-08-26,22.80,23.20,22.00,22.25,243706
2014-08-27,22.50,22.85,22.10,22.23,198670
2014-08-28,22.23,22.85,21.58,21.98,1823040
2014-09-01,22.48,24.20,21.55,22.92,6768796
2014-09-02,23.15,26.10,23.15,25.40,7227402
2014-09-03,25.65,25.73,24.30,24.58,1586890
2014-09-04,24.60,25.75,24.10,25.15,1566382
2014-09-05,25.05,25.75,24.65,24.92,1005416
2014-09-08,25.12,27.10,25.00,26.75,2910478
2014-09-09,26.90,27.02,26.00,26.52,967216
2014-09-10,26.05,27.25,25.85,26.10,952222
2014-09-11,26.17,27.30,25.85,26.48,1353010
2014-09-12,26.33,27.80,26.33,27.33,1999940
2014-09-15,27.23,27.33,26.50,26.62,743560
2014-09-16,26.83,28.70,25.58,25.85,3465166
2014-09-17,26.50,27.10,24.75,25.88,896280
2014-09-18,26.08,28.20,25.90,27.60,1714324
2014-09-19,27.77,28.20,26.77,26.88,689648
2014-09-22,26.88,27.42,26.55,26.90,507968
2014-09-23,27.00,27.10,25.62,25.73,574370
2014-09-24,25.75,26.10,24.02,24.77,763874
2014-09-25,25.05,25.10,23.45,23.58,506706
2014-09-26,23.35,24.45,22.88,23.98,617310
2014-09-29,24.05,24.92,23.90,24.12,473922
2014-09-30,24.00,24.30,23.10,23.38,421726
2014-10-01,23.48,23.70,23.10,23.23,201970
2014-10-07,23.25,23.45,23.05,23.20,175328
2014-10-08,23.02,23.38,23.02,23.20,161628
2014-10-09,23.12,24.58,23.12,24.35,355266
2014-10-10,24.12,24.25,23.40,23.85,215716
2014-10-13,23.65,24.75,23.50,24.48,404372
2014-10-14,24.45,24.65,23.90,24.05,227948
2014-10-16,23.50,23.98,22.55,22.80,327004
2014-10-17,23.00,23.35,22.55,22.98,188678
2014-10-20,23.15,23.85,22.85,22.90,222498
2014-10-21,22.92,23.60,22.83,23.15,179866
2014-10-22,23.48,23.90,23.23,23.77,174098
2014-10-23,24.10,24.50,24.00,24.33,136266
2014-10-27,24.38,26.17,24.38,25.15,621808
2014-10-28,25.50,25.85,24.77,24.95,299374
2014-10-29,25.38,26.75,24.92,26.02,1029142
2014-10-30,26.27,26.50,25.75,26.00,347230
2014-10-31,26.02,27.45,26.02,26.70,786018
2014-11-03,27.02,27.38,26.52,26.67,357136
2014-11-05,26.40,27.35,25.40,25.70,1052458
2014-11-07,24.00,26.25,24.00,25.38,394252
2014-11-10,25.38,25.92,24.35,24.55,355498
2014-11-11,24.60,25.23,24.25,24.30,307396
2014-11-12,24.83,26.98,24.50,26.35,1883668
2014-11-13,26.45,26.83,25.27,25.95,706500
2014-11-14,25.85,26.15,25.20,25.42,426520
2014-11-17,25.40,26.50,25.27,26.27,386970
2014-11-18,26.45,26.95,26.00,26.15,952110
2014-11-19,26.35,29.17,25.12,27.80,4563638
2014-11-20,27.92,28.35,26.40,27.08,1168426
2014-11-21,27.10,28.20,26.27,26.38,1913282
2014-11-24,26.67,27.25,26.38,26.92,554102
2014-11-25,27.00,27.15,24.35,25.12,1089556
2014-11-26,25.33,26.92,24.02,26.15,907450
2014-11-27,26.27,26.95,26.12,26.30,471548
2014-11-28,26.45,26.75,25.62,25.90,342142
2014-12-01,25.88,26.15,24.38,24.52,638056
2014-12-02,24.70,25.80,24.67,25.65,569226
2014-12-03,25.42,26.12,25.42,25.88,566582
2014-12-04,25.80,27.40,25.75,26.55,1449984
2014-12-05,26.70,27.00,25.38,25.62,808964
2014-12-08,25.85,26.12,25.00,25.15,381824
2014-12-09,25.10,25.62,24.55,24.85,338160
2014-12-10,24.85,25.50,24.62,24.77,350308
2014-12-11,24.62,25.00,24.25,24.58,257724
2014-12-12,24.65,25.00,23.55,23.80,403668
2014-12-15,23.33,24.50,23.33,24.02,392088
2014-12-16,23.92,24.12,22.45,22.92,487634
2014-12-17,23.15,23.42,22.08,22.45,338614
2014-12-18,22.90,23.73,22.90,23.58,383836
2014-12-19,24.00,24.10,23.50,23.55,280406
2014-12-22,23.52,24.62,23.52,24.15,317454
2014-12-23,24.15,24.73,24.00,24.35,326468
2014-12-24,24.50,26.27,23.95,25.50,1525400
2014-12-26,25.10,25.73,24.70,24.83,319792
2014-12-29,25.12,25.12,24.23,24.38,334918
2014-12-30,24.33,25.60,24.20,25.25,1843668
2014-12-31,25.10,26.60,25.10,26.35,1244254
2015-01-01,26.50,27.65,25.80,26.95,1727746
2015-01-02,27.10,28.08,26.62,26.98,2767268
2015-01-05,27.00,27.65,26.73,27.48,1209032
2015-01-06,27.00,27.00,25.50,25.75,652516
2015-01-07,25.38,26.30,25.00,25.42,512414
2015-01-08,26.00,26.67,25.75,26.05,752722
2015-01-09,26.35,26.48,25.62,25.90,337172
2015-01-12,25.92,26.77,25.92,26.38,617916
2015-01-13,26.25,27.10,25.55,25.77,536314
2015-01-14,26.00,26.45,25.58,25.75,377702
2015-01-15,26.02,27.35,26.02,26.48,1460354
2015-01-16,26.70,27.00,26.17,26.38,446728
2015-01-19,26.38,26.88,26.25,26.35,361294
2015-01-20,26.38,27.30,26.23,26.77,1306666
2015-01-21,26.62,27.02,26.23,26.40,460912
2015-01-22,26.40,27.12,26.05,26.20,424470
2015-01-23,26.50,26.65,25.70,25.83,324174
2015-01-27,26.20,27.10,25.83,26.33,495444
2015-01-28,26.05,26.70,25.75,26.10,291206
2015-01-29,26.00,26.48,25.75,26.23,223810
2015-01-30,26.23,26.42,25.55,25.65,169764
2015-02-02,25.42,26.25,25.42,25.73,333374
2015-02-03,25.98,25.98,24.55,25.30,377572
2015-02-04,26.00,27.12,25.88,26.33,1447738
2015-02-05,26.15,26.62,24.17,24.55,530644
2015-02-06,24.90,25.20,24.17,24.67,376970
2015-02-09,24.90,24.95,24.25,24.55,297590
2015-02-10,24.92,25.40,24.12,24.40,358840
2015-02-11,24.15,24.95,24.15,24.48,1869878
2015-02-12,24.70,24.92,24.38,24.42,466116
2015-02-13,24.62,24.88,24.42,24.58,303798
2015-02-16,24.33,24.83,24.05,24.17,257700
2015-02-18,24.00,26.25,23.90,25.60,1644890
2015-02-19,25.65,26.00,24.85,25.17,447392
2015-02-20,25.38,25.70,25.05,25.15,299538
2015-02-23,25.40,27.35,25.15,26.15,2871162
2015-02-24,26.20,28.33,25.75,27.90,3885736
2015-02-25,28.45,29.38,27.35,27.55,4169740
2015-02-26,27.52,27.67,26.30,26.83,1091386
2015-02-27,27.12,27.45,26.77,27.00,681656
2015-02-28,27.05,27.75,25.73,26.20,860594
2015-03-02,26.05,27.38,26.05,26.48,712440
2015-03-03,26.73,29.00,26.33,28.40,3105984
2015-03-04,28.88,29.88,27.50,27.80,2793312
2015-03-05,27.60,28.50,27.50,27.88,882102
2015-03-09,27.73,27.73,26.60,26.77,492010
2015-03-10,26.77,27.48,25.23,26.70,691156
2015-03-11,26.85,27.33,26.25,26.45,397196
2015-03-12,26.83,29.50,26.65,28.58,3345180
2015-03-13,28.85,31.50,28.80,29.83,8942784
2015-03-16,30.10,30.95,28.60,28.92,1954294
2015-03-17,29.35,30.55,28.80,29.65,1640690
2015-03-18,30.20,34.92,29.77,34.33,13432036
2015-03-19,34.60,35.92,32.70,33.00,7716526
2015-03-20,33.40,34.55,31.08,31.42,3507918
2015-03-23,31.62,33.70,31.62,33.00,5964730
2015-03-24,32.35,33.10,31.38,31.65,1400620
2015-03-25,31.85,32.75,31.55,31.67,1091512
2015-03-26,31.62,31.62,30.80,31.08,721688
2015-03-27,31.52,32.03,30.05,30.58,1566446
2015-03-30,30.75,34.85,30.75,34.33,4348040
2015-03-31,34.53,35.12,33.05,33.33,2456410
2015-04-01,33.25,38.10,33.12,37.22,12090832
2015-04-06,37.50,37.90,36.28,36.88,3390662
2015-04-07,37.12,40.22,37.12,39.20,9495996
2015-04-08,39.38,39.65,37.92,38.30,3366848
2015-04-09,38.55,38.78,36.97,37.20,2328382
2015-04-10,37.42,38.25,36.55,37.25,2537044
2015-04-13,37.25,38.40,36.72,36.83,2637006
2015-04-15,36.97,37.25,34.75,35.15,3091720
2015-04-16,35.20,35.62,33.70,34.50,2383188
2015-04-17,34.65,36.45,34.22,35.15,3527480
2015-04-20,35.47,36.17,32.67,33.62,2406822
2015-04-21,33.20,34.08,32.62,33.47,1544984
2015-04-22,33.67,35.22,32.85,34.78,2699314
2015-04-23,35.20,35.58,34.00,34.22,1792424
2015-04-24,34.30,34.50,31.65,32.17,1610202
2015-04-27,32.25,32.45,30.40,31.05,1481006
2015-04-28,30.90,32.67,30.60,32.40,1142398
2015-04-29,32.60,33.45,32.10,32.97,1290766
2015-04-30,32.50,34.60,32.50,34.15,2048408
2015-05-04,35.25,35.70,33.90,34.95,1548300
2015-05-05,35.17,35.17,33.42,33.67,816260
2015-05-06,33.55,33.55,31.17,31.62,1082798
2015-05-07,31.95,32.65,30.58,31.27,1607448
2015-05-08,31.60,32.35,31.52,31.70,732640
2015-05-11,31.88,33.47,31.88,33.33,869568
2015-05-12,33.42,33.42,31.08,31.30,897312
2015-05-13,31.50,32.30,31.38,31.92,505082
2015-05-14,32.00,34.12,31.52,33.47,1607204
2015-05-15,33.60,34.15,33.15,33.85,872372
2015-05-18,33.50,33.97,32.60,32.83,1434836
2015-05-19,32.62,35.42,32.60,34.80,3013004
2015-05-20,34.90,35.83,34.25,34.50,1278248
2015-05-21,34.40,34.42,33.60,33.83,476064
2015-05-22,33.75,35.55,33.75,34.50,1393414
2015-05-25,34.65,34.67,33.12,33.42,520830
2015-05-26,33.75,33.75,32.75,32.88,409664
2015-05-27,32.65,34.15,32.38,33.22,518016
2015-05-28,33.35,33.72,32.70,33.08,369104
2015-05-29,33.25,33.80,33.00,33.25,379606
2015-06-01,33.00,34.05,33.00,33.20,496130
2015-06-02,33.20,33.20,31.30,31.77,864390
2015-06-03,31.73,31.75,29.25,30.38,998126
2015-06-04,30.98,30.98,29.55,30.20,655338
2015-06-05,30.30,31.40,29.73,30.88,767190
2015-06-08,31.40,31.40,29.50,30.00,439450
2015-06-09,30.00,30.30,29.25,29.48,497214
2015-06-10,29.42,31.30,29.42,30.83,720486
2015-06-11,31.20,32.12,30.90,31.38,1249868
2015-06-12,31.00,33.45,30.73,32.85,1316738
2015-06-15,32.80,35.30,32.35,35.08,2461556
2015-06-16,34.88,35.65,33.60,34.30,1162270
2015-06-17,34.50,38.25,33.85,37.62,5922842
2015-06-18,37.72,39.60,36.80,38.33,4151154
2015-06-19,38.20,40.60,37.40,38.53,3379740
2015-06-22,38.50,40.50,38.50,39.45,2330818
2015-06-23,39.17,41.25,38.90,40.80,4358812
2015-06-24,41.12,42.10,39.67,40.25,3086684
2015-06-25,40.00,40.80,39.38,39.67,1490576
2015-06-26,39.70,39.90,38.25,39.35,1067422
2015-06-29,38.45,38.45,36.83,37.62,1461986
2015-06-30,37.47,40.00,37.47,39.72,1872172
2015-07-01,39.50,41.25,39.50,40.15,1659848
2015-07-02,40.38,40.70,39.12,39.30,851702
2015-07-03,39.45,40.17,38.53,38.78,917608
2015-07-06,37.92,44.00,37.50,43.53,5379828
2015-07-07,43.85,45.17,42.62,43.40,3576110
2015-07-08,42.58,47.20,42.05,45.50,7690728
2015-07-09,46.17,46.90,43.17,43.75,2222832
2015-07-10,44.17,44.85,43.30,44.22,1482864
2015-07-13,44.50,46.95,44.10,45.25,3345594
2015-07-14,45.50,45.92,43.65,44.03,1981010
2015-07-15,44.25,45.50,43.55,44.95,2014944
2015-07-16,45.38,46.45,45.00,45.28,1905022
2015-07-17,45.50,45.85,44.05,44.22,2399392
2015-07-20,44.40,45.35,43.88,44.70,1104570
2015-07-21,45.00,47.67,44.28,45.03,5220724
2015-07-22,45.28,46.40,44.53,45.85,2303034
2015-07-23,46.20,46.40,44.70,44.90,1306690
2015-07-24,45.15,45.70,43.50,43.67,1587112
2015-07-27,43.45,43.80,41.83,42.08,1044678
2015-07-28,42.50,43.55,41.25,43.28,1539344
2015-07-29,43.47,45.65,43.20,44.62,2551666
2015-07-30,44.97,45.90,44.50,45.22,2270762
2015-07-31,45.47,45.60,43.53,43.72,1329928
2015-08-03,43.75,44.85,43.50,43.75,1139700
2015-08-04,44.00,44.95,43.00,44.45,1259992
2015-08-05,44.33,48.10,44.33,47.50,6183950
2015-08-06,47.50,48.45,45.10,45.38,3811510
2015-08-07,45.42,46.90,45.10,45.50,1751242
2015-08-10,45.50,45.95,44.10,44.50,1024714
2015-08-11,44.70,44.75,43.05,43.30,729350
2015-08-12,43.15,43.15,40.75,41.05,975250
2015-08-13,41.20,42.45,32.85,38.30,1877558
2015-08-14,38.90,40.83,38.72,40.22,1109434
2015-08-17,40.70,41.08,37.60,39.70,978568
2015-08-18,39.78,41.90,39.78,41.35,1110254
2015-08-19,41.25,41.85,40.25,40.65,835016
2015-08-20,40.55,41.05,38.25,38.70,1033640
2015-08-21,38.40,39.95,37.05,39.58,902414
2015-08-24,38.00,38.00,33.00,35.03,1179846
2015-08-25,35.03,36.35,31.08,34.75,1296860
2015-08-26,34.60,36.83,33.75,35.12,700650
2015-08-27,37.00,37.00,35.20,35.72,668284
2015-08-28,36.47,36.95,34.60,35.20,844416
2015-08-31,35.08,35.97,34.53,34.75,592882
2015-09-01,34.58,34.83,32.92,33.78,466908
2015-09-02,34.40,34.70,33.12,33.95,390098
2015-09-03,34.50,36.00,34.15,35.50,697874
2015-09-04,35.50,35.50,33.28,33.90,587504
2015-09-07,33.90,34.22,33.00,33.35,436514
2015-09-08,33.45,33.45,31.00,32.47,955466
2015-09-09,33.38,35.85,32.75,34.80,1020462
2015-09-10,33.90,36.22,33.55,35.22,911726
2015-09-11,36.30,36.83,34.65,35.15,672800
2015-09-14,35.75,37.03,35.30,36.55,660570
2015-09-15,36.50,36.85,35.42,35.60,443936
2015-09-16,36.00,36.45,35.28,35.50,483426
2015-09-18,36.20,36.42,35.58,35.80,374112
2015-09-21,35.67,36.80,34.85,36.05,405752
2015-09-22,36.50,36.75,34.25,34.62,729066
2015-09-23,34.60,36.00,34.15,35.58,478352
2015-09-24,36.25,36.97,35.88,36.45,1041276
2015-09-28,36.40,36.80,35.08,35.25,315892
2015-09-29,34.58,35.60,34.15,35.17,464648
2015-09-30,35.50,37.40,35.28,35.88,793766
2015-10-01,36.17,37.20,35.65,36.20,1154070
2015-10-05,36.70,37.08,36.35,36.65,532540
2015-10-06,37.17,37.17,36.25,36.65,504046
2015-10-07,36.50,39.08,36.30,38.72,1967776
2015-10-08,39.55,39.55,37.83,38.10,1806136
2015-10-09,38.47,39.25,36.80,37.10,926514
2015-10-12,37.45,37.97,36.30,36.58,663948
2015-10-13,36.88,37.60,36.45,36.65,546320
2015-10-14,36.92,37.40,36.58,36.67,580150
2015-10-15,36.80,38.50,36.65,37.35,916620
2015-10-16,37.85,38.20,36.85,37.17,564974
2015-10-19,37.05,37.70,36.75,37.33,382658
2015-10-20,37.15,39.90,37.15,39.30,2687934
2015-10-21,39.62,41.95,39.30,41.62,3602386
2015-10-23,41.95,42.00,39.58,40.00,987720
2015-10-26,40.25,40.25,38.25,38.90,692416
2015-10-27,38.90,39.70,38.10,39.12,644146
2015-10-28,39.28,39.70,37.55,37.70,701754
2015-10-29,38.00,40.15,36.50,39.03,2680594
2015-10-30,38.97,39.75,37.78,38.50,1048684
2015-11-02,38.35,40.17,38.08,39.45,1154442
2015-11-03,39.90,41.95,39.12,41.45,2890132
2015-11-04,41.42,42.50,39.25,39.38,1511524
2015-11-05,39.28,39.62,38.75,39.10,760186
2015-11-06,39.58,39.75,38.28,38.45,324126
2015-11-09,37.45,38.70,36.85,38.08,468974
2015-11-10,38.15,38.78,36.78,36.90,581774
2015-11-11,37.33,37.80,37.15,37.60,126286
2015-11-13,37.35,38.20,37.17,37.65,524490
2015-11-16,37.45,39.55,37.10,39.33,1054180
2015-11-17,39.67,39.90,38.55,39.12,410886
2015-11-18,39.12,40.58,39.12,39.50,684030
2015-11-19,40.03,40.50,39.45,39.80,401300
2015-11-20,40.20,42.40,39.25,41.62,1506902
2015-11-23,41.62,43.45,40.85,43.22,1811230
2015-11-24,43.35,44.20,42.62,42.83,961788
2015-11-26,42.88,43.95,41.95,43.67,1201778
2015-11-27,44.38,45.35,43.45,43.72,2004740
2015-11-30,43.60,43.92,42.88,43.47,660402
2015-12-01,43.25,45.12,43.00,43.85,1045504
2015-12-02,44.10,46.42,43.12,45.33,2392296
2015-12-03,45.47,45.80,44.00,44.25,717172
2015-12-04,43.85,43.85,42.45,42.97,993958
2015-12-07,43.08,44.20,43.05,43.38,376842
2015-12-08,43.00,44.50,42.40,42.62,900528
2015-12-09,42.92,43.05,40.20,40.70,583662
2015-12-10,41.50,42.10,40.20,41.75,564196
2015-12-11,42.00,42.50,40.30,40.75,453262
2015-12-14,41.00,42.90,40.40,42.60,919452
2015-12-15,42.60,43.15,41.65,42.00,377542
2015-12-16,42.30,42.85,41.83,42.15,265516
2015-12-17,42.65,43.92,42.25,43.65,837490
2015-12-18,43.53,44.75,43.42,43.62,578686
2015-12-21,43.70,44.45,43.35,44.05,349752
2015-12-22,44.40,44.42,43.10,43.28,290630
2015-12-23,43.75,44.35,42.85,43.70,623006
2015-12-24,43.35,43.85,42.75,42.97,422134
2015-12-28,42.85,43.38,42.12,42.60,326110
2015-12-29,42.75,43.35,42.35,42.62,388572
2015-12-30,42.83,42.90,41.55,41.70,315166
2015-12-31,42.12,42.33,41.67,42.10,268292
2016-01-01,42.38,42.65,41.92,42.17,346278
2016-01-04,42.00,42.90,41.03,41.15,339782
2016-01-05,41.50,42.15,40.50,41.53,374874
2016-01-06,41.75,41.97,40.70,41.05,397260
2016-01-07,40.50,40.95,38.08,38.33,701212
2016-01-08,39.00,39.45,38.53,39.17,260250
2016-01-11,38.90,38.90,38.00,38.35,270278
2016-01-12,38.25,38.75,37.30,37.50,253396
2016-01-13,37.53,38.90,35.67,36.78,605638
2016-01-14,35.00,36.83,35.00,36.53,402220
2016-01-15,36.53,37.00,33.75,34.10,255584
2016-01-18,33.00,33.47,31.33,32.25,302126
2016-01-19,32.50,33.75,32.00,33.53,305138
2016-01-20,32.90,35.00,30.50,31.42,375170
2016-01-21,32.58,33.40,31.75,32.17,558260
2016-01-22,32.65,33.85,32.40,33.15,355662
2016-01-25,33.40,33.85,31.27,31.50,619406
2016-01-27,31.95,32.83,30.95,32.35,435792
2016-01-28,32.50,33.00,31.92,32.05,335146
2016-01-29,32.17,32.90,32.00,32.65,251158
2016-02-01,34.50,35.45,34.05,34.65,2146552
2016-02-02,34.97,34.97,32.10,32.38,585614
2016-02-03,31.52,32.20,31.50,31.90,183790
2016-02-04,32.42,32.75,31.50,31.70,268674
2016-02-05,31.80,32.25,31.15,31.25,401486
2016-02-08,31.55,31.95,30.35,30.62,395708
2016-02-09,30.30,30.48,29.25,29.50,454230
2016-02-10,29.40,29.40,26.85,27.38,1037426
2016-02-11,27.25,27.65,26.25,26.48,653074
2016-02-12,26.65,26.65,23.70,24.92,682176
2016-02-15,25.25,26.98,25.25,26.17,405032
2016-02-16,26.80,27.25,24.35,24.55,639132
2016-02-17,24.90,25.40,24.00,25.15,401294
2016-02-18,25.75,25.85,24.60,25.15,259378
2016-02-19,24.70,25.70,24.70,25.40,279032
2016-02-22,25.15,25.90,25.05,25.80,209460
2016-02-23,25.55,25.95,24.80,25.02,257806
2016-02-24,24.77,25.25,23.90,24.38,907502
2016-02-25,24.62,24.62,23.83,23.92,269712
2016-02-26,24.62,24.62,22.38,23.38,387490
2016-02-29,24.75,24.75,21.27,21.48,1546634
2016-03-01,21.73,24.60,21.73,24.38,959620
2016-03-02,25.17,26.48,24.52,25.80,896018
2016-03-03,25.98,26.30,24.77,25.60,359926
2016-03-04,25.90,26.95,25.25,26.40,729696
2016-03-08,27.67,28.75,27.25,28.40,2369088
2016-03-09,28.23,28.23,27.55,27.80,490214
2016-03-10,28.12,28.92,27.80,28.40,1689040
2016-03-11,28.50,29.45,28.45,29.30,1350332
2016-03-14,29.48,29.50,28.95,29.25,591382
2016-03-15,29.35,29.38,28.52,29.00,334654
2016-03-16,28.85,29.02,27.77,28.40,218422
2016-03-17,28.70,28.98,27.88,28.15,271258
2016-03-18,28.17,28.45,28.00,28.40,347116
2016-03-21,28.27,28.75,28.27,28.52,694608
2016-03-22,28.65,29.38,28.60,29.20,253806
2016-03-23,29.38,29.60,28.95,29.08,208462
2016-03-28,29.00,29.00,26.83,27.05,330414
2016-03-29,27.25,27.52,26.55,26.77,445066
2016-03-30,27.00,28.00,27.00,27.67,238894
2016-03-31,27.67,27.85,27.12,27.30,167760
2016-04-01,27.42,28.38,27.00,28.17,333868
2016-04-04,28.45,29.23,28.35,28.85,374024
2016-04-05,28.70,30.73,28.45,29.62,1626172
2016-04-06,29.95,31.33,29.83,31.08,752612
2016-04-07,31.23,31.30,29.98,30.70,418536
2016-04-08,31.00,31.45,30.55,31.02,523304
2016-04-11,31.20,31.40,30.80,31.20,532892
2016-04-12,31.58,31.95,31.10,31.48,942770
2016-04-13,32.50,32.70,31.60,31.80,890850
2016-04-18,31.80,32.38,31.45,31.58,478144
2016-04-20,31.85,33.12,31.62,32.28,1330644
2016-04-21,32.35,32.75,31.67,31.83,285944
2016-04-22,31.55,32.12,31.50,31.67,188060
2016-04-25,31.83,32.15,31.45,31.83,285276
2016-04-26,32.00,32.80,31.80,32.55,437382
2016-04-27,32.62,33.30,32.35,33.08,812552
2016-04-28,32.38,32.38,31.05,31.20,795816
2016-04-29,31.25,31.73,30.92,31.17,311394
2016-05-02,31.05,31.90,30.62,31.48,271308
2016-05-03,31.80,32.35,31.38,31.85,664446
2016-05-04,31.55,31.75,30.75,30.90,466046
2016-05-05,31.25,31.75,30.80,31.10,598990
2016-05-06,30.95,31.88,30.80,31.73,527270
2016-05-09,31.98,32.55,31.85,32.22,468390
2016-05-10,32.40,32.40,31.83,32.17,514478
2016-05-11,31.85,32.15,31.58,31.77,397234
2016-05-12,32.03,32.35,31.52,31.60,544170
2016-05-13,31.60,31.75,30.95,31.05,293238
2016-05-16,31.25,31.48,31.08,31.20,84690
2016-05-17,31.27,31.70,30.70,30.80,129594
2016-05-18,30.67,30.92,30.38,30.65,138316
2016-05-19,30.92,30.98,30.42,30.52,105684
2016-05-20,30.25,30.70,30.25,30.38,101566
2016-05-23,30.95,30.95,29.77,29.85,140392
2016-05-24,29.80,30.12,29.00,29.23,88198
2016-05-25,29.90,29.90,29.08,29.30,116162
2016-05-26,29.50,30.17,29.50,29.92,429692
2016-05-27,30.15,30.15,29.00,29.20,362780
2016-05-30,29.45,29.48,28.95,29.12,274138
2016-05-31,29.27,29.35,28.62,29.00,176630
2016-06-01,29.25,29.40,29.00,29.12,83592
2016-06-02,29.25,29.25,28.67,28.92,85486
2016-06-03,28.62,29.30,28.62,29.02,121492
2016-06-06,28.90,29.23,28.50,28.80,80358
2016-06-07,28.80,29.25,28.60,28.98,95608
2016-06-08,29.08,30.75,28.90,30.05,509930
2016-06-09,30.35,31.73,30.35,31.08,584648
2016-06-10,31.15,31.33,30.60,30.80,169606
2016-06-13,30.73,30.73,30.25,30.52,147778
2016-06-14,30.40,31.15,30.25,30.62,131828
2016-06-15,30.75,32.45,30.50,31.42,486792
2016-06-16,31.48,33.00,31.48,32.25,1395962
2016-06-17,32.50,33.05,31.58,31.80,488374
2016-06-20,31.50,31.70,31.02,31.40,199106
2016-06-21,31.70,32.05,30.55,31.33,251814
2016-06-22,31.50,31.73,30.70,31.00,148906
2016-06-23,31.30,31.30,30.50,30.70,558310
2016-06-24,30.05,30.45,29.10,29.55,630806
2016-06-27,29.45,30.80,29.42,30.12,972950
2016-06-28,30.23,31.00,30.05,30.45,734494
2016-06-29,30.80,30.95,30.60,30.83,493572
2016-06-30,30.85,32.65,30.85,32.35,1311422
2016-07-01,33.10,33.40,32.25,32.38,1199590
2016-07-04,32.53,33.50,32.53,32.83,1397814
2016-07-05,32.58,33.12,32.05,32.25,543802
2016-07-07,32.45,32.80,32.20,32.35,540434
2016-07-08,32.50,32.58,31.60,31.80,243942
2016-07-11,32.17,32.45,31.88,32.00,306646
2016-07-12,32.05,32.20,31.08,31.23,723156
2016-07-13,31.62,32.10,31.30,31.42,480668
2016-07-14,31.42,33.15,31.20,32.22,1939154
2016-07-15,32.53,32.65,31.67,31.83,621124
2016-07-18,31.48,32.38,31.27,31.35,760946
2016-07-19,31.50,31.62,30.70,30.85,800478
2016-07-20,30.98,31.45,30.98,31.12,643226
2016-07-21,31.35,31.35,30.88,30.95,520346
2016-07-22,30.55,31.38,30.55,31.10,562604
2016-07-25,31.25,32.60,31.15,32.00,1159904
2016-07-26,32.00,33.12,30.80,31.05,1450058
2016-07-27,31.50,31.83,29.42,29.90,1763740
2016-07-28,30.05,30.30,29.30,29.42,771026
2016-07-29,29.60,29.95,29.52,29.75,586134
2016-08-01,29.98,29.98,29.05,29.20,340452
2016-08-02,29.20,29.38,28.80,29.02,594866
2016-08-03,29.00,29.00,28.02,28.23,316454
2016-08-04,28.58,28.77,27.62,27.80,469992
2016-08-05,27.80,28.55,27.70,28.02,557256
2016-08-08,28.25,28.70,28.25,28.38,191450
2016-08-09,28.38,28.50,27.55,27.92,464946
2016-08-10,28.17,28.20,27.77,27.88,112888
2016-08-11,28.20,28.20,27.25,27.42,203228
2016-08-12,27.62,28.35,27.62,28.10,258454
2016-08-16,28.58,29.20,28.10,28.77,318630
2016-08-17,28.88,29.25,28.62,28.80,209762
2016-08-18,28.75,29.12,28.38,28.45,152788
2016-08-19,28.62,28.75,27.83,27.90,386720
2016-08-22,28.05,28.73,27.77,28.17,421878
2016-08-23,27.92,28.42,27.92,28.15,514458
2016-08-24,28.38,28.58,28.05,28.15,470100
2016-08-25,28.38,30.75,28.25,29.40,1276052
2016-08-26,29.38,30.08,28.42,28.58,730356
2016-08-29,28.52,28.75,28.02,28.08,543534
2016-08-30,28.15,29.38,28.05,28.52,656148
2016-08-31,28.55,29.05,28.50,28.65,506652
2016-09-01,28.67,29.10,28.27,28.52,286948
2016-09-02,28.95,29.50,28.75,29.17,608314
2016-09-06,29.27,29.80,28.52,28.60,548376
2016-09-07,28.60,28.98,27.90,28.20,896762
2016-09-08,28.35,30.30,28.05,29.25,1539936
2016-09-09,29.33,30.25,29.30,29.67,692436
2016-09-12,29.00,29.38,28.42,28.55,316736
2016-09-14,28.95,29.45,28.75,29.23,262002
2016-09-15,29.30,29.85,29.30,29.55,327480
2016-09-16,29.58,30.80,29.50,29.58,690562
2016-09-19,29.62,30.95,29.48,30.55,1178252
2016-09-20,30.55,30.90,30.10,30.35,414480
2016-09-21,30.33,31.58,30.20,30.88,949080
2016-09-22,31.27,32.12,30.70,31.67,1279934
2016-09-23,31.73,31.75,30.85,31.00,488744
2016-09-26,31.00,31.00,30.33,30.40,324604
2016-09-27,30.60,30.85,30.40,30.50,322766
2016-09-28,30.52,31.45,30.12,30.33,555618
2016-09-29,30.50,31.08,27.50,28.30,691562
2016-09-30,27.90,29.12,27.90,28.98,304006
2016-10-03,29.50,30.35,29.05,29.92,320166
2016-10-04,30.02,30.40,29.30,29.60,202510
2016-10-05,29.27,30.60,29.27,30.25,470984
2016-10-06,30.48,32.40,30.27,31.45,1808440
2016-10-07,31.70,31.88,30.70,31.15,402232
2016-10-10,31.33,32.65,30.95,32.33,852958
2016-10-13,32.45,32.75,31.58,32.30,1216360
2016-10-14,32.47,34.45,32.38,34.05,2513554
2016-10-17,34.25,34.42,32.88,33.25,1141300
2016-10-18,33.45,35.45,33.45,35.25,2723614
2016-10-19,35.50,36.90,35.10,35.95,2109138
2016-10-20,36.00,36.70,35.12,35.25,813512
2016-10-21,35.45,35.58,34.20,34.45,540330
2016-10-24,34.78,34.85,33.33,33.45,722658
2016-10-25,33.55,34.85,33.55,34.05,581358
2016-10-26,34.05,34.65,33.17,33.35,441480
2016-10-27,33.50,33.70,32.50,32.97,411662
2016-10-28,33.12,33.95,32.85,33.25,237604
2016-11-01,33.50,33.70,33.10,33.42,328404
2016-11-02,33.25,33.25,32.08,32.22,450070
2016-11-03,32.28,33.30,31.75,32.00,440458
2016-11-04,32.17,32.97,30.15,30.60,447694
2016-11-07,31.25,31.98,31.05,31.30,200718
2016-11-08,31.52,31.77,30.50,30.85,167732
2016-11-09,28.50,30.73,27.85,30.20,279950
2016-11-10,31.00,31.95,28.67,28.92,1140882
2016-11-11,28.08,28.88,26.70,27.35,705082
2016-11-15,27.35,27.98,24.88,25.20,333376
2016-11-16,25.73,26.08,23.98,24.10,377978
2016-11-17,24.30,24.70,24.02,24.40,228270
2016-11-18,24.60,24.83,24.15,24.33,354984
2016-11-21,24.60,24.75,23.25,23.45,186144
2016-11-22,23.50,24.10,22.67,22.80,480574
2016-11-23,23.45,24.00,22.80,23.58,214148
2016-11-24,23.60,23.60,23.00,23.30,133200
2016-11-25,23.50,24.25,23.38,24.08,517408
2016-11-28,24.33,26.60,23.75,26.12,1058862
2016-11-29,26.25,26.67,25.88,26.02,297022
2016-11-30,26.38,26.40,25.75,26.15,197932
2016-12-01,26.38,27.48,26.17,27.00,873082
2016-12-02,26.75,26.75,25.65,26.17,374044
2016-12-05,26.23,27.00,25.50,26.67,188228
2016-12-06,26.70,26.98,26.40,26.55,173678
2016-12-07,26.58,27.42,26.00,26.30,389812
2016-12-08,26.58,28.02,26.58,26.88,814256
2016-12-09,27.23,32.25,26.88,30.35,2725640
2016-12-12,30.23,31.25,29.65,29.92,618126
2016-12-13,30.02,31.70,29.60,30.62,925106
2016-12-14,30.73,30.90,29.12,29.50,589792
2016-12-15,29.50,30.23,29.25,29.60,201690
2016-12-16,29.65,31.05,29.65,30.10,923182
2016-12-19,30.10,30.25,28.98,29.12,279074
2016-12-20,29.30,29.75,28.30,28.50,267780
2016-12-21,28.62,29.45,28.50,28.60,213776
2016-12-22,28.70,28.73,28.02,28.12,138484
2016-12-23,28.42,28.45,27.70,27.92,201608
2016-12-26,27.52,28.23,26.75,26.83,169504
2016-12-27,27.17,27.70,26.55,27.60,165852
2016-12-28,27.73,29.00,27.67,28.30,281920
2016-12-29,28.35,29.10,28.05,28.75,171648
2016-12-30,28.83,29.02,28.25,28.45,140246
2017-01-02,28.58,28.88,28.00,28.20,291876
2017-01-03,28.30,29.17,28.25,28.52,727250
2017-01-04,28.55,28.92,28.25,28.40,294792
2017-01-05,28.65,29.38,28.50,28.95,304738
2017-01-06,29.05,29.30,28.58,28.65,161154
2017-01-09,28.65,28.70,28.27,28.40,239712
2017-01-10,28.60,28.70,27.85,28.48,202720
2017-01-11,28.48,30.50,28.48,29.62,1338448
2017-01-12,29.90,30.00,29.02,29.23,358748
2017-01-13,29.40,30.08,28.95,29.80,423400
2017-01-16,29.80,29.85,29.27,29.38,146564
2017-01-17,29.50,30.30,28.80,28.95,219182
2017-01-18,29.20,29.62,29.05,29.12,139276
2017-01-19,29.23,29.92,29.05,29.25,303240
2017-01-20,29.25,29.70,28.58,28.67,238052
2017-01-23,28.75,29.00,28.45,28.58,109104
2017-01-24,28.55,28.98,28.55,28.75,146994
2017-01-25,28.75,29.25,28.50,28.67,230376
2017-01-27,28.75,29.65,28.70,29.10,510054
2017-01-30,29.02,29.23,28.58,28.67,231442
2017-01-31,28.67,28.88,28.05,28.08,303538
2017-02-01,28.17,28.75,28.00,28.55,223298
2017-02-02,28.88,28.88,28.05,28.25,370166
2017-02-03,28.27,28.75,27.98,28.60,253024
2017-02-06,28.75,29.35,28.62,29.15,250044
2017-02-07,29.30,29.92,28.90,29.20,396526
2017-02-08,29.48,29.92,28.25,28.48,1741580
2017-02-09,27.98,28.65,27.50,27.73,599670
2017-02-10,27.92,28.27,27.62,27.73,281198
2017-02-13,27.60,28.40,27.52,27.62,307016
2017-02-14,27.75,27.83,27.25,27.42,122280
2017-02-15,27.50,27.50,26.38,26.50,213278
2017-02-16,26.70,26.73,26.05,26.27,276736
2017-02-17,26.40,27.08,26.30,26.52,239018
2017-02-20,26.55,26.92,26.33,26.67,214422
2017-02-21,26.80,28.10,26.60,27.38,1214942
2017-02-22,27.48,27.62,27.02,27.10,280228
2017-02-23,27.10,27.27,26.67,26.75,203166
2017-02-27,26.80,27.10,26.52,26.60,238432
2017-02-28,26.55,27.42,26.42,26.83,327698
2017-03-01,27.17,27.65,26.88,27.33,560958
2017-03-02,27.52,27.55,26.50,26.67,270062
2017-03-03,26.75,27.35,26.50,26.65,217186
2017-03-06,26.92,26.98,26.55,26.62,341082
2017-03-07,26.55,26.92,26.45,26.67,232306
2017-03-08,26.88,26.88,26.33,26.38,178266
2017-03-09,26.50,26.58,26.15,26.20,211918
2017-03-10,26.38,26.48,26.02,26.10,173916
2017-03-14,26.58,26.88,26.23,26.27,206740
2017-03-15,26.30,26.80,26.15,26.55,285266
2017-03-16,26.77,27.48,26.55,27.08,472050
2017-03-17,27.23,27.23,26.40,26.62,286344
2017-03-20,26.65,26.88,26.30,26.40,229308
2017-03-21,26.60,26.90,26.05,26.23,395872
2017-03-22,26.00,26.40,25.48,25.55,364690
2017-03-23,25.73,26.25,25.67,25.90,250496
2017-03-24,26.05,26.70,25.88,26.12,241958
2017-03-27,25.95,26.38,25.55,25.75,237794
2017-03-28,25.95,26.12,25.75,25.85,336576
2017-03-29,26.00,26.08,25.60,25.70,305392
2017-03-30,25.88,26.90,25.75,26.52,662408
2017-03-31,26.62,26.95,26.25,26.38,295532
2017-04-03,27.25,28.35,27.25,28.00,1775756
2017-04-05,28.42,29.20,27.98,28.88,911942
2017-04-06,28.85,29.25,28.42,28.67,396428
2017-04-07,28.58,29.75,28.33,28.80,1281760
2017-04-10,28.98,30.25,28.60,29.92,1693578
2017-04-11,30.10,30.42,29.35,29.52,667310
2017-04-12,30.52,31.10,29.85,30.48,1751798
2017-04-13,30.62,31.60,30.40,31.08,1244282
2017-04-17,31.25,31.62,30.67,31.23,764274
2017-04-18,31.38,31.75,30.15,30.27,823846
2017-04-19,30.50,30.58,30.05,30.33,318250
2017-04-20,30.50,31.35,30.15,30.42,554406
2017-04-21,30.50,32.33,30.50,31.60,1179424
2017-04-24,31.55,32.10,31.55,31.92,602432
2017-04-25,32.08,32.15,31.25,31.38,338624
2017-04-26,31.48,31.80,30.17,30.50,504502
2017-04-27,30.60,30.80,30.27,30.42,301870
2017-04-28,30.50,30.83,30.25,30.33,392662
2017-05-02,30.48,30.83,30.12,30.20,260566
2017-05-03,30.35,30.62,30.00,30.12,288602
2017-05-04,30.23,31.40,30.20,31.02,434506
2017-05-05,31.27,31.38,30.12,30.33,371254
2017-05-08,30.60,30.80,30.27,30.50,202866
2017-05-09,30.70,31.42,30.42,30.80,423842
2017-05-10,30.88,32.15,30.85,31.62,649660
2017-05-11,31.62,31.85,31.00,31.10,281662
2017-05-12,31.10,31.25,30.42,30.55,195080
2017-05-15,30.58,30.88,30.42,30.58,212956
2017-05-16,30.60,30.75,30.02,30.23,262188
2017-05-17,30.40,30.88,30.02,30.73,397410
2017-05-18,30.50,30.52,29.80,29.95,319200
2017-05-19,30.38,30.38,28.95,29.52,351192
2017-05-22,31.00,31.45,30.55,30.77,1564508
2017-05-23,31.00,31.12,29.50,29.70,546176
2017-05-24,29.95,29.95,28.50,28.83,306864
2017-05-25,29.05,30.15,28.70,29.92,287946
2017-05-26,30.15,31.50,29.92,31.08,624968
2017-05-29,31.25,32.90,30.60,31.95,1549272
2017-05-30,31.95,32.28,31.33,31.67,501876
2017-05-31,31.77,32.45,31.55,32.00,491700
2017-06-01,32.00,32.45,31.75,32.10,266610
2017-06-02,32.33,32.42,31.95,32.00,320506
2017-06-05,32.00,32.67,32.00,32.28,416200
2017-06-06,31.88,32.42,31.33,31.50,300708
2017-06-07,31.80,31.92,31.00,31.10,202924
2017-06-08,31.27,31.48,31.00,31.02,312922
2017-06-09,31.02,32.10,30.80,31.73,554746
2017-06-12,31.23,31.75,30.77,30.95,351704
2017-06-13,31.02,31.12,30.50,30.65,249136
2017-06-14,30.67,30.85,29.95,30.23,254758
2017-06-15,30.38,30.58,30.02,30.42,216438
2017-06-16,30.42,31.10,30.27,30.35,304944
2017-06-19,30.50,30.60,29.75,29.90,226810
2017-06-20,29.92,30.05,29.75,29.90,146360
2017-06-21,29.90,31.00,29.80,30.15,392472
2017-06-22,30.17,30.30,29.77,29.83,196734
2017-06-23,29.98,29.98,28.62,28.85,307348
2017-06-27,29.00,29.17,27.77,28.05,239022
2017-06-28,28.05,28.33,27.55,28.02,162278
2017-06-29,28.48,28.67,27.62,28.20,257760
2017-06-30,28.12,28.95,27.65,28.52,195790
2017-07-03,28.52,29.70,28.45,29.48,664702
2017-07-04,29.67,30.75,29.50,29.95,508702
2017-07-05,29.95,30.65,29.70,30.08,225368
2017-07-06,30.70,30.70,29.95,30.02,240428
2017-07-07,30.02,31.12,29.62,30.85,585460
2017-07-10,30.98,30.98,30.25,30.35,71078
2017-07-11,30.73,31.60,30.25,30.65,696170
2017-07-12,30.75,31.00,30.20,30.33,253194
2017-07-13,30.40,32.30,30.40,31.92,1524054
2017-07-14,31.80,32.17,30.67,30.95,590338
2017-07-17,30.95,31.15,30.48,30.65,253286
2017-07-18,30.65,31.08,29.95,30.08,531876
2017-07-19,30.25,30.70,29.90,29.98,443658
2017-07-20,30.20,30.25,29.35,29.95,433720
2017-07-21,29.95,30.12,29.12,29.60,293268
2017-07-24,29.73,30.50,29.40,30.27,693150
2017-07-25,30.38,31.23,29.92,30.55,736322
2017-07-26,30.40,31.05,30.27,30.85,455052
2017-07-27,30.85,31.25,30.02,30.10,282298
2017-07-28,29.92,30.50,29.80,30.12,239002
2017-07-31,30.17,32.00,30.12,31.62,1036968
2017-08-01,31.52,31.95,31.05,31.33,425286
2017-08-02,31.30,31.30,30.35,30.85,198930
2017-08-03,30.85,30.98,26.40,27.02,1943330
2017-08-04,27.08,27.42,26.35,26.83,864626
2017-08-07,26.83,27.35,25.40,25.77,554940
2017-08-08,25.80,25.95,24.00,24.40,705734
2017-08-09,24.30,24.30,23.40,23.45,500660
2017-08-10,23.25,23.50,22.85,23.05,200394
2017-08-11,23.88,23.88,22.50,23.02,341996
2017-08-14,22.60,23.77,22.58,23.58,160906
2017-08-16,23.50,24.20,23.27,24.05,368468
2017-08-17,24.25,24.90,24.00,24.50,348658
2017-08-18,24.00,25.48,23.83,25.15,452572
2017-08-21,25.20,25.35,24.02,24.25,186340
2017-08-22,24.25,24.50,23.30,23.85,149614
2017-08-23,24.12,24.27,23.80,23.95,113264
2017-08-24,24.10,24.25,23.60,23.92,309814
2017-08-28,24.10,24.15,23.70,23.90,154696
2017-08-29,23.92,23.98,23.58,23.62,113436
2017-08-30,23.83,23.98,23.62,23.83,96206
2017-08-31,23.83,24.80,23.65,24.33,322562
2017-09-01,24.33,24.80,24.33,24.48,193962
2017-09-04,24.85,25.73,24.62,25.05,334332
2017-09-05,25.08,25.98,25.08,25.62,437306
2017-09-06,25.62,26.23,25.33,25.60,274692
2017-09-07,25.65,25.92,23.80,24.08,596618
2017-09-08,24.17,25.58,24.15,25.10,795480
2017-09-11,25.45,26.15,25.25,25.85,524082
2017-09-12,26.05,26.48,25.73,25.85,339104
2017-09-13,25.88,27.40,25.50,26.70,1452092
2017-09-14,26.88,27.30,26.52,27.15,677676
2017-09-15,26.90,27.05,25.90,26.12,363436
2017-09-18,26.35,26.73,26.05,26.30,223930
2017-09-19,26.48,26.60,25.58,25.98,276004
2017-09-20,25.83,29.75,25.83,28.90,3042888
2017-09-21,28.95,29.40,27.52,28.95,1300618
2017-09-22,28.75,29.23,27.88,28.98,1268974
2017-09-25,29.00,29.35,26.98,27.15,508088
2017-09-26,27.42,27.67,26.55,27.33,296486
2017-09-27,27.70,27.70,25.50,26.05,350532
2017-09-28,26.10,27.45,26.10,27.05,331960
2017-09-29,27.05,29.75,26.95,28.80,1069922
2017-10-03,29.17,29.17,27.67,27.92,371352
2017-10-04,27.95,32.20,27.60,31.55,5469956
2017-10-05,31.50,31.88,29.50,30.08,1624712
2017-10-06,30.40,33.17,30.30,32.22,3267052
2017-10-09,32.25,32.35,31.08,31.42,692976
2017-10-10,31.45,34.22,31.12,33.92,3036512
2017-10-11,33.92,35.70,32.50,32.78,2828746
2017-10-12,33.20,33.97,33.05,33.30,631730
2017-10-13,33.50,35.00,33.25,33.67,1555154
2017-10-16,33.92,34.25,33.00,33.05,368970
2017-10-17,33.10,34.70,32.70,33.65,2288190
2017-10-18,33.65,34.75,33.25,33.85,1336418
2017-10-19,33.83,33.97,33.10,33.28,238548
2017-10-23,33.38,35.45,33.30,34.22,1465358
2017-10-24,34.40,35.17,33.90,34.05,815054
2017-10-25,34.33,35.50,33.85,35.17,1766706
2017-10-26,35.17,37.00,34.83,35.25,1639768
2017-10-27,35.40,37.45,34.17,36.55,2746910
2017-10-30,37.00,37.00,36.28,36.33,1002886
2017-10-31,36.65,37.95,35.35,37.35,2417932
2017-11-01,37.80,38.30,36.90,37.20,2516916
2017-11-02,37.30,37.60,36.28,36.35,515144
2017-11-03,36.50,38.90,36.35,37.45,6672656
2017-11-06,37.40,39.72,37.08,38.95,2851354
2017-11-07,39.40,42.70,39.33,41.97,6435992
2017-11-08,41.97,42.35,35.60,36.15,3928678
2017-11-09,36.00,38.20,35.70,37.15,2206750
2017-11-10,37.12,37.50,36.10,36.38,594484
2017-11-13,36.12,36.62,34.55,34.72,560646
2017-11-14,34.95,35.50,33.00,34.80,927820
2017-11-15,35.15,36.50,34.40,35.00,2262090
2017-11-16,35.20,37.40,35.20,36.75,1869122
2017-11-17,37.12,38.45,36.62,37.12,1907052
2017-11-20,37.22,39.62,36.90,39.15,3239594
2017-11-21,39.50,39.75,38.22,38.78,957736
2017-11-22,38.97,40.35,38.85,39.47,1743996
2017-11-23,39.50,40.40,37.00,37.75,1561168
2017-11-24,38.00,39.12,37.78,38.85,1453278
2017-11-27,38.50,40.35,37.50,38.55,1881386
2017-11-28,38.95,39.72,38.62,38.92,643782
2017-11-29,39.00,41.67,39.00,39.75,5752656
2017-11-30,39.53,41.25,39.00,40.03,1988840
2017-12-01,40.38,43.83,40.38,41.83,6383682
2017-12-04,42.10,44.40,41.00,42.35,3636950
2017-12-05,42.25,43.40,41.25,42.97,1666690
2017-12-06,42.70,46.10,42.38,43.78,5039790
2017-12-07,44.08,46.67,44.00,46.12,5321102
2017-12-08,46.28,48.17,45.40,46.85,4334072
2017-12-11,47.05,48.70,46.15,47.88,3845320
2017-12-12,47.70,48.85,47.05,47.40,2371348
2017-12-13,47.25,47.80,43.92,44.53,2356714
2017-12-14,44.75,45.38,42.65,44.12,2035774
2017-12-15,45.00,46.65,44.65,45.53,1762506
2017-12-18,45.45,46.70,42.80,45.47,1881270
2017-12-19,45.85,47.85,45.42,47.47,2363610
2017-12-20,47.67,56.23,47.53,55.27,13143128
2017-12-21,55.75,56.75,53.15,53.65,5036286
2017-12-22,53.70,56.65,52.77,54.77,4987420
2017-12-26,55.00,55.08,52.88,53.15,1714254
2017-12-27,53.50,53.50,50.30,51.25,1761730
2017-12-28,51.75,53.70,51.33,52.10,2040666
2017-12-29,52.50,53.17,51.12,51.45,1388430
2018-01-01,51.48,53.77,50.83,52.45,2544394
2018-01-02,52.98,54.70,51.70,52.42,3948744
2018-01-03,52.80,54.85,52.75,54.17,2748518
2018-01-04,54.55,54.90,53.20,53.92,2670162
2018-01-05,54.12,54.42,51.80,52.48,2236742
2018-01-08,52.80,54.00,51.55,51.65,2082496
2018-01-09,52.02,53.98,51.88,52.35,1926498
2018-01-10,52.62,53.48,51.42,51.88,1437476
2018-01-11,51.98,53.67,51.77,52.35,1425034
2018-01-12,52.55,52.83,50.77,51.12,854702
2018-01-15,51.95,52.50,50.20,50.38,1123748
2018-01-16,50.67,50.98,47.80,48.22,1544324
2018-01-17,48.28,48.28,46.40,46.78,1740754
2018-01-18,47.28,47.70,43.58,44.22,1142444
2018-01-19,44.22,46.75,43.30,46.00,1598816
2018-01-22,46.00,46.85,44.30,46.53,1532866
2018-01-23,46.53,50.65,46.25,49.40,4213160
2018-01-24,49.15,49.85,47.62,47.85,1398704
2018-01-25,47.70,47.80,46.08,46.80,810706
2018-01-29,47.33,47.38,44.05,44.83,516542
2018-01-30,44.75,46.60,43.33,45.80,1241156
2018-01-31,45.80,47.12,44.85,45.00,1293620
2018-02-01,45.47,45.47,42.62,43.83,715822
2018-02-02,43.00,44.35,39.40,39.92,1711056
2018-02-05,39.00,42.90,37.65,42.33,1320748
2018-02-06,40.50,42.40,38.25,40.30,1095758
2018-02-07,40.88,43.00,40.88,41.67,814474
2018-02-08,42.35,43.12,41.40,42.03,1242630
2018-02-09,40.95,41.88,40.33,41.17,951224
2018-02-12,41.50,43.90,41.50,43.45,1262448
2018-02-14,43.83,45.78,43.30,44.45,1437804
2018-02-15,44.60,45.65,42.60,42.92,1049300
2018-02-16,43.38,43.85,40.92,41.30,623958
2018-02-19,41.47,41.75,39.38,40.25,625668
2018-02-20,39.80,41.45,39.70,40.58,869230
2018-02-21,41.00,41.92,40.33,41.00,1136342
2018-02-22,41.10,41.60,40.50,41.00,452216
2018-02-23,40.75,45.85,40.75,45.20,2841284
2018-02-26,45.28,45.75,44.08,44.42,845090
2018-02-27,44.50,44.72,43.20,43.55,528772
2018-02-28,43.00,44.65,41.80,44.25,675922
2018-03-01,44.25,46.50,43.50,44.35,1545122
2018-03-05,44.03,44.45,42.75,42.88,429578
2018-03-06,43.12,43.88,41.28,41.60,503318
2018-03-07,41.28,41.78,40.05,40.25,541418
2018-03-08,40.83,41.75,39.10,40.03,626956
2018-03-09,40.58,40.92,39.75,39.97,361300
2018-03-12,40.92,41.50,39.70,40.28,394842
2018-03-13,40.12,41.25,40.10,40.78,711252
2018-03-14,40.20,40.78,39.40,40.55,571290
2018-03-15,41.00,41.97,39.60,41.12,647774
2018-03-16,41.12,42.35,40.35,40.67,583884
2018-03-19,40.67,41.22,39.05,39.60,386588
2018-03-20,39.03,39.80,38.80,39.00,416608
2018-03-21,39.03,39.95,38.38,38.60,412848
2018-03-22,39.03,39.33,37.25,37.55,566884
2018-03-23,37.00,37.00,34.75,35.33,923816
2018-03-26,35.05,36.38,34.70,36.10,600286
2018-03-27,37.00,38.58,36.15,38.10,632292
2018-03-28,37.75,39.30,36.80,38.80,1151398
2018-04-02,37.97,40.25,37.97,39.70,408124
2018-04-03,39.50,41.88,39.12,41.47,1019524
2018-04-04,41.75,42.12,39.50,39.67,551746
2018-04-05,40.40,41.00,40.00,40.40,386444
2018-04-06,40.50,41.12,39.80,40.20,404168
2018-04-09,40.50,42.55,39.70,41.58,1782650
2018-04-10,41.55,43.00,41.28,42.30,1380012
2018-04-11,42.15,42.15,41.55,41.78,264904
2018-04-12,41.85,43.20,41.10,41.90,1347546
2018-04-13,42.10,42.50,41.55,42.25,816452
2018-04-16,41.62,42.45,41.25,41.58,319210
2018-04-17,41.85,42.83,41.47,41.85,488064
2018-04-18,42.20,42.72,41.45,41.67,554594
2018-04-19,42.00,43.60,41.65,42.83,1119064
2018-04-20,42.75,44.33,42.55,42.92,1501574
2018-04-23,42.92,43.00,42.15,42.28,365556
2018-04-24,42.58,42.58,41.60,41.83,243352
2018-04-25,41.50,41.97,40.97,41.15,282788
2018-04-26,41.75,41.75,40.60,40.80,617066
2018-04-27,41.05,41.30,40.03,40.67,408760
2018-04-30,41.72,42.15,41.00,41.88,436716
2018-05-02,41.95,42.75,40.75,41.35,626560
2018-05-03,41.25,41.45,39.38,39.97,517814
2018-05-04,39.97,41.70,39.55,40.88,505318
2018-05-07,41.83,41.85,38.75,39.17,917392
2018-05-08,39.08,39.45,37.28,37.47,707822
2018-05-09,37.47,38.28,37.38,37.55,320196
2018-05-10,37.90,38.03,35.88,36.17,300024
2018-05-11,36.17,36.45,35.00,35.40,370262
2018-05-14,35.50,35.97,35.05,35.33,236066
2018-05-15,35.00,35.95,34.42,34.70,400078
2018-05-16,34.53,34.95,34.35,34.67,196090
2018-05-17,34.85,34.97,34.30,34.70,180284
2018-05-18,34.75,35.42,33.12,33.55,438936
2018-05-21,33.00,33.70,31.12,31.60,310172
2018-05-22,31.65,32.10,30.70,31.48,447832
2018-05-23,31.83,31.88,30.62,31.25,195544
2018-05-24,31.67,31.67,30.25,31.00,236128
2018-05-25,30.60,31.92,30.60,31.60,349834
2018-05-28,31.83,36.95,31.83,35.88,1411058
2018-05-29,35.50,35.97,34.53,34.90,397880
2018-05-30,34.47,35.75,34.28,34.78,288014
2018-05-31,34.90,35.45,34.12,34.40,213054
2018-06-01,34.03,34.40,32.65,32.92,269462
2018-06-04,33.00,33.90,32.15,32.33,208308
2018-06-05,32.60,32.60,30.75,31.05,329516
2018-06-06,31.33,33.45,30.75,32.20,1652074
2018-06-07,32.17,33.90,32.08,33.08,362560
2018-06-08,32.53,33.50,32.47,32.85,252496
2018-06-11,32.65,33.42,32.40,32.53,348326
2018-06-12,32.75,34.97,32.25,34.22,811016
2018-06-13,34.00,34.88,32.80,33.03,268760
2018-06-14,33.05,33.33,32.83,33.20,114000
2018-06-15,33.00,33.42,32.60,32.95,304362
2018-06-18,33.00,33.35,32.25,32.53,154472
2018-06-19,32.97,32.97,31.52,31.92,169274
2018-06-20,32.28,32.47,31.90,32.17,153168
2018-06-21,32.65,32.67,31.45,31.73,248686
2018-06-22,31.95,31.95,31.25,31.42,171138
2018-06-25,31.50,31.62,31.10,31.20,94858
2018-06-26,31.08,32.35,30.75,31.33,342594
2018-06-27,31.20,31.55,29.12,29.30,344990
2018-06-28,29.30,29.67,28.50,28.65,163034
2018-06-29,29.00,29.50,28.38,28.80,266566
2018-07-02,29.05,29.05,27.75,27.92,204844
2018-07-03,27.92,28.90,27.83,28.42,945940
2018-07-04,28.38,28.90,27.75,27.90,141298
2018-07-05,27.92,28.27,27.58,27.90,218846
2018-07-06,27.67,29.40,27.50,28.98,337448
2018-07-09,29.40,30.15,29.10,29.70,278592
2018-07-10,30.00,30.98,29.80,30.75,311652
2018-07-11,31.00,31.00,30.00,30.08,751746
2018-07-12,30.02,30.50,29.05,29.35,197290
2018-07-13,29.70,29.70,28.40,28.65,136904
2018-07-16,28.25,29.17,27.80,28.10,254526
2018-07-17,27.90,29.48,27.88,28.95,240846
2018-07-18,28.67,29.25,27.83,28.05,223904
2018-07-19,28.12,28.48,27.25,28.20,339940
2018-07-20,28.42,28.95,27.88,28.70,174914
2018-07-23,28.52,28.77,28.00,28.55,115500
2018-07-24,28.75,30.23,28.30,29.50,297262
2018-07-25,29.67,31.20,29.25,30.75,321536
2018-07-26,30.83,31.23,30.45,30.65,196116
2018-07-27,30.95,31.42,30.65,30.77,209850
2018-07-30,30.80,31.42,30.80,31.17,208112
2018-07-31,31.17,32.40,31.05,31.83,354234
2018-08-01,32.08,32.95,31.00,31.83,492894
2018-08-02,33.17,36.75,32.22,36.22,4586166
2018-08-03,36.40,36.40,34.88,35.28,748158
2018-08-06,34.85,35.70,34.15,34.47,315476
2018-08-07,34.62,34.62,33.25,33.80,433580
2018-08-08,34.00,34.88,33.65,34.20,413904
2018-08-09,33.65,35.25,33.65,34.20,890636
2018-08-10,34.03,34.38,32.80,33.05,228836
2018-08-13,32.50,33.92,32.25,32.92,331244
2018-08-14,32.97,34.30,32.58,33.05,218744
2018-08-16,32.78,34.75,32.78,33.60,424226
2018-08-17,33.72,33.95,33.28,33.47,182594
2018-08-20,33.80,34.05,33.05,33.35,140780
2018-08-21,33.67,34.92,33.28,34.42,337286
2018-08-23,34.85,35.35,34.12,34.28,544190
2018-08-24,34.30,34.47,33.50,33.80,175794
2018-08-27,34.00,34.40,33.20,33.38,156282
2018-08-28,33.53,33.58,31.98,32.38,661380
2018-08-29,32.17,32.28,31.42,31.60,225810
2018-08-30,31.50,32.70,31.50,32.20,174478
2018-08-31,32.25,32.42,31.83,32.12,103862
2018-09-03,32.42,32.95,32.12,32.38,255882
2018-09-04,32.17,32.62,30.95,31.12,399842
2018-09-05,30.77,31.42,30.52,31.10,143658
2018-09-06,31.58,31.58,30.85,30.98,127238
2018-09-07,30.98,31.98,30.80,31.62,138584
2018-09-10,31.65,32.25,31.00,31.58,181838
2018-09-11,31.52,31.80,31.00,31.05,98792
2018-09-12,31.30,31.30,30.50,30.67,97894
2018-09-14,30.80,31.25,30.60,30.90,123526
2018-09-17,30.60,32.53,30.60,31.73,299226
2018-09-18,32.12,32.40,30.95,31.77,346688
2018-09-19,31.92,31.92,30.90,31.00,240778
2018-09-21,31.08,31.10,30.10,30.38,278998
2018-09-24,30.30,30.52,28.02,28.33,216216
2018-09-25,28.50,28.75,27.67,27.85,266048
2018-09-26,28.12,28.60,27.50,27.80,328128
2018-09-27,27.70,28.23,27.35,27.48,93384
2018-09-28,27.48,27.48,26.10,26.80,159902
2018-10-01,26.50,27.00,24.50,26.12,326650
2018-10-03,25.50,26.75,25.40,26.40,105718
2018-10-04,26.00,26.23,24.85,25.00,471418
2018-10-05,25.25,25.40,24.75,25.00,373282
2018-10-08,25.38,25.50,24.50,25.05,414566
2018-10-09,25.15,26.40,24.88,25.05,423158
2018-10-10,25.08,25.90,25.00,25.67,178074
2018-10-11,25.15,26.92,24.17,25.58,571012
2018-10-12,26.45,26.95,25.77,26.35,93472
2018-10-15,26.77,28.10,26.25,26.92,1189360
2018-10-16,27.02,27.70,27.00,27.42,172140
2018-10-17,28.33,28.33,24.15,25.33,504254
2018-10-19,25.38,25.83,24.90,25.35,136696
2018-10-22,25.35,26.10,25.25,25.55,79100
2018-10-23,25.30,25.45,24.25,24.83,146274
2018-10-24,25.25,25.60,24.83,25.05,118320
2018-10-25,24.20,25.00,24.20,24.85,127082
2018-10-26,24.77,25.30,24.55,25.17,95282
2018-10-29,25.35,26.00,24.98,25.88,143212
2018-10-30,26.00,27.25,25.67,27.05,174068
2018-10-31,27.00,27.55,26.40,27.17,115578
2018-11-01,27.35,32.42,27.35,31.73,2165940
2018-11-02,31.75,32.97,29.50,29.88,573608
2018-11-05,30.02,30.38,29.20,29.60,146974
2018-11-06,29.85,30.30,29.00,29.70,181804
2018-11-07,30.00,30.35,29.98,30.10,39144
2018-11-09,30.17,30.92,29.70,30.12,143520
2018-11-12,30.40,30.40,28.77,28.95,117406
2018-11-13,28.80,28.90,28.33,28.65,77698
2018-11-14,28.62,28.75,28.00,28.10,98680
2018-11-15,27.90,28.70,27.80,28.17,131298
2018-11-16,28.12,28.12,27.40,27.73,124516
2018-11-19,27.55,27.90,27.00,27.60,153090
2018-11-20,27.27,27.85,27.00,27.27,102534
2018-11-21,26.70,30.45,26.70,29.05,534432
2018-11-22,28.92,29.90,27.92,28.08,118910
2018-11-26,28.25,29.90,27.58,29.30,251274
2018-11-27,29.00,29.90,28.62,29.17,219698
2018-11-28,29.02,29.27,27.73,27.88,184092
2018-11-29,28.10,28.45,27.38,28.25,157306
2018-11-30,28.48,29.20,28.10,28.83,137510
2018-12-03,29.00,29.75,28.33,29.45,141150
2018-12-04,29.25,29.88,28.90,29.60,103916
2018-12-05,29.17,29.83,28.83,29.17,117876
2018-12-06,29.25,29.65,28.38,28.62,187236
2018-12-07,28.65,29.12,28.25,28.48,100968
2018-12-10,28.17,28.55,26.92,28.33,198550
2018-12-11,28.00,29.05,28.00,28.92,138184
2018-12-12,29.23,30.58,28.55,29.83,209500
2018-12-13,29.58,31.40,29.58,30.98,333162
2018-12-14,31.25,33.08,30.50,32.42,720414
2018-12-17,33.00,33.15,31.05,31.55,372188
2018-12-18,31.25,33.85,30.85,33.60,559564
2018-12-19,33.72,34.25,32.70,33.33,426486
2018-12-20,33.80,35.00,33.03,34.40,538576
2018-12-21,34.20,34.67,33.50,33.90,195748
2018-12-24,34.25,35.40,33.75,34.35,299286
2018-12-26,34.17,34.33,33.55,34.17,112790
2018-12-27,34.00,34.92,33.38,34.03,186112
2018-12-28,34.03,35.33,33.85,34.85,189564
2018-12-31,34.80,35.65,34.60,35.05,167064
2019-01-01,35.05,35.22,34.10,34.80,109978
2019-01-02,34.53,35.08,33.55,34.15,173320
2019-01-03,34.00,34.28,32.62,33.10,111966
2019-01-04,33.10,33.55,32.78,33.33,147136
2019-01-07,33.25,33.97,32.90,33.05,144682
2019-01-08,32.92,33.72,32.60,33.45,60494
2019-01-09,33.53,33.80,32.78,33.05,87374
2019-01-10,32.88,33.35,32.80,32.95,73536
2019-01-11,33.50,37.50,32.78,36.05,644112
2019-01-14,35.92,37.30,35.70,36.38,397646
2019-01-15,36.50,36.53,36.05,36.10,133222
2019-01-16,36.12,37.30,35.83,36.03,274378
2019-01-17,36.05,36.08,35.72,35.75,54876
2019-01-18,35.83,35.95,34.75,34.85,80116
2019-01-21,34.83,34.83,33.88,34.45,272172
2019-01-22,34.28,34.28,33.33,33.60,86510
2019-01-23,33.62,34.50,33.47,33.72,91962
2019-01-24,33.75,33.97,33.28,33.35,52662
2019-01-25,33.30,34.00,32.65,32.78,106150
2019-01-28,32.00,32.38,30.00,30.90,1229494
2019-01-29,30.75,30.95,29.67,30.25,99444
2019-01-30,30.50,31.00,30.05,30.60,53922
2019-01-31,30.88,33.15,30.88,32.90,217672
2019-02-01,32.65,33.78,31.55,32.85,231590
2019-02-04,32.67,32.67,31.00,31.33,67836
2019-02-05,31.75,31.75,30.70,30.83,58242
2019-02-06,30.30,31.62,30.25,30.92,131164
2019-02-07,31.45,33.25,30.90,32.10,196344
2019-02-08,31.50,31.50,30.10,30.75,122880
2019-02-11,30.83,31.23,28.35,28.83,129108
2019-02-12,28.92,29.23,28.50,28.75,78104
2019-02-13,28.75,29.35,26.15,27.33,293768
2019-02-14,27.33,27.83,26.55,27.50,131666
2019-02-15,27.40,27.50,26.75,27.30,107484
2019-02-18,27.50,27.65,26.33,27.08,99766
2019-02-19,27.00,28.00,26.88,27.50,104956
2019-02-20,27.75,27.95,26.75,27.48,74114
2019-02-21,27.30,29.00,27.10,28.75,131086
2019-02-22,28.52,30.20,28.35,29.30,152682
2019-02-25,29.25,29.88,29.02,29.35,66398
2019-02-26,28.33,29.35,26.98,28.27,213522
2019-02-27,28.17,29.75,28.17,29.08,138846
2019-02-28,28.77,29.38,28.58,28.75,38860
2019-03-01,28.77,29.80,28.67,29.48,128062
2019-03-05,29.45,31.10,28.83,31.00,513854
2019-03-06,31.38,33.95,31.00,33.45,699524
2019-03-07,33.25,34.20,32.55,33.53,315258
2019-03-08,33.25,35.00,32.88,33.30,562914
2019-03-11,33.83,33.90,33.10,33.15,75660
2019-03-12,33.50,33.88,32.00,32.30,190100
2019-03-13,32.00,32.85,31.67,32.05,139086
2019-03-14,32.05,33.20,31.50,31.77,144434
2019-03-15,32.30,32.78,31.52,31.70,203632
2019-03-18,32.25,32.25,31.02,31.48,83444
2019-03-19,31.62,31.75,31.35,31.48,56566
2019-03-20,31.65,34.00,30.67,33.12,508348
2019-03-22,33.58,34.47,33.10,33.35,436092
2019-03-25,33.25,33.25,31.33,31.75,153946
2019-03-26,31.67,32.50,30.90,31.35,167716
2019-03-27,31.92,32.40,31.35,31.62,143680
2019-03-28,31.88,32.35,31.55,31.77,178242
2019-03-29,31.85,32.40,31.25,31.50,345532
2019-04-01,32.15,32.17,31.65,31.95,119646
2019-04-02,32.10,32.10,31.50,31.55,70394
2019-04-03,31.92,33.12,31.50,31.65,549864
2019-04-04,31.40,31.92,31.02,31.20,96722
2019-04-05,31.50,31.70,30.75,30.98,127856
2019-04-08,31.27,31.52,30.67,30.77,92206
2019-04-09,31.00,31.00,30.20,30.38,110260
2019-04-10,30.50,31.00,30.05,30.40,73198
2019-04-11,30.67,30.75,30.08,30.15,68636
2019-04-12,30.15,30.60,30.12,30.30,161754
2019-04-15,30.58,32.22,30.25,32.03,1948760
2019-04-16,32.30,33.10,31.88,32.40,471920
2019-04-18,32.70,32.70,31.50,31.60,130262
2019-04-22,31.40,31.40,30.20,30.35,112018
2019-04-23,30.50,30.80,29.60,29.92,133210
2019-04-24,30.12,30.42,29.95,30.08,95396
2019-04-25,30.60,30.60,29.60,29.73,126000
2019-04-26,30.25,30.25,29.25,29.50,48166
2019-04-30,29.92,29.98,28.75,29.05,1129212
2019-05-02,28.75,29.38,27.70,27.85,201440
2019-05-03,27.77,28.20,27.35,27.45,185352
2019-05-06,27.02,27.80,26.95,27.48,207980
2019-05-07,27.83,28.92,27.60,28.60,189986
2019-05-08,28.30,28.33,26.77,26.95,184798
2019-05-09,27.02,27.30,25.55,25.95,161804
2019-05-10,26.02,26.40,25.38,25.55,312568
2019-05-13,26.00,26.00,24.42,24.83,169304
2019-05-14,24.02,25.15,24.02,24.33,191824
2019-05-15,24.45,27.25,24.10,24.25,303908
2019-05-16,24.70,24.70,24.12,24.42,79824
2019-05-17,24.30,26.48,24.00,24.33,137980
2019-05-20,25.00,25.95,24.92,25.02,254076
2019-05-21,25.65,25.65,24.85,24.95,170312
2019-05-22,25.42,25.42,24.65,24.98,53578
2019-05-23,25.45,25.90,25.00,25.10,104982
2019-05-24,25.20,25.83,24.85,25.62,310342
2019-05-27,25.27,27.95,25.27,27.33,1291614
2019-05-28,27.70,28.25,26.40,27.38,545548
2019-05-29,27.67,27.67,27.00,27.15,210330
2019-05-30,27.00,28.30,26.50,26.98,230858
2019-05-31,27.02,27.08,26.50,26.58,97842
2019-06-03,26.52,26.80,26.00,26.08,128474
2019-06-04,26.23,26.33,25.75,25.90,89268
2019-06-06,25.95,25.95,25.12,25.23,69754
2019-06-07,25.30,26.40,24.58,24.80,221220
2019-06-10,24.65,25.38,24.20,24.42,119172
2019-06-11,24.50,24.92,24.05,24.62,172684
2019-06-12,24.85,24.90,24.40,24.60,42688
2019-06-13,24.38,24.75,24.05,24.48,47504
2019-06-14,24.27,24.55,23.65,23.77,108826
2019-06-17,24.40,24.50,23.73,23.80,211698
2019-06-18,23.73,24.23,23.52,23.65,81110
2019-06-19,23.50,23.98,22.58,22.80,119134
2019-06-20,22.77,23.45,22.00,23.30,55564
2019-06-21,23.20,23.62,22.50,22.88,101654
2019-06-24,22.67,23.25,22.35,22.60,65802
2019-06-25,22.50,22.67,22.33,22.45,53598
2019-06-26,22.38,22.62,22.15,22.40,75460
2019-06-27,22.40,23.58,22.40,22.98,105802
2019-06-28,22.92,23.67,22.58,23.15,117842
2019-07-01,23.05,23.50,22.95,23.17,38060
2019-07-02,23.00,23.75,23.00,23.20,78472
2019-07-03,23.12,23.62,23.10,23.20,81806
2019-07-04,23.40,23.92,23.05,23.15,69700
2019-07-05,23.05,23.40,22.70,22.85,54404
2019-07-08,22.75,22.75,22.00,22.05,80380
2019-07-09,22.05,22.50,22.02,22.20,67532
2019-07-10,22.10,22.38,21.55,21.67,81960
2019-07-11,21.60,21.88,21.35,21.65,173058
2019-07-12,21.55,21.80,21.08,21.25,73956
2019-07-15,21.25,21.42,21.12,21.33,53136
2019-07-16,21.25,21.62,21.08,21.23,79432
2019-07-17,21.12,21.35,20.45,21.02,133802
2019-07-18,20.75,21.08,20.10,20.20,63324
2019-07-19,20.90,20.90,19.25,19.50,232836
2019-07-22,19.50,19.50,18.95,19.27,58270
2019-07-23,19.25,19.55,18.88,19.23,55506
2019-07-24,18.98,19.50,18.98,19.25,93096
2019-07-25,19.33,19.85,19.27,19.45,44646
2019-07-26,19.48,21.00,19.38,20.12,89484
2019-07-29,19.85,19.85,18.38,18.62,102216
2019-07-30,18.50,19.50,14.90,15.73,828326
2019-07-31,16.25,16.25,15.32,15.52,157102
2019-08-01,15.50,15.57,14.75,14.80,100358
2019-08-02,14.80,14.95,12.27,13.77,487216
2019-08-05,14.25,14.25,13.27,13.45,144450
2019-08-06,13.43,14.25,13.43,13.82,174788
2019-08-07,14.48,14.48,12.93,13.98,92946
2019-08-08,14.00,14.75,13.77,14.52,54420
2019-08-09,14.98,15.57,14.38,15.50,122770
2019-08-13,15.50,15.75,14.85,14.98,53734
2019-08-14,15.45,15.45,14.62,15.20,1075162
2019-08-16,15.20,16.00,15.00,15.25,91636
2019-08-19,15.25,15.32,14.45,14.52,1056442
2019-08-20,14.50,14.90,14.38,14.45,33518
2019-08-21,14.45,14.77,14.20,14.45,69166
2019-08-22,14.40,14.62,13.95,14.02,68670
2019-08-23,14.00,14.38,13.93,14.00,78972
2019-08-26,14.18,14.45,13.90,14.00,62436
2019-08-27,14.12,14.65,13.75,14.60,91662
2019-08-28,14.80,15.40,14.80,15.00,82744
2019-08-29,15.15,15.27,14.25,14.80,92624
2019-08-30,14.93,15.30,14.25,14.95,102026
2019-09-03,14.82,16.42,14.77,15.18,26022
2019-09-04,15.07,15.35,14.93,15.15,22150
2019-09-05,16.30,16.65,16.30,16.65,164662
2019-09-06,17.40,18.20,16.75,16.92,514400
2019-09-09,17.52,17.52,16.55,16.88,75780
2019-09-11,16.83,17.50,16.48,17.00,636254
2019-09-12,17.20,17.55,16.80,16.88,153456
2019-09-13,16.88,16.90,16.33,16.42,190130
2019-09-16,16.20,16.50,15.90,16.33,143656
2019-09-17,16.40,16.40,15.77,15.98,91390
2019-09-18,16.08,16.35,16.00,16.08,159506
2019-09-19,16.20,16.20,15.80,15.90,46508
2019-09-20,15.85,16.50,15.45,16.35,175614
2019-09-23,16.85,16.85,16.38,16.58,365094
2019-09-24,16.58,18.20,16.58,18.08,322364
2019-09-25,17.52,18.90,17.52,18.35,477572
2019-09-26,18.42,18.75,18.15,18.30,120180
2019-09-27,18.30,18.48,18.00,18.25,85780
2019-09-30,18.25,18.40,16.42,16.95,102964
2019-10-01,17.00,17.02,15.90,16.02,66814
2019-10-03,15.60,16.15,15.60,15.82,39188
2019-10-04,16.05,16.05,14.75,14.93,130018
2019-10-07,15.12,15.30,14.40,14.55,63480
2019-10-09,14.43,15.00,14.38,14.95,43510
2019-10-10,14.65,15.00,14.65,14.93,17630
2019-10-11,14.60,14.85,14.38,14.50,38296
2019-10-14,14.35,14.98,14.05,14.30,57930
2019-10-15,14.90,16.25,14.07,14.57,27392
2019-10-16,14.52,14.88,14.25,14.40,35460
2019-10-17,14.90,15.00,14.15,14.85,47048
2019-10-18,15.00,16.00,15.00,15.82,136944
2019-10-22,16.00,16.98,15.90,16.12,184522
2019-10-23,16.12,16.50,15.75,15.90,72926
2019-10-24,15.65,16.00,15.35,15.52,42914
2019-10-25,15.20,16.20,15.05,16.02,109124
2019-10-29,16.12,16.70,15.50,15.88,75726
2019-10-30,16.17,16.75,15.88,16.17,105570
2019-10-31,16.20,17.17,16.05,16.88,142252
2019-11-01,17.25,18.75,17.00,18.55,321896
2019-11-04,18.70,19.80,18.20,19.62,288496
2019-11-05,19.62,20.05,18.25,18.70,233468
2019-11-06,18.10,19.50,18.10,19.12,106392
2019-11-07,19.40,19.88,18.58,19.23,83916
2019-11-08,19.08,19.73,18.25,18.38,88826
2019-11-11,18.12,18.73,17.60,17.67,125170
2019-11-13,17.90,18.75,17.50,17.85,105668
2019-11-14,18.08,18.08,17.48,17.52,56868
2019-11-15,17.50,17.95,17.15,17.38,62540
2019-11-18,17.12,17.55,17.00,17.12,66138
2019-11-19,17.20,17.50,16.58,16.70,67252
2019-11-20,16.80,17.40,16.60,16.73,111846
2019-11-21,16.73,17.00,16.40,16.58,44032
2019-11-22,16.50,16.77,16.27,16.40,50992
2019-11-25,16.25,16.85,16.17,16.50,52584
2019-11-26,16.92,17.17,16.42,16.55,129106
2019-11-27,16.88,17.02,16.60,16.75,64858
2019-11-28,16.50,16.75,16.10,16.23,140418
2019-11-29,16.17,17.50,16.00,17.20,409800
2019-12-02,17.40,17.92,17.00,17.10,334384
2019-12-03,17.17,17.23,16.27,16.38,101828
2019-12-04,16.27,16.70,16.25,16.38,78798
2019-12-05,16.60,16.75,16.27,16.38,53506
2019-12-06,16.52,16.60,15.77,15.82,97174
2019-12-09,15.60,16.30,15.32,15.48,60932
2019-12-10,15.50,15.50,15.00,15.05,58312
2019-12-11,15.48,15.48,14.50,14.60,64724
2019-12-12,14.52,14.98,14.32,14.77,108836
2019-12-13,14.77,15.48,14.50,15.35,112040
2019-12-16,15.45,15.45,14.93,15.00,41892
2019-12-17,15.00,16.70,14.88,16.58,336118
2019-12-18,16.60,16.67,15.90,16.10,128482
2019-12-19,16.15,16.95,15.98,16.55,174238
2019-12-20,16.83,17.55,16.58,17.45,414618
2019-12-23,17.70,17.70,17.00,17.42,162224
2019-12-24,17.42,17.65,16.80,16.88,64800
2019-12-26,16.75,17.85,16.75,17.60,162222
2019-12-27,17.73,18.20,17.52,17.95,157446
2019-12-30,17.52,18.10,17.52,17.73,52202
2019-12-31,17.88,19.05,17.75,18.35,316444
2020-01-01,18.38,18.85,18.02,18.30,96136
2020-01-02,18.45,18.65,17.50,18.33,152130
2020-01-03,18.45,18.92,18.00,18.15,122028
2020-01-06,18.00,18.00,16.50,16.85,107346
2020-01-07,16.85,17.50,16.85,16.95,69742
2020-01-08,16.90,20.00,16.50,19.45,968052
2020-01-09,20.20,20.50,18.98,19.58,731142
2020-01-10,19.60,19.80,19.00,19.20,184988
2020-01-13,19.05,19.62,19.00,19.25,120774
2020-01-14,19.73,19.90,19.35,19.50,134868
2020-01-15,19.85,20.67,19.33,20.38,346922
2020-01-16,20.73,21.40,20.38,21.05,342470
2020-01-17,21.12,21.85,20.88,21.42,290032
2020-01-20,21.50,21.80,20.25,20.48,167696
2020-01-21,20.02,20.48,18.45,18.62,359034
2020-01-22,18.95,19.27,18.62,18.92,231674
2020-01-23,19.00,19.62,19.00,19.42,176138
2020-01-24,19.80,20.00,19.20,19.80,134956
2020-01-27,19.65,19.75,19.50,19.62,95208
2020-01-28,19.48,19.75,18.80,19.17,101304
2020-01-29,19.60,19.60,19.00,19.00,84988
2020-01-30,19.00,19.20,18.62,18.67,48702
2020-01-31,18.52,21.48,18.52,20.02,1223156
2020-02-01,20.00,20.25,18.27,19.00,143042
2020-02-03,18.75,19.35,18.27,18.92,133284
2020-02-04,19.70,19.80,19.00,19.15,118240
2020-02-05,19.23,19.75,19.12,19.20,82504
2020-02-06,19.00,19.00,18.50,18.73,168344
2020-02-07,19.40,19.42,18.35,18.52,121660
2020-02-10,18.85,18.92,18.17,18.30,72584
2020-02-11,18.35,18.60,17.50,17.58,114112
2020-02-12,17.75,18.35,17.70,17.90,74486
2020-02-13,17.75,17.90,17.02,17.25,118530
2020-02-14,17.08,17.30,16.58,16.80,146182
2020-02-17,16.75,16.95,16.02,16.27,99884
2020-02-18,16.15,16.50,15.40,16.25,98624
2020-02-19,16.23,17.00,16.23,16.55,75438
2020-02-20,16.62,16.95,16.25,16.38,35772
2020-02-24,16.38,16.38,15.52,15.70,65762
2020-02-25,15.52,15.90,15.00,15.38,59680
2020-02-26,15.25,15.60,14.40,14.62,216650
2020-02-27,14.85,14.85,14.02,14.50,121554
2020-02-28,14.45,14.45,13.55,14.30,105090
2020-03-02,14.40,15.00,13.60,13.95,56598
2020-03-03,14.43,14.50,13.50,14.27,103640
2020-03-04,14.15,14.45,13.62,13.90,71570
2020-03-05,13.60,14.25,13.50,14.02,324066
2020-03-06,13.62,14.00,13.30,13.82,87484
2020-03-09,13.00,13.80,13.00,13.18,75358
2020-03-11,13.50,13.50,13.07,13.18,308562
2020-03-12,12.30,13.15,12.00,12.20,187938
2020-03-13,10.32,12.50,9.77,11.95,193848
2020-03-16,11.95,12.25,10.75,11.32,162518
2020-03-17,11.32,12.18,11.02,11.57,218094
2020-03-18,11.57,12.23,9.82,10.02,400212
2020-03-19,10.45,10.45,9.05,9.70,261556
2020-03-20,9.70,11.50,9.70,10.18,130090
2020-03-23,9.75,9.98,8.43,8.75,213762
2020-03-24,8.77,9.43,8.18,8.55,164094
2020-03-25,8.23,8.88,8.10,8.60,67282
2020-03-26,8.15,9.45,8.15,9.10,120138
2020-03-27,9.48,9.62,9.25,9.38,113834
2020-03-30,9.25,9.35,9.00,9.20,41152
2020-03-31,9.20,9.62,9.20,9.48,54922
2020-04-01,9.48,10.07,9.48,9.93,39084
2020-04-03,9.82,10.40,9.10,9.93,91300
2020-04-07,10.00,10.50,8.85,9.35,523642
2020-04-08,9.35,10.00,9.15,9.68,102796
2020-04-09,9.93,10.20,9.40,9.88,133022
2020-04-13,9.98,10.00,9.50,9.70,71770
2020-04-15,9.77,10.32,9.77,10.07,131130
2020-04-16,10.00,11.00,10.00,10.95,162030
2020-04-17,11.12,11.98,11.00,11.43,144072
2020-04-20,11.88,12.82,11.45,11.85,370256
2020-04-21,11.45,11.60,10.90,11.25,181422
2020-04-22,10.75,11.45,10.65,10.98,92110
2020-04-23,11.45,11.45,10.65,10.88,149390
2020-04-24,10.68,10.80,10.50,10.60,66468
2020-04-27,10.62,10.98,10.60,10.65,140230
2020-04-28,11.00,11.00,10.40,10.70,140208
2020-04-29,10.15,10.90,10.15,10.68,232892
2020-04-30,10.75,11.45,10.65,10.90,212974
2020-05-04,10.65,10.70,10.00,10.40,276628
2020-05-05,10.52,10.93,10.00,10.20,158346
2020-05-06,10.07,10.32,9.88,9.95,215888
2020-05-07,10.07,10.30,9.50,9.65,243592
2020-05-08,9.68,9.98,9.60,9.77,134654
2020-05-11,9.77,9.98,9.75,9.82,92190
2020-05-12,9.88,9.95,9.15,9.38,259016
2020-05-13,9.52,10.00,9.50,9.98,284400
2020-05-14,10.07,10.07,9.80,9.98,282010
2020-05-15,9.98,10.23,9.85,10.02,161914
2020-05-18,10.00,10.12,9.57,9.73,188962
2020-05-19,10.00,10.00,9.45,9.55,156460
2020-05-20,9.38,9.88,9.38,9.50,170174
2020-05-21,9.45,9.60,9.18,9.48,138956
2020-05-22,9.43,10.10,9.25,9.60,94174
2020-05-26,9.62,9.95,9.50,9.62,52960
2020-05-27,9.60,9.82,9.38,9.43,101634
2020-05-28,9.43,9.80,9.38,9.70,118518
2020-05-29,9.57,9.95,9.50,9.68,117056
2020-06-01,9.65,10.62,9.62,10.32,228226
2020-06-02,10.48,10.80,10.00,10.70,302046
2020-06-03,10.88,11.38,10.48,10.82,317918
2020-06-04,10.70,10.98,10.25,10.40,199782
2020-06-05,10.65,11.95,10.50,11.57,451950
2020-06-08,12.43,12.45,11.55,11.65,381710
2020-06-09,11.95,11.95,10.85,11.15,237846
2020-06-10,11.10,11.50,11.10,11.20,161214
2020-06-11,11.12,11.93,11.12,11.25,309518
2020-06-12,10.57,11.75,10.57,11.43,246410
2020-06-15,11.15,11.73,11.10,11.30,96664
2020-06-16,11.48,12.38,11.25,11.70,502836
2020-06-17,11.70,12.25,11.55,11.98,173016
2020-06-18,11.88,14.35,11.88,14.35,1373838
2020-06-19,15.20,15.30,13.40,13.60,723864
2020-06-22,13.65,14.00,12.80,13.35,240342
2020-06-23,13.38,13.73,13.32,13.52,239244
2020-06-24,13.55,13.85,12.75,12.88,250312
2020-06-25,13.12,13.12,12.50,12.95,128440
2020-06-26,13.38,13.73,12.45,13.15,515878
2020-06-29,14.00,14.40,13.45,13.70,974222
2020-06-30,14.00,14.00,12.95,13.05,221066
2020-07-01,13.25,13.25,12.60,12.73,230340
2020-07-02,12.98,13.00,12.57,12.68,200964
2020-07-03,12.73,12.88,12.40,12.50,225448
2020-07-06,12.85,14.50,12.32,13.95,1943544
2020-07-07,14.23,15.43,14.02,14.70,1369248
2020-07-08,14.95,15.50,13.85,14.00,618678
2020-07-09,14.05,14.45,13.68,13.82,268928
2020-07-10,13.55,13.88,13.35,13.45,281984
2020-07-13,13.55,13.75,13.20,13.27,160760
2020-07-14,13.25,13.25,12.80,12.90,157660
2020-07-15,13.02,13.40,12.75,12.82,174244
2020-07-16,12.90,13.00,12.25,12.68,219230
2020-07-17,12.65,13.30,12.55,12.98,179172
2020-07-20,13.25,13.27,12.90,13.05,141540
2020-07-21,13.00,13.18,12.90,13.00,135782
2020-07-22,13.00,13.00,12.45,12.65,150734
2020-07-23,12.82,12.90,12.55,12.80,128548
2020-07-24,12.80,12.80,12.50,12.57,125108
2020-07-27,12.68,12.75,11.65,12.20,181532
2020-07-28,12.30,12.70,12.27,12.38,102898
2020-07-29,12.48,13.98,12.25,13.50,1000370
2020-07-30,13.50,13.80,12.85,12.98,280900
2020-07-31,12.95,13.00,12.12,12.32,287250
2020-08-03,12.32,13.25,12.00,12.25,264364
2020-08-04,12.27,13.23,12.27,12.77,1225306
2020-08-05,12.85,13.23,12.73,12.85,159632
2020-08-06,12.90,12.95,12.57,12.73,164708
2020-08-07,12.75,13.68,12.70,13.30,549346
2020-08-10,13.38,13.70,13.20,13.27,342740
2020-08-11,13.50,13.75,13.18,13.30,389410
2020-08-12,13.25,13.30,12.75,13.20,286348
2020-08-13,13.20,13.65,13.20,13.40,217656
2020-08-14,13.52,14.35,13.50,13.73,753708
2020-08-17,13.75,14.20,13.73,13.90,279448
2020-08-18,14.00,14.90,13.93,14.40,900038
2020-08-19,14.95,15.95,14.50,15.68,1387532
2020-08-20,15.73,16.88,15.50,15.80,1654998
2020-08-21,15.95,16.38,15.50,15.55,374730
2020-08-24,15.90,16.48,15.70,16.05,658158
2020-08-25,16.00,16.15,15.15,15.48,439476
2020-08-26,15.48,17.73,15.05,16.77,1505312
2020-08-27,17.35,18.40,16.62,16.80,1351144
2020-08-28,16.83,17.25,16.12,16.33,302088
2020-08-31,16.50,16.50,14.00,14.95,461178
2020-09-01,15.25,15.40,14.23,14.90,201148
2020-09-02,14.93,15.45,14.73,15.10,143398
2020-09-03,15.25,15.50,14.85,15.15,309932
2020-09-04,14.85,15.35,14.85,14.95,139682
2020-09-07,15.35,15.35,14.25,14.48,167736
2020-09-08,14.85,15.70,14.12,14.32,531266
2020-09-09,14.35,14.35,13.55,14.18,364946
2020-09-10,14.40,14.73,13.88,13.98,199334
2020-09-11,14.30,14.32,13.60,13.88,216680
2020-09-14,14.32,14.75,13.88,14.30,366554
2020-09-15,14.45,14.65,14.05,14.45,150622
2020-09-16,14.25,14.57,13.70,13.88,395084
2020-09-17,13.88,15.23,13.70,14.75,1946390
2020-09-18,14.70,14.85,14.25,14.40,388420
2020-09-21,14.48,14.48,12.95,13.10,481304
2020-09-22,13.35,13.45,12.32,12.68,426432
2020-09-23,13.10,13.88,12.55,13.05,1052946
2020-09-24,12.95,13.15,12.12,12.48,512590
2020-09-25,12.70,13.07,12.50,12.98,190856
2020-09-28,13.25,13.25,13.05,13.15,119134
2020-09-29,12.98,13.23,12.52,12.70,205960
2020-09-30,12.73,12.95,12.65,12.75,94314
2020-10-01,12.75,13.35,12.45,12.52,272868
2020-10-05,12.60,12.93,12.55,12.62,142442
2020-10-06,12.70,12.98,12.32,12.40,348182
2020-10-07,12.57,12.75,12.32,12.38,319550
2020-10-08,12.55,12.65,12.23,12.32,186810
2020-10-09,12.45,12.50,12.07,12.18,235070
2020-10-12,12.30,12.30,11.75,11.80,370490
2020-10-13,11.75,11.98,11.57,11.62,120450
2020-10-14,11.70,12.25,11.45,11.75,199934
2020-10-15,11.80,11.93,11.25,11.30,253298
2020-10-16,11.45,11.45,11.27,11.40,110304
2020-10-19,11.50,11.73,11.50,11.68,125088
2020-10-20,11.90,12.73,11.68,12.12,428408
2020-10-21,12.23,12.23,11.80,11.98,194970
2020-10-22,12.00,12.10,11.70,11.80,144198
2020-10-23,11.98,12.05,11.85,11.90,100740
2020-10-26,11.88,11.95,11.45,11.50,229134
2020-10-27,11.50,11.75,11.20,11.27,251906
2020-10-28,11.35,11.70,11.20,11.32,89302
2020-10-29,11.18,11.32,11.18,11.23,62902
2020-10-30,11.25,11.50,11.25,11.30,72970
2020-11-02,11.25,11.38,11.12,11.20,51512
2020-11-03,11.12,11.25,11.10,11.18,55092
2020-11-04,11.18,11.18,10.73,11.00,231608
2020-11-05,11.10,11.85,11.10,11.73,242072
2020-11-06,11.85,14.00,11.68,13.43,3313652
2020-11-09,13.43,13.80,12.57,12.80,1094112
2020-11-10,12.93,13.45,12.02,13.20,566846
2020-11-11,13.20,13.48,12.93,13.05,222856
2020-11-12,12.88,13.80,12.88,13.60,575700
2020-11-13,13.60,13.60,13.30,13.40,126404
2020-11-14,13.62,13.75,13.35,13.62,96058
2020-11-17,13.62,14.90,13.55,14.52,1199718
2020-11-18,14.75,15.98,14.65,15.60,1599220
2020-11-19,15.48,16.25,15.48,15.88,1149530
2020-11-20,15.73,16.25,15.55,16.08,748546
2020-11-23,16.52,16.77,16.20,16.48,1106184
2020-11-24,16.77,17.80,16.73,17.35,1569306
2020-11-25,17.52,17.70,16.62,16.80,862010
2020-11-26,17.23,17.33,16.83,16.95,272008
2020-11-27,17.00,18.30,16.98,17.92,1521664
2020-12-01,18.00,21.50,18.00,20.55,7046078
2020-12-02,21.33,21.83,20.35,20.55,1598252
2020-12-03,20.55,20.55,19.25,19.55,1172276
2020-12-04,19.90,20.48,19.50,19.70,831288
2020-12-07,19.67,20.42,19.50,19.67,501422
2020-12-08,19.92,20.23,19.00,19.40,637304
2020-12-09,19.75,19.75,18.98,19.08,676800
2020-12-10,18.73,18.90,18.20,18.45,451354
2020-12-11,19.17,19.85,18.50,19.52,711504
2020-12-14,19.90,19.90,18.88,19.02,363568
2020-12-15,18.95,19.50,18.95,19.17,335674
2020-12-16,19.17,19.40,18.62,19.00,503378
2020-12-17,19.60,19.92,18.50,18.88,723536
2020-12-18,18.92,19.10,18.52,18.77,336300
2020-12-21,18.70,19.12,15.02,17.10,642126
2020-12-22,16.85,18.23,16.62,17.55,570342
2020-12-23,17.85,18.38,17.58,18.20,365702
2020-12-24,18.48,19.75,18.15,18.70,1063828
2020-12-28,18.70,19.58,18.62,19.05,483618
2020-12-29,19.23,22.30,18.30,21.33,7486922
2020-12-30,20.73,21.27,20.05,20.80,1701810
2020-12-31,20.83,21.62,20.83,21.30,989056
2021-01-01,21.30,21.70,20.55,21.15,878718
2021-01-04,21.17,24.70,21.12,24.30,4210844
2021-01-05,25.77,28.38,25.77,27.92,15762024
2021-01-06,27.92,27.95,25.40,26.50,2666810
2021-01-07,26.55,27.42,26.05,26.42,863202
2021-01-08,26.92,26.92,24.88,25.05,1542148
2021-01-11,25.40,25.40,24.00,24.58,668178
2021-01-12,24.85,25.25,24.00,24.35,516274
2021-01-13,24.62,25.45,24.02,24.30,608638
2021-01-14,24.73,24.80,24.00,24.25,458100
2021-01-15,24.40,24.45,23.50,23.73,316416
2021-01-18,23.75,23.80,22.10,22.58,507664
2021-01-19,22.67,25.65,22.67,24.77,1366212
2021-01-20,24.75,24.75,23.60,23.80,461622
2021-01-21,24.12,25.70,23.98,24.25,826632
2021-01-22,24.40,24.48,23.02,24.00,686334
2021-01-25,24.73,24.73,23.00,23.08,672726
2021-01-27,23.08,24.70,22.60,23.27,1291628
2021-01-28,23.25,24.38,23.08,23.58,1018822
2021-01-29,23.55,24.38,22.67,22.90,1206894
2021-02-01,22.58,23.50,22.58,23.20,559250
2021-02-02,23.25,24.10,23.25,23.50,531832
2021-02-03,23.80,24.62,23.40,24.35,807808
2021-02-04,24.73,24.98,24.40,24.70,451872
2021-02-05,24.92,25.02,23.62,24.08,308686
2021-02-08,24.05,24.95,23.88,24.62,635180
2021-02-09,25.00,26.70,24.40,26.17,3927500
2021-02-10,26.42,27.08,25.30,25.52,2033890
2021-02-11,25.73,29.75,25.60,28.83,6574814
2021-02-12,29.10,29.60,27.55,27.98,2882776
2021-02-15,28.30,29.12,27.33,27.77,1178484
2021-02-16,27.60,28.33,26.62,27.05,1479686
2021-02-17,26.77,27.12,26.40,26.67,722126
2021-02-18,26.77,28.20,26.70,27.30,2255048
2021-02-19,27.30,28.20,26.02,26.50,1765240
2021-02-22,26.90,26.95,25.50,25.83,832728
2021-02-23,25.83,26.48,25.50,25.65,412310
2021-02-24,25.95,28.20,25.95,27.60,1048556
2021-02-25,27.88,30.12,27.88,29.65,2450226
2021-02-26,28.90,29.38,28.33,28.50,822524
2021-03-01,28.70,29.02,27.52,27.65,757488
2021-03-02,27.88,29.42,26.77,27.42,1064284
2021-03-03,27.65,28.10,27.05,27.40,886478
2021-03-04,27.23,28.50,26.83,27.70,1104964
2021-03-05,27.73,31.62,27.70,28.88,6536464
2021-03-08,29.45,30.55,28.88,29.67,1987552
2021-03-09,30.00,31.75,29.75,31.02,2459232
2021-03-10,31.25,32.62,31.25,31.75,1846334
2021-03-12,32.00,34.25,31.75,33.83,3263586
2021-03-15,33.88,34.20,32.17,32.80,1614190
2021-03-16,32.72,34.75,32.58,34.42,2149314
2021-03-17,34.50,34.78,31.80,32.05,1323662
2021-03-18,32.08,32.35,27.90,29.05,1813264
2021-03-19,28.75,30.70,26.90,30.55,1527596
2021-03-22,30.65,31.50,29.20,29.77,831642
2021-03-23,29.98,30.10,29.40,29.60,403210
2021-03-24,29.73,31.35,29.25,29.95,765708
2021-03-25,29.65,31.00,29.02,30.15,684560
2021-03-26,30.12,32.70,30.12,31.95,1161878
2021-03-30,31.67,33.25,31.02,32.08,625940
2021-03-31,32.38,32.62,31.60,31.75,295830
2021-04-01,32.45,33.97,31.83,33.78,965914
2021-04-05,33.95,34.62,32.15,32.75,849950
2021-04-06,33.00,33.75,32.60,32.75,340564
2021-04-07,33.00,34.60,33.00,33.90,640780
2021-04-08,34.30,35.55,34.30,34.47,1107362
2021-04-09,34.42,35.88,34.05,35.62,924928
2021-04-12,35.00,35.00,31.00,31.50,990790
2021-04-13,31.55,33.05,31.55,32.35,421690
2021-04-15,33.42,33.42,31.42,31.95,595906
2021-04-16,32.58,32.62,31.55,31.85,393960
2021-04-19,30.77,35.20,30.75,34.83,1918716
2021-04-20,35.15,38.95,35.15,37.62,4216964
2021-04-22,38.10,41.38,37.72,40.75,2723016
2021-04-23,41.50,42.50,39.78,41.97,2157864
2021-04-26,42.97,43.72,40.12,41.03,1391598
2021-04-27,40.95,42.45,38.92,41.25,1717776
2021-04-28,41.45,49.00,40.55,48.30,7117488
2021-04-29,48.72,48.75,45.33,45.75,2531438
2021-04-30,45.50,48.47,44.33,45.92,1381420
2021-05-03,46.25,49.55,45.92,48.42,1841888
2021-05-04,48.70,49.17,44.25,45.08,1432112
2021-05-05,45.12,47.70,44.38,46.97,1689594
2021-05-06,47.40,47.40,45.53,46.00,654620
2021-05-07,46.25,46.78,45.25,45.65,772260
2021-05-10,46.50,46.50,45.53,45.72,411054
2021-05-11,45.50,45.83,44.55,45.20,558198
2021-05-12,45.40,45.83,43.55,43.92,587918
2021-05-14,44.12,44.85,42.17,42.62,414786
2021-05-17,42.28,46.28,42.28,45.92,1042434
2021-05-18,46.80,46.85,45.05,45.33,563390
2021-05-19,45.50,45.67,43.40,44.08,831240
2021-05-20,44.08,47.35,44.08,45.65,1563674
2021-05-21,45.97,46.20,44.50,44.70,498388
2021-05-24,45.10,51.50,45.00,50.30,6796352
2021-05-25,50.88,54.12,49.75,53.00,9363888
2021-05-26,53.40,54.50,51.62,52.42,3151106
2021-05-27,52.50,53.95,51.00,51.77,2123374
2021-05-28,52.50,60.35,51.77,55.85,20935336
2021-05-31,56.90,59.70,56.30,58.75,6102010
2021-06-01,59.35,59.48,54.67,56.80,3561820
2021-06-02,56.80,61.25,56.62,60.05,6167342
2021-06-03,61.35,62.75,60.05,61.98,5913472
2021-06-04,61.88,65.00,61.75,62.20,5260482
2021-06-07,62.65,62.95,59.98,60.33,2064698
2021-06-08,60.73,61.95,57.50,61.02,5009682
2021-06-09,62.00,66.75,60.17,61.92,7193926
2021-06-10,62.70,64.75,62.52,62.83,2842812
2021-06-11,63.20,63.90,61.15,61.83,1779914
2021-06-14,62.50,62.58,58.35,60.55,2218856
2021-06-15,61.00,64.68,60.90,63.88,3819966
2021-06-16,64.50,69.35,62.50,67.57,7727598
2021-06-17,67.47,71.25,64.03,65.18,6884398
2021-06-18,65.97,70.40,58.77,69.72,9176122
2021-06-21,68.25,71.40,67.00,68.90,5101472
2021-06-22,69.25,70.72,66.62,66.97,3687166
2021-06-23,67.47,68.22,65.50,66.30,1958650
2021-06-24,66.62,67.45,65.25,65.80,1043912
2021-06-25,66.00,69.50,65.80,68.50,2507356
2021-06-28,69.00,71.00,67.65,70.40,2529548
2021-06-29,70.35,70.57,68.53,69.05,1496254
2021-06-30,69.45,70.50,67.80,68.40,1221508
2021-07-01,69.20,69.70,67.00,68.97,1512618
2021-07-02,69.82,72.62,69.00,70.90,3488216
2021-07-05,71.45,71.70,69.25,69.62,1486320
2021-07-06,69.10,70.35,63.85,66.47,2341622
2021-07-07,66.55,67.88,66.05,66.35,1829108
2021-07-08,66.25,67.47,64.30,65.12,1479394
2021-07-09,65.05,66.75,64.60,66.22,1549916
2021-07-12,66.50,68.03,65.22,65.93,1738316
2021-07-13,66.75,66.82,62.05,62.50,2518410
2021-07-14,63.00,65.50,62.12,65.03,2640894
2021-07-15,65.45,68.50,64.12,67.28,2548958
2021-07-16,67.50,72.00,66.65,70.90,6914934
2021-07-19,71.00,73.38,68.50,69.20,4829872
2021-07-20,69.95,74.95,65.40,73.07,11616706
2021-07-22,73.80,74.95,71.12,72.72,4516940
2021-07-23,73.00,73.10,69.50,70.18,1845442
2021-07-26,70.00,73.20,69.78,70.82,2020184
2021-07-27,71.20,72.40,67.50,68.88,2719486
2021-07-28,69.32,70.35,66.35,69.35,1803526
2021-07-29,69.90,71.70,69.10,69.97,1538676
2021-07-30,69.90,70.53,68.53,68.95,1173816
2021-08-02,69.38,73.40,69.07,72.75,2796414
2021-08-03,73.00,77.35,71.97,75.47,7111244
2021-08-04,76.00,76.95,71.85,72.18,2996522
2021-08-05,72.95,77.00,71.10,76.43,4109936
2021-08-06,76.78,77.40,71.65,72.57,3628720
2021-08-09,72.68,76.30,72.00,74.97,3003614
2021-08-10,74.95,76.70,71.75,73.68,2622228
2021-08-11,73.62,74.22,68.30,72.25,2568108
2021-08-12,73.25,76.47,73.00,75.65,1688610
2021-08-13,75.88,82.00,75.75,80.95,9201298
2021-08-16,81.70,91.10,79.72,89.38,13531064
2021-08-17,90.22,91.80,84.00,88.30,6199156
2021-08-18,87.93,88.45,85.05,85.68,1808472
2021-08-20,85.35,85.35,79.53,81.50,2544680
2021-08-23,83.40,83.40,72.60,75.35,3904452
2021-08-24,75.90,81.78,74.00,80.30,2620296
2021-08-25,80.30,81.65,79.00,80.20,1577550
2021-08-26,80.00,84.10,79.55,82.30,2441204
2021-08-27,82.20,83.50,80.88,81.60,1135070
2021-08-30,81.45,83.25,81.00,81.50,1094496
2021-08-31,82.00,84.35,80.20,82.25,2173020
2021-09-01,82.90,87.70,81.30,85.38,3110848
2021-09-02,85.50,86.93,84.20,85.35,1772464
2021-09-03,85.70,87.38,84.20,84.82,1396836
2021-09-06,85.20,86.00,83.55,84.12,922194
2021-09-07,84.50,87.35,82.40,84.88,1930768
2021-09-08,85.35,93.00,84.15,90.20,5845508
2021-09-09,90.15,91.47,87.78,88.85,1936646
2021-09-13,88.85,90.75,87.50,88.28,1908852
2021-09-14,88.78,89.53,87.00,88.03,1124198
2021-09-15,88.72,89.47,85.85,86.60,911752
2021-09-16,87.28,90.97,85.50,88.95,2538394
2021-09-17,89.70,90.22,85.00,86.78,1567058
2021-09-20,85.85,86.45,83.05,83.72,1184634
2021-09-21,84.07,84.70,79.05,82.93,1348194
2021-09-22,82.93,85.80,81.60,83.75,1574402
2021-09-23,86.30,87.25,85.00,86.10,1373782
2021-09-24,86.62,86.93,84.50,84.88,1028998
2021-09-27,85.00,85.70,83.10,83.47,737368
2021-09-28,83.60,85.15,82.00,83.03,667382
2021-09-29,83.70,83.97,80.55,82.20,901064
2021-09-30,81.60,84.80,81.60,83.80,701386
2021-10-01,83.45,85.93,82.55,84.18,1019660
2021-10-04,84.85,85.47,82.95,83.50,900436
2021-10-05,83.55,84.15,82.62,83.28,489768
2021-10-06,83.30,88.30,83.30,85.43,2055108
2021-10-07,86.22,87.47,85.55,86.07,602722
2021-10-08,86.53,86.78,85.62,86.18,514636
2021-10-11,85.72,90.00,85.00,85.38,1271008
2021-10-12,86.00,86.80,83.28,83.65,746804
2021-10-13,84.03,85.12,82.00,82.82,727262
2021-10-14,83.47,84.60,82.50,83.07,556614
2021-10-18,83.68,84.43,81.50,82.85,1244468
2021-10-19,83.00,83.70,75.25,78.80,1067880
2021-10-20,79.50,80.28,74.70,76.50,1217272
2021-10-21,77.80,78.65,75.30,77.03,657998
2021-10-22,77.80,79.80,74.75,76.45,674916
2021-10-25,76.03,76.40,71.12,72.00,810916
2021-10-26,72.30,79.50,72.18,78.68,1015904
2021-10-27,78.50,80.97,77.50,79.20,591660
2021-10-28,79.00,79.00,76.22,76.95,327636
2021-10-29,76.95,88.45,74.18,85.80,2808246
2021-11-01,87.45,87.45,81.65,82.18,1230154
2021-11-02,82.75,84.40,81.25,81.62,699362
2021-11-03,82.00,87.35,81.88,83.57,1436142
2021-11-04,83.93,85.00,83.75,84.25,237916
2021-11-08,84.90,86.55,83.00,84.47,637872
2021-11-09,84.72,87.00,84.03,84.90,465786
2021-11-10,84.50,86.15,83.78,84.78,535012
2021-11-11,84.95,89.75,84.93,86.72,2375184
2021-11-12,86.05,89.00,86.05,86.68,686364
2021-11-15,87.10,87.35,84.05,85.32,755770
2021-11-16,85.32,86.62,84.55,85.22,478866
2021-11-17,85.45,88.40,84.10,85.53,995634
2021-11-18,85.85,94.75,82.32,91.07,5955346
2021-11-22,92.00,98.00,88.60,96.62,7960876
2021-11-23,97.38,99.35,95.00,95.95,3383776
2021-11-24,96.10,96.62,92.47,92.68,1202368
2021-11-25,93.05,107.40,92.78,106.00,9874910
2021-11-26,103.80,109.50,100.80,103.47,6460600
2021-11-29,105.15,108.00,101.80,103.85,3054932
2021-11-30,103.50,109.40,102.75,103.47,3020300
2021-12-01,105.00,106.00,102.10,103.10,1258268
2021-12-02,103.25,104.15,100.65,101.05,921682
2021-12-03,101.47,104.40,100.72,101.28,1163698
2021-12-06,101.72,102.25,96.18,96.75,991730
2021-12-07,97.00,100.12,96.65,97.47,819538
2021-12-08,98.05,100.35,98.05,99.35,690086
2021-12-09,99.88,104.40,99.75,102.80,1157330
2021-12-10,102.75,104.40,101.05,102.65,570988
2021-12-13,103.45,103.93,99.75,100.38,677014
2021-12-14,100.25,101.72,98.50,98.90,581076
2021-12-15,99.40,99.68,96.75,97.12,691884
2021-12-16,97.65,98.40,92.57,94.03,846180
2021-12-17,94.35,94.40,88.55,89.78,1208720
2021-12-20,85.90,87.50,81.80,86.18,2003750
2021-12-21,86.15,89.38,84.07,85.22,1219880
2021-12-22,86.70,87.88,86.10,86.72,675138
2021-12-23,87.18,90.22,86.85,87.40,830456
2021-12-24,86.88,87.95,84.78,85.03,843824
2021-12-27,82.82,84.50,82.50,83.70,570938
2021-12-28,84.03,97.65,84.03,96.22,9228442
2021-12-29,96.30,96.30,92.80,93.55,1380122
2021-12-30,93.35,95.00,91.12,94.25,1424586
2021-12-31,94.78,95.20,91.75,92.15,778938
2022-01-03,93.22,97.95,93.00,95.80,1655636
2022-01-04,95.80,96.55,93.22,94.40,888908
2022-01-05,94.38,101.38,93.88,98.72,2782180
2022-01-06,97.95,98.68,95.20,95.62,885028
2022-01-07,96.38,96.82,92.25,94.05,1341088
2022-01-10,95.00,95.22,93.60,94.25,695502
2022-01-11,95.00,102.32,94.95,100.28,2942188
2022-01-12,101.50,102.38,96.60,98.68,1638648
2022-01-13,99.00,106.78,96.60,103.18,2763666
2022-01-14,102.45,105.00,101.55,101.97,1100810
2022-01-17,102.72,107.15,102.53,103.25,2170130
2022-01-18,104.07,104.35,97.50,98.50,1410406
2022-01-19,97.95,98.72,94.20,97.22,1685758
2022-01-20,97.78,99.25,96.32,97.38,954332
2022-01-21,96.07,99.57,95.20,96.93,1072336
2022-01-24,96.88,97.43,83.00,87.35,2819242
2022-01-25,86.85,89.05,83.18,87.57,1535828
2022-01-27,86.72,88.78,85.43,87.62,779866
2022-01-28,89.95,93.25,88.03,88.90,1421722
2022-01-31,90.05,92.50,88.22,89.10,674982
2022-02-01,90.32,91.85,84.00,86.03,1882012
2022-02-02,87.18,89.57,86.80,88.45,1271706
2022-02-03,89.00,89.78,87.75,88.15,470994
2022-02-04,88.72,88.75,86.50,87.07,500090
2022-02-07,87.25,88.55,85.68,86.57,546648
2022-02-08,86.75,88.12,82.50,83.88,1141134
2022-02-09,84.55,86.00,80.55,81.72,1092858
2022-02-10,82.20,85.10,81.95,84.30,807380
2022-02-11,82.65,83.50,80.85,81.18,746598
2022-02-14,77.50,79.47,75.00,75.20,1070836
2022-02-15,77.32,79.50,71.80,78.82,1273686
2022-02-16,78.97,80.35,76.32,76.57,971456
2022-02-17,76.97,78.43,74.80,75.32,558808
2022-02-18,73.28,77.57,73.28,74.57,730720
2022-02-21,76.95,76.95,72.62,74.25,780110
2022-02-22,72.38,73.05,70.82,71.57,929480
2022-02-23,72.50,77.40,72.38,73.70,770662
2022-02-24,70.00,71.72,64.03,65.60,1514468
2022-02-25,68.80,71.50,68.18,70.43,1106852
2022-02-28,70.05,74.90,68.43,74.20,841310
2022-03-02,72.93,75.30,72.28,74.15,587906
2022-03-03,74.53,76.50,73.18,74.32,568214
2022-03-04,73.60,74.47,71.22,71.57,504226
2022-03-07,72.95,72.95,68.38,71.30,820046
2022-03-08,71.50,74.88,70.25,73.70,523092
2022-03-09,73.50,76.25,73.50,75.47,699126
2022-03-10,76.57,77.85,75.18,76.35,791436
2022-03-11,76.00,80.60,75.60,79.20,1827710
2022-03-14,79.20,81.60,77.53,79.57,978818
2022-03-15,79.85,80.38,76.22,76.82,591292
2022-03-16,77.60,78.75,76.25,77.80,495220
2022-03-17,78.65,81.20,78.65,79.43,539044
2022-03-21,80.20,80.45,76.20,76.40,566500
2022-03-22,77.00,77.53,74.43,75.28,678610
2022-03-23,76.20,78.00,74.03,75.40,688702
2022-03-24,75.80,76.45,73.10,73.35,787544
2022-03-25,75.00,75.45,71.25,71.97,658802
2022-03-28,74.00,74.00,68.95,70.40,1247272
2022-03-29,70.50,71.40,69.30,70.55,946214
2022-03-30,71.25,73.85,70.97,72.47,822440
2022-03-31,72.00,74.12,71.57,71.90,651906
2022-04-01,71.65,78.70,71.55,77.60,1609670
2022-04-04,78.10,87.00,77.90,85.82,3454152
2022-04-05,86.30,90.80,83.65,88.82,2888026
2022-04-06,88.43,92.00,87.72,89.62,1788470
2022-04-07,89.00,90.35,86.25,86.78,864282
2022-04-08,87.20,88.10,85.65,87.28,683926
2022-04-11,87.00,93.43,86.97,92.70,2606604
2022-04-12,93.45,99.50,93.03,93.80,4878802
2022-04-13,96.20,96.65,93.00,94.30,1273264
2022-04-18,93.93,99.90,91.75,97.07,2480920
2022-04-19,97.90,99.07,93.70,95.53,1445622
2022-04-20,96.03,97.68,92.50,93.75,925154
2022-04-21,94.47,97.00,93.97,95.25,759936
2022-04-22,93.50,95.97,92.50,93.20,611570
2022-04-25,92.90,97.20,91.53,94.47,999938
2022-04-26,95.00,98.32,92.78,93.38,1088410
2022-04-27,93.00,93.85,89.40,90.47,648456
2022-04-28,91.00,92.35,88.82,90.40,525238
2022-04-29,90.50,96.95,90.50,94.10,1658538
2022-05-02,93.55,95.47,91.28,93.03,922844
2022-05-04,96.32,97.35,90.28,90.90,1247556
2022-05-05,92.00,92.75,83.62,86.22,1097136
2022-05-06,83.62,87.88,83.50,86.50,1046854
2022-05-09,86.25,86.25,78.68,84.57,998572
2022-05-10,84.60,87.15,82.78,83.80,465426
2022-05-11,83.40,89.50,79.25,88.60,3202840
2022-05-12,87.45,92.40,85.10,90.60,1647860
2022-05-13,91.07,97.00,89.93,92.30,1587124
2022-05-16,92.95,96.00,90.18,92.65,1078402
2022-05-17,93.12,97.50,92.55,96.72,1232350
2022-05-18,97.47,101.35,93.68,98.97,2999996
2022-05-19,96.00,98.00,94.07,95.38,1250778
2022-05-20,97.50,104.62,97.50,102.32,4040792
2022-05-23,103.00,106.20,98.00,98.97,1846110
2022-05-24,99.75,99.97,96.78,98.55,795538
2022-05-25,99.00,102.25,95.03,96.00,1447166
2022-05-26,95.65,97.47,90.35,95.20,1321798
2022-05-27,96.28,97.93,94.53,96.03,562730
2022-05-30,99.00,101.65,97.00,99.53,1214666
2022-05-31,99.43,102.75,98.00,98.30,830718
2022-06-01,99.07,103.50,98.62,101.45,1220240
2022-06-02,102.00,115.85,101.68,114.62,10851390
2022-06-03,116.00,117.50,112.50,115.15,5479114
2022-06-06,116.85,134.65,115.57,125.30,18483008
2022-06-07,124.45,134.95,121.85,130.88,7755464
2022-06-08,130.77,132.18,122.65,125.28,1806768
2022-06-09,125.12,128.30,121.50,125.68,1114614
2022-06-10,124.00,126.85,123.05,124.62,564608
2022-06-13,122.47,129.95,118.28,122.57,1445622
2022-06-14,123.00,123.95,116.85,118.62,1020620
2022-06-15,119.45,132.95,118.00,127.65,4118802
2022-06-16,129.65,134.40,119.50,122.43,3283352
2022-06-17,121.93,134.38,121.25,129.75,4477432
2022-06-20,131.25,132.30,116.50,122.57,3253692
2022-06-21,124.00,130.98,123.45,129.65,2622256
2022-06-22,129.75,137.48,128.55,134.82,8045594
2022-06-23,135.75,144.95,135.65,138.68,8335430
2022-06-24,141.00,142.15,133.30,134.55,2728208
2022-06-27,136.70,138.90,129.65,130.73,2282862
2022-06-28,131.02,135.55,127.80,134.48,2712712
2022-06-29,133.95,136.45,130.62,131.27,1148742
2022-06-30,132.10,135.50,129.62,130.57,1580516
2022-07-01,130.75,131.85,127.00,130.57,1123882
2022-07-04,130.60,134.40,129.40,132.07,1057266
2022-07-05,133.30,139.20,133.25,135.75,2238034
2022-07-06,136.15,146.98,134.05,145.52,6204512
2022-07-07,145.73,149.85,143.18,148.90,4713796
2022-07-08,149.98,151.50,146.48,147.25,1701124
2022-07-11,147.00,160.85,143.75,159.23,7182836
2022-07-12,158.38,162.50,157.30,160.85,3172070
2022-07-13,160.95,161.68,153.60,154.50,1575462
2022-07-14,155.00,156.30,150.15,152.43,1782706
2022-07-15,153.73,156.45,152.40,155.10,1453288
2022-07-18,156.75,161.10,156.02,159.80,2178408
2022-07-19,159.73,167.50,158.98,165.68,3302560
2022-07-20,167.25,174.23,162.55,165.80,4627468
2022-07-21,166.50,168.45,151.10,156.90,5460916
2022-07-22,157.65,166.40,155.70,164.95,3997344
2022-07-25,165.95,196.98,165.05,188.75,16999584
2022-07-26,186.00,195.85,183.18,185.07,7488270
2022-07-27,185.45,188.98,182.05,185.73,1535980
2022-07-28,186.00,186.90,180.50,181.23,948512
2022-07-29,182.15,186.00,180.25,181.10,850132
2022-08-01,181.25,182.27,176.20,176.82,828796
2022-08-02,177.50,182.15,172.23,177.60,1453218
2022-08-03,178.90,180.95,167.77,169.18,1496222
2022-08-04,169.95,173.65,165.98,172.35,1252034
2022-08-05,173.50,176.10,170.00,171.68,489208
2022-08-08,173.45,179.00,171.70,175.10,785704
2022-08-10,176.48,177.48,172.75,173.82,539016
2022-08-11,174.50,178.43,172.02,172.48,495970
2022-08-12,173.00,173.75,169.10,170.40,424786
2022-08-16,171.00,173.95,170.00,171.12,503054
2022-08-17,172.88,180.48,171.00,178.35,1533000
2022-08-18,180.05,186.98,175.00,180.48,1413054
2022-08-19,181.55,182.32,172.50,173.20,633892
2022-08-22,171.75,173.35,166.45,171.43,554434
2022-08-23,171.43,175.65,169.52,172.65,380848
2022-08-24,173.20,179.35,172.77,175.93,411246
2022-08-25,176.50,180.93,174.05,175.85,527032
2022-08-26,177.50,188.95,177.00,187.15,2968074
2022-08-29,180.15,188.38,177.00,183.25,1083168
2022-08-30,184.88,197.45,184.88,187.68,2286726
2022-09-01,187.45,191.00,183.52,185.98,666134
2022-09-02,187.18,187.50,180.00,181.62,606698
2022-09-05,182.50,184.25,178.05,180.48,472372
2022-09-06,182.25,188.73,180.10,184.50,820218
2022-09-07,183.95,191.85,182.52,187.18,767030
2022-09-08,190.00,190.88,186.23,188.07,375658
2022-09-09,189.57,196.20,186.50,188.05,1369040
2022-09-12,188.05,191.38,184.62,185.75,618446
2022-09-13,186.43,193.77,185.35,189.90,1102312
2022-09-14,187.50,207.80,185.00,196.88,4252588
2022-09-15,198.45,199.80,190.55,194.73,1230200
2022-09-16,194.45,196.27,187.50,192.98,1128674
2022-09-19,194.32,199.75,190.75,193.00,946802
2022-09-20,195.50,197.48,191.57,192.27,429286
2022-09-21,192.27,194.00,187.50,188.07,476378
2022-09-22,188.00,188.52,180.05,183.82,615572
2022-09-23,181.18,185.25,171.73,174.93,991776
2022-09-26,171.25,173.20,159.00,164.05,979382
2022-09-27,163.50,168.55,163.48,164.82,410598
2022-09-28,164.80,170.50,162.40,164.93,566586
2022-09-29,166.50,170.57,163.50,166.85,461862
2022-09-30,167.35,172.25,164.65,170.95,377694
2022-10-03,170.00,173.00,164.52,166.52,455122
2022-10-04,169.40,173.55,167.55,169.75,530714
2022-10-06,172.00,172.00,166.75,167.73,436480
2022-10-07,168.73,170.85,162.75,169.65,528100
2022-10-10,166.12,170.55,166.12,168.45,224696
2022-10-11,169.60,172.50,163.55,165.70,340736
2022-10-12,167.40,169.40,165.07,166.40,204716
2022-10-13,166.95,167.77,164.00,165.50,188430
2022-10-14,168.50,169.55,163.10,164.98,204664
2022-10-17,164.45,169.20,158.70,167.65,324894
2022-10-18,168.75,180.00,168.50,178.85,1271900
2022-10-19,181.70,184.50,178.55,179.90,551722
2022-10-20,179.20,188.38,175.60,186.43,554564
2022-10-21,187.93,189.50,180.50,181.57,403498
2022-10-24,183.88,185.55,182.68,184.38,171366
2022-10-25,185.95,188.40,183.00,185.10,359502
2022-10-27,187.35,187.40,180.40,183.55,251664
2022-10-28,184.50,187.48,183.15,186.23,311630
2022-10-31,186.50,195.00,186.50,188.55,708490
2022-11-01,189.45,192.50,172.98,184.07,818092
2022-11-02,184.60,187.65,181.90,185.80,256902
2022-11-03,184.95,202.50,183.10,200.00,3508550
2022-11-04,201.90,207.50,196.00,199.05,2232268
2022-11-07,200.85,209.50,198.18,208.48,2798054
2022-11-09,210.00,219.77,210.00,217.62,2114936
2022-11-10,216.50,224.73,213.07,222.55,1601592
2022-11-11,226.00,229.40,221.30,223.90,1356004
2022-11-14,223.73,227.50,213.15,226.25,916252
2022-11-15,226.30,229.00,220.40,221.90,644138
2022-11-16,220.48,226.23,219.85,222.45,460704
2022-11-17,222.00,223.50,218.05,220.12,485068
2022-11-18,220.95,221.98,202.77,213.45,802328
2022-11-21,213.45,218.52,211.57,212.45,390054
2022-11-22,213.85,217.35,209.50,214.00,315012
2022-11-23,215.05,225.00,215.02,223.43,649480
2022-11-24,227.27,231.80,224.05,226.15,825940
2022-11-25,226.50,232.45,226.50,228.18,461628
2022-11-28,229.45,230.20,219.20,222.77,607574
2022-11-29,222.77,223.00,218.00,219.40,308870
2022-11-30,219.95,232.50,216.50,229.45,1867586
2022-12-01,232.00,238.00,230.27,232.57,802576
2022-12-02,232.32,232.43,223.32,225.43,467678
2022-12-05,226.30,227.45,222.55,225.20,248110
2022-12-06,224.55,225.00,220.00,220.68,196874
2022-12-07,220.60,225.00,212.50,215.23,524052
2022-12-08,216.00,216.50,209.35,213.85,622866
2022-12-09,214.85,215.23,207.65,210.55,481034
2022-12-12,210.35,213.05,202.77,206.85,557502
2022-12-13,207.90,217.00,207.02,216.25,413994
2022-12-14,216.15,219.00,212.98,215.35,245678
2022-12-15,215.57,216.80,210.00,213.12,268304
2022-12-16,211.50,215.00,210.52,211.62,161776
2022-12-19,212.00,212.60,205.52,208.10,201420
2022-12-20,210.30,216.00,208.45,213.93,219714
2022-12-21,215.00,217.35,200.70,203.27,469170
2022-12-22,204.95,206.70,190.55,194.27,773750
2022-12-23,194.25,194.25,170.80,174.05,1117794
2022-12-26,167.50,184.20,167.50,178.50,1353524
2022-12-27,181.00,188.20,180.00,186.65,591066
2022-12-28,187.40,188.50,183.12,184.98,352824
2022-12-29,183.15,184.00,175.27,181.93,378632
2022-12-30,183.25,187.50,180.05,182.30,396120
2023-01-02,184.62,189.75,184.32,189.00,700184
2023-01-03,189.50,189.95,182.10,186.57,537580
2023-01-04,186.50,186.73,179.38,181.57,472630
2023-01-05,182.45,183.32,177.62,180.52,411408
2023-01-06,181.00,181.20,177.23,179.38,395640
2023-01-09,180.68,187.50,180.68,185.95,591856
2023-01-10,186.30,192.98,184.25,185.35,686760
2023-01-11,186.00,189.57,184.95,187.80,274750
2023-01-12,188.75,194.00,187.62,192.40,749646
2023-01-13,194.00,197.00,191.15,196.15,477990
2023-01-16,196.15,199.50,193.50,196.32,404168
2023-01-17,196.40,197.30,190.75,194.02,227502
2023-01-18,194.02,196.43,191.73,192.98,143594
2023-01-19,192.23,193.62,191.50,192.65,128086
2023-01-20,192.65,194.95,188.10,188.88,141864
2023-01-23,189.07,196.20,189.07,194.52,313056
2023-01-24,195.40,198.50,190.07,192.30,1041332
2023-01-25,198.50,203.35,193.00,194.20,1681824
2023-01-27,195.55,197.35,182.00,190.15,884444
2023-01-30,190.02,192.90,180.60,185.12,421572
2023-01-31,186.00,194.40,184.02,193.30,494902
2023-02-01,194.98,198.00,181.32,186.88,654164
2023-02-02,187.82,191.70,185.82,188.65,341078
2023-02-03,189.95,191.68,186.27,188.77,299484
2023-02-06,189.50,193.40,188.38,189.65,254262
2023-02-07,189.00,190.80,186.93,189.30,209554
2023-02-08,189.77,191.00,186.73,188.93,337204
2023-02-09,189.50,190.32,186.75,188.65,284478
2023-02-10,188.32,193.50,187.23,192.00,259108
2023-02-13,192.35,193.00,179.82,183.48,510336
2023-02-14,184.35,186.00,180.25,184.38,309966
2023-02-15,183.88,189.48,182.48,188.35,366390
2023-02-16,188.35,192.45,187.32,190.85,220914
2023-02-17,190.00,209.93,189.68,207.98,3364480
2023-02-20,208.85,211.00,204.02,209.43,839198
2023-02-21,210.45,216.85,208.07,211.50,1082544
2023-02-22,210.00,210.25,200.12,204.73,634892
2023-02-23,205.00,209.68,203.98,205.80,449436
2023-02-24,206.85,208.40,201.80,203.98,392264
2023-02-27,203.98,203.98,187.52,189.90,997134
2023-02-28,189.85,198.10,189.50,197.18,1069862
2023-03-01,198.95,202.98,195.25,197.00,479398
2023-03-02,197.45,199.50,188.43,189.68,573274
2023-03-03,193.00,195.50,189.73,193.00,450276
2023-03-06,193.68,196.95,192.00,192.80,358282
2023-03-08,191.85,196.55,190.18,195.20,428604
2023-03-09,195.65,202.45,195.20,200.05,607898
2023-03-10,200.00,203.48,197.00,199.05,816278
2023-03-13,200.00,200.65,189.27,190.18,389716
2023-03-14,190.45,193.32,186.73,192.00,468882
2023-03-15,193.75,196.48,189.45,190.73,542736
2023-03-16,189.75,193.73,184.85,192.50,693356
2023-03-17,194.00,196.90,191.07,193.25,401738
2023-03-20,193.20,193.20,188.73,190.93,386290
2023-03-21,191.60,193.45,189.55,191.25,231162
2023-03-22,191.45,192.80,188.70,191.52,176392
2023-03-23,192.95,194.88,191.52,192.65,250868
2023-03-24,192.00,194.73,188.02,189.18,232436
2023-03-27,189.98,193.50,181.50,182.40,300402
2023-03-28,182.45,187.90,174.93,184.45,710864
2023-03-29,182.52,192.38,182.52,189.18,528052
2023-03-31,189.90,195.07,189.05,191.07,333022
2023-04-03,191.75,197.50,190.43,195.75,625222
2023-04-05,196.50,201.45,195.80,198.82,608630
2023-04-06,199.43,202.95,197.50,201.48,584646
2023-04-10,202.50,203.48,197.80,199.68,223164
2023-04-11,201.50,218.12,200.75,216.35,2502206
2023-04-12,217.73,223.20,213.98,216.75,1802576
2023-04-13,215.75,226.70,214.98,224.98,1448518
2023-04-17,225.18,226.70,218.98,221.48,556788
2023-04-18,222.60,224.50,216.15,218.12,388172
2023-04-19,219.20,227.65,218.27,222.23,856880
2023-04-20,223.25,226.90,221.25,224.07,464390
2023-04-21,224.82,227.85,219.27,222.38,404384
2023-04-24,222.52,230.75,222.50,229.90,1052836
2023-04-25,231.00,236.88,203.77,210.57,4298936
2023-04-26,212.50,222.45,206.50,209.93,2419102
2023-04-27,211.40,215.30,211.00,213.77,646956
2023-04-28,217.50,218.50,215.77,217.07,575294
2023-05-02,218.50,221.88,215.10,216.20,549542
2023-05-03,215.23,217.85,214.50,215.25,399200
2023-05-04,216.25,220.10,215.27,219.82,470318
2023-05-05,220.52,224.12,219.88,222.12,516070
2023-05-08,223.32,227.05,222.65,224.32,482456
2023-05-09,225.10,227.95,220.15,220.90,643086
2023-05-10,222.00,222.00,217.50,218.50,262354
2023-05-11,220.48,229.50,218.52,228.05,617238
2023-05-12,228.00,255.90,228.00,252.20,5839386
2023-05-15,260.00,262.98,254.85,259.40,2592560
2023-05-16,261.00,267.98,255.25,266.88,1751546
2023-05-17,265.02,270.98,263.25,269.35,1144004
2023-05-18,271.00,277.50,270.00,276.20,1519990
2023-05-19,276.50,282.88,263.55,281.55,1662242
2023-05-22,281.50,281.55,275.00,276.67,712312
2023-05-23,276.00,281.50,271.67,278.52,729254
2023-05-24,275.00,284.70,275.00,279.60,603328
2023-05-25,279.73,297.50,278.75,296.25,1783298
2023-05-26,297.00,299.95,286.00,290.42,1164812
2023-05-29,291.00,293.58,267.50,269.67,1343950
2023-05-30,268.70,273.98,261.02,262.23,1431268
2023-05-31,263.23,268.98,259.00,264.40,806216
2023-06-01,264.50,273.70,264.50,271.52,771362
2023-06-02,271.92,273.10,267.02,268.77,578680
2023-06-05,271.08,279.90,270.02,276.35,821450
2023-06-06,278.00,279.48,272.73,275.35,393454
2023-06-07,276.02,282.30,275.35,280.75,974294
2023-06-08,282.48,283.50,273.02,282.38,525942
2023-06-09,281.50,287.00,280.02,282.52,405342
2023-06-12,283.00,286.65,278.50,283.98,480872
2023-06-13,283.98,290.65,283.98,287.62,439714
2023-06-14,288.83,293.15,285.62,287.65,390976
2023-06-15,287.65,293.33,287.50,291.50,369118
2023-06-16,291.95,297.95,289.00,290.75,513832
2023-06-19,290.75,298.48,290.75,294.20,698310
2023-06-20,294.90,296.00,290.45,293.38,367098
2023-06-21,293.48,294.95,282.75,284.52,582342
2023-06-22,285.50,286.50,280.00,281.17,314442
2023-06-23,282.80,282.80,272.62,275.88,500106
2023-06-26,273.50,280.50,272.00,274.67,328640
2023-06-27,277.25,297.15,275.52,294.58,1716124
2023-06-28,297.00,297.00,286.02,287.23,504804
2023-06-30,287.35,294.12,284.70,292.17,451172
2023-07-03,294.17,318.60,293.67,312.17,2814466
2023-07-04,314.45,315.95,305.65,307.25,668610
2023-07-05,308.50,322.35,308.38,318.48,1176880
2023-07-06,319.40,325.12,313.30,319.70,932928
2023-07-07,318.75,323.98,315.50,321.67,556104
2023-07-10,321.67,324.40,313.50,316.65,517504
2023-07-11,317.50,374.45,316.95,361.05,10402086
2023-07-12,363.00,373.50,361.90,364.92,2261590
2023-07-13,368.45,372.48,356.75,359.08,979228
2023-07-14,360.00,386.98,355.17,360.88,2161534
2023-07-17,363.95,372.50,361.75,363.58,1000420
2023-07-18,366.33,367.60,358.02,360.90,485372
2023-07-19,361.98,380.95,358.60,377.30,1251330
2023-07-20,377.23,382.50,365.50,369.62,1328444
2023-07-21,369.50,371.00,363.27,368.90,435834
2023-07-24,370.35,372.50,363.50,367.38,429084
2023-07-25,369.48,379.85,367.83,375.17,719436
2023-07-26,377.50,386.10,375.55,377.85,782152
2023-07-27,377.95,380.73,373.55,375.38,332706
2023-07-28,375.00,378.50,363.52,367.12,433336
2023-07-31,368.92,390.95,368.25,378.80,1192310
2023-08-01,378.92,394.20,378.00,391.30,1086522
2023-08-02,392.48,399.00,387.52,396.70,844106
2023-08-03,398.00,410.00,394.02,409.52,1246608
2023-08-04,411.50,414.30,396.00,399.52,1896392
2023-08-07,402.45,403.95,396.02,398.83,299664
2023-08-08,401.85,401.85,383.65,388.58,554428
2023-08-09,391.00,397.98,386.70,396.17,466978
2023-08-10,397.20,397.80,392.60,395.90,308106
2023-08-11,395.00,419.98,394.25,417.98,1551224
2023-08-14,419.50,419.98,410.50,415.33,773208
2023-08-16,414.98,418.50,410.17,414.12,345392
2023-08-17,414.00,427.50,395.60,408.55,1360428
2023-08-18,408.50,425.95,406.85,415.10,1028068
2023-08-21,417.25,428.38,417.25,422.15,808534
2023-08-22,422.50,427.50,418.73,424.95,614416
2023-08-23,421.50,432.15,421.50,424.27,471800
2023-08-24,425.52,430.00,422.00,424.45,316690
2023-08-25,424.45,426.00,415.30,424.75,330106
2023-08-28,426.00,430.00,421.00,423.42,502280
2023-08-29,423.98,427.50,417.77,424.15,351480
2023-08-30,425.00,434.95,422.50,426.92,766058
2023-08-31,428.90,443.02,425.92,441.50,1139654
2023-09-01,442.50,453.50,442.50,450.23,639448
2023-09-04,453.38,467.50,452.50,464.55,638102
2023-09-05,464.55,491.50,462.55,473.00,1378556
2023-09-06,476.75,480.25,443.83,451.40,1108908
2023-09-07,448.80,455.00,439.10,442.02,524052
2023-09-08,442.50,446.02,421.15,425.75,760718
2023-09-11,425.75,427.30,401.00,404.35,1621762
2023-09-12,404.98,416.95,376.02,395.95,1545434
2023-09-13,393.50,404.00,377.55,391.67,1110842
2023-09-14,391.50,399.67,389.50,391.02,681436
2023-09-15,393.00,394.95,376.10,380.62,779130
2023-09-18,380.62,393.75,368.52,372.35,1551818
2023-09-20,372.35,389.90,362.83,365.17,1761010
2023-09-21,367.48,373.85,351.00,352.55,1604524
2023-09-22,352.50,370.00,346.08,359.62,2493590
2023-09-25,362.75,386.45,362.73,379.23,1987200
2023-09-26,380.25,384.38,365.25,366.75,897116
2023-09-27,369.00,387.00,365.50,381.15,914976
2023-09-28,379.50,389.48,377.92,384.80,687172
2023-09-29,386.52,389.25,381.25,386.67,757406
2023-10-03,387.00,403.55,387.00,396.77,1042040
2023-10-04,397.05,404.20,388.00,399.55,1033886
2023-10-05,401.55,403.55,396.55,398.65,423000
2023-10-06,401.15,402.98,382.52,385.80,776802
2023-10-09,382.98,401.00,379.30,381.33,1095818
2023-10-10,384.52,394.17,382.52,391.55,480400
2023-10-11,394.50,403.80,394.45,401.02,604042
2023-10-12,403.00,421.40,402.98,413.73,1099820
2023-10-13,412.50,422.45,410.08,418.77,611522
2023-10-16,421.48,425.00,403.52,406.45,721936
2023-10-17,410.00,413.95,398.52,406.02,469814
2023-10-18,406.02,412.50,392.98,396.42,612798
2023-10-19,393.02,401.60,386.08,393.48,524568
2023-10-20,397.95,419.88,396.00,403.58,2669340
2023-10-23,407.50,414.95,385.58,388.70,975652
2023-10-25,393.92,399.33,368.50,373.98,944256
2023-10-26,373.95,389.75,356.62,387.40,1087004
2023-10-27,387.48,400.50,387.48,394.95,487816
2023-10-30,397.50,404.50,391.50,402.58,567840
2023-10-31,404.00,424.75,404.00,422.00,1503634
2023-11-01,425.42,451.92,425.40,433.58,3018126
2023-11-02,439.15,445.30,435.83,439.80,771086
2023-11-03,442.00,450.00,438.30,442.38,644068
2023-11-06,444.00,482.27,444.00,461.42,2828936
2023-11-07,465.00,472.00,448.45,450.92,921984
2023-11-08,453.00,459.00,434.48,437.98,994172
2023-11-09,441.00,458.45,440.50,450.58,854848
2023-11-10,451.17,461.73,450.83,452.62,478150
2023-11-12,455.48,459.00,452.62,454.25,151872
2023-11-13,453.50,454.23,447.50,451.02,392578
2023-11-15,454.50,457.50,444.02,445.30,437734
2023-11-16,445.95,448.35,435.00,436.83,470330
2023-11-17,436.20,452.15,435.00,443.40,652772
2023-11-20,443.65,457.45,443.50,449.00,482378
2023-11-21,452.25,456.50,442.50,445.12,314576
2023-11-22,447.50,452.50,437.65,441.40,394106
2023-11-23,443.48,447.50,439.25,441.58,185114
2023-11-24,445.00,493.85,443.00,478.12,6274266
2023-11-28,494.50,494.90,462.77,465.60,1270096
2023-11-29,467.52,471.00,453.58,456.40,997856
2023-11-30,458.90,474.50,452.77,471.45,1550978
2023-12-01,474.00,481.92,466.27,468.42,543414
2023-12-04,475.00,492.00,475.00,476.80,642918
2023-12-05,477.90,483.00,462.50,467.00,672624
2023-12-06,468.00,471.15,458.45,465.20,410214
2023-12-07,465.50,479.58,458.08,474.15,555806
2023-12-08,475.00,477.35,462.50,468.67,312784
2023-12-11,469.00,486.42,464.00,466.73,694150
2023-12-12,468.48,474.00,453.00,456.75,498510
2023-12-13,457.50,467.80,453.25,465.77,430292
2023-12-14,468.75,471.67,459.08,461.05,347736
2023-12-15,462.62,467.23,455.98,457.83,388396
2023-12-18,460.48,461.35,454.33,456.50,407202
2023-12-19,458.50,459.35,451.00,453.02,391858
2023-12-20,454.75,468.00,432.50,440.73,976976
2023-12-21,442.50,448.83,428.77,444.98,407646
2023-12-22,448.00,451.75,441.58,446.75,262090
2023-12-26,445.98,473.85,441.10,470.12,1775758
2023-12-27,472.50,475.00,465.65,469.50,488644
2023-12-28,472.98,474.00,466.02,468.77,342056
2023-12-29,468.77,484.00,461.00,463.48,1028718
2024-01-01,466.48,472.45,464.48,468.70,294968
2024-01-02,470.10,472.48,452.50,459.62,497088
2024-01-03,460.00,464.52,458.42,460.88,238060
2024-01-04,462.95,470.62,458.50,464.17,311282
2024-01-05,467.98,472.38,463.27,467.42,377874
2024-01-08,471.00,514.00,471.00,495.75,5181882
2024-01-09,502.55,513.50,498.50,502.48,1504926
2024-01-10,504.50,504.68,492.50,501.45,638364
2024-01-11,503.55,516.95,500.00,507.02,1144594
2024-01-12,510.05,513.80,503.43,510.32,671596
2024-01-15,513.75,546.80,511.45,536.77,1915458
2024-01-16,537.00,545.00,502.57,516.60,1020288
2024-01-17,512.50,521.02,505.00,509.40,580380
2024-01-18,508.50,514.00,478.77,508.07,889816
2024-01-19,512.50,545.50,511.30,542.77,1327940
2024-01-20,546.50,549.50,531.48,537.90,321480
2024-01-23,548.17,550.00,502.50,505.27,970296
2024-01-24,500.00,533.85,497.52,529.55,857026
2024-01-25,533.30,559.95,512.92,518.10,2579856
2024-01-29,525.00,542.00,519.50,532.12,1046178
2024-01-30,535.67,561.00,533.55,542.90,1616894
2024-01-31,545.00,554.50,531.62,550.30,936096
2024-02-01,553.08,554.60,532.38,534.92,639054
2024-02-02,537.60,549.00,530.00,533.65,571380
2024-02-05,538.30,544.50,529.10,533.92,565780
2024-02-06,535.00,537.17,521.50,524.00,313370
2024-02-07,527.00,534.50,522.92,528.42,246202
2024-02-08,530.50,530.50,520.02,521.27,232792
2024-02-09,521.00,524.25,498.23,507.07,425696
2024-02-12,507.07,507.57,490.50,492.58,290614
2024-02-13,492.60,507.43,485.67,502.95,228058
2024-02-14,495.12,523.90,495.12,519.20,349352
2024-02-15,522.33,531.98,511.77,513.23,308460
2024-02-16,517.23,525.00,505.55,510.10,334224
2024-02-19,515.20,529.95,511.00,521.70,378832
2024-02-20,522.50,526.62,509.00,510.77,261668
2024-02-21,515.90,518.00,493.02,499.70,392552
2024-02-22,498.50,504.77,495.50,498.65,251754
2024-02-23,502.50,514.35,499.50,509.45,315512
2024-02-26,512.00,512.98,497.50,499.62,236244
2024-02-27,500.00,503.45,466.50,475.50,658530
2024-02-28,483.00,485.50,462.00,469.40,407968
2024-02-29,471.70,506.95,455.50,501.07,1109074
2024-03-01,499.45,504.90,493.02,494.95,225424
2024-03-02,493.50,503.50,490.02,499.45,29472
2024-03-04,499.73,500.77,487.70,495.52,222376
2024-03-05,499.00,499.50,488.00,490.85,267442
2024-03-06,490.55,491.12,466.50,471.30,479178
2024-03-07,472.88,482.95,465.23,481.17,355400
2024-03-11,481.17,481.50,460.50,471.42,574230
2024-03-12,465.02,476.00,429.50,435.12,842848
2024-03-13,439.98,442.35,397.55,404.90,1131824
2024-03-14,411.50,430.00,395.15,422.00,717054
2024-03-15,427.65,446.67,420.50,436.48,3864478
2024-03-18,435.00,439.25,421.25,424.23,442180
2024-03-19,428.25,428.25,416.02,419.55,226890
2024-03-20,423.00,430.00,412.50,420.42,275906
2024-03-21,427.50,452.70,427.15,444.90,469570
2024-03-22,444.52,462.35,440.58,460.12,547266
2024-03-26,460.12,474.35,452.70,471.62,492480
2024-03-27,474.95,485.50,464.05,480.08,621252
2024-03-28,485.00,487.20,466.95,474.38,246362
2024-04-01,479.17,489.85,477.38,488.77,210674
2024-04-02,490.75,494.27,481.08,486.50,150130
2024-04-03,488.25,491.00,480.00,488.88,201590
2024-04-04,493.77,497.67,486.62,491.65,202458
2024-04-05,491.65,507.73,486.50,502.62,280296
2024-04-08,507.55,516.05,505.52,511.90,347430
2024-04-09,513.98,516.00,497.50,500.65,305544
2024-04-10,502.75,509.60,494.33,499.48,144100
2024-04-12,502.18,504.05,485.00,486.00,292348
2024-04-15,487.95,511.50,484.00,494.12,650590
2024-04-16,494.12,510.98,494.12,507.20,416196
2024-04-18,513.85,535.00,512.50,530.50,950688
2024-04-19,524.00,598.98,515.00,583.12,5322852
2024-04-22,617.50,622.50,570.55,577.85,2659156
2024-04-23,588.85,589.00,556.67,563.23,1012516
2024-04-24,568.50,585.00,566.00,574.25,748662
2024-04-25,574.95,579.75,565.02,571.00,424652
2024-04-26,565.50,572.73,560.00,563.10,369180
2024-04-29,564.45,589.50,560.73,579.38,481912
2024-04-30,580.00,582.98,565.00,567.17,404124
2024-05-02,569.02,581.55,561.67,569.45,419062
2024-05-03,569.48,572.85,542.48,548.73,593464
2024-05-06,550.00,554.10,526.27,529.83,522904
2024-05-07,530.00,531.50,513.40,520.98,339022
2024-05-08,521.17,535.50,514.52,533.08,296576
2024-05-09,534.50,535.48,500.50,504.65,439834
2024-05-10,480.20,517.60,460.02,498.23,1894588
2024-05-13,497.92,506.60,480.77,503.80,719632
2024-05-14,504.50,552.88,504.45,547.40,1220846
2024-05-15,555.00,556.33,535.55,548.88,456348
2024-05-16,548.75,574.88,548.60,572.27,1046734
2024-05-17,571.95,583.55,565.25,571.55,673894
2024-05-18,573.50,577.25,566.02,572.35,48770
2024-05-21,577.85,581.62,568.33,570.73,508304
2024-05-22,570.98,583.45,568.00,572.02,748374
2024-05-23,572.02,577.50,566.50,571.23,468792
2024-05-24,569.50,579.25,563.02,572.95,341304
2024-05-27,575.00,594.30,573.05,581.80,842676
2024-05-28,585.00,590.00,564.98,569.73,478316
2024-05-29,565.00,574.60,553.80,555.80,225808
2024-05-30,555.02,566.75,542.55,547.48,333936
2024-05-31,549.50,559.00,537.83,554.55,447906
2024-06-03,590.00,590.00,564.20,575.23,799186
2024-06-04,570.00,570.00,477.00,515.17,897156
2024-06-05,516.00,533.23,487.15,501.95,1091548
2024-06-06,509.70,534.10,509.70,523.12,612734
2024-06-07,525.02,560.00,525.02,551.77,512098
2024-06-10,555.45,581.48,551.77,577.90,703132
2024-06-11,581.50,592.92,578.65,588.77,395898
2024-06-12,593.25,677.75,592.35,669.20,14721430
2024-06-13,675.00,675.00,638.50,658.83,3447012
2024-06-14,661.15,674.00,645.65,660.83,1018030
2024-06-18,664.92,667.42,648.50,650.23,420818
2024-06-19,654.23,657.50,635.00,651.30,334376
2024-06-20,651.50,666.58,639.30,651.00,469360
2024-06-21,656.23,660.95,646.35,654.17,645412
2024-06-24,659.05,690.00,642.85,657.25,1496400
2024-06-25,665.00,683.00,661.52,666.30,663184
2024-06-26,667.20,674.40,662.05,666.70,484760
2024-06-27,664.98,669.38,655.20,662.15,560218
2024-06-28,656.40,668.70,655.00,661.05,297124
2024-07-01,651.00,670.00,650.52,664.08,435154
2024-07-02,668.98,700.00,665.00,673.33,1465152
2024-07-03,681.25,687.48,666.60,668.17,535606
2024-07-04,671.00,682.00,669.02,673.10,331146
2024-07-05,682.50,690.00,675.45,688.35,609168
2024-07-08,702.50,704.50,626.17,645.20,4218124
2024-07-09,652.50,664.50,640.00,646.48,968950
2024-07-10,650.00,650.62,608.27,632.33,938700
2024-07-11,636.73,650.00,634.50,646.25,432728
2024-07-12,640.52,659.00,639.80,643.77,520384
2024-07-15,650.48,663.30,645.55,662.00,586132
2024-07-16,668.08,668.50,632.62,657.00,679000
2024-07-18,546.02,659.00,546.02,640.35,5734546
2024-07-19,665.00,716.75,632.80,641.00,4446248
2024-07-22,631.00,642.85,616.60,630.90,597910
2024-07-23,631.90,634.75,582.00,629.80,1406775
2024-07-24,629.80,633.15,611.25,615.35,432416
2024-07-25,612.95,618.35,601.10,603.70,325103
2024-07-26,607.30,636.90,607.00,626.90,1043768
2024-07-29,631.50,643.75,620.20,640.00,525593
2024-07-30,639.45,652.00,621.65,632.35,528873
2024-07-31,627.30,639.95,617.90,630.10,621163
2024-08-01,634.70,639.50,626.00,636.50,273785
2024-08-02,636.05,642.00,602.05,608.40,721180
2024-08-05,590.10,598.80,564.75,572.60,708679
2024-08-06,580.00,593.95,562.00,565.05,922787
2024-08-07,578.95,601.90,564.05,593.70,739639
2024-08-08,596.00,596.65,582.10,588.80,276266
2024-08-09,591.35,594.65,581.00,582.00,210327
2024-08-12,579.80,598.00,565.70,595.70,414173
2024-08-13,599.05,613.65,593.70,598.15,345571
2024-08-14,601.45,601.45,583.00,596.25,223164
2024-08-16,602.95,611.15,593.45,605.55,266521
2024-08-19,608.00,611.10,604.75,605.30,281530
2024-08-20,608.90,616.55,606.00,610.40,202809
2024-08-21,608.90,615.00,604.80,612.65,201525
2024-08-22,611.70,613.35,600.60,607.00,302876
2024-08-23,609.15,614.00,605.00,610.95,180607
2024-08-26,616.50,616.50,606.75,610.20,220921
2024-08-27,610.20,619.50,607.30,617.00,256392
2024-08-28,620.50,621.10,610.95,615.85,198671
2024-08-29,610.20,618.65,610.20,615.15,136064
2024-08-30,615.10,623.00,612.00,621.45,188602
2024-09-02,627.00,633.95,613.00,620.55,614435
2024-09-03,622.80,631.05,620.50,626.80,175780
2024-09-04,615.15,636.80,615.15,620.10,212020
2024-09-05,621.20,632.90,620.55,627.20,386015
2024-09-06,630.00,643.00,613.70,616.35,672204
2024-09-09,616.45,626.00,604.20,622.65,272602
2024-09-10,625.60,637.00,620.00,633.60,220426
2024-09-11,637.65,651.70,614.50,617.30,288529
2024-09-12,619.60,626.70,614.05,622.65,145918
2024-09-13,622.65,644.90,620.05,638.05,418409
2024-09-16,639.05,639.15,620.50,622.60,159899
2024-09-17,622.45,628.80,616.40,626.35,225622
2024-09-18,626.35,640.50,623.00,630.70,211303
2024-09-19,631.00,632.95,611.05,621.65,438228
2024-09-20,624.40,640.10,619.45,636.10,411989
2024-09-23,638.00,674.00,636.10,657.85,1703108
2024-09-24,663.85,667.00,656.15,661.70,432258
2024-09-25,663.00,669.90,659.00,663.60,318954
2024-09-26,666.35,710.00,665.80,702.30,5019535
2024-09-27,703.90,708.80,688.95,695.30,712037
2024-09-30,696.50,704.75,685.80,700.05,415088
2024-10-01,705.00,719.80,690.30,696.45,608290
2024-10-03,684.50,706.50,671.60,689.85,611611
2024-10-04,689.05,699.90,672.10,675.80,402734
2024-10-07,675.45,675.45,621.05,624.95,903088
2024-10-08,625.95,641.00,618.00,637.85,387849
2024-10-09,642.95,658.35,634.00,655.55,428209
2024-10-10,662.05,709.40,655.55,702.00,1646873
2024-10-11,701.85,717.85,681.00,689.70,638351
2024-10-14,692.25,711.65,688.35,695.65,392809
2024-10-15,697.95,713.40,689.00,707.95,447652
2024-10-16,713.00,739.00,706.05,731.25,1318409
2024-10-17,734.50,739.10,712.95,721.45,624367
2024-10-18,718.70,718.70,621.00,626.40,3580082
2024-10-21,636.15,637.65,585.10,594.50,2365271
2024-10-22,603.95,603.95,571.40,588.95,1608814
2024-10-23,591.50,606.20,590.30,599.15,723826
2024-10-24,600.45,601.30,574.15,581.10,539629
2024-10-25,581.10,584.25,527.55,541.55,1583593
2024-10-28,545.75,568.65,530.75,564.00,851004
2024-10-29,555.05,563.90,538.75,548.75,509305
2024-10-30,550.95,556.85,535.60,551.10,701882
2024-10-31,549.00,579.15,547.55,574.70,534511
2024-11-01,580.45,588.00,577.00,582.20,75841
2024-11-04,582.20,596.45,575.60,585.00,675270
2024-11-05,587.70,590.00,575.60,579.90,283832
2024-11-06,580.00,613.00,579.20,610.75,384308
2024-11-07,610.75,610.75,586.30,593.70,565746
2024-11-08,587.75,592.75,568.00,571.60,262333
2024-11-11,569.00,576.00,555.05,573.75,292654
2024-11-12,568.00,577.00,552.50,557.50,266363
2024-11-13,549.15,568.65,536.95,543.80,556905
2024-11-14,548.00,560.40,530.15,558.50,438406
2024-11-18,557.00,557.00,537.45,548.05,331485
2024-11-19,549.80,581.95,543.80,573.10,473998
2024-11-21,573.10,573.10,548.15,564.85,303099
2024-11-22,562.50,566.25,549.05,560.95,336806
2024-11-25,566.00,602.00,565.90,595.15,445751
2024-11-26,561.50,576.30,556.00,570.40,994702
2024-11-27,572.00,594.75,570.00,582.65,406052
2024-11-28,582.65,591.65,578.40,584.05,189953
2024-11-29,582.40,588.65,574.00,584.75,179143
2024-12-02,590.10,591.20,578.35,588.25,182063
2024-12-03,588.25,626.00,588.20,622.80,1352704
2024-12-04,627.00,652.00,625.45,638.25,1360251
2024-12-05,646.50,648.60,624.10,630.05,387066
2024-12-06,630.40,641.65,628.00,630.95,269451
2024-12-09,630.95,640.95,621.10,625.65,211034
2024-12-10,626.00,664.00,626.00,660.60,1217031
2024-12-11,664.00,672.55,655.00,657.20,792855
2024-12-12,657.65,669.00,641.35,650.95,591783
2024-12-13,651.00,656.35,643.50,648.35,314870
2024-12-16,649.30,657.90,642.40,645.40,201496
2024-12-17,645.00,652.45,630.35,638.40,282482
2024-12-18,635.40,638.40,611.45,613.05,343353
2024-12-19,607.00,625.00,602.00,617.85,240765
2024-12-20,620.40,623.65,597.00,601.75,170607
2024-12-23,602.00,619.95,592.20,602.40,262838
2024-12-24,604.15,639.40,602.00,627.50,395401
2024-12-26,628.00,646.50,621.50,641.70,1005258
2024-12-27,645.00,647.70,625.00,642.35,296607
2024-12-30,642.35,646.75,616.60,629.20,302009
2024-12-31,630.00,651.85,630.00,634.50,470303
2025-01-01,634.60,643.50,629.80,635.50,177415
2025-01-02,635.95,641.55,628.05,630.30,158025
2025-01-03,630.30,643.45,624.05,633.85,268353
2025-01-06,633.85,636.85,600.50,605.30,465090
2025-01-07,611.50,613.20,601.00,611.70,259186
2025-01-08,618.10,623.95,594.55,605.75,391241
2025-01-09,610.15,612.50,601.25,605.30,181768
2025-01-10,605.00,606.75,584.00,594.95,383567
2025-01-13,575.00,588.00,548.05,550.95,605331
2025-01-14,551.65,570.65,533.85,566.20,539796
2025-01-15,563.65,638.30,563.05,617.30,676226
2025-01-16,605.00,617.30,592.15,598.15,524233
2025-01-17,598.15,599.60,588.80,590.25,173429
2025-01-20,591.00,611.95,586.50,604.25,232751
2025-01-21,606.00,613.80,602.75,605.60,264937
2025-01-22,603.95,605.20,531.90,550.80,1955019
2025-01-23,559.10,586.00,537.50,568.90,951998
2025-01-24,568.60,569.05,540.30,544.25,643378
2025-01-27,540.00,540.00,513.10,526.30,391950
2025-01-28,527.50,535.00,502.05,519.00,645440
2025-01-29,516.00,549.25,511.05,517.75,661206
2025-01-30,525.35,529.05,515.10,520.15,328701
2025-01-31,521.00,537.55,516.15,532.40,258931
2025-02-01,537.00,543.45,521.70,529.50,156321
2025-02-03,529.25,529.25,477.60,480.35,1308849
2025-02-04,480.00,499.95,472.65,494.95,1004651
2025-02-05,498.35,510.00,492.45,500.40,387415
2025-02-06,502.30,519.00,498.95,516.10,321908
2025-02-07,516.10,523.35,508.00,510.80,232214
2025-02-10,515.10,518.45,503.10,507.35,285130
2025-02-11,503.25,504.05,444.85,464.30,1747910
2025-02-12,466.55,473.35,444.50,464.30,733905
2025-02-13,468.95,491.20,466.10,484.40,534213
2025-02-14,490.05,498.00,453.35,461.05,313183
2025-02-17,458.10,461.05,439.55,445.85,485884
2025-02-18,450.40,453.95,431.00,445.30,550333
2025-02-19,445.85,474.00,440.35,466.75,396938
2025-02-20,466.70,480.50,456.40,477.90,421403
2025-02-21,481.50,486.35,466.45,475.40,220313
2025-02-24,466.00,475.20,458.65,464.45,228419
2025-02-25,468.90,479.95,446.00,448.10,324841
2025-02-27,450.00,453.25,433.50,437.45,370598
2025-02-28,437.00,437.00,410.95,414.20,347956
2025-03-03,420.05,423.30,386.50,388.40,1529377
2025-03-04,388.30,399.00,376.95,392.25,631892
2025-03-05,392.50,422.45,392.50,419.55,1624530
2025-03-06,424.55,430.00,422.00,424.50,431301
2025-03-07,423.90,445.05,422.60,437.55,575270
2025-03-10,442.00,447.90,412.75,415.45,321646
2025-03-11,410.00,412.80,396.30,399.80,454276
2025-03-12,405.00,408.00,397.25,401.85,290467
2025-03-13,404.45,407.95,388.80,391.10,754898
2025-03-17,395.70,398.25,385.60,390.85,445121
2025-03-18,392.00,421.00,392.00,415.30,888633
2025-03-19,418.00,433.10,416.10,431.25,634908
2025-03-20,437.75,443.95,421.65,425.70,549896
2025-03-21,425.00,459.95,424.10,439.95,1125568
2025-03-24,447.00,494.40,439.60,457.15,2789234
2025-03-25,459.95,462.80,435.40,437.35,643361
2025-03-26,439.00,471.00,430.60,460.30,2094928
2025-03-27,455.00,465.95,441.75,461.00,905691
2025-03-28,466.95,469.95,444.05,449.15,568948
2025-04-01,448.00,456.00,442.15,445.95,307849
2025-04-02,450.80,454.05,435.10,451.05,302752
2025-04-03,447.00,458.40,446.35,455.10,274315
2025-04-04,457.00,457.10,430.10,434.25,363204
2025-04-07,403.80,418.70,387.00,415.60,587947
2025-04-08,423.00,431.80,415.70,418.40,374217
2025-04-09,418.40,419.95,405.55,414.55,244617
2025-04-11,430.00,438.00,418.40,436.05,359717
2025-04-15,450.00,466.00,442.65,463.15,594114
2025-04-16,467.45,475.70,462.05,464.45,469602
2025-04-17,464.30,476.00,461.95,470.25,577164
2025-04-21,473.95,498.50,468.75,496.25,798040
2025-04-22,500.00,519.85,488.60,512.35,1424967
2025-04-23,517.00,529.00,502.00,526.40,1436125
2025-04-24,527.75,555.55,519.10,540.30,5954157
2025-04-25,549.00,553.00,505.45,517.75,2393920
2025-04-28,520.00,548.00,512.25,541.10,1837763
2025-04-29,540.90,563.00,538.35,560.25,1467933
2025-04-30,559.00,572.55,540.50,544.85,1150462
2025-05-02,544.90,581.45,542.55,574.80,2330185
2025-05-05,577.90,585.40,565.20,578.90,743853
2025-05-06,577.00,605.20,574.50,593.60,2069224
2025-05-07,593.00,623.65,583.30,616.10,1547676
2025-05-08,616.10,648.80,606.15,617.80,2274818
2025-05-09,600.00,631.05,599.25,622.10,978294
2025-05-12,636.65,646.85,632.70,643.10,790295
2025-05-13,641.00,677.70,630.05,668.95,1353546
2025-05-14,669.00,671.95,643.00,655.20,1023864
2025-05-15,654.95,682.85,648.65,679.80,1100403
2025-05-16,682.75,687.00,653.20,663.25,834103
2025-05-19,663.70,685.80,663.70,674.20,619903
2025-05-20,674.00,678.00,654.05,655.90,328302
2025-05-21,655.90,683.50,654.30,680.55,908172
2025-05-22,678.95,695.30,674.50,676.75,663979
2025-05-23,685.00,698.00,678.05,681.15,518280
2025-05-26,685.00,689.40,669.10,673.30,543404
2025-05-27,673.30,691.05,670.05,685.85,405549
2025-05-28,689.80,701.50,669.05,677.65,815383
2025-05-29,682.00,690.00,676.05,679.15,381894
2025-05-30,685.70,689.85,661.30,664.00,557867
2025-06-02,664.00,703.00,664.00,699.90,1030332
2025-06-03,705.00,716.25,686.05,689.55,927662
2025-06-04,693.80,709.00,686.55,705.40,535385
2025-06-05,705.45,715.00,689.10,692.40,454937
2025-06-06,695.00,698.95,682.40,694.30,629564
2025-06-09,695.00,704.50,683.55,686.35,506189
2025-06-10,693.80,704.00,686.05,691.80,554587
2025-06-11,697.65,697.65,672.60,682.35,368386
2025-06-12,686.70,688.95,667.10,669.50,502430
2025-06-13,650.00,677.05,641.80,669.70,516654
2025-06-16,668.10,676.25,651.10,669.85,340787
2025-06-17,669.45,670.80,648.00,650.55,330205
2025-06-18,645.00,660.30,636.35,638.95,392730
2025-06-19,640.00,647.20,628.90,631.85,522977
2025-06-20,629.00,644.55,626.30,633.00,489038
2025-06-23,626.60,638.00,625.70,635.80,244926
2025-06-24,642.00,649.45,624.10,627.30,623259
2025-06-25,632.70,653.00,632.50,639.10,580955
2025-06-26,642.30,647.00,625.00,626.40,652723
2025-06-27,630.00,660.80,626.00,653.35,2259974
2025-06-30,657.00,672.00,638.05,654.70,723885
2025-07-01,658.00,661.00,632.00,633.75,678288
2025-07-02,636.00,663.00,632.20,650.85,1166775
2025-07-03,651.00,652.40,640.10,642.25,265155
2025-07-04,644.15,650.95,640.45,646.10,282213
2025-07-07,648.20,656.50,638.85,646.60,280128
2025-07-08,648.00,650.90,630.00,640.25,320772
2025-07-09,644.00,665.00,636.30,660.35,618159
2025-07-10,675.00,677.55,643.00,648.70,1276958
2025-07-11,647.00,683.00,614.90,619.30,5927118
2025-07-14,622.50,637.85,622.50,627.35,967561
2025-07-15,629.00,634.00,621.30,624.35,575239
2025-07-16,626.00,626.55,603.20,606.95,947540
2025-07-17,611.80,621.50,605.60,607.35,494278
2025-07-18,609.75,614.00,595.35,601.00,476966
2025-07-21,601.00,602.80,592.00,599.40,292058
2025-07-22,601.00,608.45,594.10,597.30,262248
2025-07-23,600.00,612.15,589.00,594.80,542548
2025-07-24,594.00,597.00,585.10,588.80,314282
2025-07-25,588.10,588.75,575.00,577.05,338034
2025-07-28,577.05,578.45,560.00,563.90,520643
2025-07-29,567.30,584.65,563.60,578.05,603319
2025-07-30,581.55,587.20,578.00,579.15,246156
2025-07-31,570.10,577.45,566.00,570.25,240227
2025-08-01,569.80,574.80,561.35,563.65,192049
2025-08-04,562.60,576.00,558.40,572.95,287071
2025-08-05,562.20,578.70,561.80,572.70,221462
2025-08-06,571.00,577.80,558.70,561.90,216925
2025-08-07,560.00,561.35,548.00,553.50,308066
2025-08-08,554.00,559.30,535.00,541.05,241455
2025-08-11,535.00,545.70,535.00,541.60,252375
2025-08-12,544.90,547.10,538.00,545.45,207486
2025-08-13,545.45,571.50,545.15,567.80,482985
2025-08-14,569.95,570.35,550.00,552.50,209367
2025-08-18,559.00,564.95,550.25,562.50,246542
2025-08-19,562.50,576.45,557.70,575.30,359233
2025-08-20,575.30,583.55,569.40,577.30,261755
2025-08-21,578.95,579.75,563.35,564.10,210069
2025-08-22,563.70,568.20,555.05,556.15,135169
2025-08-25,558.05,577.30,555.05,574.40,336244
2025-08-26,574.00,574.00,552.05,555.55,317459
2025-08-28,555.60,557.45,536.00,538.65,270327
2025-08-29,538.65,557.10,538.20,552.30,196038
2025-09-01,560.00,561.95,552.00,554.95,167475
2025-09-02,555.00,565.35,552.30,558.90,216279
2025-09-03,560.00,572.00,556.80,562.80,142232
2025-09-04,565.00,567.30,551.05,553.30,149124
2025-09-05,554.00,556.95,549.60,553.80,160364
2025-09-08,553.80,573.80,553.80,569.30,354714
2025-09-09,569.50,569.50,557.15,559.90,190191
2025-09-10,561.00,614.60,561.00,600.80,5550329
2025-09-11,603.80,604.35,583.15,590.00,597168
2025-09-12,591.00,605.00,584.00,600.50,512670
2025-09-15,600.50,610.80,595.50,602.55,397732
2025-09-16,603.00,626.85,599.70,624.50,1164527
2025-09-17,628.05,633.35,623.00,628.30,430968
2025-09-18,630.70,631.75,618.95,622.50,237220
2025-09-19,621.00,634.90,617.80,621.50,380071
2025-09-22,621.50,628.15,607.75,613.45,264714
2025-09-23,613.90,615.30,600.55,605.40,245177
2025-09-24,603.00,606.45,591.00,595.85,292520
2025-09-25,594.80,594.80,580.10,584.45,235025
2025-09-26,583.05,584.00,563.45,565.70,281316
2025-09-29,565.70,574.20,555.65,557.90,243608
2025-09-30,558.80,571.65,558.50,567.90,229324
2025-10-01,568.00,592.85,567.90,586.85,664853
2025-10-03,586.85,591.60,578.00,584.55,317683
2025-10-06,584.55,604.80,581.15,602.50,522396
2025-10-07,608.40,626.00,596.60,619.65,1019426
2025-10-08,622.70,623.00,604.00,606.70,489437
2025-10-09,610.00,616.30,601.55,603.85,399395
2025-10-10,607.00,608.85,543.20,556.85,3780036
2025-10-13,550.00,555.35,547.15,551.75,611560
2025-10-14,551.95,558.15,527.90,531.40,720145
2025-10-15,531.60,544.00,528.30,542.25,341798
2025-10-16,545.00,551.85,541.50,543.05,280189
2025-10-17,540.05,543.10,536.00,541.40,312054
2025-10-20,541.00,547.30,538.85,543.65,216357
2025-10-21,550.00,555.40,549.00,553.70,129491
2025-10-23,557.95,574.90,548.00,564.75,627051
2025-10-24,565.00,572.00,558.20,569.10,250373
2025-10-27,569.10,573.95,555.10,557.80,261263
2025-10-28,556.00,565.80,552.20,557.15,307478
2025-10-29,553.00,563.15,551.30,560.00,240900
2025-10-30,560.90,572.20,558.00,568.80,275425
2025-10-31,571.95,574.80,559.40,561.45,167690
2025-11-03,561.45,570.45,555.00,557.65,287587
2025-11-04,556.05,570.80,555.15,565.30,230709
2025-11-06,565.20,565.20,544.00,546.05,313738
2025-11-07,541.05,546.50,535.45,537.75,258926
2025-11-10,539.00,540.40,522.05,523.55,314919
2025-11-11,523.55,525.25,510.00,513.40,345395
2025-11-12,514.00,526.60,511.95,525.75,304357
2025-11-13,526.00,542.60,524.55,540.35,388106
2025-11-14,541.95,553.30,532.70,535.65,274135
2025-11-17,535.65,547.00,532.00,545.55,288146
2025-11-18,546.00,548.95,535.00,536.15,171221
2025-11-19,535.00,552.85,533.20,538.70,390159
2025-11-20,538.70,539.10,529.00,532.45,183668
2025-11-21,532.00,540.95,510.00,514.35,354567
2025-11-24,514.90,517.20,491.00,494.40,546364
2025-11-25,494.40,500.00,486.00,497.75,405954
2025-11-26,501.00,507.40,498.60,503.15,222045
2025-11-27,507.50,507.50,495.90,499.55,176494
2025-11-28,502.05,513.70,496.80,504.45,380380
2025-12-01,503.00,505.70,489.55,491.20,278424
2025-12-02,488.10,492.20,485.55,487.85,186985
2025-12-03,485.00,488.85,474.25,482.20,433373
2025-12-04,484.00,491.50,477.75,479.50,169471
2025-12-05,479.50,482.70,471.00,474.45,226853
2025-12-08,474.80,476.55,465.95,473.10,308162
2025-12-09,470.75,479.30,461.00,476.95,232601
2025-12-10,478.75,488.55,472.00,474.45,178539
2025-12-11,477.00,480.00,469.80,478.20,156309
2025-12-12,476.20,485.00,476.20,482.85,123110
2025-12-15,482.40,488.50,479.25,484.70,191491
2025-12-16,482.55,488.00,478.00,481.15,134702
2025-12-17,478.00,482.40,473.00,475.05,117783
2025-12-18,475.05,475.10,466.25,471.30,113324
2025-12-19,471.30,484.95,470.00,482.80,298741
2025-12-22,483.00,493.80,482.85,490.45,268446
2025-12-23,491.00,498.00,489.30,492.15,139397
2025-12-24,490.30,492.50,480.00,480.85,174546
2025-12-26,484.00,488.85,476.25,478.50,152561
2025-12-29,479.95,486.80,474.75,475.85,236112
2025-12-30,479.60,480.55,465.15,470.20,505191
2025-12-31,468.00,483.55,467.30,481.45,245207
2026-01-01,482.55,489.55,479.00,480.70,169972
2026-01-02,482.00,516.00,481.90,501.00,1908336
2026-01-05,502.50,508.80,483.50,497.55,1288573
2026-01-06,499.10,501.00,476.90,479.30,448471
2026-01-07,480.00,524.50,480.00,517.85,12148545
2026-01-08,520.95,533.20,497.20,503.35,2418769
2026-01-09,449.35,457.80,415.05,423.55,12333997
2026-01-12,421.60,426.00,395.35,409.90,4308251
2026-01-13,416.85,422.80,397.50,400.60,1760588
2026-01-14,401.95,405.35,391.95,395.95,1105071
2026-01-16,396.05,398.35,387.25,391.90,883582
2026-01-19,390.00,390.25,382.50,386.20,463915
2026-01-20,386.05,387.60,372.50,375.10,775633
2026-01-21,375.10,383.00,361.50,378.70,1096767
2026-01-22,381.65,386.55,369.20,378.65,524589
2026-01-23,380.30,381.00,369.30,375.00,370363
2026-01-27,374.95,375.10,363.30,368.45,447390
2026-01-28,369.00,391.00,369.00,389.50,417521
2026-01-29,393.00,397.35,385.20,394.50,421959
2026-01-30,394.50,415.00,392.20,408.10,559920
2026-02-01,416.00,417.80,384.10,394.65,367951
2026-02-02,394.00,404.90,389.80,401.70,262809
2026-02-03,421.00,454.00,410.45,447.05,1643650
2026-02-04,446.95,458.90,435.95,455.70,541582
2026-02-05,456.00,456.40,433.30,438.50,351394
2026-02-06,437.00,446.85,434.00,442.35,246424
2026-02-09,444.85,491.00,444.00,480.05,2408017
2026-02-10,480.05,494.00,466.10,469.00,950278
2026-02-11,470.50,475.00,453.00,455.30,383254
2026-02-12,457.50,463.00,442.70,444.70,227881
2026-02-13,444.70,444.70,431.30,434.20,191768
2026-02-16,434.20,441.30,426.95,434.45,221878
2026-02-17,432.65,448.50,432.65,440.75,200495
2026-02-18,443.00,444.20,436.00,439.10,185210
2026-02-19,439.10,445.00,422.35,424.95,198484
2026-02-20,424.95,430.50,412.10,421.30,143012
2026-02-23,423.05,431.80,423.00,426.35,166681
2026-02-24,426.40,431.80,416.50,419.70,235468
2026-02-25,421.00,427.95,417.25,423.15,168987
2026-02-26,422.90,430.90,419.30,423.55,120546
2026-02-27,423.35,426.70,413.30,415.85,178733
2026-03-02,397.00,416.50,393.00,406.00,336982
2026-03-04,402.45,403.00,388.95,392.40,274014
2026-03-05,394.15,403.40,389.25,399.90,214729
2026-03-06,400.00,436.00,397.40,410.15,1836415
2026-03-09,400.00,408.60,390.50,405.45,298962
2026-03-10,411.00,424.00,399.35,401.95,348163
2026-03-11,402.60,408.80,398.00,401.30,206347
2026-03-12,395.00,398.75,384.50,391.00,481045
2026-03-13,390.00,392.95,374.85,380.65,417893
2026-03-16,380.00,380.70,366.30,375.65,345882
2026-03-17,376.50,394.50,372.15,382.80,564438
2026-03-18,383.05,416.00,383.05,397.75,601580
2026-03-19,391.75,393.45,380.75,383.35,544917
2026-03-20,387.95,404.75,387.15,389.85,829289
2026-03-23,388.85,388.85,372.50,379.05,416909
2026-03-24,390.75,393.00,373.15,384.55,509541
2026-03-25,390.40,397.80,386.00,387.25,459413
2026-03-27,386.00,386.75,370.10,372.30,525878
2026-03-30,370.00,370.00,352.00,354.75,586379
2026-04-01,367.95,387.65,367.15,381.35,587693
2026-04-02,377.00,389.65,367.50,388.15,422165
2026-04-06,388.15,395.55,381.00,391.60,375805
2026-04-07,390.00,395.95,385.05,394.95,246511
2026-04-08,411.40,424.60,403.10,419.60,741690
2026-04-09,423.50,431.30,420.25,425.85,575764
2026-04-10,430.00,435.50,414.50,419.50,1024193
2026-04-13,413.00,421.40,406.50,414.75,524333
2026-04-15,421.95,432.40,400.50,412.85,2614306
2026-04-16,410.00,421.75,403.00,406.25,963584
2026-04-17,409.50,415.20,405.40,412.75,720780
2026-04-20,414.95,441.90,405.80,435.55,1595370
2026-04-21,437.00,483.00,435.55,471.55,6312582
2026-04-22,467.80,511.00,464.15,504.10,2483381
2026-04-23,505.00,524.45,498.80,512.75,2285489
2026-04-24,512.05,516.35,496.55,512.75,990609
2026-04-27,515.10,520.80,495.00,497.45,465052
2026-04-28,497.40,501.55,475.90,479.20,617942
2026-04-29,481.60,494.90,472.20,488.25,1213202
2026-04-30,487.00,509.60,481.30,506.65,783278
2026-05-04,512.00,528.70,501.20,525.65,677646
2026-05-05,523.70,533.00,518.90,529.20,532737
2026-05-06,534.00,579.00,534.00,557.65,4498290
2026-05-07,560.50,574.90,560.00,562.65,869625
2026-05-08,564.10,566.85,554.05,557.65,809818
2026-05-11,555.00,555.00,523.80,529.25,624178
2026-05-12,528.00,531.60,500.00,502.00,631023
2026-05-13,491.70,512.85,491.70,505.80,385205
2026-05-14,510.85,512.15,488.00,499.00,423133
2026-05-15,498.00,498.60,482.30,484.85,291589
2026-05-18,478.00,487.00,469.65,484.30,402116
2026-05-19,478.10,487.45,478.10,485.15,290864
2026-05-20,484.75,488.50,475.50,486.25,192164
2026-05-21,490.00,520.35,488.05,504.15,1484242
2026-05-22,509.90,539.50,508.00,533.25,3521385
2026-05-25,538.00,550.00,527.85,547.40,876345
2026-05-26,547.00,547.00,523.00,525.15,513373
2026-05-27,525.15,539.70,525.15,532.70,354129
2026-05-29,531.00,537.15,506.35,510.00,792179
2026-06-01,514.90,522.95,501.00,504.55,335216
2026-06-02,501.00,510.85,496.35,508.90,265564
2026-06-03,509.00,509.00,495.50,505.35,206391
2026-06-04,509.10,526.00,504.45,506.20,472596
2026-06-05,510.90,534.00,506.65,531.35,870558
2026-06-08,525.15,525.15,512.60,521.10,326256
2026-06-09,524.60,541.00,522.00,532.85,726820
2026-06-10,536.80,545.65,519.20,522.95,584395
2026-06-11,521.60,537.90,512.00,528.10,777197
2026-06-12,534.80,551.50,528.70,536.85,1246417
2026-06-15,542.50,564.00,532.90,560.35,1503475
2026-06-16,567.05,576.00,552.35,556.40,1322802
2026-06-17,559.30,566.45,553.35,558.65,415123
2026-06-18,565.00,565.00,533.00,535.00,807429
2026-06-19,533.00,545.00,524.10,539.05,553833
2026-06-22,543.45,556.60,533.45,545.05,627505
2026-06-23,545.05,553.70,536.25,542.85,352490
2026-06-24,542.95,542.95,528.40,530.85,281973
2026-06-25,532.90,535.95,517.00,522.20,445757
2026-06-29,522.20,528.00,515.35,522.80,236119
2026-06-30,525.35,539.90,523.00,533.80,303235
2026-07-01,540.50,553.85,539.00,549.95,578160
2026-07-02,551.55,553.80,534.00,540.50,257719
2026-07-03,542.00,545.35,522.15,526.70,280389
2026-07-06,526.50,538.80,522.15,531.05,227559
2026-07-07,531.05,534.50,507.65,509.25,560326
2026-07-08,509.25,510.45,495.00,498.05,277820
2026-07-09,499.00,520.90,496.70,512.35,413118
2026-07-10,514.80,522.10,482.00,510.55,3515829
2026-07-13,502.10,520.95,497.95,502.00,580617
2026-07-14,501.00,503.30,483.60,486.55,402233
2026-07-15,485.00,491.35,473.10,478.00,951016
2026-07-16,479.95,479.95,456.00,461.00,588905
2026-07-17,462.45,469.95,450.80,464.35,334435
2026-07-20,464.35,473.85,453.35,455.00,401769
2026-07-21,455.30,459.10,447.90,449.70,262968
2026-07-22,448.00,450.15,434.70,437.10,321164
2026-07-23,437.30,444.00,432.00,433.00,295409
2026-07-24,427.00,431.70,419.20,421.65,859460
2026-07-27,424.00,436.85,418.35,423.70,1284270
2026-07-28,424.00,425.95,412.85,414.85,356148
2026-07-29,416.40,428.00,416.40,423.75,477598
2026-07-30,426.10,426.10,415.00,417.25,334164
2026-07-31,421.00,424.80,415.65,419.05,292053
2026-08-03,425.20,434.90,422.45,428.30,367171
2026-08-04,431.60,444.20,427.00,429.55,803384
2026-08-05,433.20,442.50,431.45,435.30,420022
2026-08-06,439.95,452.00,439.85,450.45,874052
2026-08-07,450.65,450.65,432.10,437.85,370664
2026-08-10,435.45,447.00,431.35,437.75,359492
2026-08-11,437.75,440.25,433.90,436.40,172186
2026-08-12,433.30,443.10,428.00,441.45,486802
2026-08-13,441.45,448.15,437.60,443.30,252466
2026-08-14,440.60,445.20,425.20,432.35,406869
2026-08-17,428.00,439.15,427.35,438.25,238681
2026-08-18,440.50,444.75,431.65,433.95,309070
2026-08-19,435.00,435.30,427.00,428.85,188815
2026-08-20,430.95,457.00,430.05,451.70,900303
2026-08-21,454.00,455.00,443.20,451.55,433951
2026-08-24,451.55,459.30,436.00,438.55,352599
2026-08-25,434.15,437.60,424.80,426.25,396621
2026-08-26,428.35,433.00,424.00,425.30,230208
2026-08-27,426.70,429.90,421.25,423.25,185307
2026-08-28,423.25,428.65,420.05,425.25,259116
2026-08-31,425.25,425.25,410.00,411.85,369638
2026-09-01,411.75,419.00,409.05,412.25,279355
2026-09-02,412.60,418.35,406.20,416.60,329056
2026-09-03,418.75,457.00,418.50,435.95,7394075
2026-09-04,436.50,442.50,428.75,433.75,535067
2026-09-07,431.65,434.30,423.15,426.70,259797
2026-09-08,426.90,428.00,420.00,421.15,163985
2026-09-09,421.95,427.35,416.80,419.40,286939
2026-09-10,419.55,423.85,418.00,420.50,155904
2026-09-11,418.00,426.00,412.10,422.10,298340
2026-09-15,422.60,423.45,412.20,413.50,171029
2026-09-16,413.00,413.05,402.40,407.35,162968
2026-09-17,407.35,420.00,407.10,414.60,137261
2026-09-18,414.60,424.95,414.00,421.20,301790
