Date,Open,High,Low,Close,Volume
2001-12-31,5.78,5.98,5.78,5.95,164900
2002-01-01,5.94,6.00,5.90,5.94,85865
2002-01-02,5.91,6.00,5.91,5.98,56910
2002-01-03,5.97,6.00,5.91,5.96,120750
2002-01-04,5.95,5.96,5.90,5.90,106445
2002-01-07,5.80,6.00,5.80,5.98,33850
2002-01-08,5.91,6.02,5.91,6.00,190495
2002-01-09,5.91,6.02,5.91,6.00,221955
2002-01-10,6.00,6.02,5.96,6.00,186325
2002-01-11,5.97,6.01,5.96,5.99,214415
2002-01-14,5.96,6.01,5.96,6.00,140935
2002-01-15,5.95,6.02,5.95,6.00,144410
2002-01-16,5.96,6.01,5.96,6.01,366470
2002-01-17,5.95,6.01,5.95,6.00,240860
2002-01-18,5.97,6.02,5.97,6.00,228555
2002-01-21,5.96,6.01,5.96,6.00,105660
2002-01-22,5.99,6.01,5.98,6.00,199785
2002-01-23,5.98,6.05,5.98,6.04,156975
2002-01-24,6.05,6.06,6.05,6.05,145850
2002-01-25,5.95,6.08,5.95,6.05,108365
2002-01-28,6.05,6.10,6.05,6.07,109105
2002-01-29,6.06,6.10,6.00,6.08,141385
2002-01-30,5.99,6.11,5.99,6.10,159885
2002-01-31,6.05,6.25,6.05,6.21,327015
2002-02-01,6.15,6.22,6.06,6.20,312510
2002-02-04,6.20,6.25,6.11,6.20,304345
2002-02-05,6.09,6.24,6.09,6.20,303095
2002-02-06,6.25,6.34,6.15,6.30,278635
2002-02-07,6.34,6.47,6.22,6.39,253250
2002-02-08,6.45,6.47,6.40,6.45,208830
2002-02-11,6.50,6.50,6.40,6.40,169920
2002-02-12,6.40,6.45,6.40,6.40,107280
2002-02-13,6.43,6.43,6.40,6.40,164640
2002-02-14,6.41,6.45,6.03,6.42,285055
2002-02-15,6.40,6.53,6.36,6.50,327035
2002-02-18,6.41,6.56,6.37,6.54,250570
2002-02-19,6.50,6.65,6.50,6.62,282320
2002-02-20,6.53,6.80,6.53,6.70,252550
2002-02-21,6.71,6.96,6.70,6.85,3401575
2002-02-22,6.90,6.97,6.73,6.93,2570715
2002-02-25,7.00,7.00,6.85,6.85,198545
2002-02-26,6.82,6.96,6.82,6.93,529575
2002-02-27,6.84,6.89,6.61,6.85,420475
2002-02-28,6.61,6.87,6.51,6.60,278155
2002-03-01,6.01,6.58,6.01,6.51,165615
2002-03-04,6.37,6.64,6.37,6.60,120170
2002-03-05,6.60,7.20,6.55,6.72,384755
2002-03-06,6.59,6.70,6.59,6.65,162915
2002-03-07,6.60,6.70,6.54,6.68,141050
2002-03-08,6.70,6.71,6.60,6.70,641300
2002-03-11,6.70,6.70,6.55,6.65,212600
2002-03-12,6.66,6.70,6.65,6.70,111920
2002-03-13,6.54,6.76,6.54,6.75,141615
2002-03-14,6.62,6.74,6.62,6.70,163560
2002-03-15,6.60,6.95,6.60,6.89,250655
2002-03-18,6.90,7.00,6.61,6.69,193150
2002-03-19,6.84,6.84,5.80,6.25,254150
2002-03-20,6.40,6.60,6.25,6.28,263055
2002-03-21,6.24,6.40,6.00,6.03,101885
2002-03-22,6.00,6.00,5.80,5.88,144085
2002-03-26,5.76,5.77,5.25,5.34,162080
2002-03-27,5.48,5.57,5.30,5.48,68565
2002-03-28,5.53,5.71,5.45,5.69,95965
2002-04-01,5.70,5.80,5.70,5.71,54570
2002-04-02,5.70,5.80,5.70,5.70,26285
2002-04-03,5.70,5.70,5.43,5.49,55800
2002-04-04,5.50,5.60,5.40,5.43,60120
2002-04-05,6.00,6.00,5.46,5.47,64680
2002-04-08,5.10,5.66,5.10,5.40,43120
2002-04-09,5.40,5.45,5.31,5.39,22755
2002-04-10,5.41,5.41,5.26,5.32,24440
2002-04-11,5.32,5.40,5.26,5.35,55430
2002-04-12,5.40,5.45,5.34,5.40,71030
2002-04-15,5.40,5.50,5.36,5.40,111610
2002-04-16,5.40,5.44,5.31,5.36,63245
2002-04-17,5.36,5.51,5.35,5.46,73535
2002-04-18,5.44,5.58,5.40,5.53,48690
2002-04-19,5.50,5.82,5.46,5.68,192570
2002-04-22,5.96,6.18,5.74,5.80,180735
2002-04-23,5.80,5.98,5.80,5.92,127405
2002-04-24,4.85,5.92,4.85,5.88,105960
2002-04-25,5.86,5.91,5.80,5.84,63550
2002-04-26,5.90,5.98,5.82,5.94,104180
2002-04-29,5.80,5.91,5.71,5.87,117195
2002-04-30,5.80,5.85,5.75,5.77,81145
2002-05-02,5.78,5.80,5.60,5.67,99195
2002-05-03,5.51,5.99,5.51,5.90,250665
2002-05-06,5.91,5.93,5.76,5.79,114640
2002-05-07,5.83,5.83,5.77,5.78,64870
2002-05-08,5.76,5.84,5.75,5.80,71330
2002-05-09,5.80,5.80,5.71,5.72,65180
2002-05-10,5.71,5.78,5.60,5.66,61250
2002-05-13,5.65,5.72,5.53,5.60,53115
2002-05-14,5.45,5.58,5.43,5.44,86930
2002-05-15,5.30,5.54,5.30,5.40,45835
2002-05-16,5.40,5.40,5.23,5.26,64520
2002-05-17,5.28,5.38,5.20,5.21,42305
2002-05-20,4.91,5.18,4.91,4.97,85265
2002-05-21,4.50,4.90,4.40,4.69,103480
2002-05-22,4.68,5.05,4.41,4.78,71190
2002-05-23,4.70,4.89,4.70,4.86,62655
2002-05-24,5.15,5.15,4.90,5.04,63980
2002-05-27,4.81,5.09,4.81,5.03,49500
2002-05-28,4.86,5.00,4.86,4.94,23395
2002-05-29,4.82,5.12,4.82,5.07,67605
2002-05-30,5.10,5.38,5.08,5.11,51790
2002-05-31,5.05,5.08,4.94,5.04,49945
2002-06-03,5.30,5.58,5.20,5.21,58285
2002-06-04,4.90,5.31,4.90,5.27,86025
2002-06-05,5.35,5.74,5.34,5.68,278920
2002-06-06,6.00,6.60,5.85,6.05,587265
2002-06-07,6.02,6.30,5.82,5.90,293530
2002-06-10,5.92,6.05,5.80,5.86,95130
2002-06-11,5.90,5.98,5.77,5.82,100450
2002-06-12,5.80,5.89,5.71,5.76,75375
2002-06-13,5.80,5.85,5.67,5.74,98400
2002-06-14,4.75,5.85,4.75,5.73,78790
2002-06-17,5.80,6.49,5.80,6.37,564560
2002-06-18,7.60,7.60,6.31,6.41,471070
2002-06-19,6.68,6.70,6.00,6.11,133325
2002-06-20,6.00,6.23,6.00,6.20,104790
2002-06-21,6.30,6.30,6.01,6.06,195795
2002-06-24,6.02,6.14,6.02,6.09,115500
2002-06-25,6.10,6.10,6.00,6.04,96045
2002-06-26,6.06,6.08,5.91,6.00,133635
2002-06-27,6.08,6.11,5.95,6.00,132690
2002-06-28,5.99,6.00,5.88,5.94,111325
2002-07-01,6.00,6.44,6.00,6.36,379205
2002-07-02,6.38,6.52,6.31,6.33,335390
2002-07-03,6.39,6.40,6.27,6.35,222225
2002-07-04,6.22,6.75,6.22,6.51,549690
2002-07-05,6.78,7.55,6.70,6.89,1128435
2002-07-08,7.14,7.14,6.90,7.03,786105
2002-07-09,6.80,6.90,6.55,6.62,434660
2002-07-10,6.51,6.70,6.40,6.51,199800
2002-07-11,6.50,6.50,6.20,6.22,171365
2002-07-12,6.15,6.38,6.15,6.20,90610
2002-07-15,6.20,6.20,6.01,6.10,109840
2002-07-16,6.01,6.17,6.00,6.11,96400
2002-07-17,6.12,6.15,5.90,5.94,118400
2002-07-18,5.80,6.04,5.70,5.96,82365
2002-07-19,5.80,6.05,5.80,6.00,56120
2002-07-22,6.01,6.38,5.87,6.11,189285
2002-07-23,6.03,6.20,6.03,6.07,96345
2002-07-24,5.98,6.05,5.90,5.94,89435
2002-07-25,6.05,6.36,5.85,6.21,220595
2002-07-26,6.00,6.18,5.86,5.89,214105
2002-07-29,6.38,6.40,6.06,6.26,504545
2002-07-30,6.30,6.56,6.09,6.17,360690
2002-07-31,6.04,6.24,6.04,6.18,159085
2002-08-01,6.20,6.28,6.15,6.22,87155
2002-08-02,6.11,6.24,6.11,6.20,134190
2002-08-05,6.12,6.40,6.12,6.35,162155
2002-08-06,6.29,6.40,6.22,6.37,97970
2002-08-07,6.40,6.40,6.27,6.31,63290
2002-08-08,6.24,6.35,6.16,6.23,101585
2002-08-09,6.23,6.30,6.20,6.27,92500
2002-08-12,6.80,6.80,6.23,6.30,82015
2002-08-13,6.30,6.34,6.29,6.33,56655
2002-08-14,6.29,6.43,6.27,6.39,127345
2002-08-16,6.40,6.68,6.30,6.56,458780
2002-08-19,6.80,6.80,6.50,6.53,147510
2002-08-20,6.48,6.50,6.40,6.40,99475
2002-08-21,6.40,6.40,6.31,6.34,69060
2002-08-22,6.22,6.36,6.22,6.29,57810
2002-08-23,6.26,6.35,6.24,6.25,68135
2002-08-26,6.23,6.28,6.22,6.26,111880
2002-08-27,6.29,6.30,6.24,6.24,84110
2002-08-28,6.24,6.24,6.15,6.19,68065
2002-08-29,6.13,6.18,6.06,6.07,79570
2002-08-30,6.10,6.19,6.10,6.13,62575
2002-09-02,6.20,6.24,6.12,6.15,103200
2002-09-03,6.12,6.16,6.10,6.14,43255
2002-09-04,6.08,6.16,6.08,6.14,52450
2002-09-05,6.10,6.17,6.10,6.14,44400
2002-09-06,6.08,6.17,6.08,6.09,59365
2002-09-09,6.02,6.80,6.02,6.12,98195
2002-09-11,6.01,6.15,6.01,6.10,41210
2002-09-12,6.19,6.19,6.08,6.11,87375
2002-09-13,6.07,6.14,6.07,6.12,93640
2002-09-16,6.06,6.13,6.06,6.11,86600
2002-09-17,6.18,6.18,6.10,6.12,121070
2002-09-18,5.98,7.30,5.98,6.12,274520
2002-09-19,6.08,6.14,6.07,6.10,129090
2002-09-20,6.07,6.14,6.01,6.11,84345
2002-09-23,6.10,6.14,6.07,6.12,121215
2002-09-24,6.10,6.12,6.10,6.11,105465
2002-09-25,6.01,6.10,6.00,6.02,63965
2002-09-26,6.02,6.05,5.99,6.00,40160
2002-09-27,6.00,6.08,5.98,6.07,42015
2002-09-30,6.00,6.06,5.99,5.99,49945
2002-10-01,5.98,6.00,5.90,5.99,50570
2002-10-03,6.00,6.00,5.94,5.94,30315
2002-10-04,5.94,5.98,5.94,5.95,40960
2002-10-07,5.98,6.00,5.80,5.81,87135
2002-10-08,5.82,5.88,5.78,5.81,95195
2002-10-09,5.81,5.84,5.68,5.74,56915
2002-10-10,5.74,5.82,5.62,5.77,84565
2002-10-11,5.70,5.80,5.70,5.79,45475
2002-10-14,5.75,5.82,5.74,5.77,34075
2002-10-16,6.60,6.60,5.70,5.77,86890
2002-10-17,5.80,5.84,5.76,5.82,54950
2002-10-18,5.80,5.84,5.76,5.81,58765
2002-10-21,5.93,5.96,5.81,5.82,77150
2002-10-22,5.88,5.88,5.80,5.81,40420
2002-10-23,5.79,5.83,5.78,5.80,93530
2002-10-24,5.80,5.81,5.78,5.80,71300
2002-10-25,5.75,5.82,5.75,5.80,58500
2002-10-28,5.80,5.83,5.71,5.79,61650
2002-10-29,5.79,5.85,5.76,5.81,47400
2002-10-30,5.71,5.84,5.71,5.80,45195
2002-10-31,5.80,5.87,5.79,5.80,26640
2002-11-01,5.85,5.85,5.76,5.82,38000
2002-11-04,5.81,5.87,5.74,5.78,28650
2002-11-05,5.76,5.79,5.72,5.73,20135
2002-11-07,5.76,5.78,5.72,5.77,41230
2002-11-08,5.80,5.81,5.77,5.80,58145
2002-11-11,5.75,5.77,5.71,5.71,51945
2002-11-12,5.66,5.82,5.66,5.82,107505
2002-11-13,5.80,5.82,5.78,5.79,37805
2002-11-14,5.80,5.82,5.76,5.79,51485
2002-11-15,5.78,5.85,5.78,5.82,84365
2002-11-18,5.80,5.85,5.78,5.81,53620
2002-11-20,5.79,5.82,5.77,5.80,49110
2002-11-21,5.80,5.84,5.80,5.80,40835
2002-11-22,5.78,5.82,5.78,5.80,85495
2002-11-25,5.76,5.91,5.76,5.80,64770
2002-11-26,5.80,5.84,5.80,5.81,36325
2002-11-27,5.80,5.85,5.78,5.82,57005
2002-11-28,5.80,5.83,5.78,5.80,91105
2002-11-29,5.80,5.84,5.79,5.80,159950
2003-01-01,5.87,5.88,5.85,5.86,42720
2003-01-02,5.84,5.88,5.84,5.85,74200
2003-01-03,5.35,5.89,5.35,5.87,93845
2003-01-06,5.97,5.97,5.84,5.85,85035
2003-01-07,5.84,5.88,5.84,5.85,140600
2003-01-08,5.85,5.86,5.77,5.85,60250
2003-01-09,5.75,5.87,5.75,5.86,69190
2003-01-10,5.82,5.86,5.80,5.84,86445
2003-01-13,5.83,5.88,5.80,5.86,155095
2003-01-14,5.87,5.91,5.85,5.88,167250
2003-01-15,5.91,6.00,5.86,5.98,87025
2003-01-16,5.95,6.05,5.95,6.03,99605
2003-01-17,6.03,6.06,6.00,6.00,90410
2003-01-20,6.00,6.10,5.95,6.06,162185
2003-01-21,5.97,6.13,5.97,6.10,101450
2003-01-22,6.10,6.12,6.03,6.09,128495
2003-01-23,6.06,6.17,6.05,6.08,101710
2003-01-24,6.05,6.10,5.93,6.05,203585
2003-01-27,5.99,6.13,5.91,6.07,408230
2003-01-28,6.02,6.10,6.00,6.09,245555
2003-01-29,6.04,6.12,6.04,6.09,261325
2003-01-30,5.96,6.12,5.96,6.11,114955
2003-01-31,6.12,6.14,6.04,6.09,401965
2003-02-03,6.02,6.10,6.00,6.07,99460
2003-02-04,6.07,6.12,6.06,6.09,134060
2003-02-05,6.02,6.11,6.02,6.10,98205
2003-02-06,6.07,6.11,6.07,6.09,182565
2003-02-07,6.08,6.27,6.08,6.21,120045
2003-02-10,6.14,6.22,6.10,6.19,211055
2003-02-11,6.16,6.36,6.16,6.28,235210
2003-02-12,6.34,6.34,6.16,6.18,244655
2003-02-14,6.17,6.31,6.17,6.28,159070
2003-02-17,6.21,6.43,6.19,6.39,204565
2003-02-18,6.10,6.52,6.10,6.45,142745
2003-02-19,6.40,6.46,6.36,6.39,104275
2003-02-20,6.46,6.52,6.35,6.49,127385
2003-02-21,6.42,6.51,6.41,6.49,170225
2003-02-24,6.45,6.50,6.44,6.47,215910
2003-02-25,6.60,6.69,6.45,6.49,139485
2003-02-26,6.43,6.52,6.43,6.49,186140
2003-02-27,6.47,6.51,6.45,6.48,100095
2003-02-28,6.43,6.56,6.43,6.49,191290
2003-03-03,6.58,6.60,6.46,6.50,90965
2003-03-04,6.49,6.55,6.47,6.54,142505
2003-03-05,6.47,6.51,6.47,6.50,114115
2003-03-06,6.50,6.60,6.48,6.59,209435
2003-03-07,6.51,6.53,6.47,6.50,119835
2003-03-10,6.49,6.55,6.48,6.51,163120
2003-03-11,6.45,6.51,6.45,6.50,155475
2003-03-12,6.49,6.54,6.48,6.50,107275
2003-03-13,6.48,6.52,6.48,6.50,259475
2003-03-17,6.48,6.64,6.48,6.60,201880
2003-03-19,6.41,6.63,6.41,6.60,117430
2003-03-20,6.54,6.62,6.53,6.60,90905
2003-03-21,6.60,6.62,6.60,6.60,72695
2003-03-24,6.50,6.70,6.50,6.70,238630
2003-03-25,6.45,6.71,6.45,6.70,181705
2003-03-26,6.66,6.75,6.63,6.70,299325
2003-03-27,6.67,6.73,6.67,6.70,68815
2003-03-28,6.68,6.72,6.68,6.70,77395
2003-03-31,6.67,6.74,6.67,6.70,106535
2003-04-01,6.70,6.80,6.70,6.78,43555
2003-04-02,6.75,6.84,6.75,6.81,47090
2003-04-03,6.85,6.85,6.76,6.81,29355
2003-04-04,6.89,6.89,6.80,6.84,46510
2003-04-07,6.81,6.85,6.71,6.82,68315
2003-04-08,6.72,6.91,6.72,6.87,492880
2003-04-09,6.97,6.97,6.82,6.89,139645
2003-04-10,6.88,6.93,6.88,6.90,101895
2003-04-11,6.91,6.95,6.90,6.93,62215
2003-04-15,6.85,7.14,6.85,7.10,186145
2003-04-16,7.07,7.20,7.07,7.19,440010
2003-04-17,7.13,7.23,7.13,7.21,236245
2003-04-21,7.22,7.36,7.16,7.33,172505
2003-04-22,7.31,7.32,7.27,7.30,116120
2003-04-23,7.30,7.42,7.22,7.36,165100
2003-04-24,7.36,7.40,7.30,7.30,105095
2003-04-25,7.30,7.41,7.30,7.39,245095
2003-04-28,7.35,7.40,7.30,7.30,129970
2003-04-29,7.30,7.42,7.25,7.37,278725
2003-04-30,7.39,7.42,7.39,7.40,197965
2003-05-02,7.38,7.52,7.38,7.48,232930
2003-05-05,7.50,7.51,7.42,7.49,169470
2003-05-06,6.20,7.53,6.20,7.50,229925
2003-05-07,7.43,7.53,7.43,7.50,124555
2003-05-08,7.48,7.52,7.41,7.49,217720
2003-05-09,7.41,7.52,7.41,7.50,161215
2003-05-12,7.48,7.63,7.47,7.60,221415
2003-05-13,7.63,7.64,7.60,7.60,127945
2003-05-14,7.53,7.98,7.53,7.59,213475
2003-05-15,7.65,7.68,7.60,7.60,162905
2003-05-16,7.60,7.65,7.60,7.60,110505
2003-05-19,7.31,7.75,7.31,7.70,206140
2003-05-20,7.66,7.72,7.66,7.70,101905
2003-05-21,7.75,7.75,7.67,7.73,126805
2003-05-22,7.68,7.82,7.68,7.79,299155
2003-05-23,7.78,7.84,7.75,7.80,194940
2003-05-26,7.81,8.05,7.80,8.01,474440
2003-05-27,8.03,8.17,7.95,8.00,209530
2003-05-28,8.00,8.14,8.00,8.11,257855
2003-05-29,8.20,8.20,8.10,8.13,188550
2003-05-30,7.70,7.92,7.68,7.87,325435
2003-06-02,7.82,8.05,7.80,8.00,1467105
2003-06-03,7.87,8.05,7.87,7.99,331810
2003-06-04,8.00,8.06,7.92,7.99,326530
2003-06-05,7.93,8.07,7.93,8.04,298695
2003-06-06,8.10,8.10,7.97,8.01,180895
2003-06-09,8.00,8.08,7.98,8.05,191385
2003-06-10,8.07,8.07,8.00,8.03,203720
2003-06-11,8.00,8.04,7.93,7.98,152080
2003-06-12,8.04,8.04,7.97,8.00,406915
2003-06-13,8.03,8.18,7.68,8.00,358465
2003-06-16,8.00,8.06,8.00,8.03,369810
2003-06-17,8.00,8.06,7.97,8.03,285600
2003-06-18,8.05,8.05,7.80,7.97,158680
2003-06-19,7.96,8.03,7.88,7.98,197710
2003-06-20,7.95,8.01,7.90,7.98,311020
2003-06-23,7.94,8.00,7.94,7.96,277020
2003-06-24,7.94,8.03,7.94,8.02,332060
2003-06-25,7.92,8.00,7.92,7.94,280410
2003-06-26,7.92,8.29,7.90,8.14,723990
2003-06-27,8.50,9.37,8.37,8.80,725125
2003-06-30,8.70,8.95,8.41,8.80,656270
2003-07-01,8.66,8.90,8.40,8.47,228325
2003-07-02,7.80,9.20,7.80,9.05,915735
2003-07-03,8.40,9.80,8.40,9.00,581065
2003-07-04,8.70,9.20,8.70,8.96,320100
2003-07-07,8.60,9.00,8.60,8.60,158705
2003-07-08,7.80,8.76,7.80,8.07,308995
2003-07-09,7.82,8.30,7.82,7.96,200680
2003-07-10,7.20,8.05,7.20,7.93,173265
2003-07-11,7.85,8.05,7.85,8.00,225980
2003-07-14,7.91,8.20,7.82,7.85,152295
2003-07-15,7.02,8.18,7.02,7.63,140620
2003-07-16,7.61,8.00,7.61,7.94,167260
2003-07-17,7.42,7.98,7.42,7.78,134835
2003-07-18,7.61,8.84,7.61,8.66,944995
2003-07-21,8.02,8.88,8.00,8.22,269940
2003-07-22,8.61,8.61,8.05,8.18,361480
2003-07-23,8.00,8.38,8.00,8.02,187445
2003-07-24,7.85,8.25,7.85,7.96,157300
2003-07-25,7.82,8.16,7.82,8.04,234935
2003-07-28,7.62,8.16,7.62,7.80,288925
2003-07-29,7.64,7.81,7.64,7.69,178980
2003-07-30,7.65,7.95,7.65,7.81,243935
2003-07-31,7.66,7.74,7.21,7.29,629405
2003-08-01,6.40,7.80,6.40,7.74,570710
2003-08-04,7.60,7.80,7.54,7.61,342120
2003-08-05,7.00,7.99,7.00,7.71,411435
2003-08-06,7.10,9.26,7.10,9.08,3047060
2003-08-07,9.32,9.49,8.82,9.07,3409510
2003-08-08,9.01,9.38,8.50,8.60,1283865
2003-08-11,8.61,9.28,8.44,9.08,1696080
2003-08-12,9.20,9.58,8.70,8.81,1602750
2003-08-13,9.08,9.37,8.82,8.96,1158905
2003-08-14,9.19,10.09,9.17,9.75,4000550
2003-08-18,9.90,10.40,9.87,10.00,1424460
2003-08-19,9.98,10.27,9.06,9.36,1028620
2003-08-20,9.50,9.78,9.20,9.32,632425
2003-08-21,9.24,9.47,9.15,9.21,471590
2003-08-22,8.62,10.60,8.62,10.04,1944635
2003-08-25,10.05,10.40,8.60,9.45,1307720
2003-08-26,8.87,10.47,8.87,10.36,2045315
2003-08-27,10.59,12.10,10.50,11.82,5783715
2003-08-28,12.06,12.06,11.00,11.10,1390555
2003-08-29,11.20,11.88,11.20,11.32,1990740
2003-09-01,11.40,11.80,11.01,11.11,1303955
2003-09-02,11.11,12.38,11.11,11.75,2611410
2003-09-03,12.00,12.75,11.75,12.04,4433825
2003-09-04,12.05,12.30,11.20,11.80,1257100
2003-09-05,10.63,11.80,10.63,11.56,619775
2003-09-08,10.80,12.01,10.80,11.84,1440370
2003-09-09,12.01,12.54,12.01,12.39,2949980
2003-09-10,12.40,12.40,11.54,11.69,783470
2003-09-11,11.02,11.90,11.02,11.59,390745
2003-09-12,11.02,11.92,10.61,11.18,905770
2003-09-15,10.61,11.29,10.61,10.78,337705
2003-09-16,10.50,11.10,10.50,10.94,299435
2003-09-17,11.00,11.38,11.00,11.22,354775
2003-09-18,11.20,11.80,11.20,11.33,888945
2003-09-19,11.38,11.48,10.72,10.98,419775
2003-09-22,10.84,11.13,10.70,10.75,180960
2003-09-23,9.80,11.08,9.80,10.94,249100
2003-09-24,10.50,11.40,10.50,11.08,478490
2003-09-25,10.59,11.09,10.59,10.87,247315
2003-09-26,10.41,11.38,10.41,11.01,513420
2003-09-29,10.80,11.09,10.76,10.89,359405
2003-09-30,10.23,11.20,10.23,11.02,392590
2003-10-01,10.82,11.80,10.82,11.17,576325
2003-10-03,11.58,11.58,10.80,10.94,369795
2003-10-06,10.02,11.40,10.02,10.99,404130
2003-10-07,10.23,11.18,10.23,11.02,471690
2003-10-08,10.42,11.05,10.42,10.85,326850
2003-10-09,10.70,11.40,10.70,11.06,1032285
2003-10-10,11.20,11.20,10.62,10.69,608420
2003-10-13,10.71,11.28,10.60,11.06,927715
2003-10-14,10.98,11.12,10.51,10.59,546955
2003-10-15,9.60,10.80,9.60,10.27,519705
2003-10-16,9.40,10.64,9.40,10.34,386695
2003-10-17,10.20,10.58,10.05,10.10,436205
2003-10-20,10.04,10.34,9.80,9.81,351025
2003-10-21,8.80,9.90,8.80,9.43,360405
2003-10-22,8.40,9.60,8.40,9.29,292350
2003-10-23,9.00,9.78,9.00,9.45,334200
2003-10-24,9.24,10.80,9.24,10.41,661895
2003-10-27,10.40,10.94,10.20,10.61,823480
2003-10-28,10.44,10.90,10.44,10.73,848515
2003-10-29,10.50,10.80,10.08,10.22,355290
2003-10-30,9.20,10.57,9.20,10.39,223210
2003-10-31,10.38,10.60,10.12,10.28,528340
2003-11-03,9.50,10.40,9.50,9.82,636165
2003-11-04,9.80,10.45,9.80,10.33,935035
2003-11-05,10.26,10.82,10.17,10.52,851505
2003-11-06,10.20,11.10,10.20,10.98,787880
2003-11-07,11.00,11.52,10.50,11.42,1794025
2003-11-10,11.56,11.80,11.30,11.55,912880
2003-11-11,11.70,12.60,11.65,11.79,1743435
2003-11-12,11.94,12.60,11.88,12.19,2628005
2003-11-13,12.38,13.15,12.34,12.58,4512645
2003-11-14,12.58,12.60,11.70,11.79,1100040
2003-11-17,12.39,12.39,11.82,12.05,599120
2003-11-18,11.60,13.26,11.60,13.12,3321685
2003-11-19,13.00,13.60,12.51,12.65,3333290
2003-11-20,12.59,12.74,12.05,12.12,1029405
2003-11-21,11.40,12.27,11.40,11.98,793220
2003-11-24,12.10,12.29,11.98,12.15,632420
2003-11-25,12.40,12.96,12.23,12.50,1477950
2003-11-27,12.64,12.71,12.50,12.61,672235
2003-11-28,12.70,12.74,12.07,12.27,494895
2003-12-01,12.20,12.50,11.95,12.02,574280
2003-12-02,10.80,12.30,10.80,11.91,458985
2003-12-03,11.83,12.50,11.83,12.19,816680
2003-12-04,12.02,12.54,11.93,12.01,843215
2003-12-05,12.40,12.56,11.92,12.05,1044270
2003-12-08,12.10,12.32,11.86,12.17,536255
2003-12-09,12.40,12.50,12.06,12.28,768470
2003-12-10,12.38,12.40,12.11,12.24,529845
2003-12-11,12.11,12.35,12.02,12.13,506265
2003-12-12,12.10,12.40,11.90,12.24,621555
2003-12-15,12.08,12.45,12.08,12.17,645505
2003-12-16,12.10,13.00,11.92,12.65,2079220
2003-12-17,12.84,12.98,12.31,12.36,828785
2003-12-18,12.30,13.02,12.30,12.82,1241625
2003-12-19,13.04,13.60,13.04,13.44,2720150
2003-12-22,13.45,14.06,13.45,13.70,2652485
2003-12-23,13.08,14.25,13.08,13.53,3578940
2003-12-24,13.69,13.95,13.46,13.67,859930
2003-12-26,12.80,14.98,12.80,14.67,4404010
2003-12-29,15.00,15.89,15.00,15.59,5592510
2003-12-30,15.64,16.28,14.82,15.57,4673670
2003-12-31,15.60,16.60,15.24,16.43,4435645
2004-01-01,16.40,16.76,16.02,16.13,1528155
2004-01-02,14.80,16.40,14.80,15.75,1207350
2004-01-05,14.80,15.96,14.80,15.77,1422865
2004-01-06,15.63,16.91,15.63,16.36,4352610
2004-01-07,15.20,16.65,15.10,15.68,1681725
2004-01-08,14.60,16.15,14.60,15.65,752980
2004-01-09,14.82,16.06,14.82,15.07,777635
2004-01-12,15.20,15.25,14.41,14.52,536820
2004-01-13,13.60,15.10,13.60,14.73,719360
2004-01-14,14.80,16.79,14.68,16.23,3888100
2004-01-15,16.34,16.88,15.00,15.17,6817480
2004-01-16,14.20,15.60,14.01,14.41,2402180
2004-01-19,14.20,14.76,13.81,14.05,1071840
2004-01-20,13.20,14.83,13.20,13.51,1014250
2004-01-21,12.20,13.56,11.42,11.60,1426760
2004-01-22,11.46,12.26,10.70,10.85,1490195
2004-01-23,10.85,13.02,10.85,12.78,2044120
2004-01-27,11.80,12.96,11.18,12.65,1066175
2004-01-28,11.80,12.67,11.80,12.08,787180
2004-01-29,14.40,14.40,11.46,11.55,1068175
2004-01-30,12.18,12.18,11.35,11.43,724270
2004-02-03,11.60,11.60,10.80,10.87,649700
2004-02-04,10.98,11.36,10.71,11.26,793390
2004-02-05,11.44,11.44,10.51,10.58,1098760
2004-02-06,10.70,11.00,10.23,10.39,1578180
2004-02-09,10.66,11.00,10.56,10.88,832625
2004-02-10,11.04,11.08,10.70,10.79,784680
2004-02-11,11.00,11.00,10.62,10.74,574510
2004-02-12,10.80,11.00,10.65,10.77,616225
2004-02-13,10.77,11.89,10.62,11.40,1828730
2004-02-16,11.60,11.70,11.34,11.42,1190325
2004-02-17,11.42,11.52,11.01,11.09,551495
2004-02-18,11.20,11.66,11.00,11.33,934780
2004-02-19,11.33,11.37,10.90,10.94,663795
2004-02-20,10.95,11.04,10.70,10.79,488960
2004-02-23,10.90,10.95,10.40,10.49,430185
2004-02-24,10.55,10.60,10.25,10.52,394875
2004-02-25,10.59,10.70,10.40,10.44,346475
2004-02-26,10.48,10.65,10.23,10.41,583880
2004-02-27,10.50,10.59,10.10,10.23,365575
2004-03-01,10.30,10.42,10.25,10.33,405535
2004-03-03,10.23,10.97,10.23,10.76,738765
2004-03-04,10.90,11.28,10.80,11.13,1005630
2004-03-05,11.18,11.20,10.77,10.86,306250
2004-03-08,11.08,11.09,10.70,11.01,372500
2004-03-09,10.83,10.90,10.62,10.68,237370
2004-03-10,10.43,10.80,10.43,10.67,251325
2004-03-11,10.70,10.98,10.30,10.39,278090
2004-03-12,10.52,10.55,10.20,10.46,273620
2004-03-15,10.70,10.77,10.00,10.02,326100
2004-03-16,10.10,10.17,9.70,9.75,358245
2004-03-17,9.98,10.30,9.76,9.84,365030
2004-03-18,10.00,10.00,9.60,9.61,238825
2004-03-19,9.60,10.15,9.30,10.10,498015
2004-03-22,9.66,9.95,9.57,9.80,341250
2004-03-23,9.12,9.70,9.12,9.24,764590
2004-03-24,9.40,9.54,9.10,9.21,542315
2004-03-25,9.44,9.54,9.24,9.46,540355
2004-03-26,9.60,10.50,9.42,10.03,1066695
2004-03-29,10.54,10.54,9.00,9.55,554815
2004-03-30,9.64,10.10,9.64,9.80,671775
2004-03-31,9.70,10.20,9.53,9.95,664745
2004-04-01,10.30,10.78,10.20,10.67,557035
2004-04-02,10.80,11.07,10.54,10.80,439065
2004-04-05,11.17,11.84,10.95,11.56,1239130
2004-04-06,11.74,11.74,11.18,11.47,828095
2004-04-07,11.50,11.55,11.20,11.31,423080
2004-04-08,11.27,12.00,11.20,11.91,1133550
2004-04-12,12.16,12.40,11.40,11.85,2484890
2004-04-13,12.00,12.09,11.41,11.54,1203305
2004-04-15,11.60,11.70,11.40,11.42,615750
2004-04-16,11.20,11.70,11.20,11.42,501910
2004-04-19,11.62,11.92,11.22,11.32,542985
2004-04-20,11.42,11.55,11.17,11.48,492895
2004-04-21,11.42,11.72,11.41,11.47,548240
2004-04-22,11.50,12.08,11.38,11.45,1651530
2004-04-23,11.57,11.75,11.46,11.52,549090
2004-04-27,11.00,11.26,10.81,10.87,644390
2004-04-28,10.25,11.20,10.25,10.88,850730
2004-04-29,11.08,11.40,10.91,11.28,590020
2004-04-30,11.16,11.37,11.10,11.14,365520
2004-05-03,11.00,11.46,10.91,11.38,637920
2004-05-04,11.46,11.59,11.00,11.02,535955
2004-05-05,11.14,11.35,11.02,11.17,737580
2004-05-06,11.30,11.65,11.21,11.59,486285
2004-05-07,11.56,11.72,11.25,11.62,631670
2004-05-10,11.42,12.00,11.40,11.80,919005
2004-05-11,11.80,11.80,11.05,11.19,606155
2004-05-12,11.48,11.48,11.03,11.09,419270
2004-05-13,10.26,11.46,10.26,11.31,620810
2004-05-14,11.50,11.79,10.00,10.11,902585
2004-05-17,9.82,9.96,9.00,9.75,615755
2004-05-18,9.80,10.20,9.61,9.79,737680
2004-05-19,10.16,10.50,10.00,10.40,547555
2004-05-20,10.78,11.40,10.40,10.46,539120
2004-05-21,10.50,10.50,10.03,10.33,353780
2004-05-24,10.43,11.08,10.43,11.02,534800
2004-05-25,11.03,11.20,10.70,11.02,479965
2004-05-26,11.40,11.85,11.10,11.64,1297575
2004-05-27,11.95,12.80,11.91,12.65,5028210
2004-05-28,12.20,12.45,11.32,11.50,1630625
2004-05-31,11.73,11.73,11.02,11.43,829230
2004-06-01,11.49,11.94,11.49,11.63,495175
2004-06-02,11.75,12.09,11.60,11.83,660100
2004-06-03,11.84,12.10,11.05,11.25,519680
2004-06-04,11.20,11.40,10.81,10.92,713570
2004-06-07,11.27,11.50,11.11,11.26,869580
2004-06-08,10.58,11.34,10.51,11.27,262915
2004-06-09,11.30,11.61,11.18,11.56,374545
2004-06-10,11.50,11.85,11.44,11.79,554490
2004-06-11,11.80,12.02,11.44,11.55,539165
2004-06-14,11.31,11.54,11.26,11.35,320255
2004-06-15,11.50,11.80,11.10,11.67,255535
2004-06-16,11.88,11.92,11.68,11.79,488020
2004-06-17,11.71,11.95,11.47,11.88,344045
2004-06-18,11.74,12.00,11.66,11.92,339275
2004-06-21,11.92,12.00,11.68,11.77,328385
2004-06-22,11.80,11.80,11.54,11.73,233210
2004-06-23,11.56,11.67,11.22,11.30,233135
2004-06-24,11.30,11.36,11.05,11.24,266115
2004-06-25,11.20,11.97,11.20,11.92,612680
2004-06-28,12.10,12.34,12.00,12.04,533590
2004-06-29,12.02,12.18,11.70,11.86,346380
2004-06-30,11.94,11.98,11.51,11.55,220265
2004-07-01,11.52,11.69,11.45,11.55,271370
2004-07-02,11.51,11.80,11.41,11.70,570935
2004-07-05,11.76,11.76,11.60,11.69,241735
2004-07-06,11.76,11.80,11.55,11.70,260570
2004-07-07,11.76,12.39,11.76,12.06,4352855
2004-07-08,12.00,13.28,12.00,12.60,7171940
2004-07-09,12.22,13.10,12.00,12.80,1216960
2004-07-12,12.98,13.36,12.98,13.18,762880
2004-07-13,13.34,13.34,12.83,12.89,392200
2004-07-14,13.02,13.10,12.40,12.61,614545
2004-07-15,12.76,13.27,12.62,13.08,1202050
2004-07-16,13.40,13.67,13.05,13.56,1571490
2004-07-19,13.60,13.83,13.23,13.56,3211605
2004-07-20,13.70,13.80,13.20,13.24,1425445
2004-07-21,13.35,13.70,13.30,13.46,804505
2004-07-22,13.96,13.96,13.27,13.35,807950
2004-07-23,13.40,13.40,12.84,12.93,673920
2004-07-26,12.98,13.35,12.93,13.18,528290
2004-07-27,13.20,13.28,12.90,13.16,611760
2004-07-28,13.18,13.25,12.90,12.93,240140
2004-07-29,12.80,13.00,12.80,12.85,264255
2004-07-30,12.98,13.29,12.82,12.87,389670
2004-08-02,12.71,13.28,12.71,13.14,419105
2004-08-03,13.38,13.48,13.14,13.19,590790
2004-08-04,13.38,13.38,12.88,12.96,282990
2004-08-05,13.00,13.10,12.98,13.01,264840
2004-08-06,13.10,13.28,12.90,13.00,458455
2004-08-09,12.91,13.10,12.75,13.01,377195
2004-08-10,13.01,13.60,12.85,13.30,890820
2004-08-11,13.40,13.75,12.80,12.98,1381200
2004-08-12,13.00,13.17,12.66,12.76,479550
2004-08-13,12.84,12.90,12.66,12.76,281195
2004-08-16,12.80,12.94,12.02,12.68,299600
2004-08-17,12.74,12.91,12.74,12.77,267835
2004-08-18,12.80,12.90,12.58,12.61,225760
2004-08-19,12.78,12.80,12.60,12.67,246960
2004-08-20,12.62,12.62,12.24,12.33,214185
2004-08-23,12.54,12.54,12.20,12.25,240555
2004-08-24,12.24,12.42,12.14,12.23,198505
2004-08-25,12.18,12.42,12.18,12.33,187715
2004-08-26,12.47,12.56,12.28,12.32,313045
2004-08-27,12.55,12.55,12.30,12.45,229215
2004-08-30,12.58,12.99,12.58,12.83,636060
2004-08-31,12.99,13.18,12.82,12.89,565410
2004-09-01,12.99,13.10,12.84,12.89,375785
2004-09-02,12.95,13.48,12.90,13.24,1516415
2004-09-03,13.54,13.54,12.90,13.03,1464800
2004-09-06,13.03,13.20,12.91,12.94,524345
2004-09-07,12.96,13.64,12.96,13.45,1195720
2004-09-08,13.66,14.18,13.50,13.90,3898210
2004-09-09,14.00,14.03,13.30,13.50,883420
2004-09-10,13.57,13.57,13.23,13.34,639570
2004-09-13,13.50,13.58,13.26,13.32,492325
2004-09-14,13.40,13.78,13.20,13.63,877580
2004-09-15,13.69,13.76,13.35,13.48,690520
2004-09-16,13.34,13.55,13.34,13.49,332990
2004-09-17,13.60,13.60,13.25,13.30,590940
2004-09-20,13.50,13.56,13.28,13.32,406475
2004-09-21,13.30,13.38,13.02,13.07,512035
2004-09-22,13.20,13.44,13.20,13.27,739090
2004-09-23,13.32,13.32,12.90,12.94,483030
2004-09-24,13.08,13.08,12.86,12.92,319980
2004-09-27,13.10,13.10,12.77,12.82,359575
2004-09-28,12.90,13.00,12.78,12.79,225910
2004-09-29,12.89,12.94,12.72,12.75,629795
2004-09-30,12.83,13.34,12.83,13.22,936760
2004-10-01,13.30,13.40,12.92,13.04,710640
2004-10-04,13.20,13.50,13.08,13.44,1242795
2004-10-05,13.56,13.56,13.03,13.18,802740
2004-10-06,13.38,13.49,13.05,13.09,397385
2004-10-07,13.06,13.28,13.06,13.21,425360
2004-10-08,13.38,13.96,13.38,13.66,1849490
2004-10-11,13.90,14.19,13.77,13.83,1622765
2004-10-12,13.96,14.00,13.25,13.38,746695
2004-10-14,13.49,13.49,13.15,13.36,604745
2004-10-15,13.30,13.50,13.15,13.19,550245
2004-10-18,13.60,13.79,12.84,12.94,2287900
2004-10-19,13.05,13.18,12.90,12.96,1244645
2004-10-20,13.05,13.19,12.81,12.86,592550
2004-10-21,13.00,13.00,12.60,12.72,762960
2004-10-25,12.80,12.94,12.65,12.71,797015
2004-10-26,12.73,12.80,12.50,12.61,675940
2004-10-27,12.78,12.80,12.64,12.68,380805
2004-10-28,12.80,12.94,12.68,12.79,387120
2004-10-29,12.85,12.86,12.70,12.75,289485
2004-11-01,12.60,12.80,12.55,12.58,424850
2004-11-02,12.75,12.79,12.62,12.64,365690
2004-11-03,12.85,13.43,12.78,12.87,1477615
2004-11-04,13.00,13.09,12.64,12.69,762665
2004-11-05,12.80,12.94,12.74,12.78,616870
2004-11-08,12.94,13.12,12.86,12.95,986715
2004-11-09,13.08,13.76,12.84,13.44,1961615
2004-11-10,14.02,14.46,13.65,13.75,5487120
2004-11-11,13.80,14.05,13.21,13.31,2839400
2004-11-12,13.38,13.60,13.35,13.54,459065
2004-11-16,13.63,13.75,13.34,13.39,941475
2004-11-17,13.47,13.57,13.34,13.43,1012315
2004-11-18,13.54,13.60,13.15,13.29,1979595
2004-11-19,13.39,13.60,13.20,13.25,1142110
2004-11-22,12.86,13.31,12.86,13.24,686325
2004-11-23,13.21,13.64,13.21,13.41,1420455
2004-11-24,13.54,13.59,13.31,13.36,1430660
2004-11-25,13.40,13.54,13.29,13.35,1154575
2004-11-29,13.30,13.50,13.28,13.44,894530
2004-11-30,13.25,13.57,13.22,13.28,832825
2004-12-01,13.32,13.39,13.03,13.15,586035
2004-12-02,13.20,13.34,13.00,13.04,1281520
2004-12-03,13.30,13.70,13.00,13.43,2557720
2004-12-06,13.57,13.89,13.57,13.82,2359290
2004-12-07,13.99,14.58,13.80,14.08,7280340
2004-12-08,14.20,14.48,13.83,13.88,4109440
2004-12-09,14.00,14.20,13.85,13.97,1068540
2004-12-10,14.12,14.28,13.68,13.75,1237095
2004-12-13,13.86,13.98,13.71,13.90,886800
2004-12-14,14.00,14.12,13.92,13.96,759630
2004-12-15,14.09,14.20,13.92,13.98,1422170
2004-12-16,14.21,14.68,14.06,14.13,4686945
2004-12-17,14.26,14.29,13.90,13.93,1496010
2004-12-20,14.28,14.28,13.95,14.01,834880
2004-12-21,14.12,14.20,13.83,13.87,1377730
2004-12-22,13.99,14.17,13.65,13.80,1198100
2004-12-23,13.94,13.97,13.70,13.75,693370
2004-12-24,13.85,14.20,13.78,13.92,1883675
2004-12-27,13.89,13.99,13.80,13.83,752050
2004-12-28,13.81,14.23,13.81,14.06,1580555
2004-12-29,14.15,14.27,13.85,13.92,1192405
2004-12-30,14.03,14.03,13.65,13.72,840875
2004-12-31,13.70,13.84,13.66,13.75,815930
2005-01-03,13.90,14.20,13.70,14.09,1478800
2005-01-04,14.20,14.35,13.83,13.89,2386295
2005-01-05,13.90,13.97,13.20,13.45,1469820
2005-01-06,13.50,13.59,13.00,13.24,1264895
2005-01-07,13.40,13.44,12.98,13.14,1353500
2005-01-10,13.30,13.48,13.10,13.13,891320
2005-01-11,13.20,13.28,12.90,13.00,684155
2005-01-12,13.05,13.15,12.40,12.57,822605
2005-01-13,12.78,13.08,12.63,12.74,1100065
2005-01-14,12.90,13.00,12.63,12.69,884435
2005-01-17,11.00,12.19,10.66,11.81,2057400
2005-01-18,12.20,12.20,11.66,11.88,734895
2005-01-19,12.10,12.10,11.30,11.36,1321650
2005-01-20,11.07,11.42,10.86,10.99,1212660
2005-01-24,10.99,10.99,10.66,10.75,493265
2005-01-25,10.72,11.07,10.52,10.99,597085
2005-01-27,11.16,11.58,11.02,11.52,718190
2005-01-28,11.51,11.69,11.31,11.38,1361975
2005-01-31,11.56,11.56,11.10,11.15,1764035
2005-02-01,11.20,11.35,11.14,11.24,1156275
2005-02-02,11.22,11.40,11.22,11.27,1177155
2005-02-03,11.45,11.90,11.40,11.74,2624320
2005-02-04,11.85,13.18,11.84,12.67,5076965
2005-02-07,13.04,13.55,12.76,12.97,4607570
2005-02-08,13.14,13.14,12.48,12.59,1326930
2005-02-09,12.75,14.50,12.60,14.21,11303505
2005-02-10,14.49,14.49,13.68,13.94,5870520
2005-02-11,14.04,14.70,13.80,14.29,5323185
2005-02-14,14.50,14.76,14.08,14.43,5931245
2005-02-15,14.40,14.52,13.90,13.97,2004575
2005-02-16,14.10,14.50,13.74,13.92,2830050
2005-02-17,13.98,13.98,13.54,13.72,1286340
2005-02-18,13.81,14.57,13.80,14.10,4679615
2005-02-21,14.20,14.28,13.80,13.89,1421500
2005-02-22,13.88,13.96,13.68,13.80,695650
2005-02-23,13.95,14.30,13.74,14.10,1966840
2005-02-24,14.20,14.36,13.70,13.83,1703115
2005-02-25,13.90,14.60,13.85,14.20,5029625
2005-02-28,14.40,15.57,14.40,14.89,17113635
2005-03-01,15.00,15.78,14.60,15.28,10521130
2005-03-02,15.54,16.18,15.26,15.82,17093415
2005-03-03,15.97,16.73,15.90,16.40,11360850
2005-03-04,16.46,16.60,15.92,16.09,5702810
2005-03-07,16.20,16.26,15.30,15.51,3373420
2005-03-08,15.59,15.79,15.22,15.29,2453245
2005-03-09,15.39,15.53,14.70,14.90,3518580
2005-03-10,14.96,15.25,14.80,14.95,2400315
2005-03-11,14.90,15.15,14.60,14.72,1741850
2005-03-14,14.96,14.96,14.28,14.39,1791010
2005-03-15,14.49,14.58,14.30,14.40,1843155
2005-03-16,14.49,15.14,14.41,14.64,2637395
2005-03-17,14.69,15.46,14.42,14.85,4400905
2005-03-18,14.90,15.25,14.51,14.91,3269630
2005-03-21,15.00,15.05,14.42,14.54,1547230
2005-03-22,14.50,14.87,14.28,14.36,1569635
2005-03-23,14.40,14.64,13.73,13.88,1288335
2005-03-24,14.00,14.15,13.40,13.59,1545075
2005-03-28,13.59,13.96,13.59,13.75,806770
2005-03-29,13.80,13.93,13.20,13.34,1739655
2005-03-30,13.40,13.79,10.68,13.68,1284565
2005-03-31,13.88,14.45,13.74,14.14,1188835
2005-04-01,14.28,14.38,14.02,14.27,1702590
2005-04-04,14.32,14.40,13.93,14.02,1034390
2005-04-05,14.05,14.19,13.50,13.62,1036750
2005-04-06,13.65,14.12,13.60,13.92,1719095
2005-04-07,14.09,14.44,13.96,14.01,2894200
2005-04-08,14.12,14.98,14.04,14.85,4307415
2005-04-11,14.82,15.33,14.70,14.86,6289345
2005-04-12,13.71,15.08,13.71,14.94,2437745
2005-04-13,15.04,15.10,14.60,14.70,2422290
2005-04-15,14.60,14.60,13.89,14.04,3350925
2005-04-18,13.98,14.00,13.42,13.91,1535350
2005-04-19,14.00,14.55,13.92,14.00,1598885
2005-04-20,14.13,14.54,13.76,14.44,2370290
2005-04-21,14.54,14.89,14.14,14.60,2167025
2005-04-22,14.68,15.00,14.50,14.78,2005025
2005-04-25,14.40,15.10,14.40,14.89,1643850
2005-04-26,15.00,15.08,14.55,14.76,978950
2005-04-27,14.78,14.78,14.51,14.56,922595
2005-04-28,14.56,14.58,14.40,14.49,636835
2005-04-29,14.42,14.49,14.10,14.18,792860
2005-05-02,14.36,14.36,13.66,13.99,1000415
2005-05-03,14.05,14.49,13.96,14.39,913135
2005-05-04,14.30,14.76,14.30,14.70,1285590
2005-05-05,14.88,15.65,14.80,15.36,6634065
2005-05-06,15.50,15.97,15.10,15.84,4043660
2005-05-09,16.02,16.30,15.84,15.96,5854360
2005-05-10,16.02,16.11,15.62,15.69,2567640
2005-05-11,15.68,16.29,15.40,15.97,2939030
2005-05-12,15.25,16.66,15.25,16.43,8469985
2005-05-13,16.19,16.94,14.78,16.55,6776750
2005-05-16,16.60,16.77,16.11,16.22,3747760
2005-05-17,16.22,16.54,16.00,16.21,2933010
2005-05-18,16.10,16.42,16.02,16.26,1796730
2005-05-19,16.38,16.56,16.20,16.27,1545750
2005-05-20,16.30,16.36,15.81,15.88,1547735
2005-05-23,15.82,16.17,15.66,15.99,879895
2005-05-24,17.64,17.64,15.68,15.91,1050910
2005-05-25,16.00,16.00,15.64,15.68,846655
2005-05-26,15.56,15.79,15.25,15.38,819360
2005-05-27,15.60,15.70,14.96,15.05,1280360
2005-05-30,15.20,15.30,14.85,15.03,863705
2005-05-31,15.14,15.70,15.00,15.60,1186460
2005-06-01,15.68,15.78,15.32,15.40,550340
2005-06-02,15.56,15.57,15.08,15.13,601285
2005-06-03,15.12,15.53,15.10,15.33,696965
2005-06-06,15.30,16.20,15.28,16.08,3175245
2005-06-07,16.17,16.37,15.81,15.92,2266025
2005-06-08,16.08,16.26,15.90,16.07,1441730
2005-06-09,16.05,16.09,15.70,15.77,1239920
2005-06-10,15.88,16.04,15.64,15.70,1044950
2005-06-13,15.68,16.08,15.32,15.89,1837410
2005-06-14,15.88,16.23,15.45,15.51,1515395
2005-06-15,15.62,15.62,15.25,15.33,1411495
2005-06-16,15.35,15.43,15.00,15.03,1088195
2005-06-17,15.70,15.80,14.15,14.60,1702350
2005-06-20,14.60,14.84,14.45,14.57,1040185
2005-06-21,14.49,14.94,14.30,14.70,1246760
2005-06-22,14.70,14.88,14.30,14.35,1207450
2005-06-23,14.50,14.50,14.09,14.18,949810
2005-06-24,14.10,14.30,13.81,13.90,2063045
2005-06-27,14.18,14.18,13.60,13.65,1953440
2005-06-28,13.89,14.05,13.51,13.61,2149120
2005-06-29,13.70,13.85,13.45,13.76,777305
2005-06-30,13.98,14.12,13.76,13.92,938260
2005-07-01,13.98,14.00,13.62,13.93,582805
2005-07-04,14.10,14.10,13.78,13.86,693825
2005-07-05,13.86,14.28,13.71,13.83,1155895
2005-07-06,13.98,13.99,13.71,13.79,1182115
2005-07-07,13.82,13.96,13.64,13.69,889455
2005-07-08,13.40,13.89,13.40,13.81,482835
2005-07-11,13.81,14.17,13.79,13.83,985690
2005-07-12,13.93,13.99,13.80,13.88,527875
2005-07-13,13.99,14.36,13.84,14.00,1417190
2005-07-14,14.13,14.40,14.00,14.10,1466705
2005-07-15,14.20,14.30,14.05,14.10,668290
2005-07-18,14.26,14.35,14.17,14.27,836035
2005-07-19,14.30,14.38,14.22,14.31,821100
2005-07-20,14.41,15.08,14.31,14.71,3605685
2005-07-21,14.91,15.08,14.60,14.67,2064585
2005-07-22,14.76,14.79,14.45,14.53,747200
2005-07-25,14.77,14.78,14.16,14.21,994340
2005-07-26,14.26,14.40,14.10,14.25,1028485
2005-07-27,14.36,14.74,14.25,14.45,995850
2005-07-29,14.20,14.20,13.30,13.91,2324545
2005-08-01,13.55,13.78,13.35,13.54,1101460
2005-08-02,13.74,13.74,13.45,13.52,912995
2005-08-03,13.45,13.95,13.45,13.66,1369125
2005-08-04,13.66,13.72,13.45,13.50,704460
2005-08-05,13.60,13.75,13.50,13.53,687150
2005-08-08,14.50,16.00,14.06,14.27,3440500
2005-08-09,14.40,14.67,14.13,14.31,2412010
2005-08-10,14.41,14.90,14.41,14.85,2723255
2005-08-11,14.98,15.10,14.68,14.76,1447005
2005-08-12,14.86,14.86,14.42,14.57,818500
2005-08-16,14.88,14.90,14.40,14.54,879935
2005-08-17,14.50,14.63,14.38,14.44,1247645
2005-08-18,14.44,14.97,14.15,14.19,1686070
2005-08-19,14.40,14.86,14.32,14.57,2181840
2005-08-22,14.78,14.90,14.30,14.43,1194265
2005-08-23,14.42,14.63,13.96,14.07,1043670
2005-08-24,14.11,14.30,13.84,14.01,1341475
2005-08-25,14.13,14.18,13.91,13.96,486360
2005-08-26,14.10,14.30,14.00,14.05,662975
2005-08-29,14.18,14.19,13.85,13.97,614925
2005-08-30,14.10,14.56,14.05,14.27,1441495
2005-08-31,14.31,14.98,14.20,14.66,2736830
2005-09-01,15.00,15.32,14.72,14.81,3024060
2005-09-02,14.92,15.16,14.45,14.54,1330820
2005-09-05,14.87,14.87,14.50,14.54,934500
2005-09-06,14.60,14.71,14.39,14.60,817810
2005-09-08,14.78,15.02,14.64,14.78,2131370
2005-09-09,15.00,15.00,13.33,14.55,889485
2005-09-12,14.60,14.80,14.57,14.61,896355
2005-09-13,14.70,14.70,14.49,14.51,1034360
2005-09-14,14.56,14.80,14.32,14.39,1295460
2005-09-15,14.46,14.76,14.40,14.51,1012035
2005-09-16,15.00,15.00,14.44,14.69,2043355
2005-09-19,14.98,15.12,14.50,14.88,3116060
2005-09-20,15.12,15.96,14.85,15.45,12962280
2005-09-21,16.00,16.00,14.26,15.07,5459045
2005-09-22,14.90,15.39,14.61,14.77,4127310
2005-09-23,14.61,15.30,14.61,14.85,2074185
2005-09-26,15.20,16.34,14.90,15.91,9666765
2005-09-27,16.14,17.09,15.89,16.59,14768610
2005-09-28,16.62,16.85,16.26,16.33,3547165
2005-09-29,16.41,16.57,15.80,15.87,3302255
2005-09-30,15.93,15.94,15.29,15.59,2084935
2005-10-03,15.60,16.38,15.40,16.26,2678945
2005-10-04,16.43,17.47,16.43,17.34,13179590
2005-10-05,17.50,18.09,17.20,17.36,15674285
2005-10-06,17.00,17.25,16.12,16.97,4755540
2005-10-07,17.00,17.22,16.55,16.72,2968820
2005-10-10,16.80,16.90,16.41,16.46,1487870
2005-10-11,16.53,16.64,15.80,16.03,2469760
2005-10-13,16.14,16.79,15.85,16.26,3967500
2005-10-14,16.35,16.35,15.68,15.77,2448135
2005-10-17,15.80,15.97,15.28,15.42,1451705
2005-10-18,15.55,16.43,15.43,16.19,3850200
2005-10-19,16.16,16.16,15.40,15.56,2393980
2005-10-20,15.80,16.15,15.02,15.18,2180035
2005-10-21,15.02,15.62,14.82,15.48,1157955
2005-10-24,15.50,15.78,15.33,15.57,1813500
2005-10-25,15.60,15.80,15.30,15.62,725525
2005-10-26,15.60,15.70,15.10,15.24,535220
2005-10-27,15.34,15.43,14.40,14.52,2012070
2005-10-28,14.30,14.78,14.00,14.60,1214295
2005-10-31,14.80,14.80,14.34,14.48,468505
2005-11-01,14.72,14.86,14.52,14.63,237355
2005-11-02,14.77,15.20,14.35,14.95,614505
2005-11-07,15.00,15.83,14.80,15.74,1191745
2005-11-08,15.80,16.20,15.55,16.03,1972895
2005-11-09,15.42,16.27,15.42,15.74,1118665
2005-11-10,15.73,15.84,15.45,15.59,436860
2005-11-11,15.70,15.83,15.55,15.68,401480
2005-11-14,17.20,17.20,15.01,15.49,611445
2005-11-16,15.70,15.80,15.50,15.55,318640
2005-11-17,15.75,15.80,15.38,15.45,412800
2005-11-18,15.59,16.20,15.59,15.96,1521980
2005-11-21,16.10,16.12,15.56,15.74,705865
2005-11-22,15.02,15.70,15.02,15.44,463035
2005-11-23,15.56,15.65,15.05,15.22,488955
2005-11-24,15.30,15.60,15.12,15.35,298875
2005-11-25,15.46,15.50,15.25,15.34,318370
2005-11-28,15.40,16.00,15.40,15.77,966260
2005-11-29,15.94,15.96,15.46,15.62,507410
2005-11-30,15.62,16.20,15.61,15.77,1414460
2005-12-01,15.70,16.18,15.60,16.05,940525
2005-12-02,16.10,17.33,16.10,17.18,8984840
2005-12-05,17.20,17.55,16.46,16.83,4259915
2005-12-06,16.80,17.10,16.51,16.88,2379260
2005-12-07,16.92,16.92,16.42,16.54,861240
2005-12-08,16.65,16.78,16.35,16.57,604470
2005-12-09,16.44,16.78,16.38,16.43,584460
2005-12-12,16.60,16.60,16.22,16.33,621970
2005-12-13,16.43,16.67,16.21,16.43,769160
2005-12-14,16.58,17.09,16.26,16.43,1302360
2005-12-15,16.41,16.59,16.02,16.08,617995
2005-12-16,16.02,16.30,15.83,15.96,471430
2005-12-19,15.99,16.14,15.84,15.92,643325
2005-12-20,16.00,16.60,15.80,16.11,1146510
2005-12-21,16.21,16.45,16.12,16.35,870755
2005-12-22,16.49,16.55,16.23,16.29,705800
2005-12-23,16.47,16.47,15.90,15.98,513670
2005-12-26,16.07,16.07,15.56,15.61,602490
2005-12-27,15.41,15.82,15.34,15.74,318215
2005-12-28,15.60,15.80,15.01,15.49,552705
2005-12-29,15.59,15.69,15.28,15.41,1231960
2005-12-30,15.49,15.68,15.43,15.55,923050
2006-01-02,15.60,15.79,15.50,15.59,494605
2006-01-03,15.55,16.36,15.55,16.20,3371375
2006-01-04,16.24,16.50,16.02,16.20,2124620
2006-01-05,16.20,16.30,15.82,15.92,536475
2006-01-06,15.94,16.10,15.70,15.82,810435
2006-01-09,15.68,16.10,15.68,15.76,1083950
2006-01-10,15.80,15.90,15.51,15.55,557625
2006-01-12,15.45,15.73,15.30,15.43,446740
2006-01-13,15.54,15.73,15.35,15.41,731165
2006-01-16,15.31,15.52,15.25,15.39,363800
2006-01-17,15.49,15.50,14.78,14.86,1055145
2006-01-18,14.60,15.50,14.60,14.99,1174615
2006-01-19,15.15,15.30,14.86,14.92,591200
2006-01-20,15.15,15.59,14.84,14.93,2062855
2006-01-23,14.90,15.15,14.85,14.95,396165
2006-01-24,15.07,15.20,14.91,14.96,461175
2006-01-25,15.14,15.14,14.76,14.84,842185
2006-01-27,14.99,15.06,14.50,14.71,1365445
2006-01-30,14.69,14.98,13.02,14.57,3663090
2006-01-31,14.42,14.89,14.30,14.37,3870805
2006-02-01,14.40,14.60,14.20,14.27,595755
2006-02-02,14.25,14.38,13.94,13.98,2460700
2006-02-03,14.00,14.50,13.81,14.34,471965
2006-02-06,14.45,14.60,14.28,14.43,539430
2006-02-07,14.58,15.05,14.50,14.67,926895
2006-02-08,14.70,14.79,14.50,14.62,445165
2006-02-10,14.52,14.78,14.52,14.62,1232590
2006-02-13,14.64,15.47,14.64,14.96,1270375
2006-02-14,14.98,15.16,14.80,14.84,1233850
2006-02-15,14.94,15.18,14.55,14.70,606200
2006-02-16,14.78,15.08,14.62,14.91,754630
2006-02-17,15.00,15.88,14.75,15.12,3185060
2006-02-20,15.30,15.30,14.84,14.93,1561925
2006-02-21,15.02,15.06,14.81,14.83,483630
2006-02-22,14.92,15.48,14.77,15.27,1635850
2006-02-23,15.32,15.37,14.92,15.08,1297365
2006-02-24,15.00,15.16,14.90,15.11,410885
2006-02-27,15.20,15.50,15.11,15.22,1049675
2006-02-28,15.22,15.93,15.04,15.10,3032685
2006-03-01,15.15,15.47,14.71,14.78,917625
2006-03-02,15.00,15.06,14.70,14.78,454680
2006-03-03,14.80,14.91,14.60,14.68,1396755
2006-03-06,14.82,14.85,14.66,14.72,310320
2006-03-07,14.40,14.80,14.06,14.63,351075
2006-03-08,14.76,14.76,13.98,14.26,1166370
2006-03-09,14.28,14.35,13.85,13.98,756310
2006-03-10,14.38,14.58,13.81,13.87,3251495
2006-03-13,13.98,14.38,13.98,14.23,862375
2006-03-14,14.10,14.43,14.10,14.19,549640
2006-03-16,14.30,14.35,14.00,14.12,554145
2006-03-17,14.20,14.28,14.00,14.02,429820
2006-03-20,14.25,14.28,14.05,14.06,463385
2006-03-21,14.06,14.14,13.86,13.92,564305
2006-03-22,13.94,14.10,13.61,13.76,514440
2006-03-23,13.84,13.95,13.26,13.41,1048090
2006-03-24,13.55,13.60,13.31,13.45,445675
2006-03-27,13.60,14.04,13.60,13.81,871215
2006-03-28,13.81,13.95,13.36,13.43,849595
2006-03-29,13.58,13.76,13.40,13.42,472850
2006-03-30,13.44,13.80,13.42,13.61,1110025
2006-03-31,13.60,14.29,13.60,13.90,811540
2006-04-03,14.02,14.56,14.02,14.42,800160
2006-04-04,14.52,14.69,14.06,14.22,1034540
2006-04-05,14.28,14.48,14.26,14.41,487085
2006-04-07,14.58,14.58,14.18,14.23,702000
2006-04-10,14.22,14.39,14.12,14.17,229775
2006-04-12,14.29,14.40,14.10,14.11,501265
2006-04-13,14.23,14.23,13.76,13.84,485115
2006-04-17,13.42,14.16,13.42,14.03,465040
2006-04-18,14.38,14.80,14.31,14.67,1382905
2006-04-19,14.81,14.95,14.55,14.64,1418550
2006-04-20,14.90,16.10,14.72,15.58,5384845
2006-04-21,15.75,15.96,15.11,15.32,2409730
2006-04-24,15.37,16.78,15.00,16.43,7983495
2006-04-25,16.66,16.66,15.73,15.81,1757590
2006-04-26,15.88,18.98,15.81,18.53,16196425
2006-04-27,18.70,19.34,17.71,17.84,11614385
2006-04-28,16.60,18.23,15.58,17.70,5976865
2006-05-02,19.25,20.78,19.23,20.07,11752780
2006-05-03,20.02,21.10,19.03,20.42,9075800
2006-05-04,20.80,22.88,20.25,21.79,15746115
2006-05-05,21.80,25.88,21.60,24.72,30831065
2006-05-08,24.92,25.18,22.60,23.20,13028045
2006-05-09,23.36,24.58,22.73,23.48,11072650
2006-05-10,23.68,24.49,23.10,23.40,8167910
2006-05-11,23.49,23.68,22.02,22.24,3193340
2006-05-12,22.25,22.95,21.41,21.66,4269550
2006-05-15,21.70,22.91,20.23,20.55,5053275
2006-05-16,20.39,21.77,19.24,20.68,4252265
2006-05-17,20.97,22.68,20.80,21.90,8534660
2006-05-18,21.63,21.63,19.06,19.41,3735145
2006-05-19,19.82,20.42,17.31,17.86,3825095
2006-05-22,19.00,19.00,15.00,16.64,2716810
2006-05-23,16.58,18.70,15.28,18.38,2175220
2006-05-24,19.00,19.18,18.00,18.21,2031435
2006-05-25,17.40,18.20,17.40,17.78,1060955
2006-05-26,17.90,19.04,17.90,18.21,2424785
2006-05-29,18.40,18.94,18.00,18.50,1476055
2006-05-30,18.51,20.46,18.20,19.48,8116735
2006-05-31,18.08,19.10,17.70,18.25,2756765
2006-06-01,18.50,19.06,17.25,17.50,2672655
2006-06-02,17.80,17.80,15.74,17.33,3029000
2006-06-05,17.77,17.77,16.55,16.84,1215505
2006-06-06,16.20,16.95,15.65,16.45,1107720
2006-06-07,16.30,16.76,14.65,14.98,1748190
2006-06-08,14.40,14.70,13.23,13.85,1688225
2006-06-09,14.22,15.96,13.63,15.50,2064105
2006-06-12,15.58,15.58,14.40,14.54,1182000
2006-06-13,13.80,14.04,13.32,13.67,918830
2006-06-14,14.00,14.59,13.41,13.48,1584420
2006-06-15,14.00,14.48,13.67,14.32,1234825
2006-06-16,14.48,15.48,14.48,14.72,1609595
2006-06-19,14.51,14.92,14.20,14.42,706445
2006-06-20,14.07,15.06,14.06,14.57,757330
2006-06-21,14.30,16.10,14.30,15.59,2471565
2006-06-22,15.96,16.90,15.63,15.76,2657895
2006-06-23,15.00,16.01,15.00,15.68,1137220
2006-06-26,15.64,15.98,14.71,14.87,904055
2006-06-27,15.08,15.08,14.10,14.51,582935
2006-06-28,14.25,15.94,13.26,15.49,2715535
2006-06-29,15.85,16.45,15.40,15.58,4068620
2006-06-30,15.90,16.29,15.90,16.21,1247455
2006-07-03,16.36,16.40,15.70,15.99,801130
2006-07-04,16.36,16.36,15.22,15.47,645780
2006-07-05,15.56,15.72,15.40,15.58,296625
2006-07-06,15.44,15.58,15.22,15.39,277865
2006-07-07,15.58,16.34,15.07,15.21,1051595
2006-07-10,14.80,15.40,14.80,15.08,486990
2006-07-11,15.24,15.99,15.00,15.56,1385635
2006-07-12,14.80,16.27,14.80,15.93,2701680
2006-07-13,15.88,16.08,15.07,15.29,946855
2006-07-14,15.12,15.19,14.44,14.87,811920
2006-07-17,14.87,15.19,13.82,13.97,1221985
2006-07-18,14.00,14.42,13.90,14.24,1074095
2006-07-19,14.47,14.47,13.70,13.92,605105
2006-07-20,14.39,14.64,13.96,14.42,929700
2006-07-21,14.20,14.39,13.93,14.10,399275
2006-07-24,14.09,14.26,13.64,13.77,605145
2006-07-25,14.13,14.34,13.88,13.94,466810
2006-07-26,14.19,14.25,13.92,13.96,555335
2006-07-27,14.01,14.40,13.96,14.04,919800
2006-07-28,14.21,14.98,14.02,14.64,2557865
2006-07-31,14.79,14.96,14.53,14.62,413575
2006-08-01,14.59,14.69,14.17,14.26,305380
2006-08-02,14.32,14.96,14.28,14.90,1125855
2006-08-03,15.16,15.40,14.84,15.09,1506245
2006-08-04,15.17,15.22,14.34,14.53,645160
2006-08-07,15.00,15.00,14.20,14.55,201095
2006-08-08,14.80,14.80,14.53,14.63,215410
2006-08-09,14.64,15.05,14.40,14.68,892865
2006-08-10,14.79,15.70,14.66,15.46,2453145
2006-08-11,15.69,16.20,15.45,15.99,3441690
2006-08-14,16.26,17.18,15.95,16.85,6104600
2006-08-16,17.00,17.36,16.63,16.77,3212995
2006-08-17,16.93,16.96,15.95,16.07,1595640
2006-08-18,16.01,16.54,15.96,16.18,1356185
2006-08-21,16.25,16.56,16.02,16.38,1028470
2006-08-22,16.40,16.79,16.20,16.28,903495
2006-08-23,16.21,16.42,15.68,15.85,893870
2006-08-24,14.74,16.36,14.74,16.22,930095
2006-08-25,16.47,16.76,16.20,16.52,1223320
2006-08-28,16.22,17.16,16.22,16.67,1262570
2006-08-29,16.62,17.00,16.43,16.47,962480
2006-08-30,16.66,16.70,16.31,16.40,669080
2006-08-31,16.60,16.78,15.94,16.00,535230
2006-09-01,15.26,16.92,14.74,16.57,1467275
2006-09-04,16.81,16.81,16.23,16.29,906310
2006-09-05,16.38,17.89,16.38,17.75,6853540
2006-09-06,17.89,18.10,17.31,17.48,5589680
2006-09-07,17.40,17.52,16.96,17.03,1693810
2006-09-08,17.10,18.64,17.09,18.34,10537740
2006-09-11,18.40,19.33,17.42,17.69,12014425
2006-09-12,17.80,18.64,17.42,18.38,6743805
2006-09-13,18.60,19.24,18.42,18.51,6002255
2006-09-14,18.72,18.72,18.04,18.24,1949045
2006-09-15,18.42,18.88,17.82,18.43,4203220
2006-09-18,18.56,20.14,18.24,19.92,19423565
2006-09-19,20.03,20.64,18.52,18.80,12312395
2006-09-20,18.61,19.92,18.50,19.69,6198730
2006-09-21,19.81,20.12,19.02,19.14,5276125
2006-09-22,19.00,19.68,18.62,19.45,3689515
2006-09-25,19.70,20.54,19.50,19.76,9987585
2006-09-26,19.80,19.96,19.11,19.24,2178005
2006-09-27,19.30,19.88,19.18,19.34,4215185
2006-09-28,19.40,19.54,18.84,18.94,1293820
2006-09-29,19.08,19.68,19.00,19.25,2601990
2006-10-03,19.25,19.40,18.42,18.52,2228835
2006-10-04,18.60,19.09,18.60,18.87,1690335
2006-10-05,19.04,19.16,18.76,18.85,1061430
2006-10-06,18.97,19.32,18.84,19.00,1388900
2006-10-09,18.81,19.69,18.65,19.50,5234155
2006-10-10,19.80,19.95,19.26,19.39,2703240
2006-10-11,19.56,19.56,18.61,18.79,1232695
2006-10-12,18.84,19.15,18.70,18.98,819050
2006-10-13,19.17,19.55,18.90,19.11,2078960
2006-10-16,19.37,19.90,19.00,19.05,2491735
2006-10-17,19.21,19.21,18.57,18.74,1074140
2006-10-18,18.44,18.87,18.20,18.60,574770
2006-10-19,18.78,19.44,18.54,18.81,2064540
2006-10-20,19.00,19.30,18.71,18.84,1217630
2006-10-23,18.86,18.86,18.46,18.62,439190
2006-10-26,18.62,18.85,18.52,18.64,710815
2006-10-27,18.62,19.05,18.56,18.66,1032555
2006-10-30,18.66,18.80,18.28,18.41,738800
2006-10-31,18.50,18.72,18.00,18.15,1025910
2006-11-02,18.68,19.46,18.61,19.29,4646025
2006-11-03,19.50,20.00,19.40,19.49,6252595
2006-11-06,19.61,19.61,18.87,18.93,1198030
2006-11-07,19.08,19.16,18.22,18.33,2036255
2006-11-08,18.50,18.64,17.90,18.06,1066195
2006-11-09,18.28,18.44,17.80,17.92,807005
2006-11-10,18.00,18.35,17.91,18.01,828505
2006-11-13,18.10,18.49,17.81,18.10,1267680
2006-11-14,18.30,18.80,18.07,18.13,1232225
2006-11-15,18.04,18.33,17.81,17.88,583615
2006-11-16,18.52,18.52,18.52,18.52,2394330
2006-11-17,18.68,19.10,18.16,18.67,4828440
2006-11-20,17.92,18.98,17.92,18.85,2219270
2006-11-21,18.92,19.24,18.73,18.81,1019550
2006-11-22,18.82,18.95,18.65,18.66,656075
2006-11-23,18.78,19.05,18.42,18.53,1166395
2006-11-24,18.59,19.68,18.45,19.13,6240685
2006-11-27,19.20,19.41,18.72,18.78,1150565
2006-11-28,18.80,18.95,18.41,18.53,834770
2006-11-29,18.80,18.94,18.40,18.46,555845
2006-11-30,18.65,18.89,18.18,18.27,781470
2006-12-01,18.49,18.94,18.31,18.37,822685
2006-12-04,18.48,18.52,18.14,18.24,597530
2006-12-05,18.40,18.48,18.08,18.16,438175
2006-12-06,18.05,18.05,18.05,18.05,426240
2006-12-07,18.00,18.00,18.00,18.00,427825
2006-12-08,18.17,18.18,17.55,17.65,710795
2006-12-11,17.68,17.68,16.70,16.99,547410
2006-12-12,17.16,17.16,15.41,15.78,810420
2006-12-13,15.82,16.13,15.40,15.97,655735
2006-12-14,16.10,16.70,16.10,16.58,484880
2006-12-15,16.74,16.98,16.60,16.73,304795
2006-12-18,16.80,16.82,16.35,16.64,215410
2006-12-19,16.52,16.70,16.05,16.26,303005
2006-12-20,16.40,16.50,16.05,16.20,204415
2006-12-21,16.20,16.30,16.02,16.06,190590
2006-12-22,16.23,17.20,16.10,16.92,1157055
2006-12-26,17.00,17.35,17.00,17.20,444400
2006-12-27,17.28,17.28,16.80,16.90,206480
2006-12-28,17.22,17.22,16.66,16.75,181560
2006-12-29,16.80,17.30,16.80,16.90,578515
2007-01-02,16.56,17.29,16.56,16.77,223160
2007-01-03,16.96,17.26,16.72,17.13,441655
2007-01-04,17.30,17.36,17.00,17.18,331170
2007-01-05,17.09,18.08,17.08,17.65,1276200
2007-01-08,17.96,17.96,17.35,17.47,355625
2007-01-09,17.11,17.68,16.95,17.02,412035
2007-01-10,17.02,17.25,16.64,16.91,322980
2007-01-11,17.12,17.30,16.90,17.08,228235
2007-01-12,17.50,17.72,16.92,17.05,860530
2007-01-15,17.25,17.96,17.10,17.57,1204370
2007-01-16,17.78,17.78,17.20,17.32,324225
2007-01-17,17.58,17.58,17.01,17.05,382365
2007-01-18,17.06,19.04,17.06,18.23,6009325
2007-01-19,18.40,18.46,17.62,17.73,1323875
2007-01-22,17.98,17.98,17.42,17.58,481080
2007-01-23,17.69,17.69,17.22,17.30,338490
2007-01-24,17.46,18.08,17.33,17.41,619515
2007-01-25,17.43,17.82,17.14,17.26,530385
2007-01-29,17.60,17.98,17.15,17.73,2361540
2007-01-31,17.98,17.98,17.13,17.24,851400
2007-02-01,17.38,17.80,17.24,17.44,596770
2007-02-02,17.60,18.56,17.60,18.07,4236780
2007-02-05,18.10,18.15,17.45,17.49,820620
2007-02-06,17.55,17.87,17.21,17.32,940775
2007-02-07,17.48,17.48,17.20,17.24,480640
2007-02-08,17.38,17.38,16.90,16.98,590450
2007-02-09,17.10,17.19,16.36,16.46,547270
2007-02-12,16.05,16.54,15.72,15.84,684100
2007-02-13,16.16,16.46,15.74,15.86,844250
2007-02-14,15.90,16.05,15.18,15.72,340870
2007-02-15,15.90,16.21,15.90,16.00,550355
2007-02-19,16.00,16.43,16.00,16.28,368120
2007-02-20,16.28,16.64,15.88,16.00,514390
2007-02-21,16.00,16.15,15.56,15.63,355750
2007-02-22,16.00,16.00,15.30,15.60,223110
2007-02-23,15.47,15.68,14.90,14.96,987455
2007-02-26,15.18,15.24,14.80,15.02,328625
2007-02-27,15.11,15.21,14.85,14.99,292065
2007-02-28,14.40,15.56,14.20,14.86,1337330
2007-03-01,15.00,15.20,14.48,14.55,543175
2007-03-02,14.76,14.96,14.31,14.49,392685
2007-03-05,13.99,14.12,13.49,13.63,537885
2007-03-06,13.80,14.34,13.22,13.81,427755
2007-03-07,14.13,14.13,12.90,13.03,645700
2007-03-08,13.08,14.40,12.83,13.96,737915
2007-03-09,14.60,14.60,13.80,14.14,354160
2007-03-12,14.20,14.40,13.72,14.04,343575
2007-03-13,14.16,14.36,13.90,14.18,450560
2007-03-14,13.52,13.96,13.52,13.82,220815
2007-03-15,13.96,15.10,13.70,13.74,589680
2007-03-16,13.96,13.96,13.60,13.75,219770
2007-03-19,13.72,13.78,13.47,13.55,251090
2007-03-20,13.48,13.96,13.48,13.68,272130
2007-03-21,13.74,13.96,13.65,13.84,233265
2007-03-22,13.80,14.24,13.80,13.96,2286740
2007-03-23,14.20,14.26,13.82,13.92,427005
2007-03-26,14.02,14.02,13.64,13.74,279615
2007-03-28,13.66,13.75,13.42,13.51,345385
2007-03-29,13.68,13.79,13.48,13.60,221420
2007-03-30,13.64,14.08,13.58,13.83,290780
2007-04-02,13.66,13.74,13.50,13.56,194905
2007-04-03,13.55,13.55,13.55,13.55,0
2007-04-04,13.73,13.88,13.25,13.40,546210
2007-04-05,13.50,13.78,13.40,13.65,559545
2007-04-09,13.72,14.40,13.72,14.29,716665
2007-04-10,14.40,14.68,14.20,14.39,368960
2007-04-11,14.49,15.10,14.48,14.97,854255
2007-04-12,14.97,15.44,14.74,15.09,997150
2007-04-13,15.00,15.36,14.63,14.71,861310
2007-04-16,15.00,15.28,14.70,14.74,1280990
2007-04-17,14.88,14.88,14.60,14.63,704290
2007-04-18,14.40,14.98,14.28,14.83,1250580
2007-04-19,14.52,15.00,14.40,14.84,764385
2007-04-20,15.07,15.08,14.77,14.79,705360
2007-04-23,14.85,14.96,14.49,14.53,568330
2007-04-24,14.40,14.78,14.10,14.52,344405
2007-04-25,14.42,14.70,14.20,14.55,472680
2007-04-26,14.42,14.78,14.42,14.59,381860
2007-04-27,14.60,14.69,14.40,14.43,282315
2007-04-30,14.51,14.72,14.36,14.59,243535
2007-05-03,14.68,15.12,14.64,14.85,787265
2007-05-04,15.00,15.07,14.66,14.79,2488840
2007-05-07,14.80,15.18,14.72,14.86,1176070
2007-05-08,15.00,15.09,14.70,14.80,347550
2007-05-09,14.80,14.80,14.50,14.54,216010
2007-05-10,14.64,14.78,14.46,14.50,233340
2007-05-11,15.73,15.73,14.28,14.39,366475
2007-05-14,14.40,14.77,14.38,14.43,337745
2007-05-15,14.53,15.03,14.42,14.91,1269600
2007-05-16,15.16,15.35,15.05,15.09,1084300
2007-05-17,15.16,15.27,14.80,14.90,559615
2007-05-18,14.90,14.99,14.69,14.73,284195
2007-05-21,14.80,15.56,14.74,15.21,1181920
2007-05-22,15.35,15.35,15.01,15.06,488430
2007-05-23,14.86,15.96,14.86,15.78,3134940
2007-05-24,15.80,16.13,15.60,15.78,2043190
2007-05-25,15.76,16.60,15.70,16.51,5019925
2007-05-28,16.60,16.78,16.50,16.53,2227065
2007-05-29,16.60,16.98,16.54,16.72,2071175
2007-05-30,16.60,16.75,16.05,16.15,1161770
2007-05-31,16.20,16.59,16.20,16.41,774225
2007-06-01,14.78,16.57,14.78,16.38,724955
2007-06-04,16.40,16.62,16.30,16.36,618115
2007-06-05,16.57,16.57,16.20,16.30,608980
2007-06-06,16.57,16.58,16.05,16.13,572270
2007-06-07,16.00,16.28,15.76,15.86,480995
2007-06-08,15.62,16.52,15.43,16.16,2211835
2007-06-11,16.48,16.48,16.06,16.12,309335
2007-06-12,16.18,16.68,16.06,16.26,0
2007-06-13,15.88,15.95,15.60,15.81,753385
2007-06-14,15.85,15.92,15.62,15.66,344390
2007-06-15,15.70,15.87,15.46,15.52,377970
2007-06-18,15.67,17.00,15.53,16.84,4654705
2007-06-19,16.90,17.30,16.65,16.92,3680445
2007-06-20,16.98,17.12,16.73,16.84,1362350
2007-06-21,16.75,17.18,16.62,16.73,1124550
2007-06-22,17.00,18.28,17.00,17.16,6229470
2007-06-25,17.00,17.20,16.47,16.54,897390
2007-06-26,16.69,16.84,16.34,16.39,701100
2007-06-27,16.40,16.53,16.14,16.21,336410
2007-06-28,16.50,16.57,16.02,16.07,369225
2007-06-29,16.33,16.56,16.08,16.14,1284330
2007-07-02,16.20,17.20,15.96,16.89,1763830
2007-07-03,17.09,17.10,16.82,16.99,630160
2007-07-04,16.90,17.14,16.72,16.86,595770
2007-07-05,16.86,16.87,16.38,16.77,528580
2007-07-06,16.71,17.00,16.60,16.78,599720
2007-07-09,16.80,17.00,16.71,16.80,479800
2007-07-10,16.80,17.10,16.50,16.56,419450
2007-07-11,16.56,16.72,16.42,16.47,264130
2007-07-12,17.00,17.73,16.89,17.40,3048705
2007-07-13,17.58,17.80,17.10,17.45,2475130
2007-07-16,18.00,18.40,17.18,17.29,3259560
2007-07-17,17.40,17.60,16.72,16.80,1474845
2007-07-18,17.79,17.79,16.50,16.63,783840
2007-07-19,16.80,17.15,16.65,16.81,662830
2007-07-20,16.90,17.50,16.56,16.65,1078065
2007-07-23,16.70,16.81,16.48,16.55,492610
2007-07-24,16.78,16.78,16.18,16.21,686555
2007-07-25,16.20,16.58,16.02,16.13,655325
2007-07-26,16.20,16.30,16.01,16.13,200455
2007-07-27,16.01,16.40,15.42,15.56,770085
2007-07-30,15.31,15.70,15.30,15.47,1102725
2007-07-31,17.78,17.78,15.42,15.60,399815
2007-08-01,15.50,15.59,15.16,15.25,859925
2007-08-02,15.22,15.48,15.00,15.14,454620
2007-08-03,15.40,15.46,15.12,15.21,533080
2007-08-06,14.70,15.10,14.70,14.97,477945
2007-08-07,15.06,15.10,14.82,14.85,620600
2007-08-08,15.05,15.15,14.96,15.09,294440
2007-08-09,15.17,16.02,15.06,15.30,4492810
2007-08-10,15.10,15.10,14.64,14.86,325830
2007-08-13,15.05,15.65,14.83,15.48,470800
2007-08-14,15.48,15.53,15.25,15.36,238185
2007-08-16,14.62,15.15,14.62,14.82,258955
2007-08-17,15.36,15.36,14.44,14.64,1045710
2007-08-20,14.96,15.00,14.64,14.74,247620
2007-08-21,14.80,15.15,14.40,14.43,465580
2007-08-22,14.47,14.77,14.32,14.48,247680
2007-08-23,14.42,14.94,14.30,14.39,343580
2007-08-24,14.40,14.57,14.25,14.40,211265
2007-08-27,14.56,14.69,14.44,14.58,227950
2007-08-28,14.64,14.70,14.40,14.43,614580
2007-08-29,14.40,14.50,14.37,14.40,350440
2007-08-30,14.50,14.54,14.36,14.39,498245
2007-08-31,14.49,14.70,14.40,14.55,181795
2007-09-03,14.51,14.96,14.51,14.72,472820
2007-09-04,14.69,14.86,14.67,14.69,405580
2007-09-05,14.78,14.87,14.65,14.73,458900
2007-09-06,14.60,14.80,14.60,14.69,435135
2007-09-07,14.75,14.94,14.64,14.69,544380
2007-09-10,14.52,14.66,14.52,14.58,302695
2007-09-11,14.70,15.22,14.65,14.70,2240160
2007-09-12,14.80,14.95,14.65,14.70,995895
2007-09-13,14.79,15.40,14.77,15.05,1747840
2007-09-14,15.10,15.30,14.82,14.86,844665
2007-09-17,15.10,15.68,14.92,15.21,1488260
2007-09-18,15.10,15.78,15.10,15.54,1949245
2007-09-19,15.76,16.15,15.50,15.71,2106575
2007-09-20,15.98,15.98,15.31,15.49,749935
2007-09-21,15.60,15.88,15.26,15.38,1455350
2007-09-24,15.42,15.74,15.23,15.35,619510
2007-09-25,15.35,15.74,15.30,15.61,692615
2007-09-26,15.60,16.60,15.60,15.82,2102045
2007-09-27,16.40,16.40,15.62,15.68,1153975
2007-09-28,16.20,16.22,15.60,15.73,558715
2007-10-01,15.61,15.80,15.61,15.69,413715
2007-10-03,15.80,16.15,15.02,15.49,970205
2007-10-04,15.50,15.50,15.10,15.30,478120
2007-10-05,15.40,15.43,15.00,15.10,654075
2007-10-08,15.20,15.58,14.40,14.54,654950
2007-10-09,14.40,14.92,14.22,14.78,629940
2007-10-10,14.82,14.94,14.62,14.66,476350
2007-10-11,14.66,14.84,14.40,14.52,420340
2007-10-12,14.88,14.88,14.40,14.42,356395
2007-10-15,14.42,14.90,14.42,14.64,634180
2007-10-16,14.70,16.07,14.56,15.60,2301650
2007-10-17,14.97,14.97,14.97,14.97,638465
2007-10-18,15.39,15.60,14.51,14.75,641755
2007-10-19,14.40,14.82,14.20,14.45,958100
2007-10-22,14.47,14.60,14.32,14.44,221675
2007-10-23,14.68,15.40,14.60,14.91,1177660
2007-10-24,14.99,15.20,14.65,14.81,800515
2007-10-25,16.00,16.00,14.57,14.99,1006865
2007-10-26,17.00,17.00,14.90,15.14,1031220
2007-10-29,16.00,16.00,15.22,15.32,1125980
2007-10-30,15.59,15.59,14.92,15.00,406960
2007-10-31,15.09,15.10,14.80,14.85,381535
2007-11-01,15.00,15.00,14.33,14.48,554595
2007-11-02,14.38,14.58,14.32,14.43,489445
2007-11-05,14.43,14.98,14.43,14.55,394225
2007-11-06,14.76,15.08,14.60,14.71,684520
2007-11-07,15.00,15.00,14.42,14.52,360905
2007-11-08,14.26,14.58,14.26,14.33,346565
2007-11-09,14.40,14.60,14.30,14.50,103150
2007-11-12,14.26,14.43,14.13,14.31,219035
2007-11-13,16.60,16.60,14.40,14.50,401890
2007-11-14,14.70,16.78,14.60,15.99,3552995
2007-11-15,16.18,16.75,15.95,16.29,2579680
2007-11-16,16.38,18.28,16.00,17.34,7485980
2007-11-19,18.00,18.56,17.64,17.86,4070790
2007-11-20,17.87,18.45,17.22,17.41,2778065
2007-11-21,17.51,17.60,15.78,16.22,1517440
2007-11-22,16.20,16.53,15.40,16.02,1359305
2007-11-23,15.72,16.76,15.72,16.32,525260
2007-11-26,17.28,17.56,16.20,16.93,1503740
2007-11-27,17.02,17.02,16.53,16.71,351555
2007-11-28,16.86,17.68,16.71,16.93,1579660
2007-11-29,17.15,17.60,16.32,16.48,1048470
2007-11-30,19.60,19.60,16.26,16.74,737105
2007-12-03,17.18,17.60,16.80,17.23,788490
2007-12-04,17.58,18.00,17.16,17.30,1304240
2007-12-05,17.57,17.79,17.23,17.59,1007030
2007-12-06,17.76,18.79,17.62,17.94,3952085
2007-12-07,18.40,18.76,17.44,17.68,1267455
2007-12-10,19.40,19.40,17.53,18.21,1228970
2007-12-11,18.60,19.80,18.60,19.05,6941020
2007-12-12,18.80,20.47,18.70,20.28,6265590
2007-12-13,20.51,20.90,19.31,19.57,4472490
2007-12-14,19.74,22.14,19.60,21.88,12063400
2007-12-17,21.90,22.80,20.12,20.75,8475450
2007-12-18,20.95,21.78,19.65,21.10,5197265
2007-12-19,21.68,22.38,20.48,21.39,4064745
2007-12-20,21.60,21.74,20.32,20.48,1704350
2007-12-24,20.76,22.00,20.40,21.61,1854495
2007-12-26,21.78,23.79,21.60,23.43,6733180
2007-12-27,23.40,24.28,22.85,23.02,4808590
2007-12-28,23.00,23.88,22.50,23.51,2706550
2007-12-31,23.94,24.77,23.25,23.85,4805925
2008-01-01,24.14,24.44,23.06,23.85,2134020
2008-01-02,24.14,24.14,22.90,23.40,1629525
2008-01-03,23.58,25.28,23.40,24.47,5616220
2008-01-04,24.87,24.94,23.72,24.14,2286430
2008-01-07,24.15,24.57,23.15,24.03,1611375
2008-01-08,24.30,24.30,22.42,22.80,1582985
2008-01-09,22.78,23.00,22.00,22.18,1114845
2008-01-10,22.40,22.88,20.02,20.49,1437270
2008-01-11,20.62,20.88,19.30,19.82,2512130
2008-01-14,21.16,21.16,20.00,20.86,853020
2008-01-15,21.07,24.36,21.02,22.78,5505915
2008-01-16,22.20,22.74,21.00,21.67,2737655
2008-01-17,22.14,22.88,21.31,21.77,1707335
2008-01-18,21.79,21.96,19.53,19.83,1798930
2008-01-21,19.83,19.88,15.90,16.33,1493460
2008-01-22,14.10,16.18,13.07,14.43,1036495
2008-01-23,15.80,16.37,14.60,15.05,3025530
2008-01-24,15.80,16.38,15.20,15.42,2200870
2008-01-25,15.90,18.00,15.90,17.53,1080855
2008-01-28,17.40,17.48,16.20,17.25,665655
2008-01-29,18.05,18.05,16.92,17.54,402775
2008-01-30,17.40,17.98,17.08,17.24,561730
2008-01-31,17.30,17.50,16.00,16.52,602350
2008-02-01,16.96,16.98,15.91,16.52,793045
2008-02-04,16.70,17.40,16.50,16.75,1020955
2008-02-05,16.84,17.20,16.65,17.00,349215
2008-02-06,16.32,17.48,16.00,17.22,467485
2008-02-07,17.34,17.88,16.90,17.03,415835
2008-02-08,16.60,17.19,16.22,16.40,294505
2008-02-11,16.45,16.59,15.04,15.30,427365
2008-02-12,15.30,15.87,14.60,14.80,1510450
2008-02-13,15.20,15.38,14.14,14.30,549190
2008-02-14,14.96,15.13,14.47,14.94,526185
2008-02-15,15.00,15.54,14.75,15.43,284935
2008-02-18,15.60,16.14,15.40,15.53,479590
2008-02-19,15.97,16.10,15.40,15.50,431060
2008-02-20,15.60,15.60,15.05,15.20,293875
2008-02-21,15.64,15.64,14.83,14.92,493990
2008-02-22,15.10,15.20,14.69,14.75,570280
2008-02-25,15.00,15.02,14.52,14.76,293150
2008-02-26,14.99,15.69,14.84,15.05,1081710
2008-02-27,15.38,15.87,15.21,15.37,861845
2008-02-28,15.40,15.59,15.23,15.47,425405
2008-02-29,15.60,16.38,15.14,15.34,1975025
2008-03-03,14.80,15.30,14.80,14.86,763220
2008-03-04,15.00,15.12,14.50,14.65,432215
2008-03-05,14.50,14.79,14.18,14.60,329330
2008-03-07,14.20,14.40,13.66,13.74,535635
2008-03-10,13.26,13.60,12.82,13.29,1251240
2008-03-11,13.50,13.96,13.39,13.74,361175
2008-03-12,14.39,15.76,13.80,13.85,379515
2008-03-13,13.23,13.57,12.60,12.78,3796820
2008-03-14,13.04,13.28,12.62,12.98,404375
2008-03-17,12.61,12.98,12.07,12.21,480240
2008-03-18,11.80,12.40,11.80,12.09,421385
2008-03-19,14.00,14.00,12.04,12.16,388450
2008-03-24,12.99,12.99,11.33,11.62,1993085
2008-03-25,11.90,12.40,11.72,12.27,588150
2008-03-26,12.70,12.86,12.20,12.31,430610
2008-03-27,12.14,12.65,12.12,12.24,625315
2008-03-28,12.50,13.29,12.40,13.14,682805
2008-03-31,13.00,13.79,12.90,13.14,476970
2008-04-01,13.29,13.50,13.03,13.39,197225
2008-04-02,13.76,13.96,13.31,13.43,310410
2008-04-03,13.50,13.58,13.13,13.28,143075
2008-04-04,13.02,13.50,12.85,13.26,317110
2008-04-07,13.30,13.40,13.00,13.22,195150
2008-04-08,13.05,13.49,13.04,13.40,158035
2008-04-09,13.30,13.58,13.23,13.47,128250
2008-04-10,13.33,13.78,13.33,13.56,264345
2008-04-11,13.62,13.78,13.52,13.67,218270
2008-04-15,13.40,13.74,13.40,13.54,133090
2008-04-16,13.74,14.18,13.63,14.08,598205
2008-04-17,14.25,14.40,13.86,14.06,300500
2008-04-21,14.40,14.80,14.03,14.54,467320
2008-04-22,14.38,14.80,14.38,14.55,328925
2008-04-23,14.60,14.94,14.40,14.46,308715
2008-04-24,14.50,14.74,13.80,14.03,616305
2008-04-25,14.38,14.38,13.83,14.00,238510
2008-04-28,14.25,14.84,14.05,14.50,806760
2008-04-29,14.50,14.78,14.25,14.46,336800
2008-04-30,14.50,14.64,14.25,14.31,125555
2008-05-02,14.42,14.52,14.30,14.34,101730
2008-05-05,14.32,14.90,14.25,14.40,445550
2008-05-06,15.00,16.06,15.00,15.40,4693850
2008-05-07,15.46,15.55,14.72,14.90,793515
2008-05-08,14.60,14.73,14.34,14.43,365660
2008-05-09,14.50,14.72,14.07,14.20,303220
2008-05-12,14.03,14.10,13.72,14.02,369705
2008-05-13,14.10,14.39,13.78,13.86,274540
2008-05-14,13.78,14.13,13.62,13.91,240540
2008-05-15,14.13,14.60,13.81,14.43,496920
2008-05-16,14.20,14.57,14.20,14.40,290825
2008-05-20,14.16,14.50,14.12,14.32,174550
2008-05-21,14.12,14.44,14.12,14.28,211655
2008-05-22,14.20,14.68,14.06,14.19,226760
2008-05-23,14.22,14.39,14.05,14.22,196540
2008-05-26,12.53,14.10,12.53,13.82,314640
2008-05-27,14.04,14.06,13.61,13.67,364380
2008-05-28,13.63,13.87,13.57,13.61,131175
2008-05-29,14.95,14.96,13.50,13.59,198570
2008-05-30,13.80,14.17,13.30,14.00,450400
2008-06-02,14.00,14.00,13.42,13.46,105485
2008-06-03,13.24,13.38,13.04,13.21,130630
2008-06-04,13.40,13.50,13.00,13.03,116580
2008-06-05,12.89,13.20,12.84,13.02,161815
2008-06-06,13.15,13.36,12.51,12.64,364895
2008-06-09,12.42,12.53,12.02,12.32,315610
2008-06-10,12.19,12.74,12.19,12.52,181235
2008-06-11,12.52,12.78,12.32,12.38,308060
2008-06-12,12.22,12.40,12.07,12.22,776905
2008-06-13,12.40,12.56,11.84,11.91,706425
2008-06-16,12.12,12.65,12.12,12.42,382190
2008-06-17,12.40,12.58,12.30,12.44,252565
2008-06-18,12.60,13.10,12.60,12.77,448700
2008-06-19,12.57,12.63,12.33,12.44,175875
2008-06-20,12.50,12.58,11.87,11.97,342825
2008-06-23,11.69,11.95,11.57,11.65,247050
2008-06-24,11.78,11.88,11.40,11.50,135410
2008-06-25,11.62,11.78,11.24,11.63,241160
2008-06-26,11.80,12.18,11.66,11.83,149600
2008-06-27,11.47,11.80,11.41,11.56,110460
2008-06-30,13.78,13.78,11.04,11.12,172965
2008-07-01,11.30,11.30,10.01,10.09,641760
2008-07-02,10.18,10.45,9.95,10.30,498825
2008-07-03,10.30,10.30,10.05,10.20,157580
2008-07-04,10.20,10.48,10.10,10.40,171765
2008-07-07,10.20,11.44,10.20,11.27,462020
2008-07-08,10.52,11.00,10.20,10.69,333105
2008-07-09,11.06,11.26,10.93,11.08,132370
2008-07-10,11.00,11.40,10.92,11.00,59370
2008-07-11,11.32,11.36,10.85,10.95,87315
2008-07-14,10.80,10.90,10.61,10.73,57705
2008-07-15,10.73,10.73,10.34,10.39,97705
2008-07-16,10.20,10.80,10.20,10.26,96600
2008-07-17,10.25,10.59,10.25,10.33,73335
2008-07-18,10.42,10.56,10.40,10.48,82250
2008-07-21,10.58,10.58,10.36,10.44,52950
2008-07-22,10.50,10.60,10.39,10.59,74445
2008-07-23,10.69,11.16,10.68,10.81,402660
2008-07-24,10.88,11.51,10.88,11.40,608685
2008-07-25,11.20,12.00,10.94,11.51,715810
2008-07-28,11.70,11.97,11.49,11.77,344730
2008-07-29,11.60,11.80,11.41,11.56,276565
2008-07-30,11.67,12.20,11.51,11.64,305645
2008-07-31,11.70,11.79,11.61,11.65,151065
2008-08-01,13.96,13.96,11.54,11.86,231220
2008-08-04,11.95,12.40,11.95,12.32,432285
2008-08-05,12.67,12.90,12.30,12.77,910925
2008-08-06,12.80,12.80,11.86,12.01,672465
2008-08-07,12.17,12.18,11.65,11.78,253815
2008-08-08,11.82,11.82,11.41,11.46,377565
2008-08-11,11.88,12.14,11.75,11.91,665805
2008-08-12,11.91,11.94,11.66,11.70,161475
2008-08-13,11.84,11.92,11.54,11.61,141900
2008-08-14,11.62,11.62,11.20,11.28,199845
2008-08-18,11.40,11.44,11.22,11.33,110970
2008-08-19,11.34,11.34,11.00,11.09,95985
2008-08-20,11.30,11.40,11.09,11.16,117020
2008-08-21,11.18,11.24,10.97,11.08,129825
2008-08-22,11.05,11.05,10.70,10.94,136780
2008-08-25,10.97,11.09,10.74,10.83,156115
2008-08-26,10.83,11.36,10.74,11.25,170410
2008-08-27,11.32,11.32,11.00,11.02,87390
2008-08-28,10.80,10.96,10.76,10.81,73150
2008-08-29,10.82,11.07,10.82,10.96,94435
2008-09-01,10.42,11.39,10.42,11.05,88085
2008-09-02,10.90,11.37,10.90,11.19,158895
2008-09-04,11.11,11.38,11.10,11.15,101810
2008-09-05,11.10,11.24,11.00,11.10,66090
2008-09-08,11.20,11.30,10.96,11.22,144990
2008-09-09,10.49,11.32,10.49,11.21,77045
2008-09-10,11.03,11.24,11.03,11.05,48675
2008-09-11,11.00,11.10,10.80,10.88,111555
2008-09-15,10.76,11.60,10.40,10.57,416000
2008-09-16,10.42,10.58,10.14,10.44,195570
2008-09-17,10.60,10.60,10.02,10.35,186625
2008-09-18,10.00,10.19,9.72,9.88,305735
2008-09-19,10.05,10.40,10.00,10.12,188065
2008-09-22,10.16,10.19,10.00,10.10,91675
2008-09-23,10.00,10.16,9.83,9.92,122850
2008-09-24,10.00,10.16,9.82,9.99,84785
2008-09-25,9.83,10.04,9.81,9.90,45290
2008-09-26,9.82,10.20,9.42,9.51,193810
2008-09-29,9.41,9.60,9.00,9.12,166260
2008-09-30,8.82,9.58,8.20,9.29,171455
2008-10-01,9.76,9.98,9.03,9.19,88065
2008-10-03,9.08,9.59,8.83,8.92,108060
2008-10-06,8.76,8.92,8.40,8.46,209395
2008-10-07,8.60,8.75,7.50,7.69,503675
2008-10-08,7.40,7.57,6.16,7.25,929795
2008-10-10,6.96,7.20,6.70,7.15,378700
2008-10-13,7.30,7.93,7.30,7.66,260125
2008-10-14,7.92,8.01,7.55,7.64,228675
2008-10-15,7.60,7.70,7.28,7.36,107630
2008-10-16,7.40,7.40,6.70,7.22,277715
2008-10-17,7.50,7.55,7.07,7.28,148365
2008-10-20,7.59,7.60,6.48,6.59,532310
2008-10-21,6.60,7.08,6.60,6.82,260220
2008-10-22,6.63,6.86,6.58,6.61,181940
2008-10-23,6.43,6.60,6.00,6.33,415585
2008-10-24,6.20,6.40,6.00,6.16,456190
2008-10-27,6.24,6.40,5.81,6.02,281470
2008-10-28,6.10,6.54,6.10,6.43,178560
2008-10-29,6.75,6.75,6.10,6.27,148175
2008-10-31,6.28,6.50,6.17,6.43,345485
2008-11-03,6.60,7.40,6.52,6.74,325235
2008-11-04,6.60,6.82,6.50,6.79,101880
2008-11-05,6.80,7.10,6.70,6.73,227570
2008-11-06,6.48,6.65,6.40,6.59,60695
2008-11-07,6.51,6.70,6.40,6.63,67280
2008-11-10,6.80,6.80,6.55,6.76,95145
2008-11-11,6.60,6.70,6.50,6.55,91225
2008-11-12,6.40,6.64,6.21,6.36,130395
2008-11-14,6.40,6.53,6.23,6.27,88385
2008-11-17,6.21,6.29,6.04,6.08,81570
2008-11-18,6.07,6.25,6.00,6.08,85865
2008-11-19,6.05,6.25,5.94,6.02,87190
2008-11-20,5.98,5.99,5.73,5.90,119450
2008-11-21,5.93,6.06,5.83,5.99,46825
2008-11-24,6.00,6.09,5.90,5.93,62590
2008-11-25,6.02,6.78,5.60,5.66,198140
2008-11-26,5.60,5.80,5.45,5.54,142190
2008-11-28,5.47,5.76,5.22,5.63,95830
2008-12-01,5.62,6.12,5.55,5.99,324300
2008-12-02,5.99,5.99,5.73,5.79,92470
2008-12-03,5.94,6.05,5.70,5.82,93925
2008-12-04,5.81,6.02,5.76,5.91,90065
2008-12-05,5.98,6.04,5.81,5.86,63790
2008-12-08,6.02,6.08,5.66,5.74,179475
2008-12-10,5.82,5.96,5.77,5.83,154795
2008-12-11,5.71,6.18,5.71,6.04,186350
2008-12-12,6.00,6.60,5.93,6.44,462610
2008-12-15,6.68,6.90,6.46,6.52,384320
2008-12-16,6.42,6.76,6.38,6.54,331400
2008-12-17,6.55,6.70,6.30,6.37,273250
2008-12-18,6.32,6.45,6.23,6.38,117665
2008-12-19,6.51,6.51,6.27,6.32,186425
2008-12-22,6.40,6.48,6.30,6.33,125440
2008-12-23,6.24,6.32,6.05,6.12,118145
2008-12-24,6.16,6.17,5.98,5.99,87335
2008-12-26,6.20,6.20,5.86,5.91,66860
2008-12-29,5.88,6.07,5.80,5.92,104905
2008-12-30,5.88,6.10,5.88,6.00,76805
2008-12-31,6.12,6.20,5.98,6.03,203370
2009-01-01,6.05,6.39,6.05,6.24,272330
2009-01-02,6.31,6.54,6.31,6.44,208270
2009-01-05,6.65,6.65,6.50,6.54,214340
2009-01-06,6.56,6.72,6.49,6.58,341565
2009-01-07,6.60,6.60,6.12,6.16,375065
2009-01-09,6.06,6.09,5.80,5.89,248555
2009-01-12,5.86,6.09,5.77,5.94,124335
2009-01-13,5.82,6.20,5.82,5.98,84285
2009-01-14,6.00,6.06,5.94,6.00,39915
2009-01-15,5.85,6.03,5.66,5.99,125370
2009-01-16,5.86,6.05,5.80,5.90,201410
2009-01-19,5.88,6.06,5.82,5.94,89595
2009-01-20,5.88,6.00,5.86,5.95,72720
2009-01-21,5.87,6.00,5.80,5.83,44595
2009-01-22,5.82,5.89,5.60,5.65,217015
2009-01-23,5.79,5.79,5.58,5.63,66885
2009-01-27,5.70,5.77,5.51,5.63,43735
2009-01-28,5.60,5.72,5.56,5.66,91895
2009-01-29,5.60,5.75,5.60,5.68,95845
2009-01-30,5.48,5.76,5.45,5.65,122540
2009-02-02,5.45,5.61,5.45,5.53,136055
2009-02-03,5.54,5.59,5.46,5.55,73205
2009-02-04,5.55,5.67,5.50,5.54,44100
2009-02-05,5.43,5.60,5.43,5.53,56225
2009-02-06,5.60,5.60,5.48,5.53,60835
2009-02-09,5.56,5.75,5.55,5.63,79290
2009-02-10,5.63,5.98,5.63,5.76,239360
2009-02-11,5.70,5.78,5.52,5.73,64640
2009-02-12,5.80,5.85,5.70,5.78,47030
2009-02-13,5.80,5.90,5.20,5.79,106205
2009-02-16,5.99,5.99,5.62,5.64,184365
2009-02-17,5.64,5.69,5.52,5.56,68490
2009-02-18,5.45,5.61,5.45,5.55,49785
2009-02-19,5.69,5.69,5.42,5.53,34635
2009-02-20,5.50,5.62,5.40,5.45,69050
2009-02-24,5.40,5.51,5.35,5.42,65870
2009-02-25,5.36,5.64,5.36,5.49,49825
2009-02-26,5.40,5.60,5.40,5.47,49210
2009-02-27,5.50,5.52,5.40,5.42,66225
2009-03-02,5.40,5.48,5.20,5.38,58930
2009-03-03,5.30,5.44,5.30,5.33,50720
2009-03-04,5.49,5.49,5.22,5.27,84045
2009-03-05,5.30,5.37,5.16,5.21,73495
2009-03-06,5.35,5.35,5.00,5.08,156450
2009-03-09,5.55,5.55,5.05,5.14,72920
2009-03-12,5.20,5.28,5.05,5.09,37060
2009-03-13,5.56,5.56,5.10,5.21,52210
2009-03-16,5.20,5.35,5.16,5.32,76085
2009-03-17,5.23,5.46,5.23,5.38,97795
2009-03-18,5.46,5.52,5.40,5.46,69745
2009-03-19,5.52,5.52,5.40,5.45,90350
2009-03-20,5.43,5.59,5.41,5.56,83495
2009-03-23,5.53,5.69,5.40,5.63,157455
2009-03-24,5.61,5.75,5.59,5.63,127080
2009-03-25,5.55,5.70,5.54,5.59,58420
2009-03-26,5.58,5.66,5.55,5.60,62815
2009-03-27,5.87,5.87,5.52,5.61,139735
2009-03-30,5.61,5.63,5.44,5.50,92170
2009-03-31,5.53,5.66,5.53,5.65,32130
2009-04-01,5.65,5.78,5.60,5.72,104595
2009-04-02,5.80,6.13,5.78,5.93,464645
2009-04-06,6.05,6.17,6.02,6.13,155800
2009-04-08,6.00,6.42,5.90,6.31,372145
2009-04-09,6.40,6.60,6.30,6.49,402315
2009-04-13,6.56,7.05,6.50,6.91,525970
2009-04-15,6.80,7.30,6.80,7.15,587820
2009-04-16,7.06,7.30,6.62,6.76,397370
2009-04-17,6.97,6.98,6.71,6.78,201215
2009-04-20,6.84,6.85,6.60,6.64,210640
2009-04-21,6.64,6.69,6.46,6.65,69515
2009-04-22,6.60,6.86,6.40,6.48,145790
2009-04-23,6.44,6.64,6.41,6.49,194385
2009-04-24,6.50,6.56,6.16,6.39,243695
2009-04-27,6.35,6.64,6.30,6.33,277330
2009-04-28,6.31,6.40,6.22,6.25,72145
2009-04-29,6.39,6.39,6.22,6.26,84505
2009-05-04,6.40,6.49,6.36,6.44,128785
2009-05-05,6.42,6.60,6.40,6.49,243280
2009-05-06,6.42,6.76,6.40,6.43,336250
2009-05-07,6.45,6.60,6.45,6.50,139720
2009-05-08,6.40,6.89,6.40,6.54,737760
2009-05-11,6.70,6.76,6.35,6.43,307820
2009-05-12,6.45,6.50,6.32,6.47,103335
2009-05-13,6.42,6.60,6.34,6.36,248385
2009-05-14,6.34,6.44,6.28,6.41,78870
2009-05-15,6.42,6.51,6.36,6.39,362180
2009-05-19,6.80,7.49,6.52,7.09,1126580
2009-05-20,7.15,8.18,7.15,8.04,1240415
2009-05-21,8.00,9.08,7.95,8.41,2158405
2009-05-22,8.36,8.58,8.01,8.42,498290
2009-05-25,8.74,9.19,8.40,9.08,1194770
2009-05-26,9.20,9.45,8.45,8.52,836685
2009-05-27,8.60,9.03,8.60,8.94,500160
2009-05-28,8.93,9.18,8.83,8.94,446575
2009-05-29,9.00,9.62,8.88,9.15,1115285
2009-06-01,9.55,9.55,9.13,9.41,633420
2009-06-02,9.80,10.34,9.60,10.19,3887630
2009-06-03,10.40,10.58,9.85,10.10,1307585
2009-06-04,10.00,10.29,9.70,10.08,1397620
2009-06-05,10.54,10.86,10.00,10.14,1516325
2009-06-08,10.24,10.28,9.13,9.30,506765
2009-06-09,9.16,9.40,8.80,9.33,422850
2009-06-10,9.36,9.95,9.20,9.28,456995
2009-06-11,9.40,9.80,9.03,9.42,562795
2009-06-12,9.42,9.57,9.05,9.12,289970
2009-06-15,9.12,9.12,8.70,8.74,231820
2009-06-16,8.50,8.93,8.45,8.75,295310
2009-06-17,9.30,9.30,8.36,8.46,302170
2009-06-18,8.60,8.70,7.84,7.97,420910
2009-06-19,8.08,8.20,7.82,8.10,288730
2009-06-22,8.10,8.19,7.96,7.99,173530
2009-06-23,8.30,8.30,7.80,7.93,153510
2009-06-24,8.03,8.29,7.96,8.21,211185
2009-06-25,8.19,8.88,8.19,8.73,509420
2009-06-26,9.12,9.33,8.84,9.24,1196475
2009-06-29,9.30,10.17,9.15,10.17,1493760
2009-06-30,10.64,10.64,9.67,9.73,1903800
2009-07-01,9.44,9.70,9.26,9.32,290580
2009-07-02,9.40,9.79,9.24,9.40,616800
2009-07-03,9.42,9.55,9.30,9.45,300635
2009-07-06,9.45,9.72,8.98,8.98,484515
2009-07-07,8.82,8.88,8.60,8.76,245730
2009-07-08,8.70,8.70,8.33,8.37,188670
2009-07-09,8.58,8.79,8.48,8.58,348765
2009-07-10,8.78,8.78,8.20,8.30,218355
2009-07-13,8.30,8.30,7.89,7.89,177615
2009-07-14,7.90,8.28,7.90,8.24,259920
2009-07-15,8.20,8.64,8.20,8.60,196610
2009-07-16,8.70,8.89,8.40,8.45,187125
2009-07-17,8.63,8.64,8.43,8.56,183000
2009-07-20,8.65,8.94,8.61,8.75,385795
2009-07-21,8.90,9.10,8.61,8.93,581500
2009-07-22,8.97,9.38,8.80,9.01,832220
2009-07-23,9.34,9.35,8.91,9.15,401830
2009-07-24,9.35,9.55,9.04,9.43,697045
2009-07-27,9.45,9.91,9.36,9.91,752560
2009-07-28,10.41,10.41,9.90,10.03,1549175
2009-07-29,10.10,10.10,9.53,9.69,499140
2009-07-30,9.86,10.18,9.62,10.18,928610
2009-07-31,10.40,10.66,9.67,10.13,1940860
2009-08-03,10.17,10.50,10.00,10.32,905440
2009-08-04,10.39,10.60,10.04,10.21,796640
2009-08-05,10.58,10.72,10.41,10.68,2605380
2009-08-06,10.58,11.22,10.58,10.86,4408260
2009-08-07,10.80,11.20,10.50,10.63,1349835
2009-08-10,10.65,10.97,10.20,10.25,687045
2009-08-11,10.25,10.60,10.00,10.46,498890
2009-08-12,10.40,10.87,10.27,10.75,0
2009-08-13,10.50,11.08,10.50,11.08,318315
2009-08-14,10.99,11.64,10.80,10.90,1030550
2009-08-17,10.51,10.88,10.36,10.38,476335
2009-08-18,10.39,10.90,10.22,10.90,412875
2009-08-19,11.30,11.30,10.65,10.91,769285
2009-08-20,11.00,11.20,10.83,10.89,353785
2009-08-21,10.80,11.02,10.75,10.88,298475
2009-08-24,10.80,11.20,10.64,10.89,542805
2009-08-25,10.84,11.00,10.69,10.73,409540
2009-08-26,10.75,10.90,10.72,10.76,594630
2009-08-27,10.75,11.20,10.70,10.93,457960
2009-08-28,10.90,11.00,10.78,10.84,288670
2009-08-31,10.84,10.99,10.70,10.88,526735
2009-09-01,10.85,11.14,10.62,10.71,571470
2009-09-02,10.60,10.78,10.50,10.56,256200
2009-09-03,10.56,10.97,10.51,10.56,211400
2009-09-04,10.50,10.80,10.50,10.62,0
2009-09-07,10.60,11.18,10.60,10.80,1029945
2009-09-08,11.00,11.10,10.53,10.64,857320
2009-09-09,10.60,10.98,10.60,10.76,357665
2009-09-10,10.80,11.10,10.67,10.72,569975
2009-09-11,10.74,10.90,10.41,10.50,360650
2009-09-14,10.50,10.80,10.39,10.59,295030
2009-09-15,10.66,11.11,10.53,11.03,1014865
2009-09-16,11.19,11.59,11.08,11.15,1696610
2009-09-17,11.30,11.34,10.82,10.92,368425
2009-09-18,11.38,11.38,11.04,11.10,573625
2009-09-22,11.02,11.60,11.02,11.31,1194125
2009-09-23,11.40,11.46,11.06,11.13,466870
2009-09-24,11.00,11.18,10.90,11.02,262940
2009-09-25,10.91,11.65,10.91,11.30,1100160
2009-09-29,11.54,11.92,11.45,11.71,1710020
2009-09-30,11.60,12.28,11.60,11.96,2458130
2009-10-01,12.00,12.06,11.63,11.68,574835
2009-10-05,11.69,11.69,11.27,11.32,576135
2009-10-06,11.40,11.47,10.85,11.05,528305
2009-10-07,11.16,11.64,11.15,11.24,469465
2009-10-08,11.26,11.60,11.13,11.44,470505
2009-10-09,11.60,11.60,11.21,11.37,603970
2009-10-12,11.54,12.00,11.54,11.85,1364375
2009-10-14,11.85,11.85,11.30,11.41,1093805
2009-10-15,11.50,11.59,11.24,11.29,504440
2009-10-16,11.50,11.70,11.12,11.19,689410
2009-10-20,11.48,11.49,11.15,11.20,329165
2009-10-21,11.11,11.33,11.02,11.06,307140
2009-10-22,11.00,11.65,10.93,11.02,1009540
2009-10-23,11.17,11.30,10.80,10.86,368380
2009-10-26,10.93,11.05,10.42,10.58,232785
2009-10-27,10.60,10.80,10.00,10.06,385585
2009-10-28,10.05,10.21,9.71,9.93,412405
2009-10-29,9.80,9.99,9.67,9.73,211755
2009-10-30,9.99,10.06,9.43,9.56,279475
2009-11-03,9.54,9.56,9.11,9.17,224880
2009-11-04,9.17,9.30,9.00,9.19,253970
2009-11-05,9.29,9.59,9.15,9.49,216515
2009-11-06,9.74,9.92,9.53,9.65,294000
2009-11-09,9.80,9.90,9.64,9.73,151775
2009-11-10,9.95,10.15,9.64,9.68,235065
2009-11-11,9.70,10.05,9.60,9.89,238915
2009-11-12,9.83,10.10,9.80,9.87,194800
2009-11-13,9.84,10.39,9.83,9.90,366715
2009-11-16,10.17,10.23,9.93,9.97,202310
2009-11-17,10.00,10.00,9.80,9.89,155345
2009-11-18,9.86,10.07,9.77,9.85,150190
2009-11-19,9.82,9.96,9.78,9.81,106435
2009-11-20,9.78,9.87,9.64,9.74,173710
2009-11-23,9.74,9.85,9.61,9.80,225575
2009-11-24,9.80,9.95,9.65,9.81,187715
2009-11-25,9.82,10.10,9.82,9.91,205960
2009-11-26,9.82,9.97,9.60,9.89,234950
2009-11-27,9.80,9.80,9.42,9.63,223845
2009-11-30,9.88,9.88,9.65,9.68,273320
2009-12-01,9.88,10.58,9.71,10.29,1017855
2009-12-02,10.55,11.00,10.50,10.70,1153355
2009-12-03,10.88,10.88,10.40,10.46,635370
2009-12-04,10.48,10.90,10.37,10.54,644605
2009-12-07,10.65,10.69,10.37,10.42,336670
2009-12-08,10.40,10.52,10.31,10.43,161855
2009-12-09,10.30,10.64,10.30,10.45,142150
2009-12-10,10.59,10.69,10.42,10.60,309940
2009-12-11,10.70,10.80,10.40,10.45,223250
2009-12-14,10.50,10.90,10.21,10.24,223960
2009-12-15,10.20,10.49,10.20,10.41,329245
2009-12-16,10.58,10.88,10.37,10.69,818530
2009-12-17,10.68,10.88,10.45,10.50,307065
2009-12-18,10.50,10.65,10.37,10.46,275995
2009-12-21,10.65,10.65,10.40,10.45,171945
2009-12-22,10.52,11.14,10.36,10.85,2279880
2009-12-23,11.00,11.28,10.68,10.79,985950
2009-12-24,10.92,11.28,10.90,11.10,1626935
2009-12-29,11.26,11.45,11.20,11.28,806045
2009-12-30,11.28,11.47,11.23,11.27,438390
2009-12-31,11.48,11.48,11.21,11.25,387370
2010-01-04,11.30,11.48,11.08,11.39,531145
2010-01-05,11.44,11.70,11.35,11.38,819080
2010-01-06,11.60,11.60,11.22,11.27,430635
2010-01-07,11.40,11.48,11.25,11.40,466005
2010-01-08,11.65,13.00,11.65,12.33,7884275
2010-01-11,12.44,13.64,12.40,13.32,7754410
2010-01-12,13.40,13.75,12.88,13.34,3634275
2010-01-13,13.23,13.59,12.90,13.50,2275390
2010-01-14,11.94,14.27,11.94,13.73,6542745
2010-01-15,14.00,14.00,13.05,13.15,2840995
2010-01-18,13.00,13.04,12.60,12.78,982395
2010-01-19,12.83,13.12,12.64,12.75,921330
2010-01-20,12.84,12.87,12.50,12.56,508345
2010-01-21,12.40,13.20,12.22,12.40,1745815
2010-01-22,12.20,12.30,11.62,12.13,1052125
2010-01-25,12.12,12.46,12.01,12.31,597620
2010-01-27,12.30,12.36,11.35,11.70,935890
2010-01-28,11.78,11.98,11.23,11.35,545835
2010-01-29,11.10,11.58,10.90,11.43,538235
2010-02-01,11.40,11.65,11.27,11.52,888200
2010-02-02,11.76,12.06,11.31,11.40,739195
2010-02-03,11.58,11.58,11.43,11.47,218815
2010-02-04,11.30,11.58,11.14,11.19,330860
2010-02-05,10.45,11.09,10.45,10.87,410170
2010-02-08,10.94,11.04,10.70,10.78,206365
2010-02-09,10.70,11.09,10.70,10.94,232965
2010-02-10,10.98,11.72,10.98,11.46,1059610
2010-02-11,11.50,11.72,11.28,11.56,356255
2010-02-15,11.44,11.58,11.10,11.25,249855
2010-02-16,11.25,11.38,10.93,11.01,399825
2010-02-17,11.08,11.14,10.95,10.99,627500
2010-02-18,10.95,11.18,10.84,11.04,523135
2010-02-19,11.30,11.37,10.70,10.82,1287995
2010-02-22,11.00,11.19,10.80,10.83,389000
2010-02-23,10.80,10.86,10.62,10.69,273350
2010-02-24,10.46,10.70,10.46,10.63,234190
2010-02-25,10.62,10.78,10.61,10.65,266885
2010-02-26,10.68,10.96,10.52,10.66,409825
2010-03-02,10.68,11.09,10.68,10.98,510010
2010-03-03,10.84,11.09,10.84,11.04,232005
2010-03-04,10.82,11.15,10.82,11.07,239450
2010-03-05,11.16,11.30,11.08,11.11,260110
2010-03-08,11.03,11.40,11.03,11.16,290835
2010-03-09,11.05,11.17,10.94,10.99,202465
2010-03-10,10.98,11.43,10.86,11.32,807075
2010-03-11,11.32,11.53,11.11,11.31,544505
2010-03-12,11.22,11.49,11.04,11.06,188435
2010-03-15,11.08,11.11,10.88,11.01,175845
2010-03-16,10.40,11.11,10.40,11.04,181275
2010-03-17,10.91,11.20,10.91,11.00,160495
2010-03-18,10.82,11.16,10.80,10.90,146530
2010-03-19,10.91,11.09,10.84,10.90,285530
2010-03-22,10.80,10.98,10.76,10.79,246155
2010-03-23,10.90,10.98,10.67,10.84,533080
2010-03-25,10.80,10.90,10.73,10.77,243715
2010-03-26,10.87,12.56,10.75,12.27,4029330
2010-03-29,12.40,12.75,11.82,11.97,4362015
2010-03-30,12.39,12.39,11.65,11.76,744380
2010-03-31,11.84,13.28,11.60,13.07,7422170
2010-04-01,13.20,13.20,12.46,12.91,1809695
2010-04-05,13.00,14.60,12.75,13.98,8398515
2010-04-06,14.06,14.06,13.51,13.72,1525285
2010-04-07,14.18,14.27,13.41,13.51,2915900
2010-04-08,13.25,13.73,12.80,13.04,1290685
2010-04-09,13.28,13.40,13.02,13.11,540790
2010-04-12,13.36,14.06,13.24,13.62,1602990
2010-04-13,13.67,13.98,13.52,13.64,1215590
2010-04-15,13.86,13.86,13.10,13.21,576915
2010-04-16,13.20,13.60,13.14,13.26,413950
2010-04-19,12.83,13.08,12.82,12.93,422790
2010-04-20,13.02,13.94,13.00,13.85,1589045
2010-04-21,14.05,14.28,13.64,13.78,1335250
2010-04-22,13.76,14.00,13.45,13.65,530495
2010-04-23,13.78,14.84,13.56,14.70,6889585
2010-04-26,15.02,16.04,15.01,15.65,7141900
2010-04-27,15.82,16.36,15.26,15.41,4426905
2010-04-28,15.03,16.34,14.91,15.54,7807845
2010-04-29,15.70,15.96,15.35,15.75,2878155
2010-04-30,15.92,16.38,15.88,16.17,4124330
2010-05-03,15.85,16.59,15.80,16.48,3695830
2010-05-04,16.66,16.88,15.61,15.70,3115490
2010-05-05,15.30,16.00,15.20,15.94,3037150
2010-05-06,16.14,16.44,15.50,15.66,2647770
2010-05-07,15.30,15.78,14.72,14.97,3139240
2010-05-10,15.38,15.50,15.15,15.40,1123110
2010-05-11,15.44,15.45,14.70,14.82,755155
2010-05-12,14.70,15.16,14.54,14.64,795940
2010-05-13,14.88,14.98,14.52,14.58,866430
2010-05-14,14.50,14.67,14.18,14.29,1125075
2010-05-17,14.02,14.40,13.61,14.20,1602790
2010-05-18,14.37,14.90,14.11,14.56,1333730
2010-05-19,14.34,14.56,13.63,13.79,800875
2010-05-20,13.80,14.19,13.65,13.77,757830
2010-05-21,13.60,13.98,13.02,13.82,1015915
2010-05-24,14.18,14.18,13.40,13.66,485385
2010-05-25,13.08,13.60,12.92,13.00,488125
2010-05-26,13.21,13.50,13.04,13.35,250845
2010-05-27,13.23,13.77,13.10,13.63,523115
2010-05-28,13.80,13.96,13.70,13.86,420325
2010-05-31,13.86,14.40,13.80,14.12,743880
2010-06-01,14.05,14.26,13.45,13.54,459445
2010-06-02,13.65,13.90,13.58,13.70,242670
2010-06-03,13.99,14.10,13.70,13.82,400595
2010-06-04,13.92,14.10,13.61,14.02,441440
2010-06-07,13.50,13.73,13.50,13.66,244765
2010-06-08,13.60,13.90,13.34,13.42,322215
2010-06-09,13.50,13.84,13.35,13.51,360385
2010-06-10,13.51,13.84,13.50,13.77,212935
2010-06-11,13.80,14.96,13.71,14.72,4429435
2010-06-14,14.80,16.09,14.61,15.80,4704055
2010-06-15,16.00,16.42,15.38,16.21,3476165
2010-06-16,16.50,16.53,15.94,16.08,2377525
2010-06-17,16.01,16.48,15.83,16.24,1589660
2010-06-18,16.26,16.48,16.00,16.08,1516880
2010-06-21,16.35,16.48,16.00,16.11,783455
2010-06-22,16.00,16.16,15.60,15.79,601270
2010-06-23,15.80,16.25,15.50,15.89,2231190
2010-06-24,15.98,16.14,15.63,15.71,370420
2010-06-25,15.78,17.04,15.68,16.53,5107400
2010-06-28,16.62,17.28,16.62,16.79,4467620
2010-06-29,16.60,17.36,16.45,16.82,4104320
2010-06-30,16.60,16.90,16.47,16.65,1391200
2010-07-01,16.59,17.14,16.59,16.90,1322180
2010-07-02,16.95,17.06,16.60,16.65,748135
2010-07-05,16.80,17.26,16.79,17.17,1376860
2010-07-06,17.29,17.32,16.86,16.99,903065
2010-07-07,17.00,17.16,16.77,16.84,882175
2010-07-08,16.99,17.26,16.86,16.92,703310
2010-07-09,17.00,17.34,16.96,17.12,1342350
2010-07-12,17.12,18.00,17.00,17.82,4378480
2010-07-13,18.20,18.88,17.98,18.67,8637895
2010-07-14,18.80,19.19,18.50,18.62,3554420
2010-07-15,18.72,18.72,18.18,18.25,1468610
2010-07-16,18.30,18.42,18.10,18.29,1296655
2010-07-19,18.05,18.36,18.05,18.18,823010
2010-07-20,18.04,18.35,17.60,17.68,1117695
2010-07-21,18.00,18.03,17.71,17.93,956965
2010-07-22,17.98,18.28,17.63,17.98,919635
2010-07-23,18.02,18.16,17.74,17.79,729685
2010-07-26,18.05,18.05,17.64,17.85,641405
2010-07-27,17.81,17.97,17.70,17.82,544380
2010-07-28,17.83,18.28,17.76,17.99,1525895
2010-07-29,17.56,17.57,17.04,17.15,911290
2010-07-30,17.15,17.34,17.00,17.10,519400
2010-08-02,17.18,17.28,16.72,16.84,459140
2010-08-03,16.80,17.14,16.60,16.83,462400
2010-08-04,16.80,17.10,16.76,16.93,503630
2010-08-05,16.84,17.72,16.84,17.58,2100730
2010-08-06,17.65,17.74,17.23,17.26,565535
2010-08-09,17.68,17.68,17.04,17.23,455450
2010-08-10,17.28,17.75,17.15,17.52,1458830
2010-08-11,17.54,17.94,17.40,17.52,881370
2010-08-12,17.36,17.50,17.20,17.38,530870
2010-08-13,17.65,18.06,15.55,15.68,7806145
2010-08-16,15.66,16.58,15.60,16.40,3706865
2010-08-17,16.48,16.58,16.03,16.15,781120
2010-08-18,16.10,16.37,15.86,15.91,501305
2010-08-19,16.00,17.91,15.91,17.70,5610090
2010-08-20,17.61,19.44,17.10,18.64,8945595
2010-08-23,18.75,19.40,18.60,19.10,3684615
2010-08-24,19.00,20.16,18.90,19.74,7291670
2010-08-25,19.60,20.19,19.24,19.56,4751925
2010-08-26,19.80,20.94,19.60,20.34,6829205
2010-08-27,20.50,20.74,19.60,19.65,4192755
2010-08-30,20.00,20.64,19.64,19.81,2624330
2010-08-31,19.80,20.09,19.64,19.80,1634150
2010-09-01,19.95,20.36,19.70,20.19,1248350
2010-09-02,20.40,20.59,19.91,20.02,1229470
2010-09-03,20.00,21.68,20.00,21.40,7626490
2010-09-06,21.61,22.10,21.30,21.83,7785350
2010-09-07,22.08,22.08,20.71,21.10,2868775
2010-09-08,21.10,21.70,21.00,21.42,2655030
2010-09-09,21.42,21.68,21.03,21.22,1209110
2010-09-13,20.99,21.58,20.44,20.61,1249845
2010-09-14,20.66,21.06,20.30,20.61,1298555
2010-09-15,20.60,21.38,20.60,21.15,1485100
2010-09-16,21.00,21.36,20.51,20.70,816550
2010-09-17,20.76,20.95,20.60,20.62,502325
2010-09-20,20.62,21.13,20.60,20.66,637575
2010-09-21,20.76,20.86,20.10,20.32,1078235
2010-09-22,20.40,20.84,20.01,20.13,996725
2010-09-23,20.13,21.94,20.13,21.38,5250585
2010-09-24,21.50,22.33,21.38,21.75,4060500
2010-09-27,21.82,21.90,21.10,21.18,1139090
2010-09-28,21.12,21.88,21.00,21.70,1654070
2010-09-29,21.64,22.27,21.41,21.50,1609170
2010-09-30,21.00,21.67,21.00,21.34,455780
2010-10-01,21.40,21.87,21.20,21.29,703395
2010-10-04,21.49,21.80,21.11,21.38,838935
2010-10-05,21.14,22.27,21.14,22.04,4156175
2010-10-06,22.20,23.38,22.12,22.93,5223565
2010-10-07,23.08,23.58,22.56,22.84,2129465
2010-10-08,22.80,24.30,22.65,23.98,3804885
2010-10-11,24.34,25.08,24.20,24.77,3032125
2010-10-12,24.71,25.68,23.90,25.50,3674720
2010-10-13,25.76,25.76,24.87,24.98,1189920
2010-10-14,24.98,25.25,24.02,24.64,1809150
2010-10-15,24.72,25.68,24.50,24.62,2158170
2010-10-18,24.70,24.75,23.70,24.37,1125705
2010-10-19,24.04,25.40,24.04,24.90,1090285
2010-10-20,24.90,25.14,24.18,24.31,699640
2010-10-21,24.68,25.05,24.40,24.91,804375
2010-10-22,25.01,25.25,22.28,23.00,6144230
2010-10-25,23.00,23.60,22.48,22.68,2442765
2010-10-26,22.68,23.35,22.60,23.19,1264175
2010-10-27,23.13,23.80,23.10,23.19,1619185
2010-10-28,23.20,23.78,22.80,23.60,1225410
2010-10-29,23.60,23.98,23.01,23.25,907910
2010-11-01,23.27,23.55,22.80,22.90,1024625
2010-11-02,22.96,23.04,22.21,22.35,803750
2010-11-03,22.50,23.40,22.34,23.19,1000540
2010-11-04,23.00,23.70,23.00,23.41,755720
2010-11-05,23.80,24.52,23.78,24.31,1304215
2010-11-08,24.40,24.55,23.53,24.00,952340
2010-11-09,24.02,25.65,23.68,25.47,3665055
2010-11-10,25.40,25.60,24.65,24.84,1141450
2010-11-11,24.90,24.90,24.00,24.28,626195
2010-11-12,24.67,24.67,23.05,23.40,808675
2010-11-15,23.80,23.94,23.05,23.30,488000
2010-11-16,23.36,23.74,22.48,22.97,857685
2010-11-18,23.00,23.70,22.26,23.54,999700
2010-11-19,23.46,23.53,22.30,22.72,1837175
2010-11-22,22.60,22.90,22.07,22.35,727050
2010-11-23,22.20,22.28,20.12,21.19,2230770
2010-11-24,21.19,21.68,20.50,20.83,591595
2010-11-25,21.00,21.17,20.28,20.44,308465
2010-11-26,20.60,20.79,18.54,19.99,1303885
2010-11-29,20.09,20.29,19.06,20.01,451255
2010-11-30,20.15,21.16,19.61,20.84,495410
2010-12-01,21.00,21.80,21.00,21.37,634640
2010-12-02,21.41,21.59,21.30,21.37,221100
2010-12-03,21.44,21.90,20.81,20.85,372240
2010-12-06,21.00,21.53,20.62,20.70,261680
2010-12-07,20.70,20.79,20.05,20.32,235115
2010-12-08,20.20,20.20,19.20,19.41,665945
2010-12-09,19.99,19.99,18.72,18.96,743780
2010-12-10,18.80,19.36,18.40,19.07,413590
2010-12-13,19.05,19.57,18.75,19.02,512090
2010-12-14,19.08,19.40,18.80,19.12,247410
2010-12-15,19.01,19.44,18.64,18.81,296560
2010-12-16,18.71,19.16,18.47,18.63,311185
2010-12-20,18.98,19.60,18.65,18.77,563615
2010-12-21,18.20,19.18,18.20,18.72,412605
2010-12-22,18.92,19.40,18.62,18.71,331820
2010-12-23,18.72,18.97,18.60,18.65,148945
2010-12-24,18.87,18.87,18.40,18.75,125345
2010-12-27,18.80,18.97,18.60,18.65,138880
2010-12-28,18.62,18.89,18.62,18.74,77310
2010-12-29,18.80,20.10,18.62,19.74,867815
2010-12-30,20.40,20.40,19.31,19.48,295450
2010-12-31,19.52,20.18,19.24,19.47,323510
2011-01-03,19.73,20.56,19.56,20.38,727330
2011-01-04,19.60,20.70,19.60,19.75,820695
2011-01-05,19.40,21.14,19.40,20.39,2149075
2011-01-06,20.40,21.08,20.18,20.34,1861535
2011-01-07,20.40,20.50,18.76,18.93,698765
2011-01-10,19.10,19.10,18.18,18.30,672600
2011-01-11,18.22,19.00,18.22,18.40,741245
2011-01-12,18.60,18.94,18.30,18.80,390880
2011-01-13,18.76,18.98,18.20,18.29,143805
2011-01-14,18.40,18.88,18.01,18.15,226955
2011-01-17,18.04,18.40,17.43,17.57,305270
2011-01-18,17.05,18.12,17.05,17.82,165565
2011-01-19,17.66,18.64,17.66,18.48,304005
2011-01-20,18.42,19.14,18.13,19.01,226075
2011-01-21,19.11,19.14,18.63,18.75,99305
2011-01-24,18.36,19.14,17.80,18.98,301115
2011-01-25,18.40,19.18,18.31,18.40,152520
2011-01-27,18.20,18.88,17.64,18.42,566210
2011-01-28,18.16,18.80,17.22,17.52,695965
2011-01-31,17.20,17.40,16.82,17.27,164480
2011-02-01,17.20,17.56,16.90,16.98,134395
2011-02-02,17.02,17.20,16.86,16.90,91225
2011-02-03,16.93,17.28,16.80,17.08,188020
2011-02-04,16.61,17.42,16.16,16.22,1132725
2011-02-07,16.42,16.50,16.20,16.37,158485
2011-02-08,16.30,16.58,15.51,15.62,267510
2011-02-09,15.20,15.90,15.06,15.16,399670
2011-02-10,15.20,16.60,15.05,16.44,1313370
2011-02-11,16.42,16.42,15.62,16.12,679710
2011-02-14,16.38,16.98,16.30,16.64,669640
2011-02-15,16.96,17.07,16.41,16.98,239435
2011-02-16,17.13,17.36,16.98,17.28,152230
2011-02-17,17.42,18.17,17.20,17.62,434975
2011-02-18,17.90,18.10,17.10,17.23,215495
2011-02-21,17.30,17.68,17.03,17.26,249360
2011-02-22,17.12,17.38,16.64,17.12,185685
2011-02-23,16.82,17.15,16.82,17.01,129425
2011-02-24,16.93,17.38,16.67,16.77,175030
2011-02-25,16.80,17.09,16.40,16.48,165385
2011-02-28,16.50,16.96,16.35,16.71,199930
2011-03-01,16.65,18.00,16.22,17.47,669445
2011-03-03,18.00,18.78,16.91,18.24,949680
2011-03-04,18.50,18.59,17.84,17.97,217260
2011-03-07,17.95,18.33,17.24,18.11,302535
2011-03-08,18.40,18.40,17.71,17.79,98395
2011-03-09,17.73,18.14,17.65,17.70,151395
2011-03-10,17.60,18.36,17.48,17.77,385320
2011-03-11,17.54,17.90,17.27,17.36,95650
2011-03-14,17.04,17.60,17.01,17.31,62995
2011-03-15,17.20,17.20,16.85,16.93,117230
2011-03-16,17.00,17.48,16.78,16.88,206990
2011-03-17,16.80,17.20,16.78,16.83,96340
2011-03-18,16.86,17.00,16.40,16.68,118055
2011-03-21,16.76,16.88,16.30,16.34,122460
2011-03-22,16.49,16.80,16.27,16.50,101450
2011-03-23,16.45,17.14,16.43,16.92,562350
2011-03-24,17.00,17.98,17.00,17.19,540695
2011-03-25,17.20,17.50,17.04,17.23,107465
2011-03-28,17.22,17.40,17.02,17.10,121805
2011-03-29,17.30,17.33,16.42,16.62,669785
2011-03-30,16.94,17.40,16.75,17.25,310405
2011-03-31,17.36,17.97,17.20,17.47,431085
2011-04-01,17.52,17.97,17.32,17.86,597675
2011-04-04,17.98,19.38,17.63,19.25,842820
2011-04-05,19.24,19.44,18.73,18.99,885500
2011-04-06,18.91,21.19,18.91,19.47,1104885
2011-04-07,19.47,19.84,19.20,19.42,388935
2011-04-08,19.40,19.85,18.90,19.01,290160
2011-04-11,19.14,19.28,18.54,18.67,126545
2011-04-13,18.55,19.70,18.55,19.54,552365
2011-04-15,19.78,21.36,19.41,21.12,2879400
2011-04-18,21.32,21.40,20.01,20.14,851865
2011-04-19,20.02,20.39,19.85,20.11,237245
2011-04-20,20.21,21.48,20.21,20.92,1401470
2011-04-21,21.08,21.19,20.19,20.28,340395
2011-04-25,20.53,21.28,20.45,20.87,628860
2011-04-26,20.87,21.24,20.51,21.01,450450
2011-04-27,21.06,21.36,20.81,20.94,232415
2011-04-28,20.90,21.27,20.71,20.80,192525
2011-04-29,20.80,20.92,20.43,20.57,449760
2011-05-02,20.19,20.40,18.20,18.39,1350860
2011-05-03,18.64,18.64,17.58,17.76,367620
2011-05-04,17.54,17.88,17.25,17.39,340455
2011-05-05,17.58,17.87,17.06,17.19,230065
2011-05-06,17.58,17.78,17.24,17.36,144955
2011-05-09,17.06,17.68,16.58,17.50,85640
2011-05-10,17.61,18.34,17.36,17.58,245950
2011-05-11,17.78,18.28,17.40,17.61,337770
2011-05-12,17.58,18.00,17.12,17.32,175845
2011-05-13,17.00,18.10,16.86,17.34,240315
2011-05-16,17.38,17.39,17.05,17.15,76650
2011-05-17,17.24,17.54,16.82,16.90,140270
2011-05-18,16.98,17.20,16.80,16.85,126125
2011-05-19,16.82,17.05,16.45,16.63,98970
2011-05-20,16.60,16.80,16.60,16.72,84160
2011-05-23,16.60,16.67,16.24,16.33,67705
2011-05-24,16.40,16.69,16.30,16.61,94295
2011-05-25,16.59,16.65,16.32,16.43,112995
2011-05-26,16.59,16.68,16.43,16.55,97565
2011-05-27,16.66,16.70,16.53,16.61,82820
2011-05-30,16.50,17.00,16.40,16.57,89880
2011-05-31,16.68,16.90,16.60,16.74,201960
2011-06-01,16.84,17.37,16.75,17.07,389555
2011-06-02,17.04,17.19,16.71,16.85,225385
2011-06-03,16.98,17.14,16.32,16.43,334495
2011-06-06,16.88,16.88,16.40,16.50,68150
2011-06-07,16.58,16.84,16.52,16.60,115475
2011-06-08,16.77,16.77,16.41,16.45,81930
2011-06-09,16.60,16.87,16.40,16.45,142535
2011-06-10,16.60,16.73,16.07,16.15,190545
2011-06-13,16.30,16.30,16.00,16.13,68180
2011-06-14,16.54,16.54,16.04,16.31,203990
2011-06-15,16.39,16.44,15.94,16.00,118515
2011-06-16,15.99,16.20,15.55,15.62,246355
2011-06-17,15.78,15.95,15.38,15.58,312110
2011-06-20,15.65,15.78,15.02,15.11,332420
2011-06-21,15.25,15.38,14.60,14.71,327000
2011-06-22,14.80,15.02,14.40,14.48,310720
2011-06-23,14.50,14.85,14.11,14.69,186565
2011-06-24,14.73,15.39,14.73,15.26,1366000
2011-06-27,15.40,15.74,15.33,15.48,271800
2011-06-28,15.70,15.70,15.32,15.42,398955
2011-06-29,14.99,15.15,14.85,15.03,277485
2011-06-30,15.03,15.58,14.94,14.99,182065
2011-07-01,15.05,15.28,15.02,15.16,299570
2011-07-04,15.07,15.47,15.07,15.37,351005
2011-07-05,15.54,15.70,15.24,15.59,671895
2011-07-06,15.42,15.65,15.22,15.58,231545
2011-07-07,15.50,15.90,15.50,15.79,535215
2011-07-08,15.81,15.89,15.41,15.50,178130
2011-07-11,15.54,15.84,15.36,15.46,383005
2011-07-12,15.43,15.65,15.40,15.47,246995
2011-07-13,15.21,15.60,15.21,15.49,147525
2011-07-14,15.40,15.90,15.40,15.72,469630
2011-07-15,15.80,15.80,15.48,15.57,99195
2011-07-18,15.48,15.64,15.44,15.55,61080
2011-07-19,15.49,15.69,15.42,15.47,100730
2011-07-20,15.59,15.69,15.43,15.48,265000
2011-07-21,15.45,15.73,15.38,15.47,106140
2011-07-22,15.45,15.70,15.32,15.48,225670
2011-07-25,15.26,15.86,15.26,15.62,195675
2011-07-26,15.41,15.66,15.30,15.36,177265
2011-07-27,15.25,15.54,15.25,15.40,71645
2011-07-28,15.20,15.88,15.06,15.35,222835
2011-07-29,15.31,15.68,14.47,14.60,420210
2011-08-01,15.48,15.60,14.10,14.17,282935
2011-08-02,14.29,14.29,13.70,13.78,173050
2011-08-03,13.60,14.19,13.43,13.64,356675
2011-08-04,14.00,14.04,13.45,13.66,585485
2011-08-05,13.40,13.60,12.85,13.30,545710
2011-08-08,13.30,13.30,12.70,13.06,310040
2011-08-09,12.80,13.60,12.70,13.07,559650
2011-08-10,13.42,13.78,13.30,13.34,246430
2011-08-11,13.01,13.47,13.01,13.23,184045
2011-08-12,13.39,13.39,13.10,13.14,110645
2011-08-16,13.40,13.57,12.90,13.17,80985
2011-08-17,13.00,13.07,12.60,12.67,166060
2011-08-18,12.70,12.70,12.50,12.53,119650
2011-08-19,12.53,13.07,12.31,12.99,639590
2011-08-22,13.04,13.58,13.04,13.49,1171330
2011-08-23,13.50,13.70,13.42,13.63,154205
2011-08-24,13.78,14.10,13.63,13.92,182500
2011-08-25,13.71,14.19,13.71,13.91,661245
2011-08-26,13.51,14.00,13.02,13.19,160585
2011-08-29,13.48,13.86,13.48,13.81,85480
2011-08-30,13.65,14.20,13.65,13.98,1339090
2011-09-02,14.28,14.28,13.80,13.95,99190
2011-09-05,13.80,14.09,13.60,13.88,61755
2011-09-06,13.86,14.17,13.74,13.87,169345
2011-09-07,14.00,14.20,13.76,14.02,596620
2011-09-08,14.20,14.42,14.03,14.19,191795
2011-09-09,14.15,14.36,13.91,14.02,110180
2011-09-12,13.82,14.04,13.28,13.34,347890
2011-09-13,13.79,13.80,12.90,13.11,233945
2011-09-14,13.20,13.37,13.04,13.16,217920
2011-09-15,13.57,13.60,13.23,13.29,118665
2011-09-16,13.68,13.77,13.30,13.31,86330
2011-09-19,13.59,13.59,13.30,13.36,60725
2011-09-20,13.66,13.74,13.33,13.61,95235
2011-09-21,13.78,13.80,13.46,13.61,114655
2011-09-22,13.41,13.68,12.90,12.99,241750
2011-09-23,12.90,13.30,12.80,12.89,143530
2011-09-26,13.00,13.00,12.52,12.69,178485
2011-09-27,13.10,13.23,13.00,13.01,83890
2011-09-28,13.00,13.20,12.82,12.93,39060
2011-09-29,12.84,13.05,12.61,12.94,81680
2011-09-30,12.94,13.10,12.64,12.69,116495
2011-10-03,12.60,12.80,12.57,12.62,65970
2011-10-04,12.50,12.90,12.34,12.42,138665
2011-10-05,12.60,12.70,12.13,12.24,183965
2011-10-07,12.68,12.89,12.31,12.47,77955
2011-10-10,12.42,12.79,12.32,12.71,74645
2011-10-11,12.90,12.90,12.67,12.80,92350
2011-10-12,12.80,13.00,12.64,12.82,42140
2011-10-13,12.96,13.00,12.75,12.84,83275
2011-10-14,12.89,12.92,12.74,12.81,58385
2011-10-17,13.00,13.10,12.70,12.74,137720
2011-10-18,12.92,12.92,12.52,12.76,63720
2011-10-19,12.63,13.15,12.63,13.07,173955
2011-10-20,13.00,13.00,12.71,12.87,101600
2011-10-21,12.89,13.17,12.27,12.36,559185
2011-10-24,12.45,12.74,12.14,12.23,111730
2011-10-25,12.26,12.40,12.15,12.25,49380
2011-10-26,12.82,12.82,12.26,12.47,29155
2011-10-28,12.60,12.88,12.50,12.80,121515
2011-10-31,12.60,12.96,12.53,12.90,86350
2011-11-01,12.80,12.91,12.56,12.79,195450
2011-11-02,12.66,12.84,12.51,12.63,72015
2011-11-03,12.63,12.85,12.50,12.65,72175
2011-11-04,12.80,12.90,12.65,12.68,73385
2011-11-08,13.00,13.00,12.52,12.83,38595
2011-11-09,12.70,12.91,12.53,12.60,111410
2011-11-11,12.50,12.78,12.42,12.68,214155
2011-11-14,12.60,12.78,12.34,12.41,48880
2011-11-15,12.30,12.53,11.47,11.80,529990
2011-11-16,11.80,12.07,11.52,11.99,229840
2011-11-17,12.04,12.15,11.60,11.66,68800
2011-11-18,11.62,11.80,11.41,11.65,133440
2011-11-21,11.50,11.88,11.14,11.25,144230
2011-11-22,11.22,11.40,10.61,10.67,251915
2011-11-23,10.80,11.50,10.46,10.69,144245
2011-11-24,10.62,11.06,10.33,10.95,259795
2011-11-25,10.95,11.00,10.70,10.79,54795
2011-11-28,11.20,11.39,10.70,10.76,87940
2011-11-29,11.00,11.18,10.64,10.67,119350
2011-11-30,10.61,10.76,9.65,9.81,629195
2011-12-01,9.88,10.29,9.76,9.80,873110
2011-12-02,10.01,10.01,9.80,9.86,169990
2011-12-05,10.30,10.30,9.86,9.89,118705
2011-12-07,9.99,10.06,9.86,9.93,226580
2011-12-08,9.90,9.97,9.45,9.54,192095
2011-12-09,9.45,9.62,9.37,9.38,199790
2011-12-12,9.44,9.50,9.00,9.03,254635
2011-12-13,9.05,9.19,8.90,8.94,345340
2011-12-14,8.96,9.04,8.87,8.97,212940
2011-12-15,8.82,8.99,8.71,8.89,544905
2011-12-16,8.76,9.16,8.62,8.81,221345
2011-12-19,8.80,9.07,8.67,8.78,79865
2011-12-20,8.75,8.88,8.40,8.41,82325
2011-12-21,8.54,8.69,8.52,8.61,387420
2011-12-22,8.76,8.98,8.58,8.89,174205
2011-12-23,8.88,9.60,8.78,9.30,243795
2011-12-26,9.35,9.68,9.21,9.57,141615
2011-12-27,9.42,9.60,9.40,9.54,72620
2011-12-28,9.78,9.78,9.20,9.32,46375
2011-12-29,9.29,9.44,9.20,9.25,67255
2011-12-30,9.21,9.40,9.04,9.16,86320
2012-01-02,9.10,9.27,9.00,9.11,55750
2012-01-03,9.12,9.38,9.12,9.30,47905
2012-01-04,9.31,9.64,9.31,9.56,111890
2012-01-05,9.40,9.88,9.40,9.63,143595
2012-01-06,9.52,9.64,9.41,9.57,24840
2012-01-09,9.80,10.09,9.60,9.79,229115
2012-01-10,9.90,10.30,9.87,10.11,418795
2012-01-11,10.16,10.39,10.12,10.26,268220
2012-01-12,10.36,10.70,10.33,10.41,595655
2012-01-13,10.59,10.68,10.45,10.50,351435
2012-01-16,10.40,10.66,10.33,10.40,171675
2012-01-17,10.50,10.68,10.42,10.55,197245
2012-01-18,10.57,10.65,10.06,10.24,163780
2012-01-19,10.25,10.54,10.21,10.38,181755
2012-01-20,10.34,11.06,10.30,10.59,517665
2012-01-23,10.76,10.76,10.42,10.56,89160
2012-01-24,10.72,10.72,10.47,10.51,274270
2012-01-25,10.69,10.78,10.53,10.55,270625
2012-01-27,10.60,10.80,10.42,10.67,451880
2012-01-30,10.60,10.80,10.47,10.52,173445
2012-01-31,10.66,10.70,10.53,10.67,88065
2012-02-01,10.80,11.00,10.71,10.94,456045
2012-02-02,11.15,11.40,11.02,11.05,546985
2012-02-03,11.16,11.47,11.16,11.39,484785
2012-02-06,11.40,11.78,10.68,11.28,1446100
2012-02-07,11.58,11.58,11.11,11.18,254970
2012-02-08,11.19,11.50,11.19,11.31,179360
2012-02-09,11.30,11.70,11.26,11.59,273995
2012-02-10,11.60,11.76,11.41,11.55,210960
2012-02-13,11.43,11.98,11.43,11.79,299215
2012-02-14,11.88,11.88,11.64,11.71,152380
2012-02-15,11.71,12.00,11.71,11.84,306895
2012-02-16,11.66,11.93,11.66,11.78,136525
2012-02-17,11.96,12.14,11.71,11.81,425820
2012-02-21,11.73,11.94,11.73,11.87,203435
2012-02-22,11.90,12.36,11.27,11.45,404940
2012-02-23,11.50,11.69,11.25,11.60,134110
2012-02-24,11.76,11.77,11.34,11.51,124945
2012-02-27,11.42,11.66,10.91,10.95,418610
2012-02-28,10.95,11.40,10.95,11.36,384415
2012-02-29,11.25,11.63,11.25,11.38,288480
2012-03-01,11.26,11.50,11.23,11.31,74205
2012-03-02,11.20,11.40,10.98,11.02,348910
2012-03-05,11.05,11.20,10.72,10.80,142085
2012-03-06,10.90,10.90,10.52,10.56,335985
2012-03-07,10.54,10.76,10.42,10.48,237325
2012-03-09,10.54,10.68,10.42,10.50,459045
2012-03-12,10.53,10.80,10.53,10.77,220250
2012-03-13,10.86,10.98,10.68,10.78,197020
2012-03-14,11.06,11.10,10.51,10.59,338850
2012-03-15,10.60,10.79,10.23,10.29,478555
2012-03-16,10.52,10.52,10.10,10.14,599490
2012-03-19,10.14,10.30,10.02,10.07,148530
2012-03-20,10.18,10.20,10.00,10.04,84455
2012-03-21,10.20,10.34,10.04,10.20,231190
2012-03-22,10.02,10.36,9.76,9.81,527405
2012-03-23,9.85,9.95,9.26,9.81,664110
2012-03-26,9.84,10.11,9.80,9.95,1182255
2012-03-27,9.95,10.19,9.67,9.78,113520
2012-03-28,9.73,10.12,9.70,9.82,446860
2012-03-29,9.97,10.40,9.45,10.05,666465
2012-03-30,10.02,10.15,9.92,10.05,111860
2012-04-02,10.05,10.38,9.99,10.30,204070
2012-04-03,10.30,10.50,10.30,10.33,75365
2012-04-04,10.28,10.44,9.93,10.02,492100
2012-04-09,10.02,10.32,9.85,10.03,148750
2012-04-10,10.14,10.18,9.90,10.01,53990
2012-04-11,10.00,10.12,9.91,10.04,60930
2012-04-12,10.03,10.29,9.97,10.02,178525
2012-04-13,10.14,10.20,9.60,9.66,1884200
2012-04-16,9.66,9.97,9.62,9.85,287135
2012-04-17,9.83,9.98,9.81,9.91,119315
2012-04-18,10.00,10.18,9.93,9.99,450825
2012-04-19,10.05,10.33,9.98,10.00,485855
2012-04-20,10.00,10.15,10.00,10.06,133195
2012-04-23,10.15,10.30,10.03,10.17,228560
2012-04-24,10.10,10.44,10.05,10.39,432480
2012-04-25,10.40,11.04,10.40,10.96,1254370
2012-04-26,11.18,11.33,11.04,11.17,1912355
2012-04-27,11.40,11.40,10.70,10.96,435710
2012-04-30,11.25,12.52,11.06,11.77,8798890
2012-05-02,11.92,11.92,11.48,11.68,939225
2012-05-03,11.60,11.70,11.37,11.44,314510
2012-05-04,11.58,11.62,11.30,11.37,547510
2012-05-07,11.05,11.75,11.05,11.65,444090
2012-05-08,11.66,11.98,11.51,11.58,684920
2012-05-09,11.44,11.54,11.30,11.37,204770
2012-05-10,11.22,11.55,11.22,11.49,312430
2012-05-11,11.46,11.57,11.26,11.35,371005
2012-05-14,10.03,11.56,10.03,10.83,307445
2012-05-15,10.40,11.09,10.40,10.98,662485
2012-05-16,10.66,10.98,10.66,10.93,167040
2012-05-17,10.70,11.31,10.70,11.15,192530
2012-05-18,10.80,11.28,10.76,11.21,309675
2012-05-21,11.10,11.60,11.10,11.51,242285
2012-05-22,11.60,12.60,11.60,11.69,407185
2012-05-23,10.01,11.68,10.01,11.51,165945
2012-05-24,10.70,11.80,10.70,11.60,142695
2012-05-25,11.30,11.73,11.30,11.57,73055
2012-05-28,11.40,11.94,11.40,11.81,127455
2012-05-29,11.81,12.12,11.63,11.69,293925
2012-05-30,11.02,11.88,11.02,11.66,51700
2012-05-31,11.28,11.71,11.28,11.67,63805
2012-06-01,11.67,11.98,11.60,11.63,215755
2012-06-04,11.63,11.63,11.45,11.55,46320
2012-06-05,11.40,11.66,11.40,11.47,30220
2012-06-06,11.40,11.67,11.40,11.60,61705
2012-06-07,10.88,12.00,10.88,11.65,118700
2012-06-08,11.60,11.72,11.55,11.61,57045
2012-06-11,11.50,11.84,11.50,11.60,89710
2012-06-12,11.32,11.66,11.32,11.62,68180
2012-06-13,11.62,11.75,11.53,11.56,90700
2012-06-14,11.01,11.64,11.01,11.42,87970
2012-06-15,11.20,11.74,11.20,11.62,95290
2012-06-18,12.10,12.13,11.46,11.60,533010
2012-06-19,11.90,11.90,11.40,11.61,76755
2012-06-20,11.02,11.83,11.02,11.58,129920
2012-06-21,11.22,11.60,11.22,11.53,142670
2012-06-22,11.02,11.70,11.02,11.64,102200
2012-06-25,11.64,11.90,11.64,11.83,178480
2012-06-26,11.51,11.84,11.51,11.82,65020
2012-06-27,11.82,12.00,11.82,11.96,182270
2012-06-28,11.96,12.40,11.96,12.24,373010
2012-06-29,12.28,12.43,12.22,12.28,295475
2012-07-02,12.07,12.59,12.07,12.50,280630
2012-07-03,11.92,12.89,11.92,12.74,273560
2012-07-04,11.63,12.81,11.63,12.70,171460
2012-07-05,11.92,13.71,11.92,13.48,1387160
2012-07-06,14.36,14.60,13.70,14.12,5178510
2012-07-09,13.61,14.05,13.43,13.52,596995
2012-07-10,13.23,13.80,13.23,13.73,335665
2012-07-11,13.41,13.99,13.41,13.76,445455
2012-07-12,12.82,13.36,12.82,12.96,414630
2012-07-13,13.00,13.10,12.62,12.65,234905
2012-07-16,12.65,12.76,12.08,12.11,201720
2012-07-17,12.10,12.50,12.02,12.14,192490
2012-07-18,12.00,12.49,12.00,12.43,159970
2012-07-19,12.31,12.70,12.31,12.56,145485
2012-07-20,12.58,12.64,12.32,12.57,114045
2012-07-23,12.15,12.38,12.00,12.12,109405
2012-07-24,11.82,12.14,11.82,11.93,101040
2012-07-25,11.60,11.98,11.60,11.75,174755
2012-07-26,11.46,12.08,11.42,11.50,103855
2012-07-27,11.30,11.74,11.03,11.21,182795
2012-07-30,10.82,11.54,10.82,11.49,59435
2012-07-31,11.40,11.64,11.40,11.64,50265
2012-08-01,11.38,11.96,11.38,11.87,83655
2012-08-02,11.62,11.87,11.62,11.82,39665
2012-08-03,11.46,11.98,11.46,11.85,83630
2012-08-06,11.40,11.88,11.40,11.60,114055
2012-08-07,11.40,11.75,11.40,11.70,73605
2012-08-08,11.42,11.77,11.42,11.69,87200
2012-08-09,12.20,12.31,11.86,11.99,548550
2012-08-10,12.18,12.18,11.76,11.84,172225
2012-08-13,11.90,11.90,11.31,11.50,288915
2012-08-14,11.70,11.70,11.27,11.58,85390
2012-08-16,11.40,11.68,11.40,11.60,109670
2012-08-17,11.98,11.98,11.54,11.54,108640
2012-08-21,11.31,11.70,11.12,11.18,282645
2012-08-22,11.20,11.28,11.11,11.20,137835
2012-08-23,11.33,12.70,11.25,12.53,1586975
2012-08-24,12.40,12.95,12.22,12.68,1067120
2012-08-27,12.60,12.68,12.14,12.19,151495
2012-08-28,12.15,12.50,11.81,11.89,592095
2012-08-29,11.95,11.95,11.51,11.78,144840
2012-08-30,11.80,11.80,11.50,11.58,104075
2012-08-31,11.59,11.79,11.50,11.61,73290
2012-09-03,11.62,11.72,11.45,11.48,154075
2012-09-04,11.67,11.68,11.42,11.53,110775
2012-09-05,11.50,12.05,11.50,11.89,328515
2012-09-06,12.25,12.40,11.79,11.84,342295
2012-09-07,11.94,12.10,11.50,11.85,123240
2012-09-10,11.96,12.82,11.85,12.45,932840
2012-09-11,12.33,12.60,12.11,12.20,145385
2012-09-12,12.28,12.39,12.14,12.26,121915
2012-09-13,12.21,12.39,12.14,12.22,111880
2012-09-14,12.57,12.70,12.03,12.03,814990
2012-09-17,12.37,12.37,12.02,12.14,196710
2012-09-18,12.15,12.38,12.02,12.06,234345
2012-09-20,12.08,12.15,11.94,11.94,120035
2012-09-21,12.15,12.25,11.72,12.02,428950
2012-09-24,12.13,12.20,11.95,12.10,164960
2012-09-25,12.14,12.62,12.14,12.35,764640
2012-09-26,12.32,13.08,12.21,12.78,1518965
2012-09-27,12.84,13.15,12.50,12.56,487420
2012-09-28,12.60,12.80,12.55,12.61,158845
2012-10-01,12.59,13.12,12.56,12.94,608925
2012-10-03,12.94,13.22,12.82,12.99,698565
2012-10-04,13.04,14.01,13.00,13.78,3996820
2012-10-05,14.05,14.33,13.31,13.50,1780195
2012-10-08,13.62,13.74,13.03,13.14,590015
2012-10-09,13.18,13.60,13.12,13.17,238130
2012-10-10,13.23,13.24,12.86,12.90,267530
2012-10-11,12.64,13.05,12.64,13.02,196000
2012-10-12,12.90,13.28,12.83,12.91,286030
2012-10-15,12.91,13.06,12.72,12.75,163835
2012-10-16,12.99,13.00,12.60,12.84,224310
2012-10-17,12.79,12.85,12.54,12.66,152145
2012-10-18,12.70,12.91,12.70,12.82,131695
2012-10-19,12.96,13.11,12.72,12.99,306365
2012-10-22,12.60,13.15,12.56,12.89,133995
2012-10-23,13.04,13.04,12.80,12.93,85950
2012-10-25,12.95,13.34,12.95,13.10,391890
2012-10-26,13.01,13.12,12.79,12.83,126880
2012-10-29,13.10,13.66,13.02,13.19,1089985
2012-10-30,13.24,13.50,12.82,12.96,292915
2012-10-31,12.92,13.16,12.74,12.96,260055
2012-11-01,12.90,12.95,12.80,12.86,170765
2012-11-02,12.91,13.07,12.81,12.84,142515
2012-11-05,12.91,12.92,12.81,12.92,84315
2012-11-06,12.80,13.20,12.74,13.03,272530
2012-11-07,13.05,13.20,12.92,13.11,334855
2012-11-08,13.28,13.47,12.92,13.27,1746120
2012-11-09,13.20,13.35,12.83,12.90,457500
2012-11-12,12.96,13.05,12.76,12.86,151840
2012-11-13,12.87,13.40,12.87,12.93,137735
2012-11-15,12.81,13.00,12.52,12.54,256790
2012-11-16,12.70,12.80,12.41,12.42,124190
2012-11-19,12.58,12.70,12.09,12.22,170590
2012-11-20,12.36,12.41,11.82,11.89,290055
2012-11-21,12.08,12.08,11.82,11.89,114820
2012-11-22,11.98,11.99,11.80,11.82,100645
2012-11-23,11.96,12.41,11.84,12.26,371775
2012-11-26,12.40,12.50,11.86,12.12,436430
2012-11-27,12.29,12.40,12.05,12.12,214110
2012-11-29,12.32,12.48,12.22,12.31,361385
2012-11-30,12.39,12.49,12.23,12.29,148325
2012-12-03,12.20,12.65,12.20,12.60,373955
2012-12-04,12.61,13.14,12.57,12.83,662985
2012-12-05,12.86,13.70,12.75,12.89,3179570
2012-12-06,13.00,13.00,12.63,12.69,508575
2012-12-07,12.98,13.08,12.64,12.70,413205
2012-12-10,12.80,12.80,12.64,12.74,373890
2012-12-11,12.79,12.80,12.42,12.51,576450
2012-12-12,12.60,12.70,12.40,12.42,174395
2012-12-13,12.59,12.92,12.42,12.77,1198235
2012-12-14,12.96,13.15,12.50,12.60,2826830
2012-12-17,12.59,12.78,12.53,12.66,224085
2012-12-18,12.58,12.75,12.52,12.61,185590
2012-12-19,12.63,12.74,12.52,12.57,355820
2012-12-20,12.54,12.68,12.40,12.45,228575
2012-12-21,12.88,12.96,12.62,12.70,1479315
2012-12-24,12.69,12.88,12.52,12.57,414665
2012-12-26,12.62,12.65,12.48,12.59,262475
2012-12-27,12.54,12.58,12.34,12.39,205710
2012-12-28,12.25,12.52,12.06,12.32,315765
2012-12-31,12.25,12.50,12.21,12.29,234040
2013-01-01,12.49,12.49,12.30,12.45,515815
2013-01-02,12.52,12.73,12.46,12.49,604275
2013-01-03,12.50,12.66,12.41,12.53,278865
2013-01-04,12.57,12.58,12.35,12.40,379525
2013-01-07,12.57,12.78,12.33,12.54,315940
2013-01-08,12.47,12.53,12.36,12.38,163130
2013-01-09,12.45,12.64,12.30,12.34,362725
2013-01-10,12.40,12.50,12.30,12.32,200310
2013-01-11,12.40,12.42,12.05,12.11,289390
2013-01-14,12.23,12.29,12.10,12.26,204605
2013-01-15,12.25,12.29,12.16,12.18,142150
2013-01-16,12.24,12.26,12.01,12.03,199550
2013-01-17,12.32,12.56,12.11,12.15,600735
2013-01-18,12.28,12.30,12.12,12.17,318175
2013-01-21,12.39,14.54,12.35,14.29,13658510
2013-01-22,14.38,15.03,13.63,14.66,15970990
2013-01-23,14.58,14.96,14.13,14.77,4458865
2013-01-24,14.78,16.06,14.44,15.00,6699495
2013-01-25,14.99,15.46,14.60,14.78,1745170
2013-01-28,14.66,15.34,14.62,14.74,1307785
2013-01-29,14.71,15.26,14.71,15.02,1114225
2013-01-30,15.09,15.94,15.03,15.75,2801880
2013-01-31,15.71,16.28,15.65,15.76,2295630
2013-02-01,15.72,15.89,15.27,15.35,818625
2013-02-04,15.66,16.20,15.05,15.80,1592075
2013-02-05,15.80,16.00,15.55,15.77,806515
2013-02-06,15.85,16.24,15.64,15.81,730055
2013-02-07,15.70,16.13,15.61,15.97,1536565
2013-02-08,15.97,16.20,15.60,15.77,592465
2013-02-11,15.76,15.91,15.51,15.65,518345
2013-02-12,15.74,15.91,15.63,15.83,328415
2013-02-13,15.89,15.91,15.66,15.79,242500
2013-02-14,15.72,15.86,15.58,15.78,527135
2013-02-15,15.78,16.00,15.41,15.63,537360
2013-02-18,15.74,16.56,15.61,16.37,986980
2013-02-19,16.40,17.45,16.40,17.34,3519425
2013-02-20,17.40,17.54,16.96,17.30,1703490
2013-02-21,17.03,18.00,16.85,17.64,3297225
2013-02-22,17.68,18.06,17.50,17.62,1771895
2013-02-25,17.60,18.39,17.40,18.06,2273905
2013-02-26,18.02,18.26,17.62,17.95,1462165
2013-02-27,18.00,18.20,16.70,17.46,980745
2013-02-28,17.62,17.69,17.01,17.39,508665
2013-03-01,17.58,17.94,17.14,17.43,735955
2013-03-04,17.25,17.52,17.20,17.38,287500
2013-03-05,17.27,17.50,17.27,17.40,249690
2013-03-06,17.45,18.16,17.26,17.63,885545
2013-03-07,17.63,18.72,17.46,18.45,977080
2013-03-08,18.60,18.85,18.41,18.62,749680
2013-03-11,18.28,19.49,18.28,19.35,1441580
2013-03-12,19.41,20.43,19.41,19.87,1748585
2013-03-13,19.87,20.32,19.70,20.02,990170
2013-03-14,20.15,20.21,18.68,19.28,1521185
2013-03-15,19.28,19.80,18.96,19.21,1671405
2013-03-18,19.21,19.80,19.00,19.46,860400
2013-03-19,19.40,19.47,19.00,19.03,298915
2013-03-20,19.01,19.30,18.80,18.85,371005
2013-03-21,18.81,19.16,18.66,18.80,402890
2013-03-22,18.80,18.96,18.14,18.60,455545
2013-03-25,18.80,19.08,18.70,18.83,217080
2013-03-26,18.72,19.06,18.71,18.84,186375
2013-03-28,18.80,19.60,18.80,19.18,349395
2013-04-01,19.19,19.76,19.01,19.54,309825
2013-04-02,19.66,20.78,19.52,20.76,1495350
2013-04-03,21.00,21.30,20.42,20.42,995790
2013-04-04,20.52,20.97,19.80,20.10,298640
2013-04-05,19.80,20.48,19.25,19.43,253530
2013-04-08,19.20,19.59,18.82,18.82,105940
2013-04-09,18.69,19.15,18.69,19.10,513445
2013-04-10,19.39,19.60,19.00,19.48,174090
2013-04-11,19.20,20.18,19.20,19.82,313995
2013-04-12,19.60,19.67,19.30,19.32,110355
2013-04-15,19.20,19.54,19.20,19.28,81255
2013-04-16,19.20,19.69,19.20,19.50,151900
2013-04-17,19.58,19.81,19.34,19.44,199995
2013-04-18,19.35,20.47,19.34,20.00,713450
2013-04-22,20.00,21.16,19.62,21.15,746630
2013-04-23,21.50,21.75,20.56,20.70,2468885
2013-04-25,20.90,21.29,20.60,21.14,448380
2013-04-26,21.20,21.48,20.81,21.48,557725
2013-04-29,21.15,21.80,21.15,21.49,426585
2013-04-30,21.35,21.60,20.71,21.00,351935
2013-05-02,20.80,21.20,20.10,20.50,465985
2013-05-03,20.20,20.60,19.70,19.79,349390
2013-05-06,20.50,23.83,20.50,23.83,5042905
2013-05-07,25.50,26.18,23.95,24.51,10420030
2013-05-08,24.31,24.63,22.90,23.57,3307720
2013-05-09,23.40,24.79,23.40,24.61,2728705
2013-05-10,24.61,25.30,24.31,24.60,1359545
2013-05-13,24.05,24.58,23.62,23.74,472750
2013-05-14,23.60,24.74,23.42,24.00,735480
2013-05-15,23.81,25.22,23.81,24.53,1803800
2013-05-16,24.70,24.92,24.40,24.60,388805
2013-05-17,24.50,24.65,24.14,24.20,312045
2013-05-20,24.20,24.60,24.12,24.31,304575
2013-05-21,24.44,26.08,24.20,24.93,2482685
2013-05-22,24.88,25.62,24.88,25.05,832565
2013-05-23,24.87,25.20,24.70,25.10,615860
2013-05-24,25.10,26.57,25.00,26.20,2270235
2013-05-27,26.20,27.20,26.09,27.16,2143225
2013-05-28,27.21,27.82,26.57,27.00,1490480
2013-05-29,27.00,27.00,26.17,26.66,544340
2013-05-30,26.99,26.99,26.10,26.50,495865
2013-05-31,26.10,26.70,26.10,26.60,348110
2013-06-03,26.08,27.61,26.07,27.04,664985
2013-06-04,27.27,28.19,27.18,27.65,1309510
2013-06-05,27.41,28.15,27.41,27.42,926965
2013-06-06,27.40,28.18,27.06,27.60,806960
2013-06-07,27.54,28.52,27.18,27.32,1040160
2013-06-10,27.58,27.70,26.80,26.85,292135
2013-06-11,26.50,26.77,25.22,25.81,558100
2013-06-12,25.31,25.88,24.95,25.55,405015
2013-06-13,25.12,26.00,25.00,25.61,239940
2013-06-14,25.40,26.09,25.40,25.78,262110
2013-06-17,25.60,26.69,25.60,26.42,360120
2013-06-18,26.20,26.98,26.12,26.98,255155
2013-06-19,26.60,27.19,26.35,26.80,231910
2013-06-20,26.73,26.80,25.70,26.50,274415
2013-06-21,26.00,26.50,25.99,26.23,186345
2013-06-24,26.20,26.20,24.89,25.00,237635
2013-06-25,25.00,25.39,24.04,24.10,206445
2013-06-26,23.77,24.66,22.17,24.40,288590
2013-06-27,24.33,25.02,24.33,25.02,159615
2013-06-28,25.06,25.19,24.42,25.00,490880
2013-07-01,24.74,25.86,24.62,25.76,220820
2013-07-02,25.56,26.58,25.22,26.13,344870
2013-07-03,26.10,26.10,25.43,26.00,166745
2013-07-04,26.80,26.80,25.51,26.04,77610
2013-07-05,26.20,26.56,25.45,25.48,166845
2013-07-08,25.60,26.30,25.41,25.80,142645
2013-07-09,25.99,26.48,25.62,25.76,244795
2013-07-10,26.00,26.25,25.47,25.61,123735
2013-07-11,26.09,26.36,25.40,25.46,108375
2013-07-12,25.79,25.79,24.69,25.16,140055
2013-07-15,24.29,25.70,24.29,25.40,136535
2013-07-16,25.36,25.50,24.89,25.43,100330
2013-07-17,25.50,25.90,25.22,25.25,232785
2013-07-18,25.30,27.48,25.30,26.80,595195
2013-07-19,27.34,27.34,26.17,26.52,317795
2013-07-22,25.76,26.79,25.76,26.20,158525
2013-07-23,26.60,26.62,26.10,26.62,134240
2013-07-24,26.60,26.60,25.91,26.00,265845
2013-07-25,25.98,26.20,24.53,26.00,235555
2013-07-26,26.20,26.39,25.83,26.02,243320
2013-07-29,26.08,26.38,25.83,26.10,132975
2013-07-30,26.00,26.12,25.39,25.92,942330
2013-07-31,25.08,25.39,24.20,24.80,119860
2013-08-01,24.50,25.58,23.20,23.80,182075
2013-08-02,23.82,24.15,22.94,23.34,180425
2013-08-05,26.00,26.00,21.03,23.16,320225
2013-08-06,23.00,23.25,21.80,22.10,156310
2013-08-07,22.10,23.34,21.99,23.34,197130
2013-08-08,23.29,23.80,23.11,23.64,254890
2013-08-12,23.60,23.60,22.40,23.02,216555
2013-08-13,22.50,23.77,22.50,23.34,130095
2013-08-14,23.40,23.69,23.12,23.30,92825
2013-08-16,22.86,23.64,22.41,22.75,101110
2013-08-19,22.60,23.29,22.19,23.20,183990
2013-08-20,22.59,23.20,22.40,23.00,117320
2013-08-21,23.16,23.97,22.44,22.61,74120
2013-08-22,22.11,22.98,22.11,22.80,49455
2013-08-23,22.86,23.59,22.60,23.34,70715
2013-08-26,23.54,23.73,23.23,23.42,74910
2013-08-27,23.40,23.59,23.00,23.15,90450
2013-08-28,22.60,22.80,22.20,22.61,161170
2013-08-29,21.99,21.99,21.20,21.22,170995
2013-08-30,21.44,21.50,20.45,20.86,130830
2013-09-02,20.60,20.98,20.43,20.80,79210
2013-09-03,20.86,21.30,20.13,20.13,113255
2013-09-04,20.01,20.58,19.86,20.00,106470
2013-09-05,20.20,21.16,20.20,21.00,179225
2013-09-06,20.60,22.30,20.60,21.94,578635
2013-09-10,22.00,22.50,21.61,22.00,105750
2013-09-11,21.60,22.70,21.60,22.55,133250
2013-09-12,23.20,23.20,22.00,22.00,251785
2013-09-13,21.80,25.20,21.80,24.50,1520505
2013-09-16,24.80,24.96,23.70,23.81,485105
2013-09-17,24.40,24.97,24.04,24.44,512160
2013-09-18,24.02,24.45,23.62,23.78,105325
2013-09-19,24.00,24.50,23.85,23.90,197770
2013-09-20,23.90,24.28,23.41,23.50,142640
2013-09-23,23.20,23.59,22.90,23.00,53680
2013-09-24,22.55,23.54,22.26,22.86,233335
2013-09-25,22.99,23.38,22.43,22.60,183740
2013-09-26,22.20,22.88,22.20,22.62,126510
2013-09-27,22.75,23.18,22.40,22.40,90320
2013-09-30,22.20,22.52,22.03,22.12,64175
2013-10-01,21.63,22.50,21.63,22.23,43520
2013-10-03,22.30,23.17,22.30,22.75,302745
2013-10-04,22.80,23.60,22.72,23.17,216335
2013-10-07,23.00,23.40,22.88,22.98,49365
2013-10-08,23.00,24.00,23.00,23.30,144165
2013-10-09,23.32,23.60,23.00,23.30,76610
2013-10-10,23.05,23.58,23.05,23.15,148135
2013-10-11,22.80,23.50,22.80,23.00,74175
2013-10-14,22.80,23.22,22.74,22.80,96425
2013-10-15,22.76,23.18,22.76,23.00,70905
2013-10-17,23.01,23.35,22.41,22.58,82220
2013-10-18,22.41,23.30,22.41,23.29,161175
2013-10-21,23.20,23.76,23.05,23.60,204985
2013-10-22,23.60,25.59,23.60,25.40,597615
2013-10-23,25.43,25.81,24.48,25.00,411095
2013-10-24,24.80,25.57,24.20,24.47,192660
2013-10-25,24.22,25.20,24.10,25.06,196180
2013-10-28,25.06,25.56,24.96,25.00,189635
2013-10-29,24.90,25.38,24.90,25.10,162455
2013-10-30,25.01,25.56,24.02,24.40,445920
2013-10-31,24.00,25.98,23.60,25.81,533625
2013-11-01,25.08,25.90,24.92,25.70,239380
2013-11-05,25.88,27.69,25.61,27.50,352535
2013-11-06,27.23,29.65,27.23,29.06,1590405
2013-11-07,29.32,30.08,28.00,28.20,1170770
2013-11-08,28.20,28.58,27.40,27.46,497520
2013-11-11,27.08,28.36,26.65,27.00,340910
2013-11-12,26.76,27.70,26.76,27.43,503785
2013-11-13,26.54,27.40,26.54,27.27,195470
2013-11-14,26.89,28.40,26.89,28.10,471680
2013-11-18,28.40,29.48,28.40,29.25,749135
2013-11-19,29.00,29.65,29.00,29.54,246965
2013-11-20,29.36,29.73,29.29,29.58,244420
2013-11-21,28.82,30.70,28.82,29.70,795530
2013-11-22,29.94,30.65,29.60,29.80,614540
2013-11-25,29.86,30.55,29.10,29.32,612940
2013-11-26,28.80,29.30,28.73,29.10,213575
2013-11-27,28.66,30.74,28.66,30.64,403210
2013-11-28,31.00,32.74,30.82,31.84,1358785
2013-11-29,31.40,32.96,31.40,32.83,521030
2013-12-02,32.60,33.00,31.81,31.94,215935
2013-12-03,31.83,32.17,31.33,31.88,156975
2013-12-04,31.20,31.97,31.12,31.74,102870
2013-12-05,31.20,32.10,31.00,31.25,88660
2013-12-06,31.55,31.98,31.03,31.05,130135
2013-12-09,31.20,31.99,30.60,30.88,206380
2013-12-10,30.40,30.87,30.06,30.80,168390
2013-12-11,30.32,32.96,30.32,32.78,1116585
2013-12-12,32.69,34.20,32.40,32.80,1680720
2013-12-13,32.70,32.78,32.00,32.01,311520
2013-12-16,31.80,32.28,31.80,32.02,177270
2013-12-17,31.60,32.39,31.60,32.24,193195
2013-12-18,32.20,33.44,31.92,32.36,714335
2013-12-19,32.56,32.90,32.00,32.05,251830
2013-12-20,32.11,33.60,32.00,32.50,343540
2013-12-23,32.40,33.39,32.01,33.04,373375
2013-12-24,33.20,33.33,32.06,32.62,505180
2013-12-26,32.51,33.28,32.50,32.65,208465
2013-12-27,32.41,33.85,32.41,33.30,799620
2013-12-30,33.34,33.80,32.60,32.86,437995
2013-12-31,32.80,33.70,32.80,33.52,280770
2014-01-01,33.60,35.34,33.34,34.62,1736695
2014-01-02,34.74,35.90,33.60,33.79,767090
2014-01-03,33.60,34.98,33.00,33.80,421370
2014-01-06,33.52,34.70,33.07,33.31,170500
2014-01-07,33.22,33.80,32.90,33.10,152980
2014-01-08,33.06,33.28,32.60,32.73,97220
2014-01-09,32.80,33.18,31.77,31.77,203090
2014-01-10,32.02,32.28,29.79,31.00,633730
2014-01-13,30.20,30.98,30.01,30.18,143520
2014-01-14,29.80,31.00,29.80,29.86,140810
2014-01-15,30.20,31.60,30.20,30.83,497060
2014-01-16,31.18,31.29,30.01,30.43,212240
2014-01-17,30.40,30.92,29.51,30.22,224070
2014-01-20,29.82,31.08,29.53,31.00,126975
2014-01-21,30.80,31.95,30.56,31.12,149470
2014-01-22,31.20,31.20,30.30,30.36,165455
2014-01-23,30.64,31.38,30.24,30.30,301495
2014-01-24,30.30,30.89,29.85,30.10,152675
2014-01-27,30.78,32.38,30.70,31.40,2191785
2014-01-28,31.64,32.65,31.06,31.06,1412420
2014-01-29,31.22,32.19,30.82,31.00,386000
2014-01-30,30.60,30.91,30.10,30.45,225760
2014-01-31,30.40,31.28,30.40,30.82,195580
2014-02-03,31.14,31.25,30.00,30.10,506535
2014-02-04,29.80,30.87,29.60,30.40,431585
2014-02-05,30.40,31.66,30.40,31.21,258830
2014-02-06,31.40,31.70,31.10,31.20,166555
2014-02-07,31.20,31.99,31.00,31.08,1378790
2014-02-10,30.82,31.37,30.60,31.00,120360
2014-02-11,31.00,31.82,30.84,31.36,174575
2014-02-12,31.42,33.70,31.41,33.47,1730720
2014-02-13,33.71,34.86,33.02,34.65,2309405
2014-02-14,34.82,35.50,33.83,35.00,1097735
2014-02-17,35.00,37.20,34.38,37.00,2489520
2014-02-18,37.00,37.76,36.45,37.57,1525780
2014-02-19,37.05,37.34,35.63,35.98,426780
2014-02-20,35.80,36.60,34.94,36.26,457510
2014-02-21,36.52,36.99,36.22,36.78,828405
2014-02-24,36.64,37.50,36.10,37.14,699045
2014-02-25,37.11,38.30,37.10,38.02,1212440
2014-02-26,38.23,39.20,38.23,38.92,1169875
2014-02-28,39.10,39.29,37.00,37.42,345745
2014-03-03,37.01,37.92,35.28,36.52,564560
2014-03-04,36.52,38.00,36.52,37.11,215700
2014-03-05,37.36,37.52,36.66,37.04,247640
2014-03-06,36.80,39.87,36.80,38.60,1504330
2014-03-07,38.50,39.08,37.71,38.32,644565
2014-03-10,37.62,38.85,37.24,37.52,451545
2014-03-11,37.40,39.00,37.19,38.73,2353350
2014-03-12,38.60,39.80,38.41,39.08,1023545
2014-03-13,39.22,39.90,39.00,39.27,758180
2014-03-14,38.53,39.18,38.10,38.50,383780
2014-03-18,38.75,38.93,38.40,38.82,244825
2014-03-19,39.00,39.18,38.20,38.97,300525
2014-03-20,38.43,39.89,38.43,39.01,509530
2014-03-21,38.80,39.40,38.44,39.03,262235
2014-03-24,38.80,39.40,37.75,38.13,472060
2014-03-25,38.16,38.61,37.62,37.97,695660
2014-03-26,37.84,39.20,37.80,38.84,548650
2014-03-27,38.60,40.00,38.10,38.46,203640
2014-03-28,38.40,38.79,37.70,37.98,229860
2014-03-31,37.43,38.56,36.64,38.20,542330
2014-04-01,38.21,39.34,37.30,38.98,473770
2014-04-02,37.75,39.29,37.75,38.59,283010
2014-04-03,38.55,38.80,37.43,38.05,248225
2014-04-04,37.72,40.76,37.72,39.95,889195
2014-04-07,40.63,41.28,40.10,40.53,1276885
2014-04-09,40.53,41.76,40.53,41.45,1048360
2014-04-10,41.60,41.60,40.07,40.38,453410
2014-04-11,39.41,42.98,39.41,42.76,2131130
2014-04-15,43.96,43.96,41.53,42.06,487975
2014-04-16,42.20,42.93,41.60,42.69,644080
2014-04-17,42.80,43.46,41.96,42.24,589280
2014-04-21,42.68,43.77,41.69,43.56,664410
2014-04-22,43.60,44.36,43.13,44.09,922605
2014-04-23,45.00,45.25,43.99,44.63,1559080
2014-04-25,44.62,45.50,44.02,44.31,1237355
2014-04-28,44.46,45.00,44.04,44.42,227985
2014-04-29,44.70,45.10,43.80,44.37,586205
2014-04-30,44.00,45.30,44.00,44.54,880730
2014-05-02,44.76,45.88,44.76,45.64,543700
2014-05-05,45.62,46.10,44.60,44.72,192130
2014-05-06,44.41,45.50,44.23,45.01,312605
2014-05-07,44.80,45.18,43.80,44.19,217430
2014-05-08,44.48,44.74,42.56,44.12,551375
2014-05-09,43.62,45.80,43.62,45.16,630470
2014-05-12,45.71,46.68,45.28,46.28,1163625
2014-05-13,45.30,46.19,41.17,44.33,2956910
2014-05-14,44.70,46.00,44.70,45.37,495455
2014-05-15,45.98,46.19,44.99,45.45,471705
2014-05-16,45.11,46.02,44.20,44.93,442000
2014-05-19,46.00,48.76,45.28,47.20,1593805
2014-05-20,48.10,48.80,47.05,47.35,679615
2014-05-21,47.90,47.90,46.60,46.84,310345
2014-05-22,47.76,50.20,47.00,49.25,2474895
2014-05-23,49.20,50.80,48.60,50.56,1969095
2014-05-26,50.60,51.61,49.08,50.07,2002015
2014-05-27,50.05,50.74,49.80,50.00,295730
2014-05-28,50.00,51.70,49.50,50.99,260620
2014-05-29,50.95,51.33,49.60,49.94,233855
2014-05-30,50.10,52.00,49.95,50.81,218650
2014-06-02,50.80,51.34,50.20,50.88,176200
2014-06-03,51.15,52.24,50.90,51.51,307060
2014-06-04,51.40,52.82,51.00,52.42,431565
2014-06-05,52.40,52.74,51.64,52.55,256185
2014-06-06,52.68,54.40,52.20,54.03,813565
2014-06-09,54.97,54.97,52.96,54.14,265460
2014-06-10,54.20,54.54,52.00,53.07,211970
2014-06-11,53.07,54.20,53.03,53.66,524150
2014-06-12,53.38,54.26,51.90,52.01,3218170
2014-06-13,52.02,52.54,51.20,52.14,910945
2014-06-16,52.46,53.96,48.81,52.02,394795
2014-06-17,51.80,53.50,51.22,52.50,184805
2014-06-18,52.60,54.18,52.60,53.59,334800
2014-06-19,52.80,54.52,52.80,52.99,289855
2014-06-20,52.50,52.81,51.00,52.28,160935
2014-06-23,52.06,53.00,51.97,52.45,119015
2014-06-24,52.46,53.20,52.10,52.28,97905
2014-06-25,52.26,53.00,52.00,52.68,1652565
2014-06-26,52.23,55.80,52.23,55.30,859440
2014-06-27,55.40,56.80,54.42,56.17,511300
2014-06-30,56.48,57.88,55.62,57.65,1145555
2014-07-01,57.96,59.29,57.68,58.50,307730
2014-07-02,58.40,60.40,58.13,59.93,451050
2014-07-03,59.42,60.52,57.20,57.68,314775
2014-07-04,56.64,58.45,56.64,57.25,163510
2014-07-07,56.29,58.45,55.44,56.33,310790
2014-07-08,55.91,56.68,55.00,55.26,409595
2014-07-09,55.40,56.94,54.53,56.08,279670
2014-07-10,56.21,57.00,53.60,54.65,301540
2014-07-11,54.58,54.77,52.50,52.86,132225
2014-07-14,52.00,55.20,51.33,54.84,207160
2014-07-15,55.00,59.20,55.00,58.52,490675
2014-07-16,58.73,59.61,57.30,58.58,382805
2014-07-17,58.60,58.60,56.05,56.91,489535
2014-07-18,56.02,57.95,56.02,56.71,358825
2014-07-21,56.20,57.64,55.00,55.25,197295
2014-07-22,55.62,55.86,54.79,55.68,241435
2014-07-23,55.40,56.69,54.38,55.00,347430
2014-07-24,55.20,57.60,54.90,57.33,952615
2014-07-25,57.50,57.50,55.20,56.03,367775
2014-07-28,57.21,58.00,55.70,55.96,764730
2014-07-30,56.80,56.81,54.02,55.18,372195
2014-07-31,54.80,55.98,54.80,55.82,352115
2014-08-01,55.20,55.76,54.80,55.11,302285
2014-08-04,54.70,54.90,54.00,54.50,278030
2014-08-05,54.07,54.58,53.38,54.41,283575
2014-08-06,54.00,54.88,53.40,53.53,117550
2014-08-07,53.00,54.24,52.45,52.68,147520
2014-08-08,52.60,54.80,51.20,53.96,583265
2014-08-11,53.63,54.46,53.63,54.21,134710
2014-08-12,53.82,55.00,53.31,53.49,201810
2014-08-13,53.04,54.36,53.04,54.03,226235
2014-08-14,53.72,58.58,53.45,57.62,1153505
2014-08-18,58.00,60.32,57.80,59.35,799900
2014-08-19,59.62,59.74,57.44,58.68,316560
2014-08-20,58.70,58.80,56.85,57.43,133055
2014-08-21,57.60,58.50,56.21,56.97,180515
2014-08-22,57.02,61.60,57.02,60.47,1653865
2014-08-25,61.39,62.10,58.65,59.16,795100
2014-08-26,58.48,60.40,58.20,58.54,323540
2014-08-27,58.60,59.54,58.09,58.53,195180
2014-08-28,58.20,59.76,57.22,57.62,223630
2014-09-01,58.08,58.87,57.60,58.65,239025
2014-09-02,58.80,61.00,58.80,60.71,943035
2014-09-03,60.60,61.00,59.22,60.20,557565
2014-09-04,60.20,60.47,59.02,59.73,315085
2014-09-05,59.50,60.98,59.50,60.71,390605
2014-09-08,59.90,62.78,59.40,61.67,1339810
2014-09-09,62.04,62.50,60.72,62.11,518845
2014-09-10,61.80,64.30,61.14,63.29,2046435
2014-09-11,63.59,64.10,62.22,63.28,614245
2014-09-12,63.10,64.88,63.10,64.30,839700
2014-09-15,64.01,65.20,62.40,64.69,782700
2014-09-16,64.11,65.40,62.00,62.50,396435
2014-09-17,63.00,63.73,61.81,63.11,229155
2014-09-18,62.48,65.14,62.40,64.76,371080
2014-09-19,64.12,67.60,63.71,67.16,1125105
2014-09-22,67.51,68.58,67.20,68.35,726715
2014-09-23,68.40,68.80,64.32,64.90,322205
2014-09-24,65.00,65.10,63.02,63.68,238810
2014-09-25,63.09,64.53,60.00,60.89,382465
2014-09-26,60.40,63.17,58.79,62.21,258670
2014-09-29,60.80,64.20,60.00,63.57,201355
2014-09-30,63.00,65.60,63.00,65.27,284010
2014-10-01,64.85,66.83,64.20,66.02,428495
2014-10-07,66.50,67.19,63.40,64.02,448825
2014-10-08,64.20,65.70,61.61,64.00,482250
2014-10-09,63.40,65.99,63.20,65.38,180540
2014-10-10,65.40,67.59,65.20,67.13,1407715
2014-10-13,67.80,68.17,66.04,67.36,3043240
2014-10-14,67.98,68.36,67.13,67.53,1290290
2014-10-16,66.64,66.64,63.11,63.39,289840
2014-10-17,63.98,65.00,62.60,63.51,518075
2014-10-20,63.52,64.90,63.04,63.69,692925
2014-10-21,63.94,64.88,63.27,63.79,446070
2014-10-22,63.78,64.58,63.29,63.98,139530
2014-10-23,64.40,65.80,64.40,65.38,141905
2014-10-27,65.94,66.00,64.30,64.78,120825
2014-10-28,64.78,65.08,63.22,63.97,147455
2014-10-29,63.80,65.62,63.80,65.22,215475
2014-10-30,65.62,66.78,64.22,64.72,245065
2014-10-31,64.72,65.60,63.74,64.18,317145
2014-11-03,64.55,65.40,63.80,65.11,221140
2014-11-05,65.00,68.20,64.06,67.41,1107085
2014-11-07,69.00,69.54,67.02,67.52,1381270
2014-11-10,67.88,68.20,66.22,67.17,417590
2014-11-11,67.36,68.18,65.21,65.95,369690
2014-11-12,65.80,66.98,64.22,64.78,542160
2014-11-13,64.80,66.98,62.00,62.45,1277275
2014-11-14,58.99,59.99,53.08,57.06,4076750
2014-11-17,57.80,59.80,57.06,59.42,814550
2014-11-18,59.40,61.58,59.00,61.09,1386805
2014-11-19,61.10,62.00,60.49,61.09,620485
2014-11-20,60.80,61.47,57.97,58.39,490945
2014-11-21,57.74,58.98,56.84,57.03,346810
2014-11-24,56.60,59.20,56.46,56.80,506625
2014-11-25,57.15,57.51,54.00,55.86,1409920
2014-11-26,55.95,57.40,55.81,56.83,241740
2014-11-27,57.25,57.36,56.25,56.87,199440
2014-11-28,57.00,57.99,55.60,56.14,320795
2014-12-01,56.20,57.76,55.66,56.99,869480
2014-12-02,56.99,59.10,56.80,58.21,769235
2014-12-03,58.34,59.00,57.80,58.05,616165
2014-12-04,58.50,58.80,57.00,57.38,540610
2014-12-05,57.00,59.36,57.00,57.66,1045770
2014-12-08,58.16,58.76,57.20,58.04,284615
2014-12-09,57.20,58.80,56.32,56.59,1252830
2014-12-10,56.59,58.35,56.35,58.19,233375
2014-12-11,58.19,58.19,55.84,56.10,398620
2014-12-12,57.70,57.70,55.00,55.28,375220
2014-12-15,55.37,56.00,54.10,54.70,294575
2014-12-16,54.42,54.99,51.20,52.14,683660
2014-12-17,51.62,53.63,50.00,52.60,722860
2014-12-18,53.20,55.78,52.52,53.06,582300
2014-12-19,53.40,55.40,53.40,54.11,1051735
2014-12-22,54.02,54.63,52.91,53.07,138735
2014-12-23,53.20,53.73,51.40,52.35,193470
2014-12-24,52.40,52.86,51.60,51.83,150090
2014-12-26,52.02,52.80,51.02,51.48,160550
2014-12-29,51.90,52.40,51.42,52.20,171120
2014-12-30,52.40,52.49,51.20,51.44,147080
2014-12-31,51.85,52.88,51.44,52.28,321770
2015-01-01,52.20,52.76,51.60,52.15,349030
2015-01-02,52.20,53.34,52.04,52.35,779495
2015-01-05,52.20,53.00,51.80,52.15,421475
2015-01-06,52.00,52.39,51.32,51.49,298940
2015-01-07,51.60,52.37,51.51,51.62,318410
2015-01-08,51.45,52.18,50.00,50.66,411775
2015-01-09,50.90,51.80,50.59,51.30,313745
2015-01-12,51.54,52.98,51.31,52.68,1421255
2015-01-13,52.70,62.47,52.70,60.15,7099785
2015-01-14,60.98,61.30,57.62,58.02,1261710
2015-01-15,58.55,58.55,56.25,56.56,577565
2015-01-16,56.40,58.47,55.77,57.67,517040
2015-01-19,58.24,61.36,58.24,60.15,1763585
2015-01-20,60.34,60.35,58.91,59.13,418015
2015-01-21,59.20,59.68,56.42,57.55,464805
2015-01-22,57.61,58.80,57.28,58.17,252075
2015-01-23,58.40,62.35,58.01,61.48,1613185
2015-01-27,61.59,61.60,58.00,59.38,558635
2015-01-28,59.40,59.40,58.28,58.70,181600
2015-01-29,58.80,59.99,57.80,58.20,285220
2015-01-30,58.85,59.60,57.60,58.11,172295
2015-02-02,58.00,59.60,57.20,58.61,272535
2015-02-03,58.02,59.80,58.02,58.23,147635
2015-02-04,58.44,59.58,58.00,58.62,224860
2015-02-05,59.40,59.40,58.00,58.42,187670
2015-02-06,58.50,58.74,52.73,56.20,3358810
2015-02-09,53.40,56.99,49.44,55.98,1678640
2015-02-10,54.12,57.20,54.12,56.42,278365
2015-02-11,57.00,57.00,55.40,55.96,285430
2015-02-12,56.40,56.40,54.30,55.23,262740
2015-02-13,55.40,56.20,55.17,55.74,168685
2015-02-16,56.00,56.21,55.17,55.39,170220
2015-02-18,55.94,56.40,55.20,55.98,511695
2015-02-19,56.20,56.60,54.70,55.46,276350
2015-02-20,55.89,56.28,55.28,55.66,565520
2015-02-23,55.98,56.20,55.66,55.85,221490
2015-02-24,56.70,56.70,54.22,54.61,586005
2015-02-25,55.00,56.24,54.80,56.08,2616275
2015-02-26,55.60,57.99,55.52,57.68,432395
2015-02-27,58.56,58.67,57.20,58.45,485590
2015-02-28,58.48,59.00,55.87,57.80,361960
2015-03-02,58.20,58.59,56.00,56.40,268840
2015-03-03,56.50,57.40,56.30,57.11,409425
2015-03-04,57.20,58.24,56.10,56.33,114360
2015-03-05,56.51,57.77,55.10,55.58,253005
2015-03-09,55.60,56.40,54.85,55.51,145305
2015-03-10,56.09,56.09,55.10,55.22,129770
2015-03-11,55.22,55.91,55.17,55.21,145305
2015-03-12,55.04,55.77,55.04,55.43,671130
2015-03-13,55.40,57.34,52.50,53.89,1747610
2015-03-16,54.20,54.99,53.20,53.38,216040
2015-03-17,54.00,54.40,53.40,53.94,670380
2015-03-18,53.73,59.20,53.73,56.92,2092245
2015-03-19,57.00,57.80,54.20,55.12,450415
2015-03-20,55.60,56.39,55.00,55.34,360085
2015-03-23,55.98,56.40,55.04,55.59,498310
2015-03-24,54.40,55.54,54.40,55.14,397075
2015-03-25,55.74,56.37,55.05,55.94,199190
2015-03-26,55.60,55.80,53.85,55.14,503615
2015-03-27,55.80,56.58,55.00,55.70,228405
2015-03-30,55.45,58.50,55.40,57.96,383225
2015-03-31,57.60,58.61,56.39,56.74,176355
2015-04-01,56.74,58.28,56.74,57.91,152665
2015-04-06,57.80,58.40,57.42,57.69,97630
2015-04-07,56.60,58.08,56.44,57.59,146160
2015-04-08,57.70,58.20,56.80,57.31,207890
2015-04-09,57.61,58.16,57.60,57.79,62375
2015-04-10,57.80,58.00,57.02,57.20,133495
2015-04-13,56.80,58.00,56.70,57.34,114395
2015-04-15,57.99,62.44,57.60,60.73,888460
2015-04-16,61.11,61.29,58.44,59.30,318500
2015-04-17,59.30,62.30,59.30,61.18,763745
2015-04-20,61.72,61.72,58.61,59.00,655590
2015-04-21,59.00,59.80,57.61,58.68,141080
2015-04-22,59.04,59.40,56.49,57.33,150985
2015-04-23,57.44,59.58,56.92,57.22,152755
2015-04-24,57.60,57.77,55.30,55.63,302270
2015-04-27,57.00,57.00,54.01,54.58,414130
2015-04-28,54.40,56.30,53.99,55.23,434155
2015-04-29,58.59,58.59,55.20,55.66,76420
2015-04-30,55.00,57.24,54.40,55.06,330865
2015-05-04,54.40,56.56,54.40,55.15,93580
2015-05-05,55.07,56.32,54.40,54.79,118210
2015-05-06,54.44,55.14,52.80,53.06,192345
2015-05-07,53.60,54.03,50.09,50.47,572470
2015-05-08,51.00,52.13,49.60,49.76,535385
2015-05-11,50.00,53.00,49.40,52.08,707820
2015-05-12,53.00,53.00,50.81,51.36,928250
2015-05-13,51.40,52.62,50.67,50.82,308480
2015-05-14,51.20,53.36,50.40,52.85,279545
2015-05-15,53.36,53.98,52.85,53.08,101090
2015-05-18,53.30,55.20,52.62,54.78,227940
2015-05-19,55.59,59.80,55.21,57.87,1624765
2015-05-20,58.00,58.18,56.45,57.56,239535
2015-05-21,57.10,57.88,55.74,57.14,191075
2015-05-22,56.88,58.00,56.05,57.07,133290
2015-05-25,56.67,57.98,56.40,56.78,130420
2015-05-26,56.88,57.06,55.51,55.79,187600
2015-05-27,55.79,56.05,54.84,55.63,338170
2015-05-28,56.07,56.13,52.02,54.47,2207240
2015-05-29,54.63,55.20,53.61,55.00,1572880
2015-06-01,55.98,58.64,54.00,57.67,1524165
2015-06-02,57.44,57.45,54.40,54.85,161785
2015-06-03,55.13,55.27,52.32,53.21,96835
2015-06-04,52.98,54.96,52.80,53.92,113985
2015-06-05,53.88,55.08,53.31,53.71,64485
2015-06-08,53.80,54.80,53.48,54.25,109080
2015-06-09,54.78,54.78,53.40,53.69,213165
2015-06-10,54.29,54.50,53.60,53.87,113785
2015-06-11,54.54,55.00,54.00,54.51,82710
2015-06-12,54.60,54.60,53.21,53.82,58150
2015-06-15,53.28,54.68,53.21,54.08,73205
2015-06-16,54.48,54.86,53.16,54.22,81690
2015-06-17,54.93,55.00,54.40,54.75,62020
2015-06-18,54.87,54.87,54.00,54.28,33125
2015-06-19,54.00,54.71,52.81,52.90,200590
2015-06-22,52.86,53.90,52.65,53.32,67640
2015-06-23,53.94,53.95,52.80,53.10,69980
2015-06-24,53.14,54.04,52.81,53.11,64100
2015-06-25,53.50,53.50,52.00,52.17,90200
2015-06-26,52.80,53.40,51.23,52.38,1251875
2015-06-29,51.60,51.80,50.22,50.78,317815
2015-06-30,51.60,51.64,50.61,51.28,201165
2015-07-01,52.00,53.27,51.32,52.51,159515
2015-07-02,52.17,57.57,52.17,56.82,1651885
2015-07-03,56.80,58.58,55.03,56.96,982085
2015-07-06,56.97,57.80,55.00,56.61,127005
2015-07-07,56.60,57.60,55.60,55.78,110510
2015-07-08,55.78,56.50,50.76,55.06,241095
2015-07-09,54.35,55.80,54.02,54.31,90135
2015-07-10,55.78,55.78,53.80,54.07,64215
2015-07-13,53.64,55.00,53.64,54.11,103075
2015-07-14,54.20,55.40,54.02,54.11,162430
2015-07-15,54.88,54.88,54.06,54.19,65025
2015-07-16,54.76,54.80,54.01,54.34,73645
2015-07-17,54.23,54.70,54.11,54.30,70570
2015-07-20,54.20,54.30,53.46,54.11,542630
2015-07-21,54.38,54.88,53.98,54.04,120725
2015-07-22,54.00,54.70,53.98,54.19,83090
2015-07-23,54.46,54.91,54.23,54.58,101100
2015-07-24,54.90,55.12,54.11,55.01,85090
2015-07-27,55.01,55.01,54.00,54.03,157310
2015-07-28,54.03,54.60,54.03,54.21,36750
2015-07-29,54.03,54.40,53.40,54.00,213745
2015-07-30,54.02,54.88,54.02,54.26,40900
2015-07-31,54.41,57.50,54.40,55.14,209410
2015-08-03,54.22,55.60,54.00,55.02,332030
2015-08-04,54.90,56.40,54.90,55.13,84560
2015-08-05,55.05,57.80,55.05,56.37,350925
2015-08-06,56.52,57.60,55.53,56.99,190320
2015-08-07,57.54,61.80,57.20,59.28,4147510
2015-08-10,59.28,60.58,56.61,57.50,585180
2015-08-11,57.76,57.98,55.40,55.55,257060
2015-08-12,55.13,56.00,53.08,53.53,153545
2015-08-13,53.53,54.98,52.24,52.50,166495
2015-08-14,53.19,53.44,51.60,52.96,181135
2015-08-17,53.20,54.34,52.00,53.85,125705
2015-08-18,55.40,55.40,54.00,54.45,115815
2015-08-19,54.61,55.58,53.70,54.78,117390
2015-08-20,54.70,55.60,54.00,54.80,191025
2015-08-21,54.20,55.00,53.10,54.39,165105
2015-08-24,54.00,54.00,51.00,51.67,281530
2015-08-25,51.22,52.71,50.00,51.43,128995
2015-08-26,52.01,52.76,50.62,50.90,92445
2015-08-27,51.53,52.80,50.75,50.96,138050
2015-08-28,51.27,53.50,51.06,51.29,70590
2015-08-31,51.99,51.99,51.00,51.40,153870
2015-09-01,51.39,51.94,51.24,51.51,150780
2015-09-02,52.00,52.40,51.20,51.68,86550
2015-09-03,52.21,52.98,51.82,52.40,36865
2015-09-04,52.99,52.99,51.79,52.05,87245
2015-09-07,51.43,52.10,51.20,51.50,81300
2015-09-08,51.70,51.73,50.78,50.93,581000
2015-09-09,51.20,52.00,50.57,50.87,106780
2015-09-10,50.81,51.08,50.21,50.82,26960
2015-09-11,50.80,52.19,49.60,51.73,112125
2015-09-14,52.53,52.60,51.91,52.23,43390
2015-09-15,51.83,52.88,51.83,52.09,240460
2015-09-16,52.21,52.37,51.60,51.85,47915
2015-09-18,52.06,52.55,50.21,50.82,616900
2015-09-21,50.90,53.99,50.90,53.15,117940
2015-09-22,53.15,53.58,52.00,52.16,40725
2015-09-23,52.01,52.40,50.58,51.72,34185
2015-09-24,52.14,52.50,51.10,51.64,46465
2015-09-28,50.47,52.50,50.47,51.56,40225
2015-09-29,51.41,52.18,50.47,51.99,58280
2015-09-30,51.96,52.38,51.60,52.02,50925
2015-10-01,52.21,52.60,52.14,52.34,32270
2015-10-05,53.00,53.00,51.65,52.60,38095
2015-10-06,52.50,54.08,52.40,52.81,126785
2015-10-07,52.80,53.88,49.12,53.10,82935
2015-10-08,52.46,53.73,52.46,53.00,76775
2015-10-09,53.40,53.80,52.80,53.02,101160
2015-10-12,53.00,53.39,52.37,52.70,72720
2015-10-13,52.40,56.80,52.40,55.14,263090
2015-10-14,56.20,59.36,56.00,58.47,791005
2015-10-15,59.27,59.40,57.32,58.22,197390
2015-10-16,58.01,58.60,56.22,56.60,120940
2015-10-19,57.04,58.48,55.73,57.79,144790
2015-10-20,57.99,62.70,57.99,60.90,1325215
2015-10-21,61.02,61.74,59.26,60.15,253970
2015-10-23,59.27,60.40,58.40,59.07,226240
2015-10-26,59.13,60.87,59.00,60.29,223355
2015-10-27,59.16,66.82,58.60,64.12,2675470
2015-10-28,64.72,64.76,62.00,63.90,856680
2015-10-29,63.20,65.19,62.75,63.54,350905
2015-10-30,64.00,65.02,62.27,62.67,305310
2015-11-02,62.01,66.00,62.01,65.37,443205
2015-11-03,65.40,66.80,64.18,66.37,904965
2015-11-04,66.40,66.78,63.63,64.56,273985
2015-11-05,64.40,64.55,62.60,62.97,85800
2015-11-06,62.80,65.28,57.68,58.49,1195165
2015-11-09,58.53,62.40,55.40,61.91,380280
2015-11-10,61.93,62.89,59.64,60.88,275665
2015-11-11,61.20,62.80,60.60,62.12,61550
2015-11-13,61.03,62.00,60.10,60.37,73170
2015-11-16,61.00,61.73,60.20,60.93,121735
2015-11-17,61.49,61.60,60.00,60.66,94775
2015-11-18,61.10,61.10,58.77,58.98,115960
2015-11-19,58.60,60.55,58.60,58.88,86560
2015-11-20,58.72,60.56,58.72,59.29,127985
2015-11-23,59.41,59.99,58.40,58.82,94675
2015-11-24,58.61,60.37,58.60,59.99,85770
2015-11-26,59.00,60.97,59.00,60.42,119060
2015-11-27,60.40,61.00,59.64,59.86,47725
2015-11-30,59.20,61.00,59.03,60.76,105605
2015-12-01,60.73,60.79,59.60,59.80,34640
2015-12-02,60.40,60.40,59.20,59.39,54440
2015-12-03,59.95,59.99,58.88,59.13,60350
2015-12-04,59.03,59.60,58.66,58.77,36985
2015-12-07,58.63,59.49,57.60,58.09,90630
2015-12-08,58.40,58.93,57.65,58.11,110295
2015-12-09,57.20,58.20,57.00,57.28,150615
2015-12-10,57.29,57.82,56.90,57.26,34330
2015-12-11,58.80,58.80,56.81,57.27,64130
2015-12-14,56.99,59.30,56.80,58.98,92490
2015-12-15,59.20,60.00,58.47,58.93,132055
2015-12-16,57.84,59.70,57.84,58.88,227380
2015-12-17,58.43,59.69,58.22,58.55,44595
2015-12-18,59.14,59.14,58.38,58.40,69780
2015-12-21,58.98,59.19,58.10,58.21,117595
2015-12-22,58.90,58.90,58.00,58.20,87050
2015-12-23,58.19,58.86,58.11,58.47,106515
2015-12-24,58.45,60.00,58.45,59.68,180520
2015-12-28,60.40,60.42,59.50,59.67,46450
2015-12-29,60.27,60.68,59.62,60.30,117380
2015-12-30,59.40,61.37,59.40,60.93,164320
2015-12-31,60.98,61.98,59.96,60.13,150955
2016-01-01,60.43,60.78,59.80,59.88,30850
2016-01-04,60.00,61.47,60.00,60.33,77580
2016-01-05,59.46,61.00,59.46,60.67,69910
2016-01-06,61.40,61.58,58.75,60.50,86620
2016-01-07,58.90,60.20,58.90,59.82,98420
2016-01-08,59.83,60.57,59.83,60.27,33055
2016-01-11,59.40,61.39,58.53,59.99,637555
2016-01-12,60.56,61.40,60.11,61.12,125325
2016-01-13,61.12,61.62,58.12,59.21,124770
2016-01-14,59.60,59.60,57.50,57.95,132520
2016-01-15,59.30,59.30,56.99,57.40,97075
2016-01-18,57.81,57.87,53.38,55.21,92600
2016-01-19,55.99,55.99,53.62,54.62,62935
2016-01-20,54.00,55.53,52.08,52.95,91845
2016-01-21,53.00,55.99,53.00,54.99,2285635
2016-01-22,55.00,57.58,54.21,56.56,106900
2016-01-25,56.81,61.65,56.81,61.11,413340
2016-01-27,61.53,61.80,59.40,61.40,463530
2016-01-28,61.55,61.60,60.08,61.32,145425
2016-01-29,60.60,63.90,60.60,63.58,282140
2016-02-01,63.60,64.78,62.80,63.93,177615
2016-02-02,64.58,64.80,61.82,62.22,171045
2016-02-03,61.40,61.60,59.62,60.22,74600
2016-02-04,60.02,61.38,59.63,60.76,296635
2016-02-05,60.73,61.80,60.73,61.23,40360
2016-02-08,61.00,63.40,61.00,61.79,72475
2016-02-09,61.99,62.74,61.00,62.19,83165
2016-02-10,61.60,62.50,60.30,61.84,114095
2016-02-11,61.01,61.36,58.60,59.04,149740
2016-02-12,58.97,58.98,54.50,56.86,221540
2016-02-15,58.40,61.20,58.40,60.93,232620
2016-02-16,60.91,61.13,59.60,59.74,78325
2016-02-17,59.41,60.00,58.44,59.17,86380
2016-02-18,60.39,60.63,59.90,60.34,76955
2016-02-19,61.00,61.17,60.01,60.71,52075
2016-02-22,61.79,62.09,60.08,61.35,85855
2016-02-23,61.59,61.60,60.80,61.01,1078780
2016-02-24,60.61,61.40,59.60,61.04,406165
2016-02-25,62.60,62.60,60.99,61.19,560530
2016-02-26,61.79,62.14,60.30,61.34,90010
2016-02-29,61.79,62.20,60.41,61.42,117545
2016-03-01,61.85,63.60,61.60,63.07,118085
2016-03-02,65.00,67.88,63.42,66.95,1010010
2016-03-03,67.80,68.38,64.40,67.86,1642855
2016-03-04,68.68,68.78,67.32,67.94,276000
2016-03-08,68.00,72.18,68.00,71.81,1225010
2016-03-09,72.02,72.80,71.00,72.07,435875
2016-03-10,72.01,73.00,70.58,72.03,345205
2016-03-11,72.50,75.14,72.00,74.93,1240060
2016-03-14,75.54,75.54,73.66,74.04,421245
2016-03-15,74.04,75.00,73.05,73.89,356635
2016-03-16,73.40,73.68,71.03,71.34,273055
2016-03-17,71.96,73.67,70.86,73.01,208170
2016-03-18,74.40,76.80,72.50,76.14,881145
2016-03-21,76.19,76.20,74.00,74.97,301645
2016-03-22,75.00,76.00,72.80,73.20,311475
2016-03-23,73.20,74.20,69.81,70.79,430755
2016-03-28,71.79,72.00,70.02,70.97,143080
2016-03-29,71.40,74.00,70.64,73.88,469005
2016-03-30,74.40,75.20,73.20,73.45,591460
2016-03-31,73.60,74.44,72.34,72.83,144965
2016-04-01,73.38,74.78,73.00,73.40,339630
2016-04-04,74.00,74.20,73.00,73.74,120065
2016-04-05,74.00,74.40,71.25,71.97,182840
2016-04-06,72.00,74.40,70.42,72.91,205730
2016-04-07,72.73,73.80,72.00,73.24,87625
2016-04-08,74.68,74.68,71.60,71.87,297380
2016-04-11,72.60,72.60,70.20,71.12,129000
2016-04-12,72.00,72.78,70.41,72.45,197205
2016-04-13,73.00,74.40,72.95,73.76,1054725
2016-04-18,73.76,76.99,72.95,75.90,921085
2016-04-20,76.20,77.30,74.44,74.92,291235
2016-04-21,74.92,75.70,72.32,73.16,603280
2016-04-22,73.17,74.43,72.40,73.12,205580
2016-04-25,74.00,74.00,71.90,72.18,426710
2016-04-26,72.69,72.89,71.05,72.42,445135
2016-04-27,72.99,73.45,72.00,72.25,165485
2016-04-28,73.38,73.38,70.97,71.46,172375
2016-04-29,71.01,72.88,71.01,72.36,218395
2016-05-02,73.58,73.58,71.05,71.85,171800
2016-05-03,72.96,72.96,72.00,72.04,236725
2016-05-04,72.01,73.40,72.00,72.67,129270
2016-05-05,72.90,73.27,72.00,72.53,90485
2016-05-06,72.71,73.80,72.00,73.40,171225
2016-05-09,72.20,75.32,72.20,73.29,521645
2016-05-10,74.00,74.80,73.30,74.39,255475
2016-05-11,74.00,75.74,73.30,75.34,406485
2016-05-12,75.40,76.40,75.40,75.99,689765
2016-05-13,76.00,78.40,75.40,78.00,559570
2016-05-16,78.70,80.56,78.20,79.70,779375
2016-05-17,80.09,80.80,78.60,79.21,320185
2016-05-18,79.60,79.92,76.88,79.24,977935
2016-05-19,79.24,79.38,78.00,79.00,197075
2016-05-20,78.60,79.80,78.32,79.00,581055
2016-05-23,84.07,84.40,79.22,80.01,2094730
2016-05-24,80.55,81.00,77.86,78.41,1535880
2016-05-25,79.20,79.68,76.44,77.03,343940
2016-05-26,78.49,78.49,76.46,77.47,229480
2016-05-27,78.41,78.81,76.97,77.03,309105
2016-05-30,78.24,80.60,77.03,79.86,1001740
2016-05-31,81.14,81.40,77.08,77.59,730780
2016-06-01,77.78,79.90,77.40,78.32,626770
2016-06-02,78.32,79.00,77.40,77.55,302370
2016-06-03,78.00,81.00,77.85,79.56,934375
2016-06-06,80.13,80.97,78.81,79.08,395160
2016-06-07,79.93,83.00,79.01,82.58,1283645
2016-06-08,83.10,83.37,82.02,82.69,518825
2016-06-09,83.00,83.03,80.70,81.96,720025
2016-06-10,81.00,85.20,80.50,83.20,832125
2016-06-13,82.80,82.98,81.56,82.09,115775
2016-06-14,82.00,82.96,81.00,82.17,109980
2016-06-15,82.20,82.79,81.40,81.54,98180
2016-06-16,82.39,82.60,81.24,82.06,152910
2016-06-17,83.50,85.40,82.41,85.06,467685
2016-06-20,84.40,84.90,83.24,83.41,176845
2016-06-21,84.38,84.38,82.05,82.68,116900
2016-06-22,82.64,83.80,82.20,83.46,130755
2016-06-23,82.81,83.88,82.44,82.66,54210
2016-06-24,81.80,82.53,80.28,82.20,196765
2016-06-27,81.40,83.00,81.40,82.01,213035
2016-06-28,83.60,83.93,82.32,83.24,479790
2016-06-29,83.00,85.80,83.00,85.07,428065
2016-06-30,85.40,86.56,85.00,85.48,240075
2016-07-01,85.48,86.84,85.48,86.57,271450
2016-07-04,87.00,89.19,86.80,88.99,533465
2016-07-05,88.66,90.28,87.70,88.99,370050
2016-07-07,89.20,92.88,86.90,87.31,446675
2016-07-08,87.58,89.21,85.43,88.03,288055
2016-07-11,89.18,90.96,88.03,90.19,428300
2016-07-12,90.74,91.98,89.01,90.98,627445
2016-07-13,90.00,91.98,89.03,90.92,172070
2016-07-14,91.80,92.40,90.50,91.10,112665
2016-07-15,91.00,91.80,90.02,91.46,99910
2016-07-18,92.00,92.00,89.40,89.73,336770
2016-07-19,90.00,90.80,89.02,90.02,86635
2016-07-20,90.02,91.30,90.02,90.85,110880
2016-07-21,90.80,91.99,89.50,90.37,246410
2016-07-22,90.00,91.89,90.00,90.60,255340
2016-07-25,90.00,92.99,90.00,91.42,226040
2016-07-26,92.19,92.58,90.30,91.34,520140
2016-07-27,92.40,95.60,91.80,95.18,644645
2016-07-28,93.96,96.71,93.60,93.99,381425
2016-07-29,94.20,96.80,93.60,94.27,637445
2016-08-01,92.60,96.09,92.60,94.06,110710
2016-08-02,95.60,95.60,91.66,92.26,316645
2016-08-03,93.60,93.98,90.80,91.08,886205
2016-08-04,93.80,93.80,90.96,91.50,220025
2016-08-05,92.60,92.60,90.92,91.39,92075
2016-08-08,92.09,92.39,91.00,91.35,81095
2016-08-09,91.98,92.14,90.80,91.02,82160
2016-08-10,91.01,92.00,90.54,91.06,361195
2016-08-11,92.00,92.00,90.14,91.04,85130
2016-08-12,90.01,91.59,90.01,91.01,140540
2016-08-16,91.75,91.75,90.41,91.03,76725
2016-08-17,90.27,93.63,90.27,91.88,225635
2016-08-18,91.01,93.00,91.01,91.63,93050
2016-08-19,91.60,92.00,91.47,91.78,142480
2016-08-22,93.20,93.20,88.24,91.97,192975
2016-08-23,91.44,92.40,91.44,92.02,165785
2016-08-24,93.00,96.98,92.00,96.46,325430
2016-08-25,97.39,98.78,94.26,94.78,423910
2016-08-26,94.03,99.50,90.02,92.10,3400420
2016-08-29,95.97,95.97,93.25,94.68,536455
2016-08-30,95.20,97.00,94.70,95.58,424910
2016-08-31,97.05,97.32,95.86,97.18,239865
2016-09-01,97.40,97.40,95.43,96.40,147050
2016-09-02,96.48,96.51,91.98,93.09,189455
2016-09-06,93.78,94.69,93.04,94.30,159905
2016-09-07,95.00,95.56,93.75,94.19,263655
2016-09-08,94.10,94.95,93.60,94.42,317345
2016-09-09,94.76,95.34,93.40,94.11,246045
2016-09-12,93.80,93.99,92.40,93.76,157220
2016-09-14,94.70,95.09,93.21,93.90,933160
2016-09-15,93.24,96.98,93.24,96.05,221735
2016-09-16,96.60,97.17,94.63,95.35,193540
2016-09-19,95.35,95.87,93.76,94.15,1002870
2016-09-20,95.30,95.30,94.00,94.50,63605
2016-09-21,95.20,96.86,93.80,95.25,160480
2016-09-22,96.01,96.01,93.00,93.48,121715
2016-09-23,94.36,94.86,92.67,93.16,448425
2016-09-26,93.20,94.40,91.13,92.00,280265
2016-09-27,92.49,93.18,91.75,92.20,114575
2016-09-28,93.60,93.60,91.00,91.19,147990
2016-09-29,91.20,93.69,88.80,91.01,463010
2016-09-30,90.00,90.73,89.70,90.21,230435
2016-10-03,90.35,93.00,90.00,90.99,326025
2016-10-04,90.99,91.80,90.20,91.43,74845
2016-10-05,92.00,92.40,90.20,91.89,125710
2016-10-06,91.00,92.20,90.64,91.59,113650
2016-10-07,91.60,94.00,91.60,93.71,206340
2016-10-10,93.60,94.40,91.93,92.07,221765
2016-10-13,91.33,93.20,91.02,92.95,226530
2016-10-14,92.04,93.35,91.15,91.84,48255
2016-10-17,92.40,92.80,90.50,91.38,317290
2016-10-18,91.20,93.00,90.26,92.16,755290
2016-10-19,91.02,92.92,89.86,91.05,432980
2016-10-20,92.20,92.60,90.60,91.02,168365
2016-10-21,90.98,92.97,89.21,91.26,167820
2016-10-24,90.50,92.60,90.40,92.08,126085
2016-10-25,90.50,92.60,90.50,91.20,73720
2016-10-26,91.21,91.66,90.42,90.67,63550
2016-10-27,91.01,91.66,90.22,90.79,70800
2016-10-28,88.65,91.01,88.65,90.08,72095
2016-11-01,91.30,92.00,90.41,91.46,92205
2016-11-02,90.42,91.00,90.00,90.19,199635
2016-11-03,90.01,90.98,90.01,90.40,114630
2016-11-04,90.03,90.53,87.65,88.78,101330
2016-11-07,92.00,92.00,89.00,89.17,45055
2016-11-08,91.00,91.00,88.20,88.85,61950
2016-11-09,85.00,90.11,81.25,89.23,158375
2016-11-10,89.70,93.00,88.54,90.67,74715
2016-11-11,90.20,91.00,84.52,86.73,182570
2016-11-15,89.60,97.42,81.40,83.06,305840
2016-11-16,82.11,85.90,82.11,82.66,118615
2016-11-17,83.00,84.36,79.30,79.98,752345
2016-11-18,80.80,82.00,79.20,81.66,359605
2016-11-21,82.00,83.02,76.20,77.61,760250
2016-11-22,78.00,84.88,78.00,83.37,291025
2016-11-23,83.96,84.00,80.00,81.09,97795
2016-11-24,80.60,81.60,80.29,81.12,919985
2016-11-25,82.00,84.99,80.81,84.41,323490
2016-11-28,81.61,85.40,81.61,84.56,246165
2016-11-29,83.21,85.80,83.21,85.28,125080
2016-11-30,84.00,89.06,84.00,88.32,344770
2016-12-01,87.80,89.20,86.06,87.49,81695
2016-12-02,86.00,87.00,85.00,85.70,94055
2016-12-05,84.07,86.82,82.20,84.02,401605
2016-12-06,84.20,86.20,83.02,83.56,114625
2016-12-07,83.47,84.10,82.70,82.87,96550
2016-12-08,84.19,85.00,82.51,84.41,281265
2016-12-09,86.80,86.96,83.26,83.65,553285
2016-12-12,83.80,85.00,82.71,84.36,142285
2016-12-13,84.36,85.93,83.60,84.97,96925
2016-12-14,85.98,85.98,84.00,85.38,119460
2016-12-15,84.00,87.00,84.00,86.18,120080
2016-12-16,85.41,86.68,85.41,86.31,73055
2016-12-19,86.64,86.98,84.59,86.64,93090
2016-12-20,85.06,87.44,85.06,86.07,284220
2016-12-21,85.00,86.99,85.00,86.17,63515
2016-12-22,85.99,86.38,85.71,85.96,94140
2016-12-23,85.21,87.73,85.21,87.24,65030
2016-12-26,87.20,87.42,85.82,86.17,353270
2016-12-27,86.80,86.80,85.99,86.49,36285
2016-12-28,86.08,87.40,86.00,86.21,62310
2016-12-29,86.98,90.80,86.05,89.98,189760
2016-12-30,90.20,91.40,86.60,87.00,343380
2017-01-02,87.99,88.28,86.02,87.75,36120
2017-01-03,87.76,89.58,86.07,89.00,119050
2017-01-04,88.16,90.20,87.93,88.06,97755
2017-01-05,88.79,89.30,87.62,88.22,195720
2017-01-06,89.29,90.00,87.99,89.35,145160
2017-01-09,88.03,89.16,88.02,88.44,51620
2017-01-10,88.43,89.40,87.64,89.03,61695
2017-01-11,89.60,89.78,87.00,89.16,95615
2017-01-12,88.88,89.02,87.61,88.73,76920
2017-01-13,88.73,89.20,88.40,88.88,64575
2017-01-16,88.05,90.40,88.05,89.95,307635
2017-01-17,90.02,90.80,89.20,89.96,89625
2017-01-18,90.59,90.59,89.20,90.00,626700
2017-01-19,90.01,91.21,89.42,90.96,138105
2017-01-20,91.00,91.72,89.98,90.43,607145
2017-01-23,90.44,91.40,90.35,90.51,71620
2017-01-24,91.54,91.54,89.99,90.99,110830
2017-01-25,90.92,91.38,90.45,91.02,409360
2017-01-27,91.15,92.92,90.76,92.62,144630
2017-01-30,92.62,98.30,91.61,97.12,1073290
2017-01-31,97.00,100.78,96.00,99.03,639940
2017-02-01,98.20,100.20,97.99,98.43,503750
2017-02-02,98.50,99.40,97.00,97.89,113855
2017-02-03,97.90,98.79,97.00,98.29,100685
2017-02-06,101.40,103.00,100.00,100.46,1357715
2017-02-07,101.00,102.35,98.00,98.79,538430
2017-02-08,99.00,99.95,96.60,97.52,333850
2017-02-09,99.00,100.80,98.03,100.36,995200
2017-02-10,101.56,101.78,99.92,100.59,127850
2017-02-13,102.96,102.96,99.85,100.38,102355
2017-02-14,99.62,101.08,99.41,100.03,75140
2017-02-15,100.98,101.80,99.80,100.39,278805
2017-02-16,100.39,102.00,99.94,101.59,143670
2017-02-17,101.42,103.54,101.24,103.06,280355
2017-02-20,102.40,103.80,102.00,103.37,112195
2017-02-21,103.00,104.74,103.00,104.29,165450
2017-02-22,104.20,109.00,104.20,106.24,1553825
2017-02-23,104.70,107.00,104.70,105.66,471630
2017-02-27,106.99,108.59,105.65,107.13,237530
2017-02-28,107.33,107.89,106.00,107.54,103915
2017-03-01,107.90,108.68,107.00,108.19,89070
2017-03-02,108.80,109.39,107.51,108.95,223835
2017-03-03,108.03,111.60,108.02,110.77,304665
2017-03-06,110.77,111.58,106.20,108.69,232960
2017-03-07,109.60,109.60,106.80,107.09,86040
2017-03-08,108.80,110.42,105.53,106.03,136635
2017-03-09,106.98,109.99,106.04,107.58,300440
2017-03-10,108.01,109.20,106.20,106.56,59250
2017-03-14,107.60,109.98,107.02,109.11,138190
2017-03-15,109.11,109.97,107.62,108.23,87805
2017-03-16,108.38,110.20,106.81,109.69,2157810
2017-03-17,111.00,111.00,108.20,108.99,160475
2017-03-20,109.00,109.52,107.66,108.88,180915
2017-03-21,108.77,109.29,108.06,108.85,71550
2017-03-22,108.85,108.85,106.16,106.61,352465
2017-03-23,108.97,108.97,106.21,107.03,45990
2017-03-24,107.03,109.70,107.03,109.05,172570
2017-03-27,109.39,109.39,108.03,109.06,141145
2017-03-28,109.06,110.60,108.89,110.01,176165
2017-03-29,110.79,110.80,109.21,110.06,142730
2017-03-30,110.63,114.39,110.59,113.86,324400
2017-03-31,114.50,116.48,113.39,115.79,786375
2017-04-03,116.99,119.80,114.03,118.04,392525
2017-04-05,118.20,119.68,117.02,118.02,361230
2017-04-06,119.39,119.39,114.00,115.21,421445
2017-04-07,114.68,116.46,113.00,114.01,382335
2017-04-10,114.04,115.99,114.00,114.34,133305
2017-04-11,114.03,115.00,111.20,113.62,249525
2017-04-12,114.94,114.98,112.20,112.35,223320
2017-04-13,111.00,114.78,110.60,111.96,221935
2017-04-17,111.96,114.36,110.20,111.69,193600
2017-04-18,112.99,113.69,111.40,112.12,120115
2017-04-19,111.32,113.74,110.20,112.37,277980
2017-04-20,112.40,113.39,111.22,111.71,73705
2017-04-21,112.00,112.98,110.80,111.84,158370
2017-04-24,113.00,113.11,111.03,112.36,161325
2017-04-25,112.86,116.73,111.80,115.84,417360
2017-04-26,117.22,118.02,112.48,115.25,225935
2017-04-27,115.01,115.48,112.71,114.74,104555
2017-04-28,114.99,116.40,112.80,115.61,193080
2017-05-02,116.79,116.79,112.81,113.07,303680
2017-05-03,114.15,114.15,110.80,111.42,528055
2017-05-04,110.60,112.26,110.23,110.41,816230
2017-05-05,111.40,117.00,110.24,115.34,382450
2017-05-08,115.60,116.80,112.21,113.01,97905
2017-05-09,114.00,120.37,113.01,118.08,979905
2017-05-10,118.70,121.36,117.80,118.58,492630
2017-05-11,120.40,121.89,118.82,119.36,245640
2017-05-12,121.60,121.60,117.00,117.85,192495
2017-05-15,119.75,121.20,117.76,120.66,184815
2017-05-16,121.47,123.18,120.02,122.54,418195
2017-05-17,123.00,123.00,121.40,122.36,99325
2017-05-18,122.00,123.00,120.45,120.89,90100
2017-05-19,122.00,122.00,118.44,120.92,162460
2017-05-22,120.22,121.13,118.20,118.58,118115
2017-05-23,118.38,120.90,116.51,117.22,213580
2017-05-24,117.00,118.17,116.51,117.03,156930
2017-05-25,118.98,118.98,116.81,117.77,183820
2017-05-26,119.00,119.40,116.51,117.52,361255
2017-05-29,121.00,124.40,119.00,120.27,945690
2017-05-30,120.99,121.00,118.31,119.76,273115
2017-05-31,119.12,122.88,119.12,121.80,382500
2017-06-01,122.99,126.76,121.11,125.62,353445
2017-06-02,127.00,130.30,125.17,128.13,756410
2017-06-05,128.68,133.00,128.40,132.12,836590
2017-06-06,132.39,134.10,131.81,132.11,612370
2017-06-07,133.40,133.80,132.60,133.57,301605
2017-06-08,133.60,133.60,131.40,132.36,142855
2017-06-09,132.09,132.60,126.41,127.79,431655
2017-06-12,129.79,132.00,127.20,129.20,603930
2017-06-13,129.03,129.66,126.20,126.52,142800
2017-06-14,125.10,127.31,122.95,123.68,448390
2017-06-15,124.00,125.00,120.80,121.71,754055
2017-06-16,122.00,125.40,122.00,124.37,207520
2017-06-19,124.98,126.59,123.82,124.32,208435
2017-06-20,125.60,125.87,122.17,122.75,215690
2017-06-21,124.00,124.00,121.09,121.69,179460
2017-06-22,122.79,124.20,121.00,121.86,159680
2017-06-23,122.40,123.34,120.62,122.54,562175
2017-06-27,122.54,124.00,119.36,120.28,164955
2017-06-28,120.74,121.80,120.21,120.39,162660
2017-06-29,121.93,122.05,121.00,121.64,182215
2017-06-30,120.60,121.20,119.20,120.76,129475
2017-07-03,122.80,125.94,120.94,123.37,321490
2017-07-04,124.97,124.97,120.44,121.50,272040
2017-07-05,123.18,124.98,122.40,123.02,330110
2017-07-06,124.20,124.60,123.02,124.27,281270
2017-07-07,124.80,124.80,123.81,124.14,112080
2017-07-10,124.60,126.39,121.10,123.40,44035
2017-07-11,123.61,124.60,122.60,123.95,1333560
2017-07-12,124.98,125.42,123.37,124.99,584010
2017-07-13,124.20,134.18,124.20,132.08,970920
2017-07-14,132.40,133.18,128.40,129.15,440460
2017-07-17,129.85,130.84,127.40,128.34,170700
2017-07-18,128.00,128.00,125.04,125.83,206890
2017-07-19,126.96,127.17,125.05,126.63,122140
2017-07-20,127.40,127.79,125.31,125.75,150195
2017-07-21,126.80,127.15,123.72,123.99,196025
2017-07-24,124.20,126.59,124.00,124.47,73535
2017-07-25,126.76,126.76,123.40,125.07,447820
2017-07-26,123.80,126.00,123.30,123.47,186225
2017-07-27,122.10,123.20,120.60,120.94,249360
2017-07-28,121.38,123.60,120.21,121.94,1387860
2017-07-31,122.20,122.25,120.23,121.43,705070
2017-08-01,121.20,122.55,121.00,121.55,111610
2017-08-02,121.60,123.52,120.00,120.75,227005
2017-08-03,122.80,122.80,117.40,118.30,338560
2017-08-04,119.00,119.01,115.80,117.17,224155
2017-08-07,117.20,119.43,117.20,117.59,107830
2017-08-08,118.00,118.90,115.00,117.65,158595
2017-08-09,116.20,117.70,115.83,116.50,244815
2017-08-10,119.20,119.20,115.61,116.19,196935
2017-08-11,116.19,116.46,112.12,114.88,177720
2017-08-14,115.00,117.65,112.45,117.18,276630
2017-08-16,117.98,118.96,115.60,117.89,100510
2017-08-17,118.00,121.18,117.21,119.80,226590
2017-08-18,119.78,119.80,117.48,118.00,248425
2017-08-21,118.00,119.20,113.40,118.07,295485
2017-08-22,119.35,119.35,116.79,118.02,215295
2017-08-23,118.25,120.64,117.53,120.11,118870
2017-08-24,120.40,121.50,119.24,121.05,106480
2017-08-28,120.00,122.65,120.00,122.52,231755
2017-08-29,120.65,122.75,120.65,122.14,93525
2017-08-30,122.50,122.98,120.72,121.36,208100
2017-08-31,120.62,122.60,120.62,122.22,103210
2017-09-01,121.80,122.39,120.91,121.40,82180
2017-09-04,121.20,122.50,121.20,121.70,115620
2017-09-05,121.00,122.43,121.00,121.44,167795
2017-09-06,121.39,121.52,119.99,120.47,107240
2017-09-07,121.00,122.03,120.40,121.40,109305
2017-09-08,121.98,121.98,120.21,120.78,110345
2017-09-11,120.80,122.00,120.80,121.74,121985
2017-09-12,121.74,125.54,121.40,124.97,657435
2017-09-13,127.00,127.58,124.40,124.69,310405
2017-09-14,124.69,126.37,124.60,125.28,105480
2017-09-15,125.20,133.00,124.02,130.15,699490
2017-09-18,130.15,137.60,128.02,136.64,720830
2017-09-19,137.80,138.56,131.23,132.58,472105
2017-09-20,132.98,134.56,129.00,129.76,172870
2017-09-21,131.20,131.20,126.10,127.18,192515
2017-09-22,127.38,128.61,122.00,122.89,177360
2017-09-25,125.00,126.00,121.70,124.22,176600
2017-09-26,123.40,124.29,121.60,123.39,323235
2017-09-27,124.00,124.19,121.80,122.13,205060
2017-09-28,120.84,124.02,120.84,123.51,192760
2017-09-29,123.84,127.80,122.06,126.96,172335
2017-10-03,124.60,127.20,124.60,126.26,134580
2017-10-04,127.76,129.80,126.26,129.21,283800
2017-10-05,129.80,129.80,126.60,128.06,121630
2017-10-06,129.39,129.80,126.52,128.12,147525
2017-10-09,129.01,133.71,127.64,131.52,178905
2017-10-10,129.00,134.39,129.00,133.91,183185
2017-10-11,134.39,137.00,134.39,136.13,477575
2017-10-12,136.01,136.97,136.00,136.12,227400
2017-10-13,136.01,138.40,136.00,136.17,178505
2017-10-16,136.00,137.78,136.00,136.04,159325
2017-10-17,136.88,139.80,136.00,139.43,269195
2017-10-18,140.00,145.20,139.32,143.21,445405
2017-10-19,143.21,151.21,143.21,147.64,264270
2017-10-23,147.99,150.80,144.08,144.51,609450
2017-10-24,145.00,146.39,141.20,141.69,103005
2017-10-25,141.80,145.80,141.80,144.19,196460
2017-10-26,143.20,146.69,141.76,143.80,99110
2017-10-27,143.80,143.80,140.40,141.69,70225
2017-10-30,143.58,147.83,141.20,144.30,516830
2017-10-31,143.16,144.40,141.60,143.25,93375
2017-11-01,145.19,145.19,141.93,142.79,252080
2017-11-02,142.25,145.77,142.00,143.95,126920
2017-11-03,145.96,146.00,142.40,143.14,78850
2017-11-06,142.22,144.00,141.01,143.63,171420
2017-11-07,144.96,144.96,141.97,142.10,325680
2017-11-08,142.10,144.00,142.00,142.24,119000
2017-11-09,142.00,143.17,141.39,142.39,193325
2017-11-10,142.00,142.99,141.92,142.05,79340
2017-11-13,138.40,142.80,134.79,139.32,489100
2017-11-14,138.20,139.20,131.11,131.88,489045
2017-11-15,130.36,133.79,122.00,125.91,587470
2017-11-16,128.00,128.00,123.03,123.84,732200
2017-11-17,123.36,126.20,121.20,122.63,443065
2017-11-20,123.02,125.79,121.96,124.31,2293805
2017-11-21,124.78,127.62,124.40,127.22,305150
2017-11-22,127.99,128.19,125.20,126.27,147755
2017-11-23,127.30,127.78,124.80,125.13,244150
2017-11-24,125.23,126.41,123.60,124.47,127580
2017-11-27,125.40,127.40,124.18,126.60,254055
2017-11-28,125.00,132.74,125.00,130.32,535155
2017-11-29,131.20,133.97,129.20,130.06,267150
2017-11-30,130.98,131.60,126.24,129.92,274955
2017-12-01,131.78,131.80,127.12,128.07,130560
2017-12-04,127.24,129.92,126.00,127.85,172810
2017-12-05,128.22,129.00,126.60,127.35,88595
2017-12-06,127.50,128.40,125.60,126.70,79675
2017-12-07,126.70,127.20,123.49,125.06,200155
2017-12-08,125.06,125.96,123.80,124.30,368485
2017-12-11,124.78,128.37,123.75,126.36,311315
2017-12-12,129.00,131.80,125.89,129.74,301025
2017-12-13,129.90,130.00,128.36,129.20,87535
2017-12-14,128.92,130.01,125.31,126.26,84370
2017-12-15,127.20,128.60,126.31,127.57,100365
2017-12-18,128.39,129.78,125.65,128.64,76785
2017-12-19,129.78,130.07,126.22,126.61,175130
2017-12-20,129.00,129.60,126.60,128.03,204660
2017-12-21,128.80,129.60,127.81,128.62,107925
2017-12-22,129.02,130.98,128.00,128.58,162575
2017-12-26,128.40,134.19,128.40,133.26,264555
2017-12-27,134.00,139.00,131.61,133.25,397455
2017-12-28,133.80,135.00,130.81,132.17,112600
2017-12-29,131.61,133.66,128.84,131.94,1065295
2018-01-01,133.40,134.51,132.00,132.45,216835
2018-01-02,132.47,133.71,130.24,131.07,79425
2018-01-03,131.38,132.60,129.90,131.99,82515
2018-01-04,131.99,133.90,130.69,132.63,134510
2018-01-05,133.78,133.98,131.75,132.83,229985
2018-01-08,132.80,135.78,131.22,132.03,237230
2018-01-09,132.18,133.40,131.85,132.10,97805
2018-01-10,132.10,134.80,129.03,133.60,399005
2018-01-11,134.18,134.18,131.40,132.85,112475
2018-01-12,133.60,135.00,132.17,134.36,306020
2018-01-15,134.00,134.00,132.40,132.95,735460
2018-01-16,132.90,133.43,130.06,130.88,205140
2018-01-17,130.00,131.07,128.60,129.06,257165
2018-01-18,128.40,130.78,127.56,129.08,262565
2018-01-19,128.00,133.78,127.31,133.04,1760780
2018-01-22,133.05,133.90,129.86,131.15,104095
2018-01-23,131.98,133.96,130.20,132.83,779530
2018-01-24,133.00,133.00,129.86,130.76,229090
2018-01-25,128.42,131.00,128.42,130.68,78645
2018-01-29,131.60,131.76,128.28,128.90,195755
2018-01-30,128.20,129.38,127.00,128.08,160385
2018-01-31,129.97,129.97,126.84,129.32,143885
2018-02-01,129.60,133.76,128.40,129.37,349945
2018-02-02,128.25,132.98,126.10,130.64,759895
2018-02-05,128.20,133.20,125.60,131.90,368530
2018-02-06,128.00,130.79,126.00,129.49,348675
2018-02-07,128.84,133.80,128.84,132.57,176565
2018-02-08,132.40,142.00,132.00,140.47,741130
2018-02-09,139.00,139.79,136.63,139.22,174465
2018-02-12,138.00,140.00,137.60,138.55,166000
2018-02-14,137.02,137.21,130.22,130.65,444635
2018-02-15,130.65,135.00,126.11,128.28,2232360
2018-02-16,128.65,129.95,126.00,126.65,1008900
2018-02-19,127.00,129.00,126.20,126.65,130260
2018-02-20,126.02,127.80,122.20,125.45,2346945
2018-02-21,125.60,127.50,124.80,125.45,108760
2018-02-22,125.30,125.80,124.20,125.01,161060
2018-02-23,124.90,130.20,124.24,128.07,333525
2018-02-26,130.00,130.62,128.21,130.13,142075
2018-02-27,129.40,130.60,129.00,129.45,80630
2018-02-28,129.45,131.00,129.10,130.62,109705
2018-03-01,130.60,132.80,130.02,131.32,126310
2018-03-05,130.80,131.20,130.00,130.93,66635
2018-03-06,131.22,133.20,129.39,130.22,154770
2018-03-07,129.81,130.12,127.54,128.40,71325
2018-03-08,128.40,129.26,126.60,127.00,84710
2018-03-09,127.79,127.80,125.80,126.49,80950
2018-03-12,126.70,129.97,125.42,128.88,159400
2018-03-13,129.60,131.80,127.50,131.33,229115
2018-03-14,131.54,132.67,130.80,132.25,102720
2018-03-15,131.40,135.65,131.20,134.95,198730
2018-03-16,135.78,135.78,133.00,133.55,117570
2018-03-19,134.79,134.79,131.01,132.82,264930
2018-03-20,133.29,134.72,132.01,133.64,107610
2018-03-21,134.79,134.96,132.40,134.62,232120
2018-03-22,135.20,135.20,133.04,134.41,1382930
2018-03-23,132.81,133.18,130.00,132.40,586450
2018-03-26,130.80,132.65,130.80,132.04,174965
2018-03-27,131.71,132.28,130.00,130.33,77915
2018-03-28,129.80,132.55,129.80,131.95,173390
2018-04-02,131.95,132.00,130.11,130.97,312465
2018-04-03,131.06,132.73,130.20,131.05,1147545
2018-04-04,131.05,133.68,130.80,131.06,656370
2018-04-05,131.50,133.00,131.00,131.80,149765
2018-04-06,132.76,132.79,131.00,131.18,77835
2018-04-09,132.20,132.20,131.05,131.56,53605
2018-04-10,132.53,132.53,131.00,131.42,76680
2018-04-11,132.39,133.00,131.00,131.71,419005
2018-04-12,131.72,132.42,131.12,131.49,146870
2018-04-13,131.21,133.00,131.18,131.91,58115
2018-04-16,132.19,133.12,131.25,132.69,155230
2018-04-17,132.80,133.00,131.00,131.24,157090
2018-04-18,132.18,132.18,129.87,130.11,202385
2018-04-19,130.00,131.20,129.87,130.23,49760
2018-04-20,130.89,132.20,130.00,131.57,553480
2018-04-23,131.74,133.00,131.58,131.86,71000
2018-04-24,132.70,132.80,130.61,131.21,47420
2018-04-25,131.00,132.40,130.81,131.10,103030
2018-04-26,130.80,132.98,130.80,131.91,84045
2018-04-27,132.31,132.87,131.57,132.13,106725
2018-04-30,132.20,132.80,131.00,131.10,51440
2018-05-02,131.01,132.20,131.01,131.96,108675
2018-05-03,132.18,132.18,131.00,131.33,46500
2018-05-04,131.03,133.06,130.42,132.02,143830
2018-05-07,132.20,132.94,131.10,131.25,53780
2018-05-08,131.25,131.40,130.20,130.95,91505
2018-05-09,130.95,131.38,129.20,129.72,54785
2018-05-10,129.73,130.80,129.20,129.37,33300
2018-05-11,129.36,130.80,129.20,130.02,69505
2018-05-14,130.00,131.19,129.31,130.66,49365
2018-05-15,129.79,131.10,128.20,128.40,2341320
2018-05-16,128.40,129.19,126.62,126.95,69670
2018-05-17,127.50,128.60,126.20,128.07,65315
2018-05-18,128.08,130.01,127.20,128.01,1479260
2018-05-21,128.53,129.20,127.00,127.04,320375
2018-05-22,127.34,128.09,126.00,126.03,156450
2018-05-23,127.36,129.80,125.00,127.21,437690
2018-05-24,127.30,128.00,125.00,125.50,171970
2018-05-25,125.50,127.20,124.62,125.00,196470
2018-05-28,125.40,125.93,124.00,124.02,286500
2018-05-29,124.02,125.00,123.00,123.10,387515
2018-05-30,123.99,124.00,122.72,123.33,54270
2018-05-31,122.73,126.62,122.44,123.58,175275
2018-06-01,123.62,124.20,122.20,122.90,88635
2018-06-04,122.90,122.90,121.20,121.40,49335
2018-06-05,121.99,121.99,120.00,120.22,108095
2018-06-06,120.80,122.39,118.87,121.21,68105
2018-06-07,121.19,123.03,120.02,122.56,65560
2018-06-08,122.68,122.68,120.56,121.50,51265
2018-06-11,121.50,128.20,120.85,124.14,395925
2018-06-12,124.14,125.20,123.20,123.66,50785
2018-06-13,124.20,124.59,120.00,120.38,146005
2018-06-14,121.19,121.19,119.40,119.83,93900
2018-06-15,119.88,120.89,119.35,119.56,52225
2018-06-18,119.56,120.43,118.11,118.75,80565
2018-06-19,118.75,119.20,117.60,118.32,53360
2018-06-20,119.98,119.98,116.00,116.10,1209350
2018-06-21,116.98,117.63,116.12,116.79,62305
2018-06-22,116.79,116.79,112.80,113.45,167010
2018-06-25,113.40,114.99,112.02,112.73,81210
2018-06-26,112.80,118.87,111.24,117.62,263145
2018-06-27,118.01,118.72,114.11,114.90,193075
2018-06-28,115.27,115.50,113.20,114.08,97390
2018-06-29,114.00,116.60,112.80,115.57,1283715
2018-07-02,115.63,116.80,111.42,112.14,59750
2018-07-03,112.99,112.99,109.80,110.24,153320
2018-07-04,110.98,110.98,108.11,108.74,73665
2018-07-05,108.11,111.89,108.00,108.32,53220
2018-07-06,107.73,108.63,106.84,107.54,88465
2018-07-09,111.96,111.96,107.40,108.05,85160
2018-07-10,108.04,108.79,107.22,107.77,82440
2018-07-11,107.60,109.08,107.11,107.39,405360
2018-07-12,108.40,110.99,108.40,110.32,146000
2018-07-13,110.32,113.20,110.32,111.84,952495
2018-07-16,111.84,113.20,109.73,110.28,69670
2018-07-17,112.06,114.40,108.15,111.67,728445
2018-07-18,111.99,112.69,109.50,109.95,356730
2018-07-19,109.95,111.59,109.40,109.96,34185
2018-07-20,110.70,111.41,107.81,108.73,54485
2018-07-23,108.80,109.31,106.44,107.05,110320
2018-07-24,107.40,110.05,107.28,109.06,74735
2018-07-25,110.15,110.80,108.21,109.99,335400
2018-07-26,110.78,111.01,108.48,110.65,75275
2018-07-27,110.82,112.98,110.82,112.61,436750
2018-07-30,111.84,114.39,111.84,113.44,77425
2018-07-31,113.99,116.40,113.60,114.71,330830
2018-08-01,115.00,115.60,114.20,115.30,187090
2018-08-02,115.60,116.40,114.40,115.87,82785
2018-08-03,116.79,118.00,115.65,117.27,47840
2018-08-06,117.56,119.08,117.00,118.52,2574275
2018-08-07,119.20,122.99,118.54,121.63,316630
2018-08-08,122.98,123.57,121.80,122.12,71715
2018-08-09,122.03,123.40,118.54,119.33,104585
2018-08-10,119.01,120.39,118.60,119.25,78915
2018-08-13,119.80,129.07,118.11,121.76,1541975
2018-08-14,121.37,124.19,120.16,123.11,199950
2018-08-16,122.99,123.60,121.80,122.87,104060
2018-08-17,122.00,124.97,122.00,124.15,142230
2018-08-20,124.20,125.99,123.20,123.58,93220
2018-08-21,123.20,124.19,121.60,122.13,73820
2018-08-23,121.71,123.96,121.71,122.55,69465
2018-08-24,123.00,123.63,121.60,122.41,71470
2018-08-27,122.96,123.37,120.40,121.07,76045
2018-08-28,121.07,123.20,118.71,121.51,104900
2018-08-29,122.00,123.20,121.66,122.27,55200
2018-08-30,122.21,125.80,121.81,124.87,76735
2018-08-31,124.99,127.20,123.20,126.33,142790
2018-09-03,127.40,127.76,125.32,126.06,79875
2018-09-04,124.98,126.99,122.40,123.37,77685
2018-09-05,122.40,124.39,119.28,119.95,98140
2018-09-06,121.20,122.99,120.20,120.99,84930
2018-09-07,121.79,121.79,118.84,119.32,80845
2018-09-10,120.59,120.59,116.11,116.82,109545
2018-09-11,116.82,118.09,116.80,117.36,142485
2018-09-12,117.36,117.60,115.44,116.56,78425
2018-09-14,117.00,117.96,116.68,117.32,74030
2018-09-17,117.40,117.59,114.90,115.09,60320
2018-09-18,115.94,116.23,113.60,114.35,56745
2018-09-19,113.78,113.78,111.13,111.42,77955
2018-09-21,112.96,112.96,104.60,106.02,641785
2018-09-24,107.20,108.40,103.10,105.66,675230
2018-09-25,104.21,106.55,104.21,105.39,316200
2018-09-26,105.02,106.44,105.00,105.69,53810
2018-09-27,105.78,107.20,105.00,105.17,51010
2018-09-28,105.00,106.85,104.99,105.04,109710
2018-10-01,105.11,105.80,104.77,105.16,74690
2018-10-03,105.16,105.40,105.00,105.00,85415
2018-10-04,105.01,105.19,103.00,104.76,80980
2018-10-05,104.98,104.98,103.65,104.37,428500
2018-10-08,105.40,105.40,101.90,102.08,763420
2018-10-09,103.80,103.80,99.86,100.36,263875
2018-10-10,101.96,102.40,100.04,101.51,589985
2018-10-11,100.80,100.80,95.32,98.71,596500
2018-10-12,99.94,101.40,97.81,98.79,1587205
2018-10-15,99.96,100.00,98.81,99.84,299585
2018-10-16,100.84,102.14,98.02,98.51,95620
2018-10-17,99.50,99.99,96.00,96.28,228075
2018-10-19,95.62,97.00,92.04,93.84,2818070
2018-10-22,94.60,95.67,92.42,95.02,505790
2018-10-23,94.98,97.76,94.00,96.64,192590
2018-10-24,99.99,102.40,97.01,101.83,1082490
2018-10-25,99.02,107.20,99.02,105.55,133820
2018-10-26,105.43,107.00,102.16,105.01,95535
2018-10-29,104.81,110.80,103.66,107.94,479670
2018-10-30,110.00,115.96,110.00,111.20,1093175
2018-10-31,111.96,111.97,108.40,109.33,221505
2018-11-01,109.58,109.80,107.00,107.26,76445
2018-11-02,108.31,109.78,107.79,108.08,168000
2018-11-05,108.20,108.40,105.60,105.91,56380
2018-11-06,105.91,106.61,102.40,102.65,65960
2018-11-07,103.59,104.55,103.03,103.93,19000
2018-11-09,104.80,106.00,103.60,104.04,82065
2018-11-12,104.80,105.00,102.41,102.97,50620
2018-11-13,103.21,103.61,101.25,102.63,79060
2018-11-14,103.60,103.60,100.81,101.82,196995
2018-11-15,101.80,103.60,100.82,102.95,89120
2018-11-16,102.95,103.57,102.11,102.94,51770
2018-11-19,102.98,104.04,102.72,103.27,450150
2018-11-20,103.84,104.46,103.30,104.01,42845
2018-11-21,104.80,105.80,104.41,105.33,101855
2018-11-22,105.67,105.67,104.43,105.03,117230
2018-11-26,107.17,108.21,105.72,107.87,301190
2018-11-27,108.44,109.60,108.01,108.90,179375
2018-11-28,109.59,110.58,107.02,107.14,137220
2018-11-29,107.06,107.73,107.02,107.42,60325
2018-11-30,107.01,112.98,106.60,110.77,239175
2018-12-03,110.74,110.75,108.26,109.33,1386335
2018-12-04,110.38,110.80,108.25,108.68,56670
2018-12-05,109.38,110.01,107.80,108.38,195210
2018-12-06,108.23,108.23,102.66,103.27,117200
2018-12-07,104.34,104.78,101.86,102.14,1165860
2018-12-10,101.20,101.60,100.21,100.73,48745
2018-12-11,100.81,103.78,100.05,103.00,561910
2018-12-12,103.54,103.60,102.41,103.48,89605
2018-12-13,103.40,105.16,101.54,102.27,70685
2018-12-14,103.29,104.20,101.40,103.82,37620
2018-12-17,104.20,106.00,103.05,105.21,35900
2018-12-18,105.79,106.76,103.60,106.01,60455
2018-12-19,106.01,107.20,105.00,106.98,63400
2018-12-20,106.98,108.00,106.00,107.61,87840
2018-12-21,107.43,107.99,106.22,107.21,87390
2018-12-24,108.39,109.20,107.21,108.54,64730
2018-12-26,107.68,109.09,107.00,107.87,71385
2018-12-27,108.03,112.60,107.20,110.41,188820
2018-12-28,111.20,111.78,109.44,110.36,67735
2018-12-31,110.40,110.75,108.68,108.91,41545
2019-01-01,109.00,110.40,108.40,109.79,29070
2019-01-02,109.00,110.00,106.30,106.79,66385
2019-01-03,106.02,108.07,105.28,106.22,65620
2019-01-04,105.61,107.20,105.02,106.70,49885
2019-01-07,106.22,107.40,106.00,106.03,43910
2019-01-08,106.00,108.80,105.80,106.22,52795
2019-01-09,106.25,107.20,106.00,106.59,46410
2019-01-10,107.18,107.97,106.16,107.18,72695
2019-01-11,107.49,107.63,106.29,107.22,76705
2019-01-14,107.74,107.95,106.20,107.26,431385
2019-01-15,107.10,108.18,106.26,107.82,40530
2019-01-16,108.31,112.60,107.76,111.48,178300
2019-01-17,112.40,113.98,111.01,111.88,166490
2019-01-18,113.19,113.94,107.60,108.56,119565
2019-01-21,108.56,108.81,107.18,108.07,35235
2019-01-22,108.01,108.40,106.11,106.65,28530
2019-01-23,107.37,108.40,106.00,106.07,148200
2019-01-24,106.07,107.20,106.00,106.10,40855
2019-01-25,106.01,107.03,106.00,106.01,620360
2019-01-28,106.01,106.88,105.95,106.07,49780
2019-01-29,104.82,107.14,104.82,105.79,143420
2019-01-30,104.81,106.89,104.72,105.06,150895
2019-01-31,105.80,105.80,102.40,102.73,110490
2019-02-01,103.60,103.60,101.45,102.49,60195
2019-02-04,102.00,102.01,100.20,100.74,63850
2019-02-05,101.01,101.56,100.00,100.48,31145
2019-02-06,102.37,102.37,98.35,99.25,60050
2019-02-07,100.00,103.00,97.81,100.06,144690
2019-02-08,100.97,100.97,99.98,100.23,54425
2019-02-11,100.23,100.99,99.61,100.28,74105
2019-02-12,100.40,101.00,99.20,100.20,60220
2019-02-13,100.00,101.03,99.00,99.24,237390
2019-02-14,99.99,100.20,98.89,99.72,66005
2019-02-15,99.72,99.96,97.85,98.17,68095
2019-02-18,99.30,99.30,89.38,91.02,512290
2019-02-19,91.03,91.04,89.12,89.73,413760
2019-02-20,90.20,90.58,87.40,89.40,1631955
2019-02-21,89.27,90.98,88.60,90.35,83425
2019-02-22,90.20,91.80,90.20,91.11,66220
2019-02-25,93.00,93.60,91.40,92.38,123095
2019-02-26,92.38,93.97,91.69,92.55,97960
2019-02-27,93.99,94.85,92.65,94.10,135760
2019-02-28,94.39,95.20,93.62,94.91,44970
2019-03-01,95.30,99.80,94.00,98.25,136675
2019-03-05,98.60,105.80,96.02,104.77,210305
2019-03-06,105.99,107.99,103.66,107.44,121505
2019-03-07,107.98,108.20,105.13,106.54,69640
2019-03-08,107.20,108.16,106.54,107.39,87255
2019-03-11,108.39,110.17,107.60,108.25,180800
2019-03-12,108.52,109.01,107.40,108.02,542455
2019-03-13,109.59,109.59,106.47,107.87,196340
2019-03-14,108.39,108.39,106.58,107.09,44490
2019-03-15,107.35,107.81,106.78,107.03,80985
2019-03-18,107.03,108.14,106.00,106.05,67260
2019-03-19,106.40,106.85,102.40,102.88,132575
2019-03-20,103.59,104.60,102.07,102.61,71705
2019-03-22,102.61,103.60,100.47,101.44,63330
2019-03-25,101.40,101.69,97.82,98.54,139380
2019-03-26,99.27,99.99,97.82,99.11,136810
2019-03-27,99.97,100.00,98.09,98.29,67355
2019-03-28,99.28,100.00,97.60,99.63,55770
2019-03-29,99.02,100.89,96.12,97.85,255955
2019-04-01,98.79,101.88,98.69,100.88,102995
2019-04-02,100.81,101.62,98.60,98.85,70935
2019-04-03,99.00,100.43,97.11,97.62,83400
2019-04-04,98.78,98.99,94.80,95.22,453170
2019-04-05,96.18,97.60,95.00,97.25,121730
2019-04-08,96.40,98.80,96.17,97.83,83495
2019-04-09,97.82,98.76,96.77,97.75,41955
2019-04-10,96.80,98.71,96.59,97.09,51625
2019-04-11,98.00,98.99,96.07,97.34,132905
2019-04-12,97.00,97.98,96.40,96.99,47765
2019-04-15,96.99,97.60,96.47,96.87,62320
2019-04-16,97.82,98.29,97.00,97.60,90990
2019-04-18,97.60,98.11,96.29,96.37,59865
2019-04-22,96.40,97.33,94.00,94.01,211335
2019-04-23,94.40,94.94,92.80,93.23,134705
2019-04-24,94.00,94.22,91.60,92.48,105530
2019-04-25,93.00,94.50,91.20,91.66,1249265
2019-04-26,91.01,94.18,91.01,93.27,108120
2019-04-30,94.00,94.01,92.12,92.76,66540
2019-05-02,92.80,93.60,92.00,92.42,71670
2019-05-03,92.42,92.92,92.00,92.07,49975
2019-05-06,91.61,92.99,90.83,91.59,94085
2019-05-07,92.50,92.75,91.05,91.87,58870
2019-05-08,91.88,92.04,91.07,91.68,48385
2019-05-09,91.60,91.87,89.00,90.01,84190
2019-05-10,90.00,90.98,89.12,90.66,39215
2019-05-13,91.40,92.39,88.10,91.73,246805
2019-05-14,90.41,90.41,88.21,88.61,174380
2019-05-15,89.49,90.00,88.76,89.46,65680
2019-05-16,89.77,89.77,88.24,88.52,43490
2019-05-17,89.78,90.00,88.41,89.56,45015
2019-05-20,90.47,93.80,89.42,92.07,232125
2019-05-21,91.90,91.93,90.00,90.98,101405
2019-05-22,90.80,93.60,90.80,93.09,100545
2019-05-23,93.99,94.00,90.40,90.96,121300
2019-05-24,91.54,92.70,90.80,91.54,184550
2019-05-27,92.70,99.95,92.20,98.73,979535
2019-05-28,98.60,101.00,98.07,98.55,2117770
2019-05-29,98.80,99.88,98.20,98.56,62090
2019-05-30,98.99,100.00,98.80,99.37,112610
2019-05-31,99.99,100.80,98.17,99.03,85945
2019-06-03,98.12,100.00,98.12,98.46,182995
2019-06-04,98.01,99.38,97.94,98.43,48720
2019-06-06,97.62,98.97,97.62,97.93,62315
2019-06-07,97.71,98.20,97.00,97.85,208275
2019-06-10,98.79,99.30,96.96,97.11,210375
2019-06-11,97.86,104.00,96.81,102.91,872580
2019-06-12,103.49,104.80,100.20,101.08,350235
2019-06-13,102.10,102.10,100.00,101.94,127235
2019-06-14,102.39,102.39,100.00,100.19,332420
2019-06-17,100.40,102.60,100.40,101.85,312650
2019-06-18,101.20,102.17,98.91,100.10,115340
2019-06-19,100.99,100.99,99.98,100.02,174390
2019-06-20,100.00,102.60,100.00,102.53,392240
2019-06-21,103.60,103.60,100.57,101.67,200170
2019-06-24,102.00,103.30,100.00,100.16,48745
2019-06-25,100.30,102.31,100.00,102.04,96140
2019-06-26,102.19,102.19,100.10,100.40,75875
2019-06-27,102.39,102.39,100.01,100.25,84835
2019-06-28,100.40,102.16,100.40,101.39,66980
2019-07-01,101.25,107.20,100.69,105.75,531315
2019-07-02,106.32,107.43,104.20,105.54,196385
2019-07-03,105.98,106.90,104.04,105.17,148205
2019-07-04,105.20,105.99,104.60,105.08,114045
2019-07-05,105.88,108.40,102.64,103.85,674890
2019-07-08,104.00,104.00,100.40,102.04,141130
2019-07-09,100.64,102.16,100.23,101.18,305320
2019-07-10,101.12,101.90,99.79,99.93,115235
2019-07-11,100.20,100.98,99.00,99.41,56025
2019-07-12,99.32,101.29,99.32,100.53,77810
2019-07-15,100.60,101.69,99.81,101.04,92085
2019-07-16,100.01,102.11,100.00,101.29,83565
2019-07-17,100.45,105.19,100.33,104.01,252215
2019-07-18,104.01,104.01,102.29,103.22,74195
2019-07-19,103.22,105.60,103.00,104.99,234530
2019-07-22,105.20,105.40,101.60,102.79,1073470
2019-07-23,103.42,105.00,102.32,104.19,420845
2019-07-24,103.60,104.79,99.85,100.36,96705
2019-07-25,100.36,101.99,100.11,101.14,130435
2019-07-26,100.12,103.80,100.12,102.94,129480
2019-07-29,103.46,103.46,100.66,102.78,104335
2019-07-30,102.42,103.00,100.63,102.29,109510
2019-07-31,101.40,107.00,101.11,105.34,258975
2019-08-01,105.20,106.24,102.36,103.13,350160
2019-08-02,102.40,105.53,102.40,104.21,164150
2019-08-05,103.60,105.80,101.09,104.31,225335
2019-08-06,104.79,106.79,103.69,105.82,968400
2019-08-07,106.00,106.93,102.86,103.57,58845
2019-08-08,103.60,106.80,102.62,105.66,107800
2019-08-09,105.24,107.16,105.02,106.80,95305
2019-08-13,105.59,106.18,102.40,105.11,467120
2019-08-14,106.00,106.55,103.81,104.88,90420
2019-08-16,106.00,106.00,101.80,102.54,207485
2019-08-19,102.00,104.54,101.61,103.48,88825
2019-08-20,103.08,104.39,100.00,100.24,504360
2019-08-21,100.99,101.39,99.82,100.03,117035
2019-08-22,100.20,100.68,99.54,100.02,119660
2019-08-23,99.50,101.20,99.50,100.13,102690
2019-08-26,101.19,101.19,100.00,100.12,57515
2019-08-27,100.41,104.92,100.28,103.38,259340
2019-08-28,102.84,103.91,101.20,101.82,65160
2019-08-29,101.80,102.98,101.00,101.28,44820
2019-08-30,101.05,102.39,100.27,100.72,83975
2019-09-03,100.61,101.58,99.40,100.05,82690
2019-09-04,100.01,100.72,100.00,100.31,76875
2019-09-05,100.02,100.60,100.00,100.03,99605
2019-09-06,100.00,103.80,100.00,103.32,136545
2019-09-09,103.02,103.72,101.60,102.19,46290
2019-09-11,102.00,103.19,102.00,102.80,62145
2019-09-12,102.40,103.60,101.29,102.74,90360
2019-09-13,103.10,105.80,102.61,104.80,136910
2019-09-16,103.60,105.80,103.20,105.19,90325
2019-09-17,105.19,109.59,103.73,107.57,476755
2019-09-18,107.95,109.80,107.93,109.07,342640
2019-09-19,109.45,111.00,108.62,109.84,353450
2019-09-20,108.40,118.60,108.40,116.88,566620
2019-09-23,117.20,124.75,117.19,122.54,528680
2019-09-24,124.00,124.40,118.60,120.22,1172695
2019-09-25,120.06,120.06,114.42,115.11,112445
2019-09-26,115.15,116.57,113.42,114.11,60225
2019-09-27,114.40,117.60,114.40,116.54,123840
2019-09-30,116.77,120.20,115.21,119.19,599175
2019-10-01,119.19,120.00,117.09,117.80,189420
2019-10-03,118.78,119.32,116.80,117.95,552305
2019-10-04,118.78,119.20,116.20,117.01,67465
2019-10-07,116.82,119.18,113.82,114.40,94120
2019-10-09,115.60,116.80,114.00,116.58,89750
2019-10-10,116.80,117.57,115.60,116.59,77805
2019-10-11,116.78,117.80,115.60,117.38,75350
2019-10-14,117.80,119.99,116.98,117.44,677625
2019-10-15,118.45,119.60,117.05,118.31,95960
2019-10-16,119.00,120.75,117.70,120.01,336140
2019-10-17,120.58,122.75,118.00,118.82,240370
2019-10-18,119.02,125.00,118.45,122.41,522720
2019-10-22,123.74,125.38,122.38,123.31,204560
2019-10-23,123.80,125.00,121.00,122.33,210765
2019-10-24,121.40,122.98,119.70,120.25,115405
2019-10-25,120.20,123.60,119.43,122.78,136330
2019-10-29,121.81,123.81,120.90,121.96,108275
2019-10-30,121.01,122.42,120.40,121.15,353410
2019-10-31,121.00,122.60,120.43,121.05,611955
2019-11-01,121.05,122.80,120.00,120.23,300505
2019-11-04,119.43,120.76,118.00,118.20,111480
2019-11-05,118.01,119.09,116.12,117.12,68300
2019-11-06,118.00,118.00,115.80,116.12,96710
2019-11-07,117.96,123.56,116.60,121.63,320900
2019-11-08,122.27,123.35,118.01,118.43,140700
2019-11-11,118.43,120.57,118.10,119.36,78715
2019-11-13,118.00,118.00,116.10,117.10,133910
2019-11-14,116.40,117.03,114.81,115.04,201865
2019-11-15,115.00,115.69,114.00,114.05,96150
2019-11-18,113.47,115.40,112.90,114.97,155550
2019-11-19,115.59,115.59,112.86,113.22,87800
2019-11-20,114.20,114.40,112.60,113.65,127225
2019-11-21,113.05,115.60,113.05,113.25,85490
2019-11-22,114.00,115.50,113.00,113.14,119445
2019-11-25,112.80,115.96,112.80,115.01,115815
2019-11-26,114.60,118.90,113.62,114.35,323725
2019-11-27,114.39,115.98,114.39,115.40,102590
2019-11-28,115.98,116.67,114.43,116.28,103295
2019-11-29,116.76,116.80,115.21,116.13,99940
2019-12-02,116.20,117.59,115.00,117.20,86280
2019-12-03,116.60,117.89,116.05,117.24,108880
2019-12-04,117.02,118.00,116.11,117.37,227555
2019-12-05,116.62,117.58,115.02,115.96,281900
2019-12-06,115.96,116.11,113.00,113.06,91270
2019-12-09,113.00,114.38,111.70,111.98,229685
2019-12-10,111.98,112.49,109.02,109.97,67730
2019-12-11,110.00,111.90,108.06,111.03,94510
2019-12-12,112.00,112.00,109.60,110.42,307685
2019-12-13,110.63,111.27,108.74,110.20,93455
2019-12-16,110.20,112.00,108.40,111.20,110760
2019-12-17,110.80,111.85,109.85,110.06,52335
2019-12-18,110.00,110.68,108.12,108.63,490840
2019-12-19,108.02,110.80,108.02,110.07,102430
2019-12-20,110.77,111.92,108.60,109.07,64265
2019-12-23,108.41,109.50,107.20,107.99,118760
2019-12-24,107.99,109.59,107.40,108.44,65745
2019-12-26,108.64,109.05,108.04,108.68,46555
2019-12-27,108.87,109.53,107.60,109.00,62505
2019-12-30,109.00,109.20,108.24,108.77,159480
2019-12-31,108.83,110.10,108.00,109.24,124195
2020-01-01,108.40,110.39,107.05,107.94,104855
2020-01-02,108.39,110.20,107.10,109.58,115105
2020-01-03,110.03,110.80,108.83,109.75,73125
2020-01-06,109.00,109.40,108.01,108.52,83695
2020-01-07,108.20,109.49,108.01,108.33,92615
2020-01-08,108.20,109.20,107.24,108.65,46685
2020-01-09,110.00,115.38,110.00,112.05,377090
2020-01-10,112.99,115.60,112.40,114.83,190550
2020-01-13,115.60,118.00,115.40,117.29,363825
2020-01-14,117.97,118.38,116.91,117.57,99810
2020-01-15,116.42,117.80,116.10,116.66,232845
2020-01-16,116.70,117.60,114.41,114.77,101260
2020-01-17,114.81,115.76,113.60,114.34,70450
2020-01-20,115.57,116.58,113.50,113.73,97430
2020-01-21,113.21,114.98,111.67,112.08,64600
2020-01-22,112.98,114.00,111.07,111.69,91840
2020-01-23,112.76,113.15,110.20,110.44,66300
2020-01-24,111.80,113.40,108.69,112.42,254015
2020-01-27,110.80,112.00,110.80,111.07,70255
2020-01-28,111.99,112.98,111.00,112.32,160680
2020-01-29,113.18,116.20,111.42,112.53,788240
2020-01-30,113.20,113.39,111.80,112.85,72715
2020-01-31,113.98,114.00,111.55,112.11,82155
2020-02-01,113.16,117.00,110.02,111.61,550995
2020-02-03,110.00,114.35,107.60,109.25,176950
2020-02-04,110.00,112.00,110.00,110.74,77965
2020-02-05,111.96,112.00,110.16,111.22,101940
2020-02-06,111.96,111.96,110.60,110.88,43155
2020-02-07,112.00,112.78,110.02,110.87,110300
2020-02-10,110.20,112.00,109.40,110.07,105515
2020-02-11,110.00,110.77,108.50,109.09,93865
2020-02-12,109.10,110.20,108.39,108.95,97225
2020-02-13,108.90,110.79,108.33,109.18,124155
2020-02-14,109.60,109.60,107.80,107.99,93305
2020-02-17,107.63,112.40,107.60,111.19,328690
2020-02-18,110.80,112.00,89.16,109.81,217665
2020-02-19,109.04,110.80,109.04,110.12,103730
2020-02-20,110.79,113.80,110.02,113.40,251575
2020-02-24,113.18,115.56,109.60,112.85,260140
2020-02-25,114.99,114.99,110.00,111.24,242105
2020-02-26,109.62,111.24,109.62,110.68,61925
2020-02-27,110.80,111.34,109.93,111.08,82080
2020-02-28,108.79,110.79,107.00,108.62,184020
2020-03-02,107.60,110.00,106.42,109.16,140685
2020-03-03,108.50,111.00,108.50,110.11,121555
2020-03-04,109.99,110.80,109.08,110.03,132560
2020-03-05,109.22,110.76,109.22,110.03,70800
2020-03-06,106.40,111.00,106.40,110.45,83510
2020-03-09,108.60,114.19,107.27,112.73,371825
2020-03-11,112.80,113.20,110.80,112.56,662035
2020-03-12,111.50,111.50,100.08,102.24,284795
2020-03-13,96.00,106.40,82.34,100.70,667605
2020-03-16,99.40,103.94,97.07,98.83,1658600
2020-03-17,96.03,99.00,96.03,98.14,527890
2020-03-18,97.60,97.94,85.97,91.05,396900
2020-03-19,89.74,89.74,74.40,75.65,738570
2020-03-20,75.60,77.98,68.60,75.52,306180
2020-03-23,70.00,70.00,60.42,60.69,325930
2020-03-24,61.00,66.60,57.99,60.56,147765
2020-03-25,60.80,64.98,60.56,62.86,76030
2020-03-26,62.08,69.14,62.08,69.14,74125
2020-03-27,74.40,76.05,71.00,75.44,134250
2020-03-30,71.10,75.36,71.10,72.23,193610
2020-03-31,72.80,79.45,72.80,78.55,222075
2020-04-01,81.00,81.00,75.00,76.15,65515
2020-04-03,76.15,77.53,73.41,74.30,117585
2020-04-07,77.34,77.34,73.22,74.13,367980
2020-04-08,74.80,76.80,73.67,74.29,93350
2020-04-09,76.00,76.85,74.20,74.80,147410
2020-04-13,75.00,85.80,74.40,84.57,940355
2020-04-15,85.00,85.80,82.21,84.92,335955
2020-04-16,83.91,84.98,82.74,83.67,99725
2020-04-17,84.80,86.40,84.80,85.60,116640
2020-04-20,86.40,88.18,85.00,86.13,127455
2020-04-21,85.99,85.99,80.65,81.57,141670
2020-04-22,80.46,83.38,80.01,82.83,90270
2020-04-23,82.01,84.38,79.32,79.98,122585
2020-04-24,80.80,80.80,76.40,76.60,222020
2020-04-27,77.20,79.96,74.00,75.91,367565
2020-04-28,77.60,78.16,75.60,76.20,207165
2020-04-29,76.76,78.08,75.44,77.00,101650
2020-04-30,78.80,83.00,77.51,80.33,247630
2020-05-04,79.41,79.84,75.02,76.40,255855
2020-05-05,77.80,77.80,75.00,75.19,86510
2020-05-06,76.20,76.20,72.00,72.48,174205
2020-05-07,72.78,75.74,71.36,75.26,164580
2020-05-08,76.00,76.59,73.55,74.44,142435
2020-05-11,76.60,77.58,71.40,71.97,361625
2020-05-12,71.97,73.50,71.90,72.81,98600
2020-05-13,75.60,77.75,74.28,76.98,162945
2020-05-14,77.34,79.90,77.07,77.83,340240
2020-05-15,78.20,78.80,76.61,77.75,58900
2020-05-18,78.80,78.80,76.11,77.10,98365
2020-05-19,77.49,78.38,76.64,77.19,78825
2020-05-20,77.40,79.00,76.42,78.05,150045
2020-05-21,78.59,80.40,78.20,79.17,191890
2020-05-22,78.99,81.90,78.61,80.14,208660
2020-05-26,81.00,81.80,80.72,81.65,128585
2020-05-27,82.00,82.90,80.96,81.55,148435
2020-05-28,82.00,84.20,81.31,82.10,105840
2020-05-29,83.00,85.99,82.21,85.00,194895
2020-06-01,88.00,97.59,88.00,94.78,1077450
2020-06-02,96.34,96.55,93.43,94.50,324870
2020-06-03,94.78,95.39,93.60,94.24,313225
2020-06-04,93.98,93.98,91.09,91.84,130250
2020-06-05,91.60,95.92,91.60,94.50,176710
2020-06-08,98.40,98.40,95.00,95.12,183775
2020-06-09,96.00,96.00,94.02,95.03,326320
2020-06-10,95.70,95.75,93.42,93.95,177145
2020-06-11,93.40,94.91,91.63,92.92,147935
2020-06-12,91.60,93.19,88.40,92.81,163980
2020-06-15,91.00,93.07,90.03,90.43,81435
2020-06-16,92.00,92.38,89.00,89.32,106395
2020-06-17,90.00,90.85,87.60,89.57,183220
2020-06-18,90.80,92.72,89.48,91.21,107865
2020-06-19,91.67,96.80,91.24,95.87,429190
2020-06-22,96.58,100.35,95.72,95.96,369995
2020-06-23,96.80,97.75,94.20,96.27,150915
2020-06-24,97.79,103.60,97.79,99.60,1698845
2020-06-25,98.98,98.98,95.53,96.65,406655
2020-06-26,98.00,106.10,97.54,104.08,1098550
2020-06-29,105.20,105.38,100.05,102.53,272425
2020-06-30,102.20,103.57,99.40,99.61,191975
2020-07-01,99.56,100.87,98.80,99.69,159830
2020-07-02,99.80,101.00,99.00,99.34,72300
2020-07-03,99.62,100.80,98.20,98.93,74760
2020-07-06,99.43,99.83,97.21,97.58,147520
2020-07-07,97.40,99.20,97.00,97.73,124850
2020-07-08,98.22,99.70,97.12,98.00,266135
2020-07-09,98.00,99.60,97.02,98.13,407825
2020-07-10,98.00,98.62,96.00,96.31,197565
2020-07-13,96.80,96.80,93.32,93.94,252600
2020-07-14,94.00,94.80,93.20,93.80,102085
2020-07-15,94.27,94.99,92.46,92.90,120960
2020-07-16,93.37,93.89,90.60,91.73,114150
2020-07-17,92.19,93.36,91.50,91.93,112315
2020-07-20,92.13,93.18,91.21,91.65,129890
2020-07-21,92.96,92.96,90.80,92.00,126995
2020-07-22,92.46,92.68,91.60,91.96,135635
2020-07-23,93.17,95.36,92.60,93.01,309995
2020-07-24,93.01,94.40,91.60,91.73,159710
2020-07-27,92.00,92.63,90.72,90.93,94250
2020-07-28,90.49,91.65,89.40,89.83,200865
2020-07-29,90.18,93.18,90.00,92.16,123945
2020-07-30,92.00,93.76,92.00,93.09,165360
2020-07-31,93.00,93.56,91.60,92.09,648880
2020-08-03,92.00,93.20,91.20,92.41,123375
2020-08-04,92.88,93.20,92.00,92.32,74595
2020-08-05,92.79,93.20,91.00,92.45,143195
2020-08-06,92.40,93.20,87.60,88.91,599880
2020-08-07,89.76,90.77,89.07,89.93,155555
2020-08-10,91.00,92.17,90.01,90.68,182730
2020-08-11,91.02,91.67,90.11,90.53,281990
2020-08-12,91.20,91.20,90.20,90.51,84850
2020-08-13,90.53,91.20,89.44,90.01,109740
2020-08-14,90.02,91.14,89.20,89.69,156950
2020-08-17,90.14,90.99,89.50,90.05,632250
2020-08-18,89.70,91.20,89.60,89.93,306835
2020-08-19,90.38,93.80,90.10,92.26,1159815
2020-08-20,92.38,92.98,91.28,92.59,502645
2020-08-21,93.40,95.60,92.02,93.01,642890
2020-08-24,94.76,94.80,92.60,93.07,203330
2020-08-25,93.38,103.00,92.20,100.55,2156290
2020-08-26,103.89,103.89,100.65,102.00,908165
2020-08-27,101.34,103.47,101.20,102.01,285935
2020-08-28,102.01,104.80,102.00,103.59,508270
2020-08-31,103.60,104.00,100.80,101.07,524700
2020-09-01,101.20,101.57,99.07,100.93,101430
2020-09-02,101.76,102.51,100.21,101.03,122070
2020-09-03,101.54,108.65,101.54,104.79,1147925
2020-09-04,102.84,103.90,101.20,102.20,366295
2020-09-07,102.04,104.93,101.20,102.12,394435
2020-09-08,102.12,103.20,101.47,101.79,158795
2020-09-09,101.20,101.60,99.86,100.20,171105
2020-09-10,100.64,104.40,99.66,102.10,182390
2020-09-11,101.80,102.58,100.98,101.15,101715
2020-09-14,103.59,109.78,102.23,109.04,834740
2020-09-15,109.60,109.90,106.17,107.29,136200
2020-09-16,107.58,107.70,105.13,106.52,106580
2020-09-17,106.95,108.95,105.41,107.02,205895
2020-09-18,108.59,109.47,105.40,108.61,305260
2020-09-21,108.00,109.95,102.20,103.33,177835
2020-09-22,103.20,104.90,98.01,104.01,270700
2020-09-23,104.53,105.40,101.26,102.28,116595
2020-09-24,101.20,102.00,97.41,98.13,148040
2020-09-25,98.10,100.44,98.00,99.34,129230
2020-09-28,101.19,102.39,99.25,101.40,111725
2020-09-29,102.76,102.80,100.20,100.59,76155
2020-09-30,101.10,101.62,99.08,100.41,82280
2020-10-01,100.92,104.40,100.92,103.42,129870
2020-10-05,101.80,104.80,100.49,104.15,144860
2020-10-06,103.70,106.00,102.51,102.82,112055
2020-10-07,103.34,104.00,101.37,101.74,72670
2020-10-08,102.00,103.22,100.76,102.09,74835
2020-10-09,102.61,102.68,99.68,100.84,69030
2020-10-12,100.30,101.98,100.24,101.68,53385
2020-10-13,102.19,102.40,99.81,100.42,66980
2020-10-14,99.81,104.20,99.64,103.69,263700
2020-10-15,104.00,104.20,102.17,102.43,89660
2020-10-16,102.42,103.92,102.40,103.58,74315
2020-10-19,103.58,104.90,100.51,101.27,198890
2020-10-20,101.78,102.41,99.55,100.98,205940
2020-10-21,100.98,101.79,99.60,100.01,103785
2020-10-22,100.52,105.76,99.60,104.89,375860
2020-10-23,104.89,107.19,104.89,105.90,172670
2020-10-26,107.00,108.20,105.90,106.49,175215
2020-10-27,109.69,113.60,108.40,110.74,1789375
2020-10-28,111.00,111.40,108.69,109.24,1304745
2020-10-29,109.10,109.10,105.01,107.59,142160
2020-10-30,107.60,107.98,104.00,104.49,112325
2020-11-02,105.02,110.92,102.79,108.89,499775
2020-11-03,108.40,111.40,108.20,110.42,3296285
2020-11-04,110.04,111.23,109.20,109.77,88100
2020-11-05,110.32,114.39,109.80,113.58,526165
2020-11-06,114.40,115.60,112.30,113.68,352500
2020-11-09,114.00,116.98,113.71,115.73,309875
2020-11-10,115.73,118.41,113.04,113.72,228960
2020-11-11,113.11,118.78,113.11,117.59,318930
2020-11-12,118.78,120.39,117.68,119.73,428515
2020-11-13,120.39,123.17,119.81,122.19,676700
2020-11-14,123.98,124.05,122.00,122.94,154805
2020-11-17,122.60,124.60,119.60,122.15,629905
2020-11-18,122.14,127.94,120.80,122.35,1623510
2020-11-19,121.98,125.10,121.80,123.31,381610
2020-11-20,124.14,124.17,121.07,122.00,180510
2020-11-23,121.30,125.20,121.30,124.32,1089055
2020-11-24,124.80,125.42,123.10,124.60,252285
2020-11-25,125.23,125.66,120.50,121.21,241175
2020-11-26,122.01,123.40,121.81,122.54,111095
2020-11-27,122.60,127.00,121.31,126.17,1288435
2020-12-01,126.42,127.00,123.70,124.47,554600
2020-12-02,124.43,125.15,122.87,124.54,278250
2020-12-03,124.54,125.77,123.02,125.50,250775
2020-12-04,125.00,131.00,124.00,130.38,1291660
2020-12-07,131.40,133.78,130.00,132.43,1095125
2020-12-08,132.75,134.33,129.20,131.07,294120
2020-12-09,131.01,133.00,129.44,130.54,208760
2020-12-10,130.54,130.54,127.45,128.19,116760
2020-12-11,128.84,131.00,127.20,128.20,166520
2020-12-14,127.20,129.98,127.02,128.05,234805
2020-12-15,128.06,128.68,124.46,125.20,461440
2020-12-16,126.76,128.40,126.03,126.98,260675
2020-12-17,127.62,129.10,124.20,125.32,382170
2020-12-18,125.21,128.00,124.22,126.85,236085
2020-12-21,126.00,127.60,123.20,124.81,415300
2020-12-22,123.70,125.38,120.68,124.36,346820
2020-12-23,124.96,125.60,123.62,124.36,112535
2020-12-24,125.80,126.73,122.13,123.05,202025
2020-12-28,123.20,129.40,122.73,128.60,3792940
2020-12-29,129.99,132.00,128.12,129.13,555325
2020-12-30,130.00,130.89,127.54,129.33,267920
2020-12-31,129.98,130.80,128.80,129.21,155900
2021-01-01,129.40,132.40,128.05,130.71,178040
2021-01-04,130.00,131.60,128.40,130.94,296385
2021-01-05,130.80,131.20,128.61,130.71,166630
2021-01-06,131.00,131.98,129.14,129.62,300800
2021-01-07,130.27,131.50,129.54,130.22,235685
2021-01-08,130.80,134.70,129.21,132.78,741220
2021-01-11,133.20,134.39,128.54,130.54,411225
2021-01-12,129.60,130.90,128.43,129.62,216660
2021-01-13,130.26,131.60,128.40,129.43,207820
2021-01-14,129.00,131.00,128.42,128.78,176200
2021-01-15,128.52,129.98,125.51,126.18,323925
2021-01-18,126.42,126.79,123.26,123.51,258785
2021-01-19,124.12,125.77,122.36,124.55,1349050
2021-01-20,126.36,128.18,122.75,122.95,397975
2021-01-21,123.57,124.94,123.00,123.37,183015
2021-01-22,124.00,125.40,119.60,119.95,407355
2021-01-25,120.80,122.13,116.02,116.58,363085
2021-01-27,117.14,121.60,116.03,117.98,556615
2021-01-28,117.60,117.79,115.40,116.08,215615
2021-01-29,117.58,118.63,114.40,115.42,246590
2021-02-01,117.40,121.00,115.88,118.56,341205
2021-02-02,129.96,134.80,125.00,128.55,6534370
2021-02-03,130.40,133.54,128.11,128.98,1965790
2021-02-04,129.01,139.00,129.01,134.57,3848735
2021-02-05,137.70,138.99,134.60,135.64,1561565
2021-02-08,136.40,138.00,129.80,130.16,1401745
2021-02-09,130.65,136.34,128.16,132.11,1334855
2021-02-10,133.38,137.00,132.00,135.92,1204780
2021-02-11,135.80,138.00,133.24,135.11,820880
2021-02-12,135.60,138.00,134.40,135.16,754225
2021-02-15,136.00,137.53,134.40,134.85,344055
2021-02-16,134.80,135.62,132.02,132.85,492625
2021-02-17,132.20,133.65,131.82,132.45,538990
2021-02-18,132.45,135.00,132.20,133.13,678530
2021-02-19,132.99,133.00,129.02,129.91,474775
2021-02-22,129.20,131.40,125.05,125.82,989210
2021-02-23,126.46,127.60,120.00,121.01,1244560
2021-02-24,121.30,122.80,120.40,120.93,719240
2021-02-25,122.80,128.94,121.60,128.35,2744275
2021-02-26,126.20,127.56,121.60,122.62,1374670
2021-03-01,124.40,128.00,123.82,124.46,714345
2021-03-02,124.61,128.00,124.61,126.99,613890
2021-03-03,128.00,131.85,127.52,129.74,711930
2021-03-04,129.40,137.60,127.60,134.91,2379210
2021-03-05,134.91,137.94,130.81,131.58,1036935
2021-03-08,132.94,135.40,129.67,130.64,536900
2021-03-09,132.20,133.80,128.30,129.54,377860
2021-03-10,130.78,132.60,128.60,130.12,831575
2021-03-12,131.40,131.76,126.02,127.35,661560
2021-03-15,127.99,129.18,125.41,126.45,751940
2021-03-16,127.18,128.74,125.33,125.91,280835
2021-03-17,126.00,127.00,123.60,124.19,344330
2021-03-18,124.84,125.70,121.40,123.48,263105
2021-03-19,122.00,124.40,120.30,123.64,329685
2021-03-22,126.00,126.40,121.01,122.44,418100
2021-03-23,123.00,124.35,122.00,122.79,299240
2021-03-24,121.68,123.21,120.80,121.36,224970
2021-03-25,122.00,124.78,120.30,122.40,572765
2021-03-26,122.80,124.22,121.89,123.10,222835
2021-03-30,124.18,124.40,121.29,122.61,420115
2021-03-31,124.40,128.80,124.04,127.20,1158495
2021-04-01,129.65,131.80,129.60,130.94,1372295
2021-04-05,132.60,134.40,130.95,133.10,1166490
2021-04-06,134.00,135.58,132.74,134.87,824190
2021-04-07,135.92,136.98,135.30,135.74,755820
2021-04-08,135.98,137.20,135.41,135.76,613310
2021-04-09,136.00,142.98,136.00,140.20,3186710
2021-04-12,139.20,139.80,134.03,135.22,1349350
2021-04-13,136.20,140.40,136.18,139.70,1460460
2021-04-15,141.00,149.90,135.65,143.65,2577555
2021-04-16,145.40,146.80,144.05,145.00,1773020
2021-04-19,141.90,147.40,138.85,144.65,2170773
2021-04-20,143.10,146.45,142.00,142.80,1102697
2021-04-22,141.00,144.85,140.40,143.05,665273
2021-04-23,144.70,148.50,142.70,145.00,1516346
2021-04-26,147.00,147.95,144.00,144.60,423130
2021-04-27,145.10,153.25,145.10,150.15,1606075
2021-04-28,152.10,154.25,149.40,150.55,1147499
2021-04-29,153.80,154.25,148.00,149.60,572670
2021-04-30,153.75,153.75,150.30,151.25,708590
2021-05-03,150.00,158.00,149.40,157.15,1107577
2021-05-04,160.00,161.45,152.20,152.95,1191353
2021-05-05,154.80,159.70,154.20,158.90,694230
2021-05-06,159.70,161.90,156.05,157.20,453562
2021-05-07,158.90,159.50,155.30,156.15,340255
2021-05-10,156.20,161.25,154.50,155.15,1625567
2021-05-11,155.00,157.35,148.65,155.55,501868
2021-05-12,157.45,158.50,154.85,155.30,291921
2021-05-14,156.85,157.95,151.95,152.40,462924
2021-05-17,155.00,156.00,151.00,152.95,418142
2021-05-18,154.10,154.95,151.20,151.75,501580
2021-05-19,152.50,155.50,152.50,154.75,474248
2021-05-20,155.55,160.60,154.85,159.25,1054546
2021-05-21,160.00,160.65,156.05,156.65,701613
2021-05-24,157.85,164.30,156.60,162.60,1300517
2021-05-25,164.00,168.40,160.60,165.30,1790497
2021-05-26,167.00,173.15,166.50,171.05,2074074
2021-05-27,171.50,175.80,168.30,173.50,1354733
2021-05-28,174.40,176.30,170.30,171.25,644997
2021-05-31,173.00,174.90,169.40,170.00,441158
2021-06-01,171.00,173.70,165.20,167.75,545843
2021-06-02,169.00,172.50,166.55,171.75,485803
2021-06-03,173.50,173.50,169.00,169.70,629285
2021-06-04,171.70,171.70,167.40,168.10,477641
2021-06-07,169.20,174.40,169.20,172.90,817041
2021-06-08,172.90,175.50,171.20,173.35,663724
2021-06-09,177.00,177.00,169.90,170.65,737850
2021-06-10,172.60,173.40,171.15,172.35,330647
2021-06-11,173.80,173.80,170.10,171.85,298237
2021-06-14,173.00,174.00,167.85,169.80,419725
2021-06-15,171.00,172.80,166.20,167.05,529118
2021-06-16,169.35,169.95,167.00,167.90,305145
2021-06-17,167.90,172.00,166.80,169.20,474593
2021-06-18,171.80,172.00,162.75,169.35,497463
2021-06-21,168.00,169.45,165.45,168.60,316947
2021-06-22,170.00,176.00,169.65,172.75,1240977
2021-06-23,174.00,178.80,172.80,173.65,1273289
2021-06-24,174.95,175.00,170.55,171.70,628175
2021-06-25,172.90,177.90,172.30,173.95,1633287
2021-06-28,187.00,197.85,180.55,182.30,10252947
2021-06-29,185.50,186.70,177.60,179.85,2291555
2021-06-30,181.20,187.00,180.70,183.95,2165857
2021-07-01,185.90,186.45,182.50,184.25,989350
2021-07-02,185.20,187.35,183.00,183.80,1090055
2021-07-05,185.40,185.60,178.75,179.75,1210858
2021-07-06,180.55,181.40,178.25,179.05,1045527
2021-07-07,178.90,179.45,177.30,178.50,812932
2021-07-08,178.80,180.85,176.15,177.90,877034
2021-07-09,178.85,180.40,177.25,180.05,585762
2021-07-12,180.60,183.60,180.30,182.05,695444
2021-07-13,183.40,183.50,179.00,179.45,1029092
2021-07-14,179.95,180.35,177.50,179.20,974480
2021-07-15,179.20,179.80,177.45,178.40,550238
2021-07-16,179.00,179.00,176.70,177.25,465837
2021-07-19,177.00,178.00,175.00,175.75,565255
2021-07-20,175.00,176.80,171.00,175.10,530023
2021-07-22,177.20,178.40,176.05,177.55,613016
2021-07-23,178.00,178.85,174.40,176.20,1062643
2021-07-26,177.25,177.90,175.30,176.15,573521
2021-07-27,176.65,178.40,173.85,174.70,4542289
2021-07-28,176.25,176.50,171.60,175.15,725067
2021-07-29,176.50,180.90,175.70,176.70,1363478
2021-07-30,177.70,179.00,176.40,177.00,590981
2021-08-02,178.00,179.00,173.65,176.15,1404750
2021-08-03,177.50,177.80,175.00,175.40,764143
2021-08-04,176.45,176.80,167.95,169.50,1196841
2021-08-05,170.00,174.80,165.90,173.85,990833
2021-08-06,172.75,174.80,172.15,174.10,341664
2021-08-09,174.90,174.90,170.00,170.65,327763
2021-08-10,170.90,171.00,165.80,166.55,494305
2021-08-11,166.60,168.40,160.70,167.30,587185
2021-08-12,169.80,169.80,164.50,165.55,428452
2021-08-13,165.20,169.50,165.20,166.90,629601
2021-08-16,167.00,172.65,166.85,171.10,826621
2021-08-17,171.75,174.40,169.00,169.80,694403
2021-08-18,170.00,170.80,166.20,166.95,315855
2021-08-20,163.20,166.90,160.65,165.35,366658
2021-08-23,170.50,170.50,164.80,167.05,1024960
2021-08-24,167.45,168.75,166.45,167.65,1023337
2021-08-25,169.00,171.20,166.50,167.75,947247
2021-08-26,168.95,170.15,167.80,169.15,575174
2021-08-27,170.00,170.75,167.55,168.75,591550
2021-08-30,170.95,170.95,168.55,169.10,630688
2021-08-31,169.95,170.00,167.25,167.95,887073
2021-09-01,169.00,169.65,167.00,168.10,573348
2021-09-02,168.00,168.95,167.50,168.10,547583
2021-09-03,168.95,172.75,168.40,171.15,886537
2021-09-06,173.80,174.00,171.25,172.40,444430
2021-09-07,173.05,173.15,169.05,170.45,519265
2021-09-08,170.70,171.50,168.00,169.15,499984
2021-09-09,169.15,172.65,168.10,171.20,737643
2021-09-13,174.85,183.45,173.45,181.95,3239342
2021-09-14,180.90,186.00,180.25,184.95,1628931
2021-09-15,186.00,194.55,185.20,192.80,2199726
2021-09-16,197.50,200.65,193.15,196.85,2189480
2021-09-17,197.60,198.00,185.30,189.40,7485261
2021-09-20,187.90,192.50,185.30,187.05,715804
2021-09-21,186.90,191.00,180.60,188.75,860099
2021-09-22,189.70,196.00,187.35,194.70,987136
2021-09-23,198.00,198.50,192.40,192.90,720916
2021-09-24,194.65,194.65,190.05,191.80,365700
2021-09-27,193.75,196.00,190.05,193.95,1159601
2021-09-28,193.55,209.80,193.55,208.80,3708662
2021-09-29,208.50,209.50,204.50,207.85,1907167
2021-09-30,207.80,209.45,204.30,208.80,932331
2021-10-01,207.80,220.00,206.35,216.00,3765508
2021-10-04,222.00,229.35,222.00,225.15,4397408
2021-10-05,226.00,226.85,222.00,224.65,1209776
2021-10-06,226.85,243.45,225.40,227.05,3039422
2021-10-07,231.10,235.90,228.50,234.45,1016184
2021-10-08,235.00,235.05,228.00,229.20,884324
2021-10-11,231.70,234.95,230.05,232.25,626325
2021-10-12,232.25,233.75,229.15,230.45,500106
2021-10-13,231.50,235.00,230.60,231.35,543994
2021-10-14,235.00,235.00,227.20,228.30,517164
2021-10-18,230.00,232.00,228.40,229.35,544973
2021-10-19,229.95,230.90,218.00,221.85,715849
2021-10-20,220.40,229.35,211.00,217.75,935515
2021-10-21,220.00,235.00,220.00,229.45,1891197
2021-10-22,232.00,232.80,220.50,224.40,534385
2021-10-25,244.40,244.50,225.00,225.95,1702136
2021-10-26,227.10,228.30,224.00,226.35,647092
2021-10-27,231.40,231.40,224.80,226.50,428405
2021-10-28,226.30,226.35,218.00,219.10,366964
2021-10-29,217.00,226.25,214.00,220.10,431085
2021-11-01,230.50,230.50,221.90,222.85,942453
2021-11-02,222.85,231.00,222.55,227.90,549752
2021-11-03,228.65,231.25,227.00,227.70,361859
2021-11-04,228.90,233.95,228.60,232.25,244928
2021-11-08,234.00,234.00,224.95,225.65,1693553
2021-11-09,226.00,229.45,226.00,227.85,575089
2021-11-10,227.00,229.10,221.25,225.95,417187
2021-11-11,226.60,226.60,221.15,223.90,315984
2021-11-12,225.45,228.80,224.70,226.80,884881
2021-11-15,226.70,228.40,219.90,221.60,407034
2021-11-16,221.95,224.20,218.75,221.25,371770
2021-11-17,219.60,222.60,219.60,220.35,387945
2021-11-18,221.50,222.40,217.20,219.80,250529
2021-11-22,216.10,219.00,206.00,207.85,922366
2021-11-23,206.00,214.00,203.20,211.40,461335
2021-11-24,214.80,216.65,208.50,210.70,512861
2021-11-25,213.40,213.40,207.50,208.25,272900
2021-11-26,207.25,210.55,200.40,202.05,539345
2021-11-29,202.00,204.35,185.00,196.30,620218
2021-11-30,194.60,214.50,194.50,211.85,3474538
2021-12-01,213.70,213.70,203.10,204.45,488210
2021-12-02,206.30,206.30,201.50,204.55,308386
2021-12-03,204.50,205.85,200.00,200.90,527899
2021-12-06,200.00,201.45,197.05,197.45,257472
2021-12-07,199.00,204.55,198.55,201.85,447218
2021-12-08,202.90,206.95,201.15,203.40,593909
2021-12-09,204.20,206.00,202.05,204.90,249841
2021-12-10,204.00,206.15,204.00,205.00,650650
2021-12-13,208.90,209.95,206.25,208.10,400932
2021-12-14,207.00,209.90,206.40,208.95,438759
2021-12-15,209.50,213.60,206.90,209.85,421791
2021-12-16,210.00,212.40,207.20,208.35,460581
2021-12-17,208.85,209.50,199.15,201.65,562928
2021-12-20,202.90,202.90,195.60,199.30,565670
2021-12-21,200.60,209.75,199.40,208.60,445202
2021-12-22,213.15,214.10,205.25,207.05,373300
2021-12-23,208.70,210.00,205.05,206.00,194063
2021-12-24,205.60,206.75,203.00,204.70,138832
2021-12-27,203.10,204.90,201.25,203.15,198648
2021-12-28,204.05,207.80,203.20,204.35,211978
2021-12-29,203.90,207.30,202.00,203.60,178578
2021-12-30,205.00,208.90,203.60,206.60,207126
2021-12-31,207.00,208.00,205.55,207.00,141039
2022-01-03,208.00,210.00,206.95,207.40,365024
2022-01-04,207.75,209.00,206.00,207.45,298534
2022-01-05,208.20,209.75,203.10,203.85,566224
2022-01-06,204.25,205.00,202.60,203.25,180962
2022-01-07,203.95,204.00,200.45,201.15,556636
2022-01-10,201.15,202.75,200.50,200.90,586555
2022-01-11,198.50,201.10,198.10,198.60,364901
2022-01-12,199.55,200.70,197.00,198.40,467246
2022-01-13,199.40,200.45,196.00,198.70,348553
2022-01-14,202.30,202.90,199.40,199.80,795994
2022-01-17,202.40,202.50,198.20,199.10,506488
2022-01-18,200.50,201.00,194.00,195.50,448181
2022-01-19,195.50,196.45,192.55,193.55,374393
2022-01-20,195.00,196.85,189.15,195.10,660248
2022-01-21,194.90,195.00,191.50,193.70,249506
2022-01-24,195.00,195.00,185.55,187.85,471765
2022-01-25,187.00,194.50,183.10,193.40,411263
2022-01-27,177.00,182.25,173.00,179.80,1298957
2022-01-28,174.00,176.45,169.50,170.05,2348295
2022-01-31,170.00,173.75,166.20,167.45,914968
2022-02-01,169.95,183.00,169.25,178.20,1287571
2022-02-02,183.00,184.90,179.10,180.05,1089635
2022-02-03,181.25,184.55,179.80,182.75,640588
2022-02-04,183.70,184.15,179.55,180.20,376867
2022-02-07,181.50,184.50,180.55,183.40,480489
2022-02-08,184.90,186.80,181.15,184.95,485250
2022-02-09,185.85,186.45,176.80,177.50,495944
2022-02-10,179.25,179.50,171.90,173.20,679306
2022-02-11,173.00,175.65,169.00,169.75,524890
2022-02-14,166.65,167.85,160.90,162.25,633542
2022-02-15,165.50,169.15,162.40,168.10,390293
2022-02-16,169.80,172.35,165.00,167.40,510536
2022-02-17,168.20,168.70,163.05,164.20,340210
2022-02-18,164.00,164.85,159.95,160.55,411864
2022-02-21,159.90,160.55,155.45,156.10,508058
2022-02-22,153.80,153.95,150.50,151.80,523417
2022-02-23,152.00,161.00,152.00,152.90,552907
2022-02-24,147.80,149.35,140.10,141.70,1066878
2022-02-25,144.60,155.65,144.25,153.35,1169659
2022-02-28,154.15,154.50,147.00,152.90,500569
2022-03-02,151.00,153.45,149.20,151.40,631393
2022-03-03,152.45,155.00,151.20,153.55,345702
2022-03-04,150.10,154.25,147.00,148.30,491149
2022-03-07,147.30,148.90,144.65,146.60,432085
2022-03-08,146.50,150.95,144.15,147.35,514070
2022-03-09,148.35,154.45,146.55,153.20,532324
2022-03-10,156.70,159.55,154.60,156.85,408314
2022-03-11,157.80,159.00,155.00,156.20,387338
2022-03-14,157.00,159.50,153.50,155.30,363721
2022-03-15,157.00,159.30,152.05,153.70,471539
2022-03-16,155.10,156.90,151.80,153.40,579909
2022-03-17,156.50,162.05,154.50,155.95,1347456
2022-03-21,158.25,159.05,155.20,156.35,472085
2022-03-22,156.80,157.20,153.35,154.75,416424
2022-03-23,156.00,156.75,151.50,152.35,411437
2022-03-24,152.35,154.95,151.85,152.25,382337
2022-03-25,152.70,154.15,151.00,151.65,334368
2022-03-28,151.65,152.35,148.00,148.50,423437
2022-03-29,150.00,152.00,148.00,149.20,497611
2022-03-30,150.00,158.00,150.00,154.70,776610
2022-03-31,155.45,157.35,152.50,154.65,505348
2022-04-01,154.45,157.55,153.10,153.85,568081
2022-04-04,156.00,159.65,155.45,159.05,627766
2022-04-05,162.00,168.80,160.00,167.55,1120354
2022-04-06,166.75,169.80,164.10,166.40,753306
2022-04-07,167.25,169.70,163.00,163.40,611474
2022-04-08,164.30,167.50,163.75,165.60,1432360
2022-04-11,166.10,171.40,166.10,170.20,725890
2022-04-12,170.20,170.80,163.00,163.90,889752
2022-04-13,164.90,166.70,163.15,164.00,388433
2022-04-18,164.80,164.80,159.65,161.05,382995
2022-04-19,162.30,165.90,157.90,161.00,372118
2022-04-20,161.85,165.00,160.55,163.10,333893
2022-04-21,163.50,164.45,161.00,162.40,307613
2022-04-22,162.40,165.40,160.70,161.95,778153
2022-04-25,161.00,161.85,159.00,159.20,272662
2022-04-26,161.90,161.90,157.20,157.95,259922
2022-04-27,156.90,157.95,153.30,156.10,275693
2022-04-28,156.90,160.90,154.60,158.80,256987
2022-04-29,159.30,160.60,155.55,156.20,279383
2022-05-02,154.80,156.20,152.40,155.15,234987
2022-05-04,156.00,156.20,147.10,148.75,622571
2022-05-05,151.00,152.60,144.95,145.50,624305
2022-05-06,144.95,147.90,142.20,145.85,437604
2022-05-09,146.30,147.40,141.60,143.75,246244
2022-05-10,144.20,147.00,125.00,145.25,337049
2022-05-11,145.95,147.20,139.00,140.20,359476
2022-05-12,140.90,142.00,127.50,139.70,410667
2022-05-13,142.15,144.25,139.00,139.80,269046
2022-05-16,140.50,142.00,136.00,137.25,314102
2022-05-17,138.40,144.00,138.40,142.35,259217
2022-05-18,144.00,149.85,144.00,147.75,460639
2022-05-19,146.40,152.90,144.25,149.75,901942
2022-05-20,153.40,153.40,149.45,150.70,353809
2022-05-23,151.45,152.20,148.45,149.40,277775
2022-05-24,148.50,150.85,145.15,145.95,128446
2022-05-25,146.50,147.00,139.20,140.25,308237
2022-05-26,140.00,143.50,138.00,139.30,463573
2022-05-27,141.90,145.50,141.60,144.40,217096
2022-05-30,146.00,154.50,144.40,153.10,469778
2022-05-31,153.10,158.25,151.70,157.00,593822
2022-06-01,157.80,159.45,152.65,156.10,478311
2022-06-02,155.50,159.35,155.10,156.90,319377
2022-06-03,157.80,162.00,157.30,160.95,740785
2022-06-06,160.40,164.00,156.35,163.45,578685
2022-06-07,163.70,163.70,158.00,158.75,249412
2022-06-08,160.40,160.50,153.05,153.55,301896
2022-06-09,153.00,154.80,152.25,154.05,197857
2022-06-10,152.75,156.20,152.10,154.85,138293
2022-06-13,153.00,153.00,147.20,147.85,337119
2022-06-14,147.00,150.65,140.10,144.15,282446
2022-06-15,145.85,150.20,142.50,143.15,370900
2022-06-16,146.00,168.90,137.00,138.20,703771
2022-06-17,137.50,141.00,133.10,133.95,474136
2022-06-20,134.70,136.00,129.20,130.65,348513
2022-06-21,131.30,138.50,131.00,137.35,325798
2022-06-22,137.05,138.00,135.00,136.25,251449
2022-06-23,136.50,140.65,135.95,139.00,257930
2022-06-24,139.70,141.45,137.85,138.60,235513
2022-06-27,141.35,141.45,138.25,139.25,166702
2022-06-28,139.00,139.95,136.30,137.20,272480
2022-06-29,136.00,137.15,134.70,135.00,249305
2022-06-30,135.50,137.25,135.45,136.20,174105
2022-07-01,135.80,137.50,134.10,136.70,118082
2022-07-04,137.10,138.50,136.00,137.05,168200
2022-07-05,137.75,139.80,137.00,137.75,432963
2022-07-06,138.40,140.05,137.75,139.45,291539
2022-07-07,140.25,141.25,137.80,138.95,281330
2022-07-08,140.60,140.70,138.50,139.00,327363
2022-07-11,139.50,141.45,136.35,136.80,393825
2022-07-12,136.90,137.30,134.70,135.45,324132
2022-07-13,136.10,136.55,134.75,135.45,202959
2022-07-14,136.00,136.40,132.05,132.40,319251
2022-07-15,133.10,134.20,132.10,133.60,233079
2022-07-18,134.85,136.80,134.35,135.95,220502
2022-07-19,136.30,137.55,135.00,136.90,345290
2022-07-20,138.80,139.00,136.50,137.10,395722
2022-07-21,139.60,141.20,137.80,139.40,456617
2022-07-22,140.85,141.30,139.10,140.05,437759
2022-07-25,136.00,136.00,131.50,131.90,1379484
2022-07-26,130.50,132.00,129.70,131.35,551585
2022-07-27,131.60,133.60,131.25,132.15,246374
2022-07-28,133.20,134.35,131.25,133.30,374356
2022-07-29,134.00,134.15,131.50,132.75,656198
2022-08-01,134.35,137.55,134.00,136.10,723073
2022-08-02,136.10,140.75,135.00,139.00,885668
2022-08-03,139.65,139.80,136.60,137.50,406652
2022-08-04,137.65,138.30,134.50,136.10,421503
2022-08-05,138.00,138.00,132.00,134.60,521864
2022-08-08,135.50,139.20,135.30,138.25,512972
2022-08-10,138.25,138.95,137.20,138.15,326088
2022-08-11,139.00,139.25,137.65,138.25,727605
2022-08-12,139.00,144.40,138.45,143.15,1021533
2022-08-16,144.90,147.80,143.05,144.00,1222673
2022-08-17,144.75,145.90,141.10,141.60,907353
2022-08-18,142.15,147.45,142.15,146.35,1021333
2022-08-19,147.00,148.00,144.30,145.90,585259
2022-08-22,142.15,143.90,140.30,141.75,3075026
2022-08-23,141.90,144.90,141.25,143.85,547988
2022-08-24,144.50,145.90,143.50,144.05,277888
2022-08-25,144.00,146.00,143.00,145.25,422591
2022-08-26,145.90,147.80,144.80,145.35,315903
2022-08-29,144.80,149.50,142.00,148.10,872204
2022-08-30,149.50,152.50,148.00,152.05,892210
2022-09-01,150.00,151.90,147.40,148.00,504295
2022-09-02,148.70,151.70,146.50,147.20,2321163
2022-09-05,148.00,152.80,147.60,151.95,849807
2022-09-06,153.45,154.55,150.25,153.30,488577
2022-09-07,151.90,152.80,150.15,151.65,300251
2022-09-08,152.40,155.10,152.00,154.20,430120
2022-09-09,154.85,154.85,150.00,150.95,525895
2022-09-12,151.90,152.60,148.50,149.35,370489
2022-09-13,150.80,151.40,148.05,148.35,499288
2022-09-14,147.30,148.60,146.40,146.65,430280
2022-09-15,147.40,148.40,144.50,145.35,497540
2022-09-16,145.50,146.80,141.00,142.90,911485
2022-09-19,142.90,143.40,139.20,140.15,506374
2022-09-20,141.05,148.50,140.85,146.95,828380
2022-09-21,147.00,148.90,143.95,148.20,879650
2022-09-22,148.00,154.50,121.50,144.75,925830
2022-09-23,144.75,145.80,142.00,143.80,310543
2022-09-26,143.00,143.00,135.85,137.55,439055
2022-09-27,138.30,139.85,138.05,138.85,157680
2022-09-28,138.85,139.95,137.35,138.05,160173
2022-09-29,139.50,141.15,136.80,138.10,477356
2022-09-30,138.25,138.70,135.45,136.60,516145
2022-10-03,137.00,142.45,137.00,137.80,2563353
2022-10-04,142.80,143.80,141.30,143.35,409669
2022-10-06,144.10,146.75,144.00,145.65,721426
2022-10-07,145.00,146.15,142.10,142.60,497922
2022-10-10,142.45,143.50,139.50,139.85,374454
2022-10-11,140.50,141.45,136.05,136.90,475123
2022-10-12,137.30,138.45,135.25,135.90,437748
2022-10-13,136.50,136.90,134.00,135.85,295748
2022-10-14,136.75,138.75,136.75,138.10,648458
2022-10-17,139.00,139.25,136.05,137.35,332388
2022-10-18,138.05,138.50,136.50,137.65,242622
2022-10-19,138.25,139.15,136.90,137.65,223427
2022-10-20,137.50,139.70,136.70,138.95,258654
2022-10-21,139.60,139.60,137.05,138.40,216998
2022-10-24,135.95,136.75,130.00,135.60,471624
2022-10-25,135.00,136.00,133.40,134.00,304469
2022-10-27,134.70,134.70,131.90,132.95,545229
2022-10-28,133.60,133.70,132.15,132.95,291591
2022-10-31,133.50,134.40,132.55,133.95,250231
2022-11-01,134.00,134.60,133.20,133.75,254691
2022-11-02,133.15,140.80,133.15,138.05,1073081
2022-11-03,138.10,140.20,137.45,139.45,1057293
2022-11-04,140.00,146.70,139.50,145.55,985276
2022-11-07,146.30,157.95,145.00,156.90,4393395
2022-11-09,157.50,160.30,155.10,158.05,1969835
2022-11-10,157.90,157.90,152.40,155.05,755968
2022-11-11,155.20,157.00,149.95,151.50,828345
2022-11-14,152.30,154.10,150.60,152.20,611667
2022-11-15,150.80,152.65,148.25,149.65,385958
2022-11-16,150.40,163.00,149.40,161.85,4322347
2022-11-17,162.20,164.35,156.40,157.85,1164449
2022-11-18,158.05,159.20,154.85,155.50,679526
2022-11-21,156.30,158.30,153.60,155.50,340789
2022-11-22,155.70,158.90,152.75,158.05,555275
2022-11-23,158.10,159.95,155.00,155.70,457663
2022-11-24,156.35,159.00,155.55,156.20,450272
2022-11-25,156.60,165.00,156.60,161.75,2058261
2022-11-28,161.60,162.60,157.80,158.85,580266
2022-11-29,159.65,160.45,155.45,156.40,527078
2022-11-30,156.60,158.65,153.10,157.55,605759
2022-12-01,158.50,163.50,156.75,158.00,1169338
2022-12-02,158.75,163.80,157.35,163.40,1409833
2022-12-05,164.10,175.75,163.55,174.35,5308683
2022-12-06,175.45,177.30,170.30,172.00,1252014
2022-12-07,172.95,173.20,166.85,170.20,590030
2022-12-08,170.50,181.50,167.50,178.65,2312799
2022-12-09,180.00,181.25,171.00,171.95,1327419
2022-12-12,172.50,172.50,166.05,168.90,971675
2022-12-13,170.00,171.80,167.30,168.35,506440
2022-12-14,169.00,181.95,166.00,180.20,3259432
2022-12-15,180.60,187.90,177.75,182.85,3250590
2022-12-16,183.20,186.80,177.35,182.50,1267717
2022-12-19,182.50,184.30,177.35,178.80,598410
2022-12-20,178.80,178.95,173.45,176.25,380252
2022-12-21,177.15,191.00,176.90,185.80,6145022
2022-12-22,185.75,185.80,171.60,180.05,1854773
2022-12-23,175.15,178.45,164.00,166.85,1357629
2022-12-26,167.70,182.45,167.05,180.70,1470299
2022-12-27,181.30,187.35,178.20,185.85,1332518
2022-12-28,185.95,186.70,181.50,183.60,777184
2022-12-29,183.60,195.00,176.65,189.00,3746848
2022-12-30,190.00,194.55,184.00,187.30,905002
2023-01-02,185.60,189.80,182.95,188.35,1700058
2023-01-03,188.00,192.00,187.05,188.85,817048
2023-01-04,188.50,190.90,184.70,187.25,558877
2023-01-05,188.20,191.00,182.10,184.05,793700
2023-01-06,184.05,185.50,176.70,178.60,869003
2023-01-09,180.00,182.95,177.50,178.80,482532
2023-01-10,179.70,180.70,173.55,174.95,415086
2023-01-11,174.95,176.95,172.50,173.20,337180
2023-01-12,174.00,174.80,170.30,171.10,281435
2023-01-13,171.45,176.20,171.45,172.15,548791
2023-01-16,173.45,176.00,171.60,175.35,526212
2023-01-17,176.40,177.70,171.40,172.20,293780
2023-01-18,172.20,175.00,172.20,172.95,444167
2023-01-19,172.00,174.40,171.55,172.90,316747
2023-01-20,172.65,176.70,172.00,174.10,298004
2023-01-23,174.80,176.25,172.00,172.65,316379
2023-01-24,172.65,174.05,167.00,167.55,262172
2023-01-25,167.55,168.35,162.50,166.80,459835
2023-01-27,167.60,168.65,164.10,165.05,431388
2023-01-30,165.00,170.30,165.00,167.35,420813
2023-01-31,168.00,173.80,168.00,172.45,435257
2023-02-01,173.50,175.95,165.95,168.70,380031
2023-02-02,168.00,176.95,167.70,176.25,971038
2023-02-03,177.20,183.90,173.15,177.30,1401127
2023-02-06,175.10,180.70,172.00,173.45,1129004
2023-02-07,173.95,177.75,173.05,174.15,317014
2023-02-08,173.60,178.65,173.50,176.10,399050
2023-02-09,176.00,178.60,174.55,175.70,325937
2023-02-10,175.25,180.90,174.95,177.90,719427
2023-02-13,178.75,182.00,177.45,178.90,382541
2023-02-14,179.65,181.00,176.50,178.45,387661
2023-02-15,177.95,183.50,177.60,179.00,780689
2023-02-16,179.80,180.85,177.60,178.25,407289
2023-02-17,178.90,182.00,178.05,179.05,440966
2023-02-20,179.20,181.00,175.95,179.05,397271
2023-02-21,178.55,180.00,174.15,174.80,341435
2023-02-22,170.20,173.70,167.10,169.75,352309
2023-02-23,169.00,170.90,165.15,169.45,621387
2023-02-24,169.50,173.25,169.25,170.25,230587
2023-02-27,170.00,170.80,166.00,167.10,165739
2023-02-28,167.55,172.40,165.40,169.05,462984
2023-03-01,169.05,170.95,166.70,167.80,238589
2023-03-02,167.80,170.00,166.10,166.65,164382
2023-03-03,166.80,171.90,166.80,170.05,344105
2023-03-06,170.50,174.50,169.00,170.10,502412
2023-03-08,170.00,174.25,169.50,171.80,333187
2023-03-09,173.15,174.85,169.45,170.85,377134
2023-03-10,170.70,170.70,167.45,168.50,425305
2023-03-13,169.40,171.20,163.35,165.30,740671
2023-03-14,165.75,167.50,161.30,162.20,521616
2023-03-15,163.00,165.80,162.10,163.85,224851
2023-03-16,164.70,164.70,160.00,160.30,292621
2023-03-17,161.15,163.75,160.25,162.50,260772
2023-03-20,158.20,163.00,158.00,160.00,281790
2023-03-21,162.30,168.15,160.60,165.70,1137527
2023-03-22,165.70,174.00,165.15,171.80,669089
2023-03-23,171.00,171.90,167.50,168.10,358745
2023-03-24,168.10,169.30,160.65,163.45,236543
2023-03-27,163.35,166.95,163.00,164.60,301634
2023-03-28,165.50,167.20,162.00,165.25,444868
2023-03-29,166.10,175.00,164.60,173.75,619081
2023-03-31,175.00,176.95,169.05,170.60,336971
2023-04-03,175.00,175.00,170.10,172.20,225428
2023-04-05,172.50,176.75,170.65,171.80,297248
2023-04-06,172.00,174.00,169.00,170.20,308035
2023-04-10,171.05,172.55,164.00,165.25,379473
2023-04-11,166.10,170.90,166.10,167.45,340217
2023-04-12,168.50,169.90,166.10,167.45,255540
2023-04-13,168.30,173.65,167.65,170.50,592883
2023-04-17,170.95,171.35,167.70,168.55,182254
2023-04-18,169.00,170.50,167.25,168.45,140570
2023-04-19,169.30,169.60,165.50,166.30,226193
2023-04-20,167.10,167.90,164.00,164.30,241681
2023-04-21,164.80,169.90,164.30,166.05,236425
2023-04-24,166.90,166.90,161.50,161.75,500810
2023-04-25,162.25,167.30,162.25,164.20,308892
2023-04-26,164.90,166.20,163.00,163.80,184302
2023-04-27,164.60,165.85,163.65,164.25,191958
2023-04-28,164.45,168.60,164.45,167.50,838708
2023-05-02,168.40,171.60,168.00,170.10,439377
2023-05-03,171.00,176.45,169.55,174.55,1438685
2023-05-04,175.50,182.00,174.65,178.80,1146972
2023-05-05,179.60,181.30,175.40,177.05,540517
2023-05-08,177.90,179.55,171.45,173.80,633842
2023-05-09,173.80,175.55,170.55,171.05,752323
2023-05-10,171.80,186.50,171.50,184.85,6296718
2023-05-11,186.00,187.75,184.00,184.65,956683
2023-05-12,184.40,184.40,178.35,181.60,785854
2023-05-15,182.45,184.70,179.30,181.25,533024
2023-05-16,182.75,191.15,181.70,187.70,2099799
2023-05-17,189.90,194.40,185.05,188.70,1427965
2023-05-18,189.90,192.50,186.50,187.35,632111
2023-05-19,188.85,192.00,186.75,190.50,773969
2023-05-22,191.45,195.50,189.30,190.90,1547329
2023-05-23,185.00,186.60,180.05,182.05,2433102
2023-05-24,183.00,185.45,177.80,178.35,738528
2023-05-25,179.00,180.20,176.25,177.65,497191
2023-05-26,177.25,181.50,174.40,179.95,711889
2023-05-29,180.10,181.70,177.00,178.85,576752
2023-05-30,179.60,179.60,174.00,174.60,512605
2023-05-31,174.45,178.95,171.40,177.95,990897
2023-06-01,178.75,180.95,172.50,173.00,876829
2023-06-02,174.45,175.40,171.00,171.85,596116
2023-06-05,172.80,173.45,170.05,170.80,852730
2023-06-06,171.00,172.35,166.60,167.00,1010759
2023-06-07,168.00,169.45,166.25,166.95,991875
2023-06-08,167.75,171.35,165.00,165.70,1386849
2023-06-09,167.15,167.60,164.00,164.55,691362
2023-06-12,164.90,167.75,163.05,165.30,3064440
2023-06-13,166.20,172.50,163.70,171.15,4329243
2023-06-14,174.00,176.70,173.40,174.75,2618266
2023-06-15,175.00,179.70,173.15,174.40,2029872
2023-06-16,176.00,177.05,174.00,174.65,616074
2023-06-19,175.70,178.30,174.30,175.45,932086
2023-06-20,175.90,178.70,175.10,177.25,912277
2023-06-21,178.20,179.45,175.85,176.90,682623
2023-06-22,177.80,180.50,174.60,176.55,1241539
2023-06-23,177.50,177.50,173.60,175.30,819391
2023-06-26,175.40,178.70,173.95,177.65,504429
2023-06-27,178.95,179.10,175.45,175.75,361867
2023-06-28,176.95,176.95,172.00,172.75,516792
2023-06-30,173.00,176.80,173.00,175.80,609667
2023-07-03,176.00,176.65,174.00,174.75,437086
2023-07-04,175.00,175.80,172.65,174.85,374319
2023-07-05,175.00,176.00,172.55,172.85,363984
2023-07-06,172.75,175.65,172.40,174.75,595064
2023-07-07,174.45,174.80,171.65,172.30,346337
2023-07-10,172.30,172.95,170.05,172.05,315204
2023-07-11,171.50,173.70,170.70,171.95,340380
2023-07-12,171.05,173.15,170.55,172.45,301254
2023-07-13,172.60,175.95,172.60,174.60,722714
2023-07-14,175.00,177.60,175.00,176.35,588893
2023-07-17,177.30,184.50,177.00,179.70,2175803
2023-07-18,181.50,181.90,176.65,178.90,455513
2023-07-19,180.00,183.95,179.05,180.85,761334
2023-07-20,183.00,186.60,180.20,184.45,2454809
2023-07-21,182.95,189.90,182.80,188.40,1643606
2023-07-24,189.80,193.90,189.05,190.05,1235655
2023-07-25,190.05,194.25,189.25,191.45,725476
2023-07-26,190.35,194.70,190.35,192.95,762927
2023-07-27,193.45,202.75,193.45,199.15,3924495
2023-07-28,201.00,203.10,197.10,199.50,1071246
2023-07-31,201.00,203.50,198.50,199.70,929859
2023-08-01,200.75,201.30,196.80,197.20,520041
2023-08-02,198.20,211.00,197.25,203.80,4802013
2023-08-03,203.90,208.75,200.60,206.55,1510090
2023-08-04,207.00,208.05,203.30,205.20,779232
2023-08-07,208.00,208.00,200.10,201.10,657427
2023-08-08,202.50,208.00,201.35,205.70,757396
2023-08-09,207.00,209.00,204.35,206.75,607227
2023-08-10,206.75,207.00,199.60,203.15,442163
2023-08-11,203.95,204.70,202.75,203.55,322669
2023-08-14,203.65,210.50,200.40,208.65,969514
2023-08-16,210.00,213.30,206.25,207.10,814408
2023-08-17,207.15,209.40,203.60,204.20,320622
2023-08-18,204.95,210.65,204.00,209.10,907952
2023-08-21,208.30,209.15,205.25,206.20,366097
2023-08-22,207.70,211.50,206.75,210.60,663991
2023-08-23,212.85,217.75,212.60,215.55,1534943
2023-08-24,216.05,219.50,215.00,216.85,879423
2023-08-25,214.00,217.65,209.40,211.30,654994
2023-08-28,212.40,222.75,212.00,220.10,1274293
2023-08-29,221.90,241.20,221.85,235.95,10796894
2023-08-30,237.20,237.80,228.50,230.10,3374490
2023-08-31,233.90,241.35,229.45,239.55,1928800
2023-09-01,240.90,250.00,240.85,248.05,2592493
2023-09-04,251.00,259.95,250.30,253.25,1725383
2023-09-05,253.25,253.25,243.10,247.25,1118491
2023-09-06,248.50,252.90,245.50,250.00,1233054
2023-09-07,250.00,250.15,245.00,249.80,653544
2023-09-08,249.75,250.95,241.05,241.85,931500
2023-09-11,246.20,246.20,238.05,241.55,711697
2023-09-12,241.80,244.25,223.30,229.50,1109151
2023-09-13,227.40,232.90,221.05,225.85,567237
2023-09-14,226.90,234.80,226.85,232.80,733920
2023-09-15,233.95,235.60,225.00,226.05,1036841
2023-09-18,226.05,231.70,225.40,227.10,638257
2023-09-20,227.10,229.40,224.50,226.90,350894
2023-09-21,225.50,228.80,220.00,220.75,401735
2023-09-22,220.10,222.00,214.55,221.30,669670
2023-09-25,222.05,224.85,216.60,221.00,422322
2023-09-26,220.30,233.70,220.30,228.25,1612511
2023-09-27,229.00,229.20,224.25,226.30,436690
2023-09-28,226.10,230.00,223.80,226.20,690489
2023-09-29,225.00,225.95,222.20,224.00,359694
2023-10-03,224.25,229.30,223.80,228.75,534978
2023-10-04,227.55,230.95,222.30,224.35,512861
2023-10-05,225.50,226.55,222.60,223.65,509159
2023-10-06,223.50,232.95,222.90,226.80,1331998
2023-10-09,222.00,224.45,218.75,221.55,370950
2023-10-10,225.00,225.70,222.00,223.35,309387
2023-10-11,224.40,225.05,222.40,223.00,284927
2023-10-12,223.00,227.00,221.20,225.30,407216
2023-10-13,224.00,225.70,220.25,221.75,312253
2023-10-16,222.55,229.95,221.40,224.65,597520
2023-10-17,225.90,229.20,224.60,226.45,529898
2023-10-18,227.35,229.40,219.50,222.30,839605
2023-10-19,221.00,224.45,220.95,222.90,269692
2023-10-20,221.70,231.50,219.80,224.85,1323739
2023-10-23,220.40,222.00,200.00,202.65,1800554
2023-10-25,204.80,206.80,191.20,193.10,1136841
2023-10-26,189.00,193.70,185.80,192.40,829693
2023-10-27,194.05,197.10,193.05,194.35,622665
2023-10-30,195.00,195.50,189.65,192.00,477428
2023-10-31,192.95,196.80,190.50,192.05,391748
2023-11-01,192.95,194.20,190.15,190.85,286357
2023-11-02,192.50,194.10,191.20,192.60,325605
2023-11-03,193.95,194.40,190.60,191.75,310166
2023-11-06,192.80,193.05,187.45,189.60,1042965
2023-11-07,190.55,192.95,187.60,190.85,655961
2023-11-08,191.90,193.40,189.80,192.15,683283
2023-11-09,193.10,193.10,190.10,191.05,418929
2023-11-10,191.00,191.10,188.80,189.80,260087
2023-11-12,192.50,195.30,192.30,194.60,274888
2023-11-13,194.60,194.75,191.05,191.85,269470
2023-11-15,193.05,193.20,190.00,192.25,502306
2023-11-16,193.30,206.00,191.95,202.30,3332422
2023-11-17,203.90,216.00,203.00,212.65,4398788
2023-11-20,213.90,214.75,202.50,203.10,1762648
2023-11-21,204.20,212.45,204.00,209.60,1424444
2023-11-22,209.40,209.45,204.00,205.15,609446
2023-11-23,206.00,207.50,198.00,199.20,1160234
2023-11-24,200.20,204.00,199.10,199.90,647078
2023-11-28,201.50,203.10,199.20,201.95,469748
2023-11-29,203.70,207.00,201.60,204.45,1353559
2023-11-30,205.50,207.50,203.20,206.50,837186
2023-12-01,207.50,207.65,203.85,205.10,632648
2023-12-04,207.00,208.00,204.25,207.15,622703
2023-12-05,207.30,209.15,204.80,205.70,815341
2023-12-06,206.65,210.85,205.00,206.10,729787
2023-12-07,206.70,215.50,206.70,214.45,5575895
2023-12-08,216.55,219.90,210.75,212.50,1375884
2023-12-11,213.60,218.50,211.50,212.15,952866
2023-12-12,213.00,214.15,210.50,211.90,1539881
2023-12-13,213.00,214.05,210.00,211.75,389951
2023-12-14,213.00,216.10,210.15,213.50,804577
2023-12-15,214.80,217.85,210.55,211.25,4006994
2023-12-18,212.20,218.20,211.55,217.25,1040803
2023-12-19,218.00,219.00,214.05,214.60,418824
2023-12-20,215.70,216.30,204.55,207.30,1055169
2023-12-21,206.00,211.85,203.00,210.80,566811
2023-12-22,212.40,212.45,207.80,209.70,278728
2023-12-26,211.20,212.70,208.80,211.60,307926
2023-12-27,211.70,216.30,211.10,213.30,475476
2023-12-28,215.00,215.00,207.30,207.85,789651
2023-12-29,208.85,214.50,208.50,211.00,805467
2024-01-01,211.50,212.45,210.25,210.85,259760
2024-01-02,211.05,211.80,207.70,208.85,420254
2024-01-03,207.30,213.60,207.30,212.85,544743
2024-01-04,213.20,218.90,213.20,218.30,1658002
2024-01-05,222.00,240.00,221.00,237.35,9688548
2024-01-08,241.90,243.95,234.80,236.70,2322801
2024-01-09,238.90,240.00,234.40,238.40,1125826
2024-01-10,236.75,239.40,232.00,236.95,611539
2024-01-11,236.10,238.80,233.40,234.40,727664
2024-01-12,234.80,246.00,234.80,241.30,2510469
2024-01-15,242.85,248.10,239.00,240.45,1424734
2024-01-16,240.70,242.35,233.00,235.85,484242
2024-01-17,233.00,233.00,226.00,226.85,699480
2024-01-18,226.70,234.85,219.55,232.30,1143647
2024-01-19,234.00,240.65,230.20,231.40,1057388
2024-01-20,232.95,242.70,232.15,234.05,1112533
2024-01-23,235.15,235.65,221.35,223.85,427620
2024-01-24,225.25,231.70,221.35,230.10,546612
2024-01-25,230.75,230.75,224.35,225.05,288011
2024-01-29,225.00,225.00,216.30,217.15,884924
2024-01-30,218.00,218.20,214.15,215.15,621882
2024-01-31,214.95,223.35,214.95,222.35,838489
2024-02-01,223.90,224.40,218.30,220.40,392670
2024-02-02,221.00,222.30,216.85,217.70,379773
2024-02-05,217.25,220.95,215.00,216.95,574923
2024-02-06,218.10,221.90,218.10,220.90,491554
2024-02-07,220.00,221.50,216.55,217.15,1351987
2024-02-08,218.30,220.00,213.60,214.55,486445
2024-02-09,215.00,220.50,210.15,218.60,1383930
2024-02-12,218.00,218.35,210.15,214.20,1734359
2024-02-13,218.55,222.30,212.90,218.80,1008554
2024-02-14,216.80,219.45,216.50,218.10,350553
2024-02-15,219.05,223.25,217.05,218.35,698682
2024-02-16,219.30,229.25,219.10,226.05,1072287
2024-02-19,229.00,229.85,222.50,224.65,1071497
2024-02-20,224.75,225.80,221.35,223.35,546971
2024-02-21,224.65,224.65,215.15,219.25,475355
2024-02-22,224.50,224.50,214.70,218.00,518416
2024-02-23,218.30,219.10,214.65,215.10,742555
2024-02-26,216.15,219.50,214.50,215.65,1153561
2024-02-27,217.80,224.80,215.75,219.60,1431381
2024-02-28,221.05,223.50,216.70,217.15,1032604
2024-02-29,218.25,220.80,216.35,218.30,547387
2024-03-01,219.40,227.00,219.30,223.15,969847
2024-03-02,223.40,225.90,222.80,224.75,97514
2024-03-04,226.00,226.35,220.65,222.05,495809
2024-03-05,222.05,225.00,219.65,223.90,1152847
2024-03-06,224.00,224.80,219.00,223.80,588768
2024-03-07,222.30,235.00,222.30,231.30,3258704
2024-03-11,232.85,235.00,224.50,225.20,1154509
2024-03-12,225.20,226.20,208.05,214.75,2067763
2024-03-13,215.75,215.90,204.05,207.30,1295072
2024-03-14,207.25,216.50,203.40,211.00,653138
2024-03-15,211.95,215.55,210.00,213.45,1092553
2024-03-18,214.55,227.50,214.40,226.40,1638075
2024-03-19,225.55,225.55,219.10,219.90,582761
2024-03-20,221.00,221.70,215.20,216.90,638405
2024-03-21,218.00,226.50,216.90,224.30,843182
2024-03-22,225.05,241.40,222.30,235.60,3030302
2024-03-26,235.60,249.95,231.80,244.75,4904677
2024-03-27,244.75,252.00,244.00,249.80,2686883
2024-03-28,250.00,252.65,244.25,246.45,831154
2024-04-01,246.45,254.60,245.50,249.05,1177240
2024-04-02,249.05,253.50,245.50,248.30,730154
2024-04-03,246.95,261.80,246.85,259.95,2689363
2024-04-04,262.50,264.80,251.45,254.80,2508560
2024-04-05,255.00,257.55,252.50,254.90,683205
2024-04-08,256.00,261.25,252.40,255.25,1067711
2024-04-09,256.00,257.00,251.65,253.10,513125
2024-04-10,261.00,264.80,256.80,258.60,2567977
2024-04-12,256.90,256.90,247.30,248.50,1034747
2024-04-15,244.00,253.30,239.05,247.25,1093908
2024-04-16,244.00,253.00,243.55,249.65,523185
2024-04-18,250.50,257.70,246.20,253.90,867256
2024-04-19,249.50,255.90,246.10,252.05,588646
2024-04-22,254.10,256.15,249.50,250.50,393069
2024-04-23,251.80,257.70,251.30,255.00,808884
2024-04-24,256.30,275.00,256.00,274.10,6895970
2024-04-25,274.50,274.75,268.50,271.10,1125993
2024-04-26,273.00,279.60,267.00,273.10,1974220
2024-04-29,274.75,277.45,270.50,271.80,813386
2024-04-30,272.75,273.20,265.20,266.45,511761
2024-05-02,267.20,271.40,264.55,269.05,573573
2024-05-03,271.00,277.25,267.05,270.75,1454104
2024-05-06,271.50,274.65,268.30,272.40,909753
2024-05-07,273.70,286.50,269.00,283.95,3544681
2024-05-08,285.00,288.00,275.35,279.10,1811920
2024-05-09,279.00,279.00,266.55,268.40,993116
2024-05-10,269.00,277.50,267.25,273.50,678543
2024-05-13,271.00,273.80,264.85,271.15,967097
2024-05-14,272.45,303.80,272.45,301.30,9385461
2024-05-15,300.80,327.70,297.10,304.85,9922280
2024-05-16,305.85,307.15,292.65,295.45,1617842
2024-05-17,295.45,301.40,292.30,295.50,1217749
2024-05-18,295.00,298.80,294.45,297.05,108844
2024-05-21,297.45,307.90,290.80,305.10,1628676
2024-05-22,306.00,315.90,300.20,313.70,1768723
2024-05-23,313.50,313.50,305.00,306.85,572039
2024-05-24,308.00,327.70,305.05,321.00,2830422
2024-05-27,321.00,321.05,310.00,311.60,704152
2024-05-28,313.00,319.90,302.00,304.55,1027655
2024-05-29,302.55,324.70,301.70,322.05,1821783
2024-05-30,318.20,322.80,309.50,310.90,1900195
2024-05-31,315.10,322.00,308.15,311.55,1276535
2024-06-03,320.00,341.00,316.10,335.90,3142916
2024-06-04,325.90,346.40,307.10,322.65,4122053
2024-06-05,328.35,349.00,316.10,341.00,1828884
2024-06-06,350.00,350.00,337.75,341.55,1079944
2024-06-07,342.60,355.90,337.00,350.30,2755154
2024-06-10,350.00,354.70,343.30,347.05,1020291
2024-06-11,347.05,349.50,338.10,340.40,834171
2024-06-12,344.45,344.45,337.00,339.25,662870
2024-06-13,340.95,346.95,335.20,335.80,771974
2024-06-14,338.00,338.00,331.00,332.45,501937
2024-06-18,338.30,338.30,327.30,331.40,686488
2024-06-19,333.00,333.00,325.20,329.15,514109
2024-06-20,330.55,331.80,324.50,326.15,533499
2024-06-21,326.15,338.00,322.80,332.80,2552207
2024-06-24,333.75,335.70,327.20,332.90,906555
2024-06-25,334.50,340.00,329.90,334.70,1359007
2024-06-26,333.10,341.00,329.90,333.60,948681
2024-06-27,334.80,334.80,323.05,327.70,520563
2024-06-28,329.15,329.25,316.50,325.45,842750
2024-07-01,327.00,334.20,321.20,332.60,814441
2024-07-02,332.50,332.50,323.50,324.75,436236
2024-07-03,325.05,334.15,324.30,331.25,774082
2024-07-04,331.15,332.80,327.00,327.50,461731
2024-07-05,325.70,330.40,322.10,323.15,759104
2024-07-08,324.25,326.00,316.30,317.55,646990
2024-07-09,320.00,323.00,312.05,316.45,501964
2024-07-10,316.40,319.85,310.70,317.10,396062
2024-07-11,317.30,321.75,314.10,320.50,433582
2024-07-12,323.05,326.20,315.00,315.20,324252
2024-07-15,315.25,325.00,307.50,322.15,1078418
2024-07-16,322.35,331.45,318.00,323.40,1918860
2024-07-18,325.00,334.00,317.10,331.70,2916691
2024-07-19,333.20,334.20,316.15,318.10,1400767
2024-07-22,316.00,323.30,312.65,317.45,707966
2024-07-23,320.90,323.90,298.50,320.10,826058
2024-07-24,319.05,327.55,317.20,321.40,600015
2024-07-25,320.00,324.45,316.05,317.65,415007
2024-07-26,319.70,321.00,315.50,317.90,391656
2024-07-29,328.00,334.35,322.50,328.40,3712425
2024-07-30,324.50,326.50,321.50,322.25,610637
2024-07-31,325.00,325.00,317.85,318.30,439755
2024-08-01,320.00,320.00,312.25,314.20,346530
2024-08-02,310.15,313.60,307.35,310.45,308812
2024-08-05,290.00,303.70,286.65,288.65,967321
2024-08-06,290.10,299.90,287.00,288.60,457062
2024-08-07,291.20,293.60,281.05,289.90,914198
2024-08-08,288.05,294.45,288.05,290.30,313492
2024-08-09,292.50,296.70,290.10,290.65,355437
2024-08-12,285.00,292.00,282.75,289.40,447327
2024-08-13,290.90,291.60,282.25,283.10,381037
2024-08-14,283.70,283.70,275.25,277.95,414245
2024-08-16,279.20,291.55,277.20,286.00,1373440
2024-08-19,287.20,296.50,287.20,295.10,700523
2024-08-20,297.00,297.50,290.90,292.15,295017
2024-08-21,293.50,297.00,289.10,295.30,409688
2024-08-22,296.90,298.00,287.00,287.90,623632
2024-08-23,289.05,291.50,287.05,287.95,352545
2024-08-26,290.00,291.55,286.00,288.15,802959
2024-08-27,289.15,294.50,287.80,290.30,465061
2024-08-28,292.20,298.95,289.05,297.45,1080980
2024-08-29,298.45,327.70,294.35,313.35,5353808
2024-08-30,315.00,320.00,310.00,311.85,1428799
2024-09-02,312.25,313.35,305.95,310.65,757019
2024-09-03,310.00,314.15,309.10,310.95,684938
2024-09-04,308.85,315.25,305.60,307.20,772444
2024-09-05,309.40,312.20,306.05,306.60,335094
2024-09-06,307.75,316.20,306.75,309.05,962962
2024-09-09,310.00,310.00,303.50,307.20,437143
2024-09-10,308.10,315.00,307.10,311.65,659725
2024-09-11,314.65,315.05,308.00,310.65,498502
2024-09-12,312.15,312.40,307.05,307.75,279215
2024-09-13,307.75,310.30,305.65,306.65,262214
2024-09-16,308.60,310.95,304.25,305.30,302860
2024-09-17,306.45,307.20,304.00,304.40,188063
2024-09-18,304.70,305.65,300.00,301.60,291609
2024-09-19,303.90,309.50,297.00,307.90,697133
2024-09-20,309.00,311.95,295.05,296.10,987437
2024-09-23,297.90,298.50,291.35,296.20,548227
2024-09-24,296.00,296.00,290.10,291.50,539114
2024-09-25,291.85,292.80,286.05,288.05,569057
2024-09-26,288.85,289.05,281.55,282.80,516827
2024-09-27,283.20,286.25,279.00,281.05,814211
2024-09-30,283.55,283.55,274.05,278.65,842613
2024-10-01,280.00,280.00,275.05,278.30,760605
2024-10-03,277.80,277.80,270.00,271.10,870113
2024-10-04,270.80,273.50,265.95,271.65,748626
2024-10-07,274.95,297.80,273.50,294.40,11331824
2024-10-08,285.00,292.50,280.60,289.65,2294128
2024-10-09,289.65,295.40,285.00,286.45,912744
2024-10-10,288.00,294.00,286.35,293.00,719027
2024-10-11,293.20,301.45,290.60,299.45,1416992
2024-10-14,295.35,319.45,295.35,316.05,9638566
2024-10-15,312.00,319.25,310.90,315.20,2561254
2024-10-16,315.00,324.20,313.15,322.65,2866878
2024-10-17,324.00,324.20,311.10,312.40,1200541
2024-10-18,312.00,332.70,301.15,326.05,5904539
2024-10-21,330.00,334.30,320.00,322.05,2126953
2024-10-22,320.00,320.35,295.15,297.40,1768859
2024-10-23,300.90,309.10,291.50,301.55,1470243
2024-10-24,301.60,311.00,297.50,300.65,1525236
2024-10-25,290.00,290.00,275.75,284.00,2997619
2024-10-28,282.00,295.30,277.65,289.35,976759
2024-10-29,290.90,292.70,285.40,288.75,327606
2024-10-30,291.00,302.00,286.10,295.00,746469
2024-10-31,295.00,305.90,292.35,303.35,824305
2024-11-01,305.20,309.85,304.00,305.55,182799
2024-11-04,304.95,311.35,299.00,302.30,794138
2024-11-05,302.30,304.95,298.30,304.00,463668
2024-11-06,305.55,308.55,301.60,302.70,508066
2024-11-07,302.85,307.50,295.05,296.40,410701
2024-11-08,295.00,296.25,286.70,287.85,344585
2024-11-11,287.95,288.90,280.75,281.55,324269
2024-11-12,282.95,284.90,273.10,275.25,373460
2024-11-13,274.50,274.95,261.25,263.30,539420
2024-11-14,261.00,272.95,261.00,264.55,484816
2024-11-18,264.55,266.50,259.35,263.40,493178
2024-11-19,264.80,267.65,261.10,262.60,674094
2024-11-21,261.95,262.25,252.10,255.70,588801
2024-11-22,255.25,261.00,254.15,258.30,370763
2024-11-25,260.50,268.90,260.50,267.00,504639
2024-11-26,267.00,268.35,263.00,263.50,250910
2024-11-27,263.60,272.85,262.35,270.95,301892
2024-11-28,272.40,274.60,267.40,268.45,238824
2024-11-29,269.90,270.40,265.05,268.45,281235
2024-12-02,269.80,271.70,266.05,267.90,296574
2024-12-03,268.10,273.85,266.20,272.05,637392
2024-12-04,271.80,278.00,270.35,272.70,522433
2024-12-05,273.50,277.45,272.75,274.95,285045
2024-12-06,275.90,277.50,272.25,273.55,280440
2024-12-09,273.95,278.55,272.85,275.85,320392
2024-12-10,275.85,276.45,271.55,274.05,338634
2024-12-11,275.30,277.05,271.90,273.25,303233
2024-12-12,273.20,273.90,268.00,269.25,197733
2024-12-13,269.00,269.50,262.50,264.60,259932
2024-12-16,265.45,265.90,260.80,261.80,286929
2024-12-17,261.75,261.75,255.00,255.60,520206
2024-12-18,255.55,256.05,245.50,246.50,574369
2024-12-19,244.30,250.30,239.95,248.50,601942
2024-12-20,249.55,252.45,235.25,238.50,527791
2024-12-23,239.95,243.25,236.05,239.55,283558
2024-12-24,239.55,244.90,235.80,241.35,393392
2024-12-26,241.80,241.90,236.10,237.40,218470
2024-12-27,238.30,266.40,238.05,256.05,43285136
2024-12-30,254.75,254.75,241.60,243.45,2794317
2024-12-31,243.35,254.75,239.55,251.55,1251890
2025-01-01,253.40,255.10,248.05,248.80,690211
2025-01-02,250.00,252.65,246.30,248.70,607700
2025-01-03,250.20,254.50,247.10,248.60,685663
2025-01-06,249.60,249.90,241.05,246.85,860269
2025-01-07,248.00,249.80,239.50,240.05,797613
2025-01-08,241.95,241.95,231.55,232.65,875913
2025-01-09,232.80,233.40,224.30,225.65,1133674
2025-01-10,225.00,225.55,217.00,219.70,1148990
2025-01-13,219.10,219.10,205.00,207.20,1205644
2025-01-14,209.00,212.70,204.55,206.95,1560010
2025-01-15,209.90,213.55,207.75,209.70,842793
2025-01-16,210.35,215.50,206.00,209.55,1234367
2025-01-17,210.10,210.80,205.65,207.95,793868
2025-01-20,209.65,212.05,207.35,210.25,1111617
2025-01-21,211.80,219.50,207.50,211.25,1772980
2025-01-22,212.10,213.85,205.00,206.95,674440
2025-01-23,206.35,214.85,204.55,211.05,1967919
2025-01-24,212.00,213.50,207.15,208.80,843971
2025-01-27,204.05,204.85,198.25,203.00,628045
2025-01-28,204.10,207.00,195.10,200.00,689772
2025-01-29,201.10,207.45,201.00,204.80,490813
2025-01-30,204.85,210.00,200.70,202.15,681753
2025-01-31,202.50,206.65,202.15,205.20,413000
2025-02-01,206.50,209.90,201.13,203.33,379817
2025-02-03,203.00,205.30,200.05,201.65,391575
2025-02-04,203.63,209.80,202.79,208.21,621339
2025-02-05,210.05,212.20,202.40,202.95,844755
2025-02-06,203.01,206.30,198.83,200.63,785930
2025-02-07,200.00,201.60,196.55,196.98,880309
2025-02-10,198.45,198.99,192.81,195.01,433421
2025-02-11,196.90,197.44,187.71,191.86,637453
2025-02-12,192.00,195.80,185.05,194.71,730073
2025-02-13,196.00,205.00,193.86,200.65,1167601
2025-02-14,203.49,209.50,188.21,190.20,2680352
2025-02-17,190.83,192.99,185.55,186.54,718610
2025-02-18,186.00,187.53,180.10,181.26,599869
2025-02-19,181.26,188.34,179.52,186.31,471025
2025-02-20,186.80,191.70,184.54,188.93,455667
2025-02-21,187.15,192.65,185.10,186.46,401226
2025-02-24,186.21,186.22,180.81,182.04,325190
2025-02-25,183.55,185.19,176.65,177.93,436869
2025-02-27,179.30,180.45,172.30,175.75,620077
2025-02-28,172.25,175.60,169.72,170.79,559396
2025-03-03,172.51,175.00,166.80,173.67,656658
2025-03-04,170.71,177.00,168.94,175.16,428841
2025-03-05,175.95,181.50,175.75,180.84,385481
2025-03-06,182.40,185.62,179.35,180.48,554514
2025-03-07,181.00,184.00,180.60,182.10,639548
2025-03-10,182.00,183.40,176.90,178.36,400026
2025-03-11,171.10,181.21,171.10,174.42,854540
2025-03-12,175.50,178.44,169.62,172.29,873582
2025-03-13,174.00,175.50,170.63,174.89,574081
2025-03-17,175.79,175.85,166.80,167.79,740491
2025-03-18,170.00,178.70,168.82,177.13,800226
2025-03-19,177.88,178.09,174.70,175.69,975364
2025-03-20,176.31,178.75,173.50,174.97,990129
2025-03-21,176.50,177.76,173.26,174.10,1226054
2025-03-24,181.99,197.00,181.10,185.37,26148347
2025-03-25,186.60,187.30,179.10,181.12,1898542
2025-03-26,182.46,182.46,175.00,175.91,1536486
2025-03-27,175.91,181.85,173.06,180.07,2052892
2025-03-28,180.00,182.00,173.00,179.93,1266755
2025-04-01,178.83,181.24,177.03,177.68,574622
2025-04-02,177.99,179.70,174.30,178.81,471519
2025-04-03,177.90,182.70,177.41,182.16,548341
2025-04-04,181.50,182.08,175.95,176.95,1022371
2025-04-07,154.80,176.19,153.92,175.65,1612792
2025-04-08,177.80,180.65,172.61,172.92,681146
2025-04-09,173.90,173.90,167.10,167.49,1152411
2025-04-11,174.30,175.40,170.03,171.98,864111
2025-04-15,174.99,182.00,173.00,179.88,1191919
2025-04-16,180.06,181.88,175.01,175.87,1221327
2025-04-17,176.20,178.24,173.70,175.35,1082070
2025-04-21,177.03,178.98,171.90,177.69,3626656
2025-04-22,178.11,179.25,176.15,177.45,1208526
2025-04-23,178.80,179.00,173.29,175.07,1126664
2025-04-24,174.99,177.49,172.61,176.22,3425232
2025-04-25,176.05,178.25,168.88,171.91,1772927
2025-04-28,171.99,177.49,171.99,177.11,994304
2025-04-29,177.77,179.40,175.73,176.66,697969
2025-04-30,176.66,182.93,173.20,174.48,1696716
2025-05-02,174.48,178.45,172.20,177.09,1736040
2025-05-05,179.00,179.01,175.74,177.39,536494
2025-05-06,177.00,177.90,170.35,171.06,1858591
2025-05-07,169.01,180.30,169.01,179.10,1940919
2025-05-08,179.03,182.25,173.30,174.40,1379533
2025-05-09,170.00,174.59,170.00,172.58,630832
2025-05-12,178.40,185.70,178.01,184.46,1598961
2025-05-13,183.95,185.70,181.24,183.37,1057531
2025-05-14,184.10,190.54,182.55,188.68,1492037
2025-05-15,191.00,194.80,188.54,190.74,2347180
2025-05-16,191.60,192.99,190.00,191.57,938672
2025-05-19,192.99,195.70,189.89,192.78,1195952
2025-05-20,193.05,194.29,188.05,188.93,690836
2025-05-21,189.00,191.51,187.75,189.98,530491
2025-05-22,188.98,199.70,188.22,195.74,3590837
2025-05-23,197.05,217.00,194.31,208.96,9018008
2025-05-26,208.00,229.50,207.21,223.51,19626693
2025-05-27,224.05,231.80,215.19,224.74,8965358
2025-05-28,224.74,226.65,221.25,222.04,1444299
2025-05-29,222.50,222.65,217.61,218.20,1161258
2025-05-30,218.22,220.30,217.01,218.16,836315
2025-06-02,218.10,220.07,215.45,216.20,569123
2025-06-03,217.90,221.01,215.51,216.46,1047629
2025-06-04,220.00,220.00,213.38,216.81,737716
2025-06-05,217.01,218.50,214.10,214.68,541962
2025-06-06,215.05,219.38,212.18,218.11,1089168
2025-06-09,218.90,223.93,216.31,218.61,1316554
2025-06-10,218.40,227.79,217.74,221.66,2549347
2025-06-11,222.69,226.00,220.51,224.77,922801
2025-06-12,225.10,226.00,216.23,217.45,726195
2025-06-13,211.11,226.90,210.00,222.78,2829582
2025-06-16,222.78,224.34,216.55,222.53,944930
2025-06-17,223.20,234.00,222.50,228.24,4251521
2025-06-18,227.21,238.00,225.16,232.53,6286159
2025-06-19,232.01,232.53,220.00,221.25,2524000
2025-06-20,221.25,221.94,214.50,215.32,2354871
2025-06-23,213.74,215.90,211.20,213.35,1067398
2025-06-24,215.00,218.26,214.50,216.05,1081559
2025-06-25,216.50,219.30,215.55,216.75,778277
2025-06-26,216.95,219.00,215.92,217.74,571493
2025-06-27,218.10,219.69,216.25,216.92,609835
2025-06-30,218.00,220.15,215.31,218.03,904064
2025-07-01,218.19,219.50,215.00,216.76,550171
2025-07-02,216.70,216.70,211.75,213.18,582976
2025-07-03,214.25,215.19,211.63,212.69,618743
2025-07-04,212.75,214.45,209.54,211.12,582745
2025-07-07,210.89,212.68,204.00,204.97,916850
2025-07-08,205.99,208.20,204.12,206.18,714613
2025-07-09,206.20,207.90,203.48,204.36,674387
2025-07-10,204.79,206.01,203.60,205.27,352824
2025-07-11,205.26,207.65,204.49,205.44,389892
2025-07-14,205.70,206.90,203.49,204.91,368871
2025-07-15,205.12,208.80,204.42,208.32,501161
2025-07-16,208.98,216.59,208.56,214.30,1685500
2025-07-17,213.78,215.15,212.06,214.68,511258
2025-07-18,215.54,215.54,210.06,210.98,368176
2025-07-21,210.95,210.96,205.50,206.09,1000333
2025-07-22,206.30,207.63,201.00,201.78,1217718
2025-07-23,202.50,209.89,202.50,207.93,1368300
2025-07-24,208.90,214.71,207.09,212.16,1561993
2025-07-25,210.00,210.99,205.75,208.72,805980
2025-07-28,208.01,210.29,205.01,207.57,765418
2025-07-29,206.92,209.79,204.62,209.33,420738
2025-07-30,209.00,220.00,208.43,212.81,1139747
2025-07-31,207.00,214.51,203.50,206.26,1064921
2025-08-01,205.00,207.69,200.00,200.72,555348
2025-08-04,197.86,199.50,192.66,197.99,967409
2025-08-05,198.00,199.37,195.51,196.94,418686
2025-08-06,196.00,197.02,192.18,195.31,343787
2025-08-07,195.00,195.00,186.22,189.09,650842
2025-08-08,190.00,191.75,185.92,188.98,526122
2025-08-11,189.90,190.00,185.81,189.39,408881
2025-08-12,189.69,192.91,188.10,191.29,845189
2025-08-13,191.29,192.33,189.67,190.64,169457
2025-08-14,189.99,192.15,186.25,187.62,395756
2025-08-18,188.30,199.50,188.30,198.39,1078363
2025-08-19,199.55,206.93,197.06,205.82,1097767
2025-08-20,205.82,208.82,202.00,203.07,458755
2025-08-21,205.99,210.00,204.36,208.10,907568
2025-08-22,208.10,215.30,204.10,211.72,1773366
2025-08-25,212.40,214.98,210.59,212.13,1257867
2025-08-26,211.00,211.72,206.64,209.13,564138
2025-08-28,207.50,208.77,205.00,207.82,422357
2025-08-29,207.80,212.25,207.60,211.92,620814
2025-09-01,213.50,216.88,209.86,214.01,1377729
2025-09-02,215.00,218.20,212.20,217.01,760511
2025-09-03,217.77,221.00,215.89,218.05,919365
2025-09-04,218.05,219.38,214.72,218.20,456948
2025-09-05,216.20,217.99,210.15,213.73,870849
2025-09-08,213.73,214.14,209.80,210.58,265550
2025-09-09,210.59,212.10,208.55,209.36,219475
2025-09-10,210.00,212.70,208.32,208.97,334640
2025-09-11,208.46,214.60,208.46,212.07,306475
2025-09-12,213.14,216.90,212.26,215.65,1480664
2025-09-15,216.00,222.50,214.06,220.76,1630611
2025-09-16,221.02,222.23,216.30,219.17,1026500
2025-09-17,220.29,220.80,217.00,217.69,697524
2025-09-18,217.69,218.55,215.07,216.20,642095
2025-09-19,216.20,219.16,215.33,216.92,792813
2025-09-22,216.92,218.00,214.30,216.09,619314
2025-09-23,216.00,216.25,211.00,211.49,338842
2025-09-24,211.42,212.65,209.53,210.39,302690
2025-09-25,210.45,214.16,208.77,212.13,367891
2025-09-26,211.91,212.00,204.40,208.23,842102
2025-09-29,208.95,209.44,199.57,200.78,890467
2025-09-30,200.00,203.96,198.96,200.10,549101
2025-10-01,200.50,203.09,197.12,199.40,670693
2025-10-03,200.20,206.69,199.67,205.89,547474
2025-10-06,205.89,205.89,199.00,199.43,635405
2025-10-07,200.00,200.28,195.01,195.56,779637
2025-10-08,195.10,198.10,193.97,194.77,526653
2025-10-09,195.10,195.65,192.10,194.04,498459
2025-10-10,194.30,195.12,192.45,192.94,408836
2025-10-13,190.80,192.60,190.21,190.74,249201
2025-10-14,191.20,193.99,189.48,190.40,596375
2025-10-15,190.40,192.89,189.67,191.80,511378
2025-10-16,192.90,194.48,190.60,191.01,556756
2025-10-17,191.01,193.27,190.25,190.99,528716
2025-10-20,191.79,191.80,189.85,190.96,411056
2025-10-21,191.91,193.16,191.10,191.72,109322
2025-10-23,191.77,192.17,189.60,189.98,1131281
2025-10-24,189.85,190.85,188.50,189.07,350855
2025-10-27,189.99,190.70,188.00,190.18,388180
2025-10-28,190.18,191.31,189.00,190.24,189321
2025-10-29,190.10,191.48,188.30,191.01,410218
2025-10-30,191.80,191.95,189.00,189.89,307503
2025-10-31,189.89,190.00,187.54,188.01,687156
2025-11-03,188.10,188.60,186.88,188.08,279065
2025-11-04,188.50,188.67,186.02,188.33,381895
2025-11-06,188.20,188.30,181.76,182.29,592006
2025-11-07,182.00,186.95,181.50,185.26,353979
2025-11-10,191.00,194.50,185.71,188.79,1688208
2025-11-11,188.98,189.25,184.10,187.61,513332
2025-11-12,187.75,189.00,185.20,186.21,471639
2025-11-13,186.21,187.70,184.51,187.14,674508
2025-11-14,185.65,190.90,184.80,188.04,1232897
2025-11-17,186.50,187.97,186.30,187.03,308455
2025-11-18,186.16,186.90,184.40,185.09,349010
2025-11-19,184.29,185.10,179.70,183.43,924944
2025-11-20,183.50,183.99,179.00,179.95,814186
2025-11-21,179.67,185.61,177.70,181.73,352325
2025-11-24,180.76,183.50,178.46,182.82,1442549
2025-11-25,182.82,185.90,181.28,185.12,414781
2025-11-26,186.97,186.97,182.96,184.51,709751
2025-11-27,185.34,186.20,179.20,180.71,882070
2025-11-28,180.71,180.85,177.22,178.73,404789
2025-12-01,178.80,180.30,175.80,176.31,583858
2025-12-02,175.51,177.38,173.74,174.82,747037
2025-12-03,175.00,176.24,171.00,172.26,909747
2025-12-04,172.26,173.09,169.10,170.48,1045157
2025-12-05,169.99,170.48,167.26,169.13,712113
2025-12-08,169.24,169.25,164.84,165.19,661677
2025-12-09,164.75,166.90,162.26,165.76,1063000
2025-12-10,165.50,170.90,162.30,163.40,1154139
2025-12-11,163.10,165.90,162.63,165.43,738914
2025-12-12,166.80,167.21,164.28,165.59,262399
2025-12-15,165.45,166.95,164.52,165.22,589784
2025-12-16,165.00,167.80,164.00,167.14,675511
2025-12-17,167.14,168.69,164.00,164.52,271274
2025-12-18,164.32,165.50,162.11,165.02,311332
2025-12-19,165.07,166.90,164.55,166.18,246677
2025-12-22,167.00,169.97,167.00,167.78,343343
2025-12-23,167.99,168.92,166.94,168.67,248104
2025-12-24,168.75,170.60,168.10,168.95,395646
2025-12-26,169.79,170.66,167.93,169.81,278764
2025-12-29,169.30,172.84,169.27,171.18,632652
2025-12-30,170.46,171.54,168.31,170.80,906895
2025-12-31,171.00,175.26,170.61,174.01,446119
2026-01-01,175.00,175.90,172.73,175.77,317055
2026-01-02,177.50,178.96,175.81,178.51,511473
2026-01-05,177.40,185.10,177.40,183.56,1514050
2026-01-06,183.01,183.01,179.31,180.66,359534
2026-01-07,180.05,180.99,178.60,179.56,229006
2026-01-08,179.59,180.63,175.10,177.10,377337
2026-01-09,173.50,177.10,173.50,173.99,449805
2026-01-12,172.21,174.30,169.63,173.17,301355
2026-01-13,174.00,174.87,172.17,174.01,160436
2026-01-14,173.15,177.00,173.05,175.51,228130
2026-01-16,175.00,176.95,174.90,176.66,246008
2026-01-19,175.00,176.50,173.81,176.13,187117
2026-01-20,176.13,178.79,174.21,175.74,724269
2026-01-21,174.00,176.00,172.20,174.18,515350
2026-01-22,174.99,177.25,173.58,175.21,167523
2026-01-23,174.00,176.36,172.10,173.77,315545
2026-01-27,172.00,173.74,168.44,170.08,393062
2026-01-28,170.08,174.00,169.53,172.93,188082
2026-01-29,172.10,173.51,170.70,172.57,144229
2026-01-30,171.00,177.00,169.31,176.43,353190
2026-02-01,176.99,181.70,171.90,174.99,412873
2026-02-02,173.75,175.90,170.01,174.94,272268
2026-02-03,177.01,179.69,173.40,176.64,469012
2026-02-04,176.00,178.89,175.14,178.20,424666
2026-02-05,177.00,177.92,173.10,174.69,223235
2026-02-06,172.59,174.29,171.10,172.03,333320
2026-02-09,172.03,179.80,172.03,178.68,431851
2026-02-10,179.00,181.94,178.03,178.99,287311
2026-02-11,178.99,183.00,177.19,181.52,513539
2026-02-12,181.00,197.80,180.21,191.34,9655344
2026-02-13,190.00,192.35,186.10,188.73,985263
2026-02-16,187.00,191.40,185.11,188.93,383387
2026-02-17,188.70,193.00,187.81,191.01,638729
2026-02-18,190.90,193.70,190.50,191.31,428092
2026-02-19,191.16,192.66,186.00,187.37,438061
2026-02-20,188.42,190.60,182.50,189.89,1132162
2026-02-23,190.30,190.58,184.84,186.66,320669
2026-02-24,185.80,186.11,181.83,182.65,281205
2026-02-25,183.95,185.48,181.40,184.16,352329
2026-02-26,184.16,185.50,183.46,185.12,133349
2026-02-27,185.15,185.90,181.80,185.25,228056
2026-03-02,173.70,182.00,173.70,180.35,533255
2026-03-04,177.28,180.80,176.10,179.80,473196
2026-03-05,180.00,186.95,179.80,186.19,481337
2026-03-06,186.05,190.62,184.08,187.47,455400
2026-03-09,181.00,183.71,178.35,181.07,426081
2026-03-10,184.35,188.37,180.41,185.35,563604
2026-03-11,189.72,192.40,184.57,185.41,1480130
2026-03-12,184.00,190.36,182.22,188.31,1033134
2026-03-13,187.10,187.10,181.81,184.42,496486
2026-03-16,184.10,184.10,174.50,180.25,504490
2026-03-17,180.70,181.86,175.50,176.08,428893
2026-03-18,176.99,180.83,175.20,177.54,612597
2026-03-19,176.18,176.28,170.15,174.73,406213
2026-03-20,174.20,176.44,173.50,174.63,590179
2026-03-23,171.30,172.96,166.01,168.17,691186
2026-03-24,170.00,171.00,159.60,160.44,1801542
2026-03-25,162.66,167.37,159.51,162.47,1373584
2026-03-27,162.45,162.88,156.11,157.64,3807302
2026-03-30,155.05,159.39,147.54,149.95,1502513
2026-04-01,153.40,160.50,152.02,159.05,701162
2026-04-02,156.00,160.20,152.68,159.08,504064
2026-04-06,159.27,160.20,157.50,159.69,436277
2026-04-07,159.31,160.82,158.30,158.94,243825
2026-04-08,166.00,166.00,161.12,163.91,648688
2026-04-09,164.00,167.56,161.05,162.01,803040
2026-04-10,163.60,166.90,162.54,164.74,670247
2026-04-13,162.00,166.85,159.10,165.11,663397
2026-04-15,167.50,173.30,167.12,172.48,687726
2026-04-16,173.99,174.50,171.13,172.80,491976
2026-04-17,173.30,176.34,171.79,174.59,684548
2026-04-20,177.50,178.00,171.51,173.82,657293
2026-04-21,172.77,179.59,172.77,175.09,571066
2026-04-22,176.01,178.95,175.05,178.09,398728
2026-04-23,177.50,178.93,174.59,175.25,327426
2026-04-24,175.50,176.01,171.21,172.21,206694
2026-04-27,173.07,176.65,172.60,175.36,286185
2026-04-28,175.36,177.78,174.53,175.73,267728
2026-04-29,176.01,178.07,174.43,175.00,307732
2026-04-30,174.85,176.94,171.60,172.84,228764
2026-05-04,172.84,176.00,172.50,173.63,328593
2026-05-05,173.65,175.95,172.15,174.77,361691
2026-05-06,175.95,177.28,173.51,176.76,319529
2026-05-07,177.00,178.99,176.01,177.42,477263
2026-05-08,177.25,180.48,177.19,177.85,371269
2026-05-11,178.00,178.00,173.41,174.58,304353
2026-05-12,173.65,174.48,167.21,168.13,283470
2026-05-13,168.89,171.20,167.05,169.38,204996
2026-05-14,170.50,172.44,167.00,169.09,200528
2026-05-15,169.09,169.50,165.62,165.97,176518
2026-05-18,164.65,165.45,160.17,163.61,270637
2026-05-19,163.90,167.98,163.90,165.86,170459
2026-05-20,165.00,167.96,162.69,167.50,282128
2026-05-21,168.00,173.75,168.00,169.16,377899
2026-05-22,170.79,176.40,168.99,173.11,501858
2026-05-25,173.60,179.00,172.40,175.66,464005
2026-05-26,176.53,182.00,174.00,178.14,720636
2026-05-27,188.60,200.40,188.50,191.93,31807476
2026-05-29,194.70,196.78,183.20,186.22,2115003
2026-06-01,185.50,185.50,175.00,177.97,1044248
2026-06-02,176.50,177.57,174.00,176.08,585988
2026-06-03,176.80,177.46,172.82,175.71,341634
2026-06-04,174.60,177.19,171.97,172.94,445512
2026-06-05,173.80,175.33,171.71,172.93,374833
2026-06-08,171.90,172.39,168.02,168.90,335269
2026-06-09,168.94,173.85,168.94,173.03,422857
2026-06-10,173.95,174.83,170.00,171.00,328094
2026-06-11,171.00,171.00,168.00,168.66,223227
2026-06-12,170.00,173.80,168.60,173.02,545313
2026-06-15,175.00,177.50,172.50,173.00,683627
2026-06-16,174.00,174.59,170.00,170.69,1292667
2026-06-17,171.60,174.99,169.26,173.06,9192853
2026-06-18,173.50,178.40,173.25,177.21,2251376
2026-06-19,176.81,176.81,174.05,175.58,978926
2026-06-22,176.50,180.80,176.30,179.24,1289465
2026-06-23,181.00,186.60,178.51,179.75,2137808
2026-06-24,180.24,186.20,178.25,183.65,1659247
2026-06-25,183.65,184.07,175.10,176.25,832371
2026-06-29,175.10,179.29,173.76,174.52,1092758
2026-06-30,175.45,176.90,173.68,174.87,437012
2026-07-01,176.75,179.69,173.50,175.82,537468
2026-07-02,176.10,177.18,174.82,176.31,295338
2026-07-03,177.50,178.00,174.06,174.77,850656
2026-07-06,175.00,175.62,172.50,173.74,314178
2026-07-07,174.59,174.59,170.20,170.75,552862
2026-07-08,169.95,170.55,164.24,165.03,573769
2026-07-09,165.34,168.60,165.02,167.22,323404
2026-07-10,167.97,171.50,167.27,169.44,510165
2026-07-13,168.50,171.10,167.15,168.56,408985
2026-07-14,168.80,168.81,166.02,166.51,761398
2026-07-15,166.88,169.00,165.70,166.56,273436
2026-07-16,167.00,168.65,166.14,167.37,346716
2026-07-17,167.40,168.29,164.22,164.66,405578
2026-07-20,164.66,166.95,164.27,165.08,313729
2026-07-21,165.08,167.00,164.31,165.72,490412
2026-07-22,165.30,165.50,162.71,164.23,274871
2026-07-23,164.23,164.32,159.50,159.93,503386
2026-07-24,159.50,164.40,158.00,163.67,746248
2026-07-27,165.00,166.85,163.50,163.83,290897
2026-07-28,164.10,164.42,161.90,162.65,211158
2026-07-29,163.96,165.75,162.50,164.77,365445
2026-07-30,165.10,165.79,162.25,162.91,260612
2026-07-31,163.50,164.47,161.41,162.37,531570
2026-08-03,163.48,166.60,163.16,165.79,520336
2026-08-04,166.00,167.20,164.51,165.43,418419
2026-08-05,165.80,168.00,165.44,167.15,477901
2026-08-06,168.00,172.00,167.24,171.31,1161951
2026-08-07,166.00,167.00,162.85,164.43,1232652
2026-08-10,165.49,165.65,161.00,161.33,627445
2026-08-11,161.70,163.32,161.11,162.66,350230
2026-08-12,162.80,163.74,161.10,161.35,422174
2026-08-13,161.35,163.23,161.10,161.91,234266
2026-08-14,162.50,162.87,158.84,159.24,345404
2026-08-17,158.45,160.00,157.52,159.36,356947
2026-08-18,159.90,160.30,157.00,158.34,461428
2026-08-19,158.34,159.25,157.21,158.26,351056
2026-08-20,158.98,159.29,158.00,158.61,263509
2026-08-21,158.61,161.38,157.78,160.44,611643
2026-08-24,161.40,166.50,160.51,165.51,1408923
2026-08-25,165.50,165.50,161.00,162.81,333322
2026-08-26,163.10,163.90,161.10,161.39,435439
2026-08-27,163.00,163.00,160.10,160.54,231761
2026-08-28,160.54,162.00,160.10,160.56,300382
2026-08-31,161.95,162.59,156.80,157.72,772113
2026-09-01,158.50,158.99,154.80,155.34,464728
2026-09-02,154.80,159.70,152.51,157.84,1132536
2026-09-03,158.75,159.39,157.20,158.90,338397
2026-09-04,160.00,160.00,156.00,158.63,507087
2026-09-07,158.00,160.21,156.85,157.16,261198
2026-09-08,157.00,159.17,156.71,157.86,256537
2026-09-09,157.86,158.49,156.30,156.71,277310
2026-09-10,156.00,158.50,156.00,157.08,286323
2026-09-11,155.10,155.77,152.90,153.45,316277
2026-09-15,153.67,154.43,150.51,151.33,428132
2026-09-16,152.00,152.76,148.05,151.05,388076
2026-09-17,150.83,157.50,150.83,154.43,318438
2026-09-18,154.00,156.00,153.03,154.63,484153
