Date,Open,High,Low,Close,Volume
2011-10-19,156.90,187.70,142.00,165.55,22043830
2011-10-20,155.10,176.15,152.00,159.00,5150680
2011-10-21,157.95,171.00,154.95,159.40,3071261
2011-10-24,162.00,172.00,159.50,170.65,1939448
2011-10-25,170.00,192.90,165.10,183.95,1471957
2011-10-26,186.00,217.80,186.00,213.80,1524507
2011-10-28,215.00,240.45,207.50,223.25,3057216
2011-10-31,217.95,227.80,212.35,217.50,726316
2011-11-01,216.10,223.95,207.30,221.10,789182
2011-11-02,216.25,225.90,216.00,221.80,586519
2011-11-03,220.30,229.90,219.60,227.60,536488
2011-11-04,229.30,271.20,215.05,218.80,1373568
2011-11-08,219.85,262.60,219.85,262.60,1730201
2011-11-09,271.55,294.90,265.60,283.30,5174562
2011-11-11,280.00,293.00,274.10,289.55,1678574
2011-11-14,290.50,297.00,262.65,270.35,919475
2011-11-15,270.00,270.00,250.35,257.90,427660
2011-11-16,255.50,265.25,253.05,258.10,575157
2011-11-17,256.85,259.95,246.25,256.50,485404
2011-11-18,255.35,264.30,235.05,247.70,247875
2011-11-21,245.05,260.00,245.05,257.25,253549
2011-11-22,261.00,265.00,255.05,257.70,207465
2011-11-23,256.75,263.75,255.05,257.15,170175
2011-11-24,258.00,263.45,256.00,259.50,174492
2011-11-25,255.05,261.95,255.05,260.10,152978
2011-11-28,258.15,262.05,251.10,260.40,207065
2011-11-29,261.00,277.00,260.05,265.10,250160
2011-11-30,264.00,291.60,260.10,289.50,314153
2011-12-01,294.95,302.80,272.65,290.80,288379
2011-12-02,288.60,290.80,278.20,287.80,195663
2011-12-05,288.80,288.80,274.30,276.65,140902
2011-12-07,272.10,279.70,269.70,272.25,110443
2011-12-08,268.60,271.00,264.00,266.10,105040
2011-12-09,258.10,264.60,252.10,256.65,123414
2011-12-12,256.10,258.70,231.50,240.70,188731
2011-12-13,237.95,258.95,237.95,244.40,75623
2011-12-14,243.90,251.00,240.70,243.75,62290
2011-12-15,240.00,244.90,232.85,240.60,187686
2011-12-16,242.00,259.80,241.05,256.10,94417
2011-12-19,254.70,272.70,254.70,270.05,145766
2011-12-20,269.70,281.00,268.10,277.00,142433
2011-12-21,273.05,282.00,257.15,265.30,60210
2011-12-22,256.10,264.95,254.15,257.10,71651
2011-12-23,254.10,265.95,233.30,256.65,43807
2011-12-26,254.55,265.00,253.05,259.35,153733
2011-12-27,259.00,259.60,252.55,254.75,82569
2011-12-28,252.95,258.90,248.15,254.20,135994
2011-12-29,255.00,259.50,250.10,257.00,45859
2011-12-30,258.60,258.60,251.10,255.90,68571
2012-01-02,254.10,258.90,252.10,256.15,63419
2012-01-03,255.50,275.00,255.00,259.05,44464
2012-01-04,253.10,259.05,251.10,258.10,95858
2012-01-05,256.75,265.90,253.05,264.00,53318
2012-01-06,261.00,263.90,256.00,257.60,35609
2012-01-09,254.00,256.00,253.15,253.20,38629
2012-01-10,256.80,256.80,251.05,252.35,33447
2012-01-11,242.10,260.65,242.10,247.75,61980
2012-01-12,242.00,263.00,240.05,254.80,107906
2012-01-13,254.00,256.50,251.05,252.45,72774
2012-01-16,253.00,256.80,249.55,251.70,35005
2012-01-17,255.00,255.00,247.35,251.30,30853
2012-01-18,248.00,255.95,242.05,249.45,33103
2012-01-19,248.90,251.00,243.00,248.75,28311
2012-01-20,250.00,252.95,246.05,246.90,46341
2012-01-23,249.00,252.95,242.10,246.15,33883
2012-01-24,248.00,262.95,246.05,249.95,64898
2012-01-25,250.00,256.90,245.05,250.35,205587
2012-01-27,250.00,255.05,247.50,250.75,51017
2012-01-30,256.00,256.00,246.10,248.70,139505
2012-01-31,249.95,254.50,239.90,251.00,36706
2012-02-01,249.50,268.65,249.50,265.35,76535
2012-02-02,261.00,275.85,261.00,272.65,39890
2012-02-03,270.00,284.95,255.05,276.00,42230
2012-02-06,277.00,283.30,270.15,279.15,25681
2012-02-07,274.00,278.45,265.10,265.70,24522
2012-02-08,264.00,268.00,260.15,266.10,21639
2012-02-09,266.50,275.00,261.05,264.40,18727
2012-02-10,264.00,265.50,253.00,261.80,73026
2012-02-13,262.00,284.00,253.75,263.45,107928
2012-02-14,269.30,272.95,257.00,265.10,23994
2012-02-15,267.50,268.50,253.00,254.80,31346
2012-02-16,253.00,258.00,242.00,246.10,25369
2012-02-17,250.00,251.50,241.00,244.25,114155
2012-02-21,250.00,252.00,242.15,245.50,57602
2012-02-22,246.00,247.90,238.05,244.85,37731
2012-02-23,244.95,255.00,238.00,240.40,29912
2012-02-24,241.80,241.90,233.10,239.35,23670
2012-02-27,233.50,239.40,230.10,238.55,12041
2012-02-28,237.20,239.00,230.10,234.25,32633
2012-02-29,230.10,240.00,230.10,238.35,17401
2012-03-01,236.00,241.75,230.10,238.75,9137
2012-03-02,236.00,241.50,235.05,239.10,4682
2012-03-05,241.90,241.95,236.00,238.65,21073
2012-03-06,231.00,239.45,231.00,236.60,28283
2012-03-07,228.00,239.90,191.90,231.35,19023
2012-03-09,233.00,235.00,229.30,232.55,38361
2012-03-12,239.95,251.85,235.00,241.55,32177
2012-03-13,243.90,259.80,240.50,242.85,64746
2012-03-14,245.05,256.80,245.00,252.20,116843
2012-03-15,254.90,264.95,246.30,248.95,37196
2012-03-16,252.00,254.95,250.10,251.50,34385
2012-03-19,251.25,256.90,251.20,253.20,25410
2012-03-20,252.25,263.85,252.25,253.95,42541
2012-03-21,254.25,256.85,250.05,252.50,63071
2012-03-22,254.65,258.00,247.65,248.55,32443
2012-03-23,249.75,254.65,248.25,249.05,43531
2012-03-26,249.30,252.00,246.25,250.00,28627
2012-03-27,250.00,292.00,248.25,290.10,1088351
2012-03-28,289.25,296.70,252.55,284.90,754644
2012-03-29,280.35,296.60,235.05,247.50,270888
2012-03-30,238.70,258.00,233.05,235.20,162133
2012-04-02,190.15,255.75,190.15,249.60,88359
2012-04-03,249.70,259.00,249.60,254.75,137669
2012-04-04,254.20,261.50,254.15,256.95,47665
2012-04-09,260.00,260.00,247.25,253.35,49931
2012-04-10,251.45,259.90,247.25,250.60,39702
2012-04-11,250.15,254.85,248.25,249.90,63476
2012-04-12,250.00,253.90,247.20,250.95,64578
2012-04-13,254.50,254.50,246.00,248.80,51505
2012-04-16,252.00,252.00,247.25,249.10,36891
2012-04-17,249.30,252.00,249.10,250.05,39385
2012-04-18,251.95,251.95,248.00,248.70,43141
2012-04-19,252.95,298.40,247.25,298.40,332874
2012-04-20,308.00,338.70,306.95,328.75,822519
2012-04-23,328.95,333.70,316.40,326.85,155550
2012-04-24,319.80,323.00,300.00,314.50,39384
2012-04-25,320.00,320.00,301.10,304.65,37056
2012-04-26,309.00,331.00,285.50,301.95,135832
2012-04-27,302.00,311.00,294.00,301.75,52494
2012-04-30,293.40,297.90,285.00,294.50,39564
2012-05-02,296.30,309.90,292.25,301.60,22873
2012-05-03,304.75,316.00,300.95,310.80,82770
2012-05-04,310.40,332.60,310.00,322.10,298037
2012-05-07,310.15,317.80,304.00,305.70,162161
2012-05-08,306.50,317.00,301.05,302.55,44527
2012-05-09,295.35,304.00,282.30,290.85,76005
2012-05-10,287.95,305.00,275.05,300.75,31164
2012-05-11,298.10,304.45,288.25,293.00,41036
2012-05-14,289.95,295.20,237.70,285.40,44221
2012-05-15,282.35,291.95,274.00,278.75,34031
2012-05-16,284.85,287.00,252.10,275.10,45091
2012-05-17,276.05,330.10,270.05,326.90,204547
2012-05-18,325.90,335.00,320.00,321.90,114326
2012-05-21,320.00,353.00,316.20,339.70,208397
2012-05-22,342.70,384.45,342.70,362.95,341047
2012-05-23,360.00,372.00,349.65,366.80,89182
2012-05-24,369.00,369.00,336.95,358.50,60453
2012-05-25,353.15,363.95,345.00,356.65,102769
2012-05-28,354.70,360.00,342.40,350.25,43244
2012-05-29,350.95,370.90,322.30,353.90,105161
2012-05-30,357.50,375.00,333.10,338.45,105627
2012-05-31,333.50,338.75,306.20,318.05,40726
2012-06-01,320.00,325.35,296.10,307.45,31076
2012-06-04,304.90,328.00,298.45,313.70,97790
2012-06-05,314.00,322.00,301.00,309.95,18854
2012-06-06,303.05,315.90,303.05,306.90,64499
2012-06-07,310.00,313.00,290.15,293.45,21813
2012-06-08,291.00,310.00,265.00,293.30,120524
2012-06-11,303.00,320.00,301.10,305.90,35577
2012-06-12,307.15,316.80,298.55,308.45,25822
2012-06-13,305.00,305.35,295.00,297.25,18192
2012-06-14,300.00,301.75,285.05,290.65,29805
2012-06-15,291.05,293.95,281.05,282.25,18202
2012-06-18,277.20,286.30,265.05,270.00,15781
2012-06-19,272.80,272.80,254.00,260.00,26226
2012-06-20,259.00,261.00,251.30,254.05,53894
2012-06-21,248.00,252.25,243.05,249.25,21366
2012-06-22,247.00,273.50,247.00,250.45,82327
2012-06-25,251.75,255.40,238.00,239.10,61969
2012-06-26,240.05,242.00,225.00,226.00,92470
2012-06-27,228.00,228.40,215.50,216.95,132771
2012-06-28,219.65,225.90,216.35,217.00,61499
2012-06-29,221.45,225.00,215.05,218.90,28815
2012-07-02,217.60,228.90,217.60,222.00,27848
2012-07-03,221.00,226.95,217.25,219.25,92385
2012-07-04,222.50,224.95,211.50,220.45,103284
2012-07-05,222.85,228.95,218.55,220.55,109594
2012-07-06,227.90,227.90,215.55,220.70,99658
2012-07-09,217.30,223.95,217.05,217.20,111711
2012-07-10,220.00,220.95,217.00,218.00,91319
2012-07-11,219.90,223.95,214.00,215.15,71860
2012-07-12,215.60,217.80,211.05,213.75,128251
2012-07-13,216.00,225.45,215.00,215.25,108555
2012-07-16,219.65,219.70,212.55,213.75,96044
2012-07-17,217.15,218.45,213.10,215.00,101652
2012-07-18,215.55,216.50,213.05,214.80,39880
2012-07-19,214.80,219.50,213.50,216.30,70845
2012-07-20,217.00,217.95,211.45,211.50,19438
2012-07-23,212.00,213.40,207.30,208.10,93808
2012-07-24,211.00,212.65,205.00,206.15,49216
2012-07-25,204.00,214.90,202.50,205.80,120289
2012-07-26,206.90,210.00,202.00,203.90,206585
2012-07-27,206.50,209.80,202.05,209.80,20751
2012-07-30,205.70,212.00,203.25,210.10,18671
2012-07-31,215.40,215.40,207.05,207.05,45833
2012-08-01,208.50,209.00,206.30,207.00,28992
2012-08-02,205.10,212.00,195.25,209.90,100942
2012-08-03,208.80,208.95,205.00,205.05,22889
2012-08-06,208.10,209.50,205.90,205.90,16091
2012-08-07,211.90,212.00,207.00,207.10,21786
2012-08-08,207.50,217.00,207.50,208.65,21824
2012-08-09,216.90,216.90,206.75,211.10,22700
2012-08-10,213.00,232.00,210.05,211.85,105012
2012-08-13,213.90,224.10,210.85,218.45,51459
2012-08-14,219.10,219.90,214.90,215.20,21443
2012-08-16,220.00,220.00,212.05,213.10,67101
2012-08-17,215.05,218.00,209.40,209.40,17735
2012-08-21,211.50,212.50,209.00,209.00,29104
2012-08-22,210.60,219.90,210.15,211.80,33972
2012-08-23,212.80,218.45,212.80,218.00,23903
2012-08-24,222.70,222.70,210.05,210.05,26855
2012-08-27,212.30,214.05,207.25,210.45,17061
2012-08-28,212.25,212.50,209.85,210.75,15735
2012-08-29,208.30,211.05,205.35,211.00,22558
2012-08-30,204.25,211.00,204.25,206.50,16627
2012-08-31,208.00,211.00,207.05,209.00,16409
2012-09-03,215.00,217.20,209.65,214.40,21392
2012-09-04,212.35,212.35,208.00,208.65,44066
2012-09-05,210.00,212.10,207.00,207.00,39193
2012-09-06,206.05,209.95,205.90,206.35,17992
2012-09-07,210.00,215.00,206.40,211.60,22214
2012-09-10,210.05,211.95,202.95,205.40,23960
2012-09-11,206.00,211.00,201.00,204.40,23116
2012-09-12,201.10,207.15,201.05,204.00,19858
2012-09-13,202.75,205.80,201.00,204.50,26164
2012-09-14,201.50,206.00,191.00,204.00,45651
2012-09-17,201.20,211.00,195.00,205.60,33890
2012-09-18,202.00,208.00,202.00,202.00,18465
2012-09-20,204.50,212.00,203.50,209.00,22134
2012-09-21,205.00,207.50,202.25,206.30,21258
2012-09-24,212.45,212.85,204.00,204.50,30526
2012-09-25,207.90,210.00,203.10,205.45,28455
2012-09-26,207.50,208.00,196.10,199.75,29637
2012-09-27,203.80,204.00,194.00,198.70,33146
2012-09-28,207.00,207.00,193.00,196.25,31818
2012-10-01,199.50,200.00,190.00,195.85,25656
2012-10-03,198.80,198.80,190.95,192.40,23681
2012-10-04,196.50,199.40,194.95,196.10,29903
2012-10-05,196.50,197.90,187.00,188.00,42850
2012-10-08,195.95,195.95,187.05,187.95,23966
2012-10-09,188.95,193.00,184.00,185.25,34240
2012-10-10,186.00,190.00,183.40,188.30,45632
2012-10-11,199.00,199.00,188.70,193.75,34990
2012-10-12,195.00,195.00,191.40,193.35,57718
2012-10-15,195.05,199.90,191.50,193.20,20594
2012-10-16,193.50,195.00,190.10,190.10,17552
2012-10-17,192.00,194.00,188.25,190.15,17239
2012-10-18,190.30,194.70,187.00,192.40,18996
2012-10-19,191.00,193.90,187.65,192.60,18436
2012-10-22,193.85,194.00,190.50,194.00,17859
2012-10-23,193.00,193.70,188.00,190.00,19917
2012-10-25,190.00,193.85,188.00,190.00,16487
2012-10-26,189.10,195.00,189.10,193.00,27686
2012-10-29,198.50,198.50,188.50,188.50,31669
2012-10-30,192.00,224.65,192.00,221.45,242410
2012-10-31,221.45,231.95,204.50,205.80,336116
2012-11-01,209.70,244.85,207.05,241.60,431028
2012-11-02,239.70,244.90,216.10,219.20,154354
2012-11-05,218.00,226.80,212.30,214.90,56609
2012-11-06,215.50,217.90,206.00,208.75,45941
2012-11-07,207.10,212.90,202.30,204.20,50169
2012-11-08,199.05,220.70,199.05,208.80,68425
2012-11-09,207.00,214.95,197.15,200.40,45671
2012-11-12,200.40,209.90,200.40,201.70,37092
2012-11-13,199.00,205.00,199.00,201.15,9065
2012-11-15,200.00,203.00,195.00,199.00,25232
2012-11-16,203.25,204.00,195.60,198.75,28278
2012-11-19,203.90,209.70,195.50,195.50,25334
2012-11-20,198.10,211.95,192.00,211.95,135355
2012-11-21,207.00,210.95,203.05,208.95,45568
2012-11-22,209.00,214.00,204.00,210.50,37778
2012-11-23,208.00,212.90,205.25,206.95,18834
2012-11-26,209.50,212.00,207.50,209.10,21029
2012-11-27,209.00,214.00,208.60,209.60,28292
2012-11-29,209.85,247.00,207.00,241.60,297811
2012-11-30,242.95,251.00,223.35,248.55,384027
2012-12-03,250.00,250.00,232.70,234.30,107243
2012-12-04,233.20,248.00,220.60,240.00,51313
2012-12-05,243.20,246.00,233.15,235.40,21287
2012-12-06,239.65,239.80,232.00,234.95,19308
2012-12-07,237.00,238.00,225.35,227.00,31399
2012-12-10,229.15,230.60,222.00,225.00,21222
2012-12-11,228.95,238.65,222.45,226.00,26031
2012-12-12,227.00,242.00,225.05,230.05,70663
2012-12-13,238.00,238.00,225.25,227.95,25873
2012-12-14,230.00,235.90,225.25,226.20,19249
2012-12-17,232.00,233.45,225.20,225.35,19170
2012-12-18,232.00,239.40,222.15,234.40,86640
2012-12-19,237.00,238.95,231.10,231.10,63042
2012-12-20,237.00,237.00,225.30,225.50,130089
2012-12-21,233.80,233.80,219.15,219.25,136822
2012-12-24,225.90,225.90,176.80,190.25,303118
2012-12-26,191.85,208.35,190.00,204.35,236799
2012-12-27,206.15,219.00,201.05,204.45,101498
2012-12-28,210.00,210.00,202.25,204.30,66171
2012-12-31,209.00,209.00,199.00,205.00,69127
2013-01-01,206.40,207.65,202.25,204.10,25173
2013-01-02,206.00,206.00,200.00,201.55,35640
2013-01-03,202.05,210.00,202.05,208.00,28261
2013-01-04,206.35,225.00,206.30,212.65,69131
2013-01-07,213.50,218.70,212.25,213.35,19807
2013-01-08,213.40,214.95,209.15,211.65,16970
2013-01-09,205.00,218.00,205.00,211.60,19450
2013-01-10,210.90,216.00,210.90,214.85,36319
2013-01-11,215.00,215.15,209.70,210.45,20214
2013-01-14,215.10,219.00,208.00,215.80,180295
2013-01-15,219.75,222.00,211.25,217.35,25868
2013-01-16,216.05,223.00,208.50,212.85,139218
2013-01-17,216.00,221.00,211.75,220.90,72091
2013-01-18,219.00,228.00,215.50,219.30,53854
2013-01-21,219.00,222.00,216.00,219.15,29003
2013-01-22,218.00,223.40,215.05,215.25,18061
2013-01-23,216.10,218.50,211.20,216.50,19442
2013-01-24,220.00,220.00,209.60,215.00,76537
2013-01-25,212.55,219.70,210.00,218.45,78419
2013-01-28,218.45,219.85,216.00,217.90,26590
2013-01-29,218.00,218.90,214.00,215.50,16600
2013-01-30,218.50,218.70,215.10,217.70,22945
2013-01-31,215.00,218.40,214.00,216.05,19697
2013-02-01,216.00,217.00,207.35,209.50,19008
2013-02-04,212.00,214.90,206.35,209.75,20856
2013-02-05,210.05,222.00,207.00,215.70,71028
2013-02-06,213.50,239.95,209.00,225.25,119274
2013-02-07,225.35,258.90,225.35,232.00,469965
2013-02-08,230.50,238.00,205.55,219.55,234229
2013-02-11,218.60,226.95,210.05,212.35,41269
2013-02-12,211.60,216.00,201.40,208.65,49230
2013-02-13,208.35,212.30,205.05,208.75,28426
2013-02-14,210.40,213.95,201.05,209.65,43794
2013-02-15,209.00,210.00,201.50,203.95,31668
2013-02-18,203.70,219.90,203.50,207.30,211894
2013-02-19,207.80,215.70,206.00,208.80,57857
2013-02-20,211.05,214.95,210.05,213.45,117988
2013-02-21,211.35,215.05,205.00,205.80,56622
2013-02-22,208.00,211.50,201.25,205.20,88436
2013-02-25,207.00,210.00,164.20,165.10,172694
2013-02-26,165.00,179.80,150.00,159.05,516957
2013-02-27,160.15,167.00,128.65,155.20,522312
2013-02-28,149.95,157.90,140.00,154.30,176719
2013-03-01,154.80,169.70,151.15,169.55,109342
2013-03-04,168.90,186.50,165.15,183.00,67562
2013-03-05,186.70,201.30,186.70,200.70,123164
2013-03-06,204.90,208.90,194.40,207.15,67258
2013-03-07,207.20,216.50,204.00,215.15,41189
2013-03-08,216.90,224.75,212.05,223.55,76392
2013-03-11,224.65,228.00,215.05,226.50,39386
2013-03-12,225.50,226.55,221.00,225.05,40050
2013-03-13,229.05,229.05,213.80,219.30,94140
2013-03-14,220.15,230.00,215.15,226.85,125345
2013-03-15,226.30,238.15,226.10,237.30,116931
2013-03-18,237.00,242.90,226.00,227.65,90001
2013-03-19,231.00,234.00,223.00,225.70,39120
2013-03-20,225.05,228.95,225.05,225.20,35984
2013-03-21,220.15,233.40,220.15,225.10,41020
2013-03-22,228.00,232.60,224.20,225.90,30288
2013-03-25,225.50,230.00,218.00,222.90,204151
2013-03-26,222.80,227.00,218.00,223.50,37066
2013-03-28,216.25,224.95,216.25,219.30,24285
2013-04-01,220.05,224.50,219.75,220.25,27306
2013-04-02,219.00,222.90,218.50,221.00,17478
2013-04-03,220.35,224.00,219.05,222.50,32286
2013-04-04,221.45,224.25,216.80,221.00,28010
2013-04-05,221.00,224.95,220.00,223.40,18872
2013-04-08,221.50,225.00,218.30,220.00,16587
2013-04-09,220.90,229.60,217.00,217.00,27624
2013-04-10,221.10,225.00,220.35,222.95,15741
2013-04-11,223.35,227.00,213.15,213.25,31342
2013-04-12,216.60,222.70,213.90,222.70,50297
2013-04-15,212.25,221.25,212.25,219.80,21330
2013-04-16,220.00,222.95,214.70,221.00,39388
2013-04-17,225.00,225.00,218.00,219.00,27336
2013-04-18,219.00,222.50,218.00,221.95,16488
2013-04-22,220.75,224.00,215.35,224.00,21045
2013-04-23,221.00,224.00,219.85,220.90,66850
2013-04-25,220.10,222.50,219.10,221.00,68377
2013-04-26,220.65,225.00,220.00,225.00,15688
2013-04-29,221.00,227.50,221.00,223.10,16518
2013-04-30,226.60,227.00,222.60,222.60,15984
2013-05-02,222.00,225.60,218.40,218.40,25510
2013-05-03,219.05,226.60,217.35,223.00,85901
2013-05-06,222.00,223.25,219.95,220.00,67321
2013-05-07,220.30,223.80,218.10,221.00,74824
2013-05-08,221.00,223.35,219.05,221.80,92824
2013-05-09,221.10,229.50,220.00,223.80,18702
2013-05-10,221.00,228.00,220.60,223.05,31044
2013-05-13,222.50,224.85,221.45,222.50,17558
2013-05-14,224.00,225.00,221.10,222.00,70775
2013-05-15,222.50,225.00,220.05,222.00,78075
2013-05-16,223.85,223.85,220.05,222.15,16184
2013-05-17,223.30,223.30,220.50,221.10,15242
2013-05-20,221.00,223.30,220.10,222.00,76566
2013-05-21,221.00,225.50,221.00,224.95,66495
2013-05-22,221.00,227.90,221.00,226.45,27652
2013-05-23,226.75,226.75,222.30,225.80,17117
2013-05-24,224.00,238.80,223.00,223.30,16335
2013-05-27,228.00,228.00,223.05,223.50,27437
2013-05-28,224.40,226.80,223.00,223.00,17707
2013-05-29,223.10,225.70,221.00,223.45,16452
2013-05-30,224.50,227.70,222.00,224.00,67598
2013-05-31,225.00,226.20,221.05,222.05,66275
2013-06-03,224.80,226.45,221.05,221.10,66632
2013-06-04,224.00,225.15,218.90,225.15,107797
2013-06-05,222.00,227.00,221.00,226.90,15856
2013-06-06,225.80,225.80,222.25,225.50,20659
2013-06-07,224.00,227.00,221.05,227.00,16245
2013-06-10,224.00,227.00,220.00,220.00,16461
2013-06-11,223.50,225.00,221.20,221.50,32545
2013-06-12,223.10,225.50,221.10,223.45,23989
2013-06-13,223.00,223.95,219.20,223.00,17845
2013-06-14,227.00,227.75,213.00,227.75,17186
2013-06-17,226.00,229.90,223.00,223.00,25707
2013-06-18,224.50,228.95,223.00,228.95,26340
2013-06-19,224.00,226.70,223.00,225.00,39278
2013-06-20,224.30,226.35,221.05,225.90,44054
2013-06-21,223.00,223.50,220.80,223.00,15057
2013-06-24,220.50,228.00,220.00,227.90,22159
2013-06-25,223.00,223.90,190.10,208.75,116185
2013-06-26,215.00,231.90,215.00,224.60,46162
2013-06-27,224.00,228.00,223.05,223.50,20765
2013-06-28,224.00,226.20,220.75,226.20,31474
2013-07-01,223.00,225.90,221.05,222.00,53604
2013-07-02,223.00,227.00,220.00,227.00,54142
2013-07-03,222.00,226.90,221.05,221.05,52290
2013-07-04,223.50,226.85,221.10,226.80,30826
2013-07-05,224.00,226.00,221.80,225.00,43721
2013-07-08,225.90,225.90,220.05,224.50,16327
2013-07-09,223.20,224.00,223.05,223.05,17423
2013-07-10,222.20,223.95,215.20,220.00,21801
2013-07-11,220.20,221.00,215.50,217.50,17424
2013-07-12,220.00,220.20,215.05,218.00,17906
2013-07-15,220.00,220.50,215.00,218.00,27304
2013-07-16,218.50,221.00,216.55,218.35,18348
2013-07-17,218.70,220.00,214.00,218.25,25527
2013-07-18,218.50,220.00,216.50,218.90,19778
2013-07-19,218.00,219.00,217.05,218.00,16441
2013-07-22,218.30,220.05,216.00,218.00,20660
2013-07-23,218.00,219.50,213.20,219.40,23787
2013-07-24,219.00,221.00,214.00,215.00,19580
2013-07-25,219.90,220.00,212.55,214.05,21161
2013-07-26,218.00,219.85,211.35,213.00,19291
2013-07-29,214.05,218.25,210.00,217.45,22147
2013-07-30,215.00,219.00,213.05,218.00,22634
2013-07-31,218.35,219.90,215.00,216.50,17965
2013-08-01,216.55,217.50,212.00,215.00,32556
2013-08-02,215.00,215.05,210.00,210.10,27099
2013-08-05,211.10,213.95,209.00,210.00,20858
2013-08-06,210.00,210.00,205.05,208.45,19415
2013-08-07,209.55,209.95,203.00,209.90,31002
2013-08-08,210.05,217.00,207.10,209.90,22209
2013-08-12,210.15,213.95,208.10,212.20,24226
2013-08-13,210.05,216.00,210.05,212.55,17440
2013-08-14,212.05,215.35,210.00,212.00,17182
2013-08-16,212.00,217.00,209.05,209.05,19191
2013-08-19,214.20,214.20,210.00,210.00,15412
2013-08-20,211.00,213.15,209.00,210.00,17803
2013-08-21,215.00,215.00,208.25,210.95,22351
2013-08-22,213.00,215.95,210.00,215.95,18549
2013-08-23,212.00,212.00,210.00,210.00,16790
2013-08-26,211.50,211.90,207.50,210.25,25543
2013-08-27,210.50,210.85,208.00,209.00,16413
2013-08-28,209.50,209.60,208.00,208.00,16888
2013-08-29,209.00,210.95,208.05,210.00,15769
2013-08-30,210.00,211.20,208.50,211.20,15629
2013-09-02,211.00,230.00,210.25,230.00,24569
2013-09-03,225.00,227.10,218.30,223.50,26105
2013-09-04,224.00,231.40,224.00,231.40,17230
2013-09-05,226.00,233.00,224.00,231.00,18411
2013-09-06,229.00,236.00,228.00,232.50,38393
2013-09-10,227.00,238.25,226.00,232.20,23884
2013-09-11,231.50,231.50,222.20,222.20,21601
2013-09-12,225.50,231.70,218.50,222.55,32057
2013-09-13,223.40,223.40,215.00,221.05,41084
2013-09-16,223.00,223.00,217.90,219.05,28359
2013-09-17,219.30,220.00,216.00,219.00,16391
2013-09-18,219.50,224.80,216.05,218.00,17590
2013-09-19,220.00,221.75,218.00,218.00,16190
2013-09-20,219.30,223.80,215.00,222.30,16214
2013-09-23,220.40,229.95,219.00,229.95,16051
2013-09-24,222.50,222.70,218.15,220.00,15335
2013-09-25,219.00,226.40,215.00,215.00,15624
2013-09-26,219.00,222.45,216.60,217.90,15923
2013-09-27,220.00,222.60,219.00,220.50,15236
2013-09-30,221.00,222.00,219.20,219.50,17167
2013-10-01,220.30,223.65,219.75,221.00,13042
2013-10-03,220.75,222.30,219.00,219.25,30249
2013-10-04,220.00,221.00,219.00,219.00,15537
2013-10-07,220.35,221.80,219.00,219.00,15194
2013-10-08,220.00,222.00,218.80,222.00,15866
2013-10-09,222.00,224.40,219.05,222.00,15448
2013-10-10,220.50,221.00,219.00,219.00,18015
2013-10-11,221.00,223.70,218.00,223.00,15858
2013-10-14,219.50,220.00,217.15,218.75,25392
2013-10-15,219.90,221.00,219.00,219.95,16027
2013-10-17,224.00,224.00,218.50,218.50,17280
2013-10-18,223.50,223.50,219.00,222.95,15547
2013-10-21,222.00,223.85,216.00,220.00,15653
2013-10-22,222.20,222.95,217.95,219.00,19581
2013-10-23,221.25,223.00,215.00,217.00,17044
2013-10-24,224.20,224.40,215.00,220.00,28695
2013-10-25,222.00,222.00,217.60,218.10,15471
2013-10-28,217.00,221.20,211.00,214.25,25822
2013-10-29,214.00,217.90,171.55,172.00,66136
2013-10-30,179.80,217.25,179.80,210.10,68168
2013-10-31,214.80,229.65,207.05,212.00,40608
2013-11-01,216.50,218.00,211.15,215.00,20796
2013-11-05,234.00,245.50,220.10,240.00,26589
2013-11-06,239.00,242.00,226.95,230.00,20300
2013-11-07,225.30,232.95,225.30,229.65,17961
2013-11-08,233.00,237.90,229.20,234.00,16249
2013-11-11,234.00,234.35,224.50,230.00,17663
2013-11-12,229.45,236.40,222.05,224.00,21412
2013-11-13,224.65,228.90,222.00,222.00,15563
2013-11-14,241.00,241.00,223.00,224.00,15619
2013-11-18,224.50,228.50,219.75,220.00,16168
2013-11-19,222.00,223.60,213.00,216.50,24402
2013-11-20,220.00,223.55,215.00,220.00,16567
2013-11-21,221.35,222.10,219.00,221.90,15391
2013-11-22,221.00,223.00,217.05,219.95,15748
2013-11-25,219.00,219.65,217.00,217.35,20274
2013-11-26,219.00,219.00,217.10,218.00,15896
2013-11-27,217.10,224.90,215.55,224.90,19845
2013-11-28,221.90,230.40,220.05,221.90,17641
2013-11-29,223.90,227.10,220.00,223.00,16256
2013-12-02,224.00,229.95,219.15,220.00,22787
2013-12-03,221.00,223.80,218.10,220.00,16454
2013-12-04,220.95,223.70,218.00,220.75,15496
2013-12-05,221.85,226.80,219.00,222.05,18194
2013-12-06,222.00,228.00,218.00,228.00,16112
2013-12-09,228.15,229.10,220.00,222.50,18096
2013-12-10,223.00,225.10,220.25,225.10,15740
2013-12-11,224.80,226.20,220.15,221.05,16034
2013-12-12,225.00,226.30,218.00,220.00,15766
2013-12-13,223.45,223.45,215.10,219.00,16562
2013-12-16,232.90,232.90,218.20,221.25,95741
2013-12-17,222.50,227.00,219.00,219.00,35286
2013-12-18,224.90,235.00,219.10,219.20,22530
2013-12-19,222.00,224.70,219.10,220.50,15713
2013-12-20,220.50,222.85,219.10,220.50,15849
2013-12-23,222.00,224.90,217.30,220.60,18724
2013-12-24,221.00,223.70,219.15,220.15,16466
2013-12-26,224.95,226.00,221.00,226.00,16607
2013-12-27,228.00,228.00,223.05,224.00,66688
2013-12-30,226.95,231.90,222.00,231.90,138524
2013-12-31,225.80,268.70,221.10,226.00,183278
2014-01-01,232.05,234.90,223.50,227.50,133992
2014-01-02,229.75,229.75,225.10,229.00,19102
2014-01-03,226.00,230.80,225.20,230.80,15568
2014-01-06,229.95,237.80,228.00,228.00,22490
2014-01-07,231.85,234.90,228.10,234.80,16722
2014-01-08,230.00,235.00,228.00,231.80,17125
2014-01-09,232.00,234.75,229.00,232.40,16522
2014-01-10,231.00,233.00,225.00,232.35,16176
2014-01-13,230.00,233.35,225.50,229.85,16014
2014-01-14,232.10,233.45,230.00,230.00,15773
2014-01-15,231.10,235.00,227.95,230.00,15543
2014-01-16,232.25,232.50,224.70,225.15,16598
2014-01-17,230.00,232.40,228.05,229.70,17733
2014-01-20,230.80,232.85,228.50,230.00,15411
2014-01-21,230.70,232.35,229.00,230.05,15232
2014-01-22,230.85,232.60,228.35,230.85,16335
2014-01-23,234.95,236.00,229.00,229.00,15289
2014-01-24,229.40,231.70,225.00,225.00,25365
2014-01-27,228.00,232.40,226.80,231.00,20865
2014-01-28,230.00,230.25,228.00,229.60,15489
2014-01-29,228.50,231.65,225.10,227.95,24602
2014-01-30,228.00,229.95,227.00,229.50,26246
2014-01-31,228.50,234.00,227.00,228.45,15737
2014-02-03,229.00,230.95,227.10,228.00,30410
2014-02-04,228.00,232.00,227.10,227.15,26233
2014-02-05,228.50,232.75,227.00,228.00,16083
2014-02-06,229.00,229.10,225.15,226.15,20584
2014-02-07,228.00,233.85,227.00,228.00,16674
2014-02-10,227.90,232.00,227.05,227.05,18452
2014-02-11,230.00,233.80,228.00,228.00,15262
2014-02-12,230.00,231.90,228.00,228.00,15312
2014-02-13,228.50,230.95,227.00,227.00,15386
2014-02-14,227.00,236.95,226.00,230.15,16195
2014-02-17,235.15,235.15,225.00,225.95,16976
2014-02-18,226.30,228.40,226.00,226.35,15295
2014-02-19,230.00,230.70,225.00,227.00,15808
2014-02-20,226.00,231.95,225.00,226.75,15148
2014-02-21,227.00,229.45,225.20,228.95,15564
2014-02-24,229.50,229.75,228.00,228.35,18626
2014-02-25,228.00,231.65,227.25,229.35,21158
2014-02-26,228.05,230.25,228.00,228.75,27732
2014-02-28,229.00,230.00,228.05,229.50,15099
2014-03-03,229.15,231.80,228.10,228.10,15206
2014-03-04,228.30,229.90,227.05,228.95,19143
2014-03-05,228.00,229.80,227.50,229.00,15370
2014-03-06,229.00,234.00,228.50,230.55,15876
2014-03-07,229.00,231.00,228.00,228.05,19740
2014-03-10,229.10,229.90,227.00,227.45,15620
2014-03-11,228.10,229.70,227.05,228.45,15714
2014-03-12,229.00,229.60,227.50,227.70,15536
2014-03-13,228.00,229.00,227.00,228.20,15644
2014-03-14,228.20,229.00,227.05,229.00,15628
2014-03-18,228.35,228.90,227.50,228.40,16236
2014-03-19,228.55,229.00,226.55,227.00,16035
2014-03-20,227.75,228.80,227.05,227.80,30617
2014-03-21,228.25,228.65,227.00,227.90,15218
2014-03-24,229.00,230.00,225.00,225.95,16982
2014-03-25,228.25,228.80,225.00,225.00,15427
2014-03-26,226.55,226.95,225.00,225.00,21526
2014-03-27,227.45,227.85,224.00,224.75,16442
2014-03-28,228.00,228.10,223.00,225.80,21129
2014-03-31,225.05,226.95,225.00,225.90,15534
2014-04-01,227.95,229.95,225.50,227.45,15484
2014-04-02,225.10,228.95,225.10,225.40,15178
2014-04-03,227.55,228.95,225.40,225.75,15623
2014-04-04,226.00,228.85,225.50,225.80,15449
2014-04-07,226.50,226.95,225.50,225.55,15328
2014-04-09,226.00,234.95,225.55,230.00,15404
2014-04-10,226.50,226.60,225.65,226.00,15304
2014-04-11,226.50,226.60,225.00,225.85,15842
2014-04-15,226.00,227.80,225.00,226.00,15079
2014-04-16,226.80,227.90,225.00,227.40,58755
2014-04-17,226.80,226.80,225.50,225.60,15056
2014-04-21,226.30,226.40,225.00,225.05,15314
2014-04-22,225.95,226.00,225.00,225.00,18092
2014-04-23,226.00,227.20,225.00,226.05,15147
2014-04-25,225.70,226.10,225.35,225.85,15220
2014-04-28,226.00,229.00,225.55,227.70,15054
2014-04-29,226.30,227.00,225.95,227.00,15483
2014-04-30,226.70,226.70,225.00,226.00,18404
2014-05-02,231.00,231.00,225.00,225.00,15567
2014-05-05,225.05,226.95,218.00,222.75,17058
2014-05-06,223.95,224.95,223.25,224.75,24665
2014-05-07,224.95,226.20,223.05,224.95,21848
2014-05-08,225.50,227.45,223.20,225.80,20013
2014-05-09,226.00,228.20,224.05,227.65,15754
2014-05-12,226.00,227.50,223.80,226.95,28578
2014-05-13,227.00,227.00,224.70,226.70,16965
2014-05-14,227.00,227.90,224.55,225.95,15494
2014-05-15,226.50,227.95,225.05,227.00,16549
2014-05-16,228.00,251.20,225.00,241.85,28181
2014-05-19,234.00,290.00,234.00,259.15,25952
2014-05-20,261.00,309.85,249.45,254.20,26570
2014-05-21,256.00,256.50,244.40,246.25,16307
2014-05-22,245.00,260.00,240.10,248.85,16880
2014-05-23,254.00,255.95,244.00,255.00,16139
2014-05-26,254.00,261.00,246.20,256.75,17293
2014-05-27,253.00,253.30,231.10,238.20,22411
2014-05-28,240.00,256.00,240.00,245.10,16979
2014-05-29,243.00,250.90,235.20,244.50,15824
2014-05-30,245.00,255.00,244.05,249.90,22111
2014-06-02,250.00,250.50,245.00,246.45,14993
2014-06-03,248.00,248.50,242.00,245.95,15718
2014-06-04,246.00,247.50,244.00,245.85,16355
2014-06-05,246.00,246.00,244.00,244.00,15008
2014-06-06,244.50,250.00,241.35,247.90,15852
2014-06-09,246.00,255.00,244.00,251.05,16113
2014-06-10,252.45,253.00,247.10,248.90,15870
2014-06-11,249.45,251.85,245.00,249.75,16060
2014-06-12,250.25,251.90,242.00,245.90,16008
2014-06-13,245.90,250.80,245.15,249.40,15202
2014-06-16,247.95,260.30,247.70,257.05,25862
2014-06-17,259.50,261.10,249.00,258.20,15180
2014-06-18,258.45,261.85,245.55,250.65,17442
2014-06-19,250.70,253.35,244.00,244.60,15353
2014-06-20,244.50,249.95,244.50,247.55,15297
2014-06-23,248.50,249.50,243.05,244.55,16180
2014-06-24,245.50,252.50,245.25,246.85,16806
2014-06-25,245.00,253.50,245.00,252.45,15532
2014-06-26,253.25,253.25,246.15,250.00,17000
2014-06-27,253.00,253.50,244.80,245.45,15162
2014-06-30,247.50,250.00,245.10,248.65,15506
2014-07-01,248.70,251.95,246.20,250.00,15590
2014-07-02,250.10,253.45,244.10,249.95,15665
2014-07-03,252.65,252.70,245.05,246.40,20548
2014-07-04,247.00,249.00,245.00,248.55,15433
2014-07-07,248.80,251.35,246.85,249.15,20057
2014-07-08,248.00,253.50,247.10,251.75,21021
2014-07-09,251.00,251.50,245.00,248.30,20498
2014-07-10,248.50,253.30,244.00,250.20,20407
2014-07-11,248.00,251.80,248.00,248.00,19844
2014-07-14,248.00,250.95,244.25,248.15,21442
2014-07-15,248.50,250.00,245.10,247.55,21122
2014-07-16,248.10,248.95,244.00,245.15,20875
2014-07-17,248.50,248.60,244.00,244.00,20243
2014-07-18,245.50,248.00,243.00,243.95,21607
2014-07-21,245.50,246.95,235.80,240.30,21484
2014-07-22,240.50,248.00,238.00,243.35,25646
2014-07-23,244.00,244.95,240.05,240.05,25276
2014-07-24,240.50,255.50,240.50,250.55,20963
2014-07-25,245.55,253.40,245.00,247.90,20388
2014-07-28,248.10,254.65,244.00,244.00,20142
2014-07-30,245.50,249.15,240.25,240.45,20982
2014-07-31,241.50,243.95,238.00,239.65,20497
2014-08-01,240.15,242.15,239.30,239.30,27167
2014-08-04,239.40,244.00,237.00,237.40,21031
2014-08-05,238.50,246.50,237.95,242.20,40695
2014-08-06,246.95,247.90,238.00,241.00,29381
2014-08-07,242.50,243.95,193.90,224.90,31511
2014-08-08,225.00,239.10,225.00,235.20,31968
2014-08-11,242.00,243.00,226.10,233.75,22289
2014-08-12,233.75,233.75,221.00,227.20,24793
2014-08-13,227.00,229.10,218.00,222.65,26410
2014-08-14,224.50,225.00,215.00,219.50,21972
2014-08-18,222.90,226.00,219.20,223.75,26110
2014-08-19,228.30,229.95,220.00,222.00,20741
2014-08-20,225.00,230.00,222.20,226.50,21309
2014-08-21,230.05,230.05,225.35,228.00,20721
2014-08-22,230.40,230.90,225.10,227.60,20641
2014-08-25,232.40,233.85,226.20,230.00,20751
2014-08-26,229.95,232.00,226.05,228.80,20825
2014-08-27,228.50,229.00,224.00,224.85,21196
2014-08-28,231.00,231.00,224.05,228.00,20680
2014-09-01,225.00,232.90,224.80,225.90,21154
2014-09-02,227.35,227.95,215.25,224.70,21617
2014-09-03,225.15,229.85,222.90,225.60,20802
2014-09-04,225.95,227.05,221.40,224.85,20523
2014-09-05,231.00,235.60,225.05,228.55,25615
2014-09-08,225.00,225.00,203.55,216.85,38682
2014-09-09,215.00,218.00,205.00,213.85,56188
2014-09-10,217.95,217.95,206.00,209.65,31625
2014-09-11,210.60,212.00,204.00,207.35,28572
2014-09-12,208.65,209.75,205.10,208.45,26014
2014-09-15,208.05,213.00,205.10,207.05,14351
2014-09-16,206.60,208.30,205.05,207.65,31028
2014-09-17,207.00,210.40,204.90,208.80,22919
2014-09-18,211.90,211.90,205.05,207.70,22795
2014-09-19,208.00,213.00,205.30,207.55,24614
2014-09-22,210.00,211.60,206.20,208.30,21478
2014-09-23,211.60,211.60,208.05,208.65,22576
2014-09-24,212.00,212.00,207.00,208.80,21351
2014-09-25,210.50,212.00,206.20,209.95,21353
2014-09-26,210.55,214.00,206.05,208.80,22664
2014-09-29,214.75,218.55,208.15,212.40,24422
2014-09-30,212.45,214.90,210.20,213.10,25261
2014-10-01,213.50,214.50,208.45,213.25,21264
2014-10-07,213.50,216.00,208.00,209.60,21245
2014-10-08,211.00,214.90,207.00,210.50,21247
2014-10-09,210.50,214.00,210.05,213.60,20270
2014-10-10,213.50,216.85,212.00,214.80,21134
2014-10-13,218.85,218.85,210.05,217.75,21219
2014-10-14,218.00,219.45,214.50,219.45,20888
2014-10-16,217.50,219.40,176.50,214.40,22750
2014-10-17,215.50,230.95,212.00,219.35,44871
2014-10-20,218.00,228.35,218.00,223.50,21276
2014-10-21,224.00,229.90,212.50,227.45,22558
2014-10-22,227.85,235.00,224.30,227.65,30940
2014-10-23,228.00,235.00,227.00,229.80,10157
2014-10-27,228.00,234.80,215.25,227.75,22896
2014-10-28,228.50,231.00,224.80,226.95,21128
2014-10-29,228.75,229.80,225.00,229.45,25356
2014-10-30,229.50,230.60,225.00,228.80,20293
2014-10-31,228.90,232.00,225.00,231.30,20447
2014-11-03,232.00,240.80,227.05,239.15,23280
2014-11-05,238.50,244.65,235.00,242.05,23835
2014-11-07,242.50,248.55,235.10,243.15,20880
2014-11-10,240.50,245.00,240.25,244.40,20871
2014-11-11,245.50,247.00,240.15,245.00,28086
2014-11-12,245.15,254.85,242.50,249.15,121312
2014-11-13,251.00,259.90,230.60,245.75,135096
2014-11-14,245.90,249.95,224.60,237.90,29692
2014-11-17,236.00,240.00,214.15,220.50,33314
2014-11-18,222.00,226.50,211.10,216.90,23141
2014-11-19,217.10,217.10,204.00,205.65,29794
2014-11-20,205.15,210.50,205.00,207.50,21191
2014-11-21,208.50,209.00,206.50,206.50,21803
2014-11-24,207.00,210.05,205.55,205.80,20560
2014-11-25,205.60,208.00,201.15,207.35,22184
2014-11-26,208.50,218.90,205.30,214.80,21822
2014-11-27,212.50,220.00,212.50,215.95,21229
2014-11-28,213.80,223.65,213.80,215.45,20478
2014-12-01,215.50,220.00,215.10,216.50,20269
2014-12-02,217.00,223.30,215.20,216.40,20517
2014-12-03,216.60,219.00,216.05,216.05,20509
2014-12-04,225.00,230.55,220.00,223.25,20702
2014-12-05,223.00,223.00,215.00,215.90,20720
2014-12-08,220.00,221.00,216.10,216.15,20208
2014-12-09,215.55,219.00,215.50,216.60,20567
2014-12-10,216.70,216.90,210.00,211.80,29690
2014-12-11,211.35,216.55,207.00,211.65,26277
2014-12-12,212.00,225.80,210.05,211.65,20636
2014-12-15,211.50,212.00,210.15,211.95,20163
2014-12-16,210.05,214.00,205.00,211.50,22096
2014-12-17,212.00,214.80,206.10,211.85,20630
2014-12-18,212.10,215.00,210.00,213.10,20309
2014-12-19,212.50,217.00,211.00,214.85,22629
2014-12-22,215.00,218.30,212.90,213.00,26113
2014-12-23,213.00,214.00,212.00,212.90,20097
2014-12-24,212.05,215.20,212.00,214.25,86152
2014-12-26,213.00,214.95,208.25,211.60,20912
2014-12-29,211.00,212.00,205.60,210.45,20519
2014-12-30,210.00,212.00,208.60,210.95,20850
2014-12-31,210.50,211.00,209.20,210.95,20058
2015-01-01,210.95,213.00,209.00,212.00,20147
2015-01-02,211.55,229.70,209.20,218.05,21336
2015-01-05,220.00,224.00,219.00,220.90,21873
2015-01-06,221.50,222.40,215.00,215.50,20531
2015-01-07,218.00,220.00,209.90,212.50,21377
2015-01-08,214.05,218.00,211.50,214.65,20435
2015-01-09,216.10,216.10,212.00,212.95,20379
2015-01-12,212.45,213.00,207.00,210.15,20538
2015-01-13,210.00,214.00,210.00,210.90,20945
2015-01-14,214.45,216.95,210.05,210.20,20378
2015-01-15,214.00,237.35,211.10,221.40,22086
2015-01-16,217.00,231.50,215.00,219.85,20739
2015-01-19,218.00,222.50,212.30,217.60,20449
2015-01-20,214.95,225.00,213.95,220.05,20300
2015-01-21,220.00,221.00,216.05,216.10,20206
2015-01-22,216.50,220.50,215.10,218.95,20389
2015-01-23,218.00,229.95,216.40,218.30,20923
2015-01-27,218.30,234.00,214.50,218.70,21247
2015-01-28,206.50,224.85,206.50,215.85,21599
2015-01-29,214.80,221.50,210.10,220.00,21961
2015-01-30,216.45,217.45,213.40,215.00,23112
2015-02-02,215.95,226.00,213.50,220.90,20681
2015-02-03,220.50,225.00,216.00,217.55,20583
2015-02-04,216.00,227.00,215.10,221.45,21307
2015-02-05,222.00,225.00,211.10,216.65,21528
2015-02-06,216.70,220.00,210.15,218.45,21558
2015-02-09,219.00,219.50,210.30,211.65,20857
2015-02-10,215.00,220.05,210.00,219.80,21410
2015-02-11,218.95,224.00,215.25,217.15,21328
2015-02-12,217.15,229.00,216.50,219.50,20580
2015-02-13,218.00,218.85,215.00,216.80,20192
2015-02-16,218.00,218.65,215.10,217.30,20247
2015-02-18,218.30,234.00,218.00,229.55,20866
2015-02-19,229.00,239.90,222.50,227.85,20312
2015-02-20,225.50,229.90,222.00,228.40,21059
2015-02-23,220.00,234.40,220.00,229.15,20897
2015-02-24,221.00,237.45,221.00,232.00,20245
2015-02-25,232.00,237.60,231.10,231.75,20810
2015-02-26,224.75,233.00,224.75,228.50,20288
2015-02-27,228.00,235.00,219.00,231.65,20853
2015-02-28,232.00,236.95,222.00,224.15,19145
2015-03-02,224.00,236.00,224.00,227.80,20569
2015-03-03,226.50,228.55,221.50,224.05,20215
2015-03-04,224.10,236.40,220.50,226.10,20307
2015-03-05,230.00,235.00,220.35,225.20,21015
2015-03-09,225.20,234.90,210.95,221.10,21254
2015-03-10,225.00,225.00,218.25,220.00,20259
2015-03-11,222.00,223.00,216.00,222.90,20359
2015-03-12,223.00,232.00,212.10,220.90,24110
2015-03-13,231.50,231.50,215.00,217.85,20938
2015-03-16,218.00,218.90,210.00,215.10,66150
2015-03-17,215.00,220.00,214.20,217.35,20095
2015-03-18,215.00,234.00,215.00,217.95,21635
2015-03-19,218.00,231.90,212.20,218.75,20721
2015-03-20,216.00,222.90,215.05,217.55,20692
2015-03-23,218.00,229.40,212.00,220.20,20819
2015-03-24,219.00,222.50,215.00,221.00,26054
2015-03-25,215.00,224.00,215.00,221.50,20258
2015-03-26,219.00,249.60,213.00,228.80,77279
2015-03-27,227.00,245.90,222.00,242.50,71999
2015-03-30,232.00,255.65,232.00,249.95,42739
2015-03-31,250.10,254.05,243.00,249.55,29452
2015-04-01,250.10,275.00,238.60,239.75,25999
2015-04-06,233.00,238.30,231.25,237.50,20929
2015-04-07,233.00,242.00,223.00,225.25,86802
2015-04-08,230.00,230.00,224.55,224.55,70249
2015-04-09,225.00,230.00,224.00,226.90,21688
2015-04-10,226.90,235.00,226.00,226.20,21056
2015-04-13,223.95,234.00,221.05,233.50,21711
2015-04-15,233.95,246.00,229.50,237.95,26018
2015-04-16,244.00,248.30,231.00,233.65,23618
2015-04-17,231.00,239.00,226.30,233.75,33787
2015-04-20,233.75,247.50,227.10,232.50,20547
2015-04-21,233.00,238.75,227.25,230.85,22991
2015-04-22,233.00,236.20,227.10,229.00,24605
2015-04-23,229.95,234.95,226.00,227.95,25764
2015-04-24,229.00,232.00,226.00,227.15,20477
2015-04-27,228.00,233.90,223.10,227.10,23576
2015-04-28,235.00,235.00,227.00,227.65,20859
2015-04-29,227.00,231.50,225.50,228.10,22633
2015-04-30,230.00,230.00,221.00,224.35,20157
2015-05-04,231.00,236.00,227.00,233.35,21949
2015-05-05,230.50,232.00,226.05,227.85,22710
2015-05-06,228.05,231.95,215.30,224.95,22462
2015-05-07,226.00,227.00,220.20,226.95,20315
2015-05-08,225.00,238.30,220.15,228.25,44455
2015-05-11,228.00,245.00,226.00,234.50,41816
2015-05-12,229.00,247.00,229.00,238.70,82088
2015-05-13,230.10,243.90,230.10,239.10,96684
2015-05-14,231.00,247.00,231.00,240.10,60549
2015-05-15,240.10,248.00,217.95,227.30,96312
2015-05-18,228.50,255.00,221.10,240.25,22487
2015-05-19,240.00,244.00,235.00,238.30,20520
2015-05-20,235.10,239.85,216.05,225.25,78410
2015-05-21,225.55,229.90,219.50,221.35,125158
2015-05-22,222.00,223.90,219.50,221.80,123368
2015-05-25,220.00,224.05,219.50,221.80,230890
2015-05-26,223.05,229.95,220.95,223.50,21663
2015-05-27,223.50,227.95,221.35,227.05,20165
2015-05-28,226.50,234.90,222.80,226.90,20826
2015-05-29,227.05,230.95,222.85,224.30,20273
2015-06-01,229.90,229.90,218.20,225.80,120529
2015-06-02,226.05,229.60,220.50,222.15,22115
2015-06-03,223.00,226.90,220.00,221.55,20531
2015-06-04,222.00,227.90,220.00,225.00,20704
2015-06-05,225.50,226.10,221.55,223.70,20640
2015-06-08,224.00,228.95,221.05,221.45,21375
2015-06-09,221.60,224.85,220.05,221.00,20699
2015-06-10,222.00,227.00,221.00,226.30,20952
2015-06-11,226.00,229.00,220.50,221.20,20623
2015-06-12,223.00,237.95,221.20,232.70,51654
2015-06-15,234.00,243.50,230.00,240.05,21097
2015-06-16,237.00,249.40,235.00,248.00,26862
2015-06-17,254.00,258.25,248.05,256.30,24476
2015-06-18,247.00,259.90,241.15,249.75,25378
2015-06-19,245.00,246.90,240.50,242.90,26192
2015-06-22,235.00,253.00,235.00,241.75,22146
2015-06-23,240.10,254.00,240.10,247.95,23705
2015-06-24,245.50,252.80,241.05,242.75,26250
2015-06-25,241.05,244.10,236.50,241.55,21093
2015-06-26,240.40,240.90,235.10,239.45,22364
2015-06-29,237.50,244.00,235.00,235.00,20524
2015-06-30,237.00,240.35,235.00,236.85,21814
2015-07-01,237.00,245.00,236.00,236.15,20790
2015-07-02,237.50,240.00,235.10,235.45,20522
2015-07-03,236.00,240.00,235.10,237.40,31016
2015-07-06,239.00,239.00,235.30,238.00,26165
2015-07-07,238.05,250.00,236.10,243.45,22942
2015-07-08,243.05,248.55,236.00,240.60,30401
2015-07-09,237.55,251.75,237.55,241.00,37544
2015-07-10,241.00,257.95,238.05,250.15,56476
2015-07-13,250.10,268.00,245.00,253.30,43326
2015-07-14,250.15,251.00,242.00,244.40,27695
2015-07-15,244.50,254.00,238.00,248.85,55861
2015-07-16,248.45,254.45,245.00,250.75,20805
2015-07-17,250.00,250.00,245.30,247.05,21680
2015-07-20,248.50,250.50,242.00,243.45,22387
2015-07-21,244.55,249.85,244.00,245.70,21636
2015-07-22,245.00,248.95,238.10,241.35,22360
2015-07-23,242.05,245.00,236.00,237.65,21291
2015-07-24,237.95,241.90,235.70,238.15,20966
2015-07-27,238.00,244.00,228.05,236.45,22698
2015-07-28,235.00,237.10,234.50,234.50,37220
2015-07-29,236.50,239.25,221.20,233.95,51940
2015-07-30,233.95,239.75,225.05,228.90,23847
2015-07-31,229.50,235.00,222.00,225.20,26333
2015-08-03,228.00,233.90,223.40,226.80,21037
2015-08-04,228.00,230.00,223.00,225.80,21494
2015-08-05,228.00,230.00,222.10,227.15,33838
2015-08-06,228.00,238.00,225.20,233.85,21499
2015-08-07,234.45,239.55,230.00,234.55,22711
2015-08-10,230.85,240.00,224.00,228.00,29745
2015-08-11,228.95,239.00,225.00,228.65,65082
2015-08-12,228.00,234.80,225.05,225.45,20453
2015-08-13,235.00,235.00,225.10,229.80,21700
2015-08-14,229.90,232.85,226.25,228.20,21367
2015-08-17,233.30,233.80,227.10,227.65,20534
2015-08-18,227.95,233.40,227.00,230.65,21117
2015-08-19,230.00,236.00,227.30,230.10,25882
2015-08-20,229.50,238.90,223.10,231.45,23948
2015-08-21,227.00,231.00,225.00,230.00,21771
2015-08-24,223.50,230.00,206.10,219.90,23302
2015-08-25,222.00,239.90,220.30,230.05,21721
2015-08-26,232.00,239.90,225.10,237.30,26059
2015-08-27,233.95,242.05,233.10,240.05,36206
2015-08-28,240.25,244.00,232.00,236.55,20655
2015-08-31,233.00,239.90,226.50,235.50,69307
2015-09-01,230.00,239.00,228.20,231.90,20867
2015-09-02,229.95,239.80,220.00,221.60,22443
2015-09-03,224.00,225.00,220.00,222.65,22301
2015-09-04,222.65,229.00,213.00,224.60,22072
2015-09-07,223.00,231.00,220.80,227.00,20748
2015-09-08,223.15,231.00,221.20,228.75,20357
2015-09-09,225.00,235.80,222.20,228.70,22879
2015-09-10,225.00,231.50,224.50,228.90,20726
2015-09-11,226.00,231.00,226.00,229.45,21627
2015-09-14,226.00,230.00,225.25,228.15,20259
2015-09-15,227.00,233.30,226.00,229.65,21183
2015-09-16,228.50,234.60,227.00,227.00,20059
2015-09-18,227.50,230.00,226.10,227.10,20284
2015-09-21,224.00,231.00,224.00,227.95,20319
2015-09-22,226.00,232.00,225.00,231.15,120466
2015-09-23,228.00,229.80,225.50,226.55,120382
2015-09-24,228.00,228.95,227.00,227.00,20063
2015-09-28,225.00,248.00,224.10,226.35,20228
2015-09-29,226.50,228.90,222.40,224.00,20088
2015-09-30,221.00,229.00,221.00,223.75,28479
2015-10-01,225.00,229.00,222.00,223.85,20173
2015-10-05,224.00,227.00,223.60,225.00,25251
2015-10-06,226.00,227.50,222.50,226.15,20424
2015-10-07,226.50,233.50,225.00,226.20,20208
2015-10-08,227.50,229.00,222.20,223.45,30292
2015-10-09,227.00,228.00,220.10,223.55,22862
2015-10-12,222.00,228.00,221.25,224.05,47467
2015-10-13,225.00,227.95,221.30,223.30,20158
2015-10-14,226.10,234.80,222.10,227.55,64893
2015-10-15,227.95,228.00,225.00,226.20,21289
2015-10-16,224.95,229.45,223.00,228.40,20586
2015-10-19,227.00,230.00,225.40,227.10,20171
2015-10-20,225.50,229.00,223.00,223.00,21411
2015-10-21,227.50,227.95,224.10,225.00,20157
2015-10-23,225.30,226.90,222.50,226.35,20345
2015-10-26,225.00,234.50,223.55,224.50,21907
2015-10-27,225.00,226.70,221.00,221.60,20138
2015-10-28,222.50,237.05,220.00,224.10,23701
2015-10-29,225.00,232.00,221.15,228.30,24315
2015-10-30,233.40,244.30,222.10,224.60,24106
2015-11-02,234.50,234.90,224.00,225.90,21143
2015-11-03,228.50,230.00,206.95,226.10,26864
2015-11-04,230.00,232.00,221.00,229.70,52328
2015-11-05,228.55,239.65,226.00,231.15,21816
2015-11-06,227.95,235.05,226.00,229.95,20479
2015-11-09,230.00,244.90,224.75,227.45,20539
2015-11-10,227.00,239.85,226.05,226.10,37415
2015-11-11,228.00,248.00,224.00,232.00,10132
2015-11-13,233.10,233.10,230.00,230.00,20718
2015-11-16,229.95,230.00,225.20,226.35,24327
2015-11-17,230.00,234.90,225.45,227.00,20358
2015-11-18,228.15,231.00,225.00,225.55,22322
2015-11-19,226.00,229.90,225.50,227.35,20309
2015-11-20,227.00,230.05,225.05,227.25,20333
2015-11-23,228.00,229.60,226.00,226.00,20499
2015-11-24,227.00,229.95,227.00,229.90,50289
2015-11-26,229.00,229.55,217.20,218.90,24826
2015-11-27,225.50,225.50,218.00,219.40,31488
2015-11-30,220.50,220.50,214.00,215.65,22753
2015-12-01,216.50,222.00,208.50,211.85,26984
2015-12-02,215.00,223.80,208.00,209.35,21542
2015-12-03,210.00,210.50,205.00,209.65,21333
2015-12-04,210.50,215.05,205.00,206.25,21688
2015-12-07,210.50,214.00,202.05,202.60,25433
2015-12-08,202.05,203.40,197.50,198.40,21753
2015-12-09,198.60,199.95,189.00,194.50,23276
2015-12-10,195.55,208.00,195.50,197.25,20918
2015-12-11,197.00,208.00,195.00,197.25,20539
2015-12-14,197.50,204.00,197.50,203.55,20266
2015-12-15,203.00,204.50,201.00,202.25,21149
2015-12-16,202.00,206.05,197.00,201.00,22725
2015-12-17,200.00,203.00,198.00,201.00,20367
2015-12-18,201.50,208.90,198.00,198.15,22203
2015-12-21,199.00,200.10,197.00,197.95,20436
2015-12-22,198.00,198.10,191.00,191.15,24089
2015-12-23,191.50,198.00,191.40,191.50,20907
2015-12-24,192.00,193.00,189.20,190.00,21446
2015-12-28,197.00,197.00,190.40,190.70,48281
2015-12-29,192.00,198.70,190.05,191.45,21146
2015-12-30,190.00,200.85,190.00,200.05,27422
2015-12-31,200.50,204.90,200.50,204.50,21038
2016-01-01,202.00,206.00,198.00,202.00,20861
2016-01-04,202.00,204.90,198.00,198.25,20525
2016-01-05,198.25,204.00,195.35,199.60,21418
2016-01-06,200.00,239.50,197.00,205.90,122328
2016-01-07,205.90,207.90,189.10,199.40,27619
2016-01-08,199.40,204.00,198.20,200.75,23239
2016-01-11,201.00,205.00,193.00,194.85,21900
2016-01-12,197.00,202.00,182.15,188.20,28265
2016-01-13,189.00,193.00,181.00,187.00,23020
2016-01-14,185.00,189.10,177.45,181.05,23629
2016-01-15,182.50,190.50,180.00,180.90,20531
2016-01-18,185.00,189.60,153.10,168.75,41404
2016-01-19,175.00,184.90,170.00,182.25,20719
2016-01-20,185.00,189.95,179.00,182.35,20616
2016-01-21,184.00,190.00,184.00,189.95,20538
2016-01-22,185.00,199.80,185.00,191.85,19685
2016-01-25,192.00,202.90,192.00,195.85,20221
2016-01-27,197.10,200.00,187.50,189.90,20307
2016-01-28,191.50,201.00,191.00,194.75,20520
2016-01-29,199.70,199.70,190.10,193.65,20506
2016-02-01,190.00,202.00,190.00,192.25,30034
2016-02-02,193.00,194.30,186.15,187.50,37756
2016-02-03,189.00,189.10,180.00,181.70,21641
2016-02-04,182.50,188.00,174.00,178.00,21723
2016-02-05,183.10,186.50,178.00,180.00,20232
2016-02-08,182.00,190.20,177.10,181.20,141086
2016-02-09,180.00,184.90,176.00,179.50,22847
2016-02-10,180.95,187.00,175.00,178.95,20496
2016-02-11,187.90,189.00,175.00,175.05,20419
2016-02-12,175.05,180.00,170.00,170.40,27759
2016-02-15,177.00,181.85,175.00,175.75,21842
2016-02-16,182.00,185.00,162.00,180.55,24659
2016-02-17,188.00,212.00,172.25,198.20,36631
2016-02-18,195.00,204.00,186.50,199.30,24739
2016-02-19,197.50,199.00,190.10,196.25,22915
2016-02-22,196.50,209.70,192.95,200.60,27130
2016-02-23,201.00,204.65,196.00,198.15,21048
2016-02-24,201.00,206.00,192.00,196.15,20602
2016-02-25,192.00,199.70,188.00,191.00,21127
2016-02-26,193.90,197.60,185.00,195.30,20461
2016-02-29,195.00,205.90,195.00,200.65,20327
2016-03-01,198.00,200.00,193.00,198.70,21483
2016-03-02,203.00,210.00,197.05,199.10,21169
2016-03-03,199.50,200.00,185.10,193.55,21871
2016-03-04,204.00,204.00,190.00,196.15,26469
2016-03-08,199.00,203.70,195.00,198.60,20345
2016-03-09,199.00,203.90,196.00,198.15,20448
2016-03-10,198.50,201.00,197.00,197.10,20582
2016-03-11,200.00,200.00,192.55,195.75,34951
2016-03-14,199.00,199.80,191.10,197.00,133150
2016-03-15,195.00,203.00,191.20,199.60,20990
2016-03-16,202.00,204.70,195.10,199.80,20200
2016-03-17,199.50,204.00,195.00,198.35,21838
2016-03-18,200.00,204.00,195.10,200.35,25472
2016-03-21,202.90,207.95,197.00,200.20,20734
2016-03-22,202.00,203.60,197.00,200.50,20084
2016-03-23,202.00,202.00,195.10,198.60,28224
2016-03-28,200.00,200.00,192.00,193.30,22034
2016-03-29,199.00,201.00,195.10,197.15,21700
2016-03-30,199.00,199.00,192.20,196.25,20427
2016-03-31,197.00,201.50,190.20,201.05,20923
2016-04-01,199.00,202.50,197.00,199.00,20432
2016-04-04,199.50,199.80,198.40,199.70,20074
2016-04-05,199.70,203.00,195.00,195.90,20354
2016-04-06,199.00,200.70,197.00,197.00,20244
2016-04-07,198.00,202.70,197.15,200.00,20045
2016-04-08,199.70,203.80,199.40,202.55,20423
2016-04-11,201.80,203.50,197.05,199.40,21146
2016-04-12,199.00,224.45,197.00,212.75,21580
2016-04-13,213.50,219.50,206.05,206.55,21173
2016-04-18,210.00,211.10,200.05,202.10,21006
2016-04-20,202.10,213.00,202.10,204.40,22798
2016-04-21,211.00,211.00,198.00,200.00,33641
2016-04-22,200.00,200.50,192.00,193.55,40265
2016-04-25,194.90,194.90,192.50,193.50,20659
2016-04-26,200.00,200.10,192.10,194.20,20858
2016-04-27,195.50,196.00,192.10,194.90,27731
2016-04-28,195.00,196.00,193.50,195.00,30245
2016-04-29,195.00,197.30,192.00,194.40,20357
2016-05-02,194.40,196.80,192.50,196.65,37859
2016-05-03,196.90,200.00,194.10,196.30,22525
2016-05-04,195.00,199.00,194.00,196.90,35646
2016-05-05,196.90,196.90,193.00,193.05,20108
2016-05-06,194.50,212.00,193.10,204.05,39424
2016-05-09,204.00,209.90,196.10,202.15,46427
2016-05-10,210.00,210.00,198.20,203.50,46210
2016-05-11,201.00,208.75,197.00,200.05,21347
2016-05-12,201.00,205.00,200.50,201.05,22463
2016-05-13,202.00,202.00,198.50,198.55,20952
2016-05-16,199.00,202.00,197.00,197.00,20119
2016-05-17,199.00,200.00,198.00,198.00,20407
2016-05-18,198.00,204.00,198.00,198.00,20279
2016-05-19,199.00,209.00,199.00,200.45,20763
2016-05-20,200.95,209.95,198.00,198.25,20157
2016-05-23,200.00,203.50,193.10,195.30,21037
2016-05-24,196.10,198.00,190.35,191.25,22290
2016-05-25,192.00,199.90,191.50,196.50,20772
2016-05-26,197.00,199.50,179.00,181.05,30418
2016-05-27,188.00,193.95,181.00,189.05,35052
2016-05-30,190.00,198.90,183.00,189.85,32378
2016-05-31,192.00,197.85,187.00,194.15,21459
2016-06-01,196.00,197.70,190.00,194.15,23671
2016-06-02,195.00,197.00,190.00,196.85,20910
2016-06-03,205.00,205.00,195.00,199.70,28047
2016-06-06,199.70,206.85,196.10,201.95,27113
2016-06-07,202.00,203.00,197.00,197.00,20868
2016-06-08,201.00,202.00,196.00,196.00,20541
2016-06-09,196.30,200.00,196.30,197.50,21250
2016-06-10,199.00,201.00,192.80,194.00,21538
2016-06-13,194.50,197.00,191.00,193.20,24110
2016-06-14,195.00,198.90,192.10,193.00,24844
2016-06-15,193.00,197.90,193.00,196.95,20179
2016-06-16,197.50,199.70,191.15,194.75,38511
2016-06-17,195.00,198.00,194.00,195.75,20692
2016-06-20,196.50,197.10,195.60,197.00,20042
2016-06-21,197.20,200.00,194.00,197.40,27651
2016-06-22,199.00,199.00,192.20,193.35,24214
2016-06-23,197.00,197.00,186.25,192.15,22129
2016-06-24,192.00,204.50,190.90,196.30,21229
2016-06-27,192.00,198.00,192.00,197.00,23784
2016-06-28,190.00,208.00,190.00,199.90,17750
2016-06-29,209.00,209.00,195.10,199.45,35711
2016-06-30,204.00,208.95,196.00,199.75,36034
2016-07-01,204.00,204.90,196.10,196.40,35031
2016-07-04,203.00,203.95,195.55,198.35,20998
2016-07-05,203.30,204.30,195.00,197.50,20770
2016-07-07,198.00,203.80,195.35,197.15,20362
2016-07-08,197.20,206.90,195.10,200.40,20682
2016-07-11,207.00,207.00,196.20,199.90,20493
2016-07-12,208.50,208.50,198.00,200.85,20429
2016-07-13,204.00,207.00,197.60,199.65,20526
2016-07-14,204.00,206.50,197.00,197.65,20894
2016-07-15,206.90,206.90,192.00,196.35,21724
2016-07-18,197.00,202.00,197.00,198.70,20564
2016-07-19,202.95,202.95,195.05,197.85,20378
2016-07-20,200.50,201.60,195.10,196.65,21282
2016-07-21,197.00,200.95,195.20,196.00,27200
2016-07-22,200.00,202.50,196.50,199.95,42391
2016-07-25,202.00,202.50,197.10,201.65,20428
2016-07-26,198.50,201.90,197.50,198.00,20239
2016-07-27,202.95,225.05,198.05,206.35,48270
2016-07-28,201.25,210.00,201.25,202.80,23077
2016-07-29,207.50,207.50,199.00,200.55,22554
2016-08-01,204.90,205.00,195.00,197.05,25981
2016-08-02,204.90,205.00,197.00,199.70,48129
2016-08-03,202.50,202.50,195.50,199.10,48541
2016-08-04,196.20,201.00,196.20,199.55,47732
2016-08-05,202.90,202.90,198.00,201.35,51700
2016-08-08,199.50,203.60,195.05,198.40,59268
2016-08-09,201.05,201.95,191.50,199.60,50299
2016-08-10,190.00,208.00,190.00,198.55,66626
2016-08-11,203.50,203.50,197.10,198.95,46760
2016-08-12,203.90,203.90,195.50,197.85,58260
2016-08-16,200.00,202.00,195.00,198.15,25403
2016-08-17,201.50,205.00,197.00,201.05,55498
2016-08-18,200.00,209.10,198.20,201.90,30584
2016-08-19,202.00,207.00,198.90,203.90,51722
2016-08-22,204.00,214.00,199.10,210.80,61287
2016-08-23,210.70,212.00,202.00,204.10,24328
2016-08-24,209.80,209.95,199.20,200.00,48941
2016-08-25,200.00,203.75,194.10,196.80,30538
2016-08-26,196.00,201.70,194.00,196.90,28192
2016-08-29,200.00,201.00,185.60,197.15,31571
2016-08-30,198.00,200.75,195.15,198.75,30934
2016-08-31,198.00,201.85,196.50,197.85,29720
2016-09-01,200.00,200.85,197.00,198.75,23586
2016-09-02,199.40,201.00,190.50,196.05,24233
2016-09-06,200.50,202.00,196.50,198.00,46487
2016-09-07,199.90,200.00,195.15,198.95,46967
2016-09-08,199.00,204.75,198.05,201.85,45952
2016-09-09,206.00,206.00,199.15,199.40,21218
2016-09-12,202.00,204.90,197.00,198.00,26670
2016-09-14,200.00,200.00,197.20,198.75,29122
2016-09-15,199.50,204.00,197.00,198.95,23567
2016-09-16,201.00,203.90,197.80,198.30,23593
2016-09-19,200.00,202.75,197.30,199.90,27615
2016-09-20,199.80,204.50,197.00,198.40,21101
2016-09-21,198.50,203.00,197.15,197.25,20444
2016-09-22,199.00,203.50,198.05,198.85,20961
2016-09-23,199.00,205.00,197.20,199.85,21182
2016-09-26,202.50,205.00,198.00,199.40,20484
2016-09-27,200.00,204.00,198.50,200.50,21458
2016-09-28,200.00,204.00,197.00,197.80,24333
2016-09-29,198.00,200.00,183.20,189.00,26890
2016-09-30,188.05,194.90,185.05,193.80,21393
2016-10-03,194.00,197.00,190.50,194.70,20672
2016-10-04,195.00,197.00,191.10,192.00,20940
2016-10-05,199.70,200.00,192.00,194.00,22908
2016-10-06,194.50,196.60,192.00,195.00,34054
2016-10-07,195.00,195.00,191.00,193.30,48967
2016-10-10,197.00,199.00,190.50,195.75,45868
2016-10-13,195.80,199.90,192.00,194.95,52936
2016-10-14,194.50,201.00,193.00,197.75,47190
2016-10-17,197.80,204.00,194.00,197.75,58978
2016-10-18,203.95,203.95,194.10,197.00,23910
2016-10-19,197.00,199.00,194.95,197.80,27342
2016-10-20,199.90,203.00,197.00,199.45,20209
2016-10-21,200.00,201.95,196.15,196.45,57036
2016-10-24,202.50,202.50,193.15,196.15,27111
2016-10-25,196.10,198.40,193.05,193.75,21226
2016-10-26,197.40,197.40,190.00,193.15,52481
2016-10-27,191.50,196.85,191.30,195.55,52712
2016-10-28,195.50,198.00,193.00,196.10,30234
2016-11-01,197.00,197.20,192.50,193.80,20437
2016-11-02,196.10,196.90,193.00,193.95,21842
2016-11-03,196.90,197.00,192.10,196.40,23516
2016-11-04,196.30,199.00,190.10,192.70,28696
2016-11-07,198.00,200.00,191.00,194.25,20267
2016-11-08,196.40,198.90,192.15,192.15,23414
2016-11-09,190.00,197.00,176.90,192.75,21070
2016-11-10,192.70,197.00,192.70,196.60,20232
2016-11-11,196.50,203.00,185.00,187.65,21921
2016-11-15,195.00,199.50,186.10,189.95,20691
2016-11-16,190.50,196.85,183.55,186.25,20817
2016-11-17,186.50,193.50,186.50,188.00,20689
2016-11-18,192.20,195.00,181.60,190.55,27593
2016-11-21,191.20,196.50,181.20,185.80,20663
2016-11-22,185.50,193.60,182.30,191.35,20468
2016-11-23,191.50,193.60,183.75,191.25,20297
2016-11-24,196.00,196.00,184.50,186.15,20439
2016-11-25,186.00,194.90,186.00,192.30,20505
2016-11-28,193.00,196.90,187.60,189.75,20414
2016-11-29,189.50,195.95,189.50,193.45,20249
2016-11-30,193.00,199.00,190.30,192.10,20215
2016-12-01,192.00,198.70,192.00,193.50,20371
2016-12-02,194.50,194.50,189.00,193.50,20500
2016-12-05,193.50,195.00,190.00,192.55,20446
2016-12-06,193.00,198.00,192.00,194.15,21779
2016-12-07,191.00,195.50,191.00,192.00,20489
2016-12-08,192.00,197.00,190.00,190.60,20375
2016-12-09,190.50,195.50,187.50,193.60,20394
2016-12-12,193.50,198.00,188.00,196.90,20798
2016-12-13,193.00,196.80,190.55,194.15,20417
2016-12-14,191.00,195.10,190.00,190.85,20326
2016-12-15,187.00,196.90,187.00,190.00,20411
2016-12-16,190.25,192.95,189.90,190.00,20466
2016-12-19,190.00,191.40,184.60,186.30,20413
2016-12-20,186.20,193.50,186.00,187.10,21113
2016-12-21,187.50,188.90,185.20,186.90,20644
2016-12-22,183.20,188.90,182.00,185.30,20448
2016-12-23,183.20,190.00,182.30,184.25,20284
2016-12-26,184.20,190.00,181.00,182.80,26506
2016-12-27,185.00,185.00,179.00,181.85,20411
2016-12-28,184.50,185.00,177.15,179.60,20560
2016-12-29,180.10,181.70,175.00,176.95,20207
2016-12-30,187.00,187.00,175.00,176.10,20647
2017-01-02,176.30,195.45,175.15,192.20,23550
2017-01-03,188.45,205.00,187.00,189.45,21599
2017-01-04,189.00,194.00,184.05,189.90,24738
2017-01-05,189.80,190.00,185.00,188.25,10293
2017-01-06,188.50,190.00,185.00,187.00,10377
2017-01-09,187.50,188.40,183.00,186.85,10162
2017-01-10,184.00,187.55,182.20,183.50,10433
2017-01-11,190.00,200.00,181.00,192.50,19773
2017-01-12,195.00,195.00,186.10,188.80,15187
2017-01-13,191.00,194.95,186.00,188.55,10403
2017-01-16,189.00,195.00,186.05,190.60,16982
2017-01-17,188.00,194.60,187.15,189.90,9169
2017-01-18,189.00,195.00,186.05,189.90,10305
2017-01-19,192.00,194.95,187.20,187.95,10267
2017-01-20,194.00,200.00,188.00,189.00,16654
2017-01-23,192.50,193.70,190.05,191.55,10289
2017-01-24,192.10,195.00,190.05,194.40,60896
2017-01-25,193.50,197.60,192.00,195.05,11036
2017-01-27,195.50,199.00,192.05,195.55,69305
2017-01-30,198.00,205.00,198.00,199.40,12601
2017-01-31,193.00,200.00,192.30,195.40,11068
2017-02-01,195.00,199.70,195.00,199.25,10171
2017-02-02,198.50,200.00,197.05,198.65,10447
2017-02-03,198.50,216.80,191.10,200.75,21752
2017-02-06,204.35,205.00,197.15,202.60,10453
2017-02-07,200.00,206.60,199.00,203.10,10783
2017-02-08,205.00,208.00,200.00,204.60,10414
2017-02-09,209.00,209.00,200.50,205.35,14810
2017-02-10,206.00,210.00,205.00,205.60,10625
2017-02-13,204.00,209.75,202.05,207.70,10574
2017-02-14,209.00,209.00,202.30,207.45,12861
2017-02-15,207.35,210.50,205.00,209.65,12189
2017-02-16,211.50,214.50,209.05,210.55,10507
2017-02-17,215.00,216.00,210.50,214.40,10898
2017-02-20,210.30,215.00,206.15,208.00,16622
2017-02-21,208.00,215.70,205.20,210.15,10715
2017-02-22,210.00,211.00,200.00,203.85,12795
2017-02-23,205.00,205.00,192.20,200.70,12058
2017-02-27,201.00,201.00,198.05,200.90,10162
2017-02-28,200.00,206.00,197.30,204.75,13454
2017-03-01,201.00,204.60,198.00,199.05,10728
2017-03-02,200.10,204.95,199.95,200.55,10315
2017-03-03,186.95,204.00,185.00,197.25,11935
2017-03-06,197.30,205.10,196.00,200.20,10309
2017-03-07,200.30,200.30,190.00,195.90,10317
2017-03-08,201.90,213.50,196.10,198.85,12229
2017-03-09,195.10,205.00,193.55,195.35,20561
2017-03-10,195.00,197.45,191.00,191.00,11183
2017-03-14,191.00,197.95,188.00,190.15,14850
2017-03-15,190.00,192.00,186.50,189.35,13603
2017-03-16,190.10,191.00,185.60,188.45,10573
2017-03-17,188.20,191.15,185.10,186.45,11085
2017-03-20,184.50,188.40,174.00,176.25,19540
2017-03-21,180.00,184.00,178.00,179.15,22445
2017-03-22,182.10,183.95,176.70,178.20,10963
2017-03-23,179.10,190.15,176.60,181.70,16949
2017-03-24,182.90,185.00,178.70,181.60,10618
2017-03-27,184.85,184.85,178.65,182.90,13814
2017-03-28,178.00,184.65,178.00,183.70,20560
2017-03-29,177.20,185.90,177.20,182.95,11718
2017-03-30,180.50,184.80,180.50,182.70,11038
2017-03-31,184.00,187.00,181.30,182.40,15612
2017-04-03,183.10,185.90,182.00,183.05,17520
2017-04-05,184.35,187.90,182.70,185.40,14805
2017-04-06,186.10,188.80,182.55,183.25,10273
2017-04-07,183.00,185.95,183.00,183.00,10836
2017-04-10,183.50,217.00,183.50,199.80,173150
2017-04-11,200.30,220.00,198.25,204.80,68871
2017-04-12,205.50,214.00,198.10,203.85,12719
2017-04-13,209.90,209.90,199.00,199.85,11181
2017-04-17,205.90,205.90,195.10,198.20,9836
2017-04-18,200.90,202.95,195.10,195.15,7213
2017-04-19,198.95,204.90,195.05,198.80,4329
2017-04-20,201.00,209.90,196.00,196.35,7603
2017-04-21,200.00,202.55,187.20,189.60,11984
2017-04-24,191.45,191.95,186.35,188.45,10860
2017-04-25,189.00,189.45,180.45,181.95,14944
2017-04-26,183.00,184.50,175.00,177.50,17306
2017-04-27,176.05,177.05,170.60,174.85,10369
2017-04-28,175.70,185.50,174.30,179.55,1268
2017-05-02,180.00,180.00,176.90,177.90,1043
2017-05-03,175.95,181.45,175.45,178.45,1395
2017-05-04,177.30,180.60,177.00,179.25,1250
2017-05-05,178.00,179.00,173.40,176.25,2107
2017-05-08,175.35,178.20,175.35,176.35,1141
2017-05-09,181.50,181.80,172.20,176.00,5031
2017-05-10,175.15,175.15,172.20,173.70,3047
2017-05-11,177.95,183.80,170.35,171.40,4231
2017-05-12,170.65,174.85,168.00,170.65,4788
2017-05-15,170.75,172.80,166.10,169.30,4209
2017-05-16,173.00,173.00,165.00,165.10,3537
2017-05-17,164.40,168.90,161.25,162.95,4658
2017-05-18,163.00,169.35,156.00,162.80,6599
2017-05-19,162.15,170.25,158.60,159.50,3061
2017-05-22,160.00,161.50,153.00,153.55,3910
2017-05-23,149.60,151.00,145.00,147.95,5786
2017-05-24,147.00,149.00,141.45,144.00,3288
2017-05-25,141.00,144.00,129.95,132.55,6913
2017-05-26,137.90,137.90,127.25,132.70,3528
2017-05-29,137.75,138.10,132.05,133.95,2299
2017-05-30,134.05,134.05,128.70,129.65,2516
2017-05-31,129.05,136.75,128.00,128.35,4411
2017-06-01,133.50,136.00,127.30,128.60,2333
2017-06-02,128.60,137.00,125.75,129.85,10085
2017-06-05,130.00,135.90,128.00,128.90,2864
2017-06-06,125.30,135.40,125.30,130.25,7350
2017-06-07,131.00,131.00,128.00,128.90,2063
2017-06-08,127.05,130.65,126.50,126.80,1698
2017-06-09,127.00,130.00,126.50,126.70,1781
2017-06-12,127.00,128.00,124.75,125.00,2615
2017-06-13,124.40,127.25,123.20,123.50,1955
2017-06-14,120.35,123.95,119.00,119.75,6300
2017-06-15,119.10,129.00,119.10,122.60,6393
2017-06-16,122.60,123.75,120.75,121.05,1833
2017-06-19,121.75,124.85,120.30,121.05,3233
2017-06-20,121.35,123.25,119.00,120.30,8710
2017-06-21,120.55,124.95,120.10,122.40,2827
2017-06-22,120.10,124.90,120.10,122.55,1779
2017-06-23,119.10,123.20,118.00,122.85,3274
2017-06-27,122.95,124.50,118.65,119.20,3919
2017-06-28,117.25,119.00,117.10,118.40,2091
2017-06-29,117.20,118.50,117.20,118.20,3361
2017-06-30,117.50,118.80,117.50,118.50,2006
2017-07-03,118.50,118.50,115.00,116.30,2200
2017-07-04,115.50,117.40,115.15,115.50,4292
2017-07-05,115.55,124.80,114.40,116.80,9351
2017-07-06,114.80,116.00,113.10,114.35,6729
2017-07-07,114.00,114.95,111.60,112.45,2270
2017-07-10,113.05,123.95,107.45,119.40,2393
2017-07-11,118.05,122.00,115.00,116.30,3807
2017-07-12,116.20,118.75,113.00,113.45,1450
2017-07-13,113.15,116.95,113.00,113.20,1587
2017-07-14,113.05,117.00,112.00,112.85,3514
2017-07-17,112.10,114.00,90.30,90.30,105137
2017-07-18,77.50,84.00,76.10,79.45,295384
2017-07-19,81.90,87.35,81.00,87.25,145637
2017-07-20,90.00,95.95,88.10,95.95,66327
2017-07-21,103.95,105.50,100.65,105.50,32279
2017-07-24,110.75,110.75,110.30,110.75,25598
2017-07-25,116.25,116.25,105.25,105.25,63709
2017-07-26,100.00,100.00,100.00,100.00,5824
2017-07-27,96.05,98.95,95.00,95.00,24876
2017-07-28,90.25,93.00,90.25,90.35,23027
2017-07-31,85.85,94.75,85.85,91.90,69336
2017-08-01,96.00,96.00,90.00,91.25,35351
2017-08-02,89.30,92.60,88.60,89.80,14279
2017-08-03,88.15,89.90,88.00,88.15,25564
2017-08-04,86.50,89.80,86.50,87.60,18920
2017-08-07,89.75,89.75,86.55,87.85,20155
2017-08-08,90.95,90.95,86.50,86.70,10360
2017-08-09,86.70,86.70,84.00,84.05,20754
2017-08-10,86.75,86.80,80.00,80.15,18116
2017-08-11,75.00,81.60,75.00,80.15,16105
2017-08-14,86.00,86.00,79.00,82.45,28199
2017-08-16,84.90,85.00,78.50,82.55,14266
2017-08-17,84.80,85.00,81.25,82.75,12732
2017-08-18,82.75,83.00,80.10,82.05,15987
2017-08-21,82.50,83.40,81.05,82.85,8659
2017-08-22,84.95,85.00,80.00,80.80,6302
2017-08-23,83.55,83.55,80.00,82.25,13254
2017-08-24,80.55,83.70,80.55,82.00,7105
2017-08-28,82.05,83.25,82.00,82.65,11434
2017-08-29,83.95,85.00,80.35,82.75,13380
2017-08-30,80.40,85.00,78.30,82.00,104024
2017-08-31,84.00,84.00,80.20,82.05,10801
2017-09-01,80.70,83.45,80.55,82.00,11694
2017-09-04,83.70,83.70,79.35,80.90,9253
2017-09-05,81.00,81.00,79.05,80.10,13016
2017-09-06,79.00,81.85,78.20,78.95,8224
2017-09-07,79.00,81.70,76.20,76.95,16828
2017-09-08,79.95,79.95,76.15,78.55,7936
2017-09-11,80.00,80.00,78.00,79.30,10058
2017-09-12,80.00,80.00,77.50,78.55,8714
2017-09-13,80.40,86.40,79.05,86.40,22866
2017-09-14,89.90,95.00,89.90,94.50,207544
2017-09-15,93.90,94.00,85.05,85.85,91175
2017-09-18,86.00,88.50,80.25,81.70,42198
2017-09-19,84.30,84.30,80.05,80.65,32066
2017-09-20,82.95,83.00,79.80,80.50,30822
2017-09-21,81.00,81.30,78.70,80.00,23491
2017-09-22,78.20,79.50,77.00,77.40,17700
2017-09-25,77.95,78.95,75.80,76.80,22389
2017-09-26,76.00,77.95,75.00,76.10,16620
2017-09-27,76.70,79.75,75.20,76.00,21981
2017-09-28,75.25,76.80,75.20,75.30,10782
2017-09-29,75.25,79.95,75.25,75.70,9802
2017-10-03,76.90,79.30,75.50,76.25,13760
2017-10-04,77.00,77.80,75.00,75.25,12655
2017-10-05,75.20,76.30,71.80,74.40,11589
2017-10-06,75.95,78.00,72.60,74.25,15546
2017-10-09,76.10,77.85,74.30,75.80,11152
2017-10-10,75.05,75.90,74.05,74.30,10144
2017-10-11,74.05,89.00,73.30,78.70,121301
2017-10-12,81.40,86.00,81.40,82.20,44587
2017-10-13,85.40,85.40,76.90,79.20,16169
2017-10-16,82.95,82.95,77.05,77.30,11730
2017-10-17,76.20,76.40,74.10,74.90,22644
2017-10-18,74.25,80.60,74.20,78.85,28799
2017-10-19,80.45,80.45,78.00,78.85,2646
2017-10-23,78.15,82.50,78.05,80.40,24568
2017-10-24,79.00,81.00,77.50,80.50,27601
2017-10-25,81.00,81.00,78.65,79.10,15890
2017-10-26,78.15,91.00,77.05,88.20,286854
2017-10-27,90.20,93.85,85.05,86.55,60552
2017-10-30,88.60,89.90,84.10,85.70,14520
2017-10-31,84.25,85.45,80.70,81.85,29156
2017-11-01,82.10,82.60,80.50,80.60,12812
2017-11-02,83.95,83.95,80.55,81.45,16904
2017-11-03,85.75,85.75,80.65,82.75,50963
2017-11-06,83.00,85.00,81.05,82.10,22922
2017-11-07,84.95,84.95,80.60,82.65,43606
2017-11-08,81.15,89.50,81.15,85.15,66857
2017-11-09,85.90,86.60,82.55,83.40,13702
2017-11-10,84.95,84.95,81.15,81.85,9209
2017-11-13,83.40,84.30,81.10,83.45,17816
2017-11-14,84.95,85.00,81.25,83.10,26708
2017-11-15,84.30,84.30,81.50,82.50,22237
2017-11-16,82.55,85.05,81.50,82.40,32643
2017-11-17,82.00,85.00,81.65,83.60,15752
2017-11-20,82.30,84.50,82.30,83.10,9283
2017-11-21,84.75,84.75,81.10,82.10,32925
2017-11-22,81.10,82.00,79.55,81.75,19986
2017-11-23,81.00,82.20,80.10,80.85,10688
2017-11-24,80.35,82.45,80.25,80.75,9936
2017-11-27,81.00,85.90,80.10,81.75,71426
2017-11-28,82.30,82.40,80.55,81.00,15944
2017-11-29,82.20,82.20,79.20,80.80,33322
2017-11-30,81.00,81.90,79.50,80.30,13003
2017-12-01,82.40,85.45,80.15,82.30,89989
2017-12-04,83.90,83.90,80.65,81.00,16231
2017-12-05,80.60,82.65,79.15,80.15,85794
2017-12-06,81.75,82.85,78.60,80.10,20069
2017-12-07,79.15,82.00,79.15,80.85,11280
2017-12-08,82.70,83.00,78.55,80.20,21852
2017-12-11,80.95,82.00,79.15,80.80,7296
2017-12-12,80.05,81.80,78.70,80.15,18738
2017-12-13,78.40,88.90,77.80,85.80,273743
2017-12-14,86.40,86.50,80.65,83.70,18822
2017-12-15,83.75,84.50,81.55,82.05,11475
2017-12-18,81.00,84.20,79.05,81.45,26064
2017-12-19,81.20,83.20,79.10,81.75,21266
2017-12-20,80.65,82.90,80.65,81.95,10978
2017-12-21,81.95,82.75,80.45,81.70,15053
2017-12-22,81.10,87.00,81.10,85.95,169968
2017-12-26,88.60,89.00,86.00,87.00,26202
2017-12-27,88.75,88.90,85.55,87.15,42580
2017-12-28,86.10,104.55,86.10,104.55,852796
2017-12-29,113.00,119.25,107.50,109.15,716451
2018-01-01,108.70,112.75,102.70,106.45,174145
2018-01-02,105.50,108.50,101.15,102.25,100255
2018-01-03,102.50,103.80,96.05,97.00,119886
2018-01-04,100.30,100.30,92.15,92.15,33714
2018-01-05,92.25,92.60,88.15,89.70,29349
2018-01-08,90.00,94.15,90.00,92.55,25562
2018-01-09,95.50,95.50,88.55,89.75,22076
2018-01-10,89.80,92.00,87.50,90.90,18409
2018-01-11,91.45,93.10,90.00,90.75,16303
2018-01-12,90.00,90.00,87.00,87.30,17588
2018-01-15,88.00,90.80,86.00,86.65,10476
2018-01-16,86.00,88.95,83.10,83.20,14867
2018-01-17,82.50,84.95,80.10,83.50,33610
2018-01-18,82.10,85.25,80.10,80.90,19233
2018-01-19,83.00,83.00,79.10,80.80,19950
2018-01-22,80.50,82.00,78.00,79.95,6785
2018-01-23,82.10,82.10,79.75,80.90,7629
2018-01-24,79.15,81.40,79.15,79.15,5486
2018-01-25,79.00,81.45,79.00,79.70,1570
2018-01-29,78.05,80.85,78.05,79.25,3308
2018-01-30,78.05,78.50,77.00,77.65,3842
2018-01-31,77.10,79.45,76.25,78.35,5028
2018-02-01,78.05,78.95,75.60,76.00,11695
2018-02-02,76.00,76.00,72.20,72.95,33026
2018-02-05,73.70,73.70,69.35,72.50,9498
2018-02-06,69.95,71.95,68.90,70.60,7175
2018-02-07,73.75,73.75,69.00,70.85,8462
2018-02-08,73.30,74.00,70.95,73.45,6322
2018-02-09,72.50,76.00,72.45,75.35,6800
2018-02-12,79.00,79.00,75.05,77.40,4138
2018-02-14,75.60,78.70,75.50,75.60,4551
2018-02-15,75.55,75.95,73.00,73.85,992
2018-02-16,74.50,74.50,72.05,72.95,30496
2018-02-19,72.95,73.80,70.50,71.65,4568
2018-02-20,71.00,71.85,69.40,70.45,3619
2018-02-21,70.45,72.65,70.05,71.35,4588
2018-02-22,71.85,72.45,70.05,70.40,4297
2018-02-23,71.65,71.70,70.50,71.10,1779
2018-02-26,71.35,72.75,70.20,70.80,2149
2018-02-27,70.20,72.35,70.10,70.75,4539
2018-02-28,71.85,71.90,70.10,70.25,1300
2018-03-01,70.50,71.45,69.95,70.90,4061
2018-03-05,70.65,71.00,69.50,70.95,3197
2018-03-06,69.80,73.75,67.45,67.85,3091
2018-03-07,69.80,69.80,64.65,64.70,39828
2018-03-08,67.80,67.80,64.00,64.40,6015
2018-03-09,65.90,65.90,61.20,62.15,13250
2018-03-12,64.40,64.40,59.20,59.80,3241
2018-03-13,62.30,62.35,59.15,60.45,6803
2018-03-14,61.70,62.85,59.60,61.85,5879
2018-03-15,62.95,62.95,60.70,61.95,5160
2018-03-16,63.80,63.80,61.00,61.20,4883
2018-03-19,61.20,62.50,59.00,60.00,4617
2018-03-20,61.85,61.90,58.25,58.75,5305
2018-03-21,60.85,60.90,57.00,57.60,169817
2018-03-22,60.45,60.45,56.50,57.40,5550
2018-03-23,56.00,56.30,54.55,54.55,8763
2018-03-26,54.55,56.90,51.85,51.95,18290
2018-03-27,52.00,54.50,52.00,54.00,74283
2018-03-28,54.40,55.90,51.60,52.25,106220
2018-04-02,52.35,54.85,52.35,54.40,8011
2018-04-03,55.35,57.10,54.55,56.85,5357
2018-04-04,58.75,58.75,55.55,55.80,5317
2018-04-05,56.05,58.55,56.05,58.05,59352
2018-04-06,58.45,61.20,58.45,60.40,4994
2018-04-09,61.95,65.90,60.00,64.85,23706
2018-04-10,66.95,70.80,64.05,65.95,29349
2018-04-11,65.85,66.15,64.70,65.35,8807
2018-04-12,65.00,67.20,64.00,67.10,12888
2018-04-13,67.00,68.15,64.10,64.15,9261
2018-04-16,63.45,63.45,61.10,62.85,1896
2018-04-17,62.30,65.70,61.35,63.50,5180
2018-04-18,67.50,67.50,63.20,63.35,2261
2018-04-19,62.40,67.85,61.65,65.70,12126
2018-04-20,67.00,68.95,65.00,66.05,14597
2018-04-23,69.00,70.75,65.50,66.35,8067
2018-04-24,66.85,71.00,64.10,65.20,23938
2018-04-25,67.10,67.10,60.50,61.90,5413
2018-04-26,61.45,63.50,61.45,62.40,3488
2018-04-27,64.50,64.50,61.15,62.50,2048
2018-04-30,60.45,63.85,60.40,60.95,7281
2018-05-02,64.95,64.95,57.15,57.65,7414
2018-05-03,58.35,60.80,56.50,57.85,4551
2018-05-04,59.00,59.00,56.60,57.40,1878
2018-05-07,56.50,58.95,56.50,57.45,1805
2018-05-08,56.00,58.00,54.20,55.25,9151
2018-05-09,56.00,57.85,54.40,54.75,10038
2018-05-10,55.50,56.50,53.15,53.65,4905
2018-05-11,56.75,56.75,52.65,53.75,3076
2018-05-14,53.45,54.85,52.35,52.90,2073
2018-05-15,54.60,54.60,52.55,52.85,1602
2018-05-16,52.00,52.50,50.60,51.15,2475
2018-05-17,50.00,54.90,50.00,53.20,1552
2018-05-18,55.40,55.50,50.10,50.50,2260
2018-05-21,49.95,53.50,47.05,49.50,3584
2018-05-22,51.40,51.40,47.15,48.65,1852
2018-05-23,50.75,50.75,46.65,49.40,1362
2018-05-24,49.50,49.60,46.20,48.00,1774
2018-05-25,49.75,49.75,44.15,46.15,3154
2018-05-28,47.90,50.75,46.10,50.75,6887
2018-05-29,51.30,53.60,48.00,48.35,11310
2018-05-30,51.00,51.00,48.00,48.20,11208
2018-05-31,52.80,52.80,44.20,46.05,7290
2018-06-01,46.85,46.85,41.45,41.55,24216
2018-06-04,41.45,42.00,40.05,40.70,4294
2018-06-05,40.80,40.90,36.65,36.80,5507
2018-06-06,35.10,38.60,35.10,38.30,10946
2018-06-07,39.00,39.50,36.55,38.70,7267
2018-06-08,38.05,38.80,38.00,38.60,800
2018-06-11,38.60,38.90,36.70,37.20,4622
2018-06-12,37.00,38.80,36.45,36.80,3845
2018-06-13,36.15,36.90,36.00,36.05,2766
2018-06-14,36.00,37.70,35.10,37.60,6961
2018-06-15,39.10,39.15,36.30,37.00,4486
2018-06-18,37.00,37.00,36.15,36.60,4853
2018-06-19,35.20,37.00,35.20,36.20,1957
2018-06-20,37.45,37.45,36.20,36.50,2188
2018-06-21,37.00,37.40,36.10,36.45,2040
2018-06-22,36.00,36.00,35.00,35.85,4719
2018-06-25,35.00,36.85,34.15,36.30,4922
2018-06-26,36.30,36.30,35.00,35.40,1348
2018-06-27,35.50,35.50,33.65,33.75,85208
2018-06-28,32.35,33.90,32.10,32.10,3511
2018-06-29,32.00,33.70,32.00,33.70,5654
2018-07-02,35.30,35.30,32.70,32.70,1392
2018-07-03,33.80,33.80,31.60,32.45,3140
2018-07-04,32.65,32.65,30.85,31.05,10998
2018-07-05,30.50,31.10,29.70,30.75,2180
2018-07-06,30.45,31.40,30.15,30.45,1665
2018-07-09,31.15,31.80,30.65,31.25,2151
2018-07-10,31.25,32.45,31.25,32.25,3338
2018-07-11,32.75,33.25,32.10,32.85,5543
2018-07-12,33.00,33.40,32.10,33.15,1658
2018-07-13,33.15,34.00,32.00,33.05,3638
2018-07-16,32.05,33.00,31.40,32.80,2591
2018-07-17,31.25,32.35,31.20,32.35,1923
2018-07-18,33.00,33.85,31.20,32.25,6163
2018-07-19,31.65,32.80,30.65,31.90,3445
2018-07-20,30.45,31.75,30.45,31.30,607
2018-07-23,32.00,32.00,30.05,30.50,1454
2018-07-24,29.30,32.00,29.30,31.55,6028
2018-07-25,31.00,32.90,31.00,31.55,1774
2018-07-26,30.65,32.70,30.60,31.35,2024
2018-07-27,30.10,32.90,30.10,32.50,4793
2018-07-30,32.40,33.55,31.70,33.35,2617
2018-07-31,33.50,34.90,33.50,34.55,4112
2018-08-01,35.90,35.90,34.00,34.75,3332
2018-08-02,36.40,36.40,34.00,34.95,3438
2018-08-03,34.95,35.00,34.50,34.55,2690
2018-08-06,34.00,34.90,33.50,33.85,3666
2018-08-07,34.50,34.75,33.10,34.60,5236
2018-08-08,34.30,34.90,31.20,32.55,4075
2018-08-09,32.55,33.80,32.50,33.30,320
2018-08-10,33.30,33.30,31.15,32.25,1348
2018-08-13,33.00,34.90,33.00,33.55,2942
2018-08-14,33.15,35.95,30.25,34.80,6917
2018-08-16,36.00,36.90,32.65,33.85,6769
2018-08-17,33.55,35.00,31.70,32.10,1307
2018-08-20,34.00,34.05,32.00,32.25,3298
2018-08-21,32.95,33.50,30.40,31.20,1982
2018-08-23,31.20,31.75,30.65,31.60,1192
2018-08-24,32.00,32.90,29.80,30.15,5868
2018-08-27,30.05,32.50,30.05,31.55,3904
2018-08-28,31.65,32.50,30.55,31.35,1038
2018-08-29,31.95,31.95,30.20,31.45,630
2018-08-30,30.10,31.95,30.10,31.15,822
2018-08-31,30.80,31.95,28.40,31.00,3915
2018-09-03,29.65,31.95,29.65,31.30,2614
2018-09-04,31.00,33.90,31.00,32.00,1921
2018-09-05,31.00,32.55,30.00,32.00,4368
2018-09-06,32.90,33.00,31.25,31.50,2342
2018-09-07,32.00,34.65,31.20,34.65,11424
2018-09-10,36.95,38.10,34.65,38.10,29747
2018-09-11,40.00,41.90,40.00,41.90,11702
2018-09-12,42.90,43.95,41.00,43.95,34140
2018-09-14,46.00,46.10,44.00,46.10,11261
2018-09-17,47.20,48.40,43.80,48.40,19817
2018-09-18,50.60,50.60,46.00,46.00,19466
2018-09-19,44.15,44.15,43.70,43.70,4407
2018-09-21,41.55,41.55,41.55,41.55,3203
2018-09-24,39.50,39.50,39.50,39.50,771
2018-09-25,37.55,37.55,37.55,37.55,215
2018-09-26,36.00,36.00,35.70,35.70,1323
2018-09-27,33.95,37.00,33.95,33.95,8474
2018-09-28,34.00,35.60,32.30,34.35,5621
2018-10-01,34.00,34.00,32.65,32.65,810
2018-10-03,32.65,32.65,31.05,31.55,1995
2018-10-04,31.00,33.10,31.00,33.00,5748
2018-10-05,33.00,33.00,31.65,32.20,2149
2018-10-08,31.00,33.00,30.70,31.05,2343
2018-10-09,31.05,31.05,29.70,30.70,3485
2018-10-10,30.00,31.40,29.70,30.75,1902
2018-10-11,32.00,32.00,29.30,29.75,2893
2018-10-12,29.30,30.90,29.30,29.85,649
2018-10-15,31.25,31.25,29.25,30.55,1647
2018-10-16,31.00,31.00,29.30,30.00,362
2018-10-17,30.00,31.50,29.40,29.70,354
2018-10-19,31.00,31.00,29.30,30.00,1077
2018-10-22,29.00,30.95,29.00,30.00,3247
2018-10-23,29.05,30.70,29.00,29.45,4064
2018-10-24,30.80,30.80,29.10,29.85,4473
2018-10-25,31.00,31.00,28.40,29.00,2782
2018-10-26,30.00,30.00,28.25,28.40,1468
2018-10-29,29.00,29.00,28.00,28.80,221
2018-10-30,29.00,29.95,29.00,29.95,1268
2018-10-31,29.00,31.00,29.00,31.00,2629
2018-11-01,30.05,32.40,30.00,32.00,2701
2018-11-02,33.50,33.60,32.95,33.60,2806
2018-11-05,35.25,35.25,35.25,35.25,703
2018-11-06,37.00,37.00,37.00,37.00,1236
2018-11-07,38.85,38.85,38.20,38.20,370
2018-11-09,38.40,40.10,37.00,40.00,5436
2018-11-12,40.05,42.00,40.05,42.00,4239
2018-11-13,44.05,44.10,42.00,44.10,9818
2018-11-14,45.00,46.30,44.50,46.30,8014
2018-11-15,48.60,48.60,44.00,48.00,24940
2018-11-16,46.70,49.50,45.60,47.90,11352
2018-11-19,45.55,46.80,45.55,45.55,5117
2018-11-20,43.30,46.00,43.30,43.95,3537
2018-11-21,43.00,43.50,41.85,43.20,1885
2018-11-22,43.40,43.40,41.05,42.95,5787
2018-11-26,44.75,45.05,44.75,45.05,977
2018-11-27,47.30,47.30,43.40,47.30,5394
2018-11-28,49.00,49.65,47.05,49.65,7678
2018-11-29,49.00,52.10,47.30,51.95,10415
2018-11-30,52.10,54.50,51.00,53.10,12063
2018-12-03,53.10,55.70,53.10,54.00,2694
2018-12-04,54.00,55.70,53.00,53.35,2246
2018-12-05,50.70,54.00,50.70,51.00,700
2018-12-06,49.00,52.65,49.00,50.20,3290
2018-12-07,47.70,50.00,47.70,50.00,2461
2018-12-11,48.00,49.00,48.00,48.00,108
2018-12-12,48.00,50.35,45.60,47.00,2487
2018-12-13,48.00,49.00,45.65,47.50,786
2018-12-14,48.90,49.45,48.00,48.50,885
2018-12-17,48.00,48.50,46.20,46.40,1250
2018-12-18,45.00,48.45,44.10,47.35,2910
2018-12-19,45.10,47.50,45.10,46.50,171
2018-12-20,46.00,47.00,45.10,46.25,221
2018-12-21,45.00,47.00,44.00,45.00,2331
2018-12-24,44.00,47.00,42.80,46.90,216
2018-12-26,45.00,46.00,45.00,46.00,196
2018-12-27,43.80,48.00,43.80,45.20,794
2018-12-28,47.00,47.00,43.05,45.00,1163
2018-12-31,43.00,46.90,43.00,45.05,593
2019-01-01,45.00,46.75,42.80,44.50,920
2019-01-02,44.95,45.00,43.20,45.00,4574
2019-01-03,45.90,45.90,44.90,44.95,86
2019-01-04,44.00,44.45,43.00,44.35,1368
2019-01-07,44.90,46.55,42.40,45.05,8453
2019-01-08,44.55,47.30,44.55,47.30,325
2019-01-09,49.65,49.65,48.10,49.55,1503
2019-01-10,50.05,52.00,50.05,52.00,8971
2019-01-11,54.60,54.60,54.50,54.60,3838
2019-01-14,57.30,57.30,57.30,57.30,3715
2019-01-15,60.15,60.15,60.15,60.15,429
2019-01-16,63.15,63.15,63.15,63.15,951
2019-01-17,66.30,66.30,60.00,60.00,29063
2019-01-18,57.00,60.00,57.00,57.25,21890
2019-01-21,57.55,57.55,54.70,56.70,9487
2019-01-22,54.25,55.95,53.90,54.20,10182
2019-01-23,55.45,56.90,55.05,56.90,5548
2019-01-24,59.70,59.70,54.50,59.25,12743
2019-01-25,59.75,59.75,56.30,56.30,3184
2019-01-28,53.50,54.85,53.50,54.00,2223
2019-01-29,54.85,54.85,51.30,52.55,4196
2019-01-30,54.55,54.55,49.95,50.00,4100
2019-01-31,47.55,52.50,47.55,52.50,2958
2019-02-01,52.50,52.55,49.90,50.70,3402
2019-02-04,48.20,49.90,48.20,48.20,3056
2019-02-05,45.80,49.45,45.80,46.55,2734
2019-02-06,46.05,46.05,44.25,46.05,1420
2019-02-07,45.00,45.00,43.75,43.75,961
2019-02-08,44.00,44.00,41.60,42.00,1351
2019-02-11,41.00,41.90,39.90,39.90,2344
2019-02-12,38.55,41.85,38.55,41.85,4199
2019-02-13,40.50,43.90,39.80,43.90,5206
2019-02-14,46.00,46.05,42.40,46.05,3372
2019-02-15,48.35,48.35,46.50,48.35,3518
2019-02-18,48.50,50.00,48.35,49.40,2151
2019-02-19,47.00,50.55,47.00,48.85,496
2019-02-20,48.95,50.00,47.00,48.50,657
2019-02-21,46.95,50.25,46.10,49.90,2771
2019-02-22,49.90,49.90,47.45,47.70,8007
2019-02-25,46.60,46.65,45.35,45.70,1652
2019-02-26,45.00,47.50,44.00,44.70,2035
2019-02-27,42.75,46.80,42.50,42.50,2990
2019-02-28,42.50,44.20,40.55,43.00,937
2019-03-01,44.00,44.95,41.60,43.10,1683
2019-03-05,42.35,45.25,42.30,45.25,1355
2019-03-06,43.65,47.50,43.65,47.50,3451
2019-03-07,49.50,49.50,46.00,46.95,2156
2019-03-08,46.05,48.90,46.00,46.50,3033
2019-03-11,48.70,48.75,45.65,48.60,2190
2019-03-12,48.60,50.90,47.30,50.85,2543
2019-03-13,49.00,52.90,49.00,50.40,3526
2019-03-14,52.85,52.85,48.20,50.20,1951
2019-03-15,48.55,52.05,48.05,48.60,817
2019-03-18,48.95,50.50,46.25,48.60,2672
2019-03-19,47.05,50.50,47.00,48.45,2056
2019-03-20,47.30,49.55,46.65,47.35,4440
2019-03-22,48.30,48.45,45.00,45.15,3621
2019-03-25,46.25,46.25,43.00,43.55,3889
2019-03-26,41.95,45.45,41.95,42.55,3171
2019-03-27,44.15,44.50,41.05,41.10,5675
2019-03-28,41.50,43.15,41.30,43.15,5426
2019-03-29,41.75,44.75,41.75,43.00,2897
2019-04-01,44.00,45.10,43.05,43.85,3090
2019-04-02,44.00,45.95,44.00,44.00,780
2019-04-03,44.00,45.50,43.20,44.30,2976
2019-04-04,45.90,45.90,43.05,43.05,2773
2019-04-05,44.95,47.30,43.30,45.90,13146
2019-04-08,44.35,49.30,43.20,43.75,2996
2019-04-09,43.35,46.70,43.15,44.50,1130
2019-04-10,43.95,47.00,43.30,45.00,2500
2019-04-11,45.00,47.00,43.50,44.80,3358
2019-04-12,46.00,47.60,44.55,45.15,1008
2019-04-15,45.45,49.65,45.10,49.65,11872
2019-04-16,53.85,54.60,51.10,54.00,35525
2019-04-18,54.90,54.90,49.20,50.45,13226
2019-04-22,51.25,51.35,46.00,46.35,6815
2019-04-23,47.10,48.40,45.30,47.00,1764
2019-04-24,46.40,48.20,45.00,45.75,2639
2019-04-25,45.15,47.05,44.10,45.70,2119
2019-04-26,46.45,46.55,43.50,44.55,2739
2019-04-30,44.55,46.05,41.00,41.10,8328
2019-05-02,42.90,42.90,40.25,41.50,5147
2019-05-03,41.00,42.80,40.30,41.50,1505
2019-05-06,43.95,43.95,40.35,40.95,1407
2019-05-07,43.00,43.00,41.00,41.80,712
2019-05-08,42.00,42.00,37.65,37.65,13810
2019-05-09,37.10,40.80,36.00,39.60,2433
2019-05-10,39.60,40.90,39.60,40.05,65
2019-05-13,41.75,41.75,38.80,39.15,1029
2019-05-14,38.10,39.40,36.95,38.45,2966
2019-05-15,38.10,42.25,38.10,40.25,8768
2019-05-16,38.20,43.60,38.05,39.75,2313
2019-05-17,42.00,42.00,39.10,39.85,2509
2019-05-20,40.10,43.45,39.10,39.50,5997
2019-05-21,42.85,42.85,39.00,39.30,2194
2019-05-22,41.70,41.70,35.60,37.20,5115
2019-05-23,37.00,39.00,36.75,38.75,4157
2019-05-24,39.00,42.45,38.10,38.95,7802
2019-05-27,38.90,40.00,38.00,38.30,3645
2019-05-28,38.10,39.20,35.00,38.15,5940
2019-05-29,38.65,38.65,36.75,36.85,2208
2019-05-30,37.70,37.70,35.60,36.25,3764
2019-05-31,36.25,38.00,35.85,37.00,1550
2019-06-03,37.30,39.05,37.00,37.50,3363
2019-06-04,38.45,38.80,37.05,37.05,3706
2019-06-06,37.00,39.60,37.00,38.00,3960
2019-06-07,38.00,38.65,36.55,37.60,1993
2019-06-10,38.50,38.50,35.00,36.40,978
2019-06-11,35.10,40.35,33.30,34.80,7040
2019-06-12,34.00,36.00,33.00,33.90,3707
2019-06-13,34.65,34.75,32.70,34.15,257
2019-06-14,33.00,34.45,31.25,31.45,9072
2019-06-17,33.00,33.00,29.75,32.85,3711
2019-06-18,31.10,32.10,31.05,31.10,1808
2019-06-19,31.00,32.00,31.00,31.80,3598
2019-06-20,33.95,33.95,30.05,31.05,4772
2019-06-21,30.15,31.80,30.15,31.60,206
2019-06-24,30.00,32.45,29.50,31.35,2573
2019-06-25,33.00,34.95,30.05,31.20,1577
2019-06-26,31.05,34.70,30.80,31.10,2576
2019-06-27,33.30,34.00,30.15,31.60,3628
2019-06-28,32.90,35.40,30.20,30.50,8783
2019-07-01,32.55,32.55,29.95,29.95,2392
2019-07-02,30.00,32.95,29.30,30.25,2505
2019-07-03,29.35,31.10,29.35,29.65,13118
2019-07-04,30.95,30.95,29.25,29.45,6746
2019-07-05,29.85,32.00,27.50,29.15,4544
2019-07-08,31.90,32.35,27.95,28.35,2872
2019-07-09,28.40,29.85,26.90,27.00,10103
2019-07-10,26.90,28.20,24.45,26.70,7512
2019-07-11,26.70,29.00,26.00,26.65,4164
2019-07-12,25.45,27.30,24.95,25.10,2523
2019-07-15,25.55,25.55,24.00,24.15,6540
2019-07-16,24.00,27.00,24.00,24.95,3902
2019-07-17,25.95,26.50,23.70,24.10,7638
2019-07-18,23.70,28.40,22.25,23.45,6967
2019-07-19,23.00,25.45,23.00,23.80,3579
2019-07-22,23.80,23.95,22.40,22.70,1755
2019-07-23,22.50,24.40,21.15,23.35,803
2019-07-24,22.05,24.00,21.00,21.40,8077
2019-07-25,20.10,23.50,19.80,20.15,11355
2019-07-26,20.15,22.35,17.45,19.05,36622
2019-07-29,19.05,19.15,16.65,16.95,35270
2019-07-30,16.50,17.00,15.30,15.30,13705
2019-07-31,14.85,15.90,13.80,15.25,9297
2019-08-01,15.90,15.90,13.90,14.85,2135
2019-08-02,14.80,14.85,13.55,14.35,5945
2019-08-05,13.15,14.55,13.15,13.60,4313
2019-08-06,14.75,14.80,13.10,14.05,3409
2019-08-07,14.95,15.40,14.30,15.30,3014
2019-08-08,15.30,16.70,14.30,15.00,7813
2019-08-09,15.25,15.65,14.60,14.90,10220
2019-08-13,16.00,16.00,13.45,13.45,2573
2019-08-14,12.60,13.05,12.15,12.20,18765
2019-08-16,12.15,13.40,11.85,12.95,11594
2019-08-19,12.40,14.20,11.75,13.75,16956
2019-08-20,13.75,14.00,13.00,13.00,1953
2019-08-21,12.55,14.15,12.55,13.95,6227
2019-08-22,15.30,15.30,12.70,13.35,6426
2019-08-23,12.20,14.60,12.20,13.40,4055
2019-08-26,13.20,13.50,13.20,13.45,1015
2019-08-27,13.50,13.50,12.65,12.80,5297
2019-08-28,12.90,12.90,12.55,12.85,676
2019-08-29,12.15,12.20,11.80,12.00,2702
2019-08-30,12.70,12.70,11.20,12.45,655
2019-09-03,13.00,13.00,11.30,12.65,1156
2019-09-04,12.00,12.70,12.00,12.10,363
2019-09-05,11.40,12.00,11.05,11.45,4374
2019-09-06,11.70,12.55,11.25,12.35,6153
2019-09-09,12.00,13.55,12.00,13.50,3158
2019-09-11,14.45,14.85,13.40,14.05,5979
2019-09-12,14.10,15.20,13.50,14.75,6886
2019-09-13,14.85,15.65,13.55,14.65,8553
2019-09-16,14.15,14.75,14.00,14.75,3503
2019-09-17,15.45,15.45,14.10,14.30,2010
2019-09-18,14.00,14.75,13.80,13.85,923
2019-09-19,13.50,14.00,13.20,13.20,177412
2019-09-20,12.55,12.55,12.55,12.55,4024
2019-09-23,13.00,13.00,11.95,11.95,2959
2019-09-24,11.40,11.40,11.40,11.40,2380
2019-09-25,10.85,10.85,10.85,10.85,2635
2019-09-26,10.35,10.35,10.35,10.35,494
2019-09-27,9.85,9.90,9.85,9.85,7375
2019-09-30,9.85,9.85,9.40,9.40,2603
2019-10-01,8.95,8.95,8.95,8.95,905
2019-10-03,8.55,8.55,8.55,8.55,653
2019-10-04,8.15,8.15,8.15,8.15,3004
2019-10-07,7.75,7.75,7.75,7.75,2545
2019-10-09,7.40,7.50,7.40,7.40,2594
2019-10-10,7.05,7.05,7.05,7.05,600
2019-10-11,6.70,6.70,6.70,6.70,766
2019-10-14,6.50,6.50,6.40,6.40,380
2019-10-15,6.20,6.20,6.10,6.10,5776
2019-10-16,6.10,6.10,5.80,5.80,2423
2019-10-17,5.60,5.60,5.55,5.55,729
2019-10-18,5.55,5.80,5.30,5.75,17306
2019-10-22,6.00,6.00,5.50,5.75,9360
2019-10-23,5.75,5.75,5.50,5.75,26083
2019-10-24,5.75,5.75,5.50,5.50,28600
2019-10-25,5.50,5.50,5.05,5.05,3206
2019-10-29,5.00,5.30,5.00,5.10,32686
2019-10-30,5.20,5.35,4.90,4.95,29190
2019-10-31,5.00,5.00,4.75,4.75,23246
2019-11-01,4.75,4.75,4.55,4.70,8015
2019-11-04,4.90,4.90,4.50,4.50,16994
2019-11-05,4.45,4.45,4.30,4.30,16476
2019-11-06,4.30,4.30,4.10,4.30,15542
2019-11-07,4.50,4.50,4.10,4.10,24019
2019-11-08,3.90,4.10,3.90,4.10,6605
2019-11-11,4.30,4.30,3.90,4.00,35432
2019-11-13,4.00,4.00,3.80,3.80,20628
2019-11-14,3.65,3.65,3.65,3.65,22525
2019-11-15,3.50,3.75,3.50,3.50,4668
2019-11-18,3.60,3.60,3.35,3.35,13176
2019-11-19,3.30,3.45,3.20,3.20,35910
2019-11-20,3.20,3.35,3.05,3.25,128207
2019-11-21,3.40,3.40,3.30,3.40,17561
2019-11-22,3.55,3.55,3.55,3.55,1761
2019-11-25,3.70,3.70,3.70,3.70,185
2019-11-26,3.85,3.85,3.85,3.85,566
2019-11-27,4.00,4.00,4.00,4.00,1028
2019-11-28,4.20,4.20,4.20,4.20,3144
2019-11-29,4.40,4.40,4.40,4.40,710
2019-12-02,4.60,4.60,4.60,4.60,6195
2019-12-03,4.80,4.80,4.80,4.80,9531
2019-12-04,5.00,5.00,5.00,5.00,9024
2019-12-05,5.25,5.25,5.25,5.25,715
2019-12-06,5.50,5.50,5.50,5.50,1356
2019-12-09,5.75,5.75,5.75,5.75,1632
2019-12-10,6.00,6.00,6.00,6.00,9987
2019-12-11,6.30,6.30,6.30,6.30,1940
2019-12-12,6.60,6.60,6.60,6.60,2404
2019-12-13,6.90,6.90,6.90,6.90,2122
2019-12-16,7.20,7.20,7.20,7.20,1711
2019-12-17,7.55,7.55,7.55,7.55,3747
2019-12-18,7.90,7.90,7.90,7.90,3007
2019-12-19,8.25,8.25,8.25,8.25,4232
2019-12-20,8.65,8.65,8.65,8.65,2712
2019-12-23,9.05,9.05,9.05,9.05,2450
2019-12-24,9.50,9.50,9.50,9.50,13774
2019-12-26,9.95,9.95,9.05,9.05,37000
2019-12-27,8.60,8.60,8.60,8.60,5959
2019-12-30,8.20,8.20,8.20,8.20,5872
2019-12-31,7.80,7.80,7.80,7.80,4960
2020-01-01,7.45,7.45,7.45,7.45,30176
2020-01-02,7.80,7.80,7.10,7.10,13553
2020-01-03,6.75,6.75,6.75,6.75,20564
2020-01-06,6.45,7.05,6.45,6.85,27223
2020-01-07,6.55,7.15,6.55,7.15,6868
2020-01-08,7.15,7.25,6.80,7.15,5251
2020-01-09,6.80,7.50,6.80,6.95,20377
2020-01-10,7.25,7.25,6.85,6.95,3132
2020-01-13,6.85,7.20,6.85,7.20,1951
2020-01-14,6.85,7.40,6.85,7.25,4265
2020-01-15,7.25,7.60,6.90,7.15,9464
2020-01-16,7.15,7.45,6.90,7.45,1315
2020-01-17,7.40,7.45,7.10,7.20,5340
2020-01-20,7.40,7.50,6.95,7.45,11722
2020-01-21,7.55,7.75,7.10,7.20,1274
2020-01-22,6.85,7.45,6.85,7.40,16504
2020-01-23,7.10,7.50,7.05,7.45,1816
2020-01-24,7.10,7.35,7.10,7.10,4556
2020-01-27,7.10,7.35,6.75,6.75,15997
2020-01-28,7.00,7.05,7.00,7.05,537
2020-01-29,7.40,7.40,6.75,7.35,695
2020-01-30,7.00,7.40,7.00,7.00,2526
2020-01-31,6.95,7.15,6.65,7.10,2004
2020-02-01,6.75,7.30,6.75,7.20,1447
2020-02-03,6.85,7.40,6.85,7.35,3441
2020-02-04,7.00,7.20,7.00,7.20,1286
2020-02-05,6.85,7.10,6.85,7.10,2451
2020-02-06,6.80,7.25,6.80,7.20,1999
2020-02-07,7.35,7.35,6.90,6.90,1607
2020-02-10,6.60,7.20,6.60,7.00,3382
2020-02-11,6.75,7.15,6.75,7.15,6150
2020-02-12,6.80,7.10,6.80,7.10,2972
2020-02-13,7.10,7.15,6.75,7.10,4500
2020-02-14,6.75,7.05,6.75,7.05,437
2020-02-17,7.15,7.15,7.00,7.00,750
2020-02-18,6.90,7.10,6.65,6.65,1734
2020-02-19,6.65,6.90,6.35,6.90,6512
2020-02-20,6.90,6.95,6.60,6.90,4490
2020-02-24,6.80,6.95,6.60,6.75,738
2020-02-25,6.50,6.50,6.45,6.45,1515
2020-02-26,6.15,6.15,6.15,6.15,1014
2020-02-27,5.85,5.85,5.85,5.85,1912
2020-02-28,5.60,5.60,5.60,5.60,419
2020-03-02,5.35,5.55,5.35,5.40,2008
2020-03-03,5.15,5.15,5.15,5.15,313
2020-03-04,4.90,4.90,4.90,4.90,9592
2020-03-05,4.70,4.70,4.70,4.70,29
2020-03-06,4.50,4.50,4.50,4.50,274
2020-03-09,4.30,4.30,4.30,4.30,2562
2020-03-11,4.30,4.45,4.10,4.40,2476
2020-03-12,4.40,4.40,4.30,4.35,709
2020-03-13,4.25,4.25,4.25,4.25,200
2020-03-16,4.05,4.45,4.05,4.45,14891
2020-03-17,4.60,4.60,4.25,4.60,4946
2020-03-18,4.40,4.70,4.40,4.40,3403
2020-03-19,4.40,4.40,4.20,4.35,2126
2020-03-20,4.15,4.45,4.15,4.15,1148
2020-03-23,4.15,4.20,3.95,4.00,5322
2020-03-24,4.00,4.00,3.80,4.00,1476
2020-03-25,3.80,3.80,3.80,3.80,7557
2020-03-26,3.80,3.95,3.65,3.65,8464
2020-03-27,3.50,3.55,3.50,3.55,1525
2020-03-30,3.70,3.70,3.40,3.40,1046
2020-03-31,3.40,3.40,3.25,3.25,6185
2020-04-01,3.40,3.40,3.20,3.20,9784
2020-04-03,3.35,3.35,3.35,3.35,23
2020-04-07,3.35,3.50,3.35,3.50,3330
2020-04-08,3.50,3.65,3.50,3.65,478
2020-04-09,3.65,4.00,3.65,4.00,868
2020-04-13,4.05,4.25,4.00,4.25,596
2020-04-15,4.50,4.50,4.40,4.40,2554
2020-04-16,4.50,4.80,4.05,4.80,2621
2020-04-17,5.00,5.00,5.00,5.00,3073
2020-04-20,5.25,5.25,5.25,5.25,2778
2020-04-21,5.50,5.50,5.50,5.50,4144
2020-04-22,5.75,5.75,5.75,5.75,1284
2020-04-23,5.75,6.00,5.50,6.00,14428
2020-04-24,6.25,6.30,5.75,5.95,8731
2020-04-27,6.20,6.20,5.70,5.95,742
2020-04-28,5.80,5.80,5.70,5.70,1600
2020-04-29,5.60,5.70,5.55,5.55,1400
2020-04-30,5.55,5.75,5.45,5.75,6772
2020-05-04,5.50,6.00,5.50,5.75,2777
2020-05-05,6.00,6.00,5.50,5.55,4595
2020-05-06,5.60,5.80,5.60,5.80,835
2020-05-07,5.80,5.80,5.55,5.80,531
2020-05-08,5.80,5.80,5.55,5.55,1742
2020-05-11,5.55,5.60,5.30,5.30,2613
2020-05-12,5.05,5.05,5.05,5.05,1595
2020-05-13,4.80,5.00,4.80,4.80,31705
2020-05-14,4.80,4.80,4.60,4.60,3883
2020-05-15,4.45,4.45,4.40,4.40,3818
2020-05-18,4.20,4.20,4.20,4.20,803
2020-05-19,4.00,4.05,4.00,4.00,2660
2020-05-20,3.80,3.85,3.80,3.80,5454
2020-05-21,3.65,3.95,3.65,3.65,29208
2020-05-22,3.65,3.65,3.50,3.50,3867
2020-05-26,3.50,3.50,3.35,3.50,10320
2020-05-27,3.65,3.65,3.45,3.65,16188
2020-05-28,3.70,3.80,3.70,3.80,1682
2020-05-29,3.95,3.95,3.95,3.95,2108
2020-06-01,3.95,4.10,3.90,4.10,3437
2020-06-02,4.30,4.30,4.30,4.30,2578
2020-06-03,4.50,4.50,4.50,4.50,1066
2020-06-04,4.70,4.70,4.70,4.70,860
2020-06-05,4.70,4.90,4.70,4.85,15290
2020-06-08,5.00,5.05,5.00,5.05,3313
2020-06-09,5.05,5.30,5.00,5.30,8461
2020-06-10,5.55,5.55,5.55,5.55,13867
2020-06-11,5.80,5.80,5.80,5.80,3188
2020-06-12,6.05,6.05,6.05,6.05,14679
2020-06-15,6.30,6.35,6.30,6.35,8645
2020-06-16,6.65,6.65,6.35,6.65,13218
2020-06-17,6.95,6.95,6.95,6.95,5910
2020-06-18,7.25,7.25,7.25,7.25,5542
2020-06-19,7.60,7.60,7.60,7.60,1265
2020-06-22,7.95,7.95,7.95,7.95,14831
2020-06-23,8.30,8.30,8.25,8.30,784312
2020-06-24,8.65,8.70,8.60,8.70,14922
2020-06-25,9.10,9.10,9.10,9.10,5658
2020-06-26,9.55,9.55,9.55,9.55,6177
2020-06-29,10.00,10.00,10.00,10.00,8601
2020-06-30,10.50,10.50,9.50,9.50,116129
2020-07-01,9.05,9.05,9.05,9.05,5730
2020-07-02,8.60,8.60,8.60,8.60,3490
2020-07-03,8.20,9.00,8.20,8.35,51255
2020-07-06,8.75,8.75,7.95,8.60,42151
2020-07-07,8.95,8.95,8.20,8.20,13025
2020-07-08,8.20,8.60,7.80,8.55,11351
2020-07-09,8.60,8.60,8.45,8.45,159
2020-07-10,8.05,8.50,8.05,8.10,2996
2020-07-13,8.10,8.45,7.70,8.20,17805
2020-07-14,7.85,7.85,7.85,7.85,361
2020-07-15,7.50,7.50,7.50,7.50,4763
2020-07-16,7.80,7.80,7.15,7.20,18011
2020-07-17,6.85,7.20,6.85,7.05,15855
2020-07-20,6.75,7.40,6.70,7.40,19502
2020-07-21,7.50,7.70,7.05,7.10,12700
2020-07-22,7.10,7.15,6.75,7.15,3178
2020-07-23,7.20,7.50,7.20,7.50,8939
2020-07-24,7.20,7.85,7.20,7.50,36862
2020-07-27,7.85,7.85,7.15,7.45,3536
2020-07-28,7.10,7.80,7.10,7.25,728
2020-07-29,7.25,7.50,7.20,7.25,1035
2020-07-30,7.45,7.60,6.90,6.95,4612
2020-07-31,6.65,7.20,6.65,6.70,1379
2020-08-03,6.40,6.40,6.40,6.40,6102
2020-08-04,6.10,6.70,6.10,6.70,16918
2020-08-05,7.00,7.00,6.70,7.00,4260
2020-08-06,7.05,7.30,7.05,7.25,5516
2020-08-07,7.25,7.25,7.05,7.05,39085
2020-08-10,7.10,7.40,7.05,7.10,7271
2020-08-11,7.25,7.25,6.80,7.25,14089
2020-08-12,7.05,7.15,7.00,7.15,275
2020-08-13,7.15,7.40,6.85,7.10,14366
2020-08-14,7.45,7.45,7.15,7.20,22157
2020-08-17,7.45,7.55,7.45,7.50,22308
2020-08-18,7.50,7.85,7.45,7.50,19547
2020-08-19,7.50,7.85,7.25,7.55,72675
2020-08-20,7.50,7.85,7.50,7.55,24922
2020-08-21,7.85,7.90,7.80,7.90,416803
2020-08-24,8.25,8.25,8.25,8.25,5921
2020-08-25,8.65,8.65,8.65,8.65,11853
2020-08-26,9.05,9.05,9.05,9.05,6009
2020-08-27,9.50,9.50,9.50,9.50,3354
2020-08-28,9.95,9.95,9.95,9.95,10176
2020-08-31,10.40,10.40,9.50,10.40,102750
2020-09-01,10.90,10.90,9.90,10.90,51301
2020-09-02,11.40,11.40,11.40,11.40,80719
2020-09-03,11.95,11.95,11.95,11.95,7955
2020-09-04,11.95,12.50,11.95,12.50,25355
2020-09-07,13.10,13.10,13.10,13.10,13440
2020-09-08,13.75,13.75,13.75,13.75,5526
2020-09-09,14.40,14.40,13.10,13.10,44523
2020-09-10,12.45,12.45,12.45,12.45,7578
2020-09-11,11.85,11.85,11.85,11.85,8302
2020-09-14,11.30,12.40,11.30,12.25,86794
2020-09-15,12.85,12.85,12.40,12.65,15756
2020-09-16,12.95,12.95,12.05,12.70,30183
2020-09-17,12.65,12.70,12.10,12.65,19777
2020-09-18,12.90,12.90,12.05,12.05,11440
2020-09-21,12.05,12.50,11.45,11.45,10436
2020-09-22,11.25,11.40,10.90,11.40,3990
2020-09-23,11.00,11.95,10.85,11.95,18312
2020-09-24,11.95,12.50,11.40,11.40,3222
2020-09-25,11.40,11.80,10.85,11.70,2706
2020-09-28,11.70,11.70,11.15,11.15,958
2020-09-29,11.70,11.70,10.60,10.60,1095
2020-09-30,11.10,11.10,10.10,10.80,4435
2020-10-01,11.30,11.30,10.30,10.30,9213
2020-10-05,9.80,10.80,9.80,10.75,7627
2020-10-06,10.25,11.25,10.25,11.20,17239
2020-10-07,10.65,11.50,10.65,11.25,13509
2020-10-08,10.70,11.65,10.70,10.70,3294
2020-10-09,10.70,11.15,10.20,10.70,4421
2020-10-12,10.90,11.15,10.20,10.20,2660
2020-10-13,9.75,10.70,9.75,10.70,9571
2020-10-14,10.20,10.20,10.20,10.20,2000
2020-10-15,9.70,10.10,9.70,9.70,12630
2020-10-16,9.25,10.00,9.25,9.30,4635
2020-10-19,8.90,9.75,8.90,9.75,3887
2020-10-20,10.00,10.00,9.35,9.95,2915
2020-10-21,9.50,9.95,9.50,9.95,2652
2020-10-22,9.50,9.95,9.50,9.85,3096
2020-10-23,9.40,9.95,9.40,9.45,6567
2020-10-26,9.45,9.70,9.00,9.40,1154
2020-10-27,9.85,9.85,8.95,8.95,11792
2020-10-28,9.30,9.30,8.55,8.55,10375
2020-10-29,8.20,8.80,8.15,8.50,668
2020-10-30,8.20,8.90,8.10,8.90,3327
2020-11-02,9.30,9.30,9.00,9.00,1135
2020-11-03,9.20,9.20,8.60,9.20,2958
2020-11-04,9.20,9.20,8.75,8.95,2401
2020-11-05,9.30,9.35,8.55,9.00,5921
2020-11-06,9.45,9.45,8.55,8.55,4556
2020-11-09,8.55,8.95,8.25,8.95,2720
2020-11-10,9.35,9.35,8.55,8.55,13312
2020-11-11,8.85,8.95,8.45,8.95,14650
2020-11-12,9.35,9.35,8.60,9.35,2890
2020-11-13,9.80,9.80,9.10,9.80,7748
2020-11-14,10.25,10.25,9.40,10.25,146
2020-11-17,10.50,10.75,10.10,10.75,9495
2020-11-18,10.75,11.25,10.25,10.35,45313
2020-11-19,10.50,10.85,9.85,10.50,11424
2020-11-20,11.00,11.00,10.00,11.00,12373
2020-11-23,11.55,11.55,11.55,11.55,4303
2020-11-24,12.10,12.10,11.75,12.10,17891
2020-11-25,12.70,12.70,12.10,12.70,24280
2020-11-26,13.25,13.30,12.10,13.30,100498
2020-11-27,13.90,13.95,13.90,13.95,10442
2020-12-01,14.60,14.60,13.30,14.50,43487
2020-12-02,15.15,15.20,14.55,15.20,11249
2020-12-03,15.95,15.95,15.05,15.95,48450
2020-12-04,16.70,16.70,15.20,16.70,19663
2020-12-07,17.20,17.20,15.90,16.50,26940
2020-12-08,16.50,16.50,15.70,15.80,7137
2020-12-09,16.45,16.55,15.25,16.55,17326
2020-12-10,17.30,17.35,15.90,16.20,9940
2020-12-11,16.95,17.00,16.00,16.80,12840
2020-12-14,16.80,17.55,16.50,16.55,42274
2020-12-15,15.75,17.20,15.75,16.25,34370
2020-12-16,16.00,16.25,16.00,16.00,23433
2020-12-17,16.80,16.80,15.50,16.00,21378
2020-12-18,15.35,16.80,15.35,16.70,6697
2020-12-21,16.80,16.90,16.00,16.90,27645
2020-12-22,16.15,16.15,16.10,16.10,3461
2020-12-23,16.10,16.40,15.30,16.15,2492
2020-12-24,16.45,16.95,15.35,15.55,7348
2020-12-28,16.30,16.30,14.80,14.80,16527
2020-12-29,15.00,15.50,14.75,15.50,39410
2020-12-30,15.50,16.20,15.05,15.95,6025
2020-12-31,15.95,16.70,15.95,16.70,10745
2021-01-01,17.50,17.50,16.00,17.50,17479
2021-01-04,18.35,18.35,16.65,18.20,11242
2021-01-05,18.20,18.75,17.30,18.05,47119
2021-01-06,18.05,18.10,17.15,17.50,9392
2021-01-07,17.50,18.00,17.50,17.70,5508
2021-01-08,18.55,18.55,16.95,17.25,9841
2021-01-11,18.00,18.00,16.40,17.25,6632
2021-01-12,17.95,17.95,16.40,16.95,3400
2021-01-13,16.20,16.85,16.15,16.15,6050
2021-01-14,15.85,15.85,15.35,15.35,4838
2021-01-15,14.80,16.05,14.80,15.60,3432
2021-01-18,15.95,15.95,14.85,15.90,872
2021-01-19,16.65,16.65,15.15,15.25,12401
2021-01-20,15.60,16.00,15.15,16.00,1926
2021-01-21,16.40,16.40,15.20,16.20,2740
2021-01-22,15.55,16.25,15.40,16.15,1714
2021-01-25,16.15,16.15,15.35,15.35,1547
2021-01-27,14.65,14.80,14.60,14.60,1840
2021-01-28,13.90,14.60,13.90,14.00,2323
2021-01-29,14.70,14.70,14.25,14.70,1178
2021-02-01,15.20,15.40,14.70,15.40,1036
2021-02-02,15.85,15.90,15.00,15.05,14722
2021-02-03,15.50,15.80,15.05,15.80,6002
2021-02-04,15.20,15.75,15.05,15.75,5980
2021-02-05,16.45,17.30,15.10,17.30,58912
2021-02-08,18.75,19.00,17.30,19.00,38999
2021-02-09,20.00,20.35,18.00,18.20,18623
2021-02-10,18.20,18.20,16.75,17.65,6473
2021-02-11,19.00,19.40,18.00,19.00,42740
2021-02-12,19.95,19.95,19.90,19.95,29986
2021-02-15,20.90,20.90,20.90,20.90,5745
2021-02-16,21.90,21.90,21.90,21.90,7575
2021-02-17,22.95,22.95,22.95,22.95,8982
2021-02-18,24.05,24.05,24.05,24.05,252008
2021-02-19,24.60,25.25,22.85,25.10,82165
2021-02-22,25.60,26.35,25.60,26.35,31640
2021-02-23,27.65,27.65,25.05,26.10,69186
2021-02-24,27.15,27.40,24.90,25.45,30692
2021-02-25,24.50,26.85,24.35,24.35,29311
2021-02-26,23.15,25.00,23.15,24.00,10590
2021-03-01,22.85,25.20,22.85,25.20,5968
2021-03-02,26.45,26.45,23.95,23.95,13719
2021-03-03,22.85,24.95,22.80,22.85,7852
2021-03-04,23.35,23.95,21.75,21.85,15553
2021-03-05,21.85,22.90,21.15,22.00,3171
2021-03-08,23.10,23.10,21.10,22.85,8329
2021-03-09,23.00,23.95,21.90,21.90,3883
2021-03-10,21.10,22.95,20.85,20.85,23346
2021-03-12,20.90,21.85,19.85,21.80,25462
2021-03-15,21.85,21.85,20.75,20.75,1428
2021-03-16,20.10,21.70,19.80,21.10,2397
2021-03-17,20.10,21.20,20.10,20.25,4706
2021-03-18,21.15,21.15,19.30,19.50,5005
2021-03-19,18.60,20.25,18.55,19.45,8684
2021-03-22,20.00,20.00,18.50,18.50,5892
2021-03-23,19.40,19.40,17.60,18.95,2723
2021-03-24,18.95,19.85,18.10,19.85,3534
2021-03-25,19.85,20.80,18.90,19.50,13771
2021-03-26,18.55,20.25,18.55,20.20,2239
2021-03-30,20.20,20.20,19.20,19.25,1771
2021-03-31,19.25,20.20,19.00,20.15,2104
2021-04-01,20.95,21.00,19.20,19.45,13327
2021-04-05,20.40,20.40,18.60,20.40,16049
2021-04-06,21.40,21.40,20.40,20.45,4463
2021-04-07,21.40,21.45,19.55,21.45,28621
2021-04-08,22.20,22.50,22.20,22.50,3758
2021-04-09,23.60,23.60,23.60,23.60,10030
2021-04-12,24.75,24.75,24.75,24.75,14056
2021-04-13,23.55,25.95,23.55,25.95,20992
2021-04-15,27.20,27.20,24.70,24.75,54535
2021-04-16,25.80,25.80,23.55,24.20,15747
2021-04-19,25.40,25.40,23.00,24.30,1266
2021-04-20,24.30,25.15,23.10,23.10,4483
2021-04-22,22.00,22.65,21.95,21.95,2348
2021-04-23,22.60,22.60,21.20,22.20,3278
2021-04-26,21.10,23.30,21.10,21.45,9551
2021-04-27,20.40,22.50,20.40,21.80,2917
2021-04-28,22.80,22.80,20.80,21.90,2366
2021-04-29,21.90,22.30,20.95,21.10,2328
2021-04-30,22.10,22.15,21.60,22.15,4080
2021-05-03,22.45,23.25,22.40,22.80,5707
2021-05-04,23.05,23.90,21.80,23.70,12344
2021-05-05,24.20,24.85,23.35,24.75,19774
2021-05-06,25.95,25.95,24.50,24.90,21542
2021-05-07,24.50,25.50,23.70,24.25,5331
2021-05-10,25.40,25.45,24.25,25.10,6021
2021-05-11,25.30,26.35,24.20,26.25,37503
2021-05-12,27.40,27.55,26.50,27.55,24508
2021-05-14,28.90,28.90,26.35,27.85,13258
2021-05-17,27.85,28.25,26.50,27.50,17977
2021-05-18,28.45,28.45,26.15,26.15,23214
2021-05-19,26.30,27.45,26.30,27.00,11975
2021-05-20,26.50,28.25,25.70,26.15,4430
2021-05-21,25.20,26.90,24.85,25.40,44253
2021-05-24,25.40,26.30,24.50,25.50,11763
2021-05-25,25.00,26.10,24.30,25.65,14619
2021-05-26,25.65,26.50,24.45,26.20,17361
2021-05-27,26.90,26.90,24.95,25.30,11739
2021-05-28,25.00,25.60,25.00,25.50,7295
2021-05-31,25.00,25.85,24.25,24.70,18237
2021-06-01,24.10,25.00,23.55,23.75,7245
2021-06-02,23.75,24.60,22.70,23.35,8675
2021-06-03,23.75,24.50,22.20,23.85,10582
2021-06-04,24.00,24.45,23.25,23.85,5653
2021-06-07,24.45,25.00,23.25,24.80,7604
2021-06-08,25.00,25.25,23.75,24.95,4135
2021-06-09,25.45,25.60,24.10,24.90,4775
2021-06-10,25.00,25.00,23.85,24.35,7098
2021-06-11,24.25,24.25,23.15,23.60,7186
2021-06-14,23.60,24.30,22.65,23.60,7667
2021-06-15,23.60,24.75,23.00,24.20,18934
2021-06-16,24.00,25.25,23.00,23.10,30146
2021-06-17,23.60,23.60,21.95,22.05,25102
2021-06-18,22.65,22.65,20.95,22.05,10636
2021-06-21,21.60,22.50,20.95,20.95,15216
2021-06-22,20.05,21.80,20.05,20.70,9303
2021-06-23,21.00,21.45,19.90,20.85,16108
2021-06-24,20.90,21.30,20.00,20.55,12708
2021-06-25,20.95,20.95,19.55,20.20,5202
2021-06-28,19.80,20.90,19.80,20.50,14150
2021-06-29,21.50,21.50,20.95,21.50,19298
2021-06-30,22.45,22.55,22.45,22.55,10325
2021-07-01,23.65,23.65,23.65,23.65,1557
2021-07-02,24.80,24.80,24.65,24.75,44644
2021-07-05,25.95,25.95,23.55,25.95,28688
2021-07-06,27.20,27.20,27.20,27.20,76251
2021-07-07,28.55,28.55,25.85,25.95,19244
2021-07-08,25.50,25.90,24.70,24.70,7633
2021-07-09,25.80,25.90,24.70,25.90,13410
2021-07-12,26.00,27.10,24.65,24.95,17137
2021-07-13,25.30,26.10,24.00,25.85,9758
2021-07-14,26.15,26.15,24.60,25.15,10724
2021-07-15,24.80,24.80,23.90,24.05,7227
2021-07-16,24.05,25.25,23.15,25.25,6710
2021-07-19,26.25,26.25,24.00,24.15,20236
2021-07-20,23.50,25.00,22.95,23.00,19109
2021-07-22,23.00,24.15,23.00,23.85,6931
2021-07-23,24.30,24.90,22.95,24.00,15335
2021-07-26,23.55,24.85,22.80,23.45,5919
2021-07-27,24.30,24.30,22.50,22.70,3384
2021-07-28,23.75,23.75,21.60,21.60,18128
2021-07-29,20.60,21.45,20.55,20.55,13893
2021-07-30,19.55,21.55,19.55,21.55,22086
2021-08-02,22.40,22.60,21.55,22.45,18489
2021-08-03,22.95,23.25,21.65,22.45,11104
2021-08-04,22.90,22.90,21.55,22.00,8777
2021-08-05,22.00,22.00,20.90,20.90,14522
2021-08-06,20.15,21.70,19.90,20.75,16057
2021-08-09,19.75,21.55,19.75,19.90,24164
2021-08-10,19.55,20.00,18.95,18.95,21561
2021-08-11,19.40,19.40,18.05,18.05,9043
2021-08-12,18.15,18.70,17.15,17.20,81617
2021-08-13,17.20,17.85,17.00,17.45,24953
2021-08-16,17.90,17.90,16.60,17.00,8485
2021-08-17,17.35,17.35,16.15,16.15,16992
2021-08-18,16.15,16.65,15.85,15.90,14450
2021-08-20,16.50,16.50,15.25,16.15,12694
2021-08-23,16.75,16.80,15.35,15.35,12219
2021-08-24,15.05,15.70,14.60,14.95,9843
2021-08-25,15.20,15.65,14.50,15.65,14423
2021-08-26,16.30,16.30,15.50,15.95,2682
2021-08-27,16.60,16.70,15.50,16.70,39011
2021-08-30,17.40,17.50,17.10,17.50,7736
2021-08-31,18.35,18.35,16.65,18.00,21678
2021-09-01,18.00,18.85,17.10,17.20,46628
2021-09-02,17.90,18.05,17.60,18.05,4363
2021-09-03,18.90,18.95,17.30,18.35,13528
2021-09-06,18.00,19.15,17.45,17.45,20103
2021-09-07,17.95,18.00,16.70,16.95,17188
2021-09-08,17.60,17.65,16.20,16.30,25198
2021-09-09,16.35,17.05,15.65,15.80,84600
2021-09-13,15.80,16.10,15.05,15.05,93944
2021-09-14,15.45,15.45,14.75,14.95,23656
2021-09-15,15.00,15.45,15.00,15.40,13099
2021-09-16,15.95,15.95,14.80,15.25,20471
2021-09-17,15.80,15.80,14.90,15.00,12865
2021-09-20,15.35,15.35,14.35,14.90,21995
2021-09-21,15.30,15.30,14.50,14.65,12812
2021-09-22,14.65,15.35,14.60,15.35,55987
2021-09-23,16.10,16.10,14.75,14.95,59690
2021-09-24,15.15,15.60,14.70,15.00,23945
2021-09-27,15.50,15.75,14.60,14.95,47357
2021-09-28,15.00,15.55,14.60,15.10,24825
2021-09-29,15.20,15.35,14.80,14.95,14767
2021-09-30,15.60,15.65,14.35,14.85,105103
2021-10-01,14.95,15.20,14.40,14.65,64473
2021-10-04,14.85,15.30,14.85,14.95,24419
2021-10-05,14.95,15.40,14.70,14.95,33272
2021-10-06,14.95,15.20,14.60,14.70,58150
2021-10-07,15.10,15.25,13.95,14.75,70430
2021-10-08,14.55,15.25,14.25,14.40,82308
2021-10-11,15.00,15.10,14.30,14.55,81025
2021-10-12,14.95,15.05,14.40,14.50,36964
2021-10-13,14.90,15.95,14.50,15.95,76243
2021-10-14,17.45,17.50,17.45,17.50,114660
2021-10-18,19.25,19.25,17.50,17.75,209547
2021-10-19,19.00,19.00,16.00,16.85,122317
2021-10-20,18.20,18.20,16.00,16.35,41183
2021-10-21,17.00,17.65,15.20,15.50,61911
2021-10-22,16.50,16.50,15.50,15.65,33527
2021-10-25,15.65,16.35,15.00,15.55,40259
2021-10-26,16.45,16.45,14.75,15.05,55845
2021-10-27,15.85,15.85,14.50,15.05,32260
2021-10-28,15.15,15.40,14.10,14.50,25643
2021-10-29,14.05,15.95,14.00,15.55,50309
2021-11-01,15.90,16.30,15.10,15.25,28403
2021-11-02,16.00,16.75,14.80,16.65,139582
2021-11-03,17.00,18.30,16.95,17.75,165890
2021-11-04,18.50,19.50,18.45,19.50,41954
2021-11-08,20.45,20.45,20.00,20.45,52865
2021-11-09,20.80,21.45,19.50,19.70,114498
2021-11-10,19.70,20.50,19.15,19.45,58214
2021-11-11,20.25,20.25,18.50,18.55,61755
2021-11-12,18.55,19.10,17.65,17.80,66893
2021-11-15,17.00,17.45,16.95,16.95,27843
2021-11-16,16.95,17.75,16.15,16.60,61225
2021-11-17,16.65,16.90,16.15,16.70,11618
2021-11-18,17.20,17.50,15.90,16.10,129185
2021-11-22,16.70,16.70,15.65,16.40,29597
2021-11-23,16.75,17.20,16.00,17.15,27343
2021-11-24,17.50,18.00,16.90,17.85,30256
2021-11-25,17.40,18.70,17.40,18.70,42488
2021-11-26,19.60,19.60,18.05,18.95,127886
2021-11-29,18.40,18.85,18.05,18.05,25424
2021-11-30,17.30,17.80,17.15,17.15,37929
2021-12-01,16.90,18.00,16.70,18.00,53751
2021-12-02,18.80,18.90,17.55,18.70,21260
2021-12-03,18.75,19.60,18.20,19.50,84743
2021-12-06,20.45,20.45,19.15,20.45,45152
2021-12-07,21.45,21.45,21.10,21.45,26289
2021-12-08,22.50,22.50,22.15,22.50,55808
2021-12-09,23.60,23.60,23.30,23.60,36158
2021-12-10,24.75,24.75,22.45,22.60,131571
2021-12-13,22.60,22.60,21.50,21.55,96922
2021-12-14,22.25,22.25,20.50,20.95,54292
2021-12-15,20.25,21.95,20.25,21.95,44503
2021-12-16,22.95,23.00,22.05,23.00,39164
2021-12-17,24.05,24.05,22.10,23.05,75599
2021-12-20,23.35,23.35,21.90,22.45,36467
2021-12-21,23.00,23.00,21.85,21.90,16826
2021-12-22,21.50,22.85,21.50,22.25,19190
2021-12-23,22.75,22.95,21.45,22.70,17185
2021-12-24,23.20,23.20,21.60,21.90,19544
2021-12-27,22.55,22.65,21.75,22.20,20515
2021-12-28,22.60,23.30,22.00,23.30,67285
2021-12-29,23.45,24.45,22.65,22.80,25119
2021-12-30,23.30,23.30,22.00,22.10,52956
2021-12-31,22.50,23.10,21.00,22.10,60083
2022-01-03,22.80,23.20,22.25,23.20,33233
2022-01-04,24.35,24.35,22.65,23.65,58990
2022-01-05,24.35,24.80,22.70,24.80,67345
2022-01-06,26.00,26.00,26.00,26.00,31895
2022-01-07,27.30,27.30,27.30,27.30,24945
2022-01-10,28.65,28.65,28.65,28.65,17224
2022-01-11,30.05,30.05,30.05,30.05,7559
2022-01-12,31.55,31.55,31.55,31.55,39621
2022-01-13,33.10,33.10,31.10,33.10,142242
2022-01-14,34.75,34.75,34.75,34.75,35134
2022-01-17,36.45,36.45,33.05,36.45,313202
2022-01-18,38.25,38.25,37.25,38.25,123998
2022-01-19,40.00,40.15,39.15,40.15,87803
2022-01-20,42.00,42.15,40.50,42.15,125728
2022-01-21,44.25,44.25,43.00,44.20,168916
2022-01-24,43.80,43.80,42.00,42.00,12907
2022-01-25,39.90,39.90,39.90,39.90,1928
2022-01-27,37.95,37.95,37.95,37.95,4746
2022-01-28,36.10,36.10,36.10,36.10,1522
2022-01-31,34.30,34.30,34.30,34.30,2287
2022-02-01,32.60,32.60,32.60,32.60,3626
2022-02-02,31.00,31.00,31.00,31.00,2979
2022-02-03,29.45,32.55,29.45,32.55,86990
2022-02-04,34.15,34.15,34.15,34.15,32321
2022-02-07,35.85,35.85,35.85,35.85,42888
2022-02-08,37.60,37.60,34.10,34.50,52756
2022-02-09,32.85,35.75,32.85,33.45,11842
2022-02-10,33.45,34.90,31.80,31.90,11688
2022-02-11,30.40,33.45,30.35,32.70,13933
2022-02-14,31.10,31.10,31.10,31.10,5490
2022-02-15,31.20,31.20,29.55,29.55,4597
2022-02-16,29.55,30.90,28.10,28.30,30411
2022-02-17,29.70,29.70,27.25,27.35,8309
2022-02-18,26.10,28.55,26.00,26.15,16792
2022-02-21,24.95,27.45,24.85,25.55,22588
2022-02-22,24.50,26.80,24.30,24.95,54692
2022-02-23,25.45,26.10,23.75,24.95,24860
2022-02-24,24.00,24.00,23.75,23.75,5763
2022-02-25,22.60,24.50,22.60,23.20,17621
2022-02-28,24.25,24.25,22.05,23.25,15279
2022-03-02,23.25,23.25,22.10,22.30,5912
2022-03-03,23.35,23.35,22.05,22.95,10119
2022-03-04,23.00,23.25,22.00,22.90,9746
2022-03-07,23.40,23.40,21.80,21.80,16278
2022-03-08,22.80,22.80,20.75,20.95,8230
2022-03-09,20.95,21.70,20.40,21.15,12770
2022-03-10,22.00,22.20,21.15,21.75,7601
2022-03-11,22.00,22.80,21.80,22.70,4312
2022-03-14,23.50,23.80,22.35,23.15,5126
2022-03-15,23.65,24.30,23.05,24.30,8399
2022-03-16,25.50,25.50,23.20,25.30,15653
2022-03-17,26.55,26.55,25.25,26.55,10336
2022-03-21,27.00,27.70,25.30,26.75,31769
2022-03-22,27.90,27.90,25.45,26.35,5051
2022-03-23,27.60,27.60,25.05,25.35,4154
2022-03-24,24.20,26.60,24.10,25.75,13994
2022-03-25,24.60,26.00,24.50,25.10,9413
2022-03-28,24.10,24.90,23.85,24.25,13938
2022-03-29,23.15,25.40,23.05,23.35,34439
2022-03-30,23.35,24.10,22.75,23.20,10009
2022-03-31,23.20,23.20,22.05,22.30,22651
2022-04-01,22.55,23.40,22.55,23.40,3477
2022-04-04,24.55,24.55,23.45,24.05,19914
2022-04-05,25.00,25.25,24.30,24.60,17679
2022-04-06,25.65,25.80,25.05,25.80,9708
2022-04-07,28.30,28.35,24.40,27.05,32173
2022-04-08,29.70,29.75,25.35,27.15,27725
2022-04-11,29.00,29.00,27.20,28.05,16129
2022-04-12,29.50,30.85,28.55,30.85,79556
2022-04-13,33.90,33.90,32.45,33.90,38205
2022-04-18,34.00,35.55,32.25,35.00,130662
2022-04-19,35.00,36.75,35.00,36.30,160434
2022-04-20,37.50,37.95,34.50,35.20,69456
2022-04-21,34.60,36.00,33.45,33.50,22701
2022-04-22,34.95,34.95,31.90,32.70,8268
2022-04-25,33.95,33.95,31.10,31.10,15022
2022-04-26,32.65,32.65,29.55,29.65,17663
2022-04-27,28.30,29.50,28.20,28.20,16086
2022-04-28,29.30,29.30,26.80,28.50,30753
2022-04-29,28.80,28.85,27.35,28.05,7668
2022-05-02,28.55,28.55,26.65,26.70,5524
2022-05-04,26.85,26.85,25.40,25.50,15496
2022-05-05,25.50,26.75,24.95,26.75,46001
2022-05-06,27.45,28.05,26.35,27.65,13433
2022-05-09,28.95,29.00,27.05,28.95,18279
2022-05-10,30.35,30.35,27.60,28.35,17339
2022-05-11,27.05,29.55,26.95,27.80,11816
2022-05-12,26.60,28.80,26.45,26.45,6736
2022-05-13,26.55,27.75,25.15,26.25,9421
2022-05-16,27.50,27.55,25.50,27.00,14189
2022-05-17,28.15,28.15,26.80,27.00,9441
2022-05-18,27.90,28.15,26.85,27.35,10088
2022-05-19,27.90,27.90,26.00,26.25,20715
2022-05-20,27.35,27.50,25.15,26.80,13853
2022-05-23,27.65,27.65,25.75,26.75,2529
2022-05-24,26.75,26.75,25.45,25.45,11806
2022-05-25,25.05,25.25,24.20,24.20,12679
2022-05-26,24.35,25.40,23.00,25.40,16648
2022-05-27,25.40,25.60,24.20,25.60,14073
2022-05-30,26.80,26.80,25.15,25.65,19640
2022-05-31,26.65,26.90,25.05,26.45,48042
2022-06-01,26.80,27.35,25.15,27.10,16601
2022-06-02,27.50,28.45,26.55,28.45,35705
2022-06-03,29.30,29.85,28.80,29.85,31116
2022-06-06,31.25,31.30,30.00,31.20,28882
2022-06-07,31.95,32.45,29.80,31.65,33756
2022-06-08,32.45,32.45,30.10,30.95,12104
2022-06-09,32.20,32.20,29.45,29.45,30370
2022-06-10,28.05,30.90,28.00,30.80,23560
2022-06-13,30.80,30.80,29.30,29.30,7538
2022-06-14,28.10,30.65,27.85,29.35,10764
2022-06-15,29.20,29.95,27.90,28.40,8187
2022-06-16,29.25,29.25,27.00,27.00,9181
2022-06-17,25.85,27.00,25.65,25.65,7220
2022-06-20,24.45,25.55,24.40,24.40,1592
2022-06-21,25.00,25.00,23.20,23.20,73014
2022-06-22,24.15,24.15,22.05,22.85,41013
2022-06-23,23.50,23.80,22.50,23.15,11248
2022-06-24,24.15,24.30,22.95,24.30,21335
2022-06-27,25.30,25.50,23.50,25.45,23999
2022-06-28,26.70,26.70,25.30,26.15,32136
2022-06-29,26.70,27.45,26.30,27.45,13130
2022-06-30,28.35,28.80,26.95,28.80,14911
2022-07-01,30.20,30.20,28.80,30.00,33303
2022-07-04,31.00,31.50,28.50,29.75,127634
2022-07-05,29.90,30.45,28.30,28.30,19547
2022-07-06,27.00,28.85,26.90,27.25,32976
2022-07-07,27.25,28.50,27.25,28.35,7477
2022-07-08,27.20,28.75,27.20,27.75,3394
2022-07-11,28.70,28.70,26.40,26.95,21392
2022-07-12,26.05,26.45,25.65,26.30,7915
2022-07-13,26.25,26.95,25.50,25.85,4568
2022-07-14,25.70,27.00,24.85,25.75,16353
2022-07-15,26.90,26.90,25.50,26.30,7545
2022-07-18,26.90,26.95,26.10,26.35,5864
2022-07-19,26.15,26.60,25.05,25.05,55684
2022-07-20,25.55,25.85,24.95,25.10,10450
2022-07-21,25.10,26.35,24.55,26.10,13185
2022-07-22,27.30,27.30,26.00,26.60,3382
2022-07-25,27.80,27.80,26.00,26.05,8434
2022-07-26,26.00,26.45,24.80,25.10,17428
2022-07-27,25.45,25.50,23.85,24.35,39877
2022-07-28,25.45,25.45,23.85,24.60,9140
2022-07-29,25.65,25.65,23.80,25.40,8037
2022-08-01,24.30,26.65,24.30,26.20,20297
2022-08-02,25.85,27.05,25.25,26.30,11098
2022-08-03,26.35,27.05,25.65,26.00,11054
2022-08-04,26.20,26.90,26.00,26.60,14642
2022-08-05,25.10,29.25,25.10,29.25,55222
2022-08-08,29.40,30.85,26.80,27.20,19695
2022-08-10,29.60,29.60,26.00,26.45,96270
2022-08-11,27.75,27.75,26.00,26.30,11024
2022-08-12,28.50,28.50,25.25,27.25,19911
2022-08-16,29.40,29.40,25.95,28.40,21606
2022-08-17,30.40,30.40,28.75,29.30,49580
2022-08-18,29.80,30.00,28.10,29.40,10286
2022-08-19,30.50,31.30,29.00,29.50,31444
2022-08-22,29.00,30.00,27.50,27.70,34850
2022-08-23,26.95,28.25,26.95,27.95,7370
2022-08-24,26.75,28.80,26.75,27.75,9106
2022-08-25,29.80,29.80,27.10,27.70,39644
2022-08-26,27.10,30.40,27.10,29.70,149591
2022-08-29,29.60,31.85,27.80,30.55,65450
2022-08-30,31.65,31.65,28.65,30.50,41934
2022-09-01,30.95,30.95,28.50,29.15,27289
2022-09-02,31.00,31.00,29.00,29.10,13154
2022-09-05,30.80,31.85,28.95,31.35,56381
2022-09-06,33.50,33.50,30.25,31.25,27567
2022-09-07,31.25,31.25,30.10,30.35,10621
2022-09-08,31.20,31.20,29.10,29.20,24876
2022-09-09,29.20,30.75,29.00,29.35,13346
2022-09-12,28.95,30.30,28.55,29.30,19385
2022-09-13,27.50,31.70,27.50,29.40,21417
2022-09-14,29.30,29.30,26.90,27.90,78488
2022-09-15,28.95,28.95,26.50,27.35,77172
2022-09-16,27.50,27.50,25.50,26.35,39612
2022-09-19,26.95,27.20,26.00,26.80,15163
2022-09-20,27.10,28.25,26.55,27.05,65383
2022-09-21,26.40,27.65,26.05,26.35,29821
2022-09-22,26.15,26.90,25.25,26.45,40611
2022-09-23,26.45,27.90,25.85,27.00,29166
2022-09-26,26.25,26.75,25.45,25.75,30094
2022-09-27,26.75,26.75,25.35,25.65,38590
2022-09-28,26.40,26.85,25.20,25.30,10316
2022-09-29,25.35,26.80,25.35,25.60,8754
2022-09-30,24.20,26.45,24.20,25.35,12756
2022-10-03,24.70,26.90,24.70,25.30,8228
2022-10-04,25.90,26.80,25.10,25.40,22335
2022-10-06,26.25,26.95,25.40,26.15,19210
2022-10-07,26.65,28.50,25.95,27.10,61628
2022-10-10,27.80,29.95,27.00,28.55,49526
2022-10-11,31.90,31.90,27.65,28.40,86469
2022-10-12,28.15,29.25,28.05,28.45,17987
2022-10-13,29.05,30.00,28.10,28.15,15943
2022-10-14,29.05,29.30,27.60,27.85,12648
2022-10-17,28.50,28.50,27.00,27.30,14418
2022-10-18,26.90,29.10,26.65,27.20,28146
2022-10-19,28.05,28.05,25.25,25.75,48959
2022-10-20,26.45,26.45,24.40,25.70,56004
2022-10-21,26.15,29.95,25.10,29.10,93987
2022-10-24,29.00,30.00,28.05,28.80,13309
2022-10-25,29.05,29.40,27.10,27.85,19510
2022-10-27,29.00,29.30,22.60,25.45,133593
2022-10-28,25.65,26.55,25.30,25.95,20297
2022-10-31,26.45,26.45,25.00,25.50,18265
2022-11-01,25.10,25.45,21.50,24.25,39613
2022-11-02,25.00,26.35,23.70,25.55,35039
2022-11-03,26.80,27.95,25.05,26.90,46054
2022-11-04,26.50,28.05,25.80,26.35,19858
2022-11-07,27.40,31.60,27.15,31.60,149192
2022-11-09,36.00,37.00,33.05,35.75,699305
2022-11-10,35.50,35.75,33.90,35.10,87820
2022-11-11,35.80,36.20,34.20,35.90,112528
2022-11-14,36.80,36.80,34.65,35.05,64773
2022-11-15,32.70,34.80,32.50,33.35,72057
2022-11-16,33.00,33.25,31.55,31.80,37272
2022-11-17,31.80,32.45,30.65,31.90,12721
2022-11-18,32.40,33.10,31.00,32.80,19200
2022-11-21,31.30,34.40,31.20,31.40,14157
2022-11-22,31.40,32.35,29.90,30.40,8912
2022-11-23,30.40,30.45,28.90,29.00,8552
2022-11-24,30.40,30.40,29.10,30.05,5832
2022-11-25,31.45,31.45,29.25,29.50,8526
2022-11-28,28.55,30.95,28.55,29.20,12533
2022-11-29,29.95,30.50,28.10,28.55,8842
2022-11-30,29.40,29.40,27.70,28.40,14659
2022-12-01,28.40,29.25,28.40,28.60,4836
2022-12-02,28.75,28.95,27.95,28.20,8303
2022-12-05,28.00,28.85,27.00,27.70,13068
2022-12-06,28.45,28.90,27.35,28.35,22431
2022-12-07,28.45,28.95,27.30,28.45,19602
2022-12-08,28.75,28.75,27.55,27.95,9698
2022-12-09,28.50,28.95,28.00,28.35,3929
2022-12-12,28.40,29.25,27.20,28.45,8298
2022-12-13,28.95,28.95,27.70,27.75,8003
2022-12-14,29.00,29.00,27.00,28.05,10879
2022-12-15,27.30,28.30,27.30,27.60,12780
2022-12-16,28.40,28.40,27.30,27.95,7293
2022-12-19,28.50,29.30,27.20,29.30,36269
2022-12-20,29.70,30.75,28.40,30.75,26702
2022-12-21,31.80,32.25,29.80,31.35,32760
2022-12-22,31.35,32.35,29.80,30.80,13524
2022-12-23,29.30,32.30,29.30,31.75,39876
2022-12-26,33.20,33.20,30.60,31.20,6561
2022-12-27,32.50,32.50,30.90,30.95,9907
2022-12-28,31.85,31.95,30.50,31.05,4859
2022-12-29,32.45,32.50,30.40,32.40,18941
2022-12-30,32.00,33.80,31.50,31.70,10108
2023-01-02,31.20,32.90,30.35,32.05,8347
2023-01-03,31.80,32.70,30.75,31.00,4945
2023-01-04,30.90,31.55,30.00,30.15,11200
2023-01-05,30.80,30.80,29.25,30.60,6767
2023-01-06,29.70,30.75,29.15,30.30,4754
2023-01-09,30.40,31.00,29.05,29.70,4560
2023-01-10,29.20,30.75,28.80,29.40,7346
2023-01-11,30.15,30.50,29.00,30.30,11735
2023-01-12,30.80,31.50,29.00,29.40,18058
2023-01-13,30.25,30.60,29.05,30.35,5974
2023-01-16,30.35,30.85,29.20,30.50,2224
2023-01-17,29.60,31.40,29.40,29.75,8972
2023-01-18,30.60,31.00,30.00,30.50,3621
2023-01-19,31.70,31.70,30.00,30.35,3760
2023-01-20,31.80,31.80,30.00,30.00,20595
2023-01-23,31.40,31.50,29.60,29.80,22370
2023-01-24,31.25,31.25,29.65,30.95,36232
2023-01-25,30.95,32.40,29.80,31.90,6538
2023-01-27,33.40,33.40,30.30,30.65,16765
2023-01-30,31.90,31.90,30.00,31.80,9471
2023-01-31,31.80,32.00,30.75,31.30,5335
2023-02-01,31.30,32.50,30.00,32.20,28981
2023-02-02,31.75,32.40,31.00,31.10,11564
2023-02-03,31.10,31.10,29.60,29.90,4215
2023-02-06,30.95,31.35,28.85,30.15,494
2023-02-07,29.35,31.45,29.20,31.20,6105
2023-02-08,31.00,32.45,30.05,32.00,4932
2023-02-09,31.95,32.20,30.55,31.55,1467
2023-02-10,32.00,32.00,30.15,30.50,5894
2023-02-13,30.50,32.00,29.50,31.95,14957
2023-02-14,33.10,33.10,30.35,30.35,9071
2023-02-15,29.50,30.00,28.85,28.85,18337
2023-02-16,27.75,29.45,27.40,27.40,7882
2023-02-17,27.50,28.00,27.00,27.30,6362
2023-02-20,28.00,28.60,26.20,27.80,10538
2023-02-21,27.00,28.45,26.60,27.45,8786
2023-02-22,28.00,28.00,26.40,27.50,6142
2023-02-23,28.00,28.80,26.50,27.25,10517
2023-02-24,28.50,28.50,26.60,27.75,21393
2023-02-27,27.75,28.70,27.00,28.40,5984
2023-02-28,28.95,28.95,27.20,28.05,1937
2023-03-01,28.95,29.45,28.75,29.45,7831
2023-03-02,30.65,30.65,29.55,29.85,19678
2023-03-03,30.85,30.85,29.35,29.70,12013
2023-03-06,29.70,30.80,28.65,30.30,38870
2023-03-08,30.50,30.70,29.60,30.40,8852
2023-03-09,29.60,30.30,29.00,29.50,14508
2023-03-10,29.50,29.50,28.05,28.30,12512
2023-03-13,28.55,28.60,27.40,28.15,14884
2023-03-14,28.05,28.05,27.20,27.80,4629
2023-03-15,27.85,28.70,26.65,27.05,30068
2023-03-16,26.10,28.40,26.10,28.40,50594
2023-03-17,29.25,29.35,28.50,28.50,29161
2023-03-20,28.40,28.45,27.10,27.10,14486
2023-03-21,28.20,28.20,26.15,26.75,16095
2023-03-22,26.90,27.90,26.45,27.45,10293
2023-03-23,27.55,27.70,26.65,26.90,6068
2023-03-24,26.85,27.65,26.15,27.05,3696
2023-03-27,27.00,27.00,26.15,26.20,3071
2023-03-28,26.25,26.25,24.90,24.90,13238
2023-03-29,25.85,26.10,24.05,26.10,31022
2023-03-31,27.40,27.40,25.60,27.40,6808
2023-04-03,28.75,28.75,28.70,28.75,2453
2023-04-05,30.15,30.15,28.75,30.15,3997
2023-04-06,30.20,31.65,30.00,31.65,19389
2023-04-10,33.20,33.20,32.50,33.15,17913
2023-04-11,34.30,34.80,31.50,32.30,16845
2023-04-12,32.00,32.20,30.70,30.75,11558
2023-04-13,29.60,31.70,29.25,29.30,10253
2023-04-17,27.95,29.05,27.95,28.30,10202
2023-04-18,27.60,29.60,27.60,28.45,11641
2023-04-19,28.50,28.95,27.30,27.45,19696
2023-04-20,27.90,28.20,27.50,27.60,3401
2023-04-21,27.95,28.00,27.40,27.50,5441
2023-04-24,27.10,28.45,27.10,27.90,3588
2023-04-25,29.25,29.25,27.65,29.25,11115
2023-04-26,29.90,29.95,29.00,29.20,7523
2023-04-27,29.65,29.85,28.60,28.70,9064
2023-04-28,29.05,29.05,28.05,28.10,1073
2023-05-02,29.50,29.50,29.50,29.50,2682
2023-05-03,29.90,30.95,28.80,30.95,34312
2023-05-04,31.35,31.95,29.40,29.45,33822
2023-05-05,29.45,30.90,29.45,29.90,9224
2023-05-08,30.45,30.50,28.40,28.65,15917
2023-05-09,28.75,29.25,28.45,28.60,3298
2023-05-10,28.95,29.95,28.65,29.60,5714
2023-05-11,31.00,31.00,29.15,30.10,3816
2023-05-12,30.45,30.45,29.30,29.65,3784
2023-05-15,29.00,30.00,28.60,29.35,5774
2023-05-16,28.75,29.90,28.10,28.60,16472
2023-05-17,28.60,29.30,28.50,28.60,3786
2023-05-18,28.65,28.65,27.80,28.25,2019
2023-05-19,28.30,29.65,28.30,28.95,12574
2023-05-22,28.75,29.10,28.25,28.70,21501
2023-05-23,28.90,30.10,28.90,30.05,24652
2023-05-24,31.55,31.55,28.70,29.05,6457
2023-05-25,30.50,30.50,28.55,29.45,15319
2023-05-26,30.80,30.80,28.00,28.15,24693
2023-05-29,29.20,29.20,27.45,28.80,26334
2023-05-30,27.95,28.65,27.95,28.10,7211
2023-05-31,28.15,28.15,26.70,26.70,73375
2023-06-01,26.75,27.55,25.40,25.60,34042
2023-06-02,25.95,26.85,25.70,26.65,29626
2023-06-05,26.65,27.95,25.85,27.10,36501
2023-06-06,27.65,28.45,27.10,27.95,18900
2023-06-07,27.50,29.00,27.35,27.40,18082
2023-06-08,27.80,28.70,27.55,27.60,19521
2023-06-09,27.70,28.15,27.30,27.40,1396
2023-06-12,28.75,29.80,27.55,29.70,24706
2023-06-13,31.15,31.15,28.30,28.75,11046
2023-06-14,29.55,31.60,28.80,29.75,113913
2023-06-15,30.50,30.55,28.75,29.60,16454
2023-06-16,29.95,29.95,28.15,28.90,22748
2023-06-19,28.85,29.95,28.35,28.70,16898
2023-06-20,28.65,29.10,27.25,27.80,23330
2023-06-21,28.25,29.55,27.15,28.30,38961
2023-06-22,28.35,30.45,28.35,29.05,57195
2023-06-23,30.45,30.45,27.40,28.60,32435
2023-06-26,29.80,29.80,28.15,28.40,9872
2023-06-27,29.60,30.25,28.15,28.95,40316
2023-06-28,28.95,29.65,28.00,28.20,28194
2023-06-30,28.55,28.55,28.05,28.15,6026
2023-07-03,27.95,28.60,27.80,28.10,18999
2023-07-04,27.85,28.35,27.70,27.75,7544
2023-07-05,28.35,28.35,27.75,27.80,10380
2023-07-06,27.80,28.20,27.35,27.50,14692
2023-07-07,27.50,28.00,26.85,27.10,12606
2023-07-10,27.15,28.00,26.80,27.50,10246
2023-07-11,26.90,27.95,26.90,27.25,3745
2023-07-12,27.15,28.50,26.80,27.70,31108
2023-07-13,27.65,27.95,27.10,27.20,7891
2023-07-14,26.35,28.00,26.35,26.95,18292
2023-07-17,26.90,27.20,26.75,26.90,4701
2023-07-18,26.95,27.35,26.60,26.80,7033
2023-07-19,27.05,27.45,26.90,27.25,2061
2023-07-20,27.35,27.35,26.75,26.85,14751
2023-07-21,27.05,27.05,26.40,26.55,20118
2023-07-24,26.55,27.25,26.10,26.35,5121
2023-07-25,26.35,27.60,26.30,26.95,11460
2023-07-26,27.15,27.15,26.25,26.35,12179
2023-07-27,25.65,27.15,25.65,26.50,21787
2023-07-28,27.05,28.05,26.50,27.00,37632
2023-07-31,27.75,27.75,26.50,26.80,16551
2023-08-01,27.00,29.45,26.70,29.45,173245
2023-08-02,30.30,32.30,30.00,30.70,133833
2023-08-03,30.85,32.50,30.40,31.40,60648
2023-08-04,31.50,32.90,30.50,31.10,39606
2023-08-07,32.55,35.70,30.65,32.25,89654
2023-08-08,34.10,34.10,32.10,32.90,53126
2023-08-09,32.30,32.80,31.15,31.65,25671
2023-08-10,31.95,34.20,30.75,31.35,46666
2023-08-11,30.35,32.40,30.00,30.40,14096
2023-08-14,30.40,31.00,28.15,29.05,27765
2023-08-16,29.30,30.60,24.15,27.45,82183
2023-08-17,28.50,32.90,27.50,32.90,167761
2023-08-18,36.00,39.45,36.00,39.45,735988
2023-08-21,43.00,46.60,41.50,43.15,1242497
2023-08-22,43.05,43.05,39.50,39.85,154529
2023-08-23,39.90,40.75,39.80,40.10,43800
2023-08-24,38.15,38.20,38.10,38.10,9458
2023-08-25,38.20,39.65,38.00,38.60,27276
2023-08-28,37.05,38.95,36.70,36.70,17555
2023-08-29,36.20,37.95,34.90,36.55,46810
2023-08-30,36.00,37.60,35.60,37.00,23618
2023-08-31,37.00,38.40,36.55,37.35,14545
2023-09-01,38.10,38.10,36.55,37.05,12493
2023-09-04,36.55,37.55,36.15,36.40,7812
2023-09-05,35.60,37.35,35.60,36.65,16651
2023-09-06,37.30,38.45,36.65,38.45,20631
2023-09-07,40.30,40.35,38.05,40.35,24989
2023-09-08,41.75,41.90,39.50,40.45,17204
2023-09-11,41.50,41.95,38.45,39.10,14462
2023-09-12,38.40,38.95,37.20,37.35,20835
2023-09-13,37.95,38.00,36.20,37.40,6991
2023-09-14,36.35,38.75,36.35,37.50,8722
2023-09-15,37.50,38.50,36.65,37.10,20425
2023-09-18,38.75,38.95,36.55,38.55,2782
2023-09-20,40.45,40.45,38.95,40.00,8163
2023-09-21,40.10,40.25,38.50,39.05,10681
2023-09-22,39.10,41.00,38.10,40.90,51246
2023-09-25,40.90,42.90,39.15,39.95,15979
2023-09-26,41.50,41.90,39.10,41.90,27636
2023-09-27,41.90,43.75,40.15,41.80,20464
2023-09-28,41.80,42.50,40.55,41.00,5041
2023-09-29,41.00,42.90,40.15,40.40,3102
2023-10-03,41.70,42.40,40.00,42.40,45811
2023-10-04,43.00,44.50,42.40,44.50,87488
2023-10-05,46.70,46.70,45.80,46.70,15775
2023-10-06,49.00,49.00,49.00,49.00,14917
2023-10-09,51.45,51.45,48.00,51.40,84275
2023-10-10,50.40,50.40,50.40,50.40,3652
2023-10-11,49.40,49.40,49.40,49.40,11317
2023-10-12,48.45,48.45,48.45,48.45,370
2023-10-13,47.50,47.50,47.50,47.50,1976
2023-10-16,46.55,46.55,46.55,46.55,117
2023-10-17,45.65,45.65,45.65,45.65,853
2023-10-18,44.75,46.55,44.75,46.55,18921
2023-10-19,45.65,46.95,45.65,45.65,69103
2023-10-20,45.50,45.50,45.00,45.00,7466
2023-10-23,44.10,45.15,44.10,44.10,6964
2023-10-25,44.10,44.10,43.25,43.25,3500
2023-10-26,43.25,43.25,42.40,42.40,565
2023-10-27,41.60,41.60,41.55,41.55,522
2023-10-30,40.75,41.55,40.75,41.50,13632
2023-10-31,41.50,41.50,41.45,41.45,6187
2023-11-01,41.45,41.45,41.40,41.40,280
2023-11-02,40.60,41.40,40.60,41.40,534
2023-11-03,41.75,41.75,40.60,40.60,22494
2023-11-06,40.60,40.60,40.10,40.60,1751
2023-11-07,40.60,40.60,39.80,40.00,723
2023-11-08,40.50,40.80,40.50,40.80,7110
2023-11-09,40.80,40.80,40.50,40.80,4016
2023-11-10,40.50,41.60,40.50,41.60,674
2023-11-12,40.80,40.80,40.80,40.80,181
2023-11-13,40.75,40.75,40.00,40.00,98
2023-11-15,40.80,40.80,40.80,40.80,9371
2023-11-16,41.60,41.60,41.60,41.60,32259
2023-11-17,42.40,42.40,42.40,42.40,12469
2023-11-20,44.50,44.50,43.15,44.50,44977
2023-11-21,44.50,46.70,43.10,44.15,28748
2023-11-22,45.70,46.35,44.00,44.80,54114
2023-11-23,44.80,46.30,44.30,45.55,3730
2023-11-24,46.00,46.00,44.00,44.05,19792
2023-11-28,44.05,45.30,43.05,44.30,27757
2023-11-29,45.00,45.80,43.00,44.50,11970
2023-11-30,44.00,45.75,43.00,44.35,13377
2023-12-01,44.00,44.95,43.60,43.60,13886
2023-12-04,45.90,47.95,43.55,47.95,70807
2023-12-05,49.95,50.00,47.00,48.10,79887
2023-12-06,48.95,48.95,47.20,48.25,28011
2023-12-07,51.70,51.70,48.00,49.40,21629
2023-12-08,50.95,51.25,48.75,50.45,23182
2023-12-11,52.80,54.15,51.05,52.20,24215
2023-12-12,54.80,54.80,47.55,48.95,32456
2023-12-13,48.30,53.80,48.20,53.80,59023
2023-12-14,54.00,56.00,51.30,53.10,75216
2023-12-15,52.05,56.00,49.25,53.55,39288
2023-12-18,55.00,56.00,52.25,55.20,43337
2023-12-19,56.20,56.50,51.85,53.65,40724
2023-12-20,54.15,54.15,48.55,49.95,80197
2023-12-21,49.40,52.15,47.60,50.00,13509
2023-12-22,51.30,55.00,49.30,53.20,78985
2023-12-26,54.65,54.65,53.10,53.35,20743
2023-12-27,53.50,55.00,52.05,52.15,17539
2023-12-28,53.70,53.90,52.00,52.15,10213
2023-12-29,53.75,54.75,51.00,51.55,21629
2024-01-01,53.90,53.90,51.30,51.85,11724
2024-01-02,52.85,53.10,50.45,50.85,32752
2024-01-03,50.90,54.85,50.65,52.75,25941
2024-01-04,54.95,54.95,51.50,51.70,31497
2024-01-05,53.95,53.95,51.30,51.95,36969
2024-01-08,52.40,53.35,52.00,52.20,13910
2024-01-09,52.45,52.70,51.10,51.30,2449
2024-01-10,52.00,52.00,50.40,51.00,8949
2024-01-11,50.65,52.40,50.50,51.15,8503
2024-01-12,51.55,52.20,49.75,50.20,45571
2024-01-15,50.30,52.45,50.00,50.35,17322
2024-01-16,51.40,51.40,48.60,50.05,18300
2024-01-17,50.05,50.05,48.55,49.40,7305
2024-01-18,49.50,50.75,48.30,50.15,4617
2024-01-19,51.15,53.00,50.55,51.05,44167
2024-01-20,52.95,52.95,50.25,52.00,10464
2024-01-23,54.95,54.95,48.10,50.15,16449
2024-01-24,50.20,50.95,49.00,49.25,6138
2024-01-25,51.00,52.00,49.25,49.80,13095
2024-01-29,49.95,50.95,49.00,49.25,15908
2024-01-30,50.80,50.80,49.00,49.55,16200
2024-01-31,49.90,52.45,47.05,48.20,34494
2024-02-01,49.90,49.90,46.25,47.45,14416
2024-02-02,48.85,48.85,46.50,47.20,11821
2024-02-05,48.35,48.35,43.90,44.05,36518
2024-02-06,42.50,45.10,42.50,44.30,41787
2024-02-07,43.80,48.65,43.80,47.50,19563
2024-02-08,49.65,49.65,44.15,44.85,9833
2024-02-09,45.40,46.35,44.00,44.10,15312
2024-02-12,48.00,48.00,41.15,42.25,7640
2024-02-13,42.25,42.25,38.55,39.95,63731
2024-02-14,40.90,43.20,39.45,39.90,67620
2024-02-15,40.35,43.00,40.35,42.60,47185
2024-02-16,44.85,44.95,43.05,43.30,21186
2024-02-19,45.30,45.30,42.95,43.15,10100
2024-02-20,43.00,43.50,42.55,42.85,16671
2024-02-21,42.75,44.00,42.30,43.10,16690
2024-02-22,43.00,43.50,41.55,42.05,7539
2024-02-23,42.05,43.50,40.65,41.45,22920
2024-02-26,40.50,42.95,40.45,40.95,25945
2024-02-27,42.95,42.95,40.70,41.00,9871
2024-02-28,40.95,42.00,40.00,40.50,7539
2024-02-29,40.00,41.00,36.45,37.00,91571
2024-03-01,38.50,40.70,38.45,39.70,102450
2024-03-02,39.70,41.65,38.15,40.30,21573
2024-03-04,40.30,42.00,38.95,39.30,4578
2024-03-05,39.55,43.20,39.55,39.80,45598
2024-03-06,39.40,41.35,37.00,37.45,25928
2024-03-07,37.15,39.85,35.00,37.60,4173
2024-03-11,41.00,41.00,35.75,36.65,18366
2024-03-12,36.05,37.00,34.05,35.05,11457
2024-03-13,35.05,35.80,33.65,34.55,13550
2024-03-14,36.45,36.95,33.00,35.40,16031
2024-03-15,35.15,36.50,33.20,34.75,15005
2024-03-18,34.75,36.70,33.35,34.50,17050
2024-03-19,35.20,36.65,34.55,36.05,18050
2024-03-20,36.75,36.75,34.55,34.90,4504
2024-03-21,36.70,36.70,34.70,35.10,10372
2024-03-22,36.35,38.60,36.25,38.60,15670
2024-03-26,42.45,42.45,42.45,42.45,269944
2024-03-27,44.55,44.55,44.55,44.55,137783
2024-03-28,46.75,46.75,46.75,46.75,158949
2024-04-01,49.05,49.05,44.45,46.25,221519
2024-04-02,44.35,45.80,43.95,43.95,37725
2024-04-03,42.50,44.20,41.75,41.75,97623
2024-04-04,39.75,40.95,39.70,40.15,68175
2024-04-05,38.30,41.85,38.30,39.80,33919
2024-04-08,40.75,41.75,39.95,41.70,72041
2024-04-09,41.80,43.00,40.50,42.25,50243
2024-04-10,42.50,43.80,40.15,42.10,152425
2024-04-12,42.85,42.85,40.30,41.00,27464
2024-04-15,39.05,40.10,38.95,39.25,16170
2024-04-16,37.40,38.95,37.30,37.55,45484
2024-04-18,39.00,39.00,36.20,36.35,16943
2024-04-19,37.90,37.90,35.25,35.95,8634
2024-04-22,35.20,37.70,35.20,37.20,14614
2024-04-23,38.95,38.95,35.80,38.00,24850
2024-04-24,38.70,39.80,36.80,38.00,18703
2024-04-25,38.70,38.70,36.85,37.75,3469
2024-04-26,38.40,38.40,36.00,36.65,20858
2024-04-29,37.70,37.95,34.85,35.95,41897
2024-04-30,35.95,35.95,34.65,35.55,19291
2024-05-02,33.95,36.85,33.95,36.00,25425
2024-05-03,36.00,36.75,34.70,36.45,7612
2024-05-06,37.00,37.00,34.65,34.65,21290
2024-05-07,34.65,34.65,33.65,34.30,3012
2024-05-08,34.30,35.50,34.30,34.55,5591
2024-05-09,34.55,35.90,34.00,34.90,3105
2024-05-10,34.20,35.90,34.20,34.75,6212
2024-05-13,33.50,35.95,33.50,35.10,2394
2024-05-14,36.45,36.45,34.20,34.85,1886
2024-05-15,34.80,35.10,33.10,33.20,22027
2024-05-16,33.20,33.25,31.60,32.20,14055
2024-05-17,32.20,32.65,31.10,32.50,6108
2024-05-18,33.00,33.00,32.00,32.35,2924
2024-05-21,32.35,33.00,32.00,32.95,4052
2024-05-22,32.95,33.00,31.55,32.95,5459
2024-05-23,33.40,33.40,31.70,32.85,7662
2024-05-24,32.05,33.90,32.05,33.40,3192
2024-05-27,32.05,33.25,32.05,33.05,3428
2024-05-28,34.00,34.00,32.50,33.50,981
2024-05-29,33.50,33.50,32.20,32.75,5990
2024-05-30,31.90,33.00,31.50,32.85,3354
2024-05-31,33.95,33.95,31.20,31.55,18898
2024-06-03,31.55,31.75,30.00,31.00,12015
2024-06-04,31.00,31.45,29.45,29.45,5282
2024-06-05,29.65,30.35,29.00,30.30,9336
2024-06-06,31.20,31.75,30.30,30.80,35607
2024-06-07,30.00,32.00,30.00,31.00,26498
2024-06-10,31.38,32.55,31.25,32.24,5636
2024-06-11,32.24,32.99,31.35,31.65,12966
2024-06-12,31.65,32.00,31.00,31.06,34637
2024-06-13,31.68,31.90,31.00,31.52,8699
2024-06-14,31.99,31.99,31.20,31.89,3330
2024-06-18,31.89,32.00,30.33,30.99,16141
2024-06-19,30.99,32.25,30.20,31.00,8009
2024-06-20,30.50,31.50,30.50,30.93,8924
2024-06-21,31.55,31.55,30.05,30.48,15206
2024-06-24,30.50,30.80,30.20,30.31,4352
2024-06-25,30.50,31.00,29.55,30.11,2977
2024-06-26,29.01,31.50,29.01,30.47,6462
2024-06-27,30.50,30.90,29.65,30.52,4707
2024-06-28,30.52,30.52,30.00,30.20,3838
2024-07-01,30.20,31.48,29.15,29.76,1528
2024-07-02,30.05,30.05,29.26,29.40,1398
2024-07-03,29.99,30.60,28.11,29.21,26646
2024-07-04,30.67,30.67,30.67,30.67,1243340
2024-07-05,32.20,32.20,32.20,32.20,5058
2024-07-08,33.81,33.81,33.81,33.81,5738
2024-07-09,35.50,35.50,35.50,35.50,6058
2024-07-10,37.27,37.27,37.27,37.27,6103
2024-07-11,39.13,39.13,39.13,39.13,6993
2024-07-12,41.08,41.08,41.08,41.08,14522
2024-07-15,43.13,43.13,43.13,43.13,82700
2024-07-16,45.20,45.28,45.20,45.28,20408
2024-07-18,47.54,47.54,47.54,47.54,22315
2024-07-19,49.91,49.91,49.91,49.91,16160
2024-07-22,52.40,52.40,51.00,52.40,275408
2024-07-23,55.02,55.02,55.02,55.02,28696
2024-07-24,57.77,57.77,57.77,57.77,23113
2024-07-25,60.65,60.65,60.65,60.65,30579
2024-07-26,63.68,63.68,63.68,63.68,5889
2024-07-29,66.86,66.86,66.86,66.86,5347
2024-07-30,70.20,70.20,70.20,70.20,17604
2024-07-31,73.71,73.71,73.71,73.71,12397
2024-08-01,77.39,77.39,77.39,77.39,77336
2024-08-02,75.84,75.84,75.84,75.84,234162
2024-08-05,74.32,74.32,74.32,74.32,31616
2024-08-06,72.83,72.83,72.83,72.83,6273
2024-08-07,71.37,71.37,71.37,71.37,2941
2024-08-08,70.20,72.79,70.20,72.79,55348
2024-08-09,74.24,74.24,71.33,71.33,45178
2024-08-12,69.90,69.90,69.90,69.90,3730
2024-08-13,68.50,68.50,68.50,68.50,4966
2024-08-14,67.13,67.13,67.13,67.13,29605
2024-08-16,68.47,68.47,68.47,68.47,9601
2024-08-19,69.83,69.83,69.83,69.83,30050
2024-08-20,71.22,71.22,71.22,71.22,40425
2024-08-21,72.64,72.64,72.64,72.64,18311
2024-08-22,74.09,74.09,74.09,74.09,959
2024-08-23,75.57,75.57,75.57,75.57,1347
2024-08-26,77.08,77.08,77.08,77.08,66381
2024-08-27,78.62,78.62,78.60,78.60,2962
2024-08-28,80.17,80.17,80.17,80.17,4362
2024-08-29,78.56,78.56,78.56,78.56,50344
2024-08-30,76.98,77.00,76.98,77.00,34028
2024-09-02,75.46,75.46,75.46,75.46,6123
2024-09-03,73.95,76.95,73.95,76.89,30508
2024-09-04,75.35,75.35,75.35,75.35,15915
2024-09-05,76.85,76.85,76.85,76.85,78874
2024-09-06,78.38,78.38,78.38,78.38,66016
2024-09-09,82.29,82.29,82.29,82.29,39597
2024-09-10,86.40,86.40,86.40,86.40,50061
2024-09-11,90.72,90.72,90.72,90.72,236646
2024-09-12,94.90,94.90,86.18,86.18,195817
2024-09-13,81.87,89.40,81.87,87.40,47629
2024-09-16,88.50,91.50,84.40,88.07,54861
2024-09-17,89.89,91.70,83.74,85.38,32491
2024-09-18,87.00,88.30,82.50,84.18,14012
2024-09-19,84.10,87.00,79.97,81.05,39386
2024-09-20,80.40,83.00,77.10,81.60,18621
2024-09-23,80.01,85.68,77.61,85.68,22475
2024-09-24,89.96,89.96,89.96,89.96,13311
2024-09-25,94.45,94.45,90.00,91.12,138434
2024-09-26,89.70,89.70,86.56,87.44,46085
2024-09-27,89.70,90.25,86.11,86.17,20061
2024-09-30,89.88,90.47,81.86,83.14,42733
2024-10-01,87.29,87.29,82.50,83.16,28540
2024-10-03,84.99,84.99,79.00,79.53,27182
2024-10-04,82.85,82.90,78.00,80.57,13003
2024-10-07,80.00,80.00,76.54,76.54,23723
2024-10-08,72.81,78.50,72.80,77.52,32665
2024-10-09,79.80,79.99,77.65,79.02,16456
2024-10-10,78.90,80.70,77.01,78.99,3219
2024-10-11,78.99,80.99,75.11,76.98,9442
2024-10-14,75.05,78.00,73.13,73.13,14702
2024-10-15,73.16,74.49,69.47,70.57,38197
2024-10-16,71.58,71.58,67.12,68.99,16485
2024-10-17,68.99,69.77,65.54,65.72,21597
2024-10-18,67.95,69.00,66.14,69.00,20282
2024-10-21,71.95,72.45,68.80,68.87,9370
2024-10-22,66.12,68.50,65.42,65.42,10750
2024-10-23,62.40,65.09,62.14,64.73,10495
2024-10-24,65.00,67.94,62.61,64.03,12583
2024-10-25,63.06,65.00,61.50,62.00,11257
2024-10-28,64.40,64.40,62.00,63.42,5646
2024-10-29,63.42,64.49,60.24,62.28,13567
2024-10-30,63.30,63.30,59.16,60.22,18389
2024-10-31,61.99,61.99,57.20,58.10,45403
2024-11-01,60.00,61.00,60.00,61.00,3020
2024-11-04,62.30,62.30,59.01,60.57,5577
2024-11-05,60.00,63.59,60.00,63.03,2841
2024-11-06,60.24,66.00,60.24,65.53,7994
2024-11-07,67.99,67.99,62.25,62.43,16603
2024-11-08,61.96,65.55,60.00,62.48,10938
2024-11-11,62.70,64.50,62.70,63.16,9679
2024-11-12,60.21,64.00,60.21,62.00,6669
2024-11-13,64.49,64.49,58.90,59.03,9310
2024-11-14,60.99,60.99,58.90,58.98,2216
2024-11-18,61.88,61.88,56.06,59.49,7278
2024-11-19,59.39,62.46,57.36,58.97,9240
2024-11-21,57.50,60.00,56.55,60.00,2252
2024-11-22,60.00,60.00,59.00,59.00,2185
2024-11-25,59.05,61.90,56.55,59.51,6739
2024-11-26,59.77,60.50,57.06,57.61,2264
2024-11-27,59.99,60.48,57.50,58.65,4030
2024-11-28,59.00,60.70,58.06,60.40,557
2024-11-29,61.00,61.00,59.00,59.24,18746
2024-12-02,59.99,59.99,57.00,58.30,7242
2024-12-03,58.30,59.69,56.00,57.20,5679
2024-12-04,58.99,59.98,56.30,56.41,18762
2024-12-05,57.99,58.59,57.00,57.89,2201
2024-12-06,57.99,60.78,56.01,60.04,13201
2024-12-09,60.05,62.17,57.03,60.71,24529
2024-12-10,61.00,61.50,58.12,60.70,3032
2024-12-11,59.01,61.00,59.00,60.50,9039
2024-12-12,62.02,62.02,59.00,59.15,4391
2024-12-13,59.15,60.99,59.15,59.50,421
2024-12-16,59.50,60.99,57.01,59.98,1478
2024-12-17,58.01,61.49,57.95,60.40,18235
2024-12-18,60.24,61.30,58.05,60.00,1879
2024-12-19,63.00,63.00,58.05,59.99,12044
2024-12-20,60.99,61.00,59.80,60.47,2628
2024-12-23,60.99,61.88,58.32,58.39,3519
2024-12-24,58.41,61.30,58.41,61.03,6462
2024-12-26,61.05,63.95,59.79,61.05,21608
2024-12-27,63.65,64.10,63.60,64.10,14499
2024-12-30,64.16,67.30,64.15,67.30,11121
2024-12-31,69.20,70.66,68.05,70.66,39166
2025-01-01,69.51,74.19,69.51,74.19,35567
2025-01-02,72.70,72.70,72.70,72.70,5562
2025-01-03,71.24,71.24,71.24,71.24,661
2025-01-06,69.81,69.81,69.81,69.81,214
2025-01-07,68.41,68.41,68.41,68.41,14
2025-01-08,67.04,67.04,67.04,67.04,6
2025-01-09,65.69,65.69,65.69,65.69,4
2025-01-10,64.37,64.69,64.37,64.37,53
2025-01-13,63.08,63.08,63.08,63.08,1140
2025-01-14,61.81,61.81,61.81,61.81,33
2025-01-15,61.82,63.00,61.82,63.00,2409
2025-01-16,62.99,62.99,61.74,61.74,1035
2025-01-17,60.50,60.50,60.50,60.50,1087
2025-01-20,59.29,59.29,59.29,59.29,6317
2025-01-21,59.29,59.29,58.10,58.10,3695
2025-01-22,57.00,57.00,57.00,57.00,7202
2025-01-23,57.00,57.00,56.00,56.00,6128
2025-01-24,56.00,56.02,55.72,56.02,1912
2025-01-27,55.05,55.05,54.90,55.00,5872
2025-01-28,53.91,53.91,53.91,53.91,5812
2025-01-29,53.91,53.91,53.91,53.91,416
2025-01-30,53.91,54.98,53.91,54.98,182
2025-01-31,55.00,56.07,55.00,56.07,1820
2025-02-01,54.94,57.18,54.94,57.18,1874
2025-02-03,58.32,58.32,58.32,58.32,2701
2025-02-04,58.32,59.48,58.00,59.48,576
2025-02-05,59.00,59.00,58.29,58.29,1352
2025-02-06,57.12,57.12,57.12,57.12,43
2025-02-07,56.00,57.99,56.00,57.99,413
2025-02-10,55.11,55.40,55.11,55.16,3893
2025-02-11,53.78,54.19,52.40,52.40,6018
2025-02-12,50.50,52.14,49.78,52.10,5815
2025-02-13,54.69,54.69,49.50,51.77,1911
2025-02-14,49.19,50.00,49.18,49.18,20302
2025-02-17,47.01,47.01,46.72,46.72,1226
2025-02-18,44.38,44.38,44.38,44.38,1038
2025-02-19,42.16,42.16,42.16,42.16,5336
2025-02-20,40.05,40.05,40.05,40.05,3262
2025-02-21,38.04,38.04,38.04,38.04,1626
2025-02-24,36.20,36.20,36.13,36.13,1820
2025-02-25,34.32,34.32,34.32,34.32,5451
2025-02-27,32.62,36.03,32.62,36.03,38593
2025-02-28,37.00,37.00,34.22,34.98,33086
2025-03-03,34.80,34.80,33.23,33.26,19734
2025-03-04,33.26,33.26,31.59,32.50,10911
2025-03-05,31.00,34.12,30.91,34.12,25799
2025-03-06,35.81,35.82,33.05,35.82,6482
2025-03-07,37.59,37.61,37.55,37.61,3037
2025-03-10,39.49,39.49,35.72,38.29,75354
2025-03-11,36.37,38.80,36.37,36.58,41042
2025-03-12,35.84,35.84,35.84,35.84,4
2025-03-13,35.12,35.12,35.12,35.12,251
2025-03-17,34.41,34.41,34.41,34.41,195
2025-03-18,33.75,33.75,33.72,33.72,355
2025-03-19,33.04,33.09,33.04,33.04,11219
2025-03-20,32.37,32.88,32.37,32.79,6271
2025-03-21,32.63,32.63,32.13,32.13,6609
2025-03-24,32.13,32.13,31.48,31.48,2485
2025-03-25,30.85,30.85,30.85,30.85,22296
2025-03-26,30.23,30.23,30.23,30.23,9189
2025-03-27,29.62,29.62,29.62,29.62,1006
2025-03-28,29.62,29.62,29.02,29.02,11122
2025-04-01,28.88,28.88,28.72,28.72,2554
2025-04-02,28.72,28.72,28.14,28.59,3527
2025-04-04,28.15,29.16,28.15,29.16,7682
2025-04-07,29.02,29.02,28.88,28.88,49
2025-04-11,28.95,28.95,28.80,28.80,1140
2025-04-15,28.80,28.80,28.75,28.75,842
2025-04-16,29.00,29.32,28.25,29.32,3626
2025-04-17,29.32,29.90,29.32,29.90,2764
2025-04-21,30.99,31.39,30.02,31.39,7659
2025-04-22,32.95,32.95,32.90,32.95,13017
2025-04-23,34.59,34.59,33.14,34.59,20216
2025-04-24,34.76,36.31,33.26,36.29,14662
2025-04-25,37.49,38.08,36.90,37.91,27830
2025-04-28,37.90,38.39,36.01,37.77,7691
2025-04-29,36.01,37.39,35.88,35.88,1416
2025-04-30,35.16,35.16,35.16,35.16,11
2025-05-02,34.45,34.45,34.45,34.45,22
2025-05-05,33.76,33.76,33.76,33.76,75
2025-05-06,33.08,33.08,33.08,33.08,2
2025-05-07,32.41,32.57,32.41,32.41,747
2025-05-08,31.80,31.81,31.80,31.81,539
2025-05-12,31.81,32.44,31.81,32.44,1866
2025-05-13,33.08,33.08,33.00,33.08,2577
2025-05-14,33.00,33.00,32.41,32.41,2563
2025-05-15,32.00,32.00,31.80,31.80,989
2025-05-16,31.80,31.80,31.16,31.17,14765
2025-05-19,31.79,31.79,31.64,31.79,2124
2025-05-20,32.42,32.42,32.42,32.42,975
2025-05-21,32.42,32.42,32.42,32.42,1510
2025-05-22,32.43,32.99,32.43,32.50,124
2025-05-23,32.50,33.15,32.50,33.15,657
2025-05-26,33.48,33.81,33.48,33.81,5210
2025-05-27,34.48,34.48,34.48,34.48,1
2025-05-28,35.16,35.16,35.15,35.15,1017
2025-05-29,35.85,35.85,34.44,34.46,1194
2025-05-30,34.46,35.00,33.77,35.00,674
2025-06-02,35.00,35.00,35.00,35.00,2090
2025-06-03,34.83,34.83,34.35,34.35,1639
2025-06-04,34.35,34.35,33.66,33.66,692
2025-06-05,33.90,34.30,33.90,34.30,12386
2025-06-06,34.30,34.98,33.63,34.98,353
2025-06-09,36.70,36.70,33.23,34.74,23600
2025-06-10,34.59,36.47,34.59,36.47,13017
2025-06-11,38.29,38.29,38.20,38.29,6969
2025-06-12,40.19,40.20,40.19,40.20,4879
2025-06-13,42.21,42.21,40.41,42.19,18421
2025-06-16,42.02,42.20,40.08,42.15,9733
2025-06-17,42.07,42.07,40.04,40.04,5426
2025-06-18,40.79,40.79,39.23,39.25,4381
2025-06-19,38.46,38.46,38.46,38.46,710
2025-06-20,37.69,37.69,37.69,37.69,809
2025-06-23,36.93,36.93,36.93,36.93,1100
2025-06-24,36.19,36.75,36.19,36.75,1087
2025-06-25,36.75,36.75,36.01,36.01,3857
2025-06-26,36.01,36.01,35.45,36.00,1657
2025-06-27,36.00,36.00,36.00,36.00,1572
2025-06-30,35.41,36.00,35.35,36.00,1597
2025-07-01,36.00,36.00,36.00,36.00,801
2025-07-02,36.00,36.00,35.36,35.58,267
2025-07-03,35.58,35.59,35.58,35.58,978
2025-07-04,35.58,35.58,34.86,34.86,1963
2025-07-07,34.50,34.50,34.16,34.16,1042
2025-07-08,34.16,34.16,34.00,34.00,652
2025-07-09,34.11,34.20,34.11,34.20,1052
2025-07-10,34.88,34.88,34.88,34.88,18
2025-07-11,34.88,35.00,34.18,34.18,4827
2025-07-14,33.50,34.00,33.50,33.99,3830
2025-07-15,34.66,34.66,34.60,34.60,154
2025-07-16,34.22,35.29,33.90,35.00,32538
2025-07-17,35.70,35.70,35.70,35.70,5135
2025-07-18,35.89,35.89,34.98,35.18,2855
2025-07-21,34.98,34.98,34.47,34.47,9134
2025-07-22,35.00,35.15,34.99,35.15,1702
2025-07-23,35.10,35.10,35.00,35.00,1178
2025-07-24,35.44,35.44,34.52,35.44,910
2025-07-25,35.44,35.44,35.00,35.02,5488
2025-07-28,35.02,36.74,34.50,34.79,10424
2025-07-29,34.50,34.50,33.05,34.45,5928
2025-07-30,35.99,35.99,32.72,32.83,16705
2025-07-31,33.79,33.79,31.51,31.63,8164
2025-08-01,32.99,32.99,30.04,30.04,14516
2025-08-04,30.35,31.39,28.53,28.64,27879
2025-08-05,27.40,29.40,27.20,27.20,13963
2025-08-06,27.00,27.00,25.84,25.84,9165
2025-08-07,24.55,25.95,24.54,24.54,22238
2025-08-08,24.70,24.70,23.31,23.31,22678
2025-08-11,23.30,23.99,22.14,23.01,51847
2025-08-12,23.01,23.40,22.16,22.38,21099
2025-08-13,22.83,22.83,21.26,21.32,54585
2025-08-14,21.00,21.29,20.25,20.25,26464
2025-08-18,19.24,19.99,19.23,19.23,50257
2025-08-19,19.80,19.80,18.26,18.26,45735
2025-08-20,17.80,19.17,17.34,19.17,60253
2025-08-21,20.12,20.12,20.12,20.12,735
2025-08-22,21.12,21.12,21.12,21.12,116
2025-08-25,22.17,22.17,22.17,22.17,30469
2025-08-26,22.80,23.27,22.17,23.27,71911
2025-08-28,24.09,24.43,23.42,24.43,12919
2025-08-29,25.65,25.65,25.65,25.65,11638
2025-09-01,26.93,26.93,26.93,26.93,4747
2025-09-02,28.27,28.27,26.80,28.27,47169
2025-09-03,29.34,29.49,26.85,28.44,77833
2025-09-04,29.25,29.25,27.01,27.13,38764
2025-09-05,27.00,27.38,26.02,26.14,10714
2025-09-08,26.27,26.98,25.71,26.33,6974
2025-09-09,26.43,27.29,25.50,25.69,6815
2025-09-10,26.60,26.77,25.70,26.41,3387
2025-09-11,26.99,27.50,25.67,26.06,4807
2025-09-12,26.50,27.35,25.51,25.54,250305
2025-09-15,25.99,26.49,24.66,24.88,12456
2025-09-16,24.88,26.08,24.70,25.43,10635
2025-09-17,26.50,26.50,25.44,25.78,11335
2025-09-18,25.26,26.50,25.26,26.01,7075
2025-09-19,26.41,26.60,25.23,25.88,12870
2025-09-22,25.23,26.40,25.23,25.92,3033
2025-09-23,25.98,25.98,25.25,25.72,3023
2025-09-24,25.80,26.47,24.47,24.63,9685
2025-09-25,24.63,25.43,23.39,23.87,15077
2025-09-26,22.82,24.99,22.82,23.33,11845
2025-09-29,24.35,24.35,23.06,23.87,9800
2025-09-30,23.98,24.99,23.12,23.48,7048
2025-10-01,23.13,24.64,22.35,22.57,14687
2025-10-03,22.54,23.68,22.25,22.98,4961
2025-10-06,22.98,24.00,22.20,22.68,19933
2025-10-07,23.79,23.79,22.34,23.01,13465
2025-10-08,23.60,23.60,22.40,22.41,11363
2025-10-09,22.81,22.81,21.60,22.09,4931
2025-10-10,22.09,22.36,21.03,21.65,3626
2025-10-13,21.66,22.67,21.31,21.32,7221
2025-10-14,21.85,22.27,20.65,20.99,7203
2025-10-15,21.00,21.74,19.94,20.10,19391
2025-10-16,20.10,20.60,19.90,20.54,4098
2025-10-17,20.50,21.49,20.20,20.60,5979
2025-10-20,21.63,21.63,20.60,21.03,21958
2025-10-21,22.08,22.08,19.97,20.29,26779
2025-10-23,20.40,20.99,19.81,20.25,5188
2025-10-24,20.14,20.79,19.35,20.48,7815
2025-10-27,20.60,21.33,19.80,20.11,609
2025-10-28,20.11,20.82,19.85,19.88,1636
2025-10-29,19.85,20.69,19.11,20.48,20457
2025-10-30,20.90,21.48,19.63,20.71,12487
2025-10-31,20.52,21.67,20.11,21.48,3325
2025-11-03,21.95,21.95,20.40,20.40,7937
2025-11-04,20.06,20.97,19.52,19.57,10955
2025-11-06,19.61,19.99,18.59,18.67,9289
2025-11-07,18.30,19.30,17.77,18.34,12937
2025-11-10,18.99,18.99,17.42,17.56,11822
2025-11-11,17.99,17.99,17.55,17.64,5333
2025-11-12,17.30,17.84,16.75,16.87,24415
2025-11-13,17.00,17.19,16.02,16.02,32479
2025-11-14,15.96,15.96,15.21,15.24,60046
2025-11-17,15.24,15.48,14.47,14.47,30086
2025-11-18,14.47,14.47,13.74,13.74,17614
2025-11-19,13.51,14.36,13.05,13.05,24597
2025-11-20,13.34,13.34,12.39,12.47,89964
2025-11-21,12.47,13.09,12.40,13.09,38551
2025-11-24,13.74,13.74,13.74,13.74,3089
2025-11-25,14.35,14.42,14.35,14.42,734
2025-11-26,15.14,15.14,15.14,15.14,291
2025-11-27,15.89,15.89,15.89,15.89,783
2025-11-28,16.68,16.68,16.68,16.68,4986
2025-12-01,17.51,17.51,17.51,17.51,9753
2025-12-02,18.38,18.38,18.38,18.38,971
2025-12-03,19.29,19.29,17.46,17.46,72187
2025-12-04,16.60,17.30,16.58,16.58,23500
2025-12-05,15.75,16.25,15.75,15.75,21281
2025-12-08,16.18,16.53,14.96,15.03,55065
2025-12-09,14.80,15.64,14.70,15.30,13620
2025-12-10,15.30,15.93,14.54,14.54,42973
2025-12-11,13.88,15.25,13.82,14.25,47044
2025-12-12,14.20,14.96,14.20,14.86,20316
2025-12-15,15.56,15.56,14.32,14.77,4855
2025-12-16,14.77,15.45,14.77,15.33,2854
2025-12-17,15.40,16.09,15.01,15.39,4456
2025-12-18,15.99,16.00,14.66,15.35,4748
2025-12-19,15.28,16.11,15.26,15.67,5526
2025-12-22,15.70,16.34,14.90,15.03,15094
2025-12-23,14.99,14.99,14.35,14.38,21728
2025-12-24,14.40,14.99,14.40,14.65,2705
2025-12-26,14.65,14.65,14.06,14.57,2035
2025-12-29,14.84,14.84,13.85,13.85,25897
2025-12-30,13.90,13.90,13.16,13.16,43154
2025-12-31,13.00,13.00,12.51,12.59,12002
2026-01-01,13.19,13.19,12.02,12.60,14718
2026-01-02,12.42,12.95,12.18,12.68,16022
2026-01-05,12.79,12.79,12.25,12.45,10308
2026-01-06,12.78,12.88,12.10,12.43,66031
2026-01-07,12.54,13.00,12.37,12.96,17533
2026-01-08,12.99,13.00,12.32,12.50,60771
2026-01-09,12.50,12.89,12.49,12.60,7316
2026-01-12,12.75,12.75,11.97,12.12,22013
2026-01-13,12.70,12.70,11.57,11.97,18883
2026-01-14,11.97,12.56,11.66,11.85,12286
2026-01-16,11.85,12.37,11.65,11.73,28375
2026-01-19,11.95,11.95,11.15,11.15,17595
2026-01-20,11.00,11.05,10.60,10.60,136233
2026-01-21,10.60,10.60,10.07,10.17,12926
2026-01-22,10.65,10.65,9.70,10.61,3496
2026-01-23,11.00,11.01,10.13,10.87,24942
2026-01-27,10.65,11.39,10.33,11.21,8659
2026-01-28,11.63,11.63,11.01,11.29,59092
2026-01-29,11.33,11.84,10.73,10.73,31804
2026-01-30,10.70,10.73,10.20,10.71,41957
2026-02-01,10.60,11.05,10.26,10.69,854
2026-02-02,10.69,11.09,10.23,10.81,9184
2026-02-03,11.00,11.13,10.27,10.31,31846
2026-02-04,10.31,10.67,10.00,10.39,19498
2026-02-05,10.40,11.29,9.36,10.06,27437
2026-02-06,10.02,10.03,9.37,9.85,3211
2026-02-09,9.81,9.83,9.20,9.80,13431
2026-02-10,9.78,10.00,9.45,9.78,5030
2026-02-11,9.95,9.95,9.03,9.22,26008
2026-02-12,9.60,9.89,9.44,9.59,72895
2026-02-13,9.84,9.84,9.35,9.69,10439
2026-02-16,9.86,9.86,9.32,9.57,11976
2026-02-17,9.50,9.84,9.50,9.69,12622
2026-02-18,9.83,9.93,9.06,9.42,4264
2026-02-19,9.55,10.30,9.55,9.98,17457
2026-02-20,10.69,10.70,9.21,10.27,27757
2026-02-23,10.27,10.98,9.87,10.00,30587
2026-02-24,10.30,10.45,9.81,10.43,5578
2026-02-25,10.43,10.49,9.50,10.19,2968
2026-02-26,10.30,10.57,9.29,9.69,34123
2026-02-27,9.90,9.90,8.73,8.73,75887
2026-03-02,8.70,8.70,8.02,8.39,10961
2026-03-04,8.38,8.39,7.68,7.91,3259
2026-03-05,7.68,8.27,7.68,8.13,2685
2026-03-06,8.10,8.10,7.80,7.81,19182
2026-03-09,7.81,7.81,7.42,7.42,19369
2026-03-10,7.42,7.42,7.05,7.05,44579
2026-03-11,7.10,7.33,6.81,7.01,14624
2026-03-12,7.13,7.26,6.90,6.93,18756
2026-03-13,7.10,7.10,6.89,6.90,9828
2026-03-16,7.07,7.10,6.56,6.87,25520
2026-03-17,6.95,6.99,6.53,6.78,57661
2026-03-18,6.78,6.86,6.45,6.45,52850
2026-03-19,6.47,6.60,6.20,6.32,12461
2026-03-20,6.32,6.58,6.15,6.40,19699
2026-03-23,6.56,6.56,6.31,6.48,61826
2026-03-24,6.70,6.70,6.31,6.55,56279
2026-03-25,6.52,6.69,6.30,6.49,79150
2026-03-27,6.56,6.80,6.24,6.35,137927
2026-03-30,6.46,6.46,6.04,6.18,19958
2026-04-01,6.15,6.44,6.15,6.39,19042
2026-04-02,6.43,6.59,6.14,6.30,17834
2026-04-06,6.40,6.40,6.15,6.39,6915
2026-04-07,6.45,6.45,6.11,6.19,47639
2026-04-08,6.26,6.30,5.72,6.08,85281
2026-04-09,6.26,6.50,6.15,6.19,35269
2026-04-10,6.29,6.69,6.20,6.51,94643
2026-04-13,6.59,6.73,6.33,6.67,26154
2026-04-15,6.69,6.90,6.11,6.47,45234
2026-04-16,6.66,6.76,6.12,6.59,56084
2026-04-17,6.88,6.88,6.45,6.76,40015
2026-04-20,6.75,6.90,6.27,6.40,50228
2026-04-21,6.66,7.04,6.30,6.93,67415
2026-04-22,6.96,7.03,6.62,6.96,17690
2026-04-23,7.09,7.10,7.00,7.07,49894
2026-04-24,7.29,7.29,6.45,6.54,46542
2026-04-27,7.14,7.14,6.57,6.69,53229
2026-04-28,6.79,7.04,6.70,6.95,28955
2026-04-29,7.02,7.04,6.47,6.90,21759
2026-04-30,7.44,7.50,6.60,7.36,60591
2026-05-04,7.00,7.69,6.99,7.12,65390
2026-05-05,7.65,7.65,6.80,7.22,21506
2026-05-06,7.36,7.36,6.60,7.20,92082
2026-05-07,7.36,7.36,6.81,7.10,26123
2026-05-08,7.35,7.35,6.77,7.00,25569
2026-05-11,7.20,7.20,7.00,7.10,8755
2026-05-12,7.20,7.20,6.80,7.02,40357
2026-05-13,6.66,7.15,6.66,7.04,6122
2026-05-14,7.15,7.15,6.90,6.96,5018
2026-05-15,6.96,7.10,6.74,6.83,23730
2026-05-18,6.99,6.99,6.76,6.88,11287
2026-05-19,6.88,7.15,6.45,7.02,15516
2026-05-20,6.96,7.09,6.86,6.92,2375
2026-05-21,6.99,7.45,6.75,7.19,18449
2026-05-22,7.26,7.26,6.90,6.99,4101
2026-05-25,7.06,7.10,6.90,6.94,7259
2026-05-26,7.55,7.55,6.41,6.66,148393
2026-05-27,6.86,6.99,6.67,6.83,2897
2026-05-29,6.96,7.00,6.70,6.89,11526
2026-06-01,6.96,7.10,6.48,6.73,18714
2026-06-02,6.80,6.89,6.67,6.71,9752
2026-06-03,6.71,6.90,6.68,6.89,31556
2026-06-04,7.10,7.10,6.78,7.00,47636
2026-06-05,6.99,7.39,6.84,6.93,53367
2026-06-08,7.70,7.70,6.72,6.83,19622
2026-06-09,6.86,7.10,6.86,6.99,2325
2026-06-10,7.09,7.09,6.71,6.98,5758
2026-06-11,6.97,7.09,6.78,6.97,4817
2026-06-12,7.05,7.06,6.53,7.03,10003
2026-06-15,7.07,7.11,6.90,6.91,10776
2026-06-16,6.99,7.00,6.62,6.87,16199
2026-06-17,6.90,6.95,6.70,6.84,25960
2026-06-18,6.93,6.93,6.80,6.88,4743
2026-06-19,6.98,6.98,6.60,6.80,11002
2026-06-22,6.80,6.87,6.79,6.79,5820
2026-06-23,6.85,6.85,6.70,6.70,1871
2026-06-24,6.83,6.83,6.37,6.37,99955
2026-06-25,6.25,6.37,6.06,6.06,68750
2026-06-29,6.18,6.18,5.76,5.76,23445
2026-06-30,5.86,5.86,5.48,5.60,21812
2026-07-01,5.60,5.67,5.32,5.53,43943
2026-07-02,5.53,5.53,5.26,5.44,21050
2026-07-03,5.48,5.71,5.45,5.68,34395
2026-07-06,5.72,5.72,5.50,5.55,28527
2026-07-07,5.63,5.80,5.28,5.49,48923
2026-07-08,5.33,5.48,5.24,5.25,62750
2026-07-09,5.51,5.51,5.06,5.25,23704
2026-07-10,5.00,5.40,5.00,5.20,26172
2026-07-13,5.19,5.19,5.00,5.06,76156
2026-07-14,5.13,5.19,4.90,5.09,7899
2026-07-15,5.00,5.28,5.00,5.10,12603
2026-07-16,5.19,5.19,4.85,4.96,47525
2026-07-17,4.97,5.03,4.85,4.95,8296
2026-07-20,5.05,5.09,4.71,4.98,56713
2026-07-21,4.99,4.99,4.75,4.85,5555
2026-07-22,4.85,5.09,4.85,5.01,13011
2026-07-23,5.03,5.03,4.76,4.81,56990
2026-07-24,4.79,4.89,4.57,4.58,42914
2026-07-27,4.58,4.74,4.44,4.62,54340
2026-07-28,4.62,4.65,4.45,4.52,36843
2026-07-29,4.52,4.55,4.34,4.52,43645
2026-07-30,4.54,4.54,4.45,4.50,1960
2026-07-31,4.59,4.59,4.28,4.30,145789
2026-08-03,4.36,4.36,4.10,4.20,54023
2026-08-04,4.15,4.15,3.99,3.99,62538
2026-08-05,3.99,3.99,3.80,3.82,67723
2026-08-06,4.00,4.00,3.65,3.69,118378
2026-08-07,3.76,3.76,3.56,3.69,22248
2026-08-10,3.75,3.75,3.51,3.51,163825
2026-08-11,3.51,3.51,3.34,3.34,255374
2026-08-12,3.34,3.44,3.18,3.27,114193
2026-08-13,3.26,3.43,3.20,3.27,166554
2026-08-14,3.26,3.26,3.15,3.19,31307
2026-08-17,3.25,3.25,3.04,3.04,162369
2026-08-18,3.05,3.10,2.89,2.89,170685
2026-08-19,2.84,2.89,2.75,2.81,136338
2026-08-20,2.81,2.81,2.71,2.75,105874
2026-08-21,2.74,2.80,2.70,2.76,218180
2026-08-24,2.75,2.75,2.66,2.67,45457
2026-08-25,2.67,2.67,2.55,2.61,62015
2026-08-26,2.61,2.73,2.55,2.61,87025
2026-08-27,2.60,2.68,2.56,2.61,88484
2026-08-28,2.60,2.65,2.57,2.58,48352
2026-08-31,2.59,2.60,2.51,2.54,34065
2026-09-01,2.51,2.55,2.45,2.46,52613
2026-09-02,2.46,2.46,2.34,2.39,62354
2026-09-03,2.39,2.49,2.37,2.40,27878
2026-09-04,2.40,2.40,2.28,2.29,98460
2026-09-07,2.35,2.35,2.18,2.18,162913
2026-09-08,2.18,2.28,2.08,2.08,145147
2026-09-09,2.08,2.16,2.00,2.08,138434
2026-09-10,2.08,2.14,2.06,2.10,51593
2026-09-11,2.12,2.17,2.02,2.14,44698
2026-09-15,2.18,2.24,2.14,2.24,78787
2026-09-16,2.35,2.35,2.35,2.35,11329
2026-09-17,2.46,2.46,2.46,2.46,32203
2026-09-18,2.58,2.58,2.58,2.58,3818
