Date,Open,High,Low,Close,Volume
2009-05-11,16.67,18.44,16.67,17.80,6188
2009-05-12,21.22,21.22,17.24,17.73,24181
2009-05-13,17.38,17.38,15.67,16.91,4471
2009-05-14,16.00,17.22,16.00,16.91,1141
2009-05-15,20.00,20.00,17.00,17.42,11995
2009-05-19,19.82,19.82,16.24,18.29,58284
2009-05-20,19.78,20.84,18.22,19.73,68913
2009-05-21,20.67,23.02,20.56,21.27,67543
2009-05-22,21.64,21.96,20.49,21.73,21427
2009-05-25,22.44,24.40,21.11,24.07,88205
2009-05-26,24.89,28.62,23.56,24.04,49856
2009-05-27,26.53,26.53,23.82,24.40,11945
2009-05-28,25.11,25.11,23.60,23.80,5603
2009-05-29,24.84,25.33,23.76,24.22,21985
2009-06-01,24.22,25.18,23.56,23.93,21668
2009-06-02,24.13,24.80,23.47,23.49,19872
2009-06-03,22.67,25.31,22.67,24.00,20624
2009-06-04,23.56,24.84,23.56,24.44,12222
2009-06-05,25.56,25.56,24.09,24.33,43139
2009-06-08,25.76,25.76,22.22,22.98,12114
2009-06-09,21.82,23.36,21.73,23.09,8719
2009-06-10,24.00,24.00,23.16,23.36,16155
2009-06-11,22.22,24.00,21.47,23.13,15552
2009-06-12,23.13,24.13,21.80,22.24,10150
2009-06-15,22.22,25.33,22.04,23.62,54776
2009-06-16,22.76,25.67,22.76,25.27,88560
2009-06-17,26.20,28.33,25.38,26.44,228153
2009-06-18,26.27,27.16,23.78,24.87,57236
2009-06-19,26.02,26.07,24.67,25.00,68351
2009-06-22,26.07,29.11,26.07,26.80,100233
2009-06-23,26.67,27.62,25.84,26.73,48942
2009-06-24,28.87,32.09,28.13,32.02,721241
2009-06-25,26.71,35.09,26.71,29.98,317325
2009-06-26,30.22,35.09,29.33,33.18,828605
2009-06-29,34.22,34.58,32.49,32.87,206908
2009-06-30,33.56,34.11,30.67,31.09,126378
2009-07-01,30.67,31.73,29.78,30.04,56527
2009-07-02,29.82,32.40,29.80,31.36,87680
2009-07-03,30.64,32.20,30.64,31.04,48533
2009-07-06,31.16,32.22,28.60,29.11,73881
2009-07-07,29.33,30.38,27.56,28.56,30175
2009-07-08,28.44,28.78,27.20,27.49,33269
2009-07-09,27.91,27.91,26.16,26.73,38522
2009-07-10,27.00,28.38,26.22,26.47,52025
2009-07-13,27.00,27.00,24.53,24.89,23549
2009-07-14,25.33,27.09,24.96,26.49,22982
2009-07-15,27.58,28.53,26.82,27.80,45907
2009-07-16,28.73,29.29,27.82,27.93,42516
2009-07-17,28.44,29.20,28.22,28.49,25688
2009-07-20,29.11,29.22,26.82,28.60,54437
2009-07-21,28.84,29.09,27.69,28.33,13480
2009-07-22,28.84,29.22,27.89,28.02,27995
2009-07-23,28.84,30.22,27.82,29.22,70749
2009-07-24,30.09,30.09,28.22,29.18,22100
2009-07-27,30.09,31.11,28.93,29.24,20482
2009-07-28,29.67,31.53,29.33,30.33,94579
2009-07-29,31.07,31.51,29.36,30.11,55838
2009-07-30,30.22,30.22,29.51,30.04,24770
2009-07-31,30.64,30.64,29.40,29.67,49291
2009-08-03,30.04,30.18,29.42,29.98,0
2009-08-04,29.67,29.78,28.96,29.44,21890
2009-08-05,29.38,30.00,28.96,29.38,16403
2009-08-06,29.56,29.78,28.51,29.04,22752
2009-08-07,27.16,29.16,26.76,27.62,16031
2009-08-10,30.18,30.18,26.73,27.09,30215
2009-08-11,26.67,27.11,26.02,26.29,28501
2009-08-12,25.33,27.09,25.33,26.44,12002
2009-08-13,26.89,28.44,26.71,27.71,26480
2009-08-14,27.31,28.00,27.31,27.76,7322
2009-08-17,27.11,27.87,26.73,26.82,15521
2009-08-18,26.67,27.56,26.18,26.62,8116
2009-08-19,26.56,27.24,26.33,26.49,8105
2009-08-20,28.11,28.11,26.31,26.76,5960
2009-08-21,27.11,27.11,26.67,26.93,5414
2009-08-24,26.96,27.93,26.96,27.53,38945
2009-08-25,28.11,28.11,27.16,27.58,10850
2009-08-26,28.16,29.11,27.44,28.20,46172
2009-08-27,28.73,29.87,28.69,29.13,39373
2009-08-28,29.53,29.56,28.69,28.96,15838
2009-08-31,29.29,29.87,28.89,29.42,52745
2009-09-01,29.71,33.51,29.13,30.49,334585
2009-09-02,30.67,31.78,29.80,30.53,116442
2009-09-03,31.96,34.22,30.40,31.89,362923
2009-09-04,32.44,32.67,31.11,31.56,47039
2009-09-07,32.22,33.56,32.22,32.58,108090
2009-09-08,36.00,36.00,31.36,31.62,48578
2009-09-09,31.56,32.22,31.18,31.53,31937
2009-09-10,32.44,33.20,31.64,31.80,94498
2009-09-11,32.42,32.42,31.00,31.20,22064
2009-09-14,32.22,32.22,30.49,30.89,23317
2009-09-15,32.00,32.00,30.84,31.00,25360
2009-09-16,31.11,32.44,31.00,31.42,41103
2009-09-17,31.76,31.76,31.11,31.53,28244
2009-09-18,30.69,31.56,30.69,31.16,18772
2009-09-22,30.69,31.56,30.69,30.89,23195
2009-09-23,31.11,31.91,30.98,31.27,25387
2009-09-24,30.73,31.76,30.73,31.16,27108
2009-09-25,31.89,37.40,30.96,36.53,773801
2009-09-29,35.56,38.80,34.11,34.67,462115
2009-09-30,35.60,35.96,34.22,35.36,171484
2009-10-01,34.98,36.67,34.44,34.69,110394
2009-10-05,34.40,35.27,33.40,33.69,63482
2009-10-06,35.00,35.27,32.98,33.56,41483
2009-10-07,33.82,34.67,33.33,33.42,52013
2009-10-08,33.29,34.29,33.22,33.42,26845
2009-10-09,33.33,34.22,33.02,33.38,43679
2009-10-12,34.22,34.42,33.16,33.87,25445
2009-10-14,33.87,34.67,33.78,34.16,27002
2009-10-15,33.69,37.07,33.69,36.02,141361
2009-10-16,36.40,37.29,35.56,36.16,87714
2009-10-20,35.62,39.93,35.62,37.18,262587
2009-10-21,40.00,40.00,36.58,36.87,50020
2009-10-22,36.44,37.56,35.33,35.69,56486
2009-10-23,37.11,37.33,35.98,36.31,61556
2009-10-26,36.87,36.87,35.78,36.04,32945
2009-10-27,35.56,36.18,33.91,34.33,62980
2009-10-28,35.44,35.44,32.91,33.87,50054
2009-10-29,33.78,34.58,33.22,33.82,29968
2009-10-30,34.22,36.93,34.22,35.13,100805
2009-11-03,35.56,36.44,34.22,34.38,123617
2009-11-04,35.02,35.44,34.36,35.16,50643
2009-11-05,34.80,35.78,34.80,35.42,38696
2009-11-06,35.58,37.73,35.58,36.49,121885
2009-11-09,37.53,37.53,36.11,36.27,36515
2009-11-10,36.67,36.89,36.00,36.09,39152
2009-11-11,35.76,36.42,35.76,36.04,26429
2009-11-12,36.02,36.42,35.44,35.60,43148
2009-11-13,36.40,36.67,35.33,35.58,23252
2009-11-16,35.80,36.27,35.51,35.64,15586
2009-11-17,36.16,36.20,35.51,35.80,17246
2009-11-18,35.78,36.69,35.78,36.56,41992
2009-11-19,36.89,38.42,36.47,36.93,107366
2009-11-20,37.40,38.67,36.33,37.40,80159
2009-11-23,37.76,39.40,37.33,38.16,90835
2009-11-24,38.53,39.91,38.27,38.60,105363
2009-11-25,38.67,43.29,38.67,41.22,756767
2009-11-26,41.51,42.22,39.11,39.31,308372
2009-11-27,37.96,38.58,37.00,37.84,146032
2009-11-30,38.22,40.00,37.40,38.09,127449
2009-12-01,38.53,40.22,38.49,39.71,131603
2009-12-02,40.76,41.24,39.11,39.20,82319
2009-12-03,39.56,42.44,39.38,40.89,404306
2009-12-04,40.44,41.78,40.07,40.51,83646
2009-12-07,40.49,41.11,39.62,39.78,45171
2009-12-08,40.00,40.89,40.00,40.27,44098
2009-12-09,40.31,40.76,39.56,39.69,28375
2009-12-10,39.47,42.09,39.47,40.96,141930
2009-12-11,41.36,42.13,40.67,40.91,70589
2009-12-14,40.91,41.38,40.31,40.51,26075
2009-12-15,40.78,41.56,39.84,39.96,39202
2009-12-16,39.60,40.73,39.11,39.24,49205
2009-12-17,39.69,40.00,39.27,39.76,24455
2009-12-18,39.56,40.80,39.20,39.53,35973
2009-12-21,39.22,40.04,39.22,39.56,24669
2009-12-22,39.40,40.11,39.38,39.67,18459
2009-12-23,40.27,41.00,39.80,39.98,49088
2009-12-24,40.62,41.20,40.09,40.44,53627
2009-12-29,41.22,41.22,40.36,40.69,30672
2009-12-30,40.84,42.84,40.47,41.82,116966
2009-12-31,43.00,43.00,41.22,41.36,66161
2010-01-04,44.00,44.00,40.98,41.71,29009
2010-01-05,42.22,43.33,41.33,42.27,144813
2010-01-06,42.49,43.09,41.78,42.44,79187
2010-01-07,42.31,44.22,42.22,43.11,193692
2010-01-08,43.69,44.29,42.84,43.04,98465
2010-01-11,43.44,44.27,43.24,43.56,74050
2010-01-12,43.89,44.84,42.56,42.84,142666
2010-01-13,42.67,44.13,42.62,43.31,80010
2010-01-14,43.56,43.78,42.98,43.11,44222
2010-01-15,43.13,43.56,42.31,42.67,38651
2010-01-18,42.71,43.56,42.33,42.53,50720
2010-01-19,42.67,44.11,42.58,43.16,105460
2010-01-20,43.22,46.44,43.22,44.78,278175
2010-01-21,44.93,45.78,43.11,43.33,99932
2010-01-22,42.24,42.76,41.13,41.98,75659
2010-01-25,42.22,42.22,41.33,41.49,41369
2010-01-27,42.22,42.22,38.73,39.22,45081
2010-01-28,40.27,40.89,38.04,38.38,38111
2010-01-29,38.82,40.64,37.33,40.22,56468
2010-02-01,44.44,44.44,40.22,41.76,78347
2010-02-02,43.44,43.44,41.13,41.53,58199
2010-02-03,42.29,42.29,41.31,41.58,43036
2010-02-04,41.56,43.09,40.58,40.84,79124
2010-02-05,39.11,39.87,38.44,38.91,51320
2010-02-08,39.56,39.91,38.93,39.44,9599
2010-02-09,40.00,40.00,38.58,39.29,21134
2010-02-10,40.27,40.27,38.89,39.09,13682
2010-02-11,39.36,40.67,39.36,39.80,70065
2010-02-15,40.02,40.69,39.33,39.67,16031
2010-02-16,39.11,40.36,39.11,39.71,17593
2010-02-17,39.96,40.60,39.67,39.93,36196
2010-02-18,39.93,40.00,39.20,39.76,15289
2010-02-19,40.00,40.44,38.40,39.02,32958
2010-02-22,39.56,40.89,39.13,39.33,18034
2010-02-23,39.33,40.00,38.69,39.00,12740
2010-02-24,39.89,39.89,38.38,38.67,6746
2010-02-25,38.71,39.33,38.67,38.87,16065
2010-02-26,39.56,39.91,38.89,39.33,41780
2010-03-02,41.11,41.11,39.60,40.07,19044
2010-03-03,40.44,42.22,40.18,40.91,60910
2010-03-04,40.00,41.73,40.00,40.76,12308
2010-03-05,40.67,41.11,40.22,40.82,41236
2010-03-08,41.31,41.33,40.07,40.42,33005
2010-03-09,40.67,41.18,39.42,39.67,56678
2010-03-10,39.42,40.53,39.33,39.51,26550
2010-03-11,39.96,40.09,39.13,39.33,16135
2010-03-12,39.87,41.29,39.44,40.18,55132
2010-03-15,40.89,40.89,39.73,40.47,17044
2010-03-16,40.87,48.18,40.02,47.31,3308130
2010-03-17,47.44,47.96,44.96,45.38,842084
2010-03-18,44.91,47.96,44.91,46.60,708326
2010-03-19,47.02,54.36,47.02,52.69,2811869
2010-03-22,51.98,54.31,50.44,51.73,689530
2010-03-23,51.87,53.24,50.91,51.29,168735
2010-03-25,51.38,51.93,50.00,50.73,92293
2010-03-26,51.16,59.29,49.82,56.07,2364523
2010-03-29,56.00,57.38,53.82,54.51,467598
2010-03-30,54.67,56.18,53.56,54.02,178880
2010-03-31,54.40,55.78,53.78,54.04,118625
2010-04-01,54.53,55.11,54.18,54.64,108551
2010-04-05,55.29,58.80,54.24,56.09,494434
2010-04-06,56.53,58.16,55.87,56.24,201531
2010-04-07,56.36,57.02,54.22,55.67,122400
2010-04-08,55.53,55.56,52.33,53.98,95497
2010-04-09,55.07,55.47,54.24,54.58,57206
2010-04-12,54.67,58.67,54.20,55.47,207176
2010-04-13,55.11,57.44,55.11,56.16,124673
2010-04-15,56.56,57.11,53.89,54.29,45574
2010-04-16,54.22,55.11,53.11,54.27,79157
2010-04-19,51.42,54.13,51.42,53.38,48850
2010-04-20,52.89,56.20,51.42,55.47,118004
2010-04-21,55.16,57.20,55.16,56.16,97675
2010-04-22,56.00,59.78,55.98,57.64,478067
2010-04-23,57.84,67.33,57.84,66.29,3848950
2010-04-26,67.78,67.78,63.56,64.36,1254594
2010-04-27,64.18,66.13,63.11,63.49,255495
2010-04-28,61.58,62.56,60.00,60.27,255936
2010-04-29,61.67,63.02,60.80,61.82,164680
2010-04-30,62.33,64.42,62.22,62.58,216480
2010-05-03,62.62,63.96,61.60,61.89,134276
2010-05-04,62.42,63.51,60.51,60.82,128325
2010-05-05,59.11,59.56,56.89,58.64,217753
2010-05-06,59.53,59.53,57.40,58.09,75470
2010-05-07,57.22,57.78,55.38,56.13,120123
2010-05-10,56.89,57.78,55.80,57.38,118037
2010-05-11,57.58,58.89,57.33,57.93,61607
2010-05-12,58.67,60.31,58.44,58.76,98906
2010-05-13,59.93,62.67,58.40,61.76,457604
2010-05-14,62.09,63.47,60.69,61.40,205756
2010-05-17,59.00,59.84,58.00,58.71,85970
2010-05-18,59.16,61.78,58.67,59.93,133437
2010-05-19,59.53,60.80,59.02,59.49,91919
2010-05-20,60.78,66.22,60.44,64.82,1048743
2010-05-21,62.67,64.31,61.78,63.56,312550
2010-05-24,65.67,74.62,64.00,70.47,3305587
2010-05-25,68.89,73.20,65.60,66.36,2167272
2010-05-26,67.73,69.64,63.82,64.38,515620
2010-05-27,65.27,67.33,63.78,64.60,368933
2010-05-28,65.78,67.47,64.22,64.58,273234
2010-05-31,64.89,65.29,63.36,64.27,120764
2010-06-01,64.67,68.80,64.24,65.16,483141
2010-06-02,66.11,67.73,65.38,65.93,254163
2010-06-03,66.67,68.62,66.67,68.11,284214
2010-06-04,67.53,70.04,67.53,69.02,341130
2010-06-07,67.22,72.60,66.22,71.20,703198
2010-06-08,71.56,74.44,70.69,71.16,382222
2010-06-09,72.33,72.42,70.96,71.36,112392
2010-06-10,71.47,83.51,71.47,82.11,5614542
2010-06-11,81.60,82.62,78.09,78.98,1954356
2010-06-14,80.00,87.44,79.78,84.76,4596350
2010-06-15,84.71,85.69,82.42,83.31,775282
2010-06-16,84.09,91.33,84.09,88.69,2247266
2010-06-17,88.89,93.20,88.89,90.78,1244601
2010-06-18,91.22,92.84,88.44,89.02,498538
2010-06-21,90.67,91.87,88.31,88.73,237427
2010-06-22,88.73,94.13,88.44,91.58,1363917
2010-06-23,91.33,95.51,90.44,92.91,568144
2010-06-24,92.93,97.87,92.93,97.22,799778
2010-06-25,97.78,100.80,95.78,97.56,750307
2010-06-28,98.67,110.62,96.67,107.69,1584291
2010-06-29,107.16,127.56,107.16,125.96,7843446
2010-06-30,123.56,127.29,113.38,114.02,4853554
2010-07-01,109.51,112.62,105.11,106.27,3851319
2010-07-02,107.11,111.40,105.73,106.60,1618104
2010-07-05,108.44,110.60,106.09,107.22,518129
2010-07-06,108.40,110.62,107.64,108.96,602702
2010-07-07,110.22,110.22,106.27,106.89,417074
2010-07-08,107.76,109.76,106.62,106.96,336886
2010-07-09,107.56,108.67,104.49,105.80,308824
2010-07-12,106.00,106.18,99.78,100.42,551472
2010-07-13,100.40,100.87,93.53,94.87,1048255
2010-07-14,95.76,103.73,93.84,101.31,2462938
2010-07-15,100.89,105.96,100.89,102.36,1103672
2010-07-16,102.22,103.69,100.04,100.71,365788
2010-07-19,99.16,101.69,97.93,98.89,330834
2010-07-20,99.56,101.31,98.29,98.69,277783
2010-07-21,99.73,100.36,96.02,96.96,199301
2010-07-22,96.89,99.84,96.00,97.40,262614
2010-07-23,97.78,103.89,97.78,100.67,1138532
2010-07-26,101.33,101.76,98.22,98.71,292190
2010-07-27,99.16,101.96,99.16,99.76,411911
2010-07-28,100.40,100.53,97.78,98.33,153468
2010-07-29,98.00,99.16,96.44,97.56,126862
2010-07-30,97.16,100.00,96.89,98.16,241963
2010-08-02,97.78,99.51,97.29,97.91,90983
2010-08-03,98.40,100.42,96.96,97.33,192594
2010-08-04,97.67,99.56,97.11,98.42,135574
2010-08-05,98.69,99.44,97.78,98.00,72164
2010-08-06,98.16,99.33,94.22,94.84,201783
2010-08-09,95.47,96.87,94.71,95.31,115688
2010-08-10,95.56,96.40,89.80,93.09,269049
2010-08-11,93.38,98.40,93.36,95.40,346692
2010-08-12,95.40,96.42,93.87,95.82,114890
2010-08-13,95.60,97.31,93.58,94.18,106405
2010-08-16,95.02,95.47,93.33,93.40,83320
2010-08-17,93.60,95.07,92.93,93.42,132595
2010-08-18,93.60,97.51,93.56,95.36,277392
2010-08-19,96.40,103.11,96.40,99.71,757131
2010-08-20,99.96,100.20,96.93,97.96,153138
2010-08-23,98.84,101.62,98.67,99.56,254937
2010-08-24,99.91,108.18,99.91,103.33,1887554
2010-08-25,103.69,106.69,99.56,100.96,367453
2010-08-26,101.76,103.78,100.11,100.53,178621
2010-08-27,100.44,103.78,99.58,101.71,434240
2010-08-30,103.16,103.53,99.16,99.67,121523
2010-08-31,99.04,99.73,95.62,97.07,116357
2010-09-01,98.22,99.11,93.33,97.20,102206
2010-09-02,98.40,101.33,97.96,99.31,193748
2010-09-03,99.49,100.44,97.89,99.07,92435
2010-09-06,100.29,103.11,99.16,101.91,247876
2010-09-07,102.24,104.36,101.40,103.18,268250
2010-09-08,102.40,105.11,100.44,101.27,195474
2010-09-09,101.58,102.60,99.18,99.82,90619
2010-09-13,100.00,102.44,98.67,98.98,132060
2010-09-14,99.91,100.27,98.22,98.51,60525
2010-09-15,96.29,99.73,96.29,96.64,81086
2010-09-16,96.64,97.51,94.44,95.22,85473
2010-09-17,96.22,97.69,94.69,95.33,63250
2010-09-20,95.56,98.22,95.56,96.56,113432
2010-09-21,96.89,97.47,93.80,94.24,63947
2010-09-22,95.07,95.40,93.33,93.58,46121
2010-09-23,94.13,102.09,93.71,97.89,696795
2010-09-24,98.22,99.11,95.78,96.36,86252
2010-09-27,97.27,97.69,94.67,95.27,93769
2010-09-28,95.73,96.31,93.33,94.16,129576
2010-09-29,94.84,95.29,93.33,93.38,98460
2010-09-30,93.71,94.84,92.91,93.47,59585
2010-10-01,93.82,97.78,93.82,94.82,75299
2010-10-04,95.73,96.18,94.22,94.42,62723
2010-10-05,94.64,95.33,93.33,93.53,78984
2010-10-06,94.60,96.00,93.78,94.07,118816
2010-10-07,94.36,98.89,94.36,94.98,228189
2010-10-08,95.71,97.78,93.91,95.53,220363
2010-10-11,96.42,97.29,95.33,96.02,85943
2010-10-12,96.11,96.16,93.89,94.80,54758
2010-10-13,95.29,98.22,94.67,96.84,211305
2010-10-14,97.22,99.53,96.00,96.49,171520
2010-10-15,96.00,97.73,94.82,95.49,67941
2010-10-18,94.84,95.33,94.00,94.64,27137
2010-10-19,94.67,95.64,93.87,94.31,20804
2010-10-20,93.69,94.93,92.56,93.53,45313
2010-10-21,94.13,94.58,93.44,93.73,32490
2010-10-22,94.13,94.16,93.33,93.42,79641
2010-10-25,93.96,97.20,93.60,95.67,105359
2010-10-26,94.67,96.89,94.67,96.07,66821
2010-10-27,95.11,98.62,95.11,96.73,104486
2010-10-28,97.09,111.11,97.09,104.56,2997298
2010-10-29,104.18,106.42,97.84,98.84,482840
2010-11-01,99.91,101.96,98.84,99.89,159989
2010-11-02,100.44,104.42,98.82,102.38,259446
2010-11-03,102.84,107.56,102.40,104.60,426736
2010-11-04,105.07,107.78,103.36,104.67,146817
2010-11-05,106.67,106.67,100.44,104.31,33788
2010-11-08,103.11,111.09,103.11,108.51,420490
2010-11-09,108.82,115.09,108.62,112.69,610701
2010-11-10,112.36,113.53,108.56,111.82,243147
2010-11-11,112.00,116.62,108.93,110.64,522541
2010-11-12,109.69,111.02,103.73,104.82,180588
2010-11-15,105.07,109.69,105.07,107.33,132892
2010-11-16,107.89,107.89,100.89,101.71,140052
2010-11-18,101.33,102.16,94.00,96.51,186044
2010-11-19,95.78,99.11,94.36,95.38,132042
2010-11-22,95.78,98.69,95.78,97.24,99466
2010-11-23,96.36,98.67,93.78,97.33,74482
2010-11-24,97.69,99.29,95.98,97.00,34664
2010-11-25,97.69,98.13,96.02,96.22,24179
2010-11-26,95.11,96.44,89.87,92.64,138625
2010-11-29,91.78,95.56,91.78,94.36,75627
2010-11-30,93.82,95.56,92.89,93.78,76426
2010-12-01,94.58,98.93,94.58,96.22,188364
2010-12-02,97.27,102.58,97.27,100.33,236444
2010-12-03,100.62,101.78,97.56,98.22,94631
2010-12-06,97.80,99.98,97.80,98.38,71915
2010-12-07,98.82,100.78,98.11,100.24,88335
2010-12-08,100.00,102.04,98.04,99.31,205522
2010-12-09,97.80,99.42,93.33,93.93,193235
2010-12-10,93.78,97.78,93.33,94.73,91748
2010-12-13,95.44,96.89,94.53,94.93,37793
2010-12-14,94.44,96.44,94.44,96.09,14929
2010-12-15,94.93,96.80,94.27,95.00,23488
2010-12-16,93.87,96.11,93.87,95.04,24626
2010-12-20,94.82,97.38,94.69,94.98,24336
2010-12-21,95.29,96.00,94.00,94.42,38941
2010-12-22,95.24,95.24,94.04,94.51,17330
2010-12-23,94.22,95.20,93.38,93.67,15127
2010-12-24,93.78,94.62,93.38,93.80,36774
2010-12-27,94.22,94.84,92.93,93.44,17172
2010-12-28,93.62,96.18,93.62,94.20,38968
2010-12-29,94.31,98.60,94.27,97.18,264783
2010-12-30,98.51,99.56,95.56,97.24,380906
2010-12-31,97.09,99.96,96.62,97.84,264774
2011-01-03,98.62,100.89,96.96,99.67,105633
2011-01-04,100.89,101.67,98.96,99.89,124619
2011-01-05,100.00,101.07,98.29,98.89,47372
2011-01-06,98.44,99.33,97.00,97.62,48159
2011-01-07,98.00,98.60,95.78,96.80,69660
2011-01-10,96.89,97.31,94.67,95.31,27954
2011-01-11,94.80,96.44,94.80,95.53,88733
2011-01-12,95.56,96.44,93.87,96.00,37213
2011-01-13,96.84,100.22,96.84,97.53,211026
2011-01-14,97.89,112.78,96.91,105.20,1303569
2011-01-17,105.60,106.67,102.27,103.87,266880
2011-01-18,104.00,105.16,100.56,102.93,157971
2011-01-19,103.13,108.78,102.33,108.16,597966
2011-01-20,108.56,110.38,106.22,110.02,216837
2011-01-21,109.33,113.51,109.33,112.36,259066
2011-01-24,112.67,115.27,112.67,114.09,128822
2011-01-25,114.93,117.07,112.49,113.62,437480
2011-01-27,113.82,115.11,106.67,108.78,302144
2011-01-28,109.33,109.71,102.96,105.67,148181
2011-01-31,102.67,109.69,100.42,108.16,131081
2011-02-01,108.00,109.47,103.27,105.13,56030
2011-02-02,106.22,113.33,106.22,107.87,136042
2011-02-03,108.78,109.33,102.67,104.58,108961
2011-02-04,105.67,116.36,103.36,111.47,317372
2011-02-07,110.91,122.22,107.11,107.91,856496
2011-02-08,111.11,111.11,104.51,105.51,31469
2011-02-09,109.71,109.71,95.62,97.24,68967
2011-02-10,97.78,99.02,93.78,96.96,69536
2011-02-11,96.89,101.29,95.78,99.00,139914
2011-02-14,99.93,108.11,99.78,101.16,255409
2011-02-15,101.64,104.89,101.11,101.98,58217
2011-02-16,102.80,104.44,100.24,101.38,115025
2011-02-17,101.53,115.31,101.53,112.13,812157
2011-02-18,112.64,120.89,111.36,117.64,634290
2011-02-21,117.24,126.53,116.62,124.42,673125
2011-02-22,124.18,131.07,122.71,128.20,589490
2011-02-23,128.93,130.67,125.00,126.36,207597
2011-02-24,127.07,129.78,123.56,125.02,170197
2011-02-25,125.91,128.76,124.89,125.51,62514
2011-02-28,125.96,132.00,121.76,130.56,248551
2011-03-01,130.71,136.31,130.71,134.69,156555
2011-03-03,132.13,137.29,124.44,135.04,176286
2011-03-04,134.22,136.38,129.84,135.31,185169
2011-03-07,135.60,154.22,135.56,143.47,4579589
2011-03-08,143.33,144.44,132.00,133.18,942212
2011-03-09,134.87,137.20,132.00,133.02,367549
2011-03-10,133.29,137.49,133.29,134.58,423930
2011-03-11,133.42,135.87,130.02,131.67,134262
2011-03-14,131.78,133.07,129.33,129.93,113207
2011-03-15,128.89,128.89,120.24,124.60,101689
2011-03-16,125.71,128.24,124.44,125.24,132816
2011-03-17,124.00,128.44,123.11,125.13,121898
2011-03-18,126.13,126.13,124.44,124.47,58190
2011-03-21,125.38,127.53,124.44,125.42,70025
2011-03-22,125.00,127.04,124.44,124.78,278353
2011-03-23,124.87,126.64,124.44,124.67,44384
2011-03-24,125.47,130.67,125.42,129.64,238415
2011-03-25,130.16,134.20,128.89,130.82,220192
2011-03-28,129.78,132.89,129.78,130.53,220656
2011-03-29,130.51,134.96,128.89,130.02,181089
2011-03-30,130.24,132.02,128.89,130.16,49334
2011-03-31,130.38,135.38,126.76,133.20,88873
2011-04-01,134.67,145.78,134.22,139.58,559277
2011-04-04,140.44,141.33,137.29,138.29,115011
2011-04-05,139.02,139.98,136.00,136.82,48771
2011-04-06,137.27,138.22,131.11,135.04,163942
2011-04-07,135.49,143.71,135.11,137.60,255472
2011-04-08,138.16,139.87,133.62,134.89,71993
2011-04-11,136.13,137.78,133.42,134.53,43772
2011-04-13,133.71,136.31,132.71,133.80,69806
2011-04-15,134.40,135.87,130.67,131.51,42440
2011-04-18,132.13,134.98,129.80,130.73,76862
2011-04-19,130.11,133.33,129.62,130.33,53426
2011-04-20,131.42,136.44,129.42,133.89,171282
2011-04-21,135.02,138.62,130.67,132.20,230918
2011-04-25,133.02,133.20,130.22,131.00,29961
2011-04-26,131.11,134.16,128.02,131.58,98370
2011-04-27,132.51,133.73,130.24,132.36,61281
2011-04-28,132.47,136.80,130.78,132.51,276557
2011-04-29,130.89,134.22,130.89,131.24,50011
2011-05-02,131.56,131.56,129.78,130.53,24869
2011-05-03,129.36,131.13,128.98,130.58,41963
2011-05-04,130.82,130.82,125.31,129.60,48974
2011-05-05,129.44,131.56,126.36,128.56,38831
2011-05-06,129.31,135.78,127.16,129.60,288246
2011-05-09,129.60,132.22,128.93,130.40,60248
2011-05-10,129.82,130.67,128.47,129.49,26420
2011-05-11,129.60,131.11,128.44,129.07,17282
2011-05-12,128.89,130.67,126.80,129.22,28613
2011-05-13,129.13,132.89,129.13,131.11,101988
2011-05-16,130.56,132.40,128.89,129.38,38248
2011-05-17,130.04,130.22,127.82,128.71,31041
2011-05-18,128.89,130.07,126.44,127.38,40383
2011-05-19,128.29,128.67,126.27,127.04,26582
2011-05-20,127.78,130.22,126.49,129.22,29822
2011-05-23,129.31,130.22,127.20,127.71,27090
2011-05-24,128.82,128.91,125.13,126.64,14598
2011-05-25,125.78,132.36,123.27,126.91,234934
2011-05-26,125.40,133.93,124.89,132.80,145564
2011-05-27,134.62,142.22,133.27,137.78,977870
2011-05-30,138.69,141.07,136.22,136.73,69545
2011-05-31,136.22,136.40,132.09,134.00,73037
2011-06-01,135.20,138.67,134.00,136.13,433504
2011-06-02,134.27,139.33,133.31,135.02,479303
2011-06-03,135.96,139.04,132.49,133.71,235161
2011-06-06,131.11,137.73,130.76,134.27,222658
2011-06-07,135.51,143.11,135.44,140.60,529563
2011-06-08,141.36,143.91,139.22,141.44,243927
2011-06-09,142.67,142.78,139.67,140.11,236118
2011-06-10,140.89,144.89,138.00,141.51,889953
2011-06-13,141.78,142.64,139.62,140.02,88214
2011-06-14,140.44,149.56,140.16,148.47,838991
2011-06-15,149.53,156.53,147.64,153.67,1492340
2011-06-16,154.67,156.00,150.16,151.27,322045
2011-06-17,152.60,153.27,148.02,149.73,342617
2011-06-20,149.78,150.53,142.78,145.67,120006
2011-06-21,147.42,152.22,140.29,150.40,455169
2011-06-22,151.96,154.11,145.36,147.16,220552
2011-06-23,147.33,150.44,145.36,146.13,173799
2011-06-24,146.80,154.22,146.31,147.20,315021
2011-06-27,146.62,149.78,142.27,146.24,254640
2011-06-28,147.24,149.67,144.67,148.51,176549
2011-06-29,149.47,154.96,148.00,149.22,427888
2011-06-30,150.07,151.87,148.67,149.18,145985
2011-07-01,150.16,157.80,149.44,149.60,213924
2011-07-04,149.40,152.00,148.58,149.18,99801
2011-07-05,149.07,149.89,147.56,148.24,239018
2011-07-06,148.78,149.78,145.78,147.20,213444
2011-07-07,147.20,153.42,146.31,149.91,396676
2011-07-08,149.78,152.89,145.44,146.11,298675
2011-07-11,146.84,147.69,144.89,145.69,38268
2011-07-12,144.64,149.33,144.64,146.00,261478
2011-07-13,146.58,150.00,146.04,146.82,360289
2011-07-14,147.24,148.76,146.00,147.04,180120
2011-07-15,147.11,152.49,146.27,146.82,576123
2011-07-18,147.40,148.40,145.82,146.62,216543
2011-07-19,147.27,148.00,145.40,146.11,73598
2011-07-20,146.82,148.44,146.27,146.87,95708
2011-07-21,146.89,148.62,145.84,146.44,186876
2011-07-22,147.27,150.22,146.93,149.51,140407
2011-07-25,149.22,159.11,149.22,157.42,687529
2011-07-26,158.67,165.22,158.67,160.89,444241
2011-07-27,161.71,165.33,160.04,161.42,374079
2011-07-28,160.80,167.11,156.58,164.60,567118
2011-07-29,163.42,166.22,162.13,164.22,342187
2011-08-01,164.44,167.93,164.00,164.42,156479
2011-08-02,164.31,165.29,152.20,159.78,231912
2011-08-03,158.78,163.33,157.33,159.31,349561
2011-08-04,159.11,161.62,157.36,158.93,173055
2011-08-05,155.53,159.09,155.53,157.82,161665
2011-08-08,155.56,161.11,155.56,157.33,142369
2011-08-09,154.67,158.84,153.33,156.16,106542
2011-08-10,157.67,170.67,157.67,166.93,545975
2011-08-11,167.47,167.47,160.00,160.24,382190
2011-08-12,162.22,163.49,159.22,160.09,100267
2011-08-16,162.22,171.53,161.76,164.02,541644
2011-08-17,166.58,171.78,164.51,168.53,333138
2011-08-18,168.84,170.22,157.33,160.13,178245
2011-08-19,155.58,160.44,151.11,158.71,254705
2011-08-22,159.84,162.76,156.11,160.58,222132
2011-08-23,161.20,161.56,158.44,159.29,138888
2011-08-24,159.42,164.67,158.24,159.53,273043
2011-08-25,160.36,162.58,158.84,160.93,89199
2011-08-26,161.40,163.11,157.33,159.40,87887
2011-08-29,160.16,172.89,160.16,170.38,757106
2011-08-30,171.42,180.09,171.04,176.82,830787
2011-09-02,177.56,180.89,165.82,169.62,492407
2011-09-05,166.24,170.67,165.51,168.38,148917
2011-09-06,168.98,173.78,168.98,171.58,157854
2011-09-07,172.60,174.00,169.87,172.42,248090
2011-09-08,171.53,180.89,168.20,169.49,391406
2011-09-09,169.71,173.20,166.27,167.93,137433
2011-09-12,166.67,169.33,164.44,167.27,97544
2011-09-13,167.71,171.27,163.51,165.42,268286
2011-09-14,164.47,169.11,160.93,168.20,150656
2011-09-15,170.53,174.40,163.22,164.80,267364
2011-09-16,165.11,165.13,160.62,163.38,189860
2011-09-19,162.22,166.73,160.04,162.33,200329
2011-09-20,164.27,167.56,162.69,165.33,363391
2011-09-21,164.44,173.78,163.33,171.93,397999
2011-09-22,168.24,170.87,161.13,163.53,253537
2011-09-23,161.13,165.56,159.22,162.31,248601
2011-09-26,161.78,162.62,155.80,160.64,189680
2011-09-27,161.91,170.02,161.78,168.44,403075
2011-09-28,170.13,170.13,163.78,164.76,257153
2011-09-29,164.44,166.82,161.44,163.31,192243
2011-09-30,162.67,170.42,161.78,168.91,190832
2011-10-03,166.20,170.98,164.71,168.80,167792
2011-10-04,167.98,169.29,165.78,167.36,129024
2011-10-05,167.64,169.33,166.18,167.16,50211
2011-10-07,168.80,179.64,168.80,176.51,359056
2011-10-10,174.58,178.80,167.84,170.73,378539
2011-10-11,169.78,170.11,163.69,165.11,229167
2011-10-12,165.80,168.44,164.96,166.16,52963
2011-10-13,166.22,167.82,163.58,164.56,23857
2011-10-14,165.49,165.78,162.67,163.62,23414
2011-10-17,164.00,166.09,160.00,162.82,26834
2011-10-18,161.78,163.07,159.11,160.00,30231
2011-10-19,162.31,168.62,161.33,164.49,133709
2011-10-20,165.33,168.56,163.11,164.82,151470
2011-10-21,164.44,168.20,163.73,165.00,57947
2011-10-24,165.31,167.73,163.11,163.73,99695
2011-10-25,164.07,165.29,160.98,161.62,28184
2011-10-26,164.00,164.00,161.33,162.89,10701
2011-10-28,165.33,166.44,164.00,164.78,29275
2011-10-31,165.13,169.78,164.42,169.07,93053
2011-11-01,168.91,173.62,167.16,168.33,193230
2011-11-02,166.69,172.00,166.67,171.04,122069
2011-11-03,171.87,172.87,168.89,170.98,160036
2011-11-04,170.11,174.22,170.09,172.51,198068
2011-11-08,172.87,176.56,168.89,170.49,120926
2011-11-09,170.42,183.07,170.22,179.47,679996
2011-11-11,179.64,185.78,178.22,184.82,331108
2011-11-14,185.78,190.18,184.49,188.24,258915
2011-11-15,187.11,191.96,179.27,182.44,384881
2011-11-16,179.96,183.11,171.11,180.93,319118
2011-11-17,179.98,184.89,160.93,170.49,213438
2011-11-18,158.04,168.56,150.22,164.82,317719
2011-11-21,162.93,176.44,162.93,171.62,355658
2011-11-22,167.56,171.67,167.11,170.09,261754
2011-11-23,171.11,173.69,166.71,169.44,174936
2011-11-24,170.56,172.73,168.96,169.98,141701
2011-11-25,170.20,176.78,170.20,175.20,272343
2011-11-28,177.69,186.40,177.69,184.93,180957
2011-11-29,184.84,186.18,180.60,182.91,97178
2011-11-30,183.91,186.47,182.18,183.22,113623
2011-12-01,185.78,189.78,178.29,179.73,224296
2011-12-02,180.56,183.98,178.22,179.49,187819
2011-12-05,181.20,183.56,179.56,182.36,137664
2011-12-07,184.00,190.09,180.04,181.20,239436
2011-12-08,181.58,182.53,178.78,179.78,136834
2011-12-09,176.62,184.18,176.62,179.51,117317
2011-12-12,187.56,188.33,177.78,178.76,157368
2011-12-13,177.78,180.89,176.91,178.76,202770
2011-12-14,177.78,182.91,173.33,178.20,142959
2011-12-15,177.44,178.80,175.53,176.07,101142
2011-12-16,177.20,179.98,174.80,176.31,61076
2011-12-19,175.00,177.73,175.00,176.38,62370
2011-12-20,177.27,178.53,175.11,175.91,21751
2011-12-21,177.02,183.20,176.56,177.87,159222
2011-12-22,178.84,178.84,175.11,176.49,92624
2011-12-23,177.00,189.29,176.00,184.78,423185
2011-12-26,184.44,190.67,181.62,183.42,173840
2011-12-27,182.69,183.47,178.73,179.11,135529
2011-12-28,178.67,180.44,176.44,178.24,85388
2011-12-29,176.44,179.31,175.49,178.44,105019
2011-12-30,178.44,179.33,174.67,175.42,97562
2012-01-02,175.56,176.89,173.33,175.49,109031
2012-01-03,174.22,177.71,173.36,176.73,69365
2012-01-04,177.16,178.24,176.00,176.58,32186
2012-01-05,177.31,177.78,176.51,177.07,113517
2012-01-06,177.27,178.22,175.60,176.49,52776
2012-01-09,176.44,180.36,175.64,176.02,63333
2012-01-10,176.44,179.42,173.44,177.82,48470
2012-01-11,179.02,179.49,177.78,178.73,51485
2012-01-12,177.80,182.13,177.80,178.60,90522
2012-01-13,179.51,183.11,178.44,179.44,98804
2012-01-16,180.44,181.33,177.80,179.76,99934
2012-01-17,181.33,183.33,181.33,182.78,77526
2012-01-18,182.84,185.09,181.80,183.04,48247
2012-01-19,184.40,187.11,181.80,183.89,86992
2012-01-20,185.56,185.64,180.27,182.76,47869
2012-01-23,182.31,186.13,182.31,184.09,70277
2012-01-24,186.22,186.53,178.36,180.29,163807
2012-01-25,181.33,183.56,179.98,180.64,58102
2012-01-27,180.44,182.58,178.44,180.00,35375
2012-01-30,180.64,181.73,177.33,178.20,62912
2012-01-31,179.07,180.84,177.80,178.80,45090
2012-02-01,179.11,181.47,178.56,179.44,22955
2012-02-02,180.00,182.13,178.00,179.60,26809
2012-02-03,180.00,184.49,180.00,182.11,65707
2012-02-06,183.47,204.22,183.47,202.27,740013
2012-02-07,206.64,211.98,174.27,177.78,1005406
2012-02-08,182.09,183.11,177.78,178.91,126671
2012-02-09,181.64,181.64,174.67,177.02,53534
2012-02-10,178.22,180.47,173.33,174.16,214736
2012-02-13,173.91,175.04,169.33,171.64,44996
2012-02-14,171.11,175.47,165.78,166.82,71204
2012-02-15,168.00,182.67,166.82,179.71,301564
2012-02-16,177.82,185.78,177.82,183.29,273148
2012-02-17,181.51,188.93,181.33,187.04,195699
2012-02-21,186.71,190.22,186.67,188.53,70634
2012-02-22,190.09,191.87,185.33,185.78,125199
2012-02-23,185.78,188.40,184.53,186.02,91269
2012-02-24,186.22,189.16,183.56,184.00,121484
2012-02-27,185.56,186.53,180.22,182.16,154749
2012-02-28,184.44,189.69,182.47,185.76,138897
2012-02-29,187.69,191.11,180.67,182.73,134123
2012-03-01,180.44,185.53,180.44,182.82,171185
2012-03-02,184.00,184.00,181.78,182.40,122299
2012-03-05,183.11,184.44,179.56,181.31,133383
2012-03-06,173.78,186.00,173.78,183.56,100791
2012-03-07,185.73,187.96,181.38,182.78,141444
2012-03-09,184.40,187.22,181.78,182.51,180979
2012-03-12,184.80,187.56,182.67,187.11,134177
2012-03-13,191.02,191.02,185.78,188.38,132460
2012-03-14,188.93,191.56,185.82,187.73,124846
2012-03-15,188.31,188.31,186.13,186.96,199551
2012-03-16,187.91,190.22,186.67,187.11,106895
2012-03-19,187.20,187.20,182.22,185.02,389435
2012-03-20,185.78,187.84,179.27,181.60,99135
2012-03-21,182.62,184.33,182.22,182.76,10859
2012-03-22,183.78,185.07,182.02,182.58,36549
2012-03-23,183.56,184.89,182.22,183.02,58721
2012-03-26,184.31,184.31,182.22,182.38,25256
2012-03-27,184.89,185.56,179.18,181.22,44141
2012-03-28,182.22,183.56,180.89,181.93,309828
2012-03-29,183.07,184.49,181.78,182.27,15534
2012-03-30,183.96,184.44,181.78,182.31,79373
2012-04-02,183.11,183.87,180.89,181.22,48443
2012-04-03,182.22,183.42,181.33,181.69,56696
2012-04-04,182.67,182.67,180.11,180.64,133916
2012-04-09,180.64,183.13,180.00,182.36,75049
2012-04-10,181.33,182.98,180.44,181.22,73170
2012-04-11,180.78,182.89,179.91,180.42,10411
2012-04-12,182.18,183.58,180.58,181.33,19861
2012-04-13,182.67,187.02,180.96,181.64,57076
2012-04-16,182.20,183.11,179.80,180.44,14326
2012-04-17,180.47,183.31,180.13,182.44,97727
2012-04-18,182.22,184.40,181.60,183.24,26748
2012-04-19,183.56,184.62,180.98,182.76,66600
2012-04-20,183.42,183.56,179.62,180.89,47354
2012-04-23,182.11,183.53,179.56,180.47,12485
2012-04-24,181.33,181.33,180.00,180.53,7997
2012-04-25,181.07,183.76,180.13,183.24,21931
2012-04-26,182.27,183.96,180.44,181.36,36155
2012-04-27,184.44,186.04,180.56,181.56,88722
2012-04-30,183.11,183.11,178.22,180.40,86612
2012-05-02,180.71,182.22,180.11,180.51,62192
2012-05-03,181.91,181.91,178.27,179.07,3409
2012-05-04,178.22,180.13,173.40,175.60,8971
2012-05-07,175.47,178.22,169.91,176.98,23220
2012-05-08,176.89,176.89,171.69,173.40,2446
2012-05-09,175.56,175.56,168.96,171.64,8728
2012-05-10,172.89,179.11,169.33,176.24,41042
2012-05-11,176.89,176.91,173.87,174.44,95576
2012-05-14,177.78,179.91,174.67,175.18,65482
2012-05-15,177.33,177.78,166.71,175.62,175062
2012-05-16,176.44,176.87,174.09,174.73,67858
2012-05-17,177.78,178.60,174.22,175.20,72133
2012-05-18,174.31,176.42,174.00,174.24,4196
2012-05-21,174.22,178.22,173.82,177.24,82919
2012-05-22,178.89,182.22,175.33,176.51,89696
2012-05-23,178.56,179.96,175.33,176.13,162228
2012-05-24,177.78,180.84,176.44,179.62,125096
2012-05-25,179.60,183.11,178.22,179.96,120402
2012-05-28,178.89,180.89,174.22,178.60,114264
2012-05-29,178.22,180.40,176.44,177.13,151709
2012-05-30,177.78,188.84,174.89,181.36,93656
2012-05-31,180.89,183.33,176.93,179.82,52808
2012-06-01,180.00,182.89,173.80,176.16,120740
2012-06-04,172.76,177.33,172.76,176.67,161978
2012-06-05,178.36,182.22,176.71,177.78,138951
2012-06-06,180.00,183.07,176.56,179.24,124713
2012-06-07,180.00,180.89,175.16,179.78,145636
2012-06-08,180.00,180.44,178.22,180.04,174110
2012-06-11,180.89,183.56,179.56,180.27,142380
2012-06-12,180.27,182.22,176.98,178.38,209534
2012-06-13,179.11,181.78,177.33,177.71,155543
2012-06-14,179.73,179.73,176.11,177.56,96210
2012-06-15,178.44,180.47,178.24,180.18,102530
2012-06-18,181.33,188.44,175.56,178.78,404378
2012-06-19,180.00,183.56,177.33,183.56,161490
2012-06-20,183.11,185.53,177.38,182.38,165191
2012-06-21,182.22,185.20,177.53,183.04,197373
2012-06-22,183.47,188.40,181.33,184.84,107674
2012-06-25,186.22,186.22,182.16,182.67,88999
2012-06-26,182.67,183.98,181.84,183.13,98462
2012-06-27,183.51,184.02,181.78,182.22,148005
2012-06-28,182.27,183.11,181.78,182.22,99385
2012-06-29,186.07,186.07,182.22,182.49,100602
2012-07-02,183.53,183.53,181.80,182.22,115313
2012-07-03,183.33,184.09,177.27,177.91,167074
2012-07-04,181.24,181.24,177.56,178.00,104958
2012-07-05,179.56,182.24,165.76,176.62,121385
2012-07-06,177.36,178.64,173.51,175.71,88981
2012-07-09,176.89,177.73,175.78,176.20,65860
2012-07-10,176.98,177.78,176.44,177.18,67849
2012-07-11,177.78,178.44,175.18,176.22,39382
2012-07-12,176.44,177.27,175.16,176.40,7578
2012-07-13,174.44,176.89,174.44,174.67,7614
2012-07-16,176.89,177.07,171.58,173.60,11610
2012-07-17,176.31,176.31,163.56,164.42,107192
2012-07-18,164.42,168.89,163.11,167.13,31318
2012-07-19,167.11,169.33,161.04,163.40,71915
2012-07-20,163.13,168.36,163.13,167.13,14225
2012-07-23,163.69,168.44,163.69,167.07,13626
2012-07-24,164.00,170.22,163.38,169.73,28098
2012-07-25,169.73,176.40,164.93,170.67,39816
2012-07-26,171.13,172.89,166.40,169.38,16304
2012-07-27,174.13,177.20,171.11,175.84,30769
2012-07-30,177.76,178.18,175.56,177.29,59276
2012-07-31,178.62,178.67,175.33,176.07,8127
2012-08-01,176.89,179.96,175.11,177.89,17460
2012-08-02,180.33,180.33,176.47,176.91,60746
2012-08-03,178.64,178.64,175.56,175.60,29907
2012-08-06,176.96,180.22,176.67,177.53,47792
2012-08-07,179.00,179.00,176.44,177.78,40034
2012-08-08,178.58,179.07,176.91,177.78,38844
2012-08-09,177.78,179.11,175.64,176.04,28474
2012-08-10,175.96,177.29,172.91,174.00,4997
2012-08-13,177.78,179.11,173.40,177.02,94214
2012-08-14,177.78,180.13,174.49,174.78,26496
2012-08-16,175.44,177.33,172.89,174.78,11324
2012-08-17,177.33,177.33,172.67,176.02,8807
2012-08-21,176.89,177.73,174.22,174.67,4122
2012-08-22,173.42,178.64,173.42,177.47,76061
2012-08-23,177.33,178.00,173.33,175.11,8368
2012-08-24,179.11,179.11,172.00,172.96,35978
2012-08-27,176.64,176.64,172.07,175.11,19800
2012-08-28,176.71,177.33,171.60,172.89,11970
2012-08-29,175.11,177.60,172.00,177.07,63059
2012-08-30,177.89,178.89,175.09,175.56,21017
2012-08-31,176.84,176.84,174.07,175.89,9639
2012-09-03,176.87,176.87,173.36,173.73,6768
2012-09-04,176.40,176.91,171.58,175.71,9405
2012-09-05,172.89,176.80,172.89,173.78,3805
2012-09-06,176.67,178.22,173.80,177.38,14249
2012-09-07,177.69,181.78,175.60,177.78,37757
2012-09-10,179.09,180.89,178.22,179.16,40084
2012-09-11,181.24,181.24,177.84,177.84,2988
2012-09-12,181.24,181.24,177.58,178.44,32681
2012-09-13,180.89,180.89,178.22,178.49,5877
2012-09-14,177.80,179.56,177.11,177.89,74513
2012-09-17,180.00,180.84,176.51,176.93,2678
2012-09-18,177.78,178.96,175.11,177.13,6010
2012-09-20,174.71,177.78,174.71,177.78,1127
2012-09-21,178.22,178.22,175.33,176.00,3814
2012-09-24,176.47,179.11,175.02,176.89,11507
2012-09-25,178.36,183.42,175.22,182.20,54893
2012-09-26,182.22,193.33,182.22,191.51,220372
2012-09-27,194.04,196.89,182.36,183.24,178223
2012-09-28,185.02,185.96,183.24,184.47,147668
2012-10-01,186.38,187.11,183.87,184.58,145951
2012-10-03,184.93,186.18,183.56,184.24,97378
2012-10-04,187.04,187.11,183.11,183.98,34108
2012-10-05,184.44,184.84,180.53,183.18,9785
2012-10-08,185.53,185.53,181.84,182.47,4019
2012-10-09,187.09,187.09,181.20,181.20,5283
2012-10-10,181.69,183.98,180.44,180.56,12166
2012-10-11,182.18,182.18,179.22,180.76,4309
2012-10-12,178.22,183.98,178.22,181.33,6885
2012-10-15,181.33,183.07,180.53,181.44,2279
2012-10-16,184.38,184.53,181.33,181.33,8359
2012-10-17,173.82,186.67,173.82,181.64,4372
2012-10-18,177.78,185.27,177.78,183.64,11831
2012-10-19,183.80,188.84,182.24,186.89,17379
2012-10-22,186.36,187.24,182.84,183.73,5126
2012-10-23,184.89,188.40,181.71,183.13,28820
2012-10-25,185.27,185.27,181.38,181.73,30339
2012-10-26,182.22,183.96,179.60,180.67,37359
2012-10-29,183.11,183.11,180.07,182.22,36695
2012-10-30,182.22,182.89,178.33,180.13,42534
2012-10-31,178.33,181.73,177.82,179.20,13113
2012-11-01,180.49,182.00,177.93,180.22,46829
2012-11-02,184.78,184.84,180.04,181.13,17942
2012-11-05,182.67,182.67,179.02,179.02,3629
2012-11-06,179.20,188.44,179.18,183.56,74324
2012-11-07,184.44,186.64,182.44,184.89,5774
2012-11-08,182.69,186.89,182.69,186.09,11363
2012-11-09,183.56,184.44,179.36,181.67,18288
2012-11-12,183.78,183.78,180.04,180.93,34524
2012-11-13,184.42,184.42,179.60,181.24,3674
2012-11-15,178.27,182.67,177.80,181.76,21688
2012-11-16,182.18,182.18,177.78,177.98,4988
2012-11-19,180.00,180.00,178.00,178.31,3078
2012-11-20,166.20,189.69,166.20,177.58,52796
2012-11-21,175.60,179.51,175.60,176.47,3762
2012-11-22,177.76,185.16,177.76,182.18,44053
2012-11-23,180.58,184.44,179.56,182.36,20419
2012-11-26,184.89,184.89,179.56,180.53,3132
2012-11-27,179.78,181.78,179.24,179.87,50294
2012-11-29,182.22,182.22,179.33,181.20,2583
2012-11-30,179.58,183.98,178.02,179.27,24255
2012-12-03,179.16,181.22,176.98,180.20,28346
2012-12-04,181.33,181.33,178.22,179.62,14704
2012-12-05,181.33,181.33,179.33,180.87,39382
2012-12-06,182.11,182.11,178.60,180.42,4068
2012-12-07,181.33,182.22,178.80,178.82,2369
2012-12-10,182.67,182.67,178.22,179.11,6415
2012-12-11,181.33,181.33,179.16,180.38,19008
2012-12-12,178.44,181.33,178.44,179.76,3353
2012-12-13,181.31,181.31,177.27,177.69,22763
2012-12-14,175.56,180.31,175.56,179.07,20315
2012-12-17,175.60,183.11,175.60,182.18,41708
2012-12-18,184.27,184.27,180.00,180.64,19546
2012-12-19,182.22,183.56,178.67,179.07,16277
2012-12-20,180.44,182.44,178.22,180.80,53622
2012-12-21,181.33,181.56,178.22,178.76,7414
2012-12-24,181.33,183.11,178.71,180.80,59751
2012-12-26,185.11,198.96,180.91,182.44,73573
2012-12-27,179.07,184.44,179.07,180.69,53730
2012-12-28,182.22,185.67,179.24,181.96,116354
2012-12-31,184.31,184.33,179.82,180.91,138182
2013-01-01,184.00,184.44,181.36,182.56,109701
2013-01-02,184.31,184.31,180.89,182.27,61970
2013-01-03,183.87,183.87,181.33,182.02,39474
2013-01-04,182.22,183.09,180.93,181.36,33584
2013-01-07,181.78,182.38,180.89,180.89,31502
2013-01-08,183.49,186.13,180.89,185.31,15404
2013-01-09,186.13,187.11,182.67,183.24,36378
2013-01-10,184.09,184.40,181.33,181.33,1933
2013-01-11,182.29,188.00,181.78,184.93,50866
2013-01-14,182.67,186.89,180.91,186.33,38369
2013-01-15,186.33,188.00,181.78,183.71,42273
2013-01-16,185.31,186.40,181.82,185.02,156162
2013-01-17,186.64,187.27,184.00,184.76,115135
2013-01-18,186.20,189.24,183.24,186.20,21227
2013-01-21,188.89,188.89,183.11,183.11,27639
2013-01-22,183.56,186.42,183.56,184.47,50776
2013-01-23,184.44,185.73,182.80,184.84,36441
2013-01-24,184.44,185.78,182.22,182.22,21290
2013-01-25,183.96,184.40,182.67,183.13,18653
2013-01-28,184.44,184.89,180.44,182.29,22406
2013-01-29,183.11,184.87,181.11,184.31,18320
2013-01-30,182.67,185.76,182.67,183.98,30038
2013-01-31,185.53,185.53,182.00,182.00,23976
2013-02-01,184.44,184.44,181.80,183.56,7283
2013-02-04,183.56,183.56,181.56,181.78,118751
2013-02-05,181.78,182.67,179.78,181.64,46778
2013-02-06,181.78,184.89,181.40,184.76,14434
2013-02-07,184.89,185.24,182.33,183.56,11255
2013-02-08,184.40,184.40,180.00,180.40,12728
2013-02-11,184.44,184.44,176.91,182.44,95911
2013-02-12,182.22,182.67,179.89,180.40,8728
2013-02-13,179.78,182.64,178.00,179.44,10652
2013-02-14,177.80,179.53,175.22,176.98,5135
2013-02-15,179.56,179.56,175.22,176.93,8739
2013-02-18,177.78,180.80,176.07,178.89,14285
2013-02-19,179.51,180.40,176.89,180.00,26818
2013-02-20,183.96,184.00,176.91,178.04,75863
2013-02-21,179.78,179.78,176.44,177.11,159782
2013-02-22,180.42,180.42,175.56,175.56,16072
2013-02-25,176.44,179.76,171.56,176.40,24424
2013-02-26,174.98,178.20,172.47,176.76,17717
2013-02-27,179.78,182.22,173.33,174.18,23240
2013-02-28,177.78,177.78,173.38,174.47,2516
2013-03-01,175.56,176.44,171.11,173.07,8480
2013-03-04,171.11,178.67,166.71,176.89,43000
2013-03-05,177.78,177.78,172.24,173.00,6392
2013-03-06,175.56,175.56,169.87,169.87,116309
2013-03-07,173.33,178.67,170.22,177.53,242503
2013-03-08,177.33,184.31,176.02,177.78,74360
2013-03-11,175.78,181.33,173.31,180.44,72272
2013-03-12,181.33,181.33,178.24,180.64,48560
2013-03-13,182.60,182.60,176.00,177.04,6773
2013-03-14,178.42,179.02,176.49,178.11,17066
2013-03-15,176.44,179.78,175.62,176.89,13039
2013-03-18,177.78,179.44,176.02,179.02,25022
2013-03-19,179.49,179.49,175.56,175.56,329
2013-03-20,177.78,178.22,174.22,177.47,4246
2013-03-21,177.78,179.56,176.89,177.33,4338
2013-03-22,179.56,179.56,175.11,175.18,909
2013-03-25,178.67,180.87,174.89,176.44,54830
2013-03-26,176.89,182.18,176.89,180.71,15998
2013-03-28,178.22,182.13,177.11,178.67,12233
2013-04-01,180.00,183.09,179.89,180.56,13626
2013-04-02,182.22,186.84,180.89,186.67,15050
2013-04-03,187.11,188.76,179.13,187.98,13979
2013-04-04,186.67,188.84,182.36,184.44,2930
2013-04-05,186.20,186.20,180.02,181.36,4541
2013-04-08,179.78,185.29,179.11,181.76,1877
2013-04-09,181.33,181.33,176.44,177.78,17593
2013-04-10,179.96,179.96,176.44,178.22,34961
2013-04-11,176.02,179.51,176.02,177.78,1823
2013-04-12,179.56,179.56,175.56,177.78,1184
2013-04-15,177.31,180.89,175.82,177.78,17582
2013-04-16,178.67,180.62,176.93,177.31,4388
2013-04-17,180.84,180.84,176.89,178.67,6507
2013-04-18,181.33,185.33,176.69,178.56,29950
2013-04-22,182.13,188.84,177.78,187.98,39015
2013-04-23,188.42,189.78,182.22,188.89,29826
2013-04-25,186.69,190.67,185.78,188.89,44440
2013-04-26,186.67,191.09,185.87,191.00,34540
2013-04-29,183.11,191.91,183.11,187.24,12769
2013-04-30,188.89,189.69,184.44,186.22,15782
2013-05-02,193.78,193.78,183.78,185.33,47417
2013-05-03,194.64,194.64,183.71,184.84,16200
2013-05-06,186.67,188.40,182.69,184.42,23018
2013-05-07,185.78,186.60,183.62,184.02,31356
2013-05-08,184.44,186.20,182.67,182.67,16452
2013-05-09,182.22,184.84,178.71,183.44,13743
2013-05-10,183.56,183.73,181.78,183.56,10447
2013-05-13,181.36,182.20,179.56,180.44,11932
2013-05-14,182.20,183.31,180.87,182.22,9952
2013-05-15,181.36,183.53,179.53,180.67,7812
2013-05-16,181.33,181.64,179.33,179.33,17730
2013-05-17,184.40,184.40,177.51,178.22,13316
2013-05-20,180.00,183.31,179.11,180.69,33926
2013-05-21,182.56,184.82,180.44,182.44,39798
2013-05-22,184.71,186.13,180.02,181.33,25270
2013-05-23,181.76,182.20,177.02,178.56,20774
2013-05-24,180.89,181.73,176.22,177.60,12877
2013-05-27,176.00,179.07,175.11,177.78,14587
2013-05-28,179.07,179.07,176.47,176.71,5281
2013-05-29,176.00,178.09,173.33,175.44,25216
2013-05-30,176.44,177.31,176.04,176.04,4644
2013-05-31,177.31,177.33,173.80,174.29,693
2013-06-03,176.00,176.89,173.44,176.44,1575
2013-06-04,176.38,176.84,174.69,176.00,2543
2013-06-05,175.98,175.98,170.80,173.78,7576
2013-06-06,174.44,174.67,173.40,173.40,3301
2013-06-07,174.40,176.42,166.71,173.33,4554
2013-06-10,176.44,176.44,171.11,174.67,279
2013-06-11,177.33,177.33,169.78,173.33,1733
2013-06-12,171.56,173.33,171.16,171.16,243
2013-06-13,173.33,174.13,169.93,174.13,2592
2013-06-14,173.33,174.89,166.82,172.44,871
2013-06-17,171.36,175.11,166.69,172.22,1404
2013-06-18,173.33,174.67,169.38,173.33,1240
2013-06-19,175.00,175.00,171.11,173.47,2529
2013-06-20,174.11,174.11,169.33,171.11,2743
2013-06-21,171.02,173.20,169.47,172.80,10121
2013-06-24,172.40,173.16,168.29,171.76,10899
2013-06-25,170.22,172.82,162.31,170.89,22372
2013-06-26,177.78,177.78,165.78,167.56,36279
2013-06-27,166.22,168.91,163.56,168.00,3467
2013-06-28,167.76,168.04,164.44,167.78,46949
2013-07-01,166.22,167.78,165.38,167.11,22732
2013-07-02,165.33,171.56,165.33,170.67,23690
2013-07-03,170.73,172.73,167.36,168.91,13221
2013-07-04,173.98,173.98,170.27,172.89,8244
2013-07-05,172.87,172.87,170.67,170.84,11948
2013-07-08,172.40,172.67,170.91,172.53,36313
2013-07-09,173.67,174.00,169.80,169.80,12074
2013-07-10,172.87,174.00,170.71,173.33,26264
2013-07-11,173.31,174.42,171.38,171.38,41279
2013-07-12,174.38,174.40,170.67,174.40,25162
2013-07-15,174.20,176.24,174.13,175.07,24975
2013-07-16,170.22,174.67,170.22,172.11,758
2013-07-17,171.56,174.22,169.53,169.78,5047
2013-07-18,176.64,176.64,169.56,171.33,23324
2013-07-19,173.78,175.40,171.04,171.11,24624
2013-07-22,174.67,174.71,172.27,172.76,5245
2013-07-23,173.33,174.67,171.18,174.60,466
2013-07-24,174.38,174.38,169.11,173.20,923
2013-07-25,174.20,174.20,166.13,168.44,8339
2013-07-26,164.89,175.27,164.44,164.47,3377
2013-07-29,167.11,168.87,164.44,168.87,659
2013-07-30,166.67,168.44,161.36,166.20,5303
2013-07-31,164.44,166.33,156.53,159.53,1661
2013-08-01,176.73,176.73,153.31,157.69,28028
2013-08-02,155.56,160.00,134.22,160.00,7884
2013-08-05,156.40,156.89,133.82,155.11,77216
2013-08-06,155.40,155.40,144.20,149.71,3897
2013-08-07,154.58,154.58,143.58,146.67,1841
2013-08-08,144.44,154.16,144.40,154.16,1159
2013-08-12,151.89,151.89,148.09,151.02,279
2013-08-13,155.56,155.56,147.13,154.22,2297
2013-08-14,157.33,157.33,151.78,154.40,122243
2013-08-16,151.56,153.31,148.00,150.67,2482
2013-08-19,148.91,149.33,143.56,146.22,4097
2013-08-20,140.89,155.31,140.89,145.27,10499
2013-08-21,144.44,148.87,144.44,144.91,2108
2013-08-22,141.80,146.22,141.80,144.56,1915
2013-08-23,149.76,149.76,142.60,142.60,1377
2013-08-26,144.44,155.09,140.49,143.96,4518
2013-08-27,140.44,142.22,137.11,139.18,25027
2013-08-28,136.02,136.02,132.47,133.62,1235
2013-08-29,134.22,142.04,132.53,137.56,13973
2013-08-30,135.13,139.16,135.11,139.16,15102
2013-09-02,139.98,141.42,134.73,137.33,844
2013-09-03,133.87,137.76,133.87,136.00,12074
2013-09-04,132.98,137.67,132.98,137.24,1053
2013-09-05,129.76,137.33,129.76,132.51,7691
2013-09-06,134.69,135.56,130.64,130.78,19089
2013-09-10,142.00,142.00,131.56,131.56,4649
2013-09-11,140.44,140.44,120.51,133.31,3436
2013-09-12,133.33,133.76,128.96,131.02,2178
2013-09-13,140.00,140.00,127.56,128.04,26093
2013-09-16,129.78,132.38,124.47,126.76,3983
2013-09-17,127.78,128.00,127.16,127.16,473
2013-09-18,128.89,130.18,127.64,128.22,5029
2013-09-19,135.56,136.00,128.07,129.69,1814
2013-09-20,130.22,130.22,125.87,128.00,2120
2013-09-23,127.27,135.56,125.33,126.02,2797
2013-09-24,129.31,129.31,124.44,126.22,1121
2013-09-25,124.89,128.00,124.89,128.00,241
2013-09-26,128.89,128.89,124.89,127.09,2068
2013-09-27,128.87,128.87,126.20,126.22,2657
2013-09-30,126.22,126.67,122.27,124.44,6622
2013-10-01,124.42,124.42,121.89,123.73,10490
2013-10-03,128.89,128.89,120.89,123.07,9043
2013-10-04,124.42,124.42,120.67,120.71,7940
2013-10-07,121.56,124.64,120.89,122.18,14571
2013-10-08,122.22,122.29,117.78,117.82,11822
2013-10-09,121.78,122.11,117.02,119.02,11349
2013-10-10,119.93,119.93,113.82,114.22,12769
2013-10-11,115.11,117.42,113.38,113.56,23427
2013-10-14,113.78,119.56,113.78,113.78,31786
2013-10-15,114.67,117.78,111.47,112.00,10476
2013-10-17,117.73,117.73,109.38,109.78,22824
2013-10-18,110.27,110.29,104.89,105.98,38864
2013-10-21,109.69,109.69,97.82,100.44,47984
2013-10-22,98.22,111.93,97.78,105.33,183704
2013-10-23,105.00,107.76,102.67,104.09,36486
2013-10-24,103.38,105.78,103.38,103.56,81405
2013-10-25,104.42,104.91,102.24,103.22,38495
2013-10-28,107.62,108.44,99.18,101.18,104542
2013-10-29,100.71,102.87,95.82,98.07,87752
2013-10-30,97.78,98.31,95.33,95.56,59238
2013-10-31,96.00,99.11,96.00,98.44,50432
2013-11-01,97.78,99.49,94.24,95.24,56048
2013-11-05,97.78,98.24,97.11,97.56,61603
2013-11-06,97.36,98.22,97.36,97.71,36002
2013-11-07,97.78,104.00,97.38,99.67,88679
2013-11-08,100.44,118.98,88.89,95.56,2687723
2013-11-11,96.44,101.56,92.22,95.53,340252
2013-11-12,95.56,98.22,92.04,92.62,279829
2013-11-13,93.36,96.40,92.47,93.38,69503
2013-11-14,93.78,95.87,92.91,94.53,77108
2013-11-18,93.78,96.84,93.78,94.67,40388
2013-11-19,94.67,99.47,94.47,97.51,100418
2013-11-20,96.00,99.53,96.00,97.67,48933
2013-11-21,97.78,99.58,95.58,96.44,45353
2013-11-22,94.67,98.42,94.67,95.64,13806
2013-11-25,96.24,98.07,93.33,95.33,52945
2013-11-26,96.40,98.60,94.98,95.18,40997
2013-11-27,95.64,98.00,94.00,94.22,106146
2013-11-28,96.44,98.67,94.27,96.22,78390
2013-11-29,98.09,99.42,95.78,96.24,64791
2013-12-02,97.78,99.11,97.33,97.33,55766
2013-12-03,97.40,97.87,95.78,97.11,16691
2013-12-04,96.87,104.36,95.82,99.56,219171
2013-12-05,99.13,102.64,98.22,98.44,79382
2013-12-06,97.84,99.96,97.36,97.80,29873
2013-12-09,99.11,100.20,97.56,97.80,47828
2013-12-10,98.27,99.96,98.00,98.67,39861
2013-12-11,98.67,99.07,96.09,96.71,39953
2013-12-12,96.78,98.78,92.00,97.07,47045
2013-12-13,96.51,98.13,96.16,97.58,44890
2013-12-16,99.53,99.53,96.00,96.67,17309
2013-12-17,97.76,99.38,96.47,96.67,45056
2013-12-18,98.60,99.33,97.53,97.78,26235
2013-12-19,98.96,98.96,96.91,98.67,18245
2013-12-20,98.62,112.44,98.62,106.69,530139
2013-12-23,105.56,117.11,105.56,113.53,367471
2013-12-24,113.64,117.33,109.33,111.56,192870
2013-12-26,112.00,117.73,111.11,116.00,123548
2013-12-27,117.64,123.76,115.84,116.71,396255
2013-12-30,118.60,120.42,115.56,118.96,161753
2013-12-31,119.44,121.11,118.22,119.24,89249
2014-01-01,119.33,120.62,116.00,116.44,67739
2014-01-02,117.62,119.56,109.33,110.89,65079
2014-01-03,112.42,112.42,106.07,110.98,59114
2014-01-06,112.40,112.87,109.78,112.09,24656
2014-01-07,112.00,113.33,108.89,110.00,37499
2014-01-08,110.00,111.42,106.00,107.11,61090
2014-01-09,107.13,109.96,106.36,106.40,86987
2014-01-10,106.71,107.73,104.89,107.11,29657
2014-01-13,108.31,109.64,106.40,108.00,28944
2014-01-14,107.18,107.49,106.00,106.31,6260
2014-01-15,105.78,108.44,105.78,106.78,13910
2014-01-16,107.00,109.36,106.67,107.11,42725
2014-01-17,106.27,109.00,106.00,106.13,19791
2014-01-20,108.89,108.89,105.80,106.22,8087
2014-01-21,106.64,109.33,105.82,106.67,63995
2014-01-22,106.93,108.22,106.24,106.27,6872
2014-01-23,106.58,107.98,105.40,105.89,9835
2014-01-24,105.49,106.11,103.22,103.27,13313
2014-01-27,102.64,102.67,96.69,98.27,18032
2014-01-28,97.78,101.76,97.78,97.89,16740
2014-01-29,97.80,99.96,97.80,98.24,8060
2014-01-30,97.33,98.64,96.00,97.89,38858
2014-01-31,96.73,100.89,96.73,100.84,14501
2014-02-03,99.11,103.11,98.24,98.71,15800
2014-02-04,97.80,103.11,96.93,101.60,18684
2014-02-05,100.96,104.38,100.89,101.33,19098
2014-02-06,99.60,108.47,99.60,107.11,125456
2014-02-07,108.00,111.09,107.62,108.56,80152
2014-02-10,108.00,113.07,108.00,109.40,70621
2014-02-11,108.40,110.62,107.11,108.51,13221
2014-02-12,108.40,110.40,104.96,106.22,78723
2014-02-13,105.29,108.78,103.24,104.11,49291
2014-02-14,104.98,107.11,103.69,105.49,18185
2014-02-17,105.76,107.02,103.13,105.42,16929
2014-02-18,105.11,106.67,104.16,105.04,38264
2014-02-19,108.38,108.38,104.89,105.96,153680
2014-02-20,106.13,106.42,103.98,104.31,7544
2014-02-21,106.20,106.40,104.16,105.07,17766
2014-02-24,105.18,106.22,100.04,104.02,28501
2014-02-25,104.44,105.31,103.02,104.09,31327
2014-02-26,104.73,105.33,103.56,104.69,14180
2014-02-28,105.31,105.56,103.67,104.56,21319
2014-03-03,103.44,107.51,103.27,104.73,38540
2014-03-04,106.62,106.62,103.33,105.33,24568
2014-03-05,106.16,106.89,104.84,106.24,38189
2014-03-06,105.53,107.56,104.89,106.20,22012
2014-03-07,107.09,107.56,104.64,105.02,47738
2014-03-10,104.44,106.67,104.44,105.96,9581
2014-03-11,104.89,106.62,104.04,104.82,26393
2014-03-12,105.73,105.73,103.38,103.84,37325
2014-03-13,103.56,104.87,102.51,102.84,27043
2014-03-14,102.67,104.42,100.96,101.76,29088
2014-03-18,102.20,103.07,100.04,100.49,31534
2014-03-19,100.27,102.22,100.27,101.76,93913
2014-03-20,101.33,103.00,100.00,100.69,43067
2014-03-21,100.13,102.64,96.16,101.13,38399
2014-03-24,100.84,101.44,92.89,94.47,194967
2014-03-25,94.27,98.44,94.27,97.20,42134
2014-03-26,96.09,97.80,95.80,97.04,19127
2014-03-27,97.04,97.76,95.11,95.78,28517
2014-03-28,95.58,98.44,95.56,96.98,39823
2014-03-31,99.09,99.11,97.16,97.84,13275
2014-04-01,96.47,102.00,96.47,100.09,38871
2014-04-02,100.00,105.07,100.00,102.76,54281
2014-04-03,102.71,120.76,102.71,114.22,537405
2014-04-04,115.78,121.33,115.11,117.00,194776
2014-04-07,114.33,118.89,113.78,115.07,108020
2014-04-09,115.11,116.91,111.64,113.49,71726
2014-04-10,112.44,114.67,108.71,110.07,43049
2014-04-11,109.33,112.82,108.91,110.89,40520
2014-04-15,111.89,113.33,111.09,112.91,20000
2014-04-16,111.58,113.22,109.00,109.82,15350
2014-04-17,110.44,111.93,109.11,110.11,11376
2014-04-21,113.33,117.33,113.33,115.91,118078
2014-04-22,115.91,126.67,115.56,122.71,427757
2014-04-23,123.51,130.60,120.89,121.64,373575
2014-04-25,122.67,124.44,122.00,123.20,122330
2014-04-28,123.20,127.84,121.93,123.58,108227
2014-04-29,123.56,126.67,122.78,125.64,124587
2014-04-30,126.22,128.56,122.67,123.36,116287
2014-05-02,124.78,126.02,122.76,123.58,40887
2014-05-05,122.36,124.89,121.87,122.24,20637
2014-05-06,121.02,123.11,120.89,122.31,23659
2014-05-07,124.00,126.89,120.49,122.64,98759
2014-05-08,123.27,126.18,122.82,123.31,48953
2014-05-09,123.56,126.38,123.56,124.76,121898
2014-05-12,126.67,126.67,122.51,124.91,57132
2014-05-13,125.33,126.67,123.56,125.80,32603
2014-05-14,125.22,129.33,123.60,124.56,44820
2014-05-15,126.11,126.22,122.29,122.78,40799
2014-05-16,124.44,124.80,121.33,122.64,108902
2014-05-19,123.56,124.44,121.64,121.82,101012
2014-05-20,122.22,128.00,122.22,126.82,138713
2014-05-21,127.98,139.56,127.49,135.20,398361
2014-05-22,136.73,139.53,136.00,138.20,93724
2014-05-23,138.64,139.56,132.44,136.02,171385
2014-05-26,136.04,137.96,128.22,133.31,101502
2014-05-27,132.89,132.89,128.89,130.93,20876
2014-05-28,130.93,148.00,130.93,142.00,410034
2014-05-29,139.47,140.00,135.67,136.38,73890
2014-05-30,136.07,137.60,132.89,134.53,41918
2014-06-02,135.56,139.56,135.53,136.36,40493
2014-06-03,137.76,139.04,136.02,137.84,30056
2014-06-04,138.07,144.87,136.62,142.51,215645
2014-06-05,143.91,151.00,142.04,147.67,260148
2014-06-06,147.56,153.76,147.56,152.60,118721
2014-06-09,154.38,171.56,153.47,162.60,327567
2014-06-10,163.56,168.89,158.69,165.31,108232
2014-06-11,165.36,173.33,165.36,169.11,154564
2014-06-12,168.44,179.56,167.24,173.13,135304
2014-06-13,176.80,177.76,164.04,166.67,116534
2014-06-16,166.20,167.98,159.27,166.80,48386
2014-06-17,166.67,182.18,166.67,174.64,228967
2014-06-18,175.93,183.98,173.47,180.33,215008
2014-06-19,180.44,182.98,176.00,176.80,55899
2014-06-20,176.02,179.47,173.36,174.96,144642
2014-06-23,177.80,179.07,173.38,175.04,59947
2014-06-24,176.78,182.67,170.02,180.29,122279
2014-06-25,179.84,187.51,176.51,185.22,123602
2014-06-26,186.44,192.31,184.00,191.40,150908
2014-06-27,192.89,196.67,187.11,187.73,128358
2014-06-30,192.67,192.67,188.00,188.62,26982
2014-07-01,188.67,190.44,187.11,187.87,50092
2014-07-02,187.87,195.11,186.00,190.00,53658
2014-07-03,191.11,193.33,187.38,188.38,43533
2014-07-04,191.31,192.44,187.22,189.07,38567
2014-07-07,189.33,192.00,184.16,185.27,50560
2014-07-08,185.33,188.89,180.04,183.42,137419
2014-07-09,184.42,184.42,168.02,176.13,80201
2014-07-10,174.18,182.13,168.91,179.42,68015
2014-07-11,177.89,180.02,169.47,170.71,42053
2014-07-14,170.07,173.29,162.82,167.07,29480
2014-07-15,172.07,173.78,168.91,171.80,43954
2014-07-16,171.11,181.29,171.11,180.29,51685
2014-07-17,182.22,182.22,178.80,181.11,21697
2014-07-18,180.00,183.96,176.89,179.96,8937
2014-07-21,183.09,195.11,178.69,193.31,47417
2014-07-22,195.78,211.36,195.78,198.93,108531
2014-07-23,200.67,205.33,198.27,203.60,99549
2014-07-24,204.40,210.67,201.44,204.36,62861
2014-07-25,204.44,205.64,196.91,200.02,67916
2014-07-28,199.78,204.36,194.04,201.44,50717
2014-07-30,197.38,202.67,196.11,197.62,20225
2014-07-31,197.78,200.89,196.73,197.78,17440
2014-08-01,195.78,199.56,193.80,194.67,9641
2014-08-04,197.44,197.44,192.89,194.29,8143
2014-08-05,189.82,198.00,189.82,192.09,23292
2014-08-06,191.69,199.09,189.60,195.04,9794
2014-08-07,191.29,197.78,191.27,195.89,12229
2014-08-08,194.20,197.78,192.47,193.89,52585
2014-08-11,193.91,199.56,193.91,197.18,54113
2014-08-12,197.44,200.00,197.33,199.36,11561
2014-08-13,193.13,205.56,190.02,203.33,63295
2014-08-14,204.00,229.78,203.98,225.13,388189
2014-08-18,228.44,236.42,220.96,234.96,302743
2014-08-19,235.56,243.98,230.31,241.49,196018
2014-08-20,242.22,257.69,238.71,255.69,340349
2014-08-21,256.44,278.22,251.56,265.11,392405
2014-08-22,266.67,275.04,259.56,263.07,118629
2014-08-25,263.53,265.16,256.00,259.89,89955
2014-08-26,257.78,260.44,247.11,254.02,54011
2014-08-27,259.38,265.78,257.62,260.00,79452
2014-08-28,260.89,277.27,260.00,272.04,255637
2014-09-01,276.31,296.67,276.27,288.80,502725
2014-09-02,290.67,294.98,277.82,279.40,126284
2014-09-03,278.67,284.31,266.71,272.00,133450
2014-09-04,267.78,284.89,267.78,276.76,121082
2014-09-05,279.51,285.33,276.44,278.13,92372
2014-09-08,281.60,295.11,281.60,292.73,153990
2014-09-09,295.09,344.40,291.60,332.49,904176
2014-09-10,331.55,359.55,325.00,337.98,657616
2014-09-11,339.15,359.11,339.15,342.82,280137
2014-09-12,344.84,355.42,337.78,346.47,160401
2014-09-15,347.51,351.47,334.38,341.91,134424
2014-09-16,345.69,347.47,312.22,318.04,170645
2014-09-17,320.91,328.84,311.07,317.20,104112
2014-09-18,319.27,332.44,317.75,327.84,85007
2014-09-19,328.89,353.33,325.13,343.87,183168
2014-09-22,340.89,350.58,333.33,339.09,92907
2014-09-23,340.89,343.49,320.24,323.47,87791
2014-09-24,328.87,331.02,312.09,315.98,73692
2014-09-25,320.84,323.35,312.00,318.93,81342
2014-09-26,322.67,336.38,319.13,321.84,152175
2014-09-29,324.44,332.44,321.24,328.47,57431
2014-09-30,330.20,331.55,320.89,322.49,37249
2014-10-01,326.67,326.67,319.00,319.87,18473
2014-10-07,319.55,329.62,312.89,324.35,57832
2014-10-08,316.27,325.35,313.44,319.60,25052
2014-10-09,319.60,328.44,315.62,321.20,48998
2014-10-10,313.44,323.51,313.44,316.64,30233
2014-10-13,316.44,319.55,306.71,312.18,63266
2014-10-14,315.44,316.40,308.69,311.93,31214
2014-10-16,311.11,327.55,293.38,297.38,62989
2014-10-17,316.00,354.22,309.35,341.60,931527
2014-10-20,349.78,369.78,343.02,351.44,628424
2014-10-21,352.44,353.95,341.60,344.87,102188
2014-10-22,346.22,364.44,344.91,351.67,276996
2014-10-23,354.95,359.75,354.22,355.91,48908
2014-10-27,358.67,358.84,350.67,352.24,54360
2014-10-28,351.84,360.00,349.82,352.80,63347
2014-10-29,357.51,357.78,337.78,345.18,161582
2014-10-30,348.73,394.73,348.73,375.40,2628710
2014-10-31,380.84,383.51,370.60,372.87,327540
2014-11-03,364.44,371.11,357.95,364.62,115313
2014-11-05,367.91,376.89,360.89,370.20,191012
2014-11-07,370.84,376.84,360.91,367.42,89258
2014-11-10,370.04,371.93,363.15,365.73,53827
2014-11-11,369.71,370.98,363.15,366.78,38522
2014-11-12,364.64,371.11,362.27,363.40,44546
2014-11-13,363.60,367.53,358.67,359.93,40145
2014-11-14,361.38,396.44,361.33,382.93,706866
2014-11-17,385.27,385.69,365.42,375.38,92558
2014-11-18,376.27,388.89,375.95,379.53,100872
2014-11-19,382.09,384.55,372.95,378.31,62210
2014-11-20,381.58,399.29,374.02,386.22,174292
2014-11-21,386.55,388.42,376.89,377.87,46454
2014-11-24,379.98,390.58,376.87,380.80,52853
2014-11-25,381.33,384.35,366.67,369.58,46361
2014-11-26,372.11,377.67,367.58,370.44,30240
2014-11-27,370.95,382.22,370.91,372.35,55517
2014-11-28,373.78,381.73,369.49,371.35,44856
2014-12-01,372.44,377.33,370.00,372.40,36801
2014-12-02,371.24,382.71,371.24,376.09,50126
2014-12-03,376.04,384.44,376.04,379.60,43477
2014-12-04,381.55,389.33,377.78,384.27,44865
2014-12-05,386.51,407.82,377.80,394.67,322014
2014-12-08,394.89,403.55,388.89,390.44,60944
2014-12-09,386.67,397.51,379.73,380.89,56363
2014-12-10,377.20,413.33,377.20,399.44,226794
2014-12-11,399.42,402.20,390.22,395.29,50940
2014-12-12,392.53,399.49,391.60,396.47,39942
2014-12-15,394.67,402.58,387.87,390.75,47900
2014-12-16,387.13,392.40,377.82,379.29,35226
2014-12-17,375.82,382.11,355.60,369.42,63232
2014-12-18,371.24,395.11,371.24,391.47,46901
2014-12-19,395.44,406.53,387.51,390.58,28611
2014-12-22,390.02,392.02,384.44,387.31,13480
2014-12-23,388.78,394.67,380.93,383.31,23204
2014-12-24,385.20,390.22,382.22,383.75,12398
2014-12-26,385.18,391.11,381.78,384.11,26415
2014-12-29,386.67,396.58,386.22,391.00,32306
2014-12-30,391.00,395.09,389.58,390.44,23866
2014-12-31,389.80,394.55,388.44,392.40,15932
2015-01-01,389.78,397.33,389.78,395.24,13619
2015-01-02,396.87,400.44,392.95,397.20,38630
2015-01-05,399.44,402.13,392.89,395.35,23870
2015-01-06,393.07,393.07,376.11,379.44,34110
2015-01-07,379.44,386.42,379.27,383.53,26660
2015-01-08,389.09,390.89,378.91,382.47,28215
2015-01-09,386.67,388.40,383.13,384.89,17539
2015-01-12,385.73,388.89,380.87,384.98,18272
2015-01-13,383.27,404.00,383.27,392.82,63581
2015-01-14,395.11,400.75,389.78,393.78,32861
2015-01-15,397.31,400.80,391.67,395.78,106376
2015-01-16,399.87,400.80,391.55,393.89,23162
2015-01-19,404.89,406.53,398.00,400.00,66512
2015-01-20,401.31,403.02,394.67,397.31,26318
2015-01-21,404.22,404.22,392.58,396.73,29797
2015-01-22,395.11,395.11,382.98,387.13,51939
2015-01-23,391.11,395.33,380.09,383.98,42302
2015-01-27,382.67,387.55,379.11,381.00,20246
2015-01-28,379.02,379.02,368.89,373.11,35048
2015-01-29,372.00,381.73,368.44,375.53,23605
2015-01-30,376.87,377.78,368.44,369.31,28172
2015-02-02,370.49,377.75,370.49,376.04,15896
2015-02-03,377.33,381.33,371.55,376.62,18448
2015-02-04,375.13,376.89,369.42,373.58,13633
2015-02-05,372.47,373.33,368.89,370.53,10987
2015-02-06,369.33,372.89,360.44,364.13,14693
2015-02-09,362.67,362.67,345.49,348.38,19791
2015-02-10,344.47,358.98,344.47,350.13,15500
2015-02-11,351.55,364.00,350.22,360.53,40320
2015-02-12,357.78,359.51,326.22,346.04,55217
2015-02-13,347.11,351.11,342.31,344.22,24885
2015-02-16,343.11,354.22,342.22,343.67,28247
2015-02-18,344.87,348.44,337.84,346.33,30476
2015-02-19,346.62,349.91,343.33,346.04,22721
2015-02-20,347.11,348.44,335.11,339.71,23724
2015-02-23,340.89,343.87,328.44,332.02,30517
2015-02-24,330.67,332.71,320.00,327.93,61335
2015-02-25,327.55,341.15,323.55,328.60,35384
2015-02-26,329.78,333.20,324.44,325.91,46762
2015-02-27,327.09,333.27,325.78,328.29,24568
2015-02-28,329.33,333.33,303.38,326.71,30249
2015-03-02,328.00,328.89,319.11,326.27,22313
2015-03-03,327.55,343.02,323.11,336.58,71366
2015-03-04,337.78,343.67,329.64,332.44,33197
2015-03-05,333.75,337.78,327.55,329.29,44154
2015-03-09,328.00,329.82,322.22,324.22,29806
2015-03-10,325.33,327.98,322.67,325.07,57067
2015-03-11,324.04,342.22,323.98,330.89,49005
2015-03-12,331.11,335.44,331.11,333.44,20426
2015-03-13,334.67,339.73,324.75,326.49,28796
2015-03-16,327.55,328.24,317.78,319.60,36637
2015-03-17,320.89,338.67,320.89,330.02,47981
2015-03-18,335.11,335.11,330.22,332.75,26944
2015-03-19,332.75,336.44,329.35,331.67,24872
2015-03-20,332.89,332.89,323.20,324.91,23261
2015-03-23,331.93,331.93,314.98,316.95,21353
2015-03-24,317.78,320.00,306.67,308.84,35280
2015-03-25,307.58,314.69,293.33,300.98,50045
2015-03-26,294.33,301.47,294.31,299.24,20279
2015-03-27,297.78,300.44,287.55,290.07,34468
2015-03-30,291.20,322.22,291.20,318.00,77486
2015-03-31,317.78,326.53,301.75,305.58,63610
2015-04-01,310.22,314.67,307.64,311.62,38714
2015-04-06,317.64,332.00,313.33,325.53,41420
2015-04-07,331.18,384.40,331.18,370.04,544269
2015-04-08,373.71,387.11,368.89,375.18,224330
2015-04-09,379.04,417.78,375.11,408.11,824447
2015-04-10,410.20,421.22,400.49,404.38,223844
2015-04-13,406.64,407.51,396.44,398.75,101365
2015-04-15,397.33,399.95,379.11,381.98,114806
2015-04-16,374.67,395.20,369.33,377.80,103122
2015-04-17,370.67,381.93,366.80,368.73,35811
2015-04-20,370.47,372.53,333.33,339.83,68445
2015-04-21,340.67,343.13,328.53,333.60,45800
2015-04-22,334.93,339.70,322.47,331.10,44067
2015-04-23,336.63,385.73,334.00,369.00,248580
2015-04-24,369.33,369.97,340.00,342.27,75294
2015-04-27,343.37,353.33,323.37,332.60,67655
2015-04-28,333.33,349.87,312.03,343.40,80774
2015-04-29,339.33,353.00,338.07,343.57,42581
2015-04-30,342.37,358.00,333.33,348.07,69434
2015-05-04,359.67,364.67,353.33,355.53,45614
2015-05-05,356.47,356.67,348.23,350.23,39696
2015-05-06,347.37,351.13,333.33,338.20,33204
2015-05-07,339.83,339.83,330.67,335.23,39248
2015-05-08,336.67,344.90,334.00,340.07,45131
2015-05-11,334.67,343.93,334.67,337.70,36644
2015-05-12,339.67,339.67,327.33,328.30,27614
2015-05-13,319.80,334.67,319.80,326.23,26700
2015-05-14,327.33,329.97,321.60,325.43,25088
2015-05-15,330.67,330.67,323.27,324.17,22427
2015-05-18,323.33,330.27,321.47,328.13,18893
2015-05-19,330.33,338.30,326.80,327.83,25751
2015-05-20,328.80,334.00,328.80,330.67,12998
2015-05-21,328.20,332.00,326.00,329.77,14271
2015-05-22,327.20,330.67,323.73,326.93,24401
2015-05-25,328.00,331.00,323.33,329.23,15705
2015-05-26,333.33,364.67,326.70,359.97,290307
2015-05-27,354.00,375.77,345.33,349.47,552571
2015-05-28,352.67,359.00,340.33,349.03,98157
2015-05-29,344.83,370.00,340.23,355.07,126537
2015-06-01,353.63,356.00,340.63,343.17,44349
2015-06-02,352.67,352.67,338.00,340.57,39221
2015-06-03,338.77,343.13,327.33,339.00,83732
2015-06-04,341.97,351.30,336.73,337.90,63845
2015-06-05,337.23,343.30,333.37,334.93,32442
2015-06-08,338.67,342.70,336.27,338.23,40511
2015-06-09,336.67,341.83,334.33,337.13,43055
2015-06-10,335.63,346.00,335.63,342.47,31332
2015-06-11,339.63,343.93,327.60,329.83,75825
2015-06-12,328.90,334.97,322.67,325.63,28907
2015-06-15,325.63,346.40,325.63,339.33,155868
2015-06-16,352.60,376.53,343.33,350.13,1805147
2015-06-17,354.53,365.33,350.00,351.97,381381
2015-06-18,355.30,365.33,352.67,361.13,235485
2015-06-19,362.00,372.00,360.33,362.27,166080
2015-06-22,365.33,369.40,363.03,365.27,83742
2015-06-23,367.93,385.20,361.67,378.90,223751
2015-06-24,379.33,398.63,378.00,383.17,348758
2015-06-25,384.00,396.67,382.63,390.30,128310
2015-06-26,388.60,393.13,380.00,386.87,131943
2015-06-29,380.33,380.33,354.63,374.93,62717
2015-06-30,374.67,381.97,373.33,377.17,58944
2015-07-01,377.33,393.33,377.33,384.10,112286
2015-07-02,385.33,403.33,385.33,394.43,265121
2015-07-03,394.67,400.00,390.00,391.07,82457
2015-07-06,386.27,393.33,380.00,384.47,65799
2015-07-07,384.67,399.23,384.67,386.80,109212
2015-07-08,387.60,390.53,373.53,377.43,96738
2015-07-09,380.67,386.00,367.67,372.97,87206
2015-07-10,377.97,386.27,370.73,377.00,103233
2015-07-13,381.30,381.93,371.33,373.40,110244
2015-07-14,376.67,379.33,372.03,373.60,56691
2015-07-15,378.00,390.00,370.73,386.00,185084
2015-07-16,387.97,390.00,380.07,385.20,110259
2015-07-17,384.97,385.33,376.67,379.17,41862
2015-07-20,381.03,384.20,376.73,378.07,34347
2015-07-21,382.67,382.67,366.00,368.57,112757
2015-07-22,364.73,371.77,363.33,364.73,59805
2015-07-23,366.30,369.93,354.00,360.00,73208
2015-07-24,363.33,363.33,350.00,352.37,38772
2015-07-27,351.33,361.33,343.33,347.37,57071
2015-07-28,349.30,356.00,349.30,351.07,42531
2015-07-29,351.30,360.00,351.00,354.23,35867
2015-07-30,357.83,363.20,353.53,356.77,51009
2015-07-31,358.00,368.00,357.40,361.50,75783
2015-08-03,365.27,367.33,353.43,357.47,52542
2015-08-04,357.50,360.67,352.00,355.77,35376
2015-08-05,357.33,366.77,354.67,358.10,76169
2015-08-06,363.13,372.80,359.33,366.07,321441
2015-08-07,366.67,369.33,356.67,358.47,60588
2015-08-10,361.33,368.20,356.80,365.97,42669
2015-08-11,366.67,372.67,358.17,360.87,65051
2015-08-12,359.07,362.80,347.50,351.33,34221
2015-08-13,350.00,357.33,336.60,347.90,75953
2015-08-14,344.40,352.63,343.33,349.53,38001
2015-08-17,349.60,356.00,343.43,344.33,28380
2015-08-18,346.40,353.30,343.33,344.53,40721
2015-08-19,345.37,347.33,335.53,337.93,41586
2015-08-20,339.93,340.67,314.67,317.17,95192
2015-08-21,316.67,316.67,293.33,294.47,110883
2015-08-24,286.00,286.00,253.67,256.47,160926
2015-08-25,271.97,300.00,250.00,291.37,143183
2015-08-26,292.63,320.00,283.70,312.97,171752
2015-08-27,310.00,312.63,301.57,304.17,47439
2015-08-28,306.67,309.33,288.40,293.73,51855
2015-08-31,293.73,300.00,293.73,295.27,22247
2015-09-01,295.27,295.27,281.37,284.53,34071
2015-09-02,284.53,286.60,276.33,279.77,32060
2015-09-03,274.10,286.27,274.10,281.40,44990
2015-09-04,279.37,281.27,267.80,272.70,39719
2015-09-07,272.67,279.13,260.00,269.17,49268
2015-09-08,272.67,278.53,261.07,272.40,29913
2015-09-09,278.63,278.63,272.17,274.37,33896
2015-09-10,266.67,275.90,264.80,271.77,22046
2015-09-11,272.67,278.67,270.00,273.77,30353
2015-09-14,274.00,278.63,270.00,272.23,37943
2015-09-15,272.70,274.33,263.40,266.83,26538
2015-09-16,270.53,272.00,265.33,267.17,84465
2015-09-18,271.33,273.20,268.00,269.80,95985
2015-09-21,269.80,286.40,269.67,281.80,87482
2015-09-22,285.80,285.80,270.47,273.53,19608
2015-09-23,273.33,276.67,270.67,272.30,29676
2015-09-24,269.33,277.33,269.33,272.33,18159
2015-09-28,274.97,275.00,266.67,267.30,22101
2015-09-29,263.33,272.67,262.70,266.00,51693
2015-09-30,268.00,271.97,267.40,268.60,16838
2015-10-01,268.67,271.33,264.67,266.33,18494
2015-10-05,269.00,276.67,267.33,272.23,19092
2015-10-06,276.00,276.00,263.37,265.73,33194
2015-10-07,265.37,271.90,260.57,262.97,26943
2015-10-08,261.63,274.00,261.63,270.13,111057
2015-10-09,270.67,278.63,268.67,277.43,71205
2015-10-12,279.33,283.27,273.90,279.27,118341
2015-10-13,283.87,289.33,277.67,285.90,58196
2015-10-14,286.67,288.80,283.33,287.00,16752
2015-10-15,283.43,291.07,283.43,285.63,20925
2015-10-16,286.67,290.00,281.60,282.47,25826
2015-10-19,278.67,286.00,278.67,279.87,37877
2015-10-20,282.67,282.67,270.00,273.43,58946
2015-10-21,272.00,276.60,269.33,270.50,25149
2015-10-23,272.67,275.33,270.67,270.87,67103
2015-10-26,270.87,273.33,260.00,262.37,25625
2015-10-27,260.10,272.00,260.10,268.37,22782
2015-10-28,270.67,271.93,251.93,258.70,36048
2015-10-29,258.70,264.60,256.70,259.20,23988
2015-10-30,259.33,263.30,257.47,257.90,17063
2015-11-02,258.67,261.93,250.43,251.70,22139
2015-11-03,253.33,259.30,248.67,249.73,29472
2015-11-04,253.33,253.33,246.67,247.07,20591
2015-11-05,251.53,251.53,238.03,240.07,30512
2015-11-06,243.30,248.00,235.53,245.97,50805
2015-11-09,238.67,243.03,234.70,242.00,59981
2015-11-10,243.47,246.33,240.00,242.97,21006
2015-11-11,238.47,246.00,238.47,243.90,7718
2015-11-13,243.90,243.90,233.00,236.40,36398
2015-11-16,236.00,239.13,231.77,236.33,51530
2015-11-17,233.43,249.33,233.43,246.80,29517
2015-11-18,245.37,248.67,238.67,240.63,24617
2015-11-19,243.37,252.67,238.13,247.43,41745
2015-11-20,247.47,254.23,247.47,252.47,28215
2015-11-23,247.57,258.67,247.57,255.97,23057
2015-11-24,259.33,259.33,253.57,256.83,13784
2015-11-26,252.23,265.33,252.23,259.60,22148
2015-11-27,255.07,265.90,255.07,264.10,21558
2015-11-30,263.37,269.80,261.80,266.47,23484
2015-12-01,264.23,270.67,264.23,266.87,25890
2015-12-02,270.60,270.60,266.83,267.90,21354
2015-12-03,268.80,269.93,264.47,265.93,20996
2015-12-04,263.37,269.87,262.70,267.40,36597
2015-12-07,270.00,275.20,266.93,273.10,31656
2015-12-08,273.93,276.57,271.33,274.23,28760
2015-12-09,272.00,275.93,266.00,268.97,35234
2015-12-10,266.30,269.27,265.07,265.90,12270
2015-12-11,267.17,271.77,262.13,264.97,19065
2015-12-14,261.10,272.67,261.10,263.47,26265
2015-12-15,262.67,268.00,261.43,263.40,20387
2015-12-16,266.60,269.73,263.37,266.37,37791
2015-12-17,263.63,270.67,263.63,268.23,21539
2015-12-18,267.37,278.20,267.37,271.60,33363
2015-12-21,272.00,281.37,268.93,279.03,36914
2015-12-22,279.07,282.17,277.37,279.73,17045
2015-12-23,271.67,290.67,271.67,286.73,49605
2015-12-24,282.33,296.60,282.17,283.83,31608
2015-12-28,284.00,287.90,273.40,275.50,17954
2015-12-29,276.70,279.33,275.43,276.90,16617
2015-12-30,270.73,281.33,270.73,278.63,13796
2015-12-31,273.57,274.67,263.67,265.83,78332
2016-01-01,270.87,271.20,266.67,268.97,20610
2016-01-04,273.27,273.27,264.13,266.10,30636
2016-01-05,269.70,270.67,264.00,268.13,32106
2016-01-06,269.73,273.63,267.20,270.93,31886
2016-01-07,266.03,269.33,261.73,263.43,26870
2016-01-08,269.70,270.00,263.33,264.97,17399
2016-01-11,260.10,263.33,253.37,258.70,14321
2016-01-12,257.77,262.93,256.67,261.03,21734
2016-01-13,261.37,262.83,247.33,253.90,42830
2016-01-14,243.43,258.00,240.67,245.27,25721
2016-01-15,249.17,254.03,236.77,240.20,20714
2016-01-18,238.80,245.33,220.00,222.93,68997
2016-01-19,223.93,230.67,207.40,208.53,53406
2016-01-20,212.67,212.67,207.30,208.87,20226
2016-01-21,209.00,213.37,205.33,209.60,16041
2016-01-22,208.67,221.33,207.37,217.40,36645
2016-01-25,216.67,223.33,215.33,219.17,14132
2016-01-27,218.33,223.20,214.00,217.30,13496
2016-01-28,217.30,222.33,216.00,220.63,14856
2016-01-29,223.33,226.67,217.07,224.83,16262
2016-02-01,225.40,233.33,224.67,231.63,18378
2016-02-02,234.67,236.67,220.43,228.17,15080
2016-02-03,226.67,229.33,220.40,222.87,14793
2016-02-04,223.33,229.33,223.00,223.67,19542
2016-02-05,220.67,229.33,220.40,227.30,21377
2016-02-08,221.07,233.30,221.07,231.83,102569
2016-02-09,235.00,235.00,223.00,229.43,12054
2016-02-10,230.00,233.33,221.00,224.17,14898
2016-02-11,223.30,225.63,201.53,205.60,45026
2016-02-12,208.67,208.67,196.67,198.80,22245
2016-02-15,199.93,206.67,199.93,202.43,27326
2016-02-16,203.50,209.97,202.40,203.10,21618
2016-02-17,203.03,206.70,200.40,204.57,12519
2016-02-18,203.37,211.37,203.37,210.93,11495
2016-02-19,208.67,214.00,207.37,212.87,18822
2016-02-22,216.00,224.00,210.67,222.67,19292
2016-02-23,225.97,229.30,222.70,225.30,22527
2016-02-24,225.67,226.67,214.07,219.10,39600
2016-02-25,219.33,222.03,215.87,220.13,10569
2016-02-26,221.33,223.97,209.13,213.20,22184
2016-02-29,218.00,225.33,214.00,215.37,16851
2016-03-01,216.67,224.13,214.70,221.67,11360
2016-03-02,227.97,231.93,218.77,221.30,20841
2016-03-03,231.33,231.33,216.67,218.47,23135
2016-03-04,217.37,227.63,216.70,221.83,40827
2016-03-08,219.93,236.67,213.57,215.37,33380
2016-03-09,215.40,221.33,215.33,216.93,17349
2016-03-10,217.40,217.40,212.00,213.83,6228
2016-03-11,215.30,218.00,209.67,214.63,7493
2016-03-14,214.67,218.00,212.07,214.20,11493
2016-03-15,211.33,216.50,209.23,210.40,10680
2016-03-16,212.53,213.33,206.83,210.53,13556
2016-03-17,212.67,213.33,209.80,211.13,13937
2016-03-18,213.33,214.00,208.00,210.07,28577
2016-03-21,210.67,213.13,209.00,209.50,46305
2016-03-22,211.93,211.93,206.67,208.73,46865
2016-03-23,208.33,208.77,206.00,207.83,121241
2016-03-28,206.37,213.00,206.37,208.67,98985
2016-03-29,208.00,212.67,203.40,205.87,146318
2016-03-30,206.67,210.67,206.07,207.87,20357
2016-03-31,211.67,211.67,206.33,208.63,33737
2016-04-01,208.00,246.20,206.90,211.57,245129
2016-04-04,215.20,224.60,215.20,219.20,54216
2016-04-05,219.33,222.83,217.33,221.93,22359
2016-04-06,220.73,226.00,220.73,225.77,23541
2016-04-07,231.60,233.33,227.00,229.70,44421
2016-04-08,232.27,232.67,226.67,232.23,21821
2016-04-11,230.00,235.93,230.00,230.90,12399
2016-04-12,232.00,274.53,232.00,266.37,567128
2016-04-13,269.93,296.00,269.93,279.30,431018
2016-04-18,274.67,281.33,272.00,275.90,91043
2016-04-20,279.63,279.63,270.33,273.27,43623
2016-04-21,272.70,280.67,271.97,276.93,46875
2016-04-22,280.00,280.00,272.73,275.40,25422
2016-04-25,276.00,306.00,276.00,294.13,164510
2016-04-26,293.30,293.30,286.83,289.00,36660
2016-04-27,289.00,290.57,285.67,288.07,30203
2016-04-28,288.07,289.00,276.67,278.03,21410
2016-04-29,278.00,283.23,272.33,273.83,17343
2016-05-02,273.23,290.00,271.37,282.20,53217
2016-05-03,282.00,288.00,282.00,283.10,20163
2016-05-04,276.73,279.33,270.40,276.17,48228
2016-05-05,279.17,283.00,276.07,277.77,27161
2016-05-06,276.00,279.93,276.00,277.60,12252
2016-05-09,279.87,280.53,274.67,277.63,19310
2016-05-10,274.03,280.60,274.03,279.47,8595
2016-05-11,273.33,280.00,273.33,278.07,14226
2016-05-12,278.00,289.80,278.00,282.30,73134
2016-05-13,278.13,299.93,278.13,294.03,135959
2016-05-16,296.30,304.67,290.10,300.53,107078
2016-05-17,300.00,316.63,297.07,311.37,177807
2016-05-18,310.00,316.67,306.67,314.63,46917
2016-05-19,314.67,319.33,306.67,308.73,37257
2016-05-20,303.33,311.23,301.43,302.10,18146
2016-05-23,300.37,301.33,290.03,292.17,18864
2016-05-24,292.00,292.00,282.73,286.67,16718
2016-05-25,288.07,295.33,288.07,292.90,18015
2016-05-26,296.00,300.00,294.67,299.00,15470
2016-05-27,301.93,304.57,293.43,295.77,18557
2016-05-30,299.67,300.00,291.50,293.20,15819
2016-05-31,278.07,286.67,273.27,280.73,61838
2016-06-01,288.00,288.00,281.00,281.87,20472
2016-06-02,281.50,291.33,280.00,286.47,13082
2016-06-03,291.33,296.00,287.33,288.20,34755
2016-06-06,289.30,298.50,289.30,295.10,19746
2016-06-07,298.67,301.97,290.00,291.70,20909
2016-06-08,294.67,306.00,294.67,303.40,34689
2016-06-09,303.63,307.67,300.13,303.60,26573
2016-06-10,305.77,313.33,305.73,311.10,100784
2016-06-13,310.60,310.60,303.90,307.00,17981
2016-06-14,313.33,313.33,307.33,310.13,9779
2016-06-15,312.00,316.60,312.00,315.17,26040
2016-06-16,316.67,318.67,311.33,312.93,51630
2016-06-17,311.33,318.50,304.83,307.33,25952
2016-06-20,304.00,305.30,279.67,303.87,31673
2016-06-21,312.67,312.67,304.73,311.37,27683
2016-06-22,314.67,314.67,307.03,309.37,14412
2016-06-23,305.70,309.40,303.33,305.67,24422
2016-06-24,300.00,300.00,283.33,295.60,38309
2016-06-27,300.60,305.33,295.40,301.13,63752
2016-06-28,303.33,311.97,300.00,306.07,22508
2016-06-29,308.63,313.33,304.67,310.90,43679
2016-06-30,312.33,322.67,312.33,321.57,64536
2016-07-01,329.97,331.67,323.33,328.33,72315
2016-07-04,330.67,331.33,326.73,329.13,48467
2016-07-05,330.67,330.67,317.33,320.83,24185
2016-07-07,328.00,332.53,324.73,328.43,92847
2016-07-08,328.43,329.20,320.67,321.67,36585
2016-07-11,325.33,326.67,321.13,324.73,19595
2016-07-12,326.33,329.67,317.67,325.03,19419
2016-07-13,332.00,333.33,323.33,325.10,35045
2016-07-14,320.87,327.90,320.17,323.30,93536
2016-07-15,326.60,326.60,314.77,319.30,22964
2016-07-18,320.80,324.00,316.73,319.53,10332
2016-07-19,316.67,319.07,313.33,313.90,9363
2016-07-20,314.00,319.33,314.00,316.83,14745
2016-07-21,320.00,322.60,316.67,320.23,11838
2016-07-22,321.93,321.93,315.43,317.60,9888
2016-07-25,314.73,321.33,314.73,316.33,10331
2016-07-26,317.33,319.87,313.33,314.47,6780
2016-07-27,316.00,321.23,312.53,316.07,20394
2016-07-28,318.60,319.93,316.67,317.40,8318
2016-07-29,319.93,320.00,316.13,317.30,16043
2016-08-01,318.00,321.33,316.23,316.87,9168
2016-08-02,316.67,317.43,307.03,310.20,12407
2016-08-03,312.53,318.60,306.67,309.27,12660
2016-08-04,307.43,317.07,307.33,308.70,5763
2016-08-05,313.33,314.00,310.67,313.17,11825
2016-08-08,316.67,320.20,313.00,319.83,21803
2016-08-09,322.57,323.33,310.03,311.60,27225
2016-08-10,311.60,323.20,311.60,315.53,33374
2016-08-11,316.83,320.30,314.07,314.97,18893
2016-08-12,316.50,320.07,314.00,318.37,27314
2016-08-16,319.20,319.93,315.47,318.63,5123
2016-08-17,319.77,325.47,316.00,322.87,27309
2016-08-18,324.00,325.80,317.03,318.93,20607
2016-08-19,318.93,322.00,318.93,319.47,24974
2016-08-22,317.23,321.33,314.37,318.13,8820
2016-08-23,316.67,321.57,315.07,317.30,26106
2016-08-24,314.33,320.00,314.33,316.73,9387
2016-08-25,318.53,318.57,310.90,314.03,16917
2016-08-26,314.17,314.43,309.37,310.90,9993
2016-08-29,316.67,321.30,311.97,317.27,23561
2016-08-30,316.00,319.97,314.00,316.63,10304
2016-08-31,316.67,322.67,313.40,319.43,18827
2016-09-01,314.80,320.00,314.80,317.27,10338
2016-09-02,317.27,323.47,317.27,319.43,24762
2016-09-06,323.30,323.30,314.80,321.33,16407
2016-09-07,323.33,325.33,316.87,320.37,15017
2016-09-08,319.47,322.30,316.70,320.77,15581
2016-09-09,322.63,323.33,316.67,318.40,11316
2016-09-12,316.67,316.67,310.00,313.03,13920
2016-09-14,312.67,318.00,307.33,312.50,20138
2016-09-15,310.67,314.67,305.33,309.30,22466
2016-09-16,310.17,313.33,308.67,309.93,8490
2016-09-19,313.33,321.13,308.57,316.97,40409
2016-09-20,314.67,317.27,311.53,315.67,10328
2016-09-21,313.20,355.00,313.20,340.53,348747
2016-09-22,343.27,360.63,340.57,349.87,235952
2016-09-23,350.57,354.83,339.30,341.33,34343
2016-09-26,339.33,343.13,331.93,334.10,13409
2016-09-27,332.67,333.37,321.40,322.67,20106
2016-09-28,325.33,334.67,322.67,325.50,17030
2016-09-29,328.67,329.87,300.07,310.33,32432
2016-09-30,312.97,318.13,302.97,309.87,38163
2016-10-03,316.67,341.07,310.70,328.43,71763
2016-10-04,328.43,334.67,321.80,332.37,29348
2016-10-05,332.37,336.60,326.67,330.13,16719
2016-10-06,330.00,336.00,323.33,325.40,17301
2016-10-07,325.40,329.67,321.43,324.27,10149
2016-10-10,324.27,330.67,321.33,322.97,8282
2016-10-13,323.27,323.30,315.97,321.07,7599
2016-10-14,323.30,323.93,318.50,322.67,4673
2016-10-17,323.37,333.33,323.33,324.33,20400
2016-10-18,325.50,332.67,322.70,326.73,31413
2016-10-19,323.37,331.33,320.37,329.17,13458
2016-10-20,332.63,332.67,324.27,328.70,20100
2016-10-21,325.63,330.00,320.00,322.40,20549
2016-10-24,325.33,333.33,322.67,327.73,19470
2016-10-25,323.77,326.97,322.80,323.83,6554
2016-10-26,323.50,326.60,319.60,321.17,15077
2016-10-27,320.00,334.97,318.40,333.57,50955
2016-10-28,333.57,339.33,330.00,330.53,22134
2016-11-01,327.33,335.27,327.33,332.83,9681
2016-11-02,326.67,333.33,326.67,328.83,20745
2016-11-03,331.90,333.33,328.67,329.07,11274
2016-11-04,327.40,330.67,326.00,327.73,21459
2016-11-07,335.93,335.93,323.40,328.40,27800
2016-11-08,329.27,362.00,329.27,344.33,415724
2016-11-09,327.33,346.00,284.53,334.73,71216
2016-11-10,349.93,350.00,337.33,340.43,35709
2016-11-11,337.33,337.33,326.23,330.53,18815
2016-11-15,336.63,336.63,312.03,316.57,31841
2016-11-16,322.10,326.67,307.57,312.63,16859
2016-11-17,313.30,320.00,311.37,313.40,15141
2016-11-18,313.43,315.47,307.43,310.33,11280
2016-11-21,310.23,310.23,294.37,297.67,21545
2016-11-22,297.70,301.00,293.33,298.00,7367
2016-11-23,301.80,305.30,299.53,302.20,6080
2016-11-24,296.73,330.00,296.70,327.97,53868
2016-11-25,329.97,331.33,320.00,323.63,12263
2016-11-28,323.97,329.67,320.07,324.33,5129
2016-11-29,320.07,330.00,320.07,324.43,5363
2016-11-30,328.73,330.67,322.03,329.07,19154
2016-12-01,325.77,328.33,322.73,324.73,19961
2016-12-02,325.97,326.00,314.00,319.27,12141
2016-12-05,317.97,329.87,317.93,328.30,10776
2016-12-06,329.20,330.33,323.80,327.63,5348
2016-12-07,327.70,330.33,324.73,327.67,11472
2016-12-08,329.27,330.67,316.67,322.10,12201
2016-12-09,322.67,336.67,318.63,327.53,14484
2016-12-12,330.00,331.23,321.83,326.77,7271
2016-12-13,326.77,332.67,324.17,329.37,13161
2016-12-14,329.97,329.97,325.67,327.90,10851
2016-12-15,326.63,330.13,324.17,327.77,10796
2016-12-16,328.50,330.63,324.70,328.57,6456
2016-12-19,325.33,329.67,325.33,328.70,6518
2016-12-20,327.63,329.93,326.67,326.70,7296
2016-12-21,326.70,329.13,325.40,326.67,7133
2016-12-22,325.33,329.30,322.00,326.30,9141
2016-12-23,325.07,325.07,318.80,321.53,11762
2016-12-26,318.53,322.93,311.07,316.77,17513
2016-12-27,315.63,319.63,313.07,315.93,7235
2016-12-28,318.93,319.33,313.33,315.93,16902
2016-12-29,316.00,319.93,314.03,319.17,10854
2016-12-30,320.17,324.00,316.03,323.30,14468
2017-01-02,319.20,328.83,317.37,323.07,5418
2017-01-03,326.00,342.67,326.00,339.20,49208
2017-01-04,339.03,340.67,333.33,334.57,24342
2017-01-05,336.67,341.87,331.50,334.03,29367
2017-01-06,339.93,348.67,334.73,343.10,45528
2017-01-09,343.10,349.33,341.50,347.27,16143
2017-01-10,350.67,356.67,348.00,353.07,49613
2017-01-11,353.07,371.80,353.07,365.33,95520
2017-01-12,365.33,368.67,352.10,354.30,16284
2017-01-13,354.67,358.00,352.00,354.93,6471
2017-01-16,356.67,361.33,353.23,356.40,5472
2017-01-17,356.40,365.33,348.33,357.43,11070
2017-01-18,359.17,360.03,353.80,354.43,9243
2017-01-19,360.27,364.67,352.20,353.67,5216
2017-01-20,353.33,357.13,339.33,349.33,30335
2017-01-23,354.87,354.87,343.33,346.50,6324
2017-01-24,351.33,357.00,349.13,352.90,15039
2017-01-25,351.40,386.37,351.40,378.67,199335
2017-01-27,377.33,392.67,375.03,380.13,37436
2017-01-30,380.00,382.67,374.43,380.00,41564
2017-01-31,374.80,384.23,374.30,378.47,26270
2017-02-01,379.83,382.93,374.70,379.53,26721
2017-02-02,378.97,380.60,376.70,378.53,7005
2017-02-03,378.77,382.00,374.40,376.07,125502
2017-02-06,376.07,390.00,376.07,384.10,35442
2017-02-07,384.00,389.93,376.00,384.93,39534
2017-02-08,390.00,392.00,377.40,383.83,231929
2017-02-09,384.67,386.00,360.90,377.33,61383
2017-02-10,382.97,383.00,376.00,377.97,23462
2017-02-13,377.97,382.67,371.13,378.57,14345
2017-02-14,377.97,380.57,374.13,377.83,21729
2017-02-15,374.00,381.33,368.67,374.23,38445
2017-02-16,370.67,383.33,370.00,372.37,57470
2017-02-17,372.00,376.60,370.17,372.40,16128
2017-02-20,374.63,375.97,367.73,369.93,21245
2017-02-21,373.33,374.90,368.83,371.20,14379
2017-02-22,370.73,389.23,368.23,380.37,90566
2017-02-23,380.00,390.00,377.77,383.03,49290
2017-02-27,383.37,384.10,376.93,379.53,94085
2017-02-28,379.23,383.30,377.20,378.67,59471
2017-03-01,379.97,380.00,374.67,377.07,13841
2017-03-02,379.57,379.93,373.40,374.57,16565
2017-03-03,374.90,379.33,370.47,376.03,24831
2017-03-06,378.67,382.67,370.30,371.43,22214
2017-03-07,373.33,375.47,370.03,371.17,20987
2017-03-08,373.33,373.33,368.20,369.27,37292
2017-03-09,368.33,373.33,366.70,368.77,21272
2017-03-10,370.00,372.60,366.67,369.00,22307
2017-03-14,373.57,380.00,370.07,373.13,45714
2017-03-15,372.03,372.03,367.87,370.80,27327
2017-03-16,374.47,376.67,368.10,370.03,35655
2017-03-17,372.60,376.60,365.57,367.87,48708
2017-03-20,373.13,373.13,366.67,369.40,27680
2017-03-21,371.27,371.90,367.63,369.90,36015
2017-03-22,366.70,370.00,363.33,364.57,65886
2017-03-23,364.67,377.70,358.33,360.13,100211
2017-03-24,363.33,378.30,358.77,367.70,130458
2017-03-27,368.30,370.00,363.33,363.60,42048
2017-03-28,363.37,364.97,358.73,359.37,48386
2017-03-29,358.63,358.67,347.97,350.50,76220
2017-03-30,348.97,366.67,348.97,354.00,62069
2017-03-31,356.67,359.33,350.00,353.73,77472
2017-04-03,362.67,370.00,356.73,358.03,62646
2017-04-05,358.37,364.67,357.70,359.90,42186
2017-04-06,361.30,366.50,360.00,362.57,47595
2017-04-07,361.93,363.33,349.33,356.00,51581
2017-04-10,358.90,359.00,348.33,352.00,42093
2017-04-11,351.33,365.30,350.00,356.80,120033
2017-04-12,360.13,370.60,351.60,366.63,146049
2017-04-13,360.03,369.97,360.00,364.43,91104
2017-04-17,361.67,379.33,360.27,376.00,56955
2017-04-18,379.60,409.30,379.60,391.23,236502
2017-04-19,393.33,398.67,383.33,395.70,74109
2017-04-20,395.37,416.67,393.40,406.57,303734
2017-04-21,410.00,429.33,408.43,418.13,193139
2017-04-24,420.67,428.00,416.43,421.17,49598
2017-04-25,424.67,424.67,407.23,408.17,47982
2017-04-26,408.17,424.67,408.17,413.43,117008
2017-04-27,409.30,418.17,409.30,413.70,43229
2017-04-28,415.90,415.93,408.00,413.33,37187
2017-05-02,413.33,425.93,406.67,420.20,81089
2017-05-03,424.43,436.60,420.00,425.93,98057
2017-05-04,427.30,429.97,413.73,417.60,68721
2017-05-05,419.97,420.00,411.33,415.83,48419
2017-05-08,415.27,420.00,412.00,416.93,33021
2017-05-09,422.67,429.30,403.33,423.30,52569
2017-05-10,427.00,446.00,423.33,441.73,107672
2017-05-11,440.03,446.67,434.03,438.10,44813
2017-05-12,438.07,469.33,437.83,452.70,216012
2017-05-15,454.00,461.33,451.33,454.07,45968
2017-05-16,456.70,459.93,446.80,449.63,62037
2017-05-17,441.37,460.60,441.33,452.90,58905
2017-05-18,454.00,454.00,436.70,441.20,25610
2017-05-19,441.47,449.57,432.63,437.83,41576
2017-05-22,437.50,441.30,421.00,422.63,129084
2017-05-23,422.67,425.53,404.13,419.73,155760
2017-05-24,413.37,418.63,387.00,393.87,51776
2017-05-25,394.73,428.00,393.93,398.70,89450
2017-05-26,397.93,418.00,394.00,411.87,33167
2017-05-29,420.00,439.17,419.97,431.77,135849
2017-05-30,435.87,438.47,425.33,428.27,41369
2017-05-31,428.67,437.33,428.67,433.50,68922
2017-06-01,435.90,450.00,434.10,441.47,41727
2017-06-02,443.33,461.50,437.63,457.67,63914
2017-06-05,461.87,476.67,461.53,464.90,68403
2017-06-06,462.83,469.83,456.03,463.27,65099
2017-06-07,466.60,476.00,465.00,471.70,61962
2017-06-08,471.97,478.00,458.43,464.70,52269
2017-06-09,466.67,471.57,458.73,460.60,37551
2017-06-12,465.30,465.33,446.67,451.33,35229
2017-06-13,452.00,459.77,450.00,451.87,35021
2017-06-14,451.37,455.27,440.50,449.37,38757
2017-06-15,447.53,459.33,445.33,446.50,31575
2017-06-16,453.27,453.30,436.00,439.93,30726
2017-06-19,441.33,445.43,434.83,443.37,50390
2017-06-20,452.00,456.17,445.33,451.53,46194
2017-06-21,451.00,456.67,442.07,448.30,34809
2017-06-22,450.60,464.63,441.87,445.80,71535
2017-06-23,447.97,448.67,434.83,442.37,38882
2017-06-27,442.00,449.17,433.43,434.57,26157
2017-06-28,434.67,437.93,417.67,419.77,32370
2017-06-29,421.33,441.50,420.73,426.70,40514
2017-06-30,430.00,437.97,421.33,427.83,49454
2017-07-03,427.40,434.83,427.30,428.53,67848
2017-07-04,428.03,430.77,417.03,418.77,33351
2017-07-05,419.33,432.63,419.33,424.97,59726
2017-07-06,426.67,455.80,421.73,439.70,57864
2017-07-07,443.33,446.37,434.17,441.90,33666
2017-07-10,441.67,455.33,441.67,446.67,19664
2017-07-11,447.00,454.00,445.33,446.70,34305
2017-07-12,448.67,453.33,444.03,447.93,29972
2017-07-13,448.67,472.00,447.37,457.37,109742
2017-07-14,466.60,466.60,446.67,453.07,51356
2017-07-17,453.33,472.67,452.03,468.43,101499
2017-07-18,467.33,469.97,450.20,458.93,48660
2017-07-19,461.33,471.87,454.80,458.50,46247
2017-07-20,458.70,469.87,453.70,467.83,48530
2017-07-21,458.50,469.23,458.20,459.43,23307
2017-07-24,459.33,468.57,459.30,462.87,50370
2017-07-25,463.27,467.70,456.63,457.70,25086
2017-07-26,460.00,478.67,457.93,470.70,135117
2017-07-27,473.37,484.33,470.00,476.80,193208
2017-07-28,477.33,479.30,463.13,468.70,28247
2017-07-31,473.33,483.33,471.97,479.47,101327
2017-08-01,480.00,502.67,480.00,482.53,126693
2017-08-02,483.30,483.33,469.70,476.63,32610
2017-08-03,480.03,489.67,479.67,485.17,182687
2017-08-04,484.67,492.67,474.37,488.93,34734
2017-08-07,490.03,512.67,489.67,507.77,80342
2017-08-08,510.00,512.93,478.67,482.37,66884
2017-08-09,485.97,545.33,473.33,516.40,748339
2017-08-10,515.33,524.80,483.27,492.10,138155
2017-08-11,486.00,519.33,478.67,507.87,113379
2017-08-14,514.57,534.00,512.00,529.83,99192
2017-08-16,536.57,543.33,522.27,524.30,73638
2017-08-17,527.23,532.00,524.00,526.73,33609
2017-08-18,527.60,527.60,512.83,519.80,33483
2017-08-21,521.33,529.33,510.00,513.17,28562
2017-08-22,513.33,522.67,508.03,510.80,34644
2017-08-23,513.33,519.33,510.70,512.17,28166
2017-08-24,513.97,515.33,509.00,510.03,26457
2017-08-28,510.37,549.97,510.37,545.40,241812
2017-08-29,545.13,547.13,524.00,528.23,51635
2017-08-30,532.60,573.27,521.00,562.97,303449
2017-08-31,566.67,589.33,566.67,573.17,157683
2017-09-01,577.63,612.60,573.33,604.73,219923
2017-09-04,609.33,609.33,576.67,584.83,77136
2017-09-05,585.10,599.07,578.97,585.10,86843
2017-09-06,583.87,605.97,580.00,600.27,122871
2017-09-07,604.57,626.43,597.33,620.43,126840
2017-09-08,614.23,620.00,598.40,606.77,71126
2017-09-11,612.03,623.33,608.47,611.77,69333
2017-09-12,616.60,626.67,606.67,610.33,73829
2017-09-13,610.03,631.33,608.00,610.90,94578
2017-09-14,619.33,642.47,616.67,633.23,236861
2017-09-15,636.67,636.67,614.00,621.10,57081
2017-09-18,624.03,642.47,624.03,632.33,74732
2017-09-19,632.67,642.67,611.73,624.03,118967
2017-09-20,623.67,636.67,620.00,623.40,46685
2017-09-21,624.67,628.67,529.87,605.07,169292
2017-09-22,601.23,609.33,580.73,583.77,47900
2017-09-25,584.17,614.00,570.00,591.93,81129
2017-09-26,593.33,610.67,592.07,603.00,43473
2017-09-27,609.93,610.00,580.00,584.57,30012
2017-09-28,586.67,606.43,585.37,588.33,48213
2017-09-29,592.63,627.87,592.63,609.07,97968
2017-10-03,610.00,632.00,610.00,622.63,246605
2017-10-04,627.63,628.67,618.17,621.83,47898
2017-10-05,623.30,638.70,620.67,633.70,70856
2017-10-06,630.67,634.67,621.33,628.93,104529
2017-10-09,626.70,632.90,595.87,603.47,101906
2017-10-10,605.27,620.00,589.33,607.10,181943
2017-10-11,607.33,615.27,601.70,603.90,74706
2017-10-12,606.70,609.97,590.80,592.77,40794
2017-10-13,593.53,598.33,592.00,593.67,28593
2017-10-16,595.30,609.30,590.00,594.03,39129
2017-10-17,590.30,599.93,581.47,585.07,31196
2017-10-18,586.00,593.33,580.90,584.97,57347
2017-10-19,591.00,603.33,587.33,592.97,16814
2017-10-23,590.83,616.60,590.83,598.13,65153
2017-10-24,605.97,605.97,583.53,585.80,46065
2017-10-25,590.00,599.10,569.70,576.13,35036
2017-10-26,576.70,584.67,575.03,577.73,48516
2017-10-27,578.00,593.00,577.67,587.03,45285
2017-10-30,592.33,609.33,588.13,597.33,109992
2017-10-31,596.97,612.87,588.80,593.20,57659
2017-11-01,595.13,611.33,593.33,596.70,58586
2017-11-02,601.70,606.00,593.33,595.17,27969
2017-11-03,599.93,601.77,580.93,582.47,46254
2017-11-06,587.33,598.47,577.70,579.97,43695
2017-11-07,576.73,586.37,566.53,568.33,45920
2017-11-08,568.70,582.77,567.73,569.77,47294
2017-11-09,576.40,590.00,567.43,572.50,56738
2017-11-10,573.33,578.47,568.17,573.67,40671
2017-11-13,576.67,580.00,570.67,572.43,23414
2017-11-14,572.03,575.43,556.00,558.10,58532
2017-11-15,558.10,568.00,548.67,551.13,79830
2017-11-16,551.20,583.27,550.03,571.37,146130
2017-11-17,579.93,633.47,576.67,597.37,243672
2017-11-20,605.67,626.67,580.00,582.43,375840
2017-11-21,593.33,593.33,560.07,562.93,154701
2017-11-22,567.33,575.30,552.73,555.00,110121
2017-11-23,560.00,560.00,543.33,546.07,83348
2017-11-24,550.80,561.33,548.63,553.37,63780
2017-11-27,555.57,557.97,548.67,549.87,36056
2017-11-28,553.97,559.40,547.33,549.20,55752
2017-11-29,552.00,554.37,545.30,550.23,52746
2017-11-30,548.73,549.33,543.37,546.13,35639
2017-12-01,546.90,549.33,540.00,541.77,47445
2017-12-04,544.47,548.00,528.67,528.83,36432
2017-12-05,530.80,533.30,519.97,524.90,36366
2017-12-06,520.97,530.00,513.47,516.17,37968
2017-12-07,514.00,526.67,514.00,524.60,36527
2017-12-08,542.67,558.67,538.00,540.20,121769
2017-12-11,545.33,552.00,544.97,545.47,84321
2017-12-12,546.67,546.67,530.83,532.83,59423
2017-12-13,533.13,536.67,529.33,531.97,36980
2017-12-14,532.63,535.87,518.20,519.77,59520
2017-12-15,525.27,533.97,510.00,512.60,67523
2017-12-18,514.67,524.67,487.70,513.73,57728
2017-12-19,517.33,521.93,502.00,518.93,95046
2017-12-20,519.67,526.67,514.13,522.60,59948
2017-12-21,523.37,535.33,517.67,523.93,48834
2017-12-22,527.90,546.67,527.90,539.40,94373
2017-12-26,540.67,553.33,540.67,545.47,99029
2017-12-27,550.37,551.33,530.37,533.87,62861
2017-12-28,538.13,545.50,531.03,536.00,50996
2017-12-29,540.77,543.33,536.67,538.57,56421
2018-01-01,539.83,543.47,531.37,535.13,29804
2018-01-02,538.07,542.60,524.53,531.77,30156
2018-01-03,535.97,549.33,532.70,546.17,59649
2018-01-04,552.83,562.67,550.00,553.37,119744
2018-01-05,557.80,566.00,556.00,560.23,46043
2018-01-08,560.33,571.93,557.50,568.00,81126
2018-01-09,569.00,572.63,560.67,563.57,21380
2018-01-10,560.30,569.27,550.77,556.17,32786
2018-01-11,551.00,564.47,548.07,550.57,70431
2018-01-12,555.23,565.80,544.33,551.77,316878
2018-01-15,556.63,560.67,547.40,557.53,44783
2018-01-16,557.67,560.03,540.70,547.70,31224
2018-01-17,547.70,559.67,546.77,558.57,42357
2018-01-18,553.33,563.63,546.03,547.60,55754
2018-01-19,550.40,563.63,545.93,560.13,171119
2018-01-22,563.20,563.57,561.33,563.07,62187
2018-01-23,560.03,563.97,551.33,557.13,43754
2018-01-24,553.53,564.50,551.33,558.70,31154
2018-01-25,563.33,563.33,548.33,550.63,16008
2018-01-29,548.00,560.00,535.97,556.93,26537
2018-01-30,558.67,558.67,542.33,543.93,17676
2018-01-31,543.40,556.53,543.40,550.63,21209
2018-02-01,556.60,563.33,543.33,545.77,19127
2018-02-02,533.37,540.03,504.67,523.70,39921
2018-02-05,510.43,534.47,494.37,528.23,11775
2018-02-06,500.00,519.90,486.63,515.20,15575
2018-02-07,522.90,539.97,519.97,529.77,86352
2018-02-08,554.00,560.00,540.00,542.23,68765
2018-02-09,533.33,543.30,530.00,540.70,22433
2018-02-12,555.83,555.83,538.63,544.30,68033
2018-02-14,552.37,552.40,530.00,535.40,22556
2018-02-15,540.63,550.17,523.33,525.07,101316
2018-02-16,529.87,531.97,514.10,517.90,24896
2018-02-19,519.33,524.43,514.00,514.43,13032
2018-02-20,517.90,520.67,514.00,518.20,40209
2018-02-21,520.00,520.00,510.77,514.50,8783
2018-02-22,521.77,521.77,505.33,506.27,20801
2018-02-23,506.67,514.97,500.77,502.37,36593
2018-02-26,516.67,520.00,498.03,501.37,59525
2018-02-27,502.50,512.00,501.50,508.27,27774
2018-02-28,502.03,509.67,502.03,506.43,38354
2018-03-01,507.47,512.00,504.57,508.13,57770
2018-03-05,514.03,514.07,496.67,504.37,26166
2018-03-06,505.20,507.50,500.00,500.10,30398
2018-03-07,499.83,499.87,484.83,490.03,27318
2018-03-08,493.23,495.20,488.03,490.80,22683
2018-03-09,493.40,493.87,485.73,490.37,42597
2018-03-12,494.67,496.03,486.67,487.20,14514
2018-03-13,491.33,498.67,486.67,494.60,71885
2018-03-14,491.83,494.33,487.33,488.37,21293
2018-03-15,492.00,494.67,487.57,492.37,6794
2018-03-16,494.27,500.67,493.37,496.70,9686
2018-03-19,494.67,496.73,476.67,479.47,57075
2018-03-20,474.73,493.87,474.73,486.30,15630
2018-03-21,486.67,491.47,486.00,489.60,17639
2018-03-22,489.67,496.67,489.63,493.40,29466
2018-03-23,480.67,486.70,467.43,476.07,47138
2018-03-26,481.97,481.97,468.63,474.67,37997
2018-03-27,477.90,479.67,467.43,470.40,17397
2018-03-28,475.40,475.97,456.70,458.27,21551
2018-04-02,472.00,472.00,459.13,460.50,17216
2018-04-03,462.60,491.80,460.80,482.10,23375
2018-04-04,492.73,508.67,488.53,496.60,99095
2018-04-05,500.33,515.93,500.00,502.73,27674
2018-04-06,502.73,511.33,498.93,503.27,12317
2018-04-09,505.37,506.03,493.33,498.80,16838
2018-04-10,497.47,500.00,491.17,493.23,21008
2018-04-11,491.33,498.57,486.53,496.47,49110
2018-04-12,500.60,503.33,490.00,492.60,23813
2018-04-13,490.00,501.33,488.47,491.50,25874
2018-04-16,491.50,496.67,490.00,492.30,3692
2018-04-17,496.67,508.47,481.33,483.73,70295
2018-04-18,485.33,489.73,473.33,476.03,39693
2018-04-19,485.20,485.20,468.80,474.03,83256
2018-04-20,473.83,476.67,470.00,472.97,61563
2018-04-23,473.63,479.30,468.27,474.70,181100
2018-04-24,478.67,492.67,475.47,483.33,57792
2018-04-25,487.33,494.67,481.10,484.90,18282
2018-04-26,487.13,508.33,484.53,501.07,58758
2018-04-27,506.23,506.67,491.37,493.60,14703
2018-04-30,495.73,497.70,490.00,492.27,8696
2018-05-02,496.67,496.67,484.37,489.47,20766
2018-05-03,490.27,490.67,474.30,485.97,16899
2018-05-04,486.70,508.00,479.97,504.67,233577
2018-05-07,507.67,510.67,496.23,502.73,37935
2018-05-08,509.30,509.30,494.00,502.10,7590
2018-05-09,502.67,503.23,494.43,498.13,4349
2018-05-10,499.00,502.77,493.43,498.87,21533
2018-05-11,494.17,502.50,490.23,497.17,8933
2018-05-14,503.40,503.43,488.57,494.77,24254
2018-05-15,491.57,516.67,490.00,498.23,32174
2018-05-16,499.33,510.00,493.13,502.40,18945
2018-05-17,504.00,516.00,504.00,508.97,49140
2018-05-18,513.13,516.00,500.67,502.90,17526
2018-05-21,493.40,512.60,484.10,504.93,50835
2018-05-22,506.97,529.60,505.50,521.80,57885
2018-05-23,516.67,532.67,516.67,522.63,148938
2018-05-24,523.33,526.60,504.00,507.10,12722
2018-05-25,509.60,514.67,504.33,510.90,16290
2018-05-28,518.00,532.53,506.67,509.77,79956
2018-05-29,509.27,509.27,498.67,501.30,14561
2018-05-30,505.97,506.53,500.07,501.50,10607
2018-05-31,502.00,504.00,494.73,495.70,10668
2018-06-01,495.43,497.93,476.70,485.53,18212
2018-06-04,486.00,494.67,460.70,465.03,84893
2018-06-05,464.00,466.67,434.67,458.07,38019
2018-06-06,463.10,469.73,456.67,463.07,5895
2018-06-07,473.30,479.63,463.40,469.10,11709
2018-06-08,467.33,479.23,467.30,476.53,6845
2018-06-11,475.87,476.53,465.33,466.97,13815
2018-06-12,471.20,482.00,463.57,480.70,18180
2018-06-13,482.87,485.97,470.37,478.20,9188
2018-06-14,481.17,481.33,471.10,480.13,3411
2018-06-15,483.33,493.33,482.37,490.87,25097
2018-06-18,493.97,493.97,484.00,488.57,7278
2018-06-19,489.33,489.33,480.00,480.50,10031
2018-06-20,480.03,486.20,471.33,474.60,13340
2018-06-21,478.40,482.53,470.03,476.83,13392
2018-06-22,477.60,480.67,471.53,474.43,4995
2018-06-25,475.33,481.27,454.47,459.80,13019
2018-06-26,461.17,474.00,461.17,463.47,7485
2018-06-27,464.80,474.00,456.67,460.87,11046
2018-06-28,463.80,463.80,446.67,449.57,10257
2018-06-29,456.30,462.33,450.07,452.77,9927
2018-07-02,455.10,455.10,437.37,441.57,7106
2018-07-03,434.27,448.00,434.17,436.50,8526
2018-07-04,436.80,452.60,436.80,447.07,13979
2018-07-05,442.73,456.60,442.73,448.97,4172
2018-07-06,448.90,451.00,440.83,446.07,6467
2018-07-09,447.93,453.20,444.83,451.17,4826
2018-07-10,451.97,463.33,448.70,459.00,4379
2018-07-11,457.70,465.87,455.33,457.63,5901
2018-07-12,461.80,466.60,441.70,444.23,18735
2018-07-13,448.70,457.03,437.33,447.43,42974
2018-07-16,453.33,453.33,437.43,438.83,5775
2018-07-17,436.70,452.67,427.80,441.57,7275
2018-07-18,449.93,450.13,440.67,441.73,2585
2018-07-19,447.33,447.33,436.67,442.23,2772
2018-07-20,436.70,450.33,436.70,444.40,9750
2018-07-23,442.03,452.67,437.90,442.60,9288
2018-07-24,444.33,462.67,443.77,459.53,13344
2018-07-25,457.93,473.33,449.30,466.33,8340
2018-07-26,468.33,475.07,462.00,470.27,8799
2018-07-27,466.63,493.33,466.63,487.73,31587
2018-07-30,494.67,506.67,493.30,503.27,15620
2018-07-31,506.63,510.57,490.33,507.07,16205
2018-08-01,509.93,518.67,501.03,517.17,25674
2018-08-02,517.17,524.57,502.90,517.90,16023
2018-08-03,516.63,533.67,514.00,523.83,22035
2018-08-06,526.83,530.60,517.43,525.27,12921
2018-08-07,524.63,532.33,520.07,526.07,38603
2018-08-08,524.57,526.90,514.67,520.87,20975
2018-08-09,518.00,532.67,506.70,515.97,81782
2018-08-10,516.70,521.57,500.10,506.53,27489
2018-08-13,502.03,505.77,483.13,484.07,16410
2018-08-14,475.33,483.90,451.33,455.67,81810
2018-08-16,456.67,469.60,440.97,450.43,89177
2018-08-17,449.33,460.00,449.33,456.80,53304
2018-08-20,457.03,458.97,451.70,453.27,38628
2018-08-21,457.97,458.97,445.00,451.27,45137
2018-08-23,451.63,453.37,446.97,450.87,8168
2018-08-24,457.33,457.33,441.97,444.60,30591
2018-08-27,449.17,449.27,438.83,445.97,15333
2018-08-28,449.90,449.90,436.67,439.50,11042
2018-08-29,440.67,440.67,432.20,433.93,12728
2018-08-30,445.93,453.30,432.00,432.47,35201
2018-08-31,436.63,438.33,427.00,429.90,33321
2018-09-03,431.33,435.67,428.17,430.47,18390
2018-09-04,430.03,433.93,393.87,409.03,75699
2018-09-05,409.33,415.97,388.53,400.13,48176
2018-09-06,412.00,412.00,393.37,401.73,33908
2018-09-07,400.03,404.80,396.00,399.53,12984
2018-09-10,403.33,403.33,391.50,393.53,17570
2018-09-11,399.33,399.33,384.93,389.60,32067
2018-09-12,387.03,393.33,374.00,380.20,24474
2018-09-14,380.20,399.20,378.50,390.53,38766
2018-09-17,394.43,410.53,387.00,397.70,40472
2018-09-18,397.70,406.00,387.37,392.27,33462
2018-09-19,397.37,397.37,375.30,381.17,14478
2018-09-21,384.63,386.97,360.00,370.77,36108
2018-09-24,376.30,376.30,348.83,356.70,15735
2018-09-25,356.00,356.00,337.17,344.13,35376
2018-09-26,340.10,350.00,340.10,346.00,19425
2018-09-27,341.33,354.00,326.63,336.27,48741
2018-09-28,346.67,346.67,326.67,329.53,21675
2018-10-01,332.67,332.67,320.03,329.47,22508
2018-10-03,328.77,331.23,315.70,318.83,23477
2018-10-04,315.33,323.97,306.77,312.43,49727
2018-10-05,310.17,313.97,293.33,299.73,26714
2018-10-08,303.33,303.33,271.63,280.10,36212
2018-10-09,278.27,282.93,266.67,268.00,42587
2018-10-10,263.37,268.57,262.07,263.70,114564
2018-10-11,260.80,260.80,240.37,247.83,66792
2018-10-12,248.13,282.67,248.13,268.37,113484
2018-10-15,268.37,287.27,268.37,273.37,85169
2018-10-16,275.57,275.57,270.00,270.60,56195
2018-10-17,274.87,275.70,270.00,270.73,51356
2018-10-19,271.97,273.80,260.10,271.73,28983
2018-10-22,275.13,285.33,270.80,273.30,73179
2018-10-23,269.43,281.33,269.27,280.10,47412
2018-10-24,284.53,284.67,258.17,262.90,100233
2018-10-25,260.00,266.67,260.00,266.03,30014
2018-10-26,265.33,265.37,260.70,262.67,18248
2018-10-29,261.37,270.57,261.37,269.20,20819
2018-10-30,264.67,276.67,264.67,276.17,31739
2018-10-31,276.00,278.33,270.20,276.30,18440
2018-11-01,275.33,280.67,273.30,276.53,29646
2018-11-02,275.40,299.87,274.80,289.10,30116
2018-11-05,290.70,298.67,287.33,289.97,12063
2018-11-06,293.23,297.87,290.03,296.10,10196
2018-11-07,298.97,302.67,293.43,301.77,3954
2018-11-09,306.47,310.00,303.33,306.60,17193
2018-11-12,306.83,338.00,300.70,325.97,512018
2018-11-13,328.53,328.53,311.73,315.13,57576
2018-11-14,314.03,318.73,311.70,317.07,29532
2018-11-15,320.00,348.87,316.13,338.30,182744
2018-11-16,341.03,365.93,340.93,359.60,130110
2018-11-19,364.23,383.33,363.37,372.10,155333
2018-11-20,372.00,374.00,361.37,367.23,29180
2018-11-21,362.47,375.13,362.00,362.43,30624
2018-11-22,362.40,373.33,348.17,350.73,40368
2018-11-26,352.67,353.90,339.67,340.30,32060
2018-11-27,340.00,341.43,327.50,329.37,50550
2018-11-28,330.67,349.33,329.30,340.90,50900
2018-11-29,343.10,374.67,343.10,366.17,299651
2018-11-30,365.33,373.33,360.67,368.87,67733
2018-12-03,375.00,376.00,361.47,366.83,28211
2018-12-04,369.50,382.67,363.47,379.10,39516
2018-12-05,380.67,381.60,370.70,378.37,15734
2018-12-06,373.33,374.70,365.33,367.33,14364
2018-12-07,365.43,375.97,365.43,372.17,37104
2018-12-10,366.67,366.70,353.33,355.10,19611
2018-12-11,353.33,363.20,353.33,358.07,13857
2018-12-12,366.53,376.47,358.23,371.47,24360
2018-12-13,374.57,392.60,372.60,381.53,50379
2018-12-14,377.90,380.00,372.00,373.67,294104
2018-12-17,373.37,377.33,366.67,369.23,14579
2018-12-18,371.87,390.83,368.73,384.87,51296
2018-12-19,388.63,399.43,382.60,395.97,45339
2018-12-20,388.73,396.67,385.00,387.00,35498
2018-12-21,386.80,393.63,382.00,385.90,45924
2018-12-24,384.00,388.63,373.33,374.87,14843
2018-12-26,373.37,382.97,361.43,375.07,31394
2018-12-27,378.97,382.53,374.70,376.83,21467
2018-12-28,374.70,381.33,372.90,374.13,43788
2018-12-31,371.53,378.30,371.53,376.83,6407
2019-01-01,377.80,393.37,377.10,391.27,38010
2019-01-02,392.67,393.30,381.80,383.73,9248
2019-01-03,386.00,390.73,383.40,384.07,7121
2019-01-04,385.97,388.97,376.90,378.50,21620
2019-01-07,381.67,388.00,378.00,380.53,38990
2019-01-08,388.00,392.67,382.33,390.57,108260
2019-01-09,391.97,399.33,391.60,396.43,40833
2019-01-10,401.33,401.33,390.90,394.80,14594
2019-01-11,399.97,401.33,392.13,393.97,114522
2019-01-14,398.00,398.00,392.23,394.43,13283
2019-01-15,395.57,400.97,394.00,395.50,18033
2019-01-16,398.17,399.23,390.00,391.63,5265
2019-01-17,392.13,414.63,388.67,402.87,39293
2019-01-18,403.33,407.53,400.10,403.23,12126
2019-01-21,405.50,425.60,402.00,421.23,37725
2019-01-22,426.53,438.67,424.40,427.03,241113
2019-01-23,427.03,429.33,421.33,422.67,13892
2019-01-24,422.67,422.90,404.67,412.93,33500
2019-01-25,412.93,423.27,402.00,406.40,33516
2019-01-28,400.03,408.93,387.77,393.63,30942
2019-01-29,389.37,408.63,387.70,399.77,48866
2019-01-30,397.13,400.37,390.17,392.63,23442
2019-01-31,390.03,397.10,388.67,392.50,17298
2019-02-01,395.57,399.17,389.33,393.10,24461
2019-02-04,394.63,412.67,392.00,407.47,140973
2019-02-05,406.47,406.50,390.67,392.13,23021
2019-02-06,386.67,408.00,386.67,400.07,35766
2019-02-07,400.67,412.53,396.37,406.37,26426
2019-02-08,406.60,408.33,394.67,398.53,133310
2019-02-11,394.93,412.33,392.83,406.30,25830
2019-02-12,406.60,412.00,402.00,406.73,210581
2019-02-13,410.13,418.67,410.13,416.33,30485
2019-02-14,419.00,423.33,416.33,420.50,28590
2019-02-15,417.80,419.73,407.03,408.20,11735
2019-02-18,406.00,408.00,390.33,391.97,11486
2019-02-19,392.00,407.23,392.00,404.27,17586
2019-02-20,405.00,406.20,403.30,405.50,39126
2019-02-21,406.37,423.00,406.00,418.17,16947
2019-02-22,420.00,423.33,411.33,412.77,12039
2019-02-25,413.33,414.07,407.00,413.53,46790
2019-02-26,414.00,421.33,401.33,416.63,59067
2019-02-27,416.57,432.00,416.57,422.83,188463
2019-02-28,429.20,429.20,400.80,405.43,40590
2019-03-01,406.20,423.73,406.20,422.03,17807
2019-03-05,431.33,435.83,422.60,434.77,26180
2019-03-06,436.67,449.33,432.00,446.17,57102
2019-03-07,447.17,447.67,440.67,444.87,9702
2019-03-08,442.93,450.67,434.40,446.83,41526
2019-03-11,452.67,453.40,442.60,450.07,16539
2019-03-12,452.03,453.27,441.33,447.53,33110
2019-03-13,448.63,453.27,448.33,450.50,14741
2019-03-14,451.93,452.00,441.13,444.10,11357
2019-03-15,446.47,448.00,431.57,438.70,24044
2019-03-18,444.00,445.40,420.33,427.93,28296
2019-03-19,424.07,438.97,422.67,431.87,20168
2019-03-20,429.73,433.27,421.80,424.83,11259
2019-03-22,425.30,426.50,416.67,421.43,9866
2019-03-25,423.33,423.33,406.73,410.60,15623
2019-03-26,409.93,423.33,406.67,418.43,16359
2019-03-27,411.33,436.53,411.33,434.00,39806
2019-03-28,434.67,436.67,420.00,429.07,32213
2019-03-29,433.27,443.13,422.33,441.13,18230
2019-04-01,441.30,456.13,441.30,451.33,14145
2019-04-02,448.73,458.67,441.63,444.77,20415
2019-04-03,452.00,452.00,430.00,432.20,17636
2019-04-04,435.57,435.83,420.00,421.17,18243
2019-04-05,421.70,430.57,421.70,427.17,11583
2019-04-08,426.87,435.67,424.00,432.90,17024
2019-04-09,428.00,437.70,428.00,432.10,7118
2019-04-10,425.43,432.67,424.87,426.30,4679
2019-04-11,426.10,429.77,420.03,422.50,6993
2019-04-12,422.67,432.47,422.67,428.33,6981
2019-04-15,428.63,439.00,428.63,434.77,8793
2019-04-16,440.00,440.00,430.70,434.03,7067
2019-04-18,432.03,443.33,432.03,441.97,21525
2019-04-22,433.60,436.07,430.03,432.57,6242
2019-04-23,435.33,435.33,423.33,425.73,3561
2019-04-24,430.57,431.80,424.50,430.33,11055
2019-04-25,428.77,438.43,425.03,427.40,8222
2019-04-26,428.87,432.07,416.83,425.23,13965
2019-04-30,431.60,431.60,414.67,415.90,5787
2019-05-02,408.03,423.33,402.20,420.50,17928
2019-05-03,420.27,430.00,416.67,425.97,10898
2019-05-06,425.17,426.60,414.00,420.83,10682
2019-05-07,422.77,425.20,417.37,419.23,3830
2019-05-08,416.73,427.23,416.67,422.43,4895
2019-05-09,417.33,429.93,417.03,421.13,5864
2019-05-10,420.80,428.93,418.67,420.63,4191
2019-05-13,417.33,428.47,416.67,422.93,8697
2019-05-14,417.33,426.43,412.67,419.33,8762
2019-05-15,421.50,425.23,409.73,412.83,7220
2019-05-16,410.07,416.17,403.57,412.87,7797
2019-05-17,413.97,414.63,405.73,407.40,4001
2019-05-20,417.33,431.13,412.00,425.47,8946
2019-05-21,417.77,434.67,410.67,432.23,23613
2019-05-22,433.37,451.13,433.33,445.37,22490
2019-05-23,453.33,463.17,438.23,448.80,34350
2019-05-24,452.57,464.00,446.27,454.27,10199
2019-05-27,458.97,462.00,454.77,459.60,19130
2019-05-28,463.33,493.30,460.33,464.90,424622
2019-05-29,469.33,471.83,465.70,469.90,93959
2019-05-30,473.33,478.80,468.10,470.00,25278
2019-05-31,476.27,476.27,463.33,466.23,21975
2019-06-03,460.00,467.00,460.00,461.70,13767
2019-06-04,461.67,465.70,457.33,461.93,8579
2019-06-06,465.43,472.67,458.00,458.70,11918
2019-06-07,457.47,461.37,455.50,460.33,9209
2019-06-10,465.33,465.33,455.33,456.60,8315
2019-06-11,456.13,464.40,452.07,460.37,13416
2019-06-12,460.03,467.63,455.50,458.33,9938
2019-06-13,460.43,460.87,454.00,456.13,7142
2019-06-14,455.93,456.57,446.00,447.23,9848
2019-06-17,446.67,454.67,429.57,433.63,20520
2019-06-18,426.67,434.47,425.33,429.90,8327
2019-06-19,430.00,436.13,424.67,425.57,7575
2019-06-20,433.33,433.33,420.00,423.93,8399
2019-06-21,420.30,446.57,402.60,410.77,36899
2019-06-24,406.67,413.37,396.47,410.47,25929
2019-06-25,408.37,423.33,408.37,420.10,11217
2019-06-26,415.37,429.13,415.00,426.83,16167
2019-06-27,421.80,439.23,421.80,427.67,11465
2019-06-28,426.80,435.87,423.37,431.90,6066
2019-07-01,430.67,435.33,427.33,429.43,6968
2019-07-02,430.33,436.67,426.67,433.60,8297
2019-07-03,432.07,436.00,426.77,430.27,6887
2019-07-04,428.47,434.60,424.03,433.40,10595
2019-07-05,434.67,442.63,432.67,434.47,9993
2019-07-08,434.47,434.47,426.00,427.13,12558
2019-07-09,426.57,432.07,424.07,427.40,13065
2019-07-10,425.73,435.30,425.73,431.13,10599
2019-07-11,432.00,452.23,430.67,442.93,23166
2019-07-12,442.93,452.67,442.93,446.13,48225
2019-07-15,443.47,449.80,433.33,433.33,8958
2019-07-16,432.67,449.90,430.83,447.43,44562
2019-07-17,444.00,459.67,444.00,453.83,17028
2019-07-18,453.83,457.97,451.27,453.83,47378
2019-07-19,454.87,459.93,440.00,445.37,15443
2019-07-22,442.00,443.33,433.33,435.77,20109
2019-07-23,430.00,452.47,430.00,446.83,8477
2019-07-24,446.67,446.67,433.93,435.00,12342
2019-07-25,441.33,448.40,434.40,438.47,13331
2019-07-26,436.67,456.47,433.33,452.80,15906
2019-07-29,452.80,452.83,443.47,446.63,28044
2019-07-30,452.47,459.90,423.53,434.37,11678
2019-07-31,425.67,451.33,425.67,442.40,67559
2019-08-01,440.00,445.33,430.13,436.57,18122
2019-08-02,434.00,442.00,433.33,435.37,12546
2019-08-05,433.10,433.10,408.17,412.53,54800
2019-08-06,412.00,426.70,410.63,421.27,32808
2019-08-07,416.73,426.33,416.73,420.70,5126
2019-08-08,416.90,427.80,410.07,423.50,10814
2019-08-09,426.93,435.57,424.70,428.73,9212
2019-08-13,426.67,435.73,385.87,399.97,31152
2019-08-14,402.03,412.67,398.00,406.23,9867
2019-08-16,411.60,411.80,403.23,408.63,5181
2019-08-19,406.67,428.00,406.67,424.93,15281
2019-08-20,430.00,436.47,414.00,415.07,15560
2019-08-21,415.07,420.67,396.67,399.40,28704
2019-08-22,395.33,399.93,391.80,394.87,16872
2019-08-23,390.67,402.27,380.37,382.97,25535
2019-08-26,399.00,402.50,367.33,392.03,27423
2019-08-27,387.83,412.60,386.67,403.40,27957
2019-08-28,406.00,411.77,400.37,403.40,6138
2019-08-29,406.67,411.60,393.53,394.53,15221
2019-08-30,396.23,406.00,389.97,400.03,10529
2019-09-03,394.90,397.80,383.47,393.23,7658
2019-09-04,395.27,407.33,387.53,401.97,9831
2019-09-05,398.03,409.60,394.20,399.77,8142
2019-09-06,400.00,411.80,398.00,400.13,9029
2019-09-09,403.33,408.00,390.17,397.77,10244
2019-09-11,399.97,406.67,396.10,404.17,11001
2019-09-12,404.73,410.00,401.60,408.17,6876
2019-09-13,407.00,415.33,400.73,402.40,9639
2019-09-16,401.13,407.97,401.00,406.83,2627
2019-09-17,408.73,413.00,400.40,404.67,7727
2019-09-18,398.63,407.97,398.63,400.57,5534
2019-09-19,400.50,401.17,388.67,389.93,6524
2019-09-20,391.07,407.33,385.43,402.13,12930
2019-09-23,403.33,412.67,403.33,407.37,15414
2019-09-24,403.33,416.67,401.47,411.47,8832
2019-09-25,415.33,415.33,405.90,408.33,4787
2019-09-26,413.27,419.60,408.07,412.87,10820
2019-09-27,412.87,415.10,404.33,404.87,22511
2019-09-30,412.00,412.90,394.47,398.10,9348
2019-10-01,398.67,404.23,394.00,396.90,3644
2019-10-03,393.33,399.93,391.53,397.60,2628
2019-10-04,402.70,405.67,383.37,387.83,5687
2019-10-07,392.47,394.60,384.13,385.60,4398
2019-10-09,390.77,395.90,370.13,381.33,12326
2019-10-10,384.67,386.67,374.80,376.93,13418
2019-10-11,384.47,386.47,365.63,378.87,17579
2019-10-14,376.67,385.30,374.33,381.47,10326
2019-10-15,380.00,384.00,375.03,376.83,13112
2019-10-16,376.83,379.97,368.70,371.00,11439
2019-10-17,370.67,376.67,368.07,369.83,12722
2019-10-18,366.00,378.67,366.00,372.17,4094
2019-10-22,374.67,381.33,366.73,369.70,10431
2019-10-23,370.00,370.00,359.97,364.97,11661
2019-10-24,361.33,372.00,361.33,370.17,4359
2019-10-25,363.73,377.80,357.47,369.07,5129
2019-10-29,375.57,375.57,363.37,367.90,5222
2019-10-30,376.67,376.67,369.10,369.90,3504
2019-10-31,370.83,376.00,367.50,368.53,12228
2019-11-01,375.33,377.83,365.53,371.13,72755
2019-11-04,370.10,375.93,364.17,369.97,30725
2019-11-05,369.30,376.67,368.13,371.30,6393
2019-11-06,372.20,378.13,370.13,375.83,6477
2019-11-07,378.67,381.33,372.00,374.87,4160
2019-11-08,372.20,374.60,366.77,367.13,6390
2019-11-11,367.33,374.00,364.80,372.47,2994
2019-11-13,373.97,380.67,363.47,369.83,84492
2019-11-14,372.00,373.93,363.47,365.13,19730
2019-11-15,368.50,369.73,346.47,349.67,15315
2019-11-18,356.67,361.60,350.00,359.20,11397
2019-11-19,356.67,361.60,352.03,354.33,8426
2019-11-20,352.00,358.10,352.00,354.77,12591
2019-11-21,354.93,356.97,350.00,350.83,2591
2019-11-22,350.77,352.03,346.73,349.10,4802
2019-11-25,350.33,358.67,348.67,356.10,4416
2019-11-26,352.67,358.37,348.47,349.13,5579
2019-11-27,349.40,352.53,343.73,345.40,7284
2019-11-28,349.77,352.60,344.67,346.60,6894
2019-11-29,352.53,352.53,344.67,345.43,4292
2019-12-02,345.43,350.43,338.67,341.00,6671
2019-12-03,342.00,347.17,332.00,334.27,5946
2019-12-04,332.00,335.53,321.27,329.10,9950
2019-12-05,328.70,338.00,324.10,326.70,7277
2019-12-06,324.07,331.33,310.70,313.23,14000
2019-12-09,313.33,318.03,310.70,311.90,5552
2019-12-10,313.30,313.67,304.00,305.03,4958
2019-12-11,305.17,306.70,259.27,275.97,190955
2019-12-12,276.03,284.80,276.03,280.60,30042
2019-12-13,280.67,295.67,278.43,289.50,29678
2019-12-16,290.33,299.97,290.13,296.53,18971
2019-12-17,299.97,308.03,297.63,303.57,23802
2019-12-18,305.07,312.67,302.67,310.97,13850
2019-12-19,316.20,318.03,312.10,316.03,14111
2019-12-20,318.67,323.13,315.30,320.07,14847
2019-12-23,320.83,320.83,312.00,313.47,7416
2019-12-24,309.33,317.77,308.73,309.90,8750
2019-12-26,313.30,318.00,310.00,312.63,10490
2019-12-27,313.80,318.00,313.33,314.23,6227
2019-12-30,316.73,337.67,316.73,325.83,76514
2019-12-31,329.30,330.67,320.00,320.50,12101
2020-01-01,322.67,325.40,309.37,311.10,18840
2020-01-02,318.67,319.10,309.87,312.67,17516
2020-01-03,314.67,317.80,312.33,314.83,11478
2020-01-06,314.83,325.33,309.33,312.60,39438
2020-01-07,313.33,319.13,312.07,312.73,8802
2020-01-08,307.47,312.40,306.83,308.70,10236
2020-01-09,315.93,320.00,309.57,311.33,27527
2020-01-10,312.73,330.00,312.73,324.17,61011
2020-01-13,326.70,386.27,326.67,375.17,484149
2020-01-14,373.33,377.33,360.70,366.23,85115
2020-01-15,361.07,372.93,361.07,364.33,39413
2020-01-16,364.33,369.67,363.53,366.63,27632
2020-01-17,368.33,390.00,364.70,378.77,94208
2020-01-20,385.60,385.60,376.13,377.67,19271
2020-01-21,376.10,378.00,370.27,372.83,19947
2020-01-22,373.70,385.53,373.33,382.33,28872
2020-01-23,386.80,386.80,375.33,377.03,16659
2020-01-24,377.03,381.53,374.13,375.13,11100
2020-01-27,373.43,376.63,372.70,373.53,12158
2020-01-28,376.23,376.23,368.20,369.07,15752
2020-01-29,370.10,392.67,370.10,380.10,59634
2020-01-30,380.00,383.33,366.83,373.40,21581
2020-01-31,374.10,382.67,366.77,368.77,12756
2020-02-01,375.10,383.10,350.40,362.77,22947
2020-02-03,365.13,365.37,347.73,352.67,11876
2020-02-04,358.47,371.13,357.33,359.77,19463
2020-02-05,360.77,371.80,360.00,365.73,24681
2020-02-06,369.93,370.93,362.73,366.73,29595
2020-02-07,372.47,378.63,323.33,330.53,226884
2020-02-10,330.53,330.60,320.37,325.60,72714
2020-02-11,326.93,346.53,326.77,343.13,115509
2020-02-12,343.33,343.33,329.80,332.00,59291
2020-02-13,332.00,339.33,330.67,334.97,21401
2020-02-14,330.07,336.67,321.67,326.73,21225
2020-02-17,323.17,329.23,316.67,320.87,21359
2020-02-18,320.70,320.70,313.40,315.13,12572
2020-02-19,318.47,332.00,316.10,329.43,17432
2020-02-20,330.00,337.97,328.07,329.03,17435
2020-02-24,321.37,331.13,318.00,319.10,13757
2020-02-25,323.33,328.53,315.87,320.10,23129
2020-02-26,319.67,322.67,315.53,317.30,18890
2020-02-27,318.57,322.57,312.70,315.63,19655
2020-02-28,301.33,312.47,295.33,297.03,19790
2020-03-02,298.13,312.00,294.07,301.10,16580
2020-03-03,301.13,306.67,296.33,303.77,10338
2020-03-04,301.87,305.13,284.00,293.27,9519
2020-03-05,297.97,305.13,291.33,302.43,20054
2020-03-06,290.00,298.43,287.40,291.80,15887
2020-03-09,283.80,284.47,258.67,268.60,34277
2020-03-11,266.67,270.00,256.03,260.07,24869
2020-03-12,253.33,256.20,220.00,226.30,32900
2020-03-13,214.47,232.67,181.33,223.10,55530
2020-03-16,221.00,229.07,199.43,203.73,34581
2020-03-17,197.47,208.63,197.47,204.20,21182
2020-03-18,201.60,210.00,187.77,191.77,31290
2020-03-19,184.00,188.67,168.00,176.63,81164
2020-03-20,183.23,194.67,180.70,191.07,30443
2020-03-23,167.87,178.43,152.87,152.87,32414
2020-03-24,154.60,155.30,137.60,147.67,87279
2020-03-25,151.90,162.43,138.70,161.87,18282
2020-03-26,169.33,178.03,162.73,178.03,21542
2020-03-27,186.00,195.83,180.67,195.67,31635
2020-03-30,195.67,204.97,186.67,202.77,19199
2020-03-31,212.00,212.00,200.00,208.23,20121
2020-04-01,208.23,208.23,197.83,199.23,15549
2020-04-03,205.67,205.67,189.37,199.70,22227
2020-04-07,206.67,209.67,200.00,209.63,42305
2020-04-08,211.33,220.10,207.33,220.10,12968
2020-04-09,229.80,231.10,226.70,231.07,37568
2020-04-13,242.53,242.60,234.67,242.60,20477
2020-04-15,253.33,254.70,250.00,254.70,34746
2020-04-16,261.67,267.43,261.67,267.43,22577
2020-04-17,280.67,280.80,277.33,280.67,29648
2020-04-20,291.33,291.33,266.63,276.97,42090
2020-04-21,266.67,272.67,263.13,263.27,14808
2020-04-22,260.00,266.63,251.33,258.37,12596
2020-04-23,260.00,270.77,256.67,259.20,13254
2020-04-24,259.20,268.93,247.33,266.67,19655
2020-04-27,268.00,272.67,268.00,269.40,15348
2020-04-28,279.80,279.80,266.60,267.63,59744
2020-04-29,267.33,276.00,263.53,268.83,11235
2020-04-30,271.40,277.33,271.40,275.30,24179
2020-05-04,273.33,273.33,265.00,266.33,21047
2020-05-05,273.97,274.00,265.67,266.50,7562
2020-05-06,272.00,272.00,263.33,266.40,5355
2020-05-07,266.40,268.00,256.70,266.37,9683
2020-05-08,267.93,268.63,260.80,262.07,6446
2020-05-11,264.03,266.97,257.53,262.87,5147
2020-05-12,265.33,265.33,256.67,260.67,9789
2020-05-13,266.73,271.63,263.33,265.73,10734
2020-05-14,268.00,268.87,260.37,267.40,9504
2020-05-15,267.40,267.40,259.33,260.37,12695
2020-05-18,266.63,266.63,248.47,255.50,18756
2020-05-19,254.07,256.67,242.73,253.13,33401
2020-05-20,243.33,253.30,241.37,243.30,16394
2020-05-21,243.30,244.30,234.67,240.07,18444
2020-05-22,243.13,243.13,236.37,238.37,6812
2020-05-26,241.13,245.27,241.10,242.50,15555
2020-05-27,247.13,254.60,245.67,254.20,133908
2020-05-28,256.00,266.90,255.97,264.07,180213
2020-05-29,269.30,269.80,260.67,262.03,46455
2020-06-01,262.20,269.33,260.00,261.23,56598
2020-06-02,262.70,265.23,256.67,258.23,58866
2020-06-03,260.67,262.67,251.37,255.90,50999
2020-06-04,252.00,253.67,247.37,251.00,44789
2020-06-05,254.67,290.00,254.10,270.90,249441
2020-06-08,279.93,279.93,266.03,268.07,95841
2020-06-09,270.00,273.23,261.33,263.40,45986
2020-06-10,266.53,270.33,261.40,266.40,39405
2020-06-11,268.60,279.30,263.57,270.63,69911
2020-06-12,266.67,279.33,262.20,277.30,114725
2020-06-15,279.83,332.73,279.77,309.77,1422577
2020-06-16,322.67,333.00,313.40,321.77,629434
2020-06-17,325.60,354.67,322.00,343.93,835576
2020-06-18,350.67,353.33,336.67,339.73,220619
2020-06-19,345.80,345.80,326.67,327.53,135266
2020-06-22,329.93,339.80,314.67,332.90,179979
2020-06-23,334.60,353.33,333.60,345.83,319970
2020-06-24,349.80,349.80,326.83,330.77,150828
2020-06-25,330.67,344.67,325.23,334.27,158243
2020-06-26,304.03,320.00,303.33,310.47,411653
2020-06-29,318.00,323.73,310.73,312.03,147162
2020-06-30,314.83,316.80,294.73,297.97,106811
2020-07-01,298.53,302.00,288.67,298.07,201203
2020-07-02,302.63,302.63,291.33,292.67,84243
2020-07-03,291.33,296.60,288.00,289.40,57998
2020-07-06,292.60,295.20,285.33,286.67,123507
2020-07-07,286.53,286.53,276.67,277.80,998234
2020-07-08,279.73,284.00,276.03,281.43,687178
2020-07-09,282.67,305.33,282.67,301.53,363255
2020-07-10,303.30,312.73,293.33,295.37,169374
2020-07-13,298.60,298.60,286.73,293.97,84833
2020-07-14,288.57,294.63,286.03,290.93,109856
2020-07-15,295.87,298.00,280.80,283.67,100587
2020-07-16,283.67,286.47,278.43,281.37,60513
2020-07-17,281.93,293.33,280.27,287.97,54740
2020-07-20,292.27,298.67,286.23,290.20,118928
2020-07-21,295.40,298.63,290.90,294.47,164385
2020-07-22,292.47,312.73,292.47,298.73,349956
2020-07-23,305.97,311.33,298.10,300.67,423102
2020-07-24,299.93,303.17,288.00,291.30,151907
2020-07-27,294.00,295.37,284.80,285.70,46977
2020-07-28,285.33,290.57,285.33,288.03,35306
2020-07-29,291.33,291.33,281.70,284.77,59090
2020-07-30,287.30,288.40,282.67,283.07,43193
2020-07-31,280.00,285.30,274.67,277.60,94592
2020-08-03,284.63,285.57,278.67,282.43,43352
2020-08-04,285.27,291.23,282.67,287.60,50681
2020-08-05,288.20,294.67,286.73,287.63,44214
2020-08-06,287.63,292.30,280.00,281.93,67574
2020-08-07,283.27,297.13,283.27,291.40,131375
2020-08-10,297.23,312.00,290.23,307.23,208316
2020-08-11,308.67,332.67,308.67,319.77,443601
2020-08-12,321.33,325.00,314.17,316.80,128798
2020-08-13,319.27,329.33,317.37,321.43,162827
2020-08-14,324.20,327.50,294.40,298.90,288210
2020-08-17,300.47,316.67,296.30,314.17,372438
2020-08-18,321.40,329.33,317.33,320.70,397511
2020-08-19,322.63,352.67,321.90,343.27,1175407
2020-08-20,339.20,347.97,334.83,340.73,243572
2020-08-21,344.97,351.17,340.97,342.67,193524
2020-08-24,346.53,371.93,346.00,353.63,481961
2020-08-25,356.43,365.57,346.67,350.37,170712
2020-08-26,354.27,358.87,348.97,351.50,116324
2020-08-27,353.33,354.00,336.67,338.57,172835
2020-08-28,343.13,345.50,333.33,335.30,153696
2020-08-31,338.27,338.57,307.47,320.47,250034
2020-09-01,324.67,353.33,320.47,332.23,200363
2020-09-02,332.23,352.17,330.00,336.97,333131
2020-09-03,337.33,343.40,335.33,338.17,96084
2020-09-04,333.33,338.10,326.73,331.40,72356
2020-09-07,328.00,336.00,326.67,327.27,66473
2020-09-08,329.73,329.73,318.33,318.60,63218
2020-09-09,314.13,316.50,305.70,311.73,112251
2020-09-10,313.73,324.63,312.03,318.80,75312
2020-09-11,318.80,325.33,314.63,318.00,72540
2020-09-14,321.33,330.67,320.03,323.67,75255
2020-09-15,326.33,331.67,322.40,325.73,65232
2020-09-16,328.00,329.33,322.00,324.00,90852
2020-09-17,322.67,345.23,322.13,329.53,340016
2020-09-18,332.00,336.17,328.57,330.77,208847
2020-09-21,337.33,340.67,323.33,324.93,131105
2020-09-22,323.33,324.73,310.20,320.80,94287
2020-09-23,323.17,332.00,316.73,323.80,97565
2020-09-24,323.80,324.00,314.37,315.93,49397
2020-09-25,317.10,327.80,317.00,326.67,48231
2020-09-28,329.33,332.67,325.53,327.63,59706
2020-09-29,328.63,330.00,322.70,323.77,26852
2020-09-30,323.73,328.43,321.73,323.60,83238
2020-10-01,326.67,329.53,320.13,322.10,22058
2020-10-05,321.93,325.83,317.57,318.67,22115
2020-10-06,320.67,322.97,318.03,319.27,14913
2020-10-07,319.27,319.27,311.87,312.60,34073
2020-10-08,312.80,319.03,307.47,309.73,39444
2020-10-09,310.00,313.80,301.40,305.60,23232
2020-10-12,308.00,309.97,301.33,303.43,20841
2020-10-13,306.00,319.80,303.50,315.93,37343
2020-10-14,316.73,322.00,310.13,311.23,21309
2020-10-15,313.43,317.97,306.73,307.73,37547
2020-10-16,311.30,322.53,304.77,318.60,39006
2020-10-19,315.53,319.77,313.33,316.93,64050
2020-10-20,315.93,316.60,309.47,312.23,22775
2020-10-21,315.97,315.97,307.00,308.80,23058
2020-10-22,310.00,319.93,302.53,315.70,21809
2020-10-23,314.70,317.30,308.63,312.07,18698
2020-10-26,309.10,314.13,306.00,309.87,19050
2020-10-27,309.70,309.80,303.40,306.30,12203
2020-10-28,307.10,312.67,305.33,308.63,23471
2020-10-29,310.00,318.67,303.33,308.67,46694
2020-10-30,308.67,311.17,304.80,307.30,25313
2020-11-02,308.83,311.33,291.70,297.20,86369
2020-11-03,300.67,305.63,300.00,300.93,30866
2020-11-04,300.30,307.93,299.50,301.23,18614
2020-11-05,302.73,310.20,300.10,303.13,33227
2020-11-06,304.63,312.60,303.33,306.57,31053
2020-11-09,310.00,314.77,294.13,296.97,194339
2020-11-10,298.63,298.63,262.00,280.43,171563
2020-11-11,281.97,287.97,281.33,284.17,60746
2020-11-12,285.57,295.40,284.43,290.13,44471
2020-11-13,287.27,295.20,287.27,294.10,53525
2020-11-14,296.00,297.33,291.13,295.07,13376
2020-11-17,296.57,299.93,293.33,294.37,48111
2020-11-18,295.83,296.67,292.67,293.13,27833
2020-11-19,294.00,295.83,290.07,291.33,37014
2020-11-20,292.13,297.33,291.00,291.87,18144
2020-11-23,293.33,295.43,288.73,290.33,25338
2020-11-24,290.67,296.00,288.70,292.80,36851
2020-11-25,294.23,296.87,286.17,288.97,27714
2020-11-26,290.43,293.97,287.50,291.30,19623
2020-11-27,292.77,298.67,291.30,294.10,35055
2020-12-01,293.33,306.00,293.33,298.83,71367
2020-12-02,300.00,303.67,298.70,300.73,30182
2020-12-03,303.33,304.67,295.33,303.03,24227
2020-12-04,304.57,308.60,303.03,304.93,54996
2020-12-07,304.93,312.67,301.47,308.23,46250
2020-12-08,308.47,312.63,304.80,307.13,32666
2020-12-09,307.13,311.63,305.43,308.33,35871
2020-12-10,307.40,309.67,297.40,304.20,40971
2020-12-11,305.67,306.63,300.07,300.80,32097
2020-12-14,301.73,320.67,300.83,311.83,151523
2020-12-15,313.83,319.33,311.40,313.57,41270
2020-12-16,315.17,318.00,310.83,312.03,29243
2020-12-17,309.63,314.83,306.00,308.50,24491
2020-12-18,306.83,310.07,304.00,305.37,17643
2020-12-21,303.40,316.20,295.20,298.87,47414
2020-12-22,294.07,300.20,290.00,297.60,29409
2020-12-23,296.33,303.33,296.10,301.77,10851
2020-12-24,302.00,314.80,302.00,307.10,30870
2020-12-28,313.33,313.33,306.67,310.57,19676
2020-12-29,316.00,316.00,306.67,307.90,19991
2020-12-30,306.67,313.17,306.67,311.10,22896
2020-12-31,311.00,318.03,308.03,312.57,28973
2021-01-01,314.13,314.13,310.00,310.53,13893
2021-01-04,312.00,314.43,310.00,310.67,95067
2021-01-05,311.67,326.00,299.73,313.00,200145
2021-01-06,313.33,321.30,310.67,311.50,65993
2021-01-07,313.07,318.00,313.07,314.20,31329
2021-01-08,316.67,321.33,315.33,316.83,62328
2021-01-11,318.67,322.57,311.23,313.77,30887
2021-01-12,315.20,321.33,313.40,316.03,74507
2021-01-13,317.53,321.80,313.33,315.80,57836
2021-01-14,313.33,320.73,312.67,318.33,83382
2021-01-15,313.50,343.33,313.50,339.93,471725
2021-01-18,341.30,348.67,328.67,331.43,131490
2021-01-19,331.43,340.67,328.80,330.57,42923
2021-01-20,330.27,337.27,326.13,334.40,43584
2021-01-21,335.27,340.67,326.00,328.70,75014
2021-01-22,326.67,330.40,319.00,321.83,40866
2021-01-25,323.47,325.87,314.67,319.30,68630
2021-01-27,323.27,328.00,316.67,322.87,34641
2021-01-28,322.87,326.47,320.00,324.10,14978
2021-01-29,325.67,330.67,320.83,323.03,39279
2021-02-01,324.67,327.33,321.57,324.50,33917
2021-02-02,324.50,327.97,322.03,326.37,30221
2021-02-03,328.00,332.67,324.67,330.07,30945
2021-02-04,330.73,343.33,330.73,340.67,96405
2021-02-05,343.33,358.57,303.67,312.77,583078
2021-02-08,306.83,329.93,305.50,326.13,220973
2021-02-09,326.70,332.60,315.27,317.23,96326
2021-02-10,318.83,321.97,313.83,315.43,41957
2021-02-11,315.43,317.30,311.33,312.50,44330
2021-02-12,313.50,316.67,309.33,310.63,38996
2021-02-15,310.00,326.00,310.00,321.13,238092
2021-02-16,322.00,322.67,315.83,316.30,50804
2021-02-17,314.00,323.27,310.67,317.40,57191
2021-02-18,316.67,319.13,313.33,314.63,24947
2021-02-19,308.53,315.87,308.53,311.87,28662
2021-02-22,310.80,313.33,306.70,307.33,33390
2021-02-23,308.00,311.83,305.00,305.93,37427
2021-02-24,307.47,322.67,300.10,304.33,14802
2021-02-25,305.87,312.50,303.33,303.80,70248
2021-02-26,303.33,312.00,301.67,305.73,41748
2021-03-01,305.73,310.07,303.33,303.67,33347
2021-03-02,305.20,309.70,303.90,305.47,100082
2021-03-03,306.70,308.23,304.53,305.73,41462
2021-03-04,305.73,306.73,300.00,306.03,43055
2021-03-05,306.03,308.00,300.73,301.77,36593
2021-03-08,303.47,309.23,303.47,305.50,29969
2021-03-09,306.63,307.13,302.67,304.87,19910
2021-03-10,302.57,307.90,302.57,304.20,23525
2021-03-12,304.20,310.67,304.20,307.83,47783
2021-03-15,309.40,309.40,296.20,297.23,43418
2021-03-16,297.37,299.33,293.27,294.13,25694
2021-03-17,293.67,296.00,287.30,289.57,30756
2021-03-18,291.03,291.33,276.67,280.80,70365
2021-03-19,280.17,291.27,270.07,289.20,50456
2021-03-22,288.47,297.60,285.73,295.33,38057
2021-03-23,294.10,337.60,294.10,313.30,1187415
2021-03-24,315.37,322.20,313.37,315.47,193136
2021-03-25,317.23,322.67,314.07,318.87,102638
2021-03-26,322.67,328.67,322.00,323.83,112887
2021-03-30,328.00,339.67,304.63,315.43,379605
2021-03-31,313.33,322.67,312.67,316.20,178016
2021-04-01,318.67,323.33,313.13,317.17,178014
2021-04-05,319.57,319.57,312.20,313.53,52173
2021-04-06,314.67,315.87,308.73,310.03,43808
2021-04-07,311.60,314.67,309.40,310.43,65588
2021-04-08,311.97,312.93,310.13,311.70,21621
2021-04-09,313.27,314.00,310.17,311.80,26316
2021-04-12,313.33,313.33,295.13,300.27,64947
2021-04-13,300.27,309.33,300.27,306.47,24027
2021-04-15,306.67,310.00,304.73,308.03,27671
2021-04-16,309.60,313.00,306.87,311.50,18518
2021-04-19,311.50,312.00,303.33,310.37,28959
2021-04-20,312.00,315.53,310.93,313.87,53625
2021-04-22,316.00,322.00,310.83,319.07,50616
2021-04-23,320.13,321.33,317.53,320.43,39803
2021-04-26,322.00,327.27,322.00,325.90,109398
2021-04-27,327.53,329.00,324.87,326.43,35934
2021-04-28,323.73,328.63,323.73,326.37,24011
2021-04-29,327.13,328.63,322.20,322.73,104025
2021-04-30,317.33,324.63,317.33,322.53,15993
2021-05-03,321.33,329.57,320.00,326.37,34194
2021-05-04,329.03,332.23,326.67,328.17,43757
2021-05-05,326.80,341.20,326.80,339.77,135488
2021-05-06,341.47,346.53,339.47,345.17,125801
2021-05-07,346.67,372.67,346.67,358.03,494711
2021-05-10,361.33,381.63,360.03,365.00,886130
2021-05-11,364.00,369.93,357.77,360.70,165833
2021-05-12,361.33,362.67,353.33,354.23,145241
2021-05-14,354.23,360.00,353.33,355.47,132740
2021-05-17,357.27,360.67,355.13,358.47,147117
2021-05-18,355.47,363.33,354.67,357.43,157494
2021-05-19,359.23,360.00,356.67,359.77,90041
2021-05-20,361.33,376.67,361.30,367.13,249989
2021-05-21,367.93,380.00,366.90,373.03,143699
2021-05-24,376.00,383.33,365.97,371.87,68817
2021-05-25,372.03,373.73,360.00,360.43,40346
2021-05-26,361.73,373.20,358.17,367.27,48500
2021-05-27,367.90,371.37,352.27,356.20,81324
2021-05-28,353.40,365.33,353.13,355.27,42698
2021-05-31,363.30,363.30,346.67,347.00,77814
2021-06-01,348.77,369.87,347.83,363.07,209199
2021-06-02,366.23,372.00,360.67,363.27,91988
2021-06-03,365.10,370.67,365.10,367.67,48729
2021-06-04,370.63,382.67,366.70,371.93,109311
2021-06-07,375.47,395.80,374.57,379.17,200403
2021-06-08,381.07,383.73,374.33,380.63,69459
2021-06-09,380.67,443.33,380.00,400.80,774755
2021-06-10,415.80,443.30,409.33,426.07,536066
2021-06-11,429.33,432.77,417.63,422.03,112760
2021-06-14,421.33,421.57,400.00,418.07,80264
2021-06-15,420.17,497.33,418.87,476.03,1718588
2021-06-16,474.00,536.00,463.37,508.37,2002519
2021-06-17,488.67,539.23,488.67,497.97,559780
2021-06-18,513.13,533.00,480.00,499.13,431792
2021-06-21,500.00,520.00,495.40,504.20,255873
2021-06-22,509.77,515.93,490.03,492.90,100383
2021-06-23,496.53,503.33,472.67,477.47,70286
2021-06-24,480.67,507.97,473.47,489.67,133293
2021-06-25,492.00,498.43,487.33,489.70,47550
2021-06-28,493.27,496.00,483.33,485.83,32190
2021-06-29,489.27,500.00,482.10,488.60,57195
2021-06-30,490.00,498.00,486.67,491.23,31632
2021-07-01,488.00,493.37,481.33,485.47,42180
2021-07-02,489.80,500.00,482.23,491.77,75216
2021-07-05,494.17,516.47,493.33,506.70,171524
2021-07-06,508.00,515.63,488.00,491.57,57740
2021-07-07,493.33,495.97,483.33,485.23,46701
2021-07-08,488.27,490.00,485.33,487.90,41919
2021-07-09,490.00,516.63,488.13,500.53,209451
2021-07-12,505.33,519.33,500.00,505.47,134738
2021-07-13,508.37,513.33,498.43,500.97,42528
2021-07-14,496.70,511.73,496.67,500.43,54242
2021-07-15,503.90,505.37,494.67,497.03,32448
2021-07-16,501.00,506.30,490.00,493.67,31412
2021-07-19,493.33,529.80,490.00,518.23,210101
2021-07-20,522.67,526.47,501.33,503.97,79440
2021-07-22,509.07,519.93,502.63,507.63,51690
2021-07-23,508.00,529.00,500.67,503.23,130832
2021-07-26,505.33,512.83,500.67,503.77,53067
2021-07-27,503.33,519.27,503.33,508.37,58779
2021-07-28,512.43,513.30,494.70,502.43,46229
2021-07-29,506.43,513.30,501.33,504.63,28284
2021-07-30,513.30,531.33,510.00,522.40,301056
2021-08-02,527.33,554.00,527.33,546.57,335042
2021-08-03,554.60,556.67,536.03,544.80,106503
2021-08-04,548.00,564.67,547.33,555.50,216078
2021-08-05,556.67,560.87,535.10,541.37,67560
2021-08-06,541.37,548.63,537.17,540.00,34001
2021-08-09,540.67,543.33,534.67,537.73,32691
2021-08-10,542.67,558.97,515.23,526.83,145797
2021-08-11,546.67,549.97,493.40,505.90,149246
2021-08-12,512.00,523.33,503.53,508.40,59060
2021-08-13,513.33,518.90,505.37,508.27,48285
2021-08-16,511.80,511.80,490.40,493.93,35630
2021-08-17,496.67,508.67,489.13,506.70,48393
2021-08-18,507.33,515.97,500.83,504.23,46707
2021-08-20,483.33,506.27,466.67,472.20,134958
2021-08-23,483.23,483.23,455.77,460.17,45080
2021-08-24,465.33,473.33,456.67,469.83,39176
2021-08-25,474.63,483.27,468.67,472.50,73383
2021-08-26,470.70,486.67,470.70,482.63,60897
2021-08-27,481.33,485.77,475.23,479.00,20399
2021-08-30,484.67,506.67,477.57,503.23,53462
2021-08-31,494.10,516.00,489.87,511.30,46788
2021-09-01,513.27,515.40,499.33,507.90,28731
2021-09-02,506.67,516.20,503.60,507.10,14298
2021-09-03,516.00,516.00,498.03,501.80,24290
2021-09-06,506.33,506.33,485.40,490.47,31847
2021-09-07,490.43,497.67,483.53,485.47,18731
2021-09-08,485.97,490.30,480.00,482.83,15429
2021-09-09,486.73,505.97,486.13,492.37,72282
2021-09-13,494.67,494.67,481.50,484.93,27884
2021-09-14,487.97,493.33,483.33,487.63,39027
2021-09-15,488.80,494.67,484.57,487.40,19670
2021-09-16,489.63,492.67,483.27,485.93,22773
2021-09-17,486.73,487.47,470.00,472.43,37760
2021-09-20,464.00,478.00,464.00,469.83,20723
2021-09-21,470.00,473.03,461.33,467.10,34445
2021-09-22,473.33,479.27,465.10,467.87,45147
2021-09-23,475.93,478.10,469.33,471.00,23483
2021-09-24,475.67,476.23,465.33,467.13,15114
2021-09-27,466.67,472.67,451.43,458.40,61317
2021-09-28,458.40,465.97,450.00,455.00,28755
2021-09-29,455.00,458.57,449.43,455.13,26300
2021-09-30,458.33,463.17,457.33,459.07,24095
2021-10-01,459.07,460.87,451.13,455.27,20823
2021-10-04,472.00,472.00,459.47,464.57,33290
2021-10-05,464.67,468.00,460.37,464.57,17660
2021-10-06,466.90,470.27,456.00,458.83,21167
2021-10-07,461.13,478.67,457.93,469.53,56906
2021-10-08,471.90,482.93,471.90,476.90,56426
2021-10-11,479.30,499.37,476.73,490.30,80909
2021-10-12,498.67,498.67,480.00,481.37,28197
2021-10-13,480.00,487.73,473.33,474.80,25808
2021-10-14,475.57,482.13,469.33,471.20,18815
2021-10-18,475.13,475.13,463.37,464.60,20537
2021-10-19,460.27,466.83,458.33,460.00,19764
2021-10-20,456.67,464.67,447.57,449.27,23793
2021-10-21,451.53,462.60,447.77,458.07,23655
2021-10-22,460.37,464.03,434.63,441.70,39812
2021-10-25,441.33,460.00,420.07,432.30,176648
2021-10-26,427.87,439.33,424.67,433.17,21683
2021-10-27,435.33,449.33,425.20,431.00,14420
2021-10-28,433.17,437.20,425.10,427.07,15462
2021-10-29,425.10,436.27,420.33,425.93,22230
2021-11-01,428.07,438.47,424.23,428.83,8774
2021-11-02,427.03,457.07,422.97,447.80,100851
2021-11-03,449.90,450.03,434.00,436.20,27824
2021-11-04,443.23,448.00,441.07,445.13,4715
2021-11-08,446.00,447.30,435.37,438.63,24882
2021-11-09,438.27,443.33,431.07,432.57,45045
2021-11-10,425.00,443.33,425.00,436.60,19097
2021-11-11,438.80,443.33,431.77,433.23,10644
2021-11-12,433.23,446.47,424.67,437.97,88563
2021-11-15,440.17,449.97,426.70,433.50,38046
2021-11-16,431.30,442.37,426.67,434.13,23406
2021-11-17,436.67,448.33,436.67,442.57,39867
2021-11-18,444.00,445.33,436.80,441.50,24762
2021-11-22,443.73,443.73,419.63,421.47,18869
2021-11-23,416.73,429.80,416.73,425.23,16701
2021-11-24,425.10,428.30,423.83,424.57,75009
2021-11-25,426.43,426.73,408.90,415.77,100155
2021-11-26,416.00,416.93,406.80,413.53,50058
2021-11-29,415.63,426.47,396.67,420.80,82821
2021-11-30,422.93,431.93,414.73,424.70,97116
2021-12-01,424.90,431.93,410.53,414.53,130502
2021-12-02,413.33,432.97,410.73,426.00,101601
2021-12-03,428.00,439.00,419.30,432.20,48066
2021-12-06,436.00,436.00,420.03,422.47,36648
2021-12-07,424.60,451.97,421.37,440.90,131630
2021-12-08,446.47,450.00,434.43,449.23,89117
2021-12-09,445.33,448.00,440.83,446.70,52565
2021-12-10,441.43,446.07,440.07,443.87,50684
2021-12-13,443.37,448.00,437.33,439.57,50364
2021-12-14,441.77,444.57,427.77,431.60,11150
2021-12-15,433.77,453.17,431.97,449.43,96708
2021-12-16,453.33,454.10,437.33,439.50,40619
2021-12-17,441.33,441.33,421.23,422.80,11591
2021-12-20,420.00,420.00,400.10,405.40,22845
2021-12-21,408.00,417.53,401.40,404.70,53202
2021-12-22,406.67,420.87,406.67,418.23,58524
2021-12-23,418.27,434.97,417.17,432.17,83303
2021-12-24,432.47,443.43,426.93,438.00,45333
2021-12-27,440.20,440.20,424.03,429.27,52719
2021-12-28,431.20,446.17,427.73,443.83,58178
2021-12-29,446.07,458.53,435.37,454.40,88784
2021-12-30,456.70,471.77,444.10,464.53,83457
2021-12-31,464.53,476.00,460.23,471.87,75341
2022-01-03,476.47,483.33,474.23,478.73,27863
2022-01-04,481.13,495.13,473.67,479.27,98571
2022-01-05,481.33,491.03,476.87,486.67,80784
2022-01-06,486.67,489.10,478.00,479.80,31212
2022-01-07,482.20,485.37,470.00,477.50,21854
2022-01-10,477.50,487.97,473.33,478.13,32636
2022-01-11,480.53,485.57,468.07,472.57,56721
2022-01-12,474.93,481.23,471.57,474.23,18536
2022-01-13,475.60,482.00,472.00,476.13,44258
2022-01-14,468.00,478.77,468.00,475.27,51015
2022-01-17,476.00,488.23,473.57,481.97,37514
2022-01-18,484.40,487.33,474.23,476.93,13808
2022-01-19,471.70,488.67,471.43,482.13,62822
2022-01-20,484.53,484.57,476.43,478.77,17063
2022-01-21,483.13,484.00,457.93,470.33,15608
2022-01-24,472.70,479.33,442.70,447.17,36057
2022-01-25,430.00,476.20,430.00,473.53,21338
2022-01-27,475.33,475.33,463.33,467.07,15419
2022-01-28,461.33,488.67,461.33,476.97,63870
2022-01-31,479.37,486.67,473.37,474.97,28233
2022-02-01,477.00,494.67,470.00,473.23,71283
2022-02-02,475.60,481.77,473.53,476.40,12966
2022-02-03,480.20,480.67,471.93,474.60,27197
2022-02-04,476.33,482.70,466.80,473.50,31346
2022-02-07,473.33,481.83,462.20,468.17,8091
2022-02-08,468.00,475.43,460.03,462.13,10019
2022-02-09,461.83,469.33,460.00,464.10,5207
2022-02-10,465.40,476.17,455.53,472.07,16361
2022-02-11,452.67,470.00,446.80,454.53,55851
2022-02-14,450.00,456.67,426.73,432.33,15449
2022-02-15,434.50,460.00,423.87,455.80,103508
2022-02-16,454.67,471.53,444.03,459.10,29864
2022-02-17,461.37,464.47,441.60,445.20,10653
2022-02-18,436.27,456.53,436.27,448.87,9957
2022-02-21,448.93,448.93,416.67,427.67,11906
2022-02-22,406.90,450.67,406.90,428.47,133604
2022-02-23,430.53,456.67,429.37,432.70,34821
2022-02-24,430.67,430.67,388.67,391.47,41208
2022-02-25,394.80,419.03,394.80,407.10,21620
2022-02-28,407.10,420.00,400.60,413.90,16449
2022-03-02,413.90,422.03,406.17,410.77,27881
2022-03-03,412.60,428.00,410.67,424.80,12726
2022-03-04,416.80,444.00,416.80,433.43,24156
2022-03-07,426.67,444.00,416.17,422.87,18242
2022-03-08,423.33,432.60,414.40,423.63,13725
2022-03-09,425.77,432.67,419.33,427.70,22236
2022-03-10,429.87,439.33,423.43,426.23,17243
2022-03-11,424.00,426.67,411.67,412.80,35396
2022-03-14,414.87,419.97,408.27,413.97,24840
2022-03-15,414.67,421.13,411.33,412.67,15626
2022-03-16,415.07,417.87,411.63,413.93,17751
2022-03-17,416.03,428.00,415.60,424.90,149148
2022-03-21,427.33,432.67,420.50,423.57,21737
2022-03-22,425.70,426.67,417.00,419.20,9384
2022-03-23,423.97,427.00,410.00,412.53,18132
2022-03-24,413.33,418.63,409.30,409.83,15813
2022-03-25,409.83,416.13,407.40,408.67,17340
2022-03-28,401.53,433.33,400.40,425.17,151949
2022-03-29,420.87,427.33,410.00,412.10,23799
2022-03-30,414.40,424.00,414.00,420.17,17112
2022-03-31,420.63,422.30,404.40,409.27,47648
2022-04-01,411.23,429.33,409.03,418.93,19647
2022-04-04,421.03,425.70,415.33,420.67,19389
2022-04-05,420.67,425.33,420.67,422.90,20312
2022-04-06,422.90,428.00,420.23,423.67,42014
2022-04-07,424.33,425.97,419.40,423.57,24428
2022-04-08,425.67,428.93,423.27,426.60,31014
2022-04-11,428.73,453.23,423.63,438.57,73733
2022-04-12,440.77,450.00,435.57,439.37,33251
2022-04-13,441.57,462.27,430.93,435.83,264432
2022-04-18,430.00,463.20,428.03,455.50,116100
2022-04-19,457.80,479.93,445.33,465.13,140778
2022-04-20,493.27,498.67,481.30,488.17,142665
2022-04-21,492.93,500.00,473.33,487.43,95927
2022-04-22,488.00,504.90,486.47,497.10,157806
2022-04-25,498.67,499.50,478.03,480.80,33357
2022-04-26,482.67,488.73,476.70,480.57,28931
2022-04-27,473.83,490.00,462.97,488.33,180374
2022-04-28,483.47,490.67,479.33,480.17,20553
2022-04-29,484.97,487.20,479.33,479.80,23007
2022-05-02,481.20,485.30,479.37,480.07,16047
2022-05-04,475.47,493.13,467.50,471.37,42978
2022-05-05,471.43,490.57,466.67,476.97,57531
2022-05-06,472.00,489.17,466.67,483.23,74283
2022-05-09,483.07,483.07,463.40,466.70,22691
2022-05-10,463.40,477.77,463.40,473.37,78332
2022-05-11,472.00,492.37,458.23,482.00,223899
2022-05-12,481.33,487.17,470.00,483.03,34238
2022-05-13,476.07,488.93,462.20,483.33,257235
2022-05-16,480.67,510.00,473.33,482.43,381971
2022-05-17,480.17,505.33,480.17,502.27,110766
2022-05-18,505.33,520.97,491.33,499.73,105473
2022-05-19,480.00,490.23,476.67,481.23,42654
2022-05-20,489.33,532.47,489.33,523.97,280131
2022-05-23,525.27,539.33,480.83,492.70,175451
2022-05-24,493.30,506.50,483.33,497.13,42648
2022-05-25,502.67,509.33,487.33,491.03,43253
2022-05-26,484.00,500.00,483.33,495.33,88863
2022-05-27,495.33,518.00,490.00,513.23,98112
2022-05-30,515.80,525.33,508.83,516.27,43155
2022-05-31,518.67,524.00,510.63,521.73,39339
2022-06-01,524.37,529.93,514.83,519.07,33152
2022-06-02,521.67,532.67,517.37,525.17,32588
2022-06-03,529.77,542.97,514.17,518.37,44213
2022-06-06,520.00,529.47,504.37,524.00,28889
2022-06-07,516.67,529.67,515.93,528.30,20232
2022-06-08,530.67,540.33,521.03,533.43,72662
2022-06-09,531.30,539.07,531.30,536.30,31563
2022-06-10,533.30,550.03,526.93,541.07,102330
2022-06-13,534.67,539.33,514.13,532.03,51096
2022-06-14,533.33,553.33,533.27,546.20,140606
2022-06-15,550.00,550.00,528.07,532.60,45474
2022-06-16,536.00,548.30,526.67,527.53,85254
2022-06-17,527.37,536.50,507.67,512.87,35073
2022-06-20,522.00,538.00,500.00,528.17,116277
2022-06-21,530.00,535.50,522.77,529.43,32921
2022-06-22,531.97,541.33,521.47,537.77,64592
2022-06-23,537.33,582.67,536.57,554.77,431970
2022-06-24,555.67,563.27,550.93,557.27,67514
2022-06-27,562.67,592.53,555.93,570.40,227637
2022-06-28,572.00,585.27,555.93,574.33,77994
2022-06-29,565.33,576.00,555.53,560.63,40832
2022-06-30,560.60,580.00,550.13,574.07,71058
2022-07-01,576.67,596.67,568.87,587.57,90383
2022-07-04,593.33,612.67,586.67,598.00,116886
2022-07-05,594.67,603.60,563.73,568.00,50426
2022-07-06,562.00,606.67,559.33,602.13,174852
2022-07-07,601.33,608.77,590.00,595.97,46272
2022-07-08,596.67,614.00,577.90,580.97,65972
2022-07-11,581.33,599.73,581.33,594.87,90299
2022-07-12,596.67,613.33,589.33,606.57,85452
2022-07-13,609.60,625.20,601.33,608.20,188171
2022-07-14,611.27,613.73,593.33,597.20,53448
2022-07-15,600.20,629.13,599.43,621.67,121731
2022-07-18,623.33,633.33,614.63,621.93,74042
2022-07-19,618.00,656.67,616.83,641.73,224921
2022-07-20,643.33,660.00,642.43,653.03,106139
2022-07-21,656.00,660.00,646.73,652.17,57732
2022-07-22,652.17,666.00,652.17,662.83,72036
2022-07-25,667.33,686.33,660.00,667.30,133755
2022-07-26,670.00,678.67,642.40,674.87,147867
2022-07-27,670.67,683.33,645.43,664.60,68963
2022-07-28,664.67,694.67,646.83,683.83,181185
2022-07-29,683.33,699.33,675.37,688.30,152835
2022-08-01,691.77,696.63,674.67,683.27,33218
2022-08-02,686.00,689.63,658.17,668.83,34818
2022-08-03,668.83,674.17,650.33,659.10,35943
2022-08-04,659.10,689.33,653.33,679.63,94716
2022-08-05,685.13,686.00,670.03,679.23,37263
2022-08-08,682.63,682.63,666.67,667.77,47705
2022-08-10,666.67,706.67,663.63,697.13,72270
2022-08-11,711.93,711.93,671.97,684.57,65291
2022-08-12,686.67,695.57,675.33,678.93,33219
2022-08-16,710.00,710.00,666.80,688.67,73578
2022-08-17,688.67,700.13,665.33,672.17,42735
2022-08-18,678.00,690.53,674.67,679.33,51363
2022-08-19,689.67,693.33,670.20,675.83,41570
2022-08-22,683.33,698.93,667.67,673.50,109007
2022-08-23,676.27,679.10,663.33,666.37,33632
2022-08-24,668.67,673.17,660.37,663.10,34917
2022-08-25,667.80,669.33,660.67,665.07,39869
2022-08-26,666.67,691.20,660.00,679.63,145284
2022-08-29,670.00,683.37,666.67,673.83,30141
2022-08-30,676.00,680.00,664.27,674.60,53027
2022-09-01,666.67,676.67,666.67,668.20,30038
2022-09-02,668.00,673.57,661.47,663.60,23265
2022-09-05,666.67,670.37,645.27,657.83,28824
2022-09-06,657.40,668.00,647.73,654.20,46871
2022-09-07,649.33,659.93,648.87,652.97,20567
2022-09-08,655.33,666.67,654.33,662.97,63341
2022-09-09,665.33,668.80,654.67,659.67,29840
2022-09-12,664.67,680.67,662.37,666.67,61469
2022-09-13,669.33,670.60,664.27,665.17,16260
2022-09-14,664.00,675.30,654.07,667.40,102572
2022-09-15,672.00,680.00,661.33,663.33,26466
2022-09-16,665.33,670.67,655.23,657.47,19517
2022-09-19,688.00,688.00,665.83,668.83,62993
2022-09-20,673.33,682.67,673.33,674.87,47961
2022-09-21,678.63,680.00,669.63,670.70,58974
2022-09-22,672.63,676.67,664.43,672.00,25797
2022-09-23,672.00,674.27,663.23,665.00,32597
2022-09-26,664.67,664.67,633.33,636.70,52307
2022-09-27,639.90,652.67,633.40,647.97,31949
2022-09-28,646.67,648.97,635.33,644.27,39822
2022-09-29,654.00,658.00,540.07,644.20,115242
2022-09-30,709.00,769.80,700.20,718.40,240301
2022-10-03,718.40,728.80,695.05,700.60,39821
2022-10-04,702.70,726.70,700.55,717.90,39960
2022-10-06,724.00,727.10,716.50,720.10,11592
2022-10-07,718.00,733.00,717.00,720.15,26057
2022-10-10,726.00,745.50,718.00,742.70,76845
2022-10-11,743.95,748.45,728.10,734.00,21555
2022-10-12,734.00,743.20,726.00,735.15,18281
2022-10-13,730.00,750.00,729.95,738.25,40591
2022-10-14,744.00,746.15,731.00,735.55,13419
2022-10-17,737.00,753.85,722.00,737.20,22260
2022-10-18,728.00,734.95,710.30,730.75,48005
2022-10-19,722.20,747.60,720.00,721.20,78059
2022-10-20,720.00,726.00,715.20,721.05,70467
2022-10-21,721.00,728.70,720.00,725.85,13557
2022-10-24,739.75,741.95,735.00,736.35,8305
2022-10-25,732.00,737.00,725.50,729.20,12133
2022-10-27,720.30,726.00,700.00,703.60,51806
2022-10-28,698.00,724.95,698.00,711.15,31109
2022-10-31,714.75,725.00,714.75,718.90,13528
2022-11-01,720.00,735.00,715.00,731.15,22594
2022-11-02,735.00,744.00,732.85,738.65,16633
2022-11-03,739.00,744.40,734.50,736.75,9654
2022-11-04,739.30,740.00,732.15,735.20,29698
2022-11-07,735.00,760.75,726.05,739.30,42857
2022-11-09,729.30,738.95,715.70,731.30,86055
2022-11-10,724.00,746.50,723.05,727.35,54860
2022-11-11,728.00,752.95,728.00,731.40,8189
2022-11-14,737.00,754.90,725.00,749.15,49882
2022-11-15,754.95,768.55,745.00,747.85,61268
2022-11-16,751.30,752.00,745.05,749.85,12210
2022-11-17,750.00,752.00,745.00,749.40,19631
2022-11-18,751.00,755.00,739.10,748.90,16249
2022-11-21,748.00,767.00,745.05,748.40,23019
2022-11-22,750.00,760.00,745.50,751.55,56467
2022-11-23,754.80,759.90,752.05,756.90,11866
2022-11-24,758.00,761.35,737.00,756.70,16484
2022-11-25,751.85,775.00,747.00,754.65,25253
2022-11-28,766.00,766.00,748.00,754.00,6281
2022-11-29,761.55,761.55,745.20,753.80,14927
2022-11-30,756.75,792.00,740.50,748.70,162626
2022-12-01,750.00,765.25,750.00,754.35,32653
2022-12-02,754.40,760.00,745.00,747.15,16797
2022-12-05,748.00,760.25,745.60,752.00,15437
2022-12-06,752.00,756.80,742.00,747.60,16509
2022-12-07,750.00,755.05,745.10,748.95,50603
2022-12-08,750.05,753.70,746.10,748.90,8894
2022-12-09,751.00,754.40,743.00,746.90,12651
2022-12-12,745.00,761.00,740.40,750.20,16287
2022-12-13,754.00,758.80,745.00,745.90,13850
2022-12-14,748.00,753.90,745.10,746.70,12256
2022-12-15,748.80,754.95,739.00,744.05,17976
2022-12-16,741.55,750.00,736.00,747.70,13567
2022-12-19,747.00,759.95,744.40,757.65,33301
2022-12-20,761.45,768.00,750.00,756.30,16902
2022-12-21,760.10,764.20,750.00,751.20,17423
2022-12-22,755.00,755.00,721.55,734.70,18963
2022-12-23,734.95,736.00,715.00,718.20,16903
2022-12-26,720.00,749.10,716.85,732.65,19198
2022-12-27,731.00,754.00,731.00,738.45,21011
2022-12-28,738.00,748.45,733.30,741.40,7940
2022-12-29,730.30,738.05,725.00,727.05,4576
2022-12-30,730.00,761.00,723.65,744.95,51235
2023-01-02,738.25,743.95,720.00,721.25,40708
2023-01-03,718.00,735.20,716.00,727.25,17189
2023-01-04,730.90,735.05,722.00,724.70,6422
2023-01-05,728.35,732.50,709.25,714.80,21523
2023-01-06,715.00,729.00,714.00,727.45,8713
2023-01-09,731.10,744.95,725.00,731.80,6364
2023-01-10,735.45,735.50,712.00,716.80,21708
2023-01-11,705.05,713.75,695.30,699.05,10410
2023-01-12,694.00,697.80,681.95,687.25,7507
2023-01-13,689.00,690.00,671.00,679.15,10202
2023-01-16,673.00,682.55,640.60,645.65,30495
2023-01-17,642.00,654.35,616.00,625.35,29521
2023-01-18,626.00,628.00,615.25,622.25,13875
2023-01-19,622.00,626.00,610.00,616.05,12221
2023-01-20,616.30,617.25,605.00,610.15,13687
2023-01-23,613.25,617.90,604.00,610.45,9871
2023-01-24,610.00,616.20,605.00,612.75,11394
2023-01-25,612.75,615.45,605.70,609.30,8999
2023-01-27,605.15,616.45,574.30,593.30,23333
2023-01-30,596.30,599.90,575.00,575.85,5108
2023-01-31,585.00,632.05,584.75,612.55,26203
2023-02-01,615.65,636.00,604.00,614.15,8944
2023-02-02,598.15,615.00,598.15,612.95,4048
2023-02-03,605.00,615.00,594.10,604.85,6644
2023-02-06,604.85,611.50,599.90,602.55,2204
2023-02-07,605.60,605.60,595.00,597.45,16231
2023-02-08,597.45,604.90,587.30,594.10,9632
2023-02-09,596.70,599.50,592.00,595.50,1766
2023-02-10,598.50,598.50,591.85,594.25,3178
2023-02-13,591.50,600.10,575.00,581.70,8184
2023-02-14,584.00,609.45,576.35,583.45,44956
2023-02-15,586.40,591.30,578.00,579.55,13919
2023-02-16,582.45,582.55,572.80,576.25,3488
2023-02-17,579.15,579.15,566.00,567.85,7546
2023-02-20,567.85,595.00,567.15,580.40,4050
2023-02-21,583.35,592.45,575.60,585.50,2668
2023-02-22,581.95,583.90,545.15,550.00,17693
2023-02-23,552.75,552.95,523.45,531.35,23691
2023-02-24,543.30,543.30,464.30,469.85,198569
2023-02-27,467.95,471.70,430.10,449.65,82910
2023-02-28,451.60,477.70,440.35,452.35,43543
2023-03-01,450.85,452.00,442.95,445.75,17832
2023-03-02,448.00,448.45,419.85,423.20,49872
2023-03-03,433.85,465.00,424.05,456.20,97977
2023-03-06,456.20,471.05,448.00,452.75,48358
2023-03-08,453.00,455.05,443.30,448.60,20289
2023-03-09,450.85,467.95,440.00,443.05,52341
2023-03-10,445.30,448.00,436.05,443.65,14332
2023-03-13,445.90,446.45,426.00,430.35,25675
2023-03-14,431.70,444.00,426.00,441.85,20111
2023-03-15,449.70,471.95,444.50,463.15,49201
2023-03-16,462.00,465.00,450.80,458.35,20075
2023-03-17,459.90,466.00,454.10,461.80,13609
2023-03-20,460.00,473.30,455.00,468.00,37367
2023-03-21,470.35,484.90,470.05,476.65,13355
2023-03-22,477.45,499.40,475.20,494.15,30569
2023-03-23,488.80,496.00,488.00,491.50,11568
2023-03-24,494.00,500.00,481.35,490.20,38983
2023-03-27,492.70,498.00,488.45,495.25,12942
2023-03-28,495.05,495.05,470.05,477.30,17891
2023-03-29,477.30,480.00,467.25,474.80,14657
2023-03-31,476.80,482.95,465.00,466.95,15162
2023-04-03,464.00,470.25,459.00,461.55,15541
2023-04-05,463.90,482.90,460.50,480.85,24570
2023-04-06,483.30,513.65,481.65,498.95,34723
2023-04-10,501.45,501.50,490.00,490.95,5034
2023-04-11,493.45,505.45,491.80,496.25,9291
2023-04-12,498.70,504.00,494.60,497.15,37798
2023-04-13,498.10,508.90,498.05,503.50,14303
2023-04-17,497.00,506.00,497.00,499.90,10230
2023-04-18,501.50,503.60,492.85,499.75,26505
2023-04-19,500.05,502.20,491.40,494.80,19659
2023-04-20,498.80,502.15,483.65,486.40,10237
2023-04-21,486.35,498.80,482.50,488.75,8086
2023-04-24,485.05,486.00,480.90,482.60,7022
2023-04-25,476.00,487.15,476.00,478.25,4278
2023-04-26,479.85,481.00,473.10,474.85,4225
2023-04-27,476.20,484.45,476.20,479.25,4901
2023-04-28,479.25,485.00,476.60,482.30,29520
2023-05-02,484.75,484.75,475.00,476.90,43350
2023-05-03,479.30,479.30,472.75,474.75,13698
2023-05-04,477.05,479.95,472.50,473.05,10850
2023-05-05,473.10,474.95,462.50,467.35,21460
2023-05-08,468.00,477.50,456.20,459.35,19068
2023-05-09,461.60,464.95,441.20,449.40,26785
2023-05-10,447.00,461.30,444.55,454.25,21123
2023-05-11,456.55,470.90,453.75,467.40,10244
2023-05-12,469.75,475.00,460.45,471.40,6237
2023-05-15,473.80,473.80,464.10,470.40,25506
2023-05-16,470.40,470.40,463.05,465.40,7444
2023-05-17,467.70,468.70,454.05,458.10,10788
2023-05-18,458.10,463.00,451.25,452.90,8383
2023-05-19,453.00,462.95,449.00,455.40,7530
2023-05-22,455.40,456.90,447.95,449.10,10215
2023-05-23,450.00,450.85,441.80,443.30,19163
2023-05-24,444.15,448.00,439.50,441.75,17638
2023-05-25,444.00,445.00,438.90,442.75,10634
2023-05-26,444.85,445.45,441.85,444.75,10106
2023-05-29,445.00,472.50,445.00,462.20,46005
2023-05-30,465.20,472.00,462.00,465.40,32383
2023-05-31,455.00,458.95,438.00,444.55,58515
2023-06-01,444.55,454.00,439.60,441.95,34020
2023-06-02,445.90,446.25,440.00,442.10,14691
2023-06-05,445.90,448.00,442.30,444.00,30079
2023-06-06,446.25,457.00,445.05,451.55,38573
2023-06-07,453.85,467.00,453.75,461.60,147088
2023-06-08,464.20,468.95,455.80,461.25,28842
2023-06-09,455.00,462.25,454.75,456.50,13001
2023-06-12,457.00,465.30,450.00,452.85,24464
2023-06-13,451.15,456.10,450.00,450.95,17019
2023-06-14,453.25,457.00,452.40,453.20,24950
2023-06-15,454.95,457.95,447.95,450.80,25030
2023-06-16,452.00,455.95,450.00,451.75,13642
2023-06-19,452.00,457.10,447.50,451.75,16012
2023-06-20,450.00,452.55,445.80,449.05,12172
2023-06-21,449.10,451.30,446.40,447.15,13874
2023-06-22,447.70,449.40,444.00,444.75,16420
2023-06-23,445.05,445.45,438.95,442.10,13494
2023-06-26,444.35,446.95,441.15,445.55,15199
2023-06-27,446.05,449.00,444.70,445.95,8475
2023-06-28,445.00,448.50,441.50,443.80,23758
2023-06-30,446.05,450.00,441.20,446.10,21373
2023-07-03,447.00,464.00,446.75,457.35,66725
2023-07-04,460.45,460.45,449.95,450.60,21979
2023-07-05,452.50,452.80,446.20,447.65,16090
2023-07-06,448.10,454.00,446.55,451.35,16356
2023-07-07,453.65,453.65,443.05,445.80,19777
2023-07-10,448.05,448.90,440.95,442.45,10867
2023-07-11,442.50,444.70,438.00,439.00,20832
2023-07-12,439.70,440.80,418.45,419.85,85197
2023-07-13,425.95,426.00,416.00,416.75,37872
2023-07-14,418.85,425.00,414.05,423.40,25728
2023-07-17,427.90,438.00,423.00,436.40,30284
2023-07-18,442.40,445.00,434.00,437.30,24107
2023-07-19,439.50,445.00,429.85,442.05,21829
2023-07-20,444.30,448.00,441.00,443.55,15359
2023-07-21,445.75,445.75,434.00,439.55,15540
2023-07-24,439.55,441.70,425.00,426.25,24358
2023-07-25,432.85,432.85,425.00,426.70,11819
2023-07-26,426.70,433.40,422.00,424.65,16190
2023-07-27,426.80,434.75,426.75,428.75,20746
2023-07-28,426.70,431.45,425.45,427.85,9426
2023-07-31,430.00,430.25,426.00,426.90,16233
2023-08-01,429.00,433.40,426.95,431.55,17531
2023-08-02,433.70,455.00,431.65,451.35,66365
2023-08-03,457.95,474.50,453.00,464.55,127006
2023-08-04,470.00,479.00,460.15,475.85,89143
2023-08-07,480.00,482.45,456.40,461.80,55171
2023-08-08,465.00,470.00,454.05,456.80,19740
2023-08-09,456.80,470.00,455.95,462.95,22722
2023-08-10,465.00,473.00,442.15,454.45,70974
2023-08-11,456.55,471.95,456.55,468.05,44589
2023-08-14,477.00,479.75,457.00,460.95,21952
2023-08-16,461.20,474.00,458.75,468.25,46803
2023-08-17,470.60,487.70,468.20,479.70,91108
2023-08-18,481.90,491.00,481.90,487.80,66764
2023-08-21,492.70,509.05,487.00,498.55,86885
2023-08-22,501.05,519.90,496.50,505.00,97913
2023-08-23,516.00,531.00,512.20,527.70,114927
2023-08-24,532.60,539.90,527.00,530.55,61070
2023-08-25,525.00,535.90,518.15,519.75,34091
2023-08-28,522.30,533.00,520.00,520.75,35419
2023-08-29,528.00,532.00,515.10,516.85,33775
2023-08-30,519.45,525.00,485.65,492.90,117511
2023-08-31,495.90,507.05,485.00,491.50,74070
2023-09-01,499.85,511.00,493.00,506.00,91442
2023-09-04,524.95,526.00,503.90,505.00,63392
2023-09-05,512.10,515.30,504.00,504.70,47495
2023-09-06,507.25,513.15,504.70,512.15,29876
2023-09-07,512.15,520.00,506.20,509.80,77803
2023-09-08,506.20,511.55,498.00,499.85,60514
2023-09-11,504.20,507.90,493.20,494.65,64309
2023-09-12,497.15,497.15,475.25,479.60,56226
2023-09-13,479.55,485.25,472.60,475.60,30670
2023-09-14,475.60,502.55,473.90,484.85,211108
2023-09-15,487.30,505.00,482.00,496.80,66784
2023-09-18,496.00,496.40,477.00,478.65,69410
2023-09-20,478.65,481.50,468.00,470.00,49754
2023-09-21,472.00,478.95,470.45,473.40,15699
2023-09-22,470.45,477.25,469.50,472.05,20710
2023-09-25,474.00,474.00,461.00,462.20,41613
2023-09-26,462.20,463.90,457.20,458.90,15770
2023-09-27,457.70,466.20,456.45,457.55,39082
2023-09-28,459.40,476.80,458.10,463.80,168579
2023-09-29,463.80,504.90,460.30,499.70,237541
2023-10-03,500.05,507.95,496.05,503.90,70495
2023-10-04,502.60,510.40,500.30,505.00,53036
2023-10-05,507.00,508.60,501.25,506.85,24319
2023-10-06,509.40,517.00,504.85,513.20,48470
2023-10-09,511.90,512.00,502.25,509.45,66948
2023-10-10,512.00,519.00,507.00,508.60,37790
2023-10-11,511.15,515.50,507.80,508.40,64974
2023-10-12,508.00,513.00,502.05,504.50,37423
2023-10-13,505.00,511.60,503.50,504.30,50193
2023-10-16,506.85,508.90,503.15,506.35,32810
2023-10-17,508.80,508.90,504.05,507.30,39030
2023-10-18,507.30,511.80,503.25,508.75,21048
2023-10-19,507.55,511.15,503.05,507.95,21519
2023-10-20,508.30,519.00,495.20,503.45,40965
2023-10-23,503.45,507.45,483.65,488.60,67155
2023-10-25,481.60,493.00,480.10,485.25,32681
2023-10-26,484.00,484.00,465.10,472.20,31442
2023-10-27,474.60,507.90,474.60,500.60,20005
2023-10-30,503.15,525.50,490.75,515.75,111837
2023-10-31,512.00,519.70,506.05,513.80,30972
2023-11-01,516.40,521.40,505.00,511.20,20708
2023-11-02,511.00,535.00,507.50,519.15,299841
2023-11-03,530.00,531.50,516.50,520.30,148497
2023-11-06,522.00,523.95,512.70,514.40,66561
2023-11-07,515.00,520.20,507.75,514.55,42108
2023-11-08,515.00,516.65,512.00,514.85,52574
2023-11-09,519.00,524.45,513.15,514.25,31388
2023-11-10,516.85,517.00,509.15,512.25,48947
2023-11-12,514.05,520.10,508.60,516.55,10173
2023-11-13,519.00,519.00,510.95,512.65,14568
2023-11-15,516.00,525.90,514.05,518.40,44253
2023-11-16,522.75,529.50,510.05,524.95,34488
2023-11-17,526.00,528.00,520.00,523.95,36563
2023-11-20,523.00,530.00,514.35,516.90,45409
2023-11-21,519.50,566.20,517.00,555.90,287244
2023-11-22,559.90,582.35,552.25,578.95,231996
2023-11-23,577.25,605.00,570.20,602.85,222527
2023-11-24,605.00,612.90,601.05,609.20,81464
2023-11-28,640.00,678.00,626.00,655.40,507321
2023-11-29,660.70,673.80,647.20,669.80,92738
2023-11-30,666.00,666.00,655.60,660.35,36615
2023-12-01,669.85,669.85,637.25,654.45,76534
2023-12-04,670.00,670.00,654.45,668.35,51343
2023-12-05,669.95,669.95,651.00,665.00,25527
2023-12-06,669.10,671.00,652.05,664.80,24962
2023-12-07,669.90,669.90,655.00,655.80,9354
2023-12-08,644.25,663.25,644.25,660.50,23348
2023-12-11,669.90,669.90,645.05,649.75,23902
2023-12-12,656.25,656.25,633.30,636.85,21047
2023-12-13,640.20,640.40,621.30,637.20,22954
2023-12-14,641.00,649.65,635.00,638.20,15610
2023-12-15,638.20,644.40,631.00,632.45,16845
2023-12-18,647.95,654.00,638.25,643.90,63811
2023-12-19,647.00,669.70,640.00,664.05,43843
2023-12-20,671.70,684.70,644.50,649.55,105580
2023-12-21,640.00,673.00,640.00,671.05,36120
2023-12-22,674.40,698.00,664.60,691.80,62482
2023-12-26,693.50,705.00,687.05,699.95,57202
2023-12-27,706.65,706.70,686.00,688.25,33846
2023-12-28,691.70,700.00,661.65,685.65,49408
2023-12-29,695.95,705.25,672.00,676.40,41920
2024-01-01,679.00,682.95,676.00,678.45,7819
2024-01-02,678.45,683.70,661.15,667.00,20642
2024-01-03,664.00,666.15,649.00,650.95,21679
2024-01-04,651.20,727.00,651.20,692.85,141978
2024-01-05,690.00,690.00,670.00,674.50,36671
2024-01-08,674.00,675.40,643.15,645.55,35898
2024-01-09,652.70,661.95,642.00,647.65,26861
2024-01-10,649.40,654.85,640.55,645.70,13126
2024-01-11,648.90,662.00,643.25,646.65,21488
2024-01-12,651.70,653.50,646.80,649.80,16596
2024-01-15,656.00,658.50,641.10,646.35,14681
2024-01-16,648.80,649.55,640.10,645.25,8638
2024-01-17,638.00,671.00,638.00,648.80,18119
2024-01-18,650.00,658.30,612.30,637.60,27755
2024-01-19,639.00,647.55,631.05,633.80,23565
2024-01-20,637.00,647.75,632.10,641.05,6531
2024-01-23,637.25,642.00,627.00,638.80,21445
2024-01-24,638.00,642.50,618.55,626.25,20105
2024-01-25,634.00,635.00,622.55,631.05,5284
2024-01-29,634.00,649.95,628.55,644.95,12332
2024-01-30,648.15,652.90,633.15,648.45,15594
2024-01-31,642.20,648.45,623.55,631.35,19807
2024-02-01,631.35,640.60,611.90,624.00,16658
2024-02-02,627.10,637.60,601.10,606.75,29602
2024-02-05,609.00,642.00,608.60,624.15,46045
2024-02-06,620.00,623.80,591.70,593.25,56660
2024-02-07,609.35,615.00,596.60,602.15,35357
2024-02-08,605.20,612.45,581.00,583.30,32005
2024-02-09,583.30,594.00,568.05,570.15,18092
2024-02-12,573.00,579.90,556.80,563.70,14142
2024-02-13,566.50,566.50,541.05,548.85,31332
2024-02-14,546.65,560.00,540.55,554.10,23180
2024-02-15,556.90,620.00,550.05,593.55,110683
2024-02-16,589.05,625.00,572.20,579.55,93614
2024-02-19,574.80,587.45,574.80,578.90,17681
2024-02-20,578.25,578.25,561.30,562.50,31039
2024-02-21,565.30,585.00,550.05,558.10,40726
2024-02-22,560.90,566.45,536.10,539.70,53258
2024-02-23,547.80,550.00,540.05,541.15,38434
2024-02-26,543.90,559.00,529.60,541.55,96665
2024-02-27,540.00,555.95,537.90,549.85,34221
2024-02-28,554.00,554.45,537.00,544.70,56211
2024-02-29,547.80,547.80,533.00,537.10,36596
2024-03-01,539.25,548.60,533.05,538.45,34538
2024-03-02,540.05,544.85,535.00,539.65,2943
2024-03-04,542.30,543.65,523.00,525.40,37452
2024-03-05,527.50,531.95,524.55,526.85,42937
2024-03-06,526.85,528.95,510.50,515.10,24108
2024-03-07,516.95,530.90,515.00,520.05,20006
2024-03-11,520.05,522.65,505.10,506.60,17903
2024-03-12,517.60,517.60,495.00,499.95,26544
2024-03-13,500.50,505.00,468.90,478.35,43137
2024-03-14,478.35,497.65,473.60,489.75,48904
2024-03-15,492.20,494.60,480.00,488.40,22636
2024-03-18,493.90,494.10,469.40,477.20,64315
2024-03-19,477.20,482.10,465.60,469.60,44574
2024-03-20,468.00,476.35,467.15,474.55,33327
2024-03-21,476.90,503.90,475.30,496.45,55233
2024-03-22,491.50,519.65,487.65,518.10,51097
2024-03-26,514.95,516.25,502.00,504.55,49250
2024-03-27,506.05,512.60,489.00,499.40,87379
2024-03-28,498.15,515.95,480.55,486.30,45862
2024-04-01,491.20,519.45,490.75,510.90,85631
2024-04-02,511.40,545.90,510.60,533.40,51177
2024-04-03,538.75,543.00,530.00,539.30,37186
2024-04-04,535.00,546.50,529.90,536.30,28639
2024-04-05,535.05,543.80,531.05,541.80,27967
2024-04-08,545.30,560.00,537.50,539.95,33083
2024-04-09,545.35,546.75,520.20,523.15,55811
2024-04-10,527.85,547.15,522.55,542.20,22208
2024-04-12,536.80,585.00,536.55,576.65,293372
2024-04-15,576.65,576.65,551.10,559.75,32701
2024-04-16,559.75,588.00,558.95,574.25,57343
2024-04-18,572.50,620.00,541.75,552.35,312266
2024-04-19,545.45,547.75,530.05,533.80,66469
2024-04-22,544.55,565.90,542.55,558.10,60940
2024-04-23,558.10,562.85,550.30,554.00,21939
2024-04-24,553.50,592.50,553.50,578.40,67691
2024-04-25,580.00,584.70,570.00,577.70,30380
2024-04-26,573.70,583.30,573.70,577.90,15965
2024-04-29,577.90,584.90,575.00,581.25,27370
2024-04-30,582.00,585.00,575.25,576.90,16804
2024-05-02,581.95,594.35,575.00,579.90,31968
2024-05-03,579.90,585.75,574.55,580.20,22308
2024-05-06,585.00,587.95,571.10,574.85,14732
2024-05-07,577.15,577.15,556.85,559.15,12791
2024-05-08,561.35,561.35,549.55,555.05,17345
2024-05-09,555.05,564.45,551.90,561.35,15444
2024-05-10,560.55,566.15,535.05,539.80,37852
2024-05-13,536.50,556.80,519.05,550.95,36255
2024-05-14,559.20,566.50,553.05,562.90,8211
2024-05-15,562.90,573.50,551.15,557.85,10172
2024-05-16,555.00,585.80,541.85,579.20,92315
2024-05-17,579.00,584.30,574.40,581.45,19793
2024-05-18,582.10,588.00,575.25,581.60,2878
2024-05-21,581.60,588.25,574.25,577.40,16219
2024-05-22,572.00,585.00,572.00,576.40,11958
2024-05-23,580.50,581.00,563.55,566.70,11908
2024-05-24,563.10,569.70,558.00,560.35,11726
2024-05-27,554.95,571.60,554.00,561.45,40889
2024-05-28,562.00,580.85,558.80,568.85,19819
2024-05-29,568.85,568.85,528.15,533.95,79022
2024-05-30,534.50,542.35,527.65,530.90,29913
2024-05-31,536.50,537.95,527.50,528.95,17637
2024-06-03,536.95,544.00,515.05,518.85,45325
2024-06-04,519.00,520.95,476.00,506.40,44751
2024-06-05,502.05,562.95,501.85,551.70,112446
2024-06-06,554.70,566.00,546.55,552.45,43926
2024-06-07,552.90,572.60,551.15,563.70,46875
2024-06-10,569.45,606.00,565.10,590.55,158349
2024-06-11,605.00,620.00,601.45,608.85,134817
2024-06-12,609.00,626.50,601.85,605.35,78163
2024-06-13,613.40,618.35,602.25,615.65,47907
2024-06-14,618.90,621.00,606.45,619.30,47014
2024-06-18,625.00,679.00,617.55,671.60,259308
2024-06-19,676.95,710.00,672.00,707.00,314213
2024-06-20,715.00,731.90,712.00,718.60,356298
2024-06-21,722.05,730.00,708.00,716.60,160917
2024-06-24,716.60,728.00,692.55,722.80,124023
2024-06-25,716.60,737.85,711.00,719.55,42004
2024-06-26,723.80,723.80,696.50,699.85,74144
2024-06-27,702.65,713.75,672.40,680.95,79643
2024-06-28,683.65,705.00,683.65,692.60,47751
2024-07-01,701.60,703.00,675.00,691.05,60754
2024-07-02,690.00,698.40,673.05,684.15,46626
2024-07-03,691.90,724.00,683.15,698.70,74215
2024-07-04,706.70,709.40,697.30,705.40,45063
2024-07-05,704.00,710.70,685.95,699.95,57174
2024-07-08,700.65,757.50,700.65,722.85,207247
2024-07-09,726.20,747.55,724.50,729.10,80796
2024-07-10,730.00,742.60,691.20,715.40,85495
2024-07-11,716.00,732.95,714.00,722.45,56365
2024-07-12,726.80,748.90,721.40,729.55,79105
2024-07-15,731.50,734.00,708.70,717.35,23065
2024-07-16,717.00,809.00,715.00,788.30,409896
2024-07-18,787.05,787.05,756.65,761.95,146019
2024-07-19,764.00,764.00,721.00,726.20,83987
2024-07-22,719.00,755.95,711.40,749.00,69321
2024-07-23,755.00,790.00,741.85,777.50,154464
2024-07-24,788.80,792.80,752.00,757.10,60798
2024-07-25,757.10,784.60,750.85,766.85,31782
2024-07-26,767.00,786.95,757.25,773.80,52324
2024-07-29,782.70,798.40,769.95,772.90,32383
2024-07-30,767.55,803.20,767.55,796.10,100756
2024-07-31,810.00,832.60,786.55,796.60,122418
2024-08-01,791.15,823.10,783.00,797.50,73691
2024-08-02,789.00,807.10,750.25,759.50,116755
2024-08-05,754.95,810.95,737.95,801.10,354706
2024-08-06,820.00,886.40,794.95,808.00,309954
2024-08-07,808.00,840.65,807.10,820.65,209958
2024-08-08,820.60,869.90,820.55,854.20,247263
2024-08-09,857.45,927.70,852.65,910.65,321173
2024-08-12,923.85,965.00,911.00,918.25,486155
2024-08-13,924.15,935.00,866.00,873.10,131764
2024-08-14,875.80,893.00,864.10,874.35,64716
2024-08-16,878.10,902.00,860.00,890.20,99884
2024-08-19,890.00,928.75,877.05,908.05,90218
2024-08-20,906.50,925.05,904.95,919.95,52389
2024-08-21,916.80,934.00,909.15,928.05,43277
2024-08-22,935.00,955.00,892.20,909.55,114193
2024-08-23,910.00,926.55,904.35,911.75,43963
2024-08-26,911.00,914.25,879.00,901.40,95282
2024-08-27,908.00,931.50,902.90,926.80,72282
2024-08-28,1009.90,1084.25,999.15,1011.25,1405117
2024-08-29,1011.25,1024.05,986.70,998.75,162329
2024-08-30,998.75,1014.80,990.10,994.45,89395
2024-09-02,938.80,953.95,913.25,926.25,195258
2024-09-03,926.30,947.95,925.00,931.05,96075
2024-09-04,930.00,950.65,925.10,946.60,39367
2024-09-05,946.60,978.00,938.20,959.10,82695
2024-09-06,959.10,975.00,942.20,947.20,67063
2024-09-09,954.95,965.90,925.05,954.00,49641
2024-09-10,954.15,969.70,942.55,953.85,42484
2024-09-11,953.00,976.50,925.05,938.10,66571
2024-09-12,947.00,950.00,921.00,924.45,49066
2024-09-13,928.20,958.65,920.60,952.80,59058
2024-09-16,952.70,952.70,919.90,925.55,43698
2024-09-17,927.80,936.40,906.00,917.75,57341
2024-09-18,924.45,930.00,902.20,909.50,57035
2024-09-19,915.00,919.50,879.50,901.40,52530
2024-09-20,897.00,918.00,892.05,905.65,32725
2024-09-23,905.40,912.20,890.30,901.75,35041
2024-09-24,907.05,915.00,884.30,888.40,21031
2024-09-25,891.00,899.30,880.00,889.50,23278
2024-09-26,895.00,897.45,864.95,873.55,20309
2024-09-27,875.00,879.95,855.00,865.20,83161
2024-09-30,882.00,904.60,870.00,879.95,56988
2024-10-01,873.85,899.65,872.80,890.10,30543
2024-10-03,851.00,856.85,824.20,850.60,177299
2024-10-04,840.00,857.90,834.50,843.50,45173
2024-10-07,855.00,855.00,811.00,833.40,76101
2024-10-08,839.40,853.70,801.75,817.05,74736
2024-10-09,829.00,850.00,801.00,804.70,74289
2024-10-10,809.45,827.00,788.00,811.65,156140
2024-10-11,817.00,824.50,798.00,818.20,90163
2024-10-14,829.00,834.55,806.40,819.55,33740
2024-10-15,821.60,832.00,809.55,827.90,46931
2024-10-16,828.30,855.00,828.30,839.85,61893
2024-10-17,848.25,848.25,804.95,814.55,38002
2024-10-18,814.55,830.75,793.10,819.75,95584
2024-10-21,812.00,830.00,796.15,804.95,105118
2024-10-22,804.95,804.95,769.70,776.65,43733
2024-10-23,771.90,802.65,764.55,795.50,22408
2024-10-24,807.45,822.75,785.45,799.95,23227
2024-10-25,801.95,801.95,751.10,760.35,49449
2024-10-28,760.00,798.00,750.00,792.70,24426
2024-10-29,786.65,810.00,783.95,806.60,22071
2024-10-30,806.60,837.65,806.05,821.75,28846
2024-10-31,821.00,868.20,819.05,860.00,41508
2024-11-01,850.00,874.80,850.00,868.60,6758
2024-11-04,868.60,874.00,853.00,870.05,29053
2024-11-05,859.00,885.05,859.00,878.35,32083
2024-11-06,888.00,890.00,868.10,873.00,20943
2024-11-07,875.90,912.50,868.40,907.30,49513
2024-11-08,905.00,911.95,881.45,890.45,45977
2024-11-11,879.00,889.85,824.85,840.45,70357
2024-11-12,863.00,875.00,770.75,778.85,198702
2024-11-13,795.00,795.00,753.40,762.00,71062
2024-11-14,763.90,772.15,715.00,729.00,90152
2024-11-18,731.50,734.85,704.35,711.10,55813
2024-11-19,720.95,726.95,702.45,707.65,19729
2024-11-21,712.00,712.70,688.00,694.95,70780
2024-11-22,704.45,721.40,699.05,706.20,35920
2024-11-25,721.00,759.00,715.15,733.60,57713
2024-11-26,738.70,743.95,732.85,740.40,16112
2024-11-27,742.85,760.00,725.00,739.90,51209
2024-11-28,745.00,765.25,729.45,744.00,46396
2024-11-29,746.90,756.85,736.30,750.95,20560
2024-12-02,760.00,762.40,740.00,756.30,26076
2024-12-03,748.35,764.80,734.00,740.75,65884
2024-12-04,740.75,767.15,740.75,751.30,52701
2024-12-05,758.80,763.90,739.50,742.50,52002
2024-12-06,750.00,757.65,743.15,754.50,29438
2024-12-09,759.70,829.90,754.55,772.35,252665
2024-12-10,781.75,784.60,763.65,781.10,38631
2024-12-11,779.10,783.70,762.90,765.10,30334
2024-12-12,765.30,775.30,755.50,758.70,31603
2024-12-13,756.05,758.95,740.00,746.80,28929
2024-12-16,748.65,754.20,718.60,748.25,87899
2024-12-17,744.05,750.05,735.50,738.65,25426
2024-12-18,738.65,752.30,731.20,743.70,19483
2024-12-19,742.00,745.00,729.20,738.65,15288
2024-12-20,745.15,745.15,725.00,733.60,21382
2024-12-23,733.00,735.40,708.75,726.95,17860
2024-12-24,726.00,737.10,707.00,712.45,23626
2024-12-26,714.00,721.80,707.05,711.25,12759
2024-12-27,711.25,715.95,691.20,701.05,48928
2024-12-30,693.10,706.95,680.00,681.45,59003
2024-12-31,681.00,686.50,659.55,673.30,55531
2025-01-01,677.05,693.20,669.55,686.30,21833
2025-01-02,688.10,695.25,675.10,681.30,30137
2025-01-03,686.50,690.50,675.30,679.45,56205
2025-01-06,684.65,684.65,640.05,645.80,36418
2025-01-07,645.80,676.75,645.80,671.00,30761
2025-01-08,664.50,675.00,653.95,661.75,23420
2025-01-09,668.00,682.25,650.05,654.40,64773
2025-01-10,648.20,660.95,625.00,628.65,33158
2025-01-13,580.00,613.45,580.00,595.90,169058
2025-01-14,595.00,609.95,591.75,606.25,22639
2025-01-15,607.00,619.00,596.95,604.20,20720
2025-01-16,608.00,631.75,608.00,621.45,26600
2025-01-17,621.45,630.45,618.00,624.55,31325
2025-01-20,626.00,630.75,615.00,620.15,27316
2025-01-21,620.15,632.00,590.05,594.70,80775
2025-01-22,599.00,599.10,560.20,573.30,99640
2025-01-23,575.00,598.30,575.00,591.85,17500
2025-01-24,594.20,598.50,580.10,583.20,19686
2025-01-27,580.00,588.25,556.80,581.50,42299
2025-01-28,578.50,589.95,557.50,580.85,30248
2025-01-29,582.00,636.00,582.00,631.75,49952
2025-01-30,641.25,651.95,625.10,628.05,55061
2025-01-31,631.90,651.80,626.00,645.85,37494
2025-02-01,655.00,675.05,645.00,661.25,37175
2025-02-03,663.40,663.40,629.55,640.25,30023
2025-02-04,635.50,645.45,621.00,626.80,45783
2025-02-05,626.80,639.85,619.60,628.90,31490
2025-02-06,633.00,639.00,615.65,620.20,29927
2025-02-07,623.00,624.65,608.65,618.80,17403
2025-02-10,622.75,624.25,581.25,601.95,46739
2025-02-11,594.05,598.85,550.00,573.55,130279
2025-02-12,579.00,579.00,547.20,557.65,60147
2025-02-13,557.65,579.80,557.65,566.40,43526
2025-02-14,561.40,574.45,546.95,558.15,25912
2025-02-17,546.60,584.40,542.55,578.50,33939
2025-02-18,578.50,588.55,568.05,571.10,22268
2025-02-19,578.25,584.50,563.50,577.85,15427
2025-02-20,580.00,591.40,565.60,587.20,59015
2025-02-21,587.20,601.15,571.60,577.95,60603
2025-02-24,565.10,583.00,565.10,578.10,20316
2025-02-25,574.00,589.00,574.00,584.55,22745
2025-02-27,587.00,587.00,574.75,575.10,84166
2025-02-28,575.00,580.45,570.00,575.75,56809
2025-03-03,575.75,580.65,574.00,577.25,36279
2025-03-04,577.25,593.60,575.00,580.75,28505
2025-03-05,583.80,592.65,580.00,589.90,33584
2025-03-06,591.65,598.00,572.45,578.70,50144
2025-03-07,573.10,612.70,573.10,605.80,92979
2025-03-10,605.80,607.95,575.00,575.80,47160
2025-03-11,575.00,588.00,574.95,582.05,31611
2025-03-12,582.05,598.00,575.00,590.65,40627
2025-03-13,596.55,599.25,588.60,594.60,19618
2025-03-17,594.65,602.55,580.35,588.75,50433
2025-03-18,588.75,600.05,583.80,592.70,30722
2025-03-19,592.70,612.00,590.50,609.05,37089
2025-03-20,617.20,621.15,605.55,612.80,28434
2025-03-21,615.00,625.95,613.00,621.65,30362
2025-03-24,625.00,644.75,622.80,637.60,47251
2025-03-25,640.00,640.00,614.20,616.30,38095
2025-03-26,610.55,623.45,605.05,606.80,27093
2025-03-27,601.00,613.00,599.00,607.80,27504
2025-03-28,611.00,617.55,585.00,590.85,36230
2025-04-01,590.85,628.80,590.60,623.15,92716
2025-04-02,621.90,632.95,606.90,623.10,23422
2025-04-03,616.00,628.60,614.95,621.40,24425
2025-04-04,624.50,624.50,595.95,601.65,28457
2025-04-07,582.95,590.00,573.75,582.20,39339
2025-04-08,588.45,597.95,577.85,587.70,19190
2025-04-09,594.75,644.80,581.25,623.80,112668
2025-04-11,640.00,641.00,616.00,625.70,38334
2025-04-15,630.00,650.00,630.00,643.15,27685
2025-04-16,648.00,678.00,645.00,675.90,57594
2025-04-17,670.65,692.75,667.50,690.60,43923
2025-04-21,703.00,719.45,695.15,718.75,66462
2025-04-22,718.75,751.05,715.05,744.35,188040
2025-04-23,750.00,756.45,732.00,741.45,48986
2025-04-24,745.00,748.40,721.95,727.00,40987
2025-04-25,727.00,734.95,694.15,712.75,59117
2025-04-28,702.15,723.85,690.05,694.05,74354
2025-04-29,699.00,710.00,693.00,705.10,27261
2025-04-30,706.00,706.10,690.10,691.40,20546
2025-05-02,693.00,700.45,680.00,683.35,15244
2025-05-05,683.35,704.70,675.55,700.20,18008
2025-05-06,702.00,711.20,674.30,675.50,16932
2025-05-07,674.30,685.00,646.05,669.35,63686
2025-05-08,669.35,701.95,669.35,679.05,22867
2025-05-09,665.05,670.65,650.55,667.80,20379
2025-05-12,691.00,697.50,684.50,690.50,17834
2025-05-13,690.00,712.00,686.00,701.60,23776
2025-05-14,711.30,725.40,701.55,712.90,43080
2025-05-15,721.80,742.00,713.00,724.25,105626
2025-05-16,730.05,794.00,720.00,754.15,166640
2025-05-19,755.00,772.45,749.05,762.30,55782
2025-05-20,762.30,766.50,740.85,748.70,50057
2025-05-21,748.70,756.00,739.05,749.55,28538
2025-05-22,742.05,755.45,742.05,749.75,18658
2025-05-23,758.00,771.00,740.55,765.30,43197
2025-05-26,775.00,798.00,769.15,791.20,97996
2025-05-27,793.00,823.15,783.60,817.10,97415
2025-05-28,821.90,836.40,819.95,830.25,95280
2025-05-29,870.00,895.00,852.15,861.15,514491
2025-05-30,864.35,865.95,837.80,851.40,50149
2025-06-02,840.00,849.20,826.00,838.90,55398
2025-06-03,836.05,871.40,831.55,856.25,82865
2025-06-04,850.00,864.00,849.05,853.55,26576
2025-06-05,859.35,859.40,830.55,835.95,41631
2025-06-06,839.20,847.85,830.00,836.75,16391
2025-06-09,839.00,855.00,826.60,850.05,56259
2025-06-10,848.00,862.40,845.80,849.15,34201
2025-06-11,851.55,884.40,849.95,866.15,97136
2025-06-12,883.00,889.90,870.80,873.95,107659
2025-06-13,863.00,887.80,829.70,875.40,54415
2025-06-16,866.65,915.55,853.35,910.75,206447
2025-06-17,919.90,947.00,906.00,910.20,166661
2025-06-18,917.50,927.90,901.10,904.80,47186
2025-06-19,904.80,929.50,904.80,908.20,86650
2025-06-20,909.00,927.70,897.70,909.20,65976
2025-06-23,909.20,959.00,906.20,951.40,209845
2025-06-24,960.25,967.00,933.00,943.90,58842
2025-06-25,953.00,986.00,945.65,983.25,160765
2025-06-26,983.25,988.00,950.00,960.45,112784
2025-06-27,960.45,974.90,954.05,960.45,50306
2025-06-30,961.60,973.00,951.15,967.95,34216
2025-07-01,974.70,974.70,956.20,959.60,25732
2025-07-02,959.60,969.75,945.10,953.60,33788
2025-07-03,953.60,980.00,935.05,975.85,212574
2025-07-04,975.85,991.00,966.10,971.95,38113
2025-07-07,979.70,979.70,948.45,957.65,30013
2025-07-08,955.00,960.10,927.70,930.35,56595
2025-07-09,933.80,957.95,929.70,943.15,42404
2025-07-10,947.00,969.00,940.45,957.10,34759
2025-07-11,965.95,969.90,949.50,962.95,26604
2025-07-14,962.95,989.00,932.95,977.40,95438
2025-07-15,999.00,1019.00,966.65,1004.25,214106
2025-07-16,1007.00,1015.00,984.60,995.50,40376
2025-07-17,995.55,998.30,985.00,989.95,21442
2025-07-18,990.05,991.95,973.00,977.95,17709
2025-07-21,977.95,1014.50,971.50,1007.30,40899
2025-07-22,1005.00,1019.00,996.50,1004.25,21965
2025-07-23,1011.00,1014.80,982.50,990.65,15818
2025-07-24,990.65,1016.00,982.50,992.30,56456
2025-07-25,990.00,1060.00,978.00,1046.30,164319
2025-07-28,1064.00,1071.00,1007.65,1018.40,151008
2025-07-29,1022.00,1081.00,1022.00,1061.25,144455
2025-07-30,1063.70,1096.55,1041.25,1071.85,108276
2025-07-31,1045.00,1098.00,1045.00,1072.35,65983
2025-08-01,1086.00,1098.00,1028.00,1035.20,70562
2025-08-04,1043.00,1074.10,1030.10,1044.40,45328
2025-08-05,1049.70,1080.00,1035.00,1041.70,44053
2025-08-06,1062.50,1078.90,1025.00,1035.30,40452
2025-08-07,1030.30,1047.70,1011.00,1019.20,33547
2025-08-08,1018.80,1018.80,951.30,974.30,71397
2025-08-11,952.50,992.20,950.00,977.10,85725
2025-08-12,1004.00,1038.00,963.40,1022.40,138435
2025-08-13,1030.00,1058.80,896.30,906.30,782960
2025-08-14,911.90,924.00,851.00,858.60,300141
2025-08-18,872.00,875.10,820.00,823.20,130737
2025-08-19,824.10,864.10,820.00,844.30,172471
2025-08-20,849.50,860.50,841.80,855.40,44861
2025-08-21,858.80,881.50,856.20,862.80,46130
2025-08-22,867.90,868.00,844.00,849.50,65461
2025-08-25,850.00,852.10,822.10,826.20,50073
2025-08-26,832.80,838.80,810.00,819.40,31349
2025-08-28,818.00,828.00,803.80,808.90,35670
2025-08-29,805.00,832.80,800.00,825.50,34185
2025-09-01,826.90,836.00,815.20,826.70,30478
2025-09-02,822.00,832.65,818.10,821.90,27742
2025-09-03,830.10,831.00,817.80,826.50,36962
2025-09-04,830.00,836.15,810.00,813.70,24001
2025-09-05,814.05,814.10,791.00,796.00,30617
2025-09-08,800.00,819.95,792.55,803.35,43100
2025-09-09,807.60,807.60,790.00,790.40,23196
2025-09-10,791.55,802.95,789.20,796.20,23307
2025-09-11,797.10,800.60,781.00,784.75,27168
2025-09-12,788.90,791.85,769.00,772.00,35135
2025-09-15,774.00,782.10,767.05,770.45,31120
2025-09-16,773.00,780.00,770.45,779.00,21788
2025-09-17,785.60,785.60,772.40,773.85,22363
2025-09-18,776.90,778.00,768.15,771.15,17485
2025-09-19,774.00,777.20,766.70,773.90,22314
2025-09-22,773.90,789.45,770.00,781.45,31476
2025-09-23,788.70,788.70,770.10,772.10,24549
2025-09-24,773.10,775.20,753.25,761.75,24962
2025-09-25,757.00,775.85,755.00,769.70,21996
2025-09-26,767.80,772.15,756.55,761.00,28202
2025-09-29,761.00,777.60,746.60,752.15,21656
2025-09-30,762.40,766.95,745.00,748.90,17893
2025-10-01,758.00,760.00,737.70,747.70,28005
2025-10-03,747.70,754.80,741.00,748.10,27992
2025-10-06,748.15,754.00,739.00,742.05,16547
2025-10-07,741.50,744.10,726.05,730.40,17127
2025-10-08,735.15,735.15,722.25,725.05,11700
2025-10-09,725.05,732.00,719.15,728.65,10887
2025-10-10,735.00,752.70,729.35,742.50,73467
2025-10-13,739.90,741.50,726.30,732.20,12851
2025-10-14,735.15,735.15,714.15,718.50,12616
2025-10-15,718.50,726.30,710.30,720.10,15911
2025-10-16,720.50,760.00,716.55,743.55,23109
2025-10-17,743.15,745.00,732.30,739.65,7881
2025-10-20,741.20,742.30,718.40,723.45,30165
2025-10-21,728.95,729.00,721.00,724.95,2622
2025-10-23,728.15,739.45,710.00,720.25,39480
2025-10-24,720.70,725.00,716.90,720.00,16073
2025-10-27,720.00,722.45,715.00,718.70,10120
2025-10-28,724.90,724.90,707.90,710.10,19578
2025-10-29,712.95,720.00,708.05,714.55,17261
2025-10-30,714.80,725.00,711.55,721.35,30773
2025-10-31,727.80,727.85,714.05,722.25,14951
2025-11-03,725.00,725.00,715.50,720.90,14566
2025-11-04,723.50,740.00,710.00,717.30,15177
2025-11-06,721.95,730.00,690.90,697.00,26176
2025-11-07,698.00,698.00,680.25,687.50,30382
2025-11-10,694.00,694.00,676.00,678.20,15976
2025-11-11,678.20,683.50,671.25,681.50,12745
2025-11-12,686.00,686.00,655.00,665.80,74588
2025-11-13,667.00,668.00,655.50,665.30,27528
2025-11-14,665.00,667.90,660.00,666.90,15350
2025-11-17,668.00,678.95,666.95,675.50,29558
2025-11-18,680.00,690.95,675.00,684.35,24911
2025-11-19,688.00,689.75,676.00,686.55,16034
2025-11-20,686.55,706.60,686.55,699.30,37476
2025-11-21,700.00,735.00,693.55,724.50,86018
2025-11-24,719.00,731.00,711.20,718.20,46142
2025-11-25,722.40,725.95,705.90,709.15,15954
2025-11-26,709.15,747.00,709.15,731.55,47572
2025-11-27,735.95,744.95,722.25,726.35,20279
2025-11-28,726.00,734.35,712.50,724.00,21427
2025-12-01,727.80,735.00,721.00,725.35,13447
2025-12-02,725.00,725.60,710.00,715.40,19306
2025-12-03,715.40,718.50,709.60,715.55,7947
2025-12-04,720.30,720.30,710.35,717.10,7263
2025-12-05,717.00,723.40,710.00,717.15,6353
2025-12-08,716.40,719.05,690.10,697.25,19207
2025-12-09,697.00,718.00,685.65,712.65,14908
2025-12-10,708.10,717.85,700.00,705.05,10375
2025-12-11,705.05,708.75,695.00,699.10,15508
2025-12-12,701.55,705.10,696.60,700.75,8451
2025-12-15,706.70,710.00,697.00,702.35,15253
2025-12-16,702.90,706.75,685.00,695.20,24191
2025-12-17,695.20,701.00,690.60,696.35,5344
2025-12-18,696.35,700.00,686.00,696.95,10064
2025-12-19,696.95,702.60,694.70,699.95,5686
2025-12-22,702.90,708.45,698.60,705.65,11051
2025-12-23,707.80,716.00,693.70,706.30,13635
2025-12-24,706.30,721.80,701.55,715.35,36527
2025-12-26,715.05,715.05,705.00,712.20,13330
2025-12-29,712.20,715.90,699.00,702.35,21133
2025-12-30,697.20,719.80,697.20,708.00,50713
2025-12-31,708.70,722.70,708.70,716.70,15922
2026-01-01,720.50,721.50,702.25,705.05,10118
2026-01-02,708.60,714.45,705.70,710.35,10978
2026-01-05,712.00,712.00,692.00,698.60,14770
2026-01-06,694.00,705.00,694.00,697.85,9450
2026-01-07,695.00,712.00,686.15,697.30,14736
2026-01-08,693.00,697.60,659.50,671.20,36124
2026-01-09,663.30,683.10,657.00,659.65,39147
2026-01-12,661.35,678.75,629.60,636.70,59621
2026-01-13,638.00,646.75,630.00,634.80,20544
2026-01-14,635.45,648.00,633.10,641.55,7619
2026-01-16,645.85,658.65,641.00,650.85,20093
2026-01-19,649.00,662.00,643.00,650.95,16930
2026-01-20,649.00,650.95,622.55,627.70,29374
2026-01-21,627.00,632.10,600.60,609.20,36000
2026-01-22,615.30,631.75,612.80,628.35,13920
2026-01-23,627.95,637.20,606.80,613.95,23470
2026-01-27,610.00,643.50,607.80,638.70,51246
2026-01-28,638.00,651.40,632.95,646.60,22964
2026-01-29,648.00,649.00,626.20,644.45,28084
2026-01-30,647.80,647.80,583.95,593.15,201868
2026-02-01,593.15,613.00,584.20,608.50,26900
2026-02-02,607.00,611.95,584.55,608.00,29687
2026-02-03,615.00,642.95,596.30,601.30,53283
2026-02-04,601.90,606.10,585.35,603.40,35127
2026-02-05,603.40,611.10,599.00,603.05,21269
2026-02-06,603.00,603.65,592.50,601.05,21607
2026-02-09,604.20,632.85,601.05,630.25,43148
2026-02-10,640.00,649.40,635.05,641.15,24562
2026-02-11,641.00,641.00,614.95,620.25,46072
2026-02-12,615.00,633.05,608.00,616.75,20039
2026-02-13,616.00,621.00,605.00,611.20,15983
2026-02-16,611.00,617.30,600.20,612.70,12687
2026-02-17,609.65,633.70,602.40,625.35,18765
2026-02-18,620.40,634.70,616.90,621.95,20020
2026-02-19,620.00,627.30,614.00,615.95,10273
2026-02-20,615.95,622.90,604.85,619.85,10429
2026-02-23,620.20,629.80,618.55,623.75,12748
2026-02-24,626.10,633.65,615.30,626.90,14972
2026-02-25,621.20,633.00,621.20,629.75,10966
2026-02-26,628.50,634.00,623.00,626.10,9786
2026-02-27,626.10,631.05,616.40,621.10,12093
2026-03-02,570.00,618.25,570.00,613.65,21431
2026-03-04,611.00,615.65,598.80,610.10,17118
2026-03-05,610.10,619.95,606.55,612.95,9716
2026-03-06,612.95,617.85,604.90,611.50,20534
2026-03-09,600.00,608.05,590.50,599.85,18832
2026-03-10,598.00,608.35,587.00,591.40,39430
2026-03-11,593.00,601.45,572.70,576.55,47595
2026-03-12,581.95,619.90,564.35,609.95,39517
2026-03-13,609.95,613.15,569.60,575.35,56380
2026-03-16,570.05,577.90,554.90,569.30,51062
2026-03-17,572.30,575.45,565.00,566.05,45803
2026-03-18,569.45,584.70,558.80,580.60,44952
2026-03-19,576.00,589.95,567.00,567.95,62592
2026-03-20,570.90,583.20,568.20,574.85,33821
2026-03-23,573.00,596.95,546.15,569.80,47352
2026-03-24,581.20,590.00,557.35,574.95,56798
2026-03-25,583.00,591.75,566.00,573.50,50173
2026-03-27,576.35,579.65,543.50,556.30,102686
2026-03-30,552.60,557.35,518.60,528.40,67084
2026-04-01,528.40,598.00,525.00,582.75,40944
2026-04-02,575.00,612.00,561.25,608.70,84256
2026-04-06,612.80,625.95,597.15,615.95,53176
2026-04-07,620.00,629.95,605.95,622.25,15062
2026-04-08,649.00,650.00,634.00,644.00,84532
2026-04-09,641.50,655.95,634.05,640.90,66427
2026-04-10,647.50,652.00,636.40,645.15,55933
2026-04-13,640.50,684.50,621.10,676.10,151338
2026-04-15,688.80,694.95,669.70,686.00,53320
2026-04-16,693.00,756.00,682.00,718.80,29419
2026-04-17,722.35,726.85,710.60,723.20,36309
2026-04-20,729.00,729.00,706.15,716.85,24167
2026-04-21,716.85,722.50,713.60,716.15,9131
2026-04-22,713.20,724.00,691.05,717.45,53472
2026-04-23,716.85,726.25,705.10,706.90,11472
2026-04-24,713.95,713.95,692.40,699.65,35003
2026-04-27,699.65,713.75,694.00,696.30,15611
2026-04-28,703.25,703.25,692.10,697.60,7476
2026-04-29,697.60,705.00,692.10,695.15,14717
2026-04-30,695.00,717.75,687.00,701.45,47287
2026-05-04,701.45,712.00,690.20,700.95,15505
2026-05-05,698.10,709.05,694.25,703.40,26377
2026-05-06,706.00,722.95,701.05,712.70,21766
2026-05-07,712.00,723.00,708.00,719.90,19819
2026-05-08,723.00,726.50,709.55,720.25,28325
2026-05-11,715.00,725.00,704.90,718.30,42440
2026-05-12,712.50,714.25,695.00,701.15,55900
2026-05-13,701.20,715.00,695.00,707.40,15771
2026-05-14,711.90,714.00,700.00,708.85,10581
2026-05-15,705.00,729.60,702.75,722.80,59190
2026-05-18,722.80,724.00,710.00,722.20,17658
2026-05-19,725.40,764.00,719.30,758.95,88891
2026-05-20,760.85,765.00,744.25,746.15,31020
2026-05-21,750.00,750.00,725.00,738.70,26707
2026-05-22,737.65,762.00,728.55,748.95,22418
2026-05-25,760.05,763.90,741.00,746.85,19587
2026-05-26,743.85,768.00,743.85,755.75,27082
2026-05-27,754.95,775.00,750.00,765.10,44113
2026-05-29,765.00,765.00,724.00,735.55,44204
2026-06-01,746.80,747.85,715.10,723.65,21788
2026-06-02,723.65,735.95,715.00,729.80,21386
2026-06-03,729.80,730.85,713.85,725.70,10745
2026-06-04,725.80,728.95,711.00,714.75,23184
2026-06-05,715.00,722.90,710.00,714.60,13493
2026-06-08,708.60,713.10,702.40,704.60,9350
2026-06-09,711.10,727.00,705.45,724.85,14456
2026-06-10,724.00,742.30,705.00,707.45,38066
2026-06-11,707.45,715.00,701.00,706.85,7200
2026-06-12,720.00,720.45,709.15,719.00,12640
2026-06-15,725.00,733.90,702.40,709.80,38163
2026-06-16,710.50,715.95,706.45,714.10,8868
2026-06-17,711.00,720.30,707.00,711.80,11398
2026-06-18,711.80,717.00,692.45,699.80,22607
2026-06-19,699.80,703.45,686.00,688.50,18884
2026-06-22,688.50,719.95,686.50,688.90,68628
2026-06-23,687.05,693.55,669.50,673.80,19085
2026-06-24,674.00,681.40,659.00,667.05,40200
2026-06-25,670.60,671.05,651.50,658.60,19877
2026-06-29,662.00,662.00,648.00,651.35,34382
2026-06-30,651.00,680.90,650.00,660.85,18768
2026-07-01,663.15,669.00,650.00,656.25,18174
2026-07-02,656.25,662.00,650.00,657.40,18361
2026-07-03,657.50,669.00,657.50,664.10,15664
2026-07-06,667.00,672.00,658.00,662.80,14092
2026-07-07,661.80,664.00,648.10,655.50,14250
2026-07-08,656.15,660.95,648.10,655.25,21643
2026-07-09,653.05,665.00,651.75,653.50,7988
2026-07-10,660.00,663.70,651.75,659.00,35402
2026-07-13,653.00,667.65,653.00,665.75,14910
2026-07-14,665.75,669.00,650.00,658.20,20995
2026-07-15,658.20,675.00,657.15,669.75,14731
2026-07-16,669.00,680.00,655.00,659.85,8605
2026-07-17,658.60,663.55,645.85,653.40,28262
2026-07-20,654.90,655.00,631.00,635.15,19870
2026-07-21,635.15,640.90,621.05,624.05,30336
2026-07-22,618.90,626.55,608.00,616.55,21175
2026-07-23,618.10,628.80,600.00,605.25,33788
2026-07-24,596.20,620.80,596.20,616.10,17357
2026-07-27,616.10,645.00,610.00,612.55,46257
2026-07-28,610.70,634.00,610.70,629.45,20200
2026-07-29,627.30,639.35,625.10,629.15,12743
2026-07-30,626.20,633.95,614.65,622.15,13867
2026-07-31,618.60,646.40,617.20,641.20,21312
2026-08-03,643.30,665.95,636.10,663.60,61729
2026-08-04,663.95,669.90,646.00,658.35,14184
2026-08-05,659.90,659.90,642.75,649.00,12435
2026-08-06,645.60,659.00,640.20,650.65,11255
2026-08-07,648.15,650.00,641.10,647.70,7455
2026-08-10,646.35,653.65,629.90,649.80,11411
2026-08-11,649.65,655.65,603.35,636.55,131112
2026-08-12,628.00,638.00,622.60,628.60,25916
2026-08-13,626.15,634.95,618.00,627.80,22842
2026-08-14,655.00,655.00,628.60,631.15,10436
2026-08-17,630.00,630.00,614.15,618.70,14440
2026-08-18,618.70,625.00,612.00,619.50,9791
2026-08-19,619.00,624.50,610.35,613.55,17498
2026-08-20,616.50,619.95,603.70,606.55,18087
2026-08-21,606.60,612.90,603.00,609.75,20974
2026-08-24,611.80,612.95,575.00,580.15,118243
2026-08-25,580.00,580.05,573.05,579.45,24299
2026-08-26,580.00,589.00,574.05,579.50,56960
2026-08-27,579.50,585.00,564.40,567.10,75819
2026-08-28,568.10,608.10,566.30,598.50,125263
2026-08-31,600.00,615.00,589.05,610.85,53856
2026-09-01,609.00,615.90,594.15,598.35,14085
2026-09-02,598.00,614.95,591.10,612.60,18329
2026-09-03,612.60,645.00,606.25,614.15,69910
2026-09-04,619.60,624.80,612.20,618.45,22609
2026-09-07,611.55,625.55,600.30,606.50,31882
2026-09-08,604.80,612.95,602.55,610.20,10805
2026-09-09,603.80,634.90,601.15,623.60,36377
2026-09-10,623.60,630.40,610.00,612.50,11623
2026-09-11,610.00,619.00,595.10,609.70,26007
2026-09-15,609.70,618.00,591.05,594.80,10796
2026-09-16,600.05,604.90,585.00,595.20,15018
2026-09-17,595.20,603.00,591.10,598.85,6994
2026-09-18,597.55,608.25,597.35,605.60,5335
