Date,Open,High,Low,Close,Volume
2006-11-02,180.10,184.50,177.20,178.20,64063
2006-11-03,180.50,181.90,173.00,174.05,120383
2006-11-06,174.00,178.85,171.50,172.90,119664
2006-11-07,175.60,175.60,172.75,173.15,123320
2006-11-08,173.60,174.85,168.50,169.55,60518
2006-11-09,170.50,172.50,169.00,169.75,51744
2006-11-10,172.00,172.00,167.00,168.30,42060
2006-11-13,169.70,174.60,169.00,172.80,98598
2006-11-14,174.70,174.90,168.00,168.40,52290
2006-11-15,172.00,172.80,166.80,167.60,54264
2006-11-16,167.55,167.55,167.55,167.55,77372
2006-11-17,168.00,168.00,164.30,165.65,46753
2006-11-20,164.65,169.00,160.00,166.05,64720
2006-11-21,168.50,174.90,166.00,171.30,113651
2006-11-22,169.25,176.00,169.25,174.20,58506
2006-11-23,175.00,175.45,171.25,173.70,48729
2006-11-24,173.85,174.85,172.15,174.00,31804
2006-11-27,173.00,179.50,171.00,178.00,93822
2006-11-28,178.20,178.20,173.00,174.80,28803
2006-11-29,175.10,186.25,175.10,178.65,286411
2006-11-30,180.50,181.75,177.75,180.00,66821
2006-12-01,180.00,182.80,178.60,179.75,73344
2006-12-04,180.00,184.90,179.55,184.00,94074
2006-12-05,180.60,186.00,180.60,182.45,68061
2006-12-06,183.80,183.80,183.80,183.80,180575
2006-12-07,178.05,178.05,178.05,178.05,23674
2006-12-08,181.00,181.00,175.00,175.65,19844
2006-12-11,178.80,178.80,167.50,168.70,38689
2006-12-12,169.00,170.80,160.70,162.55,47730
2006-12-13,162.50,163.95,157.00,159.45,62887
2006-12-14,164.00,164.00,161.50,163.25,32581
2006-12-15,165.00,168.90,164.60,165.45,22195
2006-12-18,168.60,168.60,163.10,163.70,30871
2006-12-19,162.40,164.95,160.25,161.85,12236
2006-12-20,161.10,166.90,161.10,165.20,34572
2006-12-21,164.00,165.00,160.50,161.45,12031
2006-12-22,161.10,164.40,161.00,163.60,19894
2006-12-26,170.00,170.00,164.05,165.05,15568
2006-12-27,165.25,167.00,164.00,164.75,18329
2006-12-28,164.00,167.90,163.00,166.35,20918
2006-12-29,167.00,171.00,165.25,166.35,47257
2007-01-02,167.95,169.90,165.75,167.50,20353
2007-01-03,169.90,175.00,167.30,172.30,84928
2007-01-04,174.00,176.95,173.00,173.40,76835
2007-01-05,173.50,174.50,168.50,169.05,22769
2007-01-08,170.00,171.80,165.00,166.45,17818
2007-01-09,167.75,172.45,166.10,169.85,32612
2007-01-10,168.90,170.50,165.10,165.85,37641
2007-01-11,164.20,170.00,163.50,168.35,25801
2007-01-12,169.75,172.50,168.10,169.40,46125
2007-01-15,168.50,169.90,166.10,167.35,24876
2007-01-16,170.90,170.90,166.50,167.60,84567
2007-01-17,169.00,170.75,166.25,167.20,56433
2007-01-18,169.30,172.00,165.00,165.55,78803
2007-01-19,162.60,162.60,152.40,157.50,256402
2007-01-22,142.65,160.00,142.65,156.75,91269
2007-01-23,157.65,157.65,155.50,155.95,27409
2007-01-24,157.00,163.00,156.10,160.75,130463
2007-01-25,163.00,165.50,161.35,162.45,131015
2007-01-29,162.20,164.50,157.30,158.15,13608
2007-01-31,161.20,162.00,155.50,157.35,28785
2007-02-01,160.00,161.50,155.15,159.90,50923
2007-02-02,161.05,161.05,158.20,159.95,125368
2007-02-05,163.75,164.20,156.25,160.60,91611
2007-02-06,164.00,164.00,156.60,157.45,20414
2007-02-07,158.50,161.00,156.60,160.05,59709
2007-02-08,160.10,161.50,157.20,160.05,44671
2007-02-09,158.00,160.20,155.25,158.55,51792
2007-02-12,156.00,157.00,148.00,148.50,35710
2007-02-13,146.10,151.75,140.15,142.00,43994
2007-02-14,148.45,148.45,138.00,145.85,18586
2007-02-15,147.50,149.80,147.00,147.85,15206
2007-02-19,153.45,153.50,146.00,147.05,18211
2007-02-20,147.10,149.50,145.10,145.95,13862
2007-02-21,148.00,149.95,144.90,147.15,14787
2007-02-22,146.00,148.50,140.00,143.50,11695
2007-02-23,145.05,146.75,139.00,145.00,34473
2007-02-26,145.00,145.70,140.20,144.05,16858
2007-02-27,146.00,146.55,139.40,143.45,15362
2007-02-28,137.25,145.50,126.00,144.35,49188
2007-03-01,146.80,146.80,141.00,143.60,13924
2007-03-02,142.00,145.95,141.50,141.90,14518
2007-03-05,141.00,141.00,135.00,137.90,20213
2007-03-06,137.50,140.50,130.00,139.70,59856
2007-03-07,140.15,141.50,135.00,138.90,31039
2007-03-08,138.05,141.95,131.20,140.00,89143
2007-03-09,140.00,141.20,135.20,136.80,9724
2007-03-12,136.00,140.50,135.10,139.90,22121
2007-03-13,139.95,141.00,137.50,140.35,59483
2007-03-14,139.65,139.80,135.50,137.95,8573
2007-03-15,138.00,139.95,135.20,136.10,14974
2007-03-16,138.00,138.65,129.35,132.70,18662
2007-03-19,134.75,135.80,130.00,135.05,22377
2007-03-20,136.10,136.40,135.00,135.00,12947
2007-03-21,135.20,136.50,135.00,135.00,33487
2007-03-22,136.00,137.40,133.25,134.85,40665
2007-03-23,134.90,135.90,133.30,135.00,16490
2007-03-26,134.60,135.00,131.15,131.95,15739
2007-03-28,131.00,131.50,128.30,129.70,23431
2007-03-29,130.00,132.80,128.00,128.55,12908
2007-03-30,131.80,131.80,128.50,129.95,41712
2007-04-02,127.20,131.00,124.00,124.40,10881
2007-04-03,123.25,123.25,123.25,123.25,0
2007-04-04,126.00,126.50,122.00,122.25,13918
2007-04-05,123.25,125.00,122.50,123.30,14178
2007-04-09,124.95,127.50,122.60,123.65,42448
2007-04-10,123.30,125.00,123.30,124.95,9063
2007-04-11,125.20,138.80,125.10,131.40,75751
2007-04-12,132.00,133.90,129.15,130.75,15114
2007-04-13,132.30,134.85,129.10,130.50,12094
2007-04-16,136.00,137.00,129.50,130.20,23018
2007-04-17,131.10,132.00,129.75,130.10,25621
2007-04-18,132.00,133.85,130.65,132.25,38784
2007-04-19,132.90,145.00,132.90,141.95,216805
2007-04-20,145.00,145.00,136.50,137.55,69038
2007-04-23,139.00,140.85,135.05,135.85,24856
2007-04-24,134.50,137.00,134.50,136.05,16912
2007-04-25,134.00,137.45,134.00,135.85,31327
2007-04-26,137.40,144.90,136.10,138.85,118052
2007-04-27,142.90,144.00,140.00,140.50,61863
2007-04-30,140.50,140.50,137.00,139.80,14291
2007-05-03,140.00,141.20,138.10,138.75,14168
2007-05-04,138.65,139.00,136.40,136.85,11446
2007-05-07,139.85,149.90,138.00,145.35,251147
2007-05-08,147.00,149.00,141.05,141.80,72339
2007-05-09,140.40,143.00,140.20,142.40,23896
2007-05-10,143.80,144.50,139.10,140.20,20001
2007-05-11,137.50,141.00,135.50,139.55,12719
2007-05-14,143.90,143.90,140.00,141.60,17643
2007-05-15,143.25,143.25,139.15,140.45,16756
2007-05-16,141.00,143.00,140.10,140.75,20261
2007-05-17,143.50,144.00,136.65,138.00,43658
2007-05-18,138.90,142.50,137.10,138.75,49698
2007-05-21,138.00,139.75,131.50,138.45,127828
2007-05-22,138.20,139.80,135.00,138.00,56325
2007-05-23,140.00,140.00,138.00,138.05,24726
2007-05-24,138.10,139.00,138.00,138.05,12284
2007-05-25,136.25,139.40,136.25,138.25,11930
2007-05-28,139.00,144.40,138.00,140.25,79313
2007-05-29,141.90,142.00,139.75,140.35,20660
2007-05-30,140.00,141.35,138.55,140.15,52902
2007-05-31,140.25,145.90,140.25,143.75,105179
2007-06-01,144.90,145.00,141.50,141.90,24814
2007-06-04,142.00,143.00,139.30,141.90,19806
2007-06-05,140.10,142.50,139.70,141.30,21128
2007-06-06,141.25,141.60,136.65,137.35,11903
2007-06-07,140.00,140.00,134.90,135.05,12813
2007-06-08,134.00,135.00,132.00,133.15,8549
2007-06-11,135.40,135.60,131.05,131.20,11688
2007-06-12,131.10,132.50,129.10,131.10,7920
2007-06-13,130.15,133.00,130.15,131.85,8350
2007-06-14,133.00,138.00,131.35,135.10,18901
2007-06-15,135.25,139.00,135.00,135.45,22565
2007-06-18,138.00,140.00,132.15,133.65,23100
2007-06-19,134.50,136.00,133.10,135.90,24676
2007-06-20,138.60,138.90,133.50,137.25,42384
2007-06-21,136.05,140.50,136.05,139.45,27184
2007-06-22,139.90,140.70,137.20,139.75,11790
2007-06-25,138.00,140.50,137.10,139.50,11470
2007-06-26,139.50,139.50,136.10,138.05,6091
2007-06-27,136.20,143.35,136.20,139.45,32922
2007-06-28,140.05,141.45,138.60,139.35,7726
2007-06-29,138.25,141.00,138.15,138.55,6423
2007-07-02,138.10,141.00,137.20,138.95,8803
2007-07-03,141.85,141.85,136.00,138.85,26794
2007-07-04,140.10,140.10,135.10,135.95,22226
2007-07-05,138.00,138.00,134.35,135.35,8255
2007-07-06,135.90,136.25,132.00,133.50,18854
2007-07-09,139.00,139.00,132.20,134.65,27141
2007-07-10,138.85,138.85,132.30,133.85,13627
2007-07-11,132.20,135.50,132.20,135.20,12584
2007-07-12,136.70,143.70,134.00,142.60,0
2007-07-13,144.00,146.00,139.10,140.65,62127
2007-07-16,141.90,146.00,140.15,141.70,24395
2007-07-17,142.00,143.50,136.20,136.85,23091
2007-07-18,137.00,139.80,131.20,133.55,43073
2007-07-19,137.00,137.85,133.65,134.25,15347
2007-07-20,135.90,136.95,133.00,135.45,20030
2007-07-23,139.60,139.60,133.00,133.65,13266
2007-07-24,135.00,135.50,132.50,133.90,10899
2007-07-25,130.10,133.80,130.10,132.65,14445
2007-07-26,133.35,138.50,132.15,133.40,14434
2007-07-27,131.50,133.90,130.10,130.35,14606
2007-07-30,130.05,133.00,129.85,130.55,32202
2007-07-31,130.60,139.40,125.10,136.60,64818
2007-08-01,132.10,133.55,128.00,129.20,35416
2007-08-02,129.55,133.00,129.20,129.60,20618
2007-08-03,130.00,132.50,130.00,130.35,9100
2007-08-06,126.00,128.95,122.05,127.40,10506
2007-08-07,129.00,130.35,127.50,127.95,5521
2007-08-08,129.25,131.50,127.30,130.65,31776
2007-08-09,132.10,132.10,127.00,128.20,12247
2007-08-10,126.00,129.90,125.00,128.05,10395
2007-08-13,131.90,134.50,131.05,132.50,24298
2007-08-14,132.50,134.10,130.25,133.35,18489
2007-08-16,128.00,133.50,127.20,128.40,15887
2007-08-17,129.00,138.00,127.50,130.45,53359
2007-08-20,133.75,139.40,129.00,131.00,18890
2007-08-21,131.20,131.90,126.10,126.95,11125
2007-08-22,128.00,128.50,125.10,125.95,8258
2007-08-23,128.90,129.40,125.00,125.55,12488
2007-08-24,124.10,127.50,124.10,126.10,5274
2007-08-27,123.00,128.80,123.00,127.55,6645
2007-08-28,127.10,129.50,127.05,128.40,9627
2007-08-29,128.00,129.35,126.25,128.20,7806
2007-08-30,129.90,130.00,128.70,129.05,15500
2007-08-31,129.95,130.00,128.50,129.70,4540
2007-09-03,128.05,136.30,128.05,131.55,28026
2007-09-04,132.50,134.35,131.20,132.00,12009
2007-09-05,132.00,132.70,129.15,131.10,17447
2007-09-06,130.00,131.90,129.00,129.80,29930
2007-09-07,130.00,132.00,130.00,131.10,26809
2007-09-10,129.70,141.20,128.10,139.10,73302
2007-09-11,141.00,142.25,136.10,137.30,51396
2007-09-12,138.00,143.45,137.10,140.80,66684
2007-09-13,141.90,161.95,141.80,154.50,591393
2007-09-14,155.00,158.45,146.00,147.80,114726
2007-09-17,148.10,155.30,144.55,148.50,97397
2007-09-18,151.00,157.45,148.00,154.45,164810
2007-09-19,158.00,159.00,151.00,151.75,96708
2007-09-20,154.00,157.95,150.60,152.05,88442
2007-09-21,152.00,159.50,149.10,153.25,111546
2007-09-24,154.10,156.95,150.05,152.40,51827
2007-09-25,153.00,153.00,147.30,148.65,31326
2007-09-26,147.00,154.00,147.00,150.15,55602
2007-09-27,145.50,152.50,145.50,147.50,21815
2007-09-28,149.00,150.10,146.60,147.40,32478
2007-10-01,152.90,155.00,148.45,153.15,93975
2007-10-03,154.00,154.75,144.20,147.55,50789
2007-10-04,146.50,152.00,146.10,147.40,29560
2007-10-05,146.50,150.00,146.50,147.70,36035
2007-10-08,145.05,150.60,140.35,141.40,32565
2007-10-09,138.00,144.20,134.00,144.20,30539
2007-10-10,145.00,147.00,141.00,143.40,22024
2007-10-11,145.00,151.00,142.00,148.20,41207
2007-10-12,143.25,151.00,143.25,144.80,42327
2007-10-15,146.75,159.70,144.50,153.75,196844
2007-10-16,170.00,170.00,149.15,151.10,125658
2007-10-17,144.95,144.95,144.95,144.95,49434
2007-10-18,146.25,150.00,142.00,143.25,36058
2007-10-19,136.90,145.50,135.55,137.15,23327
2007-10-22,135.00,143.85,132.10,138.30,29239
2007-10-23,139.10,142.00,138.20,138.95,23733
2007-10-24,140.00,141.00,136.65,138.00,24832
2007-10-25,138.20,145.80,137.00,138.80,54534
2007-10-26,138.95,145.00,138.00,140.35,69783
2007-10-29,141.50,145.20,140.25,140.95,89727
2007-10-30,141.85,144.00,136.05,137.40,61141
2007-10-31,138.70,140.00,136.25,136.85,21230
2007-11-01,138.80,140.70,134.00,135.85,23813
2007-11-02,134.00,138.10,132.55,136.80,19280
2007-11-05,135.05,137.85,133.50,134.80,45378
2007-11-06,136.00,137.95,133.75,135.05,32448
2007-11-07,135.00,138.50,131.55,137.25,53297
2007-11-08,134.00,136.80,132.75,135.50,47651
2007-11-09,135.00,140.00,135.00,138.60,12367
2007-11-12,135.00,135.85,132.15,134.90,12325
2007-11-13,135.00,140.00,132.90,133.80,86805
2007-11-14,135.65,135.90,134.00,134.30,25143
2007-11-15,135.50,142.00,134.80,139.30,110591
2007-11-16,139.00,142.50,139.00,140.30,84839
2007-11-19,141.60,150.00,140.00,145.85,198860
2007-11-20,146.50,158.30,145.90,149.40,215388
2007-11-21,152.70,153.00,142.00,142.80,51172
2007-11-22,144.00,145.00,136.00,139.40,27912
2007-11-23,148.00,148.00,140.20,141.70,31319
2007-11-26,144.90,154.80,142.10,150.75,88163
2007-11-27,123.65,155.00,123.65,149.60,45152
2007-11-28,151.50,152.70,144.05,145.45,33633
2007-11-29,147.85,149.00,141.00,142.90,26422
2007-11-30,143.00,149.00,142.50,146.40,27173
2007-12-03,148.20,152.00,145.55,150.40,73959
2007-12-04,150.40,155.00,150.00,151.50,75498
2007-12-05,153.55,164.00,153.55,157.25,298999
2007-12-06,158.90,167.50,158.00,160.25,273310
2007-12-07,164.05,166.00,155.40,158.95,108991
2007-12-10,160.45,167.90,158.20,159.65,244527
2007-12-11,161.20,187.00,159.25,174.70,1231655
2007-12-12,169.00,185.70,169.00,178.85,801634
2007-12-13,178.85,180.00,172.10,173.20,133623
2007-12-14,174.00,179.50,171.00,177.30,182961
2007-12-17,179.90,189.90,179.90,181.50,380256
2007-12-18,181.50,189.00,172.10,185.65,242584
2007-12-19,187.80,214.90,186.15,197.25,966664
2007-12-20,202.90,205.00,186.60,191.50,250445
2007-12-24,195.00,203.00,192.00,193.90,238676
2007-12-26,196.30,201.00,192.55,194.10,217645
2007-12-27,193.00,197.30,189.00,191.10,190794
2007-12-28,190.00,207.85,188.00,197.40,592222
2007-12-31,198.80,209.50,198.80,203.05,627113
2008-01-01,205.80,228.90,204.10,220.60,1730398
2008-01-02,260.00,260.00,217.00,220.25,1453036
2008-01-03,222.00,225.00,211.50,213.90,666609
2008-01-04,215.75,218.85,205.10,207.25,414199
2008-01-07,205.00,216.00,202.05,207.00,490043
2008-01-08,210.00,220.00,196.00,199.90,394320
2008-01-09,200.00,200.75,191.15,195.35,225201
2008-01-10,195.50,213.80,190.00,192.40,529115
2008-01-11,198.00,198.00,187.10,192.00,166659
2008-01-14,193.45,199.00,192.10,194.85,134801
2008-01-15,196.75,196.75,187.00,189.60,132552
2008-01-16,185.00,190.00,180.50,187.10,103939
2008-01-17,189.95,196.60,187.15,190.45,180155
2008-01-18,190.85,190.85,179.50,180.50,132871
2008-01-21,182.80,182.80,154.50,162.55,289594
2008-01-22,150.05,157.00,132.10,148.05,177608
2008-01-23,153.75,168.00,153.00,157.35,71699
2008-01-24,160.00,164.90,150.00,154.90,85895
2008-01-25,164.00,180.00,155.00,163.90,60582
2008-01-28,156.00,161.90,149.00,158.90,65039
2008-01-29,160.00,163.60,157.00,160.10,52170
2008-01-30,160.00,163.40,157.00,158.15,51957
2008-01-31,156.40,161.95,153.85,157.55,47304
2008-02-01,152.30,162.00,152.30,158.15,51250
2008-02-04,160.50,162.00,158.10,159.05,42214
2008-02-05,159.75,165.75,159.00,161.90,51320
2008-02-06,160.00,162.45,155.10,161.10,27127
2008-02-07,162.80,165.00,158.00,159.05,68024
2008-02-08,159.45,160.00,155.05,156.80,69032
2008-02-11,156.00,158.45,152.55,154.65,198792
2008-02-12,153.50,156.95,153.15,155.05,76072
2008-02-13,155.00,157.40,155.00,155.35,23637
2008-02-14,155.25,159.50,155.25,158.20,43660
2008-02-15,155.10,158.95,155.10,158.00,26097
2008-02-18,159.00,160.00,156.50,156.85,15703
2008-02-19,156.55,161.95,156.55,157.70,67706
2008-02-20,156.00,158.90,155.30,157.55,17505
2008-02-21,160.00,160.00,157.05,158.30,15763
2008-02-22,155.55,158.50,155.55,157.75,15508
2008-02-25,160.00,160.00,156.20,157.90,32779
2008-02-26,158.10,159.50,157.15,158.05,23025
2008-02-27,160.00,164.00,159.05,160.00,72560
2008-02-28,160.00,161.00,158.00,159.50,21179
2008-02-29,155.50,160.70,155.10,158.55,33846
2008-03-03,153.50,158.25,153.50,157.25,58958
2008-03-04,158.00,158.00,156.25,157.45,70707
2008-03-05,155.25,157.90,155.25,157.50,58098
2008-03-07,154.05,157.40,154.05,156.75,141889
2008-03-10,154.50,157.00,154.50,156.80,94148
2008-03-11,157.00,158.00,156.50,157.30,53682
2008-03-12,160.90,160.90,156.55,156.95,30664
2008-03-13,156.05,157.90,156.00,156.60,71792
2008-03-14,157.05,157.40,156.00,157.00,29984
2008-03-17,151.55,157.40,151.55,156.80,123156
2008-03-18,156.00,157.50,156.00,156.85,109653
2008-03-19,157.00,159.85,156.05,156.45,76975
2008-03-24,156.45,157.35,156.05,156.50,160123
2008-03-25,157.00,157.00,152.00,153.75,107396
2008-03-26,155.00,157.00,154.20,155.80,35868
2008-03-27,153.20,156.00,153.15,155.55,28097
2008-03-28,154.20,162.95,154.20,159.35,73066
2008-03-31,155.50,158.90,155.50,158.45,39914
2008-04-01,159.45,159.45,154.00,157.40,27280
2008-04-02,157.00,158.00,156.05,156.30,6599
2008-04-03,155.50,157.40,155.50,156.60,9263
2008-04-04,154.05,158.20,154.05,156.05,20619
2008-04-07,155.35,156.95,155.35,156.00,7882
2008-04-08,156.00,158.45,155.60,158.20,10390
2008-04-09,160.00,160.00,157.00,158.10,17673
2008-04-10,159.45,159.45,157.00,157.80,15581
2008-04-11,157.10,158.60,157.10,157.65,18377
2008-04-15,155.25,158.60,155.25,157.75,7010
2008-04-16,159.75,162.45,157.50,159.90,66909
2008-04-17,162.00,162.00,159.00,160.05,61706
2008-04-21,161.90,161.95,159.15,160.25,24735
2008-04-22,160.00,161.00,160.00,160.25,38583
2008-04-23,162.00,162.00,159.00,160.10,43176
2008-04-24,161.40,161.40,159.45,159.75,36177
2008-04-25,161.00,161.00,159.55,160.10,25510
2008-04-28,161.00,161.00,159.15,160.40,18720
2008-04-29,161.00,164.50,160.00,160.40,81800
2008-04-30,162.50,162.50,159.60,160.50,56692
2008-05-02,161.50,161.50,160.15,160.70,158846
2008-05-05,162.50,162.50,160.15,160.35,51738
2008-05-06,160.30,160.90,159.20,159.60,42682
2008-05-07,156.00,163.00,153.25,159.45,25043
2008-05-08,158.00,159.95,158.00,159.10,19015
2008-05-09,160.00,160.95,158.05,158.20,37046
2008-05-12,159.00,160.00,158.05,159.45,25203
2008-05-13,159.20,160.95,159.20,159.60,12243
2008-05-14,160.90,160.90,159.50,160.10,13269
2008-05-15,158.10,159.20,157.40,157.55,20833
2008-05-16,156.40,159.80,156.40,158.45,57206
2008-05-20,156.85,159.90,156.85,159.25,13725
2008-05-21,159.00,159.20,158.50,158.65,8884
2008-05-22,159.00,159.00,158.25,158.45,18110
2008-05-23,159.70,159.70,158.60,158.80,15714
2008-05-26,152.00,159.75,151.95,158.45,33071
2008-05-27,159.35,159.35,158.15,158.40,10930
2008-05-28,158.00,158.90,158.00,158.40,9089
2008-05-29,159.40,167.00,157.55,158.25,178930
2008-05-30,162.70,162.90,158.10,158.30,30580
2008-06-02,160.90,160.90,157.80,157.95,29185
2008-06-03,157.00,158.30,157.00,158.00,34953
2008-06-04,157.50,161.90,157.50,159.30,159936
2008-06-05,158.40,160.85,158.00,159.30,105462
2008-06-06,160.10,160.70,159.00,160.00,205450
2008-06-09,159.00,179.95,159.00,161.05,621609
2008-06-10,162.60,162.60,160.50,162.05,36372
2008-06-11,162.00,163.80,162.00,163.05,91731
2008-06-12,161.55,163.80,161.55,162.85,29339
2008-06-13,162.75,163.75,162.75,163.00,21759
2008-06-16,165.00,165.00,162.90,163.25,16024
2008-06-17,163.00,163.75,163.00,163.50,31222
2008-06-18,164.00,164.50,163.50,163.85,92097
2008-06-19,185.00,196.65,185.00,196.40,1757812
2008-06-20,210.00,210.00,196.00,196.45,779863
2008-06-23,194.70,197.65,194.55,197.30,367542
2008-06-24,196.10,198.00,196.10,197.70,275151
2008-06-25,197.00,197.95,196.15,197.20,244534
2008-06-26,195.20,197.70,194.10,197.05,443823
2008-06-27,195.00,195.95,182.00,182.50,28702
2008-06-30,172.95,183.00,171.00,172.35,31762
2008-07-01,171.00,180.00,165.10,166.35,15840
2008-07-02,169.95,184.40,163.00,173.85,16638
2008-07-03,173.00,178.00,170.25,175.30,8378
2008-07-04,170.10,175.00,170.10,171.40,7904
2008-07-07,169.10,174.50,169.10,171.95,6709
2008-07-08,179.00,179.00,170.00,171.40,2662
2008-07-09,179.00,179.00,170.25,171.75,3664
2008-07-10,176.05,176.05,171.60,172.20,1573
2008-07-11,170.00,174.90,169.95,170.25,6654
2008-07-14,170.00,175.65,170.00,173.95,8553
2008-07-15,170.00,178.00,169.15,171.65,6424
2008-07-16,174.75,174.75,166.05,167.35,2526
2008-07-17,169.00,171.40,166.05,166.70,5032
2008-07-18,165.00,168.00,165.00,166.35,3181
2008-07-21,165.50,167.00,164.10,164.80,4021
2008-07-22,164.00,168.00,163.30,166.20,4713
2008-07-23,169.95,174.90,167.10,168.00,7957
2008-07-24,166.50,169.00,166.00,167.05,4516
2008-07-25,165.00,174.70,165.00,170.80,8955
2008-07-28,194.00,194.00,168.00,176.15,6202
2008-07-29,172.00,175.00,171.20,172.70,2476
2008-07-30,171.10,173.00,170.00,170.55,6098
2008-07-31,170.05,171.70,170.00,171.20,2471
2008-08-01,170.00,171.00,170.00,170.40,1463
2008-08-04,174.90,184.90,170.00,170.15,5231
2008-08-05,172.95,179.95,170.25,178.55,34981
2008-08-06,182.00,194.00,180.00,185.90,77309
2008-08-07,184.00,188.30,179.00,180.60,19859
2008-08-08,182.00,184.00,179.70,181.75,8302
2008-08-11,182.50,184.65,179.55,180.05,6864
2008-08-12,185.00,193.85,180.00,180.20,14094
2008-08-13,180.00,181.80,180.00,180.35,7573
2008-08-14,180.05,180.80,177.25,178.00,8298
2008-08-18,174.40,179.00,174.00,174.10,3188
2008-08-19,174.10,178.00,174.05,176.05,2291
2008-08-20,175.65,176.05,175.55,176.05,784
2008-08-21,176.05,177.00,171.20,174.30,4036
2008-08-22,173.05,177.95,173.05,174.35,4583
2008-08-25,175.90,176.90,173.50,174.10,2280
2008-08-26,173.50,176.70,173.00,175.20,3941
2008-08-27,174.00,175.55,172.10,173.40,4416
2008-08-28,173.00,175.90,172.10,174.45,3787
2008-08-29,181.95,181.95,170.40,172.30,3803
2008-09-01,170.70,173.00,170.00,172.80,3300
2008-09-02,171.50,173.70,171.15,172.65,3519
2008-09-04,170.55,175.30,170.50,174.60,1885
2008-09-05,174.00,174.05,171.70,173.65,3916
2008-09-08,178.95,178.95,172.50,174.70,4560
2008-09-09,171.25,175.95,171.00,173.65,9058
2008-09-10,170.15,179.80,170.15,173.60,1258
2008-09-11,175.00,176.00,172.50,174.10,5078
2008-09-15,164.40,169.00,159.00,161.95,9890
2008-09-16,159.50,169.00,155.10,162.95,7197
2008-09-17,165.95,167.00,161.30,162.40,2408
2008-09-18,156.50,159.75,156.05,158.30,4515
2008-09-19,156.35,161.45,156.35,159.25,4559
2008-09-22,157.50,161.40,157.50,157.70,3507
2008-09-23,156.50,160.00,156.00,156.25,3500
2008-09-24,159.00,159.00,155.00,155.50,3080
2008-09-25,155.50,155.95,154.10,155.05,1527
2008-09-26,155.00,156.90,149.50,153.05,2525
2008-09-29,158.90,158.90,140.40,141.85,10165
2008-09-30,141.20,149.85,138.15,147.80,7589
2008-10-01,142.70,149.00,141.00,147.05,3874
2008-10-03,141.60,145.00,136.25,136.80,5676
2008-10-06,137.00,138.00,130.30,131.25,7334
2008-10-07,149.00,149.00,125.00,131.05,5348
2008-10-08,129.00,130.00,120.10,124.15,6362
2008-10-10,110.10,136.00,110.10,124.30,6624
2008-10-13,130.00,138.90,126.00,134.75,10384
2008-10-14,137.00,139.00,129.00,133.70,4681
2008-10-15,132.00,133.00,126.25,128.40,7117
2008-10-16,126.00,132.00,115.05,128.20,14468
2008-10-17,129.05,132.50,126.10,129.70,2000
2008-10-20,130.00,133.00,105.65,131.20,9025
2008-10-21,132.95,132.95,129.55,130.05,1635
2008-10-22,128.00,132.00,128.00,128.55,8810
2008-10-23,123.40,130.00,120.00,128.50,7663
2008-10-24,130.25,130.25,115.00,118.80,14513
2008-10-27,115.00,119.00,106.00,113.75,19119
2008-10-28,115.00,120.00,111.55,118.50,2840
2008-10-29,113.10,133.00,113.10,130.15,3680
2008-10-31,128.85,133.90,128.85,129.75,4219
2008-11-03,120.00,135.50,120.00,131.15,3309
2008-11-04,129.00,132.00,129.00,130.85,6745
2008-11-05,125.00,144.00,125.00,139.65,13025
2008-11-06,125.05,137.50,125.05,132.20,3012
2008-11-07,132.00,132.50,128.05,130.10,2168
2008-11-10,133.00,134.00,130.00,132.25,1730
2008-11-11,131.05,131.05,129.05,129.60,3496
2008-11-12,125.10,135.00,125.05,130.45,5761
2008-11-14,128.00,132.00,128.00,129.00,5744
2008-11-17,125.20,133.00,125.20,130.55,4369
2008-11-18,126.30,134.95,124.00,130.35,3628
2008-11-19,128.05,131.00,128.05,128.95,1032
2008-11-20,125.00,133.00,116.70,130.00,4994
2008-11-21,148.50,148.50,127.10,129.75,6331
2008-11-24,130.00,130.00,124.25,129.70,3449
2008-11-25,130.00,130.00,127.55,129.00,5107
2008-11-26,127.70,132.00,120.25,130.30,8048
2008-11-28,125.05,129.95,124.30,125.05,982
2008-12-01,127.00,131.00,125.05,130.65,3894
2008-12-02,127.00,130.00,126.00,130.00,3843
2008-12-03,127.35,130.00,127.35,129.55,4801
2008-12-04,127.15,130.90,127.10,129.50,721
2008-12-05,129.00,130.90,127.40,129.95,1216
2008-12-08,127.05,132.00,125.00,129.60,2085
2008-12-10,127.15,134.00,127.15,132.05,1621
2008-12-11,132.00,132.90,129.50,129.50,5658
2008-12-12,128.50,135.00,128.50,133.90,1653
2008-12-15,130.00,134.90,130.00,134.80,2533
2008-12-16,130.60,135.00,130.60,134.50,1093
2008-12-17,133.10,136.00,129.50,129.55,2926
2008-12-18,132.00,133.00,130.25,130.25,973
2008-12-19,133.75,133.75,130.10,132.70,2581
2008-12-22,134.00,134.00,130.20,131.00,2270
2008-12-23,130.00,132.80,128.20,129.45,2195
2008-12-24,129.45,129.95,128.25,129.30,2481
2008-12-26,131.40,131.40,128.20,129.70,1081
2008-12-29,129.00,135.00,129.00,130.95,4916
2008-12-30,129.00,134.20,129.00,129.50,3058
2008-12-31,130.15,134.95,130.15,131.65,1898
2009-01-01,133.80,133.80,129.10,130.40,2835
2009-01-02,130.10,132.50,129.10,130.20,7923
2009-01-05,131.00,133.00,129.10,129.40,2973
2009-01-06,130.50,132.30,129.60,130.75,6979
2009-01-07,132.80,132.80,125.60,126.40,4813
2009-01-09,111.00,126.30,111.00,124.00,3206
2009-01-12,123.00,124.00,121.30,123.05,1970
2009-01-13,125.00,125.00,117.35,118.60,1273
2009-01-14,120.05,123.50,116.10,119.25,2889
2009-01-15,115.10,129.00,115.10,116.60,1383
2009-01-16,116.00,121.90,115.00,116.05,3457
2009-01-19,125.00,125.00,115.60,117.50,1006
2009-01-20,117.50,118.00,115.00,117.70,1849
2009-01-21,112.60,119.70,112.60,118.00,2510
2009-01-22,118.10,120.00,117.10,118.00,8627
2009-01-23,117.05,119.00,116.05,116.50,2452
2009-01-27,125.00,125.00,111.30,112.60,3100
2009-01-28,115.00,117.00,112.00,115.15,803
2009-01-29,117.00,126.00,117.00,120.45,8236
2009-01-30,119.00,123.00,118.50,121.00,4377
2009-02-02,120.00,124.00,120.00,121.30,2119
2009-02-03,122.00,123.95,122.00,123.15,369
2009-02-04,116.60,123.90,116.60,118.45,740
2009-02-05,116.00,119.00,116.00,117.60,661
2009-02-06,119.00,122.80,118.50,121.10,815
2009-02-09,122.95,125.45,117.05,124.65,2164
2009-02-10,125.00,125.00,120.25,121.95,1052
2009-02-11,122.25,126.90,120.00,120.40,2068
2009-02-12,120.00,127.50,120.00,126.25,5225
2009-02-13,126.00,127.00,125.00,126.00,3868
2009-02-16,125.00,125.00,120.10,120.90,634
2009-02-17,123.00,123.90,119.65,121.40,1277
2009-02-18,112.30,122.95,112.30,119.05,8278
2009-02-19,120.00,123.90,120.00,122.60,5527
2009-02-20,123.00,128.75,123.00,125.25,3877
2009-02-24,122.00,122.00,117.10,118.30,2864
2009-02-26,119.00,119.50,117.00,119.50,116
2009-02-27,119.50,124.45,115.10,121.80,2982
2009-03-02,110.20,125.00,110.20,122.25,7236
2009-03-03,125.00,136.35,115.05,118.90,23867
2009-03-04,118.45,125.95,118.00,120.15,7071
2009-03-05,118.25,121.00,116.10,116.85,1396
2009-03-06,116.10,116.90,113.25,114.30,2187
2009-03-09,114.60,116.00,111.90,114.05,833
2009-03-12,116.70,117.90,112.15,114.15,1911
2009-03-13,115.20,118.90,114.00,117.90,7040
2009-03-16,116.90,124.80,114.10,122.30,4926
2009-03-17,120.90,127.70,120.90,125.75,14267
2009-03-18,129.70,131.85,125.80,128.30,16718
2009-03-19,129.00,139.00,129.00,136.30,19976
2009-03-20,133.00,139.95,130.30,136.65,12734
2009-03-23,131.25,145.50,131.25,144.35,15268
2009-03-24,144.00,148.40,142.25,144.50,10492
2009-03-25,144.00,152.40,144.00,151.50,21350
2009-03-26,145.00,153.90,137.10,141.05,20186
2009-03-27,140.00,154.00,138.10,142.00,19924
2009-03-30,141.15,142.95,138.00,141.80,3982
2009-03-31,140.00,144.90,139.25,144.00,2542
2009-04-01,143.00,150.70,142.25,148.80,3336
2009-04-02,150.00,156.95,147.00,152.45,16528
2009-04-06,150.00,159.00,150.00,156.55,6355
2009-04-08,155.00,158.00,150.60,157.05,7239
2009-04-09,158.00,158.00,144.00,149.30,11155
2009-04-13,149.00,154.00,149.00,150.40,4189
2009-04-15,151.50,172.00,148.00,156.50,25343
2009-04-16,157.00,160.00,150.05,151.60,6747
2009-04-17,151.05,152.00,147.50,148.80,8908
2009-04-20,141.50,149.40,141.50,147.45,2664
2009-04-21,142.00,147.00,142.00,143.90,6468
2009-04-22,147.00,148.95,142.70,146.30,10404
2009-04-23,143.30,144.95,141.20,142.85,2530
2009-04-24,142.25,161.00,142.25,149.25,27087
2009-04-27,145.20,150.95,145.20,147.65,4049
2009-04-28,148.10,150.00,141.10,142.85,12091
2009-04-29,142.00,144.20,140.65,142.25,3084
2009-05-04,150.00,150.00,141.10,142.20,8475
2009-05-05,148.95,160.90,138.20,150.40,64804
2009-05-06,151.00,155.00,143.30,144.35,10760
2009-05-07,146.00,147.00,143.40,145.05,5730
2009-05-08,147.00,147.00,142.10,143.45,5989
2009-05-11,141.10,158.65,141.10,154.10,45236
2009-05-12,150.00,165.00,150.00,152.05,89291
2009-05-13,151.00,154.85,148.15,149.90,9636
2009-05-14,146.00,168.95,146.00,166.55,89764
2009-05-15,168.40,173.30,163.15,164.35,0
2009-05-19,179.00,185.00,162.00,163.55,18969
2009-05-20,161.90,191.00,161.90,185.95,59398
2009-05-21,188.00,190.00,164.20,170.00,37996
2009-05-22,171.10,187.90,171.10,185.30,104112
2009-05-25,187.50,187.50,173.25,179.30,31054
2009-05-26,174.50,180.00,166.15,167.70,19851
2009-05-27,170.55,175.00,169.20,170.85,11565
2009-05-28,174.50,176.00,171.00,172.00,13987
2009-05-29,180.00,180.00,170.00,172.85,27685
2009-06-01,169.80,175.00,156.95,168.25,24988
2009-06-02,169.90,169.95,163.15,164.40,14971
2009-06-03,163.00,169.00,163.00,166.05,15182
2009-06-04,162.40,168.20,162.40,166.30,13581
2009-06-05,165.35,168.70,164.20,166.85,13233
2009-06-08,166.20,167.00,155.00,157.10,26378
2009-06-09,155.25,159.00,152.50,155.80,10330
2009-06-10,159.70,163.00,157.10,157.40,7844
2009-06-11,155.60,165.00,153.15,159.00,35054
2009-06-12,162.00,162.00,153.20,154.35,13840
2009-06-15,168.65,168.65,152.80,153.80,3883
2009-06-16,153.00,158.00,152.10,153.65,5737
2009-06-17,157.70,157.70,145.25,146.35,7234
2009-06-18,150.05,155.60,145.00,151.25,13781
2009-06-19,151.00,153.80,146.00,148.40,3143
2009-06-22,149.00,150.00,143.80,144.55,5684
2009-06-23,144.00,145.90,141.00,144.25,3864
2009-06-24,145.00,148.95,143.00,147.15,4358
2009-06-25,146.00,149.90,144.60,147.20,3299
2009-06-26,148.20,148.20,144.50,145.55,7542
2009-06-29,144.50,148.75,143.00,147.10,19892
2009-06-30,150.00,158.00,148.70,149.35,48002
2009-07-01,150.00,152.00,147.10,147.55,6256
2009-07-02,149.00,151.00,146.45,147.45,6766
2009-07-03,143.05,150.90,143.05,146.40,2545
2009-07-06,147.50,148.00,139.00,140.75,8086
2009-07-07,142.00,146.50,142.00,143.35,3314
2009-07-08,141.70,145.00,140.50,143.95,5664
2009-07-09,143.55,145.00,142.10,142.90,5178
2009-07-10,144.00,145.85,142.00,142.90,4743
2009-07-13,139.00,143.90,139.00,143.50,3658
2009-07-14,142.15,145.50,141.10,143.55,3109
2009-07-15,143.80,147.00,142.50,145.05,4694
2009-07-16,145.15,148.00,141.05,144.85,3336
2009-07-17,144.10,147.00,144.10,146.40,5755
2009-07-20,152.00,156.90,147.00,155.35,18560
2009-07-21,160.00,172.45,153.00,169.85,86772
2009-07-22,165.00,170.00,165.00,166.40,54587
2009-07-23,165.50,169.80,162.70,163.65,10904
2009-07-24,165.00,165.00,160.00,162.05,8086
2009-07-27,160.50,162.50,158.25,160.15,4251
2009-07-28,159.00,165.00,157.00,161.60,11250
2009-07-29,155.10,163.95,155.00,160.55,4953
2009-07-30,160.05,165.15,160.05,164.45,7071
2009-07-31,165.05,165.90,160.05,164.85,17779
2009-08-03,162.00,166.00,160.55,165.05,20972
2009-08-04,160.50,164.95,160.50,162.40,4423
2009-08-05,162.25,167.50,162.25,165.60,7055
2009-08-06,163.15,167.00,163.10,164.90,13178
2009-08-07,166.95,174.50,163.70,164.90,48063
2009-08-10,165.00,169.00,164.05,165.00,8290
2009-08-11,169.15,170.00,164.25,165.45,15055
2009-08-12,165.00,167.40,164.25,165.15,5596
2009-08-13,166.05,178.70,163.15,168.85,134240
2009-08-14,168.00,172.00,165.20,167.85,16003
2009-08-17,163.50,168.00,163.50,166.00,11982
2009-08-18,166.85,167.80,165.20,166.05,5651
2009-08-19,166.00,166.20,161.00,163.00,5010
2009-08-20,167.85,168.00,162.05,164.15,7952
2009-08-21,161.15,169.00,161.15,165.20,10607
2009-08-24,165.05,168.85,164.00,167.60,9473
2009-08-25,164.10,172.90,164.10,168.70,12457
2009-08-26,167.00,171.00,167.00,167.75,9171
2009-08-27,166.00,171.95,166.00,169.05,8620
2009-08-28,170.00,170.00,166.00,169.00,7411
2009-08-31,168.00,169.50,167.00,168.00,3413
2009-09-01,168.90,170.65,167.25,170.00,14653
2009-09-02,170.80,172.00,166.00,168.20,2852
2009-09-03,156.40,175.00,156.40,172.10,13247
2009-09-04,171.00,171.00,168.50,169.10,2637
2009-09-07,170.00,176.00,166.00,174.95,11799
2009-09-08,177.00,179.00,171.80,173.50,13895
2009-09-09,173.00,173.00,169.40,171.00,5603
2009-09-10,171.00,178.95,170.50,170.60,9083
2009-09-11,172.00,180.00,170.00,177.85,58793
2009-09-14,175.00,179.90,175.00,177.35,9698
2009-09-15,173.50,178.00,173.50,174.35,13897
2009-09-16,175.00,177.00,172.50,173.00,4998
2009-09-17,175.90,175.90,171.00,171.05,6867
2009-09-18,171.00,172.65,167.10,170.70,14272
2009-09-22,172.00,174.00,168.05,169.75,4580
2009-09-23,169.00,170.00,167.00,167.80,4547
2009-09-24,167.30,179.50,165.20,170.70,36323
2009-09-25,173.90,173.90,168.05,169.60,5455
2009-09-29,167.50,171.60,167.00,168.90,6939
2009-09-30,168.20,173.65,167.55,168.60,5895
2009-10-01,174.00,178.00,168.00,168.30,13068
2009-10-05,165.70,170.75,165.70,167.95,9428
2009-10-06,168.35,169.00,166.00,167.95,4068
2009-10-07,166.50,168.70,166.05,167.55,4674
2009-10-08,170.00,170.00,166.00,166.30,4500
2009-10-09,166.80,168.90,165.00,166.00,6565
2009-10-12,163.10,170.00,163.00,165.75,5136
2009-10-14,166.20,169.00,165.00,165.10,9776
2009-10-15,168.80,176.00,166.85,174.70,49179
2009-10-16,175.00,177.00,170.50,171.40,11872
2009-10-20,175.75,175.75,171.75,172.90,8226
2009-10-21,173.00,174.85,168.10,171.35,9176
2009-10-22,174.95,174.95,169.00,169.85,5361
2009-10-23,167.00,181.00,167.00,175.55,63158
2009-10-26,177.60,178.95,176.00,176.20,47379
2009-10-27,172.00,177.45,168.15,169.40,12471
2009-10-28,169.00,172.80,168.00,171.40,20299
2009-10-29,174.90,174.90,168.00,168.25,5579
2009-10-30,173.00,173.00,164.05,164.70,11836
2009-11-03,165.10,168.80,162.00,164.40,10447
2009-11-04,168.90,169.00,161.00,164.55,5596
2009-11-05,164.00,167.00,163.00,165.15,3102
2009-11-06,165.00,171.00,165.00,166.35,3329
2009-11-09,169.00,169.00,164.10,165.70,5057
2009-11-10,165.85,167.00,165.00,165.60,9205
2009-11-11,168.60,172.45,165.10,168.80,9371
2009-11-12,169.90,172.00,168.05,168.55,4347
2009-11-13,168.25,168.95,166.55,168.00,7295
2009-11-16,169.60,169.95,166.20,167.25,4378
2009-11-17,171.00,171.00,165.00,167.20,9576
2009-11-18,167.00,183.00,167.00,177.45,479484
2009-11-19,179.40,180.95,171.00,173.15,72998
2009-11-20,172.00,174.00,170.05,171.45,16246
2009-11-23,169.50,174.00,167.35,168.30,23650
2009-11-24,167.50,171.40,166.05,169.30,7739
2009-11-25,171.50,171.90,168.20,170.90,12921
2009-11-26,169.00,171.45,168.00,169.80,9792
2009-11-27,167.10,168.00,165.00,166.80,12684
2009-11-30,165.00,174.70,165.00,167.30,4294
2009-12-01,169.50,169.90,167.00,167.95,5950
2009-12-02,169.90,170.80,168.00,168.70,7191
2009-12-03,167.10,173.00,167.10,168.85,9105
2009-12-04,168.90,172.80,167.00,168.65,8920
2009-12-07,168.15,171.80,168.05,168.95,3572
2009-12-08,171.90,172.40,168.70,170.30,8646
2009-12-09,170.00,172.00,169.00,169.70,5666
2009-12-10,169.40,174.80,169.10,172.45,12084
2009-12-11,173.00,175.90,171.00,172.20,12619
2009-12-14,176.40,176.75,170.05,170.50,5078
2009-12-15,174.90,174.90,169.35,170.60,5500
2009-12-16,170.15,172.65,170.00,170.65,5036
2009-12-17,170.00,172.20,170.00,171.65,7688
2009-12-18,171.00,175.55,170.10,171.20,18482
2009-12-21,172.90,175.00,170.50,171.40,7234
2009-12-22,173.00,173.00,169.50,171.70,7098
2009-12-23,171.05,179.90,171.05,176.15,34476
2009-12-24,174.50,177.85,171.50,172.30,6140
2009-12-29,176.00,176.00,171.50,173.60,4610
2009-12-30,172.60,183.50,172.50,179.00,60826
2009-12-31,181.95,183.50,174.70,175.80,24233
2010-01-04,177.10,197.40,174.30,190.65,459943
2010-01-05,192.90,195.40,189.10,190.05,96950
2010-01-06,191.80,211.40,185.00,200.25,597355
2010-01-07,201.45,211.00,196.00,209.90,216382
2010-01-08,211.90,215.50,199.15,201.00,154303
2010-01-11,200.00,208.80,200.00,206.15,102699
2010-01-12,205.95,206.00,195.45,196.55,43152
2010-01-13,190.00,211.00,181.30,203.50,132162
2010-01-14,206.00,208.75,199.90,201.35,86612
2010-01-15,204.00,207.00,200.25,201.55,43310
2010-01-18,202.00,220.00,202.00,216.95,341154
2010-01-19,218.70,227.40,215.00,218.10,321923
2010-01-20,219.00,224.40,212.50,215.00,89927
2010-01-21,214.00,222.75,206.00,207.85,117134
2010-01-22,203.00,207.50,195.10,201.65,79712
2010-01-25,202.00,203.00,195.00,196.60,52680
2010-01-27,196.00,197.80,180.20,183.25,52997
2010-01-28,185.00,197.70,185.00,190.25,94641
2010-01-29,188.00,191.70,182.50,188.50,26486
2010-02-01,190.00,199.00,187.00,195.50,31748
2010-02-02,198.00,203.00,188.35,190.05,33315
2010-02-03,192.60,199.80,192.60,195.75,22808
2010-02-04,196.00,197.00,189.00,190.50,9846
2010-02-05,186.00,194.50,184.25,186.60,28843
2010-02-08,194.00,194.00,187.65,191.35,14648
2010-02-09,190.15,193.75,190.15,191.35,6409
2010-02-10,194.95,198.40,189.50,191.30,16057
2010-02-11,193.00,206.20,192.95,197.60,110812
2010-02-15,200.00,200.00,194.00,195.20,11183
2010-02-16,196.00,196.00,191.50,192.20,6169
2010-02-17,193.30,214.00,193.10,210.15,210064
2010-02-18,212.40,217.00,210.50,212.30,116639
2010-02-19,204.00,223.75,204.00,219.30,320962
2010-02-22,221.00,225.80,202.55,205.60,113226
2010-02-23,203.00,208.90,196.30,198.55,86642
2010-02-24,198.00,206.00,198.00,200.05,37369
2010-02-25,202.05,205.70,199.15,202.50,46146
2010-02-26,203.00,204.90,199.05,200.00,14796
2010-03-02,200.05,209.50,200.00,205.90,39789
2010-03-03,205.80,208.90,204.00,204.40,21761
2010-03-04,206.90,206.90,201.10,203.20,12317
2010-03-05,205.95,213.95,203.50,209.95,55714
2010-03-08,210.00,214.80,210.00,210.65,38990
2010-03-09,212.00,212.50,204.00,205.90,17889
2010-03-10,204.20,211.00,204.20,207.55,18177
2010-03-11,207.00,208.80,204.00,206.25,9143
2010-03-12,205.10,212.50,205.10,206.35,29920
2010-03-15,206.00,208.75,202.50,203.50,12659
2010-03-16,204.45,216.00,203.50,206.05,164118
2010-03-17,207.00,210.00,203.00,204.40,18977
2010-03-18,220.00,220.00,201.00,202.85,17014
2010-03-19,204.85,206.90,203.00,205.00,26691
2010-03-22,203.25,208.60,202.10,204.65,19749
2010-03-23,204.10,209.95,202.25,203.55,25444
2010-03-25,203.55,206.30,202.00,202.15,11802
2010-03-26,205.00,205.45,202.00,202.60,13348
2010-03-29,202.00,204.00,198.35,200.25,11272
2010-03-30,204.40,205.00,198.00,198.25,9342
2010-03-31,203.50,206.20,197.00,201.75,15592
2010-04-01,204.65,204.65,199.20,201.20,17582
2010-04-05,202.50,210.00,201.00,207.45,48805
2010-04-06,207.00,208.00,203.40,204.65,14452
2010-04-07,206.70,211.80,204.65,209.60,65737
2010-04-08,204.60,211.00,204.60,207.80,9359
2010-04-09,210.10,210.10,206.65,207.60,14252
2010-04-12,208.80,218.70,206.00,211.45,98264
2010-04-13,211.00,212.65,206.05,207.15,21550
2010-04-15,209.00,211.65,205.10,206.05,18688
2010-04-16,208.85,208.85,200.00,203.95,19314
2010-04-19,201.00,208.00,201.00,206.60,12965
2010-04-20,209.00,211.30,206.25,210.60,55025
2010-04-21,213.90,220.70,209.55,212.85,178207
2010-04-22,217.00,218.00,211.05,213.40,51029
2010-04-23,213.00,223.40,210.00,218.90,187026
2010-04-26,221.00,225.00,216.00,218.40,48187
2010-04-27,218.95,220.40,214.70,215.80,19388
2010-04-28,210.05,214.50,210.05,210.80,23060
2010-04-29,212.65,224.95,211.25,218.40,251874
2010-04-30,221.00,223.95,217.20,218.45,52809
2010-05-03,218.50,218.50,213.50,214.40,22816
2010-05-04,213.50,218.45,209.15,212.25,53242
2010-05-05,206.40,212.85,205.00,210.65,28305
2010-05-06,214.00,217.20,210.00,213.45,36070
2010-05-07,211.00,211.25,206.50,208.10,21292
2010-05-10,209.00,217.00,209.00,212.45,51319
2010-05-11,214.00,214.00,209.05,209.40,10329
2010-05-12,214.30,214.30,207.25,209.25,10918
2010-05-13,210.00,213.90,207.05,209.05,17660
2010-05-14,209.00,213.50,208.50,211.50,18067
2010-05-17,210.00,212.85,207.55,211.05,11950
2010-05-18,213.60,218.00,211.00,213.60,31429
2010-05-19,212.90,218.95,210.25,211.65,23297
2010-05-20,215.50,216.00,211.05,212.20,20365
2010-05-21,206.20,209.95,206.00,207.50,14154
2010-05-24,212.05,214.05,201.00,210.15,14270
2010-05-25,210.00,210.60,201.25,201.85,23223
2010-05-26,202.50,206.50,200.00,202.85,9644
2010-05-27,201.00,206.80,201.00,203.50,9646
2010-05-28,206.00,207.00,201.30,204.25,8126
2010-05-31,205.90,206.80,203.50,205.35,3846
2010-06-01,206.10,212.00,204.10,209.20,19945
2010-06-02,211.60,212.50,208.00,210.00,6853
2010-06-03,210.00,212.00,209.00,209.60,9694
2010-06-04,212.15,212.20,205.10,208.20,16249
2010-06-07,208.00,238.50,208.00,227.25,1569164
2010-06-08,228.70,231.00,224.20,226.70,632478
2010-06-09,228.00,236.00,224.25,226.70,279444
2010-06-10,228.90,232.60,225.40,229.50,101509
2010-06-11,232.40,232.90,228.05,230.40,86791
2010-06-14,232.00,243.00,231.90,239.00,251146
2010-06-15,241.40,286.80,239.10,286.80,946157
2010-06-16,250.00,313.00,250.00,292.85,2294512
2010-06-17,294.25,298.90,284.00,294.50,458996
2010-06-18,294.80,297.90,285.20,288.20,202365
2010-06-21,292.00,292.65,285.60,287.80,93691
2010-06-22,285.00,290.00,285.00,285.65,36890
2010-06-23,286.00,288.30,285.05,287.00,35388
2010-06-24,288.00,294.80,286.35,287.95,43139
2010-06-25,288.00,292.80,285.65,288.10,33295
2010-06-28,285.00,289.85,285.00,286.25,30248
2010-06-29,291.25,294.00,283.00,289.90,59674
2010-06-30,287.00,291.75,285.55,290.05,43095
2010-07-01,288.50,293.50,288.50,290.60,56577
2010-07-02,289.65,297.70,289.65,291.25,64736
2010-07-05,293.90,293.90,290.55,292.30,26960
2010-07-06,294.00,295.00,290.20,292.05,48010
2010-07-07,291.10,294.80,289.25,289.85,17112
2010-07-08,294.90,294.90,289.00,290.15,33223
2010-07-09,291.95,291.95,288.00,290.20,20949
2010-07-12,289.75,292.15,286.05,286.95,27207
2010-07-13,287.00,292.00,286.05,286.65,37032
2010-07-14,287.55,290.10,285.15,288.25,13353
2010-07-15,287.00,288.50,285.00,285.70,15332
2010-07-16,283.25,286.95,283.25,285.30,19264
2010-07-19,285.00,286.00,284.35,285.00,13139
2010-07-20,285.10,285.10,271.10,272.10,54121
2010-07-21,276.00,276.00,264.35,269.20,42248
2010-07-22,271.00,277.20,267.15,270.10,37070
2010-07-23,275.70,275.70,266.05,268.15,19652
2010-07-26,268.80,269.85,265.40,266.40,40470
2010-07-27,266.10,268.25,260.10,261.55,46491
2010-07-28,262.00,268.40,262.00,267.60,44256
2010-07-29,271.00,288.70,268.10,280.35,190640
2010-07-30,280.30,283.75,272.40,274.25,43281
2010-08-02,274.30,281.80,274.20,278.60,29083
2010-08-03,279.00,282.00,279.00,279.95,25917
2010-08-04,282.15,284.40,280.25,282.90,27908
2010-08-05,283.95,294.25,283.10,287.30,112254
2010-08-06,288.00,296.80,288.00,293.10,51695
2010-08-09,293.90,299.50,288.00,292.90,150821
2010-08-10,288.05,311.00,288.05,298.45,239045
2010-08-11,300.00,307.40,295.00,299.20,101742
2010-08-12,297.00,302.95,297.00,300.65,40569
2010-08-13,301.00,306.40,300.50,302.45,84959
2010-08-16,305.45,306.00,300.00,301.00,45560
2010-08-17,301.25,303.00,296.20,298.95,30712
2010-08-18,296.00,302.95,296.00,300.60,31747
2010-08-19,300.35,301.50,296.55,298.20,17168
2010-08-20,300.80,301.50,296.15,296.50,10365
2010-08-23,301.95,309.00,301.95,304.55,95456
2010-08-24,301.10,307.45,301.10,302.95,39453
2010-08-25,300.30,315.45,300.30,304.35,145452
2010-08-26,306.90,309.80,304.05,305.10,47376
2010-08-27,303.50,309.80,303.40,304.90,30916
2010-08-30,312.90,312.90,296.50,297.65,40764
2010-08-31,304.00,304.00,293.05,296.90,34444
2010-09-01,304.20,306.00,298.55,300.50,19922
2010-09-02,303.95,304.00,298.00,298.55,9440
2010-09-03,300.00,307.40,299.00,304.50,149926
2010-09-06,307.55,310.00,306.35,308.35,63942
2010-09-07,309.25,309.25,301.30,303.60,17313
2010-09-08,305.00,307.00,301.30,303.30,12929
2010-09-09,307.00,308.75,303.00,304.55,27409
2010-09-13,307.05,307.05,303.40,305.55,16369
2010-09-14,306.95,307.30,303.40,304.70,22913
2010-09-15,303.30,311.00,303.00,304.80,57672
2010-09-16,305.00,307.00,301.70,304.45,65154
2010-09-17,304.00,306.90,303.00,304.50,37982
2010-09-20,303.50,306.00,302.70,305.80,34442
2010-09-21,304.50,306.95,301.00,303.75,32331
2010-09-22,303.90,304.00,295.60,301.70,14387
2010-09-23,300.00,302.00,297.30,298.20,16791
2010-09-24,300.00,303.75,298.10,302.05,9135
2010-09-27,304.00,306.80,302.20,302.25,20143
2010-09-28,304.85,304.85,300.45,303.20,25633
2010-09-29,303.50,305.00,300.00,300.45,6521
2010-09-30,300.00,304.90,298.30,302.05,122025
2010-10-01,300.10,301.80,298.10,298.65,6774
2010-10-04,305.00,305.50,298.20,299.50,115882
2010-10-05,298.40,301.00,298.00,299.25,21210
2010-10-06,301.80,303.00,292.50,299.20,10925
2010-10-07,294.25,328.50,294.25,312.75,459406
2010-10-08,323.00,340.00,320.00,328.30,985819
2010-10-11,331.55,343.70,329.00,338.55,362269
2010-10-12,340.20,345.90,337.25,340.65,197002
2010-10-13,344.70,344.70,331.25,334.25,139793
2010-10-14,336.00,338.20,322.15,324.15,77003
2010-10-15,327.40,332.30,316.00,317.40,70683
2010-10-18,313.90,333.00,311.00,323.90,94728
2010-10-19,327.90,332.40,322.10,323.65,52776
2010-10-20,317.00,333.00,317.00,320.70,45544
2010-10-21,324.00,333.70,322.55,327.85,65692
2010-10-22,328.00,330.25,322.20,323.10,19888
2010-10-25,327.60,327.60,320.00,320.90,26542
2010-10-26,322.10,332.00,320.10,321.20,140049
2010-10-27,323.80,326.85,316.05,324.85,44622
2010-10-28,327.00,336.70,322.25,330.35,136235
2010-10-29,335.00,337.00,325.10,329.75,60155
2010-11-01,333.00,333.00,323.10,325.50,12754
2010-11-02,327.40,327.85,323.85,325.10,7913
2010-11-03,329.40,330.00,321.25,322.80,22302
2010-11-04,323.00,325.00,320.60,322.60,15134
2010-11-05,328.00,330.00,322.60,328.45,12424
2010-11-08,327.00,329.70,322.20,322.45,8582
2010-11-09,325.00,326.45,318.95,321.15,11466
2010-11-10,318.25,328.90,318.25,321.80,18876
2010-11-11,324.00,326.70,320.40,322.10,12816
2010-11-12,320.00,324.45,312.90,314.65,29692
2010-11-15,312.00,320.90,312.00,318.90,20643
2010-11-16,323.00,326.60,317.00,318.30,45223
2010-11-18,324.00,334.00,318.00,328.10,106939
2010-11-19,330.05,332.00,321.25,325.55,71949
2010-11-22,322.00,326.25,320.50,321.85,47989
2010-11-23,316.25,324.00,314.05,321.35,21412
2010-11-24,320.20,325.00,320.00,320.75,39286
2010-11-25,320.00,322.60,320.00,320.15,10255
2010-11-26,320.00,320.00,308.00,315.35,54588
2010-11-29,316.00,321.00,315.60,319.40,27577
2010-11-30,315.95,332.50,314.15,327.00,45066
2010-12-01,327.00,329.00,320.00,322.70,30222
2010-12-02,326.95,326.95,321.00,321.80,48565
2010-12-03,310.25,324.00,310.25,315.90,78282
2010-12-06,318.50,326.40,314.20,318.95,16839
2010-12-07,320.25,321.95,318.20,318.75,4763
2010-12-08,316.00,319.00,311.50,313.95,12358
2010-12-09,311.00,319.70,300.00,301.85,36593
2010-12-10,304.00,310.00,301.00,305.25,7261
2010-12-13,309.95,312.50,307.10,307.60,4316
2010-12-14,308.00,319.90,308.00,318.60,18393
2010-12-15,317.00,319.00,313.15,315.05,11170
2010-12-16,318.80,318.80,311.25,313.20,7633
2010-12-20,313.05,320.00,313.05,316.95,17031
2010-12-21,317.10,329.00,317.10,326.95,35824
2010-12-22,325.00,330.90,325.00,329.80,18617
2010-12-23,326.55,330.65,323.05,326.00,11450
2010-12-24,326.00,332.40,326.00,329.30,27714
2010-12-27,331.70,332.00,314.40,328.75,14475
2010-12-28,330.90,330.90,326.00,328.70,8803
2010-12-29,329.85,331.95,328.00,330.25,13109
2010-12-30,331.15,333.00,326.50,330.15,9651
2010-12-31,331.00,352.00,331.00,341.00,189006
2011-01-03,345.60,365.00,344.45,360.15,275101
2011-01-04,364.80,364.80,345.10,354.35,58070
2011-01-05,357.90,358.80,328.50,351.70,596123
2011-01-06,350.00,350.00,335.00,340.20,106843
2011-01-07,337.00,341.05,325.05,332.00,73681
2011-01-10,331.50,345.00,330.20,332.15,40118
2011-01-11,332.70,337.00,325.65,327.30,22086
2011-01-12,330.00,333.00,325.05,328.85,17150
2011-01-13,330.00,330.00,319.55,320.65,23239
2011-01-14,321.00,321.00,290.05,296.00,150087
2011-01-17,295.50,318.00,294.40,315.40,116479
2011-01-18,317.00,318.00,305.00,313.10,94219
2011-01-19,312.00,316.50,308.50,315.10,40270
2011-01-20,316.00,322.00,314.40,318.85,46692
2011-01-21,324.40,348.85,319.10,327.80,730488
2011-01-24,330.80,343.00,312.05,333.95,389554
2011-01-25,334.80,334.80,305.25,311.70,415825
2011-01-27,312.90,319.80,291.25,299.80,279611
2011-01-28,300.00,300.95,271.05,274.45,92295
2011-01-31,270.10,280.80,255.05,261.70,149556
2011-02-01,262.00,262.00,252.50,258.95,76915
2011-02-02,260.00,270.00,255.10,257.20,37204
2011-02-03,254.00,261.95,251.30,253.25,31708
2011-02-04,245.05,266.00,245.05,251.45,61263
2011-02-07,252.25,259.80,252.25,254.95,15118
2011-02-08,252.00,257.00,241.00,243.55,15061
2011-02-09,238.00,241.80,224.00,225.60,24146
2011-02-10,226.45,236.85,225.00,227.80,15548
2011-02-11,228.50,244.00,228.50,240.90,12407
2011-02-14,245.00,257.80,245.00,250.90,27505
2011-02-15,252.00,255.00,243.00,244.10,9934
2011-02-16,245.05,251.80,245.00,246.40,2651
2011-02-17,250.00,254.80,246.95,248.95,10720
2011-02-18,250.95,253.05,242.05,243.50,7721
2011-02-21,242.00,250.00,242.00,246.80,6148
2011-02-22,247.00,248.90,242.00,247.45,1916
2011-02-23,248.00,253.00,246.35,247.90,28948
2011-02-24,247.00,247.00,238.50,240.65,28404
2011-02-25,229.80,252.00,229.80,248.15,39693
2011-02-28,246.00,250.00,240.30,243.00,47468
2011-03-01,245.00,249.00,242.00,246.10,22450
2011-03-03,244.00,249.95,243.50,247.00,9204
2011-03-04,246.00,249.45,246.00,248.90,20631
2011-03-07,245.00,252.00,245.00,249.70,70508
2011-03-08,251.40,253.15,248.00,249.25,7701
2011-03-09,250.00,253.50,247.20,250.25,7656
2011-03-10,250.00,252.00,249.70,251.10,4436
2011-03-11,248.05,253.40,248.00,251.20,11270
2011-03-14,248.00,254.40,247.00,252.90,12010
2011-03-15,249.00,256.50,248.10,253.15,24363
2011-03-16,255.00,259.80,250.65,257.35,7676
2011-03-17,258.55,273.35,255.05,268.85,51906
2011-03-18,274.00,279.00,268.00,271.05,23945
2011-03-21,276.80,276.80,261.00,263.55,11635
2011-03-22,264.00,270.00,264.00,267.25,7979
2011-03-23,265.50,272.00,265.50,268.00,30563
2011-03-24,267.05,271.20,266.50,267.95,7162
2011-03-25,270.00,281.95,268.15,279.05,20023
2011-03-28,277.00,289.00,276.10,279.80,32843
2011-03-29,283.00,284.00,271.40,274.10,30799
2011-03-30,272.30,276.00,268.10,269.60,14951
2011-03-31,270.65,290.00,267.00,285.60,57102
2011-04-01,285.10,303.90,285.10,292.60,41036
2011-04-04,295.50,302.75,295.50,299.10,14501
2011-04-05,299.00,310.00,297.05,304.05,31002
2011-04-06,308.00,308.00,296.15,299.85,9336
2011-04-07,297.65,312.00,297.65,305.70,22369
2011-04-08,308.00,324.20,304.10,313.20,70160
2011-04-11,312.00,325.00,310.00,317.10,39752
2011-04-13,310.55,320.95,310.00,318.15,10891
2011-04-15,314.05,320.95,309.65,315.00,11122
2011-04-18,316.90,321.00,307.00,308.10,6328
2011-04-19,307.70,310.95,301.05,304.25,12780
2011-04-20,306.00,320.00,301.50,306.50,11626
2011-04-21,308.00,312.85,304.10,306.75,6191
2011-04-25,308.00,322.80,302.50,309.70,159569
2011-04-26,311.70,318.75,307.00,314.50,28576
2011-04-27,311.40,319.00,309.05,317.95,14792
2011-04-28,315.50,317.00,311.00,312.90,12552
2011-04-29,315.00,315.00,306.10,308.75,6186
2011-05-02,309.65,312.45,300.00,300.65,11558
2011-05-03,303.00,303.00,292.20,294.35,9987
2011-05-04,293.70,298.00,291.30,294.40,4677
2011-05-05,300.00,304.00,293.00,295.65,10154
2011-05-06,294.00,301.95,293.00,298.75,3251
2011-05-09,301.00,301.95,296.25,298.15,3741
2011-05-10,297.10,298.50,296.10,296.10,5081
2011-05-11,297.00,299.00,291.50,293.10,1349
2011-05-12,290.05,296.80,290.05,291.90,1550
2011-05-13,291.20,309.80,291.20,298.25,19093
2011-05-16,298.50,300.00,296.00,296.70,4292
2011-05-17,299.95,299.95,290.50,291.30,2968
2011-05-18,290.00,298.00,288.30,289.75,5363
2011-05-19,291.00,294.45,285.05,287.70,5000
2011-05-20,286.00,293.60,276.25,291.80,5595
2011-05-23,290.00,292.15,285.00,287.70,7045
2011-05-24,288.00,288.00,281.30,284.35,2611
2011-05-25,282.05,285.00,279.00,283.60,3328
2011-05-26,285.00,285.00,279.05,279.95,11541
2011-05-27,281.50,284.90,277.00,279.05,2291
2011-05-30,277.25,286.00,277.00,280.55,1584
2011-05-31,278.00,295.00,278.00,286.85,7990
2011-06-01,286.00,291.00,281.15,283.45,5665
2011-06-02,285.45,294.90,282.50,285.00,11343
2011-06-03,289.95,293.75,282.15,283.30,16062
2011-06-06,281.00,286.25,281.00,283.45,2268
2011-06-07,284.95,285.80,282.55,284.05,4179
2011-06-08,283.00,284.45,282.55,283.55,1929
2011-06-09,285.00,286.80,283.20,285.40,2366
2011-06-10,286.00,294.00,284.40,284.45,13105
2011-06-13,284.80,307.30,282.25,292.55,125580
2011-06-14,294.00,299.90,290.50,295.05,32146
2011-06-15,297.95,298.00,289.25,290.90,12107
2011-06-16,291.80,294.75,289.05,290.05,9365
2011-06-17,290.05,292.00,287.30,288.35,7025
2011-06-20,284.25,284.50,276.70,277.70,7627
2011-06-21,276.00,283.55,276.00,280.75,1789
2011-06-22,287.00,287.95,277.25,278.50,3692
2011-06-23,274.00,279.00,271.05,273.90,5215
2011-06-24,276.95,280.00,275.10,276.85,4257
2011-06-27,276.10,277.90,274.50,275.40,4252
2011-06-28,273.25,280.00,273.25,279.05,3666
2011-06-29,275.30,285.00,275.30,277.75,10689
2011-06-30,275.45,281.45,273.15,278.40,14509
2011-07-01,276.00,278.00,273.00,275.40,11966
2011-07-04,275.95,293.80,274.40,287.90,29958
2011-07-05,287.90,288.05,284.50,284.65,2756
2011-07-06,284.60,286.25,282.25,283.65,3483
2011-07-07,283.65,296.00,283.65,294.35,23189
2011-07-08,290.05,298.70,288.30,294.00,4946
2011-07-11,294.00,295.80,288.15,288.95,4445
2011-07-12,289.95,300.00,286.00,286.60,15124
2011-07-13,292.95,292.95,288.00,290.00,5144
2011-07-14,288.15,298.80,288.00,295.90,23300
2011-07-15,296.50,299.00,293.10,296.10,3478
2011-07-18,296.00,301.90,292.15,293.90,18635
2011-07-19,305.00,305.00,284.20,297.45,10057
2011-07-20,297.00,299.00,292.00,293.05,6696
2011-07-21,294.90,294.90,292.05,292.95,1619
2011-07-22,293.80,298.65,293.35,294.80,14893
2011-07-25,299.00,305.00,295.15,300.90,22155
2011-07-26,304.10,316.00,304.10,308.50,330844
2011-07-27,311.55,314.45,305.00,307.55,48013
2011-07-28,303.60,311.95,302.65,307.75,29277
2011-07-29,309.90,310.95,300.00,302.95,21121
2011-08-01,309.90,309.90,299.00,301.95,11452
2011-08-02,300.95,304.75,291.10,293.75,24447
2011-08-03,290.30,301.00,283.00,298.10,14902
2011-08-04,292.00,299.50,292.00,294.70,5822
2011-08-05,285.35,293.50,283.20,290.75,14381
2011-08-08,289.00,289.00,280.10,283.25,18834
2011-08-09,273.00,285.80,273.00,279.45,12674
2011-08-10,285.00,287.00,280.05,281.00,7276
2011-08-11,281.00,284.75,279.00,281.90,6667
2011-08-12,279.00,282.50,270.35,277.70,7673
2011-08-16,278.05,281.50,274.50,275.20,5499
2011-08-17,278.00,279.90,273.00,273.90,5304
2011-08-18,275.00,275.00,268.05,270.40,4777
2011-08-19,265.00,270.00,263.00,268.10,6629
2011-08-22,270.00,273.00,265.00,270.50,4658
2011-08-23,275.50,279.80,271.65,276.35,12485
2011-08-24,278.75,281.00,275.20,276.30,5390
2011-08-25,275.75,281.20,270.05,271.25,3210
2011-08-26,270.10,273.90,265.90,269.35,8948
2011-08-29,265.10,272.85,248.35,268.65,19338
2011-08-30,271.90,273.50,268.10,271.80,2684
2011-09-02,270.00,273.30,269.15,271.30,1493
2011-09-05,271.90,281.70,271.00,279.60,7782
2011-09-06,283.00,286.70,278.00,284.45,9058
2011-09-07,280.05,286.50,280.05,281.35,2036
2011-09-08,280.50,284.70,279.25,282.00,2473
2011-09-09,280.00,281.00,277.00,278.80,3514
2011-09-12,275.00,278.00,273.30,277.35,2212
2011-09-13,279.95,279.95,274.20,276.30,2183
2011-09-14,277.85,277.85,274.00,275.25,2409
2011-09-15,276.00,277.90,275.00,276.75,1421
2011-09-16,272.70,278.35,272.55,274.55,7883
2011-09-19,277.50,297.95,276.00,289.00,39612
2011-09-20,291.95,295.70,286.20,290.20,18818
2011-09-21,290.30,304.00,290.30,301.00,44602
2011-09-22,304.00,306.90,296.00,299.60,48213
2011-09-23,295.00,301.00,294.50,298.90,10531
2011-09-26,299.00,311.70,294.05,302.40,54753
2011-09-27,306.00,314.50,305.00,312.65,36472
2011-09-28,310.05,314.00,301.00,301.85,12530
2011-09-29,300.00,305.95,298.00,299.85,10526
2011-09-30,296.50,306.90,296.50,305.15,6746
2011-10-03,309.00,309.00,297.15,300.40,6598
2011-10-04,302.00,306.00,295.00,298.70,10958
2011-10-05,295.00,303.00,295.00,296.65,3498
2011-10-07,298.00,302.00,295.00,295.75,3555
2011-10-10,296.40,305.00,296.40,300.65,7199
2011-10-11,300.00,303.00,300.00,300.50,1841
2011-10-12,302.75,307.95,300.50,306.25,13865
2011-10-13,308.00,311.00,301.10,308.80,17851
2011-10-14,306.00,318.00,306.00,315.20,32965
2011-10-17,316.00,322.45,315.00,320.20,41354
2011-10-18,317.00,319.95,295.20,305.85,14121
2011-10-19,301.05,322.70,301.05,319.90,39750
2011-10-20,316.00,316.55,309.45,311.25,7941
2011-10-21,311.60,322.00,311.10,314.20,17391
2011-10-24,319.00,324.00,305.20,307.85,14549
2011-10-25,305.25,312.50,305.25,311.35,2957
2011-10-26,317.00,317.00,312.55,313.50,2825
2011-10-28,310.00,320.95,310.00,312.00,14855
2011-10-31,311.00,312.85,310.00,310.45,3458
2011-11-01,309.05,313.05,309.05,312.15,2711
2011-11-02,305.05,316.00,305.05,313.10,2520
2011-11-03,311.80,313.95,307.80,309.55,6174
2011-11-04,312.00,313.80,308.20,308.60,1839
2011-11-08,309.00,313.25,308.00,311.65,1761
2011-11-09,312.00,312.00,303.20,305.30,6806
2011-11-11,306.00,308.00,301.50,304.30,4362
2011-11-14,306.00,307.00,301.15,301.75,2087
2011-11-15,300.50,305.10,293.60,294.35,6076
2011-11-16,295.00,295.05,292.50,292.85,3906
2011-11-17,292.65,298.50,292.00,292.25,2495
2011-11-18,292.65,292.65,279.95,284.55,7819
2011-11-21,276.00,287.95,275.00,277.15,9911
2011-11-22,282.95,284.00,277.00,280.35,3573
2011-11-23,280.00,283.00,280.00,280.30,8031
2011-11-24,280.50,280.95,275.00,278.60,5375
2011-11-25,285.00,285.00,275.20,278.35,2424
2011-11-28,275.05,286.55,275.05,282.30,2684
2011-11-29,284.45,285.75,277.20,278.30,1541
2011-11-30,279.95,281.65,276.35,280.50,702
2011-12-01,282.00,283.90,277.00,278.20,2461
2011-12-02,275.70,283.95,270.55,281.70,1249
2011-12-05,277.05,282.85,277.05,281.55,1222
2011-12-07,283.00,283.00,279.50,280.25,3790
2011-12-08,277.50,282.50,277.30,280.25,1435
2011-12-09,280.05,282.70,280.00,280.90,1733
2011-12-12,277.55,281.95,277.55,280.05,5889
2011-12-13,280.00,295.00,280.00,289.55,12591
2011-12-14,287.00,291.00,284.00,289.45,5250
2011-12-15,288.50,288.50,280.00,280.15,6412
2011-12-16,280.05,283.30,279.00,279.95,16293
2011-12-19,278.00,278.00,272.00,272.40,2880
2011-12-20,269.00,272.00,269.00,270.25,8141
2011-12-21,274.95,274.95,270.00,270.30,1330
2011-12-22,267.00,271.80,263.20,270.35,8967
2011-12-23,272.95,279.80,270.10,272.15,874
2011-12-26,274.35,274.35,272.20,272.75,592
2011-12-27,278.60,278.60,274.00,275.00,281
2011-12-28,277.70,277.70,270.05,272.10,2001
2011-12-29,267.00,273.85,267.00,272.00,469
2011-12-30,272.50,273.90,268.00,269.45,1478
2012-01-02,270.00,271.95,270.00,270.00,381
2012-01-03,272.00,275.95,272.00,274.10,1289
2012-01-04,274.00,277.90,271.50,275.50,2759
2012-01-05,277.95,279.00,275.85,278.95,267
2012-01-06,273.00,280.00,273.00,275.40,794
2012-01-09,279.90,279.90,277.10,278.35,1004
2012-01-10,279.90,308.00,279.70,301.65,36979
2012-01-11,305.00,307.30,302.00,304.75,16997
2012-01-12,304.00,305.40,300.60,303.20,5171
2012-01-13,300.00,304.80,298.05,299.65,28253
2012-01-16,291.00,308.75,286.00,304.95,7572
2012-01-17,300.00,309.45,300.00,305.15,4571
2012-01-18,307.00,310.00,305.00,309.05,10794
2012-01-19,310.00,315.00,308.00,310.65,14314
2012-01-20,309.00,314.00,309.00,312.80,6306
2012-01-23,310.00,319.25,310.00,317.05,8778
2012-01-24,318.00,329.50,315.10,324.90,41564
2012-01-25,324.00,330.00,324.00,326.85,23314
2012-01-27,325.00,327.00,324.05,325.05,10170
2012-01-30,324.05,327.95,316.00,317.20,4464
2012-01-31,317.20,323.80,314.60,317.75,4798
2012-02-01,326.95,326.95,316.05,317.85,21390
2012-02-02,324.20,324.20,315.05,319.00,5381
2012-02-03,310.00,322.70,310.00,318.30,3616
2012-02-06,318.05,328.05,318.00,324.55,7465
2012-02-07,324.55,329.80,316.00,323.60,8684
2012-02-08,320.05,328.25,319.50,321.40,11292
2012-02-09,319.05,326.80,319.00,324.15,10972
2012-02-10,330.00,372.70,330.00,351.60,359972
2012-02-13,355.00,401.70,352.00,375.95,494778
2012-02-14,378.50,389.70,377.00,381.00,103442
2012-02-15,378.65,398.00,378.50,391.25,111942
2012-02-16,394.65,406.00,391.65,399.35,86139
2012-02-17,402.80,406.00,384.25,386.85,50033
2012-02-21,391.00,393.40,387.00,388.95,14774
2012-02-22,390.00,393.00,378.00,379.95,19559
2012-02-23,380.50,392.00,378.00,382.90,14837
2012-02-24,384.90,424.30,383.25,417.05,386178
2012-02-27,420.00,425.50,405.20,408.45,154434
2012-02-28,409.00,453.00,409.00,443.05,380107
2012-02-29,447.00,460.70,442.00,450.65,233809
2012-03-01,453.95,453.95,441.00,443.70,45805
2012-03-02,447.30,475.00,441.00,455.95,166265
2012-03-05,499.00,505.50,480.10,483.50,527789
2012-03-06,480.15,494.00,461.80,464.20,112018
2012-03-07,466.20,466.20,447.25,457.85,119143
2012-03-09,460.00,475.00,457.15,465.55,88672
2012-03-12,472.00,484.90,457.20,468.70,88775
2012-03-13,471.00,479.60,467.15,469.45,62133
2012-03-14,472.00,475.00,458.00,460.35,59296
2012-03-15,460.00,468.40,455.55,457.95,36008
2012-03-16,455.05,469.00,455.05,456.40,27622
2012-03-19,460.00,465.00,451.15,453.50,38339
2012-03-20,450.10,463.85,450.10,456.40,31647
2012-03-21,459.60,464.00,456.40,460.30,43313
2012-03-22,459.50,469.40,452.15,454.85,35529
2012-03-23,454.00,461.20,452.10,453.55,32241
2012-03-26,456.30,464.70,446.05,458.35,92913
2012-03-27,461.80,464.00,450.10,450.55,15431
2012-03-28,450.10,461.00,447.60,452.95,43123
2012-03-29,455.00,474.80,452.00,465.55,90296
2012-03-30,469.70,485.00,465.50,475.30,108495
2012-04-02,476.00,485.50,476.00,479.55,52676
2012-04-03,483.95,483.95,475.00,479.55,19040
2012-04-04,476.10,482.40,476.00,480.15,24583
2012-04-09,470.00,496.80,470.00,485.75,85615
2012-04-10,489.00,494.80,483.30,486.05,30134
2012-04-11,475.40,514.00,475.40,503.40,180269
2012-04-12,507.55,526.30,503.00,523.05,220965
2012-04-13,517.35,525.00,503.25,510.20,83473
2012-04-16,510.00,519.60,506.00,514.25,43347
2012-04-17,515.15,519.80,506.10,512.20,46584
2012-04-18,514.30,518.80,509.10,513.10,26794
2012-04-19,482.85,519.30,418.70,497.90,34606
2012-04-20,500.00,514.00,492.00,500.40,46487
2012-04-23,504.90,507.45,488.10,490.80,27418
2012-04-24,480.40,493.45,452.50,479.65,77611
2012-04-25,480.00,489.00,472.10,477.65,25053
2012-04-26,480.00,484.90,456.00,459.60,31720
2012-04-27,455.00,468.60,440.05,443.60,52759
2012-04-30,446.00,468.30,445.00,466.20,62259
2012-05-02,466.50,474.95,448.00,449.90,24855
2012-05-03,448.00,454.00,444.65,450.65,7334
2012-05-04,450.00,454.75,430.10,432.70,17924
2012-05-07,431.00,446.00,423.00,441.75,15034
2012-05-08,445.00,449.90,431.20,434.45,7289
2012-05-09,430.50,442.95,426.60,433.20,6943
2012-05-10,433.85,442.00,427.00,432.15,9377
2012-05-11,430.00,433.75,409.35,412.50,27547
2012-05-14,412.45,417.85,396.10,397.00,15109
2012-05-15,391.00,409.80,391.00,405.90,10863
2012-05-16,414.00,414.00,395.25,399.25,21516
2012-05-17,401.25,425.65,397.05,399.50,42437
2012-05-18,404.90,435.00,404.90,414.05,164738
2012-05-21,415.00,444.00,415.00,435.75,102192
2012-05-22,440.00,449.00,428.25,431.15,55386
2012-05-23,434.80,443.70,430.10,432.70,23156
2012-05-24,434.00,438.10,425.00,426.50,19294
2012-05-25,426.90,434.50,424.80,431.90,17748
2012-05-28,430.00,441.90,417.25,435.35,41001
2012-05-29,433.00,438.50,425.35,428.35,14951
2012-05-30,429.00,435.50,422.20,423.65,10207
2012-05-31,417.00,417.00,371.00,384.70,136041
2012-06-01,386.00,398.10,376.00,378.55,43102
2012-06-04,373.40,394.00,368.05,388.30,47593
2012-06-05,394.70,394.70,375.80,379.30,21390
2012-06-06,380.00,391.95,380.00,386.60,14266
2012-06-07,385.20,397.65,385.20,391.90,19189
2012-06-08,389.85,407.90,389.35,402.05,55578
2012-06-11,405.00,413.10,401.35,403.85,40680
2012-06-12,405.00,421.90,402.95,414.70,97091
2012-06-13,415.00,421.00,412.00,413.85,27131
2012-06-14,416.00,420.75,404.80,405.70,30839
2012-06-15,408.00,419.70,406.00,410.45,43136
2012-06-18,410.00,415.20,400.25,400.25,15788
2012-06-19,403.70,407.20,396.25,397.10,16508
2012-06-20,400.00,409.15,397.50,398.75,40003
2012-06-21,398.00,407.45,398.00,400.35,26512
2012-06-22,400.00,407.75,394.00,395.95,17422
2012-06-25,397.00,403.90,391.10,392.30,16649
2012-06-26,392.20,396.90,386.20,389.75,20867
2012-06-27,394.90,399.00,390.30,395.60,20849
2012-06-28,394.80,397.00,391.10,391.10,6493
2012-06-29,395.00,405.70,393.05,398.70,28479
2012-07-02,403.80,407.00,398.00,399.55,17190
2012-07-03,402.00,404.45,394.30,396.10,18869
2012-07-04,396.60,405.00,396.60,400.55,20512
2012-07-05,401.00,411.85,398.00,405.30,46695
2012-07-06,407.00,408.00,398.80,399.95,9674
2012-07-09,396.20,404.60,393.00,394.60,10675
2012-07-10,396.00,400.00,393.45,394.20,8534
2012-07-11,396.10,404.60,391.30,392.30,27518
2012-07-12,388.40,395.30,388.10,389.95,10928
2012-07-13,390.00,401.95,390.00,390.85,31137
2012-07-16,390.50,405.90,390.50,399.95,96539
2012-07-17,403.65,409.90,400.40,402.70,82081
2012-07-18,404.00,406.35,398.55,405.00,37186
2012-07-19,404.50,407.75,394.40,396.10,21847
2012-07-20,395.70,399.65,394.10,395.50,9727
2012-07-23,394.90,399.75,390.70,391.90,10389
2012-07-24,392.65,396.50,390.50,395.85,9156
2012-07-25,394.05,397.00,391.20,395.15,10170
2012-07-26,398.00,409.00,393.00,393.50,73747
2012-07-27,398.10,401.50,381.00,384.00,18579
2012-07-30,382.70,391.10,382.65,386.80,10495
2012-07-31,383.10,389.50,383.00,386.80,5993
2012-08-01,386.00,391.40,385.75,388.45,8673
2012-08-02,394.90,394.90,386.75,389.85,7704
2012-08-03,392.95,393.00,385.65,386.80,6540
2012-08-06,392.00,422.80,386.25,414.30,237974
2012-08-07,415.00,421.25,409.15,415.65,61148
2012-08-08,418.00,436.85,411.25,417.95,180697
2012-08-09,418.05,423.70,413.75,419.20,35132
2012-08-10,415.00,431.20,414.00,417.80,51145
2012-08-13,415.00,423.90,410.10,418.25,18761
2012-08-14,422.00,429.00,415.00,421.30,54517
2012-08-16,420.25,423.95,416.25,420.95,22397
2012-08-17,423.45,427.00,418.30,420.20,29172
2012-08-21,419.50,424.50,416.75,418.00,10345
2012-08-22,419.90,428.20,416.85,421.90,35624
2012-08-23,424.00,447.50,420.20,441.90,158503
2012-08-24,444.90,452.25,432.25,434.60,167369
2012-08-27,435.35,446.25,430.00,432.20,55733
2012-08-28,435.40,437.05,415.00,422.10,35135
2012-08-29,424.40,428.00,421.75,422.75,29710
2012-08-30,422.00,427.00,415.50,425.45,18215
2012-08-31,424.00,429.00,420.05,422.30,12260
2012-09-03,423.95,429.00,423.00,423.00,16749
2012-09-04,419.80,419.80,415.00,417.10,19290
2012-09-05,420.00,428.00,415.00,422.85,18815
2012-09-06,425.00,443.15,423.00,438.00,52427
2012-09-07,441.20,444.50,430.00,438.10,20980
2012-09-10,444.80,462.70,444.80,457.20,104597
2012-09-11,460.10,473.90,453.50,465.05,105662
2012-09-12,470.70,470.70,453.30,465.35,38287
2012-09-13,460.85,468.40,455.30,455.30,32587
2012-09-14,458.05,467.70,445.05,445.05,25021
2012-09-17,454.00,456.80,445.15,445.80,17745
2012-09-18,449.70,455.65,440.15,452.70,21454
2012-09-20,452.70,452.80,441.25,442.00,7198
2012-09-21,442.65,450.90,440.00,440.00,9506
2012-09-24,444.80,449.50,440.20,446.00,11364
2012-09-25,449.90,451.15,435.10,440.85,8768
2012-09-26,441.25,447.40,435.00,438.15,13666
2012-09-27,444.95,445.75,436.30,441.15,6908
2012-09-28,437.00,456.00,437.00,447.40,26571
2012-10-01,452.40,452.45,442.00,444.15,5751
2012-10-03,438.10,448.05,438.05,445.70,23658
2012-10-04,450.40,450.40,438.00,439.35,21338
2012-10-05,440.95,443.90,430.85,437.20,19198
2012-10-08,435.00,442.95,435.00,438.95,8749
2012-10-09,444.95,444.95,433.25,434.70,19165
2012-10-10,432.15,439.30,425.35,428.00,12561
2012-10-11,429.80,434.40,425.25,432.20,9500
2012-10-12,436.00,436.00,426.50,429.35,11480
2012-10-15,428.35,436.45,421.00,426.70,36991
2012-10-16,425.40,432.50,416.55,420.80,13991
2012-10-17,420.95,422.65,412.60,415.05,12400
2012-10-18,411.15,424.55,411.00,421.55,6362
2012-10-19,424.80,431.30,420.00,426.10,9129
2012-10-22,428.60,438.00,421.00,435.85,14373
2012-10-23,438.00,438.85,421.00,425.70,8824
2012-10-25,438.00,438.00,420.10,421.10,10216
2012-10-26,427.00,427.00,420.00,421.95,5532
2012-10-29,417.05,423.00,411.10,412.45,2140
2012-10-30,411.00,419.40,403.60,408.00,10016
2012-10-31,408.90,412.00,402.90,405.30,11567
2012-11-01,401.65,422.95,401.65,415.45,80662
2012-11-02,419.30,426.80,400.10,415.30,98914
2012-11-05,410.00,416.00,403.00,404.45,13114
2012-11-06,410.00,410.00,399.00,403.00,6669
2012-11-07,407.90,419.65,403.00,410.55,21577
2012-11-08,407.80,414.95,404.30,407.35,13070
2012-11-09,412.00,412.90,406.00,407.20,11108
2012-11-12,403.00,410.95,403.00,408.00,4235
2012-11-13,405.00,410.00,401.35,410.00,1833
2012-11-15,409.65,419.30,403.00,408.80,26164
2012-11-16,410.00,410.00,397.95,400.20,14147
2012-11-19,400.00,411.00,395.00,404.70,17295
2012-11-20,410.00,414.00,405.00,407.45,11986
2012-11-21,406.85,408.20,382.25,386.50,35011
2012-11-22,381.30,405.50,381.00,395.15,46034
2012-11-23,398.85,398.85,385.10,389.35,14656
2012-11-26,392.20,408.80,392.20,401.60,32732
2012-11-27,401.05,408.00,400.20,403.25,12400
2012-11-29,398.95,405.90,398.00,399.90,11056
2012-11-30,398.35,404.00,397.40,399.50,6960
2012-12-03,402.00,402.00,393.10,394.00,7693
2012-12-04,394.05,405.00,394.05,400.00,12904
2012-12-05,407.00,407.00,397.40,399.00,7843
2012-12-06,418.00,418.00,395.00,400.40,4606
2012-12-07,401.95,403.00,394.00,395.55,8092
2012-12-10,394.00,401.75,392.00,396.95,7979
2012-12-11,396.40,399.40,386.00,389.20,6101
2012-12-12,390.70,393.25,384.20,385.85,4906
2012-12-13,385.00,391.00,373.35,380.60,34743
2012-12-14,380.00,382.00,373.55,379.25,21138
2012-12-17,378.10,404.00,378.10,401.75,53791
2012-12-18,403.00,413.00,400.00,405.15,27605
2012-12-19,406.00,410.70,384.75,386.05,30773
2012-12-20,385.00,394.00,381.05,389.90,15469
2012-12-21,382.30,393.95,381.65,382.70,6437
2012-12-24,391.40,405.10,384.00,387.20,3783
2012-12-26,388.00,391.95,384.00,389.00,4667
2012-12-27,388.00,388.00,381.00,381.25,5847
2012-12-28,385.65,385.70,376.00,378.45,9831
2012-12-31,378.00,383.90,376.50,377.40,7000
2013-01-01,385.00,397.00,375.00,381.85,6376
2013-01-02,387.95,392.00,379.00,386.55,11848
2013-01-03,389.75,397.00,386.10,391.30,15442
2013-01-04,396.00,396.00,382.90,385.55,10753
2013-01-07,389.85,393.60,382.35,383.60,7002
2013-01-08,385.00,385.05,378.05,380.30,5737
2013-01-09,379.00,388.00,378.50,378.50,17591
2013-01-10,381.50,385.90,377.05,381.45,5599
2013-01-11,378.05,383.95,378.00,378.80,2669
2013-01-14,380.10,384.85,379.70,380.00,7626
2013-01-15,376.50,381.60,376.50,379.70,5735
2013-01-16,378.05,383.40,378.05,382.05,4835
2013-01-17,384.40,387.90,375.50,386.10,9615
2013-01-18,387.90,387.90,381.15,381.20,7524
2013-01-21,380.15,383.95,378.00,378.50,2684
2013-01-22,382.95,382.95,374.00,374.25,2411
2013-01-23,375.80,375.80,366.05,369.75,3188
2013-01-24,365.00,375.05,365.00,366.25,2225
2013-01-25,370.15,370.15,362.05,362.50,2265
2013-01-28,364.60,371.90,361.10,362.75,2323
2013-01-29,369.80,369.80,362.50,365.70,1924
2013-01-30,361.00,368.00,359.00,359.65,2710
2013-01-31,359.35,360.50,356.00,356.80,3588
2013-02-01,358.45,358.45,339.00,341.55,12155
2013-02-04,348.95,348.95,334.00,336.50,8736
2013-02-05,330.15,333.00,315.10,327.60,19385
2013-02-06,330.15,344.30,323.10,338.95,11214
2013-02-07,341.40,350.00,337.40,341.35,9169
2013-02-08,340.00,340.00,327.00,327.00,7341
2013-02-11,338.85,338.85,315.00,315.35,7975
2013-02-12,314.05,319.95,310.30,316.80,15156
2013-02-13,317.00,324.35,315.00,318.30,3724
2013-02-14,313.00,323.20,313.00,314.15,2613
2013-02-15,311.00,322.00,310.00,312.00,4380
2013-02-18,307.20,316.50,305.60,310.50,28169
2013-02-19,311.00,312.00,306.65,309.45,9609
2013-02-20,315.70,318.70,305.00,307.35,7746
2013-02-21,305.55,312.00,304.00,305.05,7422
2013-02-22,306.60,306.60,296.20,301.10,8285
2013-02-25,300.05,307.00,295.05,299.85,10958
2013-02-26,301.40,301.40,288.05,291.90,7138
2013-02-27,293.00,299.00,287.90,294.50,9180
2013-02-28,299.70,320.00,284.00,285.30,4722
2013-03-01,290.00,294.90,285.25,289.05,2930
2013-03-04,290.00,295.00,285.00,288.55,5578
2013-03-05,288.00,290.00,279.90,283.25,8283
2013-03-06,280.05,293.40,275.50,293.40,41750
2013-03-07,284.30,298.00,277.00,285.25,14021
2013-03-08,291.95,291.95,275.60,277.20,27290
2013-03-11,283.95,284.00,264.00,264.80,19232
2013-03-12,272.00,273.70,248.80,251.95,63879
2013-03-13,252.50,264.60,247.80,257.50,31280
2013-03-14,260.00,260.00,251.00,252.30,8355
2013-03-15,253.00,302.75,253.00,302.75,490018
2013-03-18,313.00,324.90,302.65,305.15,447970
2013-03-19,310.00,362.90,289.00,355.90,1076589
2013-03-20,350.75,361.20,320.35,320.35,848178
2013-03-21,315.00,324.90,290.00,291.45,209566
2013-03-22,291.05,298.00,275.10,281.25,138814
2013-03-25,288.00,295.30,281.00,286.55,108991
2013-03-26,285.00,292.80,272.25,276.45,48358
2013-03-28,275.40,285.00,264.10,279.45,73461
2013-04-01,278.80,290.95,270.50,277.00,27599
2013-04-02,277.00,288.80,277.00,283.00,22261
2013-04-03,280.00,295.10,279.00,286.15,92432
2013-04-04,289.00,302.95,289.00,302.95,87453
2013-04-05,305.00,308.95,292.00,295.05,39703
2013-04-08,298.00,303.00,290.10,292.00,8784
2013-04-09,294.00,301.80,280.00,284.50,32855
2013-04-10,288.00,292.00,283.30,284.00,12774
2013-04-11,283.50,289.00,282.05,282.15,5897
2013-04-12,269.80,269.80,269.80,269.80,2352
2013-04-15,256.35,256.35,256.35,256.35,13963
2013-04-16,243.55,243.55,243.55,243.55,2212
2013-04-17,231.40,254.70,231.40,252.00,55557
2013-04-18,249.90,263.35,249.00,253.00,29085
2013-04-22,256.00,256.00,243.00,247.05,12227
2013-04-23,245.10,248.85,238.60,239.00,9983
2013-04-25,240.00,243.00,238.65,238.65,16423
2013-04-26,240.40,241.90,233.55,238.00,7881
2013-04-29,237.05,244.00,237.05,240.00,13971
2013-04-30,240.15,251.00,240.15,248.00,21207
2013-05-02,253.00,253.95,248.00,250.25,7231
2013-05-03,249.00,257.00,249.00,250.55,6869
2013-05-06,249.00,254.00,249.00,250.05,3297
2013-05-07,252.80,262.90,251.00,262.90,59850
2013-05-08,262.80,268.70,254.00,254.00,15120
2013-05-09,252.00,260.00,251.00,251.90,6359
2013-05-10,258.00,261.60,253.00,260.00,13622
2013-05-13,260.00,260.00,257.00,257.00,11012
2013-05-14,250.10,262.00,250.10,261.00,6959
2013-05-15,261.50,261.50,250.00,250.55,30790
2013-05-16,248.65,274.90,244.75,257.15,233085
2013-05-17,238.90,253.65,238.00,252.40,437011
2013-05-20,249.90,256.40,249.90,254.60,44136
2013-05-21,250.15,251.95,236.10,240.00,56178
2013-05-22,246.10,246.30,231.25,233.30,60389
2013-05-23,235.00,242.00,233.30,236.00,75181
2013-05-24,236.05,241.50,234.95,240.75,34477
2013-05-27,237.00,248.05,237.00,246.60,55921
2013-05-28,244.50,254.00,243.50,251.10,54538
2013-05-29,251.00,254.00,250.00,253.10,18841
2013-05-30,250.50,261.00,250.50,257.00,68129
2013-05-31,256.10,257.00,244.60,254.00,57142
2013-06-03,253.05,256.55,253.05,255.00,26404
2013-06-04,251.50,282.70,251.50,281.50,173990
2013-06-05,282.00,283.20,274.65,281.50,53580
2013-06-06,279.50,289.95,275.50,281.50,23397
2013-06-07,275.05,283.95,267.00,269.00,10455
2013-06-10,274.35,274.95,255.00,261.25,13904
2013-06-11,258.00,267.95,252.15,263.50,46703
2013-06-12,261.90,268.00,260.00,266.85,26184
2013-06-13,256.55,264.80,256.55,260.00,11248
2013-06-14,254.00,265.70,254.00,261.00,8236
2013-06-17,264.00,290.00,258.00,273.50,377511
2013-06-18,275.00,293.90,270.00,290.00,59255
2013-06-19,294.00,294.50,281.15,288.00,14430
2013-06-20,280.55,284.00,273.65,273.65,7593
2013-06-21,273.05,279.00,271.50,272.00,9156
2013-06-24,272.05,273.45,262.25,268.50,2637
2013-06-25,257.10,270.00,257.10,260.05,5533
2013-06-26,256.25,269.00,256.25,259.00,10842
2013-06-27,260.25,274.70,260.25,267.10,21998
2013-06-28,271.50,274.00,263.00,265.00,23741
2013-07-01,264.00,273.00,264.00,272.00,4984
2013-07-02,272.05,272.05,265.00,265.00,1826
2013-07-03,261.05,268.75,261.00,262.55,3593
2013-07-04,264.00,277.90,263.50,264.00,11376
2013-07-05,277.65,277.65,260.00,266.00,4868
2013-07-08,265.20,269.60,262.00,268.00,12974
2013-07-09,264.00,269.00,260.10,266.00,7017
2013-07-10,263.40,268.80,263.00,263.50,15705
2013-07-11,267.05,268.00,261.30,268.00,5691
2013-07-12,262.05,270.00,262.05,263.60,6825
2013-07-15,263.10,268.70,263.10,268.70,9059
2013-07-16,267.00,271.00,265.15,271.00,6757
2013-07-17,269.05,270.00,267.15,269.90,4056
2013-07-18,271.95,271.95,265.05,270.00,19002
2013-07-19,269.00,270.90,262.10,268.00,28829
2013-07-22,269.00,269.95,261.10,261.50,6332
2013-07-23,260.15,272.00,260.15,272.00,279384
2013-07-24,278.90,278.90,265.15,266.05,7867
2013-07-25,264.00,270.55,263.15,270.00,3772
2013-07-26,269.90,272.05,268.30,270.00,54721
2013-07-29,272.00,274.00,267.00,267.00,59189
2013-07-30,269.80,272.00,253.05,264.00,65426
2013-07-31,255.00,259.00,252.00,259.00,21524
2013-08-01,256.95,261.00,252.70,255.60,9853
2013-08-02,252.55,252.75,248.00,250.00,11977
2013-08-05,246.30,260.00,246.00,248.00,26284
2013-08-06,249.60,254.85,248.55,252.00,51741
2013-08-07,249.95,252.85,249.90,251.00,7063
2013-08-08,258.10,258.10,245.55,251.50,10423
2013-08-12,257.15,257.15,248.00,253.15,2737
2013-08-13,248.75,253.00,248.00,251.00,5062
2013-08-14,253.05,258.75,250.00,254.80,3823
2013-08-16,250.05,250.55,248.00,250.00,9726
2013-08-19,257.85,257.85,245.65,253.00,7452
2013-08-20,253.80,255.00,247.05,248.55,2603
2013-08-21,247.00,254.90,236.65,239.90,3721
2013-08-22,235.50,243.45,230.70,233.10,12801
2013-08-23,237.05,243.50,235.20,241.00,26960
2013-08-26,243.00,248.00,241.00,248.00,10035
2013-08-27,239.70,244.00,235.50,238.90,4090
2013-08-28,234.00,239.50,228.10,233.50,9966
2013-08-29,234.00,244.00,234.00,243.50,2403
2013-08-30,244.95,245.00,237.25,241.00,3496
2013-09-02,241.95,245.60,237.10,243.00,1052
2013-09-03,236.80,252.35,236.80,241.70,1549
2013-09-04,239.00,252.40,232.10,243.40,1758
2013-09-05,252.00,252.00,243.45,248.75,2808
2013-09-06,254.90,254.90,246.30,250.00,1246
2013-09-10,245.20,258.00,245.20,248.00,3501
2013-09-11,256.95,271.80,245.25,260.00,15992
2013-09-12,261.00,280.95,253.30,275.05,18507
2013-09-13,285.00,285.00,267.05,275.05,1375
2013-09-16,279.00,283.05,265.15,270.05,5596
2013-09-17,265.05,269.45,261.15,265.00,4713
2013-09-18,273.75,273.75,264.05,270.00,1501
2013-09-19,277.95,277.95,265.90,266.00,2245
2013-09-20,273.15,274.90,260.25,265.00,3230
2013-09-23,265.00,268.95,264.05,268.00,1743
2013-09-24,262.00,274.95,262.00,270.00,4666
2013-09-25,277.00,280.00,269.00,269.05,7365
2013-09-26,276.45,276.45,268.00,270.00,5786
2013-09-27,270.15,273.00,268.50,272.25,7245
2013-09-30,274.75,278.00,268.10,277.75,17463
2013-10-01,267.05,275.00,267.05,275.00,2716
2013-10-03,274.95,278.75,272.05,275.00,6293
2013-10-04,276.95,286.00,274.90,283.00,15259
2013-10-07,282.00,289.90,281.00,288.00,3771
2013-10-08,282.00,290.00,277.25,277.30,7670
2013-10-09,277.00,282.50,277.00,279.80,2530
2013-10-10,280.05,283.15,280.05,280.20,6246
2013-10-11,285.00,285.00,276.00,282.00,2991
2013-10-14,284.75,284.75,276.60,280.00,1628
2013-10-15,280.00,281.90,277.00,280.95,5062
2013-10-17,275.15,283.70,272.50,275.00,1616
2013-10-18,281.40,284.40,272.05,283.00,3977
2013-10-21,283.25,283.25,274.10,275.75,1499
2013-10-22,278.00,280.95,272.00,273.50,1935
2013-10-23,273.00,277.95,272.00,274.20,2951
2013-10-24,280.20,280.20,265.00,268.10,3080
2013-10-25,265.55,273.85,265.55,272.45,1523
2013-10-28,277.90,279.00,270.55,277.00,7401
2013-10-29,280.95,285.00,275.00,281.00,10793
2013-10-30,278.30,286.50,275.30,286.50,11530
2013-10-31,293.80,293.80,280.00,288.90,4170
2013-11-01,289.95,290.00,281.90,283.25,19890
2013-11-05,276.10,290.00,276.10,290.00,4787
2013-11-06,288.65,292.00,282.50,289.00,1294
2013-11-07,282.35,312.50,282.35,288.00,80458
2013-11-08,286.05,307.90,282.50,290.00,24801
2013-11-11,294.05,299.00,294.00,296.00,4348
2013-11-12,292.00,297.70,289.05,293.00,3165
2013-11-13,292.15,297.90,288.00,289.25,5668
2013-11-14,296.50,299.00,292.05,295.00,3854
2013-11-18,295.00,298.00,290.00,290.15,7615
2013-11-19,288.15,291.95,280.15,290.00,3407
2013-11-20,285.55,293.95,279.00,290.00,7349
2013-11-21,294.00,300.00,285.05,292.00,414924
2013-11-22,293.00,306.00,291.25,295.00,14052
2013-11-25,305.00,311.00,298.70,305.80,26280
2013-11-26,308.90,328.00,305.10,324.00,99001
2013-11-27,322.00,326.00,312.05,312.05,23874
2013-11-28,315.65,319.40,308.25,310.00,7880
2013-11-29,313.85,331.00,311.70,314.00,14833
2013-12-02,318.00,318.00,310.35,313.55,2015
2013-12-03,302.00,323.00,302.00,316.00,54364
2013-12-04,310.05,323.00,308.00,320.00,12212
2013-12-05,320.00,322.95,313.00,315.35,3275
2013-12-06,311.05,318.70,311.05,318.70,6759
2013-12-09,319.00,325.50,315.05,321.00,12000
2013-12-10,320.00,339.00,315.00,338.45,41998
2013-12-11,332.00,339.50,329.55,331.00,6103
2013-12-12,325.10,337.00,325.10,333.00,3149
2013-12-13,333.00,333.00,322.20,322.20,3763
2013-12-16,334.85,339.00,325.00,328.00,6887
2013-12-17,335.00,335.00,322.10,322.10,3512
2013-12-18,337.00,337.00,320.20,327.10,1883
2013-12-19,339.85,339.85,330.00,339.70,4005
2013-12-20,337.00,338.90,328.10,329.00,911
2013-12-23,332.00,332.00,320.00,323.05,1884
2013-12-24,322.00,330.90,322.00,329.90,1551
2013-12-26,331.00,331.00,322.00,322.00,3990
2013-12-27,339.00,339.00,323.00,325.40,6092
2013-12-30,324.50,346.00,322.00,335.00,24759
2013-12-31,334.20,338.75,326.00,326.00,3604
2014-01-01,331.00,331.00,325.00,325.00,2232
2014-01-02,330.80,330.80,322.00,322.00,4231
2014-01-03,328.95,328.95,324.00,324.00,1690
2014-01-06,329.90,329.90,316.00,316.00,7090
2014-01-07,317.25,322.50,314.10,314.90,4002
2014-01-08,313.00,317.95,310.30,312.00,5841
2014-01-09,314.75,314.95,305.65,305.65,2514
2014-01-10,311.60,312.00,303.80,304.30,2016
2014-01-13,305.00,311.45,303.80,303.80,4255
2014-01-14,303.80,313.60,301.00,306.95,2196
2014-01-15,309.00,309.00,299.00,302.00,2876
2014-01-16,303.95,303.95,296.00,299.00,982
2014-01-17,306.40,306.40,292.00,295.00,4073
2014-01-20,305.55,305.55,288.60,292.00,3732
2014-01-21,294.90,297.05,289.60,290.00,4260
2014-01-22,293.00,293.00,285.15,288.50,3337
2014-01-23,283.05,290.30,283.05,288.40,3030
2014-01-24,286.70,289.45,286.60,287.00,3476
2014-01-27,288.95,288.95,282.40,286.10,7629
2014-01-28,283.00,291.35,283.00,291.30,5254
2014-01-29,287.00,297.30,287.00,288.00,2329
2014-01-30,285.00,295.30,283.35,284.85,261568
2014-01-31,282.00,289.15,279.05,282.00,2421
2014-02-03,280.00,286.15,280.00,285.35,762
2014-02-04,282.00,288.70,269.25,274.25,3278
2014-02-05,272.30,286.00,272.30,278.00,895
2014-02-06,284.00,284.00,274.50,275.15,2922
2014-02-07,281.95,290.00,276.00,282.90,9997
2014-02-10,287.95,290.00,279.05,280.50,8576
2014-02-11,278.95,281.95,275.00,276.00,2376
2014-02-12,280.00,280.00,272.10,273.85,3386
2014-02-13,271.15,274.65,269.95,270.30,1300
2014-02-14,275.65,275.65,270.10,270.95,978
2014-02-17,267.00,277.35,264.50,273.10,4634
2014-02-18,270.00,289.75,270.00,276.50,570696
2014-02-19,283.90,297.70,280.00,285.20,45415
2014-02-20,285.05,291.45,282.40,284.35,166039
2014-02-21,285.05,290.00,284.05,287.10,2790
2014-02-24,287.50,290.00,281.50,282.50,4097
2014-02-25,291.70,291.70,277.30,280.60,3112
2014-02-26,284.65,284.85,280.00,280.05,1092
2014-02-28,278.55,290.00,278.55,287.35,15410
2014-03-03,285.45,289.90,281.00,283.40,1579
2014-03-04,288.50,307.50,281.10,296.40,61092
2014-03-05,298.35,299.35,290.00,291.50,11307
2014-03-06,292.40,294.90,284.50,287.50,15127
2014-03-07,289.15,291.00,285.20,288.70,3985
2014-03-10,290.55,294.00,282.85,284.55,6495
2014-03-11,288.75,288.90,283.30,284.55,4198
2014-03-12,287.65,287.65,282.10,283.85,1424
2014-03-13,284.90,287.85,281.00,281.60,5059
2014-03-14,281.00,282.90,278.20,281.05,4175
2014-03-18,287.95,287.95,278.20,279.15,3756
2014-03-19,280.00,292.00,275.00,290.00,23359
2014-03-20,290.05,293.75,282.75,293.10,13407
2014-03-21,293.00,301.25,292.05,296.60,11566
2014-03-24,297.55,297.75,288.15,295.40,5907
2014-03-25,294.95,299.90,293.00,297.30,4590
2014-03-26,283.15,304.85,283.15,300.30,15760
2014-03-27,304.80,315.00,300.35,306.50,75030
2014-03-28,306.50,311.00,296.25,309.05,27099
2014-03-31,309.05,314.50,301.15,312.90,45142
2014-04-01,319.20,319.50,306.00,309.00,8718
2014-04-02,311.70,316.95,311.00,316.25,20978
2014-04-03,316.20,318.00,313.75,315.10,34461
2014-04-04,314.95,314.95,309.50,310.85,4631
2014-04-07,310.45,313.00,306.05,312.10,7263
2014-04-09,295.00,315.80,295.00,313.20,14489
2014-04-10,314.50,335.95,314.50,333.20,55506
2014-04-11,330.00,336.60,326.20,333.15,25171
2014-04-15,326.00,332.95,320.00,330.20,13838
2014-04-16,328.50,331.45,316.60,325.10,5004
2014-04-17,327.40,329.90,318.60,326.05,9419
2014-04-21,326.00,326.00,313.50,325.25,5751
2014-04-22,329.85,329.85,318.00,324.85,12643
2014-04-23,326.95,327.00,318.10,319.00,5497
2014-04-25,320.55,325.25,307.70,316.60,15695
2014-04-28,315.05,327.00,314.95,317.45,9386
2014-04-29,318.00,329.80,314.95,326.10,16332
2014-04-30,327.25,329.95,310.20,317.65,6721
2014-05-02,302.00,320.00,302.00,316.05,4982
2014-05-05,307.00,307.00,290.90,298.50,25506
2014-05-06,295.15,303.50,291.25,300.35,16110
2014-05-07,301.90,303.75,292.10,294.35,2489
2014-05-08,298.80,298.95,287.55,289.75,5338
2014-05-09,297.75,300.00,287.05,296.80,13257
2014-05-12,297.40,297.90,289.05,290.30,6348
2014-05-13,289.20,294.90,286.00,288.45,6956
2014-05-14,295.00,297.00,283.90,294.20,35081
2014-05-15,296.95,297.00,287.00,287.40,6480
2014-05-16,294.90,308.00,281.00,305.25,45222
2014-05-19,300.00,332.00,300.00,326.50,61245
2014-05-20,326.50,338.00,321.00,325.40,11578
2014-05-21,327.45,327.45,314.10,320.65,4966
2014-05-22,320.65,324.85,320.65,322.25,3268
2014-05-23,324.95,329.40,317.25,327.15,5361
2014-05-26,325.00,338.50,322.00,327.00,30014
2014-05-27,320.00,329.10,315.00,325.10,9805
2014-05-28,325.10,334.95,324.55,330.00,8565
2014-05-29,330.10,340.20,322.75,337.55,38605
2014-05-30,338.00,378.00,338.00,370.35,107877
2014-06-02,370.35,382.45,365.00,370.05,51239
2014-06-03,371.00,372.50,356.00,358.65,18235
2014-06-04,365.00,374.50,356.00,371.40,10903
2014-06-05,375.00,396.35,374.00,392.30,49053
2014-06-06,400.00,402.00,385.00,392.60,19907
2014-06-09,394.00,398.40,365.15,380.40,25058
2014-06-10,378.05,384.75,370.10,378.50,8762
2014-06-11,384.00,384.00,363.10,365.25,11023
2014-06-12,360.10,374.90,360.00,364.55,4575
2014-06-13,374.35,385.00,348.90,360.25,27199
2014-06-16,361.05,368.40,360.00,361.30,4469
2014-06-17,355.00,367.90,355.00,358.90,3036
2014-06-18,362.10,375.00,360.00,369.15,169560
2014-06-19,371.00,387.70,363.40,375.35,109353
2014-06-20,378.00,384.95,370.10,371.05,4777
2014-06-23,363.00,377.00,355.30,361.65,3768
2014-06-24,358.55,368.55,355.10,366.60,4777
2014-06-25,368.75,369.75,354.00,365.15,14149
2014-06-26,363.00,363.00,355.55,356.55,3718
2014-06-27,362.45,370.00,356.15,361.85,2553
2014-06-30,364.05,385.00,364.05,372.20,18100
2014-07-01,369.15,380.00,368.75,372.35,2773
2014-07-02,380.00,384.90,370.00,372.05,7229
2014-07-03,375.00,376.00,361.10,365.40,8021
2014-07-04,369.30,374.80,362.10,363.95,8339
2014-07-07,363.95,372.45,360.00,361.50,7917
2014-07-08,362.00,364.45,325.50,357.75,19913
2014-07-09,345.05,363.00,344.00,355.60,11265
2014-07-10,355.05,373.95,345.10,368.80,9199
2014-07-11,365.00,370.35,348.05,359.15,11259
2014-07-14,355.00,362.50,348.70,352.35,4824
2014-07-15,351.95,356.10,348.10,351.50,2897
2014-07-16,354.50,354.80,345.25,350.60,2002
2014-07-17,352.80,365.00,348.00,358.55,5951
2014-07-18,361.95,361.95,333.50,349.00,16825
2014-07-21,369.00,369.00,345.50,351.15,3752
2014-07-22,351.00,358.80,336.55,354.65,37363
2014-07-23,351.10,370.00,345.00,369.25,32497
2014-07-24,365.15,372.50,360.00,363.25,8102
2014-07-25,364.20,365.05,350.00,353.10,9820
2014-07-28,355.00,368.80,350.00,364.80,29863
2014-07-30,364.00,370.85,346.10,369.30,20285
2014-07-31,363.55,374.95,359.10,373.05,20695
2014-08-01,369.50,378.00,362.00,375.45,17250
2014-08-04,377.70,378.00,348.20,374.50,16541
2014-08-05,371.00,379.90,366.50,372.90,5589
2014-08-06,374.75,375.00,364.00,369.40,2827
2014-08-07,367.00,370.00,355.55,357.35,6583
2014-08-08,354.15,359.40,348.15,354.95,8427
2014-08-11,362.95,364.00,354.40,360.55,4970
2014-08-12,357.70,363.20,352.00,361.75,4405
2014-08-13,360.05,364.90,348.25,360.95,6705
2014-08-14,355.45,358.95,351.50,356.45,1983
2014-08-18,352.90,364.00,352.90,361.60,4893
2014-08-19,360.00,364.00,356.50,357.25,1658
2014-08-20,352.00,363.90,350.00,358.00,5375
2014-08-21,360.00,371.00,358.00,361.50,14464
2014-08-22,359.10,379.00,356.50,363.60,28692
2014-08-25,364.50,366.00,356.50,358.70,8503
2014-08-26,355.10,363.90,350.00,360.70,8190
2014-08-27,357.10,374.50,355.00,370.40,22178
2014-08-28,367.10,399.00,366.00,379.80,73962
2014-09-01,376.25,388.80,376.00,378.55,13068
2014-09-02,377.00,397.50,377.00,391.30,20933
2014-09-03,394.00,418.00,394.00,400.30,164452
2014-09-04,396.55,414.95,396.55,401.05,41903
2014-09-05,397.00,412.90,394.40,409.95,57277
2014-09-08,410.00,429.50,405.90,415.60,57986
2014-09-09,415.15,420.00,411.40,415.15,20425
2014-09-10,412.15,429.50,412.15,425.25,42283
2014-09-11,422.15,428.00,420.50,425.20,9334
2014-09-12,422.15,438.75,422.15,430.00,36223
2014-09-15,427.00,437.50,425.00,435.80,17352
2014-09-16,432.00,438.95,410.50,421.10,52823
2014-09-17,417.05,423.90,411.00,415.95,13794
2014-09-18,412.25,428.90,412.25,415.05,15421
2014-09-19,415.00,418.00,414.00,415.10,8985
2014-09-22,414.90,419.95,414.00,414.70,12436
2014-09-23,413.05,418.85,410.10,412.30,15618
2014-09-24,409.00,414.50,395.00,409.95,21038
2014-09-25,406.15,420.00,388.00,394.90,16942
2014-09-26,391.00,400.00,388.00,394.90,5257
2014-09-29,395.00,409.00,389.25,391.30,7328
2014-09-30,387.40,394.85,384.05,385.45,157126
2014-10-01,382.10,389.80,381.60,384.70,3098
2014-10-07,381.05,391.50,377.50,387.35,38495
2014-10-08,383.55,394.00,375.10,378.05,4563
2014-10-09,375.65,397.40,375.65,395.50,10785
2014-10-10,391.50,395.00,376.00,390.05,17107
2014-10-13,386.15,393.95,382.00,388.10,6612
2014-10-14,386.05,399.90,386.05,397.30,4016
2014-10-16,393.55,397.00,390.00,395.65,11937
2014-10-17,392.75,405.30,391.90,403.50,18709
2014-10-20,406.70,407.00,394.60,405.00,6288
2014-10-21,403.85,409.00,395.00,403.15,9627
2014-10-22,403.00,409.00,395.00,396.55,4482
2014-10-23,400.00,403.00,395.00,400.55,1131
2014-10-27,408.40,410.05,389.40,404.00,9868
2014-10-28,400.00,400.05,387.40,395.90,42537
2014-10-29,393.05,408.15,388.70,402.45,19710
2014-10-30,395.05,419.00,395.05,410.85,27262
2014-10-31,411.50,424.00,408.25,423.05,31414
2014-11-03,422.05,426.90,412.00,423.55,4545
2014-11-05,422.00,438.00,402.00,434.20,27289
2014-11-07,435.00,438.00,424.95,433.10,9484
2014-11-10,428.60,439.00,420.00,428.60,5530
2014-11-11,427.95,431.60,420.00,421.35,3723
2014-11-12,421.00,436.00,414.35,432.00,16942
2014-11-13,434.00,448.90,421.55,446.05,31740
2014-11-14,445.00,463.90,435.25,450.35,25598
2014-11-17,449.30,449.30,435.00,438.05,19921
2014-11-18,436.75,447.00,430.25,445.00,28287
2014-11-19,448.00,453.00,428.45,446.85,43622
2014-11-20,444.65,457.90,432.90,450.70,36038
2014-11-21,449.90,452.00,439.05,443.00,6183
2014-11-24,449.00,449.00,432.95,434.45,4515
2014-11-25,432.55,437.30,405.00,414.50,119085
2014-11-26,415.35,420.00,406.10,408.75,5928
2014-11-27,411.65,423.75,407.05,420.10,15449
2014-11-28,420.00,444.00,405.50,441.40,36256
2014-12-01,440.95,455.00,423.10,437.35,28832
2014-12-02,436.00,451.00,423.55,425.35,21670
2014-12-03,427.00,439.95,426.10,429.30,5385
2014-12-04,435.95,439.00,430.00,435.40,5956
2014-12-05,439.00,439.90,421.00,431.10,10073
2014-12-08,431.00,437.60,418.30,424.85,7568
2014-12-09,428.65,444.45,428.00,432.65,30479
2014-12-10,432.65,446.85,431.05,441.30,14023
2014-12-11,443.00,448.95,437.05,444.40,16757
2014-12-12,444.30,450.00,426.00,427.90,8487
2014-12-15,430.00,431.05,415.50,422.00,6596
2014-12-16,411.00,419.65,399.00,409.10,19248
2014-12-17,406.00,419.05,397.10,415.60,25853
2014-12-18,416.25,434.00,412.90,425.80,12849
2014-12-19,429.00,438.30,422.15,430.75,11803
2014-12-22,414.00,447.50,414.00,438.95,21905
2014-12-23,438.60,441.00,423.00,435.75,6587
2014-12-24,436.95,446.95,434.00,436.40,17559
2014-12-26,436.40,444.60,433.00,439.05,10515
2014-12-29,441.00,443.50,437.00,441.10,5557
2014-12-30,441.00,447.60,430.55,443.30,19823
2014-12-31,443.30,445.00,430.45,443.80,26178
2015-01-01,441.00,446.85,432.50,436.60,4495
2015-01-02,439.00,439.00,422.50,424.45,10802
2015-01-05,426.95,438.95,423.25,429.80,23197
2015-01-06,432.00,437.00,421.50,429.05,14743
2015-01-07,429.00,443.65,429.00,440.95,17888
2015-01-08,443.90,476.95,437.30,457.35,54825
2015-01-09,459.00,469.95,445.30,447.70,11276
2015-01-12,450.00,457.50,431.55,443.75,6704
2015-01-13,440.15,447.00,382.30,431.35,22035
2015-01-14,429.80,435.70,427.75,430.25,5897
2015-01-15,436.70,448.80,429.20,447.50,15350
2015-01-16,445.00,445.20,435.00,436.25,6709
2015-01-19,441.40,447.95,436.65,441.05,4430
2015-01-20,438.15,456.10,432.25,445.85,8814
2015-01-21,447.20,451.85,435.00,439.15,5908
2015-01-22,437.25,444.75,435.00,435.85,5910
2015-01-23,444.95,446.70,432.10,435.15,7097
2015-01-27,438.35,454.50,435.75,446.65,60252
2015-01-28,443.00,464.00,441.00,445.05,106065
2015-01-29,425.05,454.90,425.05,442.20,7533
2015-01-30,441.65,449.00,432.00,436.30,5588
2015-02-02,444.00,450.50,435.15,442.00,312120
2015-02-03,448.00,448.10,434.35,442.40,13722
2015-02-04,438.55,447.40,435.25,437.40,11676
2015-02-05,441.95,454.90,438.00,440.25,18470
2015-02-06,443.35,444.60,429.10,439.90,7397
2015-02-09,429.50,453.90,429.50,434.10,22194
2015-02-10,439.55,447.95,432.75,436.55,10926
2015-02-11,438.00,441.00,426.10,430.40,3970
2015-02-12,437.85,437.90,418.10,422.95,5816
2015-02-13,427.95,428.05,414.55,418.40,5138
2015-02-16,430.10,430.10,416.50,417.70,3869
2015-02-18,418.30,431.90,418.25,426.15,14205
2015-02-19,425.45,431.10,422.50,429.95,13909
2015-02-20,430.30,431.90,420.00,428.80,14936
2015-02-23,430.10,430.90,423.00,429.95,8221
2015-02-24,435.00,442.00,425.60,434.70,16080
2015-02-25,440.00,440.00,421.75,425.90,20294
2015-02-26,420.10,434.00,418.10,422.70,7895
2015-02-27,429.55,439.00,421.10,436.35,9664
2015-02-28,438.10,438.10,425.15,428.00,1861
2015-03-02,428.00,438.00,417.75,423.30,11908
2015-03-03,425.00,428.50,420.05,424.50,9357
2015-03-04,425.15,432.95,420.50,421.10,8087
2015-03-05,423.10,441.70,415.00,432.80,16187
2015-03-09,428.25,442.95,421.10,424.35,13827
2015-03-10,420.50,438.00,420.50,429.15,10114
2015-03-11,431.90,436.95,427.00,427.55,2863
2015-03-12,431.75,437.05,424.55,425.80,9420
2015-03-13,427.95,439.00,425.15,427.20,37051
2015-03-16,434.75,434.80,411.50,416.80,8092
2015-03-17,418.95,419.00,409.30,412.05,6389
2015-03-18,419.80,419.80,402.80,406.85,2820
2015-03-19,406.80,431.00,406.80,426.90,31669
2015-03-20,425.15,425.15,406.35,409.75,2667
2015-03-23,409.75,411.75,400.00,400.80,8613
2015-03-24,404.85,409.80,395.25,400.90,4908
2015-03-25,399.05,404.90,392.00,394.50,1542
2015-03-26,391.80,406.05,388.20,391.80,4557
2015-03-27,393.00,404.90,388.00,402.10,20164
2015-03-30,413.00,422.80,401.05,420.10,27882
2015-03-31,420.15,441.65,416.40,432.05,50419
2015-04-01,431.00,431.00,416.95,421.00,5148
2015-04-06,421.95,428.60,414.15,417.55,6927
2015-04-07,416.50,418.00,406.40,409.70,4321
2015-04-08,412.70,425.00,410.00,411.35,10022
2015-04-09,414.80,414.80,408.10,411.10,5120
2015-04-10,411.05,415.00,407.50,408.80,5818
2015-04-13,410.90,415.00,405.50,406.55,4262
2015-04-15,412.45,414.70,405.10,406.95,9303
2015-04-16,408.85,416.80,403.00,407.90,11427
2015-04-17,413.00,436.00,409.05,411.05,45074
2015-04-20,413.05,415.05,401.25,406.20,4359
2015-04-21,405.40,409.70,401.00,403.75,2359
2015-04-22,408.30,409.00,395.10,398.65,5014
2015-04-23,404.85,413.00,400.10,403.05,5075
2015-04-24,424.00,424.00,390.10,393.70,30461
2015-04-27,394.00,404.85,383.10,400.50,6154
2015-04-28,400.20,401.90,390.20,395.75,3416
2015-04-29,395.15,397.05,390.00,390.60,1984
2015-04-30,390.10,390.10,380.00,388.50,5526
2015-05-04,388.10,394.60,386.25,386.70,2785
2015-05-05,396.00,396.00,386.00,391.20,4894
2015-05-06,386.00,395.75,380.00,383.40,6734
2015-05-07,383.90,385.75,379.55,382.30,3526
2015-05-08,386.25,386.40,381.35,383.25,642
2015-05-11,389.55,390.00,381.45,386.95,8551
2015-05-12,386.35,386.45,371.35,374.35,6377
2015-05-13,374.40,414.70,372.70,399.45,28218
2015-05-14,399.80,404.70,396.15,400.00,11763
2015-05-15,398.15,404.00,389.00,392.30,2700
2015-05-18,394.85,405.00,392.00,393.25,4274
2015-05-19,395.10,404.35,385.25,400.35,21842
2015-05-20,402.70,403.80,391.30,394.35,3994
2015-05-21,399.05,399.10,390.55,392.90,3874
2015-05-22,396.50,398.50,391.30,392.25,6965
2015-05-25,398.90,398.90,388.00,390.65,1975
2015-05-26,390.15,392.30,387.25,389.15,1425
2015-05-27,392.60,392.70,384.10,386.20,1347
2015-05-28,385.10,390.20,382.00,384.90,2774
2015-05-29,388.50,405.90,382.65,388.75,5866
2015-06-01,392.50,392.50,383.50,389.50,1113
2015-06-02,391.00,395.90,386.15,387.95,4650
2015-06-03,391.05,391.05,372.00,379.00,2042
2015-06-04,383.00,383.00,372.05,374.90,1624
2015-06-05,372.00,389.85,363.00,370.30,4778
2015-06-08,374.00,379.50,370.50,372.70,1461
2015-06-09,370.15,378.10,365.15,366.55,1404
2015-06-10,376.00,383.90,368.00,379.70,3741
2015-06-11,385.00,388.80,372.10,374.00,4185
2015-06-12,378.15,384.90,366.15,375.25,2487
2015-06-15,365.00,382.00,365.00,378.00,1731
2015-06-16,379.55,379.55,369.30,371.90,1848
2015-06-17,377.60,379.80,368.00,370.55,1441
2015-06-18,374.05,378.00,369.00,370.50,5402
2015-06-19,373.75,374.00,370.05,371.20,2974
2015-06-22,377.00,377.00,370.10,372.00,1332
2015-06-23,373.15,394.95,364.10,390.80,13704
2015-06-24,394.70,394.70,381.50,385.15,5234
2015-06-25,383.85,383.90,375.05,376.30,1174
2015-06-26,380.75,392.00,380.00,382.85,3289
2015-06-29,379.80,379.80,372.10,376.20,687
2015-06-30,373.00,384.85,372.30,377.15,1483
2015-07-01,382.00,397.00,375.00,391.00,9243
2015-07-02,390.85,394.90,384.15,386.25,1762
2015-07-03,387.00,407.65,385.00,400.15,29759
2015-07-06,395.00,395.00,385.10,389.50,3840
2015-07-07,391.95,402.00,390.00,395.75,7337
2015-07-08,395.00,395.00,381.55,383.60,3254
2015-07-09,387.90,388.90,381.15,383.25,1593
2015-07-10,385.40,387.40,383.15,384.05,1827
2015-07-13,387.35,396.00,385.80,389.95,5219
2015-07-14,388.00,405.00,388.00,393.80,9617
2015-07-15,394.05,402.00,392.00,393.40,8714
2015-07-16,397.90,397.90,388.60,390.90,4134
2015-07-17,393.00,396.70,388.15,390.05,6198
2015-07-20,390.15,394.85,387.10,390.65,3074
2015-07-21,388.15,394.50,385.10,385.85,56426
2015-07-22,386.05,389.90,381.15,382.25,4779
2015-07-23,382.05,384.60,373.10,379.90,4771
2015-07-24,378.05,378.95,369.55,372.35,8842
2015-07-27,372.35,374.75,368.15,371.00,3078
2015-07-28,371.55,377.00,371.00,372.35,1388
2015-07-29,373.20,375.85,368.20,369.20,4896
2015-07-30,370.05,374.75,364.55,370.20,6143
2015-07-31,371.40,374.85,365.15,367.45,4858
2015-08-03,365.55,371.75,365.35,366.20,7809
2015-08-04,365.20,369.85,363.45,366.25,5662
2015-08-05,373.55,384.90,370.00,376.80,29052
2015-08-06,380.65,392.85,378.10,379.85,32886
2015-08-07,384.00,385.00,373.00,378.95,26728
2015-08-10,376.00,380.00,368.05,369.65,14695
2015-08-11,365.25,371.50,364.90,366.05,5969
2015-08-12,365.95,370.65,353.10,355.00,12027
2015-08-13,356.50,367.80,335.20,353.75,16537
2015-08-14,345.20,354.95,345.20,347.10,5467
2015-08-17,347.00,355.80,347.00,353.95,3609
2015-08-18,348.00,355.00,345.00,346.65,5637
2015-08-19,347.20,349.90,342.15,348.50,4528
2015-08-20,350.00,350.00,340.60,342.15,2972
2015-08-21,345.95,349.90,336.15,349.50,6239
2015-08-24,344.00,347.80,323.10,330.25,6611
2015-08-25,323.10,329.05,310.00,318.70,6229
2015-08-26,313.95,328.00,313.95,319.40,2285
2015-08-27,316.45,333.00,316.45,331.35,2402
2015-08-28,333.90,349.90,326.05,329.40,14424
2015-08-31,323.35,331.05,320.00,323.15,3680
2015-09-01,320.10,328.05,311.50,316.95,5281
2015-09-02,314.95,322.80,310.10,314.40,2869
2015-09-03,316.90,319.95,312.95,318.20,2302
2015-09-04,312.25,318.00,305.05,315.00,9198
2015-09-07,310.95,320.95,302.00,302.95,2599
2015-09-08,302.05,307.80,299.20,301.60,5119
2015-09-09,305.00,309.85,302.60,303.60,6840
2015-09-10,304.80,305.00,299.10,304.45,763
2015-09-11,306.80,306.80,295.50,303.80,3159
2015-09-14,306.70,309.90,302.20,307.35,2121
2015-09-15,308.45,309.45,303.50,307.40,1326
2015-09-16,308.40,312.80,305.55,310.15,1725
2015-09-18,306.00,315.50,296.25,301.65,4139
2015-09-21,301.00,312.00,299.30,305.55,2790
2015-09-22,301.65,306.00,298.00,302.80,1294
2015-09-23,302.00,305.00,298.00,303.70,1703
2015-09-24,304.80,305.00,296.00,303.00,1977
2015-09-28,304.00,306.80,298.00,300.80,894
2015-09-29,298.00,303.90,298.00,299.95,4026
2015-09-30,302.70,302.75,298.10,299.75,2089
2015-10-01,305.00,305.00,298.00,299.60,2958
2015-10-05,300.00,304.00,299.20,303.05,1006
2015-10-06,305.85,310.00,300.75,304.75,1714
2015-10-07,307.00,334.00,304.35,321.95,11539
2015-10-08,319.00,323.90,315.15,317.90,1535
2015-10-09,312.65,328.00,312.10,323.30,3509
2015-10-12,320.00,324.00,317.10,319.20,2439
2015-10-13,320.00,320.00,312.55,314.25,1071
2015-10-14,313.20,321.00,313.20,318.25,860
2015-10-15,318.90,322.70,314.40,315.45,1616
2015-10-16,316.30,318.95,313.10,315.60,306
2015-10-19,309.15,316.50,309.15,314.80,14244
2015-10-20,316.75,319.50,312.50,312.90,7818
2015-10-21,313.00,324.80,313.00,317.75,12762
2015-10-23,317.10,330.00,317.10,324.05,3749
2015-10-26,324.10,333.00,324.10,329.50,4544
2015-10-27,329.55,333.00,324.75,325.70,1854
2015-10-28,328.85,329.90,319.15,322.45,1462
2015-10-29,322.40,327.35,320.10,324.25,671
2015-10-30,325.00,332.00,321.25,323.50,6426
2015-11-02,324.00,325.00,319.35,321.30,615
2015-11-03,321.30,324.80,319.20,320.00,1121
2015-11-04,320.10,323.75,313.75,316.05,1408
2015-11-05,315.00,321.80,311.10,319.90,2490
2015-11-06,317.00,319.00,310.50,313.35,1379
2015-11-09,315.00,316.00,310.25,312.15,1859
2015-11-10,313.70,324.90,313.00,317.80,3168
2015-11-11,316.90,322.50,314.65,319.85,1430
2015-11-13,321.75,330.00,320.00,326.50,4518
2015-11-16,325.10,332.00,323.10,328.30,1202
2015-11-17,328.10,328.10,316.00,318.55,1654
2015-11-18,322.80,322.80,314.90,315.90,685
2015-11-19,318.00,318.00,311.00,312.90,2300
2015-11-20,313.00,316.00,311.20,314.70,1674
2015-11-23,313.35,315.90,302.20,304.80,4170
2015-11-24,309.90,312.80,305.00,311.75,545
2015-11-26,311.00,315.20,310.40,313.55,1478
2015-11-27,312.80,321.45,311.75,319.50,6470
2015-11-30,317.10,318.80,315.00,318.00,1352
2015-12-01,316.10,325.90,309.70,325.60,5344
2015-12-02,322.00,325.45,320.70,323.85,4044
2015-12-03,322.00,327.00,319.10,319.95,1708
2015-12-04,319.15,323.80,318.00,323.05,1679
2015-12-07,315.00,321.80,312.00,313.60,1477
2015-12-08,315.00,323.00,314.00,315.00,3624
2015-12-09,313.10,316.80,302.00,305.40,4412
2015-12-10,309.85,312.00,305.05,311.00,2537
2015-12-11,312.00,312.80,303.00,304.10,2302
2015-12-14,302.00,306.30,300.10,303.55,1971
2015-12-15,304.15,310.00,304.10,305.75,488
2015-12-16,309.45,315.00,307.55,308.85,1631
2015-12-17,309.00,322.75,309.00,321.95,7184
2015-12-18,321.85,323.85,315.25,317.75,1421
2015-12-21,321.70,322.80,314.00,316.45,2239
2015-12-22,317.00,320.25,308.10,314.90,4379
2015-12-23,317.10,318.80,311.65,312.70,3681
2015-12-24,315.00,323.80,315.00,318.50,3040
2015-12-28,321.00,325.80,319.00,320.25,1987
2015-12-29,319.00,320.55,314.20,318.60,1574
2015-12-30,316.20,320.00,313.20,314.90,2853
2015-12-31,314.10,317.95,312.15,316.50,572
2016-01-01,317.75,320.00,312.60,315.20,1427
2016-01-04,316.10,319.00,315.00,316.05,956
2016-01-05,310.00,324.65,310.00,318.90,2704
2016-01-06,319.80,320.00,311.15,312.40,3015
2016-01-07,301.00,312.70,301.00,304.55,3774
2016-01-08,307.50,310.80,305.10,307.45,3804
2016-01-11,306.90,307.40,297.00,303.90,2259
2016-01-12,300.10,304.80,299.00,300.00,6258
2016-01-13,303.70,303.70,290.00,299.05,3214
2016-01-14,297.00,298.00,290.00,291.00,2157
2016-01-15,297.00,297.00,290.00,290.35,1128
2016-01-18,288.00,288.50,276.50,278.70,2406
2016-01-19,283.90,283.90,268.00,272.50,2778
2016-01-20,277.20,277.20,270.90,273.75,676
2016-01-21,270.00,275.00,270.00,274.75,291
2016-01-22,275.00,290.00,275.00,285.75,4821
2016-01-25,283.00,290.90,278.10,278.65,1305
2016-01-27,280.00,284.80,276.10,278.60,2056
2016-01-28,280.80,285.90,279.00,285.65,684
2016-01-29,285.80,288.90,284.80,287.20,441
2016-02-01,289.80,297.70,283.10,284.70,3501
2016-02-02,284.90,285.00,276.55,279.25,841
2016-02-03,284.30,284.30,274.50,277.60,2678
2016-02-04,272.30,285.90,272.00,274.55,1772
2016-02-05,272.90,279.00,272.50,275.30,3116
2016-02-08,275.10,275.10,270.00,272.85,2226
2016-02-09,269.15,278.75,269.00,270.20,616
2016-02-10,275.90,280.90,265.00,268.65,1784
2016-02-11,272.00,272.00,238.20,247.90,5165
2016-02-12,247.00,255.80,240.10,247.20,947
2016-02-15,252.10,258.80,249.95,253.55,1761
2016-02-16,253.60,265.15,250.45,253.55,1668
2016-02-17,253.80,265.80,249.10,261.00,1570
2016-02-18,259.15,267.00,250.50,258.85,1696
2016-02-19,253.10,265.00,253.10,257.25,525
2016-02-22,258.10,266.00,250.00,260.45,1050
2016-02-23,256.00,260.70,255.00,256.05,466
2016-02-24,255.00,256.00,254.00,254.15,438
2016-02-25,251.65,252.90,249.05,249.65,1111
2016-02-26,252.00,252.00,245.50,248.00,698
2016-02-29,248.00,249.95,245.00,247.05,151
2016-03-01,244.20,257.30,244.20,254.25,1135
2016-03-02,253.00,276.00,253.00,270.60,3679
2016-03-03,270.60,283.50,259.70,265.00,2425
2016-03-04,268.80,270.00,268.80,269.10,2626
2016-03-08,270.00,270.00,260.90,269.70,918
2016-03-09,270.00,274.20,265.10,267.45,563
2016-03-10,268.55,272.75,265.10,269.00,3189
2016-03-11,275.05,280.80,265.00,268.75,3547
2016-03-14,268.70,270.00,265.00,265.45,4426
2016-03-15,270.00,270.00,264.05,264.55,700
2016-03-16,270.00,270.00,264.10,267.95,856
2016-03-17,269.90,269.90,264.00,266.85,1113
2016-03-18,268.10,268.10,261.10,262.35,2055
2016-03-21,266.00,272.80,266.00,267.65,6754
2016-03-22,267.90,269.90,265.20,268.20,1027
2016-03-23,272.75,275.00,267.70,270.20,12564
2016-03-28,270.00,270.00,265.35,266.80,4811
2016-03-29,266.10,269.85,257.00,259.55,3421
2016-03-30,264.85,284.80,260.30,275.00,19541
2016-03-31,276.20,277.60,265.85,267.05,7737
2016-04-01,268.65,275.35,268.65,271.25,798
2016-04-04,265.90,275.00,265.20,269.20,2082
2016-04-05,269.25,269.25,264.25,264.60,1369
2016-04-06,265.45,267.70,264.00,266.00,2739
2016-04-07,267.00,272.00,267.00,270.20,13361
2016-04-08,269.30,271.45,268.10,269.25,2098
2016-04-11,268.90,271.00,267.50,268.15,7191
2016-04-12,267.10,270.00,266.00,266.75,5088
2016-04-13,270.00,279.65,267.00,273.10,20925
2016-04-18,278.00,278.00,268.00,268.55,8566
2016-04-20,277.00,280.00,266.50,270.10,280376
2016-04-21,272.90,274.00,268.00,268.85,41787
2016-04-22,269.00,271.00,267.00,267.50,17372
2016-04-25,267.20,269.00,266.45,266.85,8863
2016-04-26,268.95,273.90,267.05,270.05,32653
2016-04-27,271.30,272.60,266.20,267.35,23197
2016-04-28,268.20,269.95,264.00,264.55,11191
2016-04-29,265.60,268.20,262.15,264.00,6189
2016-05-02,268.90,268.90,260.00,262.30,18143
2016-05-03,260.10,264.50,260.10,262.40,12708
2016-05-04,261.15,270.35,260.30,265.70,8825
2016-05-05,265.75,268.00,264.90,265.10,7529
2016-05-06,265.00,265.50,261.40,264.30,3538
2016-05-09,265.50,267.90,263.45,263.95,1668
2016-05-10,263.00,267.90,257.55,260.65,11650
2016-05-11,260.10,264.00,260.10,263.45,3196
2016-05-12,261.25,272.55,260.10,265.70,13367
2016-05-13,265.00,266.00,262.20,263.45,4900
2016-05-16,263.05,265.50,261.60,262.60,3641
2016-05-17,262.00,265.00,261.95,263.10,4922
2016-05-18,263.10,263.65,262.00,262.20,5988
2016-05-19,262.20,267.60,260.25,262.50,10665
2016-05-20,261.00,265.50,260.00,260.70,7367
2016-05-23,261.90,264.35,259.20,261.15,9494
2016-05-24,261.90,263.20,257.50,257.55,254289
2016-05-25,264.45,272.00,253.20,262.10,271617
2016-05-26,263.30,274.05,262.10,269.50,16342
2016-05-27,270.70,280.00,264.00,267.35,316755
2016-05-30,275.00,280.00,272.30,275.10,10051
2016-05-31,270.00,281.00,268.40,278.95,9370
2016-06-01,283.00,290.80,278.00,283.10,77297
2016-06-02,284.00,289.50,275.20,282.15,10460
2016-06-03,282.15,285.75,271.65,273.80,6261
2016-06-06,281.40,285.00,278.10,280.80,50390
2016-06-07,281.00,304.90,281.00,298.90,110665
2016-06-08,308.00,321.70,303.30,305.65,154758
2016-06-09,313.00,313.00,292.00,295.70,33049
2016-06-10,300.45,310.00,296.55,299.35,92531
2016-06-13,302.90,304.00,293.00,296.20,10739
2016-06-14,301.00,306.90,293.50,295.35,14211
2016-06-15,300.00,302.00,292.20,293.05,23317
2016-06-16,294.00,304.45,291.10,297.20,48579
2016-06-17,300.00,317.00,294.35,303.00,301617
2016-06-20,303.05,307.00,297.90,302.60,29361
2016-06-21,302.95,304.70,295.00,297.30,18876
2016-06-22,300.00,300.00,290.55,292.45,15998
2016-06-23,292.25,298.00,290.35,293.00,6718
2016-06-24,283.25,291.60,277.05,289.25,46236
2016-06-27,286.15,304.30,286.15,302.40,24844
2016-06-28,303.90,311.35,294.60,310.20,32336
2016-06-29,310.90,320.20,309.00,315.00,45563
2016-06-30,315.00,332.00,315.00,328.55,69962
2016-07-01,335.90,345.00,333.00,338.90,65385
2016-07-04,347.70,351.00,341.30,344.70,37366
2016-07-05,350.50,353.50,343.00,345.65,28760
2016-07-07,353.50,353.50,338.05,340.20,29650
2016-07-08,349.95,349.95,335.90,336.60,15336
2016-07-11,345.80,346.00,338.40,340.35,12813
2016-07-12,345.00,345.00,330.00,336.50,28599
2016-07-13,340.00,340.00,328.00,335.15,17210
2016-07-14,335.15,339.90,330.20,337.70,10399
2016-07-15,337.70,343.90,333.00,336.85,8775
2016-07-18,343.90,343.90,330.00,331.20,10220
2016-07-19,333.65,340.90,333.65,337.90,30544
2016-07-20,328.00,335.75,325.35,333.05,79613
2016-07-21,332.95,333.00,323.00,324.90,15353
2016-07-22,323.90,338.40,323.90,335.30,85394
2016-07-25,332.10,338.90,331.00,335.55,7370
2016-07-26,336.85,336.90,328.05,328.55,15817
2016-07-27,330.00,336.60,324.10,327.85,9355
2016-07-28,325.50,334.00,323.10,330.35,8888
2016-07-29,327.25,336.30,326.00,334.90,11840
2016-08-01,327.50,346.00,327.50,341.50,25340
2016-08-02,341.30,345.90,333.00,335.75,20029
2016-08-03,335.00,335.10,330.00,330.60,9569
2016-08-04,328.00,334.80,324.00,326.70,6966
2016-08-05,323.25,352.15,323.00,346.10,25149
2016-08-08,345.10,365.70,345.10,361.50,74291
2016-08-09,355.00,364.50,353.50,362.30,22365
2016-08-10,364.10,365.00,354.15,356.75,12713
2016-08-11,355.00,360.25,352.55,356.70,6439
2016-08-12,357.00,359.00,346.10,349.45,7234
2016-08-16,358.40,389.00,346.10,375.95,59144
2016-08-17,375.00,407.90,370.00,402.05,121011
2016-08-18,400.00,403.65,378.95,380.95,28155
2016-08-19,382.00,400.00,382.00,392.20,28261
2016-08-22,386.10,392.00,383.50,385.45,4994
2016-08-23,385.45,398.95,378.00,385.55,15104
2016-08-24,385.00,396.25,378.60,389.25,21117
2016-08-25,390.15,395.00,381.70,392.00,31268
2016-08-26,388.15,388.15,380.10,381.70,8283
2016-08-29,381.70,389.00,378.10,385.35,15888
2016-08-30,390.00,398.50,380.25,396.00,38546
2016-08-31,390.80,391.50,386.00,387.05,3218
2016-09-01,385.00,389.90,382.00,382.50,4114
2016-09-02,382.30,387.80,380.05,382.15,1944
2016-09-06,383.60,404.85,379.10,400.35,35442
2016-09-07,401.00,407.00,392.00,400.25,8728
2016-09-08,400.00,401.00,392.20,394.35,2336
2016-09-09,390.15,390.15,382.40,385.10,3555
2016-09-12,380.00,386.30,371.20,379.35,21994
2016-09-14,381.95,382.00,370.10,375.35,11164
2016-09-15,377.00,385.85,372.00,381.20,11750
2016-09-16,385.15,389.90,375.00,381.15,10303
2016-09-19,373.55,379.00,372.05,373.70,6781
2016-09-20,372.10,380.90,371.05,374.80,6261
2016-09-21,374.25,383.00,370.90,374.25,4464
2016-09-22,373.35,377.25,370.80,372.50,5216
2016-09-23,372.05,374.60,366.15,368.15,5438
2016-09-26,370.20,374.95,356.70,371.30,25215
2016-09-27,371.00,372.00,367.10,369.85,2006
2016-09-28,362.10,378.90,362.10,376.25,6389
2016-09-29,376.20,376.25,344.10,361.95,20021
2016-09-30,345.00,375.00,345.00,370.80,12195
2016-10-03,371.00,377.85,365.15,369.30,48753
2016-10-04,369.30,369.90,354.10,368.05,33902
2016-10-05,367.40,375.90,362.10,365.15,13576
2016-10-06,362.15,369.00,362.15,366.55,5430
2016-10-07,365.10,370.00,362.10,368.05,33979
2016-10-10,368.20,368.25,364.00,365.20,1134
2016-10-13,362.50,365.00,355.05,364.80,10226
2016-10-14,369.85,369.85,358.30,365.05,15258
2016-10-17,361.80,368.50,355.25,364.90,30736
2016-10-18,360.85,366.00,360.05,364.95,41942
2016-10-19,364.95,365.00,360.20,363.00,5381
2016-10-20,364.95,365.00,360.00,361.50,3220
2016-10-21,364.20,365.00,359.35,364.80,3714
2016-10-24,358.00,398.80,358.00,390.35,137747
2016-10-25,390.35,395.90,381.70,390.70,5624
2016-10-26,385.00,387.00,380.10,383.55,272523
2016-10-27,380.90,381.00,370.00,372.30,519805
2016-10-28,380.20,383.70,370.20,375.50,4040
2016-11-01,376.05,389.70,374.75,380.75,6191
2016-11-02,380.00,382.15,375.25,375.95,3819
2016-11-03,374.30,380.00,367.00,370.50,4560
2016-11-04,367.00,380.15,365.00,375.00,16403
2016-11-07,375.00,383.00,372.60,375.20,1371
2016-11-08,375.00,376.75,369.05,374.60,4171
2016-11-09,322.45,362.80,322.40,361.70,4249
2016-11-10,367.20,389.00,367.20,375.10,1858
2016-11-11,369.75,374.00,356.40,368.20,15800
2016-11-15,356.00,364.60,321.00,344.30,42493
2016-11-16,337.40,363.00,332.00,360.00,25639
2016-11-17,361.00,364.00,353.10,357.45,20291
2016-11-18,353.10,355.00,338.25,348.40,16584
2016-11-21,347.90,348.00,330.55,340.45,12770
2016-11-22,335.10,354.20,332.00,350.45,9688
2016-11-23,346.00,349.80,337.10,345.20,11289
2016-11-24,345.15,350.00,337.10,345.45,10285
2016-11-25,341.00,351.75,340.00,350.05,3457
2016-11-28,350.90,365.45,343.85,360.25,6608
2016-11-29,355.00,363.00,353.10,355.20,603
2016-11-30,353.10,371.80,348.25,370.00,7902
2016-12-01,375.00,375.00,357.20,361.55,2638
2016-12-02,361.35,362.20,353.10,353.30,597
2016-12-05,357.40,362.80,354.20,354.55,444
2016-12-06,358.05,360.40,357.30,357.40,1214
2016-12-07,357.35,357.35,351.15,353.35,597
2016-12-08,353.35,381.90,353.35,371.25,9081
2016-12-09,371.25,384.00,371.00,375.00,2216
2016-12-12,371.00,379.00,365.00,366.30,1887
2016-12-13,364.95,366.30,354.15,359.95,3509
2016-12-14,360.80,364.90,357.45,358.10,2028
2016-12-15,353.10,360.20,353.10,359.40,1995
2016-12-16,360.15,360.25,355.00,356.30,1521
2016-12-19,353.30,358.85,345.10,353.80,3656
2016-12-20,356.00,367.90,353.10,354.15,8086
2016-12-21,375.15,413.10,369.15,376.65,592692
2016-12-22,370.00,371.00,360.25,362.00,46362
2016-12-23,362.00,369.90,350.10,354.75,18323
2016-12-26,359.90,359.90,348.15,351.55,9565
2016-12-27,356.90,356.90,345.10,350.70,9579
2016-12-28,350.10,359.00,349.10,350.10,7211
2016-12-29,356.95,356.95,341.30,348.30,8307
2016-12-30,345.00,355.45,344.50,354.25,26787
2017-01-02,350.45,355.00,345.25,352.25,12001
2017-01-03,348.55,354.90,347.50,352.15,5276
2017-01-04,355.90,357.00,350.10,355.05,9917
2017-01-05,358.05,358.05,349.60,351.95,4336
2017-01-06,351.00,354.30,348.00,349.75,3838
2017-01-09,354.90,354.90,346.50,348.75,5292
2017-01-10,346.20,359.00,346.20,357.05,185039
2017-01-11,360.85,369.00,356.10,363.15,17144
2017-01-12,365.55,366.85,355.25,356.00,5556
2017-01-13,359.05,359.70,352.60,354.35,4956
2017-01-16,354.70,357.05,352.05,353.50,29151
2017-01-17,355.15,360.90,351.50,356.60,16228
2017-01-18,358.05,364.70,351.55,362.10,25118
2017-01-19,363.75,372.50,355.10,369.40,31011
2017-01-20,368.90,369.45,353.50,360.40,37029
2017-01-23,362.35,364.00,356.50,359.75,9203
2017-01-24,365.05,365.60,354.10,359.90,30385
2017-01-25,360.00,363.80,353.25,355.05,14960
2017-01-27,359.85,361.00,353.00,359.85,33751
2017-01-30,358.05,360.00,356.00,356.35,2947
2017-01-31,357.05,358.85,356.20,356.60,5236
2017-02-01,356.65,364.00,356.60,360.05,33259
2017-02-02,359.50,360.10,358.10,358.70,13412
2017-02-03,358.70,366.00,358.70,363.70,51271
2017-02-06,371.00,392.65,367.50,390.50,229174
2017-02-07,391.00,395.55,373.00,377.35,22458
2017-02-08,380.00,388.75,380.00,386.45,9653
2017-02-09,390.00,392.90,382.50,390.05,18544
2017-02-10,389.60,399.00,385.25,386.80,7041
2017-02-13,384.00,388.00,376.10,377.90,35977
2017-02-14,381.40,384.35,369.10,372.60,4612
2017-02-15,376.90,376.90,365.00,368.10,3216
2017-02-16,365.40,375.00,365.25,373.45,2563
2017-02-17,372.90,375.95,366.45,370.50,1963
2017-02-20,371.00,373.75,371.00,371.30,1208
2017-02-21,371.50,375.00,369.50,374.10,3540
2017-02-22,371.95,376.85,370.05,371.20,3543
2017-02-23,376.60,376.60,369.50,371.85,4030
2017-02-27,368.00,373.00,362.55,365.55,4161
2017-02-28,369.00,372.65,362.10,364.85,2973
2017-03-01,365.15,373.50,365.00,372.00,4686
2017-03-02,375.65,379.95,374.20,377.05,14641
2017-03-03,376.95,378.90,372.05,376.90,5048
2017-03-06,378.95,380.30,375.00,379.20,5988
2017-03-07,375.00,380.65,375.00,378.70,13435
2017-03-08,377.25,404.70,377.00,400.90,80335
2017-03-09,404.70,422.85,399.00,413.55,140233
2017-03-10,415.55,424.00,399.00,403.75,24833
2017-03-14,417.95,418.00,393.10,396.45,24550
2017-03-15,400.90,401.00,391.00,399.10,25185
2017-03-16,400.15,400.15,390.00,392.85,12151
2017-03-17,391.55,398.25,385.10,386.40,10430
2017-03-20,385.10,389.00,384.10,387.05,7452
2017-03-21,383.20,405.00,383.20,401.50,46011
2017-03-22,397.10,400.00,390.00,391.40,13038
2017-03-23,400.00,409.90,392.00,401.60,44727
2017-03-24,408.90,408.90,393.90,403.85,30053
2017-03-27,395.95,405.00,395.95,401.30,15225
2017-03-28,402.00,404.90,399.00,403.00,46363
2017-03-29,405.00,405.00,397.70,402.90,89243
2017-03-30,399.70,401.00,396.95,397.45,5908
2017-03-31,397.15,402.00,397.00,398.30,10159
2017-04-03,400.00,405.00,396.00,398.00,98669
2017-04-05,399.90,428.00,397.50,419.70,153117
2017-04-06,415.00,434.85,410.55,430.25,74054
2017-04-07,428.00,445.00,423.00,431.05,104367
2017-04-10,426.00,494.40,426.00,467.80,569582
2017-04-11,470.95,484.95,468.60,478.30,123651
2017-04-12,482.60,482.60,462.00,468.20,64775
2017-04-13,468.30,494.00,468.30,481.50,88260
2017-04-17,486.50,486.50,472.00,474.30,25317
2017-04-18,478.00,480.00,465.10,467.20,32842
2017-04-19,465.55,478.75,465.10,472.50,15240
2017-04-20,479.00,479.00,465.00,471.00,70509
2017-04-21,473.95,488.00,468.40,470.35,53248
2017-04-24,471.15,478.00,462.15,470.35,177752
2017-04-25,469.75,471.50,466.05,467.55,34523
2017-04-26,469.95,470.05,458.00,460.85,44276
2017-04-27,468.00,468.00,457.50,459.55,32135
2017-04-28,461.00,463.00,455.10,457.75,22827
2017-05-02,457.10,462.95,450.05,455.90,33530
2017-05-03,454.00,460.00,451.15,456.75,20621
2017-05-04,457.95,460.15,453.00,455.55,92908
2017-05-05,460.00,460.00,445.00,448.00,27775
2017-05-08,454.45,454.45,433.25,444.90,114683
2017-05-09,446.20,448.40,439.00,445.00,61646
2017-05-10,445.70,453.85,445.00,450.85,70786
2017-05-11,452.00,454.95,450.55,451.95,61427
2017-05-12,450.00,453.15,446.00,449.95,90671
2017-05-15,443.95,451.00,436.30,444.35,34551
2017-05-16,445.90,450.00,440.00,447.95,59719
2017-05-17,444.05,457.35,436.00,445.50,39568
2017-05-18,443.05,444.95,439.00,439.60,23174
2017-05-19,440.35,447.90,433.45,446.10,50364
2017-05-22,445.00,448.80,433.00,445.15,35764
2017-05-23,448.85,448.90,431.40,444.25,34714
2017-05-24,441.25,445.20,425.00,437.15,40090
2017-05-25,433.30,445.75,433.30,443.45,74520
2017-05-26,448.90,451.00,433.50,438.65,23785
2017-05-29,439.00,441.00,425.00,440.05,52596
2017-05-30,439.75,443.00,437.00,440.85,21822
2017-05-31,436.00,440.65,434.60,437.10,11476
2017-06-01,441.80,443.00,433.10,438.30,13564
2017-06-02,443.70,448.85,439.00,441.45,38005
2017-06-05,450.00,453.00,433.00,437.00,72730
2017-06-06,433.00,439.15,430.50,433.50,13050
2017-06-07,438.95,438.95,432.00,433.95,9297
2017-06-08,435.00,456.00,430.55,433.95,108378
2017-06-09,436.00,440.00,433.35,436.15,10516
2017-06-12,430.20,441.55,430.10,434.15,9990
2017-06-13,432.95,436.80,431.00,433.25,3959
2017-06-14,430.00,435.45,430.00,433.85,5747
2017-06-15,432.30,438.70,431.60,433.30,7685
2017-06-16,430.05,454.00,430.05,444.05,138333
2017-06-19,444.55,444.55,430.50,435.20,16891
2017-06-20,435.00,441.00,435.00,438.80,7363
2017-06-21,438.35,447.00,435.20,439.55,41189
2017-06-22,436.70,443.00,433.10,434.35,19054
2017-06-23,434.35,436.00,429.00,430.45,10442
2017-06-27,430.30,440.00,423.05,432.25,51777
2017-06-28,432.20,433.00,422.20,424.60,25018
2017-06-29,427.50,432.00,425.25,430.20,20965
2017-06-30,432.90,433.95,422.05,430.60,10452
2017-07-03,432.95,435.00,425.00,427.75,68147
2017-07-04,433.65,439.90,429.00,430.35,37995
2017-07-05,435.95,435.95,428.05,429.40,15619
2017-07-06,429.40,449.00,429.40,445.00,49396
2017-07-07,449.10,456.00,436.00,453.50,31355
2017-07-10,443.00,456.50,435.00,453.65,3255
2017-07-11,452.05,456.90,442.00,444.10,8416
2017-07-12,444.00,447.80,441.50,444.40,6414
2017-07-13,444.45,478.70,444.10,455.55,179994
2017-07-14,457.00,464.60,448.10,454.00,28919
2017-07-17,458.95,467.85,448.15,456.75,36984
2017-07-18,438.55,465.00,430.00,454.05,228253
2017-07-19,459.30,478.00,450.00,452.45,351323
2017-07-20,453.00,453.00,445.00,448.30,218306
2017-07-21,451.85,459.00,448.50,451.45,25044
2017-07-24,450.05,452.95,435.55,437.30,28316
2017-07-25,436.10,444.90,436.10,439.80,44521
2017-07-26,436.00,456.85,436.00,448.30,49981
2017-07-27,445.40,449.95,441.00,446.30,55562
2017-07-28,443.75,446.45,438.00,441.80,18068
2017-07-31,438.20,443.00,437.00,438.65,17211
2017-08-01,436.00,451.00,436.00,444.45,35771
2017-08-02,444.50,444.85,434.50,436.25,11825
2017-08-03,439.95,439.95,425.00,428.85,55610
2017-08-04,426.90,428.00,419.00,423.85,29117
2017-08-07,424.10,430.35,421.00,426.30,12845
2017-08-08,431.25,431.30,410.55,414.90,19329
2017-08-09,414.90,420.75,411.10,418.30,52761
2017-08-10,410.00,419.95,401.50,414.95,50327
2017-08-11,405.00,414.00,400.10,411.75,33433
2017-08-14,410.00,425.90,405.10,423.40,14199
2017-08-16,429.75,429.75,415.00,417.85,5543
2017-08-17,419.70,425.00,416.10,422.75,5893
2017-08-18,420.00,420.00,410.20,412.00,6802
2017-08-21,422.00,422.00,405.95,407.35,7117
2017-08-22,414.00,414.00,402.10,410.50,14057
2017-08-23,411.15,412.70,404.00,408.85,11265
2017-08-24,409.00,409.25,402.00,406.45,7810
2017-08-28,406.45,408.75,401.25,403.50,5671
2017-08-29,402.15,412.00,401.00,409.20,5230
2017-08-30,411.15,414.00,410.00,411.25,6955
2017-08-31,411.25,419.00,406.05,410.70,21508
2017-09-01,409.00,412.90,406.00,409.55,13316
2017-09-04,405.00,415.00,403.00,409.75,14934
2017-09-05,412.95,412.95,407.00,407.80,25376
2017-09-06,402.00,409.00,401.10,404.00,26481
2017-09-07,405.25,407.15,400.05,400.95,16667
2017-09-08,405.00,406.95,400.10,402.45,30025
2017-09-11,401.55,407.15,392.15,396.35,17281
2017-09-12,399.00,412.00,394.40,408.30,39369
2017-09-13,408.00,418.85,404.00,414.40,23458
2017-09-14,416.00,416.00,401.55,404.60,9332
2017-09-15,412.00,430.00,402.10,409.50,24570
2017-09-18,409.00,410.00,403.25,405.45,22147
2017-09-19,406.30,409.00,403.65,405.00,14105
2017-09-20,405.00,405.00,387.00,391.75,66571
2017-09-21,398.95,407.40,391.00,393.20,21762
2017-09-22,397.00,400.90,389.00,389.90,14900
2017-09-25,391.00,397.70,375.55,380.00,13647
2017-09-26,384.50,391.00,380.20,387.95,5571
2017-09-27,392.00,395.00,368.00,373.75,35067
2017-09-28,376.90,380.00,372.00,378.85,34156
2017-09-29,384.20,384.20,373.10,376.05,21735
2017-10-03,383.20,383.40,372.10,376.80,11011
2017-10-04,376.80,386.70,376.50,384.65,77064
2017-10-05,378.05,390.00,378.05,384.90,13978
2017-10-06,387.95,389.45,381.20,383.90,18979
2017-10-09,387.45,387.45,383.70,384.95,28575
2017-10-10,385.00,385.60,382.00,384.05,11190
2017-10-11,385.00,385.90,379.50,380.90,18635
2017-10-12,384.00,385.00,377.00,379.05,16986
2017-10-13,384.50,384.50,377.00,380.00,68804
2017-10-16,385.80,385.80,377.05,378.05,22380
2017-10-17,379.90,380.45,375.10,376.35,30682
2017-10-18,372.20,408.70,372.20,391.10,285429
2017-10-19,394.00,400.90,394.00,396.75,13490
2017-10-23,395.15,408.05,391.95,401.10,29982
2017-10-24,401.00,415.85,397.10,403.55,54528
2017-10-25,411.00,415.00,400.00,409.90,33331
2017-10-26,410.00,422.80,403.20,419.70,54513
2017-10-27,423.10,423.10,411.30,415.35,25945
2017-10-30,433.00,443.00,420.00,424.10,236480
2017-10-31,431.90,438.00,424.15,431.45,95105
2017-11-01,438.00,438.00,426.00,429.15,25726
2017-11-02,427.00,431.25,422.70,426.05,34313
2017-11-03,426.50,430.05,423.25,425.60,23240
2017-11-06,429.90,460.85,425.00,456.60,216269
2017-11-07,456.00,470.40,450.00,455.40,102714
2017-11-08,458.00,467.00,451.55,462.70,83158
2017-11-09,467.95,479.30,460.00,464.55,53199
2017-11-10,460.00,468.75,460.00,463.45,24914
2017-11-13,465.00,469.00,461.10,464.35,17206
2017-11-14,464.35,467.45,458.75,464.75,20861
2017-11-15,466.50,483.65,457.10,472.90,64380
2017-11-16,471.00,482.00,467.00,472.85,34374
2017-11-17,475.45,521.00,471.00,509.10,358038
2017-11-20,511.00,555.00,511.00,526.65,290102
2017-11-21,531.90,540.00,520.10,524.40,72567
2017-11-22,527.00,527.00,511.00,514.05,40658
2017-11-23,516.00,528.90,511.00,513.55,26369
2017-11-24,518.90,537.25,515.00,521.85,63636
2017-11-27,526.50,536.90,516.00,518.30,37505
2017-11-28,522.50,531.00,521.00,527.35,51583
2017-11-29,527.50,531.90,518.25,527.85,53301
2017-11-30,526.05,526.05,517.50,518.80,22506
2017-12-01,519.00,544.80,517.00,518.10,33419
2017-12-04,526.50,527.90,499.05,502.90,32205
2017-12-05,510.00,510.00,483.30,496.15,16794
2017-12-06,498.85,504.90,488.00,490.35,31084
2017-12-07,493.40,495.40,478.05,483.20,34933
2017-12-08,484.05,493.90,484.00,488.95,20201
2017-12-11,494.00,494.00,486.40,490.15,155090
2017-12-12,486.00,501.00,486.00,491.95,34845
2017-12-13,491.00,496.95,484.00,485.90,15950
2017-12-14,490.00,490.95,476.05,485.70,12299
2017-12-15,488.90,492.75,485.00,485.55,13437
2017-12-18,481.10,484.00,465.00,475.90,35392
2017-12-19,480.20,480.20,470.00,472.60,18730
2017-12-20,472.15,503.05,472.15,495.55,101642
2017-12-21,494.20,528.70,494.20,522.10,87769
2017-12-22,528.80,535.00,511.00,530.15,47848
2017-12-26,530.20,538.00,525.00,527.05,19275
2017-12-27,527.00,527.00,517.90,521.05,15403
2017-12-28,519.25,522.00,511.00,516.40,9403
2017-12-29,519.40,558.80,519.40,536.15,273912
2018-01-01,541.80,541.80,525.00,534.00,46730
2018-01-02,536.05,539.90,514.05,520.05,22228
2018-01-03,522.80,548.90,521.00,528.25,55005
2018-01-04,534.75,555.00,530.55,551.35,105704
2018-01-05,555.00,560.00,552.10,555.05,68816
2018-01-08,560.00,564.90,547.00,558.10,36814
2018-01-09,557.95,557.95,540.05,544.60,67353
2018-01-10,542.00,548.45,535.40,541.75,37013
2018-01-11,540.30,548.45,536.50,544.40,19421
2018-01-12,541.40,599.00,532.05,576.70,191998
2018-01-15,578.90,597.80,569.10,580.90,86737
2018-01-16,583.00,583.00,553.95,556.25,27015
2018-01-17,556.25,559.60,539.00,552.50,17975
2018-01-18,560.90,560.90,538.05,541.35,112663
2018-01-19,540.55,548.65,532.00,536.35,44426
2018-01-22,540.00,547.90,538.05,540.90,85508
2018-01-23,538.00,548.00,538.00,545.30,19720
2018-01-24,545.00,545.05,530.50,534.55,72744
2018-01-25,534.00,534.90,526.00,529.10,12521
2018-01-29,535.75,539.00,513.10,515.05,51747
2018-01-30,519.30,541.00,511.10,528.60,52381
2018-01-31,522.00,547.05,516.25,537.15,128239
2018-02-01,530.50,537.00,520.10,524.20,110006
2018-02-02,520.45,524.00,466.00,508.15,60152
2018-02-05,497.10,510.00,489.10,505.65,33143
2018-02-06,475.10,496.95,470.00,478.40,307760
2018-02-07,487.65,502.80,487.65,499.40,17834
2018-02-08,500.00,524.40,500.00,515.80,21649
2018-02-09,505.10,519.75,500.00,517.10,14834
2018-02-12,520.00,533.00,518.95,529.60,18921
2018-02-14,526.00,526.00,489.10,510.40,39993
2018-02-15,511.00,520.05,500.05,507.85,16076
2018-02-16,514.80,514.80,492.10,498.75,13344
2018-02-19,496.20,503.70,482.05,486.30,9948
2018-02-20,487.85,499.80,487.85,492.30,12043
2018-02-21,502.05,502.05,485.10,485.50,6186
2018-02-22,489.95,494.80,481.15,486.35,7733
2018-02-23,482.00,495.00,482.00,487.30,8958
2018-02-26,480.50,528.00,480.50,510.45,46880
2018-02-27,511.55,512.75,494.05,505.10,47285
2018-02-28,499.05,504.00,494.50,498.65,8670
2018-03-01,492.00,508.00,492.00,501.10,13107
2018-03-05,504.90,504.90,485.75,491.20,19946
2018-03-06,496.90,504.40,489.10,494.35,16781
2018-03-07,494.40,494.40,484.60,490.00,13474
2018-03-08,489.15,494.45,475.20,484.45,15475
2018-03-09,484.50,488.80,472.90,475.65,9972
2018-03-12,477.30,488.80,476.00,480.30,11503
2018-03-13,488.45,495.00,480.35,493.25,9077
2018-03-14,494.00,494.65,489.90,493.30,7900
2018-03-15,495.45,499.20,492.20,497.00,11788
2018-03-16,504.80,504.80,494.00,494.80,16309
2018-03-19,498.80,498.80,473.20,475.70,16737
2018-03-20,473.10,477.65,455.00,463.15,18166
2018-03-21,460.10,476.75,460.10,469.65,35547
2018-03-22,472.85,486.85,469.50,484.05,23882
2018-03-23,484.00,484.00,456.00,468.40,13027
2018-03-26,465.10,470.05,450.35,458.75,55362
2018-03-27,454.70,463.70,447.00,448.15,27680
2018-03-28,449.00,452.90,433.10,437.25,23144
2018-04-02,440.90,453.90,440.85,446.80,147189
2018-04-03,449.00,458.00,448.35,453.80,12116
2018-04-04,456.90,468.70,446.10,450.30,20779
2018-04-05,456.90,476.00,453.25,462.70,15025
2018-04-06,461.85,477.80,461.85,474.40,11989
2018-04-09,479.70,513.80,476.95,498.05,138470
2018-04-10,497.95,508.80,486.00,488.30,15508
2018-04-11,488.30,493.10,481.20,483.75,8062
2018-04-12,483.75,489.55,476.20,479.35,11484
2018-04-13,475.00,482.05,469.05,472.70,12736
2018-04-16,465.10,476.50,465.10,471.65,5135
2018-04-17,476.50,476.50,464.30,467.45,7258
2018-04-18,469.90,471.90,463.10,465.40,11291
2018-04-19,470.00,471.85,459.30,467.40,8170
2018-04-20,468.85,480.85,461.25,463.90,15311
2018-04-23,464.00,464.00,456.05,459.20,8075
2018-04-24,460.85,468.80,458.10,459.40,6749
2018-04-25,459.90,463.35,454.00,456.45,6313
2018-04-26,456.65,466.00,453.75,455.75,6510
2018-04-27,457.85,464.50,455.00,458.80,8777
2018-04-30,454.10,463.00,445.25,450.10,16098
2018-05-02,450.00,455.05,440.10,442.40,10443
2018-05-03,443.05,448.95,433.05,435.90,8609
2018-05-04,438.00,438.00,422.00,427.15,15879
2018-05-07,432.90,433.85,418.00,420.15,16533
2018-05-08,420.70,445.00,420.70,429.90,13964
2018-05-09,439.00,464.90,430.25,456.50,78592
2018-05-10,444.00,472.75,415.00,424.15,222813
2018-05-11,422.00,445.00,422.00,442.40,51077
2018-05-14,442.00,445.00,427.10,428.80,13310
2018-05-15,425.15,432.90,420.05,429.60,14826
2018-05-16,427.80,429.70,421.40,424.05,5975
2018-05-17,422.80,438.50,422.80,433.85,13081
2018-05-18,427.00,438.00,425.80,434.30,11914
2018-05-21,426.30,435.65,420.05,421.80,14893
2018-05-22,423.00,430.00,419.05,420.20,14702
2018-05-23,421.95,430.80,418.30,422.80,10095
2018-05-24,422.00,428.80,413.10,425.10,17923
2018-05-25,418.25,425.45,418.25,421.45,3102
2018-05-28,422.75,435.90,422.10,433.80,15820
2018-05-29,426.30,434.55,421.60,422.15,9602
2018-05-30,423.00,430.60,418.50,427.60,10044
2018-05-31,426.85,436.80,425.00,428.60,22304
2018-06-01,428.95,432.00,421.25,429.75,17853
2018-06-04,429.40,444.00,422.00,425.10,350025
2018-06-05,420.10,444.00,420.10,428.35,448878
2018-06-06,432.00,443.90,426.30,441.25,46026
2018-06-07,442.00,451.90,442.00,447.85,12936
2018-06-08,441.10,456.40,441.10,446.85,9322
2018-06-11,446.85,458.40,445.85,455.40,9563
2018-06-12,456.45,463.05,451.25,461.40,11118
2018-06-13,460.45,463.65,445.45,454.00,18975
2018-06-14,452.90,459.75,445.10,450.25,7341
2018-06-15,445.20,459.00,445.20,453.00,63655
2018-06-18,453.00,456.90,448.25,455.60,11782
2018-06-19,455.20,459.20,447.95,450.95,7152
2018-06-20,445.45,456.35,445.45,453.75,70329
2018-06-21,453.60,456.15,447.90,454.45,9375
2018-06-22,454.05,456.40,448.75,455.10,48530
2018-06-25,445.50,464.00,445.50,460.45,71548
2018-06-26,458.95,458.95,448.65,450.15,54668
2018-06-27,450.75,450.75,431.10,434.35,77695
2018-06-28,435.20,440.25,421.60,428.60,103036
2018-06-29,425.00,430.00,422.40,425.00,9094
2018-07-02,425.05,432.85,421.90,427.65,20709
2018-07-03,434.95,436.00,420.60,423.75,9364
2018-07-04,422.95,429.85,419.40,421.30,10014
2018-07-05,420.25,425.40,420.25,423.25,13092
2018-07-06,422.15,428.00,420.60,421.25,8427
2018-07-09,421.25,431.00,420.60,427.25,21496
2018-07-10,430.20,435.00,425.45,433.45,6166
2018-07-11,430.25,454.40,427.25,450.85,20011
2018-07-12,442.05,465.00,442.05,462.60,12517
2018-07-13,464.00,478.00,449.25,462.95,36060
2018-07-16,460.00,462.10,428.50,436.50,10960
2018-07-17,444.95,454.90,438.45,448.10,6579
2018-07-18,446.05,454.50,435.70,443.05,8265
2018-07-19,440.20,448.90,438.60,443.45,1904
2018-07-20,441.55,449.85,437.10,439.20,3392
2018-07-23,441.00,454.80,441.00,441.80,11061
2018-07-24,454.50,471.15,435.90,438.85,22701
2018-07-25,446.95,446.95,432.00,433.65,11006
2018-07-26,432.00,440.00,428.00,433.55,7513
2018-07-27,430.15,444.00,430.15,436.80,9790
2018-07-30,436.00,443.75,427.00,428.35,31869
2018-07-31,428.35,435.00,428.10,431.65,6555
2018-08-01,431.65,438.40,431.00,431.55,5804
2018-08-02,431.05,435.45,430.00,432.20,7508
2018-08-03,434.20,449.90,431.65,436.40,449868
2018-08-06,442.90,453.00,436.40,436.55,14555
2018-08-07,447.65,447.65,434.25,434.65,7281
2018-08-08,433.25,440.00,425.05,428.40,15875
2018-08-09,424.55,430.95,420.55,422.10,10473
2018-08-10,424.65,427.00,422.00,422.65,11502
2018-08-13,421.90,425.45,415.00,418.35,22178
2018-08-14,420.00,420.95,417.00,418.75,23045
2018-08-16,420.85,422.40,415.10,416.35,6394
2018-08-17,416.80,422.00,413.10,415.50,10220
2018-08-20,413.00,424.55,406.00,409.85,37118
2018-08-21,409.85,416.90,407.10,410.10,111923
2018-08-23,411.00,448.80,410.00,416.45,179440
2018-08-24,416.50,423.00,410.05,411.55,28535
2018-08-27,415.70,415.70,409.70,410.50,18486
2018-08-28,410.00,415.30,402.60,405.15,31946
2018-08-29,410.00,410.00,398.70,400.00,16721
2018-08-30,400.10,412.35,396.30,403.40,24787
2018-08-31,403.50,408.90,398.00,404.05,10264
2018-09-03,404.00,415.90,403.00,411.75,27623
2018-09-04,413.30,419.95,408.00,410.55,16599
2018-09-05,406.25,412.50,401.60,405.10,22843
2018-09-06,405.35,416.80,403.00,408.50,19159
2018-09-07,407.70,414.80,403.55,405.80,16168
2018-09-10,414.90,421.50,410.55,413.35,35266
2018-09-11,418.95,424.90,413.00,420.70,46382
2018-09-12,420.70,434.80,420.55,427.05,26440
2018-09-14,425.60,434.60,425.00,430.30,209125
2018-09-17,432.50,441.10,430.10,432.45,31496
2018-09-18,430.00,430.95,417.10,418.60,12264
2018-09-19,417.15,435.05,417.15,422.20,20267
2018-09-21,422.00,434.00,413.75,420.70,29437
2018-09-24,417.20,422.80,413.20,418.10,24050
2018-09-25,415.40,424.95,415.40,420.35,16194
2018-09-26,412.05,443.90,412.05,424.65,60458
2018-09-27,420.10,433.70,418.55,428.40,24635
2018-09-28,425.15,437.75,401.10,409.15,32018
2018-10-01,412.00,412.95,398.05,410.15,100767
2018-10-03,405.30,429.00,405.30,421.70,7513
2018-10-04,417.10,417.20,406.60,410.65,11608
2018-10-05,406.00,411.25,401.15,404.35,19029
2018-10-08,408.00,410.95,382.25,400.35,42474
2018-10-09,399.90,412.00,393.55,401.70,19939
2018-10-10,401.10,422.00,401.10,421.05,26223
2018-10-11,410.00,425.00,404.65,419.30,8291
2018-10-12,423.60,427.15,419.15,423.35,7824
2018-10-15,425.80,425.80,415.10,417.05,2462
2018-10-16,414.10,424.85,414.10,419.75,2731
2018-10-17,420.05,422.00,415.60,417.25,8811
2018-10-19,417.00,421.90,415.60,420.00,8875
2018-10-22,422.60,422.60,405.55,407.60,10213
2018-10-23,410.00,439.00,408.00,421.15,168443
2018-10-24,432.00,452.60,421.15,445.90,62646
2018-10-25,428.05,434.00,395.40,404.00,249579
2018-10-26,408.80,413.65,395.10,398.70,38452
2018-10-29,400.95,408.00,393.90,405.20,21801
2018-10-30,405.00,414.05,402.15,411.10,10585
2018-10-31,405.10,441.95,405.10,440.40,73287
2018-11-01,449.40,457.55,441.00,450.30,91286
2018-11-02,449.00,472.90,449.00,469.35,182416
2018-11-05,472.90,479.80,451.25,456.10,90563
2018-11-06,458.90,463.90,450.00,453.55,32233
2018-11-07,458.00,489.95,458.00,485.85,90875
2018-11-09,520.00,583.00,516.00,583.00,1943068
2018-11-12,600.00,619.90,588.30,597.90,910566
2018-11-13,595.00,629.00,585.10,619.35,862700
2018-11-14,622.30,678.00,622.30,645.80,1032286
2018-11-15,621.00,655.00,621.00,652.75,521852
2018-11-16,655.00,662.00,642.10,644.20,293955
2018-11-19,640.20,649.95,624.20,626.90,164708
2018-11-20,626.90,629.80,614.20,621.95,107228
2018-11-21,624.65,642.40,620.10,634.00,103478
2018-11-22,638.05,652.65,632.50,646.75,146618
2018-11-26,645.15,664.80,645.15,658.90,555465
2018-11-27,665.00,702.40,657.00,666.60,532436
2018-11-28,670.45,673.60,645.35,648.00,154262
2018-11-29,652.00,677.35,650.00,662.85,64936
2018-11-30,665.00,689.95,658.00,679.75,158665
2018-12-03,681.95,686.10,660.00,669.10,60282
2018-12-04,672.00,681.80,665.00,671.80,33263
2018-12-05,670.00,677.35,664.05,666.50,26921
2018-12-06,664.05,668.60,652.00,655.25,34177
2018-12-07,658.25,693.90,650.15,677.45,111982
2018-12-10,675.90,704.80,660.10,675.40,395408
2018-12-11,672.55,689.95,670.10,685.25,78984
2018-12-12,699.00,699.25,676.30,680.25,103765
2018-12-13,686.85,689.80,671.55,683.05,44611
2018-12-14,684.90,689.50,675.15,679.55,41549
2018-12-17,693.80,693.80,672.50,676.05,45645
2018-12-18,677.85,681.90,669.00,671.30,24458
2018-12-19,674.90,684.95,670.10,673.45,81558
2018-12-20,676.20,681.75,670.10,674.35,20562
2018-12-21,673.10,687.00,670.10,681.90,21859
2018-12-24,679.40,704.90,675.10,691.75,136186
2018-12-26,691.50,694.80,675.50,682.60,117665
2018-12-27,683.65,689.95,676.00,678.40,48332
2018-12-28,680.90,688.75,679.90,684.90,17871
2018-12-31,685.00,696.80,677.55,679.60,228069
2019-01-01,682.55,685.00,678.10,682.55,17711
2019-01-02,680.00,690.30,678.65,679.85,38200
2019-01-03,679.90,684.65,673.00,675.95,29986
2019-01-04,681.50,685.00,675.00,679.10,14980
2019-01-07,680.00,693.80,677.00,680.25,80685
2019-01-08,678.35,693.75,678.35,691.20,115251
2019-01-09,690.00,705.80,678.25,687.60,278260
2019-01-10,688.95,774.90,683.00,744.20,2214069
2019-01-11,742.00,796.00,734.25,791.15,1702925
2019-01-14,797.90,819.00,744.20,750.40,1253055
2019-01-15,753.20,799.00,753.00,787.45,1019217
2019-01-16,789.60,812.90,767.55,785.35,616648
2019-01-17,790.00,797.80,751.05,767.60,375039
2019-01-18,767.60,772.10,614.10,614.10,1988178
2019-01-21,639.00,680.00,575.55,667.75,2932940
2019-01-22,658.00,679.80,649.00,669.40,751159
2019-01-23,668.00,668.75,649.15,653.60,246203
2019-01-24,647.10,746.00,646.10,710.80,1500325
2019-01-25,568.65,613.80,568.65,569.10,1761148
2019-01-28,559.00,559.00,481.55,490.70,704562
2019-01-29,493.85,523.50,492.00,508.80,454171
2019-01-30,509.00,519.70,457.85,478.95,645001
2019-01-31,486.00,498.60,470.20,476.40,232367
2019-02-01,470.00,481.00,455.00,458.30,128410
2019-02-04,457.90,457.90,422.00,424.20,218396
2019-02-05,425.00,432.00,415.15,418.10,139876
2019-02-06,420.00,453.00,419.00,438.70,282916
2019-02-07,438.00,449.95,430.00,438.85,98324
2019-02-08,438.85,445.00,432.00,433.50,51384
2019-02-11,430.00,443.00,424.25,433.35,65398
2019-02-12,428.95,448.90,424.95,438.10,88093
2019-02-13,444.00,444.00,430.00,432.30,49167
2019-02-14,433.95,436.95,424.45,427.65,41553
2019-02-15,426.00,432.95,419.50,423.70,47400
2019-02-18,422.20,432.00,422.20,427.65,38839
2019-02-19,432.65,438.40,428.00,434.80,75219
2019-02-20,437.90,444.70,433.00,436.55,50881
2019-02-21,438.00,438.00,425.00,427.20,43801
2019-02-22,428.00,437.75,428.00,429.35,36637
2019-02-25,434.95,435.00,427.25,429.25,30237
2019-02-26,427.00,432.05,420.00,426.55,28396
2019-02-27,426.55,469.20,425.55,466.35,324037
2019-02-28,470.00,508.00,470.00,494.00,788845
2019-03-01,494.10,507.80,485.20,498.70,242053
2019-03-05,497.90,543.00,491.35,537.85,455425
2019-03-06,540.20,556.90,539.85,552.30,190895
2019-03-07,551.10,562.00,540.00,554.90,95228
2019-03-08,554.00,564.00,541.40,549.90,71412
2019-03-11,556.00,556.00,522.45,525.30,69825
2019-03-12,520.00,522.45,500.95,506.85,136388
2019-03-13,507.95,527.70,505.20,511.15,72040
2019-03-14,507.15,517.00,504.05,504.85,25945
2019-03-15,511.90,511.90,500.15,503.70,27812
2019-03-18,504.70,513.80,497.95,502.40,31084
2019-03-19,502.00,516.00,495.10,498.25,18563
2019-03-20,499.30,501.50,480.20,484.45,33339
2019-03-22,484.45,508.65,484.45,494.30,97412
2019-03-25,496.00,500.05,480.00,481.65,22893
2019-03-26,478.30,488.00,474.35,478.35,36069
2019-03-27,482.00,501.50,479.00,485.20,80684
2019-03-28,485.20,494.05,483.25,484.35,21373
2019-03-29,493.40,493.40,485.00,486.50,25120
2019-04-01,489.95,495.00,484.10,485.35,26186
2019-04-02,486.20,497.00,481.00,483.95,47639
2019-04-03,485.70,489.80,478.60,480.15,23067
2019-04-04,481.05,487.45,466.00,468.55,36914
2019-04-05,470.05,476.50,460.00,463.65,74131
2019-04-08,467.00,475.00,460.10,471.00,31865
2019-04-09,485.00,516.05,481.00,509.45,336278
2019-04-10,508.00,526.70,505.00,513.15,152916
2019-04-11,516.10,519.00,495.05,498.50,54129
2019-04-12,502.80,502.80,492.75,493.20,23920
2019-04-15,494.00,508.00,493.60,496.00,37842
2019-04-16,496.05,497.00,485.50,486.95,35360
2019-04-18,484.00,492.40,475.00,476.20,31403
2019-04-22,479.90,489.45,472.00,473.60,33076
2019-04-23,485.00,513.00,484.95,491.90,175894
2019-04-24,496.00,499.00,490.00,490.75,23463
2019-04-25,496.45,499.00,490.00,492.75,13794
2019-04-26,496.00,505.00,485.00,487.45,30892
2019-04-30,488.10,492.55,475.40,477.85,36193
2019-05-02,484.00,493.00,475.25,478.40,32387
2019-05-03,480.10,499.00,479.00,492.50,42477
2019-05-06,487.20,497.00,483.95,493.20,35539
2019-05-07,493.20,495.90,489.90,491.90,18641
2019-05-08,484.10,497.90,484.10,490.10,21400
2019-05-09,490.90,509.00,490.00,506.40,93265
2019-05-10,509.80,519.90,503.00,517.20,64537
2019-05-13,525.00,537.00,520.00,524.90,124701
2019-05-14,525.00,546.00,503.70,532.30,260970
2019-05-15,538.85,550.00,532.60,539.95,107307
2019-05-16,539.90,548.70,531.40,539.70,71886
2019-05-17,539.90,546.05,532.00,538.15,50501
2019-05-20,540.55,554.90,537.95,543.95,52731
2019-05-21,553.90,553.90,544.05,549.75,56163
2019-05-22,558.00,570.00,553.40,563.70,108831
2019-05-23,574.95,578.00,551.00,562.15,49030
2019-05-24,572.50,572.50,540.35,542.65,33029
2019-05-27,549.50,594.00,545.00,582.90,198028
2019-05-28,586.00,602.00,583.00,593.85,359156
2019-05-29,587.75,587.75,565.20,567.15,31013
2019-05-30,568.00,577.00,563.05,569.75,18653
2019-05-31,571.20,579.10,558.50,562.25,23516
2019-06-03,563.25,573.90,558.25,563.60,11803
2019-06-04,569.00,575.80,564.00,566.10,14934
2019-06-06,572.70,572.70,552.00,555.60,9730
2019-06-07,558.00,561.75,541.25,544.00,18423
2019-06-10,550.00,562.35,544.90,553.85,30846
2019-06-11,554.25,555.85,542.00,544.45,13530
2019-06-12,547.60,547.75,541.55,542.15,12605
2019-06-13,545.00,549.80,535.00,540.50,9501
2019-06-14,539.70,540.20,525.55,530.40,8230
2019-06-17,525.05,528.90,512.25,515.05,18639
2019-06-18,515.00,532.05,513.95,520.05,33469
2019-06-19,520.05,529.45,497.00,500.60,26505
2019-06-20,501.45,508.75,491.00,504.65,22470
2019-06-21,500.40,504.75,495.05,498.10,11546
2019-06-24,490.15,512.00,490.15,500.30,10417
2019-06-25,510.00,513.80,501.95,509.15,9365
2019-06-26,509.15,514.65,503.25,505.75,5320
2019-06-27,507.25,511.45,499.95,506.05,6002
2019-06-28,509.95,546.00,501.05,520.65,168568
2019-07-01,520.00,526.15,505.55,507.45,22885
2019-07-02,509.45,524.75,509.00,519.70,17944
2019-07-03,523.05,523.05,512.90,519.00,6293
2019-07-04,518.85,521.95,512.05,513.40,6421
2019-07-05,517.90,539.00,510.10,530.90,66631
2019-07-08,531.10,534.00,498.00,503.50,32197
2019-07-09,504.75,510.70,496.00,503.30,17212
2019-07-10,504.30,510.25,500.75,507.60,11056
2019-07-11,508.40,509.00,502.00,503.45,6194
2019-07-12,504.70,523.75,503.45,506.75,22622
2019-07-15,508.00,515.05,500.10,502.35,10711
2019-07-16,503.50,511.90,503.50,506.50,10334
2019-07-17,506.05,512.00,501.65,503.60,5867
2019-07-18,500.00,506.90,500.00,503.60,6574
2019-07-19,504.00,511.00,484.95,490.95,13430
2019-07-22,478.00,494.60,478.00,491.35,11942
2019-07-23,490.95,513.50,485.95,500.35,19099
2019-07-24,506.00,506.00,491.65,495.35,22607
2019-07-25,495.80,504.05,494.00,499.55,17039
2019-07-26,499.75,502.80,493.90,499.75,9493
2019-07-29,501.50,505.95,493.95,500.10,14565
2019-07-30,500.65,506.00,480.55,483.90,25396
2019-07-31,484.00,496.00,477.05,488.45,15004
2019-08-01,488.65,490.90,476.00,479.60,15375
2019-08-02,481.40,489.75,475.55,478.75,12855
2019-08-05,477.70,482.50,466.00,480.15,9360
2019-08-06,472.00,495.00,472.00,487.75,19112
2019-08-07,492.95,494.95,485.35,487.85,6895
2019-08-08,486.10,489.55,475.00,486.60,14259
2019-08-09,486.60,489.90,478.10,480.15,10775
2019-08-13,487.00,491.05,479.70,484.00,15906
2019-08-14,483.05,525.00,482.00,513.60,115569
2019-08-16,510.95,518.00,496.00,510.50,12695
2019-08-19,501.00,509.00,494.90,500.35,25298
2019-08-20,501.90,510.00,491.20,497.05,13153
2019-08-21,498.00,498.00,480.55,481.85,11060
2019-08-22,478.10,485.00,476.00,480.50,13216
2019-08-23,482.90,502.00,476.00,500.40,19463
2019-08-26,502.90,515.05,491.60,495.80,11157
2019-08-27,497.40,504.00,493.85,497.80,12977
2019-08-28,524.00,524.85,505.50,507.95,64239
2019-08-29,510.00,510.00,491.60,495.25,14001
2019-08-30,498.50,505.00,495.20,502.70,8875
2019-09-03,503.00,506.00,497.00,499.70,3659
2019-09-04,504.25,505.80,491.20,496.50,15292
2019-09-05,495.25,505.00,493.60,502.85,9883
2019-09-06,502.85,505.90,499.00,502.80,12015
2019-09-09,499.75,503.95,495.10,501.80,8459
2019-09-11,500.00,506.00,494.00,494.45,24225
2019-09-12,496.80,499.75,474.00,480.25,45348
2019-09-13,484.50,491.30,480.25,481.05,14521
2019-09-16,484.60,494.35,479.10,483.55,22639
2019-09-17,482.10,485.90,476.00,482.95,15076
2019-09-18,484.05,485.00,476.10,477.60,5785
2019-09-19,477.85,478.85,474.75,475.90,9205
2019-09-20,477.00,493.25,472.50,489.95,18892
2019-09-23,492.95,510.00,492.90,507.70,34167
2019-09-24,500.10,519.70,496.15,501.35,25399
2019-09-25,500.35,521.00,498.00,514.50,48407
2019-09-26,519.95,534.90,511.95,516.45,132094
2019-09-27,516.45,524.90,506.65,509.30,20606
2019-09-30,511.80,523.15,508.75,511.70,28590
2019-10-01,506.00,518.00,504.00,510.15,19275
2019-10-03,515.00,515.35,510.10,513.30,14119
2019-10-04,513.25,518.95,513.00,513.80,16118
2019-10-07,519.00,519.00,501.15,504.05,8634
2019-10-09,505.50,513.90,500.95,510.55,4902
2019-10-10,509.20,516.95,505.30,513.30,11226
2019-10-11,514.00,518.95,508.90,510.80,8352
2019-10-14,514.75,520.00,508.00,515.05,10697
2019-10-15,521.90,521.90,510.00,515.40,13585
2019-10-16,519.90,519.90,504.95,510.85,22108
2019-10-17,510.90,522.00,508.50,515.90,7463
2019-10-18,509.00,534.40,509.00,524.00,35440
2019-10-22,528.00,530.00,517.00,524.60,9743
2019-10-23,529.45,540.00,525.95,534.85,52445
2019-10-24,542.50,547.00,535.00,540.40,40910
2019-10-25,544.75,561.00,530.20,547.20,23375
2019-10-29,552.00,582.95,552.00,557.00,84000
2019-10-30,557.00,569.70,553.25,557.85,11267
2019-10-31,559.20,560.00,550.30,555.45,8704
2019-11-01,552.80,575.30,549.30,564.00,27949
2019-11-04,569.95,579.00,560.15,564.90,19558
2019-11-05,565.05,575.50,555.10,562.15,13596
2019-11-06,560.10,563.95,551.15,553.15,4814
2019-11-07,548.00,561.00,547.15,551.85,8290
2019-11-08,556.00,560.00,541.15,545.45,6821
2019-11-11,542.00,577.90,532.55,564.95,60848
2019-11-13,575.25,598.30,575.25,594.60,112478
2019-11-14,599.00,612.40,588.00,596.30,49242
2019-11-15,591.00,603.00,591.00,595.10,13832
2019-11-18,596.00,696.00,596.00,660.50,662533
2019-11-19,663.80,669.70,638.00,658.80,280301
2019-11-20,664.80,702.20,642.00,653.30,355313
2019-11-21,653.00,658.95,624.00,628.20,135274
2019-11-22,626.05,654.90,625.05,652.00,64978
2019-11-25,641.00,654.00,628.10,639.50,134225
2019-11-26,643.55,654.10,630.00,643.55,83220
2019-11-27,646.35,646.95,628.15,630.65,22195
2019-11-28,633.05,659.70,632.10,650.40,72648
2019-11-29,654.00,669.00,648.00,651.55,44688
2019-12-02,650.00,669.00,650.00,655.80,46005
2019-12-03,654.40,668.00,644.00,646.50,22835
2019-12-04,645.80,654.70,634.00,638.55,19231
2019-12-05,636.05,644.00,624.50,626.65,15845
2019-12-06,638.40,650.05,622.25,623.05,22662
2019-12-09,619.00,627.55,601.20,605.00,24682
2019-12-10,601.15,626.30,597.20,621.25,33108
2019-12-11,623.75,623.75,611.15,612.70,8590
2019-12-12,613.00,623.50,612.00,615.15,10637
2019-12-13,617.10,620.00,610.00,612.65,9749
2019-12-16,614.05,638.05,605.15,631.40,30028
2019-12-17,635.90,698.90,613.20,669.55,689049
2019-12-18,664.05,694.50,656.00,686.20,211076
2019-12-19,676.00,694.00,676.00,684.45,80116
2019-12-20,678.00,688.80,654.00,658.95,105468
2019-12-23,659.70,674.40,658.15,660.55,28575
2019-12-24,662.35,663.70,648.00,660.35,25021
2019-12-26,660.35,674.00,655.45,661.10,26562
2019-12-27,662.65,667.65,651.00,656.05,13766
2019-12-30,650.20,659.90,646.20,655.05,19027
2019-12-31,657.30,678.40,652.90,661.45,51810
2020-01-01,663.85,674.00,660.90,663.05,10967
2020-01-02,662.35,678.00,660.85,669.00,45568
2020-01-03,674.40,678.00,649.20,664.30,32135
2020-01-06,655.00,662.85,645.00,647.80,20193
2020-01-07,657.40,662.35,638.00,643.55,23019
2020-01-08,638.00,655.00,631.10,645.75,18227
2020-01-09,658.00,732.00,653.00,696.00,564989
2020-01-10,703.35,713.90,688.00,694.00,146424
2020-01-13,692.70,698.00,675.10,682.25,53573
2020-01-14,690.00,695.75,674.50,682.40,44950
2020-01-15,686.90,723.95,681.50,707.30,135698
2020-01-16,719.70,724.90,705.05,716.10,241578
2020-01-17,720.00,740.00,719.30,730.00,95840
2020-01-20,740.00,744.00,724.05,735.95,56524
2020-01-21,725.10,742.45,724.00,729.95,28445
2020-01-22,732.75,742.55,710.00,716.25,41119
2020-01-23,718.35,725.55,716.05,717.60,14830
2020-01-24,715.00,722.00,713.25,716.20,97797
2020-01-27,722.00,727.50,714.00,716.00,19203
2020-01-28,712.10,737.05,712.10,731.50,90370
2020-01-29,739.00,792.00,736.65,764.75,305492
2020-01-30,770.00,783.00,755.80,758.90,54754
2020-01-31,764.85,768.00,745.10,747.50,68264
2020-02-01,742.00,758.00,736.00,739.95,51562
2020-02-03,726.00,749.80,725.10,732.25,20185
2020-02-04,735.45,767.40,733.65,740.05,35428
2020-02-05,742.75,748.30,726.25,732.70,37831
2020-02-06,738.35,738.60,729.00,731.00,40378
2020-02-07,736.70,739.00,725.00,725.25,38814
2020-02-10,731.10,759.80,722.45,741.20,29596
2020-02-11,755.55,755.55,732.10,734.45,15686
2020-02-12,741.00,777.00,735.00,746.40,129099
2020-02-13,752.40,752.40,733.50,739.45,23349
2020-02-14,740.85,754.00,732.10,735.75,28762
2020-02-17,750.00,785.90,735.10,759.95,106644
2020-02-18,758.95,780.00,752.40,760.15,50004
2020-02-19,766.70,795.00,764.90,778.15,65599
2020-02-20,781.40,795.00,776.00,779.80,39763
2020-02-24,780.00,801.00,768.00,770.75,117034
2020-02-25,755.00,755.00,708.00,714.45,127892
2020-02-26,711.00,743.00,702.25,722.15,120820
2020-02-27,722.00,728.90,693.80,698.05,43072
2020-02-28,675.00,681.50,645.00,651.70,50962
2020-03-02,665.00,679.00,581.00,618.85,59584
2020-03-03,639.85,652.80,608.00,630.95,63541
2020-03-04,630.05,665.00,608.00,649.35,61410
2020-03-05,645.15,655.00,637.00,639.40,25705
2020-03-06,605.25,623.25,591.70,600.55,48844
2020-03-09,595.00,595.00,561.55,565.75,46392
2020-03-11,564.90,584.15,556.10,561.85,32180
2020-03-12,540.00,540.25,501.00,513.70,73888
2020-03-13,492.15,544.00,440.00,536.25,67934
2020-03-16,510.00,515.25,464.95,477.80,61854
2020-03-17,479.90,503.90,475.00,479.10,38157
2020-03-18,488.00,534.50,443.00,455.55,56854
2020-03-19,442.80,479.55,423.50,459.85,40543
2020-03-20,460.05,485.00,428.20,472.15,28462
2020-03-23,445.00,448.80,405.00,413.50,20586
2020-03-24,423.00,436.80,401.00,425.85,20609
2020-03-25,420.00,496.80,416.00,481.85,37070
2020-03-26,486.00,494.00,465.25,480.10,29483
2020-03-27,494.00,508.00,472.65,488.00,26633
2020-03-30,478.90,478.90,452.00,466.35,11486
2020-03-31,494.60,494.60,464.65,485.30,24586
2020-04-01,485.30,485.35,460.00,464.40,12092
2020-04-03,474.75,474.75,447.20,458.85,11059
2020-04-07,472.00,485.00,458.50,467.65,49653
2020-04-08,484.00,493.00,472.10,478.85,32773
2020-04-09,486.95,526.00,480.65,506.90,182250
2020-04-13,518.00,527.45,496.00,511.95,31129
2020-04-15,518.70,550.00,514.00,515.80,69461
2020-04-16,523.60,542.00,512.55,533.95,37020
2020-04-17,549.95,578.60,540.00,570.05,78724
2020-04-20,577.00,588.00,531.25,537.00,104332
2020-04-21,524.00,535.95,516.00,523.20,58666
2020-04-22,528.00,528.05,506.00,516.20,37125
2020-04-23,519.45,554.90,517.00,539.90,45139
2020-04-24,527.50,541.00,519.90,521.30,22351
2020-04-27,521.50,536.80,521.50,528.15,52005
2020-04-28,533.95,543.95,525.10,535.65,34014
2020-04-29,543.75,546.00,532.00,536.60,30705
2020-04-30,545.00,569.85,526.00,541.55,141126
2020-05-04,525.05,534.00,516.00,523.15,28261
2020-05-05,526.00,533.05,513.60,515.80,16264
2020-05-06,516.00,525.45,510.30,517.85,21045
2020-05-07,518.00,523.25,515.00,521.10,13179
2020-05-08,522.05,531.90,518.10,520.85,22400
2020-05-11,521.50,533.25,518.10,524.85,14268
2020-05-12,523.05,523.70,508.00,513.90,16134
2020-05-13,535.00,535.00,518.00,522.30,11074
2020-05-14,518.90,524.00,510.00,512.15,14007
2020-05-15,514.75,526.00,508.15,511.85,11370
2020-05-18,510.75,512.45,485.10,495.60,23615
2020-05-19,498.00,523.95,492.95,499.85,29773
2020-05-20,495.85,508.75,495.80,504.25,14119
2020-05-21,500.50,505.75,494.20,495.40,12317
2020-05-22,497.90,505.00,493.85,497.20,6947
2020-05-26,499.90,513.00,498.00,500.15,6513
2020-05-27,501.30,509.90,495.05,498.00,18598
2020-05-28,499.05,505.05,498.10,503.30,11208
2020-05-29,503.15,508.15,496.05,503.85,19189
2020-06-01,506.40,516.55,505.35,511.65,71028
2020-06-02,511.90,549.00,511.90,537.35,107045
2020-06-03,548.00,548.00,516.95,521.55,40629
2020-06-04,522.00,544.70,522.00,538.35,51742
2020-06-05,540.50,564.00,540.00,548.05,82679
2020-06-08,550.00,562.90,545.00,550.85,39330
2020-06-09,553.45,556.00,536.00,539.10,18983
2020-06-10,536.85,541.70,526.50,535.80,14901
2020-06-11,540.95,540.95,518.85,523.00,17366
2020-06-12,510.10,539.00,506.00,528.00,24947
2020-06-15,530.65,539.50,523.25,536.60,24835
2020-06-16,545.00,577.00,535.35,559.25,155029
2020-06-17,557.50,644.00,555.10,582.70,1004097
2020-06-18,584.00,595.00,574.40,585.45,93726
2020-06-19,588.95,618.00,588.05,609.80,154685
2020-06-22,613.00,634.00,590.00,607.90,106805
2020-06-23,607.90,622.90,595.00,600.45,44509
2020-06-24,602.45,619.65,590.00,592.15,49363
2020-06-25,589.95,605.05,587.20,594.65,27295
2020-06-26,597.60,609.90,586.55,589.05,18527
2020-06-29,583.05,624.00,580.00,607.85,155091
2020-06-30,619.00,638.00,609.50,613.10,230888
2020-07-01,614.90,642.90,614.90,637.75,96094
2020-07-02,642.80,647.00,622.00,625.45,49021
2020-07-03,628.60,642.30,615.00,621.20,55615
2020-07-06,623.00,638.35,604.15,618.40,44961
2020-07-07,625.95,715.00,625.95,671.15,961413
2020-07-08,679.00,679.00,651.10,652.35,99797
2020-07-09,657.95,667.50,651.00,653.65,41065
2020-07-10,654.95,704.50,651.00,694.05,305484
2020-07-13,702.25,719.00,695.00,697.70,123918
2020-07-14,703.40,703.40,675.00,684.30,77112
2020-07-15,687.15,706.80,671.80,675.05,47310
2020-07-16,679.90,679.90,660.00,661.05,34694
2020-07-17,661.05,684.00,659.75,665.15,63437
2020-07-20,674.85,684.00,663.00,666.85,65834
2020-07-21,670.20,678.90,662.00,666.15,70888
2020-07-22,669.50,677.90,654.00,660.85,49499
2020-07-23,664.00,682.00,660.95,661.85,96540
2020-07-24,668.00,670.00,651.75,659.45,81542
2020-07-27,659.50,661.00,637.25,639.30,37808
2020-07-28,640.00,655.00,640.00,645.10,25422
2020-07-29,648.05,651.35,637.00,639.95,20095
2020-07-30,654.95,661.50,621.10,630.30,94609
2020-07-31,638.00,647.00,622.00,632.80,74279
2020-08-03,631.65,649.00,626.00,630.20,41013
2020-08-04,633.30,658.00,631.80,645.85,62326
2020-08-05,644.00,654.70,644.00,648.75,21689
2020-08-06,650.75,656.05,640.55,644.90,16016
2020-08-07,640.20,706.30,640.20,676.15,234922
2020-08-10,679.95,709.00,672.10,690.90,89550
2020-08-11,694.35,749.90,694.35,720.95,399449
2020-08-12,725.00,732.55,701.20,713.75,68012
2020-08-13,717.30,724.00,703.25,706.85,33289
2020-08-14,710.10,749.00,705.50,734.95,273880
2020-08-17,745.00,763.30,727.30,732.95,112738
2020-08-18,736.60,754.80,735.00,742.65,69964
2020-08-19,745.00,752.70,733.60,735.35,44847
2020-08-20,730.00,744.00,727.50,733.85,29525
2020-08-21,737.55,777.00,735.20,764.30,357013
2020-08-24,774.70,800.00,762.00,767.30,305609
2020-08-25,773.45,784.00,751.65,763.55,47922
2020-08-26,777.95,777.95,757.00,760.15,53629
2020-08-27,764.00,775.00,751.00,756.20,57825
2020-08-28,757.00,769.95,745.00,749.95,37278
2020-08-31,760.00,760.00,708.00,725.50,65414
2020-09-01,727.25,727.25,711.05,718.00,39699
2020-09-02,710.00,736.00,705.00,720.10,65218
2020-09-03,728.00,737.75,705.05,718.20,84185
2020-09-04,704.00,728.80,704.00,710.65,39671
2020-09-07,714.25,724.95,702.25,707.10,36295
2020-09-08,706.00,720.75,690.10,701.05,34290
2020-09-09,708.00,708.00,678.45,684.25,28339
2020-09-10,680.00,729.00,677.90,708.75,65960
2020-09-11,708.75,717.30,701.00,705.85,18556
2020-09-14,707.00,765.30,707.00,719.95,113644
2020-09-15,729.00,750.00,720.00,731.75,74372
2020-09-16,741.00,838.00,735.60,814.60,748290
2020-09-17,819.00,860.00,819.00,830.75,899572
2020-09-18,837.80,848.50,785.65,818.70,443673
2020-09-21,826.00,839.35,759.00,765.90,168934
2020-09-22,772.05,779.25,709.15,729.65,183609
2020-09-23,737.00,765.00,705.00,740.10,135837
2020-09-24,741.00,741.05,712.85,724.00,71825
2020-09-25,741.00,747.00,720.00,724.65,58465
2020-09-28,728.30,749.00,728.30,739.45,87962
2020-09-29,748.90,748.90,721.85,731.30,62973
2020-09-30,744.90,794.85,733.00,777.10,347654
2020-10-01,782.80,817.70,774.25,802.15,257993
2020-10-05,812.00,824.00,792.55,813.90,162686
2020-10-06,819.00,835.85,803.00,820.70,122221
2020-10-07,820.00,822.20,773.00,778.85,145825
2020-10-08,785.10,797.00,779.00,785.45,69520
2020-10-09,789.90,802.00,779.95,789.35,44083
2020-10-12,793.25,807.80,785.00,793.20,66415
2020-10-13,794.90,800.00,770.55,780.00,52044
2020-10-14,780.00,790.30,775.75,780.95,39433
2020-10-15,781.40,786.95,765.00,768.55,64391
2020-10-16,781.00,781.00,753.00,769.90,97027
2020-10-19,773.75,792.00,762.30,786.60,31979
2020-10-20,785.90,804.00,777.15,799.30,51071
2020-10-21,803.25,829.00,799.55,821.50,87753
2020-10-22,821.65,839.70,819.70,833.05,80386
2020-10-23,836.00,844.95,821.60,841.20,68644
2020-10-26,844.95,848.00,813.60,824.95,60293
2020-10-27,817.35,840.00,807.95,833.35,30232
2020-10-28,835.35,844.70,811.20,818.90,27477
2020-10-29,820.00,838.00,798.20,833.05,66751
2020-10-30,837.25,844.40,825.20,834.85,30544
2020-11-02,838.00,839.05,820.05,833.45,30981
2020-11-03,823.50,838.30,823.50,828.70,28529
2020-11-04,820.00,837.80,820.00,826.50,14410
2020-11-05,830.00,844.90,823.40,828.50,19011
2020-11-06,832.65,928.00,822.50,885.60,639653
2020-11-09,908.00,918.00,880.00,896.80,172978
2020-11-10,902.00,905.05,854.00,865.70,67755
2020-11-11,876.00,899.00,863.25,881.15,70170
2020-11-12,867.00,869.85,834.75,843.60,89540
2020-11-13,844.00,886.00,810.15,857.20,76205
2020-11-14,865.50,874.50,860.05,868.30,13475
2020-11-17,870.05,937.00,870.00,924.40,397018
2020-11-18,929.75,942.00,881.00,904.90,182404
2020-11-19,890.00,918.20,879.55,884.45,61482
2020-11-20,890.00,897.45,879.95,890.70,27824
2020-11-23,895.20,908.00,882.00,895.60,60285
2020-11-24,893.00,916.80,893.00,900.20,69503
2020-11-25,900.20,907.40,865.55,879.95,81643
2020-11-26,879.95,884.70,862.25,877.60,56276
2020-11-27,889.85,936.05,878.60,911.40,218303
2020-12-01,934.70,934.70,899.95,907.55,65553
2020-12-02,912.10,936.00,901.00,912.75,138903
2020-12-03,917.35,921.00,887.00,899.20,72481
2020-12-04,905.00,910.00,886.50,898.75,46946
2020-12-07,903.25,916.25,896.00,906.95,48904
2020-12-08,909.95,913.00,891.00,906.80,44744
2020-12-09,910.00,914.80,896.05,904.85,40380
2020-12-10,902.50,914.00,892.00,908.30,42695
2020-12-11,908.30,922.00,898.95,908.65,52396
2020-12-14,921.00,969.00,908.95,943.95,349862
2020-12-15,947.00,948.70,913.75,937.20,85603
2020-12-16,942.40,942.40,922.00,930.75,46763
2020-12-17,932.00,935.10,923.35,928.40,33525
2020-12-18,928.40,953.00,914.25,942.45,66816
2020-12-21,944.95,944.95,914.00,916.10,68891
2020-12-22,928.00,928.00,879.90,909.85,56263
2020-12-23,914.40,999.00,900.80,962.60,111340
2020-12-24,963.00,996.95,952.85,965.10,95596
2020-12-28,969.95,1004.90,967.80,977.50,90247
2020-12-29,982.40,996.45,946.00,963.70,58855
2020-12-30,970.00,992.40,958.00,972.80,44882
2020-12-31,962.00,979.10,962.00,972.50,26065
2021-01-01,969.00,985.00,966.30,980.05,38056
2021-01-04,976.00,1002.00,975.55,986.90,95621
2021-01-05,976.90,987.90,976.90,980.90,32924
2021-01-06,982.00,1019.75,978.00,1005.50,202687
2021-01-07,1020.00,1021.00,992.00,995.10,40343
2021-01-08,1001.00,1018.95,996.35,1000.10,63050
2021-01-11,1019.00,1019.00,982.10,999.95,64272
2021-01-12,1015.00,1015.00,992.00,999.95,68607
2021-01-13,999.00,1008.95,971.25,982.50,67464
2021-01-14,982.50,982.50,965.50,975.15,33722
2021-01-15,972.05,979.95,956.25,962.50,47031
2021-01-18,967.35,970.90,918.05,934.00,58625
2021-01-19,941.10,949.70,921.45,928.45,74350
2021-01-20,936.95,943.35,920.00,936.00,153380
2021-01-21,940.70,956.75,915.35,929.80,215237
2021-01-22,928.00,950.00,903.00,924.55,100377
2021-01-25,925.00,933.20,901.20,916.25,61152
2021-01-27,914.00,916.25,895.00,899.40,132963
2021-01-28,890.00,919.00,885.65,900.35,45064
2021-01-29,904.90,909.90,894.35,906.70,85880
2021-02-01,899.05,929.50,885.50,924.35,46511
2021-02-02,930.60,977.00,927.00,949.50,70175
2021-02-03,960.00,970.00,946.05,964.40,37621
2021-02-04,973.90,988.60,957.00,979.40,55264
2021-02-05,990.00,990.00,969.65,985.15,32003
2021-02-08,983.00,1028.00,978.30,1018.75,77728
2021-02-09,1024.95,1054.75,1002.00,1043.50,103652
2021-02-10,1084.80,1144.65,1044.00,1098.95,417642
2021-02-11,1103.90,1224.00,1076.00,1145.00,505403
2021-02-12,1168.00,1186.00,1149.20,1165.85,127756
2021-02-15,1170.00,1280.00,1170.00,1261.20,384793
2021-02-16,1263.45,1308.00,1230.00,1279.60,119727
2021-02-17,1294.85,1464.00,1261.00,1383.10,348940
2021-02-18,1400.00,1477.00,1365.30,1409.05,285304
2021-02-19,1405.00,1424.35,1321.00,1360.95,67552
2021-02-22,1369.90,1431.00,1320.00,1329.45,78073
2021-02-23,1347.00,1423.00,1347.00,1379.60,47164
2021-02-24,1388.00,1436.70,1341.00,1420.05,61500
2021-02-25,1434.85,1499.00,1410.00,1479.35,95218
2021-02-26,1470.00,1574.90,1470.00,1560.20,181531
2021-03-01,1599.00,1653.50,1575.00,1642.95,117148
2021-03-02,1656.00,1795.00,1645.00,1721.65,194528
2021-03-03,1737.00,1835.65,1737.00,1789.30,113057
2021-03-04,1771.10,1779.95,1688.00,1745.50,95804
2021-03-05,1763.00,1765.00,1701.00,1721.50,39661
2021-03-08,1738.00,1788.00,1670.00,1693.75,41301
2021-03-09,1710.00,1725.00,1602.25,1626.45,57808
2021-03-10,1645.00,1653.45,1600.00,1630.05,38867
2021-03-12,1640.00,1793.05,1640.00,1771.95,78876
2021-03-15,1848.00,1930.00,1800.00,1832.35,208248
2021-03-16,1873.00,1897.00,1800.00,1813.95,89211
2021-03-17,1828.00,1829.00,1730.05,1742.65,40286
2021-03-18,1763.45,1799.00,1705.00,1726.45,35698
2021-03-19,1710.00,1736.00,1640.05,1718.45,40763
2021-03-22,1748.00,1826.00,1730.00,1796.95,33530
2021-03-23,1800.00,1814.00,1767.90,1771.00,28374
2021-03-24,1788.00,1799.00,1706.10,1729.70,24111
2021-03-25,1750.00,1763.90,1701.30,1709.85,21566
2021-03-26,1728.00,1799.00,1705.05,1720.65,20082
2021-03-30,1770.00,1786.00,1715.00,1725.35,69224
2021-03-31,1750.00,1814.00,1731.00,1799.50,47986
2021-04-01,1830.00,1830.00,1785.00,1813.45,36059
2021-04-05,1827.00,1860.00,1791.00,1810.85,40821
2021-04-06,1810.85,1848.00,1796.10,1835.95,38462
2021-04-07,1860.00,1899.90,1830.00,1841.90,70950
2021-04-08,1861.90,1868.00,1839.00,1840.95,28652
2021-04-09,1843.00,1872.05,1802.00,1826.60,59603
2021-04-12,1847.00,1847.00,1741.00,1761.70,44561
2021-04-13,1793.90,1804.00,1762.00,1772.45,23987
2021-04-15,1788.00,1944.80,1782.00,1865.55,249902
2021-04-16,1914.00,1950.00,1878.00,1889.60,162405
2021-04-19,2000.00,2074.00,1881.00,1895.85,682655
2021-04-20,1930.00,1949.00,1860.00,1870.30,159260
2021-04-22,1915.00,1920.00,1870.00,1873.85,139090
2021-04-23,1887.80,1889.95,1848.00,1865.75,85302
2021-04-26,1964.00,2000.10,1908.00,1925.95,320401
2021-04-27,1938.00,1942.00,1881.20,1888.05,109373
2021-04-28,1888.05,1888.05,1837.00,1840.70,97506
2021-04-29,1848.00,1885.05,1840.00,1847.55,66876
2021-04-30,1847.00,1859.90,1825.05,1834.70,60018
2021-05-03,1834.70,1860.00,1805.00,1817.80,55554
2021-05-04,1819.00,1840.00,1736.05,1747.75,89672
2021-05-05,1748.00,1843.90,1651.00,1817.30,164507
2021-05-06,1822.85,1858.05,1781.00,1818.60,67918
2021-05-07,1821.00,1833.20,1776.95,1785.50,35070
2021-05-10,1800.80,1814.55,1765.00,1783.25,64012
2021-05-11,1766.00,1832.00,1760.00,1793.15,65960
2021-05-12,1900.00,1900.00,1736.00,1745.30,238936
2021-05-14,1745.00,1763.85,1680.00,1717.65,86649
2021-05-17,1734.90,1734.90,1665.00,1682.85,71900
2021-05-18,1680.00,1709.75,1642.25,1698.55,72339
2021-05-19,1700.00,1718.95,1685.00,1702.80,32271
2021-05-20,1711.35,1711.35,1683.90,1686.00,29373
2021-05-21,1690.00,1699.00,1642.60,1646.75,122019
2021-05-24,1650.00,1679.00,1630.00,1644.05,86650
2021-05-25,1650.00,1689.00,1625.00,1633.80,204792
2021-05-26,1648.00,1648.00,1606.10,1620.45,61593
2021-05-27,1635.00,1635.00,1600.00,1609.40,113601
2021-05-28,1625.00,1644.00,1611.00,1620.30,71706
2021-05-31,1610.00,1626.15,1592.55,1598.60,62218
2021-06-01,1606.60,1608.20,1563.05,1570.95,64048
2021-06-02,1557.00,1637.00,1553.30,1625.30,115941
2021-06-03,1637.00,1647.05,1582.90,1607.45,73555
2021-06-04,1610.00,1629.90,1595.00,1607.10,72231
2021-06-07,1616.00,1625.00,1601.00,1605.65,59584
2021-06-08,1599.00,1610.85,1588.00,1600.55,38700
2021-06-09,1611.55,1614.95,1574.10,1580.60,83586
2021-06-10,1592.90,1607.95,1577.10,1600.05,78620
2021-06-11,1605.00,1607.95,1593.00,1595.50,40664
2021-06-14,1600.00,1602.00,1565.00,1582.10,64071
2021-06-15,1582.10,1595.00,1570.00,1581.10,53939
2021-06-16,1593.00,1632.00,1570.00,1589.55,138961
2021-06-17,1600.00,1600.00,1561.00,1569.70,40058
2021-06-18,1578.60,1599.40,1526.85,1546.50,60864
2021-06-21,1546.50,1572.55,1535.15,1560.65,26785
2021-06-22,1569.00,1618.00,1553.05,1595.30,72902
2021-06-23,1600.00,1630.00,1580.55,1588.00,46662
2021-06-24,1595.95,1625.00,1581.00,1606.60,48563
2021-06-25,1612.00,1614.00,1586.00,1594.05,39052
2021-06-28,1600.00,1685.00,1596.00,1631.90,359069
2021-06-29,1650.90,1660.00,1620.10,1628.95,65384
2021-06-30,1640.90,1660.00,1633.20,1645.00,50115
2021-07-01,1658.00,1719.90,1647.05,1712.25,212437
2021-07-02,1749.75,1798.95,1728.00,1740.35,296296
2021-07-05,1750.00,1767.35,1710.50,1728.00,95634
2021-07-06,1715.00,1782.00,1715.00,1755.45,112938
2021-07-07,1770.00,1834.95,1751.10,1778.75,333835
2021-07-08,1780.00,1834.00,1757.80,1767.50,57734
2021-07-09,1768.00,1770.15,1725.00,1751.45,52989
2021-07-12,1771.00,1825.70,1761.00,1767.90,98812
2021-07-13,1786.70,1798.85,1760.00,1766.15,49336
2021-07-14,1755.00,1788.95,1730.80,1736.65,59711
2021-07-15,1740.00,1745.00,1684.15,1693.15,59225
2021-07-16,1702.00,1714.80,1630.10,1639.85,84057
2021-07-19,1645.00,1694.00,1632.55,1663.90,82273
2021-07-20,1680.00,1719.00,1564.10,1694.60,95693
2021-07-22,1716.00,1740.00,1660.70,1697.55,49707
2021-07-23,1704.10,1723.60,1671.05,1677.70,23499
2021-07-26,1641.00,1755.00,1641.00,1748.20,395261
2021-07-27,1755.00,1765.95,1707.95,1720.40,36354
2021-07-28,1740.00,1745.40,1690.00,1728.55,59104
2021-07-29,1720.00,1794.00,1720.00,1735.80,134558
2021-07-30,1741.90,1764.00,1732.60,1752.45,29652
2021-08-02,1753.00,1785.65,1736.95,1753.20,384579
2021-08-03,1763.55,1785.15,1745.05,1762.45,55358
2021-08-04,1790.00,1814.40,1734.00,1742.90,121407
2021-08-05,1753.00,1758.40,1700.90,1745.20,55074
2021-08-06,1750.00,1829.80,1730.05,1769.20,151409
2021-08-09,1769.20,1810.00,1761.30,1795.30,163171
2021-08-10,1809.80,1884.00,1714.00,1840.10,606800
2021-08-11,1779.00,1811.10,1745.00,1795.85,110576
2021-08-12,1795.00,1832.60,1793.45,1799.00,68832
2021-08-13,1780.00,1834.40,1780.00,1824.40,61183
2021-08-16,1836.00,1889.95,1820.00,1839.65,196018
2021-08-17,1849.25,1873.00,1830.35,1864.15,142172
2021-08-18,1873.50,1911.80,1834.50,1888.30,456188
2021-08-20,1908.00,1968.00,1875.05,1953.90,264149
2021-08-23,1958.95,2044.00,1933.00,2033.80,571654
2021-08-24,2060.00,2319.95,2041.00,2285.70,1169896
2021-08-25,2317.90,2727.40,2251.00,2564.50,3068214
2021-08-26,2524.00,2750.00,2331.10,2373.05,3425408
2021-08-27,2351.00,2448.00,2310.00,2385.95,547047
2021-08-30,2410.00,2498.00,2323.05,2343.70,390311
2021-08-31,2360.50,2379.95,2273.00,2290.55,236668
2021-09-01,2301.60,2363.65,2280.00,2290.20,229950
2021-09-02,2301.70,2365.00,2292.00,2299.95,156807
2021-09-03,2319.00,2548.00,2307.00,2500.10,770768
2021-09-06,2474.00,2627.15,2471.00,2528.00,624511
2021-09-07,2547.70,2755.00,2475.25,2596.30,1222429
2021-09-08,2609.95,2657.00,2531.25,2550.75,374491
2021-09-09,2556.10,2597.00,2520.00,2530.35,237386
2021-09-13,2536.20,2664.40,2536.20,2649.00,443175
2021-09-14,2670.00,2739.80,2622.95,2667.20,376083
2021-09-15,2682.45,2767.15,2641.00,2735.10,288542
2021-09-16,2729.95,2734.90,2663.35,2696.65,188299
2021-09-17,2697.00,2728.70,2590.05,2659.10,878262
2021-09-20,2600.00,2667.90,2550.50,2570.85,347712
2021-09-21,2578.00,2660.00,2530.00,2610.80,229994
2021-09-22,2616.00,2855.00,2600.00,2832.00,806936
2021-09-23,2856.00,2945.00,2788.85,2799.95,604263
2021-09-24,2820.00,2834.90,2740.00,2759.50,178961
2021-09-27,2772.95,2839.90,2675.60,2691.15,220127
2021-09-28,2712.90,2728.90,2595.00,2607.50,175319
2021-09-29,2590.00,2699.00,2556.50,2668.00,186914
2021-09-30,2684.00,2698.00,2592.00,2604.45,95985
2021-10-01,2595.00,2658.00,2551.00,2627.95,209714
2021-10-04,2644.80,2678.95,2620.05,2639.60,101845
2021-10-05,2639.60,2694.00,2636.85,2654.15,82111
2021-10-06,2668.30,2698.00,2542.55,2588.35,104269
2021-10-07,2611.85,2643.80,2590.30,2606.70,80255
2021-10-08,2627.00,2694.00,2605.25,2629.45,88404
2021-10-11,2650.50,2756.80,2640.60,2705.70,288610
2021-10-12,2694.00,2694.00,2621.00,2625.80,99378
2021-10-13,2643.80,2649.00,2589.80,2596.40,66778
2021-10-14,2611.00,2649.90,2585.05,2608.40,63056
2021-10-18,2623.95,2634.00,2580.00,2585.80,47790
2021-10-19,2585.80,2608.00,2493.00,2506.50,88457
2021-10-20,2506.60,2516.25,2429.85,2474.90,67450
2021-10-21,2517.50,2546.00,2350.10,2371.45,108487
2021-10-22,2363.00,2449.90,2360.90,2417.90,78362
2021-10-25,2351.35,2400.00,2258.70,2337.35,131643
2021-10-26,2338.00,2398.00,2302.70,2364.50,43365
2021-10-27,2376.30,2449.90,2360.95,2382.25,57220
2021-10-28,2390.00,2390.00,2300.10,2316.60,50022
2021-10-29,2301.00,2360.30,2282.00,2304.55,43230
2021-11-01,2324.00,2384.20,2300.00,2357.60,50751
2021-11-02,2367.00,2517.55,2329.00,2498.15,173540
2021-11-03,2516.95,2516.95,2444.10,2488.80,75515
2021-11-04,2504.70,2548.00,2488.85,2531.85,26678
2021-11-08,2536.00,2547.95,2482.00,2491.50,32108
2021-11-09,2480.00,2670.00,2480.00,2660.55,285762
2021-11-10,2625.00,2658.00,2532.50,2552.65,103969
2021-11-11,2552.65,2567.90,2496.20,2532.40,53816
2021-11-12,2557.70,2606.60,2537.20,2558.40,64721
2021-11-15,2575.00,2599.00,2500.10,2509.25,81746
2021-11-16,2520.05,2545.30,2488.00,2494.00,68402
2021-11-17,2520.00,2663.00,2444.05,2460.35,286222
2021-11-18,2460.35,2548.60,2417.30,2518.35,115571
2021-11-22,2518.00,2533.65,2370.15,2416.05,98856
2021-11-23,2360.00,2418.00,2360.00,2389.40,51287
2021-11-24,2392.00,2449.90,2341.50,2355.45,78700
2021-11-25,2358.00,2399.00,2343.65,2389.60,34474
2021-11-26,2380.00,2524.05,2357.30,2461.65,206623
2021-11-29,2481.00,2574.00,2361.60,2480.30,182224
2021-11-30,2480.30,2566.80,2414.45,2508.25,324627
2021-12-01,2525.00,2598.90,2501.15,2575.10,109901
2021-12-02,2575.10,2647.80,2466.00,2478.35,248798
2021-12-03,2484.00,2520.00,2465.25,2486.70,86845
2021-12-06,2497.85,2517.95,2417.15,2438.70,61338
2021-12-07,2458.40,2494.95,2441.25,2450.75,55275
2021-12-08,2468.00,2514.55,2450.00,2490.25,52308
2021-12-09,2471.00,2534.00,2471.00,2483.35,49832
2021-12-10,2488.00,2521.00,2480.20,2498.60,29056
2021-12-13,2530.00,2655.00,2507.50,2613.90,275724
2021-12-14,2619.00,2619.00,2520.00,2531.10,86948
2021-12-15,2525.00,2554.00,2481.65,2490.15,49385
2021-12-16,2510.00,2523.90,2425.25,2436.60,69522
2021-12-17,2451.20,2455.00,2370.05,2383.75,80775
2021-12-20,2383.10,2383.10,2292.60,2304.80,62864
2021-12-21,2315.00,2349.90,2291.30,2315.90,43955
2021-12-22,2338.00,2374.00,2330.00,2356.95,30971
2021-12-23,2373.80,2442.75,2362.00,2414.85,57604
2021-12-24,2401.00,2456.00,2376.20,2426.45,38179
2021-12-27,2438.40,2490.00,2406.45,2463.00,46000
2021-12-28,2485.00,2497.00,2441.80,2477.70,42899
2021-12-29,2465.30,2499.00,2465.30,2490.50,25708
2021-12-30,2499.90,2538.00,2481.95,2503.15,51066
2021-12-31,2505.00,2574.00,2480.00,2487.35,49853
2022-01-03,2509.50,2569.00,2497.00,2517.15,47333
2022-01-04,2525.00,2568.00,2512.00,2528.30,36782
2022-01-05,2544.40,2709.90,2505.00,2537.00,518211
2022-01-06,2511.00,2574.00,2502.10,2551.95,81917
2022-01-07,2553.00,2641.00,2543.30,2596.45,108422
2022-01-10,2609.90,2635.00,2555.00,2580.65,60422
2022-01-11,2596.55,2607.25,2545.00,2555.75,44347
2022-01-12,2574.00,2574.00,2521.35,2554.80,35527
2022-01-13,2570.00,2570.00,2512.10,2552.80,49909
2022-01-14,2544.90,2625.00,2525.00,2586.80,118681
2022-01-17,2599.00,2649.00,2570.00,2590.55,61152
2022-01-18,2610.00,2709.00,2606.85,2633.15,274051
2022-01-19,2649.00,2652.75,2550.10,2560.65,48273
2022-01-20,2578.90,2643.00,2577.50,2626.05,213410
2022-01-21,2610.10,2790.90,2610.10,2774.35,454518
2022-01-24,2850.00,2880.00,2658.30,2719.80,437237
2022-01-25,2735.00,2764.45,2601.35,2703.45,148841
2022-01-27,2650.25,2716.65,2635.10,2664.40,66686
2022-01-28,2699.75,2750.00,2678.00,2726.45,65432
2022-01-31,2735.00,2780.00,2680.00,2734.25,69141
2022-02-01,2749.75,2815.00,2681.45,2713.80,79026
2022-02-02,2746.85,2805.00,2719.80,2757.25,108081
2022-02-03,2775.00,2885.00,2748.95,2793.80,233137
2022-02-04,2816.65,2837.00,2730.00,2749.85,106231
2022-02-07,2769.55,2791.00,2710.05,2740.50,144206
2022-02-08,2725.00,2740.45,2581.00,2631.50,146093
2022-02-09,2650.00,2669.00,2604.70,2639.25,38921
2022-02-10,2660.35,2678.95,2615.00,2655.00,34910
2022-02-11,2630.00,2664.40,2602.20,2619.25,33995
2022-02-14,2551.55,2606.35,2531.25,2581.20,68023
2022-02-15,2614.10,2634.55,2575.40,2619.90,42320
2022-02-16,2644.00,2680.00,2616.05,2653.25,26175
2022-02-17,2677.00,2749.00,2664.05,2730.90,180920
2022-02-18,2752.00,2768.80,2685.00,2704.10,76417
2022-02-21,2692.30,3005.00,2646.00,2971.35,1254392
2022-02-22,2897.00,2948.00,2833.30,2852.05,387366
2022-02-23,2858.00,2936.00,2800.00,2825.85,223556
2022-02-24,2735.05,2816.65,2640.10,2687.35,322474
2022-02-25,2744.00,2832.10,2700.00,2722.55,176256
2022-02-28,2700.00,2770.40,2650.00,2750.05,100938
2022-03-02,2750.00,2750.00,2600.05,2613.20,145011
2022-03-03,2665.00,2684.00,2625.00,2634.50,50249
2022-03-04,2619.00,2674.65,2600.10,2613.20,67166
2022-03-07,2608.00,2608.00,2503.20,2551.80,84317
2022-03-08,2520.00,2662.20,2518.00,2647.25,103653
2022-03-09,2680.00,2785.00,2662.30,2752.40,149622
2022-03-10,2809.00,2809.00,2718.00,2722.25,71416
2022-03-11,2740.85,2809.00,2650.75,2786.05,138993
2022-03-14,2848.00,2950.00,2810.65,2923.80,209178
2022-03-15,2999.95,3354.20,2945.05,3256.45,2149862
2022-03-16,3290.00,3361.95,3062.65,3192.40,890901
2022-03-17,3239.00,3309.95,3185.65,3210.55,359458
2022-03-21,3282.00,3435.00,3225.65,3377.30,428125
2022-03-22,3350.00,3440.00,3310.30,3332.70,300162
2022-03-23,3370.00,3548.00,3343.00,3508.05,511282
2022-03-24,3518.00,3579.90,3438.90,3469.00,302841
2022-03-25,3498.90,3512.65,3436.00,3457.45,100762
2022-03-28,3486.10,3486.10,3386.05,3440.00,74368
2022-03-29,3455.00,3676.95,3455.00,3553.50,393861
2022-03-30,3598.50,3748.00,3553.50,3696.25,171341
2022-03-31,3732.20,3810.00,3633.00,3784.90,303522
2022-04-01,3784.00,3880.00,3756.70,3857.30,216840
2022-04-04,3857.30,3898.70,3808.20,3862.95,126748
2022-04-05,3855.95,3974.00,3718.00,3736.30,257628
2022-04-06,3720.00,3815.00,3720.00,3759.70,110263
2022-04-07,3760.05,3798.85,3710.45,3726.45,58097
2022-04-08,3774.00,4185.00,3740.20,3938.80,629437
2022-04-11,3951.00,4190.00,3926.00,3970.90,451920
2022-04-12,3990.80,4048.85,3882.00,3932.75,151407
2022-04-13,3949.95,3949.95,3696.25,3725.30,209417
2022-04-18,3700.00,3700.00,3505.00,3532.40,180566
2022-04-19,3577.80,3700.00,3508.00,3544.55,146051
2022-04-20,3574.00,3636.70,3480.10,3499.10,110968
2022-04-21,3561.00,3620.00,3506.30,3525.85,174072
2022-04-22,3542.00,3637.65,3462.45,3471.50,122783
2022-04-25,3420.00,3519.00,3399.00,3480.65,135225
2022-04-26,3500.00,3597.00,3429.75,3462.50,131078
2022-04-27,3462.50,3545.00,3434.20,3511.10,62148
2022-04-28,3548.70,3574.90,3494.90,3521.00,47096
2022-04-29,3535.00,3648.90,3530.00,3581.65,138780
2022-05-02,3584.00,3584.95,3476.30,3496.90,50701
2022-05-04,3533.60,3563.15,3374.90,3397.85,73981
2022-05-05,3449.00,3482.15,3331.00,3354.95,50289
2022-05-06,3310.00,3536.00,3291.00,3493.75,187718
2022-05-09,3432.00,3545.00,3380.00,3500.45,138484
2022-05-10,3521.50,3547.00,3413.00,3425.30,97796
2022-05-11,3444.00,3481.15,3186.60,3286.45,100648
2022-05-12,3230.00,3330.00,3175.00,3219.30,93242
2022-05-13,3253.05,3327.20,3144.75,3166.85,62171
2022-05-16,3085.50,3130.05,2959.00,3007.00,153533
2022-05-17,3040.90,3199.00,3025.80,3177.50,105745
2022-05-18,3198.00,3249.00,3135.00,3154.15,49757
2022-05-19,3085.00,3137.35,2975.40,2999.75,99232
2022-05-20,3038.70,3117.95,3028.85,3093.30,77481
2022-05-23,3129.65,3148.00,2940.00,2962.55,85528
2022-05-24,2975.00,3021.00,2901.00,2930.35,55594
2022-05-25,2955.00,2999.00,2822.00,2896.70,92144
2022-05-26,2924.00,2994.00,2832.05,2974.20,56231
2022-05-27,2995.00,3044.40,2919.00,2947.20,67717
2022-05-30,2994.00,3088.00,2960.25,3009.00,59619
2022-05-31,3021.00,3082.00,2984.00,2993.00,48657
2022-06-01,2990.00,3141.00,2970.05,3066.65,116743
2022-06-02,3082.80,3165.90,3051.25,3079.80,166864
2022-06-03,3105.90,3133.00,3035.00,3051.05,34181
2022-06-06,3029.00,3046.00,2950.10,3023.30,47556
2022-06-07,3028.45,3045.00,2975.00,3020.35,28607
2022-06-08,3063.60,3063.95,2975.15,3010.45,41815
2022-06-09,3012.00,3049.00,2988.10,3010.00,72193
2022-06-10,2995.00,3050.00,2951.00,3025.35,36210
2022-06-13,2950.00,3020.00,2918.00,2953.75,51060
2022-06-14,2944.00,3049.50,2944.00,3019.10,47564
2022-06-15,3059.90,3094.00,3000.00,3011.15,36930
2022-06-16,3056.35,3068.85,2950.10,2998.55,39537
2022-06-17,2967.00,2967.00,2790.40,2843.35,61593
2022-06-20,2831.50,2836.60,2710.00,2764.65,54780
2022-06-21,2775.15,2999.00,2775.15,2978.10,66065
2022-06-22,2972.10,2975.00,2840.00,2864.35,42723
2022-06-23,2900.00,2934.00,2865.00,2901.35,20713
2022-06-24,2893.00,2984.00,2893.00,2976.10,37495
2022-06-27,2999.75,3120.00,2999.70,3097.15,69578
2022-06-28,3097.90,3325.00,3051.50,3227.90,254388
2022-06-29,3214.00,3323.00,3176.95,3257.15,105649
2022-06-30,3273.00,3299.00,3180.00,3198.15,55897
2022-07-01,3150.00,3248.00,3111.00,3235.25,40600
2022-07-04,3245.10,3479.00,3245.10,3453.75,298666
2022-07-05,3493.00,3541.80,3406.00,3439.15,196650
2022-07-06,3445.90,3532.80,3374.35,3506.55,73390
2022-07-07,3535.00,3542.05,3415.55,3438.40,45742
2022-07-08,3470.00,3470.00,3392.10,3436.85,33035
2022-07-11,3392.00,3434.55,3371.00,3393.50,31255
2022-07-12,3397.50,3491.95,3375.30,3426.70,69741
2022-07-13,3440.85,3499.00,3440.25,3458.85,59088
2022-07-14,3480.65,3574.00,3461.05,3509.20,82341
2022-07-15,3510.00,3569.50,3463.60,3499.75,28789
2022-07-18,3500.00,3572.00,3500.00,3548.45,76088
2022-07-19,3533.00,3594.00,3471.00,3478.95,38406
2022-07-20,3505.00,3535.05,3435.05,3456.55,23065
2022-07-21,3463.35,3540.00,3460.00,3523.40,34986
2022-07-22,3548.70,3598.00,3523.40,3566.70,49201
2022-07-25,3560.00,3724.00,3555.00,3679.70,118534
2022-07-26,3720.00,3729.95,3584.00,3597.10,47993
2022-07-27,3596.35,3637.35,3530.00,3584.20,26643
2022-07-28,3630.00,3695.00,3585.10,3600.10,38473
2022-07-29,3605.00,3670.00,3600.05,3639.30,39934
2022-08-01,3666.20,3715.00,3635.00,3678.20,65883
2022-08-02,3650.00,3743.00,3641.00,3655.75,48172
2022-08-03,3666.00,3737.00,3650.00,3679.95,54186
2022-08-04,3699.00,3780.00,3554.30,3572.15,75982
2022-08-05,3593.00,3623.95,3503.05,3524.35,47253
2022-08-08,3548.00,3647.30,3525.15,3543.45,46049
2022-08-10,3630.00,3637.95,3480.50,3490.00,60176
2022-08-11,3536.40,3574.00,3447.25,3473.80,54295
2022-08-12,3494.40,3559.00,3450.00,3469.10,47159
2022-08-16,3503.95,3531.00,3325.10,3367.65,73903
2022-08-17,3379.80,3380.00,3262.00,3274.40,106383
2022-08-18,3289.00,3315.95,3231.00,3267.00,76935
2022-08-19,3288.00,3320.00,3250.00,3267.30,60172
2022-08-22,3301.00,3336.00,3268.00,3317.55,69363
2022-08-23,3318.00,3335.60,3204.00,3318.10,94029
2022-08-24,3338.00,3363.00,3265.00,3345.75,67467
2022-08-25,3347.70,3397.80,3301.00,3333.55,57846
2022-08-26,3358.80,3405.00,3302.00,3320.05,72336
2022-08-29,3260.00,3340.00,3260.00,3312.60,31146
2022-08-30,3375.00,3448.80,3358.70,3429.10,76432
2022-09-01,3400.00,3447.80,3355.05,3387.70,64162
2022-09-02,3388.05,3459.90,3369.00,3384.45,55608
2022-09-05,3415.30,3439.95,3371.30,3419.60,29067
2022-09-06,3440.60,3440.60,3352.00,3379.50,35364
2022-09-07,3369.00,3398.65,3350.85,3368.30,25984
2022-09-08,3398.80,3398.80,3351.10,3369.15,26935
2022-09-09,3380.00,3449.00,3370.05,3387.15,39908
2022-09-12,3446.00,3452.40,3391.00,3414.45,50781
2022-09-13,3425.50,3555.00,3418.00,3494.60,90829
2022-09-14,3450.60,3473.00,3410.00,3414.80,40688
2022-09-15,3432.55,3453.00,3417.40,3426.65,26698
2022-09-16,3439.50,3484.45,3302.00,3355.30,378017
2022-09-19,3346.00,3400.00,3314.90,3356.65,25290
2022-09-20,3394.00,3537.00,3375.00,3474.90,125739
2022-09-21,3470.65,3640.00,3460.00,3485.35,311483
2022-09-22,3502.80,3540.00,3402.00,3426.45,84435
2022-09-23,3448.40,3461.00,3377.00,3408.90,35488
2022-09-26,3380.00,3380.00,3221.00,3237.55,48120
2022-09-27,3245.00,3279.90,3135.35,3154.25,32474
2022-09-28,3148.90,3169.70,3100.00,3138.25,43257
2022-09-29,3207.80,3207.80,3100.30,3131.95,24478
2022-09-30,3140.85,3335.50,3090.00,3311.80,69668
2022-10-03,3270.00,3360.85,3270.00,3335.05,26431
2022-10-04,3351.00,3399.00,3303.25,3327.75,23981
2022-10-06,3335.00,3390.00,3302.35,3311.85,20253
2022-10-07,3318.00,3351.15,3188.05,3208.95,66166
2022-10-10,3175.00,3230.00,3175.00,3187.40,33187
2022-10-11,3203.35,3226.35,3148.00,3152.05,18169
2022-10-12,3152.00,3210.40,3148.00,3193.30,17865
2022-10-13,3171.00,3215.05,3160.05,3173.05,17532
2022-10-14,3220.00,3233.00,3131.05,3150.50,20555
2022-10-17,3147.35,3158.90,3125.25,3133.40,70270
2022-10-18,3149.10,3199.00,3136.05,3184.50,39716
2022-10-19,3200.00,3209.90,3124.75,3141.65,70998
2022-10-20,3125.00,3156.85,3094.05,3108.75,20484
2022-10-21,3121.20,3150.00,3050.00,3072.35,17910
2022-10-24,3079.00,3146.00,3052.00,3110.65,8731
2022-10-25,3125.90,3126.25,3035.00,3049.90,17529
2022-10-27,3060.25,3124.00,3060.25,3113.70,34770
2022-10-28,3118.75,3128.00,3030.00,3060.05,18203
2022-10-31,3074.85,3100.00,3059.00,3071.70,14579
2022-11-01,3087.10,3099.95,2988.60,3013.70,25931
2022-11-02,3014.00,3075.00,2933.00,3014.25,42000
2022-11-03,3005.00,3107.90,3004.35,3075.60,38852
2022-11-04,3091.00,3128.50,3070.00,3080.35,16086
2022-11-07,3095.80,3115.95,3080.50,3108.05,17210
2022-11-09,3109.00,3197.70,3100.00,3177.05,45184
2022-11-10,3180.00,3278.00,3155.05,3234.30,46080
2022-11-11,3263.45,3294.00,3170.85,3196.55,32644
2022-11-14,3198.00,3223.95,3181.60,3197.50,19072
2022-11-15,3200.00,3209.00,3125.00,3132.65,23167
2022-11-16,3125.00,3147.95,3051.00,3120.55,33077
2022-11-17,3056.00,3113.10,3056.00,3089.75,18347
2022-11-18,3093.95,3110.50,3039.00,3060.10,12895
2022-11-21,3052.00,3095.00,3045.00,3076.90,12806
2022-11-22,3090.00,3090.00,3030.00,3043.95,15734
2022-11-23,3059.20,3060.00,3032.00,3045.20,11160
2022-11-24,3045.20,3062.00,3036.05,3051.85,14010
2022-11-25,3066.80,3066.80,2999.00,3042.20,21005
2022-11-28,3051.20,3059.90,3028.40,3044.60,89846
2022-11-29,3040.00,3081.00,3021.00,3071.90,21127
2022-11-30,3065.05,3069.10,3025.95,3050.60,26029
2022-12-01,3033.05,3065.40,3021.10,3029.80,20331
2022-12-02,3044.95,3151.15,3028.85,3117.00,73412
2022-12-05,3138.50,3139.95,3076.00,3100.55,27260
2022-12-06,3075.05,3102.35,3051.00,3079.30,16120
2022-12-07,3082.30,3180.00,3064.85,3161.55,53649
2022-12-08,3190.00,3247.00,3151.55,3227.80,67341
2022-12-09,3243.95,3290.00,3170.00,3242.05,56228
2022-12-12,3244.95,3244.95,3163.00,3205.95,26678
2022-12-13,3191.00,3252.95,3190.55,3215.35,24994
2022-12-14,3229.70,3284.00,3210.70,3266.85,20748
2022-12-15,3270.00,3369.95,3246.45,3362.20,93252
2022-12-16,3362.20,3459.00,3311.25,3443.85,116273
2022-12-19,3499.75,3555.75,3482.45,3526.60,110275
2022-12-20,3540.00,3590.40,3440.05,3537.20,64040
2022-12-21,3543.75,3568.75,3300.00,3343.05,67660
2022-12-22,3389.75,3523.75,3275.55,3497.20,174585
2022-12-23,3489.90,3575.00,3261.85,3318.20,194925
2022-12-26,3250.05,3420.00,3250.05,3366.15,63244
2022-12-27,3396.60,3461.00,3373.90,3425.60,45458
2022-12-28,3439.95,3445.95,3369.65,3425.70,33802
2022-12-29,3388.40,3429.35,3380.00,3395.30,20313
2022-12-30,3432.00,3518.55,3391.00,3434.75,45710
2023-01-02,3430.00,3570.75,3430.00,3540.45,80833
2023-01-03,3550.00,3550.00,3465.05,3482.55,24797
2023-01-04,3482.55,3510.05,3425.00,3466.75,39690
2023-01-05,3478.15,3500.00,3405.55,3433.95,38541
2023-01-06,3447.70,3447.70,3355.55,3364.15,27039
2023-01-09,3365.00,3455.00,3365.00,3441.30,24622
2023-01-10,3444.95,3450.40,3355.55,3406.95,21017
2023-01-11,3416.45,3479.00,3382.00,3421.50,37164
2023-01-12,3410.20,3450.00,3410.20,3429.20,26364
2023-01-13,3446.35,3460.00,3411.00,3421.85,27630
2023-01-16,3415.00,3450.00,3413.60,3442.60,13365
2023-01-17,3459.85,3459.85,3402.80,3444.60,14598
2023-01-18,3448.00,3448.00,3365.55,3373.55,18002
2023-01-19,3379.00,3439.00,3372.05,3412.40,28580
2023-01-20,3412.40,3422.95,3366.00,3390.85,43288
2023-01-23,3407.85,3407.85,3305.55,3350.90,40062
2023-01-24,3350.95,3406.95,3341.10,3383.85,18113
2023-01-25,3400.80,3400.80,3345.25,3368.90,10007
2023-01-27,3360.05,3377.85,3200.25,3228.35,33539
2023-01-30,3192.00,3286.15,3176.40,3234.00,19954
2023-01-31,3235.00,3333.00,3206.05,3320.85,17041
2023-02-01,3349.00,3392.60,3303.30,3372.00,28473
2023-02-02,3325.00,3382.85,3320.35,3358.30,15113
2023-02-03,3338.35,3361.90,3280.00,3328.40,20301
2023-02-06,3364.75,3399.75,3320.00,3370.55,13699
2023-02-07,3360.00,3382.00,3340.60,3372.95,12433
2023-02-08,3379.00,3382.00,3300.25,3347.35,23969
2023-02-09,3399.00,3399.00,3316.45,3353.20,22314
2023-02-10,3323.15,3444.00,3323.15,3415.25,25233
2023-02-13,3439.00,3508.00,3425.05,3467.50,52349
2023-02-14,3520.00,3550.00,3410.05,3495.75,86720
2023-02-15,3475.00,3675.10,3473.45,3622.05,156115
2023-02-16,3635.00,3772.00,3629.95,3743.70,172397
2023-02-17,3775.00,3800.00,3715.00,3733.20,52517
2023-02-20,3789.00,3825.00,3705.05,3809.95,109441
2023-02-21,3805.95,3869.00,3720.05,3745.05,62701
2023-02-22,3738.00,3840.00,3710.55,3814.80,77191
2023-02-23,3848.00,3863.90,3752.75,3841.60,61118
2023-02-24,3821.10,3889.00,3821.10,3871.40,37277
2023-02-27,3886.60,3886.60,3738.55,3800.45,49875
2023-02-28,3830.00,3835.95,3681.35,3721.80,56432
2023-03-01,3720.00,3757.20,3693.95,3730.65,23874
2023-03-02,3745.60,3780.00,3715.00,3732.80,25712
2023-03-03,3747.85,3779.95,3703.40,3715.30,15496
2023-03-06,3748.40,3770.00,3705.00,3745.35,23269
2023-03-08,3729.95,3898.80,3713.00,3885.05,71935
2023-03-09,3925.00,4129.00,3916.00,4047.65,321956
2023-03-10,4024.05,4091.00,4000.90,4015.05,113525
2023-03-13,4020.00,4055.65,3850.05,3879.55,76853
2023-03-14,3889.00,3899.00,3640.40,3665.70,84585
2023-03-15,3725.00,3749.00,3671.90,3678.95,53139
2023-03-16,3678.95,3734.90,3652.15,3717.80,36144
2023-03-17,3759.00,3799.90,3701.20,3771.00,36804
2023-03-20,3726.00,3803.90,3715.00,3750.55,21199
2023-03-21,3751.10,3848.00,3751.10,3822.70,38145
2023-03-22,3836.00,3995.00,3825.00,3966.85,54730
2023-03-23,3975.75,3977.75,3900.00,3915.35,27351
2023-03-24,3934.95,4009.00,3900.00,3969.85,48452
2023-03-27,3973.95,3996.90,3925.00,3935.10,30022
2023-03-28,3928.00,3936.80,3849.00,3855.20,27735
2023-03-29,3875.50,3936.00,3842.70,3903.85,37328
2023-03-31,3960.00,4123.95,3921.05,4029.85,93224
2023-04-03,4079.00,4087.00,4030.20,4049.45,35040
2023-04-05,4049.95,4078.55,4021.00,4040.05,22218
2023-04-06,4059.30,4192.00,4030.25,4147.90,99359
2023-04-10,4165.00,4219.90,4105.00,4187.75,93522
2023-04-11,4210.00,4269.20,4161.00,4202.75,53610
2023-04-12,4229.65,4229.65,4101.00,4117.55,92594
2023-04-13,4138.20,4197.20,4080.05,4174.95,31141
2023-04-17,4174.95,4207.95,4141.15,4158.95,19299
2023-04-18,4159.95,4177.90,4137.55,4151.65,15040
2023-04-19,4155.50,4181.95,4108.95,4121.00,15392
2023-04-20,4142.70,4142.70,4051.00,4066.40,15726
2023-04-21,4100.00,4100.00,3891.35,3903.50,41681
2023-04-24,3940.00,3940.00,3861.00,3897.65,27245
2023-04-25,3907.00,3932.30,3872.80,3908.80,36385
2023-04-26,3925.00,3970.10,3895.90,3952.15,30745
2023-04-27,3960.00,3973.00,3901.00,3916.40,18102
2023-04-28,3937.55,4005.00,3912.05,3984.45,30440
2023-05-02,4049.95,4065.00,3985.60,4006.55,49283
2023-05-03,4003.95,4037.95,3980.00,4027.80,42326
2023-05-04,4058.90,4058.90,3990.20,4008.60,34074
2023-05-05,4025.00,4033.95,4000.00,4013.15,13594
2023-05-08,4015.00,4037.05,3990.00,3997.45,35655
2023-05-09,4018.45,4063.85,3970.00,3998.80,24622
2023-05-10,4000.00,4019.75,3970.05,4003.80,9252
2023-05-11,4005.00,4015.15,3945.05,3979.60,31188
2023-05-12,3980.00,4001.45,3930.40,3961.25,15359
2023-05-15,3999.40,4006.95,3946.05,3959.80,9715
2023-05-16,3960.50,3989.85,3890.00,3907.15,24833
2023-05-17,3880.00,3980.00,3879.00,3937.85,24030
2023-05-18,3977.70,3995.00,3941.10,3956.20,11837
2023-05-19,3960.00,3973.95,3901.00,3928.70,11226
2023-05-22,3917.00,3924.90,3880.00,3891.60,13820
2023-05-23,3900.00,3951.00,3855.55,3870.55,20829
2023-05-24,3999.00,4051.00,3952.45,3998.85,94604
2023-05-25,4018.05,4018.05,3950.00,3988.05,13740
2023-05-26,4000.00,4014.80,3959.60,3991.40,16124
2023-05-29,4028.95,4028.95,3962.00,3977.10,13825
2023-05-30,3978.05,3998.00,3950.00,3987.05,12406
2023-05-31,3985.00,4006.95,3938.05,3956.20,20105
2023-06-01,3968.00,4004.00,3962.00,3994.30,21891
2023-06-02,4001.00,4050.80,3974.95,4007.05,38119
2023-06-05,4006.00,4025.00,3978.85,3990.35,13392
2023-06-06,4000.00,4000.00,3965.60,3981.90,11899
2023-06-07,3973.35,4005.00,3955.00,3966.55,21030
2023-06-08,3973.45,3978.00,3928.15,3957.00,12329
2023-06-09,3957.70,4000.00,3957.70,3988.75,13121
2023-06-12,4015.00,4242.45,4015.00,4196.25,218909
2023-06-13,4230.95,4439.00,4210.05,4398.35,240322
2023-06-14,4445.00,4624.00,4406.35,4589.60,219737
2023-06-15,4590.00,4619.85,4432.70,4457.70,97754
2023-06-16,4440.10,4524.40,4430.80,4482.90,41985
2023-06-19,4483.30,4491.15,4351.45,4363.10,42482
2023-06-20,4364.00,4388.85,4312.55,4350.30,27259
2023-06-21,4360.00,4638.00,4360.00,4582.60,196649
2023-06-22,4603.55,4623.20,4444.00,4534.00,49255
2023-06-23,4534.00,4538.20,4355.65,4368.80,51232
2023-06-26,4379.00,4448.80,4368.00,4384.70,19086
2023-06-27,4387.45,4429.00,4350.00,4367.55,14657
2023-06-28,4389.85,4389.85,4320.00,4332.20,16479
2023-06-30,4336.25,4393.00,4280.00,4316.55,30913
2023-07-03,4316.60,4365.45,4316.60,4338.60,14211
2023-07-04,4358.75,4450.00,4353.00,4376.90,39275
2023-07-05,4399.90,4424.40,4365.10,4392.35,13635
2023-07-06,4372.40,4399.80,4361.00,4372.20,9466
2023-07-07,4376.95,4393.90,4332.00,4348.85,13400
2023-07-10,4348.90,4348.95,4295.00,4306.60,12523
2023-07-11,4324.95,4440.00,4287.05,4430.80,44386
2023-07-12,4451.00,4499.00,4430.45,4447.25,18777
2023-07-13,4445.00,4477.00,4374.00,4381.70,17873
2023-07-14,4404.80,4404.80,4315.00,4339.50,35786
2023-07-17,4349.95,4449.50,4343.00,4419.30,24001
2023-07-18,4420.00,4434.75,4392.00,4407.85,11112
2023-07-19,4425.95,4449.50,4350.50,4369.20,26678
2023-07-20,4373.00,4617.95,4350.50,4593.95,89628
2023-07-21,4593.95,4641.00,4550.50,4576.00,38319
2023-07-24,4600.00,4634.95,4561.35,4593.95,22637
2023-07-25,4640.00,4863.00,4602.00,4647.20,195221
2023-07-26,4649.95,4789.00,4607.45,4724.15,66281
2023-07-27,4761.85,4761.85,4683.05,4710.20,19821
2023-07-28,4734.00,4758.40,4676.00,4727.25,20335
2023-07-31,4746.00,5000.00,4732.40,4987.30,105295
2023-08-01,4981.00,5098.50,4952.25,4992.35,60207
2023-08-02,4990.00,4990.00,4820.20,4931.90,44655
2023-08-03,4957.00,5049.50,4893.80,5015.15,34573
2023-08-04,5041.50,5175.05,5028.05,5112.45,41291
2023-08-07,5176.40,5193.45,5100.05,5146.70,29852
2023-08-08,5146.70,5148.80,4958.25,5036.45,34584
2023-08-09,5000.00,5061.00,4911.05,4946.60,43702
2023-08-10,4977.95,5040.00,4915.00,4958.50,21719
2023-08-11,4988.50,4988.50,4923.05,4960.10,17001
2023-08-14,4960.10,5009.25,4872.00,4886.90,28088
2023-08-16,4886.90,4980.00,4880.00,4955.90,11826
2023-08-17,4990.00,5036.00,4970.90,5000.95,19297
2023-08-18,5000.00,5059.50,4960.00,5001.40,49088
2023-08-21,5031.15,5299.80,4999.90,5248.35,81530
2023-08-22,5300.00,5900.00,5256.10,5765.75,475841
2023-08-23,5900.00,6165.00,5900.00,5949.15,1051166
2023-08-24,5959.85,5974.00,5710.10,5791.05,209118
2023-08-25,5750.00,5974.50,5677.00,5915.70,108952
2023-08-28,6050.00,6139.95,5905.50,5986.35,257042
2023-08-29,5977.00,6060.00,5930.00,6034.60,66165
2023-08-30,6066.35,6099.95,5982.35,6049.75,61823
2023-08-31,6030.00,6300.00,6004.30,6268.25,199891
2023-09-01,6285.00,6614.35,6269.35,6549.35,146241
2023-09-04,6574.15,6790.00,6560.00,6610.15,191055
2023-09-05,6585.00,6775.00,6530.05,6605.90,136884
2023-09-06,6615.05,6715.00,6464.05,6494.30,70932
2023-09-07,6539.95,6539.95,6381.35,6402.10,53516
2023-09-08,6434.35,6549.00,6416.90,6530.35,68659
2023-09-11,6544.00,6599.00,6460.00,6474.65,33553
2023-09-12,6520.00,6521.20,6011.65,6053.40,137128
2023-09-13,6107.25,6179.10,5950.00,6048.70,65778
2023-09-14,6130.45,6165.05,6015.45,6033.45,27728
2023-09-15,6064.85,6099.90,5882.40,5922.00,53851
2023-09-18,5922.00,6019.15,5833.80,5984.60,42702
2023-09-20,5984.60,6055.00,5905.00,5927.75,26520
2023-09-21,5940.00,6049.00,5919.05,5962.40,35135
2023-09-22,6019.85,6034.00,5911.35,5930.40,30158
2023-09-25,5920.00,5946.45,5833.95,5872.30,22842
2023-09-26,5888.15,5970.00,5800.00,5955.50,63551
2023-09-27,5980.00,6053.00,5906.05,6013.20,55087
2023-09-28,6044.80,6084.50,5900.05,5966.70,41285
2023-09-29,5999.85,6009.80,5921.00,5953.80,20505
2023-10-03,5979.95,6030.00,5911.70,5984.05,26281
2023-10-04,6003.20,6005.50,5905.20,5971.20,15552
2023-10-05,6005.00,6015.40,5925.00,5968.30,157874
2023-10-06,5990.00,6030.00,5968.30,5998.40,22054
2023-10-09,5943.90,5989.90,5911.05,5951.95,19204
2023-10-10,6014.85,6014.85,5841.05,5873.30,23757
2023-10-11,5915.00,5943.70,5835.00,5847.30,19573
2023-10-12,5885.00,6764.40,5880.00,6654.10,747617
2023-10-13,6640.00,6640.00,6425.00,6446.30,181357
2023-10-16,6425.00,6575.00,6400.05,6421.05,87784
2023-10-17,6480.00,6498.50,6377.10,6402.50,38723
2023-10-18,6436.20,6470.00,6315.05,6372.30,28106
2023-10-19,6360.00,6578.00,6318.00,6511.05,209849
2023-10-20,6550.00,6550.00,6388.00,6417.90,24059
2023-10-23,6419.05,6450.70,6058.10,6124.60,50627
2023-10-25,6156.75,6250.00,6001.00,6076.30,63635
2023-10-26,6021.10,6048.50,5805.25,5957.45,56418
2023-10-27,5995.80,5995.80,5932.70,5962.95,29893
2023-10-30,5985.00,6099.00,5900.00,6006.00,32086
2023-10-31,6050.00,6050.00,5955.00,5994.80,24158
2023-11-01,6030.00,6030.00,5950.00,5956.15,24731
2023-11-02,5996.00,6284.85,5935.85,6164.55,128905
2023-11-03,6175.00,6249.95,6075.10,6106.50,55431
2023-11-06,6198.35,6248.00,6094.45,6141.00,55154
2023-11-07,6149.85,6261.55,6141.60,6191.10,47477
2023-11-08,6239.00,6248.00,6142.55,6186.90,18272
2023-11-09,6189.00,6189.95,6066.20,6098.25,19083
2023-11-10,6077.00,6093.95,5986.15,6043.15,23691
2023-11-12,6072.90,6140.00,6072.90,6110.40,5879
2023-11-13,6124.00,6124.00,6002.00,6046.60,19441
2023-11-15,6099.95,6100.00,5951.00,5963.15,36422
2023-11-16,5989.95,6108.00,5965.25,6042.95,59653
2023-11-17,6049.95,6119.95,6001.15,6087.35,41560
2023-11-20,6087.35,6143.15,6030.00,6038.25,25001
2023-11-21,6069.95,6069.95,5975.00,6000.80,24261
2023-11-22,6000.80,6030.00,5908.00,5951.00,59726
2023-11-23,5975.00,5995.50,5925.00,5934.60,20878
2023-11-24,5960.00,5994.00,5913.05,5931.90,25879
2023-11-28,5965.00,5979.00,5840.00,5862.60,59144
2023-11-29,5872.85,5900.00,5700.00,5703.75,168317
2023-11-30,5743.75,5848.85,5650.00,5742.55,772960
2023-12-01,5800.00,6024.65,5799.95,5949.60,154001
2023-12-04,6000.00,6040.00,5863.15,6007.25,77828
2023-12-05,5981.00,6007.00,5880.00,5897.90,42843
2023-12-06,5900.95,5943.75,5862.60,5881.75,24165
2023-12-07,5909.95,5928.80,5854.90,5885.10,18840
2023-12-08,5915.00,5960.00,5845.00,5859.60,19275
2023-12-11,5929.10,5929.10,5771.25,5800.95,42439
2023-12-12,5845.00,5845.00,5681.75,5721.65,65608
2023-12-13,5784.00,5784.00,5656.35,5668.10,36880
2023-12-14,5680.00,5774.95,5585.55,5604.50,50956
2023-12-15,5620.05,5770.95,5611.00,5745.20,71408
2023-12-18,5745.20,5764.00,5651.05,5672.25,79081
2023-12-19,5672.25,5731.80,5606.75,5642.75,29563
2023-12-20,5670.00,5700.00,5430.65,5524.15,45338
2023-12-21,5500.00,5774.45,5430.75,5715.85,72963
2023-12-22,5770.00,5770.00,5621.00,5720.40,27401
2023-12-26,5754.90,5754.90,5656.00,5688.85,24962
2023-12-27,5718.95,5718.95,5562.10,5573.90,71992
2023-12-28,5600.00,5762.00,5580.15,5705.75,77482
2023-12-29,5705.75,5729.95,5613.10,5640.20,23510
2024-01-01,5660.00,5737.30,5631.25,5666.85,24094
2024-01-02,5680.00,5680.00,5577.55,5597.35,30235
2024-01-03,5590.05,5597.35,5505.00,5522.65,54923
2024-01-04,5523.00,5650.00,5523.00,5614.05,54730
2024-01-05,5636.95,5638.95,5568.00,5583.00,24724
2024-01-08,5627.00,5667.00,5550.05,5582.65,22100
2024-01-09,5594.70,5650.00,5550.00,5567.90,30416
2024-01-10,5621.00,5621.00,5535.00,5551.65,15069
2024-01-11,5551.65,5594.50,5518.00,5537.50,17123
2024-01-12,5563.40,5589.40,5528.30,5541.90,11164
2024-01-15,5545.65,5600.00,5528.00,5538.05,14436
2024-01-16,5541.90,5599.00,5525.00,5552.80,16466
2024-01-17,5525.00,5548.65,5425.00,5444.25,31578
2024-01-18,5484.00,5525.80,5325.00,5410.45,32988
2024-01-19,5454.95,5985.00,5417.75,5822.25,330151
2024-01-20,5892.15,5950.00,5755.00,5788.35,40531
2024-01-23,5840.00,5859.95,5620.00,5639.05,43799
2024-01-24,5674.65,5750.00,5605.55,5728.40,33502
2024-01-25,5767.10,5800.00,5700.00,5714.65,19560
2024-01-29,5717.80,5755.00,5689.00,5717.85,15986
2024-01-30,5746.00,5750.00,5589.75,5622.45,32157
2024-01-31,5622.00,5678.80,5575.00,5592.30,37780
2024-02-01,5611.75,5635.00,5493.30,5509.85,33076
2024-02-02,5524.90,5596.00,5524.90,5550.45,16875
2024-02-05,5619.90,5733.75,5528.50,5575.15,37587
2024-02-06,5700.00,5725.00,5561.40,5705.85,99244
2024-02-07,5720.00,5750.95,5601.80,5691.00,40527
2024-02-08,5691.00,5750.00,5575.00,5594.15,19416
2024-02-09,5720.00,5720.00,5537.00,5608.20,22894
2024-02-12,5644.00,5644.00,5537.20,5568.15,38391
2024-02-13,5568.15,5599.95,5415.00,5479.75,16632
2024-02-14,5539.95,5645.30,5479.80,5544.65,35227
2024-02-15,5655.00,5655.00,5520.00,5605.45,20160
2024-02-16,5610.00,5858.50,5568.05,5787.35,82803
2024-02-19,5855.00,5884.00,5755.00,5778.90,27312
2024-02-20,5797.65,5815.00,5656.00,5678.85,22309
2024-02-21,5729.95,5729.95,5611.10,5630.30,15633
2024-02-22,5647.00,5647.00,5510.00,5570.40,17437
2024-02-23,5591.00,5625.55,5525.00,5550.10,17935
2024-02-26,5559.30,5600.00,5511.00,5530.00,14618
2024-02-27,5530.00,5565.00,5461.25,5483.95,17794
2024-02-28,5499.80,5550.00,5420.00,5536.85,26291
2024-02-29,5555.00,5555.00,5365.70,5383.65,25377
2024-03-01,5498.90,5591.20,5487.20,5539.40,53363
2024-03-02,5548.00,5548.05,5508.00,5525.60,1146
2024-03-04,5548.00,5548.00,5399.05,5439.55,40386
2024-03-05,5446.95,5484.55,5420.00,5454.30,20201
2024-03-06,5469.00,5700.00,5416.70,5607.35,131180
2024-03-07,5647.65,5647.65,5537.10,5578.85,23141
2024-03-11,5600.00,5949.00,5578.95,5906.80,205848
2024-03-12,5909.00,6399.00,5852.00,6320.25,885272
2024-03-13,6320.25,6594.35,5959.20,6057.95,572477
2024-03-14,6057.95,6476.00,5954.30,6415.70,308054
2024-03-15,6399.90,6530.00,6275.75,6441.10,191490
2024-03-18,6449.00,6896.70,6411.40,6778.20,592350
2024-03-19,6821.00,6969.00,6552.05,6704.05,432399
2024-03-20,6789.95,6810.00,6408.00,6474.10,133655
2024-03-21,6500.00,6680.00,6335.65,6517.60,210147
2024-03-22,6549.00,6734.40,6485.50,6527.10,121202
2024-03-26,6556.50,6599.90,6370.00,6390.70,65106
2024-03-27,6430.05,6524.30,6352.15,6376.70,55375
2024-03-28,6350.00,6569.90,6350.00,6408.85,74851
2024-04-01,6458.85,6529.95,6380.00,6434.65,42744
2024-04-02,6435.00,7014.20,6360.00,6897.40,214815
2024-04-03,7005.05,7289.00,6950.00,7225.20,288950
2024-04-04,7210.00,7300.00,7000.00,7037.35,88094
2024-04-05,7037.35,7099.00,6680.00,6782.65,194970
2024-04-08,6782.15,7099.00,6732.70,6934.05,142955
2024-04-09,7000.00,7045.00,6825.00,6853.85,45706
2024-04-10,6875.00,7047.90,6762.60,6963.70,68348
2024-04-12,6985.00,7045.00,6763.00,6795.00,49336
2024-04-15,6754.00,6820.00,6561.90,6800.65,61758
2024-04-16,6800.65,6995.00,6726.80,6916.85,79275
2024-04-18,7009.00,7285.00,6988.75,7200.05,178837
2024-04-19,7099.90,7447.55,7013.05,7372.75,141046
2024-04-22,7470.00,7494.95,7229.95,7281.10,72993
2024-04-23,7298.95,7719.00,7224.95,7630.50,102871
2024-04-24,7650.00,8307.20,7636.85,8245.15,305028
2024-04-25,8050.00,8480.00,8027.00,8390.00,196389
2024-04-26,8386.00,8484.80,8281.50,8346.35,76882
2024-04-29,8374.90,8437.00,8239.90,8277.45,42391
2024-04-30,8280.00,8387.00,8122.15,8255.80,79163
2024-05-02,8255.90,8579.45,8182.30,8455.00,118734
2024-05-03,8551.20,8645.00,8255.00,8281.00,100440
2024-05-06,8324.00,8454.00,8215.00,8392.65,64626
2024-05-07,8450.00,8450.00,7930.00,7983.10,65078
2024-05-08,8020.00,8020.25,7551.15,7673.15,94433
2024-05-09,7700.00,7885.30,7525.25,7575.85,77381
2024-05-10,7651.00,7860.00,7651.00,7810.40,66725
2024-05-13,7850.00,7964.70,7700.10,7928.70,51719
2024-05-14,7957.00,8377.00,7872.65,8281.90,86998
2024-05-15,8266.00,9043.00,8265.00,8775.30,417377
2024-05-16,8848.00,9359.00,8777.05,8988.15,291885
2024-05-17,9079.00,9464.40,9021.00,9377.45,198052
2024-05-18,9450.00,9535.35,9255.05,9481.45,15809
2024-05-21,9506.65,9890.00,9506.65,9691.25,245413
2024-05-22,9891.85,9935.05,9232.40,9283.55,255181
2024-05-23,9300.00,9381.50,9099.35,9158.45,107680
2024-05-24,9180.15,9245.20,9052.05,9111.30,69981
2024-05-27,9179.80,9199.40,8650.00,8704.25,84910
2024-05-28,8720.00,8880.30,8355.00,8376.65,136882
2024-05-29,8284.55,8559.95,8035.00,8415.45,268732
2024-05-30,8480.00,9249.00,8413.50,9144.85,672763
2024-05-31,9140.00,9140.00,8633.00,8709.55,159655
2024-06-03,8999.90,8999.90,8675.00,8916.95,122945
2024-06-04,8950.00,8950.00,7700.10,8288.35,197399
2024-06-05,8311.00,8450.00,7780.00,8112.95,163261
2024-06-06,8220.00,8793.00,8196.90,8685.55,170223
2024-06-07,8700.00,8761.95,8480.05,8512.95,70769
2024-06-10,8602.00,8678.45,8385.65,8440.50,48670
2024-06-11,8468.00,9273.00,8450.10,8997.15,387187
2024-06-12,9132.00,9629.80,9022.00,9199.95,485797
2024-06-13,9295.10,9448.85,9215.30,9278.10,191732
2024-06-14,9348.40,9369.00,9132.80,9262.40,121241
2024-06-18,9288.00,9750.00,9212.50,9267.65,201027
2024-06-19,9367.15,9449.95,8900.00,8938.50,139040
2024-06-20,8987.95,9149.80,8655.55,8710.65,160723
2024-06-21,8761.85,8849.95,8335.00,8362.20,308428
2024-06-24,8370.00,8488.00,8150.00,8304.25,221131
2024-06-25,8387.30,8633.85,8201.00,8267.45,123107
2024-06-26,8333.00,8375.00,8160.00,8175.05,89692
2024-06-27,8189.85,8340.00,8119.40,8171.60,104259
2024-06-28,8238.00,8425.40,8222.80,8299.20,121265
2024-07-01,8310.00,8479.00,8309.95,8445.50,60082
2024-07-02,8529.75,8584.00,8401.45,8488.20,56720
2024-07-03,8510.00,8689.00,8430.00,8591.00,75075
2024-07-04,8608.80,9265.00,8530.00,9068.00,326422
2024-07-05,9150.10,9268.20,8952.55,9011.20,123071
2024-07-08,9050.00,9333.00,8894.80,9228.35,139261
2024-07-09,9280.00,9280.00,9020.00,9049.40,60240
2024-07-10,9050.00,9093.95,8584.75,8680.55,110994
2024-07-11,8750.00,8988.95,8701.00,8774.60,94407
2024-07-12,8815.00,8905.10,8570.20,8627.40,64601
2024-07-15,8627.40,8890.00,8604.00,8705.85,69379
2024-07-16,8740.00,8781.35,8535.00,8617.50,83964
2024-07-18,8630.00,8703.70,8286.45,8406.80,92687
2024-07-19,8398.90,8398.90,8103.00,8144.40,94363
2024-07-22,8100.00,8225.00,7920.70,8104.00,91213
2024-07-23,8077.00,8139.00,7801.00,7953.55,81857
2024-07-24,7905.00,8131.15,7861.00,7884.00,86623
2024-07-25,7840.00,8350.00,7805.00,8051.10,224266
2024-07-26,8154.95,8175.00,7890.00,7940.15,89973
2024-07-29,7969.95,8023.95,7890.15,7906.50,63285
2024-07-30,7906.50,8020.00,7899.95,7990.45,55122
2024-07-31,8070.75,8550.00,8020.90,8162.05,199432
2024-08-01,8249.00,8294.75,8102.20,8176.95,59091
2024-08-02,8030.00,8169.60,8030.00,8066.10,55122
2024-08-05,7950.00,7950.00,7540.90,7799.85,123584
2024-08-06,7844.95,7994.95,7750.00,7795.30,48520
2024-08-07,7904.95,7985.90,7730.05,7812.00,42577
2024-08-08,7843.00,7881.95,7641.25,7661.25,50985
2024-08-09,7815.15,7815.15,7655.00,7695.45,35667
2024-08-12,7660.00,7698.00,7401.05,7630.95,84481
2024-08-13,7660.00,7664.15,7400.00,7438.05,67060
2024-08-14,7408.00,7490.00,7120.00,7163.65,93545
2024-08-16,7163.00,7299.00,7030.00,7207.30,135156
2024-08-19,7200.30,7488.00,7200.30,7436.55,70228
2024-08-20,7534.95,7656.00,7403.10,7423.05,94817
2024-08-21,7423.05,7455.95,7265.10,7334.15,61230
2024-08-22,7338.00,7414.90,7277.00,7298.90,35930
2024-08-23,7300.20,7421.55,7260.00,7307.90,47365
2024-08-26,7350.00,7417.00,7280.00,7293.50,41694
2024-08-27,7253.05,7360.00,7163.00,7285.95,65148
2024-08-28,7285.95,7370.00,7250.00,7271.40,36188
2024-08-29,7200.00,7290.60,7175.00,7197.25,28781
2024-08-30,7197.25,7499.90,7185.00,7225.30,81750
2024-09-02,7319.00,7319.00,7167.35,7195.95,30377
2024-09-03,7198.25,7260.00,7192.45,7226.05,23677
2024-09-04,7186.80,7260.00,7160.15,7202.15,22311
2024-09-05,7405.00,7640.00,7377.70,7439.45,336432
2024-09-06,7447.00,7491.00,7354.70,7385.75,45872
2024-09-09,7355.00,7401.05,7230.15,7375.85,34361
2024-09-10,7376.95,7920.00,7376.00,7789.95,253303
2024-09-11,7890.00,7955.80,7625.00,7684.90,132340
2024-09-12,7688.90,7717.65,7560.35,7586.50,32573
2024-09-13,7649.95,8347.90,7575.00,8229.35,477366
2024-09-16,8229.35,8399.00,8176.00,8318.55,137487
2024-09-17,8281.00,8288.20,8060.00,8081.60,83716
2024-09-18,8155.00,8500.00,8049.90,8266.50,142488
2024-09-19,8266.50,8491.00,8058.90,8095.90,91370
2024-09-20,8197.70,8302.00,8101.50,8169.65,69002
2024-09-23,8264.00,8744.75,8164.00,8573.45,293518
2024-09-24,8545.05,8634.40,8464.25,8535.40,65488
2024-09-25,8461.00,8730.00,8461.00,8682.25,82230
2024-09-26,8727.95,8780.00,8511.20,8582.40,66927
2024-09-27,8636.45,8649.00,8397.00,8423.25,46070
2024-09-30,8363.00,8549.00,8363.00,8485.10,33300
2024-10-01,8540.75,8560.00,8375.80,8406.15,35522
2024-10-03,8150.00,8495.00,8150.00,8233.00,48308
2024-10-04,8220.00,8289.90,7965.95,7996.30,72959
2024-10-07,8020.10,8227.45,7808.00,7949.35,69993
2024-10-08,7999.00,8210.00,7888.00,8149.55,52948
2024-10-09,8199.00,8251.00,8112.05,8216.90,39063
2024-10-10,8210.00,8425.00,8198.25,8323.75,52761
2024-10-11,8211.00,8326.20,8111.50,8147.75,33578
2024-10-14,8188.00,8265.85,8079.25,8124.50,26978
2024-10-15,8066.00,8415.00,8066.00,8364.00,78544
2024-10-16,8380.00,8496.85,8230.00,8451.75,53976
2024-10-17,8460.00,8499.00,8174.70,8397.60,51465
2024-10-18,8251.00,8450.00,8175.30,8382.25,32376
2024-10-21,8470.00,8470.00,8155.00,8172.40,26973
2024-10-22,8222.50,8246.50,7861.50,7928.35,39452
2024-10-23,7959.75,8022.45,7740.00,7974.65,41455
2024-10-24,8080.00,8080.00,7925.20,7953.45,30050
2024-10-25,7976.00,8030.85,7611.25,7641.60,44310
2024-10-28,7695.00,7695.05,7419.95,7516.60,37608
2024-10-29,7562.00,7651.25,7410.00,7532.35,31880
2024-10-30,7465.00,7684.85,7465.00,7664.80,31788
2024-10-31,7720.00,7776.70,7565.00,7654.65,30607
2024-11-01,7748.00,7890.00,7700.00,7838.95,14466
2024-11-04,7845.00,7890.00,7663.70,7713.75,21645
2024-11-05,7735.35,7965.00,7680.00,7807.60,52341
2024-11-06,7873.90,8040.00,7770.60,7941.15,34333
2024-11-07,7974.00,7994.00,7680.00,7791.10,53953
2024-11-08,7790.00,7796.00,7500.00,7538.45,56435
2024-11-11,7420.25,7538.45,7283.05,7316.45,36229
2024-11-12,7395.00,7395.00,6888.15,6988.00,66282
2024-11-13,6918.00,6986.00,6628.10,6687.85,114277
2024-11-14,6744.80,7000.00,6744.80,6816.95,50974
2024-11-18,6925.65,6934.00,6520.00,6540.10,61910
2024-11-19,6605.95,6725.00,6586.20,6637.85,37693
2024-11-21,6606.05,6614.90,6351.00,6369.35,66585
2024-11-22,6436.65,6536.35,6400.05,6504.95,35659
2024-11-25,6610.00,6864.00,6551.50,6581.25,54601
2024-11-26,6647.75,6809.00,6588.35,6789.00,44008
2024-11-27,6789.05,7100.00,6758.90,7045.05,79415
2024-11-28,7085.05,7085.05,6903.10,6951.90,39394
2024-11-29,6968.95,6989.85,6879.40,6920.75,22153
2024-12-02,6921.00,6990.00,6854.10,6970.90,23145
2024-12-03,6970.00,7058.95,6950.00,6968.55,32873
2024-12-04,7045.00,7045.00,6870.70,6892.95,30832
2024-12-05,6875.00,6929.95,6778.85,6827.95,27387
2024-12-06,6827.15,6970.00,6779.70,6823.20,57596
2024-12-09,6900.00,6910.00,6800.00,6809.70,20423
2024-12-10,6748.00,6846.60,6724.00,6735.25,26375
2024-12-11,6790.00,6920.00,6741.00,6789.70,45382
2024-12-12,6800.00,6814.75,6691.00,6704.75,19612
2024-12-13,6680.25,6760.00,6611.05,6735.95,39978
2024-12-16,6799.00,6799.00,6686.65,6705.90,16018
2024-12-17,6705.90,6740.00,6612.00,6632.65,22129
2024-12-18,6660.00,6680.00,6530.05,6566.05,17044
2024-12-19,6510.15,6590.00,6455.40,6469.30,35407
2024-12-20,6469.30,6517.00,6320.00,6359.80,25840
2024-12-23,6400.00,6410.40,6200.10,6210.15,56804
2024-12-24,6200.00,6305.00,6155.00,6246.75,38140
2024-12-26,6246.00,6263.10,6140.00,6186.10,22195
2024-12-27,6150.00,6237.55,6125.00,6149.30,43424
2024-12-30,6149.30,6179.85,5760.00,5820.95,119597
2024-12-31,5821.00,6159.80,5821.00,5996.05,136092
2025-01-01,6027.00,6169.70,5996.15,6079.50,45269
2025-01-02,6050.05,6285.00,6050.05,6215.75,55031
2025-01-03,6227.60,6450.00,6220.00,6329.20,88532
2025-01-06,6350.00,6798.90,6182.15,6623.70,316823
2025-01-07,6561.35,6604.35,6462.50,6499.95,63567
2025-01-08,6470.00,6566.40,6450.00,6509.65,53511
2025-01-09,6482.00,6659.05,6414.60,6456.15,53951
2025-01-10,6371.00,6469.30,6336.25,6436.80,40439
2025-01-13,6298.05,6430.00,5986.90,6021.95,52094
2025-01-14,6031.00,6195.00,6031.00,6106.45,33530
2025-01-15,6101.05,6166.10,5950.00,5989.35,55342
2025-01-16,6136.50,6139.95,5875.00,5888.15,37887
2025-01-17,5927.40,6055.65,5788.10,5810.45,94204
2025-01-20,5840.00,5985.10,5772.00,5932.35,69081
2025-01-21,5935.35,5985.10,5806.00,5857.40,41407
2025-01-22,5808.00,5848.85,5701.00,5732.90,38337
2025-01-23,5711.00,5909.00,5661.60,5851.20,36142
2025-01-24,5880.00,5920.90,5792.00,5844.25,31630
2025-01-27,5769.05,5785.55,5573.95,5680.35,60888
2025-01-28,5621.15,5712.65,5379.55,5645.90,333469
2025-01-29,5677.00,6661.00,5677.00,6286.00,393613
2025-01-30,6290.00,6424.00,6146.00,6198.20,64291
2025-01-31,6206.45,6347.00,6150.40,6267.85,36441
2025-02-01,6210.00,6337.65,6173.95,6258.10,24383
2025-02-03,6224.10,6231.35,6125.00,6181.15,16888
2025-02-04,6350.00,6350.00,6120.00,6243.60,25919
2025-02-05,6300.00,6355.00,6240.00,6327.80,19987
2025-02-06,6351.10,6356.15,6240.00,6286.85,18138
2025-02-07,6318.30,6318.40,6132.00,6194.45,20799
2025-02-10,6132.00,6132.00,5990.00,6015.70,27976
2025-02-11,6015.90,6058.35,5896.00,5951.00,31372
2025-02-12,5904.25,5955.00,5706.00,5814.95,53854
2025-02-13,5780.00,5856.80,5675.00,5693.15,28751
2025-02-14,5733.00,5746.85,5455.00,5572.75,70653
2025-02-17,5502.00,5642.80,5431.00,5603.00,56815
2025-02-18,5603.00,5603.00,5480.00,5543.15,53832
2025-02-19,5510.00,5950.00,5488.00,5859.90,80234
2025-02-20,5889.00,6500.00,5866.90,6173.30,703661
2025-02-21,6129.05,6289.95,6118.05,6164.80,54224
2025-02-24,6100.00,6365.00,6004.00,6343.70,83571
2025-02-25,6339.05,6425.00,6241.85,6324.90,67972
2025-02-27,6280.60,6331.80,6039.95,6068.20,47905
2025-02-28,5966.25,6066.20,5828.00,5927.05,53504
2025-03-03,5930.00,6080.00,5730.00,5831.65,53135
2025-03-04,5790.00,6124.90,5779.75,5946.30,67506
2025-03-05,5950.00,6169.30,5950.00,6146.15,57843
2025-03-06,6207.00,6313.60,6050.00,6082.30,41156
2025-03-07,6050.00,6273.00,6042.55,6222.10,42301
2025-03-10,6226.00,6332.70,6063.25,6075.70,37848
2025-03-11,6075.70,6128.50,5906.70,5943.60,36602
2025-03-12,6013.00,6190.00,5953.55,6111.15,75400
2025-03-13,6150.00,6150.00,5980.00,6021.00,45780
2025-03-17,6024.40,6186.60,6023.55,6115.25,29575
2025-03-18,6125.00,6190.00,6104.00,6114.90,23736
2025-03-19,6101.00,6395.00,6101.00,6380.05,74838
2025-03-20,6380.00,6451.25,6296.00,6332.50,34282
2025-03-21,6320.00,6500.00,6320.00,6471.60,71519
2025-03-24,6514.95,6610.00,6415.15,6451.95,38785
2025-03-25,6544.00,6547.95,6300.00,6323.65,53808
2025-03-26,6318.00,6380.00,6125.00,6143.85,41848
2025-03-27,6175.00,6250.95,6063.90,6172.90,57506
2025-03-28,6140.00,6390.00,6140.00,6257.40,56625
2025-04-01,6244.40,6320.00,6144.65,6207.90,16536
2025-04-02,6225.00,6247.90,6163.10,6221.15,16543
2025-04-03,6125.00,6274.00,6125.00,6167.50,16437
2025-04-04,6180.00,6212.25,5242.40,5794.35,43017
2025-04-07,5500.00,6000.00,5400.00,5937.45,108822
2025-04-08,6104.40,6124.00,5800.00,5922.80,32700
2025-04-09,5930.00,5987.40,5830.00,5894.20,16874
2025-04-11,6090.00,6090.00,5885.00,5895.45,23177
2025-04-15,5950.00,6128.50,5911.50,6109.50,25808
2025-04-16,6159.00,6282.00,6100.50,6236.00,26001
2025-04-17,6203.00,6330.00,6198.50,6243.50,26614
2025-04-21,6243.50,6531.00,6243.50,6500.00,54368
2025-04-22,6594.00,6650.00,6500.00,6515.00,47575
2025-04-23,6599.00,6599.00,6368.50,6557.00,33308
2025-04-24,6565.00,6588.00,6482.50,6506.50,18811
2025-04-25,6567.50,6567.50,6335.00,6403.50,47512
2025-04-28,6363.00,6460.50,6303.00,6445.00,17562
2025-04-29,6449.50,6570.50,6428.50,6477.50,35655
2025-04-30,6478.00,6487.50,6315.50,6336.00,26605
2025-05-02,6301.00,6432.00,6270.00,6290.50,21026
2025-05-05,6394.00,6394.00,6285.50,6357.00,13124
2025-05-06,6394.00,6502.50,6132.50,6191.50,33609
2025-05-07,6172.00,6271.00,6078.50,6188.50,25717
2025-05-08,6188.00,6283.50,5990.00,6027.50,55729
2025-05-09,5800.00,6100.00,5800.00,6083.50,22635
2025-05-12,6185.00,6419.00,6185.00,6323.00,27685
2025-05-13,6300.00,6495.00,6300.00,6457.00,24454
2025-05-14,6510.00,6900.00,6473.00,6834.00,112809
2025-05-15,7089.50,7260.00,6998.00,7154.00,200641
2025-05-16,7180.00,7250.00,7023.50,7178.00,58941
2025-05-19,7200.00,7420.00,7195.00,7310.00,77435
2025-05-20,7353.50,7374.00,7021.00,7042.00,46382
2025-05-21,7100.00,7200.00,7022.00,7146.50,31960
2025-05-22,7146.50,7146.50,6947.00,6982.00,36911
2025-05-23,7009.00,7109.50,6890.50,7054.00,37741
2025-05-26,7104.00,7715.00,7104.00,7560.50,457383
2025-05-27,7580.00,7680.00,7498.50,7519.50,61619
2025-05-28,7560.00,7870.00,7500.00,7588.50,130586
2025-05-29,7625.00,7655.50,7510.00,7544.50,27920
2025-05-30,7570.00,7639.00,7471.50,7505.50,25719
2025-06-02,7514.00,7605.00,7419.50,7520.00,25588
2025-06-03,7577.50,7636.50,7450.00,7471.00,29775
2025-06-04,7471.00,7595.00,7471.00,7529.00,23720
2025-06-05,7525.00,7595.00,7481.00,7502.00,19749
2025-06-06,7560.00,7580.00,7424.50,7448.50,14639
2025-06-09,7514.00,7550.00,7454.50,7479.00,14716
2025-06-10,7524.00,7524.00,7231.00,7296.50,35870
2025-06-11,7360.00,7489.00,7300.00,7359.00,35877
2025-06-12,7345.00,7415.00,7170.00,7191.50,17054
2025-06-13,7160.00,7373.00,7092.00,7135.50,28585
2025-06-16,7130.00,7197.00,7022.00,7137.50,17032
2025-06-17,7159.00,7171.00,7040.00,7103.00,17178
2025-06-18,7116.00,7161.50,6981.50,7016.00,11907
2025-06-19,7005.00,7072.00,6720.00,6732.50,34056
2025-06-20,6745.00,6812.50,6485.00,6522.50,231590
2025-06-23,6519.00,6920.00,6501.00,6867.00,78012
2025-06-24,6930.00,6940.00,6541.00,6562.50,115420
2025-06-25,6610.00,6660.00,6549.00,6604.50,37282
2025-06-26,6626.00,6745.00,6570.00,6594.50,36052
2025-06-27,6604.00,6719.50,6594.50,6639.00,59215
2025-06-30,6675.00,6763.00,6630.00,6655.50,28415
2025-07-01,6680.00,6713.50,6539.50,6575.50,88971
2025-07-02,6630.00,6675.00,6543.00,6668.50,26533
2025-07-03,6690.00,6730.00,6585.00,6594.50,18954
2025-07-04,6625.00,6633.00,6563.00,6619.50,21341
2025-07-07,6616.00,6748.00,6611.00,6679.50,23102
2025-07-08,6675.50,6920.00,6669.00,6893.50,140403
2025-07-09,6892.50,6902.00,6775.00,6792.50,23782
2025-07-10,6812.00,6820.50,6720.00,6770.50,20736
2025-07-11,6751.00,6839.50,6751.00,6794.50,17325
2025-07-14,6805.00,6874.00,6750.00,6840.50,26193
2025-07-15,6840.50,6883.50,6805.00,6841.50,10880
2025-07-16,6867.50,6884.50,6740.00,6750.50,12566
2025-07-17,6769.00,6797.50,6710.00,6723.00,8420
2025-07-18,6731.00,6765.00,6653.00,6703.50,11378
2025-07-21,6690.00,6723.00,6650.00,6689.00,11750
2025-07-22,6650.00,6709.00,6590.00,6608.00,13930
2025-07-23,6610.00,6639.50,6542.50,6582.00,16383
2025-07-24,6645.00,6824.50,6595.00,6605.50,26666
2025-07-25,6655.00,6655.00,6445.00,6464.00,20554
2025-07-28,6411.00,6619.50,6402.50,6501.00,21976
2025-07-29,6501.00,6590.00,6434.50,6565.00,13658
2025-07-30,6615.00,6649.50,6575.00,6617.50,8405
2025-07-31,6511.00,6645.00,6511.00,6573.50,13275
2025-08-01,6617.00,6618.00,6530.00,6575.00,13710
2025-08-04,6645.00,6645.00,6534.50,6597.50,9671
2025-08-05,6645.00,6645.00,6524.50,6539.00,14174
2025-08-06,6590.00,6637.00,6411.00,6464.00,12817
2025-08-07,6459.50,6575.00,6355.00,6533.00,15955
2025-08-08,6499.50,6499.50,6350.00,6375.50,20534
2025-08-11,6303.00,6321.00,6105.00,6219.50,44773
2025-08-12,6180.00,6342.00,6180.00,6214.00,12485
2025-08-13,6215.00,6291.50,6199.50,6226.00,10292
2025-08-14,6195.00,6256.00,6194.00,6212.50,6718
2025-08-18,6245.00,6527.00,6212.50,6392.50,32335
2025-08-19,6397.00,6524.00,6341.00,6417.50,16311
2025-08-20,6450.00,6450.00,6349.50,6366.00,10616
2025-08-21,6400.00,6423.50,6325.00,6348.50,8207
2025-08-22,6359.00,6360.50,6295.50,6311.50,7242
2025-08-25,6321.00,6368.50,6211.00,6295.00,16824
2025-08-26,6265.00,6589.00,6211.50,6418.00,120576
2025-08-28,6401.00,6425.50,6339.50,6374.00,8955
2025-08-29,6397.00,6446.50,6306.00,6378.50,12671
2025-09-01,6379.50,6427.50,6335.00,6368.50,13745
2025-09-02,6387.00,6430.00,6334.00,6380.00,10290
2025-09-03,6410.00,6450.00,6369.50,6438.50,9147
2025-09-04,6507.00,6513.00,6403.00,6456.50,12137
2025-09-05,6468.00,6511.50,6355.00,6425.50,15655
2025-09-08,6463.00,6501.00,6380.00,6494.00,12190
2025-09-09,6550.00,6568.00,6438.00,6463.00,16935
2025-09-10,6500.00,6500.00,6446.00,6465.00,21570
2025-09-11,6478.00,6565.00,6404.00,6443.00,12099
2025-09-12,6425.00,6510.50,6410.00,6439.00,8793
2025-09-15,6439.00,6560.00,6409.00,6529.50,17601
2025-09-16,6559.50,6559.50,6490.00,6510.50,11406
2025-09-17,6534.50,6600.00,6433.00,6443.00,38858
2025-09-18,6500.00,6500.00,6410.00,6446.00,17455
2025-09-19,6450.00,6457.50,6275.00,6314.50,30609
2025-09-22,6315.00,6464.00,6315.00,6379.00,14744
2025-09-23,6373.00,6519.50,6360.50,6480.00,27984
2025-09-24,6473.50,6520.00,6346.00,6371.50,21797
2025-09-25,6385.00,6410.00,6355.00,6378.00,12111
2025-09-26,6378.00,6408.00,6275.00,6317.00,12256
2025-09-29,6370.00,6370.00,6176.00,6201.00,15751
2025-09-30,6227.00,6265.00,6200.00,6245.50,9602
2025-10-01,6245.50,6342.50,6213.50,6266.50,44639
2025-10-03,6222.00,6299.00,6201.00,6226.00,11313
2025-10-06,6240.00,6265.00,6102.00,6145.50,25249
2025-10-07,6155.00,6196.00,6119.00,6144.50,10514
2025-10-08,6140.00,6188.00,6084.50,6116.00,10825
2025-10-09,6136.00,6230.00,6112.50,6180.50,13539
2025-10-10,6192.00,6240.00,6170.00,6198.50,13049
2025-10-13,6180.00,6206.00,6158.00,6177.50,9114
2025-10-14,6180.50,6242.00,6143.50,6181.00,7412
2025-10-15,6180.50,6239.50,6150.00,6177.50,13806
2025-10-16,6210.00,6280.00,6179.50,6191.00,16792
2025-10-17,6207.00,6230.00,6128.50,6153.50,61246
2025-10-20,6131.00,6161.00,6081.00,6093.50,21890
2025-10-21,6101.50,6151.00,6101.50,6138.00,1811
2025-10-23,6150.50,6180.00,6091.50,6107.50,11806
2025-10-24,6130.00,6141.00,6066.00,6108.00,15032
2025-10-27,6123.00,6131.00,6048.00,6085.00,13199
2025-10-28,6089.50,6129.00,6055.50,6065.00,11731
2025-10-29,6070.00,6100.00,6059.00,6066.00,7637
2025-10-30,6048.00,6080.00,6048.00,6059.50,7349
2025-10-31,6075.00,6094.50,6000.00,6013.50,9493
2025-11-03,6029.00,6041.00,5985.00,6023.00,14224
2025-11-04,6023.00,6023.00,5972.50,5986.50,13728
2025-11-06,6020.00,6020.00,5808.50,5843.00,17094
2025-11-07,6105.00,6105.00,5844.00,5878.50,161877
2025-11-10,5910.00,5950.00,5821.50,5839.00,23690
2025-11-11,5880.00,5890.00,5751.00,5779.50,26995
2025-11-12,5779.00,5839.00,5779.00,5801.00,21319
2025-11-13,5821.00,5850.00,5740.50,5758.00,27689
2025-11-14,5768.00,5795.00,5707.50,5743.00,69104
2025-11-17,5743.00,5800.00,5715.00,5741.00,21650
2025-11-18,5750.50,5760.00,5673.00,5695.50,30093
2025-11-19,5707.00,6122.50,5678.00,6076.50,234547
2025-11-20,6060.50,6332.00,6035.00,6125.50,146715
2025-11-21,6120.00,6123.00,5924.00,5966.50,41575
2025-11-24,5975.50,6000.00,5847.50,5894.50,27584
2025-11-25,5900.00,5944.00,5865.00,5890.00,20980
2025-11-26,5909.00,6074.00,5871.00,5908.00,142346
2025-11-27,5966.00,6035.00,5925.00,6022.50,36102
2025-11-28,6024.00,6063.50,5927.00,5966.00,32279
2025-12-01,6023.00,6023.00,5865.00,5884.50,19886
2025-12-02,5880.00,5905.00,5747.00,5793.00,28529
2025-12-03,5828.00,5828.00,5732.00,5771.00,13990
2025-12-04,5741.00,5855.50,5741.00,5800.00,18552
2025-12-05,5787.00,6034.00,5775.00,5910.00,116174
2025-12-08,5947.00,6219.00,5820.00,5854.00,171457
2025-12-09,5849.00,5944.50,5765.00,5923.00,20289
2025-12-10,5923.00,6017.00,5840.00,5865.00,19949
2025-12-11,5940.00,5994.00,5870.00,5971.50,35328
2025-12-12,5965.00,6052.50,5952.00,6008.50,23652
2025-12-15,6033.50,6190.00,5965.00,6137.50,47979
2025-12-16,6136.00,6136.00,6027.50,6044.00,13108
2025-12-17,6054.00,6065.00,5930.00,6003.50,20573
2025-12-18,5989.50,6010.00,5890.50,5940.50,12704
2025-12-19,5930.00,5982.00,5870.00,5896.00,28926
2025-12-22,5933.00,5953.00,5886.50,5914.00,9674
2025-12-23,5920.00,5953.00,5866.50,5883.00,13206
2025-12-24,5947.00,5947.00,5818.50,5833.00,13422
2025-12-26,5832.00,6000.00,5803.50,5956.00,44590
2025-12-29,5914.00,5992.00,5892.00,5948.50,21842
2025-12-30,5948.50,5979.00,5880.00,5905.00,27646
2025-12-31,5915.00,5970.00,5893.00,5955.50,17026
2026-01-01,5935.00,5961.00,5887.00,5908.00,7219
2026-01-02,5994.00,5994.00,5901.50,5955.50,16263
2026-01-05,5955.50,6010.00,5894.00,5927.50,12963
2026-01-06,5949.00,5980.00,5880.00,5951.00,13389
2026-01-07,5958.00,6000.00,5930.00,5968.00,19669
2026-01-08,5967.50,5967.50,5855.50,5878.00,17936
2026-01-09,5878.00,6027.00,5835.50,5907.50,21219
2026-01-12,5978.50,6309.50,5890.50,6105.00,309281
2026-01-13,6105.50,6237.50,6061.00,6083.00,29655
2026-01-14,6081.00,6099.50,6011.50,6080.00,11067
2026-01-16,6100.00,6120.00,6017.00,6101.00,18938
2026-01-19,6090.00,6135.00,6002.50,6119.00,19456
2026-01-20,6172.00,6172.00,5950.00,5958.50,25839
2026-01-21,5929.00,5989.00,5825.00,5898.50,24641
2026-01-22,5937.00,6003.50,5868.50,5981.50,14246
2026-01-23,5981.50,5981.50,5836.50,5863.50,14670
2026-01-27,5902.00,5924.00,5746.00,5843.50,18780
2026-01-28,5876.50,5980.00,5842.50,5929.50,11792
2026-01-29,5966.00,5966.00,5826.00,5846.50,13562
2026-01-30,5850.00,6048.00,5835.00,6007.00,17611
2026-02-01,5982.00,6013.00,5900.00,5926.00,5463
2026-02-02,5926.00,5950.00,5821.00,5930.50,21193
2026-02-03,5959.50,6022.50,5950.00,6003.50,16166
2026-02-04,5990.00,6010.50,5925.00,5972.50,20115
2026-02-05,5969.00,6007.00,5906.00,5968.50,18969
2026-02-06,5950.00,6145.00,5928.00,6063.00,65196
2026-02-09,6094.00,6325.00,6094.00,6292.50,59564
2026-02-10,6575.00,6907.00,6385.00,6533.00,688417
2026-02-11,6596.00,6596.00,6455.50,6487.50,47265
2026-02-12,6500.00,6516.50,6338.00,6440.50,41787
2026-02-13,6419.00,6967.00,6394.00,6900.00,404286
2026-02-16,6900.00,6935.50,6740.00,6768.00,67539
2026-02-17,6700.00,6945.00,6655.50,6818.50,72226
2026-02-18,6861.00,6880.00,6782.50,6799.50,44596
2026-02-19,6816.00,6980.00,6765.00,6789.50,55806
2026-02-20,6798.50,6965.50,6725.50,6794.00,67117
2026-02-23,6840.00,6880.00,6698.00,6739.50,27587
2026-02-24,6727.00,6734.50,6556.00,6636.50,24382
2026-02-25,6680.00,6850.00,6636.00,6710.50,40053
2026-02-26,6719.50,6967.00,6714.00,6895.50,75386
2026-02-27,6910.00,6910.50,6710.50,6730.00,22937
2026-03-02,6510.00,6861.50,6510.00,6664.50,54901
2026-03-04,6600.00,6699.00,6523.50,6661.50,33473
2026-03-05,6696.50,6826.50,6638.00,6767.00,24702
2026-03-06,6790.00,6960.00,6676.50,6784.50,57148
2026-03-09,6719.50,6719.50,6550.50,6572.00,30487
2026-03-10,6650.00,6705.00,6606.00,6643.50,26981
2026-03-11,6675.00,6820.00,6640.00,6776.00,38670
2026-03-12,6740.50,7224.50,6630.00,7189.50,164617
2026-03-13,7200.00,7248.00,6925.00,6944.50,70527
2026-03-16,6850.00,7242.50,6840.00,7172.50,89401
2026-03-17,7230.00,7393.50,7122.50,7327.00,94458
2026-03-18,7348.00,7400.00,7200.50,7221.50,51562
2026-03-19,7090.00,7216.00,6980.00,7011.50,41870
2026-03-20,7188.00,7197.50,6980.00,7014.50,35247
2026-03-23,7015.00,7025.00,6558.00,6765.00,71879
2026-03-24,6900.00,7515.00,6854.50,7393.50,247642
2026-03-25,7350.00,7514.00,7282.00,7356.50,95494
2026-03-27,7310.00,7344.00,7100.00,7118.00,80419
2026-03-30,6950.00,7148.00,6720.00,6844.00,88919
2026-04-01,7089.00,7182.00,6857.00,7002.00,56032
2026-04-02,6900.00,7322.00,6772.50,7296.50,78863
2026-04-06,7316.00,7380.00,7110.00,7133.00,54886
2026-04-07,7150.00,7205.00,7057.50,7096.00,22546
2026-04-08,7250.00,7296.50,7104.50,7174.00,69625
2026-04-09,7193.00,7254.50,7143.00,7183.50,26186
2026-04-10,7220.00,7370.00,7165.00,7190.00,45500
2026-04-13,7140.00,7300.00,6944.50,7240.00,51195
2026-04-15,7300.00,7368.50,7250.00,7301.50,56279
2026-04-16,7368.50,7464.00,7200.00,7221.50,44256
2026-04-17,7251.00,7295.00,7209.00,7239.50,24912
2026-04-20,7240.00,7318.50,7009.00,7065.00,41965
2026-04-21,7077.00,7129.00,7040.50,7069.00,32612
2026-04-22,7100.00,7299.00,7021.00,7272.00,62766
2026-04-23,7264.50,7399.00,7205.00,7232.50,42616
2026-04-24,7263.50,7443.00,7180.50,7216.50,60756
2026-04-27,7260.00,7310.00,7203.50,7242.00,20847
2026-04-28,7259.50,7308.00,7194.00,7228.50,15296
2026-04-29,7250.00,7506.50,7222.50,7307.50,67755
2026-04-30,7319.50,7370.00,7222.00,7320.00,26126
2026-05-04,7325.00,7587.00,7325.00,7443.00,140503
2026-05-05,7498.00,7522.50,7315.00,7494.50,57904
2026-05-06,7526.50,7677.00,7459.00,7574.50,70901
2026-05-07,7583.00,8049.00,7551.00,7847.50,225590
2026-05-08,7859.50,8005.00,7752.00,7808.50,80469
2026-05-11,7769.00,7841.00,7640.00,7741.00,42327
2026-05-12,7700.00,7770.00,7400.50,7455.00,42259
2026-05-13,7469.50,7564.00,7345.00,7374.50,28968
2026-05-14,7470.00,7500.00,7375.00,7413.50,21223
2026-05-15,7450.00,7450.00,7225.00,7352.00,19165
2026-05-18,7352.00,7360.00,7125.00,7221.00,29008
2026-05-19,7200.00,7471.50,7200.00,7377.50,28298
2026-05-20,7365.00,7399.00,7220.00,7256.50,34224
2026-05-21,7302.00,7485.00,7252.50,7276.50,29517
2026-05-22,7327.00,7380.00,7181.50,7222.00,24073
2026-05-25,7428.00,7428.00,7239.50,7255.00,18858
2026-05-26,7255.00,7360.00,7225.50,7248.50,19246
2026-05-27,7239.00,7340.00,7200.00,7259.00,29703
2026-05-29,7380.00,7638.00,7136.00,7204.50,143448
2026-06-01,7110.00,7111.50,6795.50,6900.00,123924
2026-06-02,6900.00,7000.00,6870.00,6940.00,46541
2026-06-03,6949.00,7145.00,6881.00,7110.50,47427
2026-06-04,7147.00,7179.00,7035.00,7069.00,26143
2026-06-05,7146.50,7146.50,6941.00,7010.50,16708
2026-06-08,7010.50,7010.50,6850.00,6869.50,17901
2026-06-09,6948.50,6974.00,6835.00,6855.00,16557
2026-06-10,6855.00,6928.50,6725.00,6750.50,18126
2026-06-11,6700.00,6794.00,6675.00,6716.00,21959
2026-06-12,6739.50,6949.50,6739.50,6916.00,25471
2026-06-15,7087.50,7098.50,6910.00,6940.00,19179
2026-06-16,6950.00,7020.00,6925.50,6991.50,10442
2026-06-17,6995.00,7050.00,6939.00,7029.00,18031
2026-06-18,7070.00,7331.00,7000.00,7275.50,56800
2026-06-19,7272.00,7570.00,7123.50,7460.50,48489
2026-06-22,7497.00,7570.00,7385.00,7414.50,24981
2026-06-23,7415.00,7445.50,7170.50,7198.00,21814
2026-06-24,7171.00,7233.00,7126.00,7141.50,10041
2026-06-25,7157.00,7194.50,7010.00,7021.50,15583
2026-06-29,7021.50,7439.00,7000.00,7297.00,196363
2026-06-30,7317.00,7379.00,7275.00,7311.00,27903
2026-07-01,7309.00,7311.00,7200.00,7212.00,11251
2026-07-02,7340.00,7340.00,7170.00,7190.50,8970
2026-07-03,7249.50,7286.00,7153.00,7178.50,10906
2026-07-06,7178.50,7245.00,7150.00,7193.50,12256
2026-07-07,7215.00,7215.00,7050.00,7141.00,16032
2026-07-08,7112.00,7249.50,6900.00,6935.50,27257
2026-07-09,6974.50,7065.00,6970.00,6987.50,14140
2026-07-10,6987.50,7172.00,6967.00,7033.00,32866
2026-07-13,7025.00,7219.50,6933.00,7114.00,30507
2026-07-14,7113.50,7251.00,7060.50,7081.50,24453
2026-07-15,7108.00,7181.00,6999.50,7028.00,15343
2026-07-16,7057.00,7159.50,7028.50,7128.00,12979
2026-07-17,7150.50,7171.50,7040.00,7114.50,10701
2026-07-20,7070.00,7130.50,6983.00,6996.50,20645
2026-07-21,6998.50,7072.50,6951.00,7004.00,17714
2026-07-22,6996.00,6996.50,6825.50,6840.50,26168
2026-07-23,6829.00,6878.00,6675.50,6709.50,28481
2026-07-24,6677.50,6813.50,6651.50,6731.00,19371
2026-07-27,6752.00,6810.00,6726.00,6766.50,17244
2026-07-28,6766.50,6777.00,6652.00,6667.50,18057
2026-07-29,6700.00,6850.00,6671.00,6722.50,20782
2026-07-30,6725.00,6764.50,6621.00,6637.00,20920
2026-07-31,6656.00,6810.00,6646.50,6745.00,55674
2026-08-03,6770.50,7035.00,6770.50,6980.50,50665
2026-08-04,6975.00,7319.50,6970.00,7156.50,68811
2026-08-05,7213.00,7225.50,7071.50,7088.00,15357
2026-08-06,7085.00,7188.50,7026.50,7152.50,14507
2026-08-07,7150.00,7206.00,7057.00,7112.50,20724
2026-08-10,7112.50,7148.00,6996.50,7048.00,19438
2026-08-11,7094.00,7189.50,6932.00,6972.00,25932
2026-08-12,6931.00,6931.00,6709.50,6777.50,48476
2026-08-13,6779.00,6844.50,6651.00,6688.50,24753
2026-08-14,6735.00,6735.00,6645.00,6696.00,16630
2026-08-17,6705.00,6770.00,6575.00,6732.00,30727
2026-08-18,6720.00,6870.50,6701.50,6725.50,33874
2026-08-19,6743.50,6850.00,6680.00,6702.50,7925
2026-08-20,6780.00,6782.50,6679.50,6695.00,8643
2026-08-21,6702.00,6729.00,6656.00,6672.00,10187
2026-08-24,6684.50,6703.00,6498.00,6531.00,30994
2026-08-25,6540.00,6599.50,6458.00,6493.50,18701
2026-08-26,6525.00,6695.00,6512.50,6598.50,27522
2026-08-27,6595.00,6677.50,6536.00,6549.00,16850
2026-08-28,6549.00,6549.50,6491.00,6504.00,9814
2026-08-31,6500.00,6513.50,6364.00,6385.50,26826
2026-09-01,6380.00,6446.50,6332.00,6373.00,24328
2026-09-02,6363.00,6446.00,6310.00,6352.50,16567
2026-09-03,6357.00,6418.00,6316.00,6373.00,16313
2026-09-04,6409.00,6411.00,6330.00,6346.00,9490
2026-09-07,6346.00,6394.50,6300.50,6372.50,14317
2026-09-08,6367.00,6490.50,6330.50,6380.00,90218
2026-09-09,6401.00,6458.50,6322.00,6352.50,45955
2026-09-10,6352.50,6384.00,6180.50,6227.50,13975
2026-09-11,6203.00,6250.00,6160.00,6227.50,11729
2026-09-15,6250.00,6267.00,6065.00,6080.00,15285
2026-09-16,6090.00,6150.50,6024.50,6089.50,12044
2026-09-17,6100.00,6148.00,6047.50,6094.50,29616
2026-09-18,6139.00,6250.00,6116.00,6241.50,20753
