Date,Open,High,Low,Close,Volume
2001-12-31,64.90,72.45,62.50,72.20,520115
2002-01-01,74.80,78.80,69.10,71.85,304974
2002-01-02,72.60,80.00,71.15,76.65,302966
2002-01-03,80.00,88.30,79.55,84.40,871654
2002-01-04,87.80,88.50,78.00,80.55,486202
2002-01-07,82.45,84.50,80.00,81.40,189711
2002-01-08,82.00,85.00,76.55,77.85,220838
2002-01-09,78.90,78.90,70.20,71.40,154937
2002-01-10,71.75,74.75,70.00,70.90,117697
2002-01-11,72.30,72.50,65.50,67.25,78611
2002-01-14,70.20,79.00,70.20,71.75,67176
2002-01-15,71.00,73.90,70.00,70.25,110590
2002-01-16,71.05,73.40,66.75,67.10,153267
2002-01-17,66.10,72.00,65.00,71.45,123224
2002-01-18,72.90,73.45,70.10,70.70,96450
2002-01-21,71.80,75.50,71.20,73.50,217526
2002-01-22,73.95,86.70,73.95,82.20,882109
2002-01-23,83.50,88.45,81.55,82.55,883420
2002-01-24,84.30,86.25,79.00,79.90,517587
2002-01-25,81.00,88.50,78.65,86.20,945555
2002-01-28,89.85,93.40,87.00,88.10,1010622
2002-01-29,89.30,89.70,82.60,83.45,368713
2002-01-30,81.10,86.25,81.05,83.00,340182
2002-01-31,86.00,89.20,84.10,86.80,585354
2002-02-01,88.00,92.60,87.10,87.85,880370
2002-02-04,90.00,95.85,88.40,94.05,1088542
2002-02-05,93.90,97.70,93.25,94.65,741521
2002-02-06,95.25,100.75,95.00,98.25,1054987
2002-02-07,100.00,101.00,86.65,87.90,1057600
2002-02-08,87.30,94.60,87.00,92.45,743695
2002-02-11,97.10,104.90,94.30,97.60,1573247
2002-02-12,100.70,103.00,97.50,99.00,794905
2002-02-13,100.70,100.70,95.00,96.25,430953
2002-02-14,98.60,99.40,95.10,95.80,267389
2002-02-15,96.50,98.00,92.30,94.25,530270
2002-02-18,95.00,96.00,92.75,95.05,269866
2002-02-19,95.70,99.25,94.60,95.45,451844
2002-02-20,95.00,95.50,91.20,92.05,235671
2002-02-21,93.40,95.00,92.20,92.75,195011
2002-02-22,91.50,93.65,90.25,91.40,181342
2002-02-25,91.90,93.30,90.60,91.75,187349
2002-02-26,92.70,97.50,92.25,94.10,449340
2002-02-27,95.00,95.90,91.00,92.60,407484
2002-02-28,92.40,93.95,82.15,83.05,455805
2002-03-01,83.40,87.50,79.05,86.20,357030
2002-03-04,86.95,92.00,86.20,90.30,369207
2002-03-05,93.95,94.80,90.55,91.35,334462
2002-03-06,93.75,96.40,91.55,93.10,546217
2002-03-07,94.25,94.25,89.60,91.50,206316
2002-03-08,91.10,92.75,90.50,90.80,190738
2002-03-11,92.05,92.90,88.00,89.25,133905
2002-03-12,90.00,90.00,85.10,85.90,109791
2002-03-13,83.50,87.75,83.50,86.85,107955
2002-03-14,87.00,88.25,85.35,86.60,87513
2002-03-15,86.00,90.40,85.50,88.50,209539
2002-03-18,90.00,94.30,89.75,91.95,358875
2002-03-19,92.60,94.50,87.60,88.35,261388
2002-03-20,88.50,89.25,86.35,87.30,131564
2002-03-21,86.25,88.00,85.50,85.95,82863
2002-03-22,86.95,87.00,82.25,82.80,134940
2002-03-26,84.00,85.50,82.00,83.75,144431
2002-03-27,85.00,86.50,83.60,84.40,86536
2002-03-28,85.75,86.00,84.30,84.70,61224
2002-04-01,85.50,85.50,83.50,84.35,53832
2002-04-02,85.10,85.10,81.10,82.50,73845
2002-04-03,82.00,82.90,80.30,81.20,82740
2002-04-04,83.00,89.70,83.00,86.65,309119
2002-04-05,87.60,88.70,85.00,85.65,111732
2002-04-08,86.10,86.50,84.00,84.25,73799
2002-04-09,84.70,85.10,82.85,84.30,55226
2002-04-10,84.90,87.95,83.70,86.25,83970
2002-04-11,87.00,87.30,85.05,85.95,51869
2002-04-12,87.50,93.60,86.00,91.20,499705
2002-04-15,93.45,99.50,92.75,93.90,626968
2002-04-16,95.00,109.45,94.90,105.85,2327901
2002-04-17,106.50,109.20,99.05,100.30,913380
2002-04-18,102.90,106.25,100.50,104.45,728638
2002-04-19,106.50,113.75,104.00,105.95,1735804
2002-04-22,108.90,113.00,104.05,108.80,1342515
2002-04-23,109.50,114.30,109.10,112.25,931850
2002-04-24,114.80,126.10,113.60,123.70,2387191
2002-04-25,126.00,128.40,113.55,114.60,1643733
2002-04-26,115.10,118.50,109.00,110.90,705963
2002-04-29,111.95,114.00,108.25,110.50,492860
2002-04-30,111.90,116.45,111.25,114.20,467853
2002-05-02,118.00,118.00,113.30,116.55,535968
2002-05-03,119.00,121.95,117.30,121.40,1033187
2002-05-06,121.90,123.50,119.40,120.95,495367
2002-05-07,120.00,123.85,119.50,121.90,440533
2002-05-08,119.00,124.90,119.00,121.55,458897
2002-05-09,124.40,126.85,120.80,125.55,743496
2002-05-10,125.60,129.70,122.50,123.60,729339
2002-05-13,124.40,129.40,121.15,123.15,315876
2002-05-14,124.50,125.00,118.55,119.80,258194
2002-05-15,120.10,120.45,115.25,116.00,216323
2002-05-16,116.10,116.80,110.00,111.85,192889
2002-05-17,111.00,111.00,104.75,107.15,170913
2002-05-20,97.00,105.50,95.55,97.40,253422
2002-05-21,113.00,113.00,89.60,94.45,445058
2002-05-22,94.90,99.50,92.00,97.10,219516
2002-05-23,99.90,99.90,96.20,97.80,118768
2002-05-24,102.70,108.85,101.00,107.90,220395
2002-05-27,110.00,116.20,103.10,113.65,514882
2002-05-28,112.90,113.00,105.00,105.65,149631
2002-05-29,105.50,111.45,105.50,109.95,180686
2002-05-30,111.50,114.00,106.30,107.15,232430
2002-05-31,107.50,111.85,105.00,110.10,184288
2002-06-03,113.00,117.20,111.25,111.90,307534
2002-06-04,110.50,117.85,110.50,114.55,436093
2002-06-05,115.90,118.20,115.10,116.45,309995
2002-06-06,117.00,117.70,112.00,112.80,167812
2002-06-07,112.60,112.60,108.00,109.10,94296
2002-06-10,111.00,114.90,111.00,112.75,67533
2002-06-11,114.55,117.35,114.00,115.70,217858
2002-06-12,117.45,121.40,115.95,116.90,265425
2002-06-13,119.00,119.50,115.00,118.35,276996
2002-06-14,119.80,124.85,118.15,122.65,817596
2002-06-17,118.90,118.90,106.55,111.45,1163767
2002-06-18,112.00,114.90,107.50,110.65,989485
2002-06-19,108.00,110.65,105.50,106.90,307830
2002-06-20,106.00,109.00,105.00,107.15,203011
2002-06-21,107.00,107.90,104.60,105.60,214801
2002-06-24,105.00,110.90,103.15,109.85,445331
2002-06-25,111.00,115.50,111.00,114.25,585581
2002-06-26,114.00,116.45,107.10,109.60,520499
2002-06-27,111.50,112.50,108.60,109.20,150282
2002-06-28,112.00,112.85,108.00,109.50,177313
2002-07-01,110.70,110.70,106.60,107.65,90613
2002-07-02,108.75,110.00,106.80,107.45,89185
2002-07-03,107.80,109.65,107.00,108.80,96815
2002-07-04,110.00,110.75,106.10,106.95,138788
2002-07-05,107.45,108.50,106.00,106.60,92893
2002-07-08,105.55,111.50,105.55,109.10,252355
2002-07-09,110.00,114.70,109.80,113.50,643274
2002-07-10,110.40,115.00,109.50,110.05,653045
2002-07-11,109.90,110.50,108.10,109.30,169774
2002-07-12,111.00,111.00,105.00,106.40,204720
2002-07-15,106.10,108.15,105.50,105.65,190267
2002-07-16,109.00,109.00,98.10,104.10,383871
2002-07-17,107.00,107.00,101.25,102.20,132147
2002-07-18,103.50,109.10,103.00,108.20,315191
2002-07-19,109.00,109.00,105.00,108.15,198950
2002-07-22,104.25,106.00,101.50,102.20,99957
2002-07-23,103.00,103.00,97.25,98.70,125367
2002-07-24,100.00,100.00,90.60,92.35,131236
2002-07-25,98.00,105.00,94.00,94.95,189917
2002-07-26,96.90,96.90,84.75,86.00,143380
2002-07-29,85.95,90.90,76.40,78.80,424027
2002-07-30,87.00,87.00,75.50,77.20,182352
2002-07-31,76.00,79.70,70.00,78.20,369040
2002-08-01,79.25,81.40,75.60,76.90,202168
2002-08-02,76.50,81.90,74.00,80.15,129052
2002-08-05,80.70,83.90,80.55,83.10,167914
2002-08-06,81.00,86.40,81.00,84.85,200299
2002-08-07,87.40,93.50,85.50,90.35,401823
2002-08-08,91.20,93.80,86.55,87.05,217696
2002-08-09,87.55,95.00,87.25,93.80,381138
2002-08-12,95.00,96.80,93.20,93.90,200540
2002-08-13,96.00,99.25,95.00,97.50,314025
2002-08-14,97.10,102.50,96.00,101.40,1153562
2002-08-16,102.90,104.50,101.00,101.70,373224
2002-08-19,103.00,104.50,101.10,102.40,410505
2002-08-20,102.10,103.95,101.05,102.55,126176
2002-08-21,104.00,104.45,100.55,102.80,175264
2002-08-22,104.00,107.00,99.00,100.80,292023
2002-08-23,102.50,107.80,100.75,107.05,594515
2002-08-26,107.05,109.20,105.20,107.15,356214
2002-08-27,106.10,107.00,101.25,101.90,253987
2002-08-28,100.25,101.95,97.10,97.75,175832
2002-08-29,98.00,103.90,96.30,100.70,100062
2002-08-30,101.90,105.00,101.20,104.50,116442
2002-09-02,104.90,105.00,101.35,102.10,93272
2002-09-03,103.00,103.00,100.00,100.90,67596
2002-09-04,98.55,101.00,97.50,99.80,90266
2002-09-05,101.00,102.25,99.10,100.45,132648
2002-09-06,101.00,101.00,97.30,98.50,76929
2002-09-09,98.50,100.90,97.00,98.70,39020
2002-09-11,100.90,103.60,100.50,101.10,97108
2002-09-12,102.00,102.40,100.35,101.05,115241
2002-09-13,101.50,104.70,99.65,102.80,203224
2002-09-16,105.50,107.90,102.05,102.75,324082
2002-09-17,104.25,105.40,102.50,102.75,138558
2002-09-18,102.45,102.50,99.30,99.85,75689
2002-09-19,101.00,101.00,95.25,97.55,77009
2002-09-20,95.15,98.65,94.10,97.40,71648
2002-09-23,98.70,101.30,97.25,100.85,187032
2002-09-24,103.00,104.50,98.50,100.05,303453
2002-09-25,99.00,100.95,97.65,98.50,85627
2002-09-26,99.90,102.00,98.65,100.60,84241
2002-09-27,100.70,102.20,100.50,100.90,131044
2002-09-30,100.20,101.00,97.60,98.40,78007
2002-10-01,98.90,99.00,94.00,95.10,112204
2002-10-03,95.00,95.85,92.75,95.00,122167
2002-10-04,94.00,94.95,93.30,93.95,148653
2002-10-07,94.05,94.75,93.50,94.15,39496
2002-10-08,94.90,95.20,88.60,90.80,327946
2002-10-09,92.50,95.20,90.60,91.45,114683
2002-10-10,91.50,92.00,88.70,90.35,53010
2002-10-11,91.50,92.75,90.55,91.35,43919
2002-10-14,92.10,92.55,88.05,88.30,43234
2002-10-16,89.95,91.60,88.55,88.85,203956
2002-10-17,89.20,90.95,88.65,90.55,31287
2002-10-18,91.00,92.60,89.05,89.40,99587
2002-10-21,90.95,91.00,88.25,89.95,56715
2002-10-22,89.95,90.00,88.05,88.15,24638
2002-10-23,88.15,89.50,86.70,88.20,56647
2002-10-24,89.90,90.00,87.50,88.35,35337
2002-10-25,89.75,89.75,83.40,83.95,81269
2002-10-28,82.50,83.50,79.25,80.65,38214
2002-10-29,81.00,81.90,80.00,80.70,83316
2002-10-30,81.50,82.50,80.50,81.50,22290
2002-10-31,81.60,81.85,79.50,81.00,42315
2002-11-01,81.00,81.40,78.20,80.15,21599
2002-11-04,85.75,85.75,79.85,81.80,8560
2002-11-05,80.75,82.40,80.45,81.80,20087
2002-11-07,81.15,82.50,80.55,81.00,18511
2002-11-08,80.00,80.95,78.35,79.85,5626
2002-11-11,79.40,79.40,75.70,76.85,25292
2002-11-12,77.00,77.00,73.00,73.40,34827
2002-11-13,75.00,75.00,72.60,72.85,45487
2002-11-14,73.10,73.90,72.50,73.10,20412
2002-11-15,74.35,74.40,72.35,72.55,237535
2002-11-18,74.25,80.00,73.45,76.85,258629
2002-11-20,76.00,77.70,74.20,74.70,192283
2002-11-21,75.95,79.80,75.75,76.60,943789
2002-11-22,78.90,79.20,74.60,75.30,280926
2002-11-25,75.50,76.75,74.15,74.70,193568
2002-11-26,75.00,78.40,74.65,77.20,1076403
2002-11-27,77.65,80.60,77.45,78.50,762398
2002-11-28,80.40,80.40,77.35,78.10,361852
2002-11-29,78.20,79.25,74.50,78.45,299112
2003-01-01,68.00,69.25,68.00,68.45,66608
2003-01-02,68.85,69.60,67.10,67.65,100563
2003-01-03,68.35,68.35,66.60,66.75,42915
2003-01-06,67.30,67.50,65.50,65.75,37872
2003-01-07,66.50,66.50,64.00,64.45,34621
2003-01-08,64.75,65.90,64.10,64.25,25248
2003-01-09,64.40,68.20,64.05,67.35,189985
2003-01-10,68.50,68.75,65.05,65.70,93408
2003-01-13,66.00,66.00,64.10,64.35,37094
2003-01-14,65.25,66.00,64.25,64.60,35754
2003-01-15,64.70,68.00,64.55,67.40,147311
2003-01-16,68.40,69.50,68.00,68.30,146355
2003-01-17,68.90,68.90,66.60,66.95,49593
2003-01-20,66.00,67.60,65.70,67.30,61636
2003-01-21,67.50,69.15,67.25,67.60,70854
2003-01-22,67.90,68.50,66.00,67.40,71687
2003-01-23,68.45,68.65,64.75,64.95,53394
2003-01-24,65.45,65.80,59.95,61.40,70564
2003-01-27,61.20,61.20,57.00,57.95,84813
2003-01-28,56.25,60.00,56.25,59.50,54520
2003-01-29,48.10,60.80,48.10,58.30,36523
2003-01-30,59.50,60.00,56.00,57.10,43324
2003-01-31,56.65,57.80,55.05,56.00,53776
2003-02-03,56.80,60.20,56.75,59.75,51826
2003-02-04,57.30,60.60,57.30,59.35,41526
2003-02-05,50.00,58.75,50.00,57.25,42620
2003-02-06,56.55,60.95,56.55,60.00,49334
2003-02-07,49.50,65.00,49.50,63.10,274632
2003-02-10,63.00,64.80,61.60,62.20,173778
2003-02-11,62.70,62.85,60.25,60.80,54881
2003-02-12,60.65,61.65,59.50,60.10,55282
2003-02-14,59.40,60.70,58.65,60.15,87807
2003-02-17,63.40,63.40,60.75,61.75,88755
2003-02-18,62.90,62.90,61.40,61.60,62030
2003-02-19,61.60,61.95,60.00,60.50,58590
2003-02-20,61.00,61.00,59.00,60.10,37187
2003-02-21,61.00,61.50,60.00,60.75,75557
2003-02-24,61.20,64.00,61.00,62.75,225306
2003-02-25,62.95,62.95,60.10,60.95,85088
2003-02-26,60.25,61.40,60.25,61.00,35802
2003-02-27,60.25,61.95,60.05,61.35,40054
2003-02-28,61.95,62.65,56.10,59.00,81609
2003-03-03,60.50,60.70,59.30,60.15,82768
2003-03-04,60.00,60.15,58.50,59.00,186676
2003-03-05,58.20,58.60,56.55,57.50,132683
2003-03-06,57.75,58.30,56.00,57.00,68552
2003-03-07,56.50,57.80,54.55,56.85,317978
2003-03-10,55.15,56.90,54.25,54.70,47282
2003-03-11,54.40,54.40,52.30,53.05,46007
2003-03-12,53.00,55.65,53.00,53.80,68087
2003-03-13,54.70,54.75,51.30,51.95,40843
2003-03-17,52.70,53.70,50.50,52.70,152977
2003-03-19,53.00,54.75,52.00,53.50,77609
2003-03-20,53.25,54.00,52.50,53.55,54951
2003-03-21,53.30,55.00,53.30,54.55,31528
2003-03-24,54.00,55.00,53.00,53.15,31266
2003-03-25,51.30,53.00,49.95,52.70,40152
2003-03-26,54.30,54.30,50.00,50.70,193381
2003-03-27,50.70,52.40,50.00,51.35,53176
2003-03-28,50.10,52.50,46.25,48.80,102633
2003-03-31,46.90,47.00,43.10,43.90,181094
2003-04-01,46.40,52.00,43.00,43.25,52769
2003-04-02,43.90,43.90,42.30,42.50,46533
2003-04-03,43.15,45.20,42.50,43.50,117525
2003-04-04,42.75,46.60,42.75,46.25,151205
2003-04-07,49.00,49.10,46.60,48.60,370158
2003-04-08,48.65,49.05,46.95,47.15,61742
2003-04-09,46.55,46.75,45.00,45.45,32120
2003-04-10,45.00,45.70,43.25,43.85,50526
2003-04-11,43.50,45.45,41.25,44.35,121256
2003-04-15,46.50,46.80,43.50,44.05,75888
2003-04-16,44.30,44.55,43.10,43.55,13021
2003-04-17,43.20,44.00,43.00,43.50,32077
2003-04-21,44.10,45.35,43.25,44.35,21349
2003-04-22,44.50,44.50,43.80,44.20,34616
2003-04-23,44.70,44.90,44.00,44.30,25857
2003-04-24,44.50,46.80,44.50,46.05,45919
2003-04-25,45.75,46.40,44.10,46.05,33551
2003-04-28,46.00,46.90,45.10,46.20,50859
2003-04-29,46.50,47.00,46.35,46.60,20207
2003-04-30,46.00,51.00,46.00,49.75,245706
2003-05-02,50.30,51.90,50.00,50.55,86470
2003-05-05,53.00,53.40,50.80,52.45,105118
2003-05-06,53.00,53.00,51.65,51.95,40503
2003-05-07,50.60,51.75,49.50,49.90,22495
2003-05-08,49.10,50.80,48.25,48.65,18047
2003-05-09,48.55,52.80,48.50,51.80,273518
2003-05-12,51.80,54.50,50.50,52.30,360888
2003-05-13,52.55,53.00,47.50,50.70,37081
2003-05-14,51.70,52.00,50.50,50.80,18048
2003-05-15,51.05,54.45,50.45,52.00,125223
2003-05-16,53.25,54.10,52.60,53.65,73143
2003-05-19,54.00,55.95,52.50,52.75,83751
2003-05-20,51.25,52.80,51.25,52.15,20019
2003-05-21,53.50,53.70,51.80,52.00,25523
2003-05-22,52.75,52.95,51.00,51.10,16387
2003-05-23,51.25,51.75,50.25,50.45,24970
2003-05-26,51.30,51.30,50.10,50.65,13793
2003-05-27,50.70,51.50,49.25,50.00,16220
2003-05-28,50.10,51.00,48.50,49.15,31322
2003-05-29,49.95,50.00,48.65,49.10,22195
2003-05-30,49.05,52.00,49.05,49.70,43367
2003-06-02,50.50,57.00,49.55,55.65,203862
2003-06-03,56.50,57.50,52.80,53.45,187486
2003-06-04,54.45,59.50,54.00,58.10,188917
2003-06-05,61.40,61.40,54.55,55.25,159253
2003-06-06,55.50,58.90,55.50,58.05,165807
2003-06-09,58.90,60.20,58.30,58.80,290466
2003-06-10,58.95,60.50,56.15,56.70,159841
2003-06-11,57.10,58.60,56.60,57.50,53411
2003-06-12,58.60,58.60,57.05,57.30,27704
2003-06-13,57.80,57.80,55.80,56.20,26718
2003-06-16,56.70,56.80,55.00,55.30,19436
2003-06-17,57.50,59.50,55.80,57.90,142569
2003-06-18,56.80,59.40,56.80,58.15,108523
2003-06-19,58.00,58.80,56.65,57.55,35118
2003-06-20,56.20,57.45,56.20,56.45,16154
2003-06-23,55.60,57.85,55.50,56.10,36176
2003-06-24,56.50,56.50,53.50,54.40,39534
2003-06-25,55.05,56.00,54.10,54.55,19413
2003-06-26,57.50,57.50,54.50,54.90,69303
2003-06-27,56.00,56.95,54.55,54.95,98008
2003-06-30,55.80,55.80,54.00,54.45,96509
2003-07-01,51.50,54.50,51.00,51.40,149470
2003-07-02,51.50,55.90,51.50,55.40,263890
2003-07-03,56.00,57.90,54.40,54.90,168076
2003-07-04,54.50,55.65,54.00,54.30,43149
2003-07-07,55.40,57.90,54.30,56.95,161213
2003-07-08,57.50,57.50,55.70,56.05,65065
2003-07-09,56.95,57.00,54.00,54.50,45967
2003-07-10,55.45,55.50,54.05,54.50,31922
2003-07-11,54.75,55.30,53.25,53.70,29608
2003-07-14,54.75,57.15,54.30,56.25,115040
2003-07-15,57.30,57.35,54.05,54.35,41635
2003-07-16,55.40,55.40,54.05,54.25,26757
2003-07-17,55.50,55.50,53.35,53.60,30989
2003-07-18,55.00,55.00,52.15,52.75,21422
2003-07-21,54.90,54.90,51.10,52.15,29880
2003-07-22,52.00,52.50,50.30,50.75,24656
2003-07-23,51.95,52.50,51.00,51.95,51905
2003-07-24,51.35,52.70,51.35,52.25,28469
2003-07-25,54.20,54.20,51.60,52.05,56910
2003-07-28,54.00,57.10,52.55,55.35,178748
2003-07-29,56.05,56.05,54.30,55.05,40077
2003-07-30,55.50,55.50,54.50,55.15,40620
2003-07-31,53.25,55.35,53.05,53.35,40477
2003-08-01,52.10,53.30,51.10,52.30,85660
2003-08-04,52.30,54.15,51.55,53.65,48157
2003-08-05,54.50,55.50,52.50,53.10,161164
2003-08-06,52.25,53.80,52.10,52.85,18061
2003-08-07,54.85,54.85,53.00,53.10,17103
2003-08-08,53.90,55.00,53.10,54.85,72548
2003-08-11,55.00,55.50,53.10,54.00,49497
2003-08-12,53.75,54.65,53.30,53.50,25984
2003-08-13,54.00,54.00,52.75,53.00,20490
2003-08-14,53.20,53.35,52.25,52.50,25632
2003-08-18,52.55,53.60,51.35,52.45,38736
2003-08-19,53.00,53.65,51.85,52.05,22217
2003-08-20,54.00,54.00,51.90,52.10,35671
2003-08-21,52.55,53.50,52.40,52.70,35452
2003-08-22,53.40,53.45,52.10,52.20,26697
2003-08-25,53.00,53.50,51.35,51.95,52927
2003-08-26,52.90,53.20,52.25,53.00,21747
2003-08-27,54.20,54.30,52.80,54.00,49386
2003-08-28,54.20,61.70,54.20,59.75,497071
2003-08-29,61.00,62.50,58.00,58.60,307042
2003-09-01,59.80,60.90,58.55,59.05,97922
2003-09-02,59.90,62.00,57.25,59.45,290633
2003-09-03,60.40,60.90,57.00,58.45,207970
2003-09-04,56.05,57.95,55.70,56.25,63177
2003-09-05,57.00,57.25,55.00,56.10,54326
2003-09-08,58.00,58.80,55.85,56.25,257927
2003-09-09,57.00,57.00,55.05,55.20,49998
2003-09-10,55.00,55.95,54.50,54.90,41015
2003-09-11,55.30,56.50,52.00,52.70,160133
2003-09-12,53.20,60.00,53.20,55.50,410764
2003-09-15,56.70,56.70,53.00,53.45,114895
2003-09-16,52.55,54.65,52.50,54.15,63743
2003-09-17,54.00,62.30,54.00,60.95,861107
2003-09-18,62.00,64.50,60.00,61.70,864193
2003-09-19,62.00,63.80,58.25,58.85,358869
2003-09-22,60.90,60.90,56.55,57.15,135342
2003-09-23,57.15,57.35,55.50,56.85,106876
2003-09-24,57.50,57.85,55.05,55.80,107685
2003-09-25,56.00,58.50,55.50,57.30,112797
2003-09-26,57.50,59.50,57.40,58.75,174083
2003-09-29,58.55,60.25,58.55,58.85,116479
2003-09-30,58.10,59.30,57.05,57.70,46142
2003-10-01,58.50,59.30,57.50,57.75,130946
2003-10-03,58.35,62.25,57.85,61.70,455993
2003-10-06,62.50,63.00,60.25,60.90,242961
2003-10-07,61.25,61.70,58.90,59.15,146167
2003-10-08,59.00,60.00,58.00,58.45,79434
2003-10-09,63.00,63.00,57.80,58.80,78241
2003-10-10,58.50,59.70,57.55,57.85,33834
2003-10-13,58.30,59.80,57.55,58.20,47901
2003-10-14,58.75,58.80,56.10,56.35,44469
2003-10-15,57.90,58.20,56.20,56.70,53746
2003-10-16,59.50,61.05,56.75,59.65,159306
2003-10-17,59.45,62.25,59.10,61.55,221234
2003-10-20,63.40,64.40,60.65,61.15,361932
2003-10-21,61.50,62.70,60.00,60.45,156461
2003-10-22,60.90,61.00,57.50,58.05,64173
2003-10-23,58.40,59.50,57.50,57.90,50844
2003-10-24,59.95,59.95,57.00,58.15,33102
2003-10-27,59.25,59.95,58.10,58.35,19233
2003-10-28,58.60,59.30,57.30,57.75,22855
2003-10-29,58.00,58.70,57.40,57.60,20283
2003-10-30,57.70,58.60,57.00,58.05,16673
2003-10-31,56.60,58.40,55.50,57.20,79262
2003-11-03,55.90,57.60,55.50,56.30,65613
2003-11-04,56.80,59.40,55.75,55.95,57711
2003-11-05,55.60,56.90,55.50,55.80,42287
2003-11-06,57.50,57.50,56.10,56.75,62022
2003-11-07,58.00,59.50,56.85,58.45,216935
2003-11-10,58.10,60.00,57.30,59.70,47412
2003-11-11,61.00,62.90,60.25,61.50,385827
2003-11-12,62.40,62.95,59.35,60.10,186029
2003-11-13,60.70,60.90,58.00,58.80,87877
2003-11-14,58.90,60.00,57.30,58.00,37509
2003-11-17,61.90,63.50,60.15,62.70,158782
2003-11-18,62.00,65.70,62.00,63.10,371159
2003-11-19,65.90,65.90,59.60,60.15,200719
2003-11-20,61.50,61.70,59.20,59.45,89023
2003-11-21,59.95,60.20,58.60,59.70,118182
2003-11-24,60.50,62.90,60.50,61.00,91292
2003-11-25,61.70,64.55,61.70,63.65,250249
2003-11-27,65.00,69.00,63.70,68.55,568697
2003-11-28,68.70,75.60,68.70,74.55,1272090
2003-12-01,74.60,75.45,71.75,72.75,415699
2003-12-02,73.10,73.25,69.50,70.60,284359
2003-12-03,70.75,75.10,70.75,74.30,341224
2003-12-04,74.70,77.45,74.00,76.20,405558
2003-12-05,77.10,77.90,71.55,73.15,226655
2003-12-08,73.90,77.20,72.90,76.85,185971
2003-12-09,78.00,78.50,74.75,76.75,204184
2003-12-10,77.00,78.00,74.50,75.55,196111
2003-12-11,76.00,77.45,72.50,73.90,109278
2003-12-12,78.75,78.75,73.25,73.95,57405
2003-12-15,77.10,77.10,74.15,75.30,123745
2003-12-16,76.50,78.45,73.80,77.45,527636
2003-12-17,77.00,80.75,76.25,76.70,429734
2003-12-18,77.25,79.40,76.30,78.75,358716
2003-12-19,79.50,80.25,77.00,77.95,277159
2003-12-22,78.65,78.80,76.25,76.90,130104
2003-12-23,77.50,78.00,75.05,75.50,200815
2003-12-24,74.75,75.00,68.85,69.60,569559
2003-12-26,65.25,69.65,65.25,68.80,222559
2003-12-29,70.00,72.75,70.00,71.95,174047
2004-03-09,53.75,55.35,52.50,53.15,25039
2004-03-10,54.65,54.65,51.55,52.75,17009
2004-03-11,53.00,53.35,50.10,51.30,19907
2004-03-12,51.50,53.45,49.05,50.45,41156
2004-03-15,52.00,52.00,46.00,47.45,44111
2004-03-16,46.00,48.40,45.15,46.65,25288
2004-03-17,46.15,46.75,45.00,46.35,29683
2004-03-18,46.00,46.50,44.00,44.05,40394
2004-03-19,44.25,46.75,44.05,45.00,40072
2004-03-22,45.10,45.50,41.90,42.50,52038
2004-03-23,42.25,42.90,40.75,41.15,67841
2004-03-24,45.50,45.50,40.85,41.80,34321
2004-03-25,42.00,44.00,42.00,43.35,24019
2004-03-26,44.95,48.10,44.00,45.85,63795
2004-03-29,45.40,46.25,44.50,45.80,45338
2004-03-30,46.50,47.65,46.00,46.15,21871
2004-03-31,47.35,47.35,45.20,45.65,22643
2004-04-01,47.50,50.00,46.90,49.50,40442
2004-04-02,49.95,51.00,47.80,49.00,31370
2004-04-05,51.00,51.90,49.50,50.10,26090
2004-04-06,50.35,51.25,49.25,49.90,11908
2004-04-07,49.70,50.40,49.60,49.95,19544
2004-04-08,49.00,50.25,48.40,49.80,9525
2004-04-12,51.20,54.75,49.00,53.35,46029
2004-04-13,53.10,54.00,45.85,52.80,22234
2004-04-15,53.00,53.85,52.75,53.05,18803
2004-04-16,53.95,55.30,53.00,54.70,22316
2004-04-19,55.15,55.60,53.20,53.25,30109
2004-04-20,52.80,55.00,52.80,54.40,19563
2004-04-21,55.50,56.00,54.00,55.00,26713
2004-04-22,55.50,55.90,54.70,55.15,10144
2004-04-23,55.00,55.80,53.00,53.80,12444
2004-04-27,53.00,53.00,50.10,51.35,64379
2004-04-28,52.00,52.00,49.90,50.55,22483
2004-04-29,50.25,53.00,50.25,51.30,11577
2004-04-30,52.90,53.45,51.05,51.45,17234
2004-05-03,50.55,52.40,49.75,51.10,10437
2004-05-04,51.50,51.70,50.80,51.45,5569
2004-05-05,51.30,51.95,51.00,51.50,9121
2004-05-06,52.00,53.50,52.00,53.00,6803
2004-05-07,52.25,53.00,51.50,51.85,11701
2004-05-10,52.00,52.00,50.00,50.25,9528
2004-05-11,49.00,50.05,48.00,48.95,12226
2004-05-12,50.00,50.40,49.05,49.50,9100
2004-05-13,49.00,49.25,47.10,47.80,18470
2004-05-14,47.55,48.70,44.00,45.35,19149
2004-05-17,44.25,44.25,36.60,41.70,31275
2004-05-18,39.65,46.00,39.00,43.65,21841
2004-05-19,46.50,46.50,44.80,46.25,19637
2004-05-20,45.55,47.50,45.55,47.00,15690
2004-05-21,45.15,46.50,45.05,46.30,23367
2004-05-24,46.50,48.30,46.50,48.05,17566
2004-05-25,49.80,54.90,46.10,47.30,7346
2004-05-26,49.90,53.40,48.30,49.35,75966
2004-05-27,50.10,54.20,50.10,51.95,97230
2004-05-28,52.60,53.80,47.30,48.45,62974
2004-05-31,48.00,48.50,46.10,46.40,18774
2004-06-01,48.80,48.80,46.00,46.30,23603
2004-06-02,47.35,47.75,46.25,47.35,9549
2004-06-03,48.10,48.50,46.00,46.10,13617
2004-06-04,45.50,46.00,45.00,45.65,7528
2004-06-07,45.65,47.10,45.65,46.30,7263
2004-06-08,46.10,47.50,46.10,46.90,6871
2004-06-09,47.00,47.70,46.75,47.30,7172
2004-06-10,47.45,49.00,46.90,48.55,16346
2004-06-11,47.50,48.40,47.20,47.65,8169
2004-06-14,47.80,47.80,45.55,45.90,11357
2004-06-15,45.90,46.85,45.85,46.40,5276
2004-06-16,46.90,47.00,46.00,46.10,3019
2004-06-17,46.25,48.00,45.45,46.75,14511
2004-06-18,49.00,49.00,46.75,47.25,29297
2004-06-21,48.25,48.65,46.75,47.00,5905
2004-06-22,46.40,46.95,45.50,45.80,6405
2004-06-23,48.90,49.00,45.00,45.60,10374
2004-06-24,45.50,45.50,44.15,44.60,9675
2004-06-25,44.60,46.00,44.60,45.40,5615
2004-06-28,45.00,46.50,45.00,45.65,8601
2004-06-29,46.10,46.85,45.50,45.60,12334
2004-06-30,44.30,46.00,44.30,45.45,8687
2004-07-01,46.70,46.75,44.90,45.20,14874
2004-07-02,45.10,46.90,45.05,46.15,14250
2004-07-05,47.30,47.30,44.70,44.90,14206
2004-07-06,45.05,45.75,44.80,45.15,7021
2004-07-07,45.20,46.00,45.15,45.50,12059
2004-07-08,45.50,45.65,43.55,44.35,10805
2004-07-09,44.40,44.45,43.05,44.10,7670
2004-07-12,47.80,47.95,44.00,44.60,8347
2004-07-13,46.00,46.95,44.35,44.55,5895
2004-07-14,43.30,44.65,43.30,44.20,6277
2004-07-15,44.20,46.80,43.95,46.00,13352
2004-07-16,46.50,48.75,46.10,48.05,37540
2004-07-19,48.50,50.35,46.70,48.15,128321
2004-07-20,49.65,50.70,48.00,50.05,57696
2004-07-21,51.00,52.75,50.10,50.75,125377
2004-07-22,51.75,51.80,50.45,50.65,47368
2004-07-23,52.00,54.50,51.20,53.50,182835
2004-07-26,53.30,54.00,52.35,53.10,57691
2004-07-27,54.10,54.10,50.30,50.85,29488
2004-07-28,51.00,52.00,50.05,51.20,40002
2004-07-29,52.90,52.90,51.00,51.35,37588
2004-07-30,51.00,51.50,50.05,50.65,37931
2004-08-02,51.15,51.90,50.05,50.25,14070
2004-08-03,50.25,50.90,49.50,50.05,19368
2004-08-04,50.10,52.50,49.55,51.80,66764
2004-08-05,52.50,58.80,52.00,57.95,443226
2004-08-06,56.00,58.80,54.75,55.30,86383
2004-08-09,54.50,55.00,52.75,54.40,43951
2004-08-10,53.10,57.25,53.10,55.65,69395
2004-08-11,56.50,56.65,53.25,53.60,20339
2004-08-12,53.00,54.40,52.40,52.75,20474
2004-08-13,53.90,53.95,50.75,51.55,41241
2004-08-16,52.00,54.25,52.00,52.95,35878
2004-08-17,53.40,53.85,52.25,52.90,33506
2004-08-18,52.90,55.65,52.60,53.55,71426
2004-08-19,54.95,54.95,53.05,53.40,28304
2004-08-20,50.05,53.00,50.05,52.85,19102
2004-08-23,53.10,54.20,53.10,53.60,30545
2004-08-24,54.00,56.25,54.00,55.30,60825
2004-08-25,55.00,57.75,54.90,56.85,67683
2004-08-26,57.25,58.50,56.25,56.60,66709
2004-08-27,57.10,57.65,56.20,56.75,27430
2004-08-30,57.00,59.00,57.00,58.30,71688
2004-08-31,58.00,59.25,57.00,57.95,100416
2004-09-01,58.25,60.40,57.50,59.10,145064
2004-09-02,60.90,61.95,58.50,58.90,176288
2004-09-03,58.00,58.40,56.65,57.40,41130
2004-09-06,59.40,59.50,57.70,58.10,43338
2004-09-07,58.80,58.80,57.50,58.25,22996
2004-09-08,58.50,59.00,58.15,58.50,27500
2004-09-09,58.50,58.50,56.80,57.15,26633
2004-09-10,56.65,58.00,56.50,56.90,14754
2004-09-13,57.10,57.10,56.20,56.25,15530
2004-09-14,56.25,56.90,55.40,56.75,25040
2004-09-15,56.60,57.25,56.55,56.65,12797
2004-09-16,55.55,59.00,55.55,58.85,65384
2004-09-17,59.00,61.60,58.15,58.90,156211
2004-09-20,59.90,60.75,59.50,59.90,63230
2004-09-21,59.00,61.50,58.00,60.50,134692
2004-09-22,59.60,60.10,58.90,59.50,56865
2004-09-23,60.85,60.85,58.40,58.65,65048
2004-09-24,59.50,59.50,57.85,58.75,34649
2004-09-27,60.00,60.00,58.30,59.60,44472
2004-09-28,60.00,60.10,58.50,58.65,28021
2004-09-29,59.50,60.15,58.50,58.75,47858
2004-09-30,59.75,61.50,58.60,59.60,90083
2004-10-01,60.00,60.90,59.00,59.10,19170
2004-10-04,59.80,61.00,58.75,59.45,43144
2004-10-05,60.10,60.10,58.50,59.30,42235
2004-10-06,59.50,60.00,58.40,58.60,24954
2004-10-07,59.45,60.00,58.75,58.85,35056
2004-10-08,58.90,59.85,58.55,58.90,25284
2004-10-11,63.00,63.00,60.10,60.70,139020
2004-10-12,62.00,62.10,59.25,59.55,28017
2004-10-14,57.50,59.50,57.50,58.90,30059
2004-10-15,59.50,61.95,59.50,61.15,86421
2004-10-18,61.50,62.50,61.00,61.05,39717
2004-10-19,61.10,61.65,61.00,61.15,19248
2004-10-20,61.05,61.50,61.00,61.05,34150
2004-10-21,60.40,61.50,60.40,61.05,28943
2004-10-25,61.00,61.80,60.90,61.05,44760
2004-10-26,60.00,61.40,60.00,60.95,51354
2004-10-27,62.00,64.50,61.00,62.95,123280
2004-10-28,64.10,64.65,61.00,61.60,41079
2004-10-29,61.40,63.25,61.25,62.65,54319
2004-11-01,63.90,63.90,61.00,61.70,29960
2004-11-02,62.70,63.00,61.00,62.65,47792
2004-11-03,62.50,63.50,62.25,62.60,40831
2004-11-04,63.05,66.70,62.40,65.25,158842
2004-11-05,65.80,67.00,64.00,65.80,66619
2004-11-08,67.30,68.40,65.55,66.50,97647
2004-11-09,67.00,68.55,66.25,66.90,62663
2004-11-10,66.70,67.85,65.60,66.15,41945
2004-11-11,67.00,67.50,62.50,63.40,90724
2004-11-12,63.50,65.00,63.50,64.15,21186
2004-11-16,65.70,65.70,61.70,61.95,38157
2004-11-17,62.05,63.55,62.00,62.70,48591
2004-11-18,63.25,63.90,62.00,62.20,47626
2004-11-19,62.75,69.70,62.00,66.30,657056
2004-11-22,69.50,69.50,65.40,66.95,579003
2004-11-23,68.50,70.90,67.30,68.55,277750
2004-11-24,69.80,69.95,67.55,68.25,152584
2004-11-25,69.20,69.90,67.20,68.55,104421
2004-11-29,69.20,70.00,67.20,69.70,96483
2004-11-30,70.50,71.85,65.30,66.15,62965
2004-12-01,66.00,68.75,65.60,67.70,46975
2004-12-02,68.50,72.15,67.00,69.15,203070
2004-12-03,70.00,70.45,64.00,66.65,76064
2004-12-06,68.80,69.00,66.85,67.25,33459
2004-12-07,66.50,67.30,65.00,65.60,40523
2004-12-08,66.90,72.00,66.90,69.30,203231
2004-12-09,70.00,74.80,69.55,73.25,329763
2004-12-10,72.00,76.00,70.85,71.35,146617
2004-12-13,73.50,76.00,72.10,75.25,212531
2004-12-14,76.50,76.50,73.55,74.65,142808
2004-12-15,75.50,77.50,74.50,75.60,333633
2004-12-16,76.40,77.40,73.00,73.45,274238
2004-12-17,75.00,75.75,71.50,72.15,94257
2004-12-20,74.80,74.80,71.50,71.80,49140
2004-12-21,72.50,73.00,70.20,70.45,37468
2004-12-22,71.00,73.00,70.10,70.30,49555
2004-12-23,70.95,72.00,70.00,70.45,37545
2004-12-24,72.80,73.00,69.00,69.25,50886
2004-12-27,70.45,71.00,69.00,70.05,23493
2004-12-28,71.65,71.65,69.50,70.05,26630
2004-12-29,71.00,71.00,68.65,68.75,30492
2004-12-30,70.00,70.70,67.50,69.65,59738
2004-12-31,69.95,76.50,69.95,75.70,306374
2005-01-03,77.00,78.60,74.85,76.15,282510
2005-01-04,77.90,77.90,75.10,75.65,123668
2005-01-05,75.50,75.50,65.20,69.80,102535
2005-01-06,69.95,72.40,67.00,71.20,76249
2005-01-07,71.00,72.70,70.30,71.80,59423
2005-01-10,71.85,78.00,71.85,74.75,196539
2005-01-11,74.00,75.25,71.55,72.25,44615
2005-01-12,73.00,73.75,68.00,68.75,41699
2005-01-13,68.25,71.50,68.10,70.60,31915
2005-01-14,71.00,72.20,69.55,70.50,27712
2005-01-17,72.20,74.80,70.70,74.00,120847
2005-01-18,75.00,75.45,70.25,70.95,107900
2005-01-19,70.50,71.90,68.25,69.15,52169
2005-01-20,70.40,70.40,60.60,66.50,82274
2005-01-24,61.10,63.00,55.40,56.00,203676
2005-01-25,53.50,57.45,53.50,56.70,68098
2005-01-27,57.70,58.25,56.05,56.95,38317
2005-01-28,50.10,57.00,50.10,53.15,115699
2005-01-31,54.80,56.00,53.60,53.95,71357
2005-02-01,53.65,54.75,53.50,54.25,39709
2005-02-02,55.30,55.50,53.35,53.90,68619
2005-02-03,54.45,55.40,53.65,54.05,50774
2005-02-04,54.90,54.90,53.50,53.75,32858
2005-02-07,54.00,54.45,53.45,53.75,25804
2005-02-08,53.60,54.00,52.50,52.80,43481
2005-02-09,53.10,54.00,53.00,53.20,33149
2005-02-10,53.50,55.00,53.30,54.10,45622
2005-02-11,53.55,56.00,51.45,51.65,84103
2005-02-14,53.00,53.90,51.05,51.15,45847
2005-02-15,51.30,51.80,49.45,49.90,53700
2005-02-16,50.50,51.50,49.00,49.20,61118
2005-02-17,49.00,50.00,48.00,48.50,38986
2005-02-18,49.45,50.00,48.50,48.90,25731
2005-02-21,49.95,49.95,47.00,47.50,53957
2005-02-22,48.25,48.50,47.00,47.50,44867
2005-02-23,47.80,53.50,47.80,49.70,359825
2005-02-24,50.40,52.00,50.10,50.75,157224
2005-02-25,51.25,51.70,48.50,49.25,50280
2005-02-28,44.50,50.50,44.50,48.95,33140
2005-03-01,52.00,53.00,48.55,49.15,29640
2005-03-02,49.70,49.70,48.60,49.05,27757
2005-03-03,49.00,52.00,49.00,51.10,90837
2005-03-04,52.00,52.00,49.50,49.80,69589
2005-03-07,51.70,51.70,49.05,49.30,29097
2005-03-08,50.00,52.50,49.25,50.40,53542
2005-03-09,50.75,50.75,48.60,48.90,63427
2005-03-10,49.00,49.70,48.35,48.95,22818
2005-03-11,49.30,49.40,48.30,48.55,33805
2005-03-14,48.70,50.45,47.50,47.60,18397
2005-03-15,48.50,48.95,47.00,47.35,42039
2005-03-16,47.10,48.30,47.10,47.35,17946
2005-03-17,47.35,48.00,45.95,46.10,24156
2005-03-18,46.15,46.50,45.00,45.80,35467
2005-03-21,47.80,47.80,45.05,45.30,28507
2005-03-22,45.50,45.55,43.10,43.50,28205
2005-03-23,44.15,44.15,41.65,42.35,25802
2005-03-24,42.05,42.30,41.00,41.20,45437
2005-03-28,45.00,45.00,41.25,43.50,87331
2005-03-29,43.00,43.45,41.25,41.65,24691
2005-03-30,41.45,42.20,41.00,41.65,21743
2005-03-31,42.90,43.95,42.15,43.35,34110
2005-04-01,43.85,44.40,43.25,44.10,17322
2005-04-04,44.60,45.20,44.05,44.95,24416
2005-04-05,44.15,45.65,44.00,44.35,9802
2005-04-06,44.50,45.50,44.00,45.05,13746
2005-04-07,45.25,47.60,44.85,45.75,51697
2005-04-08,46.25,46.45,44.65,45.00,11729
2005-04-11,45.50,45.50,43.50,43.80,10568
2005-04-12,45.80,45.80,43.60,44.00,8862
2005-04-13,44.50,44.50,42.65,43.05,14450
2005-04-15,42.15,43.40,41.00,41.60,26227
2005-04-18,42.00,42.85,41.00,42.70,10348
2005-04-19,42.70,43.30,41.15,42.00,12617
2005-04-20,42.25,42.25,40.65,41.60,8112
2005-04-21,41.00,42.25,41.00,41.75,10140
2005-04-22,47.90,47.90,42.25,42.65,12438
2005-04-25,43.00,43.30,41.00,41.60,19257
2005-04-26,42.30,42.35,41.95,42.20,4639
2005-04-27,42.00,42.35,41.50,42.00,13643
2005-04-28,44.95,44.95,41.00,41.10,15746
2005-04-29,41.95,41.95,40.30,40.50,4677
2005-05-02,47.00,47.00,40.00,41.35,10745
2005-05-03,41.95,44.00,40.50,42.60,25910
2005-05-04,42.70,42.70,41.50,41.70,5693
2005-05-05,41.70,43.75,41.70,41.80,8986
2005-05-06,42.15,43.00,41.85,42.65,15731
2005-05-09,42.80,43.90,42.35,43.40,22076
2005-05-10,45.00,46.70,43.35,45.50,103972
2005-05-11,47.40,47.40,45.00,45.65,41030
2005-05-12,46.85,47.45,45.00,46.80,37548
2005-05-13,46.80,47.75,45.00,45.60,30526
2005-05-16,46.45,46.50,45.00,45.20,14659
2005-05-17,46.50,46.50,45.00,45.10,35982
2005-05-18,44.55,45.45,44.50,44.75,10506
2005-05-19,45.60,48.25,45.20,47.10,123188
2005-05-20,48.00,48.75,45.00,46.25,56164
2005-05-23,47.50,48.90,46.80,48.00,37985
2005-05-24,48.00,48.50,46.50,46.70,18171
2005-05-25,48.00,48.00,46.05,46.75,5983
2005-05-26,47.10,47.20,46.25,46.60,10849
2005-05-27,46.40,47.65,46.00,46.20,12870
2005-05-30,46.00,47.00,45.00,45.10,11834
2005-05-31,45.50,47.25,44.90,46.60,27281
2005-06-01,46.95,46.95,45.10,45.55,15854
2005-06-02,45.05,46.70,44.50,44.75,51037
2005-06-03,46.00,46.75,45.20,45.30,16818
2005-06-06,45.30,46.10,42.75,45.60,18378
2005-06-07,46.45,46.45,43.00,45.05,33992
2005-06-08,46.25,46.25,43.25,45.35,24883
2005-06-09,46.15,46.15,44.75,44.95,11798
2005-06-10,44.25,46.50,44.25,45.00,24743
2005-06-13,45.20,49.00,45.00,48.10,175033
2005-06-14,49.00,51.00,48.20,49.60,239037
2005-06-15,50.00,51.40,48.00,48.40,77792
2005-06-16,50.00,50.00,46.50,47.90,84490
2005-06-17,48.00,48.05,45.60,46.70,35988
2005-06-20,47.75,47.75,45.30,45.50,11377
2005-06-21,46.50,47.05,45.55,46.70,38901
2005-06-22,46.50,47.65,46.10,46.40,25806
2005-06-23,47.00,47.00,46.20,46.70,16210
2005-06-24,45.90,48.50,45.90,47.45,41432
2005-06-27,48.60,49.50,47.10,47.35,56254
2005-06-28,47.90,47.90,46.00,46.15,20800
2005-06-29,46.10,46.85,45.05,45.50,22851
2005-06-30,45.20,48.00,44.00,46.05,49820
2005-07-01,45.10,46.90,44.45,45.75,64939
2005-07-04,46.30,49.60,46.15,48.70,167427
2005-07-05,49.00,50.30,48.40,48.75,111745
2005-07-06,49.00,53.00,48.95,51.80,283315
2005-07-07,52.40,56.00,51.05,52.25,452160
2005-07-08,52.90,54.50,52.30,53.10,160712
2005-07-11,53.80,55.45,53.10,53.85,96574
2005-07-12,51.00,54.00,51.00,52.15,56993
2005-07-13,52.00,53.70,51.15,51.70,51046
2005-07-14,52.70,53.00,50.10,50.50,33195
2006-06-12,33.50,36.30,33.50,35.20,1178
2006-06-13,35.00,35.00,33.45,33.50,12522
2006-06-14,33.00,35.00,32.00,32.00,8884
2006-06-15,32.10,32.90,30.40,32.85,2327
2006-06-16,34.45,34.50,33.60,33.95,4534
2006-06-19,35.00,35.00,32.25,34.20,8251
2006-06-20,34.00,34.65,34.00,34.50,639
2006-06-21,35.85,36.25,35.30,36.05,5080
2006-06-22,36.40,37.85,36.40,37.40,4900
2006-06-23,36.15,39.20,36.15,37.80,9570
2006-06-26,37.65,38.50,36.75,37.90,8424
2006-06-27,39.10,39.45,36.15,38.35,8900
2006-06-28,36.60,38.00,36.60,36.75,1719
2006-06-29,36.50,38.50,35.55,37.35,6674
2006-08-28,50.45,51.65,48.65,50.45,17080
2006-08-29,51.00,51.00,48.05,48.60,4406
2006-08-30,48.20,49.45,47.50,48.90,8183
2006-08-31,48.90,48.90,48.00,48.15,1600
2006-09-01,49.00,50.60,48.35,50.40,20207
2006-09-04,49.00,50.00,48.00,49.95,109765
2006-09-05,50.00,52.45,50.00,51.50,25085
2006-09-06,50.00,50.70,49.60,49.95,3688
2006-09-07,50.00,50.00,47.55,49.45,7358
2006-09-08,48.15,50.25,47.60,48.40,5597
2006-09-11,49.25,50.75,48.50,49.15,17571
2006-09-12,48.50,50.35,48.45,49.05,44095
2006-09-13,49.15,50.15,49.15,49.60,7990
2006-09-14,48.20,51.40,48.15,48.90,9445
2006-09-15,49.95,49.95,47.55,48.15,6871
2006-09-18,49.70,50.50,48.35,50.00,28193
2006-09-19,50.00,52.50,50.00,51.60,30403
2006-09-20,51.85,54.20,51.85,54.20,23934
2006-09-21,56.95,56.95,56.25,56.90,37444
2006-09-22,58.90,59.75,56.55,56.85,91403
2006-09-25,58.55,58.55,56.00,56.35,17817
2006-09-26,56.05,57.00,55.60,56.15,12071
2006-09-27,56.10,57.00,54.55,56.45,27476
2006-09-28,54.80,57.00,54.80,56.70,5478
2006-09-29,57.90,57.90,54.50,54.75,16817
2006-10-03,54.90,56.80,54.65,56.40,14510
2006-10-04,56.05,58.75,56.00,57.25,28515
2006-10-05,58.50,59.60,57.75,59.05,22631
2006-10-06,59.30,61.00,58.00,58.35,7467
2006-10-09,56.50,61.30,56.50,61.30,40564
2006-10-10,60.95,63.35,59.60,59.70,17407
2006-10-11,60.00,65.70,60.00,64.25,201297
2006-10-12,59.70,66.75,59.70,63.20,84902
2006-10-13,62.00,64.50,58.15,59.90,44224
2006-10-16,57.00,61.50,57.00,58.05,20921
2006-10-17,55.10,58.00,53.10,57.05,8600
2006-10-18,55.90,58.95,55.90,58.25,6059
2006-10-19,56.00,59.80,56.00,57.45,4916
2006-10-20,58.50,59.00,56.60,57.05,3814
2006-10-23,59.80,59.95,57.50,58.05,1610
2006-10-26,58.25,59.45,57.50,58.90,14425
2006-10-27,60.00,60.00,57.00,57.70,8847
2006-10-30,57.50,60.50,57.40,58.05,11350
2006-10-31,58.50,58.50,56.25,57.20,6126
2006-11-02,59.00,59.00,55.15,55.70,3322
2006-11-03,56.05,58.80,56.00,57.65,9611
2006-11-06,58.30,62.80,57.30,60.70,26411
2006-11-07,62.00,66.80,60.00,64.25,88567
2006-11-08,64.00,64.70,60.30,60.60,13736
2006-11-09,61.25,64.50,60.60,61.15,19288
2006-11-10,60.00,61.95,59.10,60.15,6046
2006-11-13,62.70,62.80,59.35,60.75,23543
2006-11-14,60.35,63.30,60.35,60.50,21161
2006-11-15,61.05,61.75,59.25,60.45,4065
2006-11-16,57.50,57.50,57.50,57.50,10813
2006-11-17,57.00,57.85,54.00,55.20,7331
2006-11-20,55.00,55.00,52.35,52.80,2370
2006-11-21,54.85,57.70,53.80,54.45,5595
2006-11-22,53.20,54.75,52.20,52.95,9927
2006-11-23,53.00,54.50,53.00,53.10,2815
2006-11-24,54.00,55.45,52.65,52.90,1960
2006-11-27,57.95,57.95,52.55,53.20,4729
2006-11-28,53.00,53.80,52.15,53.05,1576
2006-11-29,54.25,58.40,53.65,57.20,9458
2006-11-30,58.00,58.00,55.10,55.25,5997
2006-12-01,55.50,55.50,54.10,54.25,8093
2006-12-04,55.40,58.80,54.05,57.65,15493
2006-12-05,59.95,61.75,56.50,57.00,18257
2006-12-06,56.50,56.50,56.50,56.50,12097
2006-12-07,57.10,57.10,57.10,57.10,7432
2006-12-08,58.70,58.70,55.00,55.30,0
2006-12-11,52.10,56.85,52.10,53.05,7584
2006-12-12,51.30,54.75,48.00,49.30,12481
2006-12-13,50.65,50.80,47.50,48.15,15493
2006-12-14,50.00,51.90,49.00,51.35,5336
2006-12-15,52.00,52.75,51.05,51.85,3608
2006-12-18,51.00,52.50,51.00,51.80,1820
2006-12-19,49.25,53.55,49.25,50.65,6145
2006-12-20,50.15,52.00,49.30,49.95,1336
2006-12-21,49.65,51.95,49.50,49.75,880
2006-12-22,48.50,51.95,48.50,50.15,1667
2006-12-26,59.95,59.95,49.40,52.55,8657
2006-12-27,51.25,53.50,51.25,52.10,16790
2006-12-28,53.90,53.90,50.25,50.70,2053
2006-12-29,50.80,52.20,50.80,51.85,945
2007-01-02,51.00,52.85,51.00,51.50,6641
2007-01-03,52.10,54.70,51.50,51.70,3174
2007-01-04,52.50,53.80,51.30,52.20,4182
2007-01-05,53.80,53.90,50.70,51.95,8050
2007-01-08,52.00,60.90,52.00,57.85,110351
2007-01-09,57.90,59.20,51.75,52.90,45786
2007-01-10,53.75,62.20,53.00,58.70,165995
2007-01-11,59.15,62.60,58.50,59.00,95635
2007-01-12,60.45,63.50,60.00,62.65,113244
2007-01-15,64.50,64.70,62.15,63.05,58289
2007-01-16,63.90,65.95,62.00,63.90,45015
2007-01-17,64.00,65.60,62.10,62.90,35941
2007-01-18,63.65,65.20,61.00,62.00,21906
2007-01-19,63.95,63.95,60.10,60.65,10026
2007-01-22,62.00,62.00,59.55,60.40,3633
2007-01-23,57.60,63.45,54.00,58.60,22349
2007-01-24,59.00,59.80,57.60,57.75,3690
2007-01-25,56.55,61.50,56.00,58.20,4118
2007-01-29,60.70,61.90,59.20,59.75,11461
2007-01-31,60.00,61.90,59.00,59.40,16532
2007-02-01,60.00,60.35,58.10,59.35,3152
2007-02-02,60.95,61.00,58.25,58.75,3958
2007-02-05,60.00,62.90,59.50,60.25,12039
2007-02-06,63.00,64.80,48.60,58.85,12641
2007-02-07,58.40,61.50,58.00,60.65,13183
2007-02-08,60.90,61.00,57.40,58.10,9428
2007-02-09,59.00,59.90,56.55,58.25,6472
2007-02-12,60.00,61.15,56.00,56.50,28647
2007-02-13,52.60,58.40,52.60,56.25,5917
2007-02-14,54.40,57.90,54.40,57.25,15474
2007-02-15,56.25,58.60,55.50,57.40,16867
2007-02-19,58.70,68.00,58.70,67.20,165467
2007-02-20,68.00,78.00,68.00,76.00,749721
2007-02-21,76.00,79.90,69.25,74.70,0
2007-02-22,75.10,76.95,71.00,71.50,312694
2007-02-23,72.45,77.50,69.90,70.65,306398
2007-02-26,73.60,75.95,68.05,70.55,104273
2007-02-27,71.45,77.65,70.50,77.35,348546
2007-02-28,75.40,78.00,71.00,71.90,133062
2007-03-01,73.00,77.50,71.00,72.10,105367
2007-03-02,73.50,79.00,71.00,72.15,88370
2007-03-05,72.00,73.90,64.95,66.65,53114
2007-03-06,69.75,69.95,63.00,66.35,59118
2007-03-07,70.60,70.75,59.75,61.15,55559
2007-03-08,61.05,65.00,59.10,64.15,0
2007-03-09,64.15,64.15,64.15,64.15,0
2007-03-12,64.15,64.15,64.15,64.15,0
2007-03-19,64.15,64.15,64.15,64.15,0
2007-04-04,64.15,64.15,64.15,64.15,0
2007-04-11,64.15,64.15,64.15,64.15,0
2007-04-18,64.15,64.15,64.15,64.15,0
2007-06-08,101.40,103.10,98.10,99.50,4068
2007-06-11,100.90,101.55,98.25,100.00,1700
2007-06-12,100.85,100.85,95.00,95.25,6955
2007-06-13,94.90,97.75,94.00,94.95,3125
2007-06-14,95.00,99.00,94.00,98.40,1943
2007-06-15,97.50,99.00,95.00,95.70,2090
2007-06-18,91.10,98.70,91.10,96.25,2526
2007-06-19,94.90,96.70,94.70,95.30,1050
2007-06-20,97.80,98.50,97.05,98.00,17140
2007-06-21,97.00,98.00,94.05,95.10,5066
2007-06-22,94.55,96.75,91.25,92.50,4125
2007-06-25,95.95,95.95,90.90,91.50,3096
2007-06-26,94.25,94.25,91.00,91.40,3550
2007-06-27,90.05,93.95,90.00,91.10,3961
2007-06-28,91.00,92.60,90.00,90.40,3066
2007-06-29,89.00,93.50,89.00,91.80,2270
2007-07-02,91.00,92.00,87.30,88.30,10596
2007-07-03,88.35,92.75,88.35,91.75,11863
2007-07-04,95.65,96.35,89.05,91.10,7349
2007-07-05,90.80,92.00,89.05,90.30,9129
2007-07-06,90.30,92.00,88.20,88.90,11778
2007-07-09,93.90,93.90,88.30,89.90,16475
2007-07-10,91.40,91.40,88.30,88.45,6096
2007-07-11,87.40,93.00,87.40,91.50,38444
2007-07-12,91.00,94.00,91.00,91.85,11693
2007-07-13,92.00,92.35,88.00,88.65,7274
2007-07-16,91.00,92.00,89.60,91.80,11925
2007-07-17,92.00,95.90,91.10,92.45,13516
2007-07-18,92.60,93.95,89.10,89.95,4488
2007-07-19,90.10,93.00,90.10,92.30,2776
2007-07-20,90.10,91.00,88.00,89.15,8379
2007-07-23,90.00,90.10,85.05,87.10,11810
2007-07-24,87.50,88.65,83.80,84.25,5206
2007-07-25,85.80,85.80,82.05,82.60,6095
2007-07-26,80.60,84.90,80.50,83.20,3334
2007-07-27,78.05,83.15,78.05,82.00,9925
2007-07-30,80.00,82.85,80.00,81.10,3790
2007-07-31,80.10,84.50,80.10,82.55,5348
2007-08-01,81.00,82.25,79.00,79.10,3647
2007-08-02,79.50,79.60,76.00,76.80,4447
2007-08-03,74.10,78.90,74.10,78.30,5143
2007-08-06,76.50,77.60,74.55,76.90,11854
2007-08-07,79.00,82.95,78.80,82.05,8997
2007-08-08,84.00,88.85,84.00,86.85,13592
2007-08-09,86.05,91.00,82.05,83.55,10359
2007-08-10,82.95,83.55,78.50,83.05,4394
2007-08-13,84.00,89.00,84.00,86.45,6667
2007-08-14,88.00,89.00,84.50,85.25,3349
2007-08-16,83.00,87.00,80.60,81.55,7969
2007-08-17,80.00,83.00,75.05,78.60,14141
2007-08-20,79.05,83.00,77.00,78.20,10535
2007-08-21,78.00,78.00,73.10,74.00,8551
2007-08-22,74.40,76.00,70.00,72.70,13940
2007-08-23,72.00,77.00,71.55,71.90,3288
2007-08-24,72.50,75.00,70.50,73.15,1085
2007-08-27,73.80,78.00,71.25,76.75,1042
2007-08-28,82.50,82.50,77.60,80.50,4704
2007-08-29,79.95,83.95,79.90,81.20,6202
2007-08-30,83.90,83.90,80.00,80.45,3783
2007-08-31,80.50,84.75,80.50,82.50,4598
2007-09-03,83.00,87.90,83.00,87.15,10477
2007-09-04,87.00,90.00,80.50,88.30,15695
2007-09-05,89.00,90.00,84.95,86.65,1661
2007-09-06,82.10,91.00,82.05,90.60,13797
2007-09-07,90.00,103.00,90.00,94.60,69597
2007-09-10,93.40,95.00,92.00,93.00,9544
2007-09-11,96.80,97.50,87.80,90.15,4919
2007-09-12,91.20,91.20,84.00,89.90,17570
2007-09-13,85.50,93.50,85.50,92.15,8426
2007-09-14,92.00,93.00,88.20,89.30,12362
2007-09-17,90.00,90.20,86.15,88.70,4011
2007-09-18,93.50,93.50,80.20,87.25,5063
2007-09-19,90.00,94.00,85.20,91.15,35248
2007-09-20,88.60,90.00,88.00,88.60,7957
2007-09-21,88.00,93.00,87.50,90.65,12578
2007-09-24,92.00,97.00,91.40,95.10,25887
2007-09-25,92.05,98.50,92.05,97.00,31280
2007-09-26,98.40,102.80,95.50,100.70,30576
2007-09-27,101.10,117.95,100.00,110.70,79420
2007-09-28,115.10,115.10,108.00,110.20,41751
2007-10-01,102.70,113.45,102.70,112.85,10671
2007-10-03,114.00,132.90,108.15,123.70,100283
2007-10-04,115.05,123.90,115.00,121.75,24998
2007-10-05,115.65,122.00,108.00,110.05,12205
2007-10-08,125.10,125.10,98.40,100.40,26249
2007-10-09,102.95,107.00,101.00,104.00,7789
2007-10-10,109.00,114.00,105.50,110.35,8556
2007-10-11,110.00,114.95,108.00,112.30,9564
2007-10-12,110.00,117.00,110.00,114.00,17503
2007-10-15,107.10,119.00,107.10,115.20,8564
2007-10-16,116.00,116.90,109.10,110.55,5135
2007-10-17,100.00,110.00,95.00,106.15,9875
2007-10-18,112.00,112.00,105.00,107.20,6709
2007-10-19,102.00,106.00,94.00,95.25,15370
2007-10-22,108.10,108.10,88.00,93.70,9999
2007-10-23,97.00,105.95,97.00,99.65,4454
2007-10-24,101.00,107.20,101.00,102.90,19275
2007-10-25,103.40,107.00,102.90,103.60,11804
2007-10-26,105.00,105.90,101.30,104.00,3026
2007-10-29,107.30,117.00,105.20,111.40,29516
2007-10-30,112.30,114.50,102.15,103.15,10188
2007-10-31,95.50,108.95,95.50,104.75,4872
2007-11-01,105.50,106.00,101.00,102.00,6147
2007-11-02,99.00,103.85,90.00,96.00,10310
2007-11-05,100.00,102.00,97.00,97.50,5411
2007-11-06,99.85,100.00,97.90,97.90,2229
2007-11-07,95.00,99.90,90.05,96.20,2370
2007-11-08,98.00,98.85,93.00,94.25,4167
2007-11-09,102.95,102.95,95.30,99.70,4553
2007-11-12,96.00,96.85,94.05,95.30,4888
2007-11-13,95.15,100.00,95.15,99.85,4135
2007-11-14,104.00,104.00,95.00,96.05,9310
2007-11-15,97.00,102.85,96.55,97.20,4811
2007-11-16,100.40,116.60,97.15,111.25,23075
2007-11-19,115.85,133.50,112.25,133.50,0
2007-11-20,138.00,146.85,135.50,146.85,147441
2007-11-21,158.30,161.55,136.00,139.70,157614
2007-11-22,152.90,152.90,128.15,129.80,51714
2007-11-23,132.00,142.80,132.00,142.80,33420
2007-11-26,152.80,157.10,145.10,154.50,70237
2007-11-27,154.00,166.25,151.00,161.90,63348
2007-11-28,163.00,169.90,157.05,159.15,45645
2007-11-29,159.00,168.45,154.00,161.45,43098
2007-11-30,163.00,169.90,158.10,166.40,52910
2007-12-03,169.95,183.05,165.75,182.85,72605
2007-12-04,184.05,192.00,175.00,177.50,78293
2007-12-05,184.00,188.90,180.25,184.55,107197
2007-12-06,188.90,193.00,185.30,190.75,57580
2007-12-07,191.60,209.85,191.60,205.10,83695
2007-12-10,220.00,225.65,212.00,219.95,0
2007-12-11,220.00,230.00,208.95,211.45,59670
2007-12-12,219.00,219.00,200.90,201.30,50543
2007-12-13,200.85,203.95,191.25,191.25,45334
2007-12-14,188.00,200.85,183.00,200.85,29897
2007-12-17,205.00,210.90,201.15,205.80,57334
2007-12-18,201.50,211.50,195.70,207.95,62525
2007-12-19,209.00,212.00,204.00,209.25,46651
2007-12-20,212.00,218.00,200.00,204.10,42125
2007-12-24,209.10,212.90,206.00,210.60,33649
2007-12-26,206.05,221.15,206.05,221.15,33250
2007-12-27,225.00,225.00,216.00,217.80,26929
2007-12-28,213.00,222.00,208.00,217.70,26463
2007-12-31,222.00,224.00,213.60,218.70,27223
2008-01-01,219.00,220.50,213.50,218.40,26854
2008-01-02,215.00,229.35,213.60,229.35,37769
2008-01-03,233.00,235.00,221.00,223.45,29203
2008-01-04,217.00,234.65,217.00,234.65,19127
2008-01-07,238.50,241.50,225.00,227.85,34683
2008-01-08,230.00,234.90,207.00,215.85,29029
2008-01-09,218.00,218.00,201.00,210.70,32037
2008-01-10,205.00,220.00,189.70,191.20,46085
2008-01-11,198.90,203.90,185.05,192.45,24585
2008-01-14,191.25,211.70,182.00,210.25,53410
2008-01-15,198.00,215.00,198.00,203.45,29613
2008-01-16,196.00,205.00,192.05,198.65,23403
2008-01-17,187.60,207.00,187.60,197.65,25559
2008-01-18,188.20,205.80,185.00,188.90,22399
2008-01-21,190.00,194.50,170.10,170.10,59755
2008-01-22,158.45,159.00,154.00,154.00,5036
2008-01-23,150.00,161.70,147.00,155.70,24089
2008-01-24,162.40,163.50,148.00,148.35,21218
2008-01-25,152.00,155.80,140.95,152.40,20792
2008-01-28,146.05,159.00,144.80,156.90,28199
2008-01-29,152.00,164.00,152.00,157.70,22138
2008-01-30,163.00,165.05,150.20,163.85,25451
2008-01-31,160.00,172.00,155.70,163.95,34407
2008-02-01,170.00,172.00,155.75,157.90,28638
2008-02-04,150.15,165.00,150.15,160.25,25305
2008-02-05,155.00,165.00,155.00,156.60,22703
2008-02-06,150.10,160.00,150.10,154.60,24256
2008-02-07,150.00,161.40,150.00,154.40,23119
2008-02-08,150.00,162.00,146.70,150.50,22071
2008-02-11,150.00,152.00,143.00,143.00,4698
2008-02-13,138.00,139.50,132.00,132.00,3673
2008-02-14,132.00,138.00,130.00,137.85,28557
2008-02-15,140.00,144.75,135.00,142.35,24315
2008-02-18,147.00,149.50,145.00,145.50,23009
2008-02-19,152.70,152.70,138.25,139.10,24777
2008-02-20,140.00,140.00,132.15,132.85,21134
2008-02-21,138.95,138.95,132.00,134.60,20611
2008-02-22,138.00,138.00,130.00,130.75,22711
2008-02-25,130.20,134.75,124.35,130.50,22383
2008-02-26,135.50,135.50,125.80,132.15,22313
2008-02-27,134.90,138.80,133.00,137.25,8449
2008-02-28,138.80,144.00,133.00,141.15,4423
2008-02-29,138.00,145.00,134.10,139.90,2480
2008-03-03,138.00,141.00,133.00,136.75,2891
2008-03-04,132.00,133.85,130.00,130.15,570
2008-03-05,128.35,129.85,123.70,128.65,1398
2008-03-07,125.50,129.90,122.30,123.60,17519
2008-03-10,122.60,122.60,112.00,118.50,21164
2008-03-11,118.00,122.90,113.00,120.55,20706
2008-03-12,128.00,132.45,122.00,122.25,20627
2008-03-13,125.00,125.00,110.30,113.80,21818
2008-03-14,122.00,122.00,108.15,109.55,25689
2008-03-17,100.60,103.55,98.60,98.60,23271
2008-03-18,90.35,100.00,90.35,91.90,23132
2008-03-19,96.00,96.00,89.00,90.35,22923
2008-03-24,87.05,90.00,86.00,86.75,6485
2008-03-25,89.00,91.10,85.50,89.60,22665
2008-03-26,85.25,94.05,85.25,86.95,2119
2008-03-27,90.00,91.30,88.15,89.85,5001
2008-03-28,90.00,94.00,88.30,94.00,1916
2008-03-31,94.10,98.70,89.90,91.60,13665
2008-04-01,91.75,93.75,87.05,89.95,5907
2008-04-02,93.70,94.25,90.25,92.20,6503
2008-04-03,92.00,93.95,90.50,93.10,158
2008-04-04,93.50,95.90,90.10,92.05,924
2008-04-07,95.40,95.40,88.10,91.75,990
2008-04-08,92.90,94.85,88.55,91.25,1134
2008-04-09,92.85,92.85,89.65,90.30,165
2008-04-10,94.85,94.85,92.40,94.85,235
2008-04-11,92.05,98.40,92.05,95.10,530
2008-04-15,96.10,99.90,96.10,99.90,2115
2008-04-16,104.85,104.90,100.30,104.90,1329
2008-04-17,108.05,108.05,108.00,108.05,4761
2008-04-21,110.00,113.45,110.00,113.00,6638
2008-04-22,117.00,118.40,113.00,114.35,28333
2008-04-23,119.00,119.00,112.05,113.15,2702
2008-04-24,110.15,116.00,110.15,115.15,2553
2008-04-25,112.50,115.90,111.90,113.80,3190
2008-04-28,111.60,118.00,111.60,112.75,1359
2008-04-29,113.95,113.95,111.00,112.10,564
2008-04-30,111.00,111.90,108.05,110.80,1750
2008-05-02,116.25,116.25,107.00,107.50,7310
2008-05-05,108.00,111.70,106.50,108.20,2039
2008-05-06,105.00,112.90,104.25,104.25,12766
2008-05-07,108.95,108.95,103.00,105.55,1457
2008-05-08,104.90,106.00,102.75,105.35,1182
2008-05-09,101.10,107.00,101.10,103.25,840
2008-05-12,108.00,113.60,106.00,108.05,17008
2008-05-13,110.00,110.00,106.10,107.20,4726
2008-05-14,107.25,109.00,100.00,103.35,2902
2008-05-15,106.00,107.95,104.00,104.40,2361
2008-05-16,109.55,109.55,104.05,104.45,2200
2008-05-20,113.70,113.95,103.80,104.00,2415
2008-05-21,107.90,108.65,102.60,105.45,3307
2008-05-22,104.00,107.00,103.00,103.50,2128
2008-05-23,104.00,106.85,103.55,103.60,1832
2008-05-26,102.00,102.00,94.50,99.20,1234
2008-05-27,101.25,102.45,95.05,97.10,918
2008-05-28,99.00,99.00,93.00,95.20,3183
2008-05-29,95.60,98.10,95.00,95.55,1525
2008-05-30,96.00,101.00,93.00,99.90,2830
2008-06-02,101.00,102.85,94.00,96.40,3134
2008-06-03,94.00,100.00,91.00,96.60,3396
2008-06-04,96.00,99.90,95.00,95.85,936
2008-06-05,95.00,99.85,93.25,98.25,1887
2008-06-06,100.00,100.00,95.50,97.25,1036
2008-06-09,98.95,100.00,91.55,94.95,3075
2008-06-10,91.00,97.95,89.05,96.25,1004
2008-06-11,92.55,98.90,92.55,96.95,1238
2008-06-12,96.00,99.25,94.00,97.80,1041
2008-06-13,95.05,98.45,95.05,97.85,270
2008-06-16,100.00,100.00,95.00,97.95,950
2008-06-17,90.00,99.25,90.00,99.00,1886
2008-06-18,100.00,105.00,96.05,100.95,4055
2008-06-19,102.90,102.90,97.55,98.55,1430
2008-06-20,96.00,96.95,89.00,94.40,4329
2008-06-23,92.00,92.00,85.00,87.60,2832
2008-06-24,86.20,86.20,78.85,79.45,4577
2008-06-25,83.95,85.35,79.00,82.85,780
2008-06-26,89.80,89.80,78.75,78.75,1981
2008-06-27,76.10,80.95,73.15,76.50,434
2008-06-30,79.00,80.00,75.00,78.00,501
2008-07-01,72.00,77.90,70.65,70.65,1317
2008-07-02,67.00,76.90,65.05,70.90,3675
2008-07-03,71.00,74.75,66.85,70.00,663
2008-07-04,67.00,74.30,63.00,72.20,710
2008-07-07,72.00,72.50,68.25,68.30,2608
2008-07-08,72.00,72.00,69.10,71.40,510
2008-07-09,75.00,75.00,72.00,72.90,1696
2008-07-10,72.00,72.00,68.10,70.90,2697
2008-07-11,73.90,74.00,67.50,69.45,1417
2008-07-14,69.30,72.00,67.50,71.05,1127
2008-07-15,69.00,73.15,66.05,71.55,960
2008-07-16,71.00,72.50,65.05,69.85,1758
2008-07-17,72.05,74.90,65.00,72.15,682
2008-07-18,68.25,74.80,68.25,74.30,789
2008-07-21,73.65,79.90,68.65,76.40,2229
2008-07-22,79.00,84.00,76.00,82.65,2917
2008-07-23,78.75,89.30,78.75,86.75,3477
2008-07-24,82.10,90.00,82.05,87.00,667
2008-07-25,85.00,88.00,79.05,85.55,805
2008-07-28,84.75,84.75,79.00,81.60,4797
2008-07-29,79.00,80.70,76.00,79.55,1509
2008-07-30,82.00,82.00,80.00,80.00,250
2008-07-31,82.00,82.00,72.00,78.00,836
2008-08-01,81.00,82.00,77.20,79.30,1434
2008-08-04,80.00,81.90,77.55,81.00,927
2008-08-05,80.00,82.00,80.00,81.95,580
2008-08-06,84.00,84.00,79.35,81.10,2418
2008-08-07,84.00,84.00,78.00,80.75,734
2008-08-08,82.00,82.00,79.00,79.40,531
2008-08-11,84.90,85.00,77.10,82.90,10769
2008-08-12,79.10,83.00,79.10,81.00,338
2008-08-13,79.50,81.90,78.50,80.05,838
2008-08-14,78.05,80.90,75.30,79.00,1891
2008-08-18,78.00,79.00,77.00,77.95,278
2008-08-19,78.00,78.00,75.15,78.00,500
2008-08-20,83.00,83.00,77.00,77.65,760
2008-08-21,82.90,82.90,76.30,78.15,1612
2008-08-22,80.00,85.00,78.85,80.60,1393
2008-08-25,79.00,83.00,79.00,80.50,158
2008-08-26,82.00,88.95,82.00,87.50,4677
2008-08-27,90.00,90.00,85.05,88.90,1920
2008-08-28,89.00,90.65,83.10,84.25,1428
2008-08-29,84.30,87.00,84.30,86.30,1478
2008-09-01,87.00,90.00,82.15,88.65,1919
2008-09-02,90.00,90.00,86.85,89.80,2016
2008-09-04,90.00,94.90,88.15,91.75,1111
2008-09-05,90.05,104.30,90.05,97.65,1602
2008-09-08,100.00,107.50,95.25,100.30,2912
2008-09-09,103.50,108.00,97.05,101.30,3181
2008-09-10,104.50,104.50,97.70,99.60,1608
2008-09-11,101.00,102.45,96.50,99.90,2283
2008-09-15,98.50,99.00,86.50,97.30,729
2008-09-16,86.00,99.00,86.00,95.25,727
2008-09-17,109.00,109.00,85.25,90.95,1987
2008-09-18,82.00,90.00,74.00,85.25,2715
2008-09-19,99.00,101.95,86.50,92.60,790
2008-09-22,108.00,108.00,89.00,94.90,1105
2008-09-23,95.00,99.45,91.00,97.25,843
2008-09-24,96.00,97.00,81.50,95.55,1352
2008-09-25,99.25,99.25,94.45,97.70,1213
2008-09-26,99.00,99.00,91.25,95.85,832
2008-09-29,99.00,99.00,78.50,81.15,7923
2008-09-30,90.00,90.00,72.00,74.85,7099
2008-10-01,84.00,84.00,74.90,79.00,1554
2008-10-03,84.00,84.00,73.90,76.90,4449
2008-10-06,85.00,85.00,68.50,72.85,1347
2008-10-07,84.00,84.00,66.60,69.80,4250
2008-10-08,70.00,75.00,62.35,71.15,1324
2008-10-10,70.00,70.00,58.50,65.70,1339
2008-10-13,70.00,75.00,66.00,69.95,1603
2008-10-14,70.10,76.10,70.10,74.30,1355
2008-10-15,72.00,77.00,68.00,69.20,876
2008-10-16,77.00,77.00,66.15,69.00,450
2008-10-17,69.00,70.00,65.75,67.25,2871
2008-10-20,64.00,71.90,64.00,67.00,166
2008-10-21,64.00,71.90,64.00,65.60,1629
2008-10-22,62.35,68.00,62.35,66.55,1561
2008-10-23,60.00,67.80,60.00,63.35,960
2008-10-24,64.00,64.00,51.00,59.20,4076
2008-10-27,71.00,71.00,48.30,48.80,1431
2008-10-28,57.90,57.90,48.10,50.95,369
2008-10-29,48.30,55.80,48.30,54.45,4995
2008-10-31,52.00,61.00,52.00,60.00,585
2008-11-03,61.00,67.00,58.30,65.15,924
2008-11-04,65.00,72.00,65.00,67.15,572
2008-11-05,64.00,74.00,64.00,65.30,642
2008-11-06,62.00,63.00,62.00,62.00,841
2008-11-07,58.90,69.90,58.90,66.20,326
2008-11-10,62.40,68.90,62.40,65.45,1141
2008-11-11,62.55,64.90,58.05,64.00,1475
2008-11-12,62.00,63.95,60.05,62.00,1060
2008-11-14,62.05,64.50,60.10,62.25,724
2008-11-17,64.00,65.00,60.05,63.80,290
2008-11-18,60.50,62.90,60.50,62.90,261
2008-11-19,60.00,63.80,60.00,61.40,422
2008-11-20,57.00,64.50,57.00,60.70,6454
2008-11-21,51.15,64.95,51.15,53.65,2774
2008-11-24,53.00,53.00,43.05,45.80,5703
2008-11-25,45.10,48.95,41.05,42.65,3005
2008-11-26,42.00,44.40,41.40,43.30,2514
2008-11-28,42.00,47.00,42.00,45.50,2445
2008-12-01,48.90,48.90,44.05,45.70,872
2008-12-02,46.00,48.70,46.00,47.45,600
2008-12-03,48.95,50.00,46.00,47.50,950
2008-12-04,50.00,50.40,48.20,49.55,450
2008-12-05,49.10,51.00,47.00,48.50,2691
2008-12-08,42.50,51.00,42.50,49.00,878
2008-12-10,49.90,52.00,49.90,51.55,300
2008-12-11,50.00,53.90,50.00,52.90,660
2008-12-12,52.00,52.50,46.00,51.55,1205
2008-12-15,56.00,56.00,51.25,52.65,1200
2008-12-16,52.00,53.00,51.00,52.05,1227
2008-12-17,53.50,53.50,53.50,53.50,55
2008-12-18,54.90,56.00,51.10,51.90,656
2008-12-22,50.00,52.65,50.00,52.55,381
2008-12-23,50.05,51.90,50.00,51.90,95
2008-12-24,51.75,51.75,45.50,51.25,55
2008-12-26,45.80,51.50,45.80,49.45,261
2008-12-30,49.50,53.50,49.50,51.50,427
2008-12-31,54.80,54.80,50.00,50.50,770
2009-01-01,50.00,52.40,48.10,49.60,1488
2009-01-02,52.00,53.70,50.30,50.95,680
2009-01-05,54.00,54.00,51.05,51.05,287
2009-01-06,50.00,52.00,50.00,50.05,760
2009-01-07,51.10,51.10,46.10,46.95,1987
2009-01-09,45.20,50.00,45.10,49.50,582
2009-01-12,47.00,49.00,45.00,46.95,2224
2009-01-13,43.00,49.00,43.00,44.10,62
2009-01-14,45.00,52.00,45.00,48.75,1450
2009-01-15,49.00,49.00,43.45,46.20,820
2009-01-16,45.50,45.50,42.00,44.50,3188
2009-01-19,42.00,48.95,42.00,45.60,647
2009-01-20,49.90,49.90,44.30,46.15,1300
2009-01-21,50.50,54.00,46.25,52.75,32440
2009-01-22,53.40,53.40,49.00,49.80,3533
2009-01-23,53.40,59.40,50.15,54.55,39301
2009-01-27,55.90,56.45,47.60,48.45,61094
2009-01-28,49.00,50.00,46.15,47.50,11674
2009-01-29,49.55,49.55,45.00,45.20,6431
2009-01-30,48.60,48.60,42.80,43.90,5881
2009-02-02,45.50,45.80,44.10,44.35,1974
2009-02-03,45.00,45.50,43.25,43.25,0
2009-02-04,41.10,44.40,41.10,42.40,2915
2009-02-05,41.00,43.95,41.00,41.85,2104
2009-02-06,40.00,41.95,40.00,41.45,962
2009-02-09,40.50,41.05,40.00,40.80,7591
2009-02-10,40.55,42.75,40.55,41.10,2183
2009-02-11,42.00,42.40,40.55,41.70,800
2009-02-12,40.00,43.30,38.00,41.55,1831
2009-02-13,41.50,41.50,40.00,41.25,3294
2009-02-16,42.40,47.00,39.95,40.30,4263
2009-02-17,39.45,41.65,37.80,38.40,3635
2009-02-18,38.00,38.65,36.75,37.10,720
2009-02-19,37.50,39.45,37.10,37.55,1917
2009-02-20,38.00,41.95,37.00,40.75,7900
2009-02-24,40.80,40.90,39.50,40.85,6754
2009-02-25,40.50,41.00,38.00,38.50,3795
2009-02-26,36.50,41.00,34.70,40.10,3466
2009-02-27,38.05,40.00,37.15,38.65,1224
2009-03-02,40.00,40.40,37.15,38.95,6279
2009-03-03,38.05,39.40,38.00,38.60,373
2009-03-04,39.75,39.75,36.35,36.80,7199
2009-03-05,36.10,36.70,35.25,35.65,1197
2009-03-06,35.10,36.85,35.10,36.25,157
2009-03-09,43.00,43.00,33.20,34.75,1253
2009-03-12,34.60,34.60,34.00,34.00,1912
2009-03-13,34.20,34.50,32.75,33.00,3254
2009-03-16,34.00,36.35,33.50,33.85,5770
2009-03-17,37.70,37.75,34.40,34.40,3042
2009-03-18,33.35,35.50,33.30,33.50,7258
2009-03-19,33.20,35.00,32.15,33.00,3379
2009-03-20,34.00,34.95,34.00,34.00,425
2009-03-23,33.20,34.95,32.60,34.50,2613
2009-03-24,35.00,36.50,34.60,34.90,3978
2009-03-25,34.00,35.00,33.10,35.00,45
2009-03-26,34.00,34.80,33.15,34.35,3112
2009-03-27,34.95,34.95,33.70,33.85,4565
2009-03-30,34.65,35.75,33.30,33.90,704
2009-03-31,33.50,35.40,33.10,34.00,728
2009-04-01,35.00,35.00,34.00,34.90,6193
2009-04-02,35.00,40.80,35.00,36.65,23021
2009-04-06,38.00,41.00,37.00,40.00,13742
2009-04-08,40.00,42.50,37.25,40.35,6799
2009-04-09,40.30,42.75,40.10,40.95,5472
2009-04-13,40.00,43.30,37.25,42.30,5257
2009-04-15,42.60,45.90,39.65,44.50,4240
2009-04-16,47.50,48.00,41.30,43.75,4567
2009-04-17,42.30,44.35,42.25,44.05,4875
2009-04-20,43.30,44.70,43.20,43.95,607
2009-04-21,41.20,43.80,41.20,43.60,255
2009-04-22,42.60,42.60,41.05,41.25,1535
2009-04-23,42.50,46.00,41.70,43.75,6261
2009-04-24,43.35,44.75,42.10,42.30,1700
2009-04-27,42.10,44.75,41.05,44.30,582
2009-04-28,44.90,44.90,39.30,40.00,948
2009-04-29,40.50,40.90,38.20,39.90,17387
2009-05-04,38.50,41.90,37.10,39.80,2225
2009-05-05,42.00,42.00,39.50,40.55,3490
2009-05-06,41.40,41.40,39.00,39.30,6575
2009-05-07,38.75,41.30,38.75,40.85,810
2009-05-08,41.20,41.25,39.00,39.55,2418
2009-05-11,40.10,40.85,40.00,40.85,410
2009-05-12,38.90,40.00,38.90,39.95,365
2009-05-13,38.65,40.70,38.65,39.95,5124
2009-05-14,38.15,40.00,38.10,38.60,3058
2009-05-15,38.70,44.90,38.70,39.65,13279
2009-05-19,42.50,43.95,40.00,42.50,6018
2009-05-20,40.80,45.00,40.80,42.85,24593
2009-05-21,45.55,51.45,44.25,48.55,44627
2009-05-22,48.95,49.85,46.55,47.80,11858
2009-05-25,48.00,53.45,48.00,51.70,21088
2009-05-26,50.50,57.50,50.15,50.45,22995
2009-05-27,51.25,53.90,50.15,51.65,10283
2009-05-28,50.25,53.00,50.00,50.25,3643
2009-05-29,52.00,52.80,49.20,50.30,12871
2009-06-01,58.50,58.50,50.90,53.10,29507
2009-06-02,53.90,55.00,50.00,50.90,9030
2009-06-03,52.00,60.15,52.00,58.25,46974
2009-06-04,56.00,69.90,56.00,69.90,0
2009-06-05,73.50,75.70,64.65,65.65,93144
2009-06-08,68.00,72.00,65.15,66.35,45363
2009-06-09,65.05,68.50,64.20,66.45,14001
2009-06-10,68.00,68.95,64.15,65.60,9286
2009-06-11,62.90,65.40,62.50,62.65,5882
2009-08-18,62.65,62.65,62.65,62.65,0
2009-08-19,62.65,62.65,62.65,62.65,0
2009-08-20,62.65,62.65,62.65,62.65,0
2009-08-21,50.00,50.00,46.10,49.90,2431
2009-08-24,50.50,51.45,49.20,51.30,3400
2009-08-25,50.00,51.50,49.00,50.70,1840
2009-08-26,50.25,53.25,50.25,53.25,9293
2009-08-27,51.00,54.80,51.00,54.60,6575
2009-08-28,54.70,57.30,54.50,55.10,7784
2009-08-31,55.00,55.75,54.00,54.20,8661
2009-09-01,52.75,56.95,52.75,56.75,14554
2009-09-02,58.00,58.00,53.95,54.70,5691
2009-09-03,56.90,56.95,53.35,55.75,3381
2009-09-04,53.70,56.00,53.70,55.25,6645
2009-09-07,55.25,58.05,55.25,58.05,13488
2009-09-08,60.95,60.95,60.95,60.95,3821
2009-09-09,64.00,64.00,59.20,59.80,25334
2009-09-10,58.50,59.75,57.00,57.05,4769
2009-09-11,57.00,58.50,55.55,57.80,4173
2009-09-14,55.70,57.85,55.55,57.75,2814
2009-09-15,56.00,58.95,55.65,55.80,5453
2009-09-16,57.00,57.00,55.00,55.35,1339
2009-09-17,56.95,57.20,55.00,56.10,2738
2009-09-18,54.25,55.80,54.25,55.00,3232
2009-09-22,55.60,56.75,55.10,55.50,1289
2009-09-23,54.05,55.00,54.00,54.00,3890
2009-09-24,52.55,54.90,52.55,54.90,1573
2009-09-25,55.00,55.50,54.00,54.25,2800
2009-09-29,53.25,55.50,51.60,52.05,7181
2009-09-30,52.55,53.30,52.50,53.25,1735
2009-10-01,53.05,54.00,52.55,52.90,1967
2009-10-05,51.20,53.55,50.25,50.75,5040
2009-10-06,52.45,53.30,48.50,49.15,3146
2009-10-07,49.50,50.95,47.15,48.30,2621
2009-10-08,48.00,50.30,48.00,48.35,1547
2009-10-09,49.90,50.40,46.10,47.65,2358
2009-10-12,47.10,48.75,45.60,48.75,1042
2009-10-14,48.80,50.65,48.80,48.95,4148
2009-10-15,47.15,50.40,47.15,49.00,911
2009-10-16,50.50,50.55,49.15,50.35,750
2009-10-20,50.10,52.40,50.10,50.60,2342
2009-10-21,50.00,52.40,50.00,51.35,1703
2009-10-22,50.10,52.40,50.00,50.00,1517
2009-10-23,49.40,51.50,49.40,49.55,1611
2009-10-26,49.55,52.05,49.55,52.05,1452
2009-10-27,50.00,52.50,49.65,50.20,1680
2009-10-28,50.25,51.50,48.15,48.20,3590
2009-10-29,47.50,49.65,46.20,48.50,1180
2009-10-30,48.05,48.05,47.00,47.00,1042
2009-11-03,47.00,48.85,44.70,44.80,5032
2009-11-04,45.00,47.00,42.65,45.45,1869
2009-11-05,45.20,46.95,45.20,46.30,510
2009-11-06,46.10,47.65,45.40,46.25,38855
2009-11-09,45.75,48.75,45.75,46.60,1192
2009-11-10,46.60,47.50,46.60,46.90,191
2009-11-12,46.00,49.00,46.00,48.50,906
2009-11-13,47.35,48.00,47.30,47.85,1050
2009-11-16,48.10,48.80,47.25,47.65,5868
2009-11-17,46.10,48.30,46.10,47.75,1852
2009-11-18,48.00,48.65,47.50,47.95,6170
2009-11-19,49.85,49.85,46.80,47.80,3163
2009-11-20,47.80,48.55,44.50,47.00,2301
2009-11-23,48.00,48.85,45.00,46.75,335
2009-11-24,45.20,48.00,45.20,46.20,1670
2009-11-25,46.00,48.90,45.80,45.80,2928
2009-11-26,46.60,46.95,45.80,46.10,7407
2009-11-27,47.80,47.80,44.10,45.50,8082
2009-11-30,47.00,47.00,45.20,46.00,2611
2009-12-01,45.00,47.80,45.00,47.50,1223
2009-12-02,48.10,48.20,45.15,48.05,1817
2009-12-03,48.20,48.95,47.10,47.30,1567
2009-12-04,46.25,48.20,46.25,47.05,1043
2009-12-07,49.00,49.35,47.55,48.50,5628
2009-12-08,50.00,50.00,47.40,48.50,2975
2009-12-09,47.90,50.90,47.90,50.35,3390
2009-12-10,50.80,51.50,49.00,49.70,5551
2009-12-11,48.50,50.90,48.50,49.30,3554
2009-12-14,50.00,52.35,49.50,50.85,3979
2009-12-15,51.50,51.50,48.50,48.50,1096
2009-12-16,48.50,50.50,47.15,49.85,464
2009-12-17,50.80,52.00,50.40,50.40,4694
2009-12-18,50.40,50.40,49.25,49.30,1225
2009-12-21,50.00,50.90,49.60,49.65,2565
2009-12-22,51.80,51.80,48.80,50.05,1351
2009-12-23,50.05,51.70,50.05,51.10,1154
2009-12-24,50.05,55.90,50.05,53.30,7785
2009-12-29,58.65,58.65,53.75,56.10,28398
2009-12-30,55.10,57.45,52.10,53.40,5794
2009-12-31,55.95,55.95,53.50,55.05,7479
2010-01-04,55.50,60.60,55.50,59.55,24280
2010-01-05,62.90,64.20,60.90,61.55,29289
2010-01-06,62.00,63.50,58.00,60.45,12012
2010-01-07,59.15,60.90,58.50,59.60,3844
2010-01-08,58.20,59.85,58.20,59.05,8297
2010-01-11,60.05,68.40,60.05,66.35,59534
2010-01-12,62.00,67.45,62.00,64.15,20446
2010-01-13,64.00,65.90,63.00,64.55,8114
2010-01-14,63.55,65.00,62.60,63.45,7240
2010-01-15,64.50,76.15,64.00,76.15,196268
2010-01-18,77.90,80.00,72.20,73.05,267522
2010-01-19,73.35,73.35,69.00,69.35,33517
2010-01-20,71.85,71.85,67.50,68.00,27584
2010-01-21,69.50,70.00,64.50,65.45,21180
2010-02-19,62.70,62.70,57.00,58.60,6461
2010-02-22,58.00,60.75,55.70,56.05,7172
2010-02-23,54.55,58.50,53.30,53.30,4940
2010-02-24,53.95,53.95,52.00,53.60,3329
2010-02-25,51.10,53.20,51.10,51.60,2516
2010-02-26,52.00,53.90,50.20,51.25,4475
2010-03-02,51.90,53.50,51.50,52.10,2683
2010-03-03,53.00,54.70,53.00,54.55,1731
2010-03-04,56.70,57.20,54.05,56.70,4688
2010-03-05,56.00,58.00,55.25,56.45,3976
2010-03-08,55.35,59.00,55.35,56.65,3555
2010-03-09,55.60,62.35,55.35,60.40,19742
2010-03-10,60.50,64.80,59.10,64.05,24053
2010-03-11,64.65,68.00,64.30,66.40,83323
2010-03-12,68.00,73.05,66.20,73.05,79426
2010-03-15,73.80,76.45,69.40,69.55,81155
2010-03-16,67.00,67.60,66.10,66.10,7678
2010-03-17,62.80,67.00,62.80,64.20,48036
2010-03-18,62.60,67.00,62.60,65.20,12321
2010-06-11,48.05,50.00,48.05,49.40,6047
2010-06-14,47.00,51.00,47.00,50.35,3606
2010-06-15,50.65,52.90,49.10,52.50,5432
2010-06-16,53.85,53.85,51.10,52.50,271
2010-06-17,51.00,51.00,50.55,50.55,101
2010-06-18,50.30,52.00,49.50,49.50,1060
2010-06-21,50.00,50.30,50.00,50.00,2740
2010-06-22,50.45,50.45,49.65,50.00,2266
2010-06-23,50.10,50.10,49.40,50.00,1900
2010-06-24,51.60,51.60,49.50,49.50,7726
2010-06-25,50.95,50.95,48.70,48.70,2191
2010-06-28,48.75,49.85,48.75,49.00,2019
2010-06-29,48.50,48.75,47.55,48.00,3546
2010-06-30,47.10,49.50,47.10,49.00,1323
2010-07-01,49.00,49.80,49.00,49.35,1172
2010-07-02,49.10,49.90,49.10,49.15,346
2010-07-05,50.40,50.85,49.20,49.20,365
2010-07-06,50.50,50.75,49.60,50.05,546
2010-07-08,50.90,51.00,49.45,49.45,300
2010-07-09,50.70,52.80,48.00,48.85,8979
2010-07-12,50.40,51.00,48.85,49.95,3916
2010-07-13,49.05,50.45,49.00,49.55,3109
2010-07-14,50.00,50.00,49.25,49.25,1100
2010-07-15,50.00,50.00,49.35,50.00,2111
2010-07-16,50.40,50.40,49.05,49.65,1200
2010-07-19,49.25,49.90,48.00,49.20,1131
2010-07-20,49.00,49.90,47.20,49.55,4284
2010-07-21,50.70,51.25,50.10,51.05,6536
2010-07-22,50.95,55.85,50.50,53.40,21861
2010-07-23,54.00,56.00,53.10,54.45,9450
2010-07-26,52.60,54.75,50.00,51.15,7125
2010-07-27,50.15,53.60,50.15,50.55,2104
2010-07-28,51.00,51.00,49.00,50.05,3970
2010-07-29,50.00,51.90,49.00,49.20,5120
2010-07-30,50.95,52.00,50.05,51.10,3313
2010-08-02,49.65,51.75,49.50,49.60,3092
2010-08-03,49.60,52.00,49.60,51.20,3973
2010-08-04,54.90,54.90,50.80,51.50,1212
2010-08-05,51.50,51.50,48.80,50.50,1379
2010-08-06,51.20,52.75,50.20,50.80,1022
2010-08-09,52.40,52.40,50.10,50.15,1215
2010-08-10,50.20,50.35,49.00,49.65,5159
2010-08-11,51.00,51.00,50.25,50.25,117
2010-08-12,51.00,51.20,49.00,49.00,2538
2010-08-13,50.75,53.00,50.15,51.15,11405
2010-08-16,51.00,51.00,51.00,51.00,700
2010-08-17,50.50,56.10,50.50,54.00,25754
2010-08-18,54.40,55.45,52.20,53.85,5562
2010-08-19,53.05,58.80,52.25,55.70,33801
2010-08-20,54.55,56.75,54.35,56.45,3790
2010-08-23,54.25,57.00,51.25,56.05,4860
2010-08-24,54.50,56.85,52.10,52.55,10171
2010-08-25,53.10,53.45,51.00,51.60,7828
2010-08-26,52.50,52.50,51.50,51.50,3144
2010-08-27,50.50,52.50,50.25,51.55,876
2010-08-30,50.25,53.50,50.00,50.50,1603
2010-08-31,51.25,51.25,48.50,49.60,4833
2010-09-01,51.45,51.45,50.10,50.40,175
2010-09-02,51.00,51.70,50.80,50.90,2147
2010-09-03,51.30,51.75,50.90,51.35,841
2010-09-06,52.00,52.50,51.75,52.40,3162
2010-09-07,49.50,53.95,49.50,51.40,5671
2010-09-08,51.00,52.80,51.00,52.75,1500
2010-09-09,52.00,53.40,52.00,52.75,3180
2010-09-13,53.30,56.90,52.90,54.30,14084
2010-09-14,56.00,56.40,52.25,54.30,4130
2010-09-15,52.50,54.70,52.50,53.80,3433
2010-09-16,52.65,54.00,51.65,51.80,1800
2010-09-17,51.65,55.40,51.65,53.55,2601
2010-09-20,54.70,55.60,52.95,55.15,6210
2010-09-21,54.60,55.25,53.65,53.90,1758
2010-09-22,53.90,62.45,53.90,58.95,111321
2010-09-23,59.00,59.90,56.55,58.20,8327
2010-09-24,58.00,58.00,56.25,56.90,1211
2010-09-27,57.10,57.10,55.05,56.35,6667
2010-09-28,57.10,58.00,55.05,55.55,4382
2010-09-29,55.55,57.95,54.65,54.65,2193
2010-09-30,54.35,54.75,53.75,54.65,566
2010-10-01,54.30,56.00,54.30,54.60,3471
2010-10-04,53.75,56.00,52.75,52.90,2651
2010-10-05,53.30,54.50,53.00,53.30,2650
2010-10-06,53.40,55.50,53.30,53.75,2378
2010-10-07,53.90,54.75,53.65,53.70,614
2010-10-08,55.95,58.00,52.00,53.55,1662
2010-10-11,52.20,54.00,52.10,53.25,2239
2010-10-12,53.75,53.75,52.20,52.60,1911
2010-10-13,53.90,58.75,53.50,53.75,5179
2010-10-14,52.80,56.40,52.60,53.00,2598
2010-10-15,54.00,54.00,52.35,52.35,1171
2010-10-18,52.35,53.60,51.95,52.35,842
2010-10-19,54.80,54.80,47.75,48.40,29121
2010-10-20,49.70,50.50,47.50,48.15,15358
2010-10-21,50.00,50.50,48.15,49.10,3322
2010-10-22,50.50,52.00,49.60,50.70,2856
2010-10-25,51.85,51.85,49.20,49.85,2613
2010-10-26,51.00,51.00,49.55,50.00,1389
2010-10-27,51.00,55.00,50.00,50.85,8373
2010-10-28,54.45,54.45,50.80,51.90,3504
2010-10-29,52.00,52.00,50.00,50.00,2429
2010-11-01,50.30,51.35,50.00,50.10,3771
2010-11-02,53.30,53.30,49.30,49.55,2551
2010-11-03,51.40,51.40,49.50,50.35,2683
2010-11-04,50.30,55.00,50.25,52.35,6992
2010-11-05,53.85,53.90,51.00,51.85,897
2010-11-08,51.90,52.00,50.25,50.95,1695
2010-11-09,51.00,52.00,51.00,52.00,1529
2010-11-10,53.80,54.50,52.90,54.20,7030
2010-11-11,54.20,64.80,53.00,58.15,333961
2010-11-12,58.60,59.95,54.25,54.80,57389
2010-11-15,56.00,56.00,53.45,53.65,4444
2010-11-16,52.15,56.40,50.15,50.70,6395
2010-11-18,50.00,52.45,49.70,50.05,5638
2010-11-19,49.45,51.20,48.10,48.65,3782
2010-11-22,49.00,52.70,48.65,50.85,6260
2010-11-23,50.80,50.80,48.00,48.25,5664
2010-11-24,48.50,51.65,48.50,49.05,4132
2010-11-25,49.05,49.35,48.20,48.20,1922
2010-11-26,47.30,49.00,45.85,47.80,5531
2010-11-29,46.00,49.50,46.00,46.70,1002
2010-11-30,45.20,48.80,45.20,46.65,3061
2010-12-01,46.65,49.90,46.65,49.05,1033
2010-12-02,49.90,49.90,48.00,48.20,5161
2010-12-03,49.20,50.55,46.55,48.35,5687
2010-12-06,49.00,49.90,48.50,48.85,1986
2010-12-07,48.30,48.50,47.55,47.55,373
2010-12-08,47.55,48.65,43.75,47.70,3935
2010-12-09,46.00,50.30,44.40,44.60,1752
2010-12-10,42.50,48.50,42.50,46.30,2338
2010-12-13,45.30,47.90,45.20,47.20,612
2010-12-14,48.00,49.50,46.55,48.95,57958
2010-12-15,49.30,50.40,47.10,48.55,7248
2010-12-16,49.00,49.75,48.10,48.85,4322
2010-12-20,50.00,51.00,47.55,47.70,626
2010-12-21,47.80,49.00,47.75,48.25,278
2010-12-22,49.95,50.80,48.50,48.60,1654
2010-12-23,49.95,49.95,48.50,48.50,569
2010-12-24,47.55,48.00,47.55,48.00,1402
2010-12-27,47.75,49.50,47.75,48.10,156
2010-12-28,47.15,49.90,47.15,48.45,483
2010-12-29,49.45,52.40,48.90,49.00,5026
2010-12-30,47.00,49.05,47.00,49.00,2538
2010-12-31,47.30,54.90,47.30,50.70,23679
2011-01-03,52.00,52.00,47.55,50.95,2407
2011-01-04,49.55,51.70,49.55,49.85,585
2011-01-05,51.90,52.75,49.30,50.05,1457
2011-01-06,51.00,51.00,49.35,49.35,618
2011-01-07,49.25,49.25,48.05,48.30,3339
2011-01-10,48.00,48.00,47.00,47.05,1582
2011-01-11,47.00,48.00,46.60,47.50,1624
2011-01-12,47.50,48.25,46.75,47.25,207
2011-01-13,47.00,49.85,47.00,47.50,370
2011-01-14,46.85,49.70,46.70,47.40,138
2011-01-17,49.70,51.30,46.75,46.85,484
2011-01-18,46.25,48.65,46.25,46.50,4203
2011-01-19,46.50,46.50,46.30,46.30,301
2011-01-20,46.55,46.75,45.05,46.75,1010
2011-01-21,45.35,48.70,45.35,47.35,42
2011-01-24,47.00,50.50,47.00,48.20,2647
2011-01-25,47.30,48.00,47.20,47.25,314
2011-01-27,47.10,47.10,47.00,47.10,340
2011-01-28,47.10,47.10,45.00,45.80,1241
2011-01-31,46.70,47.00,45.10,45.10,103
2011-02-01,47.70,48.00,42.00,42.20,5743
2011-02-02,42.30,44.60,42.30,44.60,454
2011-02-03,44.50,46.50,43.05,43.05,2014
2011-02-04,43.30,46.35,43.15,43.20,646
2011-02-07,45.95,45.95,42.25,43.65,15
2011-02-08,45.00,46.40,43.25,43.25,2008
2011-02-09,41.40,42.00,36.25,36.40,1085
2011-02-10,41.00,43.00,36.05,37.60,4499
2011-02-11,40.00,40.00,37.00,38.70,4610
2011-02-14,38.70,41.85,36.75,39.15,12953
2011-02-15,37.50,40.20,37.50,40.00,755
2011-02-16,39.00,41.00,39.00,40.00,813
2011-02-17,40.90,41.00,40.05,40.45,804
2011-02-18,39.05,40.75,39.05,39.50,2351
2011-02-21,38.10,41.90,38.10,39.95,298
2011-02-22,37.55,39.95,37.55,38.50,277
2011-02-23,37.55,38.20,37.55,38.20,60
2011-02-24,37.05,38.50,36.05,38.15,381
2011-02-25,38.00,40.40,37.60,38.05,882
2011-02-28,37.50,40.00,36.65,37.15,2298
2011-03-01,37.65,41.80,37.65,40.00,2226
2011-03-03,40.00,41.80,38.10,40.20,3086
2011-03-04,38.20,43.95,38.20,40.10,3910
2011-03-07,41.85,41.85,37.60,40.40,64
2011-03-08,38.65,41.00,38.65,41.00,65
2011-03-09,39.80,39.80,38.75,38.75,137
2011-03-10,35.50,42.50,35.50,40.00,1305
2011-03-11,38.60,41.75,38.60,39.25,3006
2011-03-14,37.00,41.35,37.00,38.50,1642
2011-03-15,37.00,40.00,37.00,39.35,848
2011-03-16,40.00,40.00,38.25,38.95,923
2011-03-17,38.35,40.50,38.05,40.30,1393
2011-03-18,38.25,39.65,38.25,39.30,1402
2011-03-21,41.00,41.00,36.20,37.50,14711
2011-03-22,37.40,38.50,37.40,38.50,1268
2011-03-23,37.05,38.50,36.00,36.70,59995
2011-03-24,35.85,37.95,35.85,37.25,1746
2011-03-25,38.45,38.45,37.10,37.10,1040
2011-03-28,36.65,38.25,36.50,36.50,1891
2011-03-29,36.40,37.00,34.00,34.90,9064
2011-03-30,35.50,37.80,35.30,35.40,305
2011-03-31,38.45,38.45,35.30,35.30,41142
2011-04-01,37.50,37.80,36.50,37.00,5410
2011-04-04,37.80,38.00,37.80,38.00,1975
2011-04-05,38.90,39.00,38.90,38.95,200
2011-04-06,38.80,39.00,38.20,38.20,230
2011-04-07,38.00,44.00,38.00,41.85,9562
2011-04-08,41.70,41.75,39.35,41.25,4209
2011-04-11,40.60,41.95,40.05,41.15,3405
2011-04-13,40.00,40.95,39.15,40.95,495
2011-04-15,40.10,40.10,39.00,39.95,827
2011-04-18,39.95,39.95,37.95,38.00,2743
2011-04-19,37.20,41.35,37.20,38.00,22046
2011-04-20,37.55,39.25,37.55,39.25,1453
2011-04-21,39.85,39.85,38.25,38.45,6021
2011-04-25,41.60,41.60,38.30,39.70,501
2011-04-26,39.70,41.40,38.00,38.15,599
2011-04-27,38.25,38.50,38.25,38.50,100
2011-04-28,39.15,39.15,38.25,38.75,470
2011-04-29,39.00,39.95,38.15,38.95,130
2011-05-02,39.00,40.90,39.00,39.75,3916
2011-05-03,40.95,41.00,39.35,40.00,2494
2011-05-04,38.25,40.70,38.00,38.05,1081
2011-05-05,38.10,39.50,38.10,38.60,683
2011-05-06,39.75,39.75,38.55,38.65,268
2011-05-09,39.85,40.90,38.50,39.00,1655
2011-05-10,38.70,38.80,38.50,38.55,1100
2011-05-11,39.00,39.90,38.35,39.00,877
2011-05-12,37.55,46.35,37.55,42.20,188478
2011-05-13,42.00,43.75,41.55,42.20,9917
2011-05-16,44.60,44.60,40.35,41.95,1339
2011-05-17,41.05,41.05,39.30,40.00,1573
2011-05-18,39.60,42.95,39.25,39.90,2921
2011-05-19,44.75,44.75,38.30,38.90,3418
2011-05-20,41.90,42.75,38.00,42.25,2077
2011-05-23,44.70,44.70,38.60,39.90,6285
2011-05-24,38.10,40.35,38.10,38.70,3991
2011-05-25,38.25,38.65,38.10,38.30,1412
2011-05-26,37.10,39.45,37.10,38.35,315
2011-05-27,38.45,41.55,38.10,38.70,1290
2011-05-30,39.00,40.40,38.70,38.75,1804
2011-05-31,40.00,41.95,38.70,41.40,4500
2011-06-01,41.00,42.20,39.80,40.55,1095
2011-06-02,39.00,40.35,39.00,40.35,564
2011-06-03,41.15,41.15,39.00,39.05,763
2011-06-06,40.00,40.45,38.65,39.05,16661
2011-06-07,38.25,43.00,38.05,39.25,8016
2011-06-08,39.55,40.45,39.05,39.20,780
2011-06-09,42.75,42.75,38.25,39.90,1643
2011-06-10,39.45,40.00,38.65,38.80,1502
2011-06-13,38.60,38.60,36.75,36.85,24378
2011-06-14,37.30,38.35,36.50,37.40,3241
2011-06-15,37.10,37.90,37.00,37.75,1089
2011-06-16,37.75,37.75,37.05,37.30,472
2011-06-17,37.75,38.00,37.00,37.35,1820
2011-06-20,36.30,36.95,30.30,35.40,1172
2011-06-21,36.00,36.05,35.00,35.20,393
2011-06-22,36.00,36.00,34.85,35.40,1531
2011-06-23,35.95,35.95,34.40,34.40,766
2011-06-24,35.00,35.95,33.60,35.35,940
2011-06-27,36.45,36.45,34.40,35.00,805
2011-06-28,36.35,36.45,35.00,35.45,1669
2011-06-29,35.50,36.85,35.50,36.85,969
2011-06-30,36.80,38.85,36.25,37.10,3486
2011-07-01,35.40,39.00,35.40,38.05,1500
2011-07-04,37.55,38.75,37.55,37.60,942
2011-07-05,38.45,38.85,36.90,37.35,1390
2011-07-06,38.10,38.10,37.05,37.05,103
2011-07-07,36.00,38.75,36.00,37.45,640
2011-07-08,38.50,39.80,36.45,37.65,3723
2011-07-11,38.85,38.85,35.50,37.00,2110
2011-07-12,37.70,37.95,36.00,36.25,3376
2011-07-13,38.60,38.60,36.85,37.10,2070
2011-07-14,35.35,38.25,35.30,37.00,2785
2011-07-15,39.75,39.75,37.00,37.15,2029
2011-07-18,37.95,44.00,37.95,39.45,13025
2011-07-19,40.00,42.75,39.55,40.50,15896
2011-07-20,40.00,40.00,39.35,39.85,1013
2011-07-21,38.85,40.95,38.80,39.50,2002
2011-07-22,39.50,40.30,39.50,40.30,115
2011-07-25,40.00,43.50,40.00,40.60,10603
2011-07-26,39.55,40.00,39.50,39.65,1316
2011-07-27,39.05,40.65,39.05,39.55,1340
2011-07-28,40.00,45.20,40.00,42.90,57452
2011-07-29,43.30,44.65,41.50,42.70,39093
2011-08-01,42.00,46.00,40.20,43.85,31243
2011-08-02,43.50,44.60,40.35,41.85,12128
2011-08-03,41.00,43.10,40.00,41.95,10144
2011-08-04,41.30,42.00,41.15,41.50,2443
2011-08-05,41.50,41.50,40.00,40.95,8713
2011-08-08,41.00,41.00,38.40,39.15,3434
2011-08-09,38.25,39.00,35.35,37.30,7147
2011-08-10,38.00,40.50,35.30,38.60,1908
2011-08-11,38.65,40.70,38.55,38.55,455
2011-08-12,38.55,42.45,38.55,41.70,3043
2011-08-16,49.40,49.40,39.15,40.05,5884
2011-08-17,39.00,39.80,35.45,36.85,4492
2011-08-18,36.00,38.00,35.00,35.65,2104
2011-08-19,34.50,36.60,33.35,34.50,2858
2011-08-22,33.05,36.90,33.05,36.90,1996
2011-08-23,35.00,39.70,35.00,37.20,748
2011-08-24,40.55,41.25,38.85,40.70,2261
2011-08-25,39.50,39.50,37.80,38.00,156
2011-08-26,37.15,37.15,34.65,35.35,1211
2011-08-29,37.90,39.00,36.70,37.05,667
2011-08-30,37.50,38.40,37.00,37.05,407
2011-09-02,40.00,40.00,37.50,40.00,500
2011-09-05,39.90,40.50,37.10,37.85,1029
2011-09-06,38.50,38.50,37.25,37.35,1884
2011-09-07,38.50,41.40,38.50,40.30,2458
2011-09-08,38.50,42.90,38.05,39.95,968
2011-09-09,39.95,39.95,36.50,38.70,256
2011-09-12,39.00,44.40,39.00,39.05,1741
2011-09-13,38.60,39.05,38.50,38.50,564
2011-09-14,37.55,39.50,37.15,37.95,406
2011-09-15,39.60,39.60,39.60,39.60,2
2011-09-16,38.05,39.85,38.05,38.65,1288
2011-09-19,38.65,39.00,38.65,38.95,486
2011-09-20,38.55,39.50,38.00,38.70,1637
2011-09-21,39.10,40.50,39.10,40.00,5137
2011-09-22,40.85,42.45,38.05,39.10,7088
2011-09-23,38.00,39.95,37.00,38.60,1606
2011-09-26,40.00,40.50,39.05,39.05,286
2011-09-27,40.20,40.20,37.65,38.25,194
2011-09-28,39.00,39.00,38.00,38.10,355
2011-09-29,37.00,38.10,36.00,37.55,413
2011-09-30,39.00,41.15,37.00,40.05,1586
2011-10-03,39.00,39.95,37.05,37.65,1541
2011-10-04,39.00,39.00,38.50,38.50,2
2011-10-05,37.50,37.50,36.15,36.60,3215
2011-10-07,36.90,37.00,36.90,37.00,20
2011-10-11,39.75,39.75,36.10,37.30,2108
2011-10-12,37.05,37.10,37.05,37.10,158
2011-10-13,37.00,39.00,37.00,37.50,726
2011-10-14,38.40,38.40,37.10,37.75,8
2011-10-17,37.15,38.00,37.10,38.00,121
2011-10-19,38.50,38.50,37.40,38.20,462
2011-10-20,37.00,38.00,35.50,35.65,2739
2011-10-21,36.50,37.55,34.55,34.80,5921
2011-10-24,37.90,38.00,34.60,34.70,14885
2011-10-25,35.00,35.95,34.55,34.95,1755
2011-10-26,36.00,36.00,34.95,34.95,2481
2011-10-28,34.05,39.85,33.30,36.70,6791
2011-10-31,36.00,36.55,35.10,35.75,1055
2011-11-01,35.50,36.75,35.50,36.60,397
2011-11-02,36.00,36.80,35.05,35.75,2538
2011-11-03,36.45,36.45,35.00,36.05,1672
2011-11-04,37.35,39.90,36.15,36.15,605
2011-11-08,36.95,37.00,36.05,36.90,682
2011-11-09,36.00,36.00,35.30,35.30,214
2011-11-11,34.65,37.00,34.65,35.00,30693
2011-11-14,35.85,35.85,34.10,34.25,507
2011-11-15,33.30,34.55,32.50,33.40,1223
2011-11-17,34.50,36.45,33.50,33.65,504
2011-11-18,33.25,33.50,31.60,32.95,3461
2011-11-21,31.50,34.80,30.90,32.10,953
2011-11-22,30.55,34.40,30.55,32.35,756
2011-11-23,33.00,34.00,29.60,31.25,2752
2011-11-24,32.40,32.40,29.55,30.50,1507
2011-11-25,31.00,33.00,31.00,31.00,1397
2011-11-28,32.00,32.40,30.50,30.80,2728
2011-11-29,33.90,33.90,29.35,30.00,3509
2011-11-30,29.55,32.00,29.35,30.40,3102
2011-12-01,32.90,32.90,30.00,31.00,2215
2011-12-02,30.45,32.00,30.45,30.80,1210
2011-12-05,30.95,32.40,30.55,32.00,561
2011-12-07,31.75,31.75,31.00,31.30,18
2011-12-08,31.00,31.00,29.15,29.85,1131
2011-12-09,31.50,31.95,30.65,31.05,342
2011-12-12,32.00,32.85,30.50,31.15,2768
2011-12-13,32.00,32.80,30.65,32.50,1050
2011-12-14,31.50,32.25,30.70,31.30,206
2011-12-15,32.45,33.95,31.15,33.60,1316
2011-12-16,33.20,34.00,30.95,31.10,3501
2011-12-19,33.00,33.00,29.20,30.20,449
2011-12-20,29.00,31.50,28.55,30.45,651
2011-12-21,29.25,31.00,29.25,31.00,83
2011-12-22,30.00,30.00,29.55,30.00,833
2011-12-26,31.00,31.00,29.90,30.00,106
2011-12-27,30.00,30.00,30.00,30.00,6
2011-12-29,30.00,30.00,29.20,29.85,603
2011-12-30,29.00,30.00,29.00,30.00,2224
2012-01-02,30.00,31.00,30.00,30.00,2717
2012-01-03,30.00,30.85,30.00,30.05,886
2012-01-04,30.00,30.00,29.50,29.50,1125
2012-01-05,30.00,32.85,30.00,31.95,992
2012-01-06,31.55,32.15,31.30,32.15,197
2012-01-09,32.95,35.75,32.95,34.65,767
2012-01-10,36.00,36.00,32.00,33.75,622
2012-01-11,34.95,34.95,33.05,33.50,502
2012-01-12,33.50,33.55,33.50,33.50,151
2012-01-16,35.45,35.50,32.95,32.95,669
2012-01-17,37.85,37.85,31.80,32.40,1543
2012-01-19,32.95,33.55,31.10,33.30,1163
2012-01-20,32.60,35.75,32.55,32.60,2096
2012-01-23,34.95,35.00,33.25,34.95,3611
2012-01-24,35.00,35.50,34.30,35.35,347
2012-01-25,35.85,35.90,33.30,35.20,1720
2012-01-27,36.00,36.00,35.05,35.15,557
2012-01-30,34.00,35.70,33.70,35.10,175
2012-01-31,34.50,36.00,32.70,34.90,1508
2012-02-01,36.50,38.00,34.60,35.10,7842
2012-02-02,35.10,36.00,32.50,34.85,5833
2012-02-03,34.50,35.45,34.45,35.15,342
2012-02-06,34.50,35.05,34.05,34.40,2357
2012-02-07,35.05,35.50,34.00,34.00,5820
2012-02-08,32.50,35.95,32.50,33.70,2226
2012-02-09,32.10,40.40,32.10,38.80,349801
2012-02-10,36.05,36.60,33.50,35.35,159592
2012-02-13,34.60,36.50,34.00,35.70,14361
2012-02-14,35.00,36.00,34.35,35.55,6647
2012-02-15,35.00,35.60,34.50,34.60,4676
2012-02-16,33.60,35.80,33.60,34.10,8405
2012-02-17,33.05,35.00,33.00,33.60,7236
2012-02-21,33.35,34.50,33.35,33.60,1077
2012-02-22,32.55,35.30,32.00,32.50,4437
2012-02-23,31.50,35.00,30.30,32.80,5776
2012-02-24,32.05,32.90,31.55,31.95,2228
2012-02-27,31.05,34.10,31.05,32.35,5315
2012-02-28,31.10,33.70,31.10,33.00,1695
2012-02-29,32.00,33.30,31.50,33.10,2366
2012-03-01,32.00,33.40,31.50,31.65,3455
2012-03-02,31.00,33.00,31.00,31.70,2152
2012-03-05,30.50,33.00,30.50,31.70,1308
2012-03-06,30.60,32.80,30.60,32.70,1198
2012-03-07,31.00,33.00,31.00,31.30,2109
2012-03-09,30.10,32.00,30.10,31.00,1186
2012-03-12,30.50,32.75,30.50,32.25,1690
2012-03-13,30.10,31.55,30.10,31.15,3610
2012-03-14,30.15,31.90,30.15,31.00,598
2012-03-15,28.10,31.75,28.10,31.45,4
2012-03-16,30.00,34.00,30.00,30.85,9207
2012-03-19,30.10,32.00,30.10,31.40,860
2012-03-20,30.05,32.25,30.05,31.55,4510
2012-03-21,30.10,33.25,30.10,32.00,855
2012-03-22,30.50,32.00,30.50,30.80,1307
2012-03-23,29.40,34.90,29.40,30.40,4091
2012-03-26,28.25,30.00,28.25,29.60,2328
2012-03-27,28.15,31.00,28.15,28.90,441
2012-03-28,28.00,30.50,27.55,29.15,4153
2012-03-29,29.00,29.80,28.95,29.35,318
2012-03-30,27.10,29.50,27.10,28.90,1464
2012-04-02,28.05,29.50,28.05,29.25,1327
2012-04-03,28.10,32.00,28.10,30.95,5346
2012-04-04,29.60,32.85,29.60,31.65,10025
2012-04-09,29.15,30.95,29.15,30.00,1936
2012-04-10,28.55,32.70,28.30,29.85,4138
2012-04-11,28.60,30.50,28.60,29.00,2494
2012-04-12,28.70,29.45,27.75,29.05,5758
2012-04-13,29.00,30.90,28.30,28.70,1199
2012-04-16,28.10,29.85,28.10,29.60,245
2012-04-17,28.10,35.00,28.10,31.00,4212
2012-04-18,29.75,31.00,29.50,29.80,571
2012-04-19,29.75,29.80,29.00,29.00,1575
2012-04-20,28.30,29.75,28.30,28.90,1338
2012-04-23,28.10,30.00,28.10,28.50,1127
2012-04-24,28.00,29.55,28.00,28.80,301
2012-04-25,28.00,28.70,27.00,27.00,9755
2012-04-26,26.25,28.35,26.25,27.45,563
2012-04-27,26.15,27.25,25.55,25.90,5808
2012-04-30,25.35,27.75,25.35,26.50,974
2012-05-02,25.10,28.00,25.10,26.85,4535
2012-05-03,26.75,26.80,26.30,26.50,353
2012-05-04,25.10,28.25,25.10,26.90,1752
2012-05-07,25.10,28.25,25.00,27.75,1387
2012-05-08,33.00,33.00,27.00,27.75,620
2012-05-09,26.90,28.50,26.90,27.30,2020
2012-05-10,26.90,27.40,26.20,26.80,614
2012-05-11,26.00,29.00,25.75,28.55,242
2012-05-14,27.00,28.60,27.00,27.15,904
2012-05-15,24.10,29.00,24.10,27.65,954
2012-05-16,26.50,27.50,26.50,27.25,574
2012-05-17,26.50,29.10,25.65,28.05,1807
2012-05-18,26.10,28.00,26.10,27.05,56
2012-05-21,24.00,28.50,24.00,26.30,3404
2012-05-22,26.00,26.80,25.65,26.50,89
2012-05-23,25.15,26.55,25.15,26.35,4
2012-05-24,25.15,27.45,25.15,26.10,339
2012-05-25,25.05,26.80,25.05,26.30,122
2012-05-28,25.10,27.35,25.10,25.85,592
2012-05-29,25.10,26.25,25.10,25.50,588
2012-05-30,26.50,27.50,26.00,26.65,1104
2012-05-31,25.90,28.00,25.90,27.30,1056
2012-06-01,26.10,27.00,26.10,26.35,463
2012-06-04,25.05,26.00,25.05,26.00,1256
2012-06-05,24.70,27.50,24.70,27.50,1333
2012-06-06,26.90,29.00,26.25,26.85,705
2012-06-07,26.70,30.80,25.50,27.30,4039
2012-06-08,26.80,27.05,26.80,27.05,250
2012-06-11,26.00,27.40,25.65,27.05,1058
2012-06-12,26.70,27.80,25.60,26.80,2534
2012-06-13,26.60,27.50,25.90,26.80,220
2012-06-14,26.00,28.50,26.00,27.00,2030
2012-06-15,26.60,26.75,26.15,26.50,377
2012-06-18,26.00,27.30,25.75,26.35,221
2012-06-19,26.00,27.75,25.50,25.50,161
2012-06-20,25.00,26.70,24.70,25.15,10527
2012-06-21,25.40,25.55,25.00,25.05,3469
2012-06-22,24.50,25.80,24.30,24.60,3026
2012-06-25,24.00,26.00,24.00,25.05,704
2012-06-26,24.10,27.45,24.10,27.15,2279
2012-06-27,26.10,28.85,25.50,26.00,4450
2012-06-28,25.30,26.15,25.25,25.25,5113
2012-06-29,26.35,26.35,25.50,26.15,1717
2012-07-02,26.00,27.10,26.00,26.60,3284
2012-07-03,31.45,31.45,26.50,26.90,3884
2012-07-04,30.00,30.00,26.50,28.20,3264
2012-07-05,33.25,33.25,27.05,28.55,5726
2012-07-06,34.00,34.00,27.25,27.25,2846
2012-07-09,28.00,28.00,25.10,25.85,7032
2012-07-10,25.15,27.40,24.55,26.80,17560
2012-07-11,26.15,27.00,26.10,26.10,2686
2012-07-12,27.00,27.00,25.80,26.00,2106
2012-07-13,27.50,27.50,25.60,26.00,1763
2012-07-16,27.50,27.50,25.55,26.25,1600
2012-07-17,27.95,27.95,25.50,25.65,1120
2012-07-18,27.90,27.90,25.15,27.00,1283
2012-07-19,28.70,28.70,25.20,26.35,3156
2012-07-20,29.70,29.70,25.30,26.20,1603
2012-07-23,28.50,28.50,25.20,25.95,4142
2012-07-24,27.00,27.00,25.05,26.50,117
2012-07-25,28.50,28.50,25.45,25.55,203
2012-07-26,28.50,28.50,23.75,23.80,4073
2012-07-27,26.00,26.00,24.00,24.45,3381
2012-07-30,25.90,25.90,24.50,25.25,478
2012-07-31,27.00,27.00,24.30,25.30,64
2012-08-01,26.00,27.05,24.15,26.50,4300
2012-08-02,27.00,28.20,25.55,26.50,461
2012-08-03,29.00,29.00,26.10,26.10,351
2012-08-06,30.90,30.90,26.50,27.75,4124
2012-08-07,26.05,28.75,26.05,27.40,1824
2012-08-08,26.05,28.90,26.05,27.90,2101
2012-08-09,26.50,28.40,26.20,27.15,4404
2012-08-10,25.65,26.80,25.65,25.90,451
2012-08-13,26.50,26.50,25.50,25.80,562
2012-08-14,25.10,27.50,25.10,26.55,6035
2012-08-16,26.00,26.45,25.50,25.75,1154
2012-08-17,26.95,26.95,25.75,26.35,884
2012-08-21,25.65,26.90,25.60,26.05,151
2012-08-22,26.90,26.95,26.90,26.95,150
2012-08-23,28.20,28.20,26.10,26.10,232
2012-08-24,25.30,26.00,25.30,25.30,1239
2012-08-27,27.00,30.05,26.05,26.35,27815
2012-08-28,26.55,27.45,25.90,26.05,3894
2012-08-29,25.80,27.00,25.65,26.50,1431
2012-08-30,26.75,26.75,26.75,26.75,751
2012-08-31,26.00,26.00,25.40,25.40,543
2012-09-03,27.00,27.85,26.10,27.20,3110
2012-09-04,30.65,30.65,26.50,27.00,1375
2012-09-05,28.70,28.70,25.75,26.25,4758
2012-09-06,29.95,29.95,26.20,26.60,3074
2012-09-07,30.45,30.45,26.25,28.25,4717
2012-09-10,30.85,30.85,26.55,27.60,5059
2012-09-11,28.90,28.90,28.00,28.15,727
2012-09-12,32.75,32.75,26.55,28.50,3487
2012-09-13,31.00,31.00,26.65,28.00,464
2012-09-14,28.00,29.95,27.90,29.00,2004
2012-09-17,28.05,28.50,27.25,27.25,2331
2012-09-18,28.85,28.90,27.25,27.55,607
2012-09-20,29.00,29.00,26.60,27.10,2168
2012-09-21,29.85,29.85,26.80,27.25,4206
2012-09-24,28.50,28.50,26.70,26.70,1308
2012-09-25,28.50,28.50,27.00,27.15,910
2012-09-26,25.55,32.75,25.55,32.50,60611
2012-09-27,34.90,35.90,31.10,33.45,54412
2012-09-28,35.00,35.00,31.00,33.00,3322
2012-10-01,35.85,35.85,30.45,31.40,6783
2012-10-03,32.00,33.00,31.10,31.15,2045
2012-10-04,33.00,33.40,29.40,33.40,9905
2012-10-05,36.90,36.90,31.00,32.60,5379
2012-10-08,32.50,34.00,31.10,33.00,4821
2012-10-09,32.80,34.40,31.10,33.85,9035
2012-10-10,33.60,33.60,32.60,33.10,4456
2012-10-11,32.90,32.90,32.00,32.45,465
2012-10-12,32.00,33.95,31.80,32.50,6593
2012-10-15,32.75,34.40,32.70,33.10,2610
2012-10-16,32.50,33.90,31.65,33.00,6121
2012-10-17,32.50,34.60,32.00,34.50,2072
2012-10-18,37.40,37.40,33.25,34.00,1187
2012-10-19,38.75,38.75,33.05,34.00,389
2012-10-22,35.90,35.90,32.10,33.85,2771
2012-10-23,33.50,34.00,33.00,33.00,291
2012-10-25,33.00,34.95,33.00,33.00,4290
2012-10-26,33.00,33.00,32.30,32.40,114
2012-10-29,32.30,33.00,31.05,32.15,666
2012-10-30,29.40,33.00,29.40,32.15,911
2012-10-31,32.00,35.00,32.00,34.65,5649
2012-11-01,34.00,36.00,33.25,34.45,2337
2012-11-02,34.50,39.55,34.00,37.10,17110
2012-11-05,36.50,36.50,34.55,35.45,10694
2012-11-06,35.50,35.90,34.50,35.75,512
2012-11-07,35.10,37.45,34.10,35.30,4128
2012-11-08,35.00,35.00,34.00,34.40,509
2012-11-09,34.00,34.60,33.00,33.80,1680
2012-11-12,33.50,34.00,33.00,34.00,2136
2012-11-13,32.05,36.00,32.05,35.10,178
2012-11-15,36.00,38.00,36.00,37.70,7751
2012-11-16,38.00,38.90,36.85,37.00,3361
2012-11-19,36.65,36.65,35.05,35.05,906
2012-11-21,34.85,35.10,34.15,34.60,971
2012-11-22,34.40,34.40,32.55,34.40,2175
2012-11-23,34.90,36.40,34.90,36.30,2665
2012-11-26,35.25,40.90,35.25,37.00,9762
2012-11-27,36.65,38.80,36.00,37.15,3961
2012-11-29,36.65,43.00,36.00,40.25,64800
2012-11-30,42.90,42.90,38.75,39.40,9447
2012-12-03,38.00,40.70,37.90,39.60,9062
2012-12-04,39.05,40.00,38.60,38.65,6752
2012-12-05,38.00,39.20,38.00,38.20,1709
2012-12-06,38.00,39.00,37.65,38.00,3220
2012-12-07,39.00,44.40,38.00,40.05,99801
2012-12-10,39.50,42.00,39.00,40.15,18028
2012-12-11,39.50,40.35,39.10,39.50,3086
2012-12-12,39.50,40.00,39.05,39.50,1632
2012-12-13,39.90,42.80,39.25,39.70,25622
2012-12-14,39.15,39.75,39.10,39.50,3293
2012-12-17,39.50,41.45,39.10,39.30,6885
2012-12-18,39.25,41.05,39.25,40.00,3590
2012-12-19,39.70,39.75,38.70,38.90,2992
2012-12-20,38.70,39.95,37.80,37.80,1699
2012-12-21,38.65,39.05,38.10,39.05,14
2012-12-24,38.65,39.70,38.00,38.00,2699
2012-12-26,39.00,39.70,38.10,39.35,3094
2012-12-27,38.65,39.00,37.10,37.40,4973
2012-12-28,37.60,38.25,35.30,37.00,3598
2012-12-31,36.45,37.45,36.45,36.70,228
2013-01-01,37.50,39.45,37.50,38.85,6422
2013-01-02,38.20,40.00,38.20,39.55,11781
2013-01-03,39.85,43.40,39.85,42.85,33476
2013-01-04,43.80,44.75,41.50,42.10,10993
2013-01-07,42.00,44.45,39.65,43.60,44490
2013-01-08,43.00,43.75,41.55,42.00,4545
2013-01-09,41.10,42.65,40.40,41.55,4547
2013-01-10,41.20,41.90,40.40,40.40,2127
2013-01-11,40.90,41.40,40.10,40.90,1871
2013-01-14,40.20,41.05,39.75,40.75,2218
2013-01-15,40.90,41.00,40.05,40.40,1892
2013-01-16,40.25,40.30,39.30,39.50,1929
2013-01-17,39.00,40.00,38.00,38.70,7155
2013-01-18,39.60,39.60,37.85,38.40,2690
2013-01-21,38.50,44.50,38.50,42.45,206764
2013-01-22,43.00,43.00,38.30,38.80,35468
2013-01-23,38.50,39.40,38.10,38.45,10111
2013-01-24,38.90,40.40,37.00,37.45,5385
2013-01-25,37.50,38.50,36.65,37.50,4892
2013-01-28,37.90,38.10,36.85,37.35,3970
2013-01-29,37.10,37.10,36.05,36.60,3387
2013-01-30,37.00,37.40,35.20,36.40,2412
2013-01-31,37.00,37.30,36.20,36.85,386
2013-02-01,36.30,38.00,36.30,36.40,5566
2013-02-04,36.60,37.00,36.10,37.00,1328
2013-02-05,36.10,36.70,35.00,36.30,1197
2013-02-06,37.90,37.90,35.15,35.30,1692
2013-02-07,37.90,37.90,35.20,35.90,1510
2013-02-08,36.05,36.75,34.55,35.00,31942
2013-02-11,36.00,36.45,35.00,35.05,1306
2013-02-12,34.70,35.35,34.70,34.85,168
2013-02-13,34.65,35.85,34.00,34.60,1675
2013-02-14,34.00,35.00,32.70,32.70,2135
2013-02-15,33.90,33.90,32.00,32.00,1393
2013-02-18,31.65,32.75,31.05,31.60,628
2013-02-19,32.20,34.00,32.10,33.00,1141
2013-02-20,33.00,36.00,31.80,32.60,17929
2013-02-21,32.50,34.80,32.10,32.70,7423
2013-02-22,33.00,33.45,32.30,33.00,805
2013-02-25,32.50,33.65,31.05,32.00,4213
2013-02-26,31.65,33.30,31.10,31.60,2859
2013-02-27,31.00,32.60,30.00,30.90,627
2013-02-28,30.60,32.80,29.55,30.05,1017
2013-03-01,30.00,32.75,30.00,32.60,2155
2013-03-04,32.00,32.00,30.05,30.40,1425
2013-03-05,29.65,33.85,28.15,29.80,3110
2013-03-06,29.75,32.85,29.75,30.30,4128
2013-03-07,29.65,32.00,29.25,31.35,994
2013-03-08,30.30,31.20,30.10,30.20,1278
2013-03-11,30.20,32.65,30.20,30.80,329
2013-03-12,30.55,33.85,30.55,31.75,4421
2013-03-13,31.50,33.35,31.50,32.50,2845
2013-03-14,30.60,32.80,30.35,32.10,2131
2013-03-15,30.15,33.05,30.15,31.50,3708
2013-03-18,30.65,31.50,30.50,30.75,5742
2013-03-19,30.30,31.90,30.30,30.65,696
2013-03-20,30.05,31.85,30.05,30.15,1364
2013-03-21,30.05,30.25,29.20,29.85,751
2013-03-22,28.65,28.65,26.70,26.70,4748
2013-03-25,26.50,27.75,26.50,27.10,955
2013-03-26,26.50,29.00,26.50,28.95,24957
2013-03-28,28.00,29.00,27.65,28.40,1216
2013-04-01,28.75,29.85,28.00,28.40,3101
2013-04-02,30.30,32.00,28.60,32.00,2284
2013-04-03,31.05,32.95,31.05,32.95,350
2013-04-04,32.30,32.30,29.90,29.90,783
2013-04-05,29.60,34.40,29.30,30.15,1477
2013-04-08,31.00,33.80,30.30,30.50,2628
2013-04-09,30.00,30.90,30.00,30.90,589
2013-04-10,31.40,31.40,29.60,30.00,227
2013-04-11,30.00,30.00,30.00,30.00,35
2013-04-12,32.65,33.20,29.80,31.65,1088
2013-04-15,29.65,31.00,29.65,30.95,72
2013-04-16,30.05,31.15,30.00,30.05,1710
2013-04-17,30.35,30.90,30.20,30.20,1354
2013-04-18,30.75,30.75,30.70,30.70,4
2013-04-22,30.20,30.50,29.65,30.50,54
2013-04-23,30.00,30.00,29.10,29.50,538
2013-04-25,30.00,31.00,29.25,30.70,2723
2013-04-26,30.65,31.05,30.65,31.00,717
2013-04-29,32.00,32.00,30.00,31.00,499
2013-04-30,30.20,30.20,30.15,30.15,186
2013-05-02,30.65,32.80,30.15,31.40,3740
2013-05-03,32.05,33.85,29.35,33.60,2777
2013-05-06,33.00,34.35,33.00,34.35,631
2013-05-07,34.00,34.00,32.00,32.00,455
2013-05-08,31.50,33.00,30.90,32.90,163
2013-05-09,34.00,35.00,33.00,34.20,4800
2013-05-13,37.45,37.50,32.80,32.80,1002
2013-05-14,34.45,34.45,33.00,33.00,68
2013-05-15,33.80,35.40,31.80,34.55,4413
2013-05-16,33.80,36.50,32.70,34.95,1610
2013-05-17,34.50,35.05,33.35,33.55,650
2013-05-20,35.35,35.35,33.55,34.25,475
2013-05-21,33.00,35.00,32.05,33.10,1283
2013-05-22,33.00,35.30,33.00,33.95,3201
2013-05-23,33.50,35.90,33.00,34.85,835
2013-05-24,33.10,38.00,33.10,35.65,15040
2013-05-27,35.50,37.00,34.90,36.90,3408
2013-05-28,36.00,36.75,33.80,36.75,1137
2013-05-29,37.40,37.40,34.95,35.00,926
2013-05-30,34.70,34.85,33.95,33.95,701
2013-05-31,33.70,35.40,33.70,34.95,1225
2013-06-03,34.65,35.40,33.65,35.00,1494
2013-06-04,35.45,37.00,35.15,36.95,2406
2013-06-05,37.45,38.45,35.75,37.25,1707
2013-06-06,38.10,38.10,36.05,36.40,26
2013-06-07,36.20,36.20,34.50,35.75,2320
2013-06-10,36.75,36.75,34.55,34.55,489
2013-06-11,34.00,34.00,32.60,32.65,2280
2013-06-12,31.45,33.85,31.40,32.00,3515
2013-06-13,32.00,33.25,30.00,31.50,2859
2013-06-14,32.50,35.90,31.40,31.95,1059
2013-06-17,31.70,34.40,31.70,33.65,56
2013-06-18,33.00,34.80,31.60,32.00,1812
2013-06-19,32.15,32.75,31.15,31.50,1934
2013-06-20,32.25,32.25,30.70,30.70,1603
2013-06-21,31.50,31.75,29.75,29.95,9465
2013-06-24,30.00,30.95,29.00,29.00,2596
2013-06-25,28.65,30.00,27.15,29.00,1443
2013-06-26,29.75,30.90,29.75,30.90,586
2013-06-27,31.40,33.65,30.35,31.45,672
2013-06-28,31.45,32.75,30.10,30.85,2067
2013-07-01,30.85,30.85,30.10,30.20,880
2013-07-02,29.85,30.20,29.00,30.20,1773
2013-07-03,30.20,30.45,29.35,30.45,247
2013-07-04,30.80,31.75,30.25,30.30,414
2013-07-05,30.15,31.45,29.80,29.80,717
2013-07-08,30.60,30.60,29.50,29.80,306
2013-07-09,30.45,30.45,29.30,29.65,1961
2013-07-10,30.45,30.45,29.50,29.50,21
2013-07-11,29.50,29.75,29.15,29.15,901
2013-07-12,30.00,30.25,29.30,30.25,151
2013-07-15,30.15,30.15,30.00,30.10,102
2013-07-16,29.55,29.55,28.80,28.80,1705
2013-07-17,29.75,29.75,28.55,28.55,2
2013-07-18,29.60,29.60,29.60,29.60,8
2013-07-19,29.60,29.60,29.45,29.45,362
2013-07-22,29.05,34.80,29.00,29.00,1512
2013-07-23,28.75,30.40,28.75,28.85,448
2013-07-24,29.50,30.00,28.10,28.10,1179
2013-07-25,28.60,28.60,27.25,28.00,638
2013-07-26,27.50,28.40,27.35,28.30,448
2013-07-29,27.50,28.45,27.20,28.40,121
2013-07-30,27.30,28.00,26.65,26.95,1354
2013-07-31,27.00,27.85,26.45,26.55,1047
2013-08-01,26.75,28.30,26.15,27.95,2831
2013-08-02,27.80,27.80,25.60,25.60,1242
2013-08-05,23.80,27.55,23.80,26.85,2725
2013-08-06,25.05,26.25,25.05,26.25,240
2013-08-07,26.45,26.45,26.45,26.45,1
2013-08-08,26.00,26.95,25.55,25.80,11525
2013-08-12,28.55,29.30,25.65,28.40,3423
2013-08-13,28.00,33.80,26.60,31.15,18116
2013-08-14,32.20,36.00,29.35,36.00,36789
2013-08-16,37.95,38.70,35.90,36.40,219337
2013-08-19,36.00,36.00,32.60,32.70,15765
2013-08-20,32.60,32.90,29.55,29.55,5859
2013-08-21,29.65,33.00,27.20,28.00,4781
2013-08-22,27.00,27.90,25.65,27.25,2870
2013-08-23,27.50,27.50,26.20,26.90,4202
2013-08-26,28.85,28.85,26.90,26.95,1619
2013-08-27,26.95,27.00,26.95,26.95,1123
2013-08-28,26.55,26.95,24.55,25.00,4501
2013-08-29,25.55,26.50,24.95,26.00,4402
2013-08-30,24.30,25.55,24.30,25.20,1362
2013-09-02,26.40,26.50,26.40,26.50,1699
2013-09-03,26.50,27.50,26.05,27.40,1375
2013-09-04,26.70,28.00,26.60,28.00,1963
2013-09-06,28.00,28.45,27.30,28.45,344
2013-09-10,29.80,29.80,28.20,29.80,5622
2013-09-11,29.00,31.25,29.00,31.25,2950
2013-09-12,31.90,32.25,29.95,29.95,2095
2013-09-13,28.60,31.40,28.60,31.40,1715
2013-09-16,30.90,31.90,30.75,31.90,400
2013-09-17,30.35,32.50,30.35,32.50,2011
2013-09-18,30.95,31.30,30.90,30.95,1350
2013-09-19,30.15,32.00,30.15,32.00,405
2013-09-20,30.60,31.50,30.50,31.50,201
2013-09-23,31.00,31.00,30.00,30.70,533
2013-09-24,28.55,30.90,28.55,29.05,81
2013-09-25,29.50,30.50,29.50,30.50,630
2013-09-26,31.95,32.00,29.65,29.65,285
2013-09-27,29.50,30.20,29.50,29.50,300
2013-09-30,29.50,30.95,29.50,30.95,502
2013-10-01,30.00,32.35,29.50,31.90,942
2013-10-03,30.70,31.95,30.65,31.90,1000
2013-10-04,30.50,32.00,30.50,32.00,1236
2013-10-08,32.20,32.20,32.20,32.20,500
2013-10-09,32.25,32.25,31.30,31.95,1273
2013-10-10,33.35,33.35,31.15,31.15,443
2013-10-11,32.40,32.50,30.60,32.30,2089
2013-10-14,31.00,31.05,31.00,31.00,466
2013-10-15,32.35,32.35,30.00,30.00,561
2013-10-17,31.40,31.40,29.50,29.50,340
2013-10-18,30.90,30.95,28.35,29.35,1440
2013-10-21,29.75,30.80,28.55,30.80,897
2013-10-22,29.40,30.30,29.40,30.30,625
2013-10-24,31.75,31.75,29.55,29.55,205
2013-10-25,30.50,30.50,29.25,29.35,251
2013-10-28,30.05,30.05,29.20,29.20,125
2013-10-29,29.50,29.50,29.05,29.05,38
2013-10-30,30.20,30.50,30.20,30.50,745
2013-10-31,29.50,31.45,29.50,31.45,178
2013-11-01,31.15,31.15,30.00,30.90,135
2013-11-05,31.00,32.00,30.10,30.10,1339
2013-11-06,29.75,31.55,29.75,30.25,1000
2013-11-07,31.75,31.75,30.00,30.00,4685
2013-11-08,31.30,31.50,30.05,30.05,574
2013-11-11,31.50,31.50,30.55,30.55,210
2013-11-13,29.45,31.75,29.45,29.80,705
2013-11-18,29.50,31.40,29.30,29.65,603
2013-11-19,29.65,29.65,29.60,29.60,100
2013-11-20,28.80,30.95,28.75,30.95,3114
2013-11-21,31.00,32.40,30.30,30.95,5183
2013-11-22,29.90,30.95,29.90,30.95,555
2013-11-25,30.00,32.05,29.70,31.25,2149
2013-11-26,31.00,31.05,31.00,31.05,450
2013-11-27,31.05,32.60,30.75,30.75,1880
2013-11-28,30.70,30.70,30.70,30.70,100
2013-11-29,29.40,32.20,29.40,31.05,4465
2013-12-02,31.30,32.00,30.15,31.00,8904
2013-12-03,31.25,31.70,31.25,31.70,2
2013-12-04,32.80,33.00,32.00,32.50,5086
2013-12-05,33.00,33.00,31.50,31.70,2223
2013-12-06,32.05,32.65,31.45,32.30,449
2013-12-09,33.00,33.00,31.55,31.95,275
2013-12-10,31.40,32.60,31.40,31.80,562
2013-12-11,32.00,32.65,31.90,31.90,202
2013-12-13,30.75,32.00,30.75,32.00,381
2013-12-16,31.95,31.95,31.95,31.95,1
2013-12-17,30.95,32.00,30.60,31.00,5540
2013-12-18,32.05,32.05,31.30,31.30,3
2013-12-19,32.80,32.80,30.45,30.65,123
2013-12-20,32.15,32.15,30.75,30.75,4392
2013-12-23,30.85,31.85,30.75,30.80,2235
2013-12-24,31.50,31.50,30.75,31.00,670
2013-12-26,31.50,32.50,31.35,31.70,10290
2013-12-27,32.95,33.05,30.90,32.05,15501
2013-12-30,32.80,33.50,31.30,33.50,7486
2013-12-31,34.65,34.65,31.80,32.20,6215
2014-01-01,31.65,33.90,31.65,31.75,4715
2014-01-02,32.20,32.60,31.10,32.50,3447
2014-01-03,31.15,32.80,31.10,32.50,4849
2014-01-06,32.50,33.05,32.15,32.25,6444
2014-01-07,32.00,35.70,32.00,33.40,8900
2014-01-08,34.45,34.85,33.40,34.00,5103
2014-01-09,35.35,37.40,35.00,37.40,35691
2014-01-10,37.40,38.50,35.40,36.00,6181
2014-01-13,34.55,37.45,34.00,34.00,6699
2014-01-14,35.20,35.95,33.20,34.20,32241
2014-01-15,34.80,34.85,33.80,34.45,4682
2014-01-16,33.75,34.95,33.75,34.00,154
2014-01-17,34.90,34.90,34.60,34.60,2
2014-01-20,34.80,34.80,33.30,33.30,1092
2014-01-21,33.05,33.40,32.60,32.60,303
2014-01-22,32.55,32.90,31.85,32.90,468
2014-01-23,32.05,33.80,32.00,33.25,4306
2014-01-24,32.35,33.65,31.50,31.50,3724
2014-01-27,30.10,32.70,30.00,30.75,2809
2014-01-28,29.85,30.95,29.85,29.85,215
2014-01-29,31.95,31.95,29.70,29.80,3173
2014-01-30,30.85,32.70,29.35,32.60,2703
2014-01-31,30.80,30.80,28.45,29.45,2436
2014-02-03,29.65,31.60,29.55,31.60,553
2014-02-04,31.60,32.40,29.10,30.65,476
2014-02-05,31.40,31.40,31.40,31.40,1
2014-02-06,30.05,31.40,29.60,29.95,1012
2014-02-07,30.95,32.00,30.50,30.55,906
2014-02-10,30.10,31.45,30.00,31.40,422
2014-02-11,31.20,31.40,31.20,31.40,300
2014-02-12,31.00,31.85,30.75,30.75,111
2014-02-13,30.75,30.85,29.90,30.85,1051
2014-02-14,29.75,29.75,29.75,29.75,85
2014-02-17,30.80,30.80,30.50,30.50,95
2014-02-18,30.00,30.50,30.00,30.50,212
2014-02-19,29.75,30.45,29.70,29.80,502
2014-02-20,29.90,30.85,29.00,29.55,1482
2014-02-21,27.05,32.50,27.05,32.30,12658
2014-02-24,32.85,34.10,30.20,30.70,647
2014-02-25,31.45,33.50,31.35,31.65,2189
2014-02-26,30.00,32.50,30.00,30.60,135
2014-02-28,30.70,31.40,30.05,31.15,918
2014-03-03,30.50,30.85,30.20,30.75,777
2014-03-04,29.20,31.70,29.20,31.50,570
2014-03-05,30.70,32.45,30.65,30.85,3531
2014-03-06,33.85,33.90,31.35,31.50,3438
2014-03-07,30.90,32.70,30.40,31.00,98112
2014-03-10,30.70,33.00,29.75,30.80,3367
2014-03-11,31.30,31.30,30.00,30.75,3930
2014-03-12,31.10,32.50,30.00,31.95,4198
2014-03-13,32.95,33.10,31.55,31.85,1920
2014-03-14,30.80,33.85,30.80,32.00,862
2014-03-18,32.80,34.50,31.20,32.00,2287
2014-03-19,33.40,33.40,31.65,33.00,1472
2014-03-20,31.60,32.20,31.45,31.65,3652
2014-03-21,31.55,32.00,31.55,31.95,448
2014-03-24,31.10,38.30,31.10,38.30,39389
2014-03-25,39.05,41.90,36.25,36.60,26221
2014-03-26,37.00,37.30,35.65,36.20,2319
2014-03-27,38.00,38.00,35.00,35.55,3407
2014-03-28,36.25,36.90,35.55,35.95,2158
2014-03-31,35.15,37.70,35.10,37.05,3042
2014-04-01,37.00,39.00,37.00,38.15,2886
2014-04-02,38.10,39.00,36.10,37.55,1870
2014-04-03,36.35,37.80,36.35,37.10,1544
2014-04-04,36.25,38.80,36.25,36.65,6072
2014-04-07,36.25,37.90,35.90,36.05,7013
2014-04-09,36.20,36.20,36.15,36.15,150
2014-04-10,36.40,37.95,36.10,36.10,2868
2014-04-11,35.55,37.00,35.50,36.75,9396
2014-04-15,36.75,38.25,35.55,38.00,3162
2014-04-16,37.60,37.60,36.00,36.05,1230
2014-04-17,35.90,36.00,35.35,35.55,1978
2014-04-21,37.00,37.75,36.30,36.35,5234
2014-04-22,36.45,36.50,35.95,36.05,1222
2014-04-23,35.90,37.35,35.90,37.25,2876
2014-04-25,36.20,36.50,35.15,35.50,2349
2014-04-28,35.25,35.25,32.00,32.50,6501
2014-04-29,32.55,32.90,32.00,32.40,2150
2014-04-30,32.30,33.25,31.15,31.40,2367
2014-05-02,32.00,32.00,30.70,30.70,2824
2014-05-05,30.55,30.65,28.50,28.95,4513
2014-05-06,28.65,30.10,28.00,29.05,3331
2014-05-07,29.65,29.90,29.00,29.00,2728
2014-05-08,29.25,30.00,29.20,29.60,495
2014-05-09,29.95,31.50,28.50,28.95,4699
2014-05-12,29.85,30.80,29.50,30.05,1441
2014-05-13,30.00,30.10,30.00,30.00,1285
2014-05-14,30.25,32.00,30.00,30.95,1495
2014-05-15,30.20,30.20,29.30,29.30,389
2014-05-16,30.00,30.00,29.50,29.50,500
2014-05-19,30.05,30.50,29.25,30.05,1766
2014-05-20,30.50,32.50,30.50,31.95,5938
2014-05-21,31.00,33.60,31.00,33.00,3695
2014-05-22,32.55,39.60,32.50,39.50,90195
2014-05-23,40.15,42.95,37.20,37.70,81189
2014-05-26,40.00,43.00,35.25,36.35,28972
2014-05-27,37.80,37.80,34.10,34.90,1900
2014-05-28,34.00,36.85,34.00,34.85,2984
2014-05-29,36.75,36.75,34.05,34.90,1891
2014-05-30,34.90,35.95,33.50,33.95,2600
2014-06-02,33.95,35.95,31.65,33.85,8067
2014-06-03,33.90,34.85,33.75,34.40,6960
2014-06-04,34.50,35.50,33.50,34.20,31708
2014-06-05,34.20,38.20,34.20,36.00,13482
2014-06-06,37.90,40.00,36.05,38.35,49545
2014-06-09,39.90,39.90,36.90,37.00,17614
2014-06-10,37.05,37.05,35.00,35.40,11319
2014-06-11,35.95,37.40,35.00,36.00,28541
2014-06-12,36.60,36.80,34.00,34.25,10315
2014-06-13,34.40,36.00,32.95,33.15,28057
2014-06-16,33.15,33.15,32.05,32.40,2811
2014-06-17,33.35,35.40,33.15,34.80,12175
2014-06-18,36.15,36.15,33.00,33.20,7564
2014-06-19,37.45,37.45,33.00,33.45,10403
2014-06-20,33.45,33.50,31.60,32.15,11622
2014-06-23,34.20,34.20,31.30,31.55,3844
2014-06-24,32.95,33.50,31.75,32.00,10178
2014-06-25,32.25,32.25,31.55,31.65,3820
2014-06-26,32.10,32.10,31.65,31.70,3761
2014-06-27,32.10,32.10,30.85,31.55,11202
2014-06-30,31.70,32.00,31.70,32.00,18335
2014-07-01,32.00,32.25,31.55,32.00,37430
2014-07-02,34.25,34.25,31.65,32.00,26351
2014-07-03,32.00,32.00,31.35,31.50,18815
2014-07-04,31.95,31.95,31.00,31.30,8090
2014-07-07,31.00,32.05,30.10,31.45,5872
2014-07-08,30.70,31.15,29.70,30.15,11343
2014-07-09,30.80,30.80,29.75,30.65,2093
2014-07-10,30.65,30.70,29.10,29.80,4806
2014-07-11,29.80,30.00,28.25,28.70,3401
2014-07-14,28.70,29.05,28.40,28.75,947
2014-07-15,29.25,29.45,28.25,28.50,1446
2014-07-16,28.70,29.35,28.50,28.70,899
2014-07-17,28.70,29.50,27.00,29.25,7510
2014-07-18,29.25,29.50,28.40,28.65,5228
2014-07-21,29.10,29.90,29.10,29.60,2151
2014-07-22,29.60,29.60,28.00,29.00,10258
2014-07-23,30.90,31.00,29.00,29.00,10112
2014-07-24,29.00,29.70,28.70,29.10,2866
2014-07-25,28.70,30.10,28.50,29.85,10248
2014-07-28,30.40,33.85,28.65,30.90,161791
2014-07-30,30.90,33.40,30.90,31.65,13275
2014-07-31,32.00,33.00,31.75,32.25,10960
2014-08-01,32.25,32.30,30.70,31.00,6948
2014-08-04,31.05,31.40,30.45,31.00,3193
2014-08-05,30.50,30.80,30.35,30.80,504
2014-08-06,30.50,32.00,29.70,31.00,7983
2014-08-07,32.00,32.70,31.50,31.65,5561
2014-08-08,33.70,33.70,30.05,30.35,3385
2014-08-11,30.90,31.60,30.00,30.00,3319
2014-08-12,30.20,30.65,29.50,30.50,4002
2014-08-13,29.85,30.25,28.50,29.10,7027
2014-08-14,28.80,29.75,28.65,28.90,2429
2014-08-18,29.00,30.00,29.00,29.80,515
2014-08-19,30.00,30.75,28.30,28.80,25048
2014-08-20,28.25,28.25,27.00,27.95,26091
2014-08-21,28.00,28.60,27.30,27.90,1243
2014-08-22,27.30,28.85,27.30,28.45,7195
2014-08-25,28.95,28.95,28.10,28.50,1188
2014-08-26,29.45,29.45,27.20,28.20,6931
2014-08-27,28.50,28.50,28.00,28.50,2634
2014-08-28,29.10,29.10,28.00,28.50,8513
2014-09-01,29.00,29.10,29.00,29.10,195
2014-09-02,29.00,29.00,27.75,28.30,7316
2014-09-03,28.10,28.50,27.90,28.10,7237
2014-09-04,27.50,28.50,27.20,27.80,2903
2014-09-05,27.75,30.25,27.75,29.55,5742
2014-09-08,29.05,32.00,29.05,31.85,24004
2014-09-09,33.30,33.30,30.35,31.25,3561
2014-09-10,32.50,32.50,29.50,31.60,4780
2014-09-11,31.80,32.00,29.50,30.40,9091
2014-09-12,30.55,30.80,29.60,30.00,11393
2014-09-15,30.30,30.80,29.80,29.95,3292
2014-09-16,29.60,32.35,29.50,29.60,10359
2014-09-17,30.30,30.30,29.20,29.60,448
2014-09-18,29.60,33.30,29.05,30.40,57730
2014-09-19,30.50,34.90,29.40,33.15,144065
2014-09-22,33.20,34.30,32.00,33.55,76150
2014-09-23,34.70,34.70,30.15,31.80,37582
2014-09-24,32.90,32.90,30.15,30.95,3096
2014-09-25,30.95,30.95,27.25,28.30,10132
2014-09-26,28.30,28.30,26.40,27.15,25737
2014-09-29,27.50,27.95,27.00,27.20,6584
2014-09-30,30.70,30.70,28.30,28.90,8973
2014-10-01,28.80,29.70,27.60,28.35,3846
2014-10-07,28.15,31.30,27.25,28.25,13967
2014-10-08,28.35,29.35,28.15,29.30,850
2014-10-09,29.50,30.00,29.05,30.00,4051
2014-10-10,30.10,32.25,29.25,30.05,2761
2014-10-13,29.50,30.00,28.25,28.55,5795
2014-10-14,29.70,33.00,29.00,31.45,18841
2014-10-16,31.30,32.45,28.60,29.80,8474
2014-10-17,29.25,29.85,28.40,28.90,17756
2014-10-20,29.00,30.60,28.75,29.15,680
2014-10-21,29.75,30.30,29.10,29.10,1769
2014-10-22,30.50,31.45,28.75,29.70,12449
2014-10-23,30.00,31.45,29.70,31.00,4264
2014-10-27,30.50,34.60,29.40,29.50,10975
2014-10-28,29.80,30.65,29.80,30.15,445
2014-10-29,31.00,32.40,31.00,32.10,9067
2014-10-30,31.50,31.50,29.25,30.40,6910
2014-10-31,30.40,31.65,30.00,30.75,2435
2014-11-03,31.40,32.60,31.00,31.90,4345
2014-11-05,31.40,31.70,30.80,31.65,1596
2014-11-07,31.55,31.75,30.00,31.55,4280
2014-11-10,32.55,32.55,30.15,30.80,2099
2014-11-11,30.75,31.50,30.50,31.25,527
2014-11-12,31.50,32.25,30.50,30.85,2300
2014-11-13,30.55,31.60,30.55,31.40,3271
2014-11-14,31.00,32.15,30.30,30.90,15814
2014-11-17,31.40,31.70,30.60,30.95,4148
2014-11-18,30.35,31.50,29.60,30.60,8592
2014-11-19,30.35,31.20,30.35,31.00,593
2014-11-20,30.15,31.30,29.00,29.65,9045
2014-11-21,29.95,30.00,28.65,28.75,10607
2014-11-24,28.65,29.00,28.50,28.80,10423
2014-11-25,29.00,29.25,28.10,28.45,3798
2014-11-26,28.95,29.00,28.75,28.95,1367
2014-11-27,28.75,28.80,28.40,28.75,1058
2014-11-28,28.90,29.00,28.55,28.60,2300
2014-12-01,28.90,29.00,27.25,28.05,8340
2014-12-02,28.00,30.00,27.80,29.45,6548
2014-12-03,28.95,29.00,28.10,28.45,6399
2014-12-04,28.95,29.00,28.40,28.90,8282
2014-12-05,28.65,29.00,28.10,28.30,4417
2014-12-08,28.00,28.60,27.35,28.30,1842
2014-12-09,28.00,28.35,27.55,27.85,3098
2014-12-10,27.80,28.00,27.50,28.00,10108
2014-12-11,28.75,29.00,27.65,27.65,2032
2014-12-12,27.45,28.15,27.45,27.50,1402
2014-12-15,27.45,27.85,26.25,26.80,4783
2014-12-16,26.50,28.95,24.80,25.15,6459
2014-12-17,25.15,26.35,24.20,26.15,1586
2014-12-18,25.70,26.95,25.70,26.95,679
2014-12-19,26.50,27.25,26.05,26.05,77767
2014-12-22,26.85,27.45,24.50,27.40,3810
2014-12-23,27.00,27.00,26.15,26.60,448
2014-12-24,26.30,27.45,26.20,26.65,3549
2014-12-26,26.70,29.15,26.70,28.80,13647
2014-12-29,30.00,33.90,27.80,28.40,13715
2014-12-30,28.40,28.95,28.20,28.20,528
2014-12-31,27.80,29.50,27.55,28.45,4992
2015-01-01,28.85,31.50,28.20,29.15,11375
2015-01-02,29.60,30.00,29.00,29.45,2653
2015-01-05,30.50,30.50,28.55,28.65,718
2015-01-06,28.00,30.00,28.00,28.00,6518
2015-01-07,28.85,29.50,27.35,28.00,2497
2015-01-08,28.00,30.45,28.00,28.10,66419
2015-01-09,28.50,29.00,28.20,28.30,3643
2015-01-12,27.50,28.75,27.10,28.65,3105
2015-01-13,28.75,28.80,28.15,28.75,4679
2015-01-14,29.35,29.35,27.30,28.50,10407
2015-01-15,29.85,29.85,28.35,28.55,6083
2015-01-16,28.40,29.00,28.40,28.40,4513
2015-01-19,29.85,29.85,28.15,28.40,6871
2015-01-20,28.60,28.60,27.75,27.80,4535
2015-01-21,27.80,28.45,27.80,28.45,6991
2015-01-22,27.80,29.00,27.15,27.30,8009
2015-01-23,27.20,27.20,26.25,26.95,1916
2015-01-27,26.80,27.00,26.70,27.00,747
2015-01-28,27.00,27.00,26.50,26.50,1311
2015-01-29,27.35,27.35,25.30,26.15,10993
2015-01-30,27.05,28.30,27.00,27.90,3898
2015-02-02,27.40,27.80,27.00,27.50,5185
2015-02-03,28.00,29.75,28.00,28.95,2779
2015-02-04,28.50,29.35,27.25,27.70,1290
2015-02-05,28.75,29.00,27.05,27.10,6517
2015-02-06,27.35,27.45,26.55,26.95,2084
2015-02-09,26.60,26.60,25.00,25.25,9800
2015-02-10,25.00,25.00,20.20,20.20,88213
2015-02-11,18.20,21.45,18.20,20.30,43549
2015-02-12,20.95,21.50,18.50,18.90,46278
2015-02-13,20.65,20.75,20.25,20.75,38854
2015-02-16,22.80,22.80,22.80,22.80,8626
2015-02-18,24.00,25.05,24.00,25.05,317213
2015-02-19,27.55,27.55,23.85,27.55,91466
2015-02-20,28.90,28.90,28.90,28.90,11237
2015-02-23,30.20,30.30,30.20,30.30,7012
2015-02-24,31.80,31.80,31.80,31.80,6224
2015-02-25,33.35,33.35,33.35,33.35,8924
2015-02-26,34.50,35.00,32.15,35.00,184584
2015-02-27,36.75,36.75,36.75,36.75,44984
2015-02-28,37.90,38.00,34.95,36.20,62724
2015-03-02,36.00,36.00,34.40,34.45,14374
2015-03-03,33.20,36.15,32.75,36.15,28440
2015-03-04,37.95,37.95,34.65,34.80,48548
2015-03-05,34.50,35.70,33.85,34.60,6064
2015-03-09,35.00,36.30,32.90,33.45,3497
2015-03-10,34.45,34.45,31.85,32.00,9923
2015-03-11,32.05,33.60,32.00,32.30,3512
2015-03-12,33.00,33.80,32.00,32.45,3676
2015-03-13,33.90,33.90,32.20,32.85,8962
2015-03-16,32.15,33.00,31.25,32.00,11417
2015-03-17,30.85,33.00,30.85,31.10,2472
2015-03-18,31.05,32.35,31.00,31.25,1569
2015-03-19,31.95,32.80,31.95,32.50,18206
2015-03-20,33.90,34.10,31.20,31.80,25385
2015-03-23,32.00,32.50,31.40,32.00,6303
2015-03-24,31.25,32.80,31.00,31.20,3269
2015-03-25,31.00,31.70,31.00,31.00,4310
2015-03-26,30.35,30.35,29.50,29.50,2022
2015-03-27,28.20,30.95,28.20,30.75,25234
2015-03-30,30.80,31.95,30.10,30.10,988
2015-03-31,31.10,31.10,29.30,29.70,5652
2015-04-01,29.15,31.15,29.15,30.90,3394
2015-04-06,30.95,30.95,29.55,30.55,4627
2015-04-07,30.65,33.60,30.55,33.10,5653
2015-04-08,33.25,34.85,33.00,34.05,5287
2015-04-09,34.00,34.00,32.55,32.55,4132
2015-04-10,32.70,34.45,32.70,33.75,2948
2015-04-13,32.95,34.00,31.80,32.35,5420
2015-04-15,31.80,33.50,31.45,31.90,18169
2015-04-16,32.65,34.50,32.30,33.45,33805
2015-04-17,34.00,34.85,33.00,33.95,21473
2015-04-20,34.00,35.65,32.90,33.15,29125
2015-04-21,33.80,34.00,32.00,32.40,3817
2015-04-22,32.50,33.30,32.50,32.50,1851
2015-04-23,31.25,34.20,31.25,34.00,1613
2015-04-24,32.35,32.35,31.00,31.00,8870
2015-04-27,32.85,32.85,30.30,30.50,1115
2015-04-28,30.50,33.25,30.50,31.45,758
2015-04-29,31.90,33.90,31.25,32.25,1536
2015-04-30,32.90,32.90,32.85,32.85,26
2015-05-04,32.00,34.00,30.55,32.95,1855
2015-05-05,32.55,34.50,32.20,32.30,2203
2015-05-06,32.00,34.00,31.05,33.80,4800
2015-05-07,32.60,32.95,31.45,31.85,4261
2015-05-08,32.05,33.45,31.95,32.15,3855
2015-05-11,31.65,33.00,31.65,32.55,1166
2015-05-12,32.80,32.80,31.35,31.35,151
2015-05-13,33.90,33.90,30.85,32.65,5820
2015-05-14,34.35,34.35,31.60,33.05,1987
2015-05-15,34.70,35.30,32.90,32.90,3923
2015-05-18,32.80,33.00,31.15,32.55,1154
2015-05-19,32.00,33.00,30.80,31.20,3591
2015-05-20,32.75,32.75,30.50,30.70,1409
2015-05-22,30.15,32.90,30.05,32.35,3293
2015-05-25,31.70,33.40,31.65,32.00,2654
2015-05-26,31.50,31.75,30.40,30.75,4343
2015-05-27,30.80,32.35,30.80,31.05,978
2015-05-28,31.35,32.40,31.35,32.40,106
2015-06-01,31.30,32.90,29.35,29.65,9511
2015-06-02,30.00,30.00,29.00,29.00,2654
2015-06-03,29.00,30.80,28.50,29.45,2204
2015-06-04,30.85,30.85,28.50,28.50,57
2015-06-05,31.00,31.00,26.70,29.95,5642
2015-06-08,29.05,29.90,27.70,28.40,650
2015-06-09,27.60,29.25,27.50,28.65,975
2015-06-10,29.80,30.95,28.35,28.75,5101
2015-06-11,30.00,30.00,28.00,28.00,22
2015-06-12,27.60,29.00,27.60,29.00,20
2015-06-15,27.75,28.10,27.20,27.50,2562
2015-06-16,28.50,28.95,27.30,28.85,610
2015-06-17,29.40,30.00,27.50,27.75,248
2015-06-18,27.60,28.60,27.60,28.45,1291
2015-06-19,26.70,28.75,26.45,27.50,615
2015-06-22,28.00,31.00,27.75,28.50,6297
2015-06-23,29.50,30.50,28.60,29.30,3947
2015-06-24,28.35,28.35,28.35,28.35,101
2015-06-25,29.45,29.50,28.60,29.50,1827
2015-06-26,28.95,29.50,28.25,29.50,1753
2015-06-29,28.10,29.50,28.10,29.45,2095
2015-06-30,29.80,31.00,29.50,30.45,1033
2015-07-01,28.70,30.90,27.65,30.00,3386
2015-07-02,30.00,31.80,29.00,30.65,988
2015-07-03,31.00,33.30,29.90,30.70,19135
2015-07-06,29.50,31.00,29.50,30.95,3152
2015-07-07,30.00,31.05,29.25,29.90,8105
2015-07-08,30.00,31.00,29.75,30.80,12114
2015-07-09,33.50,33.50,29.25,29.60,1587
2015-07-10,30.80,30.80,28.10,29.35,4119
2015-07-13,28.05,31.00,28.05,30.00,572
2015-07-14,29.30,33.70,29.30,31.70,23053
2015-07-15,32.50,32.50,31.50,32.00,7690
2015-07-16,30.85,32.00,30.75,31.25,10354
2015-07-17,31.50,32.50,31.00,31.10,7381
2015-07-20,31.50,32.00,30.70,30.95,5900
2015-07-21,31.95,31.95,29.80,30.10,9488
2015-07-22,32.50,32.50,29.00,30.45,5297
2015-07-23,30.35,30.55,29.65,30.50,3500
2015-07-24,29.45,31.40,29.15,30.85,1052
2015-07-27,30.10,31.35,30.05,30.05,2600
2015-07-28,30.25,30.50,30.10,30.50,1900
2015-07-29,29.50,32.80,29.50,30.45,5915
2015-07-30,30.45,30.45,30.05,30.40,868
2015-07-31,32.00,32.00,31.00,31.00,5725
2015-08-03,32.40,32.40,31.00,31.50,1300
2015-08-04,31.20,31.25,29.75,30.50,5260
2015-08-05,31.25,31.35,30.60,30.80,7632
2015-08-06,31.80,36.95,31.20,36.95,64774
2015-08-07,38.40,43.90,32.60,34.40,169998
2015-08-10,41.25,41.25,40.95,41.25,69812
2015-08-11,49.50,49.50,46.50,49.50,309850
2015-08-12,52.75,53.25,44.55,45.10,391345
2015-08-13,45.20,47.95,41.25,41.70,53425
2015-08-14,43.00,43.00,39.05,39.75,32375
2015-08-17,38.90,43.70,35.85,38.90,144472
2015-08-18,37.60,40.50,37.20,38.10,20659
2015-08-19,37.75,39.80,36.25,38.90,34722
2015-08-20,39.30,39.30,37.00,37.05,12669
2015-08-21,35.30,36.55,35.30,36.10,6719
2015-08-24,34.50,35.45,34.30,34.30,8755
2015-08-25,35.75,36.00,32.60,32.60,12350
2015-08-26,32.40,34.20,31.00,33.85,25427
2015-08-27,34.00,35.50,32.65,35.20,5444
2015-08-28,36.50,36.90,34.80,35.30,8311
2015-08-31,34.15,34.95,33.70,33.95,8510
2015-09-01,32.50,34.45,32.30,32.30,7364
2015-09-02,31.35,33.85,31.10,32.30,13012
2015-09-03,31.90,33.00,31.90,32.65,1988
2015-09-04,31.95,33.00,30.10,31.00,11115
2015-09-07,32.50,34.10,32.10,34.05,80166
2015-09-08,35.70,35.70,31.40,32.35,48033
2015-09-09,32.45,35.55,32.45,34.10,63248
2015-09-10,32.20,36.75,31.70,35.50,19880
2015-09-11,37.90,37.90,35.10,36.50,47899
2015-09-14,36.55,38.00,33.00,33.65,49422
2015-09-15,32.60,34.50,32.55,33.25,10031
2015-09-16,34.00,34.00,32.50,33.30,4653
2015-09-18,35.50,35.50,33.00,33.20,4000
2015-09-21,34.80,34.80,31.30,32.10,1220
2015-09-22,33.65,33.65,31.20,31.30,10186
2015-09-23,32.60,32.60,29.30,32.10,3015
2015-09-24,33.50,34.50,32.15,32.80,10816
2015-09-28,34.40,34.40,31.60,31.95,4978
2015-09-29,33.60,33.60,31.30,31.55,3339
2015-09-30,33.95,33.95,31.45,31.65,4610
2015-10-01,33.00,33.40,31.75,32.40,4861
2015-10-05,34.20,34.20,32.05,32.90,7531
2015-10-06,34.20,34.20,32.00,32.40,6665
2015-10-07,32.35,33.00,31.15,32.95,16889
2015-10-08,32.85,34.30,31.80,33.05,9834
2015-10-09,33.00,33.25,32.35,32.95,6652
2015-10-12,34.30,34.30,32.90,32.90,4075
2015-10-13,32.95,34.00,32.75,32.85,1690
2015-10-14,34.65,34.65,32.50,33.20,2903
2015-10-15,34.65,39.80,33.05,39.55,95752
2015-10-16,37.95,40.95,36.20,37.50,94691
2015-10-19,37.35,45.00,37.35,43.55,169310
2015-10-20,42.85,43.35,40.20,40.55,29936
2015-10-21,41.15,44.60,39.00,44.10,139220
2015-10-23,45.00,46.45,38.65,39.45,205103
2015-10-26,39.25,39.80,36.60,36.95,30890
2015-10-27,37.70,39.80,37.55,38.55,20520
2015-10-28,38.85,41.45,38.10,38.50,31089
2015-10-29,39.95,40.40,38.50,38.90,11928
2015-10-30,37.65,39.00,36.30,36.85,6164
2015-11-02,39.35,39.35,35.35,37.10,5885
2015-11-03,38.00,40.55,36.55,39.35,38373
2015-11-04,35.15,41.80,35.15,38.45,11199
2015-11-05,37.35,39.00,37.25,37.90,6588
2015-11-06,37.95,39.75,36.30,38.00,6516
2015-11-09,39.00,39.00,36.05,37.40,6175
2015-11-10,39.90,39.90,36.50,38.00,6780
2015-11-11,39.90,39.90,37.15,38.65,1701
2015-11-13,38.85,40.00,35.95,36.20,21523
2015-11-16,38.50,39.90,36.35,38.50,32326
2015-11-17,40.00,40.25,37.45,38.90,18701
2015-11-18,39.95,39.95,37.65,38.45,4266
2015-11-19,39.80,39.80,38.25,39.00,5080
2015-11-20,39.55,39.55,38.25,38.65,5329
2015-11-23,39.95,44.00,39.00,43.25,143816
2015-11-24,45.00,47.65,41.70,42.65,47203
2015-11-26,42.20,50.55,42.00,48.00,299733
2015-11-27,48.70,54.80,48.50,50.85,760650
2015-11-30,51.00,51.75,47.80,48.65,71106
2015-12-01,49.70,51.00,46.50,47.20,75668
2015-12-02,48.65,48.65,43.70,46.35,177861
2015-12-03,46.95,48.70,45.70,46.40,41717
2015-12-04,46.90,55.65,44.15,55.50,1087185
2015-12-07,58.00,63.35,57.85,59.05,734581
2015-12-08,57.95,58.00,53.15,53.70,197469
2015-12-09,53.70,56.50,49.50,49.90,140680
2015-12-10,49.90,52.35,47.50,50.85,73491
2015-12-11,51.10,52.95,49.00,49.95,76636
2015-12-14,49.95,53.50,48.20,50.55,114515
2015-12-15,52.35,55.60,50.70,52.40,246102
2015-12-16,52.60,54.15,50.55,51.15,112159
2015-12-17,52.00,54.40,51.20,52.20,82917
2015-12-18,52.90,56.50,52.10,53.30,233373
2015-12-21,53.10,54.95,52.60,53.45,48730
2015-12-22,53.85,54.80,52.00,52.60,51005
2015-12-23,53.00,53.75,51.15,51.50,32145
2015-12-24,52.00,52.80,51.40,51.85,27013
2015-12-28,52.05,52.85,50.05,50.70,23389
2015-12-29,51.80,54.20,50.25,51.65,157419
2015-12-30,52.00,55.25,51.85,52.70,147229
2015-12-31,53.00,55.40,53.00,53.90,95791
2016-01-01,54.70,54.75,52.70,53.35,48308
2016-01-04,53.50,54.30,51.70,52.05,46394
2016-01-05,52.60,56.80,51.75,55.85,128853
2016-01-06,56.30,66.45,56.25,63.60,629570
2016-01-07,63.50,68.70,59.90,64.75,461279
2016-01-08,66.35,75.65,66.00,72.85,1017013
2016-01-11,70.80,74.90,68.35,72.40,590080
2016-01-12,73.90,84.80,72.60,79.45,1252794
2016-01-13,80.75,83.25,71.55,73.40,441324
2016-01-14,69.80,73.20,66.10,70.10,211073
2016-01-15,72.50,73.20,63.10,63.50,109497
2016-01-18,61.30,65.30,57.15,57.25,198775
2016-01-19,58.20,60.10,56.40,60.10,53222
2016-01-20,59.95,59.95,57.10,57.10,40787
2016-01-21,57.90,59.95,54.25,55.55,68950
2016-01-22,55.35,58.30,55.35,58.30,28282
2016-01-25,59.10,61.20,59.10,61.20,14819
2016-01-27,60.55,64.25,60.55,64.25,43669
2016-01-28,67.35,67.45,62.00,63.35,54466
2016-01-29,63.25,65.55,61.50,64.45,24763
2016-02-01,66.90,67.60,61.25,65.25,55149
2016-02-02,66.00,66.90,62.00,62.50,24082
2016-02-03,61.00,61.00,59.40,59.45,23896
2016-02-04,62.20,62.20,56.50,56.65,16998
2016-02-05,58.90,58.90,55.15,57.40,9416
2016-02-08,57.60,59.60,53.30,56.15,24684
2016-02-09,56.00,60.90,54.55,56.55,58786
2016-02-10,56.05,56.95,54.85,54.90,15854
2016-02-11,53.50,57.35,49.45,49.45,144654
2016-02-12,49.00,50.50,44.55,46.90,55834
2016-02-15,47.00,51.00,47.00,48.10,31756
2016-02-16,49.30,51.40,47.50,47.95,39851
2016-02-17,47.00,48.80,45.60,47.40,16237
2016-02-18,48.00,49.00,45.00,47.15,33030
2016-02-19,47.00,47.65,46.00,46.30,4434
2016-02-22,46.50,48.00,44.30,46.85,15934
2016-02-23,45.25,46.90,44.35,44.55,5517
2016-02-24,44.05,44.80,40.65,42.40,10128
2016-02-25,44.00,44.00,40.65,43.00,20612
2016-02-26,43.05,45.00,40.75,42.25,22739
2016-02-29,41.90,43.30,40.40,41.70,9679
2016-03-01,41.50,45.85,41.50,45.45,67973
2016-03-02,46.00,48.45,45.05,46.95,41407
2016-03-03,48.40,49.25,45.30,45.55,19817
2016-03-04,46.00,47.60,44.55,46.20,68359
2016-03-08,46.70,52.40,46.20,50.00,113403
2016-03-09,50.60,60.00,49.25,59.70,415155
2016-03-10,64.00,71.50,63.40,70.45,1193387
2016-03-11,71.20,72.10,67.75,69.20,645573
2016-03-14,70.60,70.60,63.10,63.80,243709
2016-03-15,65.00,67.85,61.75,65.65,231397
2016-03-16,65.85,69.00,64.50,66.60,221403
2016-03-17,67.40,70.75,66.65,67.85,264521
2016-03-18,67.40,69.00,65.70,66.65,79523
2016-03-21,67.00,67.00,64.50,65.20,46636
2016-03-22,65.35,66.20,63.15,63.70,46687
2016-03-23,64.05,67.40,63.55,65.25,52174
2016-03-28,67.40,67.90,62.75,63.55,84273
2016-03-29,63.70,63.70,58.80,59.90,175448
2016-03-30,60.50,61.80,58.50,59.30,69587
2016-03-31,59.85,61.75,58.10,58.80,64915
2016-04-01,60.00,70.55,58.50,70.35,761374
2016-04-04,72.35,72.90,67.00,68.05,377041
2016-04-05,67.95,70.45,63.55,64.05,395194
2016-04-06,65.00,65.90,58.25,61.90,271776
2016-04-07,62.65,66.70,61.10,65.00,188036
2016-04-08,65.00,68.20,63.00,66.35,381999
2016-04-11,66.95,68.00,65.35,67.00,186031
2016-04-12,67.00,69.25,66.50,66.80,145738
2016-04-13,67.25,67.75,65.50,66.00,68705
2016-04-18,66.80,67.10,64.60,65.00,50005
2016-04-20,65.40,66.30,64.70,64.95,39745
2016-04-21,65.10,69.50,64.85,67.40,169488
2016-04-22,67.45,68.95,65.60,66.40,77750
2016-04-25,65.75,66.80,64.50,65.00,56273
2016-04-26,64.95,66.90,64.60,65.15,69848
2016-04-27,65.85,66.00,64.60,64.90,21486
2016-04-28,65.35,65.50,64.10,64.45,27118
2016-04-29,64.55,65.50,63.00,63.55,54217
2016-05-02,63.60,63.60,61.10,61.30,68789
2016-05-03,62.10,63.25,61.05,62.25,44059
2016-05-04,61.15,63.70,61.15,62.40,45529
2016-05-05,62.75,66.30,62.10,63.85,115029
2016-05-06,63.15,66.60,62.55,63.70,92430
2016-05-09,63.65,68.00,62.65,65.70,258584
2016-05-10,64.95,68.50,64.95,68.05,214499
2016-05-11,67.40,68.30,65.35,67.00,309904
2016-05-12,67.55,68.00,66.05,66.65,64255
2016-05-13,66.30,67.50,65.40,66.00,86737
2016-05-16,66.55,67.75,65.00,65.90,76925
2016-05-17,66.40,66.90,65.30,65.50,34669
2016-05-18,65.25,66.80,65.05,66.30,47552
2016-05-19,66.30,67.00,64.20,64.95,22854
2016-05-20,65.10,65.90,63.55,64.05,14794
2016-05-23,64.60,66.25,63.00,63.25,33274
2016-05-24,63.25,63.95,62.30,62.50,8996
2016-05-25,63.10,64.80,63.10,63.60,15731
2016-05-26,64.50,66.50,62.75,63.40,91564
2016-05-27,62.10,62.85,58.30,59.00,75667
2016-05-30,58.00,60.80,57.50,58.80,38584
2016-05-31,58.20,59.50,56.80,57.60,18310
2016-06-01,57.10,59.95,57.05,58.20,22318
2016-06-02,59.95,61.90,57.60,59.10,53190
2016-06-03,59.60,59.90,58.00,58.35,11643
2016-06-06,59.85,59.85,57.05,57.75,15331
2016-06-07,58.05,58.35,57.05,57.70,13848
2016-06-08,58.00,58.50,57.30,57.85,10330
2016-06-09,57.60,59.00,57.60,58.30,16510
2016-06-10,57.10,58.90,57.10,57.60,11254
2016-06-13,56.55,58.00,56.50,57.65,12260
2016-06-14,56.60,61.00,56.60,60.35,66901
2016-06-15,63.35,66.00,63.25,63.75,388989
2016-06-16,62.50,64.50,60.75,62.45,56045
2016-06-17,62.95,64.20,60.50,61.80,33029
2016-06-20,62.00,67.00,61.10,62.70,278134
2016-06-21,62.35,63.80,61.30,62.10,32965
2016-06-22,62.00,63.45,60.35,61.00,39536
2016-06-23,60.90,62.50,60.55,60.95,24334
2016-06-24,59.90,59.90,55.20,57.85,54089
2016-06-27,59.95,62.35,59.50,61.20,117496
2016-06-28,62.70,66.40,61.50,65.40,187444
2016-06-29,67.10,78.45,67.10,76.75,1973636
2016-06-30,75.05,76.40,72.15,72.80,497341
2016-07-01,73.40,74.65,71.55,72.05,124966
2016-07-04,73.50,76.40,73.05,74.20,287573
2016-07-05,74.30,75.10,72.40,73.10,150469
2016-07-07,73.70,74.50,68.40,69.85,98173
2016-07-08,69.95,70.50,66.15,67.90,63565
2016-07-11,69.85,69.90,66.50,66.90,38874
2016-07-12,68.85,68.85,65.25,65.45,66030
2016-07-13,66.90,66.90,62.30,63.20,83209
2016-07-14,63.15,64.50,62.65,63.10,64708
2016-07-15,63.00,64.45,62.55,62.85,45950
2016-07-18,62.30,65.65,62.30,62.95,76158
2016-07-19,63.05,67.40,63.00,65.55,107125
2016-07-20,68.05,69.20,66.50,67.55,195266
2016-07-21,68.05,68.40,64.00,64.35,73427
2016-07-22,64.70,65.45,63.25,63.65,44805
2016-07-25,63.60,65.30,63.00,64.15,34343
2016-07-26,64.90,66.80,63.30,63.60,96591
2016-07-27,63.40,64.80,63.00,63.50,21593
2016-07-28,63.25,64.90,63.15,63.45,19014
2016-07-29,63.05,65.00,63.00,63.40,22031
2016-08-01,63.70,65.90,62.55,62.95,54075
2016-08-02,63.85,67.30,63.20,64.05,234118
2016-08-03,64.00,64.25,62.75,63.00,23629
2016-08-04,63.95,64.00,63.00,63.20,24614
2016-08-05,63.30,68.85,63.05,67.35,322496
2016-08-08,67.75,72.35,66.05,67.50,432803
2016-08-09,67.90,68.20,65.00,66.95,84142
2016-08-10,67.00,68.25,64.50,65.35,58477
2016-08-11,65.25,67.40,63.55,64.15,147791
2016-08-12,64.90,67.40,63.60,63.95,21606
2016-08-16,63.85,64.90,61.15,62.05,31325
2016-08-17,62.15,63.30,62.15,62.65,7891
2016-08-18,62.30,64.80,62.25,63.35,16384
2016-08-19,63.20,63.95,62.10,62.55,13724
2016-08-22,63.90,63.90,62.25,62.50,12600
2016-08-23,62.25,63.45,62.25,62.75,6533
2016-08-24,62.25,71.40,62.20,69.70,161535
2016-08-25,70.70,74.40,70.15,72.85,555696
2016-08-26,73.80,74.90,68.60,70.75,241029
2016-08-29,71.00,80.60,68.65,78.65,808854
2016-08-30,79.10,81.00,76.75,78.60,357440
2016-08-31,78.95,82.35,75.15,76.50,275778
2016-09-01,76.90,78.70,72.50,73.05,71271
2016-09-02,73.75,76.90,72.50,73.00,98755
2016-09-06,73.75,85.45,73.75,81.65,744162
2016-09-07,82.50,87.90,81.20,82.55,400074
2016-09-08,83.40,87.80,79.20,86.15,250222
2016-09-09,86.05,95.00,85.10,90.25,936245
2016-09-12,87.00,93.90,86.60,90.20,524439
2016-09-14,90.60,95.70,90.05,93.00,562538
2016-09-15,92.50,94.00,90.10,91.25,142129
2016-09-16,91.95,92.85,86.65,88.00,120227
2016-09-19,88.70,91.40,87.25,88.05,107673
2016-09-20,88.70,91.75,86.70,88.00,187757
2016-09-21,88.55,90.95,87.60,88.70,60778
2016-09-22,90.00,92.00,89.15,89.55,66450
2016-09-23,87.20,90.50,86.75,87.40,43443
2016-09-26,87.85,88.10,84.90,85.45,29633
2016-09-27,92.30,102.50,91.25,102.50,1297599
2016-09-28,111.70,118.15,108.95,111.05,2045872
2016-09-29,110.00,110.80,90.05,96.25,784366
2016-09-30,92.00,101.70,90.00,97.20,720245
2016-10-03,99.10,116.60,98.50,114.35,1564607
2016-10-04,114.95,123.90,110.75,120.25,1084888
2016-10-05,120.00,121.90,112.50,113.90,433073
2016-10-06,114.70,115.95,108.00,108.70,184977
2016-10-07,108.50,124.90,105.40,118.45,1327744
2016-10-10,119.40,131.00,114.30,126.75,1492282
2016-10-13,125.95,126.50,117.60,121.35,355828
2016-10-14,122.00,128.40,120.10,123.45,421767
2016-10-17,124.60,128.95,121.80,126.20,405601
2016-10-18,126.95,132.55,126.30,127.65,531607
2016-10-19,128.50,128.90,123.00,123.70,134778
2016-10-20,124.85,125.65,121.00,121.70,94302
2016-10-21,121.10,125.00,121.00,121.85,74667
2016-10-24,122.10,127.35,117.85,121.95,151681
2016-10-25,122.90,124.75,120.10,122.55,86755
2016-10-26,122.50,123.75,119.50,120.35,53163
2016-10-27,120.30,121.45,114.10,117.65,71168
2016-10-28,119.10,123.50,119.10,120.15,136807
2016-11-01,119.90,124.90,117.55,121.25,172959
2016-11-02,119.90,126.20,116.00,119.90,634076
2016-11-03,120.45,126.85,118.40,119.45,466157
2016-11-04,120.55,123.00,108.15,110.80,303377
2016-11-07,112.20,116.40,111.95,113.40,109859
2016-11-08,114.50,115.55,111.20,111.45,42592
2016-11-09,99.20,105.90,89.20,104.15,126640
2016-11-10,105.95,115.00,105.95,110.50,123688
2016-11-11,105.10,117.00,104.00,109.65,184974
2016-11-15,107.40,114.00,94.05,96.05,121825
2016-11-16,99.05,102.40,94.25,95.05,61380
2016-11-17,96.50,98.40,82.50,87.95,164586
2016-11-18,87.95,90.00,82.70,86.15,62544
2016-11-21,86.20,88.95,80.10,81.35,67323
2016-11-22,81.00,84.95,76.50,79.95,68387
2016-11-23,82.00,84.50,79.95,84.00,76385
2016-11-24,82.95,90.95,82.00,88.80,171960
2016-11-25,87.75,93.20,87.75,91.20,62393
2016-11-28,91.00,94.75,90.00,92.20,82162
2016-11-29,92.10,95.00,91.35,92.35,57070
2016-11-30,92.95,95.40,92.00,94.45,35216
2016-12-01,95.35,97.50,94.00,94.40,89622
2016-12-02,93.80,94.00,91.10,92.00,36474
2016-12-05,91.10,94.95,89.50,91.20,40152
2016-12-06,92.75,92.85,87.60,91.10,21025
2016-12-07,92.30,93.40,89.25,91.65,21816
2016-12-08,93.35,93.40,90.15,91.40,28578
2016-12-09,90.65,94.75,90.65,92.20,43503
2016-12-12,91.00,92.80,89.00,89.50,18905
2016-12-13,90.05,92.90,88.25,89.90,35587
2016-12-14,90.80,91.25,86.25,87.05,18128
2016-12-15,87.50,91.75,87.50,89.45,59693
2016-12-16,89.95,90.35,88.10,88.75,12476
2016-12-19,89.40,91.50,87.50,89.30,37439
2016-12-20,89.70,89.70,86.00,86.65,19424
2016-12-21,86.95,87.50,85.30,86.05,11553
2016-12-22,86.00,87.45,83.30,83.50,35138
2016-12-23,83.80,86.70,82.10,85.85,52794
2016-12-26,88.10,92.60,86.50,87.25,88055
2016-12-27,86.75,87.90,83.80,85.40,42656
2016-12-28,85.75,87.80,85.10,85.25,33323
2016-12-29,84.30,86.90,84.25,85.75,10197
2016-12-30,84.55,93.80,84.55,90.95,94419
2017-01-02,90.20,92.50,88.60,89.60,43413
2017-01-03,90.90,91.95,89.20,89.60,17122
2017-01-04,89.70,93.50,88.50,90.35,36880
2017-01-05,90.75,104.90,90.45,101.60,791598
2017-01-06,102.50,102.80,97.00,98.65,171854
2017-01-09,99.70,100.25,98.00,98.45,43672
2017-01-10,99.00,99.95,97.20,97.50,29662
2017-01-11,97.95,102.45,96.60,98.45,228651
2017-01-12,98.20,99.00,96.30,96.75,42652
2017-01-13,98.65,101.70,98.00,98.30,102281
2017-01-16,98.00,99.00,96.35,96.80,32383
2017-01-17,96.90,99.45,96.40,97.15,57001
2017-01-18,97.45,100.50,97.25,99.60,122676
2017-01-19,100.30,102.65,98.10,99.15,77193
2017-01-20,98.35,99.50,95.55,96.00,37601
2017-01-23,96.95,101.00,96.10,99.85,235062
2017-01-24,100.00,100.45,98.10,98.70,34594
2017-01-25,99.45,99.90,95.70,96.05,72825
2017-01-27,96.90,99.50,96.45,97.15,43299
2017-01-30,96.70,97.85,95.10,96.10,21940
2017-01-31,95.85,95.85,87.50,91.35,28396
2017-02-01,92.30,92.95,90.15,91.30,21253
2017-02-02,92.80,94.10,91.05,93.10,24181
2017-02-03,95.35,99.90,94.00,97.50,249584
2017-02-06,97.80,98.50,95.50,95.95,28354
2017-02-07,96.45,96.65,94.45,95.85,21210
2017-02-08,96.75,98.70,95.10,95.95,33681
2017-02-09,96.85,99.40,96.55,98.65,86823
2017-02-10,98.15,99.45,93.00,93.45,58628
2017-02-13,93.90,94.00,90.50,91.35,18914
2017-02-14,91.95,92.85,90.60,91.10,15707
2017-02-15,91.85,91.85,86.10,86.90,26178
2017-02-16,86.95,88.25,85.50,86.70,25903
2017-02-17,86.25,91.40,86.00,90.30,33535
2017-02-20,90.00,93.90,89.05,92.50,19502
2017-02-21,92.80,93.15,90.65,91.05,12053
2017-02-22,90.05,93.60,89.25,91.80,33512
2017-02-23,91.15,92.80,88.10,89.55,20385
2017-02-27,89.95,94.80,89.55,92.85,85624
2017-02-28,92.10,92.85,90.95,91.75,9141
2017-03-01,91.30,91.85,90.20,90.75,14470
2017-03-02,91.75,91.80,88.70,89.10,13085
2017-03-03,90.80,93.40,89.55,91.15,66571
2017-03-06,90.10,91.70,88.10,88.85,23826
2017-03-07,89.50,92.80,88.20,90.10,41220
2017-03-08,89.20,89.95,87.00,87.55,28772
2017-03-09,88.55,90.50,87.25,88.45,53494
2017-03-10,88.45,88.95,85.20,85.70,25829
2017-03-14,87.35,87.75,84.30,84.75,35496
2017-03-15,84.75,86.50,84.10,85.75,30093
2017-03-16,85.95,90.00,85.05,88.50,59673
2017-03-17,88.95,89.30,86.10,86.50,20689
2017-03-20,87.00,90.00,86.05,87.50,22336
2017-03-21,87.00,87.95,85.35,86.45,44611
2017-03-22,86.05,86.45,83.05,85.05,9296
2017-03-23,85.05,95.95,85.05,91.70,610165
2017-03-24,91.95,96.20,91.00,91.45,253271
2017-03-27,92.30,93.30,90.05,90.40,54819
2017-03-28,91.30,92.30,90.00,90.40,45417
2017-03-29,91.80,96.75,91.50,94.30,249104
2017-03-30,96.40,108.45,94.50,104.30,926546
2017-03-31,104.50,104.85,99.70,100.25,201308
2017-04-03,100.95,103.80,99.30,100.30,78306
2017-04-05,100.45,104.80,100.20,101.05,164142
2017-04-06,101.10,103.50,98.80,99.55,43995
2017-04-07,101.75,102.40,97.75,98.20,109463
2017-04-10,99.00,102.75,98.00,99.10,296159
2017-04-11,99.70,102.00,98.75,100.80,162170
2017-04-12,100.20,100.85,96.55,97.50,48471
2017-04-13,97.90,98.85,95.00,95.35,33315
2017-04-17,95.35,97.40,95.00,95.40,34264
2017-04-18,95.95,97.90,92.25,92.70,60422
2017-04-19,93.00,96.90,91.65,93.80,58346
2017-04-20,93.95,96.00,93.95,95.45,35082
2017-04-21,95.10,98.70,94.00,95.55,85239
2017-04-24,97.95,99.60,95.15,97.10,107511
2017-04-25,97.60,112.50,96.50,105.40,2252142
2017-04-26,106.30,108.60,98.15,101.60,459020
2017-04-27,102.30,111.00,102.00,105.90,785600
2017-04-28,111.00,115.90,110.10,110.80,1288963
2017-05-02,111.50,111.80,102.50,104.70,259240
2017-05-03,104.00,104.00,100.00,100.30,141694
2017-05-04,101.00,107.80,99.30,102.05,519819
2017-05-05,102.00,102.90,98.05,98.50,105989
2017-05-08,104.45,105.90,101.20,102.10,266868
2017-05-09,101.70,102.80,99.55,99.85,64372
2017-05-10,100.00,104.00,100.00,102.35,150925
2017-05-11,102.70,102.80,99.55,99.85,47619
2017-05-12,100.35,102.40,98.55,98.85,88211
2017-05-15,99.65,101.50,98.40,98.65,69802
2017-05-16,99.00,99.55,97.30,97.80,31960
2017-05-17,97.00,98.95,96.30,96.80,65663
2017-05-18,95.20,97.00,94.00,94.50,41235
2017-05-19,94.50,97.90,92.60,94.15,47719
2017-05-22,93.45,98.75,90.90,96.00,244277
2017-05-23,94.05,98.50,92.10,93.30,55825
2017-05-24,94.00,96.70,91.25,92.15,85777
2017-05-25,96.40,96.40,93.00,94.70,68859
2017-05-26,93.40,97.70,93.40,96.25,98900
2017-05-29,96.60,96.85,93.25,93.70,22516
2017-05-30,93.75,97.00,92.00,92.80,85273
2017-05-31,92.70,94.60,92.50,92.75,30060
2017-06-01,93.40,94.85,92.50,93.05,53342
2017-06-02,93.10,100.60,92.80,95.75,267916
2017-06-05,95.25,97.00,93.50,93.90,97261
2017-06-06,94.35,94.40,93.00,93.10,25395
2017-06-07,93.85,94.25,92.80,92.90,23049
2017-06-08,93.05,99.00,92.80,95.20,135645
2017-06-09,97.40,98.95,95.55,96.50,226209
2017-06-12,97.95,99.45,95.90,96.65,241011
2017-06-13,95.55,99.25,95.55,97.20,169600
2017-06-14,97.25,98.50,95.40,97.65,104918
2017-06-15,96.60,102.00,96.60,100.55,242678
2017-06-16,102.10,103.75,100.05,101.70,204679
2017-06-19,102.70,107.50,101.65,106.00,355941
2017-06-20,109.30,112.25,107.50,110.50,533074
2017-06-21,110.70,114.40,108.40,111.30,528689
2017-06-22,112.90,120.10,112.90,114.40,703708
2017-06-23,115.40,116.40,107.25,109.20,307759
2017-06-27,107.60,109.75,100.10,102.90,195840
2017-06-28,101.00,104.50,99.55,100.40,131712
2017-06-29,100.15,104.90,100.15,101.85,78448
2017-06-30,100.10,104.50,98.10,102.75,170455
2017-07-03,102.95,109.40,101.25,106.85,322693
2017-07-04,107.90,110.80,106.15,107.85,176057
2017-07-05,109.05,113.40,109.05,110.25,164318
2017-07-06,110.25,114.95,107.35,110.15,328730
2017-07-07,109.90,110.80,104.05,105.40,176456
2017-07-10,107.00,107.00,103.55,104.05,17263
2017-07-11,104.05,106.90,103.05,104.20,80049
2017-07-12,104.95,106.50,102.50,105.10,88434
2017-07-13,104.95,107.75,103.00,103.90,121230
2017-07-14,103.95,104.85,100.30,101.50,78004
2017-07-17,101.95,104.90,100.60,102.40,337815
2017-07-18,102.85,105.30,101.55,102.25,120196
2017-07-19,102.40,103.95,100.20,101.40,68769
2017-07-20,101.00,104.50,101.00,102.35,84800
2017-07-21,107.00,107.80,103.05,103.90,221037
2017-07-24,104.05,104.90,100.80,101.05,52474
2017-07-25,101.65,106.00,99.65,103.60,604378
2017-07-26,103.95,106.45,101.50,101.85,97373
2017-07-27,102.60,102.95,98.65,99.15,67351
2017-07-28,99.10,102.75,98.05,99.40,103760
2017-07-31,100.90,105.00,99.05,100.45,67243
2017-08-01,100.95,102.70,99.85,100.30,66592
2017-08-02,100.70,101.70,99.15,99.25,32957
2017-08-03,99.75,103.50,97.00,99.30,438800
2017-08-04,99.70,101.80,96.55,97.05,178655
2017-08-07,97.70,98.00,94.80,95.40,76151
2017-08-08,95.60,95.75,92.60,93.10,80418
2017-08-09,92.20,94.05,90.35,91.85,65162
2017-08-10,92.05,93.00,84.60,85.15,43069
2017-08-11,85.15,85.15,72.40,81.80,48334
2017-08-14,83.00,87.00,83.00,84.95,139655
2017-08-16,85.50,89.80,85.50,88.95,77018
2017-08-17,89.70,92.00,87.10,88.00,79678
2017-08-18,87.05,87.65,85.55,86.10,39807
2017-08-21,88.35,97.40,88.35,93.15,939657
2017-08-22,93.95,94.30,89.80,91.20,136978
2017-08-23,91.60,91.90,89.00,90.05,49288
2017-08-24,90.45,91.30,88.70,89.30,48398
2017-08-28,89.95,93.25,89.70,90.25,68486
2017-08-29,90.25,94.00,90.15,93.15,130661
2017-08-30,93.15,96.90,93.15,95.40,129612
2017-08-31,94.00,94.00,90.05,92.35,231374
2017-09-01,92.00,92.00,89.50,89.75,96694
2017-09-04,91.20,91.20,88.75,89.45,25067
2017-09-05,89.70,91.70,89.30,89.70,35735
2017-09-06,89.25,105.00,87.60,101.90,709536
2017-09-07,107.00,108.80,100.00,100.70,830517
2017-09-08,101.00,102.00,96.85,97.20,98965
2017-09-11,98.05,101.50,96.75,97.95,114177
2017-09-12,98.55,100.50,97.70,98.20,98705
2017-09-13,98.60,102.90,98.50,99.45,255625
2017-09-14,99.85,101.50,97.00,97.85,78500
2017-09-15,97.00,98.60,95.80,96.50,62506
2017-09-18,96.50,99.05,96.50,97.60,61021
2017-09-19,98.05,100.45,97.05,97.75,80495
2017-09-20,97.75,101.50,97.15,97.70,191880
2017-09-21,98.90,100.90,97.70,99.70,245657
2017-09-22,99.50,101.90,93.00,94.75,141078
2017-09-25,94.95,97.90,92.00,94.45,107499
2017-09-26,94.90,96.00,93.25,94.15,54657
2017-09-27,94.55,95.50,90.50,91.20,83750
2017-09-28,91.20,93.30,89.10,90.35,62312
2017-09-29,91.25,93.65,90.50,91.60,38904
2017-10-03,91.95,95.15,91.95,93.50,59191
2017-10-04,93.85,96.35,92.40,93.80,64191
2017-10-05,93.55,95.90,93.50,94.55,104464
2017-10-06,94.55,96.10,93.50,94.65,62657
2017-10-09,95.00,96.40,94.10,94.50,68579
2017-10-10,94.90,95.55,93.15,93.65,60991
2017-10-11,94.00,95.55,91.40,91.85,71995
2017-10-12,94.10,95.40,93.05,93.75,114639
2017-10-13,93.95,97.85,93.50,96.60,242026
2017-10-16,96.60,101.00,96.45,97.75,299065
2017-10-17,98.20,99.80,96.35,97.80,113037
2017-10-18,97.10,100.00,95.30,96.60,148256
2017-10-19,96.40,96.70,94.00,95.00,25793
2017-10-23,95.10,98.10,94.50,94.80,81211
2017-10-24,94.80,95.85,92.35,92.80,95615
2017-10-25,93.00,93.90,91.05,91.45,55432
2017-10-26,91.45,94.40,91.05,92.30,76580
2017-10-27,92.45,93.75,90.20,90.45,79046
2017-10-30,91.40,92.70,91.00,91.20,60692
2017-10-31,91.00,96.80,91.00,93.25,453213
2017-11-01,93.95,94.90,92.75,93.15,59762
2017-11-02,93.15,93.65,87.15,89.60,269610
2017-11-03,89.95,91.75,88.55,89.20,109699
2017-11-06,89.00,91.10,88.80,89.85,82331
2017-11-07,89.15,90.30,86.00,87.75,66059
2017-11-08,88.20,90.40,87.25,87.85,78603
2017-11-09,88.05,92.10,87.85,91.80,272736
2017-11-10,91.25,92.50,90.10,90.95,71634
2017-11-13,90.05,90.65,88.20,88.70,22264
2017-11-14,88.50,90.20,88.00,88.25,30492
2017-11-15,88.20,88.90,85.65,86.65,56680
2017-11-16,86.55,88.80,86.50,87.95,22053
2017-11-17,89.75,91.20,88.60,90.25,68338
2017-11-20,90.90,90.90,88.50,88.85,24231
2017-11-21,89.50,89.90,87.50,87.90,42927
2017-11-22,88.60,88.90,87.05,87.65,20782
2017-11-23,87.65,88.50,87.00,87.85,22207
2017-11-24,88.45,91.95,88.35,89.50,76315
2017-11-27,89.65,90.80,89.30,90.00,21087
2017-11-28,90.80,97.50,90.15,92.35,500078
2017-11-29,92.85,96.85,92.70,94.50,209465
2017-11-30,103.80,112.00,102.00,105.55,4512125
2017-12-01,106.90,110.75,104.25,106.45,1022838
2017-12-04,108.75,115.85,102.00,111.00,1590497
2017-12-05,111.30,112.70,107.40,108.10,350455
2017-12-06,106.00,109.50,103.35,104.05,263692
2017-12-07,104.80,108.70,104.05,104.90,237766
2017-12-08,105.75,106.95,101.30,102.20,166545
2017-12-11,102.50,103.20,99.25,100.05,121599
2017-12-12,100.20,104.65,98.50,99.15,206307
2017-12-13,100.25,103.30,98.25,98.85,217967
2017-12-14,99.25,99.75,94.15,96.00,165936
2017-12-15,96.75,105.00,96.75,100.60,558215
2017-12-18,100.00,105.20,95.05,100.30,304776
2017-12-19,101.00,104.65,100.60,103.15,248637
2017-12-20,104.60,108.20,103.30,105.20,718773
2017-12-21,105.95,107.00,103.05,104.70,185247
2017-12-22,106.30,110.00,105.00,106.05,509510
2017-12-26,106.50,107.50,103.30,104.65,316639
2017-12-27,105.40,108.45,103.60,105.95,323658
2017-12-28,105.85,107.95,104.20,104.70,176785
2017-12-29,104.95,105.70,102.60,103.50,95718
2018-01-01,103.90,107.80,102.55,103.25,299601
2018-01-02,103.00,104.00,99.05,100.40,100611
2018-01-03,100.90,107.30,100.90,105.65,622438
2018-01-04,106.25,107.95,105.00,105.30,172760
2018-01-05,105.30,106.25,103.20,103.65,111476
2018-01-08,103.70,104.70,101.40,102.35,100108
2018-01-09,102.80,106.20,102.00,103.40,246879
2018-01-10,103.10,103.80,100.90,101.40,84490
2018-01-11,101.40,103.65,100.20,100.90,97310
2018-01-12,101.50,102.65,100.10,100.45,86131
2018-01-15,100.45,102.10,100.05,100.45,63802
2018-01-16,101.10,101.25,95.85,96.20,70556
2018-01-17,96.20,97.65,93.40,95.95,94810
2018-01-18,96.50,101.75,92.60,93.70,190908
2018-01-19,92.65,95.00,92.05,93.90,59607
2018-01-22,94.60,96.00,92.20,94.15,73245
2018-01-23,93.90,96.70,93.25,94.50,89281
2018-01-24,94.30,96.65,91.25,91.60,145627
2018-01-25,92.05,93.50,90.50,91.00,35583
2018-01-29,91.25,94.10,88.50,89.60,74413
2018-01-30,88.55,90.95,86.90,88.25,184556
2018-01-31,87.35,89.30,87.00,87.45,42919
2018-02-01,87.20,88.50,85.80,86.05,55493
2018-02-02,85.25,85.45,81.00,81.45,52535
2018-02-05,77.50,81.25,76.35,79.70,92295
2018-02-06,76.95,78.45,75.10,77.70,40844
2018-02-07,78.95,82.55,78.95,80.80,41251
2018-02-08,81.45,83.45,81.40,82.65,33329
2018-02-09,80.40,81.70,79.55,80.75,54767
2018-02-12,81.85,86.50,81.80,86.00,90045
2018-02-14,83.85,85.90,81.10,82.00,86100
2018-02-15,82.30,83.65,80.00,80.20,30129
2018-02-16,82.50,84.00,78.25,79.05,87577
2018-02-19,79.55,80.05,76.85,77.55,29821
2018-02-20,78.10,78.45,72.45,72.80,76292
2018-02-21,73.30,74.25,73.00,73.50,38629
2018-02-22,73.00,75.40,72.45,74.55,31887
2018-02-23,74.90,78.80,74.45,76.00,98679
2018-02-26,76.15,77.00,75.30,76.35,16932
2018-02-27,75.70,76.55,73.50,73.90,48123
2018-02-28,73.10,74.45,73.10,73.50,14481
2018-03-01,73.20,73.95,72.10,72.50,25160
2018-03-05,70.00,71.90,70.00,70.20,54619
2018-03-06,70.85,71.75,63.60,64.75,122268
2018-03-07,64.00,68.50,61.20,64.70,400135
2018-03-08,65.00,65.75,62.60,63.40,80136
2018-03-09,64.00,65.25,63.15,64.50,45983
2018-03-12,65.00,65.90,64.00,64.80,14175
2018-03-13,63.80,67.50,63.80,67.05,50078
2018-03-14,66.70,67.40,65.60,66.55,27213
2018-03-15,66.05,71.90,65.20,70.25,228563
2018-03-16,71.20,73.70,67.50,68.05,131230
2018-03-19,67.50,67.85,65.00,66.15,24031
2018-03-20,65.20,66.50,64.50,64.70,15817
2018-03-21,65.40,66.90,63.00,63.45,24939
2018-03-22,63.90,65.70,63.10,64.85,41532
2018-03-23,62.00,63.85,61.60,62.25,44982
2018-03-26,62.25,66.40,61.15,63.65,67087
2018-03-27,64.95,66.30,63.10,64.85,36541
2018-03-28,64.35,65.05,61.95,63.50,55219
2018-04-02,66.10,68.45,63.15,65.50,114082
2018-04-03,65.40,66.70,64.65,66.20,36676
2018-04-04,66.75,68.45,64.05,64.75,50788
2018-04-05,65.85,66.90,65.85,66.40,22459
2018-04-06,66.75,69.50,65.10,68.80,95689
2018-04-09,68.25,70.50,67.50,68.40,44528
2018-04-10,68.80,68.95,66.00,66.65,24316
2018-04-11,66.25,67.50,66.05,66.25,11277
2018-04-12,66.70,67.65,66.30,66.70,36950
2018-04-13,66.20,67.70,65.90,66.10,17356
2018-04-16,65.10,66.75,65.10,65.80,20971
2018-04-17,65.50,65.95,65.05,65.25,15693
2018-04-18,65.55,65.90,63.00,63.40,26724
2018-04-19,63.55,64.15,61.65,63.00,25271
2018-04-20,64.40,66.75,64.40,65.10,112092
2018-04-23,66.85,66.85,63.75,65.45,64062
2018-04-24,65.10,65.75,64.10,64.25,14631
2018-04-25,64.00,64.25,63.00,63.60,10991
2018-04-26,63.90,63.90,62.00,62.90,11628
2018-04-27,62.75,63.45,61.50,62.20,10756
2018-04-30,62.50,63.70,62.25,62.30,8019
2018-05-02,62.30,62.35,60.55,60.95,14077
2018-05-03,61.00,66.00,60.55,64.55,185029
2018-05-04,64.50,65.00,63.20,63.75,24944
2018-05-07,63.30,65.20,63.25,63.95,42847
2018-05-08,63.55,64.25,62.05,62.50,14244
2018-05-09,62.10,62.65,61.50,62.25,36062
2018-05-10,61.95,72.65,61.15,67.45,1120213
2018-05-11,67.25,68.45,63.45,63.90,80089
2018-05-14,64.70,67.00,63.00,64.20,40273
2018-05-15,63.55,64.00,61.90,62.15,18181
2018-05-16,61.55,64.00,59.25,62.50,30369
2018-05-17,62.35,64.00,61.90,62.20,13043
2018-05-18,62.05,63.15,61.00,61.10,32057
2018-05-21,60.20,62.00,57.00,57.40,40784
2018-05-22,57.05,58.90,56.00,58.40,39889
2018-05-23,58.05,63.30,57.20,61.80,105430
2018-05-24,61.55,64.30,61.00,63.00,51019
2018-05-25,62.00,62.00,58.50,58.75,55036
2018-05-28,59.90,60.00,57.30,57.85,26905
2018-05-29,57.80,59.80,57.00,58.55,18617
2018-05-30,58.00,58.90,57.15,57.50,11623
2018-05-31,57.70,58.80,56.45,57.00,10176
2018-06-01,57.05,57.05,55.10,55.75,22275
2018-06-04,55.55,56.45,52.55,53.50,16169
2018-06-05,53.00,53.00,49.65,50.20,14183
2018-06-06,54.00,54.00,50.20,52.95,23485
2018-06-07,53.25,54.60,52.60,53.95,11981
2018-06-08,54.70,57.45,53.05,54.80,40928
2018-06-11,53.65,55.35,53.60,54.05,11004
2018-06-12,53.95,54.80,53.10,53.70,10636
2018-06-13,54.85,56.70,53.25,54.60,31457
2018-06-14,54.10,56.35,53.50,55.55,28158
2018-06-15,55.90,55.90,53.65,54.20,17881
2018-06-18,54.20,54.20,52.40,52.55,14032
2018-06-19,53.20,53.55,52.10,52.55,7635
2018-06-20,52.20,53.15,51.50,52.00,5734
2018-06-21,51.90,52.40,50.10,50.70,8391
2018-06-22,50.45,52.50,48.75,50.00,6247
2018-06-25,48.30,50.95,47.30,48.10,9604
2018-06-26,48.15,48.80,46.90,47.90,19977
2018-06-27,47.50,50.40,42.55,43.80,56186
2018-06-28,44.90,44.90,42.00,42.75,18647
2018-06-29,42.55,45.75,42.50,44.95,20890
2018-07-02,46.00,46.00,43.00,43.25,8001
2018-07-03,43.30,48.00,42.00,42.50,71166
2018-07-04,42.25,43.85,41.60,42.75,19672
2018-07-05,42.60,43.70,41.60,42.00,18603
2018-07-06,41.15,42.85,40.95,41.25,15787
2018-07-09,42.70,43.70,41.25,42.25,24530
2018-07-10,42.05,44.70,41.50,43.90,22684
2018-07-11,44.00,45.00,43.05,43.95,14931
2018-07-12,43.35,48.25,43.25,44.10,108815
2018-07-13,45.80,46.00,40.50,44.00,249846
2018-07-16,44.05,44.90,41.80,42.35,19730
2018-07-17,41.55,42.75,40.05,41.45,23334
2018-07-18,41.55,41.80,40.05,40.35,10665
2018-07-19,40.55,44.00,37.55,38.10,106007
2018-07-20,37.50,38.90,37.05,37.75,14983
2018-07-23,37.10,44.50,37.10,41.15,303036
2018-07-24,41.05,46.00,40.25,43.75,149162
2018-07-25,43.10,43.50,41.00,41.45,26413
2018-07-26,41.45,42.30,40.60,41.40,12936
2018-07-27,41.70,42.80,41.15,42.30,9933
2018-07-30,41.95,44.10,41.65,43.10,45110
2018-07-31,42.05,44.00,42.00,42.85,19419
2018-08-01,42.30,48.55,42.25,43.85,127441
2018-08-02,44.55,45.50,43.30,44.30,21816
2018-08-03,44.10,47.25,43.20,45.75,57845
2018-08-06,45.55,47.40,45.00,45.80,33994
2018-08-07,45.65,47.70,44.60,45.95,37363
2018-08-08,46.55,53.00,46.50,49.40,557823
2018-08-09,49.75,51.25,47.75,49.65,58259
2018-08-10,50.05,55.35,49.00,51.15,282961
2018-08-13,51.60,56.45,50.05,53.55,237944
2018-08-14,54.50,59.50,52.50,55.15,447468
2018-08-16,53.00,57.75,53.00,53.60,66693
2018-08-17,54.90,55.80,52.60,53.10,33351
2018-08-20,53.10,56.80,53.10,55.35,107221
2018-08-21,55.10,60.25,54.70,55.85,358691
2018-08-23,55.70,57.20,54.90,55.15,29915
2018-08-24,54.95,56.00,54.50,54.50,23394
2018-08-27,54.05,56.70,54.05,54.70,41742
2018-08-28,55.60,56.20,53.20,53.30,14630
2018-08-29,53.05,54.70,52.45,53.20,13644
2018-08-30,54.00,54.00,50.80,51.90,33047
2018-08-31,51.60,52.45,50.75,51.55,11885
2018-09-03,53.90,53.90,48.60,49.45,34619
2018-09-04,48.65,49.95,47.15,47.90,35404
2018-09-05,48.05,48.05,45.25,45.45,17833
2018-09-06,45.95,47.40,45.00,46.85,20790
2018-09-07,46.25,46.90,45.30,45.95,16009
2018-09-10,45.35,47.90,45.30,46.70,8365
2018-09-11,45.70,47.00,44.30,44.95,11464
2018-09-12,45.90,46.00,43.85,45.15,12018
2018-09-14,45.00,46.50,44.55,45.55,8768
2018-09-17,45.05,46.90,44.60,45.65,8379
2018-09-18,45.10,48.30,45.05,45.15,34842
2018-09-19,45.25,46.30,42.65,43.65,9542
2018-09-21,43.65,44.65,38.15,39.35,27272
2018-09-24,41.90,41.90,38.95,40.55,14471
2018-09-25,39.85,41.45,39.00,40.20,30487
2018-09-26,40.00,42.05,40.00,40.60,16618
2018-09-27,40.10,41.50,39.75,39.80,8589
2018-09-28,40.90,41.65,31.85,33.30,114126
2018-10-01,33.30,35.85,32.15,34.75,25940
2018-10-03,34.95,39.45,34.10,37.55,45634
2018-10-04,36.30,37.80,35.55,36.60,13463
2018-10-05,36.05,40.30,35.40,39.60,22676
2018-10-08,39.60,39.60,35.30,36.45,13898
2018-10-09,36.50,43.65,35.30,38.75,414786
2018-10-10,38.45,39.45,36.65,37.50,96653
2018-10-11,36.25,39.80,33.00,36.50,84118
2018-10-12,37.55,38.00,36.40,36.65,28295
2018-10-15,36.55,37.00,35.65,36.65,17416
2018-10-16,36.30,38.20,36.20,37.25,16350
2018-10-17,39.65,43.00,39.15,40.45,335088
2018-10-19,40.05,40.05,37.00,38.40,32596
2018-10-22,39.00,39.80,37.50,38.30,22302
2018-10-23,37.25,38.50,36.50,36.75,16483
2018-10-24,36.55,38.05,36.50,37.10,19326
2018-10-25,36.25,36.75,36.05,36.35,8634
2018-10-26,36.05,36.85,35.60,36.05,9018
2018-10-29,36.10,36.95,35.70,36.40,17986
2018-10-30,35.90,37.50,35.60,37.05,21135
2018-10-31,36.55,39.80,36.50,38.25,20800
2018-11-01,37.70,38.45,37.65,38.05,13452
2018-11-02,37.70,41.90,37.60,39.50,171853
2018-11-05,39.65,41.80,38.70,41.35,31129
2018-11-06,44.25,45.45,41.85,43.35,191929
2018-11-07,42.95,44.50,42.40,43.55,19339
2018-11-09,43.10,50.80,42.05,45.75,367336
2018-11-12,45.45,47.25,44.55,45.20,48796
2018-11-13,44.60,47.50,43.35,45.80,31420
2018-11-14,46.80,46.80,44.50,45.00,28072
2018-11-15,44.90,44.90,43.10,43.40,17336
2018-11-16,43.35,43.95,41.30,42.00,22261
2018-11-19,41.65,42.85,41.10,42.25,14037
2018-11-20,41.85,43.00,40.60,40.80,17305
2018-11-21,40.80,42.00,40.05,40.85,16784
2018-11-22,43.50,44.80,41.10,41.90,77613
2018-11-26,41.90,42.65,40.30,42.50,39562
2018-11-27,41.60,43.05,40.50,41.00,45186
2018-11-28,41.15,41.95,40.30,40.60,22245
2018-11-29,42.25,43.50,41.05,41.55,97823
2018-11-30,42.55,42.90,41.05,41.55,27972
2018-12-03,40.60,42.80,40.10,40.25,19007
2018-12-04,41.00,41.00,39.80,40.00,19407
2018-12-05,40.70,40.70,38.40,38.90,17308
2018-12-06,38.25,38.40,37.45,37.65,19297
2018-12-07,37.90,38.70,37.60,37.90,14269
2018-12-10,39.00,39.00,35.50,35.95,16928
2018-12-11,36.10,37.00,35.00,36.70,9453
2018-12-12,38.50,38.80,36.10,38.25,14143
2018-12-13,38.45,39.90,38.30,38.90,8905
2018-12-14,38.40,41.00,38.10,39.90,22082
2018-12-17,39.50,40.55,39.50,39.90,8553
2018-12-18,40.25,40.50,38.60,39.30,21720
2018-12-19,40.25,40.50,39.10,39.95,9154
2018-12-20,39.15,40.80,39.15,39.85,7333
2018-12-21,40.05,41.90,39.05,39.25,21126
2018-12-24,43.25,47.10,42.00,46.05,1014849
2018-12-26,45.75,46.45,42.45,42.75,288118
2018-12-27,43.00,43.45,41.50,41.70,57374
2018-12-28,41.65,42.25,41.15,41.50,26177
2018-12-31,41.75,41.80,40.60,40.95,20924
2019-01-01,41.55,41.90,40.50,40.70,25334
2019-01-02,40.60,40.65,39.40,39.60,29802
2019-01-03,39.20,40.20,39.00,39.25,13387
2019-01-04,39.10,39.75,38.65,39.45,10079
2019-01-07,39.75,39.95,39.00,39.10,11970
2019-01-08,39.05,39.50,38.65,39.00,8960
2019-01-09,39.05,39.40,38.50,39.00,9923
2019-01-10,39.00,40.90,38.15,39.85,33704
2019-01-11,40.85,41.90,40.10,41.45,77749
2019-01-14,41.05,42.05,40.00,40.20,26445
2019-01-15,40.15,41.65,39.90,40.25,17570
2019-01-16,40.55,41.65,39.65,40.65,16793
2019-01-17,40.20,41.35,40.20,40.30,12125
2019-01-18,40.50,40.75,39.15,39.55,13750
2019-01-21,39.30,40.25,39.00,39.05,15104
2019-01-22,39.10,39.10,38.25,38.45,11797
2019-01-23,38.05,38.65,37.40,37.70,14604
2019-01-24,38.70,40.20,38.00,39.45,54826
2019-01-25,38.95,39.50,38.20,38.25,12772
2019-01-28,38.15,38.70,38.00,38.10,10740
2019-01-29,38.55,40.00,35.45,37.45,18253
2019-01-30,37.30,38.00,37.00,37.35,18536
2019-01-31,37.45,37.80,36.65,37.05,11166
2019-02-01,37.15,41.05,36.50,38.60,147835
2019-02-04,38.25,38.25,37.00,37.10,12560
2019-02-05,36.30,38.60,36.25,36.75,12661
2019-02-06,36.70,37.15,34.40,35.60,15988
2019-02-07,35.50,39.60,34.50,37.40,101837
2019-02-08,37.05,38.75,36.00,36.15,13946
2019-02-11,35.10,35.85,35.05,35.30,6940
2019-02-12,35.15,38.00,35.00,36.30,7704
2019-02-13,35.55,37.05,35.50,35.75,14582
2019-02-14,35.55,36.80,34.80,36.10,13231
2019-02-15,35.10,36.70,34.00,36.20,11485
2019-02-18,36.25,36.50,35.50,35.55,5341
2019-02-19,35.20,36.00,35.15,35.65,2035
2019-02-20,35.50,36.00,35.25,35.40,7681
2019-02-21,35.30,35.95,35.10,35.85,7864
2019-02-22,38.70,40.55,38.10,39.10,334427
2019-02-25,38.60,38.60,37.20,37.80,12455
2019-02-26,37.80,37.85,36.20,36.55,12441
2019-02-27,36.25,37.90,36.10,37.25,13428
2019-02-28,36.70,37.20,36.55,36.95,4505
2019-03-01,36.35,38.40,36.25,37.60,15512
2019-03-05,37.25,41.35,37.20,40.00,66755
2019-03-06,39.70,40.70,38.95,40.00,8946
2019-03-07,39.85,40.50,38.60,39.15,7221
2019-03-08,39.30,40.50,38.20,39.50,14768
2019-03-11,38.95,40.85,38.30,39.80,11448
2019-03-12,40.00,45.95,40.00,42.90,202116
2019-03-13,43.45,45.25,42.30,42.45,93200
2019-03-14,41.25,44.20,39.05,41.80,49215
2019-03-15,41.05,47.50,41.00,44.15,281337
2019-03-18,44.30,50.10,44.30,46.85,551325
2019-03-19,47.50,49.40,46.15,47.50,166668
2019-03-20,47.95,48.50,45.70,46.55,111747
2019-03-22,47.70,48.25,46.60,47.00,51823
2019-03-25,46.05,47.65,44.50,44.65,43007
2019-03-26,44.45,45.55,43.50,43.95,12845
2019-03-27,43.70,51.40,43.25,48.25,238944
2019-03-28,48.95,48.95,46.20,47.20,41652
2019-03-29,47.00,47.70,45.55,46.20,25257
2019-04-01,47.70,49.80,47.55,48.25,87797
2019-04-02,48.00,53.40,47.25,50.70,678784
2019-04-03,50.10,52.05,49.10,49.40,74240
2019-04-04,49.10,51.60,48.90,50.30,44594
2019-04-05,51.00,52.35,49.80,51.45,58721
2019-04-08,51.80,53.40,50.10,51.20,116691
2019-04-09,51.75,51.75,50.10,50.45,14280
2019-04-10,50.05,50.80,49.50,49.70,17438
2019-04-11,49.30,49.85,47.80,48.50,9465
2019-04-12,50.70,51.95,49.25,50.35,170346
2019-04-15,51.30,53.25,49.45,51.80,114978
2019-04-16,52.50,53.40,51.75,52.25,68096
2019-04-18,52.95,52.95,49.80,50.25,21612
2019-04-22,49.05,50.70,48.60,49.00,18931
2019-04-23,49.10,50.20,47.25,48.25,87883
2019-04-24,47.65,50.00,47.10,48.40,88166
2019-04-25,51.95,51.95,49.20,49.95,85991
2019-04-26,49.95,50.95,49.00,49.80,28675
2019-04-30,49.30,58.30,48.30,50.00,120721
2019-05-02,51.25,51.25,48.50,49.05,25455
2019-05-03,48.75,49.20,47.55,48.05,30702
2019-05-06,47.60,47.60,45.45,45.70,17523
2019-05-07,46.85,46.85,44.15,44.70,6942
2019-05-08,44.30,45.20,43.20,43.40,15047
2019-05-09,44.65,44.65,41.15,41.85,32664
2019-05-10,41.85,42.40,41.00,41.25,11289
2019-05-13,41.00,41.60,39.50,40.00,11378
2019-05-14,39.65,41.40,38.60,40.80,19874
2019-05-15,39.85,40.65,39.40,39.60,45940
2019-05-16,39.80,39.80,38.00,39.00,17830
2019-05-17,39.55,41.80,38.50,40.80,42645
2019-05-20,43.50,43.60,39.95,43.00,24519
2019-05-21,43.90,43.90,41.50,42.35,10499
2019-05-22,45.45,48.00,44.30,46.90,314202
2019-05-23,46.95,47.95,43.80,44.25,40776
2019-05-24,44.65,49.50,44.65,48.00,200204
2019-05-27,48.00,49.30,45.70,46.60,57475
2019-05-28,46.50,47.45,46.10,46.60,25387
2019-05-29,46.55,47.50,45.00,45.40,10038
2019-05-30,44.95,45.85,44.50,44.95,10403
2019-05-31,44.55,45.60,44.15,45.00,9446
2019-06-03,44.90,45.90,44.35,44.95,4316
2019-06-04,44.65,46.45,44.40,45.05,11753
2019-06-06,47.00,47.50,45.05,45.45,108089
2019-06-07,44.95,45.95,44.05,44.50,15804
2019-06-10,44.00,45.30,44.00,44.45,7746
2019-06-11,44.05,44.45,40.40,41.60,25031
2019-06-12,41.95,43.10,41.75,42.80,8699
2019-06-13,42.25,42.60,41.20,41.75,4673
2019-06-14,41.10,41.70,40.00,40.20,15637
2019-06-17,40.30,41.85,39.50,40.20,5367
2019-06-18,40.10,40.85,38.10,38.75,6947
2019-06-19,40.95,40.95,36.00,36.65,25470
2019-06-20,36.05,37.45,34.00,37.05,11792
2019-06-21,38.45,38.45,35.35,37.00,11323
2019-06-24,39.00,39.00,36.25,37.30,2380
2019-06-25,36.20,37.70,36.20,37.40,8397
2019-06-26,36.85,38.50,36.80,38.00,6353
2019-06-27,37.55,38.25,37.20,38.00,4532
2019-06-28,39.90,40.00,38.55,39.60,35594
2019-07-01,39.65,39.90,38.20,38.65,5018
2019-07-02,38.15,39.00,38.10,38.30,4620
2019-07-03,38.20,38.65,37.50,37.95,8332
2019-07-04,37.65,38.40,37.10,37.70,5011
2019-07-05,38.00,38.00,36.00,37.45,19022
2019-07-08,37.50,37.50,35.40,36.60,5428
2019-07-09,36.65,37.65,33.90,35.85,19744
2019-07-10,36.85,37.40,36.55,36.75,18536
2019-07-11,36.15,39.00,36.15,37.25,6497
2019-07-12,37.05,37.85,34.05,34.95,15976
2019-07-15,36.00,37.40,35.00,35.70,25864
2019-07-16,35.05,35.90,34.40,34.70,12579
2019-07-17,34.75,36.50,34.70,35.95,7345
2019-07-18,36.05,36.05,35.00,35.15,2523
2019-07-19,34.55,36.95,33.00,33.30,24153
2019-07-22,32.60,34.50,31.70,33.85,11820
2019-07-23,33.90,36.65,33.10,35.55,24967
2019-07-24,35.05,39.00,34.40,38.35,42711
2019-07-25,38.90,39.70,36.55,39.15,37858
2019-07-26,39.50,39.50,37.15,37.30,7412
2019-07-29,37.25,37.25,35.30,35.80,5501
2019-07-30,35.45,38.40,35.45,36.65,21191
2019-07-31,36.55,38.00,35.80,37.45,14395
2019-08-01,37.90,37.90,35.10,35.55,6667
2019-08-02,35.45,38.00,35.40,36.40,24390
2019-08-05,36.05,38.25,34.30,37.45,33340
2019-08-06,37.05,38.95,36.60,38.50,11135
2019-08-07,38.90,39.00,37.25,37.55,10042
2019-08-08,37.30,38.70,37.25,38.35,4541
2019-08-09,38.55,39.80,37.70,38.50,5847
2019-08-13,39.70,40.40,38.60,39.40,54703
2019-08-14,39.50,39.50,38.10,38.50,4470
2019-08-16,38.05,38.90,37.20,38.75,3025
2019-08-19,38.15,39.55,38.05,38.50,7544
2019-08-20,38.00,38.80,37.35,38.25,7488
2019-08-21,38.05,38.05,35.15,35.95,8074
2019-08-22,36.10,36.10,33.45,34.40,19223
2019-08-23,34.10,35.55,32.60,34.60,9588
2019-08-26,34.95,35.90,34.15,35.50,3425
2019-08-27,35.45,36.80,35.10,36.05,5009
2019-08-28,36.40,40.05,35.90,37.55,35366
2019-08-29,38.10,38.45,36.15,36.75,3798
2019-08-30,36.60,37.85,35.85,36.60,9743
2019-09-03,36.60,36.60,34.80,34.90,7563
2019-09-04,35.85,36.35,34.50,35.25,4469
2019-09-05,36.15,38.00,34.45,35.50,5993
2019-09-06,36.95,37.70,35.25,35.80,9527
2019-09-09,34.60,36.45,34.60,35.75,3660
2019-09-11,35.75,37.50,35.70,37.40,9646
2019-09-12,37.00,38.40,37.00,37.60,7522
2019-09-13,37.65,39.60,37.05,38.55,25315
2019-09-16,37.10,38.60,36.10,38.00,12001
2019-09-17,38.30,38.60,35.75,36.80,6809
2019-09-18,39.45,44.00,38.10,40.50,340849
2019-09-19,41.00,41.60,38.30,39.30,33718
2019-09-20,38.65,40.60,37.40,39.60,26056
2019-09-23,39.90,40.60,38.20,39.15,12787
2019-09-24,39.70,40.35,38.30,40.10,18264
2019-09-25,40.10,41.45,38.25,38.80,64865
2019-09-26,39.90,40.50,38.10,39.35,20384
2019-09-27,41.30,42.30,40.25,40.55,87341
2019-09-30,40.80,40.80,38.25,39.30,17693
2019-10-01,39.95,40.50,38.50,38.80,9416
2019-10-03,38.50,38.80,37.10,37.40,15125
2019-10-04,39.00,40.80,37.00,37.35,23777
2019-10-07,37.65,38.80,35.50,36.70,10548
2019-10-09,36.00,37.90,35.55,36.45,6571
2019-10-10,36.45,37.30,36.10,36.70,5178
2019-10-11,36.25,37.50,35.60,36.00,16556
2019-10-14,36.70,36.70,34.00,35.10,35232
2019-10-15,35.15,36.40,34.30,36.05,11435
2019-10-16,36.00,37.45,35.50,37.05,9144
2019-10-17,38.30,41.90,38.25,40.05,272956
2019-10-18,39.50,46.10,38.60,39.90,63484
2019-10-22,39.10,40.70,38.50,38.70,12597
2019-10-23,38.55,38.75,37.20,37.80,18647
2019-10-24,37.35,40.40,37.10,39.30,53131
2019-10-25,39.05,45.00,38.30,43.70,267031
2019-10-29,43.90,43.90,39.75,42.25,59502
2019-10-30,42.00,42.85,41.10,42.05,17175
2019-10-31,41.95,42.75,41.10,41.40,19221
2019-11-01,41.75,41.75,40.30,41.00,14982
2019-11-04,41.65,42.50,40.00,40.70,27362
2019-11-05,40.90,40.95,39.50,39.95,16470
2019-11-06,40.05,40.15,39.60,39.90,4624
2019-11-07,39.50,41.75,39.40,40.50,8792
2019-11-08,40.50,41.85,39.95,41.45,31590
2019-11-11,40.95,42.00,40.05,41.80,19272
2019-11-13,41.10,41.95,38.70,39.10,30268
2019-11-14,39.00,39.80,38.40,38.50,4835
2019-11-15,39.90,39.90,38.25,38.95,20592
2019-11-18,39.00,39.40,37.55,38.00,15701
2019-11-19,37.50,39.35,37.15,37.55,8899
2019-11-20,37.40,38.95,37.40,37.85,14346
2019-11-21,37.65,38.35,37.50,37.75,7698
2019-11-22,38.35,40.85,37.25,39.45,78898
2019-11-25,39.55,39.85,37.55,38.30,8221
2019-11-26,38.20,39.10,37.65,38.20,9392
2019-11-27,38.70,42.15,37.55,40.35,258818
2019-11-28,40.50,40.60,38.05,38.30,53812
2019-11-29,38.65,39.00,37.65,38.05,21931
2019-12-02,38.80,38.80,37.75,37.95,13118
2019-12-03,38.05,38.10,37.35,37.50,12524
2019-12-04,37.00,37.80,37.00,37.55,8076
2019-12-05,37.50,38.95,37.15,37.90,6305
2019-12-06,38.10,38.65,37.00,37.20,7256
2019-12-09,37.00,38.50,36.60,36.65,4444
2019-12-10,36.70,37.65,35.65,35.90,9783
2019-12-11,36.35,36.40,35.20,35.30,8729
2019-12-12,35.10,36.40,35.05,35.55,11611
2019-12-13,36.30,37.45,35.50,36.55,18143
2019-12-16,37.70,37.70,36.00,36.60,7875
2019-12-17,36.35,37.60,36.20,37.30,10563
2019-12-18,36.30,37.35,36.15,36.60,7544
2019-12-19,37.55,38.40,37.10,37.70,57388
2019-12-20,37.25,37.80,36.30,36.50,23884
2019-12-23,36.95,37.40,35.20,35.70,16538
2019-12-24,35.30,37.00,35.30,36.15,19913
2019-12-26,35.40,36.70,35.40,36.35,6185
2019-12-27,36.45,37.30,36.05,36.30,11029
2019-12-30,36.90,37.80,36.20,36.90,14514
2019-12-31,36.60,37.70,36.10,36.40,15745
2020-01-01,36.45,37.70,36.15,36.65,11780
2020-01-02,37.35,39.50,36.70,39.10,117364
2020-01-03,39.25,42.90,38.10,39.00,184774
2020-01-06,39.85,39.85,37.20,37.30,11889
2020-01-07,37.60,38.65,37.55,38.30,6127
2020-01-08,37.45,38.10,37.25,37.60,3102
2020-01-09,37.80,40.00,37.75,39.40,25293
2020-01-10,39.95,42.30,37.95,40.90,90114
2020-01-13,43.00,44.70,41.20,41.65,262218
2020-01-14,41.60,41.65,40.05,40.70,28715
2020-01-15,40.15,40.85,39.60,40.25,11954
2020-01-16,40.05,41.35,38.45,40.00,25921
2020-01-17,40.00,40.30,39.05,39.25,7398
2020-01-20,38.70,41.95,38.55,38.85,26241
2020-01-21,39.85,42.25,39.00,41.35,386114
2020-01-22,41.50,41.85,39.55,40.05,17293
2020-01-23,39.55,40.45,39.15,39.45,10223
2020-01-24,39.55,40.35,39.50,39.70,9564
2020-01-27,39.20,40.20,39.05,39.25,7876
2020-01-28,39.30,39.80,38.75,38.95,4984
2020-01-29,39.00,39.80,39.00,39.50,7955
2020-01-30,39.00,39.10,38.10,38.30,4169
2020-01-31,39.40,39.40,38.05,38.25,2527
2020-02-01,38.50,38.95,36.50,36.95,8749
2020-02-03,36.95,37.55,35.70,36.55,7247
2020-02-04,37.20,38.45,36.55,37.10,5712
2020-02-05,37.90,38.70,36.80,37.05,7352
2020-02-06,37.40,38.90,36.65,37.00,12107
2020-02-07,39.05,39.70,37.70,38.05,77104
2020-02-10,37.65,37.85,36.50,36.85,6636
2020-02-11,36.80,39.40,36.80,38.30,35571
2020-02-12,38.05,38.10,37.00,37.35,7282
2020-02-13,36.50,38.40,36.10,36.75,55616
2020-02-14,37.75,39.50,36.80,37.55,46996
2020-02-17,38.70,38.70,36.50,36.90,10364
2020-02-18,37.05,38.00,36.00,36.65,9978
2020-02-19,36.95,37.65,36.50,36.55,6227
2020-02-20,36.50,37.95,36.00,36.25,12963
2020-02-24,36.30,36.30,34.60,34.70,10621
2020-02-25,34.70,35.35,34.25,34.60,6155
2020-02-26,34.15,35.10,33.95,34.70,4914
2020-02-27,34.40,34.40,33.05,33.95,6822
2020-02-28,33.15,33.15,31.60,32.05,16319
2020-03-02,34.40,34.45,32.25,32.30,13108
2020-03-03,32.55,33.90,32.30,32.45,3422
2020-03-04,32.45,32.55,30.00,30.70,15319
2020-03-05,30.95,31.95,29.50,29.90,9857
2020-03-06,29.50,29.50,26.35,27.30,16813
2020-03-09,27.05,27.05,23.40,24.50,26964
2020-03-11,27.90,27.90,24.50,25.25,321386
2020-03-12,22.25,24.45,21.00,22.10,24067
2020-03-13,20.95,22.95,17.70,20.15,34229
2020-03-16,20.15,20.35,18.15,18.30,31393
2020-03-17,19.65,19.70,17.00,18.10,36218
2020-03-18,18.05,18.05,16.30,16.30,15658
2020-03-19,14.70,17.70,14.70,16.80,28462
2020-03-20,16.25,17.30,16.25,16.90,6183
2020-03-23,15.35,16.90,15.25,15.70,10432
2020-03-24,16.00,17.00,14.50,16.20,5383
2020-03-25,14.65,17.35,14.65,16.75,3693
2020-03-26,16.05,18.40,16.00,18.15,7873
2020-03-27,18.55,18.55,17.00,17.50,4824
2020-03-30,17.20,19.00,17.20,18.50,8728
2020-03-31,17.75,18.40,17.40,18.00,6060
2020-04-01,18.45,18.50,17.65,18.35,3454
2020-04-03,18.50,18.50,17.60,18.10,600
2020-04-07,17.50,19.70,17.40,18.80,10297
2020-04-08,19.50,20.00,18.50,19.85,9939
2020-04-09,19.80,20.95,19.80,20.65,8488
2020-04-13,20.10,20.80,18.35,19.80,8909
2020-04-15,19.80,22.00,18.55,20.05,10023
2020-04-16,19.95,21.20,19.20,20.85,3856
2020-04-17,21.00,21.80,20.30,21.25,10049
2020-04-20,21.30,24.85,20.75,23.30,82230
2020-04-21,22.50,26.00,21.55,23.15,21598
2020-04-22,23.20,23.80,22.10,23.05,6202
2020-04-23,23.85,23.85,22.50,22.70,10724
2020-04-24,22.15,23.00,21.05,21.40,8765
2020-04-27,21.35,22.50,21.10,21.65,4294
2020-04-28,21.90,22.00,20.60,21.50,2706
2020-04-29,21.20,22.00,20.30,21.15,9525
2020-04-30,21.70,21.75,20.55,20.95,9545
2020-05-04,20.00,21.45,20.00,20.40,7215
2020-05-05,20.30,21.00,19.15,20.05,6395
2020-05-06,19.90,20.45,18.75,19.05,4481
2020-05-07,19.55,20.25,16.75,19.55,69181
2020-05-08,19.05,19.65,18.50,19.00,5368
2020-05-11,18.10,19.50,18.10,19.10,3995
2020-05-12,19.40,19.45,18.35,18.95,3738
2020-05-13,19.35,21.70,18.15,20.45,32885
2020-05-14,20.45,20.95,19.45,20.15,5599
2020-05-15,20.05,21.00,18.45,20.50,8254
2020-05-18,21.60,21.60,18.40,18.70,16106
2020-05-19,20.50,20.50,18.10,18.80,8270
2020-05-20,19.05,19.20,17.65,18.00,31001
2020-05-21,18.00,18.65,18.00,18.35,5148
2020-05-22,18.00,18.60,17.30,17.85,7890
2020-05-26,17.85,18.70,17.30,17.85,4099
2020-05-27,18.35,18.40,17.55,18.25,2009
2020-05-28,18.35,21.70,18.30,18.55,11470
2020-05-29,18.45,20.75,17.20,19.30,35009
2020-06-01,20.05,21.50,19.50,20.70,26790
2020-06-02,21.60,22.30,20.35,22.15,26579
2020-06-03,22.90,22.90,21.70,22.00,7157
2020-06-04,22.50,26.40,20.65,25.75,159270
2020-06-05,28.70,30.90,26.40,30.80,217366
2020-06-08,31.70,33.85,30.80,31.75,108914
2020-06-09,31.85,33.00,28.60,28.95,36471
2020-06-10,27.90,28.50,26.55,26.95,21292
2020-06-11,26.60,27.00,25.05,26.25,11342
2020-06-12,26.25,26.50,24.40,26.15,5674
2020-06-15,27.00,28.40,24.80,27.20,15521
2020-06-16,27.25,28.25,26.05,26.10,8402
2020-06-17,25.75,26.80,25.10,25.60,6205
2020-06-18,24.35,26.85,24.35,26.30,15052
2020-06-19,26.40,26.70,25.00,26.60,7300
2020-06-22,26.65,26.65,26.10,26.50,3622
2020-06-23,26.00,27.40,25.35,26.20,2148
2020-06-24,26.50,26.50,25.50,25.65,2792
2020-06-25,25.05,26.25,24.50,26.00,27462
2020-06-26,26.00,26.45,24.70,24.75,5702
2020-06-29,25.90,25.95,23.55,24.75,17264
2020-06-30,24.75,24.80,23.55,23.65,11390
2020-07-01,23.05,23.30,22.50,22.50,8581
2020-07-02,23.25,23.25,21.40,21.90,18458
2020-07-03,21.90,22.25,21.10,21.55,5130
2020-07-06,21.50,22.60,21.40,22.60,4666
2020-07-07,23.55,23.70,22.20,23.70,18331
2020-07-08,23.95,24.85,23.05,24.65,8182
2020-07-09,23.60,25.40,23.60,23.95,2530
2020-07-10,23.95,23.95,23.15,23.80,1212
2020-07-13,22.70,23.90,22.70,23.20,2541
2020-07-14,22.15,22.30,22.05,22.10,2205
2020-07-15,22.95,22.95,21.30,22.00,693
2020-07-16,21.05,22.25,21.00,22.05,2670
2020-07-17,21.20,23.15,21.20,22.95,4595
2020-07-20,22.05,23.95,22.05,23.25,5402
2020-07-21,23.50,23.60,22.80,23.20,2950
2020-07-22,24.35,24.35,22.20,22.85,1519
2020-07-23,23.85,23.85,22.50,23.05,1484
2020-07-24,23.00,23.00,22.50,23.00,2501
2020-07-27,23.30,24.15,23.00,24.15,16154
2020-07-28,23.50,25.00,23.00,24.25,7343
2020-07-29,24.25,25.45,24.25,24.75,12093
2020-07-30,23.65,24.60,23.55,23.60,10725
2020-07-31,23.05,24.45,22.55,22.80,2281
2020-08-03,23.05,23.65,22.20,22.70,3821
2020-08-04,23.05,23.60,22.40,23.40,4242
2020-08-05,22.65,23.25,22.30,22.65,6513
2020-08-06,23.25,23.25,22.15,22.50,4327
2020-08-07,22.25,23.35,22.15,23.15,2470
2020-08-10,22.85,24.00,22.50,23.60,5941
2020-08-11,24.05,24.05,23.00,23.35,4336
2020-08-12,22.50,24.50,22.50,24.50,19764
2020-08-13,24.50,25.70,24.50,25.10,13020
2020-08-14,26.35,26.35,26.35,26.35,12621
2020-08-17,27.65,27.65,25.50,27.60,26842
2020-08-18,26.55,27.55,26.25,26.25,12794
2020-08-19,25.55,27.20,25.55,26.70,27805
2020-08-20,26.75,28.00,26.50,27.60,46826
2020-08-21,28.00,28.70,27.10,27.65,20011
2020-08-24,27.70,29.00,27.50,28.10,39751
2020-08-25,28.15,28.70,26.75,27.50,8921
2020-08-26,27.90,28.05,27.00,27.85,7437
2020-08-27,28.10,29.20,28.10,29.20,57330
2020-08-28,30.65,30.65,29.00,29.90,38955
2020-08-31,29.05,29.70,28.45,28.45,12406
2020-09-01,28.05,28.60,27.05,27.05,6373
2020-09-02,27.05,27.05,25.70,26.25,9928
2020-09-03,25.70,26.90,25.70,26.70,4696
2020-09-04,26.00,26.90,25.60,26.40,1325
2020-09-07,26.45,27.65,25.55,26.90,23814
2020-09-08,27.00,28.20,26.50,26.90,12871
2020-09-09,26.45,26.45,25.60,25.60,6388
2020-09-10,26.25,26.25,25.00,25.35,6181
2020-09-11,25.75,26.40,25.45,26.00,4918
2020-09-14,26.10,26.65,25.90,26.30,2362
2020-09-15,27.25,27.60,25.95,27.60,23104
2020-09-16,27.65,28.95,27.60,28.45,13393
2020-09-17,27.60,29.00,27.55,28.20,2839
2020-09-18,28.30,28.95,27.10,27.45,3175
2020-09-21,28.15,28.60,26.10,26.15,7196
2020-09-22,25.40,25.90,24.90,25.50,5520
2020-09-23,25.95,26.65,24.55,25.15,32208
2020-09-24,24.90,25.35,24.15,24.35,5605
2020-09-25,25.50,25.55,24.50,25.00,1866
2020-09-28,26.25,26.25,25.50,26.25,2768
2020-09-29,27.45,27.45,26.00,26.60,5809
2020-09-30,26.70,27.10,26.00,26.10,2043
2020-10-01,27.40,27.40,27.40,27.40,3959
2020-10-05,28.75,28.75,27.75,28.05,11799
2020-10-06,28.00,28.00,27.50,27.55,3690
2020-10-07,27.65,28.25,26.70,27.00,1881
2020-10-08,27.90,27.90,25.05,27.00,3063
2020-10-09,27.90,28.90,26.40,26.95,7325
2020-10-12,27.00,27.90,26.05,26.35,4768
2020-10-13,27.95,27.95,25.60,27.45,2787
2020-10-14,27.50,27.90,26.60,27.35,13468
2020-10-15,27.55,27.55,26.40,26.60,6462
2020-10-16,26.70,26.90,24.00,25.80,5460
2020-10-19,26.95,26.95,25.30,25.90,8416
2020-10-20,27.30,27.30,25.25,26.10,2323
2020-10-21,26.15,27.00,25.20,25.50,7737
2020-10-22,25.25,26.60,25.25,26.30,1975
2020-10-23,25.40,26.70,25.30,25.75,2355
2020-10-26,25.85,26.40,25.15,25.30,1349
2020-10-27,25.15,26.70,25.10,25.60,4618
2020-10-28,26.25,26.85,25.10,26.00,1344
2020-10-29,25.45,26.55,25.40,26.30,1437
2020-10-30,26.85,26.85,24.55,25.80,2555
2020-11-02,25.10,26.10,24.70,25.10,590
2020-11-03,25.10,25.95,24.50,25.00,6588
2020-11-04,27.50,27.50,26.70,27.05,120950
2020-11-05,27.75,29.00,26.85,28.35,101125
2020-11-06,27.50,27.85,26.60,27.15,8174
2020-11-09,26.55,27.15,26.25,26.50,10199
2020-11-10,27.00,29.15,26.70,29.15,75963
2020-11-11,30.30,30.30,27.50,27.65,43750
2020-11-12,27.65,28.75,27.05,27.85,6263
2020-11-13,27.90,28.80,27.50,28.40,18982
2020-11-14,28.25,28.95,27.20,28.25,2236
2020-11-17,28.05,29.00,27.00,27.80,15723
2020-11-18,27.85,28.60,27.25,28.00,15071
2020-11-19,27.55,28.45,27.40,27.65,6476
2020-11-20,27.95,28.00,26.15,27.50,18527
2020-11-23,27.20,27.70,26.70,27.25,13626
2020-11-24,27.65,27.65,25.00,26.80,17651
2020-11-25,26.30,28.80,26.25,28.00,48623
2020-11-26,27.45,27.90,27.15,27.80,3378
2020-11-27,28.40,28.40,27.05,27.70,12199
2020-12-01,28.00,30.45,27.25,30.05,90326
2020-12-02,33.00,33.05,33.00,33.05,136411
2020-12-03,34.45,35.50,31.00,34.30,83562
2020-12-04,34.30,35.90,32.00,33.10,42198
2020-12-07,32.10,36.40,30.65,36.15,182660
2020-12-08,37.75,37.95,36.25,37.20,85016
2020-12-09,38.85,38.85,36.40,36.95,39463
2020-12-10,36.40,37.00,35.45,36.10,19403
2020-12-11,35.85,36.90,34.70,35.40,11942
2020-12-14,35.40,35.90,34.00,34.50,13333
2020-12-15,34.20,35.40,33.70,34.50,13130
2020-12-16,35.20,36.20,34.05,35.60,40312
2020-12-17,35.70,36.50,35.00,35.05,8985
2020-12-18,35.40,35.40,33.80,34.15,8044
2020-12-21,34.05,34.65,32.50,32.85,16484
2020-12-22,31.90,33.85,31.25,32.35,20600
2020-12-23,32.00,33.50,31.85,32.10,19081
2020-12-24,32.15,32.65,30.60,31.15,18732
2020-12-28,31.15,31.90,30.90,31.25,21373
2020-12-29,31.55,32.10,31.50,31.85,17547
2020-12-30,32.80,32.80,32.05,32.50,14473
2020-12-31,32.20,32.65,31.60,32.45,8822
2021-01-01,32.60,33.95,32.00,32.55,19308
2021-01-04,32.75,34.15,32.75,33.95,33982
2021-01-05,33.90,33.90,33.00,33.15,11525
2021-01-06,33.15,33.60,32.55,33.10,22792
2021-01-07,33.25,33.95,32.90,33.25,15157
2021-01-08,34.00,34.00,31.60,32.40,39828
2021-01-11,32.55,33.50,31.10,32.00,48288
2021-01-12,31.60,33.20,31.60,32.40,12697
2021-01-13,32.45,33.45,32.10,33.20,40351
2021-01-14,32.30,33.95,32.20,32.70,15501
2021-01-15,32.45,33.20,32.10,32.30,5154
2021-01-18,31.75,32.45,30.70,31.30,43518
2021-01-19,31.95,32.30,31.10,31.20,8859
2021-01-20,31.90,31.90,30.50,30.60,6830
2021-01-21,31.60,31.75,30.35,30.45,18850
2021-01-22,30.55,31.60,30.55,30.90,12963
2021-01-25,30.95,30.95,29.40,29.75,12303
2021-01-27,30.80,30.80,29.60,29.80,4304
2021-01-28,30.60,31.25,29.60,31.20,45472
2021-01-29,31.45,31.50,30.25,30.40,7906
2021-02-01,30.65,31.75,30.55,31.35,9835
2021-02-02,32.45,32.45,30.30,31.65,10239
2021-02-03,32.30,32.35,30.60,31.00,11001
2021-02-04,31.85,32.50,31.15,31.90,14110
2021-02-05,32.70,32.70,31.10,31.15,7458
2021-02-08,31.15,31.90,30.65,31.00,3602
2021-02-09,31.40,31.45,30.05,30.45,7113
2021-02-10,31.05,31.40,30.20,31.00,8813
2021-02-11,30.40,32.50,30.00,31.15,28810
2021-02-12,31.75,31.90,30.55,30.75,6104
2021-02-15,31.00,31.45,30.30,30.80,5922
2021-02-16,30.25,31.50,30.05,30.20,6901
2021-02-17,30.95,30.95,30.30,30.55,6755
2021-02-18,30.60,31.00,30.45,30.85,7106
2021-02-19,32.35,32.35,31.50,31.85,43170
2021-02-22,33.00,33.20,31.10,31.25,18966
2021-02-23,31.00,31.80,30.05,31.35,22728
2021-02-24,32.30,32.30,30.40,30.85,2659
2021-02-25,31.25,31.75,30.90,30.90,12135
2021-02-26,30.80,31.55,30.55,30.80,6633
2021-03-01,31.75,32.30,30.85,31.10,11740
2021-03-02,31.85,31.90,31.15,31.40,5143
2021-03-03,31.00,32.40,30.95,31.65,20281
2021-03-04,31.10,32.95,31.05,32.60,13675
2021-03-05,32.75,32.75,31.00,31.05,13020
2021-03-08,31.35,32.50,30.85,31.45,25952
2021-03-09,31.95,33.00,31.15,31.50,46134
2021-03-10,31.35,32.30,31.00,31.60,14783
2021-03-12,32.80,32.80,30.90,31.05,4378
2021-03-15,31.75,32.35,30.90,31.95,11420
2021-03-16,32.45,33.50,31.90,33.15,85740
2021-03-17,32.50,34.50,31.50,31.60,76873
2021-03-18,32.05,32.85,30.10,31.45,14651
2021-03-19,30.55,31.85,30.30,30.60,13217
2021-03-22,31.35,31.35,29.25,29.80,11515
2021-03-23,30.45,30.70,30.00,30.05,2001
2021-03-24,30.75,31.40,28.55,29.60,13641
2021-03-25,29.50,29.95,28.70,28.80,8325
2021-03-26,28.95,29.95,28.45,28.65,5228
2021-03-30,28.45,28.55,28.00,28.10,13208
2021-03-31,27.55,29.50,27.55,28.10,90111
2021-04-01,28.55,29.00,28.50,28.70,2275
2021-04-05,28.15,29.75,28.15,28.90,9761
2021-04-06,29.45,29.50,28.10,28.30,5776
2021-04-07,28.85,29.70,28.55,29.60,6195
2021-04-08,30.45,30.75,29.10,29.75,9365
2021-04-09,30.20,31.35,29.25,30.15,12763
2021-04-12,30.80,30.80,27.15,28.15,9027
2021-04-13,28.25,29.00,27.00,28.85,7175
2021-04-15,28.15,29.20,27.20,28.00,10994
2021-04-16,28.15,28.85,27.65,28.70,5330
2021-04-19,28.05,29.20,27.50,28.10,10058
2021-04-20,28.90,28.90,28.10,28.70,2373
2021-04-22,28.30,28.70,27.30,28.30,4464
2021-04-23,28.35,28.75,27.55,27.75,19143
2021-04-26,29.00,29.00,27.60,27.85,7752
2021-04-27,28.80,28.85,27.85,28.00,5638
2021-04-28,28.80,28.85,28.50,28.60,4614
2021-04-29,29.00,29.00,28.10,28.20,2628
2021-04-30,28.15,28.80,28.10,28.20,2957
2021-05-03,28.75,28.80,28.10,28.25,1910
2021-05-04,30.00,30.00,28.10,29.15,2827
2021-05-05,28.65,29.20,28.00,28.25,7219
2021-05-06,28.30,31.05,28.15,29.50,38506
2021-05-07,29.30,29.80,27.95,28.45,27638
2021-05-10,29.40,29.40,28.50,29.30,4055
2021-05-11,30.00,30.00,29.00,29.05,12813
2021-05-12,29.55,30.80,29.25,30.50,37385
2021-05-14,30.55,30.80,29.55,29.70,11019
2021-05-17,30.75,31.00,29.55,30.45,8445
2021-05-18,32.10,33.45,32.00,33.45,56139
2021-05-19,34.35,36.45,32.10,34.95,176478
2021-05-20,36.20,36.20,33.55,34.65,36334
2021-05-21,35.45,37.00,33.45,35.15,142111
2021-05-24,36.25,38.65,35.35,38.60,210867
2021-05-25,39.00,40.45,36.70,38.50,95321
2021-05-26,37.80,38.15,36.60,36.65,63311
2021-05-27,35.30,36.65,34.85,34.85,66812
2021-05-28,34.90,35.00,33.50,33.95,31083
2021-05-31,33.70,34.95,32.70,34.70,22593
2021-06-01,35.50,35.50,33.45,33.65,33440
2021-06-02,34.00,34.50,33.25,33.70,9722
2021-06-03,34.45,35.00,34.05,34.20,24986
2021-06-04,34.95,34.95,34.20,34.50,12678
2021-06-07,34.50,35.80,34.00,34.85,39763
2021-06-08,36.55,36.55,36.55,36.55,22303
2021-06-09,38.35,38.35,37.20,38.20,107341
2021-06-10,39.80,39.80,36.35,38.70,55671
2021-06-11,39.50,39.50,37.00,37.25,32945
2021-06-14,37.95,38.10,36.00,37.40,14096
2021-06-15,37.90,38.40,37.15,37.30,22113
2021-06-16,37.55,37.60,36.65,36.85,11469
2021-06-17,36.85,37.45,36.00,36.20,22835
2021-06-18,36.95,37.40,35.00,36.00,16137
2021-06-21,37.75,37.80,35.75,37.25,19950
2021-06-22,37.30,39.10,37.00,38.15,35917
2021-06-23,40.05,40.05,37.70,37.95,29182
2021-06-24,37.10,38.00,36.55,36.70,17451
2021-06-25,37.00,38.00,36.50,37.70,16186
2021-06-28,37.80,38.45,37.15,37.75,15154
2021-06-29,37.35,39.00,37.05,37.20,19518
2021-06-30,37.80,38.85,36.85,37.85,25087
2021-07-01,38.35,38.35,36.70,37.00,11094
2021-07-02,37.40,37.80,36.65,36.90,7521
2021-07-05,37.15,38.00,37.00,37.35,11691
2021-07-06,37.05,38.50,37.00,37.25,21160
2021-07-07,37.05,38.60,37.05,37.50,17148
2021-07-08,37.65,37.70,37.10,37.20,4637
2021-07-09,37.30,37.65,37.10,37.40,5112
2021-07-12,37.65,37.90,37.05,37.85,9743
2021-07-13,37.85,38.20,37.40,37.65,9544
2021-07-14,37.55,37.95,36.75,37.30,17499
2021-07-15,37.35,37.95,37.30,37.65,12092
2021-07-16,37.70,38.00,36.90,37.25,22292
2021-07-19,37.90,38.30,36.80,37.30,15681
2021-07-20,37.25,37.55,35.70,36.10,18764
2021-07-22,36.85,37.55,36.50,36.90,13510
2021-07-23,36.90,36.90,36.35,36.45,4616
2021-07-26,37.60,38.25,37.60,38.25,41635
2021-07-27,38.50,40.00,37.20,39.05,82878
2021-07-28,38.30,41.00,37.10,39.05,158154
2021-07-29,40.00,40.70,39.05,39.75,51580
2021-07-30,41.00,41.70,40.20,40.80,80882
2021-08-02,42.50,42.50,39.60,41.65,48567
2021-08-03,41.50,42.40,39.70,40.25,19041
2021-08-04,40.25,41.30,38.60,39.65,21749
2021-08-05,39.50,40.35,38.80,40.25,23839
2021-08-06,40.45,40.55,38.25,38.80,17493
2021-08-09,39.75,39.75,37.25,37.80,17627
2021-08-10,37.05,39.55,36.80,37.40,33147
2021-08-11,38.00,39.25,35.55,39.25,32312
2021-08-12,41.20,41.20,39.70,40.00,45334
2021-08-13,38.80,40.10,38.80,39.25,5410
2021-08-16,39.00,39.85,37.65,37.75,8941
2021-08-17,38.10,38.85,36.25,36.60,18565
2021-08-18,36.90,36.90,35.80,36.35,9609
2021-08-20,35.95,36.80,35.50,36.25,8155
2021-08-23,36.80,36.80,34.45,34.65,15044
2021-08-24,35.85,36.00,34.65,35.80,4784
2021-08-25,34.70,36.60,34.70,36.10,3644
2021-08-26,35.50,37.10,35.50,36.60,1841
2021-08-27,36.95,37.85,35.60,36.15,4056
2021-08-30,37.35,37.95,36.50,37.70,17447
2021-08-31,37.00,38.95,36.55,37.40,16902
2021-09-01,38.25,38.50,37.05,38.15,5275
2021-09-02,38.90,39.95,37.55,39.20,16909
2021-09-03,39.20,39.20,37.25,37.70,26545
2021-09-06,37.75,38.75,37.35,37.55,12081
2021-09-07,38.50,38.50,36.75,38.00,1773
2021-09-08,38.05,38.50,37.05,37.85,10705
2021-09-09,37.15,38.15,37.05,37.25,9341
2021-09-13,36.95,38.35,36.80,37.90,21084
2021-09-14,38.50,38.50,37.65,37.70,10749
2021-09-15,37.80,39.00,37.30,37.95,30733
2021-09-16,37.95,39.00,37.75,38.75,12628
2021-09-17,38.50,39.50,37.30,37.95,10360
2021-09-20,38.50,39.00,37.05,37.40,28446
2021-09-21,38.30,39.25,36.20,39.25,29579
2021-09-22,39.90,41.20,39.40,41.20,18096
2021-09-23,42.50,43.25,40.00,40.65,55607
2021-09-24,41.00,41.35,39.70,39.80,13311
2021-09-27,41.50,41.75,40.90,41.75,37732
2021-09-28,43.00,43.05,41.05,42.25,26860
2021-09-29,42.65,43.10,41.50,42.65,7122
2021-09-30,44.20,44.20,41.50,42.30,10785
2021-10-01,42.95,42.95,41.50,42.00,4886
2021-10-04,42.95,43.35,40.15,41.30,42301
2021-10-05,41.00,41.35,39.35,39.75,35639
2021-10-06,40.30,40.95,39.50,39.80,17092
2021-10-07,39.85,41.00,39.85,40.65,6888
2021-10-08,41.00,41.50,39.00,40.00,11970
2021-10-11,40.50,40.95,39.05,40.05,13390
2021-10-12,40.80,41.80,39.85,40.25,40585
2021-10-13,40.50,41.50,40.15,40.40,12881
2021-10-14,41.15,41.75,40.05,40.60,24238
2021-10-18,41.60,41.60,40.20,40.35,11657
2021-10-19,39.70,44.35,39.30,43.20,150666
2021-10-20,43.20,47.50,39.95,47.45,348288
2021-10-21,48.00,49.00,44.40,45.10,83986
2021-10-22,45.35,45.35,42.50,42.75,33717
2021-10-25,41.95,46.65,40.35,43.05,113662
2021-10-26,42.35,44.30,42.35,42.95,15067
2021-10-27,43.85,45.85,42.45,44.15,109931
2021-10-28,45.85,47.00,43.55,44.35,86600
2021-10-29,44.05,47.20,43.00,46.45,53261
2021-11-01,49.70,50.90,47.15,48.40,142266
2021-11-02,48.25,52.50,47.15,50.35,306387
2021-11-03,51.75,52.00,48.15,48.85,39728
2021-11-04,49.80,50.95,48.20,49.65,23896
2021-11-08,49.65,52.50,48.75,51.25,60654
2021-11-09,52.20,54.15,50.20,51.80,159949
2021-11-10,51.25,52.45,49.70,50.25,32745
2021-11-11,50.25,51.45,47.40,48.00,43258
2021-11-12,47.80,49.45,44.10,46.40,67337
2021-11-15,48.40,48.40,45.50,46.60,21366
2021-11-16,48.10,48.10,45.05,45.25,12291
2021-11-17,45.00,46.50,45.00,45.45,6020
2021-11-18,45.45,45.80,42.95,43.20,7622
2021-11-22,44.90,44.90,40.50,41.20,31061
2021-11-23,40.90,45.30,40.30,45.25,22484
2021-11-24,48.00,49.75,46.00,46.40,232785
2021-11-25,47.30,51.00,46.20,51.00,125787
2021-11-26,53.00,54.50,49.70,50.45,121474
2021-11-29,51.30,51.45,47.05,49.65,70949
2021-11-30,51.50,54.60,51.50,54.60,155530
2021-12-01,56.90,60.05,56.90,60.05,306929
2021-12-02,61.40,63.05,61.00,63.05,89553
2021-12-03,66.20,66.20,59.90,59.90,270193
2021-12-06,56.95,56.95,56.95,56.95,9752
2021-12-07,54.15,58.75,54.15,54.15,71928
2021-12-08,53.00,55.80,51.45,52.35,108227
2021-12-09,53.50,53.75,50.00,52.30,52538
2021-12-10,54.50,54.50,52.30,52.45,20141
2021-12-13,53.30,55.05,52.20,53.10,48335
2021-12-14,54.00,54.00,50.65,51.55,21730
2021-12-15,51.50,52.85,50.35,51.50,26109
2021-12-16,50.85,52.75,50.10,51.80,26923
2021-12-17,51.95,51.95,49.40,49.95,30486
2021-12-20,50.10,50.10,47.50,47.75,23364
2021-12-21,46.30,48.65,45.60,47.60,36307
2021-12-22,46.40,48.00,45.55,45.95,35616
2021-12-23,45.95,46.95,45.85,46.70,24350
2021-12-24,46.10,46.70,45.00,45.60,14560
2021-12-27,45.95,46.50,44.75,44.80,16294
2021-12-28,44.80,47.00,44.80,47.00,19626
2021-12-29,48.00,49.35,48.00,48.85,28849
2021-12-30,49.85,49.85,47.00,47.20,12222
2021-12-31,48.20,49.00,47.20,47.75,10674
2022-01-03,48.25,50.10,47.50,49.45,19134
2022-01-04,50.00,50.20,47.50,47.85,14941
2022-01-05,47.80,50.00,47.75,48.80,41524
2022-01-06,48.30,51.20,47.55,49.80,29143
2022-01-07,49.95,51.95,48.80,50.35,54707
2022-01-10,49.55,51.05,49.55,50.25,22977
2022-01-11,49.55,50.55,49.20,49.35,22034
2022-01-12,50.00,50.00,47.00,47.10,57610
2022-01-13,47.20,47.80,44.75,44.80,102833
2022-01-14,45.45,46.80,44.80,46.30,22492
2022-01-17,47.55,47.85,45.20,45.90,23184
2022-01-18,47.00,47.00,45.50,45.65,18043
2022-01-19,44.75,46.30,44.75,45.30,13311
2022-01-20,46.75,46.75,45.10,45.70,8227
2022-01-21,45.70,47.70,45.05,45.70,23048
2022-01-24,47.00,47.00,43.45,43.45,25383
2022-01-25,43.45,43.45,41.50,42.15,28051
2022-01-27,42.00,43.35,40.65,42.45,13951
2022-01-28,43.75,43.75,41.50,42.40,19488
2022-01-31,43.00,43.20,41.75,42.00,11560
2022-02-01,41.35,43.90,41.35,43.80,16802
2022-02-02,45.40,45.95,44.45,45.90,25046
2022-02-03,46.40,47.95,45.90,46.45,25496
2022-02-04,47.50,47.50,45.20,45.50,14432
2022-02-07,47.00,47.00,46.15,46.40,20326
2022-02-08,46.50,46.50,44.20,44.85,9321
2022-02-09,44.85,47.00,43.30,44.95,31560
2022-02-10,44.30,45.80,44.00,44.70,9849
2022-02-11,44.55,46.70,44.00,45.10,28923
2022-02-14,43.25,44.90,42.90,43.45,30033
2022-02-15,44.95,45.50,43.05,43.95,12611
2022-02-16,43.30,45.45,43.30,44.55,16864
2022-02-17,45.20,45.20,44.15,44.70,7712
2022-02-18,45.10,45.10,42.80,43.30,17060
2022-02-21,43.30,43.45,41.50,42.00,13209
2022-02-22,40.20,40.90,39.90,40.05,9518
2022-02-23,41.90,42.00,40.10,40.70,4211
2022-02-24,38.70,40.35,38.70,38.70,7657
2022-02-25,40.00,40.60,39.05,39.60,7150
2022-02-28,40.10,41.55,39.45,41.55,9486
2022-03-02,42.75,42.75,40.85,42.00,8130
2022-03-03,43.95,43.95,42.15,42.60,5005
2022-03-04,41.55,43.95,41.55,42.05,12435
2022-03-07,40.00,41.50,40.00,40.20,6215
2022-03-08,41.00,41.00,39.65,40.55,2879
2022-03-09,41.00,41.90,40.30,41.70,12657
2022-03-10,42.20,43.65,42.00,42.55,8005
2022-03-11,41.65,44.00,41.65,42.45,6083
2022-03-14,43.45,44.55,41.40,44.55,40511
2022-03-15,44.85,46.05,43.75,43.85,19553
2022-03-16,43.85,45.40,43.80,44.30,8582
2022-03-17,44.85,44.90,43.10,43.35,7462
2022-03-21,43.35,44.65,42.35,42.95,11713
2022-03-22,42.90,43.80,41.30,42.30,28790
2022-03-23,43.40,43.70,42.75,43.25,17912
2022-03-24,42.50,43.50,42.05,42.75,22177
2022-03-25,42.35,44.85,42.35,44.85,40696
2022-03-28,47.05,47.05,47.05,47.05,26914
2022-03-29,49.40,49.40,45.20,45.55,39992
2022-03-30,46.70,47.20,45.15,46.05,35964
2022-03-31,47.70,47.70,46.00,46.65,7292
2022-04-01,45.80,47.50,45.80,47.10,29009
2022-04-04,47.60,47.60,46.55,47.00,31107
2022-04-05,46.65,48.85,46.30,47.50,27772
2022-04-06,47.45,49.40,46.30,47.25,54684
2022-04-07,47.95,51.65,47.15,50.35,117080
2022-04-08,51.50,54.00,50.55,52.20,117742
2022-04-11,53.50,57.40,52.05,53.90,126603
2022-04-12,53.50,57.00,52.10,54.85,91903
2022-04-13,55.85,60.30,52.40,56.55,268577
2022-04-18,55.50,62.20,54.15,62.20,167830
2022-04-19,63.90,68.40,61.30,67.60,325305
2022-04-20,67.70,70.25,64.25,64.25,78729
2022-04-21,61.15,63.85,61.05,61.05,33914
2022-04-22,58.55,59.95,58.00,58.00,39999
2022-04-25,55.50,56.95,55.10,55.60,22926
2022-04-26,55.80,57.80,54.00,55.30,20205
2022-04-27,53.00,55.85,52.70,53.55,9950
2022-04-28,53.75,53.85,51.15,52.05,9131
2022-04-29,51.60,54.30,51.05,52.60,12572
2022-05-02,52.60,55.00,52.00,54.45,12975
2022-05-04,55.85,55.90,51.75,51.75,13610
2022-05-05,52.00,52.85,49.20,50.00,7986
2022-05-06,47.60,51.70,47.55,48.70,9462
2022-05-09,48.00,49.40,46.30,46.35,7443
2022-05-10,45.50,48.00,44.20,45.10,9659
2022-05-11,46.50,46.95,42.85,43.10,8093
2022-05-12,42.25,43.50,40.95,41.15,8431
2022-05-13,41.50,43.20,41.50,43.05,5959
2022-05-16,44.30,44.95,42.50,44.50,6963
2022-05-17,44.40,46.50,43.00,45.10,8169
2022-05-18,47.35,47.35,47.35,47.35,2502
2022-05-19,49.70,49.70,49.70,49.70,17107
2022-05-20,52.15,52.15,52.15,52.15,3821
2022-05-23,54.75,54.75,53.60,54.75,74289
2022-05-24,56.95,57.45,53.90,57.45,77770
2022-05-25,57.40,60.30,54.60,55.30,36302
2022-05-26,55.60,56.00,52.55,53.90,18310
2022-05-27,52.30,55.70,52.00,53.55,12399
2022-05-30,54.20,54.95,51.10,53.75,13210
2022-05-31,53.75,54.40,52.00,54.10,9066
2022-06-01,54.80,54.80,51.40,53.05,20405
2022-06-02,51.15,52.40,50.40,52.05,18863
2022-06-03,51.50,53.85,50.65,52.10,11346
2022-06-06,52.90,53.05,51.50,52.80,7587
2022-06-07,52.00,52.00,51.20,51.50,511
2022-06-08,51.60,53.50,50.50,51.70,9899
2022-06-09,51.50,52.90,51.10,52.10,8181
2022-06-10,52.10,53.80,50.90,51.00,12129
2022-06-13,51.90,52.50,49.80,50.35,12995
2022-06-14,50.00,50.00,47.85,48.25,11058
2022-06-15,48.25,49.00,47.75,49.00,4434
2022-06-16,47.15,50.50,46.55,46.65,7594
2022-06-17,44.55,48.00,44.50,47.75,3398
2022-06-20,47.75,49.75,45.60,47.65,4355
2022-06-21,48.95,48.95,45.30,47.80,6872
2022-06-22,48.95,48.95,45.55,46.20,9850
2022-06-23,44.50,47.80,44.50,46.90,5508
2022-06-24,46.95,48.55,46.95,48.30,4839
2022-06-27,49.20,49.20,48.25,48.45,1253
2022-06-28,48.45,48.75,47.65,48.00,1728
2022-06-29,48.35,48.60,47.00,47.90,3575
2022-06-30,47.80,48.45,47.10,47.80,4439
2022-07-01,48.80,50.15,46.80,49.95,14009
2022-07-04,51.60,52.40,51.00,52.40,27433
2022-07-05,53.95,55.00,51.35,52.20,26634
2022-07-06,53.65,54.80,50.50,54.40,16630
2022-07-07,56.60,56.60,53.05,53.70,10667
2022-07-08,54.95,54.95,52.00,52.40,5846
2022-07-11,53.80,55.00,52.40,55.00,20756
2022-07-12,55.90,57.00,54.00,54.85,24360
2022-07-13,54.90,55.50,53.65,54.85,5256
2022-07-14,54.10,54.30,52.50,52.80,9972
2022-07-15,53.05,54.00,53.00,53.30,3365
2022-07-18,52.65,53.45,52.00,52.10,5506
2022-07-19,51.60,52.95,51.55,52.00,4180
2022-07-20,52.30,54.45,51.95,52.85,13949
2022-07-21,53.70,53.70,53.00,53.55,2563
2022-07-22,53.25,53.95,52.05,52.85,6757
2022-07-25,52.05,55.45,51.25,55.35,31594
2022-07-26,56.70,57.75,54.70,57.40,33730
2022-07-27,57.80,60.25,57.80,60.25,55711
2022-07-28,61.50,63.25,57.50,59.65,83544
2022-07-29,59.60,61.00,57.05,57.50,45713
2022-08-01,60.00,60.35,57.50,58.90,29298
2022-08-02,59.05,61.80,57.90,58.55,28372
2022-08-03,58.15,59.00,55.85,56.35,26658
2022-08-04,56.15,57.70,55.70,56.10,9835
2022-08-05,57.15,57.55,55.30,56.10,18497
2022-08-08,56.15,57.00,55.35,55.70,12939
2022-08-10,53.30,53.85,50.15,52.55,139745
2022-08-11,54.80,54.80,51.80,53.20,16471
2022-08-12,53.00,53.65,51.70,51.95,13507
2022-08-16,52.20,52.85,50.65,51.80,54757
2022-08-17,52.05,52.05,51.20,51.75,8051
2022-08-18,51.05,53.70,51.05,52.75,19971
2022-08-19,54.50,54.50,52.10,52.35,20208
2022-08-22,51.20,52.00,51.00,51.25,12464
2022-08-23,51.10,53.00,51.00,52.35,7033
2022-08-24,52.05,54.90,52.05,53.90,10402
2022-08-25,53.20,56.40,53.20,55.70,34199
2022-08-26,56.00,57.00,55.00,55.45,9407
2022-08-29,53.60,57.00,53.20,56.45,42051
2022-08-30,56.10,56.30,54.65,55.50,5768
2022-09-01,54.30,57.85,53.40,55.05,26516
2022-09-02,54.35,57.50,54.35,56.55,12441
2022-09-05,57.00,60.55,55.60,57.75,48277
2022-09-06,59.50,59.65,56.55,56.90,30093
2022-09-07,56.45,62.50,56.20,61.05,195887
2022-09-08,63.45,63.45,59.10,59.90,36844
2022-09-09,59.40,62.00,59.00,59.85,22842
2022-09-12,61.00,64.00,61.00,62.10,64235
2022-09-13,63.45,66.00,61.55,62.85,87999
2022-09-14,60.15,66.00,60.15,62.00,44381
2022-09-15,62.35,65.00,61.50,63.85,69726
2022-09-16,64.70,64.70,60.70,61.10,15320
2022-09-19,61.15,61.15,59.40,59.50,15250
2022-09-20,61.50,61.50,59.25,59.90,4279
2022-09-21,59.05,59.55,58.00,58.55,7599
2022-09-22,58.55,60.55,58.05,59.35,15962
2022-09-23,59.80,60.60,58.15,58.85,11911
2022-09-26,58.90,58.90,55.05,56.05,8935
2022-09-27,55.15,60.00,54.55,58.15,20944
2022-09-28,57.95,57.95,56.50,57.45,5158
2022-09-29,58.95,59.95,55.35,55.90,8232
2022-09-30,56.05,57.00,55.25,56.60,10588
2022-10-03,54.30,58.90,54.30,56.25,6734
2022-10-04,55.55,59.00,55.55,58.15,12378
2022-10-06,59.80,59.90,57.70,58.85,9685
2022-10-07,59.65,62.05,58.20,61.50,42376
2022-10-10,61.95,64.45,60.25,63.15,74760
2022-10-11,64.00,64.90,57.50,59.25,64709
2022-10-12,60.00,61.80,59.25,59.90,15544
2022-10-13,61.40,61.60,59.20,59.80,7524
2022-10-14,61.00,63.20,59.65,61.55,36493
2022-10-17,62.80,66.00,60.80,63.70,74795
2022-10-18,64.40,64.65,62.00,62.85,18431
2022-10-19,63.40,63.40,54.70,59.55,29570
2022-10-20,59.90,61.50,58.15,60.55,18443
2022-10-21,60.95,62.25,60.90,61.55,11130
2022-10-24,62.60,63.80,56.80,62.20,11822
2022-10-25,62.70,62.70,60.10,60.35,5178
2022-10-27,61.55,61.55,59.25,59.95,2314
2022-10-28,59.75,60.70,57.55,57.90,9520
2022-10-31,59.95,59.95,57.55,58.05,6343
2022-11-01,58.20,62.60,58.05,60.40,24939
2022-11-02,61.30,65.75,59.50,61.90,116327
2022-11-03,62.30,63.00,61.05,62.05,6659
2022-11-04,60.30,64.75,60.30,61.75,13950
2022-11-07,61.75,62.00,60.20,61.05,13673
2022-11-09,60.15,63.50,60.15,60.65,8073
2022-11-10,60.65,60.65,58.65,58.85,9362
2022-11-11,60.00,64.95,58.15,61.10,106915
2022-11-14,63.15,64.80,60.60,61.75,73475
2022-11-15,61.80,61.80,57.65,58.95,32422
2022-11-16,60.15,60.15,56.15,57.50,19537
2022-11-17,58.00,58.25,55.85,56.85,14982
2022-11-18,57.90,57.90,56.45,56.80,15023
2022-11-21,58.10,58.65,55.50,55.75,6342
2022-11-22,55.30,55.50,52.00,53.10,19362
2022-11-23,53.15,56.00,52.25,54.80,26555
2022-11-24,55.20,55.80,51.15,54.10,15763
2022-11-25,55.80,56.25,54.50,55.55,11761
2022-11-28,56.00,57.60,56.00,57.10,12162
2022-11-29,57.00,57.70,55.55,55.90,3872
2022-11-30,55.90,57.80,55.50,56.90,17689
2022-12-01,56.30,59.35,56.30,58.15,20381
2022-12-02,58.55,60.00,58.00,59.35,17469
2022-12-05,59.20,61.35,58.10,60.15,44729
2022-12-06,60.60,61.10,59.25,60.50,14107
2022-12-07,61.00,61.55,60.15,60.50,11437
2022-12-08,60.90,60.90,59.15,59.30,10612
2022-12-09,61.00,61.00,56.70,57.30,28748
2022-12-12,57.90,61.55,55.30,56.90,70720
2022-12-13,57.30,58.10,55.95,56.55,15214
2022-12-14,57.95,57.95,56.55,57.35,9362
2022-12-15,57.10,57.80,57.10,57.25,7802
2022-12-16,57.10,57.85,50.35,55.55,33536
2022-12-19,55.75,57.50,55.65,57.00,10746
2022-12-20,57.35,57.35,54.60,55.95,20363
2022-12-21,56.10,57.00,54.20,54.45,10531
2022-12-22,54.10,55.70,50.05,51.95,20190
2022-12-23,53.70,53.70,50.55,50.95,18820
2022-12-26,52.05,53.45,50.85,51.70,12869
2022-12-27,53.45,53.45,51.55,52.30,4157
2022-12-28,51.75,52.95,51.70,52.75,9531
2022-12-29,52.75,55.15,52.10,53.15,8847
2022-12-30,53.95,54.75,52.50,53.00,7239
2023-01-02,53.50,54.70,52.60,54.10,5921
2023-01-03,54.75,54.80,52.30,53.50,12362
2023-01-04,54.45,54.70,53.30,53.95,8198
2023-01-05,55.00,56.20,53.55,54.95,23481
2023-01-06,55.90,55.90,54.15,54.35,8163
2023-01-09,54.80,55.00,54.35,55.00,4444
2023-01-10,55.00,55.00,53.60,53.70,2482
2023-01-11,53.55,55.30,53.20,54.25,4161
2023-01-12,54.25,56.00,53.85,54.35,13606
2023-01-13,55.80,55.80,54.25,55.20,11887
2023-01-16,56.00,56.00,53.30,53.60,10107
2023-01-17,55.30,55.30,53.00,53.15,2715
2023-01-18,54.90,58.70,53.20,56.85,109836
2023-01-19,56.70,56.75,55.30,55.55,6528
2023-01-20,55.35,56.25,54.55,55.30,21498
2023-01-23,55.40,56.45,54.70,55.50,5183
2023-01-24,55.35,56.00,54.25,54.85,2823
2023-01-25,55.20,58.00,54.80,55.00,21038
2023-01-27,55.05,59.25,54.25,55.10,88054
2023-01-30,54.60,56.40,54.00,54.70,7485
2023-01-31,54.15,55.75,54.10,54.80,9676
2023-02-01,54.20,57.00,54.20,55.00,9802
2023-02-02,54.60,56.00,54.40,54.45,6117
2023-02-03,54.45,57.00,53.15,55.75,21814
2023-02-06,55.25,57.50,55.00,55.10,41499
2023-02-07,56.30,56.30,54.10,54.70,11163
2023-02-08,54.95,55.45,54.10,54.55,4698
2023-02-09,54.45,54.85,53.45,53.50,4619
2023-02-10,55.35,55.35,53.25,54.00,6367
2023-02-13,55.15,55.50,54.00,54.30,7012
2023-02-14,55.60,56.75,51.30,53.30,32513
2023-02-15,53.00,54.05,52.40,52.80,5086
2023-02-16,53.00,53.65,52.20,52.85,5657
2023-02-17,52.80,52.80,51.75,52.00,4558
2023-02-20,53.10,53.30,50.15,50.85,6740
2023-02-21,51.10,51.35,50.55,50.80,1816
2023-02-22,51.00,51.00,49.05,49.45,3824
2023-02-23,48.85,49.70,47.60,48.75,8427
2023-02-24,49.00,51.00,48.25,50.05,7738
2023-02-27,50.75,50.85,48.10,48.65,8418
2023-02-28,48.65,49.95,47.05,49.30,7285
2023-03-01,49.75,50.40,48.50,49.55,5489
2023-03-02,49.85,50.95,48.80,49.45,5912
2023-03-03,50.65,50.80,49.00,50.00,4038
2023-03-06,50.30,51.00,50.00,50.25,3010
2023-03-08,50.90,50.90,49.20,50.25,2159
2023-03-09,51.00,55.20,49.50,53.75,56452
2023-03-10,54.80,55.50,52.60,54.45,23131
2023-03-13,55.40,55.75,51.15,52.90,8080
2023-03-14,54.70,54.95,52.60,53.55,14935
2023-03-15,54.65,55.50,53.00,53.50,19515
2023-03-16,53.25,53.65,51.85,52.90,3336
2023-03-17,52.50,54.15,52.20,52.65,4720
2023-03-20,51.05,52.05,47.15,47.65,41549
2023-03-21,48.10,48.45,46.20,47.05,9744
2023-03-22,46.90,48.70,46.90,47.70,6568
2023-03-23,47.05,50.00,47.00,48.55,14833
2023-03-24,47.60,48.50,46.10,47.00,17435
2023-03-27,48.75,48.75,43.10,44.70,11651
2023-03-28,43.85,46.00,43.85,44.35,11601
2023-03-29,46.30,46.30,43.00,43.75,5306
2023-03-31,44.85,46.70,43.75,44.35,4499
2023-04-03,46.40,47.90,45.35,46.00,13506
2023-04-05,46.95,51.10,46.95,49.95,52623
2023-04-06,49.95,50.75,49.10,50.20,819
2023-04-10,51.00,51.25,49.00,49.45,8310
2023-04-11,48.25,50.90,48.25,48.75,6958
2023-04-12,50.50,50.50,46.50,48.00,12112
2023-04-13,48.45,50.05,48.35,49.20,11470
2023-04-17,48.40,50.75,48.40,50.05,7254
2023-04-18,50.85,51.00,49.50,50.20,4277
2023-04-19,49.80,50.70,49.20,50.05,3423
2023-04-20,50.45,56.45,49.70,52.90,102592
2023-04-21,52.90,54.50,52.90,53.55,9552
2023-04-24,53.55,53.55,52.25,52.50,5797
2023-04-25,52.95,55.00,52.95,54.10,13525
2023-04-26,54.65,54.65,53.05,53.40,7625
2023-04-27,53.85,53.95,52.50,52.60,5322
2023-04-28,53.00,53.80,52.70,53.00,2120
2023-05-02,53.00,58.80,52.20,54.05,84233
2023-05-03,54.90,54.90,53.50,53.55,5886
2023-05-04,53.50,54.45,53.40,53.75,14025
2023-05-05,54.00,54.00,53.05,53.15,1418
2023-05-08,52.75,53.95,52.50,53.35,9843
2023-05-09,52.25,54.00,52.25,53.50,9749
2023-05-10,53.45,54.20,52.90,53.75,2485
2023-05-11,54.50,54.50,53.05,53.80,4184
2023-05-12,53.10,53.85,53.10,53.10,385
2023-05-15,53.95,55.45,53.80,54.00,9358
2023-05-16,54.95,55.20,53.70,54.65,3110
2023-05-17,54.00,54.55,53.15,53.45,1621
2023-05-18,54.00,54.45,53.20,53.55,4509
2023-05-19,53.25,54.45,52.75,53.05,3491
2023-05-22,53.30,54.10,52.90,53.55,3859
2023-05-23,53.15,53.90,52.90,53.25,4073
2023-05-24,53.30,53.70,49.15,50.65,10978
2023-05-25,51.85,53.00,49.80,50.35,12237
2023-05-26,50.00,50.95,48.35,49.95,20040
2023-05-29,49.00,49.70,48.60,49.10,7737
2023-05-30,49.40,49.65,48.50,49.00,3706
2023-05-31,49.35,53.15,48.90,51.00,34300
2023-06-01,51.00,52.00,50.15,50.55,9349
2023-06-02,50.90,51.95,50.60,51.35,9765
2023-06-05,51.35,52.30,50.60,51.45,9680
2023-06-06,50.60,51.90,50.60,51.35,1444
2023-06-07,52.00,52.40,50.80,51.00,6474
2023-06-08,51.25,51.30,50.30,50.40,3961
2023-06-09,50.55,50.75,49.70,50.15,2891
2023-06-12,50.00,51.35,49.85,50.20,2635
2023-06-13,50.90,50.90,49.80,49.90,4396
2023-06-14,49.85,50.75,49.30,49.55,6609
2023-06-15,50.55,53.35,49.30,51.05,43088
2023-06-16,52.35,52.90,50.10,50.55,14003
2023-06-19,50.30,51.35,50.30,50.65,7154
2023-06-20,50.85,51.35,49.85,50.00,7378
2023-06-21,51.70,51.70,49.00,49.50,15020
2023-06-22,49.55,50.40,48.80,49.25,2145
2023-06-23,49.25,49.90,49.25,49.45,3100
2023-06-26,50.95,50.95,48.70,49.05,2312
2023-06-27,48.55,51.70,48.55,49.85,34870
2023-06-28,49.40,50.45,49.40,49.50,4537
2023-06-30,51.60,51.60,49.30,49.55,7954
2023-07-03,49.45,51.00,49.00,50.95,19775
2023-07-04,51.10,52.65,50.75,51.50,45035
2023-07-05,50.75,51.80,49.80,50.40,16390
2023-07-06,51.35,51.90,50.50,50.80,9460
2023-07-07,51.45,51.90,50.35,50.80,7704
2023-07-10,50.80,52.50,49.70,50.05,33673
2023-07-11,50.00,50.80,48.85,49.50,5304
2023-07-12,50.00,51.50,49.10,49.75,48375
2023-07-13,50.00,50.55,49.65,49.80,4513
2023-07-14,49.80,50.95,49.70,50.75,5382
2023-07-17,50.75,50.90,50.00,50.05,7241
2023-07-18,50.85,50.85,49.60,50.15,3223
2023-07-19,49.60,50.20,49.10,49.50,5260
2023-07-20,49.40,50.05,48.60,49.40,7323
2023-07-21,49.20,54.70,48.90,52.60,166048
2023-07-24,53.00,53.70,51.60,53.10,35265
2023-07-25,53.95,53.95,52.35,53.20,15163
2023-07-26,52.80,53.50,52.50,53.00,10340
2023-07-27,52.80,53.60,52.40,53.05,13138
2023-07-28,52.55,53.00,50.80,52.90,27656
2023-07-31,53.00,54.40,52.65,53.05,32783
2023-08-01,52.90,55.70,51.60,52.55,74835
2023-08-02,52.95,53.50,52.20,52.25,13146
2023-08-03,53.40,53.45,51.90,52.05,11859
2023-08-04,53.20,53.20,51.60,52.90,32019
2023-08-07,53.85,53.85,51.85,52.10,10600
2023-08-08,54.50,54.50,52.15,53.00,18592
2023-08-09,52.35,53.30,49.35,49.75,87038
2023-08-10,50.00,52.55,49.95,50.85,61485
2023-08-11,51.75,52.80,50.75,51.60,21855
2023-08-14,51.30,52.75,50.25,51.00,81598
2023-08-16,51.10,52.50,50.50,50.80,38322
2023-08-17,51.50,52.50,50.75,51.95,47467
2023-08-18,52.80,62.30,52.15,58.65,1370008
2023-08-21,60.00,60.60,55.50,56.75,191485
2023-08-22,56.85,60.00,56.05,57.00,124816
2023-08-23,57.50,61.80,56.15,58.00,276906
2023-08-24,58.20,58.90,56.60,58.00,36377
2023-08-25,57.95,62.40,57.70,58.45,192512
2023-08-28,59.10,61.50,58.60,60.65,71750
2023-08-29,60.95,61.95,60.05,60.40,40931
2023-08-30,60.55,61.95,59.00,59.60,61106
2023-08-31,60.35,61.90,58.85,59.45,46069
2023-09-01,59.65,60.80,57.85,59.60,56552
2023-09-04,60.95,61.90,59.60,60.60,57781
2023-09-05,61.65,66.50,60.70,65.25,339820
2023-09-06,66.20,66.20,61.30,62.05,113202
2023-09-07,63.45,68.70,62.70,65.15,211480
2023-09-08,66.90,67.20,63.60,64.65,60290
2023-09-11,64.65,65.50,61.15,61.55,55168
2023-09-12,63.00,63.20,58.00,60.40,82469
2023-09-13,60.95,63.80,60.10,62.55,57266
2023-09-14,63.30,64.25,62.10,63.30,39555
2023-09-15,64.00,64.05,60.50,60.95,63842
2023-09-18,61.85,64.80,60.85,62.25,99649
2023-09-20,64.00,65.80,61.20,63.45,129518
2023-09-21,64.70,65.05,62.60,63.55,38336
2023-09-22,64.70,65.20,61.20,62.10,73670
2023-09-25,63.25,63.35,61.55,62.00,15188
2023-09-26,63.50,64.05,61.50,62.35,29644
2023-09-27,63.50,63.50,61.60,62.55,16825
2023-09-28,63.20,64.80,62.45,63.70,52746
2023-09-29,64.75,65.50,63.10,64.40,49682
2023-10-03,65.25,65.25,63.00,63.35,23526
2023-10-04,64.65,64.65,62.25,62.80,12744
2023-10-05,62.85,64.50,62.00,63.90,25055
2023-10-06,65.40,66.50,63.20,64.15,50659
2023-10-09,65.00,66.50,63.15,64.35,42785
2023-10-10,64.35,65.55,62.70,63.40,28494
2023-10-11,64.60,76.05,63.25,76.05,602543
2023-10-12,82.90,90.45,76.65,89.45,1868867
2023-10-13,85.10,88.00,82.95,83.60,309477
2023-10-16,81.55,83.00,79.45,79.45,22865
2023-10-17,78.10,83.40,75.50,78.70,49077
2023-10-18,78.70,79.80,75.10,77.05,18207
2023-10-19,77.05,78.90,74.05,76.40,18956
2023-10-20,76.40,78.50,74.00,75.90,18142
2023-10-23,75.90,77.10,72.10,72.10,15596
2023-10-25,72.70,72.70,68.50,69.90,18001
2023-10-26,69.85,72.00,66.40,70.00,26224
2023-10-27,71.30,72.00,68.40,70.20,6836
2023-10-30,70.25,72.00,68.70,70.40,9628
2023-10-31,72.00,73.50,70.20,71.15,6285
2023-11-01,71.80,72.60,70.55,71.45,6044
2023-11-02,71.50,72.55,71.00,71.70,8978
2023-11-03,72.55,72.55,70.00,70.90,11661
2023-11-06,72.00,72.00,70.00,70.95,4827
2023-11-07,70.00,71.90,69.55,71.70,7260
2023-11-08,72.25,72.90,70.10,70.65,8582
2023-11-09,71.90,74.15,70.00,73.50,21117
2023-11-10,76.00,77.15,74.50,77.10,22563
2023-11-12,78.70,80.80,75.10,76.50,6278
2023-11-13,76.60,78.20,74.15,75.85,3329
2023-11-15,74.70,76.70,73.10,74.95,31221
2023-11-16,74.95,78.65,73.00,78.40,34639
2023-11-17,80.00,80.00,76.55,77.35,13155
2023-11-20,75.00,79.25,75.00,77.95,14690
2023-11-21,77.95,80.50,77.65,79.45,29884
2023-11-22,79.80,80.95,77.35,78.00,8096
2023-11-23,81.90,81.90,80.10,81.90,41278
2023-11-24,84.00,84.00,78.10,80.40,44497
2023-11-28,78.00,80.00,77.10,78.40,6217
2023-11-29,79.75,81.95,77.65,79.45,18347
2023-11-30,79.45,79.80,77.25,78.50,9158
2023-12-01,78.50,79.25,76.00,77.95,18402
2023-12-04,80.75,81.00,78.35,79.00,18725
2023-12-05,79.00,79.90,77.15,78.10,12889
2023-12-06,79.75,80.00,76.80,78.85,16798
2023-12-07,78.80,79.85,77.10,78.20,7709
2023-12-08,79.00,79.60,75.30,76.35,11389
2023-12-11,76.95,80.15,76.95,80.15,19347
2023-12-12,83.45,83.45,77.55,78.75,7282
2023-12-13,77.75,79.80,77.55,78.30,5844
2023-12-14,80.25,80.25,77.30,78.40,8109
2023-12-15,78.10,79.00,77.60,78.25,2837
2023-12-18,77.05,79.70,75.15,77.45,19505
2023-12-19,76.20,79.00,76.20,78.70,14572
2023-12-20,78.70,79.15,75.00,76.00,20373
2023-12-21,74.05,77.95,74.05,76.65,6956
2023-12-22,76.60,76.60,74.20,75.50,5578
2023-12-26,75.50,76.65,74.20,75.10,9415
2023-12-27,75.30,77.50,75.00,75.65,13298
2023-12-28,75.90,77.80,75.90,76.55,7590
2023-12-29,76.00,79.40,75.10,76.85,14508
2024-01-01,76.90,79.60,76.60,78.50,18951
2024-01-02,78.50,82.30,78.50,79.85,15834
2024-01-03,80.00,81.55,79.00,79.55,10674
2024-01-04,80.00,81.00,79.05,80.55,7445
2024-01-05,80.00,81.50,79.60,80.75,11423
2024-01-08,81.00,81.50,79.80,81.00,13405
2024-01-09,81.00,85.05,81.00,85.00,80774
2024-01-10,85.00,88.90,84.00,88.10,49326
2024-01-11,89.00,91.65,88.00,90.45,57036
2024-01-12,90.45,94.95,90.45,94.35,121575
2024-01-15,99.05,99.05,94.35,98.95,255549
2024-01-16,97.00,97.00,97.00,97.00,15097
2024-01-17,95.10,95.10,95.10,95.10,857
2024-01-18,93.25,93.25,93.20,93.20,1230
2024-01-19,91.35,91.35,91.35,91.35,10470
2024-01-20,89.55,89.55,89.55,89.55,11805
2024-01-23,87.75,87.75,87.75,87.75,204
2024-01-24,86.00,86.00,86.00,86.00,839
2024-01-25,84.30,84.30,84.30,84.30,4066
2024-01-29,83.15,83.15,82.65,82.65,8230
2024-01-30,82.00,82.00,81.00,81.00,14086
2024-01-31,80.00,80.00,79.40,79.40,6821
2024-02-01,79.10,79.45,78.60,79.45,12592
2024-02-02,78.20,81.00,78.20,81.00,4020
2024-02-05,81.50,82.60,81.50,82.60,7766
2024-02-06,82.65,83.90,82.65,83.85,4704
2024-02-07,83.85,83.95,83.85,83.90,9374
2024-02-08,83.90,84.15,83.25,84.15,34040
2024-02-09,85.00,85.00,82.50,83.00,8170
2024-02-12,81.35,81.35,81.35,81.35,546
2024-02-13,79.75,79.75,79.75,79.75,3466
2024-02-14,79.75,81.30,79.75,81.30,7273
2024-02-15,82.90,82.90,82.90,82.90,8694
2024-02-16,84.55,84.55,84.55,84.55,4295
2024-02-19,84.55,86.20,84.55,86.20,9362
2024-02-20,85.55,87.90,85.55,87.90,14532
2024-02-21,87.90,87.90,87.25,87.25,6335
2024-02-22,87.00,87.30,86.10,87.30,5739
2024-02-23,87.30,88.50,87.30,88.50,4379
2024-02-26,91.85,91.85,85.35,86.95,6768
2024-02-27,86.90,89.45,82.60,84.85,41214
2024-02-28,85.60,85.85,81.30,81.65,11346
2024-02-29,81.30,82.75,79.05,81.20,5940
2024-03-01,81.20,83.55,79.05,81.80,2888
2024-03-02,79.05,80.00,79.05,80.00,17
2024-03-04,83.20,84.00,81.00,83.85,10543
2024-03-05,84.00,86.90,83.80,86.10,22275
2024-03-06,88.50,88.50,82.00,85.90,30846
2024-03-07,86.70,90.15,86.10,90.15,35325
2024-03-11,89.80,89.80,85.65,85.65,5546
2024-03-12,81.50,81.50,81.40,81.40,2375
2024-03-13,77.35,77.60,77.35,77.35,18966
2024-03-14,73.50,80.85,73.50,79.30,25643
2024-03-15,78.90,78.90,76.00,77.35,7951
2024-03-18,77.30,77.30,75.00,75.00,4165
2024-03-19,78.00,78.00,72.25,73.90,7189
2024-03-20,75.00,75.00,72.50,74.30,27095
2024-03-21,76.40,76.40,72.65,74.05,705
2024-03-22,74.05,75.60,74.00,74.25,3012
2024-03-26,74.55,77.95,72.30,76.05,34406
2024-03-27,75.75,75.75,73.10,73.80,166814
2024-03-28,75.00,75.60,72.00,74.40,3138
2024-04-01,74.40,76.70,74.40,75.00,2480
2024-04-02,74.95,75.50,73.05,75.00,5531
2024-04-03,78.75,78.75,75.40,76.50,13473
2024-04-04,80.00,80.00,75.05,76.05,1993
2024-04-05,78.95,78.95,75.00,75.20,4395
2024-04-08,75.55,77.95,75.50,77.20,3112
2024-04-09,77.20,78.90,75.00,76.85,1503
2024-04-10,79.70,79.70,75.50,76.05,5367
2024-04-12,75.10,77.90,74.80,74.80,3883
2024-04-15,74.80,75.00,72.05,73.05,3881
2024-04-16,73.00,74.45,72.15,72.25,2591
2024-04-18,72.25,73.50,70.60,72.80,9284
2024-04-19,71.00,74.95,70.50,71.25,15101
2024-04-22,71.00,73.95,71.00,71.60,1654
2024-04-23,73.65,73.95,71.55,73.10,4551
2024-04-24,75.15,76.75,73.05,75.05,12717
2024-04-25,76.75,76.75,74.30,74.65,3665
2024-04-26,76.00,76.45,73.30,73.95,3104
2024-04-29,72.65,74.95,72.65,73.00,5852
2024-04-30,73.20,74.60,72.25,73.10,3502
2024-05-02,72.35,73.75,72.30,72.70,4488
2024-05-03,72.40,73.65,71.00,72.00,5987
2024-05-06,72.15,73.20,68.40,69.85,13425
2024-05-07,71.90,71.90,69.00,69.80,3241
2024-05-08,71.90,71.90,67.70,69.00,4789
2024-05-09,70.75,71.25,68.00,68.30,6175
2024-05-10,68.50,68.50,66.30,66.95,2659
2024-05-13,68.30,69.00,64.75,68.45,3975
2024-05-14,66.85,70.50,66.85,69.95,4998
2024-05-15,69.80,71.30,68.35,70.15,10668
2024-05-16,71.40,73.65,69.10,69.55,26157
2024-05-17,71.00,71.30,69.35,69.55,8324
2024-05-18,69.50,69.50,67.60,69.10,1197
2024-05-21,70.85,72.55,67.60,70.85,15292
2024-05-22,71.95,72.40,69.10,70.95,6937
2024-05-23,72.70,72.70,68.75,69.90,10774
2024-05-24,69.90,69.90,68.10,69.30,4830
2024-05-27,69.25,70.00,68.00,68.75,13397
2024-05-28,68.95,71.70,67.30,68.80,20463
2024-05-29,69.65,69.70,66.05,66.45,8973
2024-05-30,65.55,66.10,63.30,64.45,8734
2024-05-31,64.45,64.45,61.65,62.45,10446
2024-06-03,65.30,65.50,62.65,63.00,6241
2024-06-04,61.05,64.00,59.85,62.95,21383
2024-06-05,62.35,62.35,60.25,60.90,5029
2024-06-06,60.90,63.75,60.50,63.70,24208
2024-06-07,66.45,67.50,62.20,65.55,31937
2024-06-10,65.55,66.38,64.20,65.39,9647
2024-06-11,66.80,67.56,64.42,65.75,14274
2024-06-12,64.36,71.59,64.36,71.15,73701
2024-06-13,73.45,73.50,69.12,70.04,93458
2024-06-14,72.69,73.00,68.80,71.37,70266
2024-06-18,70.00,72.45,70.00,71.95,40987
2024-06-19,71.99,71.99,69.91,70.04,28579
2024-06-20,70.33,71.95,70.07,71.29,32682
2024-06-21,72.00,72.00,68.06,68.91,36301
2024-06-24,71.99,71.99,68.94,69.69,12895
2024-06-25,68.50,70.55,67.66,68.18,34574
2024-06-26,66.87,73.70,66.87,71.74,59029
2024-06-27,73.00,74.90,68.82,70.93,50871
2024-06-28,72.20,72.50,68.60,69.68,12205
2024-07-01,69.70,73.85,69.02,70.63,54307
2024-07-02,70.15,71.69,69.13,70.27,11204
2024-07-03,70.39,71.36,69.00,69.56,19862
2024-07-04,70.46,70.50,68.04,68.47,16394
2024-07-05,68.03,70.19,68.03,68.89,6455
2024-07-08,67.65,74.99,67.65,74.70,58452
2024-07-09,75.50,76.48,72.10,72.26,21849
2024-07-10,72.67,72.73,70.98,71.14,6982
2024-07-11,72.95,72.95,69.51,69.97,26986
2024-07-12,69.97,71.66,69.06,70.32,6358
2024-07-15,69.60,72.29,69.60,71.75,3187
2024-07-16,72.99,72.99,70.51,71.13,5804
2024-07-18,71.87,72.50,69.41,70.00,12474
2024-07-19,70.02,71.00,68.97,69.98,5122
2024-07-22,73.00,73.00,69.05,69.75,5231
2024-07-23,69.82,71.75,67.01,70.75,20993
2024-07-24,71.83,75.38,71.00,72.89,86595
2024-07-25,70.11,74.00,70.11,73.82,5713
2024-07-26,73.65,73.70,72.02,72.99,12331
2024-07-29,75.45,75.45,70.40,70.90,19691
2024-07-30,72.93,73.19,69.68,70.78,16733
2024-07-31,70.74,71.90,69.80,71.18,8354
2024-08-01,71.24,72.65,70.51,71.02,11606
2024-08-02,70.01,75.25,69.61,73.36,41045
2024-08-05,73.00,73.00,69.21,70.16,30882
2024-08-06,71.56,73.10,70.25,71.61,23529
2024-08-07,72.06,76.00,72.01,74.50,34984
2024-08-08,75.73,81.28,74.50,78.84,196743
2024-08-09,84.00,84.00,78.12,81.56,108963
2024-08-12,82.80,82.80,75.24,76.53,57135
2024-08-13,78.00,78.00,75.38,76.00,24961
2024-08-14,75.00,77.88,73.27,74.15,24890
2024-08-16,75.51,77.38,74.16,75.49,7996
2024-08-19,77.28,79.25,74.00,74.44,25466
2024-08-20,75.79,77.45,74.51,75.16,13198
2024-08-21,74.78,77.39,74.24,76.83,12796
2024-08-22,75.31,78.48,75.20,76.59,12990
2024-08-23,75.99,77.00,74.50,76.53,10046
2024-08-26,79.50,79.50,75.12,78.07,32676
2024-08-27,77.01,78.87,76.30,77.44,14990
2024-08-28,77.97,81.70,76.41,79.90,51830
2024-08-29,79.74,79.77,77.05,77.63,17559
2024-08-30,79.95,79.99,77.63,77.84,12859
2024-09-02,78.37,79.28,76.35,77.57,12052
2024-09-03,78.50,81.89,77.00,79.07,63993
2024-09-04,79.00,82.99,78.85,82.26,52798
2024-09-05,83.95,84.90,82.21,83.95,39200
2024-09-06,84.89,84.89,81.34,83.40,38617
2024-09-09,84.70,86.58,80.00,81.31,71650
2024-09-10,82.38,84.59,80.00,80.97,53043
2024-09-11,81.54,82.38,79.85,81.05,27204
2024-09-12,83.40,83.79,79.60,80.56,22496
2024-09-13,81.92,81.95,77.82,79.10,29038
2024-09-16,79.65,86.90,79.63,81.66,60110
2024-09-17,82.80,82.95,80.21,80.64,18631
2024-09-18,82.60,84.26,79.81,82.01,73644
2024-09-19,83.00,84.82,77.30,79.91,46262
2024-09-20,81.10,82.85,77.60,78.57,17411
2024-09-23,80.85,83.00,78.60,80.68,11507
2024-09-24,81.28,82.85,78.86,81.11,16510
2024-09-25,84.00,97.33,84.00,97.33,1623478
2024-09-26,105.00,116.79,105.00,111.12,5228936
2024-09-27,107.79,108.60,92.10,95.18,1032486
2024-09-30,96.00,108.49,95.50,103.63,1096400
2024-10-01,102.90,105.59,99.80,100.30,82754
2024-10-03,99.90,99.90,95.28,98.03,84353
2024-10-04,99.98,99.98,93.51,94.46,45346
2024-10-07,90.25,95.05,89.73,89.73,21682
2024-10-08,88.00,91.00,85.24,85.24,24703
2024-10-09,83.05,89.50,80.97,87.75,84782
2024-10-10,88.59,90.99,87.01,87.86,20814
2024-10-11,87.90,87.99,84.50,85.15,12065
2024-10-14,84.40,86.50,83.03,85.07,11216
2024-10-15,85.00,87.00,80.90,81.98,35481
2024-10-16,82.40,85.78,80.03,84.21,21559
2024-10-17,84.00,84.00,80.20,81.09,22261
2024-10-18,78.60,82.98,78.21,81.81,18771
2024-10-21,83.45,85.00,79.00,83.27,42736
2024-10-22,79.51,83.00,79.35,81.10,25569
2024-10-23,80.40,82.00,79.05,79.72,7135
2024-10-24,77.50,82.00,77.50,81.33,4665
2024-10-25,78.12,80.00,77.27,77.51,13064
2024-10-28,77.80,81.38,75.22,79.83,16215
2024-10-29,79.99,82.84,78.00,81.60,6965
2024-10-30,78.60,84.00,78.60,82.58,7261
2024-10-31,83.90,83.90,80.00,82.06,8521
2024-11-01,82.50,86.00,80.60,85.10,29763
2024-11-04,87.23,87.23,81.60,85.45,14546
2024-11-05,85.00,85.99,83.51,85.36,5567
2024-11-06,85.99,87.49,84.10,86.83,14206
2024-11-07,83.05,89.85,83.05,89.05,21699
2024-11-08,90.40,90.40,86.51,87.39,8714
2024-11-11,84.00,90.00,84.00,86.50,7406
2024-11-12,86.00,88.83,83.00,85.62,2327
2024-11-13,87.00,87.00,81.33,83.29,16404
2024-11-14,82.50,84.49,81.50,83.77,8876
2024-11-18,81.50,83.79,79.58,80.02,6530
2024-11-19,80.02,83.47,78.00,82.95,9642
2024-11-21,84.80,84.80,79.10,79.94,5870
2024-11-22,83.25,83.25,77.75,80.39,5411
2024-11-25,80.65,83.35,78.00,81.62,8975
2024-11-26,82.00,83.65,81.50,82.90,7746
2024-11-27,82.99,83.75,81.00,83.35,13821
2024-11-28,83.35,85.00,81.51,83.65,14871
2024-11-29,83.65,84.00,81.16,82.69,9957
2024-12-02,83.90,84.89,81.50,83.03,17611
2024-12-03,83.50,86.30,81.50,84.33,18582
2024-12-04,83.67,86.00,82.68,84.65,15750
2024-12-05,84.65,86.00,83.60,84.48,11070
2024-12-06,84.48,87.99,83.54,86.20,16300
2024-12-09,86.80,88.00,84.21,85.16,7966
2024-12-10,86.85,87.59,83.50,86.04,7443
2024-12-11,86.50,86.50,82.56,86.39,13442
2024-12-12,87.00,89.84,86.00,88.65,21165
2024-12-13,88.65,91.99,85.52,88.16,18191
2024-12-16,91.78,91.78,87.25,89.88,11817
2024-12-17,89.88,90.40,87.00,88.14,10224
2024-12-18,87.60,92.02,86.25,87.74,9927
2024-12-19,87.50,92.00,85.20,89.80,12415
2024-12-20,89.00,89.50,87.05,88.49,7098
2024-12-23,91.00,91.00,88.00,88.57,7666
2024-12-24,88.10,88.10,84.20,86.16,20760
2024-12-26,84.01,87.88,83.32,84.26,6362
2024-12-27,83.41,87.54,83.41,85.52,4156
2024-12-30,86.98,86.98,85.01,86.44,4089
2024-12-31,89.00,90.75,87.45,89.85,11854
2025-01-01,89.90,93.00,88.50,92.14,15936
2025-01-02,91.68,93.00,90.10,91.09,27025
2025-01-03,90.20,93.00,90.20,90.78,28698
2025-01-06,96.16,102.00,89.50,91.08,179586
2025-01-07,90.50,91.90,87.30,88.00,22088
2025-01-08,88.00,98.50,88.00,92.55,318350
2025-01-09,93.70,96.49,92.10,92.74,70559
2025-01-10,94.75,94.79,89.03,90.13,41134
2025-01-13,93.98,93.98,85.25,86.85,20425
2025-01-14,87.96,90.39,87.21,88.12,13422
2025-01-15,88.29,90.38,82.18,82.78,31439
2025-01-16,84.00,86.09,83.85,84.45,11235
2025-01-17,84.03,86.70,83.70,85.96,14394
2025-01-20,86.96,87.59,84.91,85.69,5018
2025-01-21,85.94,90.75,84.22,88.69,16356
2025-01-22,88.69,89.49,85.30,88.22,7986
2025-01-23,88.26,88.26,85.01,85.55,7615
2025-01-24,87.68,91.70,85.67,88.54,33894
2025-01-27,88.02,91.75,87.00,89.98,37907
2025-01-28,89.98,92.00,86.76,87.27,17779
2025-01-29,85.60,90.00,85.60,88.47,10111
2025-01-30,88.47,91.80,87.02,90.79,21214
2025-01-31,92.00,93.12,87.55,88.52,17966
2025-02-01,91.00,91.00,86.30,87.69,9884
2025-02-03,85.61,89.61,85.61,87.57,5426
2025-02-04,87.26,89.84,87.10,87.65,12442
2025-02-05,87.55,89.00,86.05,87.80,4763
2025-02-06,88.53,92.45,87.50,88.33,35393
2025-02-07,91.65,91.65,86.53,86.76,2380
2025-02-10,89.40,89.40,82.13,83.77,7807
2025-02-11,81.43,86.99,77.05,79.97,12853
2025-02-12,77.99,84.50,73.80,80.34,28787
2025-02-13,80.85,81.96,76.61,78.67,6611
2025-02-14,83.48,84.85,74.50,76.65,47650
2025-02-17,77.87,79.19,73.61,74.82,7928
2025-02-18,77.50,79.75,66.70,69.68,10658
2025-02-19,73.00,76.99,70.88,74.16,12529
2025-02-20,73.00,77.99,71.30,75.55,3009
2025-02-21,80.99,80.99,72.50,74.70,24296
2025-02-24,73.00,76.00,72.52,72.60,690
2025-02-25,78.00,78.00,71.25,75.60,9093
2025-02-27,76.03,77.39,72.50,73.33,3817
2025-02-28,75.51,75.51,69.16,70.71,2881
2025-03-03,71.75,73.90,64.52,65.36,26614
2025-03-04,68.00,68.00,63.51,66.73,12211
2025-03-05,67.08,78.80,66.00,77.27,211864
2025-03-06,76.52,76.52,72.28,74.40,56135
2025-03-07,73.97,74.85,72.37,73.19,9170
2025-03-10,71.75,73.55,70.00,70.39,7828
2025-03-11,68.40,70.90,67.30,69.08,6519
2025-03-12,69.97,70.00,67.10,69.05,7549
2025-03-13,69.00,69.85,68.02,68.80,18747
2025-03-17,67.99,69.97,65.30,66.22,8276
2025-03-18,67.00,68.90,66.61,67.29,112871
2025-03-19,68.85,70.49,67.90,68.54,4428
2025-03-20,70.00,71.38,65.50,66.46,10264
2025-03-21,67.80,69.90,66.67,68.82,10194
2025-03-24,71.40,71.69,68.85,69.92,20424
2025-03-25,70.48,72.00,67.00,68.72,14797
2025-03-26,69.19,69.59,60.20,61.95,41922
2025-03-27,62.10,65.99,59.26,60.98,79381
2025-03-28,63.00,68.00,61.21,63.05,57677
2025-04-01,64.63,69.50,62.01,68.21,20904
2025-04-02,68.00,70.10,67.31,68.25,4120
2025-04-03,68.25,74.00,68.25,73.75,17533
2025-04-04,73.76,74.38,70.10,73.34,7596
2025-04-07,72.00,72.00,67.01,68.76,4046
2025-04-08,68.59,72.90,68.59,71.49,3393
2025-04-09,71.99,71.99,68.61,69.30,991
2025-04-11,69.42,71.90,69.42,70.03,414
2025-04-15,69.74,75.00,69.74,72.99,4906
2025-04-16,72.90,73.50,72.00,72.40,10671
2025-04-17,72.61,75.48,70.30,71.17,9531
2025-04-21,70.15,73.14,70.15,71.77,2171
2025-04-22,71.00,74.88,70.46,72.59,3599
2025-04-23,72.50,75.85,71.63,73.25,9477
2025-04-24,73.19,74.38,72.61,73.38,4574
2025-04-25,74.10,74.10,70.00,70.84,1195
2025-04-28,71.90,73.99,71.30,71.59,2831
2025-04-29,71.59,73.40,70.60,70.95,1088
2025-04-30,71.00,73.00,70.50,71.11,1577
2025-05-02,71.05,74.00,69.41,73.79,8938
2025-05-05,75.83,76.79,71.40,74.62,7384
2025-05-06,74.00,74.00,71.00,71.77,1791
2025-05-07,69.10,71.99,69.10,70.66,819
2025-05-08,70.60,74.75,70.00,70.60,6700
2025-05-09,70.60,73.67,67.56,69.13,6905
2025-05-12,68.10,74.39,68.10,72.63,5152
2025-05-13,70.97,78.01,70.97,74.73,12907
2025-05-14,77.00,89.67,74.22,80.62,404594
2025-05-15,80.40,83.41,77.41,79.43,24329
2025-05-16,78.04,81.99,77.01,79.74,17694
2025-05-19,78.40,80.50,78.40,79.29,5512
2025-05-20,79.29,92.10,79.29,82.85,481546
2025-05-21,82.85,84.00,80.10,80.93,22325
2025-05-22,81.00,82.80,78.31,81.00,21315
2025-05-23,81.01,84.58,80.31,81.30,18193
2025-05-26,80.52,84.70,80.41,84.15,16067
2025-05-27,83.15,85.80,82.10,85.10,32293
2025-05-28,85.00,87.00,81.15,81.98,16999
2025-05-29,81.98,82.72,79.23,79.76,15018
2025-05-30,79.00,80.05,77.80,78.20,8077
2025-06-02,78.44,79.76,76.31,76.57,11929
2025-06-03,78.51,78.78,70.02,71.94,34205
2025-06-04,74.13,74.99,71.94,72.80,9961
2025-06-05,74.00,74.45,72.00,73.81,8794
2025-06-06,75.00,78.00,72.44,76.08,12456
2025-06-09,76.08,79.90,76.08,77.82,9859
2025-06-10,78.22,78.99,76.00,78.10,9894
2025-06-11,78.49,82.85,77.93,78.75,22427
2025-06-12,77.25,81.89,77.25,78.14,13910
2025-06-13,77.62,80.00,76.53,79.92,12988
2025-06-16,80.00,81.50,78.47,80.80,11097
2025-06-17,81.62,81.62,79.22,80.91,11977
2025-06-18,81.80,86.70,79.26,82.23,84415
2025-06-19,83.02,84.70,81.80,82.19,10918
2025-06-20,81.67,83.11,80.80,81.01,7935
2025-06-23,80.80,83.99,79.53,83.17,15671
2025-06-24,83.50,84.62,82.19,82.84,6137
2025-06-25,82.91,84.80,82.24,84.06,7697
2025-06-26,85.80,85.80,82.60,83.84,4428
2025-06-27,84.84,90.00,83.11,88.96,79510
2025-06-30,90.30,91.70,89.00,89.38,42733
2025-07-01,89.00,90.75,88.22,90.38,15682
2025-07-02,90.38,90.64,86.80,87.35,9785
2025-07-03,87.35,88.78,86.00,86.12,9249
2025-07-04,84.44,86.69,84.01,84.39,8240
2025-07-07,83.15,86.04,83.15,85.66,9572
2025-07-08,87.05,87.05,84.15,85.56,5980
2025-07-09,85.56,85.56,82.70,83.49,10158
2025-07-10,86.18,86.18,83.20,83.49,3429
2025-07-11,83.94,84.38,83.00,83.97,1151
2025-07-14,81.52,86.00,81.51,85.22,8351
2025-07-15,85.64,86.08,83.00,83.33,9332
2025-07-16,85.70,87.00,83.59,86.31,10320
2025-07-17,85.25,87.98,83.21,84.52,12818
2025-07-18,82.90,86.40,82.90,83.44,6421
2025-07-21,88.39,88.39,83.20,84.82,11345
2025-07-22,85.93,87.00,84.41,86.06,9869
2025-07-23,86.06,86.06,84.12,84.71,4515
2025-07-24,84.83,88.80,84.80,87.52,25329
2025-07-25,85.25,87.00,82.80,84.62,15951
2025-07-28,82.20,86.68,82.15,84.98,16398
2025-07-29,84.01,84.75,82.10,83.38,8575
2025-07-30,85.32,85.55,83.10,83.67,4599
2025-07-31,83.67,85.18,82.10,82.43,3461
2025-08-01,82.60,84.40,75.21,77.55,9684
2025-08-04,77.55,81.18,77.55,79.45,8761
2025-08-05,78.05,79.89,77.40,77.60,3410
2025-08-06,78.85,78.85,73.19,75.05,23182
2025-08-07,77.25,78.89,71.40,74.88,3947
2025-08-08,74.00,81.11,74.00,76.82,24724
2025-08-11,77.99,84.20,75.63,80.46,81778
2025-08-12,82.98,83.00,78.33,79.55,13044
2025-08-13,79.55,81.00,76.20,77.59,9538
2025-08-14,77.00,79.63,77.00,78.03,1884
2025-08-18,78.03,79.20,77.00,78.20,3398
2025-08-19,77.23,77.53,75.00,75.49,10806
2025-08-20,75.86,77.60,72.06,74.99,6574
2025-08-21,74.99,76.49,74.53,75.20,3220
2025-08-22,75.12,76.48,71.00,72.38,11579
2025-08-25,73.28,74.39,72.31,72.65,3538
2025-08-26,73.00,74.89,69.50,70.28,20428
2025-08-28,70.25,73.70,70.25,71.14,8606
2025-08-29,71.60,71.71,70.50,70.75,2421
2025-09-01,70.99,72.86,69.50,70.11,7144
2025-09-02,69.20,70.50,67.51,69.27,16480
2025-09-03,68.93,70.39,68.01,68.95,14283
2025-09-04,68.13,69.89,68.10,68.70,10082
2025-09-05,70.57,70.57,68.72,69.76,2065
2025-09-08,70.50,72.89,68.05,68.33,28500
2025-09-09,68.05,69.00,66.45,67.44,29527
2025-09-10,67.00,69.59,65.73,67.21,18064
2025-09-11,67.00,67.99,66.66,67.05,9718
2025-09-12,67.60,68.94,67.01,68.54,6123
2025-09-15,68.54,72.80,67.12,69.52,50404
2025-09-16,69.52,71.40,68.55,69.34,14200
2025-09-17,69.35,72.00,69.35,70.15,16708
2025-09-18,71.90,72.05,69.00,69.34,6217
2025-09-19,69.50,70.00,68.40,68.95,4679
2025-09-22,69.29,72.74,69.29,70.74,6823
2025-09-23,70.70,70.74,69.30,69.93,3730
2025-09-24,70.00,70.70,68.34,68.93,5782
2025-09-25,70.31,70.31,68.62,68.72,4245
2025-09-26,68.90,68.95,67.06,67.95,6365
2025-09-29,68.99,69.49,67.95,69.08,1129
2025-09-30,69.25,69.25,67.60,67.88,4397
2025-10-01,69.00,70.01,68.00,68.65,5522
2025-10-03,69.74,69.74,67.07,68.53,14600
2025-10-06,68.00,69.00,67.51,67.72,1497
2025-10-07,67.50,69.27,67.31,68.82,5693
2025-10-08,69.38,69.38,67.50,67.75,2711
2025-10-09,69.45,69.45,68.50,68.57,2731
2025-10-10,68.95,68.98,67.80,68.21,2016
2025-10-13,69.00,69.00,66.00,66.62,6310
2025-10-14,66.62,68.50,65.42,66.50,6633
2025-10-15,66.50,70.49,65.51,67.59,13938
2025-10-16,69.99,69.99,67.11,67.57,7174
2025-10-17,67.57,68.98,67.20,68.44,2616
2025-10-20,68.10,69.70,67.71,69.12,5810
2025-10-21,67.25,69.46,67.25,68.89,3643
2025-10-23,67.70,72.70,67.70,70.36,15147
2025-10-24,71.90,71.90,67.25,67.71,8929
2025-10-27,67.71,69.99,64.00,65.40,24795
2025-10-28,65.10,67.42,65.00,66.03,9214
2025-10-29,66.03,67.00,65.21,65.84,8546
2025-10-30,65.84,67.35,64.61,65.57,7442
2025-10-31,66.00,66.88,65.21,66.70,2698
2025-11-03,66.00,70.12,65.20,69.33,17727
2025-11-04,67.50,68.99,67.21,68.79,1779
2025-11-06,68.79,68.79,66.50,66.88,2639
2025-11-07,67.65,68.40,67.00,68.17,1562
2025-11-10,68.51,68.51,66.01,66.58,4967
2025-11-11,68.40,68.40,65.25,66.52,3256
2025-11-12,66.50,68.00,65.42,65.82,7494
2025-11-13,66.11,67.50,65.60,66.47,1847
2025-11-14,66.88,67.49,65.71,67.31,2103
2025-11-17,65.82,67.80,65.82,66.10,5815
2025-11-18,65.82,67.38,65.26,65.56,2624
2025-11-19,67.00,67.00,65.60,65.96,479
2025-11-20,66.50,66.50,64.10,64.71,2172
2025-11-21,64.10,65.70,64.10,64.26,452
2025-11-24,64.10,66.00,63.80,64.16,2600
2025-11-25,63.10,65.00,62.16,63.06,1216
2025-11-26,64.00,65.80,62.50,63.00,1549
2025-11-27,63.05,65.58,63.05,64.22,1827
2025-11-28,63.60,65.00,63.50,64.81,936
2025-12-01,63.90,65.85,63.10,64.35,8184
2025-12-02,65.89,65.89,63.03,63.26,2332
2025-12-03,63.99,64.78,63.26,64.16,1150
2025-12-04,63.20,64.99,60.52,62.82,4887
2025-12-05,63.80,64.80,62.00,63.47,18673
2025-12-08,64.80,64.80,61.00,61.38,2777
2025-12-09,62.61,63.75,60.00,60.43,5441
2025-12-10,62.99,63.49,61.12,61.62,1354
2025-12-11,62.80,62.80,60.45,61.67,1496
2025-12-12,61.00,62.69,60.56,61.29,932
2025-12-15,61.28,62.70,61.10,61.44,2135
2025-12-16,63.79,63.79,60.70,60.95,5542
2025-12-17,62.69,62.69,58.00,58.15,4196
2025-12-18,58.15,60.85,58.15,59.01,6889
2025-12-19,61.74,61.74,57.25,58.48,10397
2025-12-22,59.10,63.75,57.10,61.24,13666
2025-12-23,61.00,63.75,60.15,62.59,13438
2025-12-24,62.10,66.85,62.10,63.03,9293
2025-12-26,62.00,66.90,61.02,64.01,14265
2025-12-29,63.20,64.00,61.60,63.00,3967
2025-12-30,62.10,64.00,60.10,61.35,3937
2025-12-31,63.80,64.85,60.50,62.79,4767
2026-01-01,62.00,63.78,61.32,62.68,5691
2026-01-02,62.02,63.75,61.06,63.08,7027
2026-01-05,62.50,72.70,62.50,68.39,55909
2026-01-06,68.45,70.12,66.00,68.08,11149
2026-01-07,68.00,68.87,66.05,66.91,3044
2026-01-08,68.00,68.40,64.51,65.04,3253
2026-01-09,63.55,69.45,63.55,66.86,10105
2026-01-12,67.80,67.80,63.75,64.38,4310
2026-01-13,68.00,69.85,64.00,64.55,3878
2026-01-14,62.87,67.79,62.87,66.17,9859
2026-01-16,67.95,67.95,64.40,65.41,2855
2026-01-19,64.50,64.55,62.27,62.84,5324
2026-01-20,65.65,65.65,57.51,58.36,11965
2026-01-21,57.50,61.00,57.50,58.50,1646
2026-01-22,62.40,62.40,58.50,59.08,1190
2026-01-23,58.10,59.99,57.15,58.06,2881
2026-01-27,57.60,58.99,55.21,55.99,9012
2026-01-28,57.48,59.90,55.53,55.85,4730
2026-01-29,56.50,57.79,54.45,54.95,6382
2026-01-30,55.80,59.00,54.60,56.98,15099
2026-02-01,57.54,57.54,54.50,55.82,8396
2026-02-02,55.51,58.80,54.50,56.30,13941
2026-02-03,57.20,59.85,55.21,56.55,14237
2026-02-04,56.55,63.04,56.55,61.60,14445
2026-02-05,61.00,63.00,59.01,61.80,4504
2026-02-06,62.88,62.88,57.06,60.74,4734
2026-02-09,60.75,62.00,58.26,61.84,2663
2026-02-10,60.20,61.89,59.01,59.49,9257
2026-02-11,59.50,69.40,59.49,67.18,140872
2026-02-12,67.38,67.90,63.03,64.57,9892
2026-02-13,64.00,65.33,58.66,61.86,6264
2026-02-16,61.21,62.89,59.12,59.99,4757
2026-02-17,60.00,62.00,58.12,58.81,7162
2026-02-18,59.00,61.98,57.30,58.74,12959
2026-02-19,61.00,61.00,59.05,59.23,2532
2026-02-20,59.00,60.90,54.20,57.72,15541
2026-02-23,61.45,61.45,55.32,56.04,4661
2026-02-24,59.00,59.00,54.33,54.53,4925
2026-02-25,54.51,56.94,54.00,55.34,922
2026-02-26,56.79,57.98,52.99,55.60,15094
2026-02-27,55.60,57.40,54.12,55.02,946
2026-03-02,54.01,54.01,51.75,52.88,6475
2026-03-04,52.88,54.92,49.10,51.53,21430
2026-03-05,53.89,55.75,51.21,53.76,5722
2026-03-06,54.80,55.10,50.00,50.27,20231
2026-03-09,50.01,51.40,48.75,50.87,5199
2026-03-10,51.01,51.01,48.26,49.37,26255
2026-03-11,49.90,49.90,47.82,48.13,9587
2026-03-12,49.01,50.99,46.11,47.32,7511
2026-03-13,47.10,49.48,47.10,47.53,2045
2026-03-16,46.58,47.00,44.01,44.99,4403
2026-03-17,44.75,45.70,40.00,42.38,31889
2026-03-18,42.00,43.70,41.99,42.74,15690
2026-03-19,41.75,46.60,41.00,41.70,9951
2026-03-20,43.40,43.40,41.60,42.03,4323
2026-03-23,42.45,42.48,37.30,37.97,14527
2026-03-24,40.00,40.00,37.02,38.74,21908
2026-03-25,38.73,43.88,38.73,42.36,23053
2026-03-27,42.36,45.00,39.40,40.77,38672
2026-03-30,40.99,41.40,37.01,37.31,10746
2026-04-01,40.80,42.48,39.17,41.41,6144
2026-04-02,40.20,43.49,39.51,43.11,9470
2026-04-06,43.11,43.80,40.51,41.81,9192
2026-04-07,41.50,41.74,41.15,41.74,302
2026-04-08,43.49,47.40,42.50,46.11,15077
2026-04-09,48.00,54.30,45.03,48.63,193525
2026-04-10,49.00,51.99,48.00,48.28,10324
2026-04-13,48.00,49.79,47.00,48.15,3431
2026-04-15,48.20,50.70,47.01,49.64,4585
2026-04-16,49.64,50.39,47.55,48.64,6682
2026-04-17,49.99,50.00,47.37,48.55,8581
2026-04-20,48.10,49.50,47.32,48.92,4606
2026-04-21,49.00,49.87,47.40,47.93,6130
2026-04-22,48.10,48.11,46.81,47.99,2736
2026-04-23,48.10,49.12,46.54,48.48,5169
2026-04-24,48.48,49.20,47.51,49.19,1004
2026-04-27,49.45,51.90,48.50,50.61,15502
2026-04-28,52.60,57.75,50.99,55.20,69462
2026-04-29,55.20,60.99,54.60,59.16,35873
2026-04-30,62.00,64.50,59.66,60.62,80008
2026-05-04,60.70,61.10,57.49,58.60,6743
2026-05-05,59.20,59.50,56.55,57.12,8705
2026-05-06,59.70,60.40,57.40,58.63,2677
2026-05-07,59.40,60.67,57.00,57.72,6137
2026-05-08,58.50,59.40,56.53,57.07,7152
2026-05-11,56.79,59.85,56.52,58.71,5440
2026-05-12,59.60,59.60,55.55,55.91,2971
2026-05-13,57.03,57.03,53.00,53.74,4324
2026-05-14,52.90,54.79,52.55,54.21,3938
2026-05-15,54.21,54.48,53.11,53.44,2812
2026-05-18,52.80,53.10,52.00,52.00,4134
2026-05-19,52.40,52.50,50.00,52.04,6021
2026-05-20,51.05,52.79,50.20,52.00,638
2026-05-21,52.01,60.70,52.00,59.52,28062
2026-05-22,60.00,64.70,58.50,62.21,37689
2026-05-25,63.18,68.42,62.51,64.52,77558
2026-05-26,64.52,66.66,63.60,64.62,10977
2026-05-27,63.80,68.68,61.20,67.56,39678
2026-05-29,68.49,69.19,64.29,64.87,16449
2026-06-01,63.51,68.99,63.50,65.93,4633
2026-06-02,65.00,65.80,63.35,64.06,8623
2026-06-03,67.80,67.80,61.60,62.51,6604
2026-06-04,60.55,65.00,60.55,64.24,1924
2026-06-05,65.39,65.39,63.50,63.80,3861
2026-06-08,63.48,63.48,61.20,61.37,3154
2026-06-09,63.70,64.00,61.00,61.02,431
2026-06-10,61.40,62.04,60.05,60.14,2976
2026-06-11,61.00,62.00,59.10,60.29,1422
2026-06-12,61.40,61.40,59.50,60.55,729
2026-06-15,64.00,65.70,62.30,63.10,29531
2026-06-16,65.80,65.80,62.50,65.09,13108
2026-06-17,66.00,66.00,63.10,63.33,4441
2026-06-18,63.41,64.98,63.40,63.59,920
2026-06-19,64.01,68.00,64.00,65.39,28273
2026-06-22,67.40,67.40,64.00,65.59,17830
2026-06-23,66.27,67.40,61.05,61.51,12680
2026-06-24,61.50,64.29,59.66,60.99,2203
2026-06-25,61.00,62.00,60.29,60.99,4400
2026-06-29,60.69,60.69,58.24,59.40,3826
2026-06-30,59.98,59.98,56.43,58.69,14520
2026-07-01,58.69,59.00,55.83,55.98,11692
2026-07-02,55.98,57.35,54.02,55.88,4871
2026-07-03,55.00,56.49,54.00,55.86,4882
2026-07-06,55.86,55.86,55.00,55.00,11006
2026-07-07,54.00,54.04,53.25,53.31,1519
2026-07-08,53.01,54.84,51.20,54.20,4898
2026-07-09,53.95,55.50,53.95,54.38,2272
2026-07-10,54.00,54.00,53.21,53.46,899
2026-07-13,54.99,54.99,54.00,54.50,1141
2026-07-14,54.50,54.50,51.85,53.48,2688
2026-07-15,52.50,54.99,51.00,51.21,8423
2026-07-16,51.98,51.99,50.80,51.28,1827
2026-07-17,50.80,50.80,49.30,50.78,1144
2026-07-20,51.03,53.30,49.00,53.30,14444
2026-07-21,55.79,55.96,53.35,55.90,4682
2026-07-22,55.63,56.98,55.63,56.39,1393
2026-07-23,56.00,59.15,55.98,57.72,9021
2026-07-24,56.00,56.00,55.26,55.89,1992
2026-07-27,53.31,58.68,53.31,58.50,7210
2026-07-28,58.45,61.38,56.51,58.19,7859
2026-07-29,58.19,59.98,56.50,59.98,736
2026-07-30,59.50,59.50,57.00,57.20,1943
2026-07-31,57.40,57.40,55.06,56.80,358
2026-08-03,56.06,56.06,54.88,55.40,1420
2026-08-04,55.01,57.88,52.66,54.25,2851
2026-08-05,54.25,56.96,52.80,56.94,2592
2026-08-06,56.95,58.99,54.52,58.78,2428
2026-08-07,56.03,58.01,56.03,57.00,656
2026-08-10,54.55,55.00,54.30,55.00,10743
2026-08-11,54.90,57.45,53.10,57.18,3781
2026-08-12,57.00,58.49,56.00,56.56,2733
2026-08-13,57.50,58.00,54.17,57.83,1532
2026-08-14,56.00,57.83,56.00,56.50,2538
2026-08-17,54.10,59.10,54.10,56.55,7000
2026-08-18,56.55,56.55,55.23,55.26,1150
2026-08-19,57.90,57.98,56.00,56.00,3110
2026-08-20,56.00,58.49,56.00,58.07,700
2026-08-21,55.79,57.77,55.79,56.08,5224
2026-08-24,58.00,58.00,56.70,56.94,605
2026-08-25,56.94,56.94,56.50,56.50,1076
2026-08-26,56.50,58.94,55.15,58.55,3865
2026-08-27,57.50,58.48,55.93,58.48,1809
2026-08-28,57.31,59.57,56.00,56.25,755
2026-08-31,56.20,56.25,56.05,56.05,6237
2026-09-01,56.70,57.95,56.70,57.00,1966
2026-09-02,57.00,57.72,57.00,57.50,805
2026-09-03,58.94,58.94,56.10,56.10,929
2026-09-04,54.98,58.90,54.98,58.90,13799
2026-09-07,61.75,61.75,57.42,59.83,7885
2026-09-08,58.00,58.50,57.02,57.05,376
2026-09-09,55.80,58.99,55.80,58.10,3237
2026-09-10,56.94,60.70,56.12,56.88,7346
2026-09-11,56.00,58.69,55.90,58.57,862
2026-09-15,58.57,58.57,55.65,57.20,3147
2026-09-16,57.48,57.48,55.65,55.65,90
2026-09-17,55.66,58.00,55.66,56.00,1185
2026-09-18,56.28,57.92,54.31,57.92,605
