Date,Open,High,Low,Close,Volume
2015-08-24,136.32,136.32,125.00,136.18,820
2015-08-25,124.09,135.41,124.09,129.27,752
2015-08-26,127.27,127.27,110.64,122.86,2870
2015-08-27,121.14,134.50,121.14,133.82,729
2015-08-28,127.32,135.91,127.32,135.36,1192
2015-08-31,127.36,145.45,127.36,133.50,1079
2015-09-01,140.00,140.00,131.82,131.91,530
2015-09-02,133.18,136.36,125.45,135.36,624
2015-09-03,135.45,135.45,128.18,130.91,639
2015-09-04,125.45,131.82,111.55,129.95,218
2015-09-07,111.14,128.18,111.14,127.00,616
2015-09-08,122.73,122.73,112.73,113.41,3885
2015-09-09,118.18,122.73,114.59,118.18,1065
2015-09-10,127.23,127.23,118.18,118.18,241
2015-09-11,115.45,122.50,115.45,118.18,394
2015-09-14,122.55,122.55,118.18,118.18,179
2015-09-15,119.09,122.73,119.09,119.18,447
2015-09-16,121.82,126.18,114.18,118.55,1208
2015-09-18,120.91,123.64,120.91,123.64,2003
2015-09-21,123.64,142.68,107.55,127.05,264
2015-09-22,120.00,120.00,109.32,115.95,5440
2015-09-23,114.55,122.68,113.64,120.05,2050
2015-09-24,118.23,130.00,118.18,130.00,1641
2015-09-28,127.27,135.45,119.64,132.82,6370
2015-09-29,118.18,132.50,118.18,130.36,4617
2015-09-30,121.86,130.36,121.86,129.14,1452
2015-10-01,129.14,135.45,129.14,132.73,253
2015-10-05,126.36,131.82,126.36,127.27,132
2015-10-06,118.50,151.36,118.50,134.45,1359
2015-10-07,138.18,142.18,138.18,140.41,3754
2015-10-08,140.91,149.91,136.36,143.00,3275
2015-10-09,137.41,145.45,137.41,137.50,1876
2015-10-12,138.18,138.18,136.36,136.50,2246
2015-10-13,137.27,142.36,132.41,137.27,1249
2015-10-14,134.77,139.09,134.77,139.09,66
2015-10-15,125.14,140.68,125.14,137.27,263
2015-10-16,135.50,140.86,135.50,135.68,1700
2015-10-19,135.95,140.00,135.95,138.05,649
2015-10-20,136.36,137.27,136.36,136.50,376
2015-10-21,137.27,139.00,136.41,139.00,832
2015-10-23,136.86,140.91,136.41,140.64,102
2015-10-26,138.64,139.09,136.68,139.09,2512
2015-10-27,137.27,142.27,137.27,140.91,673
2015-10-28,137.27,144.55,136.86,141.14,1821
2015-10-29,137.32,138.27,137.32,138.18,1075
2015-10-30,139.18,142.00,139.09,140.41,2283
2015-11-02,140.91,144.55,127.64,134.05,5602
2015-11-03,136.36,137.27,131.91,136.00,4158
2015-11-04,137.23,137.23,133.86,134.05,838
2015-11-05,134.59,136.32,127.32,132.32,777
2015-11-06,143.64,143.64,128.41,136.14,288
2015-11-09,136.36,136.36,124.59,130.27,772
2015-11-10,127.27,135.91,127.27,133.73,525
2015-11-11,136.36,149.95,123.73,133.82,18871
2015-11-13,136.36,144.50,132.00,140.09,3310
2015-11-16,138.18,144.55,138.18,140.64,568
2015-11-17,140.91,140.91,134.55,134.86,248
2015-11-18,134.55,139.09,129.27,135.50,2662
2015-11-19,131.82,138.18,131.82,136.59,770
2015-11-20,133.64,139.59,133.64,136.36,1970
2015-11-23,133.86,140.86,133.86,139.95,1018
2015-11-24,135.45,137.27,133.64,133.68,1454
2015-11-26,133.64,139.68,133.64,139.68,1247
2015-11-27,139.82,140.95,139.09,140.64,1181
2015-11-30,141.68,142.73,137.09,140.05,2860
2015-12-01,138.64,143.09,136.36,139.41,1736
2015-12-02,138.18,138.18,136.68,137.55,353
2015-12-03,133.64,144.55,130.91,135.14,8116
2015-12-04,138.14,138.14,131.82,134.55,867
2015-12-07,131.95,137.23,131.95,134.36,1219
2015-12-08,135.27,137.27,130.95,133.27,1118
2015-12-09,136.14,136.14,130.91,131.91,671
2015-12-10,131.82,135.23,124.55,131.64,4976
2015-12-11,133.64,133.64,127.55,129.73,1276
2015-12-14,130.86,131.82,127.86,130.91,625
2015-12-15,130.91,131.73,127.27,129.64,3605
2015-12-16,130.00,138.18,122.91,130.14,10281
2015-12-17,127.36,132.64,127.36,129.68,871
2015-12-18,130.00,138.41,130.00,131.73,6912
2015-12-21,136.27,137.18,132.73,135.77,5953
2015-12-22,135.64,138.18,135.64,137.86,977
2015-12-23,133.86,138.14,133.86,138.14,242
2015-12-24,134.59,138.91,132.68,138.09,2430
2015-12-28,137.27,137.27,134.32,136.36,1563
2015-12-29,137.27,137.27,136.36,137.18,479
2015-12-30,137.18,137.18,136.36,136.36,680
2015-12-31,126.36,137.27,126.36,137.09,1595
2016-01-01,133.91,140.59,133.91,136.36,160
2016-01-04,136.36,138.14,135.00,137.27,1361
2016-01-05,136.45,139.45,134.55,139.14,1203
2016-01-06,139.09,139.86,135.45,137.27,2553
2016-01-07,134.55,136.32,129.73,133.32,3011
2016-01-08,133.18,136.00,133.18,133.64,2540
2016-01-11,138.64,154.55,138.64,147.41,10487
2016-01-12,150.45,150.45,143.64,146.00,2475
2016-01-13,144.55,146.36,136.73,145.32,4193
2016-01-14,136.45,146.36,136.45,143.32,2764
2016-01-15,141.73,145.36,136.95,140.05,1252
2016-01-18,131.64,143.64,123.27,137.05,2114
2016-01-19,140.00,142.73,124.55,127.18,9128
2016-01-20,125.45,127.27,120.05,125.00,3473
2016-01-21,123.00,129.09,122.95,128.64,3202
2016-01-22,126.32,137.27,126.32,131.91,508
2016-01-25,136.36,138.09,131.91,136.00,1229
2016-01-27,137.00,138.18,133.64,138.18,876
2016-01-28,138.18,140.95,136.36,136.36,3697
2016-01-29,148.64,148.68,134.09,134.50,1437
2016-02-01,131.91,139.50,131.91,137.45,911
2016-02-02,134.18,139.82,134.09,134.09,2101
2016-02-03,128.18,133.64,128.18,132.86,5009
2016-02-04,132.73,132.73,129.09,130.00,701
2016-02-05,129.14,134.55,128.18,129.23,5176
2016-02-08,134.32,134.32,129.18,129.64,241
2016-02-09,127.27,129.09,127.27,129.09,288
2016-02-10,127.32,129.68,126.50,127.64,1410
2016-02-11,126.73,133.59,124.09,130.82,1909
2016-02-12,125.45,125.45,120.59,122.14,172
2016-02-15,122.50,127.23,122.50,123.82,798
2016-02-16,125.45,127.27,122.00,123.64,1935
2016-02-17,121.82,127.27,119.36,122.14,946
2016-02-18,122.73,123.55,121.05,121.05,1128
2016-02-19,127.05,127.05,121.91,122.27,338
2016-02-22,126.09,135.45,126.09,133.05,679
2016-02-23,127.36,127.36,122.86,122.95,97
2016-02-24,127.27,130.55,122.73,122.73,255
2016-02-25,120.91,121.32,112.36,118.41,2503
2016-02-26,118.41,124.50,118.41,122.73,587
2016-02-29,123.59,147.27,118.50,120.09,928
2016-03-01,127.27,130.73,119.09,122.18,783
2016-03-02,127.27,130.73,121.00,125.45,1020
2016-03-03,131.82,131.82,122.05,124.45,353
2016-03-04,127.27,131.64,126.36,129.45,2669
2016-03-08,126.91,131.82,124.50,131.23,1883
2016-03-09,114.55,139.36,114.55,131.82,8402
2016-03-10,134.36,136.82,131.82,136.23,1893
2016-03-11,136.36,136.36,131.91,136.36,820
2016-03-14,139.09,139.09,135.50,136.36,457
2016-03-15,136.36,139.09,136.36,138.18,1433
2016-03-16,138.18,138.18,136.36,138.14,2207
2016-03-17,136.36,139.05,135.50,136.55,465
2016-03-18,135.45,136.36,135.45,135.55,4019
2016-03-21,135.45,135.45,130.95,133.64,3176
2016-03-22,130.91,130.91,130.91,130.91,3
2016-03-23,129.32,130.91,126.00,130.45,417
2016-03-28,135.45,140.23,129.91,133.77,1180
2016-03-29,134.55,134.55,130.09,132.18,332
2016-03-30,129.32,131.82,129.09,131.82,525
2016-03-31,131.82,137.27,131.82,135.45,1642
2016-04-01,136.36,140.45,129.82,137.45,9004
2016-04-04,139.09,145.45,136.36,136.68,20393
2016-04-05,139.09,140.86,135.00,136.36,3341
2016-04-06,133.64,140.64,133.64,140.00,23651
2016-04-07,139.09,140.91,137.73,140.91,2543
2016-04-08,137.77,141.82,137.77,138.77,1146
2016-04-11,137.36,137.45,137.36,137.45,73
2016-04-12,137.82,140.82,137.82,140.82,7
2016-04-13,137.27,141.77,132.36,138.91,1416
2016-04-18,138.50,142.73,137.27,140.91,2606
2016-04-20,147.73,150.82,144.82,149.55,12379
2016-04-21,152.68,152.68,141.59,142.00,9196
2016-04-22,141.82,146.18,141.82,142.18,2903
2016-04-25,145.45,148.86,145.45,146.91,11537
2016-04-26,149.95,156.27,148.32,151.86,6400
2016-04-27,153.50,175.27,150.45,160.14,46419
2016-04-28,161.36,166.36,161.36,163.77,19996
2016-04-29,161.27,163.45,159.68,160.18,2266
2016-05-02,163.64,163.64,158.41,161.09,4390
2016-05-03,160.05,163.73,160.05,162.27,5533
2016-05-04,159.14,161.27,159.14,159.50,1064
2016-05-05,157.36,158.95,155.00,156.45,802
2016-05-06,155.50,158.86,155.45,157.95,730
2016-05-09,158.18,159.09,155.68,157.50,3387
2016-05-10,154.55,157.00,154.55,154.77,1030
2016-05-11,142.00,160.82,142.00,157.27,2798
2016-05-12,154.09,160.91,154.09,159.32,928
2016-05-13,160.73,172.55,154.59,163.68,3114
2016-05-16,161.95,170.91,161.91,166.09,2496
2016-05-17,165.59,172.59,163.64,165.00,4946
2016-05-18,164.00,172.73,163.68,170.27,4560
2016-05-19,169.95,170.00,167.18,168.14,1792
2016-05-20,164.91,168.50,161.45,163.86,6586
2016-05-23,164.55,164.91,161.91,163.95,612
2016-05-24,167.18,167.18,160.09,163.14,839
2016-05-25,160.91,162.27,159.14,159.77,600
2016-05-26,157.64,163.09,157.64,161.82,68
2016-05-27,163.64,166.27,158.27,163.32,167
2016-05-30,177.23,190.59,163.64,165.91,11739
2016-05-31,165.91,167.18,162.73,163.73,1299
2016-06-01,165.41,165.45,163.64,165.14,2396
2016-06-02,165.14,165.14,156.55,157.59,3175
2016-06-03,157.45,171.82,157.41,160.18,8877
2016-06-06,161.14,168.09,159.91,165.14,5763
2016-06-07,162.77,166.36,162.36,164.05,3552
2016-06-08,162.73,164.55,161.36,163.36,1037
2016-06-09,164.50,164.50,157.77,158.18,2526
2016-06-10,159.09,164.73,159.09,161.36,22661
2016-06-13,157.73,159.14,154.55,157.18,2618
2016-06-14,156.36,165.45,155.45,164.55,14092
2016-06-15,170.91,189.05,170.91,185.36,104014
2016-06-16,185.45,195.05,184.09,187.86,23491
2016-06-17,189.68,190.50,183.64,185.50,11278
2016-06-20,185.50,188.18,178.82,184.77,3160
2016-06-21,185.77,192.41,182.86,184.73,31664
2016-06-22,186.50,186.50,182.73,183.27,3700
2016-06-23,180.91,189.82,180.91,187.55,9093
2016-06-24,183.64,186.05,168.36,183.36,14652
2016-06-27,188.14,216.45,184.64,198.95,55817
2016-06-28,200.00,206.41,193.09,204.32,20965
2016-06-29,204.36,204.36,199.55,201.55,9764
2016-06-30,204.50,204.50,196.09,200.23,3865
2016-07-01,203.64,204.55,177.64,192.32,14044
2016-07-04,199.91,209.05,189.45,196.05,20510
2016-07-05,190.27,203.00,190.27,193.27,13306
2016-07-07,192.73,197.73,190.86,192.64,18568
2016-07-08,195.41,198.09,186.36,194.14,7538
2016-07-11,198.14,199.05,190.23,195.45,9335
2016-07-12,191.86,197.27,191.86,196.00,8174
2016-07-13,197.23,200.00,189.09,194.55,8469
2016-07-14,198.18,210.00,184.55,189.55,216874
2016-07-15,189.09,193.18,172.91,184.32,48640
2016-07-18,183.14,186.32,181.36,184.82,11606
2016-07-19,184.09,185.73,176.00,184.32,9361
2016-07-20,182.68,187.45,176.32,182.18,22023
2016-07-21,180.00,186.36,179.55,184.36,3975
2016-07-22,183.18,196.36,182.73,190.45,19752
2016-07-25,189.95,190.27,183.64,188.50,4822
2016-07-26,195.41,196.27,189.91,192.36,18642
2016-07-27,190.50,196.82,190.45,194.55,13850
2016-07-28,195.41,217.59,193.91,203.27,81815
2016-07-29,208.18,213.59,202.73,204.09,19998
2016-08-01,204.55,222.73,201.77,206.09,92920
2016-08-02,208.86,213.55,195.73,199.64,30455
2016-08-03,202.50,202.50,187.27,189.45,18965
2016-08-04,194.45,208.18,184.91,194.91,41324
2016-08-05,199.05,201.77,191.41,193.45,20458
2016-08-08,191.45,210.91,191.45,202.68,35716
2016-08-09,201.82,204.55,191.45,195.82,11816
2016-08-10,196.36,199.68,193.64,194.82,11284
2016-08-11,197.14,197.14,189.59,191.32,6144
2016-08-12,192.73,197.23,181.36,184.09,18018
2016-08-16,186.36,186.36,179.23,182.09,10335
2016-08-17,182.27,185.45,179.27,182.55,5096
2016-08-18,181.82,189.00,181.82,187.05,9118
2016-08-19,186.36,189.09,182.23,185.73,3117
2016-08-22,186.36,186.36,181.82,184.18,8654
2016-08-23,187.14,187.14,179.55,181.27,14516
2016-08-24,181.82,181.82,177.82,181.32,4610
2016-08-25,186.27,186.27,179.09,180.86,3993
2016-08-26,180.09,185.45,180.09,182.00,4483
2016-08-29,182.23,183.18,181.36,182.27,5135
2016-08-30,180.95,185.45,180.05,183.95,2644
2016-08-31,184.55,187.32,183.68,185.23,7693
2016-09-01,184.59,186.05,183.64,183.64,3212
2016-09-02,182.09,186.36,181.36,182.00,9846
2016-09-06,182.00,184.50,181.36,181.86,2317
2016-09-07,182.77,185.36,180.64,181.41,25428
2016-09-08,181.82,182.77,179.09,180.45,7954
2016-09-09,180.45,181.77,175.82,178.55,16933
2016-09-12,175.45,179.45,173.91,175.77,4408
2016-09-14,174.55,177.27,168.82,170.64,11424
2016-09-15,169.09,175.36,168.82,171.18,10236
2016-09-16,170.05,180.00,170.00,176.36,17208
2016-09-19,174.68,178.82,171.82,172.59,8568
2016-09-20,173.27,173.27,169.55,170.77,5402
2016-09-21,170.59,175.27,167.27,169.55,28848
2016-09-22,176.36,176.36,170.91,172.05,25662
2016-09-23,175.45,175.45,168.27,168.59,15917
2016-09-26,172.73,172.73,160.91,164.73,11296
2016-09-27,165.45,167.18,159.55,162.27,8622
2016-09-28,163.32,164.36,153.05,159.82,19660
2016-09-29,166.18,167.73,155.50,155.86,17043
2016-09-30,162.14,162.14,157.36,158.95,2664
2016-10-03,158.95,165.45,158.95,163.77,3428
2016-10-04,163.64,166.36,163.50,164.91,3163
2016-10-05,165.45,166.68,164.23,165.41,4054
2016-10-06,165.41,168.18,163.64,164.18,4978
2016-10-07,164.68,167.23,161.82,163.14,1415
2016-10-10,167.09,177.82,167.09,174.32,12294
2016-10-13,174.55,176.86,168.23,174.23,6258
2016-10-14,172.73,188.18,172.73,182.73,21535
2016-10-17,189.09,204.59,185.59,201.45,38968
2016-10-18,200.91,208.23,195.55,205.77,24179
2016-10-19,208.14,212.68,204.68,210.09,19131
2016-10-20,208.18,214.09,204.55,207.27,19066
2016-10-21,206.36,211.82,205.91,210.77,11167
2016-10-24,211.82,252.91,209.14,250.50,192061
2016-10-25,266.36,300.59,259.32,297.41,581776
2016-10-26,302.73,302.73,269.09,277.55,137046
2016-10-27,278.18,293.64,273.45,285.00,126112
2016-10-28,293.41,293.64,279.09,281.59,30544
2016-11-01,287.05,287.05,275.91,279.59,11631
2016-11-02,270.91,296.36,262.73,273.32,82586
2016-11-03,276.77,300.64,276.77,300.64,73401
2016-11-04,319.09,321.73,289.27,303.18,158478
2016-11-07,306.27,310.91,286.36,295.18,35132
2016-11-08,295.18,295.18,286.59,288.86,20292
2016-11-09,261.00,274.55,260.00,263.55,72224
2016-11-10,266.36,282.73,261.82,265.05,48063
2016-11-11,261.91,264.55,238.55,244.91,27122
2016-11-15,245.50,249.09,220.91,223.00,27535
2016-11-16,233.59,233.59,211.86,212.27,20983
2016-11-17,214.55,214.55,201.68,203.64,14568
2016-11-18,209.82,209.82,193.64,197.45,9887
2016-11-21,195.14,202.23,187.59,187.59,11628
2016-11-22,181.82,196.95,179.59,196.95,15110
2016-11-23,200.00,206.36,188.41,194.36,31860
2016-11-24,192.73,204.05,189.09,197.82,19472
2016-11-25,196.41,207.68,196.41,207.27,25728
2016-11-28,207.59,216.27,204.91,209.00,22789
2016-11-29,204.59,218.09,201.91,208.27,19572
2016-11-30,204.64,217.09,204.55,207.55,13219
2016-12-01,210.91,211.82,204.68,205.18,8868
2016-12-02,204.59,206.59,200.86,204.36,21791
2016-12-05,205.00,207.68,200.91,202.50,9774
2016-12-06,201.05,205.73,201.05,203.23,8336
2016-12-07,202.18,206.59,201.36,202.23,3526
2016-12-08,202.23,216.50,201.82,203.64,4140
2016-12-09,200.05,206.77,200.00,202.09,9931
2016-12-12,202.27,207.77,200.00,200.82,17219
2016-12-13,200.41,203.59,199.95,200.82,13758
2016-12-14,201.27,202.86,196.59,196.91,9016
2016-12-15,189.55,202.09,189.55,198.23,4849
2016-12-16,201.86,201.86,193.64,198.18,2650
2016-12-19,198.18,198.18,193.23,194.64,3797
2016-12-20,191.05,195.32,190.91,191.91,2237
2016-12-21,187.36,198.14,186.82,187.23,4233
2016-12-22,183.32,188.18,176.00,181.95,13324
2016-12-23,181.82,182.73,178.18,180.95,2236
2016-12-26,179.09,181.18,175.45,178.14,5099
2016-12-27,177.27,181.91,176.41,179.23,3276
2016-12-28,181.73,181.82,177.32,180.86,5214
2016-12-29,181.82,187.27,180.14,183.82,4654
2016-12-30,186.32,201.82,184.09,195.95,18459
2017-01-02,200.91,204.50,192.00,201.00,8481
2017-01-03,204.91,208.18,198.45,203.09,10794
2017-01-04,206.32,208.14,204.59,205.91,6806
2017-01-05,207.27,207.27,200.50,203.41,8897
2017-01-06,208.18,208.18,198.09,199.86,4547
2017-01-09,199.86,200.00,191.05,196.23,4323
2017-01-10,198.68,200.86,197.32,199.32,3197
2017-01-11,199.32,208.18,193.09,203.77,73269
2017-01-12,207.73,224.14,207.73,224.14,104505
2017-01-13,228.09,234.55,217.73,220.14,36783
2017-01-16,218.18,236.36,218.18,231.09,23521
2017-01-17,236.36,254.18,233.09,254.18,99503
2017-01-18,261.45,264.45,241.50,242.64,161251
2017-01-19,236.86,244.55,230.68,232.64,41811
2017-01-20,228.68,233.59,221.45,223.00,23095
2017-01-23,227.68,234.14,222.55,233.32,24508
2017-01-24,236.36,240.82,231.82,232.50,16691
2017-01-25,238.41,243.55,235.41,238.45,44931
2017-01-27,240.91,250.00,235.41,245.64,30624
2017-01-30,243.32,252.73,239.59,242.45,8020
2017-01-31,241.45,244.55,231.32,233.55,6431
2017-02-01,233.55,245.18,223.64,244.64,26038
2017-02-02,243.73,251.82,243.73,249.77,14858
2017-02-03,258.91,258.91,250.00,252.68,14005
2017-02-06,247.27,255.45,247.27,250.50,5572
2017-02-07,246.45,252.73,241.41,245.50,6710
2017-02-08,245.59,248.68,241.82,245.45,5676
2017-02-09,247.27,252.68,246.36,250.18,14945
2017-02-10,253.55,253.55,245.45,246.45,3178
2017-02-13,249.55,253.55,233.50,242.82,8373
2017-02-14,247.23,247.23,235.59,242.73,9499
2017-02-15,244.18,245.45,235.45,237.36,9452
2017-02-16,243.36,243.36,234.05,240.77,5487
2017-02-17,234.55,247.27,234.55,242.91,8877
2017-02-20,247.05,247.91,241.09,242.82,7928
2017-02-21,245.23,251.77,242.68,249.00,9491
2017-02-22,246.36,255.45,242.68,243.50,5842
2017-02-23,253.64,253.64,236.36,241.36,4819
2017-02-27,250.00,250.00,239.14,241.55,3486
2017-02-28,240.59,242.73,239.23,241.50,2577
2017-03-01,242.68,247.23,240.50,243.77,4212
2017-03-02,243.77,245.41,240.91,241.64,2412
2017-03-03,236.77,240.91,236.36,238.09,2281
2017-03-06,238.09,243.45,238.09,238.50,4948
2017-03-07,239.55,241.73,237.27,239.68,2853
2017-03-08,243.55,243.55,234.50,237.09,8287
2017-03-09,245.45,252.09,243.18,246.09,11652
2017-03-10,246.09,249.82,240.91,242.73,5720
2017-03-14,244.50,248.00,239.23,242.50,5613
2017-03-15,242.41,247.64,241.95,245.14,4118
2017-03-16,247.23,247.23,242.95,244.91,5902
2017-03-17,252.23,252.23,238.95,240.64,4441
2017-03-20,241.09,245.27,240.91,243.86,4063
2017-03-21,241.27,241.27,236.36,238.18,4941
2017-03-22,236.41,243.18,233.68,240.55,4120
2017-03-23,236.41,249.82,234.55,247.27,12251
2017-03-24,246.77,246.77,244.55,244.64,3203
2017-03-27,261.82,261.82,237.27,247.64,6749
2017-03-28,252.68,254.55,246.73,249.64,9700
2017-03-29,247.32,254.55,245.45,247.00,20811
2017-03-30,249.09,250.91,245.00,249.91,22721
2017-03-31,250.86,251.82,247.32,249.91,9801
2017-04-03,250.91,256.36,250.91,254.86,9504
2017-04-05,255.64,280.32,255.45,279.68,66750
2017-04-06,277.27,286.41,270.05,273.73,10634
2017-04-07,274.09,279.91,249.18,266.73,16749
2017-04-10,280.45,283.32,272.77,279.86,18554
2017-04-11,276.23,335.82,276.23,335.82,252097
2017-04-12,348.64,392.09,313.09,363.55,1710182
2017-04-13,362.64,374.27,359.27,364.59,235981
2017-04-17,368.45,374.73,359.09,362.23,122254
2017-04-18,368.09,384.55,340.95,362.50,1162073
2017-04-19,369.95,398.18,343.32,387.64,720228
2017-04-20,387.86,404.23,377.45,393.50,249999
2017-04-21,392.73,402.41,388.27,392.32,86536
2017-04-24,395.41,396.36,381.00,385.41,39622
2017-04-25,390.00,397.86,382.77,386.45,59012
2017-04-26,388.18,389.14,368.00,373.64,73675
2017-04-27,378.05,400.00,367.86,392.36,122722
2017-04-28,391.82,394.50,378.18,379.82,33692
2017-05-02,389.91,389.91,373.55,380.82,31994
2017-05-03,378.18,392.73,375.45,388.55,33484
2017-05-04,387.55,388.18,381.82,386.95,14045
2017-05-05,385.50,395.45,379.09,390.86,46703
2017-05-08,402.64,402.64,384.55,392.32,28537
2017-05-09,389.59,395.45,387.27,391.05,10547
2017-05-10,394.82,394.82,385.00,387.82,8908
2017-05-11,388.59,391.82,380.41,383.55,8230
2017-05-12,382.27,403.59,382.27,394.09,32481
2017-05-15,394.09,418.82,393.32,409.86,73449
2017-05-16,404.27,425.45,403.91,419.05,55081
2017-05-17,426.91,426.91,402.09,409.91,28940
2017-05-18,411.95,418.14,404.14,414.36,31864
2017-05-19,421.82,427.32,404.64,414.59,30078
2017-05-22,414.50,421.82,405.91,409.64,24159
2017-05-23,420.09,420.09,382.32,406.64,26308
2017-05-24,411.18,411.18,382.77,384.00,22662
2017-05-25,390.18,398.59,383.18,395.95,14797
2017-05-26,406.32,406.32,396.36,402.18,7063
2017-05-29,398.09,404.45,396.82,398.41,7796
2017-05-30,400.00,409.09,393.86,405.05,6280
2017-05-31,400.91,416.36,399.86,410.82,12518
2017-06-01,418.18,419.09,404.55,415.82,12069
2017-06-02,425.41,498.95,416.45,484.73,314744
2017-06-05,489.86,532.73,477.09,504.73,269906
2017-06-06,507.91,509.95,481.82,483.77,44658
2017-06-07,483.64,500.00,482.73,491.73,23563
2017-06-08,498.18,542.73,491.82,514.45,200528
2017-06-09,516.36,524.91,491.00,495.18,68669
2017-06-12,542.35,577.40,515.00,546.85,136104
2017-06-13,546.50,563.00,542.10,547.95,48186
2017-06-14,550.00,551.00,525.00,537.20,27064
2017-06-15,540.00,550.95,527.05,530.10,23100
2017-06-16,535.50,539.00,518.85,520.10,14296
2017-06-19,520.00,525.70,504.40,513.40,18567
2017-06-20,514.00,522.00,510.55,517.45,17188
2017-06-21,512.25,530.45,510.00,519.70,16963
2017-06-22,535.00,535.00,512.10,513.35,10363
2017-06-23,524.00,526.95,492.00,501.90,18727
2017-06-27,501.90,501.90,474.20,490.90,20168
2017-06-28,483.00,514.25,476.50,502.70,9064
2017-06-29,512.40,516.60,500.00,508.75,11293
2017-06-30,509.00,513.80,499.05,508.60,6685
2017-07-03,510.00,524.90,510.00,520.95,11507
2017-07-04,522.00,527.90,516.05,524.90,8695
2017-07-05,521.00,529.85,515.55,522.90,7189
2017-07-06,522.00,528.85,521.70,522.75,6318
2017-07-07,522.75,527.00,518.00,523.40,7156
2017-07-10,515.20,522.50,492.40,519.35,2511
2017-07-11,515.00,520.00,507.00,516.05,13686
2017-07-12,516.00,526.90,509.05,515.80,15712
2017-07-13,507.00,539.95,480.00,527.35,42171
2017-07-14,530.00,532.00,518.00,521.75,9315
2017-07-17,521.75,527.95,516.10,519.05,4274
2017-07-18,524.40,524.40,512.00,513.10,5621
2017-07-19,513.00,518.15,507.00,515.20,6031
2017-07-20,517.95,518.00,508.60,515.40,3847
2017-07-21,515.05,518.90,510.10,516.50,6317
2017-07-24,524.90,529.80,514.50,524.60,7589
2017-07-25,528.00,528.00,517.10,518.60,4728
2017-07-26,525.00,530.00,435.60,513.90,68510
2017-07-27,529.25,529.25,500.55,519.05,29183
2017-07-28,516.50,526.00,511.00,522.60,11607
2017-07-31,515.40,526.00,515.00,521.90,6832
2017-08-01,520.00,520.00,502.20,511.90,10522
2017-08-02,519.00,520.90,506.05,511.40,5428
2017-08-03,515.00,516.60,508.00,512.70,5847
2017-08-04,512.70,517.45,507.50,513.50,5276
2017-08-07,512.00,530.00,512.00,528.35,8573
2017-08-08,520.00,534.40,513.05,525.35,8345
2017-08-09,538.85,538.85,515.00,525.05,7055
2017-08-10,515.00,520.00,494.50,502.50,11338
2017-08-11,487.40,505.00,466.00,497.25,10606
2017-08-14,519.40,519.40,496.00,511.30,9816
2017-08-16,510.00,518.40,499.05,504.55,39226
2017-08-17,507.10,518.20,500.00,514.10,17275
2017-08-18,507.80,534.65,506.10,529.15,11479
2017-08-21,529.00,531.00,514.00,525.90,6777
2017-08-22,529.10,535.00,517.10,530.65,15363
2017-08-23,522.25,526.90,516.60,524.40,3769
2017-08-24,530.00,540.00,519.90,533.30,3443
2017-08-28,525.00,540.00,522.80,535.55,3959
2017-08-29,533.05,535.00,525.00,531.90,2194
2017-08-30,531.55,535.00,528.00,531.05,4471
2017-08-31,546.40,548.00,526.55,534.75,2843
2017-09-01,536.25,536.25,526.00,528.65,2266
2017-09-04,529.65,532.95,505.90,520.40,8241
2017-09-05,523.00,538.50,522.90,535.70,4283
2017-09-06,539.95,580.00,526.05,575.20,52674
2017-09-07,580.00,580.00,545.00,564.05,13156
2017-09-08,546.00,580.00,546.00,574.05,12417
2017-09-11,583.95,583.95,557.05,568.50,4264
2017-09-12,572.00,572.00,551.00,553.25,6945
2017-09-13,564.00,564.00,531.00,538.40,7816
2017-09-14,542.00,545.40,535.00,542.30,2227
2017-09-15,537.00,556.95,525.75,544.05,3043
2017-09-18,557.00,565.00,547.60,551.70,10049
2017-09-19,567.00,567.00,555.40,559.60,3058
2017-09-20,566.40,573.50,555.00,564.90,5480
2017-09-21,570.05,572.95,556.00,567.10,3561
2017-09-22,560.00,569.40,545.00,552.90,7072
2017-09-25,556.90,556.90,532.05,539.30,5468
2017-09-26,539.30,548.95,523.10,539.95,5341
2017-09-27,551.35,552.95,525.00,533.30,8759
2017-09-28,537.00,541.95,526.05,536.15,2413
2017-09-29,538.40,549.40,538.40,544.55,1505
2017-10-03,548.00,555.00,544.00,552.45,2687
2017-10-04,549.00,560.50,549.00,554.55,3045
2017-10-05,554.55,560.00,551.00,558.90,3378
2017-10-06,560.00,578.00,560.00,568.20,15898
2017-10-09,578.60,585.00,561.40,582.00,8791
2017-10-10,582.00,590.00,574.30,585.55,5395
2017-10-11,585.00,612.00,585.00,588.40,13238
2017-10-12,589.25,706.05,589.25,701.70,466659
2017-10-13,722.00,740.00,663.00,666.60,129145
2017-10-16,664.00,701.95,642.10,669.90,87855
2017-10-17,673.00,710.00,656.00,660.65,56231
2017-10-18,664.90,683.00,658.00,664.25,14064
2017-10-19,668.55,689.00,657.15,664.95,6316
2017-10-23,664.40,664.80,640.00,647.55,9781
2017-10-24,643.00,670.00,630.00,641.10,18660
2017-10-25,642.00,649.15,622.00,624.60,8518
2017-10-26,627.05,630.00,593.95,620.30,8461
2017-10-27,623.10,630.00,615.65,618.75,2232
2017-10-30,611.10,612.55,578.95,609.15,24212
2017-10-31,610.00,645.00,610.00,630.05,16974
2017-11-01,643.40,647.00,627.00,629.45,4442
2017-11-02,634.00,646.90,632.50,635.00,3722
2017-11-03,626.40,656.60,626.40,640.45,8333
2017-11-06,629.00,665.00,629.00,657.65,8638
2017-11-07,660.75,663.65,635.60,642.60,10214
2017-11-08,636.00,649.95,626.35,630.10,13352
2017-11-09,634.00,675.00,621.50,637.40,22739
2017-11-10,627.50,651.65,627.50,640.40,14895
2017-11-13,640.00,640.70,608.00,615.60,12200
2017-11-14,612.00,625.00,603.35,619.30,10266
2017-11-15,617.90,625.00,596.00,606.85,8863
2017-11-16,609.00,620.00,593.00,608.55,33078
2017-11-17,611.00,624.00,591.00,602.15,13123
2017-11-20,612.90,615.00,597.55,609.05,8872
2017-11-21,614.00,614.00,591.05,595.40,6208
2017-11-22,610.40,610.40,590.10,595.70,5645
2017-11-23,618.70,618.70,578.35,596.90,8648
2017-11-24,600.00,607.50,595.40,605.10,3696
2017-11-27,607.35,610.00,594.00,603.15,7563
2017-11-28,595.40,623.00,595.40,617.05,31545
2017-11-29,611.00,630.00,611.00,624.45,12837
2017-11-30,624.95,656.65,612.00,648.60,19899
2017-12-01,648.60,660.65,626.60,640.00,8520
2017-12-04,640.00,648.00,621.75,635.70,8141
2017-12-05,625.85,634.00,606.00,627.00,7549
2017-12-06,620.10,624.90,583.95,603.75,6584
2017-12-07,610.00,622.00,599.00,616.80,7848
2017-12-08,616.80,624.80,605.00,613.95,4863
2017-12-11,628.25,628.25,601.50,612.90,7926
2017-12-12,621.55,629.00,600.10,618.60,4177
2017-12-13,607.45,624.85,607.45,616.55,10860
2017-12-14,626.50,631.05,611.60,624.65,8600
2017-12-15,618.35,637.00,618.25,628.45,7155
2017-12-18,615.90,635.00,509.50,630.10,10309
2017-12-19,626.40,639.00,620.00,634.75,4576
2017-12-20,631.00,634.05,615.00,622.70,8190
2017-12-21,630.00,650.00,626.00,645.25,11015
2017-12-22,646.40,647.00,630.00,631.40,3825
2017-12-26,635.90,645.00,620.00,622.00,9119
2017-12-27,621.00,650.00,615.00,630.95,59179
2017-12-28,643.00,650.00,628.15,632.15,7714
2017-12-29,631.00,644.90,622.00,631.35,78254
2018-01-01,631.00,648.00,625.55,639.60,10811
2018-01-02,641.80,655.00,630.10,633.90,6362
2018-01-03,639.40,650.00,620.00,629.05,9310
2018-01-04,635.00,642.00,625.10,640.00,8736
2018-01-05,633.20,652.00,633.00,647.30,13618
2018-01-08,654.95,654.95,645.00,651.40,8509
2018-01-09,651.00,671.00,650.00,665.85,16151
2018-01-10,678.00,678.00,653.55,670.45,10731
2018-01-11,670.60,679.90,661.20,669.35,6031
2018-01-12,673.90,674.00,653.25,669.20,5474
2018-01-15,700.00,803.00,697.95,803.00,760310
2018-01-16,855.10,906.95,819.80,836.60,1065800
2018-01-17,834.00,867.40,811.00,846.45,204890
2018-01-18,845.05,855.00,801.25,812.15,49964
2018-01-19,809.00,855.00,809.00,825.60,61436
2018-01-22,825.00,836.00,800.10,809.60,18463
2018-01-23,810.00,837.00,776.00,780.55,45947
2018-01-24,784.90,793.80,761.50,762.05,18664
2018-01-25,762.05,777.00,754.50,772.35,13061
2018-01-29,777.00,795.00,762.35,767.70,23865
2018-01-30,769.45,770.00,745.10,752.50,15023
2018-01-31,746.00,759.90,734.70,750.10,11302
2018-02-01,750.10,765.00,715.00,751.05,13637
2018-02-02,733.65,745.00,701.00,725.45,22336
2018-02-05,676.60,782.60,676.60,758.65,19573
2018-02-06,726.85,748.95,690.00,734.70,18119
2018-02-07,736.30,761.00,710.20,730.50,10250
2018-02-08,721.90,791.00,720.00,774.40,29396
2018-02-09,769.00,779.50,733.10,761.75,13790
2018-02-12,784.00,823.00,762.40,792.10,39438
2018-02-14,806.00,806.00,764.30,786.25,17470
2018-02-15,791.00,795.00,729.60,757.25,40661
2018-02-16,745.05,757.00,735.00,741.00,7901
2018-02-19,740.00,743.95,724.00,736.50,7763
2018-02-20,725.05,750.00,724.00,741.20,6617
2018-02-21,736.00,759.60,732.00,751.75,5002
2018-02-22,749.95,754.00,727.00,738.40,2372
2018-02-23,749.80,790.00,731.00,749.45,6389
2018-02-26,771.00,771.00,750.00,760.70,5701
2018-02-27,763.00,788.55,752.10,775.70,18800
2018-02-28,769.00,775.70,755.70,764.05,6259
2018-03-01,770.45,780.00,760.00,769.30,6540
2018-03-05,775.05,780.00,762.00,779.50,9981
2018-03-06,779.50,780.00,744.70,755.80,12865
2018-03-07,751.00,767.95,730.00,738.45,13464
2018-03-08,725.00,758.60,725.00,746.00,13555
2018-03-09,759.85,760.60,747.70,754.90,5882
2018-03-12,750.00,780.00,748.10,769.90,7146
2018-03-13,769.90,780.00,766.55,778.80,9252
2018-03-14,784.40,792.00,777.05,788.85,8406
2018-03-15,788.85,800.00,763.25,793.55,13008
2018-03-16,780.10,800.00,741.00,753.05,16530
2018-03-19,759.00,759.00,716.10,736.35,9687
2018-03-20,736.35,747.00,729.95,738.95,21615
2018-03-21,749.95,750.00,731.10,737.90,6707
2018-03-22,748.00,748.00,715.45,723.80,135143
2018-03-23,718.00,720.00,706.00,708.35,12321
2018-03-26,705.00,719.00,700.00,706.25,17014
2018-03-27,713.45,728.50,712.00,725.85,6698
2018-03-28,719.00,755.90,706.45,746.90,10750
2018-04-02,749.90,790.00,746.00,778.70,12234
2018-04-03,770.00,800.00,757.00,795.80,17717
2018-04-04,796.45,826.50,796.45,810.05,50490
2018-04-05,825.00,842.45,825.00,835.00,57038
2018-04-06,824.65,854.90,819.00,845.60,7004
2018-04-09,865.00,875.00,838.40,852.95,93467
2018-04-10,869.00,895.00,844.00,885.80,28347
2018-04-11,902.00,940.00,890.00,914.90,65064
2018-04-12,914.50,957.00,907.00,919.30,18810
2018-04-13,922.00,960.00,918.00,955.60,20294
2018-04-16,940.00,999.80,926.00,994.70,65757
2018-04-17,998.80,1008.00,932.60,964.15,154542
2018-04-18,973.95,978.85,906.30,929.30,44084
2018-04-19,930.00,971.25,922.60,936.45,33644
2018-04-20,943.00,949.95,920.00,940.00,21911
2018-04-23,947.95,947.95,917.00,925.40,11364
2018-04-24,939.95,939.95,891.10,900.15,9612
2018-04-25,920.00,925.05,883.00,921.20,23203
2018-04-26,921.20,935.30,891.45,924.40,15578
2018-04-27,934.75,936.00,913.05,922.55,93573
2018-04-30,920.00,932.65,894.40,913.95,10432
2018-05-02,914.00,915.00,881.10,893.60,7874
2018-05-03,908.95,908.95,880.10,898.35,10645
2018-05-04,898.35,907.00,893.00,899.50,5425
2018-05-07,910.00,910.00,880.00,894.35,6367
2018-05-08,890.45,907.00,880.05,898.45,4133
2018-05-09,907.85,917.00,898.75,912.45,6807
2018-05-10,919.00,927.90,895.00,914.15,6156
2018-05-11,929.90,969.80,911.00,957.60,18552
2018-05-14,974.00,974.00,942.00,949.45,11301
2018-05-15,950.05,960.00,944.25,947.70,26613
2018-05-16,950.00,959.40,941.00,952.15,8741
2018-05-17,948.00,958.50,945.00,951.35,3640
2018-05-18,951.35,958.00,942.50,951.00,6420
2018-05-21,951.00,989.00,938.00,972.05,14930
2018-05-22,988.95,990.00,952.00,968.85,7807
2018-05-23,974.00,988.90,914.00,920.00,13508
2018-05-24,942.85,946.00,910.00,915.30,6021
2018-05-25,920.00,926.85,896.80,899.90,4034
2018-05-28,910.00,945.00,900.05,905.50,8145
2018-05-29,901.15,933.55,901.15,906.25,7038
2018-05-30,906.25,922.65,882.60,907.20,7922
2018-05-31,924.00,946.00,902.70,926.40,17585
2018-06-01,923.85,926.10,888.00,900.05,7129
2018-06-04,905.25,910.75,843.60,861.45,13206
2018-06-05,861.45,889.70,855.00,883.00,13483
2018-06-06,888.30,920.00,870.00,912.60,8158
2018-06-07,902.40,925.00,900.10,907.90,7199
2018-06-08,907.55,922.80,901.00,919.20,3739
2018-06-11,920.00,939.85,915.00,926.85,5294
2018-06-12,921.30,945.00,920.00,941.60,5473
2018-06-13,936.00,1100.00,936.00,1036.70,190972
2018-06-14,1025.00,1083.90,990.00,1065.35,101701
2018-06-15,1076.50,1129.00,1033.00,1112.90,169373
2018-06-18,1115.05,1122.70,1065.30,1072.50,24364
2018-06-19,1079.00,1082.15,1025.30,1041.75,19927
2018-06-20,1048.10,1072.80,1048.10,1061.80,8763
2018-06-21,1062.95,1077.60,1045.00,1062.75,7398
2018-06-22,1062.95,1070.20,1046.20,1057.95,6754
2018-06-25,1051.70,1114.00,1050.95,1080.60,128145
2018-06-26,1081.00,1085.00,1045.00,1056.05,6976
2018-06-27,1058.65,1060.00,1020.00,1032.40,6199
2018-06-28,1012.00,1038.70,980.00,999.95,10062
2018-06-29,1006.00,1060.00,1006.00,1032.05,11997
2018-07-02,1039.95,1040.00,1000.05,1031.30,6529
2018-07-03,1015.45,1034.95,1005.00,1023.80,3081
2018-07-04,1019.70,1040.00,1005.60,1013.90,5033
2018-07-05,1005.05,1038.00,1005.05,1025.30,3571
2018-07-06,1054.50,1054.50,1001.00,1015.20,7133
2018-07-09,1015.20,1064.85,1015.20,1048.60,10166
2018-07-10,1048.60,1090.00,1048.60,1077.10,28766
2018-07-11,1081.00,1086.00,1046.45,1057.85,9366
2018-07-12,1063.00,1080.00,1048.95,1064.60,7374
2018-07-13,1080.00,1080.00,1040.00,1052.95,6240
2018-07-16,1069.00,1069.00,1030.00,1039.30,10470
2018-07-17,1047.65,1085.00,941.25,988.85,225150
2018-07-18,991.00,1030.00,980.00,1014.95,32827
2018-07-19,1034.00,1035.00,1000.00,1022.30,34440
2018-07-20,1025.00,1035.00,1001.00,1007.50,6205
2018-07-23,1002.00,1023.00,999.00,1010.35,6900
2018-07-24,1016.50,1028.15,1001.30,1014.10,10888
2018-07-25,1020.20,1034.00,1005.00,1011.30,6440
2018-07-26,1015.00,1100.00,1012.00,1078.10,34198
2018-07-27,1090.00,1200.00,1090.00,1148.30,120868
2018-07-30,1188.00,1275.00,1177.00,1256.35,108523
2018-07-31,1263.90,1300.00,1208.30,1226.85,76282
2018-08-01,1226.85,1270.00,1200.00,1211.90,25913
2018-08-02,1211.00,1234.85,1152.00,1221.70,25074
2018-08-03,1221.70,1250.50,1172.80,1241.00,21630
2018-08-06,1246.05,1278.00,1224.00,1227.05,12503
2018-08-07,1232.80,1237.70,1201.40,1206.55,11118
2018-08-08,1212.05,1245.00,1192.00,1235.45,13336
2018-08-09,1235.45,1245.00,1221.00,1234.00,7309
2018-08-10,1234.00,1240.00,1209.45,1214.80,8181
2018-08-13,1210.10,1219.90,1154.00,1178.40,19333
2018-08-14,1178.40,1230.00,1178.40,1195.10,10267
2018-08-16,1202.30,1202.30,1135.65,1146.45,20410
2018-08-17,1146.00,1185.50,1119.30,1153.70,34231
2018-08-20,1140.00,1144.00,1015.60,1026.15,130936
2018-08-21,1026.15,1056.00,1006.15,1018.45,55877
2018-08-23,1040.00,1040.00,915.00,935.40,118366
2018-08-24,941.10,1010.00,876.20,987.60,246970
2018-08-27,991.00,1009.00,966.00,974.10,47153
2018-08-28,981.90,991.30,961.00,965.65,61212
2018-08-29,974.80,974.80,945.00,951.90,19278
2018-08-30,957.70,978.95,931.75,949.15,19459
2018-08-31,945.10,995.00,941.00,986.20,40527
2018-09-03,987.00,999.50,980.00,983.15,15336
2018-09-04,985.00,988.80,966.10,984.30,23477
2018-09-05,984.30,1043.40,975.00,1015.05,53524
2018-09-06,1023.20,1023.20,981.30,1000.00,18888
2018-09-07,1008.90,1045.00,990.05,1005.90,11458
2018-09-10,1011.80,1011.80,980.00,980.30,12029
2018-09-11,980.20,998.30,962.20,980.70,18721
2018-09-12,986.00,986.00,968.10,970.00,43292
2018-09-14,975.90,992.30,968.10,977.25,8203
2018-09-17,982.95,1040.00,970.00,1011.55,25073
2018-09-18,1024.50,1025.00,980.00,990.40,12496
2018-09-19,1009.90,1009.90,980.00,983.85,12249
2018-09-21,984.00,994.70,955.00,964.20,37305
2018-09-24,962.85,976.00,905.75,921.05,35335
2018-09-25,921.05,921.05,845.00,857.80,52616
2018-09-26,899.00,935.00,835.10,884.90,68911
2018-09-27,890.30,912.50,840.00,852.95,17429
2018-09-28,851.00,858.05,789.85,810.25,18145
2018-10-01,827.00,827.00,773.05,780.65,34573
2018-10-03,795.00,795.00,752.60,773.90,23883
2018-10-04,769.20,806.25,754.35,774.95,23153
2018-10-05,779.00,782.00,760.00,760.35,9955
2018-10-08,764.50,764.50,719.20,728.95,64756
2018-10-09,729.25,768.00,726.05,757.20,11265
2018-10-10,780.00,845.70,780.00,821.20,53916
2018-10-11,772.00,804.25,750.00,759.25,24779
2018-10-12,770.20,859.50,770.20,839.70,31105
2018-10-15,848.00,879.00,822.85,857.65,15646
2018-10-16,870.00,870.00,851.20,861.10,13923
2018-10-17,866.30,884.95,803.50,807.50,29347
2018-10-19,814.00,860.00,763.40,788.30,45280
2018-10-22,793.10,794.65,750.00,753.10,26462
2018-10-23,770.00,825.00,761.05,812.60,67489
2018-10-24,834.00,840.00,805.05,824.45,30940
2018-10-25,819.50,823.90,792.25,802.45,13110
2018-10-26,808.90,860.00,795.15,844.30,34670
2018-10-29,844.30,852.00,816.10,826.20,31807
2018-10-30,826.25,860.00,815.90,843.35,38271
2018-10-31,860.00,860.00,830.00,845.20,9221
2018-11-01,848.95,858.95,825.00,828.95,11881
2018-11-02,838.00,859.00,830.05,840.30,12639
2018-11-05,840.00,850.00,837.50,844.00,4019
2018-11-06,849.05,852.55,825.35,831.80,5087
2018-11-07,844.95,859.00,835.05,854.70,13462
2018-11-09,860.00,860.00,832.40,842.45,7983
2018-11-12,847.55,857.00,830.55,847.80,6843
2018-11-13,840.00,850.00,840.00,846.50,6342
2018-11-14,847.05,850.00,815.50,826.90,10393
2018-11-15,823.00,836.85,812.00,827.30,6554
2018-11-16,832.30,835.00,815.00,821.25,3696
2018-11-19,821.25,821.25,789.40,795.85,12918
2018-11-20,800.00,814.75,794.00,800.55,13184
2018-11-21,802.00,830.00,796.00,820.90,11748
2018-11-22,820.95,833.15,802.00,804.35,5045
2018-11-26,809.20,813.25,799.05,802.50,4678
2018-11-27,797.65,818.00,797.00,807.05,9462
2018-11-28,804.65,817.85,800.10,802.25,4250
2018-11-29,803.35,815.20,800.00,801.00,4981
2018-11-30,805.90,845.00,805.55,820.75,8551
2018-12-03,821.65,831.50,803.00,808.75,3676
2018-12-04,803.80,829.60,800.00,807.85,5535
2018-12-05,804.75,813.00,799.00,801.85,3980
2018-12-06,801.80,810.55,783.50,799.15,8227
2018-12-07,798.10,920.80,798.00,844.45,70554
2018-12-10,839.30,849.00,800.40,816.70,32035
2018-12-11,802.00,825.70,797.00,807.35,13718
2018-12-12,812.20,836.90,802.00,804.35,25903
2018-12-13,808.00,862.00,808.00,852.85,44170
2018-12-14,855.00,939.65,855.00,899.35,70094
2018-12-17,906.55,918.95,891.05,901.05,61331
2018-12-18,901.20,906.35,894.45,903.60,5162
2018-12-19,909.05,978.00,908.05,969.45,60046
2018-12-20,969.45,1011.95,951.70,982.45,50512
2018-12-21,983.00,1004.95,958.00,970.95,19936
2018-12-24,961.00,983.00,935.00,940.75,9350
2018-12-26,946.35,950.00,912.50,934.25,17227
2018-12-27,939.90,973.90,939.90,955.50,15191
2018-12-28,961.30,971.00,951.00,959.40,8043
2018-12-31,965.20,970.20,951.00,961.85,6390
2019-01-01,965.20,972.00,959.00,967.40,3772
2019-01-02,967.40,967.40,925.60,933.15,7833
2019-01-03,928.10,941.95,910.30,913.25,7443
2019-01-04,910.10,929.50,910.10,915.25,4685
2019-01-07,921.35,933.55,916.05,922.70,5116
2019-01-08,919.00,939.00,917.10,928.80,5380
2019-01-09,933.85,933.85,916.25,924.10,2969
2019-01-10,928.75,933.25,912.00,918.20,5191
2019-01-11,920.05,931.60,917.25,925.50,5061
2019-01-14,929.00,933.00,914.80,918.45,3721
2019-01-15,922.05,942.00,919.95,939.05,8115
2019-01-16,944.00,948.80,930.00,937.15,9271
2019-01-17,937.15,956.50,937.15,950.35,7415
2019-01-18,953.00,985.00,948.80,972.95,67993
2019-01-21,978.80,999.50,950.00,965.70,22840
2019-01-22,965.70,975.05,910.40,927.60,8470
2019-01-23,926.00,948.00,919.90,937.30,6382
2019-01-24,933.15,941.55,921.25,929.55,6248
2019-01-25,943.00,943.00,900.00,907.40,6747
2019-01-28,920.00,923.90,860.00,868.65,10002
2019-01-29,869.95,881.55,850.00,863.10,7010
2019-01-30,863.10,890.00,852.50,873.45,13488
2019-01-31,873.50,1048.10,873.45,1011.45,127298
2019-02-01,954.00,954.00,846.50,864.00,57044
2019-02-04,865.10,896.75,864.05,871.35,27502
2019-02-05,870.05,882.00,825.00,835.95,16517
2019-02-06,836.85,844.60,788.00,794.50,29613
2019-02-07,792.40,839.95,782.35,795.75,39033
2019-02-08,796.15,810.00,792.00,800.60,9259
2019-02-11,805.55,805.55,745.10,775.95,46462
2019-02-12,775.80,809.95,765.00,803.45,24095
2019-02-13,808.30,823.95,795.00,798.00,10432
2019-02-14,802.80,813.95,795.00,799.90,6021
2019-02-15,800.00,801.05,774.00,781.15,10458
2019-02-18,785.90,785.90,755.00,763.30,12298
2019-02-19,767.90,779.90,758.85,762.75,16561
2019-02-20,760.15,798.80,760.15,793.70,9534
2019-02-21,798.50,807.00,785.65,791.05,5729
2019-02-22,794.05,814.00,787.30,807.50,6648
2019-02-25,812.40,814.45,787.00,789.05,10365
2019-02-26,790.65,797.95,770.15,789.20,6293
2019-02-27,794.00,807.50,784.40,791.45,10583
2019-02-28,792.05,807.00,792.00,799.50,6495
2019-03-01,802.25,814.95,796.10,802.55,10923
2019-03-05,802.55,877.00,802.55,872.10,27043
2019-03-06,878.70,898.70,852.60,869.65,21990
2019-03-07,871.95,890.00,871.95,884.45,5875
2019-03-08,884.45,913.85,871.25,896.55,21446
2019-03-11,900.00,913.45,898.00,908.55,10969
2019-03-12,908.75,940.00,908.75,919.95,27936
2019-03-13,925.00,926.95,899.00,901.90,10558
2019-03-14,900.00,917.60,900.00,908.55,5867
2019-03-15,909.20,929.95,903.00,912.25,15997
2019-03-18,907.00,911.80,879.05,888.75,13005
2019-03-19,895.00,903.00,880.60,889.05,9799
2019-03-20,890.00,900.00,884.15,893.35,20202
2019-03-22,893.30,910.00,893.30,900.70,9741
2019-03-25,899.00,899.00,880.15,885.10,4708
2019-03-26,890.40,896.45,872.25,880.95,8638
2019-03-27,888.00,896.00,873.75,888.15,19592
2019-03-28,899.00,921.00,886.00,902.55,35651
2019-03-29,903.40,915.00,900.05,904.35,5596
2019-04-01,911.60,925.00,900.10,917.40,18618
2019-04-02,924.80,928.65,906.00,915.60,6360
2019-04-03,923.00,939.75,900.00,914.35,19665
2019-04-04,914.35,918.90,900.00,907.40,6301
2019-04-05,908.60,926.00,906.55,920.10,4280
2019-04-08,923.95,924.05,887.30,890.65,8810
2019-04-09,897.05,905.00,885.30,893.10,6157
2019-04-10,889.65,899.00,886.00,894.85,6006
2019-04-11,893.60,914.00,890.00,901.00,6413
2019-04-12,902.25,902.90,889.30,897.40,11414
2019-04-15,899.40,900.00,882.00,885.05,4085
2019-04-16,888.00,892.20,860.05,864.20,93246
2019-04-18,864.00,869.00,853.35,856.60,115586
2019-04-22,855.05,863.45,842.10,849.35,6304
2019-04-23,856.20,868.75,845.05,856.80,6547
2019-04-24,853.65,863.70,783.00,786.15,123799
2019-04-25,790.80,804.45,780.00,782.15,40878
2019-04-26,788.35,810.00,770.00,775.20,143431
2019-04-30,772.00,778.40,750.00,751.05,29158
2019-05-02,751.00,753.00,739.50,747.10,30433
2019-05-03,744.10,749.00,726.65,735.45,12017
2019-05-06,735.00,739.90,727.90,730.35,13864
2019-05-07,735.00,736.15,706.10,716.35,17481
2019-05-08,720.00,740.00,702.85,725.40,55000
2019-05-09,725.20,732.65,714.90,730.10,6624
2019-05-10,736.00,736.00,724.50,725.70,11845
2019-05-13,724.70,735.00,714.80,726.40,7986
2019-05-14,726.40,730.00,704.50,724.15,42847
2019-05-15,725.05,733.60,723.65,727.15,2561
2019-05-16,728.85,749.50,720.00,741.40,40689
2019-05-17,747.30,747.30,730.00,732.70,6716
2019-05-20,736.85,771.80,736.85,764.65,11794
2019-05-21,770.00,779.05,745.00,750.40,33767
2019-05-22,769.20,769.20,745.00,751.30,11651
2019-05-23,768.95,773.00,740.00,748.05,13383
2019-05-24,745.60,758.75,745.60,749.75,6521
2019-05-27,753.05,755.00,739.00,743.40,26489
2019-05-28,740.10,748.00,735.00,739.70,70150
2019-05-29,742.00,745.70,737.90,741.60,10223
2019-05-30,738.90,743.15,725.00,735.00,51608
2019-05-31,734.95,755.90,729.10,749.65,35702
2019-06-03,782.00,782.00,746.20,749.40,14568
2019-06-04,749.45,753.25,737.05,739.75,14992
2019-06-06,739.75,746.50,735.20,741.10,50227
2019-06-07,740.35,750.00,730.00,748.40,11509
2019-06-10,745.15,746.35,738.00,741.75,4027
2019-06-11,742.05,747.75,737.25,742.20,7135
2019-06-12,738.25,753.40,736.20,738.65,15462
2019-06-13,734.40,736.95,706.00,710.00,12065
2019-06-14,711.10,717.95,702.00,711.30,9987
2019-06-17,712.25,713.50,708.05,711.50,4753
2019-06-18,708.30,712.00,703.00,708.00,9477
2019-06-19,713.70,713.70,690.00,692.70,8517
2019-06-20,698.30,698.30,672.65,687.30,10087
2019-06-21,683.05,725.00,682.85,697.15,4042
2019-06-24,699.00,710.00,691.95,709.00,3390
2019-06-25,714.60,718.90,705.90,714.10,8747
2019-06-26,714.90,719.40,693.70,707.00,4591
2019-06-27,711.10,719.75,702.05,708.65,1651
2019-06-28,706.95,713.30,705.50,710.20,1287
2019-07-01,715.90,717.85,701.15,704.85,3861
2019-07-02,703.95,708.95,700.35,705.65,1844
2019-07-03,709.65,711.30,691.15,701.75,3828
2019-07-04,702.10,712.00,700.00,701.80,2797
2019-07-05,702.50,706.75,699.00,700.10,2110
2019-07-08,695.10,705.80,645.00,651.65,16222
2019-07-09,647.00,675.00,640.10,669.95,4654
2019-07-10,668.80,672.25,640.00,642.20,10300
2019-07-11,645.70,647.70,638.50,639.65,8939
2019-07-12,644.80,644.80,625.05,630.30,6633
2019-07-15,635.40,635.40,601.25,606.05,10111
2019-07-16,603.50,609.45,590.00,592.70,12044
2019-07-17,590.00,604.00,589.95,601.30,7301
2019-07-18,601.05,601.05,560.30,569.05,11547
2019-07-19,572.95,585.00,560.00,560.90,9289
2019-07-22,560.00,560.05,536.00,539.60,12272
2019-07-23,554.00,559.00,539.00,545.35,10428
2019-07-24,541.65,569.00,541.50,553.35,3072
2019-07-25,578.95,596.00,551.60,587.40,6445
2019-07-26,592.10,592.10,569.00,577.00,2855
2019-07-29,581.00,581.00,534.90,541.10,128141
2019-07-30,535.00,539.90,503.70,519.05,13965
2019-07-31,515.55,529.95,515.40,517.75,10690
2019-08-01,519.95,564.30,515.95,537.95,5652
2019-08-02,534.10,565.00,526.00,560.65,4210
2019-08-05,562.00,562.00,537.05,540.15,5668
2019-08-06,535.00,550.00,530.30,548.40,5046
2019-08-07,540.00,551.95,526.55,543.65,3803
2019-08-08,535.05,543.95,530.00,541.05,1469
2019-08-09,539.05,574.00,535.00,558.90,6776
2019-08-13,574.45,574.45,530.15,541.80,3357
2019-08-14,536.50,555.00,531.00,542.80,646
2019-08-16,549.00,553.00,531.05,537.00,2237
2019-08-19,536.00,550.00,534.85,537.80,2172
2019-08-20,535.00,569.00,505.00,510.00,6682
2019-08-21,517.80,517.90,505.00,510.35,4972
2019-08-22,510.00,511.00,505.00,505.10,4024
2019-08-23,500.00,504.80,485.00,486.65,6443
2019-08-26,501.00,505.00,494.00,500.15,3811
2019-08-27,505.00,517.45,501.25,514.80,2474
2019-08-28,527.90,527.90,505.00,507.40,4316
2019-08-29,507.00,516.00,505.00,512.60,2883
2019-08-30,513.75,513.75,495.00,496.95,4632
2019-09-03,496.95,513.00,475.15,481.10,3673
2019-09-04,475.00,505.00,475.00,493.90,1299
2019-09-05,495.60,500.00,478.00,480.40,6546
2019-09-06,484.95,484.95,435.50,465.90,50470
2019-09-09,475.00,491.00,437.00,449.60,19269
2019-09-11,456.00,461.00,438.15,443.00,9370
2019-09-12,445.05,458.50,444.90,446.85,6259
2019-09-13,448.60,462.50,447.90,459.45,6390
2019-09-16,464.90,475.00,453.50,461.40,5626
2019-09-17,469.90,553.65,469.90,549.35,91160
2019-09-18,561.45,569.00,498.00,503.15,62165
2019-09-19,501.55,524.80,490.00,492.90,21102
2019-09-20,499.90,563.95,491.95,523.85,28316
2019-09-23,539.75,560.00,539.75,550.55,14414
2019-09-24,559.00,589.85,552.00,574.00,17448
2019-09-25,574.50,574.50,550.20,552.05,9945
2019-09-26,554.95,558.20,536.90,550.90,6413
2019-09-27,550.90,569.00,550.00,554.85,7131
2019-09-30,555.00,563.85,526.50,549.40,5721
2019-10-01,559.75,559.95,520.00,529.80,4283
2019-10-03,529.80,539.00,485.65,505.35,14343
2019-10-04,501.05,506.90,485.65,486.95,5571
2019-10-07,494.80,494.80,470.00,472.50,5398
2019-10-09,465.05,474.00,450.00,459.25,4184
2019-10-10,458.10,459.90,422.80,440.10,162359
2019-10-11,436.20,499.00,436.20,445.70,16263
2019-10-14,441.00,468.55,441.00,449.70,10997
2019-10-15,451.55,465.00,445.60,453.30,86046
2019-10-16,456.40,460.00,445.50,448.50,8039
2019-10-17,455.00,458.00,446.00,452.40,4693
2019-10-18,452.00,457.50,445.25,453.05,8051
2019-10-22,453.05,484.85,445.55,456.85,15099
2019-10-23,450.35,455.50,435.30,450.65,94990
2019-10-24,442.10,473.30,442.05,462.35,3689
2019-10-25,458.00,473.85,450.00,465.50,5082
2019-10-29,473.85,478.10,462.05,471.65,9272
2019-10-30,471.70,477.70,455.05,460.35,8951
2019-10-31,455.75,466.75,442.00,448.85,18061
2019-11-01,465.00,465.00,450.00,458.65,14826
2019-11-04,468.00,468.00,456.00,462.65,4599
2019-11-05,460.05,479.00,455.00,478.00,36977
2019-11-06,478.00,488.10,463.80,471.10,39821
2019-11-07,475.90,478.90,455.00,457.05,9740
2019-11-08,463.85,467.30,453.55,454.90,8489
2019-11-11,453.70,460.00,445.15,451.85,5157
2019-11-13,446.00,452.00,443.55,448.05,7136
2019-11-14,453.00,472.00,442.00,458.30,58510
2019-11-15,472.15,472.20,449.95,450.65,33077
2019-11-18,451.00,464.00,446.00,449.65,8657
2019-11-19,449.95,463.00,449.95,454.50,10134
2019-11-20,459.40,459.95,450.00,453.35,4130
2019-11-21,450.60,459.90,445.00,451.35,5658
2019-11-22,451.35,455.35,450.00,451.05,2881
2019-11-25,451.10,512.00,445.00,473.85,62618
2019-11-26,489.00,497.35,461.30,471.25,15843
2019-11-27,478.15,482.00,465.00,468.25,4757
2019-11-28,471.05,486.80,468.80,475.55,4954
2019-11-29,476.75,488.00,459.55,472.30,53436
2019-12-02,466.00,486.95,466.00,477.15,5854
2019-12-03,480.00,481.60,473.70,475.50,3399
2019-12-04,475.00,477.00,468.05,475.20,3961
2019-12-05,465.40,482.00,465.35,475.60,5580
2019-12-06,474.00,482.00,474.00,475.05,2020
2019-12-09,482.00,486.30,475.60,480.55,8074
2019-12-10,483.50,485.00,476.70,480.40,5553
2019-12-11,484.80,484.80,463.40,475.15,3482
2019-12-12,475.20,484.00,474.95,481.65,2556
2019-12-13,480.80,492.90,479.75,490.25,4799
2019-12-16,495.00,495.00,482.00,482.35,2291
2019-12-17,471.60,492.00,471.60,490.10,2901
2019-12-18,498.50,498.50,479.40,486.70,5491
2019-12-19,491.00,499.60,480.40,489.55,9122
2019-12-20,489.60,492.60,487.10,490.75,25328
2019-12-23,490.80,549.70,490.80,509.30,51511
2019-12-24,511.00,534.80,511.00,527.85,22800
2019-12-26,527.95,560.00,522.25,550.85,19949
2019-12-27,550.85,560.00,542.70,549.95,15927
2019-12-30,549.95,549.95,535.00,537.40,7162
2019-12-31,535.60,550.00,535.60,539.90,20745
2020-01-01,539.85,540.05,530.00,532.65,3856
2020-01-02,548.60,549.00,531.05,535.35,36971
2020-01-03,539.90,550.25,526.30,528.80,20112
2020-01-06,528.00,533.50,495.00,500.95,8340
2020-01-07,506.95,518.00,505.00,506.65,7233
2020-01-08,508.00,519.70,500.00,504.75,6302
2020-01-09,514.90,605.70,505.45,593.30,148793
2020-01-10,582.00,625.00,570.10,584.50,120997
2020-01-13,584.85,604.80,579.50,598.45,25433
2020-01-14,596.55,616.90,595.00,605.75,23332
2020-01-15,607.50,664.05,607.50,624.95,58492
2020-01-16,626.00,642.80,623.95,626.15,14803
2020-01-17,625.30,630.30,612.25,620.05,6573
2020-01-20,625.00,629.00,604.95,608.75,3730
2020-01-21,608.00,613.95,580.05,587.15,6172
2020-01-22,591.45,595.00,570.00,577.95,10745
2020-01-23,562.00,585.00,562.00,579.15,3514
2020-01-24,572.05,629.00,572.05,603.90,32057
2020-01-27,600.00,627.75,575.00,605.35,37167
2020-01-28,604.00,605.00,578.60,585.75,17193
2020-01-29,581.60,594.00,581.60,585.25,6254
2020-01-30,591.90,591.90,570.00,584.90,13147
2020-01-31,588.50,604.70,571.00,589.75,11734
2020-02-01,584.00,588.90,551.40,559.55,4288
2020-02-03,553.10,555.20,514.40,533.40,7834
2020-02-04,529.55,595.00,515.30,585.35,23136
2020-02-05,604.90,609.70,591.40,599.45,14750
2020-02-06,606.25,615.00,581.50,588.15,12477
2020-02-07,591.65,601.00,576.00,582.05,8410
2020-02-10,589.90,589.90,550.00,558.75,9931
2020-02-11,569.55,597.05,561.10,584.85,29186
2020-02-12,590.00,600.05,580.10,581.05,10383
2020-02-13,576.20,587.00,566.00,578.75,4702
2020-02-14,577.95,590.00,570.00,574.40,5349
2020-02-17,574.40,630.70,558.05,595.85,85745
2020-02-18,594.00,604.70,570.20,574.90,27340
2020-02-19,575.00,585.00,565.05,576.20,10722
2020-02-20,579.70,599.90,566.10,575.25,26710
2020-02-24,575.30,578.95,560.00,566.35,9101
2020-02-25,575.80,580.00,560.60,564.65,7084
2020-02-26,560.65,563.50,533.00,541.75,8644
2020-02-27,541.75,544.45,520.00,526.00,19822
2020-02-28,515.00,515.00,485.15,504.35,9903
2020-03-02,504.35,525.75,485.00,490.35,6860
2020-03-03,482.60,513.75,482.60,507.75,7222
2020-03-04,517.00,517.00,496.35,496.70,11437
2020-03-05,485.05,506.30,485.05,499.35,3208
2020-03-06,487.00,505.00,470.00,498.70,10601
2020-03-09,504.95,504.95,412.20,446.00,28305
2020-03-11,458.00,458.20,406.25,442.50,17040
2020-03-12,406.50,425.00,380.00,381.35,25269
2020-03-13,364.90,387.50,307.00,377.20,15213
2020-03-16,389.00,389.00,327.00,328.55,27189
2020-03-17,348.00,348.00,315.00,323.10,18962
2020-03-18,319.00,325.00,290.80,291.25,30792
2020-03-19,288.00,288.00,262.15,265.00,22707
2020-03-20,240.00,290.00,240.00,282.25,16226
2020-03-23,255.00,270.00,254.05,254.10,23363
2020-03-24,279.00,279.00,248.00,252.80,11551
2020-03-25,254.00,270.00,233.20,259.00,6085
2020-03-26,261.75,283.80,256.00,264.60,9084
2020-03-27,275.00,291.05,245.55,263.20,34471
2020-03-30,263.00,263.00,246.00,248.30,16725
2020-03-31,268.00,270.00,248.00,251.05,8054
2020-04-01,256.20,262.75,235.00,245.20,12013
2020-04-03,257.00,257.00,228.60,241.75,15104
2020-04-07,249.00,255.00,233.50,236.45,25434
2020-04-08,237.00,243.45,230.00,232.60,24555
2020-04-09,234.00,239.95,225.00,232.20,80614
2020-04-13,237.00,247.00,221.70,225.45,29156
2020-04-15,227.90,244.90,227.90,238.60,33630
2020-04-16,238.00,245.85,230.00,242.35,16089
2020-04-17,248.00,266.55,248.00,266.55,37262
2020-04-20,291.90,293.20,276.00,293.20,11841
2020-04-21,295.00,307.85,285.00,296.00,72048
2020-04-22,296.00,297.05,281.20,289.25,27608
2020-04-23,294.00,302.00,275.00,293.45,23536
2020-04-24,289.00,290.00,279.00,280.00,25027
2020-04-27,280.00,294.00,266.10,290.45,31011
2020-04-28,285.35,297.90,285.35,291.30,8925
2020-04-29,297.00,299.00,289.00,289.90,15757
2020-04-30,291.00,298.00,287.00,290.05,31525
2020-05-04,275.55,285.00,275.55,279.90,17441
2020-05-05,287.80,289.30,275.00,277.30,13046
2020-05-06,285.00,285.00,270.05,280.30,14097
2020-05-07,285.90,285.90,273.10,276.55,6613
2020-05-08,278.00,283.85,275.15,276.00,8674
2020-05-11,280.00,282.35,266.25,267.50,17251
2020-05-12,268.00,268.00,260.00,261.00,7378
2020-05-13,270.90,274.05,263.05,274.05,17023
2020-05-14,279.00,287.75,276.90,287.75,17147
2020-05-15,293.00,299.00,280.00,291.35,16012
2020-05-18,293.90,293.90,276.80,277.30,15785
2020-05-19,272.05,291.00,272.00,277.60,11138
2020-05-20,279.45,282.75,274.85,279.05,2562
2020-05-21,281.85,287.00,276.35,280.00,68060
2020-05-22,280.05,284.00,274.95,278.35,19070
2020-05-26,284.00,284.00,264.45,268.25,4152
2020-05-27,266.05,271.85,262.00,265.75,11768
2020-05-28,272.95,279.00,267.35,275.80,25992
2020-05-29,284.70,284.70,274.00,277.15,61811
2020-06-01,284.00,288.75,270.40,277.30,17069
2020-06-02,278.00,282.00,274.00,274.95,19259
2020-06-03,281.00,288.65,275.00,288.65,29336
2020-06-04,296.00,301.00,286.85,288.10,42500
2020-06-05,292.00,292.00,284.95,289.75,91596
2020-06-08,318.70,318.70,318.70,318.70,29413
2020-06-09,350.55,350.55,350.55,350.55,20723
2020-06-10,385.60,385.60,360.05,385.60,50674
2020-06-11,404.85,404.85,400.00,404.85,15760
2020-06-12,397.00,420.00,384.65,400.30,97970
2020-06-15,400.30,402.50,380.30,381.95,47321
2020-06-16,394.95,395.00,363.10,369.85,38144
2020-06-17,375.00,380.90,361.00,375.85,31006
2020-06-18,378.00,394.60,378.00,394.60,21010
2020-06-19,414.30,414.30,414.30,414.30,11258
2020-06-22,420.00,435.00,405.00,409.85,86963
2020-06-23,428.70,428.80,392.20,399.10,31654
2020-06-24,399.50,410.00,390.00,393.00,15992
2020-06-25,401.50,401.50,376.00,388.85,17243
2020-06-26,389.40,405.00,381.00,383.60,20354
2020-06-29,384.00,384.00,370.00,374.90,13770
2020-06-30,374.90,383.50,362.90,366.20,11942
2020-07-01,367.00,373.00,360.00,367.10,15989
2020-07-02,368.00,385.45,368.00,385.45,32310
2020-07-03,397.00,404.70,390.00,404.40,51073
2020-07-06,410.90,412.00,388.00,396.25,42024
2020-07-07,398.00,402.00,391.00,396.80,25205
2020-07-08,398.80,403.00,385.20,389.05,15439
2020-07-09,389.05,395.45,383.10,388.05,9930
2020-07-10,397.00,400.00,388.00,394.30,23910
2020-07-13,395.90,398.00,385.25,387.00,20759
2020-07-14,387.95,387.95,367.65,370.90,26120
2020-07-15,371.00,382.70,352.40,356.25,20256
2020-07-16,352.40,361.70,342.50,350.40,36001
2020-07-17,350.40,362.00,345.00,358.70,33007
2020-07-20,360.10,373.90,351.00,358.25,23205
2020-07-21,360.00,366.30,350.00,354.60,18277
2020-07-22,355.00,372.30,355.00,372.30,18896
2020-07-23,385.65,390.90,379.95,390.90,26793
2020-07-24,390.90,400.00,376.00,381.05,33041
2020-07-27,381.00,382.25,366.05,369.95,20481
2020-07-28,372.75,385.00,372.75,380.75,22533
2020-07-29,391.85,396.00,376.55,383.15,22808
2020-07-30,387.80,387.80,364.00,365.35,26834
2020-07-31,366.60,369.65,357.70,359.00,7605
2020-08-03,359.00,369.80,352.90,356.40,8705
2020-08-04,356.55,374.20,356.55,368.90,22955
2020-08-05,381.95,381.95,355.20,373.00,28545
2020-08-06,373.95,376.65,354.35,358.35,67151
2020-08-07,360.00,389.20,358.35,369.70,68523
2020-08-10,366.00,383.00,366.00,373.85,31442
2020-08-11,370.60,380.20,369.05,370.40,23378
2020-08-12,371.10,373.00,348.20,370.25,15356
2020-08-13,373.00,373.00,360.20,363.35,18090
2020-08-14,366.10,375.00,362.00,364.45,27713
2020-08-17,372.00,375.30,362.15,369.15,19896
2020-08-18,368.05,375.00,363.70,373.20,25408
2020-08-19,373.20,381.55,366.10,374.10,32415
2020-08-20,374.45,380.00,367.00,370.85,26217
2020-08-21,372.00,376.90,367.00,371.50,14914
2020-08-24,375.00,419.50,368.10,400.65,243515
2020-08-25,404.90,434.95,404.90,425.60,218657
2020-08-26,438.30,505.00,432.50,480.00,590874
2020-08-27,482.10,490.00,461.00,470.25,83845
2020-08-28,469.20,473.20,444.05,456.70,72465
2020-08-31,470.00,528.00,443.80,461.80,252193
2020-09-01,463.00,480.00,450.10,463.45,38086
2020-09-02,463.80,472.80,415.00,447.35,57972
2020-09-03,451.75,464.70,447.00,453.05,28876
2020-09-04,449.00,449.00,432.65,445.70,21798
2020-09-07,453.60,453.60,420.80,423.70,21195
2020-09-08,434.00,434.00,406.00,408.95,25285
2020-09-09,408.95,425.20,392.65,403.80,40018
2020-09-10,406.00,428.00,406.00,410.05,34572
2020-09-11,412.80,415.50,399.95,401.00,24848
2020-09-14,413.90,433.60,407.30,429.30,52001
2020-09-15,432.00,436.00,410.00,422.45,22910
2020-09-16,428.00,428.00,417.50,424.40,25472
2020-09-17,415.00,421.45,404.80,407.55,23321
2020-09-18,416.40,419.00,398.05,402.05,32984
2020-09-21,413.00,413.00,380.95,382.75,20957
2020-09-22,390.00,395.05,373.05,380.85,33341
2020-09-23,384.15,389.45,370.00,373.75,16610
2020-09-24,365.00,382.45,359.00,362.55,28725
2020-09-25,363.25,382.75,363.25,379.75,13692
2020-09-28,384.15,395.00,379.75,386.60,13172
2020-09-29,386.60,396.60,375.00,378.85,17793
2020-09-30,381.50,387.30,373.75,385.30,19808
2020-10-01,385.25,408.70,385.25,397.15,27533
2020-10-05,407.95,407.95,389.40,391.05,20964
2020-10-06,395.65,396.45,383.00,390.00,12269
2020-10-07,390.00,392.00,386.25,390.20,5931
2020-10-08,395.95,395.95,378.00,383.10,9791
2020-10-09,390.00,392.00,364.00,373.80,49626
2020-10-12,381.85,385.95,375.00,378.90,12644
2020-10-13,378.90,380.00,374.30,377.30,5123
2020-10-14,375.10,385.95,370.00,381.10,7177
2020-10-15,377.60,382.55,370.00,370.55,7132
2020-10-16,379.35,379.80,365.45,373.90,6920
2020-10-19,367.00,383.45,367.00,381.55,8538
2020-10-20,384.90,384.90,373.00,374.80,7110
2020-10-21,378.55,382.00,371.45,379.75,12896
2020-10-22,376.00,379.75,370.80,372.85,8577
2020-10-23,376.60,381.95,368.15,370.70,19032
2020-10-26,374.35,375.45,368.60,369.95,14043
2020-10-27,370.00,380.00,366.40,376.35,18133
2020-10-28,376.35,377.95,367.50,369.20,8749
2020-10-29,370.00,377.95,364.95,369.65,10040
2020-10-30,368.55,372.00,360.05,365.65,12113
2020-11-02,362.30,379.90,362.30,373.50,16979
2020-11-03,375.15,380.00,373.10,378.20,8683
2020-11-04,363.00,383.00,363.00,379.60,11775
2020-11-05,383.90,389.00,380.10,384.55,18858
2020-11-06,384.90,393.60,381.10,386.65,29665
2020-11-09,389.00,395.05,381.00,384.20,19293
2020-11-10,384.20,390.00,380.00,386.70,24499
2020-11-11,388.65,393.40,380.00,389.20,11816
2020-11-12,389.20,394.35,383.50,385.95,20897
2020-11-13,389.40,398.00,383.90,392.85,14150
2020-11-14,395.00,404.00,392.00,399.90,18666
2020-11-17,403.10,413.00,396.60,405.60,22991
2020-11-18,411.00,459.00,404.00,449.05,190253
2020-11-19,452.90,464.00,434.00,436.60,72443
2020-11-20,438.10,461.95,437.00,454.70,56732
2020-11-23,459.90,459.90,433.35,440.25,23278
2020-11-24,440.25,459.00,435.95,452.00,37514
2020-11-25,447.20,470.00,445.05,453.95,94027
2020-11-26,453.00,453.30,443.05,448.35,13494
2020-11-27,453.70,457.45,446.95,450.70,13627
2020-12-01,455.15,466.70,450.50,452.65,24930
2020-12-02,453.45,465.00,450.00,453.45,15219
2020-12-03,457.50,457.50,445.25,447.20,16194
2020-12-04,450.70,454.30,440.00,442.65,15509
2020-12-07,445.75,451.70,438.00,443.45,14980
2020-12-08,450.00,453.00,431.00,435.40,24325
2020-12-09,439.30,445.25,429.00,432.20,22002
2020-12-10,433.05,434.80,415.45,426.45,15198
2020-12-11,428.60,434.00,417.05,420.65,21457
2020-12-14,424.80,430.05,410.00,413.50,28165
2020-12-15,420.00,438.95,405.65,433.55,51190
2020-12-16,439.50,439.50,427.00,428.45,19242
2020-12-17,428.50,434.20,414.60,424.60,23190
2020-12-18,427.05,431.00,415.15,425.45,14226
2020-12-21,425.45,428.80,399.55,404.15,26618
2020-12-22,401.15,410.00,380.00,393.80,25725
2020-12-23,395.05,411.60,390.05,403.45,16534
2020-12-24,403.55,425.00,399.00,404.60,37254
2020-12-28,408.60,417.65,401.00,408.70,23964
2020-12-29,411.50,415.00,400.00,401.45,28625
2020-12-30,405.00,409.70,388.05,401.95,30545
2020-12-31,403.55,414.00,391.20,398.70,55968
2021-01-01,404.00,413.00,401.05,409.90,16255
2021-01-04,411.00,420.00,405.05,417.85,68546
2021-01-05,410.05,418.05,407.10,408.00,42031
2021-01-06,414.00,414.00,404.45,408.20,27872
2021-01-07,416.00,416.00,405.85,408.65,45077
2021-01-08,412.30,422.80,407.25,414.40,88483
2021-01-11,416.00,419.90,410.50,415.55,34443
2021-01-12,417.95,431.90,415.05,422.60,65674
2021-01-13,429.55,432.00,418.50,421.35,53404
2021-01-14,421.40,428.60,419.60,420.45,25019
2021-01-15,424.90,425.65,412.15,422.40,68478
2021-01-18,422.40,422.40,405.00,409.75,27796
2021-01-19,409.75,430.50,403.95,408.95,44236
2021-01-20,411.90,416.60,407.45,409.85,26653
2021-01-21,415.60,415.60,395.00,401.65,43323
2021-01-22,403.50,406.90,392.95,397.15,43262
2021-01-25,399.00,404.25,388.55,390.35,21861
2021-01-27,388.00,388.00,374.00,377.55,25075
2021-01-28,377.55,389.70,376.00,383.80,12777
2021-01-29,387.15,414.70,385.00,394.95,55372
2021-02-01,388.50,396.75,383.00,394.70,29746
2021-02-02,395.85,407.50,395.85,399.30,27771
2021-02-03,403.25,406.00,399.10,405.25,15960
2021-02-04,403.00,409.85,398.00,401.05,21642
2021-02-05,404.20,404.20,392.00,398.05,35502
2021-02-08,390.05,403.45,390.05,393.90,24664
2021-02-09,393.20,402.05,391.35,398.30,22021
2021-02-10,398.30,406.50,390.20,393.30,53283
2021-02-11,394.00,400.90,390.00,399.55,29257
2021-02-12,400.45,436.00,399.15,420.70,216380
2021-02-15,425.00,441.20,418.75,421.85,146728
2021-02-16,423.10,427.40,403.45,406.55,48967
2021-02-17,408.60,411.40,403.05,406.30,26395
2021-02-18,406.35,409.95,383.10,390.70,46955
2021-02-19,391.35,404.70,391.35,396.85,31230
2021-02-22,396.00,403.55,391.85,393.60,230880
2021-02-23,419.00,450.00,405.40,412.25,598655
2021-02-24,418.45,423.00,405.00,414.95,35451
2021-02-25,414.20,432.95,414.20,421.60,90054
2021-02-26,419.00,419.00,402.05,407.25,71627
2021-03-01,413.95,415.00,403.00,408.10,25227
2021-03-02,416.00,416.00,403.85,407.60,33689
2021-03-03,409.45,413.05,404.00,404.70,41725
2021-03-04,404.70,409.00,402.15,404.55,34470
2021-03-05,405.00,409.25,400.00,400.65,30398
2021-03-08,393.00,404.40,391.00,397.75,47389
2021-03-09,400.55,408.00,388.90,392.35,43625
2021-03-10,394.05,405.10,391.05,402.60,27652
2021-03-12,393.00,410.00,393.00,400.25,62671
2021-03-15,402.90,405.00,394.75,399.65,31697
2021-03-16,403.15,403.15,390.00,392.35,34673
2021-03-17,392.00,398.95,389.00,390.05,17410
2021-03-18,394.00,396.65,382.00,386.85,16232
2021-03-19,383.00,394.95,371.00,382.60,27801
2021-03-22,388.80,393.90,382.85,387.95,20105
2021-03-23,390.65,392.65,386.00,388.55,9726
2021-03-24,388.55,391.45,377.60,380.15,24276
2021-03-25,390.40,390.40,358.75,362.40,78840
2021-03-26,374.80,398.70,366.50,383.40,34430
2021-03-30,382.00,389.35,373.00,375.35,30625
2021-03-31,375.35,384.80,364.80,366.05,32899
2021-04-01,369.00,380.00,365.55,378.15,44004
2021-04-05,381.00,383.00,368.00,370.60,14723
2021-04-06,373.20,391.90,368.05,388.85,35350
2021-04-07,395.20,395.20,386.00,387.95,30693
2021-04-08,398.00,398.00,383.35,393.25,36451
2021-04-09,391.90,397.50,384.10,387.75,38415
2021-04-12,383.00,384.05,365.00,367.10,34717
2021-04-13,375.00,378.80,367.40,373.25,16656
2021-04-15,365.00,376.00,365.00,375.05,14225
2021-04-16,375.40,379.85,371.05,378.25,17005
2021-04-19,368.25,375.90,360.00,370.40,18290
2021-04-20,373.45,375.40,363.00,365.45,16470
2021-04-22,369.75,371.20,359.65,362.45,33187
2021-04-23,366.05,366.05,360.55,362.20,23090
2021-04-26,370.00,370.00,363.65,365.75,8018
2021-04-27,368.90,370.30,366.10,369.45,9526
2021-04-28,372.15,384.95,372.15,382.60,30886
2021-04-29,388.90,390.00,375.10,379.90,19230
2021-04-30,389.95,389.95,365.70,369.55,26663
2021-05-03,375.80,375.80,367.00,371.10,14131
2021-05-04,371.50,371.95,365.50,366.70,37551
2021-05-05,370.90,374.30,367.60,372.40,7517
2021-05-06,378.00,378.00,361.70,366.25,26350
2021-05-07,372.00,373.50,364.20,366.50,24103
2021-05-10,371.95,373.00,368.00,370.00,22041
2021-05-11,370.00,373.55,366.45,370.35,17407
2021-05-12,370.35,373.80,366.00,370.85,16607
2021-05-14,373.00,373.00,367.00,368.80,16240
2021-05-17,370.90,373.85,368.45,372.15,24088
2021-05-18,374.00,378.50,371.10,374.55,17403
2021-05-19,374.00,398.90,374.00,391.25,116353
2021-05-20,389.50,398.00,376.90,379.70,45538
2021-05-21,385.80,385.80,377.10,379.75,23585
2021-05-24,384.50,399.80,380.50,397.40,159376
2021-05-25,420.00,425.00,406.55,410.85,382488
2021-05-26,411.95,422.70,411.35,416.10,77446
2021-05-27,416.10,417.90,407.30,408.80,37235
2021-05-28,414.00,417.95,405.00,407.25,29564
2021-05-31,410.30,413.40,402.00,404.65,27505
2021-06-01,406.00,414.95,400.50,402.80,36082
2021-06-02,407.80,424.00,401.55,411.65,100985
2021-06-03,416.00,446.55,411.20,434.05,407915
2021-06-04,437.55,465.00,436.05,439.20,605327
2021-06-07,444.00,444.95,425.90,430.35,97852
2021-06-08,434.20,436.40,422.00,430.40,70337
2021-06-09,433.50,439.35,415.15,423.30,66375
2021-06-10,427.20,433.95,420.00,423.75,43093
2021-06-11,423.80,432.65,423.80,424.70,33779
2021-06-14,430.00,430.00,415.15,420.10,32161
2021-06-15,420.00,428.30,420.00,426.35,38518
2021-06-16,426.00,443.00,425.00,429.05,140693
2021-06-17,425.00,435.70,417.20,421.60,51267
2021-06-18,424.10,427.20,404.45,411.90,50815
2021-06-21,400.00,405.00,390.85,399.50,77118
2021-06-22,406.50,409.45,400.10,402.70,34265
2021-06-23,405.45,406.30,400.65,402.50,24219
2021-06-24,397.00,406.00,397.00,399.40,25549
2021-06-25,404.20,407.00,399.00,405.00,21623
2021-06-28,405.00,409.05,404.05,405.60,25545
2021-06-29,405.65,405.65,397.50,399.55,22225
2021-06-30,399.20,402.70,395.00,395.90,23096
2021-07-01,401.00,401.00,392.00,393.20,23740
2021-07-02,390.20,399.00,390.20,396.50,20514
2021-07-05,405.00,410.40,398.65,407.40,59671
2021-07-06,412.45,440.00,408.15,420.50,189044
2021-07-07,419.80,427.00,413.00,415.40,36960
2021-07-08,424.90,424.90,410.00,412.40,27052
2021-07-09,410.20,414.80,406.00,410.00,27243
2021-07-12,410.00,429.90,410.00,415.60,71444
2021-07-13,421.00,422.65,415.95,418.20,32045
2021-07-14,423.00,423.00,414.20,418.10,21964
2021-07-15,419.70,423.00,411.00,413.55,32738
2021-07-16,419.80,419.80,409.00,412.30,20841
2021-07-19,410.00,418.95,405.00,408.20,27988
2021-07-20,413.00,413.00,399.25,403.00,35178
2021-07-22,411.00,464.80,405.40,455.60,755859
2021-07-23,463.45,496.00,462.00,472.05,1130543
2021-07-26,481.00,485.00,452.45,464.90,218661
2021-07-27,465.00,476.85,454.95,458.00,72503
2021-07-28,458.00,464.90,443.75,449.45,75396
2021-07-29,454.90,465.00,450.65,454.45,48907
2021-07-30,454.45,463.10,450.00,451.75,38767
2021-08-02,455.00,457.95,421.10,435.95,76058
2021-08-03,433.60,436.00,425.60,430.95,77104
2021-08-04,435.95,446.35,420.00,425.60,135977
2021-08-05,426.10,429.65,411.25,418.90,79695
2021-08-06,423.00,425.70,415.65,419.20,37996
2021-08-09,424.80,424.80,415.00,415.90,30419
2021-08-10,418.00,425.00,405.00,412.80,34528
2021-08-11,404.55,408.90,392.00,402.05,89955
2021-08-12,406.00,412.15,400.00,408.15,35613
2021-08-13,408.00,413.70,400.00,403.15,31902
2021-08-16,405.00,409.90,397.65,399.75,29767
2021-08-17,399.75,408.50,399.40,400.60,33661
2021-08-18,395.10,409.00,395.10,397.10,50269
2021-08-20,400.00,405.00,385.10,389.75,46979
2021-08-23,396.00,397.00,377.00,381.25,60168
2021-08-24,377.20,396.55,377.20,392.30,37094
2021-08-25,397.00,407.80,390.20,392.75,60145
2021-08-26,397.10,407.90,389.25,391.80,64347
2021-08-27,392.00,398.90,391.35,393.20,20506
2021-08-30,391.20,402.00,391.20,394.95,30779
2021-08-31,399.50,401.70,392.50,395.85,34542
2021-09-01,396.25,399.70,394.05,395.45,14829
2021-09-02,398.00,399.80,394.00,397.20,23951
2021-09-03,403.00,407.30,399.00,403.90,33006
2021-09-06,410.00,410.00,400.10,401.55,19372
2021-09-07,407.00,411.90,396.55,401.80,37720
2021-09-08,401.00,407.90,401.00,402.55,13637
2021-09-09,402.05,403.00,395.05,400.15,24254
2021-09-13,401.00,402.95,396.25,397.95,17696
2021-09-14,396.70,402.65,396.70,399.55,25199
2021-09-15,398.10,408.85,398.10,403.65,25090
2021-09-16,404.45,411.00,403.25,405.50,27018
2021-09-17,407.00,409.45,397.45,401.15,29016
2021-09-20,401.00,405.60,395.05,398.70,26641
2021-09-21,393.80,398.25,385.05,394.35,49062
2021-09-22,394.50,402.00,393.15,400.80,15948
2021-09-23,403.00,405.00,397.60,398.75,27472
2021-09-24,400.35,404.50,395.00,398.05,25732
2021-09-27,401.60,401.70,395.15,397.30,14504
2021-09-28,400.05,402.20,397.00,397.80,16354
2021-09-29,396.00,401.10,396.00,397.80,13706
2021-09-30,400.00,401.40,394.00,395.55,17682
2021-10-01,395.45,409.80,394.75,401.55,75588
2021-10-04,408.90,419.95,405.60,411.55,63163
2021-10-05,413.80,417.00,408.00,409.20,23691
2021-10-06,411.00,413.05,400.80,402.45,18781
2021-10-07,402.00,421.45,401.70,409.60,64170
2021-10-08,419.75,419.75,403.00,406.05,15460
2021-10-11,406.05,411.95,401.00,403.35,28118
2021-10-12,404.00,419.00,403.25,413.65,43897
2021-10-13,412.00,417.50,407.20,408.60,24953
2021-10-14,412.50,412.50,405.00,406.95,18661
2021-10-18,406.95,410.50,404.00,407.05,25693
2021-10-19,408.00,409.90,399.65,401.15,23468
2021-10-20,401.15,404.90,384.65,391.05,23878
2021-10-21,394.90,395.30,389.85,393.05,9716
2021-10-22,387.15,402.05,387.15,392.30,22870
2021-10-25,389.00,395.15,383.00,386.50,12912
2021-10-26,387.60,391.65,386.85,389.15,8980
2021-10-27,391.45,395.90,387.85,391.10,12517
2021-10-28,393.00,393.00,384.50,385.30,10869
2021-10-29,385.30,402.00,383.00,392.55,19267
2021-11-01,399.90,399.90,386.50,388.80,13411
2021-11-02,389.95,391.75,387.00,388.35,13835
2021-11-03,385.00,392.00,385.00,386.80,16295
2021-11-04,394.00,394.00,385.00,388.70,3957
2021-11-08,388.50,403.00,387.20,389.25,43652
2021-11-09,389.25,396.90,389.25,392.80,11879
2021-11-10,388.00,394.50,388.00,392.25,9312
2021-11-11,393.75,397.10,389.00,390.90,8553
2021-11-12,393.50,393.55,389.20,391.70,7006
2021-11-15,390.00,393.00,387.70,389.90,10171
2021-11-16,389.50,395.00,388.00,392.10,9885
2021-11-17,394.85,394.85,389.20,390.60,10622
2021-11-18,388.00,391.50,386.00,387.80,11185
2021-11-22,387.80,391.75,376.25,378.30,11686
2021-11-23,378.00,384.40,373.00,374.60,20253
2021-11-24,373.00,376.00,370.40,371.45,12840
2021-11-25,374.75,374.90,370.00,373.30,6078
2021-11-26,367.00,373.85,367.00,368.35,15139
2021-11-29,365.00,367.30,351.45,353.55,20098
2021-11-30,356.35,375.00,350.00,359.60,6770
2021-12-01,359.75,363.50,355.95,361.00,9999
2021-12-02,362.75,365.25,358.30,361.75,8390
2021-12-03,366.00,366.00,354.65,358.00,13225
2021-12-06,360.85,362.90,357.95,358.20,7783
2021-12-07,360.00,363.95,357.00,359.30,7161
2021-12-08,362.00,365.85,360.85,363.60,7388
2021-12-09,365.00,368.90,360.10,363.30,12621
2021-12-10,358.20,372.25,358.20,365.70,13396
2021-12-13,369.95,372.10,366.35,367.60,10332
2021-12-14,367.05,372.00,365.00,365.55,11881
2021-12-15,364.00,369.50,351.00,358.45,11410
2021-12-16,360.40,370.05,352.00,355.55,14330
2021-12-17,356.25,357.35,349.95,350.90,12421
2021-12-20,349.05,367.00,342.00,353.60,18789
2021-12-21,353.00,357.80,343.60,345.35,9762
2021-12-22,349.95,352.25,346.00,348.35,7007
2021-12-23,350.00,351.45,347.00,347.60,7463
2021-12-24,345.05,360.00,345.05,352.05,6692
2021-12-27,352.05,354.80,345.65,351.70,3998
2021-12-28,354.80,360.95,350.70,351.65,5546
2021-12-29,354.10,354.30,348.20,349.90,7612
2021-12-30,353.80,354.00,348.20,349.05,3390
2021-12-31,353.95,353.95,348.05,352.40,5159
2022-01-03,353.00,358.85,349.85,353.90,11103
2022-01-04,358.55,358.55,351.05,353.00,5235
2022-01-05,354.00,358.90,354.00,356.95,5188
2022-01-06,356.00,357.55,351.75,353.90,8768
2022-01-07,354.00,356.95,349.90,352.00,14358
2022-01-10,356.00,356.00,351.55,352.35,12871
2022-01-11,354.95,354.95,352.00,353.80,4319
2022-01-12,356.00,374.05,353.70,369.00,37861
2022-01-13,371.30,371.80,356.95,359.25,23556
2022-01-14,355.50,364.35,355.50,359.45,18565
2022-01-17,362.45,366.85,353.25,364.90,19374
2022-01-18,365.25,369.20,361.95,363.20,12305
2022-01-19,366.80,366.80,356.00,356.30,11398
2022-01-20,357.20,360.00,354.00,357.40,8996
2022-01-21,357.00,358.95,353.05,354.00,6175
2022-01-24,356.90,357.95,345.00,346.85,14150
2022-01-25,342.00,350.65,336.10,340.80,27223
2022-01-27,340.80,350.00,337.50,346.60,8322
2022-01-28,346.85,358.00,343.30,352.55,6256
2022-01-31,352.55,357.90,350.00,350.50,6351
2022-02-01,355.95,355.95,346.85,350.05,4862
2022-02-02,351.40,359.95,349.30,356.55,20433
2022-02-03,362.00,365.50,352.00,354.05,16330
2022-02-04,351.40,358.00,350.00,352.00,6625
2022-02-07,349.05,350.15,346.20,347.95,2534
2022-02-08,347.95,349.85,343.15,345.70,5391
2022-02-09,345.70,349.40,343.50,345.10,7514
2022-02-10,343.00,346.85,339.00,344.65,7362
2022-02-11,344.65,346.90,318.80,334.90,9849
2022-02-14,323.00,330.00,318.40,320.10,15948
2022-02-15,330.00,330.00,313.05,325.15,8267
2022-02-16,330.00,330.85,306.80,311.55,48216
2022-02-17,315.00,315.00,306.00,309.40,16484
2022-02-18,313.95,313.95,305.00,306.10,10051
2022-02-21,309.95,309.95,289.90,290.35,19449
2022-02-22,288.70,290.00,280.00,280.90,15213
2022-02-23,280.10,288.00,278.25,285.05,13739
2022-02-24,273.00,280.70,255.65,263.05,25717
2022-02-25,272.95,283.90,263.50,279.20,20286
2022-02-28,286.00,289.80,253.95,286.25,14567
2022-03-02,284.95,289.75,275.00,284.05,7685
2022-03-03,287.00,298.05,280.00,285.70,9445
2022-03-04,285.70,285.95,279.00,282.00,4611
2022-03-07,280.80,280.80,269.60,270.80,7368
2022-03-08,267.00,274.60,267.00,270.95,8975
2022-03-09,274.00,280.00,270.35,276.80,9167
2022-03-10,289.80,290.00,275.00,279.50,36075
2022-03-11,279.65,282.75,276.25,279.50,9414
2022-03-14,279.40,281.95,277.60,279.80,16387
2022-03-15,286.45,286.45,278.80,280.35,26601
2022-03-16,282.00,287.00,281.75,284.45,9584
2022-03-17,287.00,287.00,282.55,283.50,10870
2022-03-21,285.00,285.30,278.20,279.75,14316
2022-03-22,278.50,281.65,272.05,274.40,27994
2022-03-23,277.00,277.00,273.10,274.15,16253
2022-03-24,275.00,275.00,270.05,272.05,12078
2022-03-25,270.40,274.45,262.65,264.15,17848
2022-03-28,262.95,268.75,256.00,256.65,21738
2022-03-29,256.70,276.00,255.00,260.50,76177
2022-03-30,260.50,270.00,258.20,259.00,19957
2022-03-31,267.70,267.70,258.30,260.40,22594
2022-04-01,264.80,273.00,261.95,271.70,12699
2022-04-04,274.40,284.00,270.50,279.65,20106
2022-04-05,285.90,292.00,282.45,285.75,34307
2022-04-06,285.75,290.85,280.00,284.75,10421
2022-04-07,287.30,290.00,280.40,285.25,27688
2022-04-08,285.25,286.00,281.20,282.05,18595
2022-04-11,284.85,288.35,282.85,285.65,11175
2022-04-12,288.45,290.00,283.20,288.75,12887
2022-04-13,291.45,299.95,290.00,296.45,28612
2022-04-18,296.45,297.85,283.00,287.65,21334
2022-04-19,290.45,296.25,283.30,288.40,23441
2022-04-20,291.00,295.00,282.40,284.20,6696
2022-04-21,286.95,294.00,285.00,286.75,6492
2022-04-22,288.75,289.70,283.75,285.05,4381
2022-04-25,286.00,286.00,277.10,279.55,7859
2022-04-26,287.00,287.00,280.00,281.50,4011
2022-04-27,280.00,280.85,274.45,275.90,9002
2022-04-28,278.65,279.35,275.00,275.20,2022
2022-04-29,277.95,279.35,275.05,277.70,5294
2022-05-02,271.50,277.10,270.80,275.90,4648
2022-05-04,275.25,278.60,266.00,269.10,12779
2022-05-05,269.10,275.50,266.15,269.10,3914
2022-05-06,269.10,293.80,264.00,264.75,25754
2022-05-09,265.00,265.35,260.00,260.05,5286
2022-05-10,262.65,264.15,261.00,261.25,4282
2022-05-11,263.85,264.00,250.00,257.05,9308
2022-05-12,257.05,257.05,245.00,246.05,7550
2022-05-13,260.00,260.00,242.05,246.05,6255
2022-05-16,258.00,258.00,243.50,250.35,3843
2022-05-17,252.85,252.85,241.00,248.35,29319
2022-05-18,240.00,240.00,208.60,215.05,246807
2022-05-19,211.15,215.55,202.00,210.20,36449
2022-05-20,212.25,220.00,206.90,208.95,24640
2022-05-23,209.00,210.95,201.65,202.50,41010
2022-05-24,200.00,204.45,198.50,199.60,24016
2022-05-25,201.55,201.55,190.00,190.15,16328
2022-05-26,194.00,197.00,186.25,189.45,20064
2022-05-27,191.25,194.80,188.50,190.05,26886
2022-05-30,206.00,207.85,188.95,190.60,51665
2022-05-31,190.75,193.00,190.00,191.95,19157
2022-06-01,196.35,196.35,188.35,189.50,17734
2022-06-02,191.35,191.55,187.55,189.85,10615
2022-06-03,191.65,191.65,188.70,189.70,11907
2022-06-06,187.50,191.05,187.05,188.05,4848
2022-06-07,187.10,195.70,186.95,190.85,11985
2022-06-08,192.00,192.00,188.45,189.80,4777
2022-06-09,188.50,190.00,179.50,181.20,37814
2022-06-10,182.90,182.90,179.00,181.10,11456
2022-06-13,179.00,180.95,175.00,177.95,14836
2022-06-14,179.65,179.65,172.45,175.80,7753
2022-06-15,176.75,176.75,168.00,170.90,24581
2022-06-16,179.90,179.90,165.10,168.10,20438
2022-06-17,165.00,179.80,165.00,175.50,13388
2022-06-20,188.00,193.30,157.25,165.25,118445
2022-06-21,165.25,169.55,143.80,167.95,22621
2022-06-22,172.95,172.95,164.85,166.00,7588
2022-06-23,172.50,172.50,166.60,170.05,7088
2022-06-24,171.60,175.10,170.80,173.40,5167
2022-06-27,175.05,176.85,171.05,173.50,4804
2022-06-28,173.30,174.95,170.05,171.55,2924
2022-06-29,170.00,173.05,169.05,171.55,4947
2022-06-30,173.20,173.30,170.00,170.55,2192
2022-07-01,172.25,172.25,166.30,167.85,8303
2022-07-04,163.00,172.05,163.00,169.80,10062
2022-07-05,169.80,172.90,165.00,165.85,19005
2022-07-06,167.00,170.00,163.00,166.10,10810
2022-07-07,167.75,172.40,167.60,170.80,13408
2022-07-08,172.45,175.00,168.15,170.10,7600
2022-07-11,170.00,182.55,169.25,178.45,18967
2022-07-12,179.95,181.25,173.40,176.15,13666
2022-07-13,177.85,190.80,174.30,179.45,19327
2022-07-14,177.40,181.00,176.55,179.05,52313
2022-07-15,180.75,193.20,178.90,185.25,292841
2022-07-18,189.50,189.50,181.00,184.25,39019
2022-07-19,185.00,188.90,184.00,185.35,31016
2022-07-20,187.15,188.90,182.00,184.75,23980
2022-07-21,185.70,186.50,183.15,185.50,13534
2022-07-22,187.35,189.15,184.15,187.15,16507
2022-07-25,188.95,188.95,184.00,187.15,12270
2022-07-26,187.15,187.15,184.00,184.80,15539
2022-07-27,189.00,189.00,181.65,183.50,24115
2022-07-28,185.25,185.25,183.00,183.45,14024
2022-07-29,184.00,185.45,178.00,182.70,20232
2022-08-01,184.45,186.00,182.55,184.15,15045
2022-08-02,185.60,188.30,182.20,184.30,32912
2022-08-03,185.00,186.00,181.00,185.15,24239
2022-08-04,187.00,187.85,182.30,184.90,28545
2022-08-05,184.60,188.00,181.15,182.80,28631
2022-08-08,199.95,199.95,192.10,193.35,142571
2022-08-10,197.15,197.15,185.40,187.15,44409
2022-08-11,194.95,194.95,188.00,188.45,30204
2022-08-12,192.50,193.90,189.10,192.55,19311
2022-08-16,194.00,200.50,191.00,193.50,41065
2022-08-17,195.00,196.95,191.20,193.60,33404
2022-08-18,195.45,196.00,192.15,193.50,47041
2022-08-19,195.00,195.00,187.05,189.00,30199
2022-08-22,190.90,197.50,184.50,192.90,113187
2022-08-23,194.75,195.20,192.35,193.90,20180
2022-08-24,193.90,197.25,193.05,195.30,22429
2022-08-25,197.25,197.25,193.00,194.90,36251
2022-08-26,195.95,195.95,192.55,194.35,26747
2022-08-29,193.30,213.00,187.35,203.40,59883
2022-08-30,205.00,206.00,200.20,202.75,76505
2022-09-01,202.75,205.75,201.25,203.15,24795
2022-09-02,205.25,205.25,202.00,202.60,16098
2022-09-05,204.55,205.00,201.25,204.15,47822
2022-09-06,205.00,205.05,200.10,203.30,23691
2022-09-07,203.00,204.00,200.65,202.35,37619
2022-09-08,203.00,203.75,201.60,202.00,35432
2022-09-09,202.20,204.40,197.00,199.75,41755
2022-09-12,198.00,203.75,195.15,196.00,446428
2022-09-13,204.00,226.80,201.15,214.50,1114082
2022-09-14,212.00,223.70,209.25,216.95,397421
2022-09-15,218.75,260.30,218.75,244.75,2292831
2022-09-16,250.00,258.00,235.80,248.35,495923
2022-09-19,250.50,264.30,250.00,258.35,463890
2022-09-20,267.00,268.00,245.05,248.60,227098
2022-09-21,254.00,261.90,252.00,259.60,176527
2022-09-22,263.00,263.00,257.50,260.20,207477
2022-09-23,269.70,269.70,245.10,248.75,74313
2022-09-26,248.75,251.50,231.55,234.65,107916
2022-09-27,235.30,243.00,230.00,232.65,39556
2022-09-28,229.00,236.65,220.00,232.90,70798
2022-09-29,239.00,263.20,236.15,247.10,173990
2022-09-30,248.95,260.00,232.30,253.60,79626
2022-10-03,254.90,255.05,234.25,237.35,84354
2022-10-04,243.95,252.30,240.95,250.65,177917
2022-10-06,254.00,272.00,252.90,264.90,274238
2022-10-07,267.95,269.00,255.55,258.65,69107
2022-10-10,256.00,258.65,250.50,256.25,50562
2022-10-11,258.90,258.90,249.00,250.55,64093
2022-10-12,248.80,260.00,248.80,257.20,40684
2022-10-13,255.30,255.90,248.10,248.95,23388
2022-10-14,258.00,258.00,247.25,249.45,29033
2022-10-17,258.00,258.00,242.50,248.15,39803
2022-10-18,253.15,253.15,242.05,249.40,69966
2022-10-19,253.00,257.95,244.60,249.95,117201
2022-10-20,249.00,264.00,249.00,254.50,148261
2022-10-21,254.00,260.00,252.00,257.30,59915
2022-10-24,263.00,271.00,263.00,269.65,76588
2022-10-25,269.65,295.45,263.00,280.20,325739
2022-10-27,281.00,324.70,280.50,309.25,454448
2022-10-28,308.00,316.75,301.00,307.40,130751
2022-10-31,308.00,311.95,299.00,307.15,81469
2022-11-01,307.50,315.30,297.55,309.55,86934
2022-11-02,312.90,317.55,308.70,314.05,82631
2022-11-03,309.90,320.10,308.00,315.95,58668
2022-11-04,319.90,328.30,315.35,320.20,77013
2022-11-07,323.90,326.75,317.05,318.20,40221
2022-11-09,324.00,334.00,316.10,318.00,95386
2022-11-10,318.00,325.95,286.20,296.75,160052
2022-11-11,320.00,345.00,320.00,334.95,661785
2022-11-14,337.00,339.80,312.30,314.65,110555
2022-11-15,320.40,320.40,303.00,304.65,110026
2022-11-16,305.00,309.45,288.30,291.25,157885
2022-11-17,295.00,297.25,278.05,287.80,205942
2022-11-18,284.00,289.95,279.00,286.85,55767
2022-11-21,298.90,298.90,280.05,281.85,35970
2022-11-22,284.10,287.95,281.00,283.30,39318
2022-11-23,286.50,290.00,282.00,288.05,36113
2022-11-24,292.80,298.00,287.00,288.15,34834
2022-11-25,290.85,290.85,279.50,285.30,75789
2022-11-28,287.95,290.45,284.20,287.00,34120
2022-11-29,287.00,287.00,279.00,280.30,34722
2022-11-30,282.05,286.05,280.00,285.25,23803
2022-12-01,289.00,293.75,284.05,286.30,68606
2022-12-02,284.00,298.90,284.00,288.70,68229
2022-12-05,293.75,296.50,285.00,287.75,26710
2022-12-06,288.60,290.00,279.20,285.05,32968
2022-12-07,282.45,288.40,278.05,285.30,21053
2022-12-08,282.20,292.70,282.20,290.40,25360
2022-12-09,294.00,294.00,276.00,280.55,60306
2022-12-12,284.95,287.00,276.00,282.05,32169
2022-12-13,283.15,291.00,278.15,284.35,81932
2022-12-14,285.15,305.55,284.00,289.75,202902
2022-12-15,289.85,293.60,288.00,288.45,20181
2022-12-16,287.00,297.00,286.15,294.50,35390
2022-12-19,294.50,298.40,287.50,292.90,19274
2022-12-20,294.95,294.95,288.00,291.70,14433
2022-12-21,296.85,296.85,271.00,278.90,71526
2022-12-22,283.85,283.85,266.05,276.40,44593
2022-12-23,275.95,275.95,260.20,264.90,43731
2022-12-26,255.20,278.00,255.20,272.35,45455
2022-12-27,273.10,280.50,270.40,278.10,25408
2022-12-28,279.90,281.95,275.00,276.60,19741
2022-12-29,273.20,278.90,265.00,269.50,34805
2022-12-30,272.10,284.70,267.55,271.25,66753
2023-01-02,276.30,279.45,272.10,274.90,28516
2023-01-03,277.05,277.10,267.65,270.45,54823
2023-01-04,274.50,274.50,261.95,266.00,47575
2023-01-05,266.10,269.90,261.85,265.90,17209
2023-01-06,268.55,295.00,256.85,272.80,35785
2023-01-09,273.15,273.70,262.50,263.75,68983
2023-01-10,263.90,265.30,260.65,262.50,17196
2023-01-11,262.60,266.55,262.00,265.25,11053
2023-01-12,266.30,267.95,262.60,264.70,19719
2023-01-13,265.00,265.20,258.00,259.30,29476
2023-01-16,259.30,262.95,256.85,257.80,20065
2023-01-17,258.00,258.00,254.00,255.65,16175
2023-01-18,256.00,256.00,244.60,247.00,53359
2023-01-19,243.05,267.85,238.95,262.40,218067
2023-01-20,264.45,270.10,261.05,267.95,49628
2023-01-23,268.05,268.05,258.20,260.45,39234
2023-01-24,260.05,266.20,258.20,259.15,27347
2023-01-25,258.00,260.05,252.15,256.50,28593
2023-01-27,255.25,255.70,250.00,251.35,33353
2023-01-30,254.05,254.90,248.05,250.45,9957
2023-01-31,250.55,262.00,246.05,259.50,22240
2023-02-01,267.25,267.25,256.40,260.90,42669
2023-02-02,250.00,263.00,250.00,260.95,7193
2023-02-03,264.00,265.05,254.20,256.80,20806
2023-02-06,256.80,258.00,253.05,256.35,11367
2023-02-07,256.50,265.00,253.15,262.65,16071
2023-02-08,262.60,267.00,259.55,263.80,14361
2023-02-09,266.55,269.00,261.20,266.85,19249
2023-02-10,277.00,313.90,277.00,305.15,567700
2023-02-13,303.00,308.00,288.40,290.85,69444
2023-02-14,293.75,295.20,275.00,281.10,87630
2023-02-15,281.10,288.95,279.75,283.90,28456
2023-02-16,283.05,286.70,280.60,281.75,18912
2023-02-17,286.00,295.70,282.55,286.75,76618
2023-02-20,285.05,289.45,281.75,283.40,15611
2023-02-21,286.00,294.70,283.40,292.95,33024
2023-02-22,292.60,303.45,282.00,285.20,81834
2023-02-23,288.00,293.20,275.00,276.60,25396
2023-02-24,278.95,280.70,270.00,272.30,13571
2023-02-27,272.30,274.45,265.95,270.70,19318
2023-02-28,271.60,272.95,261.00,263.30,22290
2023-03-01,266.50,283.95,265.00,279.85,46511
2023-03-02,279.50,285.00,275.10,280.20,23755
2023-03-03,284.10,295.00,282.05,290.45,35036
2023-03-06,290.00,298.15,288.55,290.70,14667
2023-03-08,290.45,299.90,286.00,297.60,17121
2023-03-09,299.00,299.00,279.15,282.30,70434
2023-03-10,283.00,284.75,277.00,280.40,18680
2023-03-13,280.55,281.45,274.20,275.80,26214
2023-03-14,275.00,276.80,262.40,270.70,36343
2023-03-15,278.00,278.00,269.00,271.30,21125
2023-03-16,272.30,274.45,264.60,266.65,11195
2023-03-17,280.00,280.00,267.00,269.50,10503
2023-03-20,270.00,271.35,258.60,261.00,16962
2023-03-21,262.55,272.00,262.10,271.80,27168
2023-03-22,271.80,272.00,266.65,269.05,17806
2023-03-23,270.10,271.45,265.00,267.40,12542
2023-03-24,269.95,270.95,261.00,262.20,6910
2023-03-27,262.05,262.05,237.05,242.75,75767
2023-03-28,243.00,255.35,240.00,244.85,70970
2023-03-29,245.85,258.00,239.00,253.85,58516
2023-03-31,254.00,263.30,252.15,257.40,45503
2023-04-03,261.85,267.00,258.95,265.45,21571
2023-04-05,270.00,270.00,262.05,265.65,15041
2023-04-06,267.50,282.00,265.05,279.35,74155
2023-04-10,280.00,285.90,275.00,275.80,16267
2023-04-11,276.05,283.55,276.05,278.05,30514
2023-04-12,277.90,279.10,268.00,270.50,29904
2023-04-13,271.50,273.60,264.65,271.90,97426
2023-04-17,271.90,272.15,264.95,270.15,16448
2023-04-18,271.85,274.90,269.20,271.00,13434
2023-04-19,272.40,289.95,270.10,277.25,51784
2023-04-20,281.40,289.00,276.05,279.65,9704
2023-04-21,282.35,282.70,273.00,276.55,8372
2023-04-24,277.95,282.90,275.05,276.05,22917
2023-04-25,275.30,284.50,275.30,282.20,14109
2023-04-26,280.20,285.00,280.20,282.75,11259
2023-04-27,285.05,294.40,282.20,292.10,22317
2023-04-28,292.50,309.00,287.05,291.90,141928
2023-05-02,294.75,299.65,290.10,295.10,34034
2023-05-03,298.05,303.05,291.10,293.65,25684
2023-05-04,294.35,311.80,291.80,301.35,147587
2023-05-05,302.95,306.95,299.20,300.35,23240
2023-05-08,301.00,310.00,301.00,305.55,40399
2023-05-09,306.00,312.00,296.35,300.70,26027
2023-05-10,297.00,324.00,297.00,307.60,142379
2023-05-11,310.70,314.30,307.05,311.85,30270
2023-05-12,311.80,332.00,311.80,319.05,116866
2023-05-15,322.60,322.60,311.40,316.00,36375
2023-05-16,315.30,325.70,314.60,324.30,46821
2023-05-17,324.40,328.00,319.95,323.70,21399
2023-05-18,323.95,339.00,323.25,330.65,108317
2023-05-19,334.65,337.50,323.45,335.25,65156
2023-05-22,334.90,334.90,300.00,303.80,346209
2023-05-23,303.00,318.70,298.95,299.70,128360
2023-05-24,299.70,308.55,298.15,300.35,52216
2023-05-25,301.30,307.45,296.00,297.40,25492
2023-05-26,298.45,315.75,296.90,310.15,95294
2023-05-29,312.90,322.00,312.90,316.35,49311
2023-05-30,319.00,335.00,312.55,334.00,137362
2023-05-31,330.10,347.10,330.10,344.35,252787
2023-06-01,346.30,368.80,344.35,356.80,420667
2023-06-02,360.35,368.00,354.60,359.90,99758
2023-06-05,362.90,369.80,358.70,365.80,129887
2023-06-06,369.80,383.00,366.10,367.75,131820
2023-06-07,370.90,377.00,363.00,367.35,56113
2023-06-08,364.00,371.80,360.00,361.35,59949
2023-06-09,365.95,370.70,355.00,358.85,63307
2023-06-12,358.85,390.00,355.40,375.30,209120
2023-06-13,379.05,384.85,377.00,381.40,92374
2023-06-14,381.90,382.70,374.45,376.45,31226
2023-06-15,379.65,379.70,363.95,366.70,35655
2023-06-16,369.45,373.55,363.05,367.20,45115
2023-06-19,370.85,374.20,365.65,369.25,28001
2023-06-20,371.05,375.20,363.00,372.75,45075
2023-06-21,376.20,408.00,375.90,398.70,370447
2023-06-22,400.00,400.00,384.90,393.65,110141
2023-06-23,397.60,397.60,376.00,379.15,64860
2023-06-26,379.15,387.95,377.10,379.25,35084
2023-06-27,382.00,384.75,374.05,377.45,34388
2023-06-28,381.15,382.70,371.95,374.30,29495
2023-06-30,378.05,386.00,376.35,384.65,43501
2023-07-03,389.85,393.05,380.00,385.35,49804
2023-07-04,385.35,396.45,377.65,382.50,45783
2023-07-05,383.45,391.65,380.80,386.55,45828
2023-07-06,389.50,393.00,385.00,390.35,32146
2023-07-07,390.00,394.65,378.00,381.85,51241
2023-07-10,387.60,392.00,375.00,388.80,44389
2023-07-11,390.90,407.00,390.00,394.30,84903
2023-07-12,398.80,403.00,392.65,398.65,42904
2023-07-13,395.80,417.00,395.80,404.15,99789
2023-07-14,408.00,422.75,400.05,418.30,139681
2023-07-17,418.30,421.45,406.05,412.95,73710
2023-07-18,417.00,417.00,397.10,398.90,46354
2023-07-19,400.10,406.95,392.35,395.30,35266
2023-07-20,397.15,399.90,391.20,393.80,20418
2023-07-21,387.60,399.90,387.00,390.70,99317
2023-07-24,395.90,395.90,389.50,391.70,28170
2023-07-25,393.05,399.10,383.00,386.15,20535
2023-07-26,387.35,393.05,383.85,389.90,50014
2023-07-27,389.90,399.20,389.90,393.60,25088
2023-07-28,397.10,404.95,387.25,389.60,46417
2023-07-31,390.00,397.45,383.00,386.30,49869
2023-08-01,387.00,392.75,382.05,385.60,38438
2023-08-02,388.85,417.50,385.45,413.75,231757
2023-08-03,419.60,419.80,403.00,409.15,91574
2023-08-04,418.00,425.70,405.15,410.60,147398
2023-08-07,419.90,420.00,400.00,404.00,81635
2023-08-08,410.05,410.05,400.65,407.45,34790
2023-08-09,399.00,400.10,346.65,352.10,778760
2023-08-10,355.00,359.60,347.10,349.35,215250
2023-08-11,356.70,360.00,346.00,349.80,115137
2023-08-14,349.00,351.95,342.15,347.25,81237
2023-08-16,345.00,352.00,338.35,345.05,173111
2023-08-17,346.75,351.45,344.00,345.60,36840
2023-08-18,349.95,351.25,340.15,349.45,102302
2023-08-21,349.45,383.00,346.80,376.35,542475
2023-08-22,375.10,388.35,370.00,371.05,198287
2023-08-23,372.00,389.70,367.15,383.30,214147
2023-08-24,386.20,386.60,374.00,376.45,56906
2023-08-25,374.05,392.00,368.60,386.70,119080
2023-08-28,387.95,399.95,386.05,391.65,116553
2023-08-29,394.00,399.00,385.90,389.90,80533
2023-08-30,394.40,405.00,386.35,391.70,118095
2023-08-31,393.95,399.90,383.60,387.20,43066
2023-09-01,386.00,408.00,386.00,403.75,153232
2023-09-04,408.80,411.90,401.50,406.45,64829
2023-09-05,405.10,412.85,399.35,405.60,66843
2023-09-06,405.60,409.90,398.15,406.80,67554
2023-09-07,402.05,418.70,399.60,416.25,110066
2023-09-08,414.20,418.80,406.00,410.15,46352
2023-09-11,410.15,412.45,402.15,405.35,49840
2023-09-12,406.00,407.45,382.90,387.90,96025
2023-09-13,386.60,405.80,381.50,401.70,68066
2023-09-14,412.95,412.95,398.00,402.80,31407
2023-09-15,405.80,434.80,399.55,429.65,341230
2023-09-18,437.00,438.80,419.40,424.90,258945
2023-09-20,432.90,432.90,412.00,425.85,121602
2023-09-21,423.90,430.00,403.00,407.25,68704
2023-09-22,408.00,423.95,403.00,409.75,72570
2023-09-25,413.95,419.00,405.25,411.85,69500
2023-09-26,414.20,418.25,409.20,413.50,43782
2023-09-27,415.00,445.65,411.00,440.85,337166
2023-09-28,440.80,447.45,426.00,429.60,114929
2023-09-29,435.30,444.40,428.35,437.45,58547
2023-10-03,442.00,442.30,430.00,438.40,43030
2023-10-04,438.40,438.40,414.60,422.25,100810
2023-10-05,424.00,435.00,418.80,420.20,31692
2023-10-06,419.95,437.00,419.95,430.05,68529
2023-10-09,425.00,429.25,413.80,422.85,51367
2023-10-10,424.05,458.30,421.65,449.05,374236
2023-10-11,456.85,460.00,447.10,452.05,81053
2023-10-12,452.05,454.60,434.35,440.35,51200
2023-10-13,444.90,450.00,440.40,444.95,31563
2023-10-16,451.60,451.60,432.30,437.80,51785
2023-10-17,443.00,443.45,431.80,435.15,27670
2023-10-18,439.00,441.45,428.05,436.80,43092
2023-10-19,434.10,438.65,430.20,436.05,16852
2023-10-20,439.80,443.00,429.45,440.70,37130
2023-10-23,442.25,444.85,396.00,401.25,101042
2023-10-25,401.00,414.20,391.00,396.10,58899
2023-10-26,393.20,415.00,381.30,410.45,80017
2023-10-27,417.80,427.60,411.10,417.05,46170
2023-10-30,407.05,407.05,381.70,392.25,181267
2023-10-31,409.00,409.00,391.05,396.40,56528
2023-11-01,396.40,404.25,391.00,392.40,41375
2023-11-02,393.15,399.20,392.10,393.85,21716
2023-11-03,393.90,401.20,391.25,393.25,23596
2023-11-06,393.30,399.80,386.00,387.45,48222
2023-11-07,391.70,391.70,385.00,387.15,41744
2023-11-08,386.00,392.65,386.00,387.25,37503
2023-11-09,394.95,396.95,388.00,392.70,16585
2023-11-10,392.70,398.85,383.20,386.35,68671
2023-11-12,395.00,397.90,377.05,388.50,36117
2023-11-13,385.95,413.95,385.00,402.05,40197
2023-11-15,398.80,406.45,398.80,401.30,22106
2023-11-16,407.30,407.30,395.00,400.00,30032
2023-11-17,400.00,406.45,396.20,402.40,30007
2023-11-20,403.95,404.00,395.20,396.85,18764
2023-11-21,396.95,401.40,390.00,392.75,23208
2023-11-22,396.30,404.00,391.50,402.00,37400
2023-11-23,402.00,403.80,395.00,397.15,12116
2023-11-24,397.15,400.25,388.15,393.05,63647
2023-11-28,398.00,400.00,390.10,394.95,17087
2023-11-29,394.95,398.95,379.00,379.85,101994
2023-11-30,381.95,384.90,373.00,378.85,47639
2023-12-01,381.90,381.90,369.40,379.50,72342
2023-12-04,383.00,385.00,378.60,382.25,37046
2023-12-05,384.25,389.00,377.00,386.85,45539
2023-12-06,390.70,392.55,385.10,389.55,30661
2023-12-07,387.00,396.70,385.20,393.80,50712
2023-12-08,396.00,397.85,382.30,385.65,42508
2023-12-11,391.45,395.00,384.50,388.45,31356
2023-12-12,388.45,390.40,384.15,385.90,14952
2023-12-13,386.00,389.00,382.40,388.15,11677
2023-12-14,390.20,393.65,387.15,392.25,27418
2023-12-15,394.20,413.70,386.00,401.20,166170
2023-12-18,401.20,409.90,396.30,399.60,60891
2023-12-19,395.40,402.00,395.00,395.90,25424
2023-12-20,396.00,409.60,386.20,390.70,89546
2023-12-21,392.70,397.10,386.55,389.60,46890
2023-12-22,391.50,404.00,385.15,387.00,83086
2023-12-26,398.95,401.35,387.35,392.45,92736
2023-12-27,399.80,399.80,364.05,367.60,216379
2023-12-28,369.35,378.90,369.25,373.95,79497
2023-12-29,375.80,378.95,372.25,375.15,75680
2024-01-01,375.15,382.90,372.30,379.30,44720
2024-01-02,380.00,390.00,375.00,385.65,45390
2024-01-03,387.00,394.00,381.55,386.75,45158
2024-01-04,389.80,390.95,380.00,384.15,60639
2024-01-05,388.00,389.80,379.00,379.70,62648
2024-01-08,380.75,383.40,374.30,379.50,57972
2024-01-09,379.95,381.40,372.95,375.35,29114
2024-01-10,377.20,377.20,370.00,372.50,48262
2024-01-11,374.30,397.35,372.75,392.50,166595
2024-01-12,392.55,407.00,390.05,397.55,170220
2024-01-15,405.45,408.65,395.25,398.15,88393
2024-01-16,398.50,410.45,397.05,398.95,92458
2024-01-17,393.05,401.20,387.20,390.70,57328
2024-01-18,390.70,399.65,389.00,391.35,81169
2024-01-19,391.50,406.00,389.00,392.55,43823
2024-01-20,394.50,398.05,389.85,395.75,26521
2024-01-23,395.75,399.75,373.85,377.60,64133
2024-01-24,350.05,368.00,323.95,333.60,550282
2024-01-25,353.00,353.00,328.15,332.25,165434
2024-01-29,336.00,339.90,325.25,327.70,73394
2024-01-30,337.00,337.00,324.00,329.75,92391
2024-01-31,331.95,334.15,326.45,329.05,46606
2024-02-01,330.50,333.70,321.35,329.60,66130
2024-02-02,328.00,334.45,328.00,329.95,49960
2024-02-05,333.00,333.00,322.50,325.70,43054
2024-02-06,327.00,330.00,323.15,325.90,24719
2024-02-07,327.50,331.25,315.70,318.65,80630
2024-02-08,321.70,324.70,313.35,316.75,44264
2024-02-09,318.50,326.05,308.05,315.45,59984
2024-02-12,317.45,322.80,303.50,305.45,42166
2024-02-13,309.00,311.30,298.95,300.80,45418
2024-02-14,298.00,318.00,297.00,314.00,109840
2024-02-15,314.00,326.30,314.00,320.75,62207
2024-02-16,320.75,326.50,313.85,317.65,72097
2024-02-19,316.00,327.70,315.00,324.90,66945
2024-02-20,321.90,326.00,321.00,322.85,10208
2024-02-21,326.85,326.85,318.00,320.00,24911
2024-02-22,321.60,321.60,315.65,318.65,19480
2024-02-23,319.05,321.45,316.60,319.95,10986
2024-02-26,321.00,324.00,313.90,320.30,24068
2024-02-27,317.10,322.20,312.80,317.35,11981
2024-02-28,317.55,318.95,312.00,315.45,15707
2024-02-29,316.70,318.45,310.00,311.80,22292
2024-03-01,313.00,318.85,308.70,314.15,38456
2024-03-02,321.00,322.00,315.05,316.75,1249
2024-03-04,315.00,317.45,313.00,315.00,12766
2024-03-05,316.60,318.55,303.00,305.30,37919
2024-03-06,300.00,307.25,295.60,299.60,25109
2024-03-07,301.00,310.85,300.00,303.65,21621
2024-03-11,308.00,310.00,302.00,306.85,27368
2024-03-12,306.85,309.00,284.05,290.10,57906
2024-03-13,296.90,307.00,275.45,282.00,209290
2024-03-14,281.00,297.75,275.65,293.40,68950
2024-03-15,295.05,302.15,287.80,295.40,43421
2024-03-18,294.00,299.15,289.95,293.25,50232
2024-03-19,293.25,295.45,281.30,283.25,54475
2024-03-20,284.70,289.05,280.00,281.75,35614
2024-03-21,293.00,294.80,280.00,283.05,26409
2024-03-22,288.75,298.00,282.35,287.40,39736
2024-03-26,290.00,297.00,281.10,282.50,73525
2024-03-27,280.05,285.00,265.75,270.80,78163
2024-03-28,273.50,277.15,262.00,268.50,114171
2024-04-01,273.00,288.70,270.90,287.40,48057
2024-04-02,287.40,305.00,287.40,302.25,55377
2024-04-03,302.25,308.25,297.85,306.85,32122
2024-04-04,308.50,311.85,304.35,306.80,17794
2024-04-05,304.00,318.00,304.00,313.85,42133
2024-04-08,315.50,319.00,311.05,316.25,65490
2024-04-09,313.40,319.35,310.00,312.10,31807
2024-04-10,313.65,313.95,303.00,304.75,41107
2024-04-12,304.75,309.70,301.55,303.45,19754
2024-04-15,296.00,308.30,291.05,300.40,39096
2024-04-16,302.00,309.00,298.60,302.85,14697
2024-04-18,304.40,309.10,300.50,305.65,22335
2024-04-19,300.70,305.55,296.35,300.40,14224
2024-04-22,301.00,316.90,301.00,312.80,52173
2024-04-23,316.50,316.50,311.00,312.50,11888
2024-04-24,319.90,319.90,314.00,314.75,9562
2024-04-25,311.90,316.70,306.15,309.75,14746
2024-04-26,315.95,315.95,310.60,312.30,8586
2024-04-29,316.00,318.50,312.30,317.05,46269
2024-04-30,322.55,332.75,316.25,317.65,25915
2024-05-02,324.00,324.00,313.10,315.25,23882
2024-05-03,315.55,318.80,310.10,315.80,12155
2024-05-06,317.00,317.00,308.00,312.20,15334
2024-05-07,310.00,313.30,301.85,304.45,14042
2024-05-08,306.00,309.40,301.40,307.05,8397
2024-05-09,305.85,310.95,278.10,283.35,72308
2024-05-10,287.00,302.10,283.35,287.65,34248
2024-05-13,298.00,298.00,287.15,294.95,21642
2024-05-14,296.40,305.00,294.35,302.60,20675
2024-05-15,302.60,305.90,295.70,297.95,10493
2024-05-16,306.95,306.95,295.80,296.75,11421
2024-05-17,296.75,305.65,295.30,302.95,14850
2024-05-18,303.25,303.25,299.00,299.35,2899
2024-05-21,300.80,304.00,299.30,301.80,6633
2024-05-22,301.70,306.45,300.55,303.15,14218
2024-05-23,306.00,306.00,289.75,290.60,45319
2024-05-24,287.00,287.00,273.00,278.25,89992
2024-05-27,283.50,289.00,276.55,284.65,25588
2024-05-28,285.35,285.45,276.85,279.75,14986
2024-05-29,275.55,282.00,270.05,272.70,45575
2024-05-30,274.10,275.90,271.60,272.70,19300
2024-05-31,273.55,285.00,271.55,280.70,38726
2024-06-03,282.20,296.90,282.20,295.60,64368
2024-06-04,296.95,297.90,270.00,273.20,45997
2024-06-05,278.70,284.45,273.50,275.50,39232
2024-06-06,280.95,285.90,275.80,281.20,25690
2024-06-07,285.00,293.15,282.95,290.45,25938
2024-06-10,292.00,297.95,292.00,295.75,16787
2024-06-11,295.75,308.15,295.75,301.50,40192
2024-06-12,307.00,313.00,301.95,306.85,30167
2024-06-13,309.90,309.90,302.05,304.85,19162
2024-06-14,306.50,314.00,304.50,311.95,71016
2024-06-18,313.60,317.15,307.35,315.50,31138
2024-06-19,315.50,318.15,310.75,311.90,13605
2024-06-20,310.15,319.95,306.20,315.10,111268
2024-06-21,318.10,323.05,310.55,311.35,35919
2024-06-24,313.00,325.15,309.25,316.00,39285
2024-06-25,325.95,336.75,316.10,319.85,135101
2024-06-26,319.85,325.95,313.00,313.80,23121
2024-06-27,318.50,319.00,312.80,314.70,32460
2024-06-28,316.40,316.40,304.70,306.65,42491
2024-07-01,303.50,311.00,303.50,309.55,23506
2024-07-02,311.10,312.40,306.15,307.90,12479
2024-07-03,307.90,315.50,307.90,314.85,34953
2024-07-04,320.00,324.25,313.00,314.80,37837
2024-07-05,314.80,317.90,311.55,315.05,22873
2024-07-08,315.05,318.05,305.95,312.90,46110
2024-07-09,313.10,314.50,309.70,311.25,39848
2024-07-10,308.40,313.95,302.80,303.60,38717
2024-07-11,305.20,314.25,305.10,309.40,22409
2024-07-12,310.20,311.90,303.30,306.05,17682
2024-07-15,307.70,310.60,304.00,305.80,37318
2024-07-16,307.95,311.50,306.00,307.20,11800
2024-07-18,306.30,309.25,303.00,304.25,20826
2024-07-19,305.10,307.25,298.45,304.05,54916
2024-07-22,330.00,337.60,319.60,326.05,249964
2024-07-23,330.00,334.00,314.50,329.00,84128
2024-07-24,327.00,341.45,326.95,330.60,81281
2024-07-25,330.60,335.55,327.75,333.65,31182
2024-07-26,339.60,339.75,333.20,335.40,34158
2024-07-29,337.20,341.30,335.00,336.65,61589
2024-07-30,336.95,342.00,330.75,340.25,45786
2024-07-31,340.25,343.75,338.00,340.25,21139
2024-08-01,345.00,351.00,337.30,342.70,65130
2024-08-02,347.95,347.95,334.70,338.05,36835
2024-08-05,337.95,337.95,317.00,318.30,46555
2024-08-06,315.00,329.40,315.00,322.95,24437
2024-08-07,324.00,330.00,316.05,322.80,24158
2024-08-08,310.00,320.00,291.00,293.70,256786
2024-08-09,300.95,305.65,298.00,299.70,49167
2024-08-12,300.00,306.90,295.00,300.60,47226
2024-08-13,300.75,302.90,294.50,297.10,35035
2024-08-14,301.00,301.00,293.00,295.80,26816
2024-08-16,295.00,300.00,293.65,296.35,26418
2024-08-19,296.40,302.90,296.40,301.55,16147
2024-08-20,303.10,303.70,300.25,302.95,16885
2024-08-21,305.90,322.55,305.25,319.05,69903
2024-08-22,320.15,347.25,319.15,336.15,184937
2024-08-23,348.00,348.00,332.75,341.30,65968
2024-08-26,342.80,342.80,333.30,336.65,51224
2024-08-27,340.00,342.75,332.05,333.15,25670
2024-08-28,334.45,335.60,321.00,325.35,72299
2024-08-29,327.10,334.00,322.45,331.20,35185
2024-08-30,332.40,345.00,327.00,339.85,76558
2024-09-02,341.00,355.00,337.20,352.00,92609
2024-09-03,354.90,363.45,348.00,352.95,68646
2024-09-04,352.95,352.95,343.10,346.95,27586
2024-09-05,353.00,384.00,353.00,376.70,825766
2024-09-06,376.70,376.70,359.75,366.15,130362
2024-09-09,365.00,366.20,351.00,352.80,51854
2024-09-10,357.20,363.00,351.15,354.00,33990
2024-09-11,354.00,363.60,346.55,348.65,40640
2024-09-12,352.15,353.85,342.15,348.05,57982
2024-09-13,351.95,359.95,348.15,355.15,57643
2024-09-16,360.40,364.80,348.30,351.10,36805
2024-09-17,352.00,361.45,347.20,359.30,64329
2024-09-18,359.50,364.20,349.00,355.95,61739
2024-09-19,357.40,359.50,342.05,346.45,48118
2024-09-20,351.65,351.65,345.40,349.50,18556
2024-09-23,351.30,359.00,346.30,356.95,33486
2024-09-24,357.50,402.00,353.00,388.35,693378
2024-09-25,390.20,405.75,384.55,396.80,406526
2024-09-26,397.30,400.35,381.00,385.00,86450
2024-09-27,386.90,397.00,382.25,388.30,46388
2024-09-30,388.30,391.20,365.35,368.65,74066
2024-10-01,366.00,378.70,366.00,372.50,34459
2024-10-03,365.05,401.70,365.05,387.85,352414
2024-10-04,387.85,401.00,374.00,377.45,171966
2024-10-07,380.75,384.50,350.40,354.55,69987
2024-10-08,354.55,378.30,350.55,375.30,75350
2024-10-09,375.40,385.00,365.35,367.15,44944
2024-10-10,369.95,373.45,361.25,365.75,32016
2024-10-11,368.80,373.95,361.55,368.20,26406
2024-10-14,369.75,382.00,367.20,371.00,29432
2024-10-15,371.95,375.00,364.55,373.50,31830
2024-10-16,373.50,380.00,366.00,372.25,22491
2024-10-17,372.25,388.00,366.00,381.40,98156
2024-10-18,380.90,380.90,371.05,374.65,25982
2024-10-21,375.60,375.60,351.00,356.10,39065
2024-10-22,356.70,356.80,321.30,327.05,111889
2024-10-23,322.15,338.00,321.00,333.90,37659
2024-10-24,330.00,337.05,328.80,332.85,30261
2024-10-25,333.00,333.95,302.00,310.80,63205
2024-10-28,310.00,323.00,307.85,320.80,25605
2024-10-29,318.60,332.15,310.00,326.95,21316
2024-10-30,341.05,373.60,341.05,350.90,394258
2024-10-31,351.80,379.00,348.00,374.65,121835
2024-11-01,380.00,396.00,376.25,381.75,48263
2024-11-04,381.75,394.50,363.50,385.30,115871
2024-11-05,385.30,398.00,378.10,394.40,100926
2024-11-06,391.10,398.00,384.00,386.20,56640
2024-11-07,390.00,401.00,378.15,394.85,50028
2024-11-08,399.00,399.00,387.00,390.95,36967
2024-11-11,391.65,395.10,384.00,387.55,32845
2024-11-12,387.55,387.55,372.00,375.40,16543
2024-11-13,367.00,378.45,355.00,357.85,37956
2024-11-14,362.00,364.95,346.05,348.10,38505
2024-11-18,348.00,355.45,339.00,341.10,25970
2024-11-19,339.55,351.00,339.55,341.25,37280
2024-11-21,336.15,341.20,324.10,326.95,50956
2024-11-22,328.30,344.75,327.70,341.15,26438
2024-11-25,342.70,348.45,336.05,339.60,15933
2024-11-26,338.50,356.00,337.00,352.45,25851
2024-11-27,353.45,363.85,351.60,354.45,19293
2024-11-28,354.00,366.95,351.80,364.30,31108
2024-11-29,364.30,372.50,360.90,370.00,28174
2024-12-02,367.05,380.00,365.90,373.65,32408
2024-12-03,372.00,379.95,371.35,373.05,21027
2024-12-04,365.20,377.75,365.20,371.80,15189
2024-12-05,375.05,375.05,365.20,367.35,13798
2024-12-06,369.50,372.20,363.00,363.45,18979
2024-12-09,368.90,378.90,365.85,371.10,32907
2024-12-10,374.05,376.95,367.75,375.10,16828
2024-12-11,376.00,385.50,361.00,364.55,53632
2024-12-12,365.00,369.55,359.15,362.75,15676
2024-12-13,362.75,362.80,353.20,360.55,13753
2024-12-16,360.00,368.00,355.40,357.40,26344
2024-12-17,359.30,363.80,356.00,357.20,17943
2024-12-18,356.80,358.85,348.05,352.50,24844
2024-12-19,350.00,355.80,343.00,353.20,14906
2024-12-20,355.10,355.45,332.20,335.65,58926
2024-12-23,340.70,340.70,329.90,333.35,18688
2024-12-24,330.30,342.90,329.00,339.40,25902
2024-12-26,343.00,343.00,334.00,336.70,16439
2024-12-27,337.50,340.00,333.60,337.10,9545
2024-12-30,342.00,350.05,332.20,333.70,16420
2024-12-31,330.70,334.95,327.50,333.75,7217
2025-01-01,330.70,336.05,330.70,332.05,9160
2025-01-02,333.80,339.90,330.20,335.90,18466
2025-01-03,335.65,338.75,333.00,336.65,12863
2025-01-06,333.70,338.40,323.00,330.30,25116
2025-01-07,332.00,332.00,326.15,328.45,6651
2025-01-08,330.05,332.95,320.10,323.90,15689
2025-01-09,323.35,329.00,316.30,317.40,11811
2025-01-10,324.00,344.00,316.55,320.85,219696
2025-01-13,319.20,324.80,305.40,308.95,25333
2025-01-14,310.60,320.10,307.20,311.25,31780
2025-01-15,311.25,316.15,301.85,305.60,16867
2025-01-16,305.60,314.85,296.95,302.25,51135
2025-01-17,302.25,308.70,299.00,300.95,16842
2025-01-20,303.00,303.00,297.10,299.90,14001
2025-01-21,302.25,303.00,293.20,298.40,18647
2025-01-22,298.00,306.95,295.00,299.25,33375
2025-01-23,297.05,301.20,289.85,297.95,7019
2025-01-24,299.50,299.50,289.90,291.80,15259
2025-01-27,290.60,291.25,285.40,287.50,11123
2025-01-28,289.00,298.00,281.05,287.35,19978
2025-01-29,288.85,300.70,287.20,293.45,47491
2025-01-30,294.00,300.05,291.15,298.45,16292
2025-01-31,298.80,298.90,289.00,290.25,24323
2025-02-01,290.00,295.00,288.00,290.20,15842
2025-02-03,288.25,296.35,285.20,290.45,59894
2025-02-04,292.00,300.00,292.00,298.70,29221
2025-02-05,300.00,300.00,284.00,290.05,71405
2025-02-06,300.00,300.00,287.15,288.75,37239
2025-02-07,291.20,292.45,287.00,289.50,17679
2025-02-10,289.50,294.70,288.50,289.15,13631
2025-02-11,290.30,290.30,276.10,278.50,10486
2025-02-12,278.00,286.80,267.30,282.00,22193
2025-02-13,280.30,285.75,278.35,282.40,11057
2025-02-14,283.50,283.90,263.30,266.75,14141
2025-02-17,264.30,275.50,260.00,269.95,30828
2025-02-18,271.10,277.80,255.95,258.95,34599
2025-02-19,258.40,275.20,256.70,268.55,17638
2025-02-20,270.00,272.55,266.20,269.35,4899
2025-02-21,273.40,279.20,271.70,274.50,21360
2025-02-24,274.50,275.85,270.05,272.30,8953
2025-02-25,272.35,272.35,265.00,265.25,14506
2025-02-27,265.25,274.05,265.15,269.35,19728
2025-02-28,270.00,272.40,266.90,271.45,29548
2025-03-03,272.90,275.65,265.05,271.15,26822
2025-03-04,270.45,272.60,267.20,268.50,18870
2025-03-05,269.90,275.60,268.00,271.00,27212
2025-03-06,272.40,275.00,267.95,270.30,64834
2025-03-07,271.70,274.00,266.60,268.95,17769
2025-03-10,270.40,270.70,265.50,266.95,12000
2025-03-11,266.95,268.25,255.55,259.95,16328
2025-03-12,259.00,262.75,245.60,248.75,35682
2025-03-13,252.85,259.80,246.45,251.65,21485
2025-03-17,251.95,255.70,249.50,252.65,34016
2025-03-18,254.00,262.05,253.30,258.70,33308
2025-03-19,260.05,269.90,259.15,261.15,31398
2025-03-20,262.50,269.80,258.20,259.65,45128
2025-03-21,263.55,268.80,261.00,264.80,44244
2025-03-24,269.00,282.10,269.00,275.30,56437
2025-03-25,276.70,278.30,265.40,266.55,37044
2025-03-26,268.00,271.80,251.00,255.85,71144
2025-03-27,256.90,259.75,248.00,249.35,56984
2025-03-28,249.35,256.70,246.00,247.40,58190
2025-04-01,248.69,257.90,247.75,249.82,50895
2025-04-02,249.82,259.38,244.00,256.41,90626
2025-04-03,255.70,266.00,255.69,258.02,108826
2025-04-04,259.30,264.39,250.60,255.00,64497
2025-04-07,245.00,253.06,234.01,250.17,45816
2025-04-08,249.10,259.37,249.00,254.67,105807
2025-04-09,254.00,257.00,248.30,251.18,51332
2025-04-11,249.30,257.69,248.41,251.09,93028
2025-04-15,251.05,264.00,251.05,255.16,71294
2025-04-16,255.10,262.79,252.80,260.23,28785
2025-04-17,260.75,267.75,259.30,260.04,82494
2025-04-21,261.40,271.81,261.40,267.21,104667
2025-04-22,268.60,284.38,268.48,278.83,145483
2025-04-23,279.00,279.30,268.00,268.81,67263
2025-04-24,268.81,280.00,268.00,272.02,90794
2025-04-25,273.40,274.05,263.01,267.44,40398
2025-04-28,263.00,278.45,260.40,268.52,38101
2025-04-29,271.99,289.00,269.06,279.42,130854
2025-04-30,280.10,280.10,267.00,270.12,26398
2025-05-02,267.70,272.90,265.20,270.40,21690
2025-05-05,269.05,274.80,266.60,270.90,9251
2025-05-06,272.30,273.05,265.90,266.65,17030
2025-05-07,263.25,272.15,261.90,270.15,24239
2025-05-08,270.10,273.95,263.05,266.45,31292
2025-05-09,264.00,272.00,261.10,270.80,19663
2025-05-12,272.20,280.90,272.15,279.80,41428
2025-05-13,281.30,294.20,279.80,291.00,44184
2025-05-14,297.00,297.00,290.60,291.35,19559
2025-05-15,262.30,278.25,262.30,269.25,290666
2025-05-16,271.25,283.70,271.25,279.20,75125
2025-05-19,280.70,288.65,277.50,280.50,64728
2025-05-20,282.00,292.50,280.00,291.00,75384
2025-05-21,291.00,294.50,285.95,291.65,36705
2025-05-22,291.65,292.90,282.00,286.00,35347
2025-05-23,287.50,291.00,283.80,289.70,15472
2025-05-26,289.70,291.45,283.20,284.20,17720
2025-05-27,285.70,295.00,283.60,290.75,24382
2025-05-28,292.30,292.30,287.50,290.60,12390
2025-05-29,290.50,295.15,285.50,288.70,26587
2025-05-30,288.00,294.00,285.00,285.05,46964
2025-06-02,286.60,291.50,283.00,287.90,19971
2025-06-03,290.00,293.45,283.90,288.75,33483
2025-06-04,288.00,292.85,285.20,290.30,24734
2025-06-05,289.95,292.70,287.65,290.40,18088
2025-06-06,294.90,314.90,294.90,304.10,150913
2025-06-09,309.00,310.95,303.85,306.95,32665
2025-06-10,309.85,319.00,307.00,316.45,63380
2025-06-11,316.50,319.05,312.00,314.90,24833
2025-06-12,314.90,317.95,307.00,308.85,14346
2025-06-13,303.05,308.50,300.60,303.80,12159
2025-06-16,305.30,307.55,290.00,295.95,65269
2025-06-17,297.25,299.70,289.00,290.40,28670
2025-06-18,290.40,294.05,288.20,290.25,11872
2025-06-19,291.70,294.40,287.00,288.85,24252
2025-06-20,290.30,299.90,287.00,298.20,25358
2025-06-23,296.75,300.65,292.75,294.85,17348
2025-06-24,298.00,330.00,296.85,311.60,134698
2025-06-25,316.40,330.00,306.15,325.75,118307
2025-06-26,326.00,342.00,317.00,324.55,91340
2025-06-27,326.00,328.00,319.65,322.20,30931
2025-06-30,323.90,328.00,318.80,321.70,20102
2025-07-01,321.70,325.10,318.45,320.65,24182
2025-07-02,322.30,330.10,320.15,322.15,23439
2025-07-03,322.00,323.80,317.80,319.30,13587
2025-07-04,320.00,321.45,315.05,317.10,16575
2025-07-07,316.70,319.20,311.50,314.15,8644
2025-07-08,314.15,333.40,312.50,330.35,66062
2025-07-09,328.05,338.25,325.95,337.05,78178
2025-07-10,335.65,366.00,335.60,355.50,269697
2025-07-11,352.30,358.75,343.00,345.00,43795
2025-07-14,346.75,358.00,336.05,351.15,53234
2025-07-15,348.10,361.70,348.10,357.85,58632
2025-07-16,358.00,366.30,355.90,359.95,33902
2025-07-17,357.00,358.90,348.45,350.95,25434
2025-07-18,350.95,355.60,344.55,349.55,19143
2025-07-21,348.00,355.10,341.90,350.35,31253
2025-07-22,350.35,354.80,346.85,351.85,20424
2025-07-23,353.00,353.70,343.00,348.60,24516
2025-07-24,345.50,349.50,338.00,339.05,21352
2025-07-25,340.70,343.85,323.10,325.65,18331
2025-07-28,325.65,326.95,310.00,311.35,23144
2025-07-29,311.35,318.50,307.05,315.05,27730
2025-07-30,315.70,319.45,307.10,308.05,20829
2025-07-31,309.70,323.00,305.00,311.15,24120
2025-08-01,310.80,311.05,300.00,301.65,15803
2025-08-04,303.00,313.00,299.60,300.80,25382
2025-08-05,302.40,304.75,300.00,300.25,18342
2025-08-06,285.00,286.00,265.00,267.30,317354
2025-08-07,267.45,276.50,266.85,274.55,80419
2025-08-08,275.85,275.85,269.50,273.10,20056
2025-08-11,273.10,275.15,268.70,272.20,16384
2025-08-12,272.20,273.45,268.00,270.55,25032
2025-08-13,270.55,273.65,266.10,268.60,30339
2025-08-14,271.00,294.05,269.25,270.95,119991
2025-08-18,273.00,288.00,269.00,270.40,54277
2025-08-19,270.40,274.95,267.90,273.05,21359
2025-08-20,273.05,277.95,270.60,275.60,12699
2025-08-21,275.60,283.70,274.15,279.60,28297
2025-08-22,279.60,282.20,276.45,281.15,13034
2025-08-25,282.00,282.70,275.35,278.55,15640
2025-08-26,278.65,278.65,272.00,272.75,6421
2025-08-28,272.75,278.00,271.45,275.00,7389
2025-08-29,276.40,278.00,274.00,275.10,15556
2025-09-01,275.10,277.70,273.05,275.50,9712
2025-09-02,277.00,280.00,274.40,278.00,16291
2025-09-03,278.95,278.95,275.50,277.25,24738
2025-09-04,281.00,285.95,276.30,276.65,15676
2025-09-05,277.45,277.60,274.40,276.35,7290
2025-09-08,276.35,278.00,274.05,277.00,15874
2025-09-09,274.50,277.55,274.20,275.65,6025
2025-09-10,277.10,278.00,269.20,275.60,34694
2025-09-11,278.00,278.75,275.05,277.75,21743
2025-09-12,279.20,281.50,274.65,277.45,11285
2025-09-15,278.90,280.00,270.00,273.40,22910
2025-09-16,274.80,279.90,273.45,277.90,13086
2025-09-17,279.95,279.95,275.70,278.70,9549
2025-09-18,279.60,289.45,275.00,282.50,45339
2025-09-19,286.00,286.00,278.00,281.45,19017
2025-09-22,281.45,286.65,279.50,282.05,19184
2025-09-23,282.95,287.40,280.95,285.00,16832
2025-09-24,285.95,288.60,282.75,286.05,23524
2025-09-25,287.60,290.00,280.00,280.70,11840
2025-09-26,281.30,290.00,277.55,286.95,13581
2025-09-29,281.00,286.95,279.35,280.30,6142
2025-09-30,279.00,281.40,277.50,278.70,11146
2025-10-01,280.20,282.50,277.60,278.10,11351
2025-10-03,279.60,281.00,274.40,275.95,20767
2025-10-06,274.75,281.40,268.95,274.20,18118
2025-10-07,275.60,278.55,272.00,274.90,25057
2025-10-08,277.00,277.00,270.70,274.55,14507
2025-10-09,276.00,276.00,272.10,273.90,12792
2025-10-10,273.90,276.00,273.40,274.60,16700
2025-10-13,276.00,276.00,270.35,273.65,28651
2025-10-14,275.00,282.00,270.60,272.00,15201
2025-10-15,272.00,275.00,269.60,272.85,10474
2025-10-16,273.00,273.10,248.90,255.40,233137
2025-10-17,258.00,264.70,255.20,257.75,54065
2025-10-20,255.40,258.90,254.20,255.35,37452
2025-10-21,255.00,259.00,248.00,251.10,31272
2025-10-23,255.00,256.00,253.05,254.40,24205
2025-10-24,255.40,256.00,253.00,254.45,26854
2025-10-27,254.90,276.00,254.90,272.25,213293
2025-10-28,269.90,298.35,269.75,294.35,354874
2025-10-29,291.80,299.70,286.05,289.25,79168
2025-10-30,289.50,296.45,282.50,285.00,28301
2025-10-31,283.90,293.00,280.90,288.15,13327
2025-11-03,289.15,289.75,282.00,282.50,10936
2025-11-04,284.00,285.00,275.00,276.65,9721
2025-11-06,275.00,280.00,274.45,275.65,15451
2025-11-07,277.30,283.05,273.60,279.80,16343
2025-11-10,281.30,284.30,275.00,279.10,25506
2025-11-11,279.95,284.60,276.20,281.20,14478
2025-11-12,282.00,283.90,273.20,275.80,17028
2025-11-13,277.15,283.00,274.55,282.00,43423
2025-11-14,290.00,303.00,274.00,276.75,65226
2025-11-17,278.20,279.85,274.95,276.80,13493
2025-11-18,276.00,283.00,272.80,280.20,28497
2025-11-19,281.70,281.70,272.10,274.75,19333
2025-11-20,276.00,276.00,272.30,274.15,14408
2025-11-21,272.00,274.15,267.00,268.10,26950
2025-11-24,267.00,272.55,260.35,263.20,13998
2025-11-25,263.20,268.95,263.20,266.40,7060
2025-11-26,267.80,273.00,266.40,269.55,6404
2025-11-27,271.00,274.05,268.95,272.15,12048
2025-11-28,272.90,273.95,268.65,272.15,20413
2025-12-01,273.60,280.80,273.60,279.30,25666
2025-12-02,279.30,280.20,267.00,274.00,22444
2025-12-03,274.00,276.05,271.60,273.70,5406
2025-12-04,274.00,274.45,264.00,266.20,15257
2025-12-05,263.00,269.80,263.00,267.55,10012
2025-12-08,268.15,268.95,265.00,266.75,9222
2025-12-09,268.20,275.00,264.30,274.20,14773
2025-12-10,275.00,278.50,271.70,277.20,9110
2025-12-11,278.70,278.70,273.00,277.45,3761
2025-12-12,274.90,279.95,274.90,277.95,8128
2025-12-15,275.40,278.90,275.40,276.00,3603
2025-12-16,276.00,277.45,270.00,272.15,11880
2025-12-17,272.60,273.60,270.20,272.10,6242
2025-12-18,272.70,272.90,268.15,269.50,23478
2025-12-19,269.50,274.45,268.25,271.75,4779
2025-12-22,273.20,280.00,269.30,273.40,22568
2025-12-23,274.80,285.15,270.90,284.15,42023
2025-12-24,284.15,286.20,273.60,276.40,19646
2025-12-26,277.75,278.35,273.00,275.35,12272
2025-12-29,276.70,279.20,270.30,277.50,9606
2025-12-30,279.90,279.90,272.00,272.35,4717
2025-12-31,272.35,277.15,272.25,274.05,11319
2026-01-01,272.00,274.30,271.60,272.30,5954
2026-01-02,273.70,291.20,271.85,278.80,98411
2026-01-05,282.95,282.95,276.60,279.65,36461
2026-01-06,277.10,277.35,264.75,274.20,36406
2026-01-07,274.95,283.60,270.20,282.15,27040
2026-01-08,282.15,282.15,275.10,276.55,8983
2026-01-09,274.00,280.05,273.60,274.90,13030
2026-01-12,276.30,280.90,273.00,279.95,12166
2026-01-13,278.95,279.15,273.15,275.10,8108
2026-01-14,276.50,276.50,273.00,274.90,4134
2026-01-16,273.00,284.40,272.20,279.10,15009
2026-01-19,277.05,282.45,274.00,275.90,12868
2026-01-20,273.40,277.35,259.40,261.20,26336
2026-01-21,255.00,263.55,244.30,252.50,29040
2026-01-22,241.00,249.70,214.10,228.70,212077
2026-01-23,230.95,231.00,218.70,227.05,57244
2026-01-27,231.35,231.35,220.00,222.60,20648
2026-01-28,223.75,228.40,223.45,224.10,24099
2026-01-29,224.10,229.95,223.20,225.05,43987
2026-01-30,226.20,229.85,223.30,229.10,32659
2026-02-01,233.00,234.95,228.02,234.21,45231
2026-02-02,233.35,233.35,230.00,230.22,14694
2026-02-03,231.00,237.34,229.00,230.14,49207
2026-02-04,230.14,231.49,230.14,230.76,15149
2026-02-05,231.00,231.76,229.01,229.98,38884
2026-02-06,228.00,240.80,228.00,235.83,12661
2026-02-09,233.70,250.00,232.60,246.22,23659
2026-02-10,250.00,250.00,231.65,239.90,15716
2026-02-11,239.90,242.65,230.00,231.47,21710
2026-02-12,232.99,238.41,231.02,235.66,15828
2026-02-13,238.90,238.90,228.16,235.23,12297
2026-02-16,239.00,239.00,230.00,230.20,23813
2026-02-17,230.20,233.36,227.00,228.75,22673
2026-02-18,233.00,235.00,227.13,232.92,10977
2026-02-19,232.90,235.50,229.51,233.76,14642
2026-02-20,233.54,234.80,228.00,232.14,14825
2026-02-23,225.30,236.98,225.30,234.16,17694
2026-02-24,234.00,234.00,230.00,230.16,6880
2026-02-25,230.20,234.50,228.11,230.06,6560
2026-02-26,230.06,234.05,228.01,229.49,19819
2026-02-27,229.49,233.59,228.01,230.63,35047
2026-03-02,227.70,234.28,227.70,228.57,49354
2026-03-04,225.99,229.50,208.65,211.53,87868
2026-03-05,209.60,216.27,209.01,211.64,27457
2026-03-06,209.70,215.10,205.20,206.95,24411
2026-03-09,206.95,209.00,187.00,191.88,60571
2026-03-10,196.00,226.85,196.00,202.58,188792
2026-03-11,202.01,210.97,202.01,208.34,27538
2026-03-12,207.30,207.30,200.05,201.42,15301
2026-03-13,201.63,202.50,189.20,191.48,60651
2026-03-16,191.00,197.50,189.00,192.77,35977
2026-03-17,192.29,200.62,192.00,198.43,44665
2026-03-18,198.43,205.00,196.00,198.71,42850
2026-03-19,196.93,203.24,193.62,196.37,28481
2026-03-20,196.37,200.00,196.00,196.53,21106
2026-03-23,194.70,194.70,175.25,180.82,74156
2026-03-24,180.25,193.79,180.25,187.88,69107
2026-03-25,195.90,195.90,190.67,190.97,114417
2026-03-27,188.00,197.00,182.00,184.48,53360
2026-03-30,180.52,187.22,177.00,178.95,56713
2026-04-01,180.00,188.65,179.00,181.10,91486
2026-04-02,181.73,185.80,176.00,184.34,28639
2026-04-06,186.00,192.00,183.65,189.70,35641
2026-04-07,191.67,195.46,189.00,190.14,10779
2026-04-08,200.00,204.00,194.10,198.60,22818
2026-04-09,195.88,203.16,192.00,193.89,26248
2026-04-10,197.90,202.90,197.26,201.62,15826
2026-04-13,202.90,202.90,193.00,194.22,57794
2026-04-15,197.03,202.00,196.01,197.72,31271
2026-04-16,197.72,201.48,194.50,196.17,54806
2026-04-17,201.98,222.25,196.35,211.57,158381
2026-04-20,215.00,215.00,207.20,207.99,30096
2026-04-21,208.37,212.20,205.49,208.26,40661
2026-04-22,209.10,210.19,205.91,207.97,30800
2026-04-23,207.98,209.26,203.50,205.07,24451
2026-04-24,207.39,207.39,198.31,200.06,15549
2026-04-27,204.60,204.60,201.69,203.62,13078
2026-04-28,208.00,208.00,198.00,200.98,41645
2026-04-29,200.98,207.88,200.10,201.10,23201
2026-04-30,205.00,207.58,200.00,204.10,34406
2026-05-04,207.98,214.59,201.65,210.46,48438
2026-05-05,209.00,221.80,207.98,218.80,41821
2026-05-06,219.89,226.00,214.80,221.17,44659
2026-05-07,226.80,230.00,222.81,228.19,42633
2026-05-08,228.00,229.70,223.10,224.63,27196
2026-05-11,220.00,221.00,202.43,209.51,119164
2026-05-12,208.00,216.00,203.00,206.64,19857
2026-05-13,209.00,209.00,200.35,202.69,11083
2026-05-14,202.70,208.82,198.11,200.11,17099
2026-05-15,201.20,207.60,199.05,201.33,15703
2026-05-18,199.12,200.97,194.10,195.78,13915
2026-05-19,197.00,201.80,195.51,200.46,8329
2026-05-20,200.00,204.00,200.00,203.50,10616
2026-05-21,204.00,207.62,198.00,198.62,17847
2026-05-22,206.07,206.07,195.10,197.78,56402
2026-05-25,200.70,207.80,199.50,205.19,28243
2026-05-26,205.50,207.59,194.02,199.11,96298
2026-05-27,203.65,203.65,195.00,201.05,57149
2026-05-29,200.98,203.55,198.25,198.98,11633
2026-06-01,200.97,200.97,196.20,198.18,17044
2026-06-02,197.10,201.28,197.10,198.57,10272
2026-06-03,197.70,199.54,196.15,197.46,5975
2026-06-04,197.16,202.00,196.11,200.10,10716
2026-06-05,200.10,202.75,197.00,197.71,12215
2026-06-08,197.91,198.29,195.00,195.88,10175
2026-06-09,196.80,201.00,195.00,195.60,20903
2026-06-10,196.60,199.58,192.00,193.51,9671
2026-06-11,192.21,197.79,191.50,194.72,10401
2026-06-12,197.72,197.72,192.00,194.96,28760
2026-06-15,197.00,201.95,196.00,199.67,14989
2026-06-16,203.00,203.00,198.00,199.56,8615
2026-06-17,199.00,204.00,199.00,200.34,10317
2026-06-18,199.00,202.76,197.02,200.83,3753
2026-06-19,200.83,207.58,190.62,205.52,34083
2026-06-22,203.02,220.43,203.02,210.78,88184
2026-06-23,209.00,214.99,202.90,205.09,39921
2026-06-24,205.00,208.00,201.62,207.02,18685
2026-06-25,207.13,211.56,201.80,202.68,16974
2026-06-29,199.70,209.80,197.72,199.13,18022
2026-06-30,199.13,204.00,197.02,203.08,12934
2026-07-01,202.74,207.00,200.20,202.11,14774
2026-07-02,205.00,216.79,204.62,213.62,53268
2026-07-03,216.00,224.80,212.38,218.22,48046
2026-07-06,218.22,220.19,213.81,216.80,12949
2026-07-07,216.00,219.90,213.01,217.81,15149
2026-07-08,218.00,221.67,212.01,217.82,13397
2026-07-09,217.82,220.00,216.00,217.71,10001
2026-07-10,221.87,224.80,216.20,222.39,24708
2026-07-13,225.00,228.80,220.47,225.55,36300
2026-07-14,224.50,225.41,220.00,222.12,6680
2026-07-15,225.00,231.40,222.01,228.71,17164
2026-07-16,234.00,239.90,227.50,233.77,65739
2026-07-17,239.90,244.49,220.81,223.07,90222
2026-07-20,227.90,227.90,212.96,214.84,21891
2026-07-21,216.00,220.01,212.11,213.64,15944
2026-07-22,212.35,224.90,212.35,215.44,26215
2026-07-23,215.44,220.02,214.90,215.26,10251
2026-07-24,220.73,220.73,212.11,213.77,9128
2026-07-27,216.00,221.41,212.16,215.09,32932
2026-07-28,217.53,220.00,214.82,218.62,17307
2026-07-29,219.67,224.01,215.10,221.66,15940
2026-07-30,222.76,230.80,219.00,228.51,28080
2026-07-31,222.51,237.00,222.51,233.48,33837
2026-08-03,231.40,239.57,231.40,237.88,29195
2026-08-04,240.30,243.00,236.71,239.64,28667
2026-08-05,239.00,265.64,234.31,261.19,117313
2026-08-06,266.00,266.00,261.19,263.94,30659
2026-08-07,263.94,269.00,257.00,259.21,25637
2026-08-10,257.92,261.49,255.00,256.12,14034
2026-08-11,256.50,261.63,250.41,259.40,18874
2026-08-12,261.00,262.38,257.00,259.83,11817
2026-08-13,259.10,261.83,256.90,258.10,6024
2026-08-14,260.50,260.87,254.97,255.41,3956
2026-08-17,255.41,261.50,252.00,258.69,9851
2026-08-18,258.69,259.78,251.00,254.27,8161
2026-08-19,250.50,260.00,249.00,249.94,11105
2026-08-20,252.50,259.79,245.14,252.76,11008
2026-08-21,257.30,257.30,250.00,251.94,6059
2026-08-24,251.94,258.65,247.01,248.41,10440
2026-08-25,255.41,255.41,244.01,245.08,13018
2026-08-26,254.00,254.00,239.30,241.76,16515
2026-08-27,243.10,246.59,240.22,241.13,5446
2026-08-28,244.70,245.68,236.90,240.43,12868
2026-08-31,236.90,247.45,236.90,244.62,5918
2026-09-01,248.00,252.00,242.94,245.24,15296
2026-09-02,246.46,249.95,238.01,241.22,11241
2026-09-03,241.22,252.00,241.22,243.75,14423
2026-09-04,248.00,249.88,238.90,241.72,9133
2026-09-07,237.21,245.00,237.21,239.07,4347
2026-09-08,244.80,244.80,231.10,234.39,12823
2026-09-09,234.47,236.00,233.00,235.33,5157
2026-09-10,238.00,240.25,230.37,232.44,8204
2026-09-11,230.00,235.02,225.00,226.85,11199
2026-09-15,226.85,233.79,220.80,222.90,11449
2026-09-16,222.90,235.26,216.54,234.02,34493
2026-09-17,234.02,237.58,226.21,235.03,15434
2026-09-18,231.62,239.98,231.62,234.28,14019
