Date,Open,High,Low,Close,Volume
2016-11-07,712.03,748.46,712.03,737.82,39891841
2016-11-08,742.67,817.93,741.84,809.69,13499798
2016-11-09,705.41,785.47,672.46,763.53,4438586
2016-11-10,782.41,806.75,749.29,772.56,2472464
2016-11-11,754.84,784.81,751.94,769.08,1795683
2016-11-15,765.85,765.85,660.70,669.64,1842755
2016-11-16,704.66,716.01,655.53,660.45,2193420
2016-11-17,668.36,675.02,659.46,669.89,778787
2016-11-18,673.95,683.88,664.59,673.86,517903
2016-11-21,675.60,676.31,656.81,662.02,531858
2016-11-22,666.50,673.86,659.33,669.19,463964
2016-11-23,674.78,688.85,659.46,682.56,501266
2016-11-24,674.78,680.86,668.61,671.71,201360
2016-11-25,673.12,734.39,671.67,719.86,1378623
2016-11-28,711.95,715.34,696.88,701.89,385924
2016-11-29,707.77,747.63,704.58,738.86,1036054
2016-11-30,743.58,763.37,742.25,750.82,465792
2016-12-01,755.91,761.71,745.98,750.12,470824
2016-12-02,746.81,757.49,736.87,750.49,282498
2016-12-05,745.15,749.91,699.61,707.60,1589885
2016-12-06,712.03,722.80,711.99,716.71,600254
2016-12-07,721.18,726.44,705.41,712.16,967614
2016-12-08,715.76,744.16,713.65,738.36,528471
2016-12-09,738.53,741.34,719.11,725.03,463408
2016-12-12,714.72,723.04,704.58,707.60,166309
2016-12-13,707.85,719.48,704.87,708.72,244183
2016-12-14,709.92,715.76,704.21,705.78,355283
2016-12-15,705.41,712.03,703.75,710.29,282948
2016-12-16,713.90,724.12,706.49,720.31,693091
2016-12-19,714.85,731.41,709.01,718.70,142943
2016-12-20,722.80,727.76,700.57,709.42,297766
2016-12-21,707.89,732.73,691.79,726.31,329277
2016-12-22,726.94,726.94,693.45,696.05,152432
2016-12-23,699.61,706.20,688.19,692.70,121489
2016-12-26,688.85,696.88,668.19,671.05,248404
2016-12-27,674.78,692.24,674.78,687.48,146019
2016-12-28,689.68,697.09,683.05,684.42,100562
2016-12-29,683.88,690.88,680.57,686.70,40338
2016-12-30,686.70,710.13,686.70,695.56,174400
2017-01-02,701.27,707.07,683.68,689.35,150381
2017-01-03,691.29,695.23,685.54,687.57,435580
2017-01-04,692.99,694.65,675.06,676.72,89884
2017-01-05,679.00,692.99,678.79,679.78,175608
2017-01-06,683.68,683.68,670.64,673.20,89878
2017-01-09,678.05,679.74,672.29,674.40,62468
2017-01-10,673.20,678.29,670.64,671.42,66577
2017-01-11,672.29,685.29,670.97,672.17,319887
2017-01-12,673.20,678.91,670.64,671.84,127924
2017-01-13,673.12,675.60,667.32,669.27,264694
2017-01-16,672.17,674.61,663.18,665.09,148079
2017-01-17,671.30,695.89,662.52,685.54,384156
2017-01-18,689.68,693.74,683.14,686.95,316552
2017-01-19,687.44,694.65,680.74,689.43,111125
2017-01-20,690.09,692.82,685.17,686.57,167573
2017-01-23,685.37,691.33,683.26,686.90,186011
2017-01-24,687.19,720.23,686.37,712.61,870843
2017-01-25,725.98,786.30,720.31,777.65,1620052
2017-01-27,774.13,782.41,763.99,766.51,227619
2017-01-30,759.39,762.41,751.77,753.72,76817
2017-01-31,754.88,781.58,736.66,749.04,265734
2017-02-01,746.56,767.01,745.44,757.45,354755
2017-02-02,758.60,772.27,757.57,767.13,259224
2017-02-03,768.33,781.58,765.15,778.23,575712
2017-02-06,778.27,823.81,771.73,814.37,961962
2017-02-07,805.59,829.60,796.40,821.11,278800
2017-02-08,821.69,892.52,809.73,872.49,891099
2017-02-09,866.03,894.18,852.78,873.90,737846
2017-02-10,871.83,938.39,865.41,929.78,779702
2017-02-13,935.58,936.41,885.90,904.20,394209
2017-02-14,902.46,943.28,892.57,921.25,400058
2017-02-15,922.91,930.94,895.01,910.86,320640
2017-02-16,902.54,935.50,902.54,929.20,169917
2017-02-17,929.45,935.08,894.39,900.35,306739
2017-02-20,890.87,938.81,874.27,919.56,336627
2017-02-21,911.65,934.29,911.65,923.16,232056
2017-02-22,922.99,927.30,907.22,910.08,117831
2017-02-23,896.71,925.64,896.71,908.34,236529
2017-02-27,905.77,914.88,877.62,883.83,301490
2017-02-28,886.73,902.63,880.11,888.51,220321
2017-03-01,895.75,895.75,863.13,868.35,166359
2017-03-02,871.00,879.61,841.73,846.82,220296
2017-03-03,844.50,851.33,823.89,829.93,195256
2017-03-06,827.12,840.36,823.85,829.23,299957
2017-03-07,836.06,839.29,804.14,823.76,362089
2017-03-08,819.67,826.29,806.42,810.68,177158
2017-03-09,812.21,835.89,807.25,812.38,555426
2017-03-10,814.70,823.76,794.83,797.93,284262
2017-03-14,820.49,876.79,790.69,859.70,1174687
2017-03-15,853.61,921.75,846.45,899.60,832233
2017-03-16,904.12,918.19,894.35,912.35,338107
2017-03-17,913.39,919.18,902.46,911.65,159375
2017-03-20,911.07,943.03,898.36,917.53,417737
2017-03-21,916.29,931.44,897.24,921.34,861758
2017-03-22,910.74,916.29,890.99,898.07,113201
2017-03-23,903.29,926.47,899.15,915.38,260649
2017-03-24,917.36,925.60,912.40,915.83,307810
2017-03-27,905.77,929.12,902.46,917.03,309802
2017-03-28,917.03,985.01,916.78,964.51,524375
2017-03-29,960.42,980.99,935.58,960.79,601958
2017-03-30,964.56,965.38,931.60,943.40,315795
2017-03-31,943.36,1006.74,938.60,985.59,555050
2017-04-03,988.44,1016.72,978.88,1001.94,421657
2017-04-05,1001.81,1001.81,976.98,981.74,324336
2017-04-06,980.62,996.85,969.52,975.03,173117
2017-04-07,973.66,1012.29,970.43,976.73,308921
2017-04-10,973.00,1012.83,973.00,980.70,206086
2017-04-11,990.22,1008.44,981.16,1000.28,250015
2017-04-12,1010.09,1010.88,977.35,994.07,382506
2017-04-13,988.57,1041.55,985.30,1035.43,677568
2017-04-17,1043.96,1070.04,1013.40,1043.62,393692
2017-04-18,1053.89,1074.67,1043.21,1048.68,287280
2017-04-19,1057.95,1057.95,1022.51,1027.98,208984
2017-04-20,1026.65,1063.91,1026.65,1060.64,298807
2017-04-21,1065.48,1102.74,1052.48,1078.77,284864
2017-04-24,1087.92,1129.32,1080.51,1123.07,395232
2017-04-25,1133.46,1196.34,1130.14,1148.03,715935
2017-04-26,1157.22,1157.22,1126.01,1138.13,254331
2017-04-27,1142.48,1142.61,1118.64,1126.54,218995
2017-04-28,1130.23,1154.98,1120.09,1147.70,194367
2017-05-02,1154.94,1154.98,1116.48,1121.41,425025
2017-05-03,1136.60,1174.44,1126.01,1133.17,498955
2017-05-04,1142.56,1158.05,1130.31,1137.51,289301
2017-05-05,1138.42,1138.42,1088.75,1094.05,333052
2017-05-08,1103.65,1121.29,1077.16,1081.50,261052
2017-05-09,1100.34,1101.21,1063.08,1067.22,188941
2017-05-10,1074.51,1107.79,1074.47,1103.11,311057
2017-05-11,1111.10,1122.61,1056.95,1084.36,444203
2017-05-12,1088.75,1116.07,1066.43,1102.53,482324
2017-05-15,1124.76,1124.76,1102.04,1113.01,603772
2017-05-16,1116.90,1119.26,1091.23,1099.43,208964
2017-05-17,1104.06,1104.06,1087.13,1094.38,131452
2017-05-18,1070.62,1090.40,1068.55,1077.78,267276
2017-05-19,1080.43,1086.31,1035.72,1050.58,259741
2017-05-22,1092.72,1092.89,1016.80,1029.05,249217
2017-05-23,1034.93,1034.93,987.37,996.02,527017
2017-05-24,1005.13,1051.28,987.74,1039.98,454498
2017-05-25,1043.21,1078.85,1027.65,1073.60,268233
2017-05-26,1076.29,1099.51,1072.98,1090.49,172957
2017-05-29,1087.09,1101.00,1058.03,1099.18,154699
2017-05-30,1092.06,1134.28,1076.33,1131.43,357014
2017-05-31,1138.42,1156.64,1134.33,1154.53,267618
2017-06-01,1154.16,1162.35,1128.49,1155.23,178575
2017-06-02,1146.70,1164.01,1132.21,1138.13,157866
2017-06-05,1132.55,1178.91,1126.09,1142.40,396264
2017-06-06,1151.42,1162.27,1143.64,1153.70,143985
2017-06-07,1164.96,1250.07,1160.99,1224.08,926233
2017-06-08,1229.50,1294.91,1223.91,1272.05,867161
2017-06-09,1276.77,1340.57,1272.68,1327.24,962159
2017-06-12,1327.11,1384.24,1313.16,1371.45,833412
2017-06-13,1378.61,1401.55,1360.36,1392.60,867648
2017-06-14,1398.90,1404.94,1348.18,1361.47,477580
2017-06-15,1363.00,1385.98,1333.90,1378.20,402244
2017-06-16,1376.87,1392.60,1351.29,1360.69,289534
2017-06-19,1364.04,1376.04,1345.91,1350.88,186079
2017-06-20,1357.58,1375.22,1342.10,1346.86,282230
2017-06-21,1349.55,1361.97,1342.10,1351.04,150289
2017-06-22,1351.04,1360.36,1291.59,1306.04,264694
2017-06-23,1304.01,1306.50,1229.95,1268.49,478846
2017-06-27,1270.90,1270.90,1227.88,1236.37,252647
2017-06-28,1237.78,1274.54,1207.23,1259.59,469770
2017-06-29,1275.04,1305.83,1275.04,1295.53,230176
2017-06-30,1291.18,1342.80,1275.86,1321.57,354239
2017-07-03,1328.85,1332.16,1286.25,1294.45,225062
2017-07-04,1295.65,1318.01,1283.31,1295.20,225469
2017-07-05,1297.39,1323.06,1280.00,1309.31,217958
2017-07-06,1312.04,1315.85,1250.28,1258.97,502205
2017-07-07,1258.39,1276.94,1252.35,1259.14,193369
2017-07-10,1261.33,1263.44,1241.92,1255.16,30073
2017-07-11,1258.48,1266.76,1229.42,1233.85,229131
2017-07-12,1240.68,1279.18,1219.23,1273.17,429344
2017-07-13,1283.15,1304.01,1275.53,1298.30,343965
2017-07-14,1303.19,1303.19,1246.39,1258.52,294640
2017-07-17,1265.76,1268.41,1239.85,1248.87,127136
2017-07-18,1250.20,1262.62,1229.54,1238.65,120103
2017-07-19,1241.96,1257.57,1241.96,1249.12,69717
2017-07-20,1248.71,1258.23,1235.75,1239.97,105579
2017-07-21,1246.06,1259.30,1238.61,1244.69,117655
2017-07-24,1244.40,1251.81,1215.51,1218.86,213997
2017-07-25,1221.09,1253.51,1213.02,1247.17,213885
2017-07-26,1250.20,1258.48,1243.70,1248.33,96506
2017-07-27,1255.91,1287.37,1242.75,1257.36,414759
2017-07-28,1252.68,1274.21,1222.05,1246.72,223068
2017-07-31,1250.20,1262.62,1229.50,1243.33,128496
2017-08-01,1249.37,1266.34,1224.53,1231.65,257574
2017-08-02,1240.76,1244.44,1226.19,1230.74,118968
2017-08-03,1233.64,1237.78,1181.81,1194.48,326820
2017-08-04,1241.92,1291.59,1239.43,1277.97,1353987
2017-08-07,1294.91,1315.60,1279.30,1287.33,291405
2017-08-08,1291.59,1303.93,1245.23,1287.83,338391
2017-08-09,1287.45,1287.45,1254.34,1259.64,192391
2017-08-10,1251.85,1254.34,1217.08,1226.31,349114
2017-08-11,1212.94,1260.96,1183.96,1234.13,189196
2017-08-14,1241.88,1258.48,1241.88,1249.70,182889
2017-08-16,1249.70,1286.63,1237.78,1279.13,249078
2017-08-17,1280.83,1303.19,1266.67,1271.06,97567
2017-08-18,1264.69,1266.76,1252.60,1264.07,82496
2017-08-21,1262.62,1283.31,1258.68,1272.05,93708
2017-08-22,1283.31,1284.64,1245.06,1252.85,109028
2017-08-23,1257.65,1283.31,1254.50,1272.01,99533
2017-08-24,1280.00,1306.33,1270.90,1285.51,153607
2017-08-28,1284.14,1328.85,1279.34,1315.44,287047
2017-08-29,1316.43,1359.49,1295.73,1325.21,512620
2017-08-30,1340.44,1422.12,1338.79,1397.24,1037257
2017-08-31,1398.40,1403.37,1347.89,1352.82,325130
2017-09-01,1366.11,1366.52,1337.34,1343.42,203253
2017-09-04,1342.84,1357.00,1299.87,1316.56,304963
2017-09-05,1321.40,1342.10,1318.92,1336.59,193686
2017-09-06,1326.37,1333.41,1309.06,1316.89,149082
2017-09-07,1317.26,1369.42,1317.26,1354.89,344327
2017-09-08,1370.25,1375.22,1345.41,1353.15,203954
2017-09-11,1357.83,1378.53,1351.25,1370.54,154219
2017-09-12,1386.81,1386.81,1353.69,1361.89,109686
2017-09-13,1366.94,1381.01,1354.52,1370.83,123711
2017-09-14,1373.56,1377.70,1349.55,1356.84,75773
2017-09-15,1353.69,1357.83,1332.99,1350.17,81190
2017-09-18,1349.76,1382.67,1341.27,1350.13,138142
2017-09-19,1357.75,1362.80,1347.89,1352.94,49775
2017-09-20,1350.42,1377.70,1348.72,1353.73,181746
2017-09-21,1359.24,1361.97,1325.54,1340.19,104082
2017-09-22,1333.82,1335.48,1262.62,1294.08,170922
2017-09-25,1291.59,1291.59,1237.78,1253.14,191036
2017-09-26,1258.48,1273.83,1231.98,1237.78,155411
2017-09-27,1242.75,1254.30,1154.98,1169.10,322003
2017-09-28,1183.13,1226.19,1161.81,1215.59,263189
2017-09-29,1222.87,1261.54,1197.46,1227.01,350409
2017-10-03,1238.61,1263.78,1227.01,1257.81,171056
2017-10-04,1270.90,1275.04,1243.66,1252.14,195141
2017-10-05,1253.51,1275.04,1246.06,1251.89,139373
2017-10-06,1250.28,1265.60,1242.75,1256.57,206796
2017-10-09,1258.48,1258.48,1229.50,1247.84,116013
2017-10-10,1246.14,1250.03,1234.59,1240.51,53112
2017-10-11,1245.97,1254.09,1225.36,1232.93,184356
2017-10-12,1240.92,1262.62,1229.50,1239.31,111301
2017-10-13,1250.61,1250.61,1229.50,1232.56,167697
2017-10-16,1251.85,1253.51,1233.64,1243.12,101294
2017-10-17,1247.34,1247.34,1227.84,1237.65,61250
2017-10-18,1240.26,1240.26,1221.43,1226.48,59992
2017-10-19,1228.42,1237.65,1227.84,1230.62,12386
2017-10-23,1237.69,1257.65,1201.35,1206.52,150633
2017-10-24,1222.87,1224.53,1189.76,1196.79,219052
2017-10-25,1200.60,1212.11,1117.73,1155.23,408120
2017-10-26,1187.27,1204.66,1159.12,1176.47,477584
2017-10-27,1180.65,1200.56,1169.84,1174.19,78515
2017-10-30,1183.05,1183.05,1159.95,1168.85,89553
2017-10-31,1175.68,1189.76,1169.06,1178.25,88706
2017-11-01,1183.96,1217.91,1178.17,1191.41,228823
2017-11-02,1188.10,1196.71,1171.83,1188.76,91144
2017-11-03,1224.53,1225.23,1171.54,1177.38,198193
2017-11-06,1175.52,1191.41,1163.26,1166.24,100408
2017-11-07,1167.82,1178.00,1121.70,1159.54,153929
2017-11-08,1165.75,1169.06,1142.56,1150.72,106617
2017-11-09,1154.98,1159.12,1122.28,1155.89,98051
2017-11-10,1147.61,1154.36,1135.11,1150.26,123744
2017-11-13,1150.84,1154.20,1135.94,1149.44,52099
2017-11-14,1150.84,1150.84,1102.41,1122.32,145331
2017-11-15,1122.32,1127.66,1085.52,1089.91,102094
2017-11-16,1089.58,1115.24,1078.81,1103.03,188121
2017-11-17,1126.01,1147.45,1126.01,1137.80,153305
2017-11-20,1134.28,1155.81,1131.84,1150.72,116037
2017-11-21,1154.16,1158.71,1140.99,1150.39,95163
2017-11-22,1154.98,1156.64,1136.35,1149.85,63249
2017-11-23,1140.08,1150.22,1134.28,1144.92,60628
2017-11-24,1145.05,1150.84,1134.28,1138.84,74556
2017-11-27,1142.56,1153.91,1135.94,1148.86,83853
2017-11-28,1125.84,1142.56,1108.04,1113.13,1023403
2017-11-29,1112.76,1113.50,1102.08,1104.44,636754
2017-11-30,1104.44,1117.73,1094.92,1110.27,421197
2017-12-01,1116.40,1117.23,1097.03,1102.91,224377
2017-12-04,1108.95,1108.95,1078.81,1101.04,169760
2017-12-05,1098.68,1098.68,1072.19,1080.18,240258
2017-12-06,1091.23,1102.74,1078.81,1092.39,353121
2017-12-07,1092.39,1112.76,1082.58,1109.90,209176
2017-12-08,1085.60,1114.21,1085.60,1111.35,164051
2017-12-11,1114.21,1115.28,1100.17,1109.45,151831
2017-12-12,1109.45,1113.59,1101.17,1108.91,115083
2017-12-13,1110.19,1110.23,1093.72,1100.84,265189
2017-12-14,1107.79,1111.10,1094.54,1108.58,65638
2017-12-15,1112.34,1120.79,1101.25,1108.91,52857
2017-12-18,1109.45,1116.90,1085.60,1101.83,98370
2017-12-19,1095.37,1142.11,1095.37,1138.05,254829
2017-12-20,1133.46,1140.41,1117.73,1121.49,77039
2017-12-21,1125.84,1150.02,1113.59,1135.61,326698
2017-12-22,1138.18,1138.18,1110.27,1116.57,107443
2017-12-26,1116.57,1117.73,1102.82,1105.18,84431
2017-12-27,1105.31,1109.32,1094.63,1099.22,181810
2017-12-28,1098.68,1103.98,1084.61,1087.42,77427
2017-12-29,1101.08,1115.24,1088.75,1109.74,186486
2018-01-01,1112.68,1127.66,1094.54,1102.70,108915
2018-01-02,1102.82,1111.97,1077.16,1084.07,157553
2018-01-03,1087.92,1092.76,1076.74,1080.80,139024
2018-01-04,1084.69,1085.44,1069.04,1076.95,171514
2018-01-05,1085.44,1091.02,1073.84,1080.80,132877
2018-01-08,1080.80,1121.41,1080.43,1103.77,262676
2018-01-09,1117.73,1117.73,1092.89,1103.57,153307
2018-01-10,1101.58,1108.12,1092.89,1099.80,60481
2018-01-11,1101.99,1107.62,1088.33,1097.15,182159
2018-01-12,1101.17,1106.84,1085.44,1089.58,239697
2018-01-15,1096.20,1100.34,1087.09,1092.23,114017
2018-01-16,1088.79,1105.31,1046.52,1061.55,305618
2018-01-17,1072.02,1072.02,1044.04,1059.02,210532
2018-01-18,1071.36,1109.45,1060.02,1074.09,239974
2018-01-19,1076.33,1089.45,1062.29,1079.76,155111
2018-01-22,1080.47,1086.26,1063.91,1069.91,150669
2018-01-23,1072.35,1105.31,1068.05,1077.45,655267
2018-01-24,1088.75,1121.87,1080.47,1095.41,1199807
2018-01-25,1099.51,1104.48,1089.58,1091.56,170597
2018-01-29,1099.51,1099.51,1089.58,1090.82,150669
2018-01-30,1092.89,1092.89,1076.33,1083.99,156768
2018-01-31,1076.87,1079.89,1059.94,1073.97,191160
2018-02-01,1076.33,1101.17,1059.77,1072.31,155774
2018-02-02,1064.74,1076.29,1018.37,1069.66,338100
2018-02-05,1034.93,1088.75,1018.54,1070.66,181571
2018-02-06,1010.09,1067.22,1010.09,1060.22,149893
2018-02-07,1084.61,1084.98,1010.26,1024.75,255128
2018-02-08,1029.96,1033.28,1012.83,1017.38,229845
2018-02-09,1010.09,1018.21,998.50,1006.82,113202
2018-02-12,1017.46,1039.73,1012.41,1031.25,111146
2018-02-14,1031.62,1051.49,1031.62,1037.83,117310
2018-02-15,1006.78,1047.60,984.47,993.16,405816
2018-02-16,977.80,1012.62,968.70,987.24,435542
2018-02-19,989.31,1001.40,978.22,995.89,199206
2018-02-20,994.36,1000.65,989.48,995.89,102112
2018-02-21,996.02,1003.47,994.36,1000.12,126415
2018-02-22,1000.99,1003.55,990.59,998.79,60703
2018-02-23,1004.30,1010.92,995.27,1006.28,87490
2018-02-26,1010.01,1018.37,1006.99,1013.94,99758
2018-02-27,1001.81,1016.76,1001.81,1011.67,193105
2018-02-28,1001.94,1015.81,994.69,1001.73,74818
2018-03-01,997.67,1008.56,994.44,1001.85,266180
2018-03-05,1001.81,1003.22,986.12,994.90,133213
2018-03-06,997.67,1002.64,909.75,961.91,409723
2018-03-07,958.76,958.76,923.66,936.16,454652
2018-03-08,936.16,945.22,901.63,913.51,242444
2018-03-09,911.65,929.82,894.18,907.51,480451
2018-03-12,914.05,952.10,913.22,927.55,275478
2018-03-13,924.28,937.23,913.80,918.94,126860
2018-03-14,919.02,925.60,911.57,914.63,161153
2018-03-15,917.32,931.48,906.60,920.39,157908
2018-03-16,917.11,927.30,910.78,914.71,214089
2018-03-19,917.28,955.45,915.71,928.46,501181
2018-03-20,928.95,951.31,886.07,940.50,247071
2018-03-21,937.23,983.43,932.60,974.28,205684
2018-03-22,967.25,978.63,945.76,957.15,111621
2018-03-23,924.98,948.82,923.16,942.66,143906
2018-03-26,941.37,1001.81,931.44,977.80,303937
2018-03-27,975.24,1083.45,975.20,1061.05,659293
2018-03-28,1055.63,1110.69,1046.56,1070.08,538894
2018-04-02,1055.63,1065.48,1009.84,1040.73,154421
2018-04-03,1050.66,1076.29,1043.25,1054.39,69787
2018-04-04,1054.06,1072.19,1035.43,1053.19,194834
2018-04-05,1068.05,1096.16,1055.63,1066.64,82507
2018-04-06,1076.33,1084.57,1073.06,1079.97,139244
2018-04-09,1087.92,1101.17,1063.04,1090.11,52775
2018-04-10,1080.51,1133.46,1080.51,1122.49,181296
2018-04-11,1121.87,1128.57,1105.31,1111.06,110980
2018-04-12,1093.05,1113.59,1068.05,1106.34,280930
2018-04-13,1092.89,1105.35,1082.12,1093.18,118897
2018-04-16,1095.21,1110.27,1077.40,1102.04,52247
2018-04-17,1101.99,1117.73,1085.02,1114.25,66357
2018-04-18,1117.73,1122.57,1101.25,1113.92,82382
2018-04-19,1092.97,1116.11,1092.97,1112.68,153073
2018-04-20,1109.45,1138.42,1097.03,1126.38,235996
2018-04-23,1124.56,1125.18,1105.60,1120.38,34425
2018-04-24,1116.90,1130.14,1111.93,1122.07,46699
2018-04-25,1117.73,1130.97,1109.45,1125.72,70793
2018-04-26,1126.01,1142.52,1119.38,1137.39,75364
2018-04-27,1140.08,1140.08,1119.01,1129.90,44514
2018-04-30,1120.42,1176.01,1114.46,1159.70,283806
2018-05-02,1163.26,1185.37,1155.40,1175.39,134025
2018-05-03,1179.74,1192.24,1130.14,1167.86,186941
2018-05-04,1167.40,1174.77,1113.71,1155.07,197525
2018-05-07,1164.84,1167.40,1126.83,1137.84,90564
2018-05-08,1066.39,1074.26,1043.21,1047.47,8697235
2018-05-09,1048.30,1109.36,1048.30,1102.20,1466724
2018-05-10,1100.34,1113.09,1078.52,1084.44,592660
2018-05-11,1078.81,1094.21,1060.02,1077.20,338911
2018-05-14,1064.82,1073.72,1047.56,1053.93,145490
2018-05-15,1053.93,1076.29,1045.07,1062.05,579499
2018-05-16,1063.08,1063.08,1036.09,1055.09,125892
2018-05-17,1056.50,1065.23,1046.52,1055.22,128753
2018-05-18,1055.46,1058.11,1044.04,1055.34,367540
2018-05-21,1054.80,1054.80,1015.06,1045.61,254629
2018-05-22,1036.09,1044.16,985.25,1002.77,219553
2018-05-23,1000.94,1022.51,993.53,1016.92,69212
2018-05-24,1010.92,1020.90,1009.26,1011.79,84553
2018-05-25,1010.92,1046.11,1010.92,1038.45,129279
2018-05-28,1041.18,1041.39,1022.80,1035.72,49029
2018-05-29,1039.90,1051.49,1018.46,1024.42,83126
2018-05-30,1014.23,1030.79,993.53,998.83,208716
2018-05-31,1005.13,1010.09,979.46,997.76,322561
2018-06-01,1007.07,1007.07,977.84,982.89,120202
2018-06-04,985.17,995.85,909.66,974.08,252927
2018-06-05,976.98,976.98,919.93,929.00,187375
2018-06-06,928.13,968.53,927.38,962.32,326517
2018-06-07,964.56,975.61,945.60,951.97,185857
2018-06-08,951.23,956.73,931.93,939.84,127487
2018-06-11,910.74,925.64,880.52,912.40,2184927
2018-06-12,920.63,930.61,910.74,918.36,234468
2018-06-13,927.26,933.09,902.58,928.04,229221
2018-06-14,931.36,931.36,914.09,924.57,313521
2018-06-15,919.02,923.12,904.20,908.96,228053
2018-06-18,906.60,923.82,898.32,915.50,165621
2018-06-19,915.71,926.68,893.06,912.23,273949
2018-06-20,910.82,919.81,904.99,907.63,139402
2018-06-21,914.84,930.57,909.62,914.55,233383
2018-06-22,911.65,919.10,870.17,888.01,507251
2018-06-25,919.85,1029.96,914.88,1011.38,4464403
2018-06-26,990.43,1013.40,976.77,1002.89,1351481
2018-06-27,1007.44,1015.89,996.10,1010.30,728474
2018-06-28,1000.65,1001.77,930.61,972.75,1086724
2018-06-29,975.32,978.63,927.34,934.46,277288
2018-07-02,936.41,940.67,910.78,915.67,163624
2018-07-03,904.12,916.49,896.95,908.96,143377
2018-07-04,914.51,950.48,903.29,928.75,271667
2018-07-05,926.55,942.20,916.04,937.69,144516
2018-07-06,931.44,984.39,926.59,973.25,297277
2018-07-09,990.14,990.14,954.12,967.41,185277
2018-07-10,968.20,994.32,960.54,987.70,166534
2018-07-11,997.84,1050.66,997.84,1022.72,777076
2018-07-12,1022.51,1040.98,1014.40,1035.26,372781
2018-07-13,1039.07,1046.48,1018.17,1020.11,119929
2018-07-16,1027.31,1027.31,990.22,1008.98,91646
2018-07-17,1010.26,1016.34,988.69,1006.37,67875
2018-07-18,1016.72,1039.03,1010.92,1025.49,179144
2018-07-19,1030.63,1034.93,1008.44,1033.11,73537
2018-07-20,1028.14,1042.88,1006.41,1039.86,91711
2018-07-23,1028.31,1042.38,1026.65,1040.60,47943
2018-07-24,1043.21,1067.97,1036.63,1047.89,143913
2018-07-25,1035.97,1067.22,1021.19,1060.80,76704
2018-07-26,1063.91,1116.03,1050.74,1103.94,338132
2018-07-27,1113.13,1128.49,1089.82,1115.70,286017
2018-07-30,1124.18,1124.18,1080.55,1089.87,99335
2018-07-31,1086.93,1088.75,1061.88,1071.11,133706
2018-08-01,1068.05,1091.23,1059.94,1069.87,88600
2018-08-02,1068.13,1068.13,1044.04,1056.00,51904
2018-08-03,1068.01,1079.23,1039.11,1046.73,72692
2018-08-06,1053.06,1097.03,1047.35,1089.78,137748
2018-08-07,1096.86,1096.86,1076.33,1080.88,146194
2018-08-08,1082.95,1092.89,1060.60,1079.02,77266
2018-08-09,1072.19,1092.89,1070.53,1080.68,119822
2018-08-10,1092.89,1109.49,1051.49,1059.02,134786
2018-08-13,1047.35,1063.04,1034.93,1039.98,98517
2018-08-14,1043.17,1075.50,1034.93,1053.56,81818
2018-08-16,1052.15,1063.37,1029.14,1042.18,58238
2018-08-17,1043.62,1136.48,1042.05,1103.77,440325
2018-08-20,1104.40,1142.56,1089.82,1135.57,325391
2018-08-21,1138.42,1159.12,1127.25,1155.89,379409
2018-08-23,1160.78,1174.61,1109.74,1141.07,275591
2018-08-24,1141.74,1159.12,1120.21,1141.03,151948
2018-08-27,1137.60,1172.37,1137.60,1168.93,426751
2018-08-28,1170.71,1182.64,1152.50,1168.85,126408
2018-08-29,1170.71,1172.62,1147.86,1154.65,111109
2018-08-30,1142.73,1149.48,1119.38,1131.39,195158
2018-08-31,1126.01,1144.88,1119.30,1123.89,69438
2018-09-03,1140.49,1140.49,1109.53,1116.11,106582
2018-09-04,1117.73,1129.32,1055.67,1073.68,223993
2018-09-05,1076.16,1084.40,1059.77,1068.42,208678
2018-09-06,1073.84,1088.75,1063.21,1071.36,524938
2018-09-07,1071.86,1092.85,1071.86,1080.76,742517
2018-09-10,1076.62,1088.71,1063.95,1078.36,104108
2018-09-11,1076.70,1089.49,1070.16,1079.10,113463
2018-09-12,1079.14,1088.71,1063.99,1066.64,180154
2018-09-14,1068.09,1080.47,1068.09,1072.27,143432
2018-09-17,1072.19,1078.52,1051.49,1059.69,272931
2018-09-18,1068.13,1068.13,1030.96,1037.79,154030
2018-09-19,1040.73,1044.45,1001.81,1021.44,76337
2018-09-21,1022.51,1022.51,869.38,985.05,1579396
2018-09-24,984.43,984.43,864.37,897.12,835981
2018-09-25,887.14,904.45,848.93,874.23,289189
2018-09-26,885.94,896.50,817.18,824.34,820511
2018-09-27,813.08,835.40,761.71,768.75,608655
2018-09-28,763.78,766.68,707.07,734.06,1915432
2018-10-01,733.39,827.12,704.75,784.77,877418
2018-10-03,769.16,790.65,741.01,751.03,461073
2018-10-04,732.73,757.57,718.16,736.00,490611
2018-10-05,726.94,747.22,699.65,705.91,683898
2018-10-08,706.24,749.29,706.24,736.87,579808
2018-10-09,726.94,740.64,704.79,728.51,209142
2018-10-10,732.65,745.11,705.20,725.16,1296255
2018-10-11,695.47,732.73,695.47,716.34,207996
2018-10-12,721.68,765.39,721.64,744.32,324576
2018-10-15,746.81,782.41,737.82,769.91,118470
2018-10-16,782.41,783.11,755.21,762.91,188749
2018-10-17,765.85,768.33,712.03,716.13,185928
2018-10-19,711.58,715.30,576.37,584.61,2485225
2018-10-22,586.76,616.32,579.56,585.69,1100428
2018-10-23,586.19,608.13,581.30,592.02,744327
2018-10-24,600.09,616.65,596.12,607.17,807687
2018-10-25,601.92,604.28,580.56,595.87,228291
2018-10-26,596.12,599.06,579.64,580.10,273451
2018-10-29,583.70,604.40,579.64,599.35,410097
2018-10-30,599.39,620.05,592.85,606.10,216013
2018-10-31,610.20,683.05,598.48,662.60,968423
2018-11-01,666.50,702.84,658.71,684.63,758767
2018-11-02,691.33,744.61,691.29,726.11,759955
2018-11-05,726.11,741.01,684.92,727.68,564425
2018-11-06,740.97,767.51,729.92,745.98,621878
2018-11-07,757.40,761.71,745.98,753.60,45810
2018-11-09,753.43,778.27,745.94,770.90,239731
2018-11-12,777.27,811.39,773.22,794.70,543633
2018-11-13,794.00,799.63,775.20,794.70,198395
2018-11-14,798.97,828.77,798.97,815.32,641832
2018-11-15,812.01,836.22,794.91,828.69,272514
2018-11-16,827.94,832.00,817.76,825.59,261456
2018-11-19,826.29,836.14,796.57,802.57,160192
2018-11-20,800.62,835.36,797.35,821.86,729484
2018-11-21,819.67,831.22,812.26,827.57,183550
2018-11-22,823.81,843.68,779.10,791.47,298709
2018-11-26,792.09,813.83,789.11,798.84,253926
2018-11-27,798.84,860.19,798.84,850.30,714964
2018-11-28,842.60,850.26,794.95,802.86,312029
2018-11-29,811.39,813.33,765.81,774.71,359082
2018-11-30,783.24,798.76,735.92,750.53,1064695
2018-12-03,753.43,780.46,738.61,771.02,357502
2018-12-04,760.55,779.92,757.57,772.89,303071
2018-12-05,763.37,790.60,763.37,772.85,558143
2018-12-06,768.33,787.50,763.66,774.17,400034
2018-12-07,778.97,783.44,759.23,772.10,349681
2018-12-10,769.82,769.82,732.73,743.00,174414
2018-12-11,725.28,753.51,725.28,747.80,164063
2018-12-12,749.29,804.10,749.29,798.59,244084
2018-12-13,803.56,834.57,798.97,806.38,296659
2018-12-14,811.39,817.97,795.66,804.85,115058
2018-12-17,812.88,816.35,794.83,802.78,73188
2018-12-18,795.66,819.67,779.30,783.57,344967
2018-12-19,790.69,823.81,790.69,816.06,688150
2018-12-20,811.39,822.15,798.39,803.73,314948
2018-12-21,806.25,813.04,791.10,798.84,137271
2018-12-24,803.11,803.44,780.75,787.04,78039
2018-12-26,785.55,785.55,760.72,764.65,153688
2018-12-27,782.41,784.89,754.46,758.65,124866
2018-12-28,761.71,779.80,753.43,757.28,264190
2018-12-31,764.57,769.99,762.16,764.57,118705
2019-01-01,769.82,769.82,756.87,767.17,53429
2019-01-02,763.37,765.85,757.57,761.59,105153
2019-01-03,764.48,768.75,760.05,763.03,82882
2019-01-04,764.19,765.85,751.90,757.07,92391
2019-01-07,758.40,765.85,751.94,756.08,93425
2019-01-08,754.26,761.09,734.47,745.90,382164
2019-01-09,750.12,753.47,730.29,741.26,155727
2019-01-10,735.26,758.40,728.59,752.23,143825
2019-01-11,746.97,757.53,735.22,747.63,129100
2019-01-14,743.16,743.49,730.04,732.65,104402
2019-01-15,729.01,750.61,728.59,736.66,138072
2019-01-16,744.32,752.60,735.75,745.90,84198
2019-01-17,748.46,751.77,739.40,744.07,49717
2019-01-18,748.46,748.46,730.25,733.02,55752
2019-01-21,736.87,739.35,720.31,727.81,205200
2019-01-22,724.45,734.06,721.35,727.35,61854
2019-01-23,726.85,756.00,722.80,746.72,100780
2019-01-24,748.46,777.44,745.15,766.06,460334
2019-01-25,787.13,787.13,731.32,739.48,486937
2019-01-28,744.32,760.84,700.48,748.67,252840
2019-01-29,748.67,765.85,731.99,758.81,138885
2019-01-30,758.81,774.13,742.42,772.31,581460
2019-01-31,771.64,771.64,741.01,747.18,89095
2019-02-01,736.87,769.16,736.87,763.70,118977
2019-02-04,746.81,765.85,736.91,760.92,96620
2019-02-05,754.01,765.81,742.67,746.72,103872
2019-02-06,752.73,786.55,749.75,782.24,266343
2019-02-07,787.38,823.47,787.38,811.10,528542
2019-02-08,804.76,811.34,788.16,795.03,362119
2019-02-11,795.82,803.15,754.30,786.88,105078
2019-02-12,786.55,786.55,749.29,756.95,126663
2019-02-13,754.22,810.56,745.98,750.20,68984
2019-02-14,756.20,767.42,737.78,751.03,173618
2019-02-15,753.43,757.57,737.86,741.47,326655
2019-02-18,744.78,749.79,720.31,723.79,61403
2019-02-19,728.59,740.02,716.46,720.15,57499
2019-02-20,719.11,734.97,709.42,720.15,85169
2019-02-21,725.82,763.37,721.31,758.73,305000
2019-02-22,764.03,781.04,749.70,757.69,251451
2019-02-25,765.85,807.16,753.51,758.94,121398
2019-02-26,760.05,760.88,738.98,755.00,154804
2019-02-27,756.74,779.88,756.70,768.71,269846
2019-02-28,768.71,776.61,735.50,741.84,432444
2019-03-01,745.19,760.05,745.19,753.68,106105
2019-03-05,756.74,769.99,755.96,761.50,217855
2019-03-06,766.68,768.95,742.83,746.52,240733
2019-03-07,751.61,751.61,733.85,735.88,227571
2019-03-08,740.14,743.45,726.11,731.66,221640
2019-03-11,736.37,744.65,722.92,724.87,229698
2019-03-12,728.59,775.78,728.59,737.70,609440
2019-03-13,742.17,750.86,730.25,744.49,252117
2019-03-14,748.30,748.30,730.33,735.01,258231
2019-03-15,741.01,745.90,721.22,725.24,526293
2019-03-18,730.25,736.87,699.61,701.60,369490
2019-03-19,702.93,715.63,690.51,707.56,334278
2019-03-20,706.07,729.67,703.71,711.87,533400
2019-03-22,713.69,720.15,706.11,711.29,154449
2019-03-25,699.61,707.02,678.91,681.07,291890
2019-03-26,688.52,688.81,674.94,678.38,513564
2019-03-27,677.26,695.89,676.47,678.58,443459
2019-03-28,683.72,691.33,682.27,685.95,556620
2019-03-29,691.33,719.40,688.85,715.97,1356715
2019-04-01,719.07,785.93,719.07,776.53,1559181
2019-04-02,780.75,782.24,749.33,760.80,626719
2019-04-03,762.54,813.70,746.81,760.30,779100
2019-04-04,766.55,801.04,757.57,795.99,1223878
2019-04-05,799.75,803.19,769.99,772.93,473542
2019-04-08,776.57,780.75,747.59,752.23,433900
2019-04-09,750.12,753.43,733.19,740.06,282871
2019-04-10,736.87,736.87,712.03,713.98,611467
2019-04-11,715.92,719.40,691.50,694.02,693587
2019-04-12,693.65,693.65,679.04,679.99,921386
2019-04-15,683.05,693.65,672.29,675.85,694237
2019-04-16,680.98,683.05,659.87,662.36,904563
2019-04-18,666.25,681.36,644.31,655.86,2075367
2019-04-22,650.60,659.95,644.89,651.10,459602
2019-04-23,653.91,666.50,648.32,651.14,557582
2019-04-24,655.19,662.36,651.59,654.28,637998
2019-04-25,658.05,658.05,641.82,645.80,401592
2019-04-26,649.03,654.41,633.42,644.31,342222
2019-04-30,637.52,637.52,576.99,586.31,1306522
2019-05-02,595.87,600.59,558.86,560.77,1258248
2019-05-03,563.00,583.99,563.00,578.20,852107
2019-05-06,579.56,581.96,570.00,573.23,426758
2019-05-07,580.39,594.42,575.67,581.88,484061
2019-05-08,580.39,583.70,570.91,575.17,485823
2019-05-09,579.44,582.75,573.27,579.85,348241
2019-05-10,602.74,659.87,601.92,650.64,5557269
2019-05-13,654.08,679.74,617.23,624.97,3329146
2019-05-14,629.98,652.92,621.50,645.51,1243769
2019-05-15,644.14,659.79,624.27,626.63,838893
2019-05-16,637.52,639.13,625.10,628.41,547285
2019-05-17,617.81,624.27,593.60,609.45,1563465
2019-05-20,629.24,651.10,613.09,642.20,918131
2019-05-21,641.49,669.81,638.39,654.95,2226058
2019-05-22,658.22,662.36,638.35,658.38,428419
2019-05-23,666.58,681.81,665.63,677.42,1390458
2019-05-24,682.97,715.97,677.80,713.03,994315
2019-05-27,712.03,731.24,690.42,728.05,676587
2019-05-28,726.69,733.27,716.17,722.80,464900
2019-05-29,716.83,719.24,696.76,712.07,438652
2019-05-30,713.48,721.93,695.47,699.32,241686
2019-05-31,699.45,707.07,688.15,695.47,238038
2019-06-03,694.60,700.69,678.91,690.67,254539
2019-06-04,688.85,707.07,687.19,699.70,413145
2019-06-06,694.65,699.37,669.81,678.96,1793448
2019-06-07,678.91,683.05,662.40,668.32,301278
2019-06-10,675.48,678.91,668.98,673.41,234644
2019-06-11,676.64,683.88,666.50,675.40,634555
2019-06-12,673.95,678.09,667.53,671.17,123332
2019-06-13,669.77,672.13,664.01,666.79,180723
2019-06-14,670.55,670.55,654.04,656.35,153853
2019-06-17,656.19,657.02,630.07,638.14,218970
2019-06-18,637.43,658.17,635.86,650.31,591839
2019-06-19,653.99,661.53,593.64,631.52,695378
2019-06-20,632.38,664.01,620.26,648.24,396726
2019-06-21,639.26,663.85,631.31,659.87,754710
2019-06-24,654.99,671.46,641.66,645.26,340710
2019-06-25,639.17,648.94,633.38,638.88,205554
2019-06-26,633.38,644.93,633.38,639.96,164360
2019-06-27,641.66,658.75,639.13,645.63,252625
2019-06-28,645.80,649.65,637.52,641.49,597808
2019-07-01,640.04,648.28,632.18,634.58,226670
2019-07-02,634.41,640.95,634.41,638.51,138161
2019-07-03,639.30,656.23,634.66,643.44,386207
2019-07-04,644.14,649.48,641.66,645.88,172200
2019-07-05,647.41,665.67,640.95,648.45,1394247
2019-07-08,647.45,658.17,642.57,651.88,1110304
2019-07-09,652.01,653.62,630.52,643.44,164951
2019-07-10,644.06,649.11,634.21,639.05,228696
2019-07-11,644.14,653.33,637.43,643.35,279728
2019-07-12,643.69,646.38,634.21,637.81,336702
2019-07-15,635.03,640.29,612.76,624.06,93749
2019-07-16,621.00,631.68,619.72,626.34,92418
2019-07-17,626.17,633.25,621.83,624.15,130892
2019-07-18,624.19,628.74,619.01,623.69,427284
2019-07-19,617.73,628.74,608.58,611.98,161635
2019-07-22,604.40,611.77,595.29,596.99,276865
2019-07-23,596.95,604.40,582.05,586.19,122408
2019-07-24,585.36,591.40,577.91,581.80,190995
2019-07-25,584.94,591.15,577.95,581.26,111654
2019-07-26,583.29,593.64,582.13,587.26,87404
2019-07-29,582.87,584.94,567.89,579.73,206098
2019-07-30,584.07,600.63,580.39,592.60,410134
2019-07-31,570.45,600.26,543.17,587.39,1101138
2019-08-01,583.70,602.74,575.42,591.53,1163923
2019-08-02,589.04,599.80,585.11,591.28,460213
2019-08-05,587.68,589.95,571.28,585.56,828683
2019-08-06,583.54,593.43,577.91,589.33,667334
2019-08-07,591.82,600.26,580.18,583.25,114279
2019-08-08,584.61,596.12,573.39,588.42,79562
2019-08-09,590.32,615.99,589.58,597.03,223883
2019-08-13,598.60,604.40,580.47,587.34,136838
2019-08-14,589.99,601.92,585.90,598.73,90638
2019-08-16,598.60,614.75,591.86,604.77,238776
2019-08-19,604.40,611.27,594.84,603.28,92271
2019-08-20,605.23,608.37,587.84,596.91,53188
2019-08-21,591.98,594.42,571.28,575.34,113067
2019-08-22,574.59,574.59,555.55,558.78,102619
2019-08-23,547.85,554.72,521.61,532.08,253047
2019-08-26,554.81,557.21,532.53,538.83,201709
2019-08-27,544.33,556.25,539.03,549.30,135340
2019-08-28,546.69,550.96,531.91,534.89,69753
2019-08-29,534.85,542.22,529.88,536.38,61874
2019-08-30,538.33,544.13,530.05,533.65,96331
2019-09-03,529.88,536.51,524.59,529.22,74105
2019-09-04,530.13,536.51,521.61,530.67,57428
2019-09-05,538.25,552.24,513.33,524.09,288447
2019-09-06,524.13,533.20,519.08,529.18,98242
2019-09-09,530.92,536.51,525.75,530.46,58998
2019-09-11,528.39,535.68,520.32,525.46,99022
2019-09-12,528.06,534.27,523.26,526.82,126008
2019-09-13,528.56,532.37,522.43,525.70,73156
2019-09-16,529.88,543.13,526.57,531.58,254591
2019-09-17,532.53,534.89,514.98,519.37,94652
2019-09-18,518.75,524.13,506.91,509.06,148428
2019-09-19,509.60,510.64,491.80,498.67,142141
2019-09-20,499.25,572.94,499.25,564.16,643614
2019-09-23,566.31,591.77,530.30,536.14,574411
2019-09-24,546.24,546.24,517.47,530.42,202366
2019-09-25,529.51,539.49,527.40,531.87,87564
2019-09-26,535.68,538.95,525.91,528.68,45102
2019-09-27,528.68,528.68,504.51,507.07,120757
2019-09-30,505.87,505.87,472.09,483.31,262096
2019-10-01,483.19,500.74,459.51,487.29,380798
2019-10-03,485.26,498.30,471.97,474.41,238138
2019-10-04,478.47,484.35,473.58,476.36,86718
2019-10-07,478.22,478.22,452.55,455.74,113685
2019-10-09,457.85,459.34,447.09,453.76,86238
2019-10-10,454.87,455.37,438.81,440.34,120757
2019-10-11,443.12,450.40,414.59,417.74,252465
2019-10-14,421.18,427.14,382.26,388.51,881852
2019-10-15,383.34,388.31,359.62,361.56,1179395
2019-10-16,358.09,372.58,307.33,314.62,3533265
2019-10-17,327.87,361.81,306.75,340.08,5082903
2019-10-18,340.70,404.74,332.38,397.25,4309030
2019-10-22,399.24,414.63,375.02,389.92,1612293
2019-10-23,384.99,393.27,369.43,375.39,898870
2019-10-24,375.89,390.87,365.12,370.01,579729
2019-10-25,387.48,457.61,385.82,422.46,10924677
2019-10-29,422.25,438.81,409.87,433.97,1863322
2019-10-30,431.19,435.50,416.66,424.11,716178
2019-10-31,428.63,451.23,427.18,444.07,1667205
2019-11-01,442.87,458.64,437.98,443.61,885343
2019-11-04,444.61,475.82,444.44,466.30,1837394
2019-11-05,467.79,483.35,465.31,470.52,1428299
2019-11-06,472.34,478.51,453.96,461.29,822882
2019-11-07,488.49,492.79,476.07,480.79,1819511
2019-11-08,483.73,484.97,462.20,472.34,768733
2019-11-11,475.24,475.24,462.57,465.55,331436
2019-11-13,466.22,470.07,455.37,459.80,380239
2019-11-14,461.04,464.02,444.61,448.33,311115
2019-11-15,450.73,453.71,434.67,439.14,253235
2019-11-18,440.38,442.12,430.53,434.13,227236
2019-11-19,433.88,475.82,433.88,466.38,2417409
2019-11-20,462.82,478.55,452.89,472.84,892908
2019-11-21,474.12,476.94,455.37,461.29,418673
2019-11-22,461.29,470.94,456.16,461.62,371434
2019-11-25,463.65,467.42,456.20,461.17,300283
2019-11-26,461.21,472.47,455.37,456.65,374949
2019-11-27,457.03,461.08,449.04,450.69,334429
2019-11-28,453.51,473.54,447.42,458.43,898991
2019-11-29,455.37,460.83,436.62,441.13,842841
2019-12-02,441.29,445.85,421.47,423.58,555617
2019-12-03,426.10,430.49,418.20,424.86,541255
2019-12-04,420.76,429.70,417.74,422.75,365644
2019-12-05,423.41,424.74,413.89,415.50,244567
2019-12-06,417.78,423.83,399.15,401.93,594142
2019-12-09,401.55,401.55,366.20,370.13,1550697
2019-12-10,370.92,376.67,351.88,355.64,1246357
2019-12-11,363.22,368.44,345.25,356.51,2221689
2019-12-12,358.71,360.57,346.21,353.28,998118
2019-12-13,354.07,362.64,349.39,357.34,927574
2019-12-16,359.41,374.15,355.19,365.04,1314394
2019-12-17,366.70,371.75,360.28,369.22,798763
2019-12-18,370.09,370.09,358.00,359.29,496599
2019-12-19,359.66,359.66,349.48,353.16,588050
2019-12-20,353.86,363.47,351.96,359.87,685829
2019-12-23,359.25,365.87,355.35,357.92,378221
2019-12-24,359.08,360.82,353.53,355.44,202378
2019-12-26,355.73,361.48,352.70,354.32,258162
2019-12-27,355.19,360.16,353.53,355.15,383736
2019-12-30,356.60,358.38,354.36,355.11,235705
2019-12-31,355.11,370.92,353.53,359.49,1133250
2020-01-01,360.74,371.75,358.67,368.48,508386
2020-01-02,373.24,413.56,372.49,407.51,6004045
2020-01-03,404.78,408.80,391.20,401.84,1766289
2020-01-06,393.27,397.17,377.13,379.28,1260012
2020-01-07,383.34,400.97,383.34,388.84,1409323
2020-01-08,382.51,391.54,376.34,388.60,840343
2020-01-09,397.91,403.37,392.86,399.28,719136
2020-01-10,403.42,421.09,398.61,402.42,1809999
2020-01-13,404.41,404.41,393.27,399.44,561308
2020-01-14,401.02,401.22,390.00,394.23,663819
2020-01-15,394.52,417.86,391.04,413.64,1157066
2020-01-16,410.25,446.26,410.25,441.54,2231931
2020-01-17,437.28,452.06,428.88,439.10,1253098
2020-01-20,442.12,451.23,429.17,441.17,679096
2020-01-21,438.81,465.97,434.88,456.40,2603244
2020-01-22,461.50,476.81,460.34,472.59,1990761
2020-01-23,476.07,479.38,434.34,446.84,1978203
2020-01-24,413.97,421.26,394.35,399.69,5918289
2020-01-27,397.41,404.70,378.45,379.99,2754452
2020-01-28,381.68,387.06,367.69,370.59,1862492
2020-01-29,372.58,379.12,368.44,371.79,1371127
2020-01-30,371.75,373.24,361.19,366.37,1002673
2020-01-31,368.44,372.37,358.50,361.03,864449
2020-02-01,359.29,378.54,332.59,339.87,2715657
2020-02-03,334.08,346.58,334.08,338.55,1035112
2020-02-04,340.66,347.61,339.46,341.24,724360
2020-02-05,343.93,359.87,339.46,350.92,1092653
2020-02-06,353.08,384.50,351.13,368.02,3311464
2020-02-07,369.26,372.08,362.64,365.29,700997
2020-02-10,366.78,366.78,351.88,353.62,488163
2020-02-11,356.84,362.64,349.02,351.05,673451
2020-02-12,352.54,360.90,341.57,348.65,898973
2020-02-13,350.22,350.72,340.29,341.24,507008
2020-02-14,341.94,350.59,341.40,345.34,480490
2020-02-17,346.08,348.98,336.60,343.27,483743
2020-02-18,340.37,341.11,334.28,337.43,378595
2020-02-19,339.66,343.43,339.46,340.95,312154
2020-02-20,339.46,355.11,338.13,345.09,804645
2020-02-24,341.11,345.25,334.12,336.15,377338
2020-02-25,334.32,340.08,322.98,325.42,620009
2020-02-26,322.90,337.47,316.69,327.99,813793
2020-02-27,327.74,331.18,317.31,320.70,368578
2020-02-28,310.48,310.48,295.58,297.98,695944
2020-03-02,306.26,310.15,275.71,279.97,696736
2020-03-03,281.71,288.95,277.36,282.95,824119
2020-03-04,284.11,285.39,266.06,272.35,668559
2020-03-05,275.71,277.78,269.29,270.28,528273
2020-03-06,256.66,256.66,236.79,248.71,763434
2020-03-09,234.31,240.06,211.62,215.06,1133417
2020-03-11,215.27,228.93,213.53,222.30,994954
2020-03-12,198.71,215.27,183.22,192.70,982961
2020-03-13,173.87,205.87,165.59,197.71,791640
2020-03-16,186.29,218.74,182.85,201.69,767361
2020-03-17,202.85,206.90,185.87,191.34,687284
2020-03-18,192.50,198.46,173.99,177.14,614308
2020-03-19,169.81,179.33,165.80,167.49,711713
2020-03-20,172.21,174.65,157.31,159.05,885686
2020-03-23,149.03,150.69,143.15,143.15,190119
2020-03-24,143.23,148.12,128.87,128.87,617700
2020-03-25,122.66,132.22,122.45,123.28,533208
2020-03-26,124.15,129.41,120.59,129.41,369017
2020-03-27,135.87,135.87,128.33,130.69,590543
2020-03-30,134.87,134.87,125.97,127.88,380371
2020-03-31,132.47,134.25,126.05,134.25,348518
2020-04-01,136.61,140.96,134.25,140.09,403989
2020-04-03,144.60,144.60,133.09,133.30,420639
2020-04-07,139.96,139.96,136.78,139.43,943683
2020-04-08,141.58,146.38,135.66,136.57,850538
2020-04-09,139.01,143.36,136.82,140.42,1306105
2020-04-13,140.83,144.89,138.14,142.16,1264352
2020-04-15,145.80,148.95,140.46,146.13,1147156
2020-04-16,144.68,151.89,144.68,146.09,1439440
2020-04-17,149.49,153.38,149.03,153.38,1145766
2020-04-20,161.04,161.04,157.31,161.04,732034
2020-04-21,166.79,169.07,157.31,168.98,2319677
2020-04-22,170.81,177.43,163.19,172.01,1521770
2020-04-23,175.03,179.66,172.30,177.84,802795
2020-04-24,175.03,176.06,171.38,172.13,454123
2020-04-27,172.21,174.78,167.16,168.82,296826
2020-04-28,169.73,171.80,164.10,167.45,676404
2020-04-29,165.59,171.34,163.93,166.67,1485099
2020-04-30,170.56,171.34,163.11,163.81,849447
2020-05-04,155.65,157.43,155.65,155.65,1154441
2020-05-05,155.65,156.98,147.87,147.87,561576
2020-05-06,147.87,148.95,141.83,143.19,1300556
2020-05-07,146.67,150.02,144.06,147.66,824022
2020-05-08,149.07,151.27,147.08,148.57,449472
2020-05-11,149.15,149.82,144.06,144.89,310342
2020-05-12,141.21,147.33,138.85,145.55,1237345
2020-05-13,152.09,152.09,143.36,149.98,644571
2020-05-14,149.98,151.51,147.37,150.64,425353
2020-05-15,151.51,151.85,147.25,148.57,134638
2020-05-18,148.53,149.03,141.58,143.94,435035
2020-05-19,145.51,146.55,143.23,145.39,141268
2020-05-20,143.98,149.03,142.53,146.50,151612
2020-05-21,146.50,147.37,142.41,142.74,138551
2020-05-22,142.74,145.30,139.92,140.59,289627
2020-05-26,142.32,142.37,138.18,139.05,105280
2020-05-27,140.67,143.65,136.69,141.74,193445
2020-05-28,145.30,147.37,142.49,145.47,242260
2020-05-29,140.75,146.96,140.75,145.72,335995
2020-06-01,148.86,153.00,146.75,152.18,626150
2020-06-02,153.91,154.83,151.60,153.67,327178
2020-06-03,156.48,161.33,154.08,161.33,1166001
2020-06-04,162.28,169.36,161.33,169.36,1111622
2020-06-05,170.89,173.58,163.93,168.28,648023
2020-06-08,171.38,174.53,165.59,166.54,861139
2020-06-09,170.47,171.80,161.49,163.35,541850
2020-06-10,163.52,168.90,162.28,165.67,933269
2020-06-11,168.90,173.95,167.41,173.95,1348892
2020-06-12,168.07,182.64,165.67,182.64,1039265
2020-06-15,176.60,184.38,173.54,175.90,1705177
2020-06-16,178.09,179.79,167.12,168.82,1368070
2020-06-17,168.82,175.69,165.63,169.81,853606
2020-06-18,169.73,173.29,167.66,170.76,368649
2020-06-19,173.79,179.29,171.51,178.92,1738394
2020-06-22,185.46,187.86,182.15,187.86,1769506
2020-06-23,191.26,192.04,183.22,188.85,1375545
2020-06-24,192.00,194.07,182.15,184.09,1368962
2020-06-25,183.64,188.77,180.08,183.06,611286
2020-06-26,184.63,192.12,182.35,184.47,671884
2020-06-29,183.14,183.76,175.28,175.94,502216
2020-06-30,176.77,178.84,169.23,171.84,367541
2020-07-01,173.87,180.41,171.38,180.41,730999
2020-07-02,181.32,184.63,175.52,176.10,919393
2020-07-03,178.01,178.26,172.38,173.91,629927
2020-07-06,174.28,178.01,174.20,174.70,556543
2020-07-07,176.15,178.01,174.94,177.26,591412
2020-07-08,178.01,185.05,177.43,179.37,1695807
2020-07-09,180.99,183.85,179.91,180.45,596664
2020-07-10,179.58,179.58,172.21,173.91,810386
2020-07-13,177.84,178.01,172.21,173.50,336026
2020-07-14,172.30,173.04,166.87,168.16,344413
2020-07-15,168.90,170.56,162.57,163.44,430980
2020-07-16,165.09,165.09,160.62,162.40,281449
2020-07-17,164.22,167.00,162.24,163.60,355648
2020-07-20,164.97,169.73,164.31,168.69,608739
2020-07-21,171.34,172.05,168.24,168.98,420754
2020-07-22,170.14,170.14,165.26,165.67,355012
2020-07-23,166.75,173.95,166.71,173.95,728284
2020-07-24,182.64,182.64,178.01,182.64,1303177
2020-07-27,187.94,187.94,174.94,178.55,969305
2020-07-28,178.84,181.24,174.28,175.73,414063
2020-07-29,176.27,181.73,175.03,177.84,478033
2020-07-30,179.29,179.29,172.21,173.58,257767
2020-07-31,173.87,175.61,167.45,173.21,722149
2020-08-03,176.35,178.59,172.25,173.12,314197
2020-08-04,173.95,175.90,172.09,173.95,252045
2020-08-05,174.78,176.27,172.63,173.74,215691
2020-08-06,173.95,180.00,173.08,176.56,1052489
2020-08-07,179.66,186.78,177.68,180.86,2102328
2020-08-10,182.15,205.91,181.32,196.84,4641683
2020-08-11,198.50,207.81,197.26,198.33,1703117
2020-08-12,197.05,197.09,192.33,193.86,731139
2020-08-13,196.02,196.02,188.94,190.80,521373
2020-08-14,190.84,201.60,190.84,198.04,1580461
2020-08-17,199.37,202.60,198.29,199.45,725734
2020-08-18,199.04,223.96,199.04,216.22,4456195
2020-08-19,218.12,230.75,218.12,227.85,2897667
2020-08-20,227.68,235.43,224.37,233.15,2255436
2020-08-21,235.47,238.45,228.10,229.38,831693
2020-08-24,230.71,231.99,219.61,221.64,855140
2020-08-25,223.30,233.23,222.72,228.51,1582679
2020-08-26,232.16,236.09,230.50,234.18,1150822
2020-08-27,235.96,255.75,235.14,246.98,5949407
2020-08-28,249.29,256.25,247.56,250.20,1404979
2020-08-31,252.52,253.97,230.71,236.25,1301224
2020-09-01,233.69,242.63,227.68,231.20,850881
2020-09-02,231.91,238.45,230.38,235.51,783286
2020-09-03,236.67,242.34,233.65,239.03,1086607
2020-09-04,232.36,248.22,231.29,240.81,1386075
2020-09-07,240.10,253.60,240.10,248.42,1681380
2020-09-08,248.38,260.80,244.70,257.66,2437214
2020-09-09,254.43,260.76,249.58,258.65,1260230
2020-09-10,262.38,263.29,256.21,261.51,951557
2020-09-11,260.47,264.36,256.33,261.84,654187
2020-09-14,263.08,272.35,263.08,269.91,1023159
2020-09-15,270.74,274.05,258.69,267.84,785244
2020-09-16,267.34,280.67,264.11,276.20,1120861
2020-09-17,273.22,277.36,270.74,274.88,506983
2020-09-18,277.36,279.85,274.92,277.82,575602
2020-09-21,277.36,279.10,253.48,260.26,1597583
2020-09-22,257.12,263.29,248.51,259.93,785082
2020-09-23,262.42,275.25,256.66,270.08,851923
2020-09-24,267.59,268.50,258.69,264.94,906746
2020-09-25,264.94,275.95,264.94,272.10,528522
2020-09-28,277.36,290.57,273.26,287.79,971990
2020-09-29,289.78,290.07,277.44,280.51,356673
2020-09-30,280.51,284.32,275.42,279.97,647080
2020-10-01,282.99,286.47,274.88,277.82,251176
2020-10-05,277.78,283.12,276.08,281.13,384993
2020-10-06,281.83,291.85,278.89,289.66,1038541
2020-10-07,290.53,292.26,283.20,288.62,428060
2020-10-08,290.36,294.91,288.95,293.34,468077
2020-10-09,291.44,313.38,291.35,310.44,1992358
2020-10-12,312.55,313.42,295.20,305.72,701904
2020-10-13,304.27,304.56,299.22,301.54,322647
2020-10-14,299.63,306.55,291.85,304.64,627299
2020-10-15,301.95,307.58,298.23,300.88,419794
2020-10-16,296.82,302.99,296.45,298.18,302301
2020-10-19,301.37,303.98,299.92,301.29,122680
2020-10-20,300.46,310.48,297.65,305.64,518696
2020-10-21,306.92,315.03,300.38,305.64,607516
2020-10-22,302.12,306.26,293.09,295.29,358854
2020-10-23,296.61,301.54,295.62,298.43,160157
2020-10-26,299.47,299.47,285.52,287.05,219657
2020-10-27,287.30,295.16,279.89,291.77,242615
2020-10-28,291.89,293.09,286.55,290.61,209852
2020-10-29,283.32,287.79,279.85,285.68,324923
2020-10-30,285.64,298.06,284.03,292.10,266632
2020-11-02,283.57,303.44,283.57,293.96,515848
2020-11-03,298.89,301.50,295.58,300.59,286390
2020-11-04,299.05,304.19,299.05,302.70,216058
2020-11-05,301.37,308.66,301.37,307.33,271209
2020-11-06,308.82,309.49,304.81,306.26,178850
2020-11-09,303.90,309.73,303.90,308.24,144349
2020-11-10,308.82,321.08,306.34,314.74,544417
2020-11-11,311.97,318.34,307.04,310.85,220792
2020-11-12,310.85,320.33,307.04,316.77,282870
2020-11-13,316.94,325.75,314.62,319.26,372736
2020-11-14,319.59,323.73,319.21,322.82,74853
2020-11-17,323.73,327.29,321.24,322.53,186299
2020-11-18,319.21,323.73,315.74,318.34,148070
2020-11-19,318.76,325.80,309.65,312.22,247123
2020-11-20,315.45,319.09,308.00,317.10,498079
2020-11-23,321.24,321.24,310.48,313.09,211324
2020-11-24,313.09,317.81,310.48,311.80,170682
2020-11-25,311.80,316.32,303.81,307.50,212901
2020-11-26,307.17,318.18,304.10,314.70,313890
2020-11-27,314.62,317.85,309.69,313.34,332405
2020-12-01,314.62,316.15,311.22,311.85,181037
2020-12-02,313.42,316.03,306.34,310.85,282281
2020-12-03,311.31,322.77,293.92,315.86,893486
2020-12-04,318.55,318.55,309.24,313.13,274448
2020-12-07,313.79,315.45,312.05,313.42,216808
2020-12-08,313.42,319.55,305.51,313.63,325775
2020-12-09,315.41,317.93,311.31,312.59,188360
2020-12-10,312.14,314.00,308.04,310.85,138721
2020-12-11,310.85,316.27,307.58,313.00,182627
2020-12-14,315.41,315.41,308.82,310.31,181587
2020-12-15,310.48,314.54,308.16,311.80,154002
2020-12-16,314.37,318.55,311.31,312.43,581202
2020-12-17,314.00,315.45,308.08,309.57,172801
2020-12-18,307.79,310.81,300.50,303.65,214636
2020-12-21,294.75,299.55,273.26,277.98,385035
2020-12-22,276.53,285.64,262.91,279.22,342785
2020-12-23,284.73,296.40,280.09,293.30,236171
2020-12-24,293.30,298.47,289.16,293.75,170882
2020-12-28,294.75,298.81,293.84,295.00,118373
2020-12-29,296.40,302.70,295.74,299.51,212850
2020-12-30,298.06,300.25,294.00,295.62,98837
2020-12-31,299.30,308.82,296.45,301.70,430815
2021-01-01,303.81,306.22,298.06,304.31,163004
2021-01-04,305.51,311.60,305.51,309.32,249738
2021-01-05,309.32,309.36,302.24,307.04,163935
2021-01-06,307.08,312.96,301.41,303.28,291295
2021-01-07,306.34,317.85,306.05,312.05,733426
2021-01-08,314.62,318.92,307.46,311.10,363123
2021-01-11,312.96,312.96,301.37,303.36,345008
2021-01-12,304.89,312.14,301.37,305.59,273691
2021-01-13,311.31,317.10,303.19,311.39,744063
2021-01-14,312.96,312.96,305.68,306.34,211850
2021-01-15,306.42,307.87,298.89,300.96,169259
2021-01-18,298.93,304.68,288.12,290.53,295421
2021-01-19,291.02,299.59,290.98,296.36,249280
2021-01-20,299.55,311.68,298.85,308.37,871238
2021-01-21,310.48,314.54,303.19,307.21,414315
2021-01-22,310.40,311.72,300.17,304.85,275196
2021-01-25,309.65,309.65,295.45,299.22,168318
2021-01-27,298.56,298.56,290.69,292.31,165452
2021-01-28,274.88,285.56,269.12,283.12,576438
2021-01-29,290.44,290.73,275.37,277.65,240471
2021-02-01,279.22,288.04,275.58,279.97,606886
2021-02-02,282.70,295.70,282.37,289.20,327187
2021-02-03,289.78,302.20,289.78,296.20,286660
2021-02-04,297.52,303.86,296.20,299.05,212091
2021-02-05,301.37,306.34,295.29,297.89,256815
2021-02-08,300.30,301.21,293.38,294.83,165710
2021-02-09,295.58,295.87,291.44,292.22,148710
2021-02-10,292.39,298.10,290.73,295.62,162578
2021-02-11,301.29,301.29,292.47,296.07,123769
2021-02-12,296.90,299.47,291.93,295.08,258139
2021-02-15,296.57,313.67,289.12,307.21,1308017
2021-02-16,309.24,346.08,308.41,339.33,5108453
2021-02-17,343.60,365.12,342.77,358.09,5367785
2021-02-18,361.60,393.27,360.65,373.78,4775027
2021-02-19,373.40,391.29,358.33,367.98,2645091
2021-02-22,361.85,376.22,343.85,351.21,1552235
2021-02-23,351.79,362.64,345.13,355.73,686447
2021-02-24,357.01,374.65,357.01,372.33,626302
2021-02-25,380.69,387.81,375.97,378.00,1045106
2021-02-26,370.75,376.51,361.07,364.50,437788
2021-03-01,366.86,370.80,356.02,358.09,432014
2021-03-02,359.58,372.00,359.33,363.30,358509
2021-03-03,365.87,369.80,355.44,359.04,685864
2021-03-04,356.02,365.95,353.70,358.42,451112
2021-03-05,358.58,370.09,354.36,356.93,561979
2021-03-08,357.26,363.55,352.21,353.91,261035
2021-03-09,355.19,359.87,346.91,349.31,267519
2021-03-10,352.04,356.80,349.52,350.68,213168
2021-03-12,353.53,356.43,345.25,349.31,227906
2021-03-15,350.80,350.80,336.15,339.62,261609
2021-03-16,340.29,342.65,327.91,332.59,278021
2021-03-17,334.90,337.10,306.46,309.61,647823
2021-03-18,314.62,322.90,309.78,317.35,457524
2021-03-19,310.52,329.89,295.66,324.47,506374
2021-03-22,323.06,328.07,318.92,325.13,243516
2021-03-23,326.62,338.34,319.88,330.18,386511
2021-03-24,329.11,329.94,317.93,319.67,261078
2021-03-25,318.43,318.43,304.02,306.51,334138
2021-03-26,310.48,311.93,304.97,308.20,297456
2021-03-30,314.62,317.77,308.20,315.70,244722
2021-03-31,317.93,323.31,308.45,310.40,266797
2021-04-01,314.49,327.87,312.34,325.42,337623
2021-04-05,326.13,326.21,309.86,314.37,206440
2021-04-06,316.03,321.91,314.37,317.60,148103
2021-04-07,319.21,321.62,315.57,317.77,162214
2021-04-08,317.93,326.04,317.81,322.94,165234
2021-04-09,324.55,337.80,323.69,329.89,468302
2021-04-12,326.87,326.87,299.80,302.45,322205
2021-04-13,303.03,312.09,303.03,308.86,183226
2021-04-15,304.85,312.09,298.23,304.68,142215
2021-04-16,304.68,317.93,304.68,309.98,245771
2021-04-19,302.20,302.53,295.12,296.98,176308
2021-04-20,295.58,303.03,295.58,298.10,166017
2021-04-22,302.20,302.20,289.78,296.94,136066
2021-04-23,298.02,302.82,294.75,296.11,112122
2021-04-26,296.11,315.65,296.11,304.23,183813
2021-04-27,307.75,313.34,306.34,312.22,193254
2021-04-28,311.22,319.59,306.55,312.67,506559
2021-04-29,312.67,317.89,309.32,310.73,197737
2021-04-30,310.73,310.73,304.68,308.29,134973
2021-05-03,308.08,308.08,301.37,306.26,90036
2021-05-04,307.83,310.31,300.54,301.45,216316
2021-05-05,301.41,303.23,295.99,296.98,246530
2021-05-06,302.61,306.96,298.10,301.37,147663
2021-05-07,304.52,305.51,301.62,304.39,97155
2021-05-10,306.96,308.41,302.37,303.40,168394
2021-05-11,303.40,319.92,299.92,308.04,427881
2021-05-12,306.34,330.10,306.34,321.53,997744
2021-05-14,323.73,329.11,310.27,316.73,376264
2021-05-17,320.41,323.19,317.10,319.30,180220
2021-05-18,319.34,330.93,319.34,321.70,484774
2021-05-19,324.47,329.77,322.98,326.71,257837
2021-05-20,326.87,328.36,322.19,325.22,191596
2021-05-21,323.77,348.56,323.77,343.80,2409264
2021-05-24,346.91,356.02,346.04,352.79,899860
2021-05-25,354.44,360.16,332.46,334.24,1122358
2021-05-26,339.29,355.73,336.73,352.46,743059
2021-05-27,354.36,358.50,350.88,355.56,850769
2021-05-28,356.02,367.61,355.73,362.68,891953
2021-05-31,365.95,435.21,365.95,435.21,2883021
2021-06-01,522.23,522.23,522.23,522.23,498376
2021-06-02,574.43,574.43,539.20,574.43,4874396
2021-06-03,615.87,631.85,600.26,631.85,2618605
2021-06-04,695.02,695.02,670.64,695.02,1292284
2021-06-07,729.75,729.75,720.31,729.75,903915
2021-06-08,744.90,765.85,693.28,706.20,5076208
2021-06-09,702.93,722.75,670.93,671.22,1295465
2021-06-10,666.66,682.10,639.38,676.14,1755271
2021-06-11,676.14,703.75,666.50,675.40,106972
2021-06-14,641.66,661.53,641.66,641.66,357566
2021-06-15,612.76,637.52,609.57,609.57,212624
2021-06-16,579.11,640.04,579.11,591.15,711302
2021-06-17,581.22,620.71,581.22,620.71,241941
2021-06-18,633.30,649.77,596.99,610.86,274435
2021-06-21,580.35,580.35,580.35,580.35,70703
2021-06-22,552.24,609.33,552.24,609.33,354138
2021-06-23,578.90,578.90,578.90,578.90,109254
2021-06-24,549.96,577.82,549.96,550.13,229689
2021-06-25,554.76,577.62,554.76,577.62,213924
2021-06-28,599.76,602.45,578.73,588.79,142349
2021-06-29,588.79,588.79,559.36,560.60,151791
2021-06-30,568.80,571.45,550.58,565.82,114092
2021-07-01,571.28,571.28,551.45,561.18,49995
2021-07-02,558.90,577.91,555.63,573.56,58751
2021-07-05,578.73,591.98,575.42,580.39,150511
2021-07-06,582.87,589.17,565.53,571.36,64923
2021-07-07,574.59,576.25,563.25,569.21,285868
2021-07-08,569.63,597.65,569.63,597.65,291312
2021-07-09,603.57,627.50,600.55,627.50,197076
2021-07-12,645.80,649.44,616.82,625.02,210048
2021-07-13,620.96,645.47,596.12,612.51,147622
2021-07-14,616.82,625.93,602.74,608.62,72652
2021-07-15,612.68,635.12,600.26,603.74,58662
2021-07-16,602.74,615.12,593.64,596.91,46400
2021-07-19,596.95,602.66,577.08,581.05,75812
2021-07-20,581.05,595.29,561.35,567.35,79438
2021-07-22,578.73,595.71,563.00,591.03,81951
2021-07-23,589.50,589.50,563.00,571.57,56067
2021-07-26,578.73,578.73,563.00,570.04,41859
2021-07-27,570.04,579.56,558.86,563.13,32883
2021-07-28,567.39,572.94,550.58,562.80,34706
2021-07-29,555.63,573.77,552.24,559.53,30303
2021-07-30,566.65,572.94,550.58,555.30,48361
2021-08-02,567.14,567.14,554.72,562.59,25025
2021-08-03,571.28,573.85,554.72,566.07,37852
2021-08-04,575.01,594.34,558.03,594.34,85041
2021-08-05,624.02,624.02,596.12,603.82,215107
2021-08-06,602.74,607.71,579.56,584.07,60736
2021-08-09,593.64,593.64,554.89,570.00,106106
2021-08-10,556.46,598.48,548.10,573.43,168381
2021-08-11,573.27,583.62,563.00,573.02,59015
2021-08-12,573.02,582.05,553.90,576.13,57755
2021-08-13,578.53,583.70,558.08,561.39,76503
2021-08-16,558.45,573.77,549.76,559.98,46658
2021-08-17,561.35,571.03,554.72,559.15,43854
2021-08-18,560.52,569.63,560.52,565.28,29044
2021-08-20,560.52,566.36,537.05,556.75,89401
2021-08-23,556.75,559.69,528.93,535.39,77859
2021-08-24,509.19,538.16,509.19,532.37,59018
2021-08-25,532.37,558.86,532.37,551.49,86082
2021-08-26,548.10,559.69,534.02,537.96,27990
2021-08-27,558.03,558.86,529.88,538.83,35646
2021-08-30,549.59,549.59,534.02,535.39,55370
2021-08-31,534.11,553.07,529.88,544.42,73167
2021-09-01,558.86,558.86,540.65,548.14,44017
2021-09-02,538.16,551.41,538.16,540.48,25022
2021-09-03,540.65,548.10,532.37,534.52,34223
2021-09-06,538.16,543.13,534.52,535.64,34174
2021-09-07,543.96,543.96,530.71,539.57,38875
2021-09-08,542.18,542.30,531.54,532.82,29312
2021-09-09,531.62,540.65,521.27,524.25,76119
2021-09-13,541.48,542.30,525.50,526.99,127425
2021-09-14,533.20,542.30,509.48,525.00,138338
2021-09-15,529.64,533.82,524.09,527.61,76516
2021-09-16,535.64,535.64,521.61,526.16,70363
2021-09-17,532.53,552.07,517.47,546.98,216157
2021-09-20,544.79,544.79,528.35,530.59,64539
2021-09-21,529.06,542.14,521.61,533.03,43271
2021-09-22,538.99,559.65,526.74,546.11,343972
2021-09-23,551.41,558.86,544.95,555.01,224233
2021-09-24,555.55,558.37,540.65,543.21,67418
2021-09-27,546.44,554.14,528.68,538.79,88488
2021-09-28,538.99,544.17,521.40,523.18,144339
2021-09-29,523.18,528.15,509.19,515.48,165850
2021-09-30,517.47,520.78,509.60,514.90,107333
2021-10-01,514.90,536.51,509.64,524.21,85692
2021-10-04,524.30,533.69,519.41,526.32,79974
2021-10-05,526.32,546.44,521.61,537.09,114486
2021-10-06,529.88,542.72,527.81,530.17,99702
2021-10-07,541.48,542.18,529.88,533.78,85241
2021-10-08,540.65,544.79,533.65,537.63,115863
2021-10-11,542.30,542.30,533.20,535.39,74326
2021-10-12,535.39,538.16,532.00,534.31,64926
2021-10-13,534.02,546.44,531.71,537.58,114923
2021-10-14,539.82,539.82,525.41,528.77,100094
2021-10-18,502.36,502.36,502.36,502.36,93755
2021-10-19,477.27,477.27,477.27,477.27,66642
2021-10-20,459.51,471.93,453.42,453.42,543985
2021-10-21,430.78,430.78,430.78,430.78,80353
2021-10-22,409.25,442.70,409.25,431.90,1828717
2021-10-25,453.47,453.47,416.08,437.69,365992
2021-10-26,445.43,445.43,423.54,441.46,316758
2021-10-27,445.43,446.35,419.40,419.93,426869
2021-10-28,419.93,424.03,406.11,411.49,469236
2021-10-29,404.04,416.62,396.59,399.77,412437
2021-11-01,407.35,409.34,397.83,403.46,121847
2021-11-02,408.96,423.62,405.86,422.96,365698
2021-11-03,423.99,426.39,401.84,402.71,376692
2021-11-04,409.00,409.00,401.14,405.44,49705
2021-11-08,411.99,411.99,393.32,395.14,305513
2021-11-09,397.41,397.41,384.99,390.96,223755
2021-11-10,396.54,396.54,384.99,387.15,236367
2021-11-11,389.09,389.38,377.25,380.11,193608
2021-11-12,380.85,394.93,375.64,383.21,383897
2021-11-15,388.68,391.16,384.99,388.51,99316
2021-11-16,392.45,394.10,384.99,387.06,124584
2021-11-17,385.82,388.31,381.77,383.17,60849
2021-11-18,382.51,385.37,376.71,379.07,77522
2021-11-22,372.66,387.48,366.86,377.00,166286
2021-11-23,376.71,385.82,368.52,383.79,117835
2021-11-24,387.40,387.40,374.27,375.35,104527
2021-11-25,380.03,394.10,372.66,393.98,551744
2021-11-26,407.35,413.64,394.93,413.64,1322955
2021-11-29,434.30,434.30,434.30,434.30,95592
2021-11-30,452.89,455.99,447.13,455.99,554968
2021-12-01,470.27,478.76,445.64,478.76,1635001
2021-12-02,479.38,498.84,465.76,486.38,903276
2021-12-03,488.07,491.39,464.93,471.68,601400
2021-12-06,470.27,471.68,450.40,452.35,295835
2021-12-07,448.75,474.95,448.75,474.95,1113086
2021-12-08,486.00,492.63,461.99,470.48,467112
2021-12-09,467.79,493.99,467.79,486.91,1465632
2021-12-10,485.76,486.87,474.41,482.36,580633
2021-12-13,484.35,488.49,460.92,468.62,449161
2021-12-14,464.97,480.17,461.00,473.42,219286
2021-12-15,471.43,473.34,449.78,457.23,234373
2021-12-16,455.37,455.37,434.38,449.49,311476
2021-12-17,442.12,444.81,427.05,427.05,439495
2021-12-20,409.05,417.62,405.73,405.73,192748
2021-12-21,405.69,426.02,397.41,414.01,422354
2021-12-22,418.53,434.71,414.39,432.06,396426
2021-12-23,430.53,432.15,419.06,421.63,278079
2021-12-24,427.14,427.14,407.64,411.03,147987
2021-12-27,410.66,410.66,400.73,407.10,107017
2021-12-28,412.32,415.05,407.10,411.82,170837
2021-12-29,415.63,415.63,401.64,404.95,146034
2021-12-30,408.18,408.18,398.74,401.88,108937
2021-12-31,401.55,412.94,400.73,410.12,218746
2022-01-03,413.52,413.64,404.04,406.23,153741
2022-01-04,407.35,410.21,400.10,405.65,169618
2022-01-05,404.95,424.11,399.07,405.28,449556
2022-01-06,404.87,406.11,399.90,400.77,186163
2022-01-07,399.07,404.04,393.11,394.76,252714
2022-01-10,399.90,405.49,395.39,401.93,194241
2022-01-11,404.87,405.24,398.32,401.55,146493
2022-01-12,403.21,417.62,402.09,412.77,779816
2022-01-13,414.80,433.39,412.73,421.01,3173873
2022-01-14,421.42,437.98,421.42,433.97,657032
2022-01-17,435.46,441.87,423.49,425.85,439041
2022-01-18,426.81,428.71,404.58,406.31,564087
2022-01-19,403.71,408.55,395.72,399.28,412504
2022-01-20,403.37,407.31,397.62,403.04,237554
2022-01-21,388.39,392.11,382.92,382.92,576241
2022-01-24,370.17,378.95,363.80,363.80,254319
2022-01-25,351.09,359.20,345.63,346.37,621751
2022-01-27,331.26,357.67,331.26,349.81,476918
2022-01-28,355.19,366.66,353.41,355.40,375405
2022-01-31,364.25,368.19,358.46,360.69,233488
2022-02-01,361.23,366.37,351.05,364.38,299311
2022-02-02,368.44,375.27,364.38,369.26,274900
2022-02-03,369.26,374.23,358.38,364.38,336775
2022-02-04,365.12,376.05,361.65,362.60,354743
2022-02-07,368.44,372.49,354.36,356.68,278776
2022-02-08,354.53,360.40,344.01,348.36,216113
2022-02-09,349.72,354.90,348.73,350.72,108813
2022-02-10,352.62,363.59,349.64,355.11,283340
2022-02-11,352.70,353.53,345.79,346.41,143414
2022-02-14,337.30,341.90,323.35,326.33,278755
2022-02-15,330.35,333.66,317.89,328.69,258888
2022-02-16,332.01,386.65,331.18,363.05,2420371
2022-02-17,365.95,371.75,351.96,360.57,1170397
2022-02-18,356.84,375.89,353.53,372.78,1105674
2022-02-21,370.92,372.58,345.17,348.90,614618
2022-02-22,342.77,343.35,328.74,332.01,474198
2022-02-23,336.15,342.69,331.18,334.12,298831
2022-02-24,313.79,324.26,313.13,317.06,532366
2022-02-25,321.37,337.47,321.20,331.72,283163
2022-02-28,326.21,341.11,326.21,336.31,511017
2022-03-02,335.32,345.25,330.52,334.41,489969
2022-03-03,338.22,342.98,336.27,338.01,205097
2022-03-04,332.42,336.31,326.21,333.58,245760
2022-03-07,333.62,359.33,329.44,352.62,1511046
2022-03-08,356.31,360.16,339.71,346.37,396090
2022-03-09,349.81,355.19,346.08,347.82,514163
2022-03-10,356.84,359.33,340.29,343.14,694564
2022-03-11,343.60,345.92,333.66,336.10,366779
2022-03-14,337.80,342.77,333.45,335.19,255823
2022-03-15,335.32,340.33,326.04,327.82,305236
2022-03-16,331.92,333.99,327.78,329.07,327394
2022-03-17,332.42,338.67,331.26,333.12,357652
2022-03-21,336.85,336.85,328.74,330.43,284559
2022-03-22,331.84,333.37,326.04,329.32,663005
2022-03-23,332.67,332.71,321.33,323.56,308537
2022-03-24,324.31,327.78,321.74,322.73,593500
2022-03-25,326.21,330.27,317.56,319.13,352037
2022-03-28,319.13,321.53,309.65,312.34,483722
2022-03-29,314.45,317.89,306.34,307.25,450087
2022-03-30,310.40,318.72,307.91,315.74,384112
2022-03-31,311.60,318.72,310.56,312.01,433288
2022-04-01,311.31,325.22,311.27,324.39,296789
2022-04-04,328.61,347.74,326.54,338.34,981865
2022-04-05,341.94,344.01,335.32,338.96,484178
2022-04-06,337.80,340.74,335.90,338.05,203678
2022-04-07,337.76,347.74,331.18,342.27,455667
2022-04-08,345.58,345.58,340.37,343.43,231761
2022-04-11,343.10,345.58,329.56,331.84,330248
2022-04-12,331.38,335.86,313.63,319.26,506157
2022-04-13,318.51,353.20,317.89,341.40,2598719
2022-04-18,338.63,338.63,329.11,332.17,366393
2022-04-19,332.50,339.04,322.36,328.07,281875
2022-04-20,330.76,335.15,323.73,326.09,268605
2022-04-21,327.45,338.88,326.46,327.78,168811
2022-04-22,327.00,330.52,325.38,326.62,106001
2022-04-25,326.42,326.42,320.41,321.41,121678
2022-04-26,323.15,330.35,323.15,325.18,145570
2022-04-27,325.05,326.96,316.90,321.45,160520
2022-04-28,323.73,326.62,320.50,322.48,153952
2022-04-29,326.87,326.87,310.48,312.88,363110
2022-05-02,310.48,311.22,305.01,308.12,228431
2022-05-04,310.44,312.84,297.23,298.43,405684
2022-05-05,305.26,305.26,297.32,298.31,118043
2022-05-06,296.24,296.40,285.64,288.00,200158
2022-05-09,285.64,287.17,279.85,281.87,208697
2022-05-10,285.64,289.62,275.71,279.60,148818
2022-05-11,281.50,284.73,266.02,271.28,195238
2022-05-12,270.74,270.74,257.86,258.98,203785
2022-05-13,264.45,274.88,260.39,263.00,223935
2022-05-16,266.97,277.36,265.36,275.08,120899
2022-05-17,279.02,283.57,275.83,281.83,88490
2022-05-18,284.73,287.71,280.34,282.04,90499
2022-05-19,277.36,290.65,272.48,274.26,298522
2022-05-20,279.31,282.87,276.53,279.76,104062
2022-05-23,281.67,288.95,278.36,283.99,109775
2022-05-24,283.99,287.26,273.22,277.61,73766
2022-05-25,277.98,281.54,265.77,266.85,78650
2022-05-26,268.67,272.60,261.63,270.90,69932
2022-05-27,270.90,278.15,268.30,274.51,71638
2022-05-30,278.48,281.00,276.41,278.31,61248
2022-05-31,278.19,282.95,266.60,269.29,280781
2022-06-01,271.32,273.64,269.33,271.77,73628
2022-06-02,271.52,273.14,269.29,271.57,77523
2022-06-03,273.68,277.36,271.15,272.73,180066
2022-06-06,269.12,276.29,267.88,273.06,71301
2022-06-07,273.06,275.71,270.90,273.26,79127
2022-06-08,282.37,293.42,281.50,285.81,1747859
2022-06-09,285.23,338.63,281.83,329.07,4472075
2022-06-10,322.15,335.07,303.36,305.88,5084390
2022-06-13,296.82,301.33,288.95,292.55,974166
2022-06-14,291.69,298.89,282.41,284.32,315674
2022-06-15,291.44,296.40,281.58,283.16,516548
2022-06-16,286.43,288.58,273.35,276.62,277005
2022-06-17,274.88,278.85,267.76,276.74,203492
2022-06-20,276.74,277.94,263.33,267.34,151691
2022-06-21,271.11,274.42,264.53,268.79,256707
2022-06-22,268.63,275.25,266.97,268.75,146325
2022-06-23,272.31,275.25,267.84,269.45,120560
2022-06-24,272.31,274.51,269.91,271.61,116538
2022-06-27,275.54,277.32,269.99,271.48,118611
2022-06-28,271.07,276.95,269.91,274.30,112433
2022-06-29,271.73,278.81,271.28,274.88,133246
2022-06-30,274.79,279.02,271.19,273.47,92715
2022-07-01,272.85,272.85,268.79,271.65,72097
2022-07-04,272.73,276.24,270.03,273.06,75283
2022-07-05,273.39,278.11,271.57,272.27,140335
2022-07-06,272.39,274.51,268.34,272.60,97585
2022-07-07,274.55,278.11,273.06,276.12,111319
2022-07-08,278.93,279.60,275.29,276.95,84641
2022-07-11,277.03,281.25,273.30,279.76,188724
2022-07-12,281.21,284.81,279.10,280.96,160171
2022-07-13,281.21,284.23,276.53,278.98,70784
2022-07-14,279.85,281.42,273.22,274.51,107446
2022-07-15,275.79,276.45,272.81,274.67,65436
2022-07-18,278.98,282.87,275.46,280.38,123726
2022-07-19,278.85,281.42,277.24,280.09,190928
2022-07-20,286.88,302.20,284.07,296.90,1589296
2022-07-21,296.82,299.26,292.26,294.67,311185
2022-07-22,296.07,301.95,295.66,297.48,402108
2022-07-25,298.89,300.54,293.09,295.74,156770
2022-07-26,296.61,298.02,289.04,290.48,131102
2022-07-27,289.78,289.78,283.82,286.59,111807
2022-07-28,288.54,295.99,287.88,291.64,175100
2022-07-29,289.90,293.92,286.84,291.27,299277
2022-08-01,291.77,294.42,288.66,290.69,253301
2022-08-02,292.93,293.09,288.17,289.82,250897
2022-08-03,290.65,291.44,286.47,287.92,102151
2022-08-04,288.87,293.09,282.74,286.59,141623
2022-08-05,287.38,290.44,285.64,285.89,135185
2022-08-08,287.21,291.40,283.61,288.29,185811
2022-08-10,289.78,296.57,287.96,289.45,340339
2022-08-11,291.60,292.64,287.30,288.29,740819
2022-08-12,289.66,305.84,286.55,302.78,2289552
2022-08-16,302.61,313.58,299.30,308.58,728692
2022-08-17,310.40,312.96,305.26,306.09,485537
2022-08-18,307.58,308.78,302.20,303.32,233506
2022-08-19,303.32,304.23,296.24,298.06,265021
2022-08-22,298.02,298.02,291.93,292.93,164858
2022-08-23,292.26,298.31,291.06,295.41,126405
2022-08-24,296.82,303.81,295.49,300.71,265064
2022-08-25,302.20,308.16,296.24,297.52,308926
2022-08-26,300.21,301.29,293.51,294.00,281271
2022-08-29,286.51,292.22,286.51,287.92,229062
2022-08-30,289.45,292.10,286.63,289.74,540885
2022-09-01,290.19,300.54,289.74,298.18,560197
2022-09-02,300.01,320.41,300.01,314.49,2211051
2022-09-05,317.68,324.60,309.65,311.06,803402
2022-09-06,312.88,315.24,303.03,304.56,719706
2022-09-07,304.56,313.79,303.11,307.50,421625
2022-09-08,310.02,313.38,304.73,306.75,313999
2022-09-09,309.82,310.98,305.51,308.58,329230
2022-09-12,308.58,310.89,306.34,308.12,196197
2022-09-13,309.65,335.32,309.07,333.25,3356797
2022-09-14,328.28,343.60,325.71,336.10,2699854
2022-09-15,337.80,345.25,329.77,342.56,1327336
2022-09-16,341.90,350.88,332.88,340.29,2046864
2022-09-19,344.01,371.25,341.36,368.27,4493844
2022-09-20,370.09,375.89,356.97,358.38,1442714
2022-09-21,358.38,362.39,344.43,346.95,800155
2022-09-22,346.08,353.62,340.70,345.21,497075
2022-09-23,347.86,351.88,333.66,334.90,489433
2022-09-26,334.90,334.90,311.31,315.20,667658
2022-09-27,316.27,328.24,315.03,324.76,570078
2022-09-28,316.48,323.44,310.56,312.88,327818
2022-09-29,314.83,319.59,308.16,310.64,265378
2022-09-30,312.22,327.04,308.33,324.84,458756
2022-10-03,322.07,329.52,320.41,323.85,214958
2022-10-04,331.10,332.92,326.29,327.99,170533
2022-10-06,330.35,339.37,329.89,332.71,206266
2022-10-07,333.66,343.35,331.18,341.07,358674
2022-10-10,337.97,342.77,332.67,335.86,199390
2022-10-11,334.20,338.17,314.74,319.75,233391
2022-10-12,318.76,323.64,315.20,322.40,237982
2022-10-13,323.56,326.91,317.43,322.57,202251
2022-10-14,325.05,329.60,319.21,323.31,108688
2022-10-17,324.97,326.21,317.77,321.49,118345
2022-10-18,323.15,329.40,321.53,325.88,228793
2022-10-19,329.11,354.77,329.11,352.04,3666054
2022-10-20,350.22,370.09,345.25,367.65,3473559
2022-10-21,368.44,371.33,347.03,354.07,1720103
2022-10-24,356.55,360.98,355.19,359.45,199935
2022-10-25,360.74,362.64,354.69,357.01,345030
2022-10-27,360.74,380.85,358.50,374.98,2285331
2022-10-28,379.20,381.60,365.54,371.21,2416523
2022-10-31,373.15,374.23,361.44,364.30,454793
2022-11-01,366.12,366.12,358.00,361.77,397913
2022-11-02,361.73,361.73,348.69,350.39,365441
2022-11-03,350.01,355.11,347.74,349.72,331203
2022-11-04,349.72,363.22,349.72,356.68,498066
2022-11-07,358.50,359.91,354.36,357.88,266751
2022-11-09,358.50,359.29,351.92,353.74,194943
2022-11-10,353.86,355.77,345.34,348.15,200236
2022-11-11,352.21,355.77,343.60,348.28,200022
2022-11-14,349.31,354.65,348.81,353.62,192118
2022-11-15,355.35,356.02,346.87,348.32,139201
2022-11-16,349.81,351.63,343.76,347.82,146633
2022-11-17,346.91,351.88,344.51,346.91,151370
2022-11-18,346.91,353.45,344.88,346.37,236203
2022-11-21,348.07,351.88,343.60,345.46,280217
2022-11-22,346.91,353.04,345.75,346.99,275755
2022-11-23,348.15,351.42,346.91,347.94,132312
2022-11-24,349.43,365.95,348.69,363.26,851757
2022-11-25,365.04,376.18,363.39,367.48,972608
2022-11-28,364.30,370.92,364.30,366.20,341528
2022-11-29,367.57,367.73,359.54,361.89,264710
2022-11-30,363.63,375.89,363.63,370.88,986977
2022-12-01,378.37,380.03,363.30,366.86,707664
2022-12-02,368.44,371.62,364.30,369.47,278784
2022-12-05,371.25,372.74,366.90,369.06,375774
2022-12-06,370.75,371.33,360.74,362.10,267716
2022-12-07,364.05,366.70,356.06,358.75,231852
2022-12-08,360.16,363.84,351.88,360.28,308688
2022-12-09,361.81,362.10,348.73,352.13,317294
2022-12-12,352.04,355.19,347.99,353.78,133169
2022-12-13,355.44,369.30,354.73,366.82,597884
2022-12-14,369.10,403.95,367.81,398.28,6125879
2022-12-15,397.41,429.54,397.41,411.12,7882757
2022-12-16,406.56,410.99,383.96,387.02,2075364
2022-12-19,389.13,423.49,381.52,419.52,3961763
2022-12-20,420.60,449.57,409.25,439.35,6587615
2022-12-21,439.35,439.35,397.41,404.53,2902403
2022-12-22,408.18,433.84,385.82,421.71,5661043
2022-12-23,418.53,420.60,380.85,388.31,2565288
2022-12-26,391.95,420.84,385.91,403.83,2624630
2022-12-27,407.64,424.82,401.10,421.88,2035112
2022-12-28,418.15,428.79,410.37,416.83,1810258
2022-12-29,414.80,420.43,407.51,416.46,1327737
2022-12-30,419.77,447.59,417.20,441.75,3313367
2023-01-02,442.95,479.38,439.64,474.54,9265157
2023-01-03,474.41,482.61,460.50,474.50,4544365
2023-01-04,471.93,475.61,456.74,460.30,2261869
2023-01-05,461.50,477.72,454.46,465.80,3518612
2023-01-06,464.15,471.10,450.73,454.62,1802025
2023-01-09,458.68,479.79,452.26,470.65,3538502
2023-01-10,470.19,473.92,456.61,460.88,1504106
2023-01-11,460.83,475.45,455.37,469.98,2034018
2023-01-12,471.51,491.80,462.57,486.71,4214761
2023-01-13,486.42,497.18,476.07,480.42,2409178
2023-01-16,479.30,482.69,467.79,470.56,1131425
2023-01-17,471.93,473.09,448.08,451.81,1361139
2023-01-18,452.97,463.69,449.08,456.82,1217209
2023-01-19,453.30,461.74,445.43,449.37,644759
2023-01-20,449.95,456.90,443.20,445.35,767442
2023-01-23,447.50,450.15,435.09,439.47,618075
2023-01-24,439.97,466.05,436.41,460.67,2791164
2023-01-25,461.87,470.27,448.04,455.20,1763105
2023-01-27,455.29,459.05,431.40,441.71,1161273
2023-01-30,438.69,451.52,431.86,437.20,615988
2023-01-31,440.72,463.48,435.42,458.89,869281
2023-02-01,465.31,471.10,419.15,446.30,1074321
2023-02-02,443.78,461.95,443.78,450.73,586482
2023-02-03,455.29,461.99,437.36,445.97,568708
2023-02-06,446.26,456.57,443.94,446.92,336830
2023-02-07,447.71,467.79,447.71,461.04,1149832
2023-02-08,462.08,488.24,462.08,482.40,1544392
2023-02-09,484.84,487.95,466.75,484.18,964372
2023-02-10,480.21,482.65,465.31,469.98,560224
2023-02-13,470.27,478.55,465.31,470.69,648038
2023-02-14,470.65,480.21,469.82,473.79,451447
2023-02-15,473.09,474.37,464.48,467.13,259907
2023-02-16,470.27,494.28,465.72,485.38,943374
2023-02-17,493.04,506.58,487.00,491.59,2548681
2023-02-20,491.59,497.55,477.39,480.91,796865
2023-02-21,482.20,483.56,468.78,472.47,453589
2023-02-22,471.68,486.83,465.10,483.69,1251814
2023-02-23,483.85,494.03,476.32,488.82,701718
2023-02-24,489.81,497.59,478.51,481.53,577999
2023-02-27,481.86,484.35,472.76,477.85,498261
2023-02-28,477.89,499.91,474.12,494.45,753554
2023-03-01,499.83,504.72,492.83,495.90,744616
2023-03-02,496.68,497.84,484.35,487.83,328297
2023-03-03,489.90,495.11,482.77,484.72,425156
2023-03-06,487.66,494.28,483.23,486.58,365174
2023-03-08,484.35,520.36,479.63,516.22,2881539
2023-03-09,519.12,542.14,511.38,523.26,3483531
2023-03-10,515.02,520.49,498.42,502.85,937126
2023-03-13,506.70,511.63,481.53,484.43,1227583
2023-03-14,487.00,489.90,424.74,432.48,2856048
2023-03-15,443.78,450.15,428.46,432.44,2368560
2023-03-16,432.56,435.09,409.63,412.28,1770335
2023-03-17,415.21,425.48,410.70,420.89,1274482
2023-03-20,418.69,426.97,405.82,420.64,1317219
2023-03-21,422.75,425.98,413.14,414.80,505849
2023-03-22,416.46,425.27,416.46,420.06,467573
2023-03-23,418.11,433.02,415.01,422.79,730751
2023-03-24,424.65,426.72,406.60,411.20,502111
2023-03-27,409.83,410.87,382.92,387.77,998068
2023-03-28,391.66,408.09,384.41,401.55,924468
2023-03-29,401.55,411.32,392.49,401.88,1152579
2023-03-31,409.83,456.86,406.52,424.86,7085164
2023-04-03,434.67,455.20,426.02,447.84,2703804
2023-04-05,447.05,479.45,445.15,463.15,3349342
2023-04-06,466.85,473.95,455.10,458.90,1406123
2023-04-10,459.45,460.85,445.65,450.25,556332
2023-04-11,448.10,453.50,442.00,444.05,416771
2023-04-12,443.75,450.00,437.75,438.85,537447
2023-04-13,430.00,441.95,406.70,423.45,3559599
2023-04-17,423.45,428.00,407.00,411.55,1248554
2023-04-18,413.75,422.50,409.05,412.80,1826880
2023-04-19,418.00,424.35,412.85,417.35,1321714
2023-04-20,420.15,431.00,417.40,426.55,1530782
2023-04-21,434.70,439.35,426.00,428.15,1743748
2023-04-24,432.00,435.95,426.15,428.85,1002282
2023-04-25,432.00,447.50,429.40,444.70,1122903
2023-04-26,444.00,444.55,436.05,437.55,441452
2023-04-27,428.00,449.00,428.00,446.00,508536
2023-04-28,446.00,452.00,441.10,445.90,450528
2023-05-02,445.95,464.80,445.90,458.15,700851
2023-05-03,456.50,491.50,454.05,485.25,1539637
2023-05-04,485.95,496.25,476.45,493.70,1335767
2023-05-05,496.15,499.70,473.50,476.95,648783
2023-05-08,481.00,488.40,475.00,486.55,427837
2023-05-09,475.00,478.45,464.75,469.60,1206348
2023-05-10,470.00,470.15,460.30,463.75,541869
2023-05-11,465.65,476.00,465.60,472.90,377740
2023-05-12,470.00,480.90,467.55,469.25,301232
2023-05-15,471.00,482.50,461.05,478.35,667321
2023-05-16,478.35,481.90,470.50,472.40,901565
2023-05-17,474.90,479.55,466.05,468.70,367656
2023-05-18,470.10,484.45,466.85,480.40,860612
2023-05-19,475.55,475.55,461.05,465.70,928184
2023-05-22,468.00,476.80,467.95,474.40,387420
2023-05-23,473.00,478.80,467.50,472.00,258084
2023-05-24,471.25,474.70,465.10,467.95,242144
2023-05-25,469.90,469.90,455.40,460.50,388476
2023-05-26,463.70,475.50,462.00,473.80,465991
2023-05-29,473.50,489.95,472.80,480.55,697854
2023-05-30,481.70,486.00,476.20,483.15,406017
2023-05-31,484.80,508.20,480.35,505.25,1186701
2023-06-01,516.00,543.70,515.00,536.70,3477369
2023-06-02,536.70,537.95,525.10,530.40,698176
2023-06-05,539.00,544.40,530.00,535.45,809407
2023-06-06,535.40,547.85,529.75,535.65,1280519
2023-06-07,537.90,549.00,535.10,546.75,685284
2023-06-08,547.90,551.00,540.10,545.00,496753
2023-06-09,547.00,548.40,533.25,535.05,348443
2023-06-12,537.00,568.40,528.05,559.15,1097269
2023-06-13,568.00,583.05,561.35,575.60,1430380
2023-06-14,579.00,579.70,564.55,569.35,568669
2023-06-15,572.00,576.80,558.00,561.20,611209
2023-06-16,565.00,573.95,558.60,569.90,1186360
2023-06-19,575.70,582.50,568.05,570.40,657925
2023-06-20,573.40,591.00,565.55,588.85,807755
2023-06-21,593.60,609.10,589.90,602.30,908374
2023-06-22,598.00,615.00,597.15,611.10,817587
2023-06-23,615.00,615.00,579.20,588.85,766803
2023-06-26,591.90,604.00,579.15,601.75,797301
2023-06-27,604.00,607.00,591.25,594.20,639608
2023-06-28,598.60,605.10,587.10,590.75,451731
2023-06-30,590.85,594.90,565.20,567.40,778249
2023-07-03,567.40,578.65,560.60,565.25,443644
2023-07-04,565.70,579.00,561.20,567.05,580827
2023-07-05,568.60,576.00,560.10,561.80,353579
2023-07-06,561.40,585.00,559.00,579.85,493149
2023-07-07,581.00,590.20,580.00,583.15,477657
2023-07-10,585.00,607.95,577.85,601.00,907042
2023-07-11,604.00,631.00,602.00,606.20,1594075
2023-07-12,607.00,621.40,607.00,611.75,631454
2023-07-13,618.00,629.95,609.10,618.00,806319
2023-07-14,624.00,627.00,616.30,620.30,300532
2023-07-17,623.40,644.90,621.35,643.40,990595
2023-07-18,644.00,644.00,625.35,632.00,458907
2023-07-19,634.95,642.00,629.50,640.50,290594
2023-07-20,640.50,655.95,637.30,652.45,584959
2023-07-21,646.00,652.35,639.50,650.20,375125
2023-07-24,653.55,696.60,651.00,689.30,2331247
2023-07-25,694.00,699.00,676.95,684.65,1060725
2023-07-26,682.30,682.30,650.30,654.00,1522301
2023-07-27,657.40,664.00,632.00,637.45,384126
2023-07-28,641.00,647.45,610.95,617.05,696449
2023-07-31,619.80,639.00,618.20,634.80,504798
2023-08-01,638.00,645.95,628.00,629.65,420429
2023-08-02,629.90,629.90,598.10,608.10,441036
2023-08-03,609.90,619.95,604.95,609.85,334379
2023-08-04,613.35,628.75,613.35,617.05,421773
2023-08-07,617.05,632.95,613.05,629.65,280904
2023-08-08,629.65,642.50,624.10,638.90,415207
2023-08-09,638.40,639.85,628.90,634.55,164225
2023-08-10,634.80,638.80,618.05,625.90,178319
2023-08-11,625.90,664.00,625.90,659.70,1087981
2023-08-14,659.90,661.95,641.00,648.85,290119
2023-08-16,648.00,658.70,640.25,651.00,249677
2023-08-17,651.00,669.00,648.60,651.80,476860
2023-08-18,651.70,659.25,626.05,635.35,372907
2023-08-21,670.00,688.00,654.00,657.90,2734618
2023-08-22,659.95,671.15,654.05,657.60,552538
2023-08-23,660.90,662.75,642.30,645.75,552379
2023-08-24,651.80,654.90,643.25,649.15,225444
2023-08-25,649.15,649.95,637.00,639.40,164022
2023-08-28,642.50,655.00,640.20,652.05,248228
2023-08-29,653.80,655.35,640.10,642.55,188532
2023-08-30,645.80,651.45,642.60,646.15,265752
2023-08-31,649.50,654.90,638.30,650.45,512923
2023-09-01,648.00,659.90,642.00,651.65,430342
2023-09-04,655.00,674.70,652.35,662.45,429645
2023-09-05,662.50,681.05,662.50,675.35,425374
2023-09-06,678.90,678.90,665.00,671.70,165824
2023-09-07,673.00,677.75,668.40,672.00,145268
2023-09-08,677.50,688.40,668.00,678.05,293448
2023-09-11,678.05,694.00,669.10,673.70,372110
2023-09-12,676.00,680.00,645.55,667.95,550200
2023-09-13,669.00,685.70,665.25,684.10,327434
2023-09-14,693.80,739.70,675.85,726.75,1864605
2023-09-15,734.55,738.30,705.95,719.55,1250155
2023-09-18,723.80,724.80,685.05,689.90,423806
2023-09-20,689.90,705.60,668.75,674.50,473157
2023-09-21,674.55,685.00,656.20,663.40,331911
2023-09-22,667.80,693.05,665.40,688.15,422744
2023-09-25,689.60,691.30,656.25,659.90,387910
2023-09-26,662.50,674.80,652.20,655.50,300979
2023-09-27,658.00,668.35,655.60,662.00,233157
2023-09-28,667.00,685.00,655.10,680.10,436821
2023-09-29,682.60,697.85,672.50,694.10,380599
2023-10-03,693.80,782.40,688.95,742.30,6329148
2023-10-04,738.05,757.90,717.70,721.55,1400719
2023-10-05,728.80,730.45,703.85,707.85,546425
2023-10-06,710.80,742.00,708.25,720.40,1180066
2023-10-09,714.00,733.20,697.85,711.00,549023
2023-10-10,714.40,733.45,713.30,726.95,486083
2023-10-11,729.85,739.50,721.15,725.35,426096
2023-10-12,726.80,744.40,717.40,741.40,495084
2023-10-13,738.00,743.95,723.00,726.20,444032
2023-10-16,729.75,729.80,719.50,720.70,154160
2023-10-17,724.45,752.50,721.35,746.60,447093
2023-10-18,746.40,772.00,736.60,761.45,972493
2023-10-19,759.95,784.90,752.00,772.90,622517
2023-10-20,765.70,780.50,742.65,747.20,496254
2023-10-23,748.30,760.80,699.25,715.05,635022
2023-10-25,726.00,731.95,693.70,711.55,947961
2023-10-26,714.25,720.75,680.00,713.40,395691
2023-10-27,730.00,757.00,720.05,736.85,689104
2023-10-30,735.00,735.00,701.15,716.70,338438
2023-10-31,719.95,759.00,719.95,736.40,1210210
2023-11-01,733.00,740.00,710.00,713.50,441543
2023-11-02,722.80,734.90,718.65,731.10,227904
2023-11-03,734.80,748.00,725.30,730.25,252192
2023-11-06,733.95,749.90,733.95,746.80,327045
2023-11-07,743.00,745.00,730.90,734.80,196642
2023-11-08,737.50,743.95,732.50,735.80,135885
2023-11-09,739.60,754.70,735.80,745.25,254378
2023-11-10,745.25,750.80,736.80,743.60,108799
2023-11-12,753.00,753.00,744.35,748.00,44151
2023-11-13,746.05,779.30,742.50,775.35,522209
2023-11-15,777.00,804.00,775.50,790.70,805473
2023-11-16,795.00,800.00,771.20,776.10,316743
2023-11-17,777.10,815.75,777.10,808.55,639830
2023-11-20,804.05,824.80,801.20,819.95,711851
2023-11-21,819.10,821.10,802.00,809.35,301017
2023-11-22,809.25,824.75,803.40,809.00,231443
2023-11-23,810.00,816.45,794.00,798.75,145659
2023-11-24,797.00,804.85,781.55,783.20,158086
2023-11-28,791.75,795.20,779.00,781.30,220131
2023-11-29,784.70,805.95,782.50,799.00,335228
2023-11-30,802.00,819.80,767.00,773.60,941339
2023-12-01,784.00,790.00,777.00,779.15,352372
2023-12-04,795.00,812.85,793.70,797.10,513058
2023-12-05,804.00,809.00,791.95,795.90,308875
2023-12-06,800.00,804.50,778.65,784.50,318697
2023-12-07,786.05,805.10,780.50,792.15,438909
2023-12-08,792.00,823.20,651.10,781.05,945092
2023-12-11,790.40,802.25,783.90,786.55,282643
2023-12-12,786.55,796.50,773.00,777.75,297223
2023-12-13,780.05,793.95,774.35,788.65,326559
2023-12-14,794.65,798.80,779.65,784.30,199098
2023-12-15,787.00,815.00,786.00,803.40,342524
2023-12-18,802.50,818.70,794.10,812.95,335501
2023-12-19,814.00,833.00,802.35,807.55,401817
2023-12-20,816.80,823.00,775.00,782.00,310524
2023-12-21,775.00,789.70,766.35,771.10,334328
2023-12-22,775.20,786.85,770.00,775.35,178348
2023-12-26,776.80,789.50,769.35,786.10,179313
2023-12-27,787.45,794.60,781.00,785.85,137240
2023-12-28,788.00,791.95,773.10,777.80,251047
2023-12-29,778.00,785.40,774.00,780.75,216364
2024-01-01,781.90,794.90,780.90,785.30,144151
2024-01-02,785.90,792.90,776.00,778.50,223333
2024-01-03,785.10,803.95,785.10,788.15,347062
2024-01-04,793.00,798.85,787.95,796.45,135541
2024-01-05,802.00,807.00,788.30,800.65,184904
2024-01-08,800.00,804.35,786.00,788.65,116591
2024-01-09,793.00,796.30,787.00,788.00,95539
2024-01-10,789.00,793.85,775.10,782.95,145993
2024-01-11,783.00,803.45,772.60,779.45,281577
2024-01-12,778.70,807.00,778.30,799.45,310049
2024-01-15,804.80,808.00,787.05,797.20,205530
2024-01-16,792.95,894.70,789.45,848.00,5808372
2024-01-17,839.00,858.95,824.10,827.55,890526
2024-01-18,828.00,905.50,810.55,856.20,4190153
2024-01-19,864.70,888.00,848.50,876.90,852386
2024-01-20,875.05,888.40,868.00,872.25,255128
2024-01-23,894.05,906.45,851.00,863.60,838140
2024-01-24,863.00,863.00,842.55,859.80,336373
2024-01-25,830.00,913.70,806.00,820.90,5908270
2024-01-29,826.80,834.40,783.35,791.25,1085733
2024-01-30,795.25,802.90,758.00,763.15,752715
2024-01-31,770.00,797.80,766.85,784.60,1114473
2024-02-01,785.95,825.80,783.75,820.10,1437043
2024-02-02,829.00,839.90,792.00,800.90,987425
2024-02-05,806.50,821.70,785.00,791.70,418736
2024-02-06,799.65,814.00,796.00,806.55,287970
2024-02-07,817.90,845.60,811.05,821.30,915164
2024-02-08,828.00,832.95,805.05,808.55,388707
2024-02-09,814.50,835.00,804.65,825.85,548583
2024-02-12,829.80,844.40,782.10,787.35,606281
2024-02-13,800.00,801.40,774.00,777.70,460021
2024-02-14,773.00,787.35,766.00,783.95,235047
2024-02-15,787.80,793.80,778.70,781.85,221032
2024-02-16,788.00,791.00,763.80,768.80,546443
2024-02-19,760.60,781.75,743.35,747.20,621984
2024-02-20,749.85,761.40,741.00,742.70,383116
2024-02-21,745.20,755.00,722.00,726.75,405819
2024-02-22,730.10,738.85,712.00,716.75,399739
2024-02-23,722.80,729.85,697.40,702.75,762342
2024-02-26,712.40,748.10,710.00,723.95,1511972
2024-02-27,723.95,728.70,709.00,715.10,332979
2024-02-28,718.90,721.50,698.00,701.75,306449
2024-02-29,700.85,704.95,683.20,694.25,469003
2024-03-01,700.00,729.80,693.35,725.45,645012
2024-03-02,729.45,738.00,720.00,732.55,60499
2024-03-04,735.80,735.80,716.50,719.85,279683
2024-03-05,715.00,719.90,690.90,693.15,855259
2024-03-06,694.90,696.95,665.15,676.15,473863
2024-03-07,679.00,708.00,679.00,702.80,905055
2024-03-11,702.05,704.70,674.00,678.05,260725
2024-03-12,681.85,681.85,658.00,661.10,372296
2024-03-13,663.00,664.50,604.00,611.85,431935
2024-03-14,610.00,651.95,607.65,646.70,439848
2024-03-15,646.70,648.45,621.30,627.20,381903
2024-03-18,627.80,644.70,620.00,624.70,431101
2024-03-19,624.85,640.85,621.30,626.80,386363
2024-03-20,626.80,634.00,610.00,613.25,513138
2024-03-21,623.00,645.40,623.00,642.50,355268
2024-03-22,639.50,653.50,635.30,640.15,318661
2024-03-26,640.00,647.70,625.00,628.60,322057
2024-03-27,631.00,645.90,624.45,630.35,619023
2024-03-28,633.55,639.30,625.45,629.85,271310
2024-04-01,651.00,755.80,651.00,749.30,9716605
2024-04-02,745.20,747.85,721.00,724.05,2358853
2024-04-03,720.00,743.00,717.65,735.00,1229166
2024-04-04,735.00,794.00,735.00,769.65,4485487
2024-04-05,767.90,778.25,758.30,772.30,740149
2024-04-08,773.90,774.00,759.00,763.90,543094
2024-04-09,766.80,794.60,760.55,764.50,1116656
2024-04-10,765.10,772.35,758.90,769.00,268151
2024-04-12,766.10,780.45,760.20,762.85,440294
2024-04-15,753.00,761.80,723.00,738.15,465969
2024-04-16,737.05,759.60,735.00,748.45,283274
2024-04-18,755.00,771.00,748.05,752.10,316502
2024-04-19,745.90,776.00,732.50,771.85,634039
2024-04-22,779.70,788.00,765.80,769.90,347520
2024-04-23,773.50,778.90,761.70,772.10,330858
2024-04-24,779.00,792.50,767.00,776.65,780118
2024-04-25,778.30,788.00,772.60,783.25,337406
2024-04-26,795.00,799.50,779.00,784.75,627548
2024-04-29,786.80,825.90,764.50,802.60,1307053
2024-04-30,814.60,819.90,791.10,795.80,1320902
2024-05-02,795.80,809.00,795.00,797.00,405071
2024-05-03,803.00,804.50,792.00,796.30,289089
2024-05-06,803.80,803.80,770.50,773.55,252926
2024-05-07,775.00,775.05,752.00,759.80,290437
2024-05-08,759.05,765.60,753.10,756.90,193859
2024-05-09,758.40,770.20,752.65,755.95,318423
2024-05-10,755.95,757.25,735.55,739.60,236202
2024-05-13,738.70,741.65,714.10,727.75,177297
2024-05-14,729.95,738.00,722.25,732.30,293075
2024-05-15,735.90,745.75,733.35,736.75,175604
2024-05-16,739.90,754.00,739.10,743.70,182211
2024-05-17,743.70,751.00,732.05,735.30,218433
2024-05-18,738.60,750.85,737.65,747.30,21225
2024-05-21,747.50,747.50,733.35,740.55,163701
2024-05-22,742.00,747.50,735.00,745.35,173703
2024-05-23,750.60,814.00,750.60,798.65,2819220
2024-05-24,800.00,807.00,790.50,796.45,494828
2024-05-27,800.00,809.80,792.85,798.85,549820
2024-05-28,802.50,802.50,786.00,787.80,247495
2024-05-29,744.00,750.90,724.00,735.75,12935289
2024-05-30,730.00,748.70,726.25,745.40,1526371
2024-05-31,745.00,746.10,717.00,722.90,1560869
2024-06-03,749.95,752.00,724.05,729.15,2226627
2024-06-04,731.45,734.45,616.60,671.95,1908944
2024-06-05,679.00,720.05,657.25,713.10,1110813
2024-06-06,716.00,745.00,716.00,739.40,1042484
2024-06-07,738.00,752.80,732.65,746.50,1026471
2024-06-10,751.90,774.00,751.50,764.10,1221449
2024-06-11,773.00,818.55,764.10,808.15,4061676
2024-06-12,813.00,820.00,800.10,816.75,1826236
2024-06-13,820.00,835.70,806.40,832.30,1187144
2024-06-14,832.30,847.85,815.00,832.95,1181295
2024-06-18,837.40,903.25,832.95,864.80,4434697
2024-06-19,868.80,884.35,836.00,840.00,2813886
2024-06-20,803.00,813.35,785.00,791.80,23656623
2024-06-21,794.00,805.00,779.20,783.50,2316684
2024-06-24,782.50,782.85,762.45,768.40,2021911
2024-06-25,771.00,786.70,766.10,781.60,2236343
2024-06-26,795.55,804.30,790.00,791.85,3147347
2024-06-27,793.05,808.05,781.00,785.40,2196879
2024-06-28,792.80,795.85,780.00,784.80,1614230
2024-07-01,786.00,802.50,780.50,800.25,1137549
2024-07-02,800.00,802.25,783.20,796.40,858738
2024-07-03,795.90,812.75,791.05,800.55,1548839
2024-07-04,800.80,809.90,795.05,808.85,1173590
2024-07-05,808.80,809.90,791.10,792.60,719773
2024-07-08,802.65,803.00,782.60,793.10,1820880
2024-07-09,798.80,798.80,788.25,793.30,694287
2024-07-10,797.45,810.50,770.45,807.15,1256303
2024-07-11,807.10,808.80,795.05,799.75,502251
2024-07-12,803.75,822.50,795.55,809.85,1551313
2024-07-15,812.00,815.45,797.00,800.60,492816
2024-07-16,803.75,819.00,795.00,800.00,1090356
2024-07-18,805.70,811.00,785.20,789.20,875229
2024-07-19,788.00,788.00,773.00,780.80,949241
2024-07-22,780.80,795.85,765.20,791.90,900314
2024-07-23,797.90,797.90,741.25,757.40,1625765
2024-07-24,765.00,783.60,759.80,775.95,900083
2024-07-25,770.00,796.00,763.25,781.25,1600605
2024-07-26,790.00,803.00,786.90,793.85,1956104
2024-07-29,799.90,807.00,790.70,794.90,763203
2024-07-30,781.00,788.40,778.65,779.95,5745630
2024-07-31,782.00,812.00,779.50,805.50,4904880
2024-08-01,809.75,826.00,800.90,809.55,3258960
2024-08-02,801.00,822.85,792.15,810.55,1802886
2024-08-05,792.00,792.05,768.05,774.90,1893441
2024-08-06,783.00,806.40,783.00,790.85,1963673
2024-08-07,804.00,819.45,793.40,809.35,1473418
2024-08-08,809.00,821.00,800.40,804.20,781450
2024-08-09,811.80,836.30,810.80,821.00,2041897
2024-08-12,821.00,847.10,815.65,836.10,2246162
2024-08-13,838.00,844.05,801.25,803.60,1054794
2024-08-14,809.90,835.00,798.00,830.40,1683061
2024-08-16,835.00,838.90,821.70,824.60,721549
2024-08-19,831.90,832.00,819.15,822.40,374968
2024-08-20,826.00,826.95,809.00,810.90,945890
2024-08-21,827.00,909.00,826.00,892.85,15244806
2024-08-22,884.85,886.75,861.65,867.15,6575199
2024-08-23,865.20,879.00,838.60,866.60,2321002
2024-08-26,866.95,885.25,850.85,878.10,1811960
2024-08-27,882.90,889.30,870.65,880.75,972324
2024-08-28,883.80,927.00,882.45,902.50,5961776
2024-08-29,906.65,972.60,896.70,946.90,10183222
2024-08-30,947.00,995.00,936.75,977.45,4981438
2024-09-02,985.00,994.85,968.10,974.70,2176780
2024-09-03,974.70,1014.00,951.00,1002.80,3798587
2024-09-04,972.35,1088.70,959.75,1052.85,7807837
2024-09-05,1055.50,1109.70,1015.35,1038.10,5785079
2024-09-06,1040.00,1053.85,1017.05,1023.40,2420544
2024-09-09,1012.00,1100.00,1007.60,1078.20,3689655
2024-09-10,1082.50,1084.95,1044.00,1050.90,1410554
2024-09-11,1051.30,1133.95,1041.45,1108.35,7413704
2024-09-12,1125.00,1132.65,1087.70,1109.00,3065049
2024-09-13,1117.90,1202.20,1092.30,1137.05,8879251
2024-09-16,1148.00,1191.95,1051.00,1061.50,7747278
2024-09-17,1067.50,1077.70,1015.55,1049.95,6407231
2024-09-18,1050.00,1095.40,1050.00,1075.10,2903999
2024-09-19,1079.90,1086.60,1006.40,1015.30,3278652
2024-09-20,1020.40,1044.00,1003.65,1008.70,1483490
2024-09-23,1008.70,1023.65,1000.95,1013.35,1249228
2024-09-24,1015.95,1028.00,986.40,995.70,1638793
2024-09-25,995.55,1003.80,969.30,997.75,1266169
2024-09-26,997.50,1005.85,981.70,997.80,868476
2024-09-27,996.00,1002.65,963.00,971.95,766359
2024-09-30,965.00,987.00,960.00,982.95,848258
2024-10-01,982.95,992.00,969.00,971.80,569834
2024-10-03,970.00,979.55,930.20,938.75,1188935
2024-10-04,942.35,987.25,922.40,944.85,3162488
2024-10-07,954.20,954.20,916.75,934.85,1308491
2024-10-08,939.95,955.90,933.55,939.10,1665970
2024-10-09,946.00,983.00,940.45,946.05,2405110
2024-10-10,954.50,965.50,944.60,950.25,1025744
2024-10-11,952.90,983.00,943.90,973.95,826948
2024-10-14,975.70,1014.40,967.85,989.50,1407379
2024-10-15,994.20,1011.80,964.05,981.85,1211913
2024-10-16,981.00,981.65,953.00,959.45,570338
2024-10-17,959.45,960.95,930.05,933.65,456324
2024-10-18,934.00,939.00,895.10,932.75,937188
2024-10-21,941.10,941.80,913.25,915.10,456858
2024-10-22,919.60,924.40,866.35,874.40,908807
2024-10-23,880.00,967.15,877.55,947.65,2572464
2024-10-24,937.95,984.40,925.00,934.45,1588254
2024-10-25,972.00,1034.95,938.55,947.75,8267621
2024-10-28,948.35,958.30,900.00,903.60,2550764
2024-10-29,910.25,927.00,893.75,921.40,1272225
2024-10-30,922.60,940.80,915.10,923.00,776661
2024-10-31,925.75,977.50,917.15,967.05,1342499
2024-11-01,977.70,978.75,965.00,968.15,113717
2024-11-04,965.00,997.95,945.00,951.10,1391827
2024-11-05,950.35,992.30,945.00,985.70,680909
2024-11-06,982.90,1007.15,975.10,999.25,841414
2024-11-07,1003.00,1025.20,964.40,970.30,749268
2024-11-08,971.15,974.15,941.00,947.20,462043
2024-11-11,949.95,1011.90,939.60,966.85,2507372
2024-11-12,969.95,993.55,959.05,983.15,596629
2024-11-13,949.00,952.85,905.05,924.65,31406738
2024-11-14,935.00,944.30,894.95,904.00,2880521
2024-11-18,895.00,895.00,833.65,871.15,6852378
2024-11-19,875.00,893.55,854.35,865.15,2334072
2024-11-21,863.00,870.00,850.15,866.05,1187503
2024-11-22,866.00,871.15,829.50,854.60,2908364
2024-11-25,868.00,878.30,851.10,866.30,1222413
2024-11-26,866.30,872.60,849.70,859.55,993400
2024-11-27,868.45,888.00,859.00,876.45,955793
2024-11-28,876.45,895.75,867.75,883.40,941561
2024-11-29,891.20,893.70,870.55,891.70,757819
2024-12-02,891.70,891.70,867.85,884.00,754299
2024-12-03,884.00,896.85,875.55,884.95,666578
2024-12-04,899.00,918.70,896.00,914.25,1975955
2024-12-05,920.00,948.70,919.60,943.10,2786248
2024-12-06,945.00,968.80,932.85,963.15,1498697
2024-12-09,967.80,976.65,948.85,959.30,989760
2024-12-10,964.25,972.00,945.05,964.50,1519451
2024-12-11,965.00,972.50,935.20,939.90,987570
2024-12-12,939.90,948.30,918.50,927.95,1514984
2024-12-13,927.95,934.85,913.30,934.10,1014405
2024-12-16,934.20,939.55,918.85,921.75,429931
2024-12-17,920.00,921.60,884.05,889.40,750809
2024-12-18,892.80,892.80,869.00,873.00,542529
2024-12-19,862.50,885.65,851.85,872.10,723286
2024-12-20,873.00,878.95,843.20,868.85,1401273
2024-12-23,872.75,882.50,838.00,842.95,600296
2024-12-24,850.60,852.00,828.10,846.75,845278
2024-12-26,858.95,866.00,838.10,850.40,1312848
2024-12-27,847.00,872.95,842.30,851.00,834404
2024-12-30,850.00,880.95,835.60,869.70,887509
2024-12-31,864.90,882.25,847.10,877.70,872609
2025-01-01,879.00,913.95,873.30,908.10,1010878
2025-01-02,908.00,933.85,896.90,924.80,1247257
2025-01-03,925.50,939.80,922.00,926.65,647982
2025-01-06,920.00,925.45,878.20,897.15,1283268
2025-01-07,897.00,903.05,880.00,885.60,735772
2025-01-08,890.00,891.05,860.00,873.90,658333
2025-01-09,875.95,900.25,870.10,890.75,917668
2025-01-10,891.80,892.25,842.50,855.30,1138903
2025-01-13,855.30,855.30,797.00,809.40,1655083
2025-01-14,823.00,853.95,817.50,840.95,751004
2025-01-15,836.00,862.00,832.85,856.60,412015
2025-01-16,856.70,899.60,856.60,895.60,657986
2025-01-17,894.00,914.40,882.50,903.90,574185
2025-01-20,910.85,919.10,894.80,912.45,391347
2025-01-21,923.40,935.80,890.40,898.50,619377
2025-01-22,935.00,935.00,846.90,911.45,5778917
2025-01-23,906.70,907.20,875.60,883.75,1248016
2025-01-24,880.95,884.65,851.10,863.40,1216979
2025-01-27,860.00,860.00,776.20,813.30,2477977
2025-01-28,816.95,862.00,791.15,843.05,2026691
2025-01-29,833.25,876.30,827.45,871.15,536749
2025-01-30,875.00,882.55,851.00,861.70,804099
2025-01-31,866.20,887.00,854.00,878.20,581299
2025-02-01,890.00,921.75,873.60,893.95,864269
2025-02-03,887.80,896.00,871.75,879.90,568504
2025-02-04,885.15,887.50,858.00,868.85,781683
2025-02-05,872.15,908.85,870.40,900.85,657460
2025-02-06,906.00,916.15,895.85,907.00,614108
2025-02-07,916.00,929.00,881.00,888.85,957992
2025-02-10,888.85,892.50,858.05,866.50,519165
2025-02-11,853.50,863.95,825.50,830.55,618035
2025-02-12,825.00,830.45,787.00,818.70,1214221
2025-02-13,820.75,843.30,802.65,806.15,717399
2025-02-14,812.00,816.95,777.70,792.70,830097
2025-02-17,792.60,806.90,768.05,781.25,1015154
2025-02-18,787.50,803.00,770.10,800.30,612166
2025-02-19,796.35,824.75,791.00,810.90,409760
2025-02-20,810.90,829.95,805.05,826.65,320074
2025-02-21,829.80,845.00,800.60,804.70,588597
2025-02-24,797.75,799.00,780.70,789.00,665712
2025-02-25,790.90,801.65,784.05,792.20,444917
2025-02-27,798.00,799.40,772.00,784.70,542940
2025-02-28,779.00,781.15,746.70,763.35,1032385
2025-03-03,768.00,775.65,754.20,766.05,912198
2025-03-04,755.05,794.40,751.20,785.50,1076681
2025-03-05,786.00,807.00,778.10,805.00,593805
2025-03-06,815.00,829.55,796.85,818.15,885709
2025-03-07,816.30,827.85,805.10,818.20,453549
2025-03-10,818.30,833.50,783.40,786.80,718763
2025-03-11,786.80,800.05,775.00,791.70,532211
2025-03-12,797.40,835.50,795.40,801.00,1568571
2025-03-13,800.00,822.20,794.80,803.45,550745
2025-03-17,803.45,823.55,798.00,801.10,351286
2025-03-18,810.00,826.25,802.00,817.50,563380
2025-03-19,819.00,840.45,813.50,833.85,763110
2025-03-20,841.50,847.90,820.50,826.05,716176
2025-03-21,830.20,867.25,823.45,860.80,1153927
2025-03-24,867.00,879.00,861.00,872.95,776046
2025-03-25,885.00,890.10,846.00,870.65,1182877
2025-03-26,873.50,876.30,850.00,851.95,398535
2025-03-27,856.10,877.80,850.10,871.00,538892
2025-03-28,882.00,902.05,870.60,881.50,1806791
2025-04-01,880.00,882.75,854.90,872.85,648771
2025-04-02,872.90,924.45,868.25,917.05,1485416
2025-04-03,916.00,955.65,901.55,937.40,1946318
2025-04-04,937.40,965.00,929.60,949.45,4290106
2025-04-07,879.55,926.20,854.50,923.65,2569743
2025-04-08,957.00,979.00,948.05,964.10,3280259
2025-04-09,964.10,966.95,919.00,923.15,1358950
2025-04-11,947.00,984.00,925.30,979.40,1882892
2025-04-15,999.00,999.00,964.75,970.80,1110391
2025-04-16,975.00,1006.50,972.05,1001.70,1622278
2025-04-17,1002.00,1013.40,988.10,990.65,1217903
2025-04-21,996.00,1010.00,989.85,1006.75,1167753
2025-04-22,1015.00,1015.00,990.00,994.95,928624
2025-04-23,1001.90,1010.95,987.20,999.75,1042419
2025-04-24,1000.00,1019.00,998.05,1008.85,1240211
2025-04-25,1009.60,1013.30,960.70,971.70,956423
2025-04-28,972.60,998.50,972.35,986.25,778025
2025-04-29,1060.00,1084.85,1019.95,1030.40,12946446
2025-04-30,1031.90,1033.60,1002.80,1010.20,2482765
2025-05-02,1071.10,1088.00,1048.30,1052.00,7207887
2025-05-05,1050.00,1069.40,1039.10,1057.40,2556075
2025-05-06,1056.10,1070.00,1033.10,1038.90,2116377
2025-05-07,1035.00,1063.90,1024.50,1060.00,3123222
2025-05-08,1063.00,1069.00,1018.10,1024.40,874788
2025-05-09,995.00,1037.70,995.00,1031.10,1043121
2025-05-12,1064.90,1081.50,1050.00,1070.80,1267561
2025-05-13,1070.80,1098.00,1059.20,1092.20,2335184
2025-05-14,1092.50,1096.60,1074.00,1082.20,975342
2025-05-15,1082.60,1089.80,1066.20,1074.00,786353
2025-05-16,1074.00,1089.50,1065.00,1072.10,742760
2025-05-19,1072.80,1078.50,1050.40,1054.90,559426
2025-05-20,1059.00,1063.90,1037.30,1041.50,499490
2025-05-21,1045.00,1062.70,1042.10,1050.80,571421
2025-05-22,1050.00,1057.90,1028.80,1044.30,1567959
2025-05-23,1044.50,1052.50,1035.20,1043.20,537845
2025-05-26,1045.10,1056.90,1037.50,1046.80,455798
2025-05-27,1047.00,1051.40,1025.30,1040.60,911374
2025-05-28,1043.90,1063.90,1042.60,1045.80,1000882
2025-05-29,1052.00,1052.30,1027.20,1042.60,1320683
2025-05-30,1045.00,1049.40,1033.00,1044.90,426712
2025-06-02,1040.90,1078.00,1037.20,1073.30,1535238
2025-06-03,1080.00,1080.60,1042.00,1050.70,1231454
2025-06-04,1055.00,1062.10,1047.70,1057.00,505147
2025-06-05,1057.00,1065.30,1051.00,1063.90,796023
2025-06-06,1067.00,1117.20,1055.50,1104.90,6611228
2025-06-09,1117.00,1141.90,1110.50,1126.10,2595528
2025-06-10,1136.00,1136.20,1116.00,1126.20,977912
2025-06-11,1127.00,1132.80,1109.30,1121.80,875077
2025-06-12,1120.00,1121.40,1082.30,1089.20,717275
2025-06-13,1062.00,1074.50,1045.50,1055.60,992862
2025-06-16,1060.00,1071.60,1048.90,1063.10,756079
2025-06-17,1064.00,1081.00,1057.80,1061.20,555861
2025-06-18,1060.00,1071.70,1055.20,1057.50,534808
2025-06-19,1057.00,1061.30,1026.30,1038.50,352125
2025-06-20,1033.60,1055.00,1031.90,1049.80,606092
2025-06-23,1041.50,1065.40,1032.00,1059.70,712354
2025-06-24,1072.00,1080.60,1061.10,1066.00,773174
2025-06-25,1072.30,1097.00,1055.50,1083.10,1207593
2025-06-26,1088.00,1117.80,1080.20,1110.20,1945407
2025-06-27,1135.00,1136.00,1103.10,1107.10,2780380
2025-06-30,1111.10,1112.40,1097.00,1109.40,941069
2025-07-01,1112.00,1114.60,1101.10,1104.00,808524
2025-07-02,1105.00,1106.90,1074.30,1084.60,840777
2025-07-03,1090.00,1091.90,1073.30,1084.40,825320
2025-07-04,1088.10,1088.10,1073.60,1081.00,451031
2025-07-07,1081.00,1091.50,1073.80,1088.20,506546
2025-07-08,1085.00,1096.00,1073.90,1088.10,328299
2025-07-09,1090.00,1106.30,1081.20,1098.70,644537
2025-07-10,1098.70,1106.00,1070.50,1084.30,677670
2025-07-11,1083.90,1086.00,1064.30,1076.80,454215
2025-07-14,1079.80,1090.00,1070.70,1088.10,593704
2025-07-15,1091.50,1107.00,1078.30,1099.60,745871
2025-07-16,1098.50,1116.50,1090.00,1106.10,693144
2025-07-17,1110.00,1113.80,1085.00,1092.50,674790
2025-07-18,1094.00,1101.10,1078.00,1082.20,995238
2025-07-21,1082.20,1093.20,1057.00,1084.20,1244115
2025-07-22,1106.00,1116.00,1082.00,1086.60,3721164
2025-07-23,1086.00,1086.00,1035.00,1063.60,2432590
2025-07-24,1065.00,1065.50,1040.00,1050.20,1337877
2025-07-25,1053.00,1053.00,993.30,1010.40,2312927
2025-07-28,1010.00,1031.30,996.00,1013.50,1429676
2025-07-29,1014.50,1015.50,989.00,1006.30,786810
2025-07-30,1014.70,1014.70,984.40,986.80,892753
2025-07-31,984.40,996.10,970.50,986.20,835617
2025-08-01,883.10,883.10,803.15,808.45,32931969
2025-08-04,820.00,823.95,771.65,778.50,10893261
2025-08-05,785.00,794.00,765.10,767.80,5652778
2025-08-06,772.20,785.70,766.50,774.80,4817454
2025-08-07,770.05,771.90,754.00,758.70,3869902
2025-08-08,765.70,782.95,761.25,770.75,3559039
2025-08-11,774.65,780.00,766.25,773.60,1790243
2025-08-12,774.00,777.40,765.00,767.15,1700330
2025-08-13,769.00,775.50,767.45,773.05,1124423
2025-08-14,776.00,777.40,765.55,767.00,1163422
2025-08-18,777.00,789.00,770.45,786.20,3014348
2025-08-19,788.40,824.70,783.65,817.70,10253695
2025-08-20,817.70,819.95,803.10,808.45,2732430
2025-08-21,811.80,816.30,802.95,804.25,1609672
2025-08-22,804.85,806.65,794.80,799.75,1548980
2025-08-25,803.95,806.50,794.00,799.85,1990188
2025-08-26,802.25,802.25,781.05,782.90,1906485
2025-08-28,785.00,785.00,765.20,767.05,2816692
2025-08-29,770.10,774.50,750.30,753.60,1227892
2025-09-01,760.00,763.50,751.05,761.25,1609137
2025-09-02,769.70,793.00,760.10,785.45,3181014
2025-09-03,790.00,795.80,785.00,791.85,1318507
2025-09-04,795.00,797.50,778.10,782.60,970724
2025-09-05,783.95,794.00,776.95,791.70,1512725
2025-09-08,795.00,812.00,792.85,799.85,2561729
2025-09-09,803.00,810.00,799.20,800.40,1103494
2025-09-10,805.00,817.70,802.75,808.80,2144266
2025-09-11,814.80,815.00,805.85,812.35,1086642
2025-09-12,812.00,835.90,811.00,830.15,2390934
2025-09-15,834.40,843.20,826.35,835.30,1245197
2025-09-16,835.20,838.75,829.10,830.95,799555
2025-09-17,836.95,843.35,828.75,840.60,1333162
2025-09-18,848.00,866.95,843.20,861.30,2039806
2025-09-19,861.95,878.20,856.55,869.45,3896120
2025-09-22,869.60,875.00,854.55,859.05,908615
2025-09-23,859.05,896.85,859.05,891.75,3932351
2025-09-24,885.00,897.80,880.00,889.90,2192211
2025-09-25,882.00,915.50,872.30,907.75,4642991
2025-09-26,905.80,908.70,860.00,864.10,1466783
2025-09-29,866.90,880.00,855.00,870.05,1507691
2025-09-30,870.05,877.20,859.00,863.60,985624
2025-10-01,863.95,893.00,859.75,882.30,1924688
2025-10-03,887.00,896.00,878.60,888.05,737158
2025-10-06,890.00,904.70,888.00,895.05,1115599
2025-10-07,896.70,898.20,879.50,890.00,972976
2025-10-08,892.00,905.70,872.10,876.25,1298611
2025-10-09,878.00,881.95,869.90,876.10,822722
2025-10-10,877.00,878.00,851.00,853.60,1230300
2025-10-13,851.20,859.20,843.10,853.25,1022640
2025-10-14,851.00,856.35,834.20,843.10,1180695
2025-10-15,843.10,856.60,842.30,848.85,820260
2025-10-16,853.20,853.55,838.40,843.40,781721
2025-10-17,844.25,846.85,833.30,838.85,803567
2025-10-20,840.00,878.95,838.10,869.15,1726051
2025-10-21,873.50,879.00,870.15,875.60,152233
2025-10-23,879.60,892.00,871.00,883.60,1060148
2025-10-24,885.90,912.15,885.15,907.30,2293847
2025-10-27,915.00,933.00,911.30,927.60,1914701
2025-10-28,927.60,937.00,885.90,933.50,3907522
2025-10-29,933.00,946.00,926.60,938.45,1248219
2025-10-30,935.00,946.00,924.00,934.55,1249508
2025-10-31,933.00,936.00,921.95,928.70,867887
2025-11-03,929.00,952.75,926.55,937.90,1041911
2025-11-04,940.00,946.95,927.50,931.65,640906
2025-11-06,930.00,931.30,903.55,908.55,858553
2025-11-07,900.50,907.85,885.40,896.15,1391793
2025-11-10,896.95,911.50,894.15,898.95,1404326
2025-11-11,895.00,901.80,882.35,898.50,698596
2025-11-12,900.00,903.65,892.10,899.05,935459
2025-11-13,895.00,919.25,894.30,912.55,870435
2025-11-14,912.00,923.85,907.85,915.40,541570
2025-11-17,918.70,921.75,911.00,917.65,383284
2025-11-18,925.00,942.95,916.90,920.00,1798495
2025-11-19,925.00,930.45,899.05,908.85,1014303
2025-11-20,912.80,915.85,902.05,905.25,366619
2025-11-21,905.25,909.70,884.45,887.15,1069079
2025-11-24,887.15,892.00,870.00,872.10,923444
2025-11-25,871.60,889.00,868.05,881.45,802649
2025-11-26,881.45,918.30,881.45,915.90,924269
2025-11-27,918.00,921.00,906.70,910.80,440900
2025-11-28,908.95,918.00,904.05,905.30,525845
2025-12-01,910.20,916.90,902.00,908.80,322102
2025-12-02,908.80,916.85,895.00,899.45,462993
2025-12-03,898.95,901.00,872.30,878.05,614936
2025-12-04,880.00,893.80,878.45,882.25,405898
2025-12-05,882.90,905.90,878.00,903.85,896426
2025-12-08,906.00,906.00,867.00,873.15,470157
2025-12-09,868.50,886.80,854.85,882.60,1043109
2025-12-10,883.00,889.80,877.80,884.30,934614
2025-12-11,885.05,907.00,878.95,900.15,1094106
2025-12-12,902.70,952.00,899.90,937.10,3906514
2025-12-15,937.10,948.75,902.85,922.05,2073246
2025-12-16,920.00,920.90,908.05,913.40,675680
2025-12-17,913.40,917.50,890.10,894.85,739093
2025-12-18,894.70,908.70,880.10,896.15,793126
2025-12-19,899.00,932.40,893.15,927.80,2275095
2025-12-22,927.80,946.90,927.05,936.35,1190363
2025-12-23,936.35,939.55,927.05,932.85,411102
2025-12-24,930.10,968.00,928.50,966.30,2832626
2025-12-26,969.45,970.85,941.40,943.80,1046494
2025-12-29,943.75,946.85,928.80,932.80,513418
2025-12-30,940.00,950.25,936.10,944.90,1506831
2025-12-31,945.15,957.00,942.05,951.50,508709
2026-01-01,954.00,998.00,951.55,986.60,3562795
2026-01-02,983.05,1002.90,980.45,998.00,1213911
2026-01-05,1004.00,1015.75,995.60,1003.90,768888
2026-01-06,1003.90,1014.00,995.80,1007.85,1008692
2026-01-07,1007.00,1010.65,985.25,1004.40,1325004
2026-01-08,1005.00,1007.70,975.90,979.55,1214956
2026-01-09,979.55,988.75,969.40,973.25,1037544
2026-01-12,971.00,982.80,956.55,977.65,1083174
2026-01-13,983.50,992.65,959.40,970.05,579849
2026-01-14,968.00,982.45,967.80,975.00,353129
2026-01-16,984.00,988.75,957.25,961.50,586376
2026-01-19,957.20,967.50,950.40,961.05,661934
2026-01-20,955.60,966.90,944.00,948.55,636023
2026-01-21,949.90,954.75,918.20,930.55,837205
2026-01-22,925.00,925.00,837.50,860.25,7696517
2026-01-23,860.25,866.25,806.00,812.40,3807984
2026-01-27,814.00,834.25,798.75,825.40,1470057
2026-01-28,829.50,849.10,818.90,845.55,896653
2026-01-29,845.00,852.85,836.00,841.50,788186
2026-01-30,833.50,841.00,815.00,822.40,1293426
2026-02-01,824.30,860.00,796.00,805.35,849947
2026-02-02,805.50,810.00,779.90,804.40,1474478
2026-02-03,835.00,860.00,813.70,822.80,2356199
2026-02-04,823.20,853.30,820.15,850.10,1608415
2026-02-05,851.40,855.00,838.40,846.40,708714
2026-02-06,840.40,851.70,832.05,849.25,1208995
2026-02-09,857.00,872.00,852.00,866.35,778837
2026-02-10,868.60,869.85,845.10,854.75,1409806
2026-02-11,854.75,859.00,843.55,854.90,1062969
2026-02-12,855.95,857.95,840.50,852.85,616701
2026-02-13,848.00,848.00,827.70,836.05,1057628
2026-02-16,832.00,853.80,830.15,849.35,503367
2026-02-17,853.00,866.20,841.00,863.65,1558240
2026-02-18,870.95,870.95,859.10,865.20,448831
2026-02-19,868.55,868.55,840.00,844.20,413299
2026-02-20,844.20,859.30,838.40,848.90,334182
2026-02-23,850.00,854.45,833.65,837.25,1151087
2026-02-24,836.00,838.00,818.35,831.70,872601
2026-02-25,835.00,859.80,832.25,849.15,782646
2026-02-26,836.05,869.15,836.05,847.70,440568
2026-02-27,846.70,847.65,817.40,824.75,767208
2026-03-02,811.15,827.70,804.60,813.30,782909
2026-03-04,805.00,808.65,774.85,783.15,779842
2026-03-05,785.45,795.85,772.35,790.65,860503
2026-03-06,788.10,798.80,770.60,772.95,584235
2026-03-09,763.00,763.00,729.60,755.50,1644141
2026-03-10,768.00,797.00,767.55,791.30,895970
2026-03-11,790.00,806.40,774.05,776.50,891292
2026-03-12,774.00,787.35,756.15,780.15,1005815
2026-03-13,776.50,780.00,761.55,763.90,1112562
2026-03-16,763.00,777.55,749.50,766.75,534970
2026-03-17,768.40,786.35,767.15,779.95,716898
2026-03-18,784.05,813.45,783.20,807.65,1029247
2026-03-19,798.05,798.60,782.00,788.05,826493
2026-03-20,795.00,810.70,789.05,791.90,1237594
2026-03-23,786.00,787.95,737.05,750.75,1251948
2026-03-24,767.95,793.70,757.80,782.25,866135
2026-03-25,789.00,812.90,786.15,802.85,1626626
2026-03-27,800.00,804.05,787.40,794.65,947914
2026-03-30,785.00,785.90,749.00,755.05,1471638
2026-04-01,786.85,795.75,773.70,780.05,1257172
2026-04-02,775.00,787.50,754.30,784.40,1071725
2026-04-06,781.00,819.25,775.95,817.35,832589
2026-04-07,814.05,820.15,804.70,817.00,421808
2026-04-08,834.90,885.45,834.90,873.30,1055947
2026-04-09,873.30,873.30,852.40,862.95,701417
2026-04-10,865.00,884.25,859.90,864.75,403724
2026-04-13,855.00,857.70,836.20,846.65,799281
2026-04-15,852.05,878.55,852.05,866.55,1467608
2026-04-16,874.20,906.50,871.05,893.80,1941645
2026-04-17,894.00,927.90,889.00,923.70,2129544
2026-04-20,923.30,933.80,899.15,906.75,1525958
2026-04-21,949.50,1007.00,943.90,979.10,19954612
2026-04-22,979.10,1001.30,978.00,990.25,3936595
2026-04-23,981.50,1011.70,981.00,1007.75,1723043
2026-04-24,1012.00,1041.25,995.00,1033.65,3181116
2026-04-27,1047.90,1060.70,1040.35,1047.00,2370550
2026-04-28,1049.50,1055.20,1034.00,1043.55,857702
2026-04-29,1044.90,1068.50,1034.35,1053.05,1610944
2026-04-30,1043.05,1052.50,1027.50,1045.65,1424315
2026-05-04,1050.00,1057.00,1038.60,1042.20,427338
2026-05-05,1042.20,1051.00,1031.40,1042.10,885979
2026-05-06,1050.00,1070.50,1042.10,1065.10,861300
2026-05-07,1065.10,1065.10,1046.90,1051.60,775626
2026-05-08,1059.10,1095.80,1053.30,1091.20,2066157
2026-05-11,1080.00,1095.00,1067.20,1072.80,783129
2026-05-12,1072.10,1082.00,1051.90,1057.70,1525808
2026-05-13,1055.00,1076.70,1051.60,1062.90,907690
2026-05-14,1065.00,1079.00,1044.60,1069.70,532210
2026-05-15,1069.00,1077.60,1057.90,1069.40,523695
2026-05-18,1053.60,1057.10,1040.00,1045.20,849525
2026-05-19,1045.20,1065.30,1045.20,1064.50,735303
2026-05-20,1061.00,1070.00,1054.20,1060.80,1175898
2026-05-21,1064.00,1071.00,1049.30,1055.90,930612
2026-05-22,1060.00,1072.60,1047.80,1059.60,1139365
2026-05-25,1064.80,1098.80,1063.10,1085.60,1182448
2026-05-26,1084.10,1098.00,1078.10,1092.60,669294
2026-05-27,1093.00,1105.00,1074.00,1077.90,532208
2026-05-29,1077.90,1086.00,1020.70,1030.50,2065203
2026-06-01,1040.00,1048.90,1000.10,1003.00,671151
2026-06-02,997.20,1002.00,984.30,996.50,637554
2026-06-03,1006.00,1008.00,961.10,993.00,608418
2026-06-04,991.50,1009.50,982.20,999.40,731869
2026-06-05,1005.50,1027.70,988.20,997.70,1006166
2026-06-08,978.00,991.10,964.00,970.10,727544
2026-06-09,976.20,998.50,974.50,989.00,648241
2026-06-10,987.00,989.60,962.00,968.50,524650
2026-06-11,966.70,969.80,950.00,953.90,804966
2026-06-12,967.90,994.00,965.10,989.90,2049521
2026-06-15,999.80,1023.80,999.80,1017.30,1091671
2026-06-16,1020.00,1031.90,1008.00,1017.90,456232
2026-06-17,1020.20,1025.00,1002.20,1003.50,380659
2026-06-18,1004.90,1010.20,994.30,1003.90,259335
2026-06-19,1004.00,1006.00,989.70,1003.00,354706
2026-06-22,1004.60,1026.80,1000.10,1010.40,483741
2026-06-23,1010.40,1034.50,1008.20,1022.30,748602
2026-06-24,1030.00,1050.00,1018.00,1046.50,645084
2026-06-25,1051.10,1079.90,1042.60,1044.80,1452480
2026-06-29,1038.90,1061.10,1024.30,1034.00,996558
2026-06-30,1035.00,1051.50,1026.60,1038.40,1494613
2026-07-01,1038.40,1069.00,1038.20,1051.80,845452
2026-07-02,1055.80,1062.00,1047.10,1055.60,499657
2026-07-03,1059.60,1086.40,1057.40,1064.40,1243362
2026-07-06,1066.50,1092.00,1061.60,1089.80,938248
2026-07-07,1097.00,1114.60,1075.70,1109.70,2261048
2026-07-08,1103.40,1109.90,1060.20,1072.20,1520472
2026-07-09,1076.60,1095.50,1051.60,1084.00,829952
2026-07-10,1094.00,1119.00,1087.40,1110.60,981785
2026-07-13,1110.00,1132.70,1098.00,1122.30,936389
2026-07-14,1116.40,1116.40,1079.20,1095.50,714193
2026-07-15,1097.90,1119.80,1097.40,1104.10,509486
2026-07-16,1113.90,1113.90,1090.40,1098.90,654067
2026-07-17,1098.90,1102.10,1072.70,1099.80,464219
2026-07-20,1101.80,1107.10,1088.20,1098.40,653245
2026-07-21,1095.90,1102.50,1077.10,1094.00,584449
2026-07-22,1090.00,1090.00,1073.00,1082.30,634275
2026-07-23,1080.00,1080.40,1061.30,1066.80,359289
2026-07-24,1055.00,1080.00,1043.00,1058.00,429139
2026-07-27,1068.00,1085.50,1051.60,1078.50,937828
2026-07-28,1077.00,1086.70,1053.20,1069.40,979913
2026-07-29,1072.50,1083.90,1055.00,1056.30,497371
2026-07-30,1059.70,1061.80,1024.20,1033.10,903379
2026-07-31,1033.00,1059.40,1028.10,1053.10,1118030
2026-08-03,1057.00,1094.50,1049.70,1090.00,1194896
2026-08-04,1091.90,1091.90,1051.90,1080.00,1412986
2026-08-05,1070.20,1154.00,1070.20,1121.60,5097089
2026-08-06,1138.10,1167.00,1131.30,1150.00,1934928
2026-08-07,1150.00,1151.80,1119.50,1143.00,1476731
2026-08-10,1143.10,1174.80,1137.60,1149.30,1199167
2026-08-11,1153.00,1155.50,1135.70,1142.10,382464
2026-08-12,1141.90,1166.00,1140.50,1157.60,872646
2026-08-13,1153.00,1171.40,1141.00,1164.80,547660
2026-08-14,1163.00,1166.00,1146.70,1150.50,207572
2026-08-17,1140.00,1154.00,1135.20,1150.80,264061
2026-08-18,1145.90,1153.90,1128.90,1145.80,739039
2026-08-19,1143.90,1175.90,1138.00,1174.00,1249429
2026-08-20,1187.70,1207.00,1170.10,1175.50,2261483
2026-08-21,1178.50,1189.00,1166.00,1170.30,637457
2026-08-24,1173.10,1173.10,1154.20,1165.00,505951
2026-08-25,1165.00,1183.00,1157.40,1182.00,669328
2026-08-26,1185.00,1211.50,1173.20,1185.00,901932
2026-08-27,1177.00,1195.00,1176.60,1178.00,388513
2026-08-28,1174.60,1189.30,1158.00,1169.90,438325
2026-08-31,1164.00,1164.00,1141.50,1148.70,641531
2026-09-01,1140.00,1156.40,1135.00,1152.00,2221980
2026-09-02,1148.00,1148.00,1125.40,1141.00,446878
2026-09-03,1146.00,1157.90,1142.20,1145.50,405993
2026-09-04,1141.10,1195.00,1141.10,1166.00,923575
2026-09-07,1166.00,1188.90,1163.70,1182.10,721594
2026-09-08,1182.00,1185.00,1166.50,1167.10,524914
2026-09-09,1165.50,1169.20,1138.20,1142.00,320435
2026-09-10,1142.50,1186.40,1132.80,1179.00,1084833
2026-09-11,1172.00,1189.60,1162.00,1178.90,1152599
2026-09-15,1178.80,1178.90,1135.90,1145.00,321850
2026-09-16,1143.40,1152.30,1126.90,1134.00,988137
2026-09-17,1122.10,1147.90,1098.40,1103.50,3985061
2026-09-18,1105.20,1138.30,1103.00,1133.10,1328599
