Date,Open,High,Low,Close,Volume
2001-12-31,6.20,6.20,5.85,6.05,7300
2002-01-01,6.15,6.15,6.00,6.00,2000
2002-01-03,6.20,6.20,6.05,6.05,4000
2002-01-04,6.00,6.00,5.95,6.00,5000
2002-01-07,5.65,5.95,5.56,5.70,6700
2002-01-08,5.88,5.88,5.65,5.65,3000
2002-01-09,5.75,5.95,5.65,5.70,12500
2002-01-14,5.65,5.65,5.50,5.50,4000
2002-01-15,5.40,5.60,5.40,5.55,5700
2002-01-16,5.55,5.55,5.55,5.55,4000
2002-01-17,5.75,6.55,5.35,6.21,122420
2002-01-18,6.00,6.62,5.81,5.90,25820
2002-01-21,5.85,6.00,5.85,5.88,4140
2002-01-22,5.50,5.89,5.50,5.80,2000
2002-01-23,5.85,5.85,5.70,5.85,18000
2002-01-24,5.86,6.10,5.75,5.75,7400
2002-01-25,5.95,6.00,5.95,6.00,5000
2002-01-28,5.66,5.66,5.65,5.65,14200
2002-01-30,5.60,5.60,5.60,5.60,2000
2002-01-31,5.50,5.60,5.50,5.55,10800
2002-02-01,5.75,5.75,5.60,5.60,1040
2002-02-04,5.70,5.83,5.50,5.50,4100
2002-02-05,5.50,5.50,5.50,5.50,1900
2002-02-06,5.65,5.65,5.65,5.65,220
2002-02-07,5.50,5.50,5.30,5.50,26640
2002-02-08,5.77,5.78,5.42,5.42,3000
2002-02-11,5.80,5.80,5.80,5.80,400
2002-02-12,5.46,5.85,5.46,5.50,29520
2002-02-13,5.65,5.70,5.41,5.50,5700
2002-02-14,5.50,5.50,5.50,5.50,5500
2002-02-15,5.62,5.70,5.55,5.60,3840
2002-02-18,5.60,5.60,5.60,5.60,5400
2002-02-19,5.55,5.60,5.50,5.57,16000
2002-02-20,5.45,5.60,5.40,5.47,7880
2002-02-21,5.46,5.47,5.40,5.41,6000
2002-02-22,5.35,5.50,5.35,5.47,9000
2002-02-25,5.50,5.70,5.50,5.50,4060
2002-02-26,5.40,5.50,5.40,5.50,6000
2002-02-27,5.50,5.54,5.50,5.54,2100
2002-02-28,5.50,5.50,5.40,5.40,3000
2002-03-01,5.45,5.45,5.45,5.45,1000
2002-03-04,5.46,5.70,5.46,5.50,8900
2002-03-05,5.35,5.67,5.28,5.36,3060
2002-03-07,5.60,5.65,5.15,5.22,37800
2002-03-08,5.35,5.50,5.15,5.38,46900
2002-03-11,5.35,5.35,5.34,5.34,4100
2002-03-12,5.25,5.25,5.15,5.15,16480
2002-03-13,5.35,5.35,5.01,5.10,45300
2002-03-14,5.40,5.40,5.25,5.25,5300
2002-03-15,5.11,5.39,5.10,5.29,25000
2002-03-18,5.50,5.50,5.37,5.37,6000
2002-03-19,5.25,5.30,5.00,5.20,106800
2002-03-20,5.21,5.21,5.00,5.10,32200
2002-03-21,5.15,5.40,5.15,5.21,143800
2002-03-22,5.20,5.25,5.14,5.17,13100
2002-03-26,5.00,5.05,4.95,5.05,1240
2002-03-27,5.05,5.15,5.03,5.03,4500
2002-03-28,5.25,5.25,5.08,5.10,12200
2002-04-01,5.15,5.15,5.10,5.10,3000
2002-04-02,5.00,5.00,5.00,5.00,400
2002-04-03,5.24,5.24,4.82,4.92,9160
2002-04-04,5.05,5.08,4.94,5.05,7020
2002-04-05,5.10,5.22,5.10,5.20,3500
2002-04-08,5.15,5.25,5.12,5.25,9940
2002-04-09,5.01,5.14,5.01,5.14,5680
2002-04-10,5.17,5.17,5.17,5.17,4000
2002-04-11,5.24,5.42,5.24,5.30,36500
2002-04-12,5.50,5.65,5.21,5.65,51840
2002-04-15,5.65,5.70,5.37,5.50,10500
2002-04-16,5.55,5.90,5.55,5.88,24000
2002-04-17,6.00,6.40,6.00,6.18,45800
2002-04-18,6.01,6.15,6.00,6.00,6800
2002-04-19,5.78,6.25,5.78,6.00,98480
2002-04-22,5.61,6.00,5.60,5.74,12740
2002-04-23,5.75,5.75,5.75,5.75,1400
2002-04-24,5.57,5.62,5.56,5.62,3800
2002-04-25,5.95,6.15,5.68,6.07,14840
2002-04-26,5.80,5.80,5.65,5.76,13040
2002-04-29,5.75,5.85,5.75,5.84,4600
2002-04-30,5.90,6.00,5.60,5.86,8640
2002-05-02,6.00,6.25,5.83,6.18,13300
2002-05-03,6.00,6.35,5.92,5.93,14000
2002-05-06,6.25,6.30,6.00,6.04,8880
2002-05-07,6.25,6.25,6.00,6.14,10720
2002-05-08,6.15,6.60,6.12,6.60,22180
2002-05-09,6.25,6.55,6.25,6.55,9000
2002-05-10,6.18,6.50,6.15,6.22,106200
2002-05-13,6.25,6.75,6.25,6.68,21660
2002-05-14,6.76,6.84,6.45,6.45,19500
2002-05-15,6.70,6.70,6.40,6.65,1840
2002-05-16,6.29,6.31,6.00,6.07,19400
2002-05-17,6.00,6.00,6.00,6.00,14000
2002-05-20,5.90,6.15,5.80,5.88,13900
2002-05-21,5.50,6.25,5.50,5.53,11240
2002-05-22,5.55,5.95,5.50,5.95,49100
2002-05-23,5.55,5.55,5.53,5.54,600
2002-05-24,6.00,6.00,5.45,5.51,87460
2002-05-27,5.70,6.00,5.70,5.85,5400
2002-05-28,5.50,6.28,5.50,5.77,22840
2002-05-29,5.58,5.65,5.58,5.65,1000
2002-05-30,5.50,5.95,5.50,5.95,4000
2002-05-31,5.55,6.25,5.55,6.12,20000
2002-06-03,5.79,6.70,5.78,6.63,29220
2002-06-04,6.74,7.00,6.50,6.53,21000
2002-06-05,6.50,6.50,6.50,6.50,9000
2002-06-06,6.69,6.70,6.53,6.53,11000
2002-06-07,6.42,6.42,6.40,6.40,2000
2002-06-10,6.45,6.47,6.41,6.46,4000
2002-06-11,6.60,6.60,6.45,6.47,15200
2002-06-12,6.47,6.85,6.47,6.51,13120
2002-06-13,6.90,6.90,6.27,6.56,5020
2002-06-14,6.50,6.54,6.09,6.22,15000
2002-06-17,6.50,6.55,6.50,6.55,4000
2002-06-18,6.45,6.61,6.40,6.61,16900
2002-06-19,6.51,6.75,6.50,6.75,15000
2002-06-20,6.84,7.12,6.84,6.85,22000
2002-06-21,6.85,6.85,6.85,6.85,2000
2002-06-24,6.67,6.84,6.67,6.84,2400
2002-06-25,6.60,6.60,6.60,6.60,4000
2002-06-26,6.35,6.50,6.30,6.50,7300
2002-06-27,6.69,6.72,6.69,6.72,2000
2002-06-28,6.74,6.85,6.74,6.82,4400
2002-07-01,6.85,7.28,6.80,6.87,13400
2002-07-02,6.75,6.75,6.51,6.51,25000
2002-07-04,6.65,7.15,6.65,6.90,49020
2002-07-05,6.90,6.90,6.75,6.76,4000
2002-07-08,6.55,7.00,6.45,6.80,7980
2002-07-09,6.80,7.35,6.80,7.24,90780
2002-07-10,7.30,7.30,7.00,7.22,40880
2002-07-11,7.40,7.50,7.08,7.34,89380
2002-07-12,7.50,7.80,7.50,7.72,25340
2002-07-15,7.62,7.62,7.36,7.47,35220
2002-07-16,7.07,7.65,7.07,7.44,17120
2002-07-17,7.05,7.25,7.05,7.25,10680
2002-07-18,7.44,7.44,7.00,7.00,22780
2002-07-19,7.29,7.31,7.12,7.12,5200
2002-07-22,7.10,7.10,6.75,6.81,28400
2002-07-23,6.75,6.95,6.75,6.95,5040
2002-07-24,6.61,6.61,6.60,6.61,4500
2002-07-25,7.00,7.00,7.00,7.00,2800
2002-07-26,6.50,6.50,6.50,6.50,2960
2002-07-29,6.50,6.50,6.50,6.50,1420
2002-07-30,6.30,6.30,5.85,5.90,18320
2002-08-01,5.85,5.85,5.85,5.85,3000
2002-08-05,6.00,6.30,6.00,6.30,500
2002-08-06,5.76,5.92,5.76,5.92,400
2002-08-07,6.25,6.25,5.94,5.94,2000
2002-08-09,5.95,5.95,5.90,5.92,1000
2002-08-12,5.90,6.45,5.75,6.18,21920
2002-08-13,6.08,6.08,6.00,6.00,4400
2002-08-14,6.25,6.40,5.92,6.17,9000
2002-08-20,5.91,5.91,5.85,5.85,3000
2002-08-21,5.85,6.39,5.85,5.91,11700
2002-08-22,5.86,6.10,5.75,5.88,13000
2002-08-23,5.74,5.90,5.71,5.76,5140
2002-08-26,5.65,5.65,5.65,5.65,2000
2002-08-27,6.10,6.14,5.71,5.80,16020
2002-08-28,5.60,6.00,5.60,5.95,1240
2002-08-29,5.67,5.92,5.67,5.75,8400
2002-08-30,5.76,6.12,5.75,6.08,19500
2002-09-02,5.75,6.12,5.71,6.09,8800
2002-09-03,5.78,6.14,5.48,5.90,45000
2002-09-04,5.67,6.12,5.67,6.12,4000
2002-09-06,6.00,6.17,6.00,6.15,2400
2002-09-09,5.75,5.75,5.75,5.75,1000
2002-09-11,5.91,5.91,5.58,5.60,8000
2002-09-12,6.09,6.09,5.51,5.53,6460
2002-09-16,5.63,5.63,5.50,5.55,3620
2002-09-17,5.51,5.51,5.51,5.51,2000
2002-09-18,5.58,5.62,5.58,5.62,6000
2002-09-19,6.02,6.15,5.75,5.88,9940
2002-09-20,5.99,5.99,5.75,5.90,10500
2002-09-24,5.75,5.89,5.75,5.85,10000
2002-09-25,5.85,5.85,5.66,5.75,10000
2002-09-26,6.04,6.04,5.62,5.62,2240
2002-09-27,5.75,5.99,5.75,5.75,3120
2002-10-01,5.50,5.50,5.50,5.50,3840
2002-10-03,5.85,5.85,5.36,5.49,8380
2002-10-04,5.31,5.92,5.31,5.45,4060
2002-10-07,5.45,5.45,5.45,5.45,17600
2002-10-08,5.21,5.25,5.20,5.24,70800
2002-10-09,5.20,5.47,5.20,5.30,10000
2002-10-10,5.55,5.55,5.30,5.42,6200
2002-10-11,5.25,5.70,5.25,5.62,113340
2002-10-14,5.42,5.72,5.41,5.42,12400
2002-10-16,5.45,5.45,5.45,5.45,2000
2002-10-17,5.83,5.95,5.60,5.60,8740
2002-10-18,5.54,5.92,5.54,5.92,9000
2002-10-21,5.51,5.51,5.51,5.51,400
2002-10-23,5.40,5.65,5.38,5.47,20000
2002-10-24,5.70,5.70,5.31,5.31,5600
2002-10-25,5.64,5.68,5.31,5.46,16200
2002-10-28,5.42,5.42,5.42,5.42,6000
2002-10-29,5.80,5.80,5.50,5.75,4400
2002-10-31,5.51,5.51,5.51,5.51,1000
2002-11-01,5.65,5.90,5.45,5.55,4500
2002-11-05,5.83,5.85,5.83,5.85,3000
2002-11-07,5.84,5.85,5.54,5.85,20400
2002-11-08,5.75,5.88,5.62,5.80,16000
2002-11-11,5.83,5.83,5.83,5.83,200
2002-11-12,5.79,5.79,5.57,5.70,164000
2002-11-13,5.83,6.00,5.83,5.85,9000
2002-11-14,5.85,6.00,5.75,5.75,5020
2002-11-15,5.85,5.85,5.85,5.85,2400
2002-11-20,5.75,5.90,5.75,5.90,50160
2002-11-21,6.00,6.06,5.80,5.83,117000
2002-11-25,5.88,5.88,5.61,5.61,20000
2002-11-26,5.84,5.84,5.56,5.56,14000
2002-11-27,5.16,6.10,5.16,6.00,13080
2002-11-28,6.00,6.00,6.00,6.00,1000
2002-11-29,5.90,6.03,5.88,5.88,9700
2003-01-01,6.58,6.80,6.58,6.68,99620
2003-01-02,6.58,6.58,6.36,6.42,22440
2003-01-03,6.45,6.80,6.45,6.77,46140
2003-01-06,6.80,6.80,6.62,6.76,52820
2003-01-07,6.56,6.70,6.56,6.66,16300
2003-01-08,6.70,6.79,6.70,6.74,65620
2003-01-09,6.75,7.34,6.75,7.15,198380
2003-01-10,7.15,7.30,6.93,6.99,66700
2003-01-13,6.76,7.04,6.76,7.04,1620
2003-01-14,7.22,7.45,6.74,7.39,252560
2003-01-15,7.55,7.68,7.08,7.26,221460
2003-01-16,7.15,7.40,7.15,7.29,48860
2003-01-17,7.29,7.75,7.29,7.60,265300
2003-01-20,7.70,7.87,7.55,7.62,95060
2003-01-21,7.90,8.38,7.80,8.38,276360
2003-01-22,8.64,9.22,8.64,9.22,943700
2003-01-23,9.55,9.69,9.30,9.68,651700
2003-01-24,9.90,10.15,9.20,9.38,1110920
2003-01-27,9.25,9.40,8.91,8.91,171980
2003-01-28,8.51,8.68,8.47,8.51,89660
2003-01-29,8.21,8.93,8.21,8.93,317640
2003-01-30,9.34,9.35,8.75,8.82,258000
2003-01-31,8.45,8.95,8.45,8.92,51080
2003-02-03,8.99,9.37,8.60,9.35,404200
2003-02-04,9.59,9.60,9.05,9.22,432400
2003-02-05,9.14,9.40,8.91,9.04,156480
2003-02-06,8.85,9.20,8.85,9.09,35080
2003-02-07,8.96,9.21,8.71,8.81,47900
2003-02-10,8.30,9.19,8.30,8.41,13380
2003-02-11,9.00,9.00,8.27,8.29,17320
2003-02-12,8.45,8.70,8.26,8.56,49820
2003-02-14,8.16,8.49,8.16,8.24,8340
2003-02-17,8.50,9.05,8.50,8.91,142860
2003-02-18,9.10,9.10,8.75,8.82,113480
2003-02-19,9.00,9.00,8.71,8.84,79500
2003-02-20,8.93,8.93,8.61,8.75,31240
2003-02-21,8.55,9.10,8.36,8.94,93380
2003-02-24,8.66,8.95,8.66,8.82,7720
2003-02-25,8.69,8.80,8.50,8.50,52400
2003-02-26,8.56,8.75,8.31,8.54,34600
2003-02-27,8.44,9.00,8.44,8.66,110000
2003-02-28,8.90,8.90,8.15,8.38,49740
2003-03-03,8.91,8.95,8.14,8.14,30020
2003-03-04,8.40,8.40,8.07,8.09,4240
2003-03-05,7.97,8.35,7.97,8.19,54960
2003-03-06,8.35,8.37,8.13,8.13,3440
2003-03-07,7.81,8.00,7.53,7.82,41840
2003-03-10,7.56,7.69,7.45,7.46,5040
2003-03-11,7.21,7.94,7.00,7.50,9960
2003-03-12,7.15,7.85,7.10,7.50,14160
2003-03-13,7.40,7.88,6.91,7.57,204320
2003-03-17,7.05,7.36,6.76,7.25,81160
2003-03-19,6.98,8.15,6.97,7.28,469400
2003-03-20,7.25,7.38,7.25,7.38,176000
2003-03-21,7.88,7.95,7.30,7.85,380900
2003-03-24,7.28,7.50,7.28,7.38,58140
2003-03-25,7.06,7.45,7.05,7.24,77540
2003-03-26,7.40,7.40,6.83,6.93,15560
2003-03-27,6.90,7.29,6.85,7.00,5040
2003-03-28,7.43,7.43,7.08,7.08,6940
2003-03-31,6.80,6.92,6.56,6.80,31460
2003-04-01,7.00,7.18,6.86,6.86,24140
2003-04-02,7.15,7.15,7.01,7.01,4180
2003-04-03,7.01,7.05,6.90,6.94,6420
2003-04-04,7.05,7.33,7.05,7.13,3220
2003-04-07,7.41,7.42,7.16,7.42,11960
2003-04-08,6.55,7.60,6.55,6.97,8640
2003-04-09,6.90,7.00,6.81,6.99,16100
2003-04-10,6.78,7.00,6.00,6.74,16760
2003-04-11,6.35,7.09,6.35,6.97,89760
2003-04-15,6.75,7.05,6.70,7.05,50000
2003-04-16,7.00,7.20,6.76,7.20,25800
2003-04-17,6.87,7.04,6.71,6.96,90040
2003-04-21,6.70,7.20,6.26,6.86,10020
2003-04-22,6.90,6.90,6.90,6.90,2000
2003-04-23,6.90,6.90,6.75,6.77,2400
2003-04-24,6.25,6.85,6.25,6.71,8080
2003-04-25,6.80,6.80,6.75,6.80,7900
2003-04-28,6.40,6.76,6.40,6.67,10580
2003-04-29,6.71,6.84,6.71,6.71,10800
2003-04-30,6.73,6.93,6.73,6.75,2580
2003-05-02,6.75,7.00,6.75,6.84,6680
2003-05-05,6.60,7.08,6.60,7.01,18720
2003-05-06,7.25,7.40,7.00,7.32,25300
2003-05-07,7.30,7.47,7.25,7.44,46800
2003-05-08,7.40,7.42,7.25,7.33,5300
2003-05-09,7.47,7.47,7.38,7.38,1060
2003-05-12,7.25,7.25,7.25,7.25,1000
2003-05-13,7.10,7.24,7.00,7.01,65800
2003-05-14,7.17,7.34,7.17,7.25,1700
2003-05-15,7.49,7.49,7.49,7.49,400
2003-05-16,7.35,7.35,7.31,7.31,4700
2003-05-19,7.45,7.74,7.35,7.72,8600
2003-05-20,7.74,7.89,7.45,7.50,11580
2003-05-21,7.45,7.65,7.36,7.46,16140
2003-05-22,7.58,7.60,7.34,7.39,3400
2003-05-23,7.36,7.58,7.35,7.58,7200
2003-05-26,7.57,7.57,7.38,7.43,24500
2003-05-27,7.11,7.60,7.11,7.38,33380
2003-05-28,7.10,7.48,7.10,7.28,6180
2003-05-29,7.35,7.47,7.15,7.35,10400
2003-05-30,7.36,7.81,6.87,7.58,22920
2003-06-02,7.70,7.70,7.53,7.57,14700
2003-06-03,7.70,7.74,7.60,7.74,11280
2003-06-04,7.64,7.64,7.28,7.44,20280
2003-06-05,7.58,7.58,7.33,7.34,37140
2003-06-06,7.25,7.49,7.25,7.49,15860
2003-06-09,7.50,7.64,7.42,7.50,19020
2003-06-10,7.51,7.51,7.40,7.42,21700
2003-06-11,7.67,7.67,7.45,7.51,5320
2003-06-12,7.47,7.51,7.47,7.51,7800
2003-06-13,7.36,7.59,7.36,7.59,36940
2003-06-16,7.56,7.58,7.41,7.46,13740
2003-06-17,7.55,7.75,7.55,7.60,30300
2003-06-18,7.50,8.06,7.50,7.98,55220
2003-06-19,8.39,8.78,7.90,8.78,175580
2003-06-20,8.90,9.14,8.71,8.77,104720
2003-06-23,9.65,9.65,9.20,9.35,162360
2003-06-24,9.45,9.45,9.10,9.21,92160
2003-06-25,9.35,9.45,8.90,9.00,73720
2003-06-26,9.10,9.30,9.10,9.19,18100
2003-06-27,9.30,9.30,8.86,9.09,13060
2003-06-30,9.14,9.14,8.85,8.91,14420
2003-07-01,8.80,8.90,8.68,8.79,5680
2003-07-02,8.94,9.22,8.90,8.93,33200
2003-07-03,9.09,9.10,8.69,9.00,45360
2003-07-04,8.91,8.91,8.76,8.76,4800
2003-07-07,8.50,9.10,8.50,9.04,6500
2003-07-08,8.97,9.49,8.97,9.25,102060
2003-07-09,9.10,9.25,9.01,9.11,21300
2003-07-10,9.16,9.16,8.90,8.90,15280
2003-07-11,8.90,9.00,8.88,8.89,3000
2003-07-14,8.57,9.15,8.57,8.94,6600
2003-07-15,9.00,9.01,8.65,8.72,29160
2003-07-16,8.75,8.90,8.31,8.64,14700
2003-07-17,8.75,8.86,8.70,8.70,36500
2003-07-18,9.25,9.25,8.61,8.65,12100
2003-07-21,8.31,8.45,8.31,8.45,8000
2003-07-22,8.25,8.45,8.16,8.29,10740
2003-07-23,8.40,8.40,8.25,8.25,22440
2003-07-24,8.50,8.75,8.38,8.62,207880
2003-07-25,8.75,8.75,8.32,8.48,395260
2003-07-28,8.65,9.00,8.65,8.89,376260
2003-07-29,9.10,9.78,8.55,9.78,214120
2003-07-30,10.18,10.76,10.10,10.76,177320
2003-07-31,11.26,11.30,10.60,10.78,245780
2003-08-01,10.10,10.75,10.10,10.63,157380
2003-08-04,10.69,11.16,10.69,11.16,122360
2003-08-05,11.72,11.72,11.12,11.25,216200
2003-08-06,10.80,11.20,10.70,10.79,54880
2003-08-07,10.60,11.25,10.59,11.17,35220
2003-08-08,11.00,11.10,10.65,10.79,29340
2003-08-11,10.88,11.74,10.88,11.74,94160
2003-08-12,11.35,11.35,11.18,11.18,41060
2003-08-13,10.76,11.18,10.60,11.00,37100
2003-08-14,12.70,12.70,10.50,10.71,47260
2003-08-18,10.85,11.72,10.80,11.30,54140
2003-08-19,11.20,11.40,10.96,11.22,74020
2003-08-20,12.00,12.00,11.00,11.06,72600
2003-08-21,11.25,11.25,11.00,11.02,28520
2003-08-22,10.90,11.31,10.85,10.96,29200
2003-08-25,12.25,12.25,10.06,10.21,28000
2003-08-26,11.20,11.20,10.68,10.75,10480
2003-08-27,10.85,11.42,10.85,11.15,10320
2003-08-28,11.15,11.40,11.01,11.15,17220
2003-08-29,11.00,11.00,10.66,10.68,47080
2003-09-01,11.80,11.80,10.75,10.95,27180
2003-09-02,11.00,11.00,10.65,10.71,21100
2003-09-03,10.75,10.76,10.26,10.26,150820
2003-09-04,10.90,10.90,10.32,10.44,15560
2003-09-05,10.50,10.85,10.01,10.72,31780
2003-09-08,11.00,11.46,10.62,10.66,23540
2003-09-09,10.80,10.94,10.50,10.50,12860
2003-09-10,9.84,10.50,9.84,10.16,6000
2003-09-11,10.35,10.50,10.15,10.44,19080
2003-09-12,10.21,10.25,10.15,10.25,3380
2003-09-15,10.01,10.01,9.76,9.80,15680
2003-09-16,9.80,10.00,9.80,10.00,5500
2003-09-17,10.15,10.15,9.70,9.84,9700
2003-09-18,9.50,9.50,9.40,9.40,8400
2003-09-19,9.45,9.75,9.32,9.72,14440
2003-09-22,9.50,10.15,9.25,9.25,7420
2003-09-23,9.26,9.50,9.25,9.50,3040
2003-09-24,9.53,9.80,9.45,9.75,36540
2003-09-25,9.61,9.85,9.55,9.85,3520
2003-09-26,9.80,9.85,9.57,9.74,2600
2003-09-30,10.49,10.50,10.00,10.00,15620
2003-10-01,10.25,10.25,10.10,10.13,14200
2003-10-03,10.05,10.49,9.90,10.49,23660
2003-10-06,10.50,10.75,10.33,10.50,55820
2003-10-07,10.70,10.70,10.50,10.70,4600
2003-10-08,10.40,10.44,10.17,10.25,16000
2003-10-09,10.25,10.87,10.25,10.77,49480
2003-10-10,11.50,11.50,10.90,11.26,28980
2003-10-13,10.80,11.40,10.80,11.28,27300
2003-10-14,11.00,11.30,10.70,10.87,39400
2003-10-15,10.90,10.90,10.66,10.82,60
2003-10-16,11.10,11.15,10.60,10.93,21760
2003-10-17,11.00,11.00,10.57,10.68,28200
2003-10-20,10.53,10.75,10.53,10.61,6580
2003-10-21,10.54,10.55,10.54,10.54,7880
2003-10-22,10.40,10.60,10.40,10.50,28800
2003-10-23,10.01,10.50,10.01,10.30,24220
2003-10-24,10.45,10.50,10.45,10.50,2380
2003-10-27,11.00,11.05,10.75,10.76,12040
2003-10-28,10.95,10.95,10.55,10.61,4760
2003-10-29,11.00,11.25,10.95,10.95,3320
2003-10-30,11.15,11.35,11.04,11.35,45800
2003-10-31,11.40,11.55,11.09,11.35,47520
2003-11-03,11.40,11.93,11.40,11.79,33800
2003-11-04,11.50,11.85,11.25,11.68,33080
2003-11-05,11.49,11.74,11.38,11.74,18560
2003-11-06,11.68,11.92,11.55,11.90,54520
2003-11-07,12.00,13.12,11.85,12.52,98580
2003-11-10,12.75,13.01,12.60,12.83,10900
2003-11-11,13.10,13.30,12.75,12.94,104260
2003-11-12,13.00,13.75,12.91,13.41,75240
2003-11-13,13.45,13.60,12.81,12.97,73500
2003-11-14,13.00,13.00,12.41,12.60,15000
2003-11-17,13.49,13.50,13.11,13.25,64580
2003-11-18,13.35,13.53,13.01,13.26,51480
2003-11-19,14.00,14.00,13.10,13.59,51160
2003-11-20,13.65,13.96,13.30,13.68,36540
2003-11-21,13.50,13.50,12.75,12.90,51860
2003-11-24,13.48,13.75,13.25,13.71,30940
2003-11-25,14.50,14.50,13.55,14.11,45920
2003-11-27,14.00,14.55,14.00,14.31,31820
2003-11-28,14.20,15.19,14.20,14.80,83780
2003-12-01,15.00,16.28,15.00,16.28,136200
2003-12-02,16.67,17.09,16.40,17.09,66200
2003-12-03,17.75,17.75,17.30,17.54,63420
2003-12-04,17.50,18.39,17.50,18.03,60000
2003-12-05,18.25,18.74,17.95,18.01,21800
2003-12-08,17.61,18.74,17.61,18.64,34460
2003-12-09,18.85,19.58,18.85,19.58,51060
2003-12-10,20.00,20.00,19.15,19.49,30240
2003-12-11,20.00,20.00,17.75,18.21,45180
2003-12-12,18.50,18.89,18.00,18.11,42880
2003-12-15,19.00,19.00,17.57,17.83,24120
2003-12-16,17.85,17.85,17.01,17.15,35640
2003-12-17,17.75,18.87,16.75,18.69,108700
2003-12-18,18.73,19.20,18.57,18.85,58500
2003-12-19,19.00,19.00,18.01,18.51,22720
2003-12-22,18.40,18.50,18.00,18.20,13300
2003-12-23,18.00,18.45,18.00,18.26,22720
2003-12-24,18.25,18.75,18.06,18.15,63300
2003-12-26,18.35,18.62,18.05,18.38,10060
2003-12-29,18.25,18.72,18.25,18.50,27180
2003-12-30,18.51,18.51,17.91,18.25,43120
2003-12-31,18.24,18.24,17.25,17.50,40300
2004-01-01,18.40,18.40,17.40,17.46,27940
2004-01-02,17.50,18.24,17.40,17.90,27160
2004-01-05,17.95,18.10,17.61,17.93,24800
2004-01-06,17.60,18.70,17.60,18.05,91180
2004-01-07,17.76,17.84,17.05,17.83,24700
2004-01-08,17.80,18.25,17.80,17.80,13800
2004-01-09,17.88,19.20,17.85,18.62,59240
2004-01-12,19.00,20.35,18.50,19.05,32600
2004-01-13,18.26,18.90,18.26,18.60,6800
2004-01-14,18.26,19.00,18.26,18.57,8720
2004-01-15,18.77,19.00,18.50,18.50,42400
2004-01-16,18.15,18.60,17.57,17.57,15400
2004-01-19,17.64,17.65,17.25,17.45,17340
2004-01-20,17.50,18.49,17.45,17.79,20360
2004-01-21,17.95,17.95,16.36,16.36,13380
2004-01-22,16.50,17.25,14.75,15.20,30980
2004-01-23,15.20,16.00,15.20,15.86,17540
2004-01-27,15.55,16.27,15.27,16.27,7200
2004-01-28,16.25,17.30,16.05,16.50,72240
2004-01-29,15.65,16.48,15.65,15.96,83820
2004-01-30,15.75,16.44,15.75,15.86,51880
2004-02-03,15.00,15.05,15.00,15.05,4500
2004-02-04,14.90,15.00,14.50,14.80,16780
2004-02-05,15.05,15.50,15.00,15.00,2100
2004-02-06,15.25,15.25,14.00,15.00,15980
2004-02-09,15.75,16.25,14.96,15.43,43740
2004-02-10,15.20,15.20,14.65,14.92,11900
2004-02-11,14.75,16.25,14.75,15.49,26360
2004-02-12,15.14,15.45,15.14,15.45,4000
2004-02-13,15.06,16.88,15.06,16.41,17680
2004-02-16,16.36,16.36,15.50,16.00,27440
2004-02-17,16.25,16.25,15.55,15.95,11040
2004-02-18,15.70,15.70,15.26,15.26,3100
2004-02-20,15.50,15.50,14.66,15.00,17640
2004-02-23,14.89,14.95,14.40,14.43,42100
2004-02-24,14.50,14.74,14.50,14.55,6200
2004-02-25,14.62,15.00,14.50,15.00,11980
2004-02-26,14.65,15.14,14.65,14.73,3960
2004-02-27,15.00,15.30,15.00,15.14,12500
2004-03-01,15.25,15.30,15.00,15.00,5000
2004-03-03,15.25,15.50,15.00,15.50,10300
2004-03-04,14.90,15.25,14.90,15.24,13020
2004-03-05,15.25,15.25,15.25,15.25,100
2004-03-08,16.00,16.00,15.60,15.66,11300
2004-03-09,15.90,15.90,14.75,15.00,11600
2004-03-10,14.50,15.25,14.50,15.03,22660
2004-03-11,14.78,14.90,14.78,14.80,7000
2004-03-12,14.50,14.95,14.50,14.80,9400
2004-03-15,15.75,15.75,14.75,14.75,2240
2004-03-16,13.78,13.78,13.78,13.78,300
2004-03-17,14.00,14.50,13.75,14.26,4900
2004-03-18,13.60,14.50,13.60,14.25,13000
2004-03-19,13.65,14.40,13.55,13.66,9000
2004-03-22,13.60,14.25,13.25,13.34,5500
2004-03-23,14.00,14.00,12.60,13.39,480
2004-03-24,13.50,13.50,12.65,12.66,37160
2004-03-25,11.86,13.25,11.86,13.25,25200
2004-03-26,13.00,13.99,13.00,13.72,3400
2004-03-29,15.00,15.00,13.00,13.69,14120
2004-03-30,13.70,13.70,13.50,13.50,13300
2004-03-31,14.20,14.20,13.50,13.50,8680
2004-04-01,13.75,14.82,13.75,14.76,5280
2004-04-02,16.20,16.20,14.06,14.20,180
2004-04-05,15.05,15.05,14.31,14.32,6300
2004-04-06,15.38,15.38,14.50,14.80,6400
2004-04-07,14.05,14.85,14.05,14.85,600
2004-04-08,14.45,15.43,14.35,14.92,9640
2004-04-12,14.25,14.65,14.25,14.65,32700
2004-04-13,15.00,15.00,14.40,14.50,2300
2004-04-15,14.50,14.50,14.25,14.29,5620
2004-04-16,14.75,15.00,14.50,14.50,30700
2004-04-19,14.40,14.50,14.25,14.34,13700
2004-04-20,14.50,14.50,14.10,14.15,2360
2004-04-21,14.75,14.75,14.10,14.21,7900
2004-04-22,14.60,14.60,14.01,14.12,35980
2004-04-23,14.25,14.40,14.21,14.24,5200
2004-04-27,14.40,15.00,14.00,14.01,20500
2004-04-28,14.00,14.20,14.00,14.20,2240
2004-04-29,13.80,14.28,13.80,13.85,21200
2004-04-30,14.90,14.90,13.55,14.20,23200
2004-05-03,15.05,15.05,12.81,14.18,21580
2004-05-04,14.00,15.59,14.00,15.55,23280
2004-05-05,15.59,15.85,15.25,15.73,8820
2004-05-06,15.50,15.50,15.10,15.14,1600
2004-05-07,15.15,15.20,14.60,14.85,5560
2004-05-10,14.06,14.06,14.05,14.05,2000
2004-05-12,14.10,14.50,14.10,14.50,2300
2004-05-13,14.10,15.40,14.03,14.97,8760
2004-05-14,14.30,14.30,13.50,13.87,16900
2004-05-17,12.50,12.65,12.50,12.64,4000
2004-05-18,13.00,13.91,13.00,13.91,11280
2004-05-19,14.75,15.20,14.00,14.97,32060
2004-05-20,14.26,14.93,13.84,14.29,13100
2004-05-21,14.75,14.75,13.75,14.67,11420
2004-05-24,14.85,15.25,14.75,15.04,18580
2004-05-25,14.66,16.23,14.66,15.68,19780
2004-05-26,15.50,16.05,15.22,16.04,13060
2004-05-27,15.65,15.70,15.65,15.70,2260
2004-05-28,14.30,14.75,14.30,14.62,20680
2004-05-31,14.62,14.62,13.75,14.05,3340
2004-06-03,13.70,13.70,13.55,13.65,6000
2004-06-04,14.10,15.00,14.10,14.81,25800
2004-06-07,14.85,14.85,14.85,14.85,200
2004-06-08,14.50,14.50,14.50,14.50,100
2004-06-09,14.50,14.50,14.50,14.50,120
2004-06-10,13.36,14.82,13.36,14.82,6200
2004-06-11,13.81,15.05,13.81,14.95,260
2004-06-14,14.03,14.25,13.85,13.85,7580
2004-06-15,14.65,14.65,13.65,13.65,10000
2004-06-16,14.85,14.85,13.95,14.25,4040
2004-06-17,14.35,14.90,14.06,14.61,32200
2004-06-18,15.25,16.00,15.12,15.29,74600
2004-06-21,14.90,15.45,14.85,15.09,31900
2004-06-22,14.56,14.89,14.56,14.64,1420
2004-06-23,14.70,14.70,14.19,14.29,1780
2004-06-24,14.70,14.70,13.80,13.80,3460
2004-06-25,12.50,14.57,12.50,14.31,12600
2004-06-28,14.70,14.75,14.28,14.53,2300
2004-06-29,14.95,14.95,13.12,14.00,2060
2004-06-30,13.51,14.90,13.51,14.55,5640
2004-07-01,13.65,14.95,13.65,14.80,209620
2004-07-02,14.95,15.25,14.81,15.12,126720
2004-07-05,15.25,15.28,14.80,15.15,5100
2004-07-06,14.80,14.93,14.75,14.93,2540
2004-07-08,14.78,14.78,14.75,14.75,2000
2004-07-09,14.38,15.39,14.38,15.27,1040
2004-07-12,14.60,15.10,14.60,15.03,18280
2004-07-13,15.35,15.35,14.81,14.81,5980
2004-07-14,15.24,15.24,15.24,15.24,500
2004-07-15,15.00,15.20,15.00,15.14,2500
2004-07-16,15.06,15.35,15.03,15.34,44520
2004-07-19,15.49,15.85,15.49,15.85,13460
2004-07-20,15.65,15.70,15.50,15.50,2120
2004-07-21,15.43,15.50,15.05,15.50,122080
2004-07-22,15.60,15.60,15.25,15.58,10380
2004-07-23,14.05,16.23,14.05,15.45,104440
2004-07-26,15.22,16.12,15.22,15.86,12380
2004-07-27,16.40,16.55,15.32,15.42,20280
2004-07-28,15.65,16.96,15.65,16.96,38480
2004-07-29,17.55,17.55,17.05,17.20,61980
2004-07-30,17.55,17.70,16.55,17.14,33300
2004-08-02,17.00,18.20,17.00,17.98,22640
2004-08-03,17.75,19.34,17.75,18.94,154700
2004-08-04,18.34,19.20,18.34,19.10,51660
2004-08-05,19.05,19.05,18.68,18.81,2400
2004-08-06,18.55,18.64,18.17,18.61,1680
2004-08-09,19.00,19.00,18.36,18.50,15600
2004-08-10,18.50,18.50,18.25,18.32,560
2004-08-11,18.98,19.00,18.10,18.69,25540
2004-08-12,18.75,18.75,18.74,18.75,3800
2004-08-13,18.55,18.75,18.15,18.38,8780
2004-08-16,18.29,19.68,18.00,18.50,9840
2004-08-17,17.69,18.72,17.69,18.61,73980
2004-08-18,19.00,19.40,18.75,19.27,76000
2004-08-19,19.10,19.60,19.10,19.10,6360
2004-08-20,19.15,19.60,19.15,19.39,27160
2004-08-23,18.61,18.90,18.60,18.61,2460
2004-08-24,18.46,18.46,18.25,18.45,7040
2004-08-25,18.46,19.51,18.25,19.21,31600
2004-08-26,19.50,19.50,19.25,19.38,4260
2004-08-27,19.35,20.45,19.35,20.15,24560
2004-08-30,20.20,20.35,20.20,20.32,14000
2004-08-31,20.50,20.50,20.00,20.45,4800
2004-09-01,20.50,20.50,19.91,20.04,9140
2004-09-02,20.15,20.75,20.01,20.75,40920
2004-09-03,20.25,21.62,20.25,20.89,44580
2004-09-06,20.82,21.00,20.75,20.80,30440
2004-09-07,20.86,21.45,20.86,21.03,9280
2004-09-08,20.75,21.00,20.75,20.76,17240
2004-09-09,20.56,20.90,20.30,20.67,66240
2004-09-10,20.55,21.32,20.55,21.10,30700
2004-09-13,21.45,22.44,21.30,22.07,54360
2004-09-14,22.01,22.89,21.62,22.86,39100
2004-09-15,23.25,25.14,23.10,24.00,129460
2004-09-16,24.60,25.50,24.06,24.91,108940
2004-09-17,25.15,25.15,24.00,24.32,22500
2004-09-20,24.01,24.25,24.00,24.15,33060
2004-09-21,24.00,24.15,23.60,24.04,13700
2004-09-22,23.95,24.75,23.95,24.54,15820
2004-09-23,24.50,24.50,24.07,24.07,11000
2004-09-24,24.10,24.25,24.00,24.00,31820
2004-09-27,24.95,24.95,24.10,24.20,6260
2004-09-28,24.00,24.01,24.00,24.01,11700
2004-09-29,24.00,24.25,24.00,24.11,8900
2004-09-30,24.81,25.00,24.30,24.90,25620
2004-10-01,24.15,24.95,24.00,24.74,33720
2004-10-04,24.31,24.75,24.15,24.15,2920
2004-10-05,24.01,24.06,24.01,24.06,1100
2004-10-06,24.10,24.25,24.00,24.01,17520
2004-10-07,24.50,24.59,24.05,24.06,16540
2004-10-08,24.10,24.27,24.02,24.27,32800
2004-10-11,24.76,24.76,24.01,24.70,13140
2004-10-12,24.57,24.69,24.31,24.65,5900
2004-10-14,24.40,24.40,24.40,24.40,2000
2004-10-15,24.06,24.44,24.06,24.10,7520
2004-10-18,24.75,25.50,24.62,25.18,70120
2004-10-19,25.65,25.65,24.66,25.11,19160
2004-10-20,25.40,25.40,24.77,25.08,5680
2004-10-21,25.40,25.40,24.75,25.14,18760
2004-10-25,26.45,27.25,24.81,25.24,55340
2004-10-26,25.99,25.99,25.10,25.16,13420
2004-10-27,25.00,25.15,24.70,24.75,7680
2004-10-28,25.06,25.50,24.50,24.84,14140
2004-10-29,25.00,25.25,25.00,25.03,8220
2004-11-01,24.75,25.51,24.75,25.36,22120
2004-11-02,25.50,25.50,25.00,25.02,22600
2004-11-03,25.25,25.50,25.00,25.00,4100
2004-11-04,24.80,25.50,24.75,25.18,3600
2004-11-05,25.55,26.00,25.25,25.90,900
2004-11-08,25.88,26.00,25.20,25.50,1420
2004-11-09,25.25,25.45,25.00,25.06,5900
2004-11-10,25.00,25.85,25.00,25.63,4620
2004-11-11,25.00,26.20,25.00,25.11,3980
2004-11-12,25.90,25.90,25.12,25.59,580
2004-11-16,25.59,25.60,25.00,25.02,7900
2004-11-17,25.50,25.55,25.00,25.25,20900
2004-11-18,25.00,25.44,25.00,25.44,9020
2004-11-19,26.20,26.20,25.05,25.20,2140
2004-11-22,25.11,25.50,25.11,25.50,5620
2004-11-23,25.06,25.55,25.00,25.10,20480
2004-11-24,25.75,26.20,25.01,25.22,33140
2004-11-25,25.25,25.55,25.00,25.23,26240
2004-11-29,26.00,26.00,25.03,25.50,47700
2004-11-30,27.30,27.30,24.77,24.83,17680
2004-12-01,26.25,26.25,25.00,25.02,28780
2004-12-02,24.56,25.00,24.55,25.00,22000
2004-12-03,25.20,25.20,25.00,25.00,15380
2004-12-06,25.15,25.20,25.00,25.02,18620
2004-12-07,25.40,25.40,25.00,25.02,15860
2004-12-08,25.05,25.70,25.00,25.11,17200
2004-12-09,25.52,27.50,25.51,27.02,73720
2004-12-10,27.51,28.25,27.10,27.16,46860
2004-12-13,27.50,29.88,27.25,29.88,82900
2004-12-14,31.50,32.50,31.00,31.52,163360
2004-12-15,32.60,32.62,29.94,30.02,54600
2004-12-16,29.75,30.20,29.25,29.86,24340
2004-12-17,29.95,30.50,29.30,30.17,40000
2004-12-20,31.00,31.22,30.07,30.40,23620
2004-12-21,30.25,30.25,29.75,30.20,92600
2004-12-22,31.00,31.45,29.75,30.07,58880
2004-12-23,30.75,30.75,29.63,30.50,71120
2004-12-24,30.50,31.00,30.06,30.25,2000
2004-12-27,30.75,31.77,30.75,31.77,16720
2004-12-28,33.15,33.36,32.71,33.32,171260
2004-12-29,34.00,34.99,32.85,34.98,177340
2004-12-30,35.25,36.70,35.25,36.10,83940
2004-12-31,37.90,37.90,35.05,35.60,26580
2005-01-03,35.25,37.35,35.25,37.19,97720
2005-01-04,37.10,37.50,36.05,37.02,42140
2005-01-05,36.25,36.25,35.20,35.21,34320
2005-01-06,33.75,36.15,33.45,34.72,152080
2005-01-07,34.90,35.75,33.85,33.85,5760
2005-01-10,33.10,35.50,33.10,35.46,34940
2005-01-11,35.50,35.97,34.00,34.91,11360
2005-01-12,34.75,35.00,33.75,33.75,33780
2005-01-13,34.95,35.00,33.50,35.00,113120
2005-01-14,34.50,36.20,34.50,35.25,72520
2005-01-17,36.50,36.50,34.00,34.68,5800
2005-01-18,35.00,35.00,34.48,34.49,2700
2005-01-19,34.00,34.12,33.88,33.88,860
2005-01-20,33.48,34.75,33.45,33.76,13540
2005-01-24,33.70,33.70,33.00,33.06,4200
2005-01-25,33.25,33.50,33.25,33.50,4920
2005-01-27,34.05,34.15,33.50,34.00,5200
2005-01-28,34.75,35.70,34.50,35.43,23520
2005-01-31,35.00,35.25,34.60,34.88,15160
2005-02-01,35.00,35.00,33.80,34.01,13980
2005-02-02,33.55,33.74,33.10,33.50,92180
2005-02-03,33.50,35.17,33.10,34.80,73320
2005-02-04,35.00,36.00,34.00,34.37,33980
2005-02-07,35.00,35.00,34.75,34.80,4480
2005-02-08,34.75,35.75,34.75,35.05,5980
2005-02-09,35.69,35.69,34.90,34.95,22300
2005-02-10,34.95,34.95,34.50,34.62,1060
2005-02-11,34.30,34.65,33.12,34.15,25200
2005-02-14,33.55,34.19,33.50,33.78,3800
2005-02-15,34.10,34.10,33.10,33.65,10260
2005-02-16,33.70,34.40,33.70,34.29,5700
2005-02-17,33.90,34.20,33.50,33.68,26520
2005-02-18,34.50,34.50,33.14,33.55,14380
2005-02-21,33.55,33.55,33.15,33.20,14040
2005-02-22,32.75,35.45,32.75,34.95,79860
2005-02-23,35.25,35.25,33.62,34.54,16500
2005-02-24,34.50,34.50,33.80,33.95,2460
2005-02-25,34.38,34.50,32.56,34.05,103580
2005-02-28,35.40,35.45,33.00,33.04,370120
2005-03-01,33.05,34.50,33.00,34.15,809000
2005-03-02,35.00,35.35,33.70,34.22,472700
2005-03-03,34.25,35.00,34.00,34.08,17400
2005-03-04,34.06,34.50,34.00,34.25,25380
2005-03-07,34.25,34.50,33.88,33.88,28460
2005-03-08,33.85,34.50,33.85,34.11,8140
2005-03-09,33.90,33.90,32.85,33.00,81740
2005-03-10,33.62,33.75,33.39,33.43,3400
2005-03-11,33.25,34.12,33.00,33.30,30280
2005-03-14,33.25,33.25,33.25,33.25,620
2005-03-15,33.50,34.00,32.81,33.75,3960
2005-03-16,33.50,33.75,33.06,33.24,53600
2005-03-17,33.15,34.50,33.15,33.78,7800
2005-03-18,33.50,33.75,32.75,32.83,19580
2005-03-21,33.25,33.75,32.81,33.64,387700
2005-03-22,33.06,33.73,33.06,33.07,5000
2005-03-23,33.06,33.50,32.50,32.83,64000
2005-03-24,33.50,34.48,33.06,33.88,114520
2005-03-28,33.55,34.45,33.50,34.14,3800
2005-03-29,33.75,34.25,32.50,33.38,57400
2005-03-30,33.75,33.75,33.25,33.48,21620
2005-03-31,33.20,35.00,33.15,34.50,36900
2005-04-01,34.25,35.00,34.05,34.75,127580
2005-04-04,34.52,35.75,34.25,34.55,36080
2005-04-05,34.50,34.50,33.50,34.05,18100
2005-04-06,34.75,37.41,34.05,36.49,258700
2005-04-07,37.70,37.70,35.35,35.50,6140
2005-04-08,35.40,36.20,35.40,35.47,1740
2005-04-11,36.95,36.95,34.63,36.10,3840
2005-04-12,37.00,37.00,36.25,36.25,40
2005-04-13,35.00,36.50,35.00,35.45,7120
2005-04-15,36.35,36.50,34.38,34.75,10900
2005-04-18,33.75,34.25,33.75,34.25,480
2005-04-19,34.36,34.36,34.00,34.00,9900
2005-04-20,34.00,34.05,34.00,34.02,3000
2005-04-21,34.25,34.25,33.85,33.85,1060
2005-04-22,34.50,35.35,34.00,35.35,14920
2005-04-25,34.70,35.00,33.86,34.78,54960
2005-04-26,35.00,37.20,35.00,36.34,105680
2005-04-27,36.65,36.65,35.51,36.04,7740
2005-04-28,35.20,36.15,35.00,35.50,72040
2005-04-29,35.60,35.60,35.00,35.00,1140
2005-05-02,36.00,36.00,34.55,34.74,640
2005-05-03,35.25,37.20,35.25,36.62,358700
2005-05-04,36.25,37.50,36.25,37.31,27960
2005-05-05,36.75,37.50,36.75,37.26,28340
2005-05-06,37.75,37.75,36.80,37.59,1480
2005-05-09,38.70,38.70,36.75,37.10,9560
2005-05-10,37.75,38.25,37.50,38.23,7940
2005-05-11,38.20,39.85,37.80,37.88,13420
2005-05-12,38.55,39.61,37.86,38.70,4040
2005-05-13,38.25,38.25,38.25,38.25,1000
2005-05-16,39.36,39.36,37.75,38.21,8720
2005-05-17,37.60,38.00,37.50,37.50,5200
2005-05-18,37.75,37.75,37.50,37.50,12800
2005-05-19,37.50,39.00,37.50,38.24,13220
2005-05-20,38.25,38.50,38.00,38.00,14100
2005-05-23,37.75,39.00,37.75,38.00,5060
2005-05-24,38.00,41.55,37.75,40.82,42180
2005-05-25,40.50,41.25,39.30,40.33,8440
2005-05-26,40.25,40.65,40.25,40.65,520
2005-05-27,40.50,40.70,40.00,40.00,102660
2005-05-30,38.80,38.85,38.25,38.49,6000
2005-05-31,40.49,40.49,38.11,38.74,4520
2005-06-01,39.25,39.30,39.25,39.30,5000
2005-06-02,39.25,39.25,38.75,38.75,1360
2005-06-06,38.12,38.12,38.12,38.12,2000
2005-06-07,38.50,38.50,38.00,38.00,17740
2005-06-08,38.06,39.50,38.06,39.40,29720
2005-06-09,38.80,40.50,38.77,40.05,30780
2005-06-10,40.25,40.75,39.50,39.51,14180
2005-06-13,39.25,40.50,39.25,40.29,3200
2005-06-14,40.45,40.75,40.45,40.75,4580
2005-06-15,40.00,43.50,40.00,41.25,14000
2005-06-16,41.00,41.75,40.00,40.00,9700
2005-06-17,39.51,41.25,39.00,41.07,48660
2005-06-20,40.95,40.95,40.10,40.25,3800
2005-06-21,40.50,41.00,40.10,40.80,13220
2005-06-22,40.80,40.80,39.75,40.50,4220
2005-06-23,39.76,41.00,39.76,40.32,10860
2005-06-24,40.50,41.25,40.00,41.21,11020
2005-06-27,42.25,42.25,39.52,40.47,4160
2005-06-28,40.50,41.95,40.05,41.37,10680
2005-06-29,41.00,41.88,40.25,41.13,4580
2005-06-30,40.25,42.50,40.25,42.10,22880
2005-07-01,41.00,42.25,41.00,41.80,6440
2005-07-04,40.55,42.45,40.55,42.09,7360
2005-07-05,41.75,42.17,40.56,41.32,9600
2005-07-06,40.55,41.05,40.00,40.79,20880
2005-07-07,40.05,40.30,40.00,40.30,8520
2005-07-08,40.55,41.50,40.55,41.50,4400
2005-07-11,40.25,41.30,40.25,41.01,21500
2005-07-12,41.50,41.62,40.35,41.62,27560
2005-07-13,40.13,43.00,40.05,42.98,57560
2005-07-14,42.25,44.50,42.25,43.80,26200
2005-07-15,44.50,44.50,43.00,43.50,5780
2005-07-18,43.95,45.45,43.95,44.67,11560
2005-07-19,45.75,45.75,44.10,44.31,7100
2005-07-20,44.50,45.50,44.50,45.00,9120
2005-07-21,47.00,47.00,44.00,45.36,7120
2005-07-22,44.10,45.80,44.10,45.19,6140
2005-07-25,45.01,46.90,45.01,46.24,28360
2005-07-26,46.38,47.00,45.25,46.61,20700
2005-07-27,48.00,48.00,45.50,47.23,27080
2005-07-29,47.49,47.50,46.25,46.92,6940
2005-08-01,47.50,48.05,47.50,48.02,115500
2005-08-02,50.00,50.00,46.28,47.50,21240
2005-08-03,48.50,48.50,46.25,46.49,22940
2005-08-04,46.25,48.50,46.25,48.25,21060
2005-08-05,46.80,50.00,46.80,48.75,18760
2005-08-08,47.50,48.00,47.25,48.00,2440
2005-08-09,48.75,52.50,48.50,50.82,15060
2005-08-10,53.00,55.90,51.60,55.63,62680
2005-08-11,52.50,59.90,51.48,56.24,26000
2005-08-12,55.55,56.50,55.30,56.46,11840
2005-08-16,58.00,59.25,57.50,58.94,87500
2005-08-17,59.50,59.50,58.00,59.02,37400
2005-08-18,56.25,59.50,56.25,58.65,29020
2005-08-19,58.75,58.75,56.40,57.75,4280
2005-08-22,58.75,58.75,58.20,58.23,120
2005-08-23,57.50,58.45,55.81,56.90,15560
2005-08-24,56.26,57.00,54.25,55.19,50680
2005-08-25,54.50,55.00,54.50,54.75,2600
2005-08-26,53.06,55.45,53.06,54.30,71260
2005-08-29,53.50,55.30,52.00,54.41,11080
2005-08-30,54.30,54.55,54.05,54.51,4980
2005-08-31,54.25,55.00,54.25,54.44,6340
2005-09-01,55.00,56.25,54.38,55.95,6600
2005-09-02,54.75,57.45,54.75,56.34,8900
2005-09-05,59.00,59.10,55.75,57.66,17600
2005-09-06,58.00,60.00,58.00,60.00,12580
2005-09-08,62.50,63.00,58.50,62.95,18300
2005-09-09,64.00,64.90,62.50,63.48,26420
2005-09-12,62.50,64.95,62.25,62.98,7380
2005-09-13,62.25,63.50,60.65,60.85,24540
2005-09-14,63.25,63.25,60.00,60.02,14920
2005-09-15,60.50,60.50,59.75,60.00,680
2005-09-16,59.75,60.50,59.30,59.75,2380
2005-09-19,59.70,59.70,58.25,59.06,19980
2005-09-20,57.00,58.95,57.00,58.31,30600
2005-09-21,58.00,58.00,55.50,57.27,142240
2005-09-22,57.50,57.50,54.45,54.49,10860
2005-09-23,53.75,56.25,52.25,54.62,25340
2005-09-26,55.00,56.25,55.00,55.48,14300
2005-09-27,55.60,55.60,55.00,55.00,24000
2005-09-28,56.25,57.75,55.85,56.88,76500
2005-09-29,57.50,57.50,56.00,56.85,22100
2005-09-30,57.20,57.75,55.25,55.25,14300
2005-10-03,56.75,56.75,56.10,56.12,4540
2005-10-04,55.50,57.20,55.50,56.25,15800
2005-10-05,55.25,57.00,55.25,57.00,2700
2005-10-06,57.50,59.50,55.75,59.38,4940
2005-10-07,59.70,59.70,57.50,57.58,14500
2005-10-10,56.50,58.50,56.00,58.50,7000
2005-10-11,56.00,57.38,56.00,56.50,1460
2005-10-13,57.00,57.50,57.00,57.47,21880
2005-10-14,57.00,58.75,55.75,58.48,243400
2005-10-17,57.45,57.75,55.01,56.97,30440
2005-10-18,57.75,57.75,56.00,56.09,13480
2005-10-19,55.75,56.75,54.50,56.73,11320
2005-10-20,56.00,56.95,55.50,56.04,19200
2005-10-21,56.25,57.50,55.50,57.16,10280
2005-10-24,56.50,57.00,55.63,56.62,8280
2005-10-25,56.74,56.90,56.50,56.65,1600
2005-10-26,55.57,56.75,55.57,56.33,8420
2005-10-27,57.00,57.00,55.50,56.25,20820
2005-10-28,55.75,56.50,55.50,56.39,14840
2005-10-31,58.25,58.25,56.50,56.50,2340
2005-11-01,57.55,61.25,57.55,57.55,8320
2005-11-02,58.00,58.00,56.25,57.50,800
2005-11-07,57.50,57.50,55.75,57.50,1960
2005-11-08,59.50,59.50,55.56,56.68,5740
2005-11-09,56.75,58.50,56.75,58.25,2200
2005-11-10,58.25,59.50,57.50,58.25,8100
2005-11-11,57.56,59.75,57.56,59.23,14060
2005-11-14,57.50,58.75,57.05,58.61,15600
2005-11-16,58.50,59.25,58.00,58.67,20560
2005-11-17,58.70,59.25,56.62,59.04,15160
2005-11-18,59.88,60.00,58.50,59.10,14320
2005-11-21,58.75,60.00,58.75,58.75,22400
2005-11-22,59.50,59.50,58.38,58.48,3260
2005-11-23,59.40,60.50,58.42,59.75,33100
2005-11-24,59.99,60.00,59.75,60.00,16720
2005-11-25,60.00,60.50,59.50,59.63,13380
2005-11-28,58.75,60.00,58.60,59.94,26980
2005-11-29,58.75,60.00,58.75,60.00,12200
2005-11-30,61.80,61.80,59.75,59.90,7600
2005-12-01,58.38,60.00,58.38,59.99,16500
2005-12-02,59.45,61.50,59.45,61.35,24540
2005-12-05,62.50,62.50,60.00,61.90,1200
2005-12-06,61.00,61.75,60.88,61.00,20880
2005-12-07,61.00,61.00,60.06,60.53,840
2005-12-08,62.50,62.75,60.50,62.75,38240
2005-12-09,62.50,63.75,62.50,63.75,5140
2005-12-12,62.75,64.95,62.50,63.32,26220
2005-12-13,64.25,64.25,64.00,64.23,1580
2005-12-14,62.50,64.25,61.55,64.01,25440
2005-12-15,63.00,64.25,61.55,62.62,9020
2005-12-16,62.50,62.50,62.50,62.50,600
2005-12-19,63.50,65.00,63.50,64.95,7060
2005-12-20,65.35,65.35,64.22,64.22,2920
2005-12-21,63.12,65.70,63.12,63.96,62900
2005-12-22,63.25,64.75,63.25,63.88,5440
2005-12-23,63.25,64.00,63.10,63.92,3740
2005-12-26,64.05,64.05,62.50,63.00,4840
2005-12-27,63.75,66.25,63.00,65.02,6800
2005-12-28,63.75,66.00,63.75,64.27,940
2005-12-29,65.00,65.00,63.75,64.25,3020
2005-12-30,65.00,65.00,64.00,65.00,1280
2006-01-02,66.25,66.25,64.75,65.95,42120
2006-01-03,66.25,67.00,65.25,66.25,26360
2006-01-04,66.75,66.75,65.50,65.55,5980
2006-01-05,65.60,67.25,65.60,67.00,43700
2006-01-06,66.25,66.25,65.50,65.50,5000
2006-01-09,63.75,66.75,63.75,66.52,24200
2006-01-10,64.95,66.95,64.95,66.17,11500
2006-01-12,64.25,66.30,64.10,64.98,33320
2006-01-13,64.75,66.00,63.75,65.64,27240
2006-01-16,66.00,67.00,66.00,66.44,44860
2006-01-17,66.50,66.50,66.00,66.00,10320
2006-01-18,67.25,67.25,65.25,65.75,12980
2006-01-19,66.25,67.40,66.00,66.94,4520
2006-01-20,68.75,68.75,65.50,66.92,33360
2006-01-23,67.44,73.61,66.50,70.14,9760
2006-01-24,75.00,75.00,69.55,69.80,20740
2006-01-25,67.75,71.20,67.75,69.78,2860
2006-01-27,68.25,72.50,68.25,71.72,8520
2006-01-30,72.00,72.20,69.25,71.29,29380
2006-01-31,71.75,71.75,69.50,70.20,13900
2006-02-01,70.50,71.95,68.00,71.43,219600
2006-02-02,71.20,72.00,70.50,71.19,20000
2006-02-03,70.00,72.25,69.31,71.39,5860
2006-02-06,70.00,71.50,70.00,71.49,20500
2006-02-07,70.06,72.50,70.00,71.94,5560
2006-02-08,72.45,72.45,70.80,71.95,1400
2006-02-10,69.50,72.50,69.50,71.18,17640
2006-02-13,72.00,72.50,70.50,70.59,32480
2006-02-14,71.40,71.75,71.00,71.23,8200
2006-02-15,71.25,72.25,71.20,71.73,8440
2006-02-16,72.50,72.50,70.00,70.85,11120
2006-02-17,69.75,72.50,69.75,72.33,2840
2006-02-20,69.35,72.00,67.55,70.45,58020
2006-02-21,69.75,72.38,69.75,71.08,7540
2006-02-22,72.00,72.00,70.25,71.47,7100
2006-02-23,70.25,71.75,70.00,71.45,14620
2006-02-24,70.00,72.00,69.50,70.71,12440
2006-02-27,68.75,71.85,68.75,71.18,7700
2006-02-28,72.00,72.00,70.00,70.50,9100
2006-03-01,71.50,71.75,71.25,71.36,7660
2006-03-02,72.50,72.50,69.75,70.54,166560
2006-03-03,70.56,71.50,70.00,70.14,44520
2006-03-06,71.00,71.88,69.15,70.17,17160
2006-03-07,69.25,70.75,69.25,69.67,1760
2006-03-08,70.00,70.88,69.75,70.49,26140
2006-03-09,69.25,71.25,69.25,70.50,23480
2006-03-10,72.00,72.00,70.00,70.19,6740
2006-03-13,70.00,71.00,70.00,70.75,37260
2006-03-14,71.88,71.88,70.25,70.52,25540
2006-03-16,71.00,71.31,70.25,70.92,7020
2006-03-17,70.10,70.25,69.50,70.23,13220
2006-03-20,69.00,71.00,69.00,70.86,7140
2006-03-21,71.00,71.25,70.25,70.91,840
2006-03-22,70.25,71.00,70.00,70.73,11360
2006-03-23,70.06,70.88,70.06,70.06,740
2006-03-24,69.25,71.25,69.25,71.09,131380
2006-03-27,73.25,73.25,71.00,71.62,12280
2006-03-28,71.03,72.00,71.00,71.02,8700
2006-03-29,71.75,72.25,70.75,71.91,11520
2006-03-30,72.00,73.00,72.00,73.00,700
2006-03-31,71.50,73.25,71.50,72.80,101520
2006-04-03,70.06,75.75,70.06,74.70,18080
2006-04-04,77.25,77.25,72.30,74.47,6220
2006-04-05,75.00,80.00,74.17,76.98,24460
2006-04-07,77.00,79.25,74.00,77.45,16100
2006-04-10,81.25,82.94,77.50,82.16,6240
2006-04-12,82.50,82.88,81.00,82.72,2000
2006-04-13,82.45,83.75,79.25,81.03,21820
2006-04-17,80.75,82.50,80.75,82.36,18720
2006-04-18,80.75,86.50,80.75,85.70,21240
2006-04-19,85.00,87.50,85.00,87.39,7880
2006-04-20,88.90,89.00,86.60,87.52,2740
2006-04-21,85.25,89.00,85.00,87.96,11640
2006-04-24,88.25,90.45,86.25,89.19,6960
2006-04-25,87.55,89.00,87.55,88.61,420
2006-04-26,88.00,89.50,88.00,88.88,2600
2006-04-27,87.50,89.50,87.50,89.50,2160
2006-04-28,88.70,92.25,85.25,91.06,6220
2006-05-02,91.25,91.75,89.50,90.42,5400
2006-05-03,90.00,91.25,88.50,91.21,3640
2006-05-04,90.50,94.40,90.00,91.61,18960
2006-05-05,92.50,92.75,91.06,92.20,19440
2006-05-08,90.00,90.31,89.25,89.85,13620
2006-05-09,89.75,90.00,89.06,90.00,640
2006-05-10,90.00,90.00,89.00,89.49,4620
2006-05-11,91.75,91.75,89.75,89.75,10500
2006-05-12,89.00,89.75,87.56,89.75,1800
2006-05-15,86.25,89.88,86.25,89.57,1580
2006-05-16,85.00,90.25,85.00,89.95,6040
2006-05-17,89.75,90.25,89.40,90.17,5180
2006-05-18,85.00,90.00,85.00,88.16,3020
2006-05-19,90.00,92.38,89.50,91.03,1800
2006-05-22,95.00,95.00,82.00,85.21,66820
2006-05-23,85.00,87.00,82.75,85.36,15700
2006-05-24,86.50,86.50,82.60,85.84,540
2006-05-25,80.50,86.25,80.50,86.12,5420
2006-05-26,85.00,87.50,83.75,85.25,7400
2006-05-29,87.25,87.45,85.50,86.08,4800
2006-05-30,87.50,87.50,83.35,83.92,61300
2006-05-31,81.25,87.20,78.00,85.14,16140
2006-06-01,84.45,84.45,83.00,83.58,2000
2006-06-02,80.00,82.50,78.75,82.39,7900
2006-06-05,82.25,82.25,78.75,81.90,1420
2006-06-06,74.06,81.25,74.06,78.81,15480
2006-06-07,76.00,76.00,70.95,70.95,940
2006-06-08,65.00,77.00,63.85,67.74,21300
2006-06-09,66.26,68.75,63.75,65.28,42380
2006-06-12,66.75,66.75,64.25,66.51,420
2006-06-13,63.50,65.00,63.20,63.70,10900
2006-06-14,62.50,63.75,60.70,61.71,3540
2006-06-15,60.00,60.00,59.00,59.68,4040
2006-06-16,59.75,61.25,58.50,59.08,7320
2006-06-19,59.25,59.25,58.50,58.61,980
2006-06-20,59.00,59.00,58.95,58.98,400
2006-06-21,59.00,59.25,58.00,59.17,3560
2006-06-22,59.40,62.12,59.40,62.00,7680
2006-06-23,62.50,64.50,61.25,64.38,2760
2006-06-26,63.02,64.00,62.95,63.41,1400
2006-06-27,63.00,63.00,60.25,61.97,1160
2006-06-28,61.25,62.25,59.00,60.15,1480
2006-06-29,61.20,61.20,59.00,59.34,1220
2006-06-30,60.50,60.50,59.00,59.18,10520
2006-07-03,59.50,59.50,58.00,58.51,3460
2006-07-04,59.00,59.25,58.55,59.00,9540
2006-07-05,57.55,59.45,57.50,59.45,2680
2006-07-06,59.45,61.60,59.45,59.60,4180
2006-07-07,59.10,60.25,59.05,59.24,160
2006-07-10,60.50,60.50,58.52,59.91,2560
2006-07-11,60.60,60.60,59.05,59.62,420
2006-07-12,60.00,61.00,58.56,59.52,2320
2006-07-13,60.00,60.00,60.00,60.00,4200
2006-07-14,58.75,62.25,58.75,61.50,3240
2006-07-17,59.50,64.44,59.50,62.82,87360
2006-07-18,64.44,64.44,61.50,62.45,3940
2006-07-19,60.00,62.20,59.35,61.75,1080
2006-07-20,60.00,61.50,59.00,60.13,15060
2006-07-21,60.75,61.00,58.75,60.01,3240
2006-07-24,62.50,62.50,58.50,60.55,3720
2006-07-25,62.25,62.25,59.00,60.48,4020
2006-07-26,59.50,61.40,58.60,60.40,7860
2006-07-27,60.00,61.00,58.00,60.45,8540
2006-07-28,61.24,61.25,60.70,60.70,780
2006-07-31,60.00,63.38,59.31,61.61,5500
2006-08-01,60.05,62.95,60.05,62.95,2200
2006-08-02,63.44,63.44,60.50,61.86,15660
2006-08-03,60.55,63.00,60.55,62.41,7300
2006-08-04,61.00,61.49,60.50,61.42,7180
2006-08-07,60.00,61.00,60.00,60.92,6320
2006-08-08,60.00,61.40,60.00,60.89,5520
2006-08-09,60.50,61.45,60.10,61.10,28900
2006-08-10,61.25,61.35,60.25,60.62,1600
2006-08-11,61.50,63.45,61.50,63.45,4440
2006-08-14,64.00,64.00,62.00,63.75,1920
2006-08-16,63.75,64.00,63.25,63.55,2460
2006-08-17,61.00,63.50,60.00,63.49,4640
2006-08-18,63.70,64.50,63.70,63.79,5040
2006-08-21,62.50,64.00,62.50,63.62,10880
2006-08-22,64.00,65.00,63.00,64.96,2420
2006-08-23,66.25,66.62,65.00,66.24,4800
2006-08-24,65.00,66.25,65.00,66.25,4100
2006-08-25,63.00,66.25,63.00,66.00,1100
2006-08-28,66.45,71.00,66.45,68.42,8300
2006-08-29,68.40,69.75,67.75,69.14,3100
2006-08-30,69.00,69.00,69.00,69.00,80
2006-08-31,71.20,74.25,69.25,71.20,8360
2006-09-01,70.00,72.50,70.00,71.63,8200
2006-09-04,71.25,72.40,70.50,72.23,1340
2006-09-05,69.55,72.25,69.55,71.45,5700
2006-09-07,69.50,72.20,69.50,70.09,9120
2006-09-08,69.00,71.00,69.00,69.96,11700
2006-09-11,69.75,69.75,68.75,69.44,13240
2006-09-12,67.50,71.25,67.50,70.44,8840
2006-09-13,70.00,72.00,70.00,71.51,11220
2006-09-14,71.25,72.88,71.00,71.64,15480
2006-09-15,68.75,72.50,68.75,72.12,5640
2006-09-18,71.25,73.00,70.25,71.45,14980
2006-09-19,70.11,71.00,70.11,71.00,220
2006-09-20,68.75,71.00,68.75,70.30,14520
2006-09-21,71.25,72.50,70.30,71.20,1100
2006-09-25,68.25,70.94,68.25,70.94,1960
2006-09-26,70.50,70.50,68.75,69.70,11740
2006-09-27,70.50,70.75,67.50,69.03,31720
2006-09-28,69.75,70.00,68.50,69.06,414320
2006-09-29,70.50,70.50,69.00,69.75,10940
2006-10-03,72.00,72.00,69.05,69.73,221360
2006-10-04,69.75,69.75,69.75,69.75,40
2006-10-05,69.00,70.50,68.00,69.66,97300
2006-10-06,68.75,70.00,68.75,69.49,7160
2006-10-09,69.99,70.00,69.25,69.49,7520
2006-10-10,68.06,70.00,68.06,69.77,31260
2006-10-11,70.00,70.00,69.25,69.52,3860
2006-10-12,69.50,75.00,69.05,70.58,49380
2006-10-13,72.50,73.20,72.00,73.02,9600
2006-10-16,73.75,73.75,71.50,72.77,4260
2006-10-17,72.25,72.50,71.25,71.78,2000
2006-10-18,72.25,72.25,71.75,71.88,6420
2006-10-19,72.80,72.80,70.61,72.00,1460
2006-10-20,72.00,72.00,71.75,71.75,2440
2006-10-23,72.48,72.49,71.75,72.00,2360
2006-10-26,73.40,73.40,70.53,71.94,2760
2006-10-27,72.50,73.50,71.80,72.31,8220
2006-10-30,71.25,71.50,70.55,70.91,4340
2006-10-31,64.53,69.00,64.25,66.54,72900
2006-11-02,67.50,67.50,65.00,65.14,0
2006-11-03,65.25,66.50,63.80,65.83,134380
2006-11-06,67.90,68.75,64.00,65.93,39700
2006-11-07,67.10,67.10,63.75,64.26,107500
2006-11-08,65.00,67.75,64.25,67.32,19260
2006-11-09,68.63,68.63,65.81,67.36,9600
2006-11-10,67.00,67.40,66.25,67.04,3320
2006-11-13,66.95,67.25,65.56,67.11,10180
2006-11-14,66.20,67.20,66.20,66.70,1000
2006-11-15,66.50,67.25,65.55,66.87,5680
2006-11-16,66.41,66.41,66.41,66.41,6740
2006-11-17,65.03,66.90,64.50,65.28,9460
2006-11-20,60.79,67.25,60.79,66.33,5360
2006-11-21,63.81,66.50,63.81,65.75,2620
2006-11-22,65.45,66.65,64.05,66.02,10840
2006-11-23,63.60,66.00,63.60,65.22,6680
2006-11-24,64.56,65.44,63.80,64.86,9340
2006-11-27,63.77,65.50,63.77,64.00,60
2006-11-28,63.76,65.50,63.76,64.87,5500
2006-11-29,67.25,67.25,63.00,65.91,15680
2006-11-30,67.99,67.99,65.15,66.74,3220
2006-12-01,65.10,67.25,63.25,65.03,7980
2006-12-04,67.75,67.75,65.75,65.77,3660
2006-12-05,62.60,66.25,62.58,64.77,5080
2006-12-06,64.79,64.79,64.79,64.79,1700
2006-12-07,63.92,63.92,63.92,63.92,18720
2006-12-08,64.75,64.75,62.81,64.09,2380
2006-12-11,62.90,63.45,57.75,61.68,44300
2006-12-12,60.50,62.25,58.35,58.50,5240
2006-12-13,56.25,60.70,56.25,58.93,4000
2006-12-14,61.75,64.00,60.00,62.07,3540
2006-12-15,62.50,62.50,60.00,60.00,2720
2006-12-18,60.00,61.38,60.00,61.38,560
2006-12-19,61.65,61.65,60.00,60.00,2140
2006-12-20,62.15,62.15,59.00,59.00,1320
2006-12-21,59.00,59.95,58.50,59.23,1680
2006-12-22,60.00,61.10,56.05,60.55,1280
2006-12-26,58.01,61.50,58.01,59.49,12260
2006-12-27,60.00,60.00,58.62,58.78,1800
2006-12-28,57.50,59.00,57.50,58.99,1180
2006-12-29,58.55,62.00,57.75,60.38,53540
2007-01-02,57.91,63.60,57.91,60.92,5280
2007-01-03,61.15,65.75,61.15,64.95,22760
2007-01-04,68.50,68.50,62.50,64.48,14860
2007-01-05,65.00,65.00,60.05,62.27,29020
2007-01-08,62.60,62.60,61.25,62.24,43720
2007-01-09,62.35,63.50,61.05,61.72,4600
2007-01-10,60.50,60.75,59.50,60.05,5580
2007-01-11,59.50,60.00,59.00,59.75,5120
2007-01-12,60.50,60.50,58.75,59.00,7260
2007-01-15,59.50,60.00,58.50,59.25,10200
2007-01-16,58.80,59.80,58.52,58.56,14300
2007-01-17,59.10,59.10,58.52,58.60,1980
2007-01-18,59.00,60.45,58.60,59.26,3660
2007-01-19,54.99,59.50,54.99,58.59,7220
2007-01-22,59.70,60.00,59.51,59.67,4300
2007-01-23,58.50,59.70,58.50,58.50,6260
2007-01-24,58.50,59.50,57.00,57.86,8640
2007-01-25,57.75,58.25,53.10,53.91,74760
2007-01-29,54.05,54.05,52.25,52.60,12140
2007-01-31,55.00,55.00,51.50,52.07,20060
2007-02-01,51.25,52.50,50.57,51.41,0
2007-02-02,52.00,52.00,51.00,51.68,15900
2007-02-05,52.50,52.94,52.00,52.47,17840
2007-02-06,51.95,52.00,51.15,51.22,5620
2007-02-07,51.50,51.75,50.15,50.61,9680
2007-02-08,51.00,51.00,49.80,49.88,24360
2007-02-09,50.25,50.65,48.50,49.92,9300
2007-02-12,50.40,50.40,47.50,48.88,2120
2007-02-13,49.10,49.10,45.00,45.45,15160
2007-02-14,45.30,46.48,44.95,45.51,19760
2007-02-15,49.25,49.25,46.30,47.98,7340
2007-02-19,47.00,49.40,45.95,47.08,2300
2007-02-20,46.03,47.75,44.65,44.96,18760
2007-02-21,45.50,45.97,44.98,45.00,16340
2007-02-22,45.00,45.00,43.00,43.22,84760
2007-02-23,45.45,45.45,41.50,42.23,54520
2007-02-26,42.75,42.75,41.75,42.75,1800
2007-02-27,42.25,42.70,40.00,40.88,15860
2007-02-28,40.75,44.95,40.75,42.15,5240
2007-03-01,40.65,42.00,40.25,40.42,4340
2007-03-02,39.00,42.90,39.00,40.03,51500
2007-03-05,39.00,42.00,36.02,36.11,38220
2007-03-06,35.00,37.38,34.05,34.69,50140
2007-03-07,36.50,36.50,34.05,34.25,41980
2007-03-08,35.00,35.00,35.00,35.00,4140
2007-03-09,35.11,36.90,35.00,35.05,130420
2007-03-12,36.75,36.75,33.05,33.58,8160
2007-03-13,34.95,36.00,33.55,35.52,112440
2007-03-14,36.00,37.80,33.01,36.39,5780
2007-03-15,37.25,37.29,33.15,33.27,233760
2007-03-16,33.80,34.85,33.25,33.33,34800
2007-03-19,33.50,34.34,31.60,34.34,17880
2007-03-20,33.62,34.30,33.62,34.13,4860
2007-03-21,33.60,35.25,33.60,35.08,8340
2007-03-22,34.81,36.10,34.08,36.09,37960
2007-03-23,36.25,38.30,33.00,36.46,126740
2007-03-26,36.48,36.75,35.33,36.61,7040
2007-03-28,36.87,37.50,33.75,36.94,21680
2007-03-29,39.75,39.75,35.75,36.68,5320
2007-03-30,38.75,39.75,35.83,38.93,909600
2007-04-02,35.50,40.00,35.50,38.75,182700
2007-04-03,36.65,36.65,36.65,36.65,0
2007-04-04,36.25,37.75,36.25,36.94,10860
2007-04-05,37.88,40.00,36.50,39.12,39640
2007-04-10,37.00,37.55,37.00,37.37,4860
2007-04-11,37.50,38.33,37.25,37.97,2340
2007-04-12,37.26,38.17,37.26,37.50,5820
2007-04-13,36.60,37.74,36.60,37.50,4180
2007-04-16,37.65,37.70,36.02,37.24,12900
2007-04-17,37.25,37.50,34.90,35.10,19900
2007-04-18,34.35,36.45,34.35,35.96,7020
2007-04-19,36.00,36.00,34.85,35.20,3520
2007-04-20,37.00,37.00,35.25,35.25,10120
2007-04-23,36.30,36.30,35.30,35.93,1320
2007-04-24,36.48,36.75,35.91,36.40,10680
2007-04-25,37.20,37.50,36.00,36.55,8200
2007-04-26,37.25,37.50,35.75,35.85,21120
2007-04-27,36.75,36.85,34.00,34.80,29940
2007-04-30,35.00,35.75,35.00,35.65,4300
2007-05-03,35.00,36.40,34.50,35.73,3820
2007-05-04,39.05,39.05,35.85,36.50,8380
2007-05-07,37.00,37.50,34.70,35.46,15080
2007-05-08,35.60,35.60,34.90,34.90,14660
2007-05-09,35.05,35.25,34.75,35.24,760
2007-05-10,35.00,35.25,34.35,34.57,5620
2007-05-11,35.05,35.05,34.50,34.52,2420
2007-05-14,35.00,35.00,34.55,34.55,1300
2007-05-15,35.00,35.00,34.40,34.72,3500
2007-05-16,35.00,35.25,34.65,35.10,2660
2007-05-17,36.00,36.00,35.06,35.06,780
2007-05-18,35.50,35.75,35.00,35.44,2440
2007-05-21,35.75,37.46,35.75,37.45,16720
2007-05-22,37.06,37.50,36.50,36.52,15800
2007-05-23,35.25,36.25,35.25,35.81,1200
2007-05-24,35.25,35.40,35.00,35.07,6740
2007-05-25,35.55,36.25,35.55,35.75,2840
2007-05-28,35.75,35.75,35.11,35.71,1940
2007-05-29,35.50,36.45,35.42,36.00,2580
2007-05-30,36.25,37.10,35.83,36.55,19420
2007-05-31,36.50,36.90,36.50,36.50,5880
2007-06-01,36.50,36.55,35.60,35.65,7320
2007-06-04,36.50,36.51,35.01,35.76,48220
2007-06-05,35.25,36.25,34.90,36.25,2200
2007-06-06,36.15,36.40,35.50,35.50,7340
2007-06-07,36.00,36.00,34.55,35.72,7060
2007-06-08,35.25,35.70,34.25,34.40,4420
2007-06-11,34.75,34.75,33.75,34.75,4520
2007-06-12,35.50,35.50,35.00,35.00,1540
2007-06-13,35.65,35.65,35.44,35.45,1320
2007-06-14,34.08,35.42,34.08,34.60,300
2007-06-15,35.60,35.75,34.50,34.66,2540
2007-06-18,35.00,35.00,33.25,34.47,3380
2007-06-19,34.21,35.00,34.21,34.40,1020
2007-06-20,34.60,35.49,34.06,35.06,56460
2007-06-21,34.80,35.02,34.52,35.00,4140
2007-06-22,34.25,37.00,33.75,36.20,24220
2007-06-25,37.50,39.00,36.56,38.04,14740
2007-06-26,38.20,41.75,38.12,41.06,44500
2007-06-27,40.05,45.60,40.05,45.15,130820
2007-06-28,45.05,47.45,42.62,43.66,54540
2007-06-29,45.00,45.00,43.15,44.26,8440
2007-07-02,40.75,44.50,40.30,43.00,12220
2007-07-03,42.30,45.00,42.25,44.17,25420
2007-07-04,42.50,45.45,42.50,45.01,21000
2007-07-05,45.00,45.00,43.83,44.65,4360
2007-07-06,44.10,44.98,44.10,44.65,8200
2007-07-09,44.95,46.25,44.25,45.70,48580
2007-07-10,45.80,47.25,44.75,44.95,145100
2007-07-11,45.00,46.25,44.60,45.65,12140
2007-07-12,46.30,48.20,46.10,47.71,61000
2007-07-13,45.75,50.00,45.75,49.78,27980
2007-07-16,49.50,52.40,49.50,50.36,58900
2007-07-17,50.75,52.00,50.75,51.68,0
2007-07-18,51.00,51.65,49.38,51.34,12520
2007-07-19,51.25,52.25,50.00,51.93,11620
2007-07-20,51.75,52.50,50.50,51.09,14860
2007-07-23,50.50,51.10,49.66,51.02,14680
2007-07-24,52.00,52.01,50.00,50.70,3560
2007-07-25,48.25,50.00,48.25,49.50,7900
2007-07-26,50.25,50.25,47.55,49.36,1840
2007-07-27,49.48,51.00,49.00,50.00,28680
2007-07-30,50.00,50.75,50.00,50.55,11660
2007-07-31,50.00,50.00,48.75,49.27,25380
2007-08-01,49.27,49.70,48.00,48.00,23560
2007-08-02,47.05,48.50,45.05,48.00,8820
2007-08-03,46.01,47.75,46.01,47.50,1240
2007-08-06,46.05,47.50,46.05,47.50,700
2007-08-07,49.00,49.10,47.11,48.00,3400
2007-08-08,46.80,48.00,46.25,47.24,59280
2007-08-09,49.00,49.50,47.50,47.53,2500
2007-08-10,48.40,48.50,46.09,47.50,6360
2007-08-13,47.00,47.40,46.75,46.95,4860
2007-08-14,47.50,48.00,46.30,47.69,12300
2007-08-16,45.30,48.15,45.30,45.89,2200
2007-08-17,45.58,46.25,45.00,45.88,16980
2007-08-20,46.50,46.75,46.25,46.75,1340
2007-08-21,45.75,45.75,43.55,43.75,11400
2007-08-23,44.50,45.00,43.75,44.49,880
2007-08-24,43.00,44.05,42.75,44.05,300
2007-08-27,45.95,45.95,42.75,45.50,1880
2007-08-28,43.90,46.38,43.80,44.44,3220
2007-08-29,46.09,46.09,44.75,45.00,10220
2007-08-30,44.75,45.00,44.00,45.00,4740
2007-08-31,43.25,45.00,43.25,44.94,4060
2007-09-03,44.94,45.00,41.85,42.81,40740
2007-09-04,43.25,44.05,43.25,43.50,21900
2007-09-05,43.50,43.50,42.07,42.43,11900
2007-09-06,43.75,43.75,42.50,43.00,1560
2007-09-07,43.00,44.25,42.50,42.70,6580
2007-09-10,42.50,43.38,42.40,42.49,4880
2007-09-11,43.45,43.45,42.25,42.26,5100
2007-09-12,46.25,46.25,41.50,42.33,9240
2007-09-13,42.02,44.25,42.02,43.71,2180
2007-09-14,43.00,52.20,43.00,50.18,119860
2007-09-17,52.25,56.25,49.50,50.20,46340
2007-09-18,50.00,50.00,47.55,49.73,14260
2007-09-19,49.80,50.59,49.50,49.60,12220
2007-09-20,48.75,49.45,47.80,48.25,5800
2007-09-21,48.25,49.10,47.50,48.42,2800
2007-09-24,48.00,48.75,46.50,47.19,6380
2007-09-25,47.25,49.00,47.25,47.82,8160
2007-09-26,47.50,48.65,47.00,47.23,4160
2007-09-27,47.50,49.50,47.30,47.50,6100
2007-09-28,48.00,48.00,47.70,47.70,800
2007-10-01,48.00,48.50,47.70,48.46,9620
2007-10-03,48.25,50.00,48.25,49.77,29860
2007-10-04,48.25,49.45,48.25,49.00,3400
2007-10-05,49.00,49.00,48.20,48.42,2540
2007-10-08,48.50,48.50,46.12,46.77,2160
2007-10-09,47.35,47.40,46.75,47.05,2020
2007-10-10,47.25,47.25,46.25,46.83,5480
2007-10-11,45.58,48.88,45.00,45.38,13320
2007-10-12,45.00,46.75,45.00,45.43,325780
2007-10-15,48.75,48.75,45.65,47.02,50420
2007-10-16,47.50,47.50,45.63,46.14,1740
2007-10-17,47.25,47.25,45.25,46.05,1500
2007-10-18,46.95,48.25,45.95,46.16,28680
2007-10-19,45.73,46.50,45.05,45.57,12680
2007-10-22,45.00,47.25,45.00,47.00,8660
2007-10-23,47.50,48.25,47.00,47.55,64240
2007-10-24,48.00,50.00,47.25,47.36,20540
2007-10-25,47.75,48.00,47.15,47.91,0
2007-10-26,47.50,50.00,47.50,48.81,22800
2007-10-29,50.00,50.00,47.75,49.03,26300
2007-10-30,50.50,50.50,48.50,48.79,34240
2007-10-31,49.70,58.54,49.70,54.51,295080
2007-11-01,57.50,63.00,56.95,58.05,198460
2007-11-02,52.88,58.50,52.88,55.91,35260
2007-11-05,55.00,57.50,52.06,53.80,75000
2007-11-06,51.50,64.56,51.50,60.15,192620
2007-11-07,63.25,64.20,56.85,59.02,35260
2007-11-08,57.50,61.00,57.20,57.49,24200
2007-11-09,59.75,60.00,57.50,57.75,3660
2007-11-12,58.50,58.50,53.85,56.17,12620
2007-11-13,56.25,61.25,56.25,58.54,18180
2007-11-14,60.50,62.20,57.75,58.01,26680
2007-11-15,59.45,61.25,58.10,58.79,18620
2007-11-16,59.24,59.24,54.08,55.77,33980
2007-11-19,55.55,57.00,54.00,54.55,53000
2007-11-20,56.25,56.75,54.50,55.05,100160
2007-11-21,57.10,57.10,54.05,54.66,13660
2007-11-22,55.77,55.80,52.75,53.39,7460
2007-11-23,55.52,56.00,54.15,55.41,6660
2007-11-26,56.25,56.45,54.10,54.77,2300
2007-11-27,55.30,56.25,50.00,54.02,27760
2007-11-28,56.17,57.00,51.85,51.96,24220
2007-11-29,53.75,54.50,52.00,52.60,12920
2007-11-30,52.60,53.50,52.50,53.36,8080
2007-12-03,53.25,53.25,50.90,51.73,35500
2007-12-04,53.75,54.50,52.50,53.75,72620
2007-12-05,54.25,55.70,52.62,54.76,16560
2007-12-06,56.70,59.00,55.00,56.82,32480
2007-12-07,57.48,58.00,55.80,57.15,19060
2007-12-10,58.50,59.00,56.15,57.72,27480
2007-12-11,60.00,69.27,58.16,69.22,459760
2007-12-12,69.00,74.00,67.50,68.19,210600
2007-12-13,69.40,69.75,66.50,66.78,55920
2007-12-14,67.50,69.35,65.00,66.19,82960
2007-12-17,67.20,68.70,65.00,65.57,54540
2007-12-18,65.75,67.15,63.50,64.60,41340
2007-12-19,66.00,66.45,61.25,63.92,51820
2007-12-20,64.70,65.05,62.60,64.51,7820
2007-12-24,65.50,65.50,64.00,64.98,18160
2007-12-26,65.00,66.40,63.55,63.87,25520
2007-12-27,64.06,66.50,63.95,64.25,25600
2007-12-28,65.05,67.50,63.19,64.02,40860
2007-12-31,65.25,69.00,65.00,67.17,45460
2008-01-01,67.50,69.05,66.28,66.69,37960
2008-01-02,66.25,67.75,64.75,66.15,59800
2008-01-03,66.10,70.00,60.20,65.89,133600
2008-01-04,66.00,77.15,66.00,72.59,157660
2008-01-07,73.25,79.10,70.61,77.03,112260
2008-01-08,87.00,87.00,77.10,79.34,78980
2008-01-09,79.10,80.50,76.62,78.81,57880
2008-01-10,78.75,79.48,72.00,74.08,18000
2008-01-11,74.95,77.30,71.05,71.66,12800
2008-01-14,70.25,73.75,70.25,71.46,6300
2008-01-15,71.50,72.20,68.75,69.84,8400
2008-01-16,70.00,70.00,66.01,66.60,6700
2008-01-17,66.55,70.45,66.55,68.36,8960
2008-01-18,66.25,69.25,65.00,65.51,13500
2008-01-21,61.51,64.00,52.45,52.58,47520
2008-01-22,48.04,49.50,42.75,46.43,23180
2008-01-23,50.00,52.00,43.50,44.85,28480
2008-01-24,47.00,48.20,43.00,44.50,154200
2008-01-25,48.00,49.00,45.55,48.59,14660
2008-01-28,49.75,51.25,46.75,50.01,65180
2008-01-29,52.00,53.75,49.75,52.28,6400
2008-01-30,52.75,53.75,51.25,52.17,3640
2008-01-31,46.75,54.00,46.75,52.51,1700
2008-02-01,53.50,53.50,46.05,46.78,10360
2008-02-04,48.50,51.50,48.50,50.81,4440
2008-02-05,49.25,51.50,49.00,51.03,3300
2008-02-06,50.45,50.70,48.75,49.27,10280
2008-02-07,48.02,49.45,48.00,48.11,3620
2008-02-08,47.50,47.50,45.15,45.62,3000
2008-02-11,46.05,47.49,43.80,44.59,20560
2008-02-12,44.50,46.00,43.75,43.76,12960
2008-02-13,43.80,43.80,40.80,41.68,6640
2008-02-14,44.75,49.75,42.78,44.61,4860
2008-02-15,41.25,45.75,41.25,43.75,8000
2008-02-18,44.55,45.50,43.50,45.20,3400
2008-02-19,45.10,46.00,44.10,44.10,695480
2008-02-20,44.10,46.20,44.08,45.55,4160
2008-02-21,45.00,45.00,43.10,44.45,1040
2008-02-22,43.00,44.50,43.00,43.66,2480
2008-02-25,44.00,44.00,41.76,43.50,3180
2008-02-26,43.00,44.45,42.60,43.83,123640
2008-02-27,44.95,44.95,43.80,43.80,2940
2008-02-28,43.05,44.25,43.00,43.50,1680
2008-02-29,43.55,43.55,43.50,43.50,1800
2008-03-03,40.50,44.40,38.00,41.54,140340
2008-03-04,40.50,41.20,39.50,39.83,4780
2008-03-05,39.75,40.10,38.06,38.68,10580
2008-03-07,38.35,41.50,37.75,38.83,4300
2008-03-10,35.30,42.50,35.30,36.80,88160
2008-03-11,38.50,42.50,38.05,40.10,4060
2008-03-12,41.20,41.70,40.00,40.95,1380
2008-03-13,40.95,40.95,39.00,39.65,1060
2008-03-14,39.00,40.00,39.00,40.00,32300
2008-03-17,37.50,39.25,35.50,37.50,10800
2008-03-18,36.25,38.50,35.62,35.90,5580
2008-03-19,35.75,36.25,34.15,34.16,16240
2008-03-24,38.45,38.45,27.40,29.48,97720
2008-03-25,27.42,31.75,27.25,30.97,100300
2008-03-26,29.10,32.00,29.10,31.87,337240
2008-03-27,32.55,34.20,31.85,33.81,10380
2008-03-28,34.95,39.50,34.50,39.00,12060
2008-03-31,38.45,38.50,36.31,36.64,4360
2008-04-01,37.45,37.45,35.40,35.40,2680
2008-04-02,41.95,41.95,36.98,39.14,9380
2008-04-03,35.66,39.75,35.66,36.85,7800
2008-04-04,38.35,38.35,36.15,37.90,2220
2008-04-07,35.30,38.75,35.30,38.50,17000
2008-04-08,38.70,39.25,37.51,37.95,12080
2008-04-09,41.00,41.00,38.50,38.63,8120
2008-04-10,37.50,40.00,37.50,39.70,6720
2008-04-11,39.48,40.85,39.48,40.02,4920
2008-04-15,40.15,41.44,40.15,40.99,5880
2008-04-16,40.25,41.20,40.25,40.30,4860
2008-04-17,41.00,41.75,40.00,41.00,8300
2008-04-21,41.85,46.25,40.50,40.62,7880
2008-04-22,41.00,41.20,40.30,40.83,3140
2008-04-23,40.50,40.75,38.75,39.95,27300
2008-04-24,38.55,40.95,38.55,40.26,7700
2008-04-25,41.00,41.00,39.50,40.49,37900
2008-04-28,38.75,40.30,38.75,40.03,2540
2008-04-29,41.00,41.00,39.55,40.85,4380
2008-04-30,40.85,41.95,40.85,41.70,6500
2008-05-02,42.55,43.75,42.55,43.61,3940
2008-05-05,45.00,45.00,43.00,43.22,13600
2008-05-06,43.00,43.49,42.00,42.01,14440
2008-05-07,42.00,42.00,41.75,41.75,2300
2008-05-08,40.51,42.50,40.51,41.17,300
2008-05-09,43.20,43.30,41.35,41.48,6680
2008-05-12,41.00,41.00,40.35,40.50,3540
2008-05-13,43.25,43.25,41.25,41.25,3020
2008-05-14,39.00,42.45,39.00,40.12,2720
2008-05-15,39.65,41.25,39.65,41.23,5600
2008-05-16,41.25,42.00,40.68,41.20,5320
2008-05-20,40.25,41.15,40.25,40.65,1040
2008-05-21,40.98,40.98,40.70,40.75,2500
2008-05-22,42.25,42.74,41.25,41.74,9400
2008-05-23,41.03,41.92,40.50,40.71,19280
2008-05-26,44.00,44.00,38.75,41.93,12300
2008-05-27,42.50,42.75,38.42,42.00,12140
2008-05-28,40.25,43.27,40.15,41.30,2260
2008-05-29,42.25,42.25,40.40,40.70,600
2008-05-30,40.50,41.25,40.50,41.25,2060
2008-06-02,40.25,40.50,38.90,38.90,7320
2008-06-03,37.75,40.00,37.75,39.99,1460
2008-06-04,40.00,40.00,38.70,38.70,800
2008-06-06,36.55,40.50,36.55,40.05,320
2008-06-09,36.35,37.50,36.06,37.00,400
2008-06-10,37.10,37.94,37.00,37.00,660
2008-06-11,37.05,37.75,37.05,37.50,680
2008-06-12,36.50,37.50,36.00,37.50,1060
2008-06-13,36.30,38.80,36.30,38.76,220
2008-06-16,40.79,40.79,36.51,38.14,16500
2008-06-17,36.75,40.30,36.75,39.25,520
2008-06-18,39.00,40.48,38.75,39.50,6020
2008-06-19,40.25,40.25,39.50,39.50,40
2008-06-20,39.50,39.50,37.00,37.57,2580
2008-06-23,38.50,39.00,38.45,38.50,3100
2008-06-24,37.75,38.25,37.75,38.02,1080
2008-06-25,36.00,39.25,35.50,37.21,6640
2008-06-26,37.00,37.50,36.81,37.26,2200
2008-06-27,36.05,37.90,35.15,35.15,23240
2008-06-30,35.00,37.75,35.00,35.00,35840
2008-07-01,37.50,37.50,31.76,33.86,7560
2008-07-02,35.00,35.00,32.75,35.00,880
2008-07-03,33.50,34.25,33.50,34.25,2140
2008-07-04,35.00,35.00,34.50,34.75,1600
2008-07-07,33.20,35.50,33.20,34.10,5740
2008-07-08,33.50,34.30,33.50,34.27,7340
2008-07-09,35.00,35.00,35.00,35.00,1200
2008-07-10,33.62,35.00,33.62,35.00,2240
2008-07-11,35.00,35.00,34.00,34.15,6540
2008-07-14,34.50,34.75,31.75,31.91,2780
2008-07-15,30.05,31.96,30.05,31.00,13100
2008-07-16,31.00,31.00,28.50,30.50,4780
2008-07-17,33.25,33.75,30.30,31.00,2540
2008-07-18,30.75,30.85,30.56,30.85,620
2008-07-21,31.06,31.06,30.00,30.55,12920
2008-07-22,28.25,32.50,28.25,30.65,8760
2008-07-23,31.50,31.50,30.53,30.81,8080
2008-07-24,31.10,32.50,31.10,31.82,7940
2008-07-25,31.55,31.85,31.00,31.05,620
2008-07-28,30.75,31.25,30.75,30.85,4100
2008-07-29,31.00,31.50,30.25,30.25,9620
2008-07-30,31.00,31.25,30.57,30.65,11800
2008-07-31,31.75,32.50,30.50,32.34,3900
2008-08-01,32.25,34.25,32.25,33.21,6800
2008-08-04,34.75,38.50,34.75,37.75,3200
2008-08-05,36.08,37.70,36.00,36.73,11360
2008-08-06,37.85,37.85,35.75,35.93,8740
2008-08-07,35.25,37.10,35.25,36.67,10560
2008-08-08,36.05,37.00,35.56,35.85,7440
2008-08-11,37.00,37.80,36.36,37.70,12560
2008-08-12,36.50,37.25,36.50,36.51,16100
2008-08-13,35.88,37.25,35.88,36.52,4740
2008-08-14,36.95,38.50,36.41,36.45,20380
2008-08-18,37.25,37.25,35.80,36.50,2600
2008-08-19,35.35,36.75,35.35,36.74,2020
2008-08-20,35.12,36.75,35.12,36.75,1200
2008-08-21,36.00,37.50,36.00,36.51,4740
2008-08-22,36.25,39.38,36.25,37.77,15140
2008-08-25,36.81,39.69,36.81,38.74,19380
2008-08-26,37.55,37.75,37.55,37.75,1160
2008-08-27,38.00,39.42,38.00,38.25,8740
2008-08-28,38.00,38.00,37.55,37.59,6340
2008-08-29,38.00,38.65,38.00,38.38,7900
2008-09-01,37.10,38.25,36.55,38.05,7420
2008-09-02,38.25,38.25,37.50,37.95,2120
2008-09-04,38.00,38.10,36.54,37.90,7640
2008-09-05,36.38,38.25,36.38,38.02,7320
2008-09-08,38.00,38.80,37.56,37.95,8880
2008-09-09,37.50,37.50,37.50,37.50,4840
2008-09-10,37.15,38.25,37.15,37.66,31820
2008-09-11,37.38,37.50,37.33,37.50,2620
2008-09-15,36.50,36.50,32.25,33.20,6360
2008-09-16,33.50,33.75,33.50,33.75,140
2008-09-17,35.00,35.00,33.49,33.50,1200
2008-09-18,32.25,33.00,31.75,32.86,11560
2008-09-19,35.00,35.00,32.80,33.75,8900
2008-09-22,33.10,34.44,32.75,33.08,2660
2008-09-23,32.50,33.50,32.00,32.00,3200
2008-09-24,30.59,33.00,30.59,31.55,440
2008-09-25,32.30,32.30,30.75,30.81,5200
2008-09-26,30.75,31.20,29.10,30.37,2400
2008-09-29,29.00,31.25,28.25,29.75,4680
2008-09-30,27.50,32.50,27.50,31.66,6480
2008-10-01,30.50,32.00,30.00,31.12,426100
2008-10-03,30.90,30.99,29.09,30.20,140
2008-10-06,29.50,31.00,25.50,26.12,7880
2008-10-07,23.30,26.94,23.30,24.22,2280
2008-10-08,21.58,24.90,21.58,23.82,23240
2008-10-10,21.06,22.50,21.00,21.57,20180
2008-10-13,22.00,23.00,21.00,22.85,4280
2008-10-14,23.05,24.50,22.25,22.81,2640
2008-10-15,20.25,24.25,19.50,23.30,700
2008-10-16,20.30,22.25,19.51,22.25,2540
2008-10-17,21.25,23.50,21.11,23.07,6940
2008-10-20,22.05,23.65,20.55,20.55,7460
2008-10-21,23.15,23.20,21.80,22.40,8180
2008-10-22,22.70,22.70,21.05,21.09,3880
2008-10-23,21.25,22.55,21.25,22.45,620
2008-10-24,21.45,22.55,20.50,22.54,2600
2008-10-27,18.25,21.50,18.25,21.25,1040
2008-10-28,24.45,24.45,21.44,22.32,340
2008-10-29,21.75,22.50,19.68,20.34,4820
2008-10-31,19.50,23.25,19.50,21.05,220
2008-11-03,20.25,23.25,20.25,21.80,21360
2008-11-04,20.75,21.75,20.26,21.13,6700
2008-11-05,22.25,22.38,20.25,20.73,54260
2008-11-06,21.25,21.25,20.01,20.36,1100
2008-11-07,20.12,20.73,19.50,20.16,27260
2008-11-10,20.50,21.04,19.80,20.08,13900
2008-11-11,20.10,20.75,18.75,20.25,1520
2008-11-12,20.00,20.25,20.00,20.00,9320
2008-11-14,20.05,20.85,19.35,20.48,720
2008-11-17,20.40,20.50,19.55,20.25,700
2008-11-18,19.35,21.00,19.05,19.88,1380
2008-11-19,19.00,20.70,19.00,20.70,360
2008-11-20,19.55,20.64,19.55,20.25,640
2008-11-24,19.60,19.60,19.05,19.11,920
2008-11-25,18.75,18.80,18.75,18.76,1080
2008-11-28,21.13,21.13,19.00,19.72,1840
2008-12-01,18.25,20.50,18.15,19.30,5140
2008-12-03,18.00,18.95,18.00,18.66,1020
2008-12-04,18.50,19.85,18.50,19.28,1200
2008-12-05,18.75,19.50,18.55,18.97,1340
2008-12-08,19.50,19.50,18.40,18.51,6380
2008-12-10,18.50,19.99,18.50,19.37,2060
2008-12-11,19.15,19.75,18.75,18.77,10600
2008-12-12,18.75,20.40,18.50,19.90,7660
2008-12-15,20.00,23.00,20.00,22.08,4740
2008-12-16,22.00,22.00,21.00,21.00,440
2008-12-17,21.45,21.50,20.25,20.44,5060
2008-12-18,20.30,20.30,19.15,19.54,1060
2008-12-19,19.90,19.90,19.90,19.90,660
2008-12-22,21.50,21.50,20.10,20.16,4000
2008-12-23,20.15,20.25,17.77,18.95,9780
2008-12-24,19.01,20.00,19.00,19.10,1200
2008-12-26,20.25,20.30,19.30,19.50,8380
2008-12-29,19.00,19.85,18.11,18.85,1220
2008-12-30,21.15,21.15,18.90,19.25,1320
2008-12-31,21.00,21.25,19.65,20.00,5340
2009-01-01,20.50,21.00,20.25,21.00,740
2009-01-02,20.05,21.55,20.05,21.29,82660
2009-01-05,21.75,22.00,20.65,20.73,1660
2009-01-06,21.50,22.20,20.77,21.00,5640
2009-01-07,19.00,21.74,19.00,19.62,6840
2009-01-09,18.50,20.75,18.50,18.51,4520
2009-01-12,18.35,19.00,18.00,19.00,6820
2009-01-13,18.75,18.90,18.25,18.50,680
2009-01-15,18.50,18.50,17.50,17.59,6900
2009-01-16,17.62,18.10,17.50,18.10,2360
2009-01-19,18.25,18.75,18.20,18.75,1500
2009-01-20,18.00,18.99,18.00,18.95,1680
2009-01-21,18.85,18.85,18.15,18.20,1560
2009-01-23,18.20,18.85,18.05,18.85,3420
2009-01-27,18.35,19.75,18.35,19.04,9280
2009-01-28,18.90,19.45,18.90,19.21,3360
2009-01-29,18.95,19.25,18.95,19.25,5560
2009-02-02,18.71,18.71,18.70,18.70,500
2009-02-03,18.85,19.75,18.85,19.14,0
2009-02-04,19.38,19.38,18.60,18.61,1080
2009-02-05,18.80,19.24,18.60,18.64,2920
2009-02-06,18.12,19.70,18.12,19.70,2800
2009-02-09,18.30,19.39,18.16,19.30,4780
2009-02-10,19.30,19.30,19.30,19.30,60
2009-02-11,18.40,19.45,18.40,18.65,1100
2009-02-12,19.45,19.45,18.60,18.89,4980
2009-02-13,19.45,19.50,18.65,18.88,1400
2009-02-16,19.55,19.55,18.50,18.50,5840
2009-02-17,18.00,18.50,17.85,18.26,1900
2009-02-18,18.99,19.25,18.18,18.41,5240
2009-02-19,18.25,18.25,17.88,17.98,9360
2009-02-20,17.93,18.60,17.93,18.58,1000
2009-02-24,18.50,18.50,17.80,17.94,47740
2009-02-25,17.51,18.00,17.51,18.00,240
2009-02-27,17.51,18.00,17.51,17.75,1020
2009-03-02,17.32,18.50,17.32,17.56,760
2009-03-03,18.25,18.25,18.00,18.00,1000
2009-03-04,18.00,19.25,18.00,18.00,1240
2009-03-05,18.25,18.25,18.00,18.00,720
2009-03-06,17.60,18.75,17.60,18.08,3400
2009-03-09,17.61,17.75,17.50,17.51,3540
2009-03-12,17.65,17.80,17.50,17.80,2820
2009-03-13,18.00,18.10,17.75,17.80,3540
2009-03-17,17.95,18.35,17.95,18.00,260
2009-03-18,18.25,19.00,18.25,18.35,1240
2009-03-19,17.80,18.41,17.80,18.40,980
2009-03-20,18.41,18.99,18.20,18.99,1740
2009-03-23,18.35,18.75,18.00,18.32,4920
2009-03-24,19.49,19.49,18.55,18.55,4300
2009-03-25,18.30,18.35,18.30,18.35,40
2009-03-26,18.29,20.00,18.29,19.77,14840
2009-03-27,19.74,19.75,18.25,18.68,24460
2009-03-30,17.58,19.24,17.58,19.18,4860
2009-03-31,19.50,19.50,18.35,18.75,12060
2009-04-01,19.47,19.47,18.89,19.47,18700
2009-04-02,20.19,20.50,20.00,20.07,16080
2009-04-06,21.25,21.25,21.25,21.25,180
2009-04-08,24.14,24.14,21.05,22.65,10720
2009-04-09,23.10,23.69,22.55,23.05,16200
2009-04-13,21.98,24.00,21.98,22.50,3920
2009-04-15,21.94,23.43,21.94,22.60,13840
2009-04-16,22.60,23.70,22.60,22.96,7640
2009-04-17,24.00,24.00,22.80,22.97,6340
2009-04-20,23.90,24.00,23.40,23.77,1560
2009-04-21,23.50,24.00,23.15,23.15,9440
2009-04-22,23.40,24.50,23.40,24.08,9940
2009-04-23,23.60,24.50,22.81,23.41,5820
2009-04-24,23.95,23.95,23.00,23.85,4560
2009-04-27,23.05,23.95,23.00,23.95,2400
2009-04-28,24.40,24.40,22.75,24.00,15520
2009-04-29,23.55,23.55,22.85,23.06,4580
2009-05-04,23.50,25.25,23.06,23.50,7840
2009-05-05,23.45,23.64,23.45,23.64,1000
2009-05-06,22.60,25.95,22.60,25.06,10600
2009-05-07,25.11,27.50,25.11,27.15,4160
2009-05-08,27.40,29.45,27.25,28.96,2880
2009-05-11,28.20,28.25,28.20,28.25,240
2009-05-12,29.75,29.84,28.05,29.00,20100
2009-05-13,27.66,28.20,27.65,28.00,3800
2009-05-14,26.75,28.91,26.75,28.75,5180
2009-05-15,27.10,28.50,27.10,28.50,6000
2009-05-19,28.00,32.50,27.50,30.59,10760
2009-05-20,31.25,35.50,27.75,34.91,21100
2009-05-21,34.25,36.00,33.50,33.55,1820
2009-05-22,33.50,35.00,33.50,34.96,3360
2009-05-25,34.95,37.00,34.95,35.65,4000
2009-05-26,35.25,36.70,35.25,35.56,3720
2009-05-27,32.50,36.65,32.50,34.29,1880
2009-05-28,34.10,34.90,34.05,34.48,4380
2009-05-29,35.00,37.45,34.00,34.83,3900
2009-06-01,35.10,36.25,35.00,36.00,6320
2009-06-02,36.25,38.50,36.25,38.05,35020
2009-06-03,39.25,41.50,39.25,41.25,16260
2009-06-04,40.50,43.00,38.75,40.04,15360
2009-06-05,42.75,42.75,39.05,39.14,6840
2009-06-08,41.73,41.73,38.50,38.50,2280
2009-06-09,37.55,39.95,37.55,39.69,620
2009-06-10,41.00,41.00,38.22,38.89,2040
2009-06-11,40.05,40.75,38.25,39.79,7180
2009-06-12,39.25,39.25,37.30,37.94,4160
2009-06-15,38.75,38.75,37.00,37.57,5360
2009-06-16,37.05,39.50,37.05,37.61,10720
2009-06-17,38.95,42.50,38.00,38.44,8720
2009-06-18,38.49,38.49,36.46,36.55,1140
2009-06-19,38.10,38.20,38.10,38.12,400
2009-06-22,37.00,37.00,35.20,35.63,2280
2009-06-23,34.50,36.00,34.50,35.52,1540
2009-06-24,34.60,35.55,34.60,35.01,900
2009-06-25,34.66,35.00,34.66,34.75,2380
2009-06-26,34.50,40.75,34.50,39.81,23440
2009-06-29,35.00,44.95,35.00,39.55,18220
2009-06-30,40.00,40.00,36.15,37.42,4220
2009-07-01,37.50,37.80,36.25,37.50,2940
2009-07-02,36.33,37.76,36.33,37.45,3240
2009-07-03,37.49,37.49,36.51,37.12,740
2009-07-06,37.40,38.65,37.40,38.10,10100
2009-07-07,36.40,38.50,36.40,38.50,80
2009-07-08,38.95,38.95,35.85,36.50,4720
2009-07-09,35.76,36.77,35.75,36.34,820
2009-07-10,36.25,36.80,35.80,35.85,18720
2009-07-13,37.41,37.41,34.75,34.75,2620
2009-07-14,37.50,41.70,37.50,41.70,88620
2009-07-15,43.00,47.50,42.05,44.98,142280
2009-07-16,46.55,46.55,41.60,44.16,54300
2009-07-17,44.50,47.10,44.50,45.18,92340
2009-07-20,48.25,48.25,45.50,46.67,23620
2009-07-21,47.50,48.00,46.70,46.82,28880
2009-07-22,47.50,49.50,46.25,48.43,65860
2009-07-23,50.50,51.90,48.75,50.28,114060
2009-07-24,51.74,51.74,47.95,50.10,188900
2009-07-27,51.65,53.00,50.36,51.65,0
2009-07-28,55.95,55.95,51.55,53.14,33160
2009-07-29,53.50,62.50,52.50,53.30,75280
2009-07-30,53.75,53.75,48.75,52.92,10880
2009-07-31,54.00,54.00,48.56,52.14,30940
2009-08-03,53.00,53.00,51.85,52.09,17440
2009-08-04,52.25,54.15,52.15,53.31,24300
2009-08-05,53.70,54.00,52.50,52.70,8940
2009-08-06,52.25,53.05,50.55,51.08,39360
2009-08-07,53.00,53.00,50.16,50.64,17040
2009-08-10,55.00,55.00,50.11,50.42,15420
2009-08-11,52.45,52.75,50.50,51.20,12620
2009-08-12,51.00,52.50,50.55,52.44,20300
2009-08-13,52.90,53.00,52.08,52.37,35160
2009-08-14,52.60,60.00,51.82,58.32,196720
2009-08-17,58.15,60.25,55.25,56.63,110740
2009-08-18,58.20,58.20,56.50,57.01,21200
2009-08-19,59.05,59.05,56.26,56.67,15180
2009-08-20,57.75,57.75,56.75,57.16,0
2009-11-20,57.90,60.90,57.00,58.30,25415
2009-11-23,60.35,60.35,57.50,59.50,42819
2009-11-24,60.95,61.50,59.10,60.95,50332
2009-11-25,60.55,61.00,59.15,59.35,18665
2009-11-26,59.80,59.80,57.00,57.35,22008
2009-11-27,57.00,57.00,54.50,56.10,33371
2009-11-30,58.00,58.25,56.00,56.90,16110
2009-12-01,58.00,58.00,56.85,57.70,12255
2009-12-02,56.75,57.70,56.55,57.00,8974
2009-12-03,57.75,59.45,57.60,58.20,23065
2009-12-04,58.50,60.00,58.20,59.10,29678
2009-12-07,59.50,59.50,56.50,57.00,8686
2009-12-08,56.40,58.75,56.40,56.90,14790
2009-12-09,56.60,57.80,55.50,56.05,24560
2009-12-10,56.15,57.90,54.55,55.25,54537
2009-12-11,56.50,56.50,52.50,52.80,61712
2009-12-14,53.00,55.00,52.95,54.15,36766
2009-12-15,54.85,54.90,53.20,53.50,14984
2009-12-16,53.25,54.10,52.20,52.80,16529
2009-12-17,53.65,53.80,52.40,52.95,63296
2009-12-18,52.70,54.45,52.00,53.55,32906
2009-12-21,53.80,54.30,52.40,53.00,19362
2009-12-22,53.05,53.05,52.50,52.75,7416
2009-12-23,53.45,54.80,53.05,54.15,36402
2009-12-24,55.00,55.00,52.50,52.70,34738
2009-12-29,53.75,54.25,52.70,54.00,22413
2009-12-30,54.70,54.70,53.50,53.95,15044
2009-12-31,54.75,55.00,53.60,53.85,10214
2010-01-04,55.00,56.00,54.05,55.60,33750
2010-01-05,56.50,57.00,54.75,55.50,22292
2010-01-06,55.90,58.20,55.50,57.00,71988
2010-01-07,57.70,59.00,56.65,57.25,58314
2010-01-08,58.30,59.50,57.25,57.60,35066
2010-01-11,59.20,63.40,59.00,63.40,157423
2010-01-12,63.40,68.80,63.40,66.30,478456
2010-01-13,66.00,68.80,65.00,66.10,135611
2010-01-14,66.30,68.50,65.20,65.65,56803
2010-01-15,66.50,71.80,63.25,69.60,314287
2010-01-18,69.50,70.85,67.55,68.00,83338
2010-01-19,66.20,68.95,65.10,66.05,54587
2010-01-20,65.10,67.25,65.00,65.25,49228
2010-01-21,65.25,68.50,63.50,65.35,71758
2010-01-22,63.50,66.60,61.10,64.95,56836
2010-01-25,64.75,69.00,63.10,63.80,108572
2010-01-27,63.00,63.80,60.30,60.85,71771
2010-01-28,62.00,62.50,58.35,58.95,31446
2010-01-29,58.10,60.00,56.80,59.30,33942
2010-02-01,59.90,64.90,59.90,60.85,26697
2010-02-02,61.80,62.75,59.00,59.55,27147
2010-02-03,59.70,61.10,58.50,59.10,21265
2010-02-04,59.00,59.40,57.50,57.70,22159
2010-02-05,56.90,57.00,54.70,55.55,21303
2010-02-08,57.00,57.00,55.00,56.10,7926
2010-02-09,55.15,57.00,55.15,56.65,9502
2010-02-10,57.00,59.00,56.70,57.45,11873
2010-02-11,58.00,58.10,56.05,57.65,18099
2010-02-15,57.50,59.75,56.85,57.75,19479
2010-02-16,57.30,58.40,57.05,58.10,11453
2010-02-17,58.40,61.00,57.95,59.60,42467
2010-02-18,60.75,61.00,59.20,59.60,38170
2010-02-19,58.55,59.40,58.20,59.05,11074
2010-02-22,59.40,60.40,56.50,57.05,9318
2010-02-23,57.00,57.90,55.85,57.20,19083
2010-02-24,56.05,57.25,56.05,56.90,7920
2010-02-25,56.60,57.40,54.75,55.00,32588
2010-02-26,55.00,55.75,54.00,54.20,75681
2010-03-02,55.00,55.30,54.25,54.85,18585
2010-03-03,54.80,56.00,54.55,54.80,27968
2010-03-04,54.65,58.50,54.65,58.10,81485
2010-03-05,58.50,61.50,58.50,59.25,39186
2010-03-08,60.40,61.90,59.00,60.20,39177
2010-03-09,59.50,61.10,58.20,60.30,44714
2010-03-10,60.00,64.00,60.00,62.20,61338
2010-03-11,61.60,63.80,61.60,63.00,69548
2010-03-12,62.55,63.40,60.80,61.20,15303
2010-03-15,59.00,61.70,59.00,59.95,12741
2010-03-16,60.00,61.90,60.00,60.85,16139
2010-03-17,60.80,62.00,60.10,60.70,29336
2010-03-18,61.20,61.20,58.10,58.85,19154
2010-03-19,59.00,60.00,58.30,59.60,18102
2010-03-22,59.00,60.45,58.60,59.10,12469
2010-03-23,59.50,60.45,57.90,58.40,32966
2010-03-25,59.70,59.70,58.00,58.80,6930
2010-03-26,58.00,59.40,57.70,58.25,18299
2010-03-29,59.75,59.75,56.70,57.30,17001
2010-03-30,58.00,58.25,56.60,57.10,10527
2010-03-31,57.05,58.00,57.05,57.40,3288
2010-04-01,57.85,60.00,57.75,59.70,8906
2010-04-05,60.50,64.70,59.70,63.65,41587
2010-04-06,64.00,65.00,62.20,63.55,33727
2010-04-07,63.50,64.40,62.10,62.75,20189
2010-04-08,62.50,62.85,60.60,60.95,8480
2010-04-09,61.40,63.00,60.60,62.40,13087
2010-04-12,62.50,65.00,61.70,62.45,30446
2010-04-13,63.50,66.45,62.25,65.50,223960
2010-04-15,66.70,66.70,63.50,63.85,186867
2010-04-16,64.65,68.20,63.50,64.65,240598
2010-04-19,63.75,65.00,60.05,61.65,72237
2010-04-20,63.00,63.30,61.85,62.75,47443
2010-04-21,63.00,64.00,62.55,63.35,49922
2010-04-22,62.85,63.90,61.50,61.80,29218
2010-04-23,62.10,69.50,62.10,66.50,393553
2010-04-26,67.50,71.80,67.00,69.25,490763
2010-04-27,69.00,71.35,66.80,70.00,283306
2010-04-28,69.25,71.50,67.50,68.20,135179
2010-04-29,69.00,73.00,68.75,70.80,204829
2010-04-30,71.30,73.00,68.50,69.65,170624
2010-05-03,69.65,70.30,67.70,68.30,60472
2010-05-04,68.75,70.25,66.00,67.35,88127
2010-05-05,66.50,69.35,63.80,68.55,88738
2010-05-06,68.00,72.40,66.55,70.90,132681
2010-05-07,69.00,70.00,66.20,66.85,107836
2010-05-10,68.35,70.40,67.50,69.30,71833
2010-05-11,68.40,69.70,67.35,67.60,32615
2010-05-12,68.20,69.00,65.70,67.70,48812
2010-05-13,68.50,69.00,66.30,67.35,38083
2010-05-14,67.40,67.90,65.50,66.75,96398
2010-05-17,64.60,67.75,64.25,66.85,54436
2010-05-18,67.40,67.85,66.50,67.00,28859
2010-05-19,67.35,69.00,64.90,66.10,72512
2010-05-20,66.75,67.20,64.55,65.00,44354
2010-05-21,62.65,66.00,62.65,65.25,22386
2010-05-24,65.50,71.00,65.00,68.00,86935
2010-05-25,66.90,66.90,62.65,63.55,32763
2010-05-26,65.50,65.75,63.65,63.95,18179
2010-05-27,64.75,64.75,63.55,64.05,11743
2010-05-28,64.30,69.00,64.25,65.70,127268
2010-05-31,65.00,66.00,64.60,65.05,14446
2010-06-01,65.00,66.50,63.50,63.80,32918
2010-06-02,63.80,64.80,62.30,62.70,20546
2010-06-03,63.75,64.25,63.25,63.45,17654
2010-06-04,64.45,66.10,64.45,65.50,51882
2010-06-07,63.05,63.80,61.15,62.65,21353
2010-06-08,63.75,65.70,62.00,63.60,27289
2010-06-09,64.00,64.00,61.55,62.00,45427
2010-06-10,62.75,62.90,61.85,62.05,34845
2010-06-11,63.00,63.00,61.70,61.80,18082
2010-06-14,61.80,62.65,61.25,61.50,19177
2010-06-15,61.50,62.85,61.50,62.30,36096
2010-06-16,63.00,63.30,62.25,62.55,20956
2010-06-17,62.75,62.75,62.05,62.20,32262
2010-06-18,62.80,63.10,61.55,61.80,31786
2010-06-21,62.20,62.45,61.70,61.85,11589
2010-06-22,62.45,63.80,62.15,62.65,24017
2010-06-23,62.90,62.90,61.20,61.50,16685
2010-06-24,62.45,62.45,61.10,61.35,16491
2010-06-25,61.35,62.00,60.50,60.60,11049
2010-06-28,60.90,64.30,60.90,62.45,30640
2010-06-29,62.25,63.90,61.05,62.25,37357
2010-06-30,62.00,62.90,61.10,61.60,43293
2010-07-01,62.65,67.90,62.65,66.75,395166
2010-07-02,67.50,70.50,66.15,68.05,237839
2010-07-05,68.50,69.70,67.50,68.20,73176
2010-07-06,69.00,69.45,67.15,67.65,75343
2010-07-07,68.85,70.70,67.50,68.05,179586
2010-07-08,69.00,69.00,67.00,67.35,33792
2010-07-09,68.50,69.50,67.30,67.90,70497
2010-07-12,69.50,70.85,68.25,69.10,94241
2010-07-13,69.75,71.65,68.25,70.00,244250
2010-07-14,70.70,71.45,69.05,69.40,272330
2010-07-15,69.80,73.80,69.35,71.95,758211
2010-07-16,72.20,75.30,72.20,73.50,569255
2010-07-19,73.50,75.25,72.70,73.25,187471
2010-07-20,73.90,73.90,70.50,71.20,121870
2010-07-21,71.85,73.95,71.50,72.90,372837
2010-07-22,73.60,73.60,71.30,71.50,63141
2010-07-23,71.75,71.90,68.55,69.45,86048
2010-07-26,70.35,70.35,65.65,67.30,97470
2010-07-27,67.75,70.80,67.00,68.55,451797
2010-07-28,68.10,70.50,68.10,69.60,118589
2010-07-29,70.00,70.35,68.75,69.95,65683
2010-07-30,70.00,70.60,69.15,69.90,78846
2010-08-02,70.00,73.70,69.50,71.95,132683
2010-08-03,73.00,73.00,69.75,69.95,80993
2010-08-04,70.00,71.50,70.00,71.10,44045
2010-08-05,70.25,71.50,70.00,70.60,49762
2010-08-06,70.90,71.00,69.80,70.25,32148
2010-08-09,71.65,72.00,69.65,69.85,56372
2010-08-10,70.00,70.65,68.40,68.60,30777
2010-08-11,69.00,69.00,66.90,67.15,25117
2010-08-12,65.60,67.95,65.35,67.45,19585
2010-08-13,68.40,69.85,67.60,68.35,43686
2010-08-16,68.85,71.00,68.25,68.85,162813
2010-08-17,69.60,70.50,67.80,68.20,48274
2010-08-18,68.50,69.35,65.00,68.40,84683
2010-08-19,68.00,69.00,66.90,68.20,30077
2010-08-20,67.55,68.45,67.55,67.75,19760
2010-08-23,68.40,68.40,66.85,67.05,50540
2010-08-24,67.65,70.10,66.85,68.00,227924
2010-08-25,67.50,68.20,66.95,67.10,28929
2010-08-26,66.50,67.50,65.05,65.90,38989
2010-08-27,65.55,66.35,64.20,64.45,30255
2010-08-30,64.25,66.05,63.00,64.20,41306
2010-08-31,63.75,64.40,62.25,62.70,19905
2010-09-01,63.70,64.00,61.75,62.60,44930
2010-09-02,63.50,66.25,63.50,65.20,80497
2010-09-03,65.75,66.25,64.00,65.00,36818
2010-09-06,65.75,67.00,64.70,65.10,122885
2010-09-07,65.75,74.80,65.50,73.70,724375
2010-09-08,72.55,83.35,72.25,78.35,1683808
2010-09-09,79.40,79.40,75.10,76.40,207141
2010-09-13,77.25,79.40,76.00,77.60,155559
2010-09-14,76.00,77.95,69.00,74.85,103659
2010-09-15,75.85,77.50,74.60,75.15,196903
2010-09-16,75.00,77.80,74.25,76.10,141893
2010-09-17,76.70,77.00,74.60,75.15,118923
2010-09-20,76.25,77.65,74.65,75.15,105225
2010-09-21,75.00,75.50,71.60,72.10,113361
2010-09-22,71.05,73.55,69.30,70.20,96655
2010-09-23,70.20,75.70,70.20,71.45,120252
2010-09-24,71.25,75.20,71.25,73.65,183136
2010-09-27,74.30,74.80,72.55,73.70,71889
2010-09-28,72.50,74.05,71.25,72.65,83790
2010-09-29,73.00,74.00,71.50,71.95,99092
2010-09-30,72.75,72.85,70.15,71.05,59237
2010-10-01,71.10,72.50,71.00,72.00,91870
2010-10-04,71.90,72.50,70.60,71.25,43384
2010-10-05,71.25,72.50,70.50,71.95,57309
2010-10-06,74.00,75.75,72.25,72.55,162074
2010-10-07,73.20,73.45,71.25,71.60,61278
2010-10-08,72.40,72.40,70.10,70.85,39407
2010-10-11,72.10,73.80,71.00,72.75,107490
2010-10-12,72.50,75.30,71.25,73.05,215380
2010-10-13,73.75,76.35,72.50,74.45,291454
2010-10-14,75.00,78.00,74.25,75.60,374883
2010-10-15,76.00,76.95,74.25,75.10,111750
2010-10-18,74.90,75.75,71.25,72.60,60405
2010-10-19,72.60,74.00,72.10,72.75,49174
2010-10-20,72.90,73.00,70.00,70.35,53172
2010-10-21,70.55,72.60,70.40,70.75,51972
2010-10-22,71.30,72.95,71.00,71.95,78400
2010-10-25,72.70,73.80,70.30,70.85,113781
2010-10-26,71.00,71.00,66.90,67.80,156640
2010-10-27,66.70,68.90,66.40,66.80,59090
2010-10-28,67.00,68.20,66.50,67.30,34248
2010-10-29,66.20,67.50,65.15,65.85,55655
2010-11-01,66.50,67.35,65.50,66.30,37620
2010-11-02,65.25,68.00,63.50,65.30,79321
2010-11-03,65.35,67.25,65.20,65.55,47012
2010-11-04,66.75,66.80,65.60,66.35,31971
2010-11-05,67.50,67.50,65.60,67.10,11203
2010-11-08,67.15,67.75,66.40,66.70,42959
2010-11-09,66.40,67.70,66.30,66.85,32437
2010-11-10,67.45,67.45,66.40,66.60,21742
2010-11-11,66.90,67.30,65.65,66.30,33034
2010-11-12,66.30,66.55,63.65,64.15,42752
2010-11-15,65.50,65.50,62.20,64.35,65143
2010-11-16,63.70,64.30,61.00,61.75,34833
2010-11-18,62.10,62.50,58.05,60.60,45846
2010-11-19,62.25,64.75,60.50,61.75,106095
2010-11-22,62.50,62.50,60.15,60.60,23416
2010-11-23,60.80,61.00,58.80,60.35,30641
2010-11-24,60.00,61.50,59.00,59.70,25543
2010-11-25,59.60,60.00,55.55,56.30,54283
2010-11-26,56.50,57.55,54.30,54.90,48181
2010-11-29,54.15,57.35,53.00,57.05,25383
2010-11-30,57.00,57.95,55.50,57.65,20906
2010-12-01,57.65,59.95,57.00,59.60,30254
2010-12-02,60.00,61.40,60.00,61.25,22650
2010-12-03,61.25,62.35,60.55,61.55,36777
2010-12-06,60.50,61.45,59.70,61.05,34273
2010-12-07,63.40,63.40,58.45,58.75,13526
2010-12-08,58.30,58.70,56.00,56.55,16655
2010-12-09,56.00,56.00,53.00,53.65,37412
2010-12-10,54.20,57.00,52.05,56.65,21404
2010-12-13,57.30,57.30,54.50,54.85,18665
2010-12-14,55.40,56.75,54.65,55.65,10848
2010-12-15,55.95,57.00,55.50,56.10,24440
2010-12-16,55.50,59.10,55.50,58.45,18450
2010-12-20,58.00,58.75,57.10,58.05,4636
2010-12-21,57.65,58.50,57.30,57.50,5729
2010-12-22,57.50,57.60,55.80,56.15,11127
2010-12-23,55.70,56.50,55.55,55.85,14513
2010-12-24,57.05,58.00,55.20,56.25,28868
2010-12-27,56.05,56.95,54.50,55.25,12429
2010-12-28,56.00,56.75,55.00,56.00,32792
2010-12-29,56.25,56.85,55.50,56.00,20878
2010-12-30,56.65,59.00,56.00,58.15,70902
2010-12-31,57.55,61.00,57.55,59.60,60729
2011-01-03,59.50,61.70,59.15,61.50,22591
2011-01-04,61.85,63.60,60.55,62.00,44317
2011-01-05,62.90,63.00,60.15,60.30,39489
2011-01-06,59.75,61.00,59.25,60.20,23166
2011-01-07,60.80,60.80,56.30,56.60,17001
2011-01-10,56.50,57.05,54.20,54.85,46459
2011-01-11,54.10,56.05,54.10,54.85,25431
2011-01-12,54.85,56.00,53.00,55.80,55060
2011-01-13,56.00,57.00,54.20,54.45,26898
2011-01-14,54.45,54.85,53.50,53.90,9927
2011-01-17,53.50,54.50,52.00,52.25,16487
2011-01-18,52.25,53.70,52.00,52.30,10485
2011-01-19,52.30,53.40,51.50,52.85,10428
2011-01-20,53.80,55.00,52.60,53.55,26588
2011-01-21,53.30,53.75,53.00,53.25,8997
2011-01-24,53.00,53.80,52.50,52.80,4614
2011-01-25,52.55,52.95,51.50,51.70,11524
2011-01-27,51.20,51.95,50.05,51.25,12731
2011-01-28,51.00,51.50,47.00,49.15,102631
2011-01-31,48.70,49.00,46.10,48.25,8115
2011-02-01,49.00,49.80,47.00,47.70,12600
2011-02-02,47.15,48.80,46.00,46.25,33048
2011-02-03,46.25,48.40,46.25,47.55,25490
2011-02-04,47.55,48.60,46.00,46.20,16807
2011-02-07,46.00,48.45,46.00,47.50,5847
2011-02-08,48.70,48.70,46.00,46.35,22559
2011-02-09,45.05,47.40,44.00,46.50,40333
2011-02-10,46.50,46.50,42.55,44.35,20011
2011-02-11,44.00,46.45,41.60,46.05,27367
2011-02-14,46.45,50.00,46.10,49.05,36499
2011-02-15,48.90,49.25,47.25,48.70,9012
2011-02-16,49.30,49.85,47.40,49.00,12141
2011-02-17,48.60,51.40,48.60,50.50,12158
2011-02-18,49.55,50.65,47.00,47.45,6703
2011-02-21,47.15,49.80,47.05,48.20,15474
2011-02-22,48.20,48.50,47.55,47.90,5548
2011-02-23,47.25,48.40,46.65,46.90,7669
2011-02-24,46.50,46.75,44.50,44.90,12851
2011-02-25,44.50,46.50,44.00,44.45,7612
2011-02-28,44.00,46.50,44.00,46.10,12766
2011-03-01,47.35,49.45,46.50,47.80,41645
2011-03-03,47.50,47.95,45.55,46.35,20015
2011-03-04,46.15,47.50,46.15,46.90,1297
2011-03-07,47.65,47.65,46.00,46.10,5242
2011-03-08,47.25,47.25,46.00,46.10,4148
2011-03-09,46.95,47.35,45.15,46.55,47464
2011-03-10,47.70,49.00,47.20,47.60,61926
2011-03-11,46.00,48.65,46.00,48.25,51903
2011-03-14,48.45,48.75,47.75,48.50,24075
2011-03-15,47.00,48.45,45.35,47.30,56106
2011-03-16,47.90,48.50,47.20,48.00,24820
2011-03-17,48.00,48.00,45.50,45.95,14819
2011-03-18,46.60,46.90,46.00,46.60,7500
2011-03-21,46.60,47.00,45.30,46.90,20865
2011-03-22,46.75,47.40,45.50,46.10,32115
2011-03-23,46.55,46.70,44.50,45.65,26119
2011-03-24,46.50,46.50,45.20,45.50,10440
2011-03-25,45.70,46.35,45.50,46.05,19152
2011-03-28,46.40,46.90,45.10,45.60,6740
2011-03-29,46.25,47.50,45.50,46.95,29092
2011-03-30,47.00,47.50,46.00,47.00,15596
2011-03-31,47.20,47.50,45.50,45.95,22513
2011-04-01,46.25,48.30,45.70,47.55,19065
2011-04-04,48.00,51.00,47.70,50.60,26774
2011-04-05,50.90,50.90,50.00,50.50,21290
2011-04-06,50.55,52.70,50.05,52.40,31250
2011-04-07,52.40,54.00,52.00,52.80,13076
2011-04-08,53.45,53.45,50.00,50.85,20435
2011-04-11,50.00,50.90,50.00,50.75,5033
2011-04-13,51.00,51.45,50.05,51.00,6177
2011-04-15,51.50,51.50,49.40,50.15,5969
2011-04-18,51.00,51.95,49.00,49.30,21562
2011-04-19,49.00,49.95,49.00,49.50,6377
2011-04-20,50.35,50.95,48.60,49.45,19376
2011-04-21,49.30,51.00,49.00,50.60,22246
2011-04-25,50.95,52.50,50.95,51.30,12265
2011-04-26,50.35,51.00,50.10,50.40,2941
2011-04-27,50.20,50.80,49.00,49.70,20236
2011-04-28,49.05,49.90,48.50,48.65,4889
2011-04-29,49.60,49.85,47.00,47.75,12969
2011-05-02,47.25,48.35,45.00,46.40,20373
2011-05-03,47.50,47.75,46.10,46.95,6980
2011-05-04,46.50,47.70,46.15,47.15,6035
2011-05-05,47.45,47.80,46.00,47.45,9095
2011-05-06,47.85,47.85,45.65,45.85,10103
2011-05-09,45.25,47.85,45.25,46.50,5540
2011-05-10,46.15,46.65,46.00,46.05,17807
2011-05-11,46.00,46.60,44.80,46.25,6418
2011-05-12,46.75,46.75,45.20,45.60,4542
2011-05-13,45.70,46.20,45.60,46.00,3834
2011-05-16,46.00,46.35,45.25,45.30,4564
2011-05-17,45.20,45.75,44.70,45.30,1255
2011-05-18,45.75,45.75,42.70,43.25,33660
2011-05-19,43.75,43.75,42.55,43.10,12062
2011-05-20,42.25,45.85,42.25,45.15,1323536
2011-05-23,45.25,45.80,44.50,44.80,7360
2011-05-24,44.90,46.40,44.90,45.80,18660
2011-05-25,45.80,47.85,44.80,46.75,61412
2011-05-26,46.00,46.55,45.70,46.40,1697
2011-05-27,46.40,46.95,45.80,46.10,4029
2011-05-30,47.00,47.35,46.60,46.95,6528
2011-05-31,46.80,49.05,46.35,47.05,18050
2011-06-01,47.25,48.00,46.70,46.95,10603
2011-06-02,46.30,47.20,46.00,46.55,6533
2011-06-03,46.70,47.25,46.50,46.55,1267
2011-06-06,46.55,46.55,45.55,46.00,1299
2011-06-07,46.00,46.60,45.50,46.00,3970
2011-06-08,46.10,46.40,45.60,46.20,9200
2011-06-09,46.75,46.75,45.60,45.70,12402
2011-06-10,46.10,46.50,42.90,44.40,101435
2011-06-13,43.70,44.50,43.50,43.85,35674
2011-06-14,44.10,45.20,44.00,44.70,45407
2011-06-15,44.50,44.95,44.05,44.15,110248
2011-06-16,43.80,44.20,43.30,43.55,14223
2011-06-17,43.30,43.70,42.50,43.00,17686
2011-06-20,43.20,43.20,40.05,41.00,62872
2011-06-21,41.45,41.75,40.60,41.00,18096
2011-06-22,40.35,40.50,39.60,40.05,37010
2011-06-23,39.10,40.45,39.05,40.15,22034
2011-06-24,40.05,41.30,40.00,40.95,21679
2011-06-27,40.20,41.05,39.70,40.10,21812
2011-06-28,40.30,40.30,39.55,39.85,40094
2011-06-29,40.40,40.50,39.80,39.95,9806
2011-06-30,40.50,40.50,39.80,40.10,9544
2011-07-01,40.00,40.65,40.00,40.50,17126
2011-07-04,41.00,41.30,40.00,40.30,10770
2011-07-05,40.35,40.80,40.20,40.50,10169
2011-07-06,40.10,41.00,40.10,40.80,43614
2011-07-07,41.05,42.40,40.75,42.05,66147
2011-07-08,42.00,42.00,40.00,40.10,52984
2011-07-11,40.80,40.80,40.10,40.75,24131
2011-07-12,40.00,41.65,40.00,41.30,44419
2011-07-13,41.80,43.20,41.75,42.15,80336
2011-07-14,42.70,42.70,41.40,41.75,20584
2011-07-15,42.95,42.95,40.75,41.45,18975
2011-07-18,41.00,42.35,41.00,42.25,35495
2011-07-19,43.00,43.60,41.50,43.25,104318
2011-07-20,43.70,43.70,42.10,42.95,15450
2011-07-21,43.25,44.00,43.00,43.10,38934
2011-07-22,43.00,44.00,43.00,43.95,22081
2011-07-25,44.00,46.50,43.10,46.20,96408
2011-07-26,46.20,46.20,43.35,43.60,20187
2011-07-27,44.00,44.00,42.75,43.45,21461
2011-07-28,42.80,44.00,42.80,43.80,8198
2011-07-29,43.25,44.75,43.00,43.20,7565
2011-08-01,43.25,43.80,42.20,43.10,29745
2011-08-02,42.35,43.40,42.35,43.10,12088
2011-08-03,42.75,43.05,42.30,43.00,7668
2011-08-04,43.35,43.50,42.75,43.05,18775
2011-08-05,41.55,45.20,40.65,44.45,49905
2011-08-08,42.65,43.50,42.15,42.60,20011
2011-08-09,41.50,43.00,39.20,42.50,13323
2011-08-10,44.00,44.00,42.65,43.75,7873
2011-08-11,44.70,44.70,43.00,44.10,10755
2011-08-12,44.00,44.45,42.80,43.10,8529
2011-08-16,43.10,43.70,43.10,43.10,8880
2011-08-17,43.10,43.50,42.25,42.25,8929
2011-08-18,41.50,43.05,40.60,41.20,17641
2011-08-19,42.35,42.35,39.15,39.50,13379
2011-08-22,39.50,41.75,38.40,41.45,5101
2011-08-23,41.00,42.85,40.75,41.95,5177
2011-08-24,41.50,42.50,41.10,41.20,3968
2011-08-25,41.75,41.75,40.15,40.30,6991
2011-08-26,40.95,40.95,39.40,39.45,10552
2011-08-29,38.55,39.65,37.00,39.20,21914
2011-08-30,41.40,41.40,38.50,39.50,14076
2011-09-02,38.75,40.75,38.75,39.60,6955
2011-09-05,40.00,40.00,39.40,39.50,1846
2011-09-06,40.50,40.50,39.50,40.05,6737
2011-09-07,41.00,41.00,39.65,40.00,5198
2011-09-08,39.90,41.90,39.90,41.10,5789
2011-09-09,41.50,41.50,40.05,41.20,9349
2011-09-12,40.55,40.55,39.55,39.85,6434
2011-09-13,39.75,40.85,39.55,40.45,22746
2011-09-14,40.65,41.25,40.25,40.65,18015
2011-09-15,40.50,42.05,40.50,41.85,8711
2011-09-16,41.50,41.50,39.55,41.00,45818
2011-09-19,40.00,41.25,40.00,40.80,9909
2011-09-20,40.00,41.75,39.45,41.25,11172
2011-09-21,41.00,42.15,40.60,41.95,7535
2011-09-22,41.50,41.80,40.90,41.05,23126
2011-09-23,41.45,41.45,40.30,40.85,4093
2011-09-26,40.85,40.85,40.05,40.10,10736
2011-09-27,41.30,41.30,40.25,40.85,7123
2011-09-28,40.70,41.00,40.00,40.50,6382
2011-09-29,40.80,40.80,40.40,40.70,7790
2011-09-30,40.25,40.75,40.25,40.50,5851
2011-10-03,39.80,40.50,39.75,40.15,5033
2011-10-04,40.70,41.90,40.50,41.00,84407
2011-10-05,41.00,41.60,41.00,41.45,58067
2011-10-07,41.90,41.90,41.40,41.50,5211
2011-10-10,42.00,42.45,41.15,41.50,2990
2011-10-11,42.00,42.00,41.50,41.50,3902
2011-10-12,41.30,41.90,41.20,41.85,17773
2011-10-13,41.05,43.05,41.05,42.50,11385
2011-10-14,43.00,43.25,42.25,42.35,2743
2011-10-17,42.55,42.65,40.95,41.00,5425
2011-10-18,41.10,42.00,41.00,41.80,10213
2011-10-19,42.00,43.15,41.75,42.05,10187
2011-10-20,41.50,41.65,41.20,41.30,1315
2011-10-21,41.10,41.50,41.05,41.25,4824
2011-10-24,42.20,42.20,41.25,41.95,10840
2011-10-25,42.00,42.00,41.50,41.95,5912
2011-10-26,42.25,42.70,42.00,42.30,2279
2011-10-28,43.30,44.25,42.25,43.80,22904
2011-10-31,44.00,44.85,43.65,44.50,13590
2011-11-01,44.10,44.50,43.25,43.25,3139
2011-11-02,44.25,45.00,42.60,43.00,10046
2011-11-03,43.00,44.70,43.00,44.35,30913
2011-11-04,44.55,44.95,43.80,44.00,21239
2011-11-08,43.60,43.60,42.00,42.55,20342
2011-11-09,43.00,43.85,43.00,43.60,30279
2011-11-11,43.50,45.85,43.50,44.60,32056
2011-11-14,45.65,45.75,44.20,44.95,16090
2011-11-15,44.25,45.35,40.55,44.25,54589
2011-11-16,43.50,45.10,42.60,44.85,11468
2011-11-17,44.00,45.20,43.20,44.60,21282
2011-11-18,44.00,45.85,43.00,44.85,29114
2011-11-21,44.10,45.05,43.90,44.85,27865
2011-11-22,44.15,45.10,44.00,45.00,37298
2011-11-23,45.00,45.20,44.20,45.00,83745
2011-11-24,45.85,45.85,44.30,44.80,89199
2011-11-25,45.25,45.65,44.55,45.00,23157
2011-11-28,45.70,45.75,44.20,44.45,12197
2011-11-29,44.50,44.50,42.00,42.25,16449
2011-11-30,42.00,43.50,40.60,42.05,4846
2011-12-01,41.70,43.15,41.70,42.85,6777
2011-12-02,42.35,43.30,42.20,42.65,13421
2011-12-05,43.00,43.00,42.35,42.50,3582
2011-12-07,43.30,43.30,42.20,42.70,5790
2011-12-08,42.20,42.95,41.50,42.35,7041
2011-12-09,42.00,42.50,41.50,42.25,6556
2011-12-12,43.25,43.25,40.00,40.95,8343
2011-12-13,40.30,40.95,39.50,39.85,12735
2011-12-14,40.00,40.00,38.50,38.95,35638
2011-12-15,38.80,38.80,37.75,38.05,9380
2011-12-16,38.10,38.50,36.40,36.80,14087
2011-12-19,36.95,36.95,34.50,35.00,34243
2011-12-20,35.75,35.75,33.00,33.55,88229
2011-12-21,34.50,35.20,34.00,34.65,9729
2011-12-22,34.00,37.15,33.80,36.70,4355
2011-12-23,37.90,39.95,36.75,36.95,6967
2011-12-26,36.95,38.35,34.50,37.85,4305
2011-12-27,39.75,40.65,36.60,38.75,5995
2011-12-28,38.50,39.00,38.35,38.90,740
2011-12-29,38.25,38.95,38.00,38.35,2467
2011-12-30,38.30,38.95,38.30,38.50,1010
2012-01-02,38.90,38.90,38.00,38.05,1611
2012-01-03,38.30,39.40,38.30,39.00,2831
2012-01-04,38.50,39.95,38.00,38.75,4760
2012-01-05,40.00,40.00,38.20,38.75,7518
2012-01-06,38.35,38.90,37.35,38.15,2204
2012-01-09,38.00,39.35,37.20,38.50,1334
2012-01-10,39.95,41.90,38.55,41.25,19149
2012-01-11,42.00,42.50,41.80,42.25,5039
2012-01-12,41.80,42.90,40.45,41.70,11582
2012-01-13,41.30,42.00,41.30,41.80,3360
2012-01-16,41.50,41.50,40.80,41.15,1726
2012-01-17,41.00,42.00,40.35,41.05,9704
2012-01-18,40.50,41.65,40.50,40.70,5812
2012-01-19,40.70,42.25,40.65,41.65,3261
2012-01-20,42.00,42.40,41.35,41.60,1137
2012-01-23,45.00,45.00,41.50,41.60,5672
2012-01-24,41.50,43.00,41.50,41.90,12097
2012-01-25,43.75,43.75,41.55,42.50,58501
2012-01-27,42.50,43.50,40.50,41.85,37360
2012-01-30,41.85,42.50,41.20,41.20,3526
2012-01-31,41.00,44.10,39.25,42.85,11021
2012-02-01,43.05,43.25,42.40,42.95,10971
2012-02-02,42.70,43.50,41.50,43.00,5802
2012-02-03,43.50,45.35,42.50,44.05,36216
2012-02-06,43.90,47.95,43.90,46.15,101961
2012-02-07,47.20,47.50,45.75,46.25,54690
2012-02-08,45.00,47.00,42.15,46.10,48144
2012-02-09,45.60,47.00,45.50,46.70,12784
2012-02-10,47.65,50.00,45.00,45.75,26495
2012-02-13,46.75,46.75,44.20,44.40,6731
2012-02-14,44.10,44.95,42.80,43.90,9536
2012-02-15,44.75,45.30,43.75,45.05,21288
2012-02-16,45.00,46.00,44.85,45.45,12808
2012-02-17,46.85,46.85,43.65,44.00,30977
2012-02-21,43.50,45.50,43.15,44.65,5316
2012-02-22,44.00,44.60,43.20,43.75,5381
2012-02-23,43.25,44.05,42.15,43.65,10179
2012-02-24,43.25,44.00,42.50,43.15,7085
2012-02-27,42.50,42.60,41.15,41.50,4951
2012-02-28,41.90,43.00,41.85,42.95,3843
2012-02-29,42.10,45.15,41.90,43.00,51531
2012-03-01,42.60,45.50,42.60,45.25,16182
2012-03-02,45.00,45.20,43.85,44.90,14832
2012-03-05,44.00,46.10,44.00,46.00,34906
2012-03-06,46.00,46.40,45.00,45.50,6374
2012-03-07,44.60,46.25,44.60,45.95,26050
2012-03-09,44.15,49.50,44.15,45.05,17321
2012-03-12,45.00,45.55,44.05,44.15,9130
2012-03-13,45.00,46.00,44.05,45.50,85678
2012-03-14,45.00,45.40,44.10,44.85,7100
2012-03-15,44.55,45.75,44.30,44.35,11832
2012-03-16,45.60,45.70,44.10,44.55,9779
2012-03-19,44.35,44.45,42.75,43.05,25755
2012-03-20,43.70,45.65,43.70,45.30,20067
2012-03-21,45.50,46.75,45.50,46.05,47466
2012-03-22,45.80,46.20,45.10,45.20,4105
2012-03-23,45.50,46.00,44.10,45.90,6667
2012-03-26,46.00,47.00,44.05,45.80,35435
2012-03-27,45.70,45.75,43.10,44.05,16591
2012-03-28,44.95,45.00,43.60,43.75,2813
2012-03-29,45.30,46.00,43.05,45.65,56979
2012-03-30,46.00,46.00,44.10,44.75,8892
2012-04-02,45.00,45.70,44.10,45.40,5876
2012-04-03,44.65,46.00,44.00,45.95,5477
2012-04-04,46.75,46.75,45.50,45.55,3410
2012-04-09,45.25,46.50,45.20,46.10,1063
2012-04-10,45.40,46.45,45.40,45.95,4857
2012-04-11,45.05,46.00,44.30,44.80,6872
2012-04-12,45.20,45.40,44.60,45.00,2879
2012-04-13,44.65,45.60,44.40,44.50,5265
2012-04-16,44.05,44.95,43.90,44.50,4179
2012-04-17,44.05,44.15,43.25,43.75,7117
2012-04-18,44.50,44.85,43.75,44.50,2984
2012-04-19,45.00,45.05,44.00,44.20,9092
2012-04-20,43.00,45.00,43.00,44.50,7528
2012-04-23,44.00,45.00,44.00,44.10,7894
2012-04-24,44.15,45.00,44.15,44.65,1227
2012-04-25,44.25,44.85,44.10,44.10,1621
2012-04-26,43.30,44.85,43.30,44.00,4209
2012-04-27,44.00,45.00,44.00,44.05,12328
2012-04-30,45.00,45.00,43.75,44.10,4768
2012-05-02,44.20,46.50,44.20,44.45,18573
2012-05-03,44.25,44.25,43.30,43.75,22054
2012-05-04,44.00,44.00,43.10,43.35,18570
2012-05-07,42.50,43.80,42.10,43.40,8977
2012-05-08,42.85,43.95,42.85,43.10,6560
2012-05-09,42.50,43.90,42.10,43.30,5948
2012-05-10,43.90,43.90,42.50,42.70,4712
2012-05-11,42.60,43.55,42.60,43.05,2928
2012-05-14,42.55,42.70,41.65,42.20,6871
2012-05-15,42.00,42.50,41.05,42.50,12940
2012-05-16,42.25,42.90,42.25,42.55,8036
2012-05-17,42.50,43.50,42.50,43.00,5313
2012-05-18,42.10,42.90,42.10,42.35,6750
2012-05-21,42.25,43.20,42.25,42.50,1932
2012-05-22,42.55,43.20,42.55,42.55,2778
2012-05-23,43.00,43.00,42.00,42.10,1685
2012-05-24,42.10,43.00,42.05,42.20,1924
2012-05-25,44.50,45.60,42.85,43.15,23349
2012-05-28,43.35,43.65,42.90,43.55,4829
2012-05-29,43.75,44.00,43.10,43.45,3652
2012-05-30,44.00,44.50,43.35,43.50,2617
2012-05-31,43.85,43.85,43.00,43.05,936
2012-06-01,43.85,43.85,42.30,42.95,477
2012-06-04,42.50,42.90,42.05,42.50,2302
2012-06-05,42.50,45.20,42.50,44.70,77254
2012-06-06,45.75,47.40,45.25,47.00,63960
2012-06-07,47.00,47.75,46.10,46.85,11256
2012-06-08,48.00,48.00,46.00,47.00,1949
2012-06-11,47.00,47.50,46.10,47.05,13472
2012-06-12,46.00,49.20,46.00,48.35,11050
2012-06-13,49.00,53.50,49.00,52.90,91758
2012-06-14,52.00,53.10,49.00,49.35,37656
2012-06-15,49.35,50.00,48.05,49.40,5740
2012-06-18,49.00,50.00,47.80,48.90,9031
2012-06-19,49.00,50.50,47.60,48.25,11932
2012-06-20,48.70,49.25,47.70,48.40,4551
2012-06-21,47.80,49.65,47.55,48.70,5006
2012-06-22,49.00,49.65,48.05,49.05,13907
2012-06-25,51.00,52.80,50.05,50.90,60920
2012-06-26,50.65,51.00,50.20,50.70,3671
2012-06-27,51.90,51.90,49.25,49.40,8014
2012-06-28,49.50,50.00,48.60,48.65,5027
2012-06-29,49.75,51.50,49.05,49.40,7180
2012-07-02,49.95,55.00,49.95,53.05,282987
2012-07-03,54.50,54.50,51.10,51.80,22883
2012-07-04,53.95,53.95,51.40,52.10,14384
2012-07-05,53.00,53.00,50.70,51.35,31285
2012-07-06,51.00,51.60,49.60,51.00,36899
2012-07-09,51.00,53.25,51.00,53.10,86234
2012-07-10,54.00,57.45,53.60,57.00,166713
2012-07-11,57.00,57.00,54.45,54.70,115178
2012-07-12,54.15,55.00,53.00,53.70,9661
2012-07-13,54.80,55.25,54.05,54.20,17102
2012-07-16,54.10,55.00,54.00,54.30,33940
2012-07-17,54.00,54.90,53.35,53.55,10680
2012-07-18,53.25,53.25,52.15,52.50,7880
2012-07-19,52.10,53.95,52.05,53.95,11408
2012-07-20,53.90,55.50,52.55,55.15,21930
2012-07-23,55.50,55.50,53.20,54.80,12439
2012-07-24,55.00,55.50,54.00,55.00,18656
2012-07-25,56.00,56.75,54.15,54.15,10970
2012-07-26,54.20,54.90,53.80,54.00,11186
2012-07-27,53.20,55.00,53.20,53.20,6945
2012-07-30,53.50,55.00,53.35,53.50,1610
2012-07-31,53.50,54.50,52.75,53.40,10544
2012-08-01,53.30,54.45,53.00,54.45,8420
2012-08-02,54.90,57.40,54.00,54.70,85079
2012-08-03,54.05,55.00,53.50,54.00,11575
2012-08-06,53.30,55.65,53.30,54.50,11585
2012-08-07,54.00,55.50,54.00,54.10,16314
2012-08-08,54.00,54.55,53.00,53.80,9214
2012-08-09,54.00,54.70,52.50,52.65,10627
2012-08-10,54.40,54.40,52.10,52.25,4946
2012-08-13,52.75,52.75,52.20,52.50,5074
2012-08-14,52.70,54.85,52.00,54.10,14257
2012-08-16,54.00,58.40,54.00,57.65,104819
2012-08-17,59.30,60.25,58.25,59.50,501504
2012-08-21,59.25,59.25,56.50,57.35,36054
2012-08-22,57.75,59.50,56.50,58.60,33552
2012-08-23,58.80,59.20,57.20,57.45,12336
2012-08-24,57.05,57.50,55.80,56.60,13103
2012-08-27,56.20,56.50,53.20,53.55,24440
2012-08-28,53.10,53.85,52.55,53.05,16614
2012-08-29,53.00,53.90,53.00,53.70,6432
2012-08-30,53.00,53.45,52.35,53.00,22567
2012-08-31,53.50,53.50,52.20,53.00,25494
2012-09-03,53.65,53.65,52.50,52.60,7350
2012-09-04,52.25,53.50,52.25,52.70,11547
2012-09-05,52.45,53.00,50.50,51.25,11331
2012-09-06,51.00,52.40,51.00,52.35,5859
2012-09-07,51.80,52.95,51.00,52.00,5852
2012-09-10,52.30,53.95,52.00,52.60,4345
2012-09-11,52.70,53.20,52.10,53.00,37283
2012-09-12,52.55,53.15,51.50,52.95,28729
2012-09-13,53.50,54.60,52.00,52.00,22497
2012-09-14,53.00,53.00,52.00,52.00,12535
2012-09-17,52.05,53.00,51.65,52.05,5513
2012-09-18,52.75,53.90,51.50,52.60,12057
2012-09-20,53.00,53.65,51.85,52.00,26433
2012-09-21,52.20,53.00,52.00,52.95,16436
2012-09-24,54.50,54.50,53.15,53.50,37958
2012-09-25,53.05,53.20,51.50,53.00,6253
2012-09-26,52.20,53.25,52.05,53.25,17405
2012-09-27,55.50,56.90,53.95,56.30,117654
2012-09-28,56.10,60.90,56.10,58.35,127139
2012-10-01,59.25,59.75,57.25,58.25,26386
2012-10-03,58.25,61.70,57.70,60.55,90041
2012-10-04,61.00,61.90,59.50,61.05,50181
2012-10-05,62.20,66.95,62.00,64.15,259447
2012-10-08,64.70,65.55,60.35,62.25,86190
2012-10-09,62.25,65.00,59.25,63.95,71795
2012-10-10,63.50,65.00,62.10,63.10,42223
2012-10-11,62.60,63.80,61.50,62.35,24490
2012-10-12,62.00,68.25,61.60,67.50,353757
2012-10-15,69.50,71.40,66.15,66.90,658545
2012-10-16,67.30,67.70,64.80,65.75,89375
2012-10-17,67.00,67.45,63.00,63.90,58082
2012-10-18,65.40,65.50,63.45,64.75,34515
2012-10-19,66.00,66.95,64.10,64.30,172428
2012-10-22,64.30,65.35,62.95,63.60,34325
2012-10-23,63.60,64.45,62.95,63.20,27345
2012-10-25,63.05,64.90,62.50,64.60,48386
2012-10-26,64.00,65.40,63.30,64.65,52746
2012-10-29,64.90,64.90,62.70,63.55,65425
2012-10-30,64.50,66.70,63.40,64.45,99182
2012-10-31,65.75,65.75,63.40,64.00,19331
2012-11-01,63.00,66.50,62.55,65.30,50213
2012-11-02,66.00,67.80,65.00,67.20,112426
2012-11-05,68.00,68.00,64.10,66.40,98597
2012-11-06,66.00,66.65,63.20,64.85,84626
2012-11-07,65.70,65.75,63.50,64.10,62798
2012-11-08,63.95,64.85,62.90,63.15,15063
2012-11-09,63.00,64.60,63.00,64.00,25811
2012-11-12,64.65,66.25,63.55,64.50,39236
2012-11-13,65.00,66.80,65.00,65.85,28586
2012-11-15,65.85,66.50,65.00,66.20,20669
2012-11-16,66.30,66.30,65.25,65.40,23852
2012-11-19,66.00,66.00,65.00,65.45,18231
2012-11-20,65.25,65.25,63.25,64.50,11847
2012-11-21,63.65,63.75,62.60,62.75,15254
2012-11-22,64.95,64.95,62.50,63.00,23008
2012-11-23,63.00,63.85,61.85,62.50,25464
2012-11-26,62.60,62.85,61.25,61.40,17087
2012-11-27,61.95,63.00,61.50,62.45,21120
2012-11-29,64.95,64.95,61.65,62.30,29759
2012-11-30,64.95,64.95,61.70,61.90,21742
2012-12-03,61.90,62.20,60.15,60.90,25380
2012-12-04,60.90,63.85,60.20,63.00,48183
2012-12-05,63.95,66.50,62.65,66.05,103293
2012-12-06,66.05,67.05,64.25,66.50,65290
2012-12-07,68.00,68.00,65.25,66.45,45475
2012-12-10,66.45,70.00,65.25,69.10,196668
2012-12-11,70.60,78.50,70.40,72.95,1330015
2012-12-12,73.00,73.75,71.00,72.40,132172
2012-12-13,73.00,73.00,69.10,69.85,49585
2012-12-14,70.10,71.50,69.20,69.85,67913
2012-12-17,71.00,73.00,68.20,69.60,35732
2012-12-18,71.20,72.00,70.00,70.10,40459
2012-12-19,71.25,72.20,70.00,70.55,37747
2012-12-20,70.00,71.20,69.00,69.45,30286
2012-12-21,70.80,72.50,68.25,69.65,55977
2012-12-24,69.70,73.70,69.10,71.85,89095
2012-12-26,73.50,73.70,70.25,71.05,46697
2012-12-27,72.50,72.50,70.50,70.75,58935
2012-12-28,68.60,71.45,66.50,69.55,19399
2012-12-31,70.50,71.35,70.00,70.00,14576
2013-01-01,70.05,71.80,69.00,71.15,25598
2013-01-02,71.80,73.65,70.55,72.60,84110
2013-01-03,72.20,73.70,71.25,71.60,30818
2013-01-04,71.95,72.40,70.10,70.35,22156
2013-01-07,71.50,71.95,69.20,69.75,38705
2013-01-08,70.65,70.65,69.50,70.30,13739
2013-01-09,70.00,70.95,69.10,69.25,13881
2013-01-10,69.60,70.20,69.00,69.25,16356
2013-01-11,69.50,69.50,67.35,68.20,22588
2013-01-14,70.00,70.00,66.50,70.00,19689
2013-01-15,69.00,69.10,68.10,68.65,69017
2013-01-16,68.75,69.30,67.70,68.10,3524
2013-01-17,69.30,69.30,65.30,66.60,13045
2013-01-18,66.95,67.00,65.55,67.00,16265
2013-01-21,67.50,67.50,66.10,66.90,10790
2013-01-22,66.90,66.90,65.10,65.20,15240
2013-01-23,65.25,65.90,63.55,64.90,24409
2013-01-24,64.30,65.35,64.30,65.00,23620
2013-01-25,66.00,66.40,64.05,66.40,8904
2013-01-28,66.80,67.80,66.40,66.60,18367
2013-01-29,66.50,67.35,65.50,67.25,7806
2013-01-30,67.00,67.20,66.20,67.00,14291
2013-01-31,66.55,67.55,66.10,67.40,7062
2013-02-01,67.90,69.15,66.80,67.65,30034
2013-02-04,67.00,68.65,65.95,66.00,5554
2013-02-05,66.00,67.00,65.00,66.65,6630
2013-02-06,67.80,67.80,65.05,65.75,7377
2013-02-07,66.00,66.00,64.45,65.65,9237
2013-02-08,65.00,66.60,62.90,63.10,29336
2013-02-11,64.45,65.90,61.55,62.95,15265
2013-02-12,62.50,63.15,60.55,62.20,15287
2013-02-13,63.40,65.00,62.50,63.95,81728
2013-02-14,64.85,64.85,61.40,63.15,8098
2013-02-15,63.30,64.25,58.50,62.05,41971
2013-02-18,61.60,67.80,61.00,67.55,47792
2013-02-19,69.00,69.45,66.20,67.35,294903
2013-02-20,67.80,67.80,64.20,64.80,25186
2013-02-21,64.90,64.90,61.50,62.90,23641
2013-02-22,64.00,64.00,62.10,62.80,7031
2013-02-25,62.60,63.25,61.50,61.80,17746
2013-02-26,63.00,63.00,60.10,61.35,30415
2013-02-27,62.90,62.90,59.15,61.95,12922
2013-02-28,62.80,62.85,60.20,60.65,17352
2013-03-01,60.00,63.10,59.00,60.70,23256
2013-03-04,60.70,62.00,57.65,60.75,7623
2013-03-05,61.00,62.15,60.00,60.95,3334
2013-03-06,60.00,61.90,60.00,60.85,6255
2013-03-07,60.20,61.80,60.00,60.70,7251
2013-03-08,60.20,60.95,58.50,59.10,37285
2013-03-11,58.95,61.95,58.95,60.90,13293
2013-03-12,61.00,61.90,59.60,61.00,13923
2013-03-13,61.20,61.20,59.65,60.00,13384
2013-03-14,61.00,61.00,59.40,59.75,10638
2013-03-15,60.00,61.95,59.65,60.65,22098
2013-03-18,61.00,61.45,59.25,61.45,7101
2013-03-19,60.00,60.50,58.95,59.15,3071
2013-03-20,58.00,58.00,54.00,55.50,11446
2013-03-21,56.00,56.00,53.20,54.25,14393
2013-03-22,54.00,54.00,52.35,53.90,5615
2013-03-25,44.00,53.85,44.00,51.00,21169
2013-03-26,50.75,52.90,47.40,52.50,11308
2013-03-28,52.00,52.90,50.10,52.90,3964
2013-04-01,57.00,57.00,53.00,55.50,10226
2013-04-02,54.30,55.50,53.05,54.70,7542
2013-04-03,57.00,57.95,51.00,51.90,22870
2013-04-04,51.20,52.90,48.35,49.00,142318
2013-04-05,48.90,49.00,46.85,48.20,26056
2013-04-08,48.50,48.50,47.05,47.90,2277
2013-04-09,48.50,48.60,46.45,48.00,19764
2013-04-10,46.95,49.00,45.55,49.00,39588
2013-04-11,51.70,51.70,47.65,48.50,3497
2013-04-12,48.60,49.35,48.00,48.75,1707
2013-04-15,48.00,48.75,43.65,48.10,5473
2013-04-16,48.00,49.00,47.75,48.90,3940
2013-04-17,48.85,49.00,47.80,48.55,4359
2013-04-18,47.90,49.40,47.50,48.60,5530
2013-04-22,48.35,48.80,48.00,48.55,14812
2013-04-23,48.85,49.60,47.90,49.60,3936
2013-04-25,48.30,50.40,48.00,50.05,12484
2013-04-26,49.50,51.20,48.60,51.00,11591
2013-04-29,52.00,52.50,49.55,51.05,22565
2013-04-30,50.60,58.00,49.10,58.00,70706
2013-05-02,60.05,61.40,59.15,59.95,414033
2013-05-03,59.35,59.35,56.10,56.80,39738
2013-05-06,56.30,56.30,53.55,55.00,18345
2013-05-07,54.45,56.25,54.00,54.90,14752
2013-05-08,54.00,54.50,53.20,54.10,8556
2013-05-09,55.05,60.45,55.05,59.60,113358
2013-05-10,59.30,60.40,58.00,58.00,38020
2013-05-13,59.40,61.00,58.00,58.00,47312
2013-05-14,58.15,59.40,58.05,58.55,9268
2013-05-15,58.50,59.90,58.25,59.25,11016
2013-05-16,59.20,59.20,56.45,56.80,10499
2013-05-17,57.05,58.00,56.95,57.30,13324
2013-05-20,57.00,57.25,56.00,57.00,13234
2013-05-21,56.10,57.25,56.00,57.20,15570
2013-05-22,59.00,59.80,56.10,56.15,47898
2013-05-23,54.40,56.00,45.40,55.05,57392
2013-05-24,54.50,54.50,53.35,54.00,5821
2013-05-27,53.80,54.70,52.70,53.00,9717
2013-05-28,52.65,53.95,52.15,53.05,6849
2013-05-29,52.65,53.80,52.25,52.55,2399
2013-05-30,52.00,53.55,51.20,51.50,26010
2013-05-31,51.30,52.00,49.80,49.85,7878
2013-06-03,50.00,50.25,49.00,49.55,4241
2013-06-04,49.05,53.00,48.35,52.40,32849
2013-06-05,52.35,52.35,51.00,51.70,5330
2013-06-06,51.70,51.70,50.00,50.80,4788
2013-06-07,50.90,50.90,49.55,49.85,11737
2013-06-10,52.50,52.50,47.55,47.75,22037
2013-06-11,47.55,48.70,47.20,47.80,13644
2013-06-12,48.95,48.95,47.00,47.40,5353
2013-06-13,47.00,47.95,45.50,45.50,9709
2013-06-14,49.00,49.00,46.45,47.05,4497
2013-06-17,47.00,49.80,47.00,47.50,6945
2013-06-18,47.75,48.75,47.35,47.90,5839
2013-06-19,48.00,49.50,47.50,47.50,2729
2013-06-20,48.00,49.40,45.00,45.10,19269
2013-06-21,47.00,47.00,44.25,45.00,6208
2013-06-24,45.05,45.05,43.65,44.00,6496
2013-06-25,44.00,44.95,43.50,44.95,3504
2013-06-26,43.95,44.95,43.95,43.95,6485
2013-06-27,45.90,45.90,43.55,43.70,1981
2013-06-28,44.85,45.95,41.55,42.05,56359
2013-07-01,42.10,46.05,42.10,44.75,14391
2013-07-02,45.00,46.15,44.20,45.90,10539
2013-07-03,46.00,46.95,43.30,44.90,7351
2013-07-04,44.95,45.50,44.25,44.30,4391
2013-07-05,44.55,48.75,44.30,48.00,31184
2013-07-08,47.50,52.90,47.50,52.90,72925
2013-07-09,54.00,54.60,51.05,51.55,273459
2013-07-10,51.40,51.40,48.10,48.25,44605
2013-07-11,49.80,49.90,46.00,46.90,31873
2013-07-12,47.00,48.00,46.40,46.75,9511
2013-07-15,46.25,47.30,45.55,46.25,8068
2013-07-16,45.90,46.00,45.10,45.30,10641
2013-07-17,46.00,47.80,45.10,46.30,28233
2013-07-18,46.65,46.65,45.50,45.75,8406
2013-07-19,46.80,46.80,45.00,45.40,7012
2013-07-22,45.00,45.60,44.25,45.00,23134
2013-07-23,45.10,45.45,44.10,44.10,9692
2013-07-24,43.10,44.95,43.10,44.40,8754
2013-07-25,44.00,44.80,43.10,43.80,3501
2013-07-26,43.65,44.25,42.80,42.80,3134
2013-07-29,42.60,43.00,40.50,40.50,48214
2013-07-30,42.80,42.80,40.25,41.00,40712
2013-07-31,41.00,41.00,39.45,39.75,4440
2013-08-01,40.25,41.60,38.75,39.50,8288
2013-08-02,39.40,40.65,37.75,39.20,8724
2013-08-05,38.20,40.00,37.55,38.40,4155
2013-08-06,37.85,38.50,37.50,38.00,8835
2013-08-07,40.00,40.00,37.00,38.10,4703
2013-08-08,39.65,41.00,39.00,40.95,8632
2013-08-12,39.80,39.85,37.40,38.70,12072
2013-08-13,38.05,39.95,38.05,39.30,2987
2013-08-14,39.50,40.00,39.00,39.70,7358
2013-08-16,39.50,41.00,38.50,38.65,5543
2013-08-19,38.25,38.50,37.00,38.10,5985
2013-08-20,38.85,38.85,37.65,38.00,3585
2013-08-21,39.70,40.85,37.55,37.55,9462
2013-08-22,37.50,38.60,37.05,37.70,2457
2013-08-23,38.85,39.00,36.60,37.60,6638
2013-08-26,37.65,39.00,37.00,37.80,8607
2013-08-27,37.50,37.95,37.05,37.30,2753
2013-08-28,37.00,37.50,34.50,34.50,22242
2013-08-29,36.65,37.00,35.70,35.95,3606
2013-08-30,35.50,36.75,35.50,36.00,2812
2013-09-02,36.50,36.70,35.90,36.40,8117
2013-09-03,35.90,36.30,35.05,35.35,5835
2013-09-04,35.00,35.60,34.55,34.90,7120
2013-09-05,35.10,40.45,34.25,40.00,105757
2013-09-06,41.00,41.30,38.75,39.85,284765
2013-09-10,39.00,39.60,38.25,38.50,38699
2013-09-11,39.40,39.50,38.70,39.00,41763
2013-09-12,39.45,40.70,38.40,38.40,21537
2013-09-13,39.00,39.00,38.00,38.20,9604
2013-09-16,38.05,40.95,38.05,38.50,65459
2013-09-17,39.00,39.40,37.70,37.75,10705
2013-09-18,38.25,38.65,37.55,37.70,16596
2013-09-19,38.10,39.90,37.90,38.20,30761
2013-09-20,38.20,38.50,37.20,38.50,19400
2013-09-23,37.55,38.80,37.50,37.70,10819
2013-09-24,38.10,38.50,31.00,37.45,88603
2013-09-25,37.85,38.00,36.10,37.15,8063
2013-09-26,37.05,37.65,36.15,36.95,6762
2013-09-27,36.60,37.60,35.00,37.00,14056
2013-09-30,36.90,37.65,36.25,36.80,13144
2013-10-01,36.15,37.00,36.15,37.00,21493
2013-10-03,36.50,37.60,36.25,36.75,9878
2013-10-04,36.75,37.75,36.55,36.75,9054
2013-10-07,37.45,37.65,36.40,37.65,8006
2013-10-08,37.15,38.25,36.00,36.75,36138
2013-10-09,36.70,37.35,36.35,36.95,20815
2013-10-10,36.60,38.10,36.60,37.40,6724
2013-10-11,37.20,38.25,36.55,38.25,8986
2013-10-14,38.25,38.90,37.15,38.80,11853
2013-10-15,38.00,38.85,37.40,37.80,19418
2013-10-17,37.50,37.95,37.15,37.20,5010
2013-10-18,37.15,37.60,37.15,37.60,6080
2013-10-21,38.10,39.30,37.80,38.05,27223
2013-10-22,38.40,38.40,37.70,37.90,14362
2013-10-23,37.65,38.50,35.20,36.45,60907
2013-10-24,36.30,36.30,33.50,35.50,83710
2013-10-25,36.00,36.00,34.20,34.45,18686
2013-10-28,34.65,34.95,34.30,34.30,8516
2013-10-29,34.30,34.40,33.05,34.40,7598
2013-10-30,34.50,34.60,33.60,33.70,11866
2013-10-31,35.40,35.40,33.35,33.90,29732
2013-11-01,34.40,35.40,33.75,34.05,13473
2013-11-05,35.45,37.00,34.30,36.20,19755
2013-11-06,36.50,36.75,35.90,36.35,10151
2013-11-07,36.35,37.50,34.40,34.50,32370
2013-11-08,34.80,35.20,33.10,35.00,31234
2013-11-11,36.50,36.50,35.00,36.00,14523
2013-11-12,36.00,37.00,36.00,36.20,8364
2013-11-13,36.05,36.35,35.80,35.85,5721
2013-11-14,36.50,36.50,35.80,36.20,9671
2013-11-18,36.75,37.90,36.00,36.55,25596
2013-11-19,36.75,37.95,36.00,37.90,20219
2013-11-20,37.75,37.75,36.65,36.85,33240
2013-11-21,37.00,37.00,36.40,36.95,3918
2013-11-22,36.70,36.70,36.20,36.55,7278
2013-11-25,36.35,36.90,36.35,36.65,1212
2013-11-26,36.50,36.95,36.50,36.75,3717
2013-11-27,36.50,37.20,36.30,36.80,5751
2013-11-28,36.70,37.25,36.65,37.25,5392
2013-11-29,36.95,37.65,36.80,37.45,5847
2013-12-02,37.05,38.20,37.00,37.05,7355
2013-12-03,36.55,39.00,36.15,38.05,10330
2013-12-04,38.00,38.40,37.50,38.05,4517
2013-12-05,37.85,38.35,37.25,37.70,11927
2013-12-06,37.00,38.45,36.70,37.65,5010
2013-12-09,38.70,39.10,37.05,38.55,23455
2013-12-10,38.85,39.00,37.65,38.00,6007
2013-12-11,37.70,38.40,37.10,37.50,3727
2013-12-12,37.75,37.75,36.80,36.85,3111
2013-12-13,37.50,37.50,36.00,36.80,2527
2013-12-16,37.75,37.75,36.00,36.05,3273
2013-12-17,36.50,37.25,36.35,36.55,4979
2013-12-18,37.00,37.05,36.55,36.95,2877
2013-12-19,37.00,37.80,36.15,36.45,5469
2013-12-20,37.30,37.30,36.40,36.60,2694
2013-12-23,37.20,37.50,36.50,36.90,17454
2013-12-24,36.50,37.40,36.50,37.40,6371
2013-12-26,37.00,38.90,36.65,37.50,32077
2013-12-27,37.60,38.60,37.50,38.25,57269
2013-12-30,38.90,43.70,38.40,42.20,328884
2013-12-31,43.00,43.50,40.80,41.00,98544
2014-01-01,41.30,42.30,39.75,39.90,73453
2014-01-02,40.50,40.50,38.40,38.40,38467
2014-01-03,38.90,39.15,37.80,38.30,23857
2014-01-06,38.50,39.50,38.05,38.30,19958
2014-01-07,38.95,39.30,36.80,37.45,34261
2014-01-08,37.20,38.90,36.90,38.10,27259
2014-01-09,38.50,38.90,37.30,37.80,28258
2014-01-10,38.05,39.00,37.25,38.30,23601
2014-01-13,38.90,38.95,37.50,37.60,10428
2014-01-14,37.70,38.20,37.35,38.00,11437
2014-01-15,37.80,38.30,37.25,37.60,11688
2014-01-16,38.00,38.00,37.10,37.50,5472
2014-01-17,37.55,38.50,37.25,38.00,26334
2014-01-20,38.25,38.90,38.00,38.20,6281
2014-01-21,38.45,38.50,38.00,38.05,6812
2014-01-22,38.05,38.15,37.65,37.95,6564
2014-01-23,37.85,38.40,37.50,37.50,10351
2014-01-24,37.20,37.35,36.10,36.65,11458
2014-01-27,36.00,36.25,34.70,35.00,10270
2014-01-28,35.90,35.95,34.25,35.95,12332
2014-01-29,35.80,36.90,35.10,36.15,4913
2014-01-30,36.00,36.35,34.85,35.95,2576
2014-01-31,35.50,35.65,34.60,35.50,3878
2014-02-03,35.00,35.00,33.65,34.20,21857
2014-02-04,34.00,34.00,33.15,33.65,15736
2014-02-05,34.20,35.70,33.70,34.55,8582
2014-02-06,35.00,35.00,34.20,34.40,3109
2014-02-07,35.00,35.45,34.05,34.40,7640
2014-02-10,34.40,34.90,33.35,34.70,4576
2014-02-11,34.20,34.20,33.00,33.65,13656
2014-02-12,33.40,33.40,31.40,31.80,60441
2014-02-13,31.80,31.90,30.75,30.85,29692
2014-02-14,30.70,31.00,29.25,30.00,23349
2014-02-17,30.00,31.05,29.00,29.85,32681
2014-02-18,30.60,31.50,29.80,30.75,5036
2014-02-19,30.50,33.25,30.15,31.55,8448
2014-02-20,31.30,31.95,31.00,31.80,2441
2014-02-21,33.00,33.00,31.00,31.70,7611
2014-02-24,33.25,33.25,31.50,32.25,8851
2014-02-25,32.35,32.95,31.40,31.85,10360
2014-02-26,32.70,33.20,31.60,32.05,46932
2014-02-28,30.20,32.00,30.20,31.70,7265
2014-03-03,31.50,31.60,30.65,30.80,12307
2014-03-04,31.00,32.85,30.50,32.35,23578
2014-03-05,33.00,33.95,31.80,33.20,21213
2014-03-06,33.50,36.40,32.50,35.65,123399
2014-03-07,36.50,36.50,35.10,35.50,30408
2014-03-10,35.50,36.00,34.10,34.85,10233
2014-03-11,34.85,36.00,34.85,35.60,18676
2014-03-12,35.15,36.00,34.20,34.70,58046
2014-03-13,34.55,35.15,34.25,34.95,8640
2014-03-14,34.55,35.00,33.50,33.90,26349
2014-03-18,34.00,34.90,34.00,34.30,49585
2014-03-19,34.00,34.50,33.40,34.00,6336
2014-03-20,34.00,34.00,33.60,33.65,3931
2014-03-21,33.90,34.25,33.65,34.25,4086
2014-03-24,34.00,35.00,33.95,34.25,17594
2014-03-25,34.00,34.85,33.65,34.15,22372
2014-03-26,33.95,35.95,33.95,34.75,26312
2014-03-27,34.50,35.00,34.05,34.75,5071
2014-03-28,35.75,38.70,35.00,38.20,126219
2014-03-31,38.95,39.90,37.05,37.60,45257
2014-04-01,37.50,37.95,36.25,36.90,16481
2014-04-02,38.45,38.50,36.50,38.10,12669
2014-04-03,38.50,38.65,37.40,37.65,40486
2014-04-04,37.50,38.60,36.40,38.10,36103
2014-04-07,38.60,38.65,37.60,37.85,11274
2014-04-09,38.50,39.95,37.85,39.15,63882
2014-04-10,39.60,41.80,39.00,40.85,52032
2014-04-11,40.85,42.60,39.60,41.75,57311
2014-04-15,41.70,41.70,40.00,40.85,28584
2014-04-16,41.45,41.50,37.10,37.80,41088
2014-04-17,39.35,39.40,38.50,38.75,11590
2014-04-21,39.10,39.80,38.20,38.70,12483
2014-04-22,38.80,39.50,38.05,38.35,29389
2014-04-23,39.00,39.00,37.65,38.25,29972
2014-04-25,38.25,39.45,38.05,38.80,21033
2014-04-28,39.50,39.50,37.85,39.05,15115
2014-04-29,39.05,39.05,38.00,38.10,13087
2014-04-30,38.00,38.70,37.50,37.70,20838
2014-05-02,37.80,37.80,37.00,37.10,17030
2014-05-05,39.40,39.40,37.05,37.50,5742
2014-05-06,37.30,37.75,37.10,37.30,7201
2014-05-07,37.00,38.35,36.65,37.15,9716
2014-05-08,37.20,37.20,36.65,36.85,7708
2014-05-09,37.00,37.40,36.25,36.85,5609
2014-05-12,36.85,38.45,36.85,37.40,16719
2014-05-13,37.55,39.25,36.00,37.30,63874
2014-05-14,37.20,37.95,36.50,37.60,16707
2014-05-15,37.30,37.80,36.20,37.35,15832
2014-05-16,42.00,44.80,41.00,44.80,431750
2014-05-19,49.00,53.75,48.50,53.75,663680
2014-05-20,58.00,59.10,54.75,56.45,625976
2014-05-21,56.00,56.50,52.00,54.15,179125
2014-05-22,53.50,57.00,52.10,55.25,224916
2014-05-23,54.05,54.05,51.05,52.45,227454
2014-05-26,55.50,57.65,51.65,52.85,277591
2014-05-27,54.95,54.95,48.10,52.20,80799
2014-05-28,51.40,53.50,51.40,52.85,64255
2014-05-29,52.85,52.95,51.50,52.20,66747
2014-05-30,52.25,52.90,51.10,51.75,34777
2014-06-02,52.50,55.80,52.50,53.60,83050
2014-06-03,54.00,55.30,53.80,54.15,50161
2014-06-04,54.65,59.55,54.35,59.55,324002
2014-06-05,62.55,65.50,62.55,65.40,659747
2014-06-06,66.35,68.00,62.75,63.85,278647
2014-06-09,66.40,66.40,63.20,64.35,178470
2014-06-10,66.90,68.95,65.10,67.70,513463
2014-06-11,67.95,68.25,61.65,63.85,177909
2014-06-12,63.85,65.00,61.30,62.10,83961
2014-06-13,62.30,62.30,59.00,59.10,52232
2014-06-16,57.10,58.45,56.15,57.75,28099
2014-06-17,56.00,60.60,55.05,60.60,34884
2014-06-18,61.05,62.85,58.05,58.85,33880
2014-06-19,57.50,61.70,56.70,59.50,27549
2014-06-20,58.10,59.50,57.20,58.20,23957
2014-06-23,58.20,59.90,57.00,58.10,8760
2014-06-24,58.10,61.00,57.10,61.00,47178
2014-06-25,59.50,61.00,58.80,59.90,22196
2014-06-26,58.00,61.50,58.00,60.50,26614
2014-06-27,61.00,63.00,61.00,61.80,34277
2014-06-30,62.10,63.00,61.00,61.50,30403
2014-07-01,62.00,64.00,61.25,62.90,114810
2014-07-02,63.20,64.50,61.10,61.70,58546
2014-07-03,62.50,62.50,61.00,61.55,77558
2014-07-04,63.00,64.60,62.40,64.60,239208
2014-07-07,67.80,67.80,67.80,67.80,62758
2014-07-08,71.15,71.15,64.45,64.50,374204
2014-07-09,64.75,64.90,61.30,61.40,71709
2014-07-10,61.40,64.45,59.45,63.35,129341
2014-07-11,64.00,66.45,61.00,61.65,52451
2014-07-14,62.00,62.00,59.05,60.70,34412
2014-07-15,59.65,63.70,59.65,63.70,81756
2014-07-16,63.70,64.80,61.70,62.90,66954
2014-07-17,62.30,66.00,62.25,66.00,81052
2014-07-18,68.80,68.80,64.25,67.20,122402
2014-07-21,68.00,69.90,67.50,68.40,160076
2014-07-22,68.80,68.80,65.20,66.50,47176
2014-07-23,67.00,68.35,64.00,64.25,34462
2014-07-24,63.75,66.15,63.25,64.90,55528
2014-07-25,65.30,65.30,62.50,62.90,55950
2014-07-28,63.00,63.00,60.10,61.05,25643
2014-07-30,58.60,63.30,58.60,62.65,32144
2014-07-31,62.00,64.45,60.85,63.90,43341
2014-08-01,63.25,63.50,61.45,61.90,61137
2014-08-04,64.10,64.30,61.65,63.55,114474
2014-08-05,65.00,66.90,63.35,64.05,338343
2014-08-06,64.90,64.90,62.50,63.30,44199
2014-08-07,63.00,63.50,61.60,61.90,37899
2014-08-08,61.00,61.40,58.00,59.30,81060
2014-08-11,60.40,61.50,56.40,57.70,51731
2014-08-12,57.90,57.90,56.00,56.95,51113
2014-08-13,56.10,58.70,55.85,56.65,79289
2014-08-14,55.55,57.00,54.55,55.80,68068
2014-08-18,56.60,59.90,56.60,58.95,70612
2014-08-19,61.00,64.80,58.85,64.40,189877
2014-08-20,66.00,67.95,64.05,65.95,158654
2014-08-21,65.00,68.00,63.50,66.90,181074
2014-08-22,67.00,67.50,64.55,66.60,199706
2014-08-25,66.00,73.25,66.00,69.05,725251
2014-08-26,69.50,69.80,65.50,67.40,150299
2014-08-27,67.50,69.60,66.50,67.05,93589
2014-08-28,67.00,68.00,65.00,65.90,62658
2014-09-01,69.40,70.00,66.00,67.10,125673
2014-09-02,66.90,69.50,66.90,68.90,163182
2014-09-03,69.50,74.50,68.30,71.70,289406
2014-09-04,71.95,72.40,68.45,69.15,102316
2014-09-05,69.50,72.70,69.00,70.75,128815
2014-09-08,71.60,73.95,71.00,72.90,186972
2014-09-09,73.50,79.00,73.50,77.25,257806
2014-09-10,77.25,81.20,74.15,78.35,251469
2014-09-11,77.70,84.50,77.70,80.85,201914
2014-09-12,81.20,82.50,77.00,77.50,129717
2014-09-15,77.50,80.40,75.10,77.30,121973
2014-09-16,77.25,78.00,70.15,71.40,156631
2014-09-17,72.00,73.95,69.70,70.90,86472
2014-09-18,71.95,75.60,70.35,74.00,127868
2014-09-19,76.50,76.85,71.60,72.50,91529
2014-09-22,71.00,74.85,70.50,73.75,90302
2014-09-23,75.95,78.80,72.65,74.15,164330
2014-09-24,74.40,79.70,73.10,75.30,273321
2014-09-25,75.00,77.40,69.00,70.45,152223
2014-09-26,70.55,72.75,68.60,71.10,51970
2014-09-29,73.80,73.85,69.60,70.50,54054
2014-09-30,70.95,72.60,70.15,70.50,47163
2014-10-01,70.00,72.30,69.25,70.40,75033
2014-10-07,69.55,71.20,66.05,67.35,56015
2014-10-08,68.00,69.65,65.65,67.00,67004
2014-10-09,68.15,70.00,67.55,68.30,70340
2014-10-10,67.50,70.90,66.65,68.45,99562
2014-10-13,68.10,68.70,66.35,67.25,47152
2014-10-14,68.50,68.50,66.55,67.05,28959
2014-10-16,66.00,67.00,63.65,64.30,53928
2014-10-17,65.00,65.00,62.65,64.00,66631
2014-10-20,68.00,68.00,65.05,65.60,49311
2014-10-21,66.00,66.60,64.50,65.35,26917
2014-10-22,65.65,66.70,65.15,65.60,37018
2014-10-23,64.40,67.75,64.40,67.20,14603
2014-10-27,68.00,68.70,65.45,66.20,49828
2014-10-28,66.45,69.90,65.75,69.20,101478
2014-10-29,69.50,71.90,69.50,69.95,71297
2014-10-30,71.40,75.00,70.55,72.15,186319
2014-10-31,72.50,74.30,69.30,70.00,90532
2014-11-03,71.00,72.70,69.70,70.25,80889
2014-11-05,70.25,84.30,70.25,84.15,1673998
2014-11-07,87.40,89.35,82.00,85.85,2004157
2014-11-10,86.50,92.80,86.00,89.45,941572
2014-11-11,89.95,90.40,86.00,86.75,272449
2014-11-12,88.70,88.70,83.50,85.15,236529
2014-11-13,85.80,85.80,81.55,82.05,213299
2014-11-14,82.70,86.05,82.15,84.05,263259
2014-11-17,84.50,87.30,83.60,84.05,195929
2014-11-18,84.85,91.10,84.65,88.60,539385
2014-11-19,89.40,94.20,87.40,91.00,1044134
2014-11-20,92.80,92.80,86.35,87.80,301312
2014-11-21,88.65,88.95,85.00,85.45,185643
2014-11-24,88.60,88.60,83.20,83.60,136458
2014-11-25,84.45,84.65,76.60,80.50,173696
2014-11-26,81.00,81.75,78.15,78.65,100829
2014-11-27,78.65,82.30,78.65,79.85,202397
2014-11-28,79.30,82.10,79.00,79.70,180225
2014-12-01,79.50,83.15,79.00,79.45,132077
2014-12-02,79.20,79.40,77.50,78.30,102781
2014-12-03,79.00,84.05,79.00,82.50,333841
2014-12-04,84.00,85.90,81.45,82.35,227215
2014-12-05,81.75,83.25,79.50,79.95,115844
2014-12-08,81.00,83.70,79.10,80.70,256715
2014-12-09,82.00,83.70,79.00,80.05,184657
2014-12-10,79.50,82.00,79.25,79.70,95621
2014-12-11,80.65,80.65,77.10,78.35,101096
2014-12-12,78.60,78.70,74.50,75.00,70599
2014-12-15,75.00,77.20,73.10,74.35,77256
2014-12-16,74.00,74.35,68.70,69.50,132193
2014-12-17,68.00,70.80,64.85,65.60,146025
2014-12-18,68.45,69.75,67.00,68.80,102162
2014-12-19,69.45,70.85,68.40,69.10,45781
2014-12-22,68.60,70.75,68.25,69.60,99838
2014-12-23,68.50,73.25,68.50,70.85,154450
2014-12-24,70.25,72.00,69.50,70.75,48408
2014-12-26,70.75,72.50,70.75,71.35,35100
2014-12-29,71.75,73.75,71.35,72.20,45145
2014-12-30,72.30,73.00,71.30,72.60,25799
2014-12-31,71.95,73.35,71.95,72.50,19525
2015-01-01,73.00,74.50,70.75,73.10,59635
2015-01-02,73.20,85.00,72.60,83.30,938126
2015-01-05,83.00,84.70,80.40,80.70,177626
2015-01-06,81.00,82.05,77.50,79.65,229272
2015-01-07,81.60,81.60,77.55,78.60,120479
2015-01-08,80.85,89.20,80.85,85.45,843146
2015-01-09,86.90,92.25,86.85,90.95,996344
2015-01-12,91.90,94.70,90.70,92.30,507939
2015-01-13,93.00,93.20,87.10,87.85,277566
2015-01-14,88.00,90.65,86.55,87.10,167762
2015-01-15,88.00,102.00,85.10,99.70,1737281
2015-01-16,99.20,100.40,95.65,97.30,562720
2015-01-19,97.90,103.40,96.10,99.20,593650
2015-01-20,99.90,99.90,95.30,96.50,213212
2015-01-21,96.65,98.45,93.80,95.50,228478
2015-01-22,96.00,96.00,90.10,92.05,250317
2015-01-23,91.50,93.15,88.10,88.85,184806
2015-01-27,89.40,93.25,87.25,88.70,209168
2015-01-28,87.00,95.90,87.00,94.40,382653
2015-01-29,96.00,98.90,94.35,95.10,516458
2015-01-30,95.10,96.50,90.05,90.60,146638
2015-02-02,90.60,97.50,89.95,94.75,247512
2015-02-03,94.80,97.00,92.60,93.00,180370
2015-02-04,93.85,94.80,90.60,91.35,120550
2015-02-05,91.75,96.95,90.00,91.65,615273
2015-02-06,99.00,99.00,87.60,88.75,811426
2015-02-09,86.10,89.90,85.60,86.35,176403
2015-02-10,87.05,89.50,85.50,85.85,222927
2015-02-11,85.65,87.40,85.05,86.95,128600
2015-02-12,87.45,87.90,85.10,86.95,172455
2015-02-13,87.00,90.60,86.60,87.60,160130
2015-02-16,88.25,89.50,86.15,86.55,62420
2015-02-18,99.80,99.80,88.25,88.65,231033
2015-02-19,89.40,90.40,86.20,87.60,118464
2015-02-20,88.40,90.50,85.20,86.10,156177
2015-02-23,86.90,87.65,83.60,84.80,103276
2015-02-24,86.00,86.00,81.65,82.00,118391
2015-02-25,82.00,83.25,79.45,80.75,137797
2015-02-26,81.00,81.25,76.75,78.65,112036
2015-02-27,77.50,81.75,77.50,78.90,100521
2015-02-28,80.00,82.20,78.75,81.70,91776
2015-03-02,82.70,85.50,79.15,84.20,230008
2015-03-03,84.90,87.90,82.80,85.80,206044
2015-03-04,86.20,87.10,81.10,81.95,127185
2015-03-05,84.90,84.90,79.20,80.35,129793
2015-03-09,79.95,83.30,78.45,79.35,104832
2015-03-10,80.00,80.60,76.30,77.10,89136
2015-03-11,77.85,78.85,76.50,77.35,133775
2015-03-12,77.90,78.75,75.55,76.55,117102
2015-03-13,77.05,78.90,74.25,74.85,112889
2015-03-16,75.75,75.80,71.65,72.40,98164
2015-03-17,73.30,75.40,72.35,73.05,153859
2015-03-18,73.20,73.55,71.70,72.20,113327
2015-03-19,73.05,73.90,69.15,71.20,179792
2015-03-20,70.50,70.60,68.70,69.75,96762
2015-03-23,70.45,70.60,66.50,67.90,216822
2015-03-24,66.30,69.25,63.50,64.50,231756
2015-03-25,64.60,65.55,61.55,64.40,263937
2015-03-26,63.55,65.50,62.55,62.95,178288
2015-03-27,63.80,67.70,63.60,66.50,246298
2015-03-30,68.35,71.80,67.85,70.05,116424
2015-03-31,71.95,72.00,69.10,69.65,51952
2015-04-01,71.95,71.95,69.45,69.95,82824
2015-04-06,69.65,72.50,69.60,71.60,150374
2015-04-07,71.85,72.45,69.00,69.95,112361
2015-04-08,70.80,72.20,70.35,70.70,72980
2015-04-09,71.95,71.95,69.15,69.75,104870
2015-04-10,70.00,76.70,69.95,73.90,380604
2015-04-13,74.40,80.00,74.10,78.75,312194
2015-04-15,80.20,89.45,80.10,84.85,1029000
2015-04-16,85.50,85.70,81.35,82.85,272044
2015-04-17,82.85,84.95,81.00,82.95,141056
2015-04-20,83.70,83.85,78.55,79.90,228781
2015-04-21,79.45,80.85,76.30,77.60,134971
2015-04-22,78.40,82.40,75.50,78.20,109437
2015-04-23,78.30,84.90,78.30,83.70,491240
2015-04-24,84.00,84.65,78.00,79.25,141575
2015-04-27,80.00,80.00,75.10,77.20,192509
2015-04-28,78.50,82.90,75.25,81.95,186714
2015-04-29,82.60,82.95,78.10,79.70,64217
2015-04-30,79.00,79.95,76.20,77.30,73567
2015-05-04,78.40,80.45,78.35,79.90,66172
2015-05-05,80.40,80.40,78.50,79.00,188981
2015-05-06,79.50,79.60,74.10,75.05,50490
2015-05-07,75.55,75.55,72.20,73.45,86678
2015-05-08,74.50,77.45,74.50,76.75,56434
2015-05-11,77.95,79.70,77.00,78.95,49233
2015-05-12,79.15,79.15,76.00,76.15,36753
2015-05-13,76.25,77.20,74.20,76.50,45221
2015-05-14,76.55,78.80,76.10,77.60,26926
2015-05-15,78.45,78.80,77.10,77.45,22615
2015-05-18,77.30,80.45,76.60,79.00,41122
2015-05-19,79.10,80.00,78.15,78.60,39000
2015-05-20,78.75,79.80,75.10,75.95,72879
2015-05-21,76.95,78.85,75.35,77.15,60585
2015-05-22,78.00,78.50,76.15,76.45,103356
2015-05-25,76.55,77.25,76.20,76.85,31723
2015-05-26,77.10,79.75,76.30,79.10,61808
2015-05-27,79.10,83.20,78.05,82.50,168493
2015-05-28,83.65,85.45,83.00,83.80,169834
2015-05-29,84.00,85.00,82.50,83.75,136874
2015-06-01,87.20,87.90,85.05,86.45,396251
2015-06-02,87.00,88.55,81.00,81.35,124039
2015-06-03,82.95,83.95,74.00,77.35,88022
2015-06-04,78.40,80.00,76.10,79.60,97527
2015-06-05,79.60,81.00,78.00,78.40,34824
2015-06-08,76.70,79.25,76.70,78.10,33374
2015-06-09,79.00,81.25,77.20,79.50,83983
2015-06-10,80.10,81.00,79.00,79.95,41238
2015-06-11,80.85,80.90,77.00,78.40,55420
2015-06-12,79.00,80.30,77.25,78.05,49619
2015-06-15,76.55,79.00,75.45,77.40,51064
2015-06-16,77.40,80.00,77.05,78.85,26973
2015-06-17,79.60,80.80,78.00,78.65,39277
2015-06-18,79.65,81.00,79.00,80.00,62125
2015-06-19,81.65,82.00,79.50,80.25,29937
2015-06-22,80.50,81.00,78.50,78.85,61262
2015-06-23,80.15,80.20,77.20,78.05,67599
2015-06-24,79.30,82.00,78.00,78.50,58565
2015-06-25,79.35,80.00,78.05,79.45,29165
2015-06-26,79.70,79.70,77.70,78.10,71304
2015-06-29,75.80,78.85,75.80,78.35,24294
2015-06-30,79.00,84.20,76.65,82.80,250919
2015-07-01,83.35,85.50,80.75,84.00,133294
2015-07-02,84.45,88.50,83.10,86.25,277690
2015-07-03,86.80,90.50,85.55,86.55,258064
2015-07-06,85.00,87.65,84.10,86.80,50332
2015-07-07,87.40,88.85,86.00,86.40,60972
2015-07-08,85.50,88.00,82.55,83.70,65325
2015-07-09,84.00,85.30,83.55,84.20,19979
2015-07-10,84.60,87.50,82.55,82.80,34327
2015-07-13,83.80,86.00,83.30,85.10,73257
2015-07-14,86.00,89.40,85.60,87.25,143441
2015-07-15,91.00,91.90,88.00,88.30,221415
2015-07-16,89.45,90.70,88.10,88.45,90038
2015-07-17,89.30,89.90,87.00,87.40,57329
2015-07-20,88.00,93.90,86.00,91.45,317265
2015-07-21,92.50,93.30,87.05,87.80,131808
2015-07-22,87.60,90.45,87.05,89.25,90740
2015-07-23,90.20,91.30,88.30,88.60,60448
2015-07-24,89.00,89.45,86.00,86.45,47660
2015-07-27,86.95,87.75,85.40,85.75,51667
2015-07-28,86.40,86.75,84.10,84.70,54810
2015-07-29,84.70,86.90,82.70,85.20,59742
2015-07-30,86.00,101.80,85.35,98.05,579119
2015-07-31,99.80,109.90,98.25,106.50,1302061
2015-08-03,106.80,109.60,105.00,105.80,360605
2015-08-04,106.55,113.95,104.00,112.70,910387
2015-08-05,113.60,114.50,108.10,110.80,458381
2015-08-06,115.30,116.40,107.75,108.30,570665
2015-08-07,109.00,111.85,105.35,108.40,217556
2015-08-10,109.00,124.50,108.60,117.60,1854503
2015-08-11,118.20,123.50,115.80,117.20,817197
2015-08-12,116.40,117.00,105.10,106.80,310023
2015-08-13,108.20,112.85,100.50,103.10,273147
2015-08-14,104.55,112.80,104.15,111.75,338372
2015-08-17,112.00,133.40,108.20,129.70,2064233
2015-08-18,131.90,136.50,126.10,133.70,1374128
2015-08-19,133.50,146.20,133.50,144.20,1573453
2015-08-20,142.50,142.95,131.50,133.55,735068
2015-08-21,128.00,129.50,123.10,127.80,391954
2015-08-24,119.00,119.60,115.05,115.05,399898
2015-08-25,116.60,117.90,103.55,112.55,300911
2015-08-26,109.50,120.90,109.30,115.05,227520
2015-08-27,117.40,121.90,116.05,118.90,318324
2015-08-28,120.90,127.00,115.60,116.60,329845
2015-08-31,116.00,119.85,115.00,116.95,79713
2015-09-01,117.00,117.00,106.40,110.45,85219
2015-09-02,112.85,119.00,112.15,115.30,171615
2015-09-03,116.90,119.30,115.50,115.85,93170
2015-09-04,117.05,119.40,110.65,112.35,183854
2015-09-07,113.00,114.60,103.50,104.25,149489
2015-09-08,105.00,108.00,101.00,106.85,179214
2015-09-09,109.65,113.00,108.00,108.95,152975
2015-09-10,106.70,108.00,103.05,106.70,100534
2015-09-11,107.80,110.45,104.20,104.95,117990
2015-09-14,106.00,108.00,104.20,105.80,81888
2015-09-15,106.75,106.75,98.55,100.45,190190
2015-09-16,102.80,103.15,98.25,99.50,103668
2015-09-18,100.45,110.50,100.40,107.35,356896
2015-09-21,105.50,114.15,104.75,112.65,302240
2015-09-22,114.75,116.90,103.60,106.00,198703
2015-09-23,105.65,110.50,103.75,109.20,130963
2015-09-24,110.65,113.70,106.20,112.05,201485
2015-09-28,113.20,114.45,108.15,109.00,98371
2015-09-29,107.80,110.90,104.65,109.60,85808
2015-09-30,114.70,114.70,112.00,113.10,75660
2015-10-01,114.90,121.80,112.30,118.80,260161
2015-10-05,121.90,127.50,121.15,123.45,681741
2015-10-06,123.90,123.90,117.60,118.15,144879
2015-10-07,118.60,122.70,116.70,118.85,126674
2015-10-08,119.80,120.05,115.00,118.05,63405
2015-10-09,119.50,122.50,117.20,117.65,100133
2015-10-12,119.45,119.60,115.60,117.95,69743
2015-10-13,118.45,122.00,117.05,120.70,103559
2015-10-14,121.95,127.80,120.20,124.85,345992
2015-10-15,125.00,126.80,123.50,124.60,135415
2015-10-16,124.95,125.00,122.60,123.10,65605
2015-10-19,124.95,133.25,122.30,128.80,369858
2015-10-20,129.65,131.80,124.55,126.75,102838
2015-10-21,126.05,128.95,124.65,127.90,79740
2015-10-23,129.40,136.55,127.65,131.45,378292
2015-10-26,132.00,132.60,127.10,127.95,75936
2015-10-27,127.95,132.25,126.20,127.35,87191
2015-10-28,127.35,129.20,123.55,125.20,75094
2015-10-29,126.85,127.60,124.50,125.80,52191
2015-10-30,126.00,129.20,123.00,123.50,61020
2015-11-02,122.05,124.90,118.25,120.55,55258
2015-11-03,120.55,124.50,120.10,122.75,67434
2015-11-04,123.00,126.20,119.30,120.05,80763
2015-11-05,121.00,122.30,116.55,117.25,50841
2015-11-06,117.50,119.00,111.25,112.50,133847
2015-11-09,106.10,119.70,106.10,118.70,100454
2015-11-10,119.65,120.50,114.10,116.05,50466
2015-11-11,118.40,121.00,117.10,120.10,32854
2015-11-13,118.25,124.00,118.00,122.25,74431
2015-11-16,123.40,123.40,119.50,120.35,27706
2015-11-17,121.50,123.90,118.20,118.85,61897
2015-11-18,118.75,120.75,117.00,117.50,39528
2015-11-19,118.75,123.50,118.35,120.90,161080
2015-11-20,120.85,121.50,119.00,119.15,40539
2015-11-23,120.20,125.00,120.00,123.45,79867
2015-11-24,124.00,127.00,122.90,124.05,74208
2015-11-26,127.85,128.30,124.50,127.50,80515
2015-11-27,128.00,131.05,126.00,129.50,115580
2015-11-30,129.50,130.85,126.35,126.80,38783
2015-12-01,126.60,127.85,123.00,124.80,30696
2015-12-02,125.85,125.85,121.60,122.50,35017
2015-12-03,123.20,130.70,120.25,125.35,149821
2015-12-04,124.00,125.90,120.60,121.85,38441
2015-12-07,123.05,124.60,120.00,120.10,36417
2015-12-08,120.95,121.20,116.80,118.70,53128
2015-12-09,117.95,119.95,114.05,115.60,35666
2015-12-10,116.00,119.80,116.00,118.95,29868
2015-12-11,121.50,121.50,116.00,116.55,24654
2015-12-14,116.25,121.75,115.00,119.30,40842
2015-12-15,119.90,123.70,118.30,122.85,73286
2015-12-16,123.00,126.80,120.00,122.00,90637
2015-12-17,123.60,124.60,120.50,122.60,57103
2015-12-18,122.25,124.00,121.30,123.50,29348
2015-12-21,121.05,124.70,121.05,123.80,17166
2015-12-22,125.15,125.15,119.50,120.40,38244
2015-12-23,122.00,123.30,118.60,119.10,41644
2015-12-24,119.20,123.80,118.00,119.85,64282
2015-12-28,121.00,125.80,120.00,122.75,91298
2015-12-29,125.00,126.95,122.10,123.45,126536
2015-12-30,123.30,124.60,121.20,121.50,35722
2015-12-31,123.45,124.00,121.30,122.40,35713
2016-01-01,123.80,134.85,123.80,132.75,373520
2016-01-04,133.70,136.90,128.00,128.90,285765
2016-01-05,130.40,134.00,127.00,130.35,107588
2016-01-06,131.80,137.40,129.00,132.15,163342
2016-01-07,129.00,130.00,124.55,126.25,111248
2016-01-08,127.00,130.55,125.35,128.10,102098
2016-01-11,127.00,127.85,124.00,125.50,47042
2016-01-12,125.65,127.50,120.25,121.20,43148
2016-01-13,122.90,124.35,107.30,117.10,130322
2016-01-14,111.30,115.75,108.00,110.80,88731
2016-01-15,112.40,117.35,106.00,107.40,138262
2016-01-18,101.00,108.30,98.20,99.05,96658
2016-01-19,99.00,103.65,99.00,102.15,137515
2016-01-20,100.50,102.20,96.60,98.35,64111
2016-01-21,100.50,102.45,95.50,96.85,66558
2016-01-22,99.50,102.90,97.50,101.55,62080
2016-01-25,104.65,104.80,100.00,101.40,52357
2016-01-27,102.05,103.40,99.70,100.45,50332
2016-01-28,101.55,103.75,98.90,101.70,49659
2016-01-29,101.05,104.40,100.50,103.30,59220
2016-02-01,104.50,107.55,104.15,105.55,40275
2016-02-02,105.00,111.20,103.50,105.30,130402
2016-02-03,104.60,104.60,100.20,100.75,36000
2016-02-04,102.85,103.65,98.55,100.55,48870
2016-02-05,100.05,103.35,95.65,101.75,40213
2016-02-08,102.00,103.75,99.30,100.60,41506
2016-02-09,99.70,101.30,98.50,99.45,38409
2016-02-10,101.90,106.00,99.10,101.15,272471
2016-02-11,101.95,102.05,91.25,92.35,69252
2016-02-12,92.90,94.00,84.00,89.75,143421
2016-02-15,90.20,95.50,90.20,94.10,62291
2016-02-16,94.50,95.50,90.05,90.85,22756
2016-02-17,90.05,91.00,86.00,88.50,51603
2016-02-18,89.95,91.70,87.80,88.60,26854
2016-02-19,88.00,90.10,87.00,89.20,19382
2016-02-22,89.65,91.40,88.70,90.30,11599
2016-02-23,89.50,90.05,88.40,89.25,21645
2016-02-24,89.70,90.00,86.80,87.40,20599
2016-02-25,87.00,87.05,84.15,84.65,12028
2016-02-26,85.55,88.50,82.15,83.15,13780
2016-02-29,81.60,82.90,79.20,80.65,43679
2016-03-01,80.85,86.65,80.85,83.95,56831
2016-03-02,84.60,89.40,83.70,85.10,38958
2016-03-03,86.50,89.00,85.55,88.30,41459
2016-03-04,88.10,90.00,86.50,87.95,75044
2016-03-08,88.45,90.80,85.60,86.80,63050
2016-03-09,86.20,87.75,84.70,87.10,36586
2016-03-10,88.45,89.35,86.65,87.30,25849
2016-03-11,87.95,88.90,86.55,87.60,36099
2016-03-14,87.65,89.85,86.95,89.50,59010
2016-03-15,89.35,89.85,88.00,88.50,52578
2016-03-16,87.70,88.60,86.00,86.90,62692
2016-03-17,87.45,88.80,85.35,85.90,43559
2016-03-18,85.30,88.70,85.30,87.00,67512
2016-03-21,86.50,90.90,86.50,89.20,132763
2016-03-22,89.55,93.80,89.15,90.15,89516
2016-03-23,90.40,93.00,89.15,91.40,98282
2016-03-28,92.50,92.50,88.20,88.85,65788
2016-03-29,89.30,94.35,87.00,91.60,120245
2016-03-30,92.00,94.00,92.00,92.95,36161
2016-03-31,92.55,93.95,90.95,91.50,31666
2016-04-01,92.10,93.75,90.50,92.70,21435
2016-04-04,93.10,94.40,92.00,92.80,20237
2016-04-05,93.00,93.95,91.20,92.45,21552
2016-04-06,92.25,97.95,92.00,97.00,145061
2016-04-07,98.25,99.30,94.85,95.35,74169
2016-04-08,95.70,105.70,95.45,102.65,231519
2016-04-11,104.75,110.00,103.40,108.85,255932
2016-04-12,109.95,116.55,108.00,113.65,447117
2016-04-13,114.65,114.65,109.50,110.20,111243
2016-04-18,111.45,118.00,109.60,117.00,169133
2016-04-20,117.00,118.75,115.00,117.65,81657
2016-04-21,117.65,117.65,112.00,113.40,69791
2016-04-22,113.40,116.35,110.30,115.05,73671
2016-04-25,115.05,117.00,110.20,116.05,109202
2016-04-26,115.50,120.00,115.00,119.25,129397
2016-04-27,120.00,122.85,116.30,119.20,113748
2016-04-28,117.00,119.75,116.00,116.45,51563
2016-04-29,116.00,118.35,110.75,114.90,51916
2016-05-02,114.90,116.95,114.15,114.75,30918
2016-05-03,116.00,119.85,114.75,115.80,56525
2016-05-04,115.00,116.70,113.00,113.85,17402
2016-05-05,115.15,115.15,113.00,113.45,12716
2016-05-06,113.05,115.20,111.00,111.85,12568
2016-05-09,113.95,115.40,113.10,114.45,26830
2016-05-10,116.45,116.80,114.90,116.15,27132
2016-05-11,115.00,115.85,113.30,114.85,14718
2016-05-12,114.80,115.55,114.25,114.65,9740
2016-05-13,115.95,116.10,112.90,113.80,10460
2016-05-16,113.05,115.50,112.00,114.50,8562
2016-05-17,113.90,123.90,113.35,123.05,225989
2016-05-18,122.65,122.65,115.05,117.80,343732
2016-05-19,119.00,121.45,115.50,116.15,123091
2016-05-20,114.70,116.45,111.90,113.15,92832
2016-05-23,116.05,120.50,114.00,114.80,79644
2016-05-24,113.20,115.00,112.00,113.00,37749
2016-05-25,114.00,116.50,112.90,113.50,47682
2016-05-26,114.50,114.50,111.75,112.70,24297
2016-05-27,113.30,116.95,111.25,113.45,54747
2016-05-30,110.10,116.25,110.10,115.05,61611
2016-05-31,114.90,119.20,114.20,116.80,71925
2016-06-01,116.35,119.40,116.00,118.30,53439
2016-06-02,119.65,119.65,115.60,116.35,76637
2016-06-03,114.70,117.05,112.80,113.70,52879
2016-06-06,114.35,117.40,111.45,114.40,44345
2016-06-07,114.85,125.50,114.00,122.45,272173
2016-06-08,123.80,125.00,121.35,121.80,91661
2016-06-09,121.15,123.20,119.00,120.25,67654
2016-06-10,121.25,122.60,118.25,119.40,39629
2016-06-13,118.80,129.55,116.40,126.15,323563
2016-06-14,125.90,127.85,124.00,124.55,84337
2016-06-15,125.35,127.80,122.55,124.55,56283
2016-06-16,125.80,125.80,119.80,122.35,55314
2016-06-17,123.00,123.75,119.00,120.10,32855
2016-06-20,119.00,123.45,118.75,121.20,56349
2016-06-21,121.85,125.00,121.00,123.70,47641
2016-06-22,123.05,123.05,120.10,121.85,36741
2016-06-23,118.70,122.95,118.50,119.55,29057
2016-06-24,114.00,119.90,111.00,116.85,131257
2016-06-27,113.00,121.30,113.00,119.60,40639
2016-06-28,120.45,122.40,119.55,120.45,60838
2016-06-29,121.25,128.00,120.15,123.80,178715
2016-06-30,124.65,125.20,121.00,122.20,57255
2016-07-01,122.95,130.95,121.00,128.40,246885
2016-07-04,129.60,131.65,127.95,129.30,95244
2016-07-05,129.05,131.20,126.55,129.65,90290
2016-07-07,128.25,134.00,128.25,130.45,94911
2016-07-08,130.95,132.00,126.00,129.55,42645
2016-07-11,131.90,133.50,131.00,131.75,45797
2016-07-12,132.00,134.00,129.00,129.60,27983
2016-07-13,130.00,131.00,126.65,130.20,69613
2016-07-14,129.25,129.90,127.35,128.45,21227
2016-07-15,129.00,131.00,127.30,128.30,36242
2016-07-18,128.00,129.00,124.35,125.50,31371
2016-07-19,126.65,128.90,122.80,124.25,47443
2016-07-20,124.80,125.50,122.00,124.25,36293
2016-07-21,123.90,126.70,122.45,123.70,36066
2016-07-22,123.50,125.00,122.25,124.10,30118
2016-07-25,125.15,127.95,124.95,125.30,37292
2016-07-26,126.70,134.70,125.25,128.75,161859
2016-07-27,128.75,131.45,126.05,127.75,47216
2016-07-28,129.15,131.00,127.65,128.00,54014
2016-07-29,128.10,128.95,125.80,126.60,47488
2016-08-01,127.65,128.50,123.90,125.25,42812
2016-08-02,126.00,128.70,122.80,123.65,71506
2016-08-03,123.00,131.00,120.10,126.35,254395
2016-08-04,128.70,133.00,126.95,128.30,253015
2016-08-05,128.45,143.50,128.45,141.80,692149
2016-08-08,142.00,144.90,137.55,141.25,318962
2016-08-09,141.50,141.50,135.00,135.50,115484
2016-08-10,135.00,137.30,130.65,132.75,80621
2016-08-11,133.50,133.95,128.00,129.95,84173
2016-08-12,131.00,138.25,130.05,137.05,131591
2016-08-16,137.30,138.35,132.95,135.70,62645
2016-08-17,136.40,137.35,133.50,135.60,41781
2016-08-18,136.00,139.00,134.60,136.10,69045
2016-08-19,135.55,138.80,135.55,136.25,48751
2016-08-22,136.25,137.45,135.00,135.65,38299
2016-08-23,135.05,138.85,133.60,135.00,49119
2016-08-24,135.00,162.00,135.00,162.00,1157288
2016-08-25,165.80,171.90,159.35,162.95,1105288
2016-08-26,163.75,164.30,158.60,159.80,165203
2016-08-29,158.00,168.45,157.35,164.75,311145
2016-08-30,164.90,182.00,164.85,177.05,743946
2016-08-31,177.40,181.40,172.50,175.15,189252
2016-09-01,174.00,179.70,170.10,174.45,250747
2016-09-02,174.70,178.40,169.80,170.90,145997
2016-09-06,171.40,173.30,164.25,166.90,165329
2016-09-07,168.00,172.50,167.00,167.95,135371
2016-09-08,168.25,170.00,166.55,168.85,72769
2016-09-09,171.65,171.65,165.30,166.25,52881
2016-09-12,163.50,164.80,160.10,161.00,53611
2016-09-14,163.00,168.80,160.10,166.10,81612
2016-09-15,167.15,180.60,166.00,177.60,415254
2016-09-16,179.00,185.95,173.65,175.35,261592
2016-09-19,176.70,177.95,173.00,174.25,53195
2016-09-20,173.50,178.80,170.80,171.75,68724
2016-09-21,172.95,175.75,171.15,172.15,55408
2016-09-22,174.75,180.00,173.60,178.20,156232
2016-09-23,177.40,184.00,175.05,178.10,186832
2016-09-26,178.05,182.70,173.50,174.40,92492
2016-09-27,175.60,178.15,171.10,172.25,45090
2016-09-28,173.25,175.05,172.00,173.00,24706
2016-09-29,174.45,176.00,159.35,164.15,80950
2016-09-30,163.95,168.05,160.15,164.40,178702
2016-10-03,166.00,181.85,166.00,179.95,267701
2016-10-04,180.00,192.35,176.55,190.35,607687
2016-10-05,191.70,193.00,182.30,184.00,213000
2016-10-06,185.80,187.00,178.00,180.75,79330
2016-10-07,179.30,181.80,178.70,179.50,30882
2016-10-10,180.85,182.90,178.10,179.05,62970
2016-10-13,179.00,183.50,175.10,181.05,91832
2016-10-14,185.40,217.25,185.00,217.25,3217442
2016-10-17,219.40,229.25,208.10,220.10,1693685
2016-10-18,221.80,246.00,220.50,242.50,1821583
2016-10-19,242.00,286.10,235.10,282.10,2958395
2016-10-20,281.95,288.30,270.35,273.00,669223
2016-10-21,273.90,285.80,265.60,268.85,512254
2016-10-24,270.55,271.40,256.50,257.70,282294
2016-10-25,259.00,265.00,250.00,251.85,219915
2016-10-26,250.50,264.80,246.25,253.65,451842
2016-10-27,252.80,254.90,243.15,248.85,202661
2016-10-28,248.00,258.00,245.00,250.00,161393
2016-11-01,257.95,260.05,246.90,249.40,75328
2016-11-02,246.95,258.50,239.50,242.60,141867
2016-11-03,243.00,249.30,238.05,239.50,119421
2016-11-04,244.00,244.00,225.00,228.95,178969
2016-11-07,234.70,247.40,232.10,239.80,155251
2016-11-08,242.00,246.40,236.10,238.45,118910
2016-11-09,202.60,233.55,196.70,225.05,291926
2016-11-10,230.40,245.00,226.00,242.35,175478
2016-11-11,237.90,239.90,222.55,226.55,105780
2016-11-15,226.55,226.55,196.35,199.05,142746
2016-11-16,203.90,216.00,185.50,209.85,1177824
2016-11-17,209.00,214.85,187.00,189.70,466929
2016-11-18,192.40,192.40,175.00,175.95,547273
2016-11-21,178.00,184.40,165.40,168.75,288196
2016-11-22,170.50,187.00,163.05,184.35,501992
2016-11-23,184.10,189.70,180.50,187.00,215548
2016-11-24,187.90,188.70,180.10,181.55,150971
2016-11-25,182.40,192.00,182.40,189.95,236445
2016-11-28,186.75,196.40,186.00,191.85,183102
2016-11-29,192.95,218.55,192.95,211.20,772797
2016-11-30,213.40,219.30,207.00,210.15,335134
2016-12-01,211.90,212.25,205.00,206.00,114303
2016-12-02,202.75,207.80,193.90,194.80,139131
2016-12-05,198.55,204.70,193.60,201.15,194173
2016-12-06,202.30,208.95,200.80,204.85,260376
2016-12-07,206.50,206.60,197.85,199.00,66265
2016-12-08,200.80,208.00,200.80,206.15,215378
2016-12-09,206.00,210.30,204.05,205.55,72978
2016-12-12,205.00,207.00,201.00,202.55,73423
2016-12-13,203.00,206.10,200.20,201.50,77627
2016-12-14,202.70,204.60,195.50,196.45,87801
2016-12-15,196.00,202.00,193.80,195.30,128209
2016-12-16,196.20,197.50,189.50,191.00,128306
2016-12-19,191.95,201.60,190.55,196.30,174324
2016-12-20,194.00,206.90,194.00,198.85,394642
2016-12-21,199.90,205.75,198.00,199.95,147442
2016-12-22,199.35,199.40,190.10,190.70,81311
2016-12-23,191.00,194.70,189.00,190.70,51093
2016-12-26,188.05,189.95,182.80,183.40,90462
2016-12-27,183.05,189.70,183.05,186.30,91640
2016-12-28,184.10,193.95,184.10,189.10,98229
2016-12-29,188.30,192.90,188.05,190.10,47807
2016-12-30,191.95,198.20,191.95,194.05,94596
2017-01-02,194.05,214.30,194.05,208.90,498643
2017-01-03,209.00,210.75,205.00,207.20,339378
2017-01-04,208.00,210.00,200.50,203.05,180668
2017-01-05,204.65,213.60,203.65,208.80,289690
2017-01-06,209.70,210.45,204.10,205.20,115727
2017-01-09,205.00,207.00,202.45,202.95,88535
2017-01-10,204.45,211.60,203.00,208.15,270711
2017-01-11,207.60,216.50,207.60,209.05,442098
2017-01-12,212.00,213.80,205.00,205.50,159626
2017-01-13,206.65,208.35,203.15,204.20,54552
2017-01-16,205.45,207.50,202.05,202.95,88686
2017-01-17,204.40,206.45,202.50,203.20,85000
2017-01-18,203.75,206.20,198.35,200.20,120397
2017-01-19,201.00,202.20,196.50,197.85,69736
2017-01-20,197.85,198.75,190.25,191.00,91750
2017-01-23,192.05,194.00,191.00,191.65,56636
2017-01-24,193.20,199.45,192.35,198.35,156472
2017-01-25,199.00,206.95,198.60,201.30,201549
2017-01-27,202.00,206.50,202.00,203.30,128735
2017-01-30,202.25,205.90,199.10,199.65,63098
2017-01-31,199.80,207.90,196.10,203.35,227940
2017-02-01,201.25,215.30,200.85,213.55,379332
2017-02-02,213.50,229.30,211.65,224.45,841617
2017-02-03,226.45,230.20,224.40,226.35,201392
2017-02-06,228.45,234.45,227.05,232.70,276539
2017-02-07,229.25,237.60,221.00,222.20,357999
2017-02-08,231.90,231.90,210.05,211.30,572827
2017-02-09,212.50,214.85,206.00,207.90,177434
2017-02-10,208.75,213.95,208.05,209.85,132234
2017-02-13,210.75,214.00,209.75,211.05,111060
2017-02-14,210.00,212.05,206.30,207.10,51944
2017-02-15,208.40,208.40,197.80,198.75,111857
2017-02-16,197.50,205.10,196.55,203.55,117220
2017-02-17,205.00,205.00,200.10,201.20,35462
2017-02-20,202.90,208.90,202.05,206.15,68154
2017-02-21,206.65,208.50,204.75,206.10,63639
2017-02-22,206.80,214.20,206.00,210.25,170681
2017-02-23,211.60,216.70,209.15,210.75,116438
2017-02-27,208.30,213.65,208.30,212.30,70960
2017-02-28,211.95,213.00,208.30,209.90,68052
2017-03-01,210.80,219.00,210.80,214.60,162343
2017-03-02,216.55,218.70,210.00,210.75,111100
2017-03-03,210.50,212.70,206.70,207.55,78204
2017-03-06,208.80,209.90,205.80,208.05,76567
2017-03-07,209.65,211.00,204.65,205.75,90146
2017-03-08,205.05,206.95,203.15,204.30,59826
2017-03-09,203.90,206.00,197.00,197.90,87356
2017-03-10,199.90,204.25,198.20,200.70,116688
2017-03-14,204.10,207.00,198.45,200.05,61338
2017-03-15,200.15,213.25,200.15,210.10,280799
2017-03-16,210.50,215.75,210.50,211.95,187360
2017-03-17,211.50,213.80,206.90,208.75,67407
2017-03-20,210.70,215.20,209.00,211.70,116787
2017-03-21,213.35,214.70,209.50,210.00,168019
2017-03-22,208.00,213.35,207.95,211.65,104565
2017-03-23,211.20,220.80,210.50,219.40,330676
2017-03-24,221.65,229.85,221.60,226.10,495251
2017-03-27,226.10,227.80,217.25,221.70,97025
2017-03-28,223.70,225.85,217.30,219.15,83405
2017-03-29,219.60,225.00,216.10,223.25,126043
2017-03-30,224.60,234.00,224.60,232.70,248777
2017-03-31,232.70,241.90,230.50,239.20,302733
2017-04-03,241.30,245.15,235.35,237.80,164412
2017-04-05,238.70,246.10,238.50,243.75,189135
2017-04-06,242.60,253.20,238.10,250.20,229507
2017-04-07,248.75,253.25,244.05,245.10,127537
2017-04-10,245.10,253.70,244.35,245.40,110007
2017-04-11,245.95,248.50,242.40,244.05,91765
2017-04-12,243.00,244.00,235.50,237.60,128133
2017-04-13,239.00,239.00,234.55,235.50,87226
2017-04-17,235.50,238.80,229.10,230.85,157653
2017-04-18,230.10,235.00,224.50,225.30,110653
2017-04-19,225.20,229.80,220.65,222.00,81335
2017-04-20,223.65,233.45,220.85,231.00,136902
2017-04-21,232.00,232.95,224.20,225.45,51860
2017-04-24,227.25,229.80,223.50,224.50,101499
2017-04-25,225.85,226.80,222.00,224.05,143832
2017-04-26,224.90,226.95,217.95,220.00,108451
2017-04-27,221.00,222.10,218.65,219.85,93987
2017-04-28,221.30,224.00,219.15,221.60,100418
2017-05-02,221.80,223.95,212.40,217.50,131187
2017-05-03,218.95,221.50,216.20,217.40,67822
2017-05-04,218.30,227.00,216.85,222.35,298038
2017-05-05,223.25,223.30,213.80,214.45,90177
2017-05-08,214.50,223.05,213.60,221.05,119207
2017-05-09,222.25,222.30,219.05,220.85,63907
2017-05-10,221.30,232.60,220.00,230.30,184327
2017-05-11,230.50,252.75,230.00,248.20,835702
2017-05-12,250.40,251.00,243.05,248.35,380870
2017-05-15,250.00,257.95,249.70,252.70,374128
2017-05-16,254.00,254.75,242.15,243.80,151493
2017-05-17,240.70,253.50,240.70,250.15,182480
2017-05-18,244.00,257.20,243.00,244.55,232413
2017-05-19,246.50,255.55,240.05,248.45,220108
2017-05-22,249.00,250.90,234.50,236.80,111449
2017-05-23,236.00,237.35,224.00,227.75,116863
2017-05-24,228.20,236.00,221.55,226.60,119985
2017-05-25,229.35,234.05,226.60,233.20,55181
2017-05-26,235.35,242.30,233.10,236.95,68769
2017-05-29,239.30,239.35,228.15,229.45,89970
2017-05-30,228.10,229.70,223.10,224.20,89364
2017-05-31,226.00,247.20,224.25,241.65,382503
2017-06-01,240.70,249.20,237.00,244.00,223416
2017-06-02,245.05,246.45,239.10,240.50,71835
2017-06-05,242.45,246.00,240.05,241.20,71191
2017-06-06,241.05,243.00,236.00,239.20,56954
2017-06-07,237.10,240.85,237.00,237.45,38308
2017-06-08,239.00,239.35,233.15,235.55,99518
2017-06-09,234.35,237.40,230.25,232.25,82855
2017-06-12,232.70,236.00,228.20,232.55,97637
2017-06-13,231.00,238.90,231.00,232.60,65912
2017-06-14,232.55,235.60,230.05,231.85,45369
2017-06-15,232.35,245.00,229.15,240.50,93588
2017-06-16,242.40,253.80,240.00,246.30,192599
2017-06-19,246.90,248.70,238.05,238.85,147126
2017-06-20,239.80,267.85,238.95,256.70,1741861
2017-06-21,259.30,261.90,249.00,251.55,404920
2017-06-22,252.50,254.70,240.10,245.85,198685
2017-06-23,246.80,247.20,238.05,238.90,159439
2017-06-27,240.10,244.00,233.25,235.10,77596
2017-06-28,234.85,238.30,231.15,234.70,82826
2017-06-29,235.70,243.90,235.65,239.15,235754
2017-06-30,237.50,239.80,235.50,237.00,98486
2017-07-03,238.95,248.00,238.00,245.90,162398
2017-07-04,244.85,247.45,239.15,240.00,115097
2017-07-05,239.45,246.25,237.00,242.85,156220
2017-07-06,243.35,251.95,242.05,246.25,287257
2017-07-07,245.00,247.70,242.55,244.45,115390
2017-07-10,243.00,245.45,231.00,241.55,35001
2017-07-11,243.90,248.90,240.10,241.05,130589
2017-07-12,243.70,245.00,240.00,241.00,53350
2017-07-13,241.90,247.70,237.10,238.30,209780
2017-07-14,240.00,242.70,236.05,241.55,188526
2017-07-17,242.50,244.05,237.10,237.90,81074
2017-07-18,236.50,243.90,235.60,236.25,58039
2017-07-19,236.95,242.80,236.95,239.05,81729
2017-07-20,239.50,245.00,236.80,242.15,205745
2017-07-21,243.50,249.00,236.10,246.00,253972
2017-07-24,245.95,248.40,239.85,242.25,144663
2017-07-25,242.90,245.80,240.05,241.30,85852
2017-07-26,241.70,242.40,238.00,238.65,66634
2017-07-27,239.60,241.80,232.95,235.00,126829
2017-07-28,234.00,236.00,231.85,234.45,68978
2017-07-31,237.40,238.95,231.05,232.00,58999
2017-08-01,233.75,237.00,226.60,227.85,102906
2017-08-02,227.75,233.20,227.00,229.70,82268
2017-08-03,234.00,234.00,219.30,222.10,173960
2017-08-04,220.25,228.00,217.85,222.55,134287
2017-08-07,224.00,232.00,223.00,225.85,94842
2017-08-08,226.60,238.90,224.75,237.75,395894
2017-08-09,236.85,244.25,233.00,240.45,296688
2017-08-10,242.80,242.85,228.00,232.55,154603
2017-08-11,218.50,231.45,218.50,227.65,128485
2017-08-14,230.00,237.60,228.55,232.85,147954
2017-08-16,234.80,238.95,231.45,232.00,79999
2017-08-17,233.65,237.50,231.25,232.80,59721
2017-08-18,230.00,231.50,225.00,227.50,78913
2017-08-21,228.85,236.00,228.50,230.45,131580
2017-08-22,231.85,239.55,228.00,236.70,118105
2017-08-23,240.00,242.95,237.25,239.85,86152
2017-08-24,239.80,246.80,237.30,243.50,160159
2017-08-28,245.50,266.30,244.25,264.45,752638
2017-08-29,260.15,264.45,253.35,255.05,200621
2017-08-30,258.55,274.75,256.70,271.95,630311
2017-08-31,272.05,276.00,266.30,271.95,189616
2017-09-01,273.90,276.50,269.30,271.50,163255
2017-09-04,270.25,272.50,260.00,264.75,77683
2017-09-05,265.50,287.00,262.75,284.40,462221
2017-09-06,280.60,291.60,280.60,283.50,277539
2017-09-07,284.95,291.00,280.85,285.00,202055
2017-09-08,285.85,287.90,275.00,277.40,138495
2017-09-11,276.25,280.20,265.30,266.55,177210
2017-09-12,269.40,270.90,261.60,262.50,150720
2017-09-13,263.85,275.95,261.25,263.55,313029
2017-09-14,265.40,267.20,260.00,261.90,55184
2017-09-15,257.05,269.90,251.90,263.40,315942
2017-09-18,273.90,276.50,265.00,271.40,118341
2017-09-19,274.60,274.90,265.05,265.75,80519
2017-09-20,269.00,269.00,258.70,259.90,80326
2017-09-21,261.75,266.10,254.60,261.35,77796
2017-09-22,260.00,260.00,246.20,247.70,150767
2017-09-25,245.00,247.00,234.00,237.45,154644
2017-09-26,239.70,249.95,238.05,244.00,107979
2017-09-27,246.40,253.80,235.60,237.30,139526
2017-09-28,239.30,243.70,232.70,239.30,164319
2017-09-29,242.65,251.00,240.20,245.75,138514
2017-10-03,249.95,249.95,242.15,243.70,86439
2017-10-04,245.60,253.80,243.05,252.10,142671
2017-10-05,251.35,265.65,248.35,261.60,255886
2017-10-06,263.40,272.60,262.05,266.30,177058
2017-10-09,268.65,279.80,266.50,277.20,320782
2017-10-10,277.95,279.80,269.40,270.95,137446
2017-10-11,273.00,274.90,257.60,265.35,140449
2017-10-12,267.70,278.00,263.35,270.40,149524
2017-10-13,271.55,274.40,265.50,267.20,116769
2017-10-16,269.55,297.15,267.65,292.00,1059251
2017-10-17,294.20,304.70,290.00,292.80,686543
2017-10-18,292.80,306.30,288.50,302.90,590174
2017-10-19,304.75,305.00,294.30,298.25,133811
2017-10-23,300.80,304.50,290.30,293.35,191946
2017-10-24,294.80,317.05,293.75,305.70,597657
2017-10-25,310.00,313.75,300.10,307.10,238290
2017-10-26,308.80,313.60,306.00,308.75,164647
2017-10-27,309.15,310.45,299.50,300.25,102394
2017-10-30,302.90,309.00,301.70,303.50,107255
2017-10-31,304.50,306.00,298.35,298.90,98371
2017-11-01,300.55,312.00,300.00,302.65,194647
2017-11-02,305.60,308.90,301.20,302.40,136439
2017-11-03,304.00,308.60,291.35,294.25,182770
2017-11-06,295.00,297.35,290.10,292.00,100906
2017-11-07,293.25,294.95,282.05,285.70,144699
2017-11-08,286.85,288.35,272.20,277.90,120818
2017-11-09,280.30,285.90,272.55,278.05,71607
2017-11-10,279.90,290.80,278.05,282.00,118668
2017-11-13,282.00,285.30,276.00,278.85,96483
2017-11-14,277.00,284.00,276.30,280.90,55263
2017-11-15,278.05,280.40,271.50,272.85,54932
2017-11-16,274.05,277.95,272.35,276.00,69826
2017-11-17,282.40,294.00,281.10,285.20,162673
2017-11-20,286.90,294.00,285.10,293.25,121416
2017-11-21,294.75,296.65,282.25,284.00,85619
2017-11-22,284.50,291.20,282.00,284.90,84003
2017-11-23,287.00,287.10,278.05,280.15,76554
2017-11-24,281.00,283.50,278.55,279.55,56353
2017-11-27,281.70,282.20,275.10,278.40,85090
2017-11-28,278.00,289.00,275.50,280.10,145120
2017-11-29,280.65,288.00,280.65,283.70,101241
2017-11-30,282.10,283.40,279.35,280.30,71142
2017-12-01,281.50,282.35,275.50,276.45,40250
2017-12-04,276.45,283.00,274.05,277.55,67638
2017-12-05,276.00,279.75,274.15,277.25,41209
2017-12-06,275.90,278.75,274.50,274.60,51191
2017-12-07,276.50,278.00,272.25,274.50,81554
2017-12-08,272.75,289.00,272.75,281.00,217541
2017-12-11,281.15,285.90,277.55,278.25,68876
2017-12-12,274.00,283.00,274.00,279.60,100216
2017-12-13,279.00,284.60,276.05,276.90,75267
2017-12-14,277.00,279.75,271.10,271.95,74597
2017-12-15,275.00,277.90,272.15,273.70,67698
2017-12-18,274.00,275.95,261.05,268.95,70409
2017-12-19,269.00,279.80,269.00,275.00,91115
2017-12-20,276.80,301.95,274.00,291.25,390180
2017-12-21,294.00,304.95,291.00,293.80,354148
2017-12-22,293.80,298.00,284.35,288.20,165459
2017-12-26,289.90,300.00,289.85,293.75,259922
2017-12-27,294.15,294.50,285.00,286.95,111762
2017-12-28,287.60,290.85,284.35,285.00,90082
2017-12-29,287.00,294.80,285.70,290.50,167783
2018-01-01,298.00,302.95,291.00,293.15,154091
2018-01-02,295.80,295.90,282.50,283.90,118047
2018-01-03,286.20,293.50,286.20,290.45,116730
2018-01-04,292.90,303.00,287.00,291.55,328103
2018-01-05,293.70,301.95,293.50,297.30,167059
2018-01-08,308.00,309.25,302.30,305.05,202303
2018-01-09,305.00,308.80,294.00,295.40,153249
2018-01-10,295.30,298.95,287.85,288.95,228901
2018-01-11,289.70,294.80,288.15,290.25,136382
2018-01-12,291.05,298.00,287.00,296.15,110372
2018-01-15,296.15,324.00,294.15,319.80,1042926
2018-01-16,322.60,325.70,301.50,309.05,667056
2018-01-17,310.35,315.05,296.30,310.80,209753
2018-01-18,313.10,317.25,298.85,301.15,167940
2018-01-19,303.00,311.00,299.00,304.70,161988
2018-01-22,304.00,308.95,303.15,305.10,75416
2018-01-23,307.50,308.70,299.50,302.25,79572
2018-01-24,301.00,304.00,296.00,298.45,87262
2018-01-25,302.75,307.75,297.00,298.00,145979
2018-01-29,298.00,301.00,289.65,291.15,103672
2018-01-30,292.70,297.95,285.30,294.05,87497
2018-01-31,294.00,297.00,289.00,291.55,82730
2018-02-01,292.80,298.30,286.35,295.00,77069
2018-02-02,285.00,292.00,273.00,275.20,157066
2018-02-05,256.00,284.60,256.00,281.35,94632
2018-02-06,260.90,280.00,258.00,268.60,200845
2018-02-07,281.70,281.75,257.60,258.95,191367
2018-02-08,262.00,269.80,260.35,263.65,266379
2018-02-09,256.00,260.45,251.80,253.00,298882
2018-02-12,255.80,262.00,255.80,259.25,148325
2018-02-14,261.95,273.00,255.50,268.25,172594
2018-02-15,269.90,269.90,259.10,259.95,66645
2018-02-16,262.50,262.50,255.10,257.55,54938
2018-02-19,261.00,261.00,249.00,250.80,81174
2018-02-20,251.60,254.00,246.00,247.30,38062
2018-02-21,248.20,251.00,243.30,245.30,73189
2018-02-22,245.00,250.00,241.50,246.30,67481
2018-02-23,250.00,257.90,245.55,256.75,108390
2018-02-26,261.35,263.00,252.15,258.15,80930
2018-02-27,263.50,263.50,250.50,252.65,86520
2018-02-28,251.70,257.00,249.25,256.20,59357
2018-03-01,257.05,262.50,252.05,252.90,101847
2018-03-05,252.00,256.70,249.90,251.45,82461
2018-03-06,258.00,258.00,248.00,251.00,57225
2018-03-07,251.00,251.00,240.50,243.65,121268
2018-03-08,247.85,248.45,239.45,242.65,68937
2018-03-09,247.80,247.90,237.20,242.95,88718
2018-03-12,247.85,248.45,242.60,244.15,70520
2018-03-13,243.00,253.00,242.25,251.15,90606
2018-03-14,250.00,252.80,247.25,251.00,80600
2018-03-15,254.90,254.90,247.60,253.50,93291
2018-03-16,250.55,254.00,245.60,247.50,102809
2018-03-19,248.05,253.15,232.20,234.15,106780
2018-03-20,237.00,238.00,228.70,235.15,139532
2018-03-21,240.00,242.00,232.25,238.05,78664
2018-03-22,239.95,241.80,233.20,234.75,128525
2018-03-23,230.00,235.95,228.00,230.25,128172
2018-03-26,229.60,234.00,227.30,230.55,129068
2018-03-27,232.95,240.00,231.30,236.70,129947
2018-03-28,238.00,238.00,228.00,229.95,94988
2018-04-02,228.00,247.60,228.00,244.70,124844
2018-04-03,244.70,248.00,240.10,242.05,29414
2018-04-04,244.50,248.45,236.75,239.75,51932
2018-04-05,243.10,262.50,243.00,259.35,225136
2018-04-06,260.00,260.10,252.90,255.50,33981
2018-04-09,255.60,266.00,255.60,264.00,86447
2018-04-10,265.00,280.80,259.15,274.75,360949
2018-04-11,275.00,276.85,267.45,270.45,73820
2018-04-12,269.50,276.65,268.70,272.90,83221
2018-04-13,273.95,279.35,269.20,271.65,78397
2018-04-16,271.65,279.80,269.25,276.85,91898
2018-04-17,280.70,285.50,273.65,275.70,282814
2018-04-18,276.50,278.15,270.70,271.80,49439
2018-04-19,271.25,277.80,271.25,272.90,39752
2018-04-20,273.80,276.70,270.60,274.35,59812
2018-04-23,274.00,277.90,271.50,273.05,63915
2018-04-24,274.00,276.40,270.70,272.55,44181
2018-04-25,273.40,274.95,269.00,271.15,34750
2018-04-26,271.60,275.00,269.60,270.55,54325
2018-04-27,270.55,281.40,268.25,271.65,153248
2018-04-30,272.55,278.30,269.25,270.70,98050
2018-05-02,272.80,272.80,260.55,261.75,74075
2018-05-03,261.75,263.80,256.25,260.60,78094
2018-05-04,260.30,268.40,259.00,266.90,73677
2018-05-07,267.70,274.30,262.00,271.40,110813
2018-05-08,273.50,273.50,263.00,265.15,28560
2018-05-09,265.90,268.85,262.85,263.20,39859
2018-05-10,263.00,265.75,256.20,257.75,40846
2018-05-11,259.00,263.80,256.20,262.75,27216
2018-05-14,261.50,261.50,253.85,255.60,55082
2018-05-15,254.00,259.50,242.20,247.65,61773
2018-05-16,248.00,254.35,241.55,242.90,48160
2018-05-17,244.00,245.75,241.95,243.10,29103
2018-05-18,242.80,248.80,228.85,234.95,81725
2018-05-21,241.55,244.95,232.00,236.85,52331
2018-05-22,239.95,239.95,234.95,235.70,31994
2018-05-23,236.75,237.80,231.10,231.60,26054
2018-05-24,232.05,235.95,230.05,231.10,34410
2018-05-25,235.15,254.00,230.85,251.25,133673
2018-05-28,251.00,257.00,247.10,255.25,51633
2018-05-29,255.00,263.00,249.10,253.85,109044
2018-05-30,252.55,255.25,248.40,249.80,33999
2018-05-31,250.00,258.95,250.00,257.10,93931
2018-06-01,257.00,264.80,252.70,254.65,68814
2018-06-04,258.25,259.00,254.50,255.90,233842
2018-06-05,257.00,257.40,232.65,241.80,126001
2018-06-06,241.00,251.00,239.95,247.35,53577
2018-06-07,247.50,256.80,247.50,253.70,61610
2018-06-08,262.20,262.20,253.10,254.20,48704
2018-06-11,251.00,266.00,251.00,257.25,51810
2018-06-12,257.40,261.90,256.00,257.30,57485
2018-06-13,258.20,261.00,257.00,257.90,41265
2018-06-14,258.65,258.65,253.00,254.10,12819
2018-06-15,254.55,257.90,246.00,248.40,68739
2018-06-18,242.50,248.00,242.50,246.20,23956
2018-06-19,246.00,246.85,237.15,239.95,36359
2018-06-20,242.95,245.00,236.50,239.75,31605
2018-06-21,239.95,243.25,233.05,235.15,27058
2018-06-22,235.40,238.50,234.10,235.55,24709
2018-06-25,235.45,243.95,234.05,235.95,40579
2018-06-26,237.00,237.00,229.25,231.55,22303
2018-06-27,231.35,233.90,212.00,219.85,115478
2018-06-28,220.10,223.00,216.20,217.15,22243
2018-06-29,217.55,227.80,217.55,224.70,92833
2018-07-02,225.00,226.75,217.50,220.65,129637
2018-07-03,219.00,224.40,219.00,222.35,46456
2018-07-04,222.35,223.95,220.75,223.20,39934
2018-07-05,223.25,224.00,219.50,223.50,27416
2018-07-06,223.50,233.00,223.25,229.40,58345
2018-07-09,232.00,240.05,231.35,234.90,49531
2018-07-10,235.15,237.10,233.00,234.35,18633
2018-07-11,232.90,238.55,230.00,234.70,49667
2018-07-12,237.00,237.55,224.70,225.65,47539
2018-07-13,225.65,227.00,222.00,224.75,21896
2018-07-16,222.65,224.00,216.00,217.00,26254
2018-07-17,215.40,222.00,215.40,221.55,32100
2018-07-18,222.15,223.80,215.80,217.20,16657
2018-07-19,219.40,219.40,212.25,212.65,28485
2018-07-20,212.30,215.20,206.80,211.30,45553
2018-07-23,213.50,220.20,211.30,218.15,36030
2018-07-24,218.00,232.00,218.00,227.20,60480
2018-07-25,230.00,231.30,225.00,227.00,31225
2018-07-26,232.00,232.80,224.75,225.60,48578
2018-07-27,225.25,234.00,225.25,231.35,33866
2018-07-30,232.80,246.00,232.05,245.25,96205
2018-07-31,247.25,251.60,243.40,246.30,76315
2018-08-01,246.00,249.75,241.95,243.25,40122
2018-08-02,242.05,257.00,242.00,251.80,357022
2018-08-03,260.00,260.80,250.50,252.55,276922
2018-08-06,251.25,256.50,249.45,250.55,67230
2018-08-07,251.95,254.60,246.00,246.90,57713
2018-08-08,246.90,249.00,243.00,248.00,35667
2018-08-09,248.00,250.85,243.10,246.10,27401
2018-08-10,245.60,246.75,241.00,242.10,28899
2018-08-13,240.00,241.00,230.35,236.75,52176
2018-08-14,234.20,239.00,233.00,235.35,28748
2018-08-16,235.00,241.15,232.65,234.30,25495
2018-08-17,235.90,249.90,235.90,245.40,94391
2018-08-20,248.80,248.80,240.00,241.35,46607
2018-08-21,240.00,243.95,239.00,241.30,45302
2018-08-23,242.40,242.40,236.40,237.30,27047
2018-08-24,236.40,239.00,234.00,235.15,21438
2018-08-27,236.70,240.90,235.15,237.15,61778
2018-08-28,237.15,251.00,236.20,246.90,123848
2018-08-29,249.35,256.00,242.35,244.85,56067
2018-08-30,242.30,251.05,242.30,249.60,45250
2018-08-31,249.95,255.00,247.00,247.85,35133
2018-09-03,249.00,254.95,244.10,245.55,40147
2018-09-04,245.55,245.75,230.35,233.65,36445
2018-09-05,231.00,238.30,231.00,235.70,28151
2018-09-06,236.90,243.00,236.90,240.35,50085
2018-09-07,240.95,240.95,233.95,235.25,19127
2018-09-10,236.40,236.45,228.75,230.00,27234
2018-09-11,230.00,238.00,230.00,236.70,47305
2018-09-12,236.70,237.80,231.60,233.15,12163
2018-09-14,237.30,237.30,225.35,228.75,30412
2018-09-17,227.40,233.25,226.00,231.80,40994
2018-09-18,231.80,234.80,225.95,226.45,40592
2018-09-19,226.10,229.10,220.25,220.95,28675
2018-09-21,223.45,223.60,204.25,207.10,164314
2018-09-24,212.25,216.95,198.30,199.90,64270
2018-09-25,199.75,205.00,190.90,201.00,55308
2018-09-26,201.50,209.60,201.50,206.90,38952
2018-09-27,207.15,209.95,203.80,204.95,36787
2018-09-28,204.05,210.80,189.00,197.95,47093
2018-10-01,196.10,200.00,190.00,194.45,27689
2018-10-03,195.25,197.60,190.30,192.65,38029
2018-10-04,191.10,196.95,188.00,193.50,35866
2018-10-05,193.50,193.50,185.00,188.05,30384
2018-10-08,187.10,188.00,176.15,181.40,39364
2018-10-09,181.50,181.50,172.10,178.55,50602
2018-10-10,176.25,189.70,176.25,184.95,48117
2018-10-11,182.00,185.00,176.60,179.15,58249
2018-10-12,180.60,187.85,180.60,186.95,23117
2018-10-15,186.95,186.95,181.05,185.80,29833
2018-10-16,185.65,197.00,185.65,194.25,29442
2018-10-17,196.20,199.65,189.10,191.45,23231
2018-10-19,192.45,192.45,186.00,188.15,25750
2018-10-22,193.95,193.95,188.15,190.55,32154
2018-10-23,186.75,191.60,186.75,191.00,33716
2018-10-24,192.10,192.15,186.40,188.85,14059
2018-10-25,187.90,189.90,182.70,184.35,17279
2018-10-26,184.65,188.95,183.20,185.40,13425
2018-10-29,185.65,189.50,179.55,184.30,23006
2018-10-30,186.95,190.00,185.30,188.90,15709
2018-10-31,190.00,195.00,185.35,188.65,120931
2018-11-01,189.90,189.90,183.00,183.55,39801
2018-11-02,185.25,194.90,183.95,185.10,40339
2018-11-05,189.00,191.20,186.30,189.25,25617
2018-11-06,188.05,194.00,187.10,190.50,42636
2018-11-07,191.95,192.25,189.00,191.35,10036
2018-11-09,190.85,216.40,190.85,211.60,169457
2018-11-12,212.00,224.50,211.80,220.90,113050
2018-11-13,218.50,224.75,218.25,220.80,69560
2018-11-14,222.05,222.60,213.00,214.45,32342
2018-11-15,213.55,226.00,208.95,224.15,85759
2018-11-16,225.85,229.00,219.00,220.85,27278
2018-11-19,220.70,228.00,215.25,219.70,69257
2018-11-20,220.00,226.50,217.50,221.40,44992
2018-11-21,222.40,225.05,218.00,223.05,73895
2018-11-22,226.95,229.00,223.50,227.35,71211
2018-11-26,226.45,227.80,224.30,225.05,18618
2018-11-27,225.00,226.00,221.05,225.05,60800
2018-11-28,225.65,225.65,219.75,222.35,19693
2018-11-29,222.25,225.95,219.65,224.75,114370
2018-11-30,224.05,224.50,215.05,219.00,18835
2018-12-03,219.10,221.85,216.05,220.10,16817
2018-12-04,220.00,221.25,216.00,220.95,27686
2018-12-05,219.75,221.30,215.00,215.50,12863
2018-12-06,215.50,216.90,212.30,215.40,32226
2018-12-07,215.00,216.80,213.00,213.80,4776
2018-12-10,211.00,213.75,206.50,211.75,21360
2018-12-11,207.55,225.10,206.00,223.55,60287
2018-12-12,222.05,226.70,218.00,219.50,23333
2018-12-13,219.50,225.50,219.25,220.25,23738
2018-12-14,221.05,225.00,215.85,223.85,63049
2018-12-17,223.25,226.95,220.55,223.15,44502
2018-12-18,224.65,224.65,214.10,216.45,34621
2018-12-19,216.90,225.05,216.45,222.75,58357
2018-12-20,222.30,223.25,217.60,218.50,10836
2018-12-21,219.05,220.25,215.00,219.90,26633
2018-12-24,218.05,226.40,216.05,218.95,30117
2018-12-26,216.15,224.35,215.70,218.20,23114
2018-12-27,220.15,220.90,217.00,217.90,8585
2018-12-28,218.15,223.00,218.10,222.10,21911
2018-12-31,222.30,223.95,219.55,222.10,21005
2019-01-01,222.15,225.50,221.55,224.20,27984
2019-01-02,224.40,241.00,224.30,232.65,196769
2019-01-03,234.25,241.00,225.00,232.65,66816
2019-01-04,231.95,235.85,225.50,226.85,36606
2019-01-07,227.00,233.95,226.50,227.20,33545
2019-01-08,225.30,229.95,221.95,224.05,27748
2019-01-09,224.80,224.80,219.00,220.55,13771
2019-01-10,221.25,227.00,219.65,226.00,113966
2019-01-11,227.75,227.75,221.00,222.60,10724
2019-01-14,221.05,226.00,221.00,224.80,12723
2019-01-15,226.55,226.60,220.50,222.55,21212
2019-01-16,222.55,223.30,219.00,220.00,8122
2019-01-17,220.60,222.55,218.00,220.60,6362
2019-01-18,219.65,220.30,215.00,215.70,13864
2019-01-21,215.60,218.30,211.20,211.95,15537
2019-01-22,212.20,213.00,207.25,209.15,11179
2019-01-23,208.25,216.90,206.90,214.00,31119
2019-01-24,213.25,225.00,212.50,216.80,39288
2019-01-25,218.05,218.05,208.55,210.35,10655
2019-01-28,218.90,218.90,205.00,206.20,50020
2019-01-29,206.00,207.20,200.35,202.10,22783
2019-01-30,200.00,200.95,191.80,194.05,27626
2019-01-31,194.15,203.35,194.15,199.85,24109
2019-02-01,200.05,205.05,196.00,198.00,48862
2019-02-04,199.00,202.95,189.25,191.25,39917
2019-02-05,190.00,191.55,180.35,183.80,43508
2019-02-06,184.75,189.00,173.50,187.60,49137
2019-02-07,187.85,192.50,185.05,191.20,16124
2019-02-08,190.00,191.40,187.00,188.75,7390
2019-02-11,190.00,190.00,178.80,181.85,24008
2019-02-12,181.00,190.45,181.00,185.90,19759
2019-02-13,187.05,188.25,182.90,184.90,13927
2019-02-14,184.55,187.00,181.25,186.55,8855
2019-02-15,186.75,187.70,183.00,183.70,16097
2019-02-18,187.00,188.90,180.20,187.20,15069
2019-02-19,186.25,186.95,177.25,180.45,14560
2019-02-20,180.45,184.20,178.30,182.05,10872
2019-02-21,182.80,187.50,182.50,184.80,21710
2019-02-22,185.20,187.00,182.90,185.15,27596
2019-02-25,186.95,192.00,186.00,191.05,17205
2019-02-26,189.00,196.40,185.05,194.35,36536
2019-02-27,195.00,202.05,191.00,194.60,67325
2019-02-28,196.80,196.80,190.20,191.70,19389
2019-03-01,193.15,193.90,191.65,192.90,37888
2019-03-05,193.95,201.85,193.95,198.65,70985
2019-03-06,200.60,207.55,199.00,206.50,72414
2019-03-07,206.90,208.50,203.25,204.15,37810
2019-03-08,204.25,208.65,201.35,205.75,117929
2019-03-11,204.95,207.75,202.25,206.40,32458
2019-03-12,208.15,209.85,205.00,206.05,30404
2019-03-13,206.05,215.65,204.05,211.30,112425
2019-03-14,211.05,216.00,209.00,209.45,31176
2019-03-15,210.50,214.80,209.80,210.35,77763
2019-03-18,211.00,212.25,205.30,207.45,26651
2019-03-19,207.75,207.75,205.50,205.90,12327
2019-03-20,205.10,211.45,204.60,205.90,30473
2019-03-22,205.00,210.50,204.00,206.50,38453
2019-03-25,205.65,206.50,203.95,204.80,26148
2019-03-26,204.55,207.70,201.50,202.85,25235
2019-03-27,203.85,207.50,203.50,205.10,62218
2019-03-28,205.05,207.00,202.75,206.35,18871
2019-03-29,207.25,214.00,206.70,213.05,56204
2019-04-01,214.90,216.90,211.50,213.85,49946
2019-04-02,214.05,214.55,209.95,210.60,11014
2019-04-03,211.00,214.80,210.00,211.20,27333
2019-04-04,212.50,216.70,204.75,206.55,67192
2019-04-05,208.00,209.85,205.50,208.15,21019
2019-04-08,209.65,211.15,208.00,209.55,12992
2019-04-09,209.10,212.60,206.80,211.00,14443
2019-04-10,210.00,213.65,209.30,209.95,14427
2019-04-11,209.00,210.50,203.00,204.35,11130
2019-04-12,205.90,206.90,202.95,204.10,18781
2019-04-15,205.40,212.00,205.40,210.40,38809
2019-04-16,212.50,218.65,210.35,213.85,68174
2019-04-18,213.00,218.00,210.75,213.45,47535
2019-04-22,212.90,217.00,211.10,211.60,30469
2019-04-23,211.75,215.00,210.50,210.85,8644
2019-04-24,211.00,212.40,210.50,211.75,21107
2019-04-25,210.50,213.50,208.50,209.65,18743
2019-04-26,215.00,216.00,208.55,210.60,26852
2019-04-30,210.60,215.95,205.45,207.95,44517
2019-05-02,208.45,213.70,206.75,207.30,16649
2019-05-03,207.50,209.45,205.10,205.65,11121
2019-05-06,204.00,208.65,203.10,204.90,13306
2019-05-07,205.10,209.90,205.00,205.25,29353
2019-05-08,205.05,213.75,195.95,198.65,49018
2019-05-09,198.70,203.00,198.00,202.20,15552
2019-05-10,202.70,203.80,199.50,199.65,9223
2019-05-13,199.00,202.15,192.80,193.90,19143
2019-05-14,192.00,198.45,192.00,195.75,9467
2019-05-15,195.70,200.15,195.30,196.20,14925
2019-05-16,196.50,197.80,194.75,195.50,4031
2019-05-17,195.55,200.50,193.15,199.60,17287
2019-05-20,202.40,207.40,201.75,202.50,21457
2019-05-21,201.00,208.75,201.00,202.00,16465
2019-05-22,202.15,206.00,200.00,204.50,35621
2019-05-23,210.00,212.00,203.00,204.20,120690
2019-05-24,204.00,209.00,202.55,206.45,52944
2019-05-27,207.90,208.90,203.20,207.25,54756
2019-05-28,207.40,219.75,207.40,213.85,111579
2019-05-29,216.50,218.00,210.55,210.95,33137
2019-05-30,212.45,214.60,207.50,208.35,28057
2019-05-31,209.80,212.00,203.10,204.95,45609
2019-06-03,206.50,207.40,202.45,203.95,27118
2019-06-04,204.00,206.50,202.25,205.05,45854
2019-06-06,204.60,204.70,200.95,202.60,18795
2019-06-07,203.35,204.40,198.30,202.15,20858
2019-06-10,203.90,204.05,201.30,203.15,35437
2019-06-11,202.80,203.95,201.00,202.05,18172
2019-06-12,202.85,204.65,201.95,202.75,16693
2019-06-13,201.05,205.00,201.05,204.35,57969
2019-06-14,202.55,207.30,202.55,204.00,28398
2019-06-17,203.65,206.00,201.50,202.80,150063
2019-06-18,202.70,206.20,199.00,204.60,45511
2019-06-19,203.70,206.00,203.00,204.15,24465
2019-06-20,203.90,211.00,200.75,208.20,45677
2019-06-21,208.20,209.00,205.80,206.30,4687
2019-06-24,206.00,209.95,203.10,205.20,36008
2019-06-25,204.80,206.15,202.50,202.85,8633
2019-06-26,201.55,207.85,201.50,202.00,16885
2019-06-27,201.20,205.05,195.40,197.65,13311
2019-06-28,197.95,199.60,195.50,196.45,19276
2019-07-01,196.70,199.80,195.00,198.60,25899
2019-07-02,195.80,203.00,195.80,197.70,9517
2019-07-03,199.60,202.00,197.15,199.35,16821
2019-07-04,198.50,199.45,194.10,194.95,32037
2019-07-05,192.00,196.90,192.00,194.85,21575
2019-07-08,194.30,208.40,190.00,194.20,60264
2019-07-09,194.00,197.45,190.00,192.30,12564
2019-07-10,191.10,194.90,189.85,190.50,16447
2019-07-11,191.00,194.00,189.95,193.45,18877
2019-07-12,193.25,194.95,187.00,191.40,12093
2019-07-15,190.00,196.30,190.00,191.10,24208
2019-07-16,191.55,192.50,187.00,191.45,27518
2019-07-17,190.00,191.80,187.25,188.20,28497
2019-07-18,188.00,189.00,180.90,181.70,16323
2019-07-19,181.70,182.00,175.55,179.05,23645
2019-07-22,175.50,180.00,173.60,174.20,27571
2019-07-23,173.00,175.75,170.00,173.80,21297
2019-07-24,171.10,173.45,169.30,171.60,5714
2019-07-25,168.00,178.15,167.00,174.85,15028
2019-07-26,172.75,175.00,171.55,172.35,6515
2019-07-29,172.10,174.05,168.30,171.55,177723
2019-07-30,170.35,172.75,160.00,168.65,36953
2019-07-31,166.45,169.00,165.75,167.20,15979
2019-08-01,166.00,171.95,161.00,168.90,44333
2019-08-02,166.80,170.80,164.00,166.15,12274
2019-08-05,167.20,169.00,162.05,164.70,9964
2019-08-06,163.00,168.00,160.50,162.25,22549
2019-08-07,161.15,165.10,161.15,164.55,15346
2019-08-08,166.00,170.95,162.50,165.85,10911
2019-08-09,165.00,179.00,165.00,177.50,26794
2019-08-13,179.00,181.00,177.15,179.15,7676
2019-08-14,179.00,179.85,174.15,177.65,1703
2019-08-16,176.05,180.95,174.95,176.95,17482
2019-08-19,177.90,178.05,172.90,175.00,8202
2019-08-20,174.00,178.00,172.00,174.60,7322
2019-08-21,174.80,177.80,170.70,173.15,14177
2019-08-22,173.05,175.00,166.30,167.60,10482
2019-08-23,166.40,169.45,161.25,168.70,19881
2019-08-26,169.10,174.70,167.30,169.45,7319
2019-08-27,168.60,172.00,165.25,169.50,15843
2019-08-28,168.80,170.20,163.80,164.45,9939
2019-08-29,163.65,164.80,162.35,163.80,4041
2019-08-30,163.85,170.90,163.35,169.60,30462
2019-09-03,169.60,170.70,165.10,169.65,6925
2019-09-04,169.05,170.80,166.00,168.25,19247
2019-09-05,170.00,170.15,166.50,167.05,8720
2019-09-06,166.55,171.45,166.30,169.85,12026
2019-09-09,170.05,179.70,169.50,177.80,50859
2019-09-11,180.95,185.00,176.75,184.60,51948
2019-09-12,185.90,187.75,182.65,184.95,29414
2019-09-13,184.90,184.90,182.00,183.45,16264
2019-09-16,184.00,184.00,178.00,179.70,16791
2019-09-17,180.85,180.85,174.50,176.85,11398
2019-09-18,176.65,181.00,174.10,179.45,45252
2019-09-19,179.75,181.25,177.00,180.00,45924
2019-09-20,179.75,187.75,178.30,183.05,46820
2019-09-23,189.90,197.75,186.00,193.10,74579
2019-09-24,192.95,195.00,188.05,189.65,22914
2019-09-25,189.00,193.00,184.25,185.80,36074
2019-09-26,185.05,189.90,184.05,186.90,21498
2019-09-27,190.95,191.95,183.30,186.35,20412
2019-09-30,184.60,187.70,182.25,183.15,24719
2019-10-01,183.05,184.45,181.75,183.05,5952
2019-10-03,183.05,184.65,177.60,178.70,8365
2019-10-04,181.00,181.25,177.00,178.65,8134
2019-10-07,177.00,181.95,175.10,177.90,22884
2019-10-09,176.25,181.00,176.15,177.85,34642
2019-10-10,182.00,182.00,175.25,175.95,15428
2019-10-11,177.05,177.05,170.00,171.85,14650
2019-10-14,171.75,171.75,166.95,169.30,20137
2019-10-15,166.10,171.00,166.10,170.00,44635
2019-10-16,176.00,176.00,167.20,168.30,13236
2019-10-17,167.05,174.90,166.15,173.25,19099
2019-10-18,173.00,176.00,170.05,174.95,24933
2019-10-22,170.30,183.40,170.30,179.85,26255
2019-10-23,184.00,184.00,175.80,181.40,25321
2019-10-24,183.95,183.95,177.40,180.40,18297
2019-10-25,180.75,184.20,177.00,177.80,33036
2019-10-29,178.00,182.50,177.50,180.05,32458
2019-10-30,182.65,196.30,178.65,186.80,69587
2019-10-31,189.85,191.90,180.75,183.10,126415
2019-11-01,188.40,188.40,182.25,184.45,82609
2019-11-04,185.75,194.80,183.05,193.65,63531
2019-11-05,193.00,195.00,189.50,191.90,33765
2019-11-06,188.80,193.20,187.25,188.90,25430
2019-11-07,191.00,196.00,186.25,189.60,33712
2019-11-08,189.50,190.80,187.25,187.80,13495
2019-11-11,187.80,189.10,186.25,188.00,29280
2019-11-13,193.00,195.25,186.00,193.50,60743
2019-11-14,193.50,195.85,190.50,193.70,52787
2019-11-15,196.95,198.00,190.50,191.45,51196
2019-11-18,191.25,191.45,188.50,188.70,8459
2019-11-19,189.35,196.05,189.30,190.30,46680
2019-11-20,190.40,195.80,189.00,190.85,37815
2019-11-21,190.00,195.00,189.95,190.45,27276
2019-11-22,190.00,192.50,186.75,187.65,19569
2019-11-25,188.75,195.55,188.50,192.20,44008
2019-11-26,194.70,194.70,189.00,189.10,19097
2019-11-27,185.20,193.95,185.20,191.20,28361
2019-11-28,192.95,193.00,189.00,190.25,43490
2019-11-29,191.15,192.50,189.10,190.55,31196
2019-12-02,190.05,191.75,189.40,190.00,18911
2019-12-03,189.70,190.30,187.40,188.00,12729
2019-12-04,194.40,194.40,186.95,188.25,16414
2019-12-05,192.80,192.80,181.30,182.50,17542
2019-12-06,184.00,186.20,181.00,183.20,30590
2019-12-09,181.00,188.00,181.00,186.50,20697
2019-12-10,187.45,187.45,184.25,185.95,21222
2019-12-11,188.40,189.45,184.90,186.35,26266
2019-12-12,190.00,190.00,185.00,186.00,62332
2019-12-13,185.00,187.05,185.00,185.35,10614
2019-12-16,189.90,189.90,183.00,184.25,12330
2019-12-17,183.05,185.45,180.80,181.60,11172
2019-12-18,183.00,185.65,178.50,180.30,12716
2019-12-19,179.05,181.70,178.10,178.20,8328
2019-12-20,182.80,182.85,177.05,179.75,5046
2019-12-23,179.00,189.25,179.00,184.85,21884
2019-12-24,184.85,186.90,179.75,183.25,23110
2019-12-26,188.40,188.45,182.30,184.35,11155
2019-12-27,184.35,187.95,181.25,183.30,23958
2019-12-30,186.95,191.90,184.00,187.00,35177
2019-12-31,186.75,192.00,186.10,190.85,46519
2020-01-01,191.05,191.10,187.50,189.10,9830
2020-01-02,188.05,196.00,188.05,193.50,79551
2020-01-03,194.00,196.00,192.55,194.15,27681
2020-01-06,189.90,194.95,187.55,190.40,16934
2020-01-07,193.90,193.95,191.00,192.10,23082
2020-01-08,191.80,195.50,190.00,191.60,43862
2020-01-09,192.80,197.05,192.30,195.40,47456
2020-01-10,194.35,209.00,194.35,202.90,126034
2020-01-13,207.30,209.75,203.00,208.15,66212
2020-01-14,211.00,213.75,208.75,210.30,48587
2020-01-15,212.00,212.10,204.80,205.60,19998
2020-01-16,209.00,210.25,204.55,205.05,68990
2020-01-17,206.05,208.90,202.00,203.85,13589
2020-01-20,204.90,209.75,204.85,206.40,40354
2020-01-21,205.75,206.55,202.10,202.65,36355
2020-01-22,204.75,210.00,196.25,201.05,88134
2020-01-23,201.00,207.80,198.00,205.10,32806
2020-01-24,204.00,208.75,202.75,204.45,39770
2020-01-27,205.05,207.85,203.25,203.95,28141
2020-01-28,206.80,206.80,201.25,204.50,43724
2020-01-29,202.55,208.75,197.00,198.05,18316
2020-01-30,195.50,195.60,185.05,189.05,43584
2020-01-31,189.05,189.05,186.25,187.10,16291
2020-02-01,186.35,194.20,181.70,183.05,41333
2020-02-03,185.00,187.85,180.25,181.85,11882
2020-02-04,171.95,186.90,171.95,184.30,25856
2020-02-05,184.05,190.30,183.00,185.30,43411
2020-02-06,185.10,189.80,182.00,183.60,18769
2020-02-07,184.10,189.90,182.15,188.60,44280
2020-02-10,187.25,187.25,182.50,183.45,7928
2020-02-11,184.10,184.65,182.25,183.90,9172
2020-02-12,183.55,183.95,178.15,179.45,8678
2020-02-13,178.00,179.95,173.70,176.85,88161
2020-02-14,173.40,177.20,173.40,175.80,17119
2020-02-17,174.60,179.90,172.80,173.80,22349
2020-02-18,173.00,179.00,171.05,176.85,50626
2020-02-19,179.90,183.90,176.05,183.10,33267
2020-02-20,183.05,187.35,177.45,182.85,20698
2020-02-24,181.00,192.45,181.00,186.40,60609
2020-02-25,186.35,189.00,182.80,183.45,10695
2020-02-26,181.50,188.95,181.00,182.40,25472
2020-02-27,182.35,183.05,176.10,177.80,15536
2020-02-28,176.00,176.00,169.55,171.35,16424
2020-03-02,180.80,180.80,162.50,165.85,11910
2020-03-03,174.00,177.45,161.00,163.65,27984
2020-03-04,164.15,170.40,158.00,168.65,118799
2020-03-05,171.20,171.20,162.30,164.65,19605
2020-03-06,162.00,166.90,155.00,160.80,120746
2020-03-09,165.50,165.50,152.10,160.50,58115
2020-03-11,161.50,165.90,158.30,164.70,22134
2020-03-12,152.55,158.00,152.55,155.05,38095
2020-03-13,141.00,160.00,127.95,158.85,42341
2020-03-16,158.85,158.85,147.25,149.80,26082
2020-03-17,149.35,149.35,138.00,140.75,24958
2020-03-18,139.00,141.20,119.80,121.05,52254
2020-03-19,120.85,128.00,112.10,122.95,65330
2020-03-20,129.85,147.50,120.45,141.80,48383
2020-03-23,121.00,157.75,113.45,131.75,56478
2020-03-24,129.90,130.00,112.25,114.25,10988
2020-03-25,110.00,129.95,110.00,127.25,17340
2020-03-26,122.00,127.90,115.05,121.25,15140
2020-03-27,124.95,125.95,119.95,120.70,10435
2020-03-30,121.45,122.00,110.25,114.90,16250
2020-03-31,120.05,122.05,111.25,114.20,13058
2020-04-01,116.90,116.90,113.35,115.65,6902
2020-04-03,113.35,119.70,111.25,116.20,3833
2020-04-07,119.75,123.00,117.00,120.50,16557
2020-04-08,124.90,124.90,112.85,116.60,49515
2020-04-09,121.85,131.00,117.20,128.80,51396
2020-04-13,130.70,145.00,118.30,137.60,230168
2020-04-15,137.05,159.00,130.40,151.10,576532
2020-04-16,154.65,154.65,144.00,145.15,45220
2020-04-17,149.90,149.90,138.05,142.35,48814
2020-04-20,142.35,144.95,135.00,136.90,32551
2020-04-21,136.00,143.00,131.25,135.65,20214
2020-04-22,132.35,135.20,130.55,131.65,33757
2020-04-23,131.50,137.90,130.05,131.45,28242
2020-04-24,133.90,133.90,129.65,130.40,22034
2020-04-27,134.40,139.95,129.25,132.30,37858
2020-04-28,132.30,139.80,132.25,133.05,24460
2020-04-29,134.75,135.45,129.90,130.55,33682
2020-04-30,131.95,134.55,130.25,131.20,21876
2020-05-04,129.00,129.00,122.30,123.95,33720
2020-05-05,125.05,126.40,121.25,122.05,13123
2020-05-06,121.50,121.55,117.00,117.70,26452
2020-05-07,118.10,119.65,116.75,117.10,25746
2020-05-08,119.85,127.00,116.10,121.85,113580
2020-05-11,123.05,125.75,118.30,120.40,389706
2020-05-12,118.80,119.80,112.65,113.50,85391
2020-05-13,119.00,119.00,114.35,117.85,83604
2020-05-14,115.05,117.85,114.10,114.55,52143
2020-05-15,116.00,117.00,111.80,112.85,36096
2020-05-18,114.00,114.00,107.10,108.10,36979
2020-05-19,110.00,111.45,104.60,105.55,50652
2020-05-20,105.50,108.50,104.85,105.80,87587
2020-05-21,107.30,114.75,106.20,110.70,43004
2020-05-22,110.15,112.80,107.05,108.50,18246
2020-05-26,111.50,118.15,108.45,114.60,176281
2020-05-27,115.10,117.90,110.95,116.00,71351
2020-05-28,117.50,118.50,115.00,117.20,33855
2020-05-29,118.75,126.90,116.25,119.85,74724
2020-06-01,124.50,127.00,122.00,122.75,35943
2020-06-02,122.80,125.95,120.25,121.50,25286
2020-06-03,123.30,124.90,120.30,122.15,67274
2020-06-04,124.95,126.90,122.65,124.30,32279
2020-06-05,126.00,135.45,124.65,134.00,124249
2020-06-08,134.75,142.50,134.75,139.25,68638
2020-06-09,141.05,141.30,134.25,135.15,57517
2020-06-10,137.95,144.40,135.05,142.60,99258
2020-06-11,144.80,147.75,139.00,142.05,64180
2020-06-12,135.00,145.35,135.00,142.10,65027
2020-06-15,142.75,149.00,142.10,146.15,76338
2020-06-16,148.05,154.40,144.40,148.60,121033
2020-06-17,151.50,152.80,148.00,149.95,46125
2020-06-18,148.30,156.60,148.30,155.65,81804
2020-06-19,157.70,186.75,157.00,174.80,963676
2020-06-22,174.90,176.75,167.00,168.85,136566
2020-06-23,171.10,174.95,171.10,172.60,72623
2020-06-24,174.70,174.70,165.00,165.70,43961
2020-06-25,164.00,164.00,157.75,160.00,46137
2020-06-26,163.65,163.65,156.00,157.00,53868
2020-06-29,157.00,157.00,151.65,154.05,32380
2020-06-30,156.70,162.50,152.95,157.60,57741
2020-07-01,159.40,160.50,155.95,156.70,27681
2020-07-02,159.70,159.70,146.25,152.15,46402
2020-07-03,155.55,155.55,153.00,153.35,25622
2020-07-06,154.05,163.20,153.60,157.55,83837
2020-07-07,159.40,172.75,159.05,168.90,141674
2020-07-08,172.40,176.90,165.25,170.70,143889
2020-07-09,173.90,176.90,167.90,175.65,137466
2020-07-10,175.20,181.90,174.50,177.75,205961
2020-07-13,182.90,184.45,176.20,182.00,165779
2020-07-14,182.10,194.80,182.10,184.05,1339415
2020-07-15,187.50,188.65,182.80,184.30,124352
2020-07-16,184.30,186.95,177.10,178.60,53301
2020-07-17,178.30,183.70,176.00,176.80,88469
2020-07-20,175.80,179.95,172.50,175.65,49865
2020-07-21,175.65,196.00,175.10,187.45,1089720
2020-07-22,188.50,188.50,182.25,183.20,96455
2020-07-23,183.50,185.90,178.00,178.95,61584
2020-07-24,178.00,184.50,178.00,179.20,43039
2020-07-27,180.00,180.00,170.95,172.15,59616
2020-07-28,171.70,176.10,171.50,174.45,332704
2020-07-29,175.60,175.60,171.00,172.15,35576
2020-07-30,172.95,173.75,171.00,171.65,26147
2020-07-31,170.90,172.00,169.60,170.25,30556
2020-08-03,170.90,172.30,167.25,170.30,37913
2020-08-04,172.50,177.75,171.85,175.10,62658
2020-08-05,175.10,179.95,173.80,178.35,72656
2020-08-06,180.50,182.95,179.25,181.60,62941
2020-08-07,182.05,189.60,181.00,186.25,143978
2020-08-10,192.00,193.25,182.85,188.95,179545
2020-08-11,191.50,191.95,185.85,189.15,107345
2020-08-12,189.00,189.95,184.00,184.70,30312
2020-08-13,186.60,189.90,182.00,183.10,58680
2020-08-14,184.40,188.85,177.25,179.65,66930
2020-08-17,181.00,184.95,179.65,180.80,51769
2020-08-18,180.80,189.20,180.80,187.30,61478
2020-08-19,185.00,188.60,185.00,186.05,27630
2020-08-20,186.00,189.00,183.95,185.30,40507
2020-08-21,186.00,192.50,186.00,187.45,109351
2020-08-24,188.05,192.00,186.05,186.45,52219
2020-08-25,188.70,189.70,185.00,186.40,41492
2020-08-26,189.00,197.00,186.10,193.90,122129
2020-08-27,200.00,204.30,193.00,194.45,199819
2020-08-28,196.05,199.90,190.00,191.45,54040
2020-08-31,192.45,193.50,166.60,173.95,87745
2020-09-01,174.10,182.70,173.55,179.65,39021
2020-09-02,182.90,191.15,180.40,190.30,177620
2020-09-03,190.95,191.05,187.00,187.60,20715
2020-09-04,184.60,186.00,181.55,185.10,38937
2020-09-07,188.40,192.00,185.00,185.25,40003
2020-09-08,185.10,187.00,184.00,185.15,39119
2020-09-09,184.00,184.00,176.05,176.85,36363
2020-09-10,177.75,182.70,177.30,178.00,33973
2020-09-11,178.80,180.60,174.25,176.80,24351
2020-09-14,178.00,192.90,178.00,190.80,155717
2020-09-15,191.75,194.85,185.75,187.30,28610
2020-09-16,189.70,195.10,185.20,193.75,80203
2020-09-17,193.00,196.00,188.30,189.65,82151
2020-09-18,190.60,195.05,188.00,188.35,112697
2020-09-21,189.30,192.80,184.80,185.20,96476
2020-09-22,186.15,191.50,176.50,180.75,40155
2020-09-23,181.70,184.50,175.55,177.70,21634
2020-09-24,175.00,176.25,171.00,172.05,22882
2020-09-25,173.00,182.00,173.00,179.30,16251
2020-09-28,180.00,184.90,179.60,182.05,21168
2020-09-29,182.05,183.50,175.20,175.80,54971
2020-09-30,176.70,179.50,174.85,176.60,23828
2020-10-01,177.50,183.90,176.20,177.75,65044
2020-10-05,178.65,183.90,177.20,179.95,20184
2020-10-06,180.85,182.30,179.00,179.95,257283
2020-10-07,180.85,182.55,179.25,180.00,25821
2020-10-08,180.75,191.80,180.00,184.10,115682
2020-10-09,184.00,184.50,180.30,183.10,26635
2020-10-12,187.80,187.80,180.00,180.15,22547
2020-10-13,180.00,186.80,180.00,183.30,38037
2020-10-14,184.25,186.45,180.00,180.95,29840
2020-10-15,181.90,183.40,178.15,179.40,19740
2020-10-16,179.10,182.10,177.20,177.75,19405
2020-10-19,185.00,185.40,180.05,184.95,51177
2020-10-20,185.00,185.90,183.20,184.15,22363
2020-10-21,185.90,186.90,181.20,182.65,23765
2020-10-22,183.60,193.00,183.60,189.35,406182
2020-10-23,189.50,192.00,184.00,188.35,69290
2020-10-26,191.60,191.60,186.10,186.95,53254
2020-10-27,186.95,187.90,182.70,185.55,25617
2020-10-28,186.50,187.95,184.40,186.05,44427
2020-10-29,186.00,188.95,184.80,187.15,42488
2020-10-30,191.80,192.00,187.35,189.15,76367
2020-11-02,189.95,191.00,185.00,186.30,32208
2020-11-03,189.90,199.00,186.50,193.00,556290
2020-11-04,193.00,196.70,187.00,188.10,79698
2020-11-05,189.05,194.85,189.05,192.75,130695
2020-11-06,193.00,197.90,190.00,195.45,162760
2020-11-09,199.00,199.00,195.45,197.20,77182
2020-11-10,198.10,198.10,194.05,194.55,50343
2020-11-11,195.55,197.70,195.00,195.10,47919
2020-11-12,196.00,206.50,193.15,203.40,221129
2020-11-13,205.00,208.65,199.80,201.75,96034
2020-11-14,203.70,207.00,203.70,205.65,24988
2020-11-17,206.25,211.00,206.00,209.75,91223
2020-11-18,210.70,213.20,206.90,209.05,77123
2020-11-19,208.90,214.00,207.25,210.20,75620
2020-11-20,211.20,217.85,210.30,212.60,53883
2020-11-23,213.00,214.50,211.95,213.35,51259
2020-11-24,214.40,214.40,212.40,212.60,41553
2020-11-25,213.60,213.60,209.35,211.35,45722
2020-11-26,211.30,212.40,207.25,208.30,54148
2020-11-27,209.30,212.25,208.00,209.10,28711
2020-12-01,210.10,218.50,205.70,213.90,67497
2020-12-02,216.70,217.30,211.00,212.95,52372
2020-12-03,214.05,227.00,212.95,221.75,204189
2020-12-04,224.70,224.75,216.00,217.15,46336
2020-12-07,218.20,224.75,215.10,216.10,32803
2020-12-08,218.65,221.00,214.40,219.35,72476
2020-12-09,218.00,221.05,215.50,216.65,65811
2020-12-10,217.70,221.00,215.50,219.55,40942
2020-12-11,220.95,224.65,219.55,221.80,61552
2020-12-14,221.95,230.00,220.85,227.15,97115
2020-12-15,227.00,230.00,223.00,228.15,45006
2020-12-16,229.30,230.00,223.15,224.40,32214
2020-12-17,225.55,227.40,223.95,224.60,43432
2020-12-18,225.70,229.00,222.05,226.25,80755
2020-12-21,218.90,229.40,207.00,215.25,103769
2020-12-22,216.35,221.50,210.00,218.20,79363
2020-12-23,216.00,224.00,214.65,218.55,34259
2020-12-24,219.65,224.75,219.65,220.10,25669
2020-12-28,221.10,224.00,221.10,222.55,19322
2020-12-29,223.60,225.45,221.65,224.15,82889
2020-12-30,225.20,234.00,222.15,228.00,439364
2020-12-31,229.15,231.75,225.00,225.15,41137
2021-01-01,226.20,232.00,225.10,228.10,61062
2021-01-04,230.00,235.00,227.10,232.70,87258
2021-01-05,230.00,237.80,230.00,235.55,83771
2021-01-06,236.00,238.00,230.10,235.90,69472
2021-01-07,237.10,237.85,230.10,232.85,378248
2021-01-08,236.75,236.75,231.00,232.65,123105
2021-01-11,233.80,239.00,232.30,236.35,91944
2021-01-12,237.00,237.35,233.00,233.15,46698
2021-01-13,233.95,237.40,232.75,236.25,75864
2021-01-14,237.40,237.40,226.95,233.20,49214
2021-01-15,234.30,235.15,231.35,232.60,101775
2021-01-18,233.70,234.95,207.95,216.20,211759
2021-01-19,217.30,219.70,216.65,217.80,35178
2021-01-20,218.80,219.95,215.05,215.30,38495
2021-01-21,216.30,224.00,214.00,216.70,87167
2021-01-22,217.70,219.65,215.45,216.40,40495
2021-01-25,217.50,218.50,216.00,216.25,37056
2021-01-27,217.30,219.25,214.15,218.05,155024
2021-01-28,219.10,224.00,213.45,222.70,58091
2021-01-29,221.00,231.00,221.00,228.60,66251
2021-02-01,231.00,231.00,222.00,226.75,52191
2021-02-02,225.10,233.05,225.10,229.40,76847
2021-02-03,253.00,253.00,235.05,237.90,517674
2021-02-04,237.90,240.00,236.00,237.00,66614
2021-02-05,237.00,239.40,236.90,237.10,55916
2021-02-08,238.30,239.00,236.15,237.00,36674
2021-02-09,234.00,238.60,234.00,237.10,43150
2021-02-10,233.60,239.25,233.60,238.55,50706
2021-02-11,237.50,265.00,237.00,263.50,715104
2021-02-12,266.00,272.90,252.70,255.35,416594
2021-02-15,252.70,260.00,252.70,256.35,102940
2021-02-16,256.00,259.65,248.65,252.85,105933
2021-02-17,254.15,260.95,249.10,252.95,88911
2021-02-18,252.50,257.40,252.50,254.65,57044
2021-02-19,255.90,258.45,250.00,250.15,40619
2021-02-22,251.45,263.50,249.50,250.05,60118
2021-02-23,250.50,254.95,248.25,249.80,55304
2021-02-24,251.05,264.45,250.00,253.50,18947
2021-02-25,254.40,257.00,251.00,253.65,45274
2021-02-26,253.00,255.75,250.55,252.10,38427
2021-03-01,256.60,258.00,251.80,252.70,31363
2021-03-02,254.00,257.80,254.00,255.35,124874
2021-03-03,256.80,258.00,254.00,256.55,72746
2021-03-04,255.50,256.80,250.50,252.65,65677
2021-03-05,252.65,257.55,251.50,256.30,265246
2021-03-08,256.55,261.15,256.00,257.00,74648
2021-03-09,258.20,274.30,258.20,267.85,1319993
2021-03-10,270.00,271.75,259.75,262.20,141837
2021-03-12,268.90,269.10,264.05,265.30,72664
2021-03-15,267.90,269.55,260.00,266.40,188963
2021-03-16,267.75,267.75,260.00,260.15,49842
2021-03-17,261.00,266.40,260.10,262.55,79893
2021-03-18,264.00,266.20,257.00,261.00,347713
2021-03-19,262.35,262.35,227.10,256.40,134513
2021-03-22,260.00,262.25,254.25,257.90,68691
2021-03-23,259.20,261.00,257.00,258.75,38011
2021-03-24,260.00,260.00,258.00,259.15,54079
2021-03-25,255.00,262.00,246.85,251.95,55826
2021-03-26,248.15,256.75,248.15,255.80,224478
2021-03-30,257.10,269.25,256.05,256.25,32531
2021-03-31,257.60,259.90,256.00,256.65,13012
2021-04-01,257.95,261.95,255.80,257.95,42531
2021-04-05,259.30,262.00,240.00,251.70,62586
2021-04-06,255.00,256.75,250.00,255.00,59487
2021-04-07,256.30,259.60,252.70,258.95,56581
2021-04-08,260.00,268.95,258.50,262.20,103137
2021-04-09,263.00,271.90,262.00,264.80,66672
2021-04-12,262.40,269.90,251.00,252.00,60772
2021-04-13,250.25,258.75,249.65,254.85,28952
2021-04-15,262.90,268.80,251.30,253.95,304212
2021-04-16,255.25,258.60,252.60,256.25,38785
2021-04-19,254.95,255.00,246.85,251.60,28269
2021-04-20,252.90,256.15,249.00,251.60,116971
2021-04-22,252.00,252.90,246.90,248.10,51973
2021-04-23,249.35,253.85,247.30,251.75,69601
2021-04-26,251.75,265.00,250.45,259.10,62732
2021-04-27,260.40,261.75,254.05,255.60,85465
2021-04-28,256.90,265.00,256.20,257.60,122610
2021-04-29,258.90,264.80,255.50,262.40,49376
2021-04-30,262.95,286.00,260.00,282.50,560696
2021-05-03,286.45,294.90,275.10,279.10,533603
2021-05-04,280.00,286.10,275.60,284.65,250577
2021-05-05,288.00,289.80,282.00,283.50,155999
2021-05-06,286.10,288.00,283.00,283.75,74816
2021-05-07,284.00,286.00,280.00,280.50,45634
2021-05-10,280.00,285.00,265.35,269.55,152851
2021-05-11,268.00,278.80,268.00,274.60,61820
2021-05-12,277.80,280.15,274.90,277.05,83458
2021-05-14,279.60,281.95,269.40,273.35,56833
2021-05-17,279.00,280.10,275.00,278.25,63168
2021-05-18,284.00,286.50,279.00,280.30,109610
2021-05-19,280.90,302.90,279.90,293.90,794981
2021-05-20,297.80,305.00,291.00,300.50,367959
2021-05-21,302.80,305.00,293.30,297.00,278250
2021-05-24,300.70,305.00,297.10,299.20,196044
2021-05-25,301.00,301.90,280.00,281.50,515237
2021-05-26,284.90,288.00,281.00,282.60,131997
2021-05-27,285.00,287.95,273.00,277.90,204647
2021-05-28,278.60,284.00,270.85,272.00,127340
2021-05-31,274.80,279.00,268.50,269.95,89339
2021-06-01,271.80,273.40,268.00,268.65,68262
2021-06-02,268.55,274.80,268.55,271.50,52109
2021-06-03,273.60,274.75,270.10,271.20,85643
2021-06-04,273.60,273.80,269.00,270.25,73899
2021-06-07,272.50,274.90,269.00,269.95,119938
2021-06-08,271.60,275.35,269.20,269.80,133632
2021-06-09,271.60,273.85,267.15,268.20,107827
2021-06-10,269.80,270.25,265.05,267.10,85642
2021-06-11,268.45,269.90,264.60,265.65,85123
2021-06-14,266.05,269.75,261.05,264.75,84924
2021-06-15,266.00,271.00,266.00,268.40,179894
2021-06-16,270.00,273.00,268.55,269.35,92187
2021-06-17,268.80,268.80,261.60,263.10,161635
2021-06-18,265.00,266.20,253.05,262.05,81221
2021-06-21,264.90,273.00,264.90,268.60,227619
2021-06-22,271.40,275.70,268.00,273.35,191962
2021-06-23,275.50,280.15,266.50,271.35,585999
2021-06-24,271.35,274.00,267.45,268.75,79323
2021-06-25,271.40,283.00,268.00,280.35,340959
2021-06-28,283.95,287.60,275.00,280.30,235191
2021-06-29,281.90,284.50,277.00,277.85,111690
2021-06-30,279.25,281.65,268.10,269.35,153099
2021-07-01,270.85,273.95,270.00,271.30,40051
2021-07-02,271.45,286.60,271.45,280.80,539412
2021-07-05,282.25,282.80,264.00,278.00,111297
2021-07-06,280.00,283.00,274.00,277.70,126474
2021-07-07,276.05,281.60,276.05,277.85,115446
2021-07-08,276.00,283.00,275.10,275.70,85992
2021-07-09,276.50,279.00,270.50,278.10,67289
2021-07-12,286.00,291.00,280.15,287.10,301976
2021-07-13,289.90,295.00,282.50,284.40,249542
2021-07-14,285.00,288.00,283.75,285.10,229174
2021-07-15,286.50,293.90,283.50,291.15,191924
2021-07-16,291.50,292.00,280.55,289.35,162755
2021-07-19,286.00,296.00,283.00,289.90,147838
2021-07-20,290.10,345.00,290.00,327.15,5580462
2021-07-22,339.00,346.70,327.30,335.85,2418462
2021-07-23,333.15,350.95,332.25,346.95,1355180
2021-07-26,350.00,366.65,345.00,360.20,1250548
2021-07-27,365.90,365.90,325.00,343.55,613329
2021-07-28,362.00,363.55,342.10,347.20,826229
2021-07-29,347.20,347.20,337.50,339.25,207053
2021-07-30,340.00,341.25,331.00,334.90,183752
2021-08-02,340.00,342.95,336.45,337.65,179907
2021-08-03,340.00,340.00,330.00,330.70,125709
2021-08-04,335.00,337.95,322.50,325.10,184119
2021-08-05,325.20,327.00,316.25,318.95,188982
2021-08-06,322.00,330.00,319.95,321.80,192879
2021-08-09,324.50,326.50,317.25,318.65,83403
2021-08-10,318.65,321.20,301.50,302.75,209708
2021-08-11,302.05,304.75,276.80,294.15,454385
2021-08-12,295.00,315.50,295.00,313.10,248568
2021-08-13,314.70,316.70,304.50,306.45,91245
2021-08-16,306.50,308.00,300.25,301.70,63085
2021-08-17,301.70,302.00,283.70,291.40,84513
2021-08-18,293.25,299.65,293.00,294.05,69497
2021-08-20,290.00,294.65,285.05,287.20,91349
2021-08-23,292.40,293.70,272.25,274.40,121407
2021-08-24,272.00,298.00,271.05,290.75,114021
2021-08-25,291.40,297.10,285.10,286.85,68125
2021-08-26,286.85,296.05,285.00,288.60,59121
2021-08-27,286.00,296.75,286.00,291.25,69547
2021-08-30,291.50,303.70,291.25,300.35,169835
2021-08-31,300.30,300.30,293.00,294.45,62278
2021-09-01,291.60,300.20,281.00,287.05,146337
2021-09-02,285.30,295.25,285.30,292.35,80720
2021-09-03,292.35,296.40,284.55,287.25,132821
2021-09-06,288.40,290.95,285.70,287.30,66410
2021-09-07,288.75,289.65,282.30,283.45,57739
2021-09-08,283.50,293.65,282.75,289.85,127876
2021-09-09,293.00,305.50,291.40,303.10,204694
2021-09-13,296.25,323.85,296.25,320.45,832044
2021-09-14,323.75,327.50,313.25,317.10,305882
2021-09-15,316.40,323.05,308.00,312.25,214351
2021-09-16,312.40,318.75,308.60,309.85,92233
2021-09-17,313.00,314.95,295.00,301.25,206463
2021-09-20,298.80,302.60,290.10,292.10,107517
2021-09-21,292.00,296.90,286.00,292.90,95701
2021-09-22,294.40,309.40,293.80,305.40,173880
2021-09-23,306.00,334.85,302.10,304.40,135851
2021-09-24,305.95,306.65,292.05,294.85,105619
2021-09-27,297.00,318.00,295.40,305.40,259281
2021-09-28,306.00,307.70,297.20,300.35,69233
2021-09-29,296.00,316.00,296.00,304.40,128447
2021-09-30,305.95,306.90,296.10,297.50,79084
2021-10-01,299.00,306.00,294.00,303.70,111483
2021-10-04,304.65,308.45,299.70,303.95,102591
2021-10-05,305.00,309.95,303.00,305.30,123812
2021-10-06,306.80,311.30,296.00,300.25,127201
2021-10-07,301.80,308.55,300.25,305.20,59893
2021-10-08,306.75,314.00,303.60,306.50,142018
2021-10-11,308.05,310.95,300.10,302.00,134907
2021-10-12,303.55,304.00,298.00,299.15,88266
2021-10-13,299.15,302.20,296.30,296.95,84698
2021-10-14,300.00,305.25,297.50,298.15,170577
2021-10-18,299.95,307.55,298.60,299.25,138145
2021-10-19,300.35,303.70,290.25,294.55,98717
2021-10-20,296.00,296.00,284.05,287.80,91557
2021-10-21,289.25,309.90,286.30,298.55,406298
2021-10-22,300.00,302.00,288.30,289.25,137475
2021-10-25,293.05,293.05,282.25,289.35,156528
2021-10-26,290.25,299.90,290.25,296.25,122022
2021-10-27,295.05,306.00,288.10,289.35,246534
2021-10-28,291.00,292.55,285.00,285.90,116826
2021-10-29,285.00,288.35,279.70,281.85,85402
2021-11-01,283.00,286.00,275.80,276.95,140280
2021-11-02,278.85,285.80,277.05,283.95,98178
2021-11-03,285.85,285.85,277.05,279.25,189492
2021-11-04,281.55,283.00,280.00,281.60,22306
2021-11-08,281.85,283.75,276.55,279.60,117120
2021-11-09,279.60,284.95,279.60,281.55,123437
2021-11-10,281.00,283.05,276.05,277.50,124723
2021-11-11,278.80,279.75,276.00,276.35,42710
2021-11-12,277.70,278.45,275.50,276.70,31285
2021-11-15,275.20,278.10,271.95,273.25,42176
2021-11-16,274.65,278.00,271.00,272.60,51671
2021-11-17,273.60,277.25,273.00,273.35,23488
2021-11-18,273.50,274.00,264.25,267.05,78657
2021-11-22,268.30,268.30,255.00,257.05,274008
2021-11-23,258.35,263.00,251.45,261.45,41710
2021-11-24,262.80,271.00,261.65,266.05,59828
2021-11-25,267.40,267.40,261.55,265.55,21833
2021-11-26,266.80,266.80,255.00,256.00,49201
2021-11-29,251.60,255.35,243.30,247.20,62053
2021-11-30,251.70,256.90,239.00,243.85,51857
2021-12-01,245.00,249.70,240.10,242.40,74266
2021-12-02,243.65,249.00,242.00,247.60,41390
2021-12-03,249.00,258.90,248.10,251.25,55747
2021-12-06,258.00,264.00,250.50,252.35,111254
2021-12-07,254.60,267.15,249.70,262.85,80182
2021-12-08,264.20,264.55,257.00,258.45,43705
2021-12-09,259.75,259.75,253.80,256.05,49964
2021-12-10,257.35,260.65,254.60,259.30,30462
2021-12-13,260.60,264.00,253.60,255.55,83142
2021-12-14,256.45,259.00,254.05,256.65,23167
2021-12-15,257.00,258.00,253.85,256.40,27206
2021-12-16,257.95,257.95,248.00,250.05,49353
2021-12-17,251.35,256.00,241.05,242.60,49759
2021-12-20,237.20,243.85,229.25,236.40,66528
2021-12-21,237.60,247.55,236.55,242.60,46322
2021-12-22,246.25,247.75,240.00,241.60,25791
2021-12-23,246.35,246.35,238.30,241.00,49993
2021-12-24,241.00,246.30,235.60,244.40,51053
2021-12-27,245.60,246.90,239.50,243.75,55022
2021-12-28,246.00,260.00,245.05,258.25,163476
2021-12-29,259.00,260.00,252.00,254.85,85442
2021-12-30,255.00,258.50,250.50,253.90,35370
2021-12-31,251.10,258.45,250.05,250.85,63043
2022-01-03,252.00,273.00,251.00,268.30,294672
2022-01-04,272.30,275.90,267.55,268.25,150561
2022-01-05,268.25,271.50,265.30,267.15,77961
2022-01-06,267.15,267.15,262.05,263.85,38677
2022-01-07,265.20,275.00,260.30,271.45,187975
2022-01-10,272.10,275.30,269.00,271.20,82500
2022-01-11,272.60,275.00,268.00,269.30,134742
2022-01-12,270.65,273.55,267.00,268.90,51640
2022-01-13,271.90,273.20,267.10,268.15,51183
2022-01-14,269.50,272.00,266.55,269.40,68634
2022-01-17,270.75,281.00,270.00,276.30,147124
2022-01-18,278.95,291.00,273.05,279.00,358445
2022-01-19,279.10,283.70,274.00,278.55,95651
2022-01-20,280.00,283.50,277.75,281.45,63649
2022-01-21,280.00,281.00,269.50,271.65,84075
2022-01-24,260.50,261.25,248.10,249.35,263865
2022-01-25,243.35,253.55,241.45,243.80,88643
2022-01-27,244.00,245.95,240.25,243.65,44108
2022-01-28,244.90,251.00,244.00,245.15,37389
2022-01-31,244.55,249.60,244.00,244.80,28077
2022-02-01,246.05,249.25,244.40,247.75,48440
2022-02-02,251.80,259.75,248.90,255.40,89904
2022-02-03,257.95,261.05,253.50,258.45,55626
2022-02-04,259.75,262.35,244.95,248.55,131812
2022-02-07,249.80,257.25,245.05,247.75,50412
2022-02-08,249.00,249.85,241.00,243.55,38295
2022-02-09,244.80,246.90,242.30,244.45,26180
2022-02-10,245.70,247.40,243.80,245.05,21989
2022-02-11,242.00,243.65,235.10,239.00,50582
2022-02-14,235.10,236.40,225.00,226.50,62855
2022-02-15,228.10,237.85,223.30,234.80,54988
2022-02-16,237.30,239.40,234.00,237.95,38408
2022-02-17,239.15,241.55,229.35,231.30,36472
2022-02-18,230.00,253.40,229.40,238.65,451716
2022-02-21,239.85,244.60,225.00,226.95,65794
2022-02-22,215.10,228.85,215.10,221.50,57631
2022-02-23,220.25,229.50,220.25,223.60,48645
2022-02-24,218.10,222.00,205.05,207.00,99091
2022-02-25,210.25,223.10,210.25,217.65,46218
2022-02-28,220.90,224.05,209.65,220.50,43846
2022-03-02,219.95,225.00,217.90,223.05,36290
2022-03-03,224.20,225.00,217.25,218.90,72136
2022-03-04,218.80,219.80,212.00,215.75,53497
2022-03-07,212.50,214.45,205.10,206.85,75188
2022-03-08,209.95,212.35,206.00,209.45,80512
2022-03-09,210.50,218.35,210.50,215.85,37551
2022-03-10,225.00,225.00,213.05,216.10,82179
2022-03-11,216.25,221.10,215.60,219.15,48134
2022-03-14,219.40,221.65,215.80,217.70,50058
2022-03-15,215.55,220.00,215.10,217.05,35938
2022-03-16,220.00,223.15,217.65,221.00,73608
2022-03-17,224.80,227.95,221.90,223.15,50145
2022-03-21,225.00,227.50,220.05,220.65,44922
2022-03-22,222.50,222.50,217.05,220.30,64728
2022-03-23,221.45,222.65,215.90,216.60,73262
2022-03-24,215.05,218.95,215.00,216.30,66066
2022-03-25,216.65,219.85,210.95,212.05,95081
2022-03-28,210.00,212.45,206.65,207.95,226112
2022-03-29,209.00,212.10,200.00,201.10,182665
2022-03-30,203.00,209.00,203.00,207.75,72983
2022-03-31,208.00,219.80,208.00,210.80,120799
2022-04-01,211.85,222.70,211.85,219.65,55878
2022-04-04,228.95,244.70,227.10,234.90,400531
2022-04-05,239.00,240.05,235.60,237.95,110957
2022-04-06,241.00,246.00,236.60,241.20,121608
2022-04-07,244.75,245.60,234.10,237.30,67884
2022-04-08,238.50,246.85,237.30,239.90,84320
2022-04-11,241.00,244.40,239.00,240.00,55138
2022-04-12,240.90,242.35,233.00,235.65,51457
2022-04-13,236.85,239.50,235.00,235.65,35108
2022-04-18,230.00,236.95,229.95,235.95,37239
2022-04-19,237.15,243.00,226.60,234.65,47362
2022-04-20,235.85,237.00,230.00,231.10,55967
2022-04-21,234.50,239.90,233.75,236.65,40030
2022-04-22,233.85,237.25,229.55,232.90,39070
2022-04-25,233.00,233.65,227.20,229.20,22134
2022-04-26,230.35,234.80,228.05,230.35,20444
2022-04-27,230.35,230.35,222.05,227.15,40890
2022-04-28,223.20,228.90,223.20,226.35,23755
2022-04-29,226.45,233.90,218.00,221.50,26875
2022-05-02,222.60,224.00,215.20,217.05,25519
2022-05-04,218.15,223.55,210.20,213.60,42614
2022-05-05,214.70,220.80,210.15,214.05,37120
2022-05-06,209.50,212.90,206.55,211.40,24360
2022-05-09,212.50,212.50,202.65,206.25,41100
2022-05-10,206.25,215.90,199.00,200.65,49842
2022-05-11,201.70,201.70,190.00,192.85,63770
2022-05-12,192.00,192.75,184.30,187.70,33108
2022-05-13,188.70,197.45,188.70,191.45,35327
2022-05-16,192.45,197.60,189.00,191.45,28863
2022-05-17,192.45,198.75,191.55,197.60,30595
2022-05-18,198.55,202.75,196.90,199.15,30474
2022-05-19,193.00,197.30,191.05,192.20,32350
2022-05-20,195.10,196.80,192.00,194.00,21166
2022-05-23,196.85,199.90,194.45,196.05,53781
2022-05-24,195.00,196.45,190.95,192.60,20981
2022-05-25,192.45,194.20,185.15,186.75,19159
2022-05-26,187.70,193.00,180.65,190.50,66912
2022-05-27,191.00,192.65,187.65,190.15,15570
2022-05-30,191.15,196.30,190.55,194.05,25183
2022-05-31,194.50,198.00,193.15,195.70,19365
2022-06-01,196.60,197.75,193.40,195.75,22060
2022-06-02,195.75,198.40,192.95,196.40,28424
2022-06-03,197.10,199.40,193.00,194.70,166903
2022-06-06,195.70,195.70,189.40,191.20,24974
2022-06-07,191.20,204.50,188.00,202.90,520899
2022-06-08,203.95,206.00,193.10,196.70,102237
2022-06-09,198.90,198.90,190.40,192.20,41681
2022-06-10,189.90,192.60,188.20,190.10,27745
2022-06-13,185.05,189.40,183.05,184.30,28928
2022-06-14,183.00,184.55,180.00,180.75,35310
2022-06-15,181.70,184.75,180.95,182.85,53618
2022-06-16,184.05,187.40,175.25,176.80,43651
2022-06-17,177.70,177.70,170.05,171.30,34539
2022-06-20,171.25,177.70,166.00,167.20,36772
2022-06-21,168.20,177.95,168.20,173.50,38896
2022-06-22,174.40,174.40,171.10,172.10,12358
2022-06-23,173.00,175.00,172.00,174.20,10823
2022-06-24,175.10,177.40,172.90,174.55,33975
2022-06-27,176.25,184.70,176.25,179.35,64026
2022-06-28,180.00,183.80,177.10,182.60,19583
2022-06-29,182.60,182.60,171.00,178.45,18494
2022-06-30,179.40,181.00,172.85,174.55,22138
2022-07-01,174.55,178.55,172.15,177.15,13230
2022-07-04,173.45,181.40,173.45,176.50,26742
2022-07-05,176.60,179.65,174.00,174.60,26019
2022-07-06,173.10,178.00,171.30,176.40,21465
2022-07-07,177.30,182.25,176.25,177.95,40638
2022-07-08,178.85,181.90,174.60,177.80,31643
2022-07-11,178.65,179.80,176.55,177.75,22273
2022-07-12,178.00,179.65,174.15,176.10,36500
2022-07-13,177.05,178.90,169.80,174.50,47893
2022-07-14,175.00,177.95,173.00,173.95,13049
2022-07-15,174.00,176.55,171.00,173.90,20986
2022-07-18,174.00,179.45,173.70,178.45,72540
2022-07-19,176.20,181.50,176.20,178.70,41922
2022-07-20,179.60,181.35,175.70,176.95,108502
2022-07-21,177.00,180.00,177.00,178.90,52532
2022-07-22,179.80,188.00,179.00,185.80,163788
2022-07-25,186.80,192.65,185.35,190.50,74655
2022-07-26,190.90,190.90,184.00,188.50,56844
2022-07-27,188.50,189.50,184.15,184.85,33277
2022-07-28,185.00,190.80,180.15,187.00,312781
2022-07-29,189.00,194.90,188.75,192.35,91870
2022-08-01,193.00,196.95,189.05,193.70,69848
2022-08-02,194.70,194.70,191.50,193.00,29405
2022-08-03,192.65,194.70,188.05,191.20,37986
2022-08-04,192.00,195.80,188.05,190.80,37459
2022-08-05,191.75,193.45,189.00,192.40,27984
2022-08-08,193.40,193.90,191.00,192.05,30107
2022-08-10,190.05,192.80,186.50,188.20,28906
2022-08-11,189.15,191.90,185.05,189.40,31342
2022-08-12,190.35,190.35,186.10,189.55,30518
2022-08-16,189.80,193.25,187.00,190.65,41016
2022-08-17,191.65,191.65,188.55,189.65,54123
2022-08-18,188.65,206.00,188.00,202.40,190309
2022-08-19,202.60,210.90,200.00,201.40,145466
2022-08-22,200.95,208.80,200.00,202.60,75397
2022-08-23,200.60,205.50,200.00,203.75,50153
2022-08-24,203.20,213.60,202.15,211.95,204278
2022-08-25,213.00,216.90,208.65,210.10,111757
2022-08-26,211.20,214.95,209.15,211.15,56863
2022-08-29,205.00,209.65,203.25,204.50,56183
2022-08-30,205.60,217.50,205.60,212.00,81907
2022-09-01,209.80,215.00,209.40,211.95,48766
2022-09-02,215.15,216.05,210.40,211.65,90838
2022-09-05,212.70,215.80,212.70,214.35,30250
2022-09-06,215.00,215.05,206.10,208.85,80566
2022-09-07,208.85,224.00,208.85,218.45,263247
2022-09-08,219.80,221.75,217.30,218.95,65120
2022-09-09,220.05,222.00,213.05,215.60,69827
2022-09-12,216.70,218.00,214.35,215.05,25547
2022-09-13,217.65,218.00,214.00,215.25,101078
2022-09-14,211.00,217.35,211.00,215.75,96890
2022-09-15,216.85,222.00,212.55,216.85,137698
2022-09-16,217.00,217.90,204.35,206.75,83134
2022-09-19,205.05,209.50,203.10,204.80,83142
2022-09-20,206.50,208.40,178.80,204.00,90668
2022-09-21,207.30,207.30,201.60,202.45,55305
2022-09-22,201.90,204.50,191.00,203.10,42821
2022-09-23,204.00,204.00,195.30,196.15,46146
2022-09-26,194.00,196.30,185.40,188.60,65883
2022-09-27,189.55,194.80,186.70,192.15,70346
2022-09-28,193.00,193.15,188.00,190.25,23396
2022-09-29,192.15,194.50,186.75,187.95,32132
2022-09-30,188.10,190.00,187.30,187.80,49907
2022-10-03,188.75,192.40,180.00,183.25,42666
2022-10-04,185.20,188.90,184.40,186.60,53333
2022-10-06,187.55,192.90,185.05,188.05,75286
2022-10-07,188.90,192.80,188.00,191.65,56712
2022-10-10,192.05,194.30,183.80,193.75,68180
2022-10-11,194.75,198.70,190.85,192.85,111401
2022-10-12,190.60,193.15,190.60,191.35,18551
2022-10-13,192.35,192.35,186.10,188.00,21969
2022-10-14,190.00,194.20,185.05,186.55,63354
2022-10-17,187.50,187.50,183.70,186.10,19260
2022-10-18,188.05,192.15,185.85,186.80,27181
2022-10-19,187.00,189.40,185.60,186.30,15651
2022-10-20,187.25,188.95,184.20,186.40,53425
2022-10-21,187.35,190.05,180.95,182.35,52330
2022-10-24,185.10,189.50,185.05,186.80,8768
2022-10-25,187.75,187.75,183.20,184.25,41878
2022-10-27,184.25,186.95,181.20,184.10,46343
2022-10-28,185.05,186.50,179.55,181.95,110352
2022-10-31,182.00,190.00,179.50,184.05,70737
2022-11-01,185.00,185.00,180.80,181.65,32041
2022-11-02,182.60,183.45,180.95,181.55,299176
2022-11-03,182.35,184.00,180.45,181.45,29975
2022-11-04,182.40,183.80,180.45,180.80,40806
2022-11-07,181.75,182.90,177.90,179.75,63080
2022-11-09,180.65,181.40,170.10,173.60,333468
2022-11-10,173.60,174.45,170.00,171.40,61729
2022-11-11,172.30,173.35,169.25,171.15,38711
2022-11-14,170.00,170.70,168.00,168.50,61621
2022-11-15,169.35,171.00,167.30,168.00,65062
2022-11-16,168.50,169.95,167.50,167.70,67490
2022-11-17,168.00,168.50,164.05,165.15,65254
2022-11-18,166.00,167.45,163.00,164.85,65064
2022-11-21,165.70,165.70,163.65,164.60,46213
2022-11-22,165.00,165.00,161.45,163.25,75929
2022-11-23,163.25,164.00,160.15,161.20,76695
2022-11-24,160.05,165.75,160.05,163.45,114291
2022-11-25,164.30,166.90,164.20,164.75,106679
2022-11-28,165.60,167.75,164.40,165.50,86168
2022-11-29,167.15,167.25,164.00,165.05,57682
2022-11-30,167.55,167.55,164.10,165.25,63036
2022-12-01,166.00,169.00,164.70,165.15,148049
2022-12-02,165.15,167.80,164.40,166.55,90325
2022-12-05,169.00,169.35,166.00,167.35,96312
2022-12-06,167.00,168.00,166.05,166.40,48614
2022-12-07,167.00,167.00,165.10,165.25,39319
2022-12-08,165.90,166.50,165.10,165.85,58678
2022-12-09,166.70,167.90,164.05,166.45,159420
2022-12-12,167.30,167.30,164.50,164.95,69895
2022-12-13,165.80,167.00,164.90,165.15,78273
2022-12-14,166.00,174.90,165.35,171.70,354314
2022-12-15,171.85,175.00,166.00,168.10,266280
2022-12-16,168.90,171.80,162.50,163.45,120125
2022-12-19,164.30,164.45,161.80,162.55,76327
2022-12-20,162.00,162.60,160.50,161.25,74285
2022-12-21,161.35,162.55,155.00,156.75,105636
2022-12-22,157.55,158.70,152.40,156.95,112450
2022-12-23,155.10,156.75,152.60,154.05,47389
2022-12-26,154.00,157.05,152.10,155.25,115773
2022-12-27,155.25,158.80,154.30,157.95,72893
2022-12-28,158.50,158.85,156.95,157.70,28719
2022-12-29,157.90,159.70,157.00,158.55,32415
2022-12-30,159.35,161.00,158.75,160.25,44269
2023-01-02,160.50,161.95,158.35,160.45,71129
2023-01-03,161.30,162.50,158.15,161.25,135507
2023-01-04,162.10,167.90,161.50,162.35,296790
2023-01-05,163.80,164.00,160.00,161.35,98364
2023-01-06,161.00,162.30,158.60,159.95,88522
2023-01-09,162.00,162.00,159.00,159.25,57553
2023-01-10,159.60,160.00,157.85,158.30,23574
2023-01-11,157.00,161.50,157.00,160.30,54713
2023-01-12,161.15,161.15,158.15,158.65,30352
2023-01-13,159.45,161.00,158.20,160.60,36189
2023-01-16,161.45,161.55,160.10,160.35,39596
2023-01-17,160.10,161.00,159.00,160.05,30828
2023-01-18,160.60,161.35,159.25,159.95,40307
2023-01-19,159.95,159.95,156.95,157.55,26824
2023-01-20,158.35,159.00,157.00,158.35,26032
2023-01-23,158.90,159.35,156.10,156.70,49513
2023-01-24,157.50,157.50,153.50,154.00,83458
2023-01-25,154.00,154.15,149.05,151.85,49084
2023-01-27,152.50,153.00,142.00,144.90,119929
2023-01-30,145.65,147.25,143.85,145.95,115646
2023-01-31,146.30,148.00,145.05,147.40,79321
2023-02-01,148.15,148.95,142.20,144.35,85277
2023-02-02,142.20,147.00,140.15,141.75,141926
2023-02-03,143.90,143.90,139.10,142.95,59318
2023-02-06,140.80,145.50,140.80,144.70,70990
2023-02-07,145.45,148.50,143.25,147.00,100840
2023-02-08,146.60,147.75,144.65,145.60,55831
2023-02-09,145.15,145.50,142.25,144.25,30374
2023-02-10,143.15,146.00,143.15,145.00,38726
2023-02-13,145.00,145.75,143.00,143.70,30176
2023-02-14,141.00,144.40,141.00,142.05,29658
2023-02-15,142.05,143.00,141.05,141.50,25945
2023-02-16,142.00,143.00,141.05,141.60,52053
2023-02-17,141.65,143.00,141.15,142.50,56347
2023-02-20,141.50,142.45,138.50,138.60,63384
2023-02-21,137.65,139.50,137.65,138.65,41442
2023-02-22,139.20,139.20,136.00,136.80,46674
2023-02-23,136.20,140.45,134.55,135.40,82192
2023-02-24,137.35,137.95,133.30,136.30,49223
2023-02-27,137.00,137.00,131.50,133.10,73729
2023-02-28,133.75,136.90,131.60,134.85,33128
2023-03-01,135.50,138.90,135.40,137.90,75153
2023-03-02,138.35,138.35,136.25,136.60,35624
2023-03-03,137.30,140.00,136.30,137.10,110212
2023-03-06,137.80,140.00,137.00,137.40,128387
2023-03-08,137.40,138.00,136.15,137.50,40184
2023-03-09,138.30,139.05,136.55,137.45,52042
2023-03-10,138.15,138.15,135.45,135.90,45300
2023-03-13,135.55,136.15,130.05,130.90,110520
2023-03-14,131.60,132.00,129.10,131.40,90862
2023-03-15,131.40,132.10,127.00,129.60,98679
2023-03-16,127.70,130.65,127.70,129.40,77672
2023-03-17,130.00,130.95,128.40,128.80,82451
2023-03-20,128.60,128.70,124.05,125.35,79379
2023-03-21,127.25,127.25,124.90,125.65,79734
2023-03-22,126.25,133.00,126.25,127.00,204137
2023-03-23,127.65,129.50,124.95,126.50,94997
2023-03-24,127.00,127.80,124.60,125.45,112702
2023-03-27,126.00,126.00,122.00,123.80,199907
2023-03-28,124.45,124.85,117.35,119.05,295879
2023-03-29,119.50,125.35,118.35,123.90,290378
2023-03-31,129.95,129.95,122.60,124.05,119516
2023-04-03,125.00,128.50,124.15,127.40,153620
2023-04-05,127.50,129.05,126.00,126.85,132895
2023-04-06,127.45,129.00,126.20,128.35,144815
2023-04-10,128.90,133.70,126.75,130.95,249074
2023-04-11,132.10,136.75,131.70,134.15,151121
2023-04-12,135.50,135.50,131.95,132.20,64004
2023-04-13,133.50,133.50,129.85,131.35,72580
2023-04-17,131.10,133.15,130.95,131.75,69546
2023-04-18,132.60,133.45,129.05,129.70,56649
2023-04-19,130.45,131.25,127.70,128.15,44228
2023-04-20,129.05,132.65,129.00,132.10,85073
2023-04-21,132.10,134.00,131.10,133.30,46442
2023-04-24,133.90,133.90,128.50,129.35,99424
2023-04-25,130.00,130.25,128.00,128.30,56107
2023-04-26,128.30,130.70,128.30,130.25,131690
2023-04-27,130.00,130.50,129.00,129.40,67949
2023-04-28,129.50,130.70,128.90,129.85,74025
2023-05-02,130.10,133.50,130.05,132.05,199194
2023-05-03,132.40,132.70,129.10,131.00,79871
2023-05-04,131.50,133.70,130.85,132.25,112850
2023-05-05,131.30,133.25,128.25,130.45,76858
2023-05-08,130.45,131.85,129.65,131.10,86965
2023-05-09,131.75,132.25,129.50,131.50,149501
2023-05-10,132.20,132.20,127.00,129.05,85151
2023-05-11,129.00,131.00,128.05,130.20,130419
2023-05-12,130.35,142.85,128.60,139.95,957545
2023-05-15,149.85,149.85,140.20,141.25,479787
2023-05-16,142.65,146.50,140.10,141.65,231954
2023-05-17,141.00,145.10,141.00,144.70,148724
2023-05-18,145.00,151.70,145.00,146.65,328293
2023-05-19,147.40,155.00,143.65,151.85,665121
2023-05-22,152.45,155.00,147.00,153.10,632371
2023-05-23,153.90,156.50,151.70,153.20,260523
2023-05-24,152.00,154.70,150.40,151.20,177623
2023-05-25,151.90,151.95,147.90,148.65,79508
2023-05-26,149.40,150.85,144.00,144.65,159212
2023-05-29,145.40,152.00,145.40,150.30,139955
2023-05-30,150.95,154.35,149.85,152.20,112161
2023-05-31,152.95,154.95,151.65,154.20,96200
2023-06-01,154.85,166.00,153.10,161.45,611500
2023-06-02,162.30,164.00,158.90,159.90,126525
2023-06-05,160.30,163.00,158.25,160.20,141705
2023-06-06,161.05,164.80,159.75,163.55,213690
2023-06-07,165.00,166.60,162.10,165.55,186364
2023-06-08,166.60,167.55,160.10,163.25,199563
2023-06-09,163.25,169.20,162.20,167.75,676075
2023-06-12,168.45,170.25,167.40,168.60,209718
2023-06-13,170.00,171.45,168.05,168.60,137167
2023-06-14,169.50,174.00,167.95,172.50,197755
2023-06-15,173.15,175.65,170.00,170.95,264699
2023-06-16,169.15,175.50,169.15,172.35,204763
2023-06-19,174.05,174.50,166.95,168.30,132807
2023-06-20,167.00,170.80,167.00,168.90,119102
2023-06-21,169.00,170.45,167.00,167.20,79312
2023-06-22,167.20,168.95,163.50,164.95,108977
2023-06-23,164.50,166.60,161.30,164.00,80508
2023-06-26,164.85,165.50,161.55,164.40,73773
2023-06-27,165.00,169.90,163.95,167.50,82062
2023-06-28,168.35,170.00,162.55,164.95,84328
2023-06-30,165.80,167.50,163.30,164.40,64512
2023-07-03,164.95,179.00,163.85,174.05,467148
2023-07-04,174.05,174.55,171.10,171.70,76230
2023-07-05,171.70,173.30,170.20,171.50,69321
2023-07-06,172.00,174.00,169.95,173.30,66655
2023-07-07,173.15,174.85,170.35,171.60,86321
2023-07-10,170.50,172.20,166.60,167.10,91836
2023-07-11,167.20,170.00,166.50,169.15,48497
2023-07-12,169.80,172.15,167.65,168.05,45297
2023-07-13,168.90,177.90,167.50,175.05,398488
2023-07-14,177.85,178.50,172.50,174.45,125391
2023-07-17,174.45,176.85,173.75,175.90,115621
2023-07-18,177.90,177.90,170.25,176.00,127901
2023-07-19,176.80,178.35,174.00,175.95,77605
2023-07-20,177.75,177.75,173.05,175.95,61726
2023-07-21,174.00,175.30,171.70,172.10,56651
2023-07-24,171.15,174.25,170.55,173.60,88060
2023-07-25,172.15,175.90,171.25,172.60,86368
2023-07-26,173.45,174.20,171.70,172.15,27115
2023-07-27,172.95,178.00,172.95,175.30,123972
2023-07-28,177.00,183.80,174.80,180.80,495001
2023-07-31,183.45,187.80,182.65,184.60,431223
2023-08-01,186.60,188.95,185.40,187.15,207102
2023-08-02,189.00,189.50,181.50,183.65,168601
2023-08-03,182.90,184.85,182.05,183.75,77920
2023-08-04,183.10,189.40,182.50,183.65,131667
2023-08-07,185.00,186.95,182.95,184.80,93723
2023-08-08,185.75,186.85,182.55,183.65,69946
2023-08-09,187.90,187.90,182.10,183.90,66277
2023-08-10,182.05,185.05,179.95,183.95,333435
2023-08-11,184.90,184.90,178.25,183.00,133280
2023-08-14,177.00,177.95,169.70,175.40,259329
2023-08-16,176.00,178.05,174.00,176.05,81070
2023-08-17,178.00,178.00,171.90,173.05,107451
2023-08-18,173.00,173.90,170.25,172.10,97120
2023-08-21,171.50,175.55,169.95,172.35,76237
2023-08-22,173.25,174.70,172.05,173.60,56801
2023-08-23,174.50,175.90,172.60,173.60,46631
2023-08-24,174.60,182.80,173.60,180.20,140423
2023-08-25,179.70,185.00,177.15,180.05,227602
2023-08-28,180.80,181.75,177.85,179.00,58662
2023-08-29,179.90,180.95,175.85,177.95,96186
2023-08-30,180.60,192.20,180.35,190.70,1072170
2023-08-31,192.00,193.50,187.95,189.60,258345
2023-09-01,189.00,192.35,188.00,190.30,183927
2023-09-04,191.30,192.80,184.60,186.70,170564
2023-09-05,185.65,189.45,184.30,185.80,99616
2023-09-06,186.05,190.90,185.10,190.00,152836
2023-09-07,188.20,191.10,187.25,188.15,100758
2023-09-08,189.30,191.70,188.00,190.15,104548
2023-09-11,191.00,198.00,189.40,193.95,269038
2023-09-12,193.90,194.25,181.00,182.50,156174
2023-09-13,184.30,187.10,181.05,181.80,99085
2023-09-14,182.15,186.50,182.15,183.95,112109
2023-09-15,183.95,185.70,182.00,182.55,60428
2023-09-18,182.65,187.55,178.70,182.45,147032
2023-09-20,182.45,183.35,178.75,179.70,65136
2023-09-21,178.00,183.95,177.00,178.70,102508
2023-09-22,178.85,180.20,176.90,178.30,68089
2023-09-25,179.20,193.00,178.00,185.65,329189
2023-09-26,186.00,187.90,180.00,181.15,190314
2023-09-27,181.15,183.00,180.00,181.65,64432
2023-09-28,182.60,183.40,179.30,181.25,52779
2023-09-29,182.00,182.05,180.00,181.15,39098
2023-10-03,181.00,182.00,177.85,180.60,66572
2023-10-04,178.05,181.40,176.10,179.05,87778
2023-10-05,179.95,182.10,179.00,180.20,45610
2023-10-06,181.15,181.65,178.10,180.65,59216
2023-10-09,176.00,179.05,175.00,175.75,62906
2023-10-10,175.95,178.35,173.60,176.95,63382
2023-10-11,177.70,183.45,175.75,181.65,105605
2023-10-12,182.60,185.00,180.75,183.45,94489
2023-10-13,183.95,184.75,181.60,182.70,64765
2023-10-16,183.00,193.40,181.80,188.60,513667
2023-10-17,189.20,191.20,185.95,187.50,116092
2023-10-18,188.00,188.15,183.70,185.65,66748
2023-10-19,185.65,194.75,184.15,190.15,208758
2023-10-20,190.00,206.50,190.00,193.15,1825029
2023-10-23,194.00,207.00,194.00,197.15,1308729
2023-10-25,200.00,212.00,195.80,207.70,1491805
2023-10-26,211.00,217.55,200.05,214.75,959721
2023-10-27,214.80,220.00,211.00,214.10,610503
2023-10-30,218.80,224.35,216.10,217.65,798887
2023-10-31,219.20,224.80,213.15,213.90,518389
2023-11-01,214.15,219.75,213.95,215.05,262876
2023-11-02,216.15,232.20,215.80,227.75,925716
2023-11-03,228.00,229.40,220.00,221.30,324534
2023-11-06,223.35,228.00,220.30,226.70,279712
2023-11-07,225.60,227.70,222.60,225.30,144584
2023-11-08,224.50,229.50,223.50,223.95,170586
2023-11-09,224.15,225.00,215.75,216.55,186132
2023-11-10,216.00,220.40,197.90,202.50,813149
2023-11-12,207.95,209.50,204.50,206.80,133330
2023-11-13,208.50,209.90,203.00,206.15,221021
2023-11-15,205.50,211.10,203.05,204.20,207725
2023-11-16,204.00,205.80,200.00,202.25,206319
2023-11-17,203.90,205.30,196.00,198.20,312043
2023-11-20,198.35,207.75,197.10,205.20,369441
2023-11-21,206.25,212.50,201.35,210.30,339281
2023-11-22,211.40,212.40,204.85,207.90,157500
2023-11-23,210.00,230.00,210.00,216.70,2156192
2023-11-24,217.80,224.00,210.45,214.00,448180
2023-11-28,216.60,220.45,215.05,215.90,158515
2023-11-29,217.00,218.80,213.15,216.65,168943
2023-11-30,216.25,217.65,210.60,213.15,210724
2023-12-01,213.40,217.15,211.60,213.85,156831
2023-12-04,215.00,224.75,214.25,216.35,310560
2023-12-05,217.50,218.15,213.30,215.95,168619
2023-12-06,215.95,218.20,213.15,216.95,208887
2023-12-07,220.25,220.25,213.95,215.00,253580
2023-12-08,214.80,216.10,206.60,209.35,207411
2023-12-11,209.50,230.00,208.45,219.55,946293
2023-12-12,220.00,222.60,216.25,217.00,321596
2023-12-13,218.10,219.95,216.00,218.40,192715
2023-12-14,219.95,219.95,215.10,218.45,160597
2023-12-15,218.70,239.80,216.90,232.35,1886178
2023-12-18,232.35,232.75,224.25,224.65,439290
2023-12-19,224.95,225.80,219.00,220.10,416632
2023-12-20,220.50,227.00,210.00,211.15,371781
2023-12-21,208.35,218.50,207.55,215.05,320878
2023-12-22,216.10,219.00,214.25,215.60,91836
2023-12-26,215.60,217.50,211.35,212.60,315759
2023-12-27,214.00,225.80,214.00,216.05,421969
2023-12-28,216.45,217.70,212.50,215.55,170106
2023-12-29,216.65,221.00,212.80,216.95,197457
2024-01-01,217.95,221.40,216.05,217.05,146707
2024-01-02,218.15,219.05,212.45,215.00,180213
2024-01-03,215.20,227.10,215.00,224.55,875161
2024-01-04,225.05,228.50,224.80,225.40,401665
2024-01-05,227.40,232.85,225.80,227.75,458558
2024-01-08,228.00,231.40,223.40,224.60,190869
2024-01-09,226.80,229.00,223.65,226.30,147737
2024-01-10,225.75,229.50,224.75,226.85,134218
2024-01-11,228.50,248.40,228.50,244.90,1623081
2024-01-12,248.80,248.80,241.90,242.85,542444
2024-01-15,242.55,244.90,237.65,241.45,242252
2024-01-16,245.30,245.45,233.10,235.80,199644
2024-01-17,234.00,243.80,229.75,232.55,293146
2024-01-18,232.00,237.45,227.00,230.55,275502
2024-01-19,232.00,241.45,232.00,239.35,167665
2024-01-20,240.55,246.00,240.40,244.35,183198
2024-01-23,245.00,245.05,227.05,230.15,274130
2024-01-24,232.50,239.85,230.60,237.05,111328
2024-01-25,238.25,243.30,234.05,238.10,156802
2024-01-29,243.00,244.00,236.05,238.60,213707
2024-01-30,239.05,251.00,236.85,246.30,424240
2024-01-31,246.65,248.40,242.00,245.60,229842
2024-02-01,246.85,247.60,237.80,242.10,186793
2024-02-02,242.00,261.00,242.00,257.35,1932000
2024-02-05,260.00,264.00,254.20,256.85,583253
2024-02-06,255.00,263.50,253.30,258.15,330653
2024-02-07,259.40,260.00,249.45,251.05,233125
2024-02-08,252.35,274.50,250.10,254.85,1412767
2024-02-09,255.95,256.70,241.00,243.20,357826
2024-02-12,244.90,246.20,225.10,228.20,323760
2024-02-13,228.90,236.00,225.00,235.10,180084
2024-02-14,230.50,237.75,230.00,235.45,100530
2024-02-15,234.10,240.40,233.75,235.40,82069
2024-02-16,237.00,243.70,234.75,237.45,112426
2024-02-19,237.90,248.10,235.10,242.35,156063
2024-02-20,245.90,246.00,238.55,240.05,92073
2024-02-21,240.50,242.90,229.85,231.75,139035
2024-02-22,232.95,234.10,225.55,232.05,108830
2024-02-23,230.75,235.20,230.00,230.70,55523
2024-02-26,231.80,231.90,225.25,226.95,107678
2024-02-27,227.95,229.60,220.00,222.00,146889
2024-02-28,222.95,229.00,220.00,221.30,197817
2024-02-29,222.40,227.95,217.10,219.75,207428
2024-03-01,220.85,227.10,220.85,226.00,90747
2024-03-02,228.00,229.05,222.55,225.95,8939
2024-03-04,225.05,226.40,218.25,220.65,163236
2024-03-05,220.75,222.25,217.10,218.50,123727
2024-03-06,218.95,220.65,208.20,212.25,280280
2024-03-07,212.25,218.85,212.25,217.70,104991
2024-03-11,217.75,220.65,209.00,211.15,127209
2024-03-12,211.15,212.25,201.40,203.85,164509
2024-03-13,204.20,207.80,195.00,197.60,189170
2024-03-14,197.50,211.70,193.00,207.55,159590
2024-03-15,205.90,214.85,205.05,211.70,126632
2024-03-18,211.15,212.15,206.10,207.75,70538
2024-03-19,207.75,209.20,202.40,205.30,89797
2024-03-20,204.60,208.00,201.35,203.70,140952
2024-03-21,204.10,208.00,204.10,206.90,75060
2024-03-22,207.00,211.95,206.10,210.45,104113
2024-03-26,210.00,213.00,201.00,205.85,95857
2024-03-27,205.00,208.00,201.95,205.05,194126
2024-03-28,205.30,207.20,200.00,201.00,218504
2024-04-01,202.10,216.95,202.10,213.60,137708
2024-04-02,214.70,219.95,212.80,218.50,91890
2024-04-03,217.90,225.00,215.45,224.35,130339
2024-04-04,225.00,225.80,220.00,222.35,96765
2024-04-05,223.00,224.75,220.70,222.15,81433
2024-04-08,223.30,224.05,219.90,220.20,55115
2024-04-09,222.20,222.75,218.00,219.25,70861
2024-04-10,219.25,231.00,219.25,226.05,293955
2024-04-12,226.00,233.75,224.00,228.85,279533
2024-04-15,224.95,224.95,212.70,217.45,177627
2024-04-16,216.40,223.25,215.30,218.85,95289
2024-04-18,223.00,234.50,220.40,230.30,525194
2024-04-19,229.60,230.30,222.75,228.50,186282
2024-04-22,230.40,235.00,228.85,230.85,150481
2024-04-23,232.05,237.00,229.55,231.60,137837
2024-04-24,233.10,236.00,231.30,231.95,62411
2024-04-25,232.60,233.95,229.80,230.85,69331
2024-04-26,231.35,233.45,228.05,229.05,69133
2024-04-29,230.75,230.75,225.15,226.00,58931
2024-04-30,227.10,230.50,225.00,226.05,61190
2024-05-02,226.30,228.95,224.00,225.25,58719
2024-05-03,226.40,227.10,213.10,219.05,136927
2024-05-06,219.90,225.75,217.50,222.00,99534
2024-05-07,220.95,221.60,217.00,218.90,60391
2024-05-08,216.80,222.45,215.95,219.95,57982
2024-05-09,220.00,226.20,217.80,220.50,78547
2024-05-10,220.75,221.00,215.10,219.45,42096
2024-05-13,216.80,220.55,214.50,216.85,49213
2024-05-14,216.00,221.05,215.00,219.40,29969
2024-05-15,217.30,227.00,217.30,223.40,40635
2024-05-16,223.00,224.50,216.75,220.20,55632
2024-05-17,220.20,223.95,218.80,220.75,55942
2024-05-18,220.70,221.10,216.25,218.05,20864
2024-05-21,221.00,221.00,214.80,216.85,62593
2024-05-22,217.05,246.05,214.00,231.95,624947
2024-05-23,234.20,253.70,230.05,245.70,758396
2024-05-24,244.85,245.35,235.10,237.05,207923
2024-05-27,238.40,247.30,235.50,237.20,273846
2024-05-28,238.70,245.00,231.50,234.30,343109
2024-05-29,234.00,234.25,228.00,231.10,121763
2024-05-30,229.45,242.50,223.55,232.70,333311
2024-05-31,230.65,232.75,227.00,229.90,74541
2024-06-03,237.00,242.00,225.15,231.70,178879
2024-06-04,232.00,233.95,207.00,217.25,201077
2024-06-05,217.35,228.00,208.80,222.55,104314
2024-06-06,221.20,255.65,221.15,241.95,667692
2024-06-07,241.95,249.65,239.50,245.75,262234
2024-06-10,247.75,255.00,247.75,253.63,322645
2024-06-11,253.90,260.89,246.55,249.81,282811
2024-06-12,247.10,253.55,245.62,250.78,177778
2024-06-13,251.25,253.00,247.84,250.65,116536
2024-06-14,251.60,257.00,248.01,251.39,130343
2024-06-18,251.39,252.90,245.50,246.83,103408
2024-06-19,247.00,251.08,244.81,246.90,89657
2024-06-20,247.00,249.98,244.00,245.92,76201
2024-06-21,247.45,250.39,242.00,245.81,63236
2024-06-24,242.00,266.00,241.83,259.19,733588
2024-06-25,264.37,264.95,253.10,255.31,192793
2024-06-26,253.00,264.00,253.00,258.02,216507
2024-06-27,258.35,261.52,249.70,251.76,146543
2024-06-28,250.10,256.61,246.85,248.81,149502
2024-07-01,249.80,257.50,249.01,256.26,113474
2024-07-02,257.89,259.32,250.10,253.72,81366
2024-07-03,256.55,272.65,256.55,266.17,1167882
2024-07-04,267.00,268.97,259.00,261.30,187605
2024-07-05,261.90,263.00,257.25,259.05,105727
2024-07-08,260.25,263.20,255.20,259.62,119416
2024-07-09,260.00,265.00,255.82,257.68,142367
2024-07-10,259.00,262.48,247.21,252.13,147172
2024-07-11,253.40,268.95,251.88,263.09,289339
2024-07-12,263.90,264.60,249.59,251.47,252733
2024-07-15,252.95,257.72,250.55,251.59,156460
2024-07-16,252.45,256.00,247.00,251.20,210237
2024-07-18,249.25,251.86,243.00,245.07,98053
2024-07-19,245.00,247.35,236.96,240.80,109252
2024-07-22,239.90,244.50,235.49,240.16,80954
2024-07-23,239.90,243.19,232.70,241.50,97261
2024-07-24,241.55,251.35,241.55,249.83,95305
2024-07-25,248.00,250.63,243.10,244.78,81972
2024-07-26,244.75,250.49,242.00,247.41,75256
2024-07-29,248.80,256.36,239.36,242.47,265890
2024-07-30,245.77,249.95,242.37,246.35,93192
2024-07-31,247.10,251.52,245.54,246.72,86032
2024-08-01,246.72,257.18,245.02,245.87,150178
2024-08-02,242.20,247.67,241.97,242.42,75448
2024-08-05,235.20,239.00,226.13,232.80,232067
2024-08-06,232.00,241.47,232.00,233.36,84845
2024-08-07,234.70,245.00,234.70,241.79,95310
2024-08-08,238.00,241.24,232.00,234.88,75658
2024-08-09,236.40,238.00,230.70,231.19,93109
2024-08-12,230.00,231.47,227.03,228.61,73715
2024-08-13,228.99,230.06,222.00,223.25,102874
2024-08-14,226.60,226.60,220.15,221.95,87070
2024-08-16,223.95,230.00,219.94,224.34,119435
2024-08-19,222.45,228.47,222.45,227.28,63786
2024-08-20,228.00,230.09,225.51,226.40,122336
2024-08-21,227.40,236.00,227.40,235.14,195773
2024-08-22,235.14,242.50,234.05,239.53,156090
2024-08-23,244.99,249.20,240.26,246.17,249197
2024-08-26,246.90,253.78,246.90,247.87,192033
2024-08-27,248.90,249.20,246.05,247.83,95354
2024-08-28,246.50,252.83,246.50,247.91,109800
2024-08-29,248.38,249.15,242.25,243.01,74240
2024-08-30,243.07,246.00,239.00,244.64,69537
2024-09-02,243.00,243.01,237.60,238.81,102228
2024-09-03,239.80,244.00,238.16,242.36,66618
2024-09-04,242.35,245.12,238.63,241.04,104468
2024-09-05,246.00,263.00,245.01,252.11,744026
2024-09-06,253.35,254.49,246.62,248.76,166081
2024-09-09,248.00,249.95,242.43,244.77,75776
2024-09-10,244.79,248.34,240.00,244.20,112479
2024-09-11,245.30,247.82,238.00,238.55,77539
2024-09-12,239.80,241.23,236.80,240.34,76794
2024-09-13,241.70,248.90,239.66,245.26,113512
2024-09-16,245.85,250.90,245.10,246.91,96971
2024-09-17,245.25,247.89,238.92,242.67,109055
2024-09-18,240.60,243.75,240.01,241.79,62723
2024-09-19,240.01,243.47,238.00,240.48,113105
2024-09-20,241.45,244.10,238.50,242.42,152002
2024-09-23,243.70,246.90,240.95,241.42,103021
2024-09-24,242.00,243.41,240.00,241.75,61546
2024-09-25,241.00,248.01,241.00,244.88,119600
2024-09-26,245.00,255.00,244.01,253.74,692148
2024-09-27,257.00,260.90,246.25,250.06,431803
2024-09-30,249.00,250.96,242.10,244.48,80653
2024-10-01,243.50,248.29,242.68,246.37,79095
2024-10-03,247.59,247.59,239.10,241.27,158414
2024-10-04,240.00,241.59,235.37,238.13,92103
2024-10-07,239.95,239.95,220.00,224.61,191563
2024-10-08,224.61,229.35,224.00,226.22,80754
2024-10-09,229.60,231.79,227.40,229.12,54618
2024-10-10,230.30,235.39,229.61,232.02,74086
2024-10-11,232.60,234.20,229.00,231.64,41198
2024-10-14,239.01,245.25,237.44,243.64,257810
2024-10-15,242.25,254.00,236.82,247.19,215761
2024-10-16,253.00,253.50,245.35,247.16,153594
2024-10-17,247.00,247.00,240.23,240.90,55275
2024-10-18,240.01,248.55,237.15,247.17,97262
2024-10-21,244.01,250.00,237.01,242.51,178525
2024-10-22,243.60,256.90,238.60,241.34,962339
2024-10-23,241.50,251.00,239.15,243.56,273174
2024-10-24,244.80,246.76,241.00,244.36,104204
2024-10-25,245.60,245.60,230.52,234.17,219715
2024-10-28,235.85,238.00,229.00,231.91,195300
2024-10-29,234.00,250.00,234.00,246.87,432325
2024-10-30,243.60,248.90,240.91,242.29,214390
2024-10-31,242.25,244.90,240.01,243.93,84826
2024-11-01,246.00,248.40,243.55,246.45,47062
2024-11-04,247.95,249.59,239.80,244.02,128146
2024-11-05,244.10,255.44,243.68,252.40,500886
2024-11-06,253.99,266.00,245.79,262.85,618999
2024-11-07,266.01,287.57,262.35,284.23,2015169
2024-11-08,284.78,296.00,270.10,281.70,830548
2024-11-11,280.00,294.40,274.30,290.49,911090
2024-11-12,294.39,309.95,291.70,294.97,1547749
2024-11-13,294.90,298.70,275.10,278.63,489644
2024-11-14,276.49,288.90,276.25,283.25,251706
2024-11-18,289.00,289.00,277.20,283.53,185003
2024-11-19,283.63,292.29,279.10,281.82,154982
2024-11-21,281.69,283.24,272.80,279.73,168974
2024-11-22,285.00,292.00,281.00,287.43,240631
2024-11-25,295.00,296.00,285.04,290.29,183204
2024-11-26,290.96,291.48,281.00,284.52,136786
2024-11-27,285.71,294.85,283.52,292.69,172861
2024-11-28,297.10,305.00,293.13,299.59,523610
2024-11-29,304.80,308.40,296.61,303.42,326060
2024-12-02,304.00,315.00,297.95,306.85,562604
2024-12-03,308.30,317.90,305.80,311.85,299232
2024-12-04,316.10,318.20,307.10,312.75,243521
2024-12-05,313.00,314.05,308.85,310.65,137319
2024-12-06,310.00,324.35,310.00,318.55,453122
2024-12-09,318.80,320.15,312.20,314.20,112262
2024-12-10,314.20,314.20,298.95,301.15,345485
2024-12-11,302.25,308.10,295.75,296.85,269028
2024-12-12,298.40,299.90,285.10,287.40,243530
2024-12-13,286.05,296.20,278.60,294.05,273785
2024-12-16,294.05,301.00,294.05,299.65,156554
2024-12-17,299.65,305.85,292.95,302.00,550454
2024-12-18,302.00,302.00,287.40,290.10,188490
2024-12-19,287.45,296.20,283.15,290.70,127469
2024-12-20,291.70,292.35,281.85,284.00,117663
2024-12-23,288.15,289.95,278.20,280.65,88598
2024-12-24,280.65,283.40,273.15,274.80,123392
2024-12-26,275.00,278.90,266.00,269.95,142182
2024-12-27,269.00,273.60,268.10,271.10,62986
2024-12-30,271.00,271.45,258.75,262.85,131107
2024-12-31,259.60,272.50,259.60,270.65,84033
2025-01-01,270.70,282.00,270.00,278.15,58992
2025-01-02,275.60,281.90,268.10,271.65,184662
2025-01-03,271.50,277.00,271.50,273.25,60518
2025-01-06,274.65,275.45,255.60,258.15,160569
2025-01-07,259.50,270.00,255.80,269.30,176961
2025-01-08,266.90,268.95,260.15,264.90,109157
2025-01-09,264.90,265.40,260.15,261.45,44701
2025-01-10,260.55,269.90,253.95,257.80,171245
2025-01-13,257.00,257.00,244.80,250.75,176747
2025-01-14,250.75,262.35,250.60,257.20,206499
2025-01-15,254.10,260.65,254.00,256.95,58571
2025-01-16,258.25,265.00,256.50,261.55,69230
2025-01-17,261.40,264.55,255.25,261.70,39464
2025-01-20,262.70,263.00,256.20,260.95,61982
2025-01-21,261.00,263.05,252.60,254.85,96568
2025-01-22,253.60,256.00,247.10,250.45,127197
2025-01-23,250.00,262.00,249.00,259.65,99437
2025-01-24,258.05,260.00,250.00,253.90,69658
2025-01-27,250.00,252.90,235.00,240.65,365384
2025-01-28,240.00,244.75,229.30,239.75,153017
2025-01-29,237.65,250.00,237.65,245.95,69025
2025-01-30,242.25,250.90,242.25,245.10,44501
2025-01-31,248.45,251.00,243.70,249.45,79199
2025-02-01,250.69,252.01,245.00,248.66,37126
2025-02-03,248.66,248.66,241.11,243.20,43710
2025-02-04,244.50,253.90,244.50,252.00,54436
2025-02-05,252.00,254.38,250.00,251.78,24743
2025-02-06,251.50,259.00,248.14,256.41,84886
2025-02-07,255.50,256.79,248.99,251.49,72343
2025-02-10,250.00,255.00,240.20,244.35,421612
2025-02-11,243.00,246.45,231.62,243.43,179247
2025-02-12,242.30,243.60,232.50,237.92,89323
2025-02-13,235.80,242.00,231.10,232.57,73016
2025-02-14,232.57,235.00,225.00,231.17,112843
2025-02-17,229.10,240.00,223.65,236.79,214077
2025-02-18,234.01,234.01,227.25,231.36,71705
2025-02-19,229.30,236.51,229.30,233.55,73900
2025-02-20,232.00,236.70,231.30,234.26,48781
2025-02-21,235.65,236.59,228.09,232.25,100111
2025-02-24,231.05,234.00,226.82,230.74,48799
2025-02-25,228.60,233.90,227.99,231.94,101729
2025-02-27,231.15,234.07,226.00,230.33,115465
2025-02-28,228.20,232.01,218.00,229.46,147828
2025-03-03,230.69,230.69,216.98,227.35,223956
2025-03-04,225.30,234.75,223.05,230.32,72751
2025-03-05,230.32,237.50,229.34,236.66,54183
2025-03-06,237.50,245.00,237.50,240.11,69935
2025-03-07,240.19,246.29,238.42,244.47,83273
2025-03-10,242.21,244.41,232.50,235.40,64514
2025-03-11,233.30,235.40,222.20,230.18,89039
2025-03-12,230.18,232.52,222.20,227.29,82964
2025-03-13,227.29,228.43,224.00,225.76,61992
2025-03-17,225.70,226.00,218.94,223.62,130686
2025-03-18,223.47,237.70,223.47,233.76,114062
2025-03-19,231.80,236.90,231.80,235.54,45419
2025-03-20,236.80,237.88,229.22,229.96,68936
2025-03-21,231.19,233.65,227.99,230.87,82842
2025-03-24,232.10,244.00,228.71,238.39,306849
2025-03-25,240.00,242.60,226.25,230.59,108262
2025-03-26,229.65,232.79,226.51,228.49,94345
2025-03-27,226.90,232.00,225.99,228.88,110292
2025-03-28,227.95,236.50,225.00,226.66,73248
2025-04-01,227.90,234.80,227.41,233.45,44815
2025-04-02,233.45,240.19,228.10,238.41,71680
2025-04-03,238.00,241.95,236.99,241.51,62837
2025-04-04,242.80,242.80,231.41,237.16,110173
2025-04-07,220.00,232.56,215.00,230.54,90108
2025-04-08,232.20,242.01,228.83,235.33,69459
2025-04-09,233.20,238.60,228.25,231.17,122499
2025-04-11,233.75,235.60,232.70,233.84,50567
2025-04-15,235.70,243.50,235.40,241.76,59766
2025-04-16,242.70,246.00,240.00,243.25,80745
2025-04-17,243.25,243.77,240.14,242.36,32229
2025-04-21,243.00,245.36,240.22,241.26,69408
2025-04-22,242.40,244.60,240.00,242.40,48312
2025-04-23,243.60,245.35,237.55,243.35,103529
2025-04-24,243.70,246.71,240.92,243.89,66862
2025-04-25,244.80,247.50,233.42,235.13,76503
2025-04-28,235.13,237.70,232.00,234.85,40193
2025-04-29,236.10,238.40,228.61,229.33,97108
2025-04-30,231.60,231.60,227.11,228.66,43971
2025-05-02,228.95,230.84,226.81,229.78,53265
2025-05-05,231.00,238.74,227.96,237.75,72089
2025-05-06,238.35,238.35,224.85,229.51,161723
2025-05-07,229.51,234.45,225.72,232.83,47141
2025-05-08,231.20,238.00,228.00,230.09,30754
2025-05-09,225.00,229.00,218.49,226.45,95082
2025-05-12,231.00,242.50,231.00,238.59,88702
2025-05-13,238.79,243.00,236.53,242.32,58342
2025-05-14,240.51,252.30,240.17,250.69,131894
2025-05-15,250.60,255.61,249.52,253.25,141095
2025-05-16,251.50,254.80,249.00,253.28,90301
2025-05-19,254.25,261.80,253.10,257.48,189960
2025-05-20,258.39,262.80,250.00,259.30,234524
2025-05-21,260.15,266.00,255.62,258.98,85850
2025-05-22,256.60,260.00,252.15,254.35,240412
2025-05-23,252.35,256.00,244.83,252.88,354063
2025-05-26,256.00,259.40,251.95,257.43,135526
2025-05-27,257.00,265.87,256.00,258.36,178812
2025-05-28,259.45,259.95,254.11,255.08,58554
2025-05-29,256.39,259.44,254.32,257.46,97628
2025-05-30,257.71,260.00,255.50,257.03,42969
2025-06-02,256.90,263.45,256.90,261.65,85479
2025-06-03,260.10,277.00,260.10,269.95,267814
2025-06-04,270.50,276.00,265.10,274.80,122258
2025-06-05,274.75,275.00,263.70,264.70,94153
2025-06-06,264.75,267.60,260.30,263.05,42579
2025-06-09,260.70,269.10,260.70,268.35,61626
2025-06-10,269.80,275.00,266.70,272.35,83695
2025-06-11,272.35,275.75,266.30,267.85,141286
2025-06-12,268.70,285.00,268.20,274.40,323736
2025-06-13,272.00,276.40,267.00,274.30,86416
2025-06-16,271.55,273.30,267.70,270.10,73514
2025-06-17,270.00,275.55,265.20,269.90,74678
2025-06-18,270.20,277.55,265.60,267.90,63571
2025-06-19,268.70,269.65,257.55,260.35,52375
2025-06-20,258.00,262.40,258.00,259.10,75616
2025-06-23,257.00,262.05,252.50,253.40,224953
2025-06-24,256.00,258.00,252.05,253.65,80927
2025-06-25,254.80,270.95,254.20,267.40,385703
2025-06-26,270.00,298.40,270.00,278.50,1378650
2025-06-27,281.30,285.35,277.55,279.05,199053
2025-06-30,280.40,284.25,271.95,276.20,259407
2025-07-01,277.00,290.65,276.95,289.15,351198
2025-07-02,291.30,295.00,285.00,287.75,253659
2025-07-03,287.75,295.10,283.80,287.30,179702
2025-07-04,288.00,293.30,286.35,290.25,132068
2025-07-07,290.25,291.35,281.90,287.55,100911
2025-07-08,287.55,293.15,284.00,286.35,107381
2025-07-09,287.90,289.00,283.25,284.50,143205
2025-07-10,284.50,285.45,280.90,282.25,79301
2025-07-11,281.00,291.00,281.00,285.35,186742
2025-07-14,285.35,287.00,278.30,281.90,76717
2025-07-15,282.90,284.95,281.25,282.35,29589
2025-07-16,282.35,287.00,280.90,284.60,62233
2025-07-17,284.60,292.00,284.50,288.60,130548
2025-07-18,286.40,291.40,282.15,289.90,74394
2025-07-21,290.00,295.00,286.70,293.85,145581
2025-07-22,295.85,298.00,291.10,293.85,153546
2025-07-23,294.40,294.40,288.00,288.90,65796
2025-07-24,286.30,289.90,283.95,286.90,63943
2025-07-25,285.75,289.15,284.40,286.05,78493
2025-07-28,287.60,289.15,282.55,282.70,100865
2025-07-29,284.20,290.65,283.00,287.75,98617
2025-07-30,289.05,303.40,288.80,299.65,546765
2025-07-31,295.00,304.90,291.30,293.40,268464
2025-08-01,294.90,298.20,282.10,283.40,146076
2025-08-04,285.65,304.50,277.05,284.60,878753
2025-08-05,286.30,296.45,286.30,294.65,303078
2025-08-06,294.65,298.00,287.55,296.30,203802
2025-08-07,293.60,299.95,286.15,297.45,161975
2025-08-08,299.00,300.00,287.00,289.90,143590
2025-08-11,288.00,291.10,284.70,288.70,87369
2025-08-12,286.10,292.45,286.00,287.00,48757
2025-08-13,287.95,296.80,285.55,291.40,170681
2025-08-14,290.00,292.00,285.55,289.65,69754
2025-08-18,292.00,297.95,289.60,292.15,115291
2025-08-19,293.25,297.50,290.40,295.60,68797
2025-08-20,295.00,297.50,290.55,294.95,115021
2025-08-21,295.90,309.75,294.80,304.35,494198
2025-08-22,305.80,309.45,298.55,307.20,259155
2025-08-25,307.90,309.95,305.25,307.80,125374
2025-08-26,308.00,315.00,306.00,311.50,421818
2025-08-28,309.00,310.80,304.20,306.20,139860
2025-08-29,308.00,315.00,305.20,306.35,110134
2025-09-01,308.80,314.35,307.20,309.05,115195
2025-09-02,310.30,316.60,306.00,308.20,156304
2025-09-03,309.25,312.00,306.50,308.00,76040
2025-09-04,310.70,322.90,310.20,314.40,403768
2025-09-05,315.00,317.80,311.20,314.35,108191
2025-09-08,312.10,344.80,310.55,339.60,1455108
2025-09-09,345.00,372.00,345.00,351.10,2636663
2025-09-10,355.00,357.85,345.05,347.05,363039
2025-09-11,350.50,367.00,350.50,361.00,831276
2025-09-12,367.40,375.95,361.20,363.35,903269
2025-09-15,363.00,376.00,361.50,365.55,639801
2025-09-16,367.00,389.00,365.80,384.10,1032424
2025-09-17,386.00,393.70,374.65,377.90,501477
2025-09-18,379.40,379.40,367.45,371.65,246760
2025-09-19,372.20,395.90,372.20,391.30,687584
2025-09-22,391.30,398.05,384.85,389.80,804378
2025-09-23,390.80,390.80,378.10,385.15,241081
2025-09-24,384.45,388.85,379.70,381.35,141344
2025-09-25,381.45,382.20,368.00,369.55,214143
2025-09-26,368.00,371.45,355.50,357.35,244650
2025-09-29,358.05,361.30,346.10,347.25,329933
2025-09-30,347.00,352.80,331.75,333.55,349224
2025-10-01,334.00,344.45,334.00,342.90,184583
2025-10-03,343.80,349.00,336.55,346.70,222835
2025-10-06,349.95,354.60,341.30,352.75,241184
2025-10-07,353.00,355.50,345.10,353.50,157071
2025-10-08,352.10,354.95,340.15,342.30,125993
2025-10-09,345.05,345.15,335.30,341.70,141431
2025-10-10,342.55,355.60,338.85,348.45,160083
2025-10-13,349.75,349.75,338.65,339.65,69211
2025-10-14,340.60,342.90,325.55,332.35,151189
2025-10-15,333.20,339.60,332.30,333.95,139693
2025-10-16,334.95,337.65,329.05,330.00,260060
2025-10-17,329.95,339.30,328.65,335.75,151820
2025-10-20,334.10,342.55,328.50,339.35,184335
2025-10-21,340.00,347.00,336.10,343.45,59011
2025-10-23,344.00,344.30,335.25,336.95,94291
2025-10-24,338.30,343.00,335.20,339.75,172403
2025-10-27,339.60,341.00,335.80,338.65,101389
2025-10-28,339.60,355.75,338.70,353.90,424872
2025-10-29,355.95,365.40,351.85,355.75,340520
2025-10-30,357.00,365.45,354.90,359.85,250591
2025-10-31,359.85,360.45,349.10,351.80,93994
2025-11-03,351.70,367.80,348.55,363.30,277274
2025-11-04,363.50,365.05,346.70,350.50,158590
2025-11-06,350.45,350.45,326.50,329.85,327158
2025-11-07,331.50,336.00,326.15,331.70,135771
2025-11-10,331.25,333.05,321.80,324.00,89875
2025-11-11,324.35,324.35,316.25,317.95,93524
2025-11-12,318.95,325.20,316.85,318.75,99825
2025-11-13,319.00,324.55,312.20,314.75,114078
2025-11-14,314.00,318.05,310.65,312.20,143137
2025-11-17,311.85,319.50,311.00,313.95,98974
2025-11-18,313.85,314.70,308.55,309.75,68166
2025-11-19,310.80,315.60,308.60,313.35,85352
2025-11-20,314.15,329.85,313.30,324.60,232110
2025-11-21,328.00,331.50,323.55,327.50,315259
2025-11-24,325.00,329.15,314.10,317.40,123034
2025-11-25,315.00,324.80,312.70,317.00,87096
2025-11-26,316.30,327.25,315.95,325.95,85792
2025-11-27,326.10,326.60,320.10,321.45,38894
2025-11-28,321.00,336.70,321.00,334.65,292968
2025-12-01,334.70,335.70,323.00,327.35,107997
2025-12-02,327.95,329.70,321.00,324.00,48289
2025-12-03,321.20,324.45,315.70,317.50,48334
2025-12-04,317.00,319.50,312.30,314.20,66786
2025-12-05,314.00,316.00,306.90,308.40,40058
2025-12-08,312.00,312.10,295.85,298.10,86296
2025-12-09,301.40,306.00,288.60,304.00,88691
2025-12-10,304.00,309.90,304.00,305.75,49872
2025-12-11,305.10,323.40,304.95,316.85,98161
2025-12-12,317.90,319.75,312.95,317.20,52333
2025-12-15,315.00,318.90,312.30,313.75,38611
2025-12-16,310.50,316.15,308.20,311.20,19242
2025-12-17,311.50,316.00,307.05,314.40,47083
2025-12-18,314.20,317.15,311.25,312.55,67149
2025-12-19,312.35,320.00,311.50,317.65,101161
2025-12-22,314.55,318.70,313.90,316.80,33658
2025-12-23,315.05,320.10,315.05,316.65,37240
2025-12-24,316.65,325.05,315.00,322.55,107294
2025-12-26,322.55,324.40,316.00,316.35,42617
2025-12-29,317.65,317.65,308.75,310.15,33639
2025-12-30,308.00,312.50,306.00,311.20,32470
2025-12-31,309.65,315.00,308.65,311.45,27458
2026-01-01,312.45,313.90,308.30,311.15,15400
2026-01-02,307.55,322.00,307.55,314.45,67219
2026-01-05,316.00,325.00,313.45,322.95,190194
2026-01-06,323.90,325.00,316.40,318.70,68654
2026-01-07,317.15,321.90,314.60,319.05,67717
2026-01-08,315.85,323.80,315.00,320.45,96256
2026-01-09,315.65,326.60,315.00,323.30,111614
2026-01-12,316.50,327.35,311.55,321.75,107344
2026-01-13,325.20,325.20,315.00,317.00,36230
2026-01-14,317.00,317.00,304.55,306.30,88363
2026-01-16,309.30,309.30,299.55,307.65,86635
2026-01-19,306.60,308.00,295.10,297.10,61518
2026-01-20,297.00,297.55,285.00,287.25,165823
2026-01-21,281.10,298.00,281.10,287.30,183636
2026-01-22,287.05,297.70,285.65,291.50,168936
2026-01-23,291.50,316.00,289.00,302.75,364215
2026-01-27,296.00,309.50,292.60,308.20,92723
2026-01-28,304.55,308.70,301.85,304.15,33208
2026-01-29,300.65,308.00,298.00,306.40,27980
2026-01-30,304.85,317.55,299.30,316.10,57646
2026-02-01,314.50,314.50,301.10,302.55,22846
2026-02-02,300.05,315.00,300.05,311.35,55353
2026-02-03,326.00,326.00,311.00,312.90,48394
2026-02-04,312.50,323.90,311.45,319.50,82576
2026-02-05,319.95,325.00,315.00,320.55,31735
2026-02-06,315.75,319.75,312.50,316.75,26511
2026-02-09,317.95,330.00,314.85,327.70,84913
2026-02-10,328.70,333.45,320.95,325.85,56091
2026-02-11,327.20,340.75,323.50,327.10,238756
2026-02-12,329.05,331.95,318.00,319.70,56334
2026-02-13,311.90,324.10,306.05,311.65,96213
2026-02-16,311.65,315.30,307.55,313.60,33892
2026-02-17,312.00,316.80,309.20,315.45,18699
2026-02-18,310.25,315.70,310.25,313.55,22429
2026-02-19,312.00,316.40,307.05,309.45,61901
2026-02-20,308.05,312.00,305.20,307.20,47616
2026-02-23,310.80,311.35,303.40,309.25,34453
2026-02-24,308.80,308.80,298.10,300.60,80045
2026-02-25,302.10,303.15,294.10,296.25,35663
2026-02-26,298.75,298.75,291.55,294.30,73809
2026-02-27,294.00,294.95,288.00,290.70,49707
2026-03-02,275.00,290.90,274.00,281.00,140113
2026-03-04,275.10,281.95,273.05,278.90,509096
2026-03-05,284.90,284.90,274.55,281.00,55911
2026-03-06,281.00,281.20,271.45,273.25,34787
2026-03-09,273.00,273.00,260.20,262.95,68607
2026-03-10,269.00,279.85,263.05,278.20,71186
2026-03-11,278.20,283.60,275.00,279.50,64222
2026-03-12,278.45,278.45,270.90,276.35,48117
2026-03-13,276.20,276.20,265.50,266.25,57103
2026-03-16,266.25,266.40,252.10,254.90,127995
2026-03-17,256.50,262.00,253.55,258.90,60611
2026-03-18,260.00,268.40,258.95,264.90,44452
2026-03-19,260.90,260.95,252.10,253.90,31786
2026-03-20,257.40,263.95,256.20,259.25,32764
2026-03-23,254.00,254.00,235.35,240.10,70784
2026-03-24,244.90,261.40,242.40,253.50,101744
2026-03-25,251.20,264.40,251.20,257.75,105354
2026-03-27,255.00,255.80,236.80,239.70,231536
2026-03-30,239.70,242.60,230.65,233.80,119253
2026-04-01,235.00,255.99,235.00,246.83,56206
2026-04-02,246.83,254.94,241.45,253.03,60176
2026-04-06,253.03,268.01,249.01,261.49,172315
2026-04-07,259.70,261.93,255.00,256.51,45487
2026-04-08,269.71,274.45,262.65,267.61,70166
2026-04-09,269.90,271.99,257.50,259.50,81403
2026-04-10,260.10,268.99,260.10,266.53,42723
2026-04-13,265.99,267.99,257.57,265.83,42056
2026-04-15,268.51,278.70,267.19,275.55,75360
2026-04-16,277.00,283.00,269.80,272.63,108350
2026-04-17,273.90,282.50,272.63,280.16,84297
2026-04-20,280.16,281.40,271.33,273.16,54382
2026-04-21,273.16,276.30,272.12,273.49,39207
2026-04-22,275.95,275.95,271.21,272.74,72008
2026-04-23,272.02,272.40,267.70,269.56,78796
2026-04-24,268.25,271.00,265.01,267.64,52718
2026-04-27,267.64,272.99,267.64,269.48,26157
2026-04-28,271.20,273.00,268.25,269.59,32301
2026-04-29,272.00,277.74,266.11,267.09,76927
2026-04-30,267.00,274.17,264.55,266.42,60648
2026-05-04,269.90,269.90,265.00,266.10,34470
2026-05-05,264.05,270.95,264.05,268.35,36329
2026-05-06,268.10,285.00,268.10,282.25,128636
2026-05-07,285.25,291.00,283.25,287.80,98918
2026-05-08,285.00,288.30,282.00,285.75,23592
2026-05-11,299.00,303.10,288.00,290.30,221680
2026-05-12,286.25,291.15,280.20,282.20,61411
2026-05-13,282.20,284.85,279.00,280.00,32146
2026-05-14,277.35,283.55,271.45,280.05,65101
2026-05-15,281.40,281.40,272.60,274.45,32855
2026-05-18,274.45,274.45,264.00,267.75,63986
2026-05-19,270.20,273.80,267.50,270.15,42737
2026-05-20,268.50,276.00,266.05,273.95,29270
2026-05-21,276.90,279.95,273.00,277.90,41296
2026-05-22,275.05,287.95,275.00,279.95,49850
2026-05-25,282.70,302.40,281.65,291.90,168761
2026-05-26,291.90,300.70,287.50,298.15,99680
2026-05-27,299.95,337.40,292.00,311.35,3244303
2026-05-29,312.00,317.90,289.25,293.50,329292
2026-06-01,294.50,299.00,283.35,285.60,126529
2026-06-02,282.10,296.05,282.10,291.35,90729
2026-06-03,294.10,307.40,288.85,303.15,119090
2026-06-04,305.60,306.05,293.00,302.70,148102
2026-06-05,302.70,313.40,300.00,307.25,180020
2026-06-08,305.70,308.65,297.00,300.70,60645
2026-06-09,300.70,311.50,295.80,299.25,50613
2026-06-10,300.25,302.55,286.10,287.55,71844
2026-06-11,287.55,289.95,274.75,279.20,136025
2026-06-12,282.40,298.80,275.00,291.60,267018
2026-06-15,294.45,299.00,288.50,293.85,100144
2026-06-16,295.40,295.40,287.60,290.10,111794
2026-06-17,290.40,298.00,289.10,297.20,137614
2026-06-18,298.20,301.00,291.20,292.95,57603
2026-06-19,293.00,295.70,288.00,291.00,153464
2026-06-22,293.00,309.00,290.05,306.40,546217
2026-06-23,308.00,309.00,294.80,295.90,158304
2026-06-24,300.05,306.20,296.10,304.15,201206
2026-06-25,313.00,356.00,313.00,342.75,26777188
2026-06-29,333.50,343.75,326.50,331.25,2040365
2026-06-30,335.60,345.00,334.25,338.85,1366602
2026-07-01,340.00,340.45,330.35,334.10,309112
2026-07-02,336.00,340.90,332.30,335.40,299532
2026-07-03,335.05,338.80,330.80,336.10,225480
2026-07-06,338.70,353.50,333.15,345.85,1298504
2026-07-07,350.50,360.40,343.65,355.85,947975
2026-07-08,353.00,362.60,340.10,344.35,675844
2026-07-09,347.00,375.95,345.00,369.00,1368726
2026-07-10,373.00,376.00,364.00,367.75,342246
2026-07-13,365.65,382.20,361.95,372.00,520829
2026-07-14,371.05,375.00,362.50,365.45,200101
2026-07-15,367.45,374.80,365.00,366.85,173909
2026-07-16,369.65,369.65,356.55,360.70,120951
2026-07-17,362.60,362.60,348.80,353.45,211771
2026-07-20,353.00,357.55,348.10,354.35,110435
2026-07-21,355.00,355.20,346.90,349.30,117774
2026-07-22,348.15,349.85,338.10,340.40,96567
2026-07-23,340.40,344.10,333.00,334.05,223379
2026-07-24,334.05,334.05,326.00,329.15,151711
2026-07-27,329.50,345.35,327.10,336.85,261964
2026-07-28,335.15,341.90,330.10,332.05,147146
2026-07-29,333.90,339.15,331.20,333.40,93956
2026-07-30,332.70,337.20,326.30,329.10,70452
2026-07-31,330.35,339.90,326.00,326.40,132528
2026-08-03,329.90,334.65,328.00,332.15,91714
2026-08-04,334.25,338.00,327.05,327.95,118517
2026-08-05,330.85,334.85,327.95,330.65,79260
2026-08-06,328.85,341.45,328.85,333.75,146879
2026-08-07,333.00,342.00,327.25,339.65,170385
2026-08-10,344.00,395.50,335.70,377.20,21233222
2026-08-11,373.30,388.95,364.05,370.60,2586362
2026-08-12,371.70,374.25,355.10,359.10,700935
2026-08-13,360.00,369.70,354.75,357.40,499903
2026-08-14,358.20,361.90,352.90,356.95,170959
2026-08-17,358.20,360.80,350.60,353.45,171717
2026-08-18,354.35,356.25,342.10,344.75,178495
2026-08-19,344.00,347.20,338.50,339.90,132633
2026-08-20,342.20,357.00,339.55,354.00,354756
2026-08-21,359.80,360.05,346.00,347.00,176797
2026-08-24,349.00,353.45,337.00,341.55,172284
2026-08-25,342.40,350.00,342.40,348.85,128667
2026-08-26,350.90,352.85,346.05,349.65,108869
2026-08-27,350.25,355.00,339.45,341.60,114445
2026-08-28,342.70,342.80,332.50,335.70,124642
2026-08-31,333.20,334.00,325.60,328.05,133130
2026-09-01,329.50,331.50,319.95,323.70,171089
2026-09-02,321.60,324.55,317.35,319.50,122658
2026-09-03,319.10,324.90,319.05,324.00,111578
2026-09-04,326.00,329.70,320.30,323.25,105342
2026-09-07,323.95,325.90,318.00,323.05,100157
2026-09-08,322.00,324.35,318.75,321.50,73261
2026-09-09,320.80,321.90,315.10,319.45,89199
2026-09-10,319.35,321.90,314.60,319.55,75109
2026-09-11,315.55,323.95,310.95,322.25,157854
2026-09-15,322.95,325.25,312.00,318.40,83193
2026-09-16,318.40,322.80,305.80,320.85,125109
2026-09-17,320.85,323.95,315.55,320.90,50789
2026-09-18,320.90,334.80,316.00,332.10,174010
