Date,Open,High,Low,Close,Volume
2012-06-13,205.50,227.00,197.60,217.85,1218053
2012-06-14,222.60,226.80,211.00,213.60,640266
2012-06-15,215.60,216.95,199.25,203.80,473590
2012-06-18,207.20,216.00,200.20,208.50,413682
2012-06-19,207.00,212.70,204.40,207.45,353158
2012-06-20,205.75,209.80,204.00,207.45,118353
2012-06-21,208.40,219.90,205.55,210.35,437394
2012-06-22,207.95,215.55,206.10,213.25,367447
2012-06-25,210.00,219.55,210.00,218.55,446422
2012-06-26,219.80,223.80,216.10,219.70,326993
2012-06-27,220.95,220.95,212.00,213.85,145152
2012-06-28,214.55,218.50,212.10,213.05,89750
2012-06-29,215.40,218.90,207.10,209.75,140843
2012-07-02,214.70,214.70,203.00,204.15,148433
2012-07-03,206.95,213.70,205.00,211.90,285722
2012-07-04,213.75,219.50,212.50,218.15,522724
2012-07-05,219.00,225.85,216.25,219.30,307931
2012-07-06,220.00,220.80,214.25,215.65,84944
2012-07-09,215.95,216.90,211.00,212.35,64991
2012-07-10,213.80,216.50,209.60,210.50,105096
2012-07-11,211.30,215.95,208.05,209.45,128206
2012-07-12,209.40,211.70,207.00,208.95,57854
2012-07-13,210.00,216.00,207.50,207.95,119828
2012-07-16,209.90,210.00,201.35,202.40,117203
2012-07-17,205.30,205.30,187.05,191.20,498067
2012-07-18,191.05,194.30,188.00,192.20,183623
2012-07-19,193.10,194.40,188.55,190.85,138850
2012-07-20,191.00,191.00,183.30,186.70,101779
2012-07-23,186.40,192.95,182.60,183.35,171692
2012-07-24,184.55,190.00,181.00,188.10,137585
2012-07-25,188.30,189.60,181.65,182.80,105454
2012-07-26,182.80,185.80,177.00,180.15,113008
2012-07-27,182.50,185.00,178.10,181.00,76649
2012-07-30,183.15,185.65,178.15,183.15,70830
2012-07-31,181.35,184.50,180.00,180.50,44602
2012-08-01,180.50,195.80,180.25,190.90,203970
2012-08-02,194.40,194.40,179.45,181.45,177523
2012-08-03,180.00,181.95,175.50,176.25,155748
2012-08-06,179.85,186.85,178.00,179.70,132745
2012-08-07,180.70,181.75,174.60,175.60,129629
2012-08-08,176.00,176.80,168.10,175.05,220518
2012-08-09,177.40,181.95,175.75,177.80,190515
2012-08-10,178.00,179.80,175.30,177.50,43993
2012-08-13,178.40,180.95,174.20,177.00,53106
2012-08-14,179.70,179.70,172.00,172.90,51612
2012-08-16,174.35,177.30,171.45,172.20,49601
2012-08-17,173.40,176.25,171.40,171.80,47346
2012-08-21,173.50,175.00,171.10,171.85,56052
2012-08-22,171.90,173.75,170.00,170.75,38580
2012-08-23,171.50,172.20,168.50,170.05,60825
2012-08-24,171.00,171.00,165.10,166.40,46203
2012-08-27,167.85,175.70,165.75,167.35,143863
2012-08-28,168.10,170.40,166.35,168.65,46165
2012-08-29,167.50,169.90,164.00,164.60,39273
2012-08-30,165.00,165.00,161.00,162.75,37394
2012-08-31,163.05,169.00,155.10,158.10,67894
2012-09-03,159.85,162.50,154.00,158.60,38149
2012-09-04,158.15,161.80,158.00,160.35,35056
2012-09-05,160.60,164.90,158.45,162.00,90000
2012-09-06,163.30,177.75,161.90,172.80,242806
2012-09-07,169.00,182.60,169.00,177.55,257378
2012-09-10,191.05,194.90,183.05,187.85,546999
2012-09-11,186.55,192.00,185.00,186.45,153154
2012-09-12,188.35,190.00,181.90,184.40,75173
2012-09-13,171.15,184.95,171.15,177.80,77477
2012-09-14,176.10,181.20,174.35,175.45,43302
2012-09-17,176.95,184.65,176.25,181.50,135586
2012-09-18,183.95,184.00,179.20,180.40,70432
2012-09-20,178.00,183.90,177.50,179.85,49943
2012-09-21,182.80,186.30,179.60,181.80,219852
2012-09-24,183.50,183.50,180.00,181.55,44795
2012-09-25,182.90,185.50,180.00,180.90,90764
2012-09-26,161.15,187.00,161.15,181.65,110269
2012-09-27,182.90,185.10,180.55,183.00,47946
2012-09-28,183.30,184.90,178.10,178.50,45912
2012-10-01,179.60,189.00,179.00,183.10,189002
2012-10-03,185.50,188.60,181.55,182.15,207195
2012-10-04,183.75,198.00,183.50,188.05,794443
2012-10-05,190.20,191.90,180.50,186.45,183069
2012-10-08,187.00,193.80,184.45,185.95,448031
2012-10-09,186.50,189.80,184.05,184.95,143393
2012-10-10,185.00,187.40,181.60,182.35,97123
2012-10-11,183.00,185.00,181.65,182.50,47611
2012-10-12,183.15,185.95,180.60,181.20,72429
2012-10-15,182.00,183.00,181.00,181.35,41386
2012-10-16,182.15,188.50,181.15,183.90,248090
2012-10-17,184.50,187.45,182.85,183.80,100088
2012-10-18,184.85,186.70,182.50,182.90,51784
2012-10-19,183.80,185.00,182.30,182.85,75047
2012-10-22,182.60,184.00,180.70,181.45,42444
2012-10-23,182.00,188.90,182.00,184.00,272393
2012-10-25,186.50,189.05,184.00,184.70,227314
2012-10-26,184.70,187.50,182.60,184.85,80224
2012-10-29,185.95,191.45,183.55,184.25,245248
2012-10-30,185.60,186.75,182.05,183.20,63076
2012-10-31,184.80,184.80,181.70,182.55,57533
2012-11-01,183.80,186.40,182.70,183.90,70684
2012-11-02,184.70,189.45,184.50,184.95,154717
2012-11-05,186.80,188.35,185.10,186.10,140371
2012-11-06,187.40,193.25,184.50,188.10,660716
2012-11-07,188.10,188.10,182.20,184.00,341429
2012-11-08,183.90,186.80,182.85,183.30,135937
2012-11-09,184.50,185.70,181.75,182.15,95374
2012-11-12,183.50,183.70,176.05,177.30,130133
2012-11-13,179.00,185.90,178.30,184.95,127975
2012-11-15,185.00,186.90,182.20,184.20,133537
2012-11-16,184.35,184.80,178.15,179.55,102483
2012-11-19,182.00,183.10,176.00,176.30,80235
2012-11-20,177.15,181.40,174.00,175.10,103104
2012-11-21,175.00,176.10,173.10,174.55,57931
2012-11-22,175.80,177.00,173.50,175.35,41189
2012-11-23,176.00,176.00,172.20,173.30,39830
2012-11-26,175.90,180.00,175.00,178.85,91953
2012-11-27,179.05,183.45,178.05,180.95,98914
2012-11-29,182.40,185.90,180.60,182.10,113886
2012-11-30,183.40,184.10,179.60,180.65,81343
2012-12-03,181.00,182.00,177.00,178.10,81187
2012-12-04,179.00,184.00,178.50,180.35,135312
2012-12-05,181.85,184.00,179.15,180.15,105458
2012-12-06,181.05,181.55,178.50,179.15,56096
2012-12-07,180.50,180.75,177.05,177.85,82404
2012-12-10,179.00,179.30,174.10,174.80,108605
2012-12-11,176.40,180.00,174.80,177.10,143278
2012-12-12,176.55,177.90,172.90,173.75,81979
2012-12-13,174.75,174.75,170.10,170.90,75087
2012-12-14,171.00,173.80,168.10,169.35,92330
2012-12-17,170.00,171.50,168.05,168.40,80563
2012-12-18,170.80,175.00,169.05,172.70,107852
2012-12-19,172.10,179.85,170.80,175.00,189195
2012-12-20,176.00,179.95,175.00,177.35,181672
2012-12-21,180.10,180.10,173.20,174.00,168825
2012-12-24,176.40,177.90,173.00,173.65,84370
2012-12-26,175.40,175.95,173.50,174.20,50073
2012-12-27,174.90,175.00,171.00,171.85,128126
2012-12-28,171.15,173.00,170.25,170.80,87579
2012-12-31,174.00,176.90,173.00,174.50,96654
2013-01-01,175.00,179.50,175.00,178.75,136578
2013-01-02,181.25,182.00,179.30,181.40,136678
2013-01-03,181.85,189.90,180.65,187.30,544285
2013-01-04,187.30,194.00,185.50,190.80,535085
2013-01-07,191.75,195.75,188.30,189.60,284127
2013-01-08,189.45,190.00,186.50,187.10,96502
2013-01-09,187.80,188.40,182.55,183.40,67076
2013-01-10,183.00,186.80,182.20,184.15,56508
2013-01-11,184.00,184.15,177.75,178.45,80932
2013-01-14,173.60,185.90,173.60,183.25,98260
2013-01-15,184.70,186.55,183.10,183.50,88450
2013-01-16,183.85,183.85,179.60,180.40,48768
2013-01-17,180.80,181.65,178.00,178.95,41509
2013-01-18,180.00,180.90,177.50,178.40,315270
2013-01-21,179.65,181.00,178.55,179.80,40930
2013-01-22,180.00,185.40,178.10,178.75,102505
2013-01-23,179.70,182.50,176.60,177.30,52797
2013-01-24,177.85,178.50,173.90,174.90,62427
2013-01-25,174.95,179.80,172.95,178.55,47734
2013-01-28,178.95,179.30,176.20,176.95,17062
2013-01-29,177.40,178.90,175.10,175.10,22597
2013-01-30,176.45,177.00,172.35,172.80,23157
2013-01-31,174.00,174.90,171.10,172.30,32760
2013-02-01,172.45,176.75,172.00,173.70,293106
2013-02-04,174.00,176.05,172.00,173.85,31554
2013-02-05,172.70,174.50,171.55,173.50,41678
2013-02-06,173.80,177.40,172.50,173.75,36630
2013-02-07,175.05,180.00,173.00,173.75,230108
2013-02-08,174.35,175.00,162.85,164.85,169023
2013-02-11,165.45,167.25,162.95,166.40,24809
2013-02-12,165.00,166.10,161.00,165.00,29050
2013-02-13,164.15,165.95,162.10,163.80,21159
2013-02-14,163.00,163.60,157.20,158.95,48989
2013-02-15,159.30,161.95,155.00,160.05,36015
2013-02-18,159.00,162.50,158.95,159.75,22575
2013-02-19,160.05,162.40,159.75,161.30,21411
2013-02-20,162.50,167.50,160.55,163.15,62959
2013-02-21,161.05,163.45,158.50,158.90,25391
2013-02-22,158.50,161.50,158.50,159.25,19186
2013-02-25,159.35,161.95,154.95,158.00,24719
2013-02-26,157.50,157.50,142.15,150.20,182703
2013-02-27,150.50,156.50,146.05,152.80,134698
2013-02-28,156.00,157.00,150.80,152.50,56467
2013-03-01,151.00,154.65,150.30,153.50,54015
2013-03-04,154.00,154.80,149.65,153.80,73396
2013-03-05,152.90,158.00,152.70,155.70,131425
2013-03-06,158.05,163.85,155.00,163.05,60537
2013-03-07,163.25,168.90,162.70,168.90,41975
2013-03-08,174.90,174.90,165.00,171.10,72648
2013-03-11,170.00,172.95,166.40,170.90,42297
2013-03-12,168.15,173.60,165.90,170.55,42765
2013-03-13,145.00,171.95,145.00,170.60,28985
2013-03-14,169.45,173.70,167.20,172.70,42049
2013-03-15,169.00,173.05,169.00,172.45,31313
2013-03-18,170.00,171.90,167.25,168.20,20150
2013-03-19,167.50,170.30,164.50,167.55,24629
2013-03-20,169.90,172.40,167.30,170.60,62612
2013-03-21,172.85,172.90,164.50,168.80,46154
2013-03-22,168.00,169.80,163.15,168.40,40271
2013-03-25,168.10,172.60,161.00,162.45,24154
2013-03-26,161.90,167.80,161.00,164.00,23392
2013-03-28,164.00,168.05,162.55,167.50,28314
2013-04-01,166.20,168.00,163.50,164.40,17522
2013-04-02,162.95,173.15,162.95,172.05,44393
2013-04-03,173.00,176.35,172.05,174.75,52172
2013-04-04,173.00,173.00,166.00,167.50,21407
2013-04-05,168.00,170.00,166.95,169.30,17786
2013-04-08,167.55,176.00,167.55,176.00,29781
2013-04-09,172.50,177.00,172.50,175.00,56627
2013-04-10,174.95,178.50,173.00,176.50,56199
2013-04-11,176.00,179.90,174.10,176.80,50427
2013-04-12,175.00,179.80,175.00,175.55,28474
2013-04-15,175.00,179.30,173.00,175.60,33479
2013-04-16,175.10,181.80,175.10,180.10,104752
2013-04-17,180.35,182.00,177.60,180.05,34665
2013-04-18,180.90,185.80,179.50,185.00,66419
2013-04-22,182.50,190.95,181.10,188.50,64800
2013-04-23,188.50,188.60,182.85,183.10,17743
2013-04-25,182.50,186.40,182.50,183.65,20626
2013-04-26,182.50,184.50,181.00,183.10,14529
2013-04-29,181.30,189.50,181.25,184.20,60417
2013-04-30,187.00,191.20,184.00,187.00,159843
2013-05-02,185.10,189.00,184.30,185.10,47213
2013-05-03,187.30,187.30,184.00,185.00,10850
2013-05-06,184.90,186.00,182.30,183.90,13379
2013-05-07,184.10,185.45,182.05,183.80,10848
2013-05-08,185.25,185.25,182.50,184.30,14810
2013-05-09,182.95,184.80,180.00,180.00,30919
2013-05-10,183.00,183.00,180.00,180.45,14339
2013-05-13,178.00,179.95,176.90,178.00,12234
2013-05-14,178.55,180.25,177.00,177.00,5684
2013-05-15,177.10,179.95,176.50,177.55,14035
2013-05-16,177.50,179.75,176.95,178.55,8839
2013-05-17,179.00,184.00,178.00,182.75,25161
2013-05-20,180.00,188.00,175.00,185.00,70472
2013-05-21,184.00,184.00,176.50,177.50,8345
2013-05-22,179.00,180.00,175.00,175.50,5235
2013-05-23,175.00,175.80,170.05,170.30,17037
2013-05-24,173.85,173.85,170.00,171.20,9036
2013-05-27,172.00,173.95,170.10,172.20,6869
2013-05-28,171.05,172.45,168.00,169.60,8654
2013-05-29,170.00,184.80,170.00,178.55,109132
2013-05-30,180.00,183.90,174.05,174.70,87989
2013-05-31,175.10,175.30,171.30,172.60,22330
2013-06-03,172.50,179.00,170.50,178.00,40563
2013-06-04,176.95,178.90,171.15,171.30,10003
2013-06-05,176.00,176.00,172.05,172.55,7881
2013-06-06,173.85,173.85,168.50,169.20,18597
2013-06-07,171.00,175.00,170.00,170.90,38681
2013-06-10,170.00,172.35,167.00,167.00,6995
2013-06-11,167.50,168.90,161.35,162.20,15787
2013-06-12,162.95,164.20,159.00,159.85,11391
2013-06-13,159.80,165.20,159.80,164.90,44953
2013-06-14,165.90,167.00,162.50,163.00,11003
2013-06-17,164.10,167.10,163.40,164.90,4427
2013-06-18,165.95,167.00,163.25,163.50,8443
2013-06-19,163.60,164.00,162.65,162.65,9788
2013-06-20,162.50,164.00,157.50,158.75,16643
2013-06-21,157.50,160.80,157.50,158.80,11174
2013-06-24,161.50,161.50,154.00,154.25,14882
2013-06-25,155.00,157.00,150.00,153.00,14708
2013-06-26,155.75,156.00,149.95,150.55,49482
2013-06-27,150.00,155.05,150.00,152.50,23616
2013-06-28,152.10,155.00,152.10,153.50,8158
2013-07-01,152.00,159.80,152.00,158.10,9729
2013-07-02,160.00,160.00,158.00,160.00,4381
2013-07-03,156.60,157.75,146.25,148.40,15973
2013-07-04,148.50,154.60,146.00,150.65,8649
2013-07-05,151.30,153.90,149.50,150.30,10418
2013-07-08,151.00,152.40,148.50,150.00,5053
2013-07-09,150.15,154.40,150.10,150.80,13953
2013-07-10,150.40,153.40,149.80,151.00,13364
2013-07-11,150.20,154.90,149.65,149.85,13044
2013-07-12,150.00,152.15,147.00,149.40,12246
2013-07-15,151.00,151.50,146.00,146.75,14915
2013-07-16,147.00,147.00,144.00,144.45,20900
2013-07-17,144.15,145.35,140.20,140.50,14853
2013-07-18,138.00,144.50,137.50,144.00,29444
2013-07-19,141.70,152.40,138.00,150.25,73712
2013-07-22,145.15,151.60,145.15,146.00,15811
2013-07-23,146.90,149.00,145.00,145.00,13045
2013-07-24,146.25,146.45,139.50,140.70,17674
2013-07-25,141.00,142.75,138.10,138.15,20767
2013-07-26,138.00,142.45,138.00,140.00,7829
2013-07-29,140.00,142.00,137.00,137.25,7328
2013-07-30,137.00,138.70,128.55,129.15,18255
2013-07-31,128.00,128.05,118.10,127.55,25758
2013-08-01,126.25,132.95,126.25,131.05,12239
2013-08-02,130.00,130.00,123.90,126.00,17128
2013-08-05,126.00,128.00,123.95,124.00,11686
2013-08-06,124.00,127.00,116.95,119.00,61899
2013-08-07,120.00,125.10,118.00,124.00,17756
2013-08-08,121.50,127.00,121.50,121.50,9050
2013-08-12,123.70,126.45,118.10,118.80,21748
2013-08-13,120.50,123.10,119.00,121.20,46277
2013-08-14,124.00,128.50,120.55,127.00,37750
2013-08-16,127.00,127.00,121.55,121.60,9046
2013-08-19,127.50,127.50,113.00,114.90,22346
2013-08-20,114.00,134.40,108.10,131.00,53128
2013-08-21,125.00,137.80,125.00,133.00,35522
2013-08-22,131.45,133.75,125.05,125.65,19922
2013-08-23,126.45,133.95,125.25,126.05,5376
2013-08-26,126.00,135.00,123.25,134.55,14029
2013-08-27,133.00,140.00,126.40,127.00,12677
2013-08-28,120.10,127.95,120.10,124.60,8288
2013-08-29,124.20,129.50,120.30,121.95,7346
2013-08-30,127.00,127.00,120.00,120.00,6566
2013-09-02,121.40,128.05,120.60,127.90,16345
2013-09-03,126.40,131.00,126.40,128.50,13836
2013-09-04,125.60,130.50,125.60,130.00,7437
2013-09-05,129.00,131.85,125.05,125.55,5840
2013-09-06,129.50,129.50,126.35,127.00,3400
2013-09-10,132.00,132.00,125.10,126.95,5965
2013-09-11,126.10,128.50,126.00,127.45,8532
2013-09-12,126.65,130.85,121.65,123.00,8473
2013-09-13,124.80,127.75,124.80,126.00,3377
2013-09-16,131.80,131.80,125.25,126.30,4792
2013-09-17,123.00,135.90,123.00,135.80,34029
2013-09-18,131.60,132.00,128.00,130.40,4837
2013-09-19,135.70,147.45,128.00,132.75,78264
2013-09-20,132.95,137.75,129.00,130.00,22621
2013-09-23,133.65,133.65,126.95,126.95,8280
2013-09-24,126.00,129.95,118.10,125.10,9449
2013-09-25,124.55,136.85,124.55,135.80,19865
2013-09-26,135.00,138.90,134.00,135.00,100452
2013-09-27,140.00,140.00,125.55,125.95,301222
2013-09-30,126.00,126.00,121.80,122.10,24257
2013-10-01,123.50,124.95,120.10,122.25,17878
2013-10-03,122.40,124.90,121.60,122.50,24538
2013-10-04,122.75,125.70,122.40,125.00,31518
2013-10-07,125.80,125.80,123.00,123.00,13591
2013-10-08,125.80,126.00,123.00,123.40,14392
2013-10-09,122.85,125.10,121.00,124.00,14179
2013-10-10,124.25,132.40,123.80,130.10,44931
2013-10-11,131.20,132.70,127.50,128.25,47945
2013-10-14,126.60,129.90,125.15,125.15,14989
2013-10-15,126.50,131.00,124.15,125.00,35861
2013-10-17,126.65,127.90,123.50,124.90,13564
2013-10-18,124.35,128.40,124.10,125.55,17233
2013-10-21,127.40,127.85,125.05,125.90,8277
2013-10-22,125.70,127.90,125.20,125.30,15019
2013-10-23,126.00,126.95,123.60,124.00,17510
2013-10-24,123.75,125.50,123.70,124.00,10300
2013-10-25,123.10,124.00,121.00,121.10,20188
2013-10-28,122.00,122.50,119.00,120.60,15507
2013-10-29,117.00,121.70,117.00,121.00,13318
2013-10-30,121.80,124.00,120.60,122.00,15789
2013-10-31,118.70,122.80,118.70,120.30,8140
2013-11-01,120.10,121.95,120.10,121.05,22196
2013-11-05,124.70,124.70,122.00,123.35,16340
2013-11-06,123.65,130.50,123.65,128.10,106126
2013-11-07,128.55,133.50,127.25,128.75,49909
2013-11-08,127.00,128.00,123.00,124.00,31599
2013-11-11,123.70,125.35,123.00,123.15,31265
2013-11-12,122.55,125.00,119.00,119.95,73451
2013-11-13,120.85,121.85,114.00,114.50,97902
2013-11-14,114.85,118.75,114.00,114.55,63944
2013-11-18,115.70,117.85,113.00,113.75,60897
2013-11-19,117.75,117.75,109.00,109.55,83581
2013-11-20,110.00,111.55,105.30,106.40,87696
2013-11-21,106.10,108.35,103.10,104.15,50089
2013-11-22,104.35,106.40,101.30,102.70,232520
2013-11-25,104.90,114.50,103.60,113.25,214841
2013-11-26,117.00,119.00,113.05,113.70,133003
2013-11-27,111.20,114.95,111.20,113.50,43741
2013-11-28,114.90,123.75,113.45,123.00,157097
2013-11-29,126.00,131.00,124.55,126.45,166249
2013-12-02,127.80,127.80,122.00,123.25,62423
2013-12-03,125.30,125.30,120.05,120.05,54045
2013-12-04,122.50,122.80,117.20,118.50,55616
2013-12-05,119.60,122.20,118.50,118.55,56602
2013-12-06,119.70,121.80,118.30,121.10,60869
2013-12-09,120.80,122.80,117.00,118.20,57980
2013-12-10,117.50,121.50,117.50,120.20,48152
2013-12-11,121.00,122.35,118.20,118.40,57193
2013-12-12,118.00,122.50,118.00,119.05,118026
2013-12-13,119.95,121.40,119.85,120.50,70470
2013-12-16,121.50,127.70,120.40,126.00,2079269
2013-12-17,125.55,128.00,123.50,124.45,164626
2013-12-18,124.00,125.95,121.15,123.30,608395
2013-12-19,123.00,125.00,121.25,123.75,63392
2013-12-20,123.45,124.00,121.50,122.30,48329
2013-12-23,122.60,130.50,122.55,129.00,156487
2013-12-24,130.70,131.60,125.50,127.00,80173
2013-12-26,127.00,129.40,126.60,127.85,45760
2013-12-27,127.85,128.00,122.60,123.60,60201
2013-12-30,126.00,126.00,124.00,124.85,55743
2013-12-31,125.05,130.85,124.00,127.20,186576
2014-01-01,127.10,131.75,127.10,131.75,98778
2014-01-02,137.45,138.40,128.00,128.65,298205
2014-01-03,125.05,130.45,125.05,127.70,69557
2014-01-06,127.50,130.50,127.00,128.50,49006
2014-01-07,128.50,129.00,126.80,127.05,42160
2014-01-08,128.05,130.50,126.00,128.30,71244
2014-01-09,127.00,128.00,124.00,125.15,50479
2014-01-10,123.50,127.70,123.10,123.65,40841
2014-01-13,123.05,125.25,122.00,122.40,40128
2014-01-14,122.00,123.85,121.55,122.05,29664
2014-01-15,121.10,123.00,121.10,121.55,31923
2014-01-16,123.40,135.50,120.60,128.80,556129
2014-01-17,128.10,130.90,123.00,123.05,155389
2014-01-20,123.80,125.80,118.60,123.00,84798
2014-01-21,122.00,123.50,120.00,120.80,48956
2014-01-22,121.45,123.80,119.10,119.50,347544
2014-01-23,120.90,122.55,117.90,120.00,82702
2014-01-24,118.20,119.70,116.00,117.20,47774
2014-01-27,116.00,116.00,110.50,112.15,59263
2014-01-28,111.95,116.40,111.00,113.85,45025
2014-01-29,113.00,115.65,111.00,111.20,49211
2014-01-30,109.90,114.00,109.30,111.60,45815
2014-01-31,111.70,115.00,111.00,111.15,47546
2014-02-03,111.35,112.15,110.00,110.55,41574
2014-02-04,109.10,114.65,109.10,114.50,133521
2014-02-05,111.90,113.00,111.10,111.90,44086
2014-02-06,112.00,113.80,111.20,112.05,40161
2014-02-07,112.20,113.95,112.05,112.90,29549
2014-02-10,112.25,114.60,110.25,111.60,42926
2014-02-11,110.55,114.40,110.55,113.60,40561
2014-02-12,112.80,114.00,111.20,112.05,35240
2014-02-13,112.00,114.95,112.00,113.20,87418
2014-02-14,112.40,114.50,112.40,113.80,49472
2014-02-17,112.50,115.55,112.50,113.65,41874
2014-02-18,114.00,114.90,113.55,114.20,33856
2014-02-19,113.15,115.00,113.15,113.50,30169
2014-02-20,112.70,122.30,112.30,120.80,116891
2014-02-21,122.25,124.40,117.10,118.05,114037
2014-02-24,118.00,122.30,116.25,119.95,81764
2014-02-25,120.00,122.65,117.00,119.40,40259
2014-02-26,119.00,120.80,118.35,118.65,94675
2014-02-28,120.00,121.00,118.10,119.15,37306
2014-03-03,119.70,119.70,117.00,117.15,48326
2014-03-04,117.00,120.00,116.55,118.90,53198
2014-03-05,119.20,121.50,118.00,118.70,39415
2014-03-06,119.45,122.60,119.25,121.15,48146
2014-03-07,121.85,145.35,119.50,137.55,225169
2014-03-10,143.40,147.00,135.20,138.05,228383
2014-03-11,138.00,142.90,135.00,137.80,77756
2014-03-12,135.20,144.50,135.20,142.70,138972
2014-03-13,143.80,143.80,136.30,137.30,51856
2014-03-14,136.05,138.60,133.00,136.85,48121
2014-03-18,136.85,147.60,135.10,146.20,197141
2014-03-19,147.00,147.70,137.70,138.65,59427
2014-03-20,140.40,143.50,137.70,138.95,71712
2014-03-21,139.00,144.90,138.10,140.05,58353
2014-03-24,139.70,145.00,139.05,141.65,100345
2014-03-25,139.00,144.95,139.00,143.85,106548
2014-03-26,144.45,147.00,141.20,142.30,61103
2014-03-27,142.90,146.50,142.00,142.90,49071
2014-03-28,142.90,143.95,140.95,141.25,37415
2014-03-31,143.00,145.00,141.50,141.95,37935
2014-04-01,143.70,143.70,141.55,142.20,31291
2014-04-02,143.35,150.10,142.50,145.60,144912
2014-04-03,146.90,148.60,144.45,147.65,49088
2014-04-04,147.55,151.95,145.30,147.25,73209
2014-04-07,147.00,147.75,144.10,145.65,36873
2014-04-09,144.20,149.00,144.05,146.20,52812
2014-04-10,146.70,150.85,145.25,146.05,51285
2014-04-11,145.00,150.45,145.00,145.60,82680
2014-04-15,146.70,147.00,144.75,145.30,52357
2014-04-16,143.90,145.80,140.05,141.20,45491
2014-04-17,140.00,142.95,140.00,140.45,40671
2014-04-21,141.05,145.00,140.00,142.20,43620
2014-04-22,142.50,150.60,141.65,148.15,113548
2014-04-23,149.10,152.30,146.70,148.65,80070
2014-04-25,145.25,147.50,143.15,143.45,40454
2014-04-28,143.50,143.95,142.05,142.95,34492
2014-04-29,143.20,144.40,139.20,139.90,39797
2014-04-30,140.05,142.95,131.65,136.35,40394
2014-05-02,136.45,138.60,134.60,135.15,36070
2014-05-05,134.00,136.20,132.70,133.45,46466
2014-05-06,135.70,135.70,133.00,134.20,32500
2014-05-07,134.20,139.40,134.20,135.55,63021
2014-05-08,135.65,142.90,134.45,141.55,71320
2014-05-09,140.10,143.70,136.75,138.35,44139
2014-05-12,140.65,142.00,138.20,139.85,46821
2014-05-13,140.05,144.35,139.10,139.70,49779
2014-05-14,141.65,142.90,139.55,140.55,38686
2014-05-15,140.50,142.10,134.55,135.70,42900
2014-05-16,147.00,152.00,139.15,140.45,87091
2014-05-19,144.50,149.85,143.00,148.35,121041
2014-05-20,152.70,165.00,150.05,160.75,254405
2014-05-21,159.80,164.00,155.30,157.25,287262
2014-05-22,159.65,162.40,150.00,153.30,80717
2014-05-23,154.90,157.50,153.30,156.40,75194
2014-05-26,157.50,158.70,146.00,148.15,59456
2014-05-27,148.55,157.40,144.00,152.25,101492
2014-05-28,154.50,156.80,149.00,150.65,69721
2014-05-29,150.00,151.90,146.50,148.85,27630
2014-05-30,147.40,153.00,147.40,148.70,15794
2014-06-02,149.00,153.00,147.25,148.45,26798
2014-06-03,148.05,153.80,148.00,151.70,39544
2014-06-04,152.05,156.80,152.05,153.85,48747
2014-06-05,152.35,156.00,152.35,153.30,28668
2014-06-06,152.35,159.50,152.35,157.65,269894
2014-06-09,160.00,161.70,154.00,155.50,123253
2014-06-10,158.00,159.50,155.10,155.85,64610
2014-06-11,156.35,157.80,150.60,151.85,40456
2014-06-12,151.80,157.90,150.05,154.50,28833
2014-06-13,153.10,159.00,152.00,153.10,51036
2014-06-16,151.60,159.30,151.35,154.95,56650
2014-06-17,153.40,155.00,151.00,151.60,43565
2014-06-18,150.40,153.55,148.00,150.15,21572
2014-06-19,150.00,153.00,149.20,150.55,23230
2014-06-20,149.20,152.95,146.95,150.80,42857
2014-06-23,151.10,152.40,147.25,147.75,18802
2014-06-24,148.10,151.30,146.65,147.25,31885
2014-06-25,146.55,148.00,146.00,146.50,22000
2014-06-26,145.20,152.35,145.05,150.75,61653
2014-06-27,150.50,150.75,146.55,147.20,17322
2014-06-30,151.35,155.00,146.50,149.50,48603
2014-07-01,151.70,151.85,149.00,149.30,50719
2014-07-02,150.85,152.50,148.25,149.35,22229
2014-07-03,151.70,151.70,148.60,149.70,62812
2014-07-04,148.65,151.50,147.35,148.80,52371
2014-07-07,147.80,151.40,144.55,146.60,153557
2014-07-08,145.20,147.50,138.90,140.10,41992
2014-07-09,140.15,140.25,135.30,136.10,35933
2014-07-10,140.80,146.05,136.50,142.00,50262
2014-07-11,140.60,144.50,137.05,138.15,16698
2014-07-14,136.80,139.15,131.25,134.10,14342
2014-07-15,134.20,141.50,134.20,140.25,10936
2014-07-16,140.25,147.60,138.30,145.75,25204
2014-07-17,148.60,150.00,146.25,147.30,43785
2014-07-18,148.00,148.05,143.00,144.00,17168
2014-07-21,144.70,151.75,144.50,150.00,50982
2014-07-22,152.30,152.50,147.55,151.20,41175
2014-07-23,151.30,151.35,147.40,149.60,23175
2014-07-24,147.40,151.00,147.40,148.15,19718
2014-07-25,146.70,149.55,144.00,144.50,22368
2014-07-28,144.50,147.90,144.00,146.50,14112
2014-07-30,145.00,150.75,145.00,147.55,52347
2014-07-31,146.85,153.50,146.45,147.15,33525
2014-08-01,145.80,148.60,144.10,145.65,10998
2014-08-04,145.75,147.95,142.55,143.45,14604
2014-08-05,142.00,146.50,140.25,143.60,15875
2014-08-06,143.95,147.90,141.90,145.90,33000
2014-08-07,145.70,151.45,144.50,147.40,35866
2014-08-08,144.00,148.50,143.40,145.80,18619
2014-08-11,144.50,147.00,139.40,140.55,34937
2014-08-12,138.15,138.15,134.10,134.60,61541
2014-08-13,135.75,139.00,134.40,135.95,24871
2014-08-14,135.25,135.60,127.65,130.05,66543
2014-08-18,132.00,132.00,129.05,130.10,45219
2014-08-19,130.00,131.25,128.65,128.90,32894
2014-08-20,128.90,130.50,127.20,128.50,152494
2014-08-21,131.70,133.75,128.80,129.85,54460
2014-08-22,132.00,134.40,130.55,132.55,38904
2014-08-25,132.55,137.40,132.55,134.30,26123
2014-08-26,135.00,136.00,132.20,132.90,17108
2014-08-27,132.90,138.00,132.50,136.25,153331
2014-08-28,136.75,139.00,135.05,136.00,20507
2014-09-01,132.60,140.00,132.60,138.10,61825
2014-09-02,139.15,139.25,137.00,137.75,93761
2014-09-03,137.15,143.00,135.90,139.85,235680
2014-09-04,140.55,140.55,135.45,137.05,99245
2014-09-05,137.05,143.00,136.00,141.35,320240
2014-09-08,141.35,143.25,138.90,140.30,47281
2014-09-09,143.00,143.00,137.90,138.55,41696
2014-09-10,138.00,140.00,136.15,138.10,70555
2014-09-11,137.20,145.95,136.70,143.45,160355
2014-09-12,144.00,144.85,140.10,141.90,37685
2014-09-15,141.85,144.70,140.00,141.05,31153
2014-09-16,139.15,143.95,139.15,141.50,91966
2014-09-17,140.15,145.45,139.15,142.00,153401
2014-09-18,142.00,144.00,141.60,142.85,22832
2014-09-19,141.65,147.00,141.60,143.80,42350
2014-09-22,143.50,144.80,141.50,143.85,21739
2014-09-23,141.50,145.95,137.00,138.10,18679
2014-09-24,139.45,149.80,135.00,146.85,1474538
2014-09-25,147.30,147.95,140.00,141.85,153312
2014-09-26,140.40,143.90,138.10,142.60,26864
2014-09-29,142.60,148.80,141.00,143.10,20057
2014-09-30,142.95,149.85,141.45,145.35,72805
2014-10-01,144.00,148.70,144.00,145.80,47234
2014-10-07,145.80,152.70,144.00,146.10,320973
2014-10-08,144.00,154.00,144.00,148.40,91154
2014-10-09,149.90,157.50,149.90,155.25,87671
2014-10-10,151.00,153.90,150.15,151.05,16943
2014-10-13,150.10,153.70,148.35,149.65,16847
2014-10-14,147.60,161.65,147.60,157.50,118840
2014-10-16,156.50,159.85,150.00,150.35,74292
2014-10-17,150.25,156.60,149.25,151.85,30007
2014-10-20,151.10,156.00,151.10,152.40,21495
2014-10-21,153.50,155.00,150.00,153.95,17725
2014-10-22,155.15,157.70,153.05,153.60,15913
2014-10-23,153.90,154.85,150.20,153.70,8311
2014-10-27,154.90,156.70,153.00,154.40,12051
2014-10-28,152.00,156.00,152.00,153.65,15026
2014-10-29,155.50,162.00,153.25,157.00,35721
2014-10-30,156.80,158.15,154.00,156.15,11868
2014-10-31,156.10,168.90,156.10,160.65,100861
2014-11-03,164.90,167.50,157.75,164.60,40783
2014-11-05,164.55,178.85,164.00,172.10,114572
2014-11-07,171.20,181.70,171.20,177.70,111275
2014-11-10,177.75,178.50,173.00,173.55,32858
2014-11-11,173.50,176.95,173.00,174.70,24933
2014-11-12,174.65,185.80,174.65,177.95,105001
2014-11-13,173.80,213.50,173.30,207.30,792159
2014-11-14,208.50,208.90,185.30,188.35,167692
2014-11-17,187.00,202.00,182.75,189.65,108255
2014-11-18,190.00,194.25,184.10,189.40,46119
2014-11-19,191.95,192.70,183.00,184.15,36141
2014-11-20,184.00,191.00,181.60,185.85,51332
2014-11-21,185.85,187.95,183.00,183.20,18749
2014-11-24,182.10,186.00,180.00,180.45,28564
2014-11-25,178.80,182.85,175.30,180.85,39087
2014-11-26,178.60,184.90,177.50,182.20,25362
2014-11-27,180.40,186.50,179.20,184.00,18001
2014-11-28,182.50,186.00,180.70,181.55,21638
2014-12-01,181.60,185.05,180.75,182.05,10716
2014-12-02,181.50,185.20,180.20,183.30,24935
2014-12-03,183.90,195.50,183.90,189.20,61687
2014-12-04,189.50,194.80,185.05,192.55,38359
2014-12-05,194.50,194.95,186.15,188.40,27831
2014-12-08,185.10,189.15,180.10,182.00,22704
2014-12-09,183.70,184.05,180.00,180.65,21100
2014-12-10,179.00,183.75,178.95,182.15,24857
2014-12-11,181.05,190.50,181.00,183.35,76757
2014-12-12,183.00,185.00,180.00,180.15,21944
2014-12-15,180.00,182.60,177.50,178.35,27131
2014-12-16,177.50,179.00,167.60,176.95,27011
2014-12-17,170.05,177.10,170.00,172.25,15476
2014-12-18,174.00,179.50,172.05,177.25,18288
2014-12-19,178.95,180.35,175.00,175.05,1259031
2014-12-22,179.45,184.00,176.95,178.00,118058
2014-12-23,178.00,180.00,172.75,179.35,57904
2014-12-24,180.00,180.00,175.00,175.90,11021
2014-12-26,177.00,181.45,174.95,179.05,36549
2014-12-29,182.95,185.00,178.50,182.75,31133
2014-12-30,181.00,188.00,181.00,182.45,42678
2014-12-31,183.90,196.00,183.00,186.55,141442
2015-01-01,187.90,194.90,187.15,190.65,66426
2015-01-02,193.90,197.70,190.15,195.60,66246
2015-01-05,197.00,200.65,191.60,193.55,53925
2015-01-06,194.00,194.00,182.25,185.70,45957
2015-01-07,186.10,189.00,181.20,187.05,23508
2015-01-08,189.45,196.05,189.00,192.50,33044
2015-01-09,191.25,195.00,187.65,188.80,21098
2015-01-12,186.70,192.85,186.00,187.80,12790
2015-01-13,187.00,191.95,183.15,185.05,23854
2015-01-14,182.50,194.00,182.50,189.25,45870
2015-01-15,194.00,194.00,186.15,187.30,9098
2015-01-16,190.50,190.50,185.55,186.55,10302
2015-01-19,187.95,189.85,185.50,186.35,11048
2015-01-20,187.00,189.00,185.50,187.90,11203
2015-01-21,186.10,187.90,183.60,184.40,9988
2015-01-22,184.05,189.00,184.05,185.25,10460
2015-01-23,187.90,188.00,183.50,185.30,9220
2015-01-27,184.00,194.80,184.00,191.50,38067
2015-01-28,194.05,196.00,185.25,186.45,47029
2015-01-29,188.20,188.20,184.00,184.65,9799
2015-01-30,188.50,188.50,179.60,181.35,15881
2015-02-02,181.50,186.00,181.50,183.70,4701
2015-02-03,188.00,188.00,181.20,182.05,5838
2015-02-04,185.50,185.50,178.25,179.25,8884
2015-02-05,178.00,215.10,178.00,192.15,75578
2015-02-06,190.00,200.00,190.00,192.05,24164
2015-02-09,193.00,193.40,181.60,189.25,11205
2015-02-10,186.10,194.10,186.10,188.25,20262
2015-02-11,184.00,185.95,175.10,183.40,84790
2015-02-12,183.00,183.60,179.05,181.80,16538
2015-02-13,183.95,184.00,180.00,180.30,24744
2015-02-16,181.90,184.00,180.00,180.05,29226
2015-02-18,180.55,183.95,180.00,180.15,18800
2015-02-19,182.20,182.20,180.00,180.35,16927
2015-02-20,181.00,188.00,180.95,185.20,25367
2015-02-23,185.55,187.05,180.00,180.25,29405
2015-02-24,181.95,183.75,180.00,181.75,11884
2015-02-25,181.75,210.00,180.00,180.25,25417
2015-02-26,180.00,181.85,180.00,180.30,16094
2015-02-27,181.00,181.00,178.20,180.20,12492
2015-02-28,181.95,181.95,180.00,180.10,14510
2015-03-02,178.25,181.25,178.25,180.05,14761
2015-03-03,180.00,182.00,180.00,180.25,15605
2015-03-04,181.70,188.85,171.00,182.90,1227098
2015-03-05,182.95,186.00,180.10,180.95,13291
2015-03-09,180.90,186.00,180.90,183.15,22683
2015-03-10,183.00,186.90,182.00,185.75,14546
2015-03-11,188.70,188.70,183.60,187.25,13514
2015-03-12,186.65,189.00,185.35,187.20,7545
2015-03-13,188.00,188.00,185.00,185.30,10516
2015-03-16,187.05,187.05,185.05,185.45,5034
2015-03-17,186.60,194.00,185.25,192.45,39278
2015-03-18,189.00,189.00,171.00,183.70,1257164
2015-03-19,185.00,185.80,183.00,183.15,10367
2015-03-20,183.10,184.65,183.00,183.45,5753
2015-03-23,184.75,184.75,180.00,180.00,14519
2015-03-24,183.00,183.00,178.00,178.65,17483
2015-03-25,182.40,182.40,178.00,178.35,8660
2015-03-26,178.10,179.70,178.00,178.00,11798
2015-03-27,177.45,181.85,177.45,178.85,13388
2015-03-30,179.25,185.00,177.05,179.55,6234
2015-03-31,178.75,181.75,172.35,175.80,8865
2015-04-01,178.05,182.95,176.35,180.00,7103
2015-04-06,178.00,182.80,178.00,181.20,5026
2015-04-07,179.75,187.00,179.60,184.65,10452
2015-04-08,182.75,186.70,182.35,185.85,9113
2015-04-09,185.75,200.00,183.05,186.95,96491
2015-04-10,187.05,194.85,187.00,191.40,17860
2015-04-13,191.40,194.80,188.00,191.80,11327
2015-04-15,191.60,218.60,191.00,199.50,256945
2015-04-16,199.45,206.90,193.50,198.45,101088
2015-04-17,199.45,208.75,193.50,196.30,52851
2015-04-20,194.00,196.95,187.00,189.25,27087
2015-04-21,187.60,194.45,186.45,189.20,21172
2015-04-22,194.50,197.80,186.65,189.05,16138
2015-04-23,188.70,193.00,187.15,190.50,12221
2015-04-24,190.15,190.25,182.25,183.15,15804
2015-04-27,180.25,186.85,173.00,176.05,19071
2015-04-28,173.00,179.75,170.00,173.70,19651
2015-04-29,173.70,175.85,170.05,173.95,10441
2015-04-30,174.75,185.00,174.55,182.30,66010
2015-05-04,184.60,188.00,179.05,180.25,24341
2015-05-05,184.80,184.80,176.60,177.50,17898
2015-05-06,177.15,178.70,171.60,173.80,17092
2015-05-07,172.00,175.65,163.25,167.50,22307
2015-05-08,165.00,173.30,163.00,164.50,28422
2015-05-11,169.70,171.85,164.10,165.55,23146
2015-05-12,171.50,171.50,161.00,163.65,11260
2015-05-13,169.00,169.40,162.70,167.15,5807
2015-05-14,168.00,170.00,163.55,167.55,11902
2015-05-15,169.90,173.00,166.00,172.05,14545
2015-05-18,169.20,174.00,169.00,172.80,7592
2015-05-19,170.15,174.80,170.15,172.95,6101
2015-05-20,171.25,175.90,171.20,175.00,9554
2015-05-21,177.00,178.00,173.10,175.25,7417
2015-05-22,174.50,176.45,174.35,175.50,4989
2015-05-25,175.50,176.00,171.10,173.05,5612
2015-05-26,174.40,174.40,170.05,170.45,9311
2015-05-27,174.80,174.80,165.85,167.80,13878
2015-05-28,169.80,172.35,166.00,169.95,17233
2015-05-29,171.50,171.55,153.00,154.75,50884
2015-06-01,154.75,158.85,154.75,157.40,10257
2015-06-02,155.25,160.90,155.00,155.70,10170
2015-06-03,155.05,156.85,150.25,153.65,13457
2015-06-04,151.95,156.00,148.20,154.75,16197
2015-06-05,152.00,154.80,151.75,153.35,6160
2015-06-08,154.95,155.00,147.30,152.35,10819
2015-06-09,147.30,154.80,147.30,149.95,6776
2015-06-10,150.80,153.70,148.20,149.70,5091
2015-06-11,150.00,152.45,141.05,143.50,15039
2015-06-12,148.00,171.70,135.20,141.85,195940
2015-06-15,136.50,138.70,131.10,136.75,41400
2015-06-16,135.60,138.90,135.00,136.05,17304
2015-06-17,138.00,141.80,135.25,137.70,116508
2015-06-18,139.00,139.20,137.20,138.15,17950
2015-06-19,137.25,144.35,137.25,142.35,32810
2015-06-22,142.50,147.90,140.00,141.00,33798
2015-06-23,142.80,142.80,139.10,139.90,24578
2015-06-24,141.80,141.80,138.45,139.05,13552
2015-06-25,139.60,143.55,137.35,142.00,17063
2015-06-26,137.20,142.70,137.05,137.95,18789
2015-06-29,136.95,144.00,135.00,140.60,49131
2015-06-30,139.10,146.00,137.70,138.45,309103
2015-07-01,140.90,141.95,136.20,139.45,20382
2015-07-02,138.15,140.05,138.15,139.90,9792
2015-07-03,138.20,142.90,138.20,139.85,11733
2015-07-06,141.90,141.90,136.20,140.70,5545
2015-07-07,140.40,145.05,139.10,144.45,17278
2015-07-08,141.65,144.95,140.10,143.15,9050
2015-07-09,141.65,146.00,138.10,139.35,68350
2015-07-10,141.80,141.80,138.60,139.75,10973
2015-07-13,139.10,142.80,139.10,141.75,18545
2015-07-14,140.90,142.90,140.10,140.95,9973
2015-07-15,140.35,142.60,140.00,141.45,12450
2015-07-16,140.00,142.95,140.00,141.80,15248
2015-07-17,140.70,143.00,138.10,139.90,23273
2015-07-20,139.75,142.40,139.05,141.70,16863
2015-07-21,142.05,153.40,142.05,146.55,104117
2015-07-22,147.00,157.00,147.00,152.25,48277
2015-07-23,150.10,153.95,145.45,148.70,20005
2015-07-24,151.65,158.95,147.80,157.45,25601
2015-07-27,156.10,167.45,153.10,158.45,75104
2015-07-28,158.50,163.30,155.60,157.45,509417
2015-07-29,159.75,159.95,155.70,157.35,12538
2015-07-30,157.80,159.50,156.05,158.70,8876
2015-07-31,156.15,163.25,156.15,159.25,17271
2015-08-03,160.90,166.70,158.50,160.05,43169
2015-08-04,159.05,166.90,159.05,161.70,112358
2015-08-05,163.40,163.40,157.10,158.20,29035
2015-08-06,160.60,160.60,157.80,159.25,22242
2015-08-07,158.00,166.90,157.05,159.05,45737
2015-08-10,160.00,172.00,160.00,164.05,88302
2015-08-11,166.00,166.00,160.10,162.15,24182
2015-08-12,163.40,163.40,154.45,156.95,20412
2015-08-13,158.60,160.90,151.65,152.90,22744
2015-08-14,155.00,155.90,152.00,152.95,14588
2015-08-17,153.05,157.00,152.05,155.90,14698
2015-08-18,157.95,170.90,154.55,163.95,108058
2015-08-19,165.00,166.35,161.00,161.75,15028
2015-08-20,160.15,165.75,156.00,157.80,18795
2015-08-21,158.00,164.00,150.20,161.30,20786
2015-08-24,146.20,156.40,144.05,149.45,30301
2015-08-25,149.45,156.50,125.00,142.15,25845
2015-08-26,149.00,150.00,140.05,146.75,10029
2015-08-27,148.05,154.90,148.05,149.70,11387
2015-08-28,152.60,152.80,145.10,148.75,18282
2015-08-31,148.80,150.80,145.10,149.35,20733
2015-09-01,146.15,148.50,140.10,142.85,11166
2015-09-02,143.60,144.80,141.00,142.25,13566
2015-09-03,145.25,146.80,142.10,144.80,8365
2015-09-04,143.05,148.80,140.05,144.85,11810
2015-09-07,150.00,150.00,143.00,145.30,14308
2015-09-08,145.00,147.00,141.00,142.35,11944
2015-09-09,143.30,148.90,142.00,146.55,10692
2015-09-10,143.10,147.90,142.45,146.15,5082
2015-09-11,146.75,147.00,141.10,144.35,6182
2015-09-14,146.75,147.00,143.65,145.60,5811
2015-09-15,144.80,150.00,144.80,148.85,9896
2015-09-16,147.20,154.00,145.65,146.55,18117
2015-09-18,147.00,153.00,146.05,150.45,41871
2015-09-21,149.00,155.00,148.00,151.15,15315
2015-09-22,151.05,153.65,148.80,150.40,14400
2015-09-23,148.15,152.00,147.50,150.15,8726
2015-09-24,148.30,160.00,148.25,156.65,16899
2015-09-28,160.00,161.00,155.10,158.35,7932
2015-09-29,155.00,157.00,152.25,155.80,8285
2015-09-30,156.05,162.00,156.05,160.70,7753
2015-10-01,161.00,164.00,158.05,159.10,13436
2015-10-05,162.75,162.95,158.00,160.70,18840
2015-10-06,160.05,162.45,157.05,158.30,9366
2015-10-07,157.00,161.00,155.60,158.80,13076
2015-10-08,157.00,160.65,156.50,159.75,9094
2015-10-09,161.95,164.00,158.00,160.40,11048
2015-10-12,157.55,164.50,157.55,158.30,11440
2015-10-13,156.00,161.65,156.00,157.90,7011
2015-10-14,156.05,160.25,156.05,157.60,10272
2015-10-15,161.80,161.80,151.60,154.75,12301
2015-10-16,155.55,162.00,152.00,154.00,31811
2015-10-19,155.00,156.90,149.60,150.35,23158
2015-10-20,150.55,152.70,147.50,148.85,14868
2015-10-21,148.90,151.75,144.00,145.15,27005
2015-10-23,144.15,146.70,142.00,145.95,15433
2015-10-26,145.05,146.80,144.00,144.65,6846
2015-10-27,145.10,145.10,142.50,143.20,13855
2015-10-28,142.05,151.90,142.00,145.90,56626
2015-10-29,145.20,147.10,141.75,142.30,32926
2015-10-30,141.70,144.70,138.10,138.40,55799
2015-11-02,140.45,140.45,134.50,135.90,38695
2015-11-03,140.90,140.90,132.55,133.25,24133
2015-11-04,134.05,139.90,134.05,135.10,30310
2015-11-05,135.10,136.85,129.10,130.00,23336
2015-11-06,133.45,133.45,124.15,126.50,24908
2015-11-09,122.10,124.25,114.65,116.65,108876
2015-11-10,115.95,119.00,114.10,116.20,32362
2015-11-11,116.00,122.00,116.00,120.50,7581
2015-11-13,123.90,123.90,118.00,120.75,15742
2015-11-16,120.75,122.75,118.00,122.45,15259
2015-11-17,122.00,128.05,120.50,125.15,26168
2015-11-18,126.40,126.40,118.50,120.25,27634
2015-11-19,121.95,125.00,120.00,122.25,17815
2015-11-20,122.25,124.20,119.00,120.30,43047
2015-11-23,119.05,122.95,118.10,119.80,35605
2015-11-24,118.05,122.00,118.05,119.80,13497
2015-11-26,120.05,121.90,119.00,119.95,28618
2015-11-27,120.95,124.80,119.20,120.25,28199
2015-11-30,120.05,122.50,119.25,120.35,18983
2015-12-01,119.55,120.50,119.10,119.65,17817
2015-12-02,119.05,120.85,118.60,119.05,40208
2015-12-03,121.00,121.00,117.10,118.15,32141
2015-12-04,118.95,124.50,116.95,123.15,36066
2015-12-07,125.00,126.70,120.00,124.20,21996
2015-12-08,122.00,126.00,122.00,124.05,28427
2015-12-09,125.20,125.20,120.10,120.50,17599
2015-12-10,121.00,124.50,120.45,123.10,14229
2015-12-11,123.95,124.05,121.00,121.20,14597
2015-12-14,120.30,121.10,120.00,120.45,11668
2015-12-15,124.10,124.10,119.10,122.05,55747
2015-12-16,122.00,124.00,121.70,122.30,18712
2015-12-17,122.25,125.90,121.50,124.40,17940
2015-12-18,123.00,134.50,123.00,132.30,77803
2015-12-21,131.00,133.30,128.10,129.70,22824
2015-12-22,128.50,139.70,128.20,134.75,36448
2015-12-23,137.90,139.30,132.60,138.35,62466
2015-12-24,138.05,142.80,137.10,139.35,42528
2015-12-28,140.85,142.00,138.40,140.10,18341
2015-12-29,142.30,144.85,138.60,140.90,72690
2015-12-30,140.00,141.95,139.00,140.60,12506
2015-12-31,140.00,143.00,135.10,139.65,14696
2016-01-01,139.70,143.00,138.95,140.00,22079
2016-01-04,139.35,143.65,136.35,142.30,37626
2016-01-05,138.40,141.65,138.40,140.55,9288
2016-01-06,140.20,141.95,139.70,140.20,13528
2016-01-07,138.00,139.90,131.20,132.35,17763
2016-01-08,131.80,134.80,131.40,132.05,9385
2016-01-11,130.20,131.55,128.00,128.80,13240
2016-01-12,128.00,129.95,122.50,124.20,19300
2016-01-13,123.65,126.00,117.00,118.30,34999
2016-01-14,121.15,123.00,114.00,119.65,27061
2016-01-15,119.65,122.40,117.20,118.25,13532
2016-01-18,115.00,119.35,111.00,114.60,23714
2016-01-19,117.70,118.00,112.50,116.10,9102
2016-01-20,118.90,119.05,93.00,96.95,208356
2016-01-21,97.70,102.85,92.60,100.70,98894
2016-01-22,100.70,106.00,100.70,103.35,19069
2016-01-25,105.85,106.85,103.70,105.25,17137
2016-01-27,107.60,107.60,105.00,107.00,7860
2016-01-28,107.00,107.00,102.55,106.10,10825
2016-01-29,106.00,109.40,104.20,108.10,14941
2016-02-01,110.00,110.05,104.50,107.30,184540
2016-02-02,108.95,110.00,103.90,105.70,37144
2016-02-03,105.80,107.00,99.30,100.70,19095
2016-02-04,102.40,104.05,97.00,102.30,20083
2016-02-05,101.30,104.80,96.50,101.45,76160
2016-02-08,101.50,103.05,97.20,97.85,14777
2016-02-09,97.00,99.90,94.40,94.70,11938
2016-02-10,95.00,95.05,91.00,93.95,34792
2016-02-11,95.65,95.65,89.00,89.80,15859
2016-02-12,91.25,91.30,85.00,89.15,29702
2016-02-15,91.25,92.10,87.00,90.00,24527
2016-02-16,92.25,92.25,84.60,85.25,11469
2016-02-17,82.80,86.70,82.80,85.45,10707
2016-02-18,87.25,93.10,83.00,84.40,35518
2016-02-19,86.95,86.95,83.50,83.55,17113
2016-02-22,85.45,86.00,82.55,83.40,25634
2016-02-23,84.95,86.30,83.00,83.80,13303
2016-02-24,85.70,85.70,81.60,82.45,4647
2016-02-25,84.90,84.90,82.00,83.50,6647
2016-02-26,87.40,87.40,82.00,85.10,9168
2016-02-29,84.95,84.95,82.50,83.20,4555
2016-03-01,84.00,85.05,81.95,84.30,26924
2016-03-02,86.75,88.95,83.10,86.55,16122
2016-03-03,87.90,90.00,84.70,85.80,21874
2016-03-04,87.85,87.85,85.10,86.90,10569
2016-03-08,87.95,90.00,85.10,86.00,45862
2016-03-09,86.85,86.85,83.30,85.10,14499
2016-03-10,86.45,86.45,80.95,85.10,25420
2016-03-11,85.80,86.30,81.40,81.80,31236
2016-03-14,82.50,83.00,80.50,80.80,38002
2016-03-15,82.30,82.55,80.00,81.60,14332
2016-03-16,82.20,82.50,80.00,80.75,25729
2016-03-17,81.30,84.00,80.00,81.10,18368
2016-03-18,80.55,82.20,80.00,80.70,22144
2016-03-21,82.00,82.00,80.65,81.30,18294
2016-03-22,81.80,84.80,81.20,83.00,41950
2016-03-23,83.95,89.60,83.10,85.15,58138
2016-03-28,86.00,86.30,82.65,83.25,13211
2016-03-29,84.30,84.30,81.20,81.40,34256
2016-03-30,82.00,85.30,81.50,83.95,13785
2016-03-31,84.40,85.65,83.10,85.00,18590
2016-04-01,84.50,87.40,83.70,86.35,12719
2016-04-04,86.70,88.00,86.00,86.60,11028
2016-04-05,87.70,87.70,84.35,84.40,5256
2016-04-06,85.75,87.75,84.10,86.90,8111
2016-04-07,87.60,87.60,85.10,86.00,12559
2016-04-08,86.35,86.95,85.80,86.15,4051
2016-04-11,86.75,87.00,85.25,85.90,5223
2016-04-12,86.75,92.50,85.80,90.85,79587
2016-04-13,92.95,96.35,92.50,95.20,53799
2016-04-18,96.85,98.80,93.10,96.85,30614
2016-04-20,95.10,97.95,93.20,96.15,11547
2016-04-21,96.75,96.75,94.60,95.55,5356
2016-04-22,95.00,100.00,93.15,97.30,17725
2016-04-25,99.00,99.00,95.10,95.45,7122
2016-04-26,95.60,98.00,95.55,96.75,8846
2016-04-27,95.95,97.50,95.00,95.55,3771
2016-04-28,95.85,98.50,95.20,95.50,23452
2016-04-29,94.60,96.00,93.60,94.50,10851
2016-05-02,94.75,95.15,93.00,94.35,8273
2016-05-03,95.45,95.70,91.40,94.25,15801
2016-05-04,93.05,93.05,89.00,89.85,16463
2016-05-05,89.00,91.00,88.25,89.90,6320
2016-05-06,90.85,90.85,88.45,88.85,4743
2016-05-09,88.80,91.95,87.70,88.90,11112
2016-05-10,90.20,90.25,88.25,89.00,4715
2016-05-11,89.80,90.60,88.10,89.15,12210
2016-05-12,89.95,89.95,88.60,88.95,4651
2016-05-13,88.55,89.90,88.50,89.25,3407
2016-05-16,89.20,89.80,88.60,89.55,5913
2016-05-17,89.15,92.00,88.55,90.50,14291
2016-05-18,88.00,90.80,88.00,90.25,11374
2016-05-19,90.65,90.80,89.25,89.90,4121
2016-05-20,88.15,90.35,88.15,89.45,4869
2016-05-23,89.70,90.00,88.20,88.45,6236
2016-05-24,89.60,90.00,88.00,89.20,6244
2016-05-25,90.65,100.00,88.60,98.95,58693
2016-05-26,98.45,98.45,93.65,95.80,13790
2016-05-27,94.45,97.70,92.65,95.25,5940
2016-05-30,93.10,94.00,88.00,88.30,95625
2016-05-31,89.50,89.50,87.25,87.80,9002
2016-06-01,88.25,88.40,85.00,85.55,10629
2016-06-02,85.20,87.75,85.20,87.05,12901
2016-06-03,86.90,88.15,86.15,86.40,17342
2016-06-06,86.45,87.25,85.20,85.95,17541
2016-06-07,87.75,87.75,85.25,86.00,11793
2016-06-08,86.80,86.85,86.00,86.45,8708
2016-06-09,87.05,89.25,86.05,88.90,12824
2016-06-10,89.70,101.80,89.20,96.55,259131
2016-06-13,95.00,95.70,92.70,93.10,21881
2016-06-14,94.40,94.40,91.15,91.60,18467
2016-06-15,93.65,103.00,92.95,96.85,118672
2016-06-16,96.50,98.35,94.50,95.25,7071
2016-06-17,96.15,97.75,93.00,94.40,12936
2016-06-20,93.05,96.60,92.25,94.50,16313
2016-06-21,95.05,97.00,94.00,94.25,6861
2016-06-22,95.45,95.45,92.25,93.30,14111
2016-06-23,92.25,94.25,92.25,92.65,9168
2016-06-24,92.25,92.45,86.20,90.55,32110
2016-06-27,89.00,93.50,89.00,91.65,10308
2016-06-28,91.30,94.80,90.20,93.70,10026
2016-06-29,95.00,101.30,95.00,98.15,217789
2016-06-30,98.95,100.00,98.00,98.65,49435
2016-07-01,99.45,100.00,98.25,99.10,32619
2016-07-04,99.10,99.90,98.00,98.40,15624
2016-07-05,98.95,98.95,97.00,97.25,11206
2016-07-07,96.00,100.00,96.00,99.40,44795
2016-07-08,99.30,99.30,96.00,96.65,18215
2016-07-11,96.95,98.75,95.10,96.00,24133
2016-07-12,97.10,97.10,94.60,96.50,21123
2016-07-13,96.90,96.90,92.65,93.35,11030
2016-07-14,93.60,95.45,93.50,94.75,11271
2016-07-15,94.95,96.60,93.00,94.15,11588
2016-07-18,95.25,95.25,93.60,94.40,13088
2016-07-19,93.15,94.50,92.80,93.15,10662
2016-07-20,93.55,94.70,93.50,94.00,9543
2016-07-21,95.90,95.90,92.70,93.25,9898
2016-07-22,93.10,94.60,92.10,94.15,5914
2016-07-25,93.20,94.90,90.50,92.05,21113
2016-07-26,93.80,93.80,90.00,90.90,22118
2016-07-27,91.00,92.80,90.15,92.15,29318
2016-07-28,91.20,93.80,91.20,92.90,14740
2016-07-29,94.50,95.00,93.00,94.60,9564
2016-08-01,94.00,97.90,92.50,93.00,237616
2016-08-02,94.80,95.80,92.30,92.70,14898
2016-08-03,93.00,93.95,91.40,91.85,11909
2016-08-04,93.00,93.00,90.00,91.05,28662
2016-08-05,92.35,92.40,90.50,90.70,20508
2016-08-08,91.20,91.90,89.70,89.85,20952
2016-08-09,89.55,91.75,89.20,89.80,21843
2016-08-10,91.25,91.25,88.20,88.55,11513
2016-08-11,90.10,90.80,87.50,89.95,33585
2016-08-12,88.30,89.00,87.00,87.05,20894
2016-08-16,87.05,88.00,85.00,85.10,31351
2016-08-17,85.00,86.00,82.00,82.70,96063
2016-08-18,84.00,85.00,80.00,83.40,121121
2016-08-19,84.65,86.00,83.75,85.15,10134
2016-08-22,86.30,87.00,83.60,84.75,29997
2016-08-23,84.10,85.40,83.00,84.05,14352
2016-08-24,84.00,85.80,83.00,83.90,17510
2016-08-25,83.65,88.30,83.65,84.95,21095
2016-08-26,85.15,87.40,84.10,84.75,17780
2016-08-29,85.00,91.50,84.20,87.75,265790
2016-08-30,89.15,90.20,88.00,89.20,137090
2016-08-31,90.80,92.80,89.30,89.90,42481
2016-09-01,91.65,91.65,88.45,89.30,20692
2016-09-02,90.00,90.45,87.50,88.25,7024
2016-09-06,87.50,90.00,87.50,88.70,10189
2016-09-07,89.00,89.85,88.00,88.70,10888
2016-09-08,89.00,89.00,87.20,87.75,12846
2016-09-09,87.30,88.95,85.05,86.60,15406
2016-09-12,86.80,87.25,83.05,84.15,19152
2016-09-14,84.70,87.80,84.70,86.55,12758
2016-09-15,87.50,88.50,86.70,87.45,6029
2016-09-16,88.00,88.60,87.00,87.45,13879
2016-09-19,87.20,89.00,87.20,87.55,16213
2016-09-20,87.20,88.45,86.00,87.10,18897
2016-09-21,88.70,88.70,86.25,87.55,6128
2016-09-22,87.20,88.50,87.20,88.35,15866
2016-09-23,88.50,90.00,87.00,88.80,16117
2016-09-26,88.20,90.00,87.70,88.15,11878
2016-09-27,88.30,89.20,87.25,87.70,13482
2016-09-28,87.30,100.00,87.30,89.70,327856
2016-09-29,90.90,91.60,85.00,85.20,64875
2016-09-30,88.00,88.00,84.00,86.80,23593
2016-10-03,88.75,90.00,87.15,88.85,21223
2016-10-04,90.00,90.90,88.00,88.45,7899
2016-10-05,89.00,90.00,86.60,86.85,43731
2016-10-06,87.00,87.90,85.60,86.45,36613
2016-10-07,87.20,88.20,86.00,86.50,12456
2016-10-10,85.70,88.25,85.70,87.95,12089
2016-10-13,87.95,88.00,84.50,84.95,272913
2016-10-14,85.75,87.00,84.55,85.35,18180
2016-10-17,85.50,90.20,85.40,87.80,40657
2016-10-18,87.50,90.00,87.05,89.05,17530
2016-10-19,91.80,92.10,89.60,90.15,75958
2016-10-20,90.30,91.45,88.75,90.00,30167
2016-10-21,90.85,90.90,89.00,89.85,16485
2016-10-24,90.95,90.95,87.50,87.80,25534
2016-10-25,87.25,89.95,87.25,89.40,19955
2016-10-26,88.70,91.00,88.60,89.15,18343
2016-10-27,90.00,90.50,86.00,89.80,92289
2016-10-28,89.30,90.85,89.00,89.85,11235
2016-11-01,90.25,91.40,89.10,89.90,57263
2016-11-02,89.10,90.95,89.05,89.70,29038
2016-11-03,90.00,91.00,87.50,88.35,46561
2016-11-04,88.50,88.50,85.40,86.25,21788
2016-11-07,86.10,88.00,85.00,86.55,44986
2016-11-08,86.70,87.85,86.30,87.10,13130
2016-11-09,85.00,85.00,80.05,83.90,43202
2016-11-10,84.15,87.35,84.15,84.70,20502
2016-11-11,83.70,84.00,79.65,80.90,51932
2016-11-15,81.50,82.65,76.90,77.60,37015
2016-11-16,81.80,81.80,76.10,76.70,27545
2016-11-17,77.10,77.70,75.40,75.70,53766
2016-11-18,77.00,77.00,75.00,75.50,49067
2016-11-21,76.90,76.90,72.10,73.55,21224
2016-11-22,73.45,74.85,72.10,72.60,8447
2016-11-23,73.50,73.95,72.25,73.55,7527
2016-11-24,74.70,74.80,72.70,73.10,26210
2016-11-25,73.95,75.00,72.60,73.25,22650
2016-11-28,74.00,76.00,73.00,75.20,17842
2016-11-29,75.10,77.45,75.10,76.85,49352
2016-11-30,77.80,79.00,73.20,76.40,38574
2016-12-01,76.40,78.10,74.95,75.45,9761
2016-12-02,75.00,76.40,75.00,75.80,4233
2016-12-05,75.00,77.00,74.10,74.50,10771
2016-12-06,74.30,75.00,73.50,74.00,18462
2016-12-07,73.50,75.05,73.40,74.95,23267
2016-12-08,75.50,75.60,72.30,73.50,62958
2016-12-09,73.35,74.95,71.00,73.05,71641
2016-12-12,72.80,79.50,72.60,76.95,41204
2016-12-13,77.50,78.00,73.90,76.55,15059
2016-12-14,75.25,77.60,74.15,75.00,14312
2016-12-15,74.55,76.10,73.55,74.15,8882
2016-12-16,74.15,76.75,74.15,76.35,11703
2016-12-19,76.80,76.80,73.05,73.45,10098
2016-12-20,74.00,74.55,72.90,73.10,10388
2016-12-21,73.00,74.80,72.85,73.90,9779
2016-12-22,73.55,74.75,72.05,72.95,11555
2016-12-23,74.00,74.50,72.80,73.50,13170
2016-12-26,72.50,74.40,71.30,73.10,15484
2016-12-27,74.30,74.65,72.05,72.75,14890
2016-12-28,72.50,74.80,72.00,72.35,14887
2016-12-29,73.75,73.80,72.30,73.40,6523
2016-12-30,73.50,74.85,71.95,72.10,59629
2017-01-02,72.00,72.00,71.50,71.90,24719
2017-01-03,72.00,74.00,70.00,72.80,119719
2017-01-04,72.80,73.20,72.45,72.50,14460
2017-01-05,73.75,73.95,72.55,72.80,21634
2017-01-06,73.00,73.60,72.50,72.70,7720
2017-01-09,72.30,73.70,72.30,73.00,44969
2017-01-10,73.50,73.80,72.60,72.90,28215
2017-01-11,73.20,74.05,73.10,73.75,26748
2017-01-12,74.30,74.90,73.00,73.85,47964
2017-01-13,73.20,75.50,72.35,74.65,51141
2017-01-16,74.90,79.70,74.90,77.65,69741
2017-01-17,77.55,78.65,75.10,75.65,12627
2017-01-18,75.60,77.50,75.55,76.05,7161
2017-01-19,76.90,76.95,75.15,75.95,10709
2017-01-20,76.00,76.95,74.40,74.70,17487
2017-01-23,76.20,76.25,72.45,73.30,41156
2017-01-24,74.80,75.50,73.40,74.90,11432
2017-01-25,75.75,75.75,74.50,75.00,14200
2017-01-27,75.00,76.00,74.20,75.20,8501
2017-01-30,74.25,79.80,74.25,77.70,23818
2017-01-31,78.00,79.40,75.90,77.80,32087
2017-02-01,77.05,80.00,75.10,79.50,17977
2017-02-02,79.50,79.80,77.20,78.25,21449
2017-02-03,79.00,79.90,77.70,79.35,19205
2017-02-06,79.00,79.95,77.50,79.80,125801
2017-02-07,79.85,80.95,78.50,79.10,33869
2017-02-08,79.10,80.00,77.70,79.55,29549
2017-02-09,79.00,79.00,74.10,75.40,61445
2017-02-10,74.85,76.30,74.70,75.20,120362
2017-02-13,75.00,76.00,73.00,74.10,12694
2017-02-14,74.00,75.00,74.00,74.25,17464
2017-02-15,74.00,75.50,73.00,74.55,58900
2017-02-16,73.70,75.50,73.55,75.00,26190
2017-02-17,75.00,75.25,74.05,74.75,8536
2017-02-20,74.90,75.00,73.65,74.85,18797
2017-02-21,75.00,75.00,73.25,74.60,10555
2017-02-22,74.00,74.95,74.00,74.10,6039
2017-02-23,74.10,74.95,74.10,74.55,14343
2017-02-27,74.20,75.40,74.10,74.10,30649
2017-02-28,74.10,74.85,74.10,74.45,10065
2017-03-01,74.50,75.00,74.10,74.20,25215
2017-03-02,74.80,75.00,74.25,74.55,14119
2017-03-03,74.80,74.80,74.10,74.15,7113
2017-03-06,74.70,75.00,74.15,74.85,21172
2017-03-07,75.00,75.00,74.20,74.40,11409
2017-03-08,74.30,74.90,74.10,74.10,17988
2017-03-09,74.70,75.30,72.80,73.15,17971
2017-03-10,74.10,75.00,66.10,66.95,504437
2017-03-14,67.90,69.50,60.50,61.95,369800
2017-03-15,61.15,73.20,59.50,67.35,1785904
2017-03-16,67.40,80.80,67.40,80.80,1451397
2017-03-17,85.80,88.30,81.55,84.55,1795231
2017-03-20,85.00,91.45,82.10,86.50,1585085
2017-03-21,88.80,88.80,84.50,85.45,387106
2017-03-22,88.20,88.20,84.60,85.30,408295
2017-03-23,84.90,87.25,82.80,85.25,367428
2017-03-24,85.75,86.50,84.50,85.30,58140
2017-03-27,85.30,90.00,84.75,88.15,105645
2017-03-28,89.35,91.05,86.70,88.80,538249
2017-03-29,88.90,90.90,88.00,89.55,577910
2017-03-30,88.50,90.00,85.45,86.15,486641
2017-03-31,85.30,89.90,84.10,85.80,23872
2017-04-03,89.85,90.05,86.10,86.65,753566
2017-04-05,85.00,88.90,84.75,86.70,77335
2017-04-06,85.25,87.80,83.25,84.85,289643
2017-04-07,84.85,85.80,81.55,82.70,38162
2017-04-10,83.00,86.40,82.10,83.00,321736
2017-04-11,80.30,86.40,80.30,86.15,276984
2017-04-12,86.50,90.45,84.40,86.85,41932
2017-04-13,85.00,91.15,85.00,91.05,84069
2017-04-17,94.80,95.60,91.10,91.90,114632
2017-04-18,92.10,93.20,89.10,89.95,67918
2017-04-19,91.00,92.00,89.10,90.60,49366
2017-04-20,88.50,91.00,88.50,89.95,72327
2017-04-21,89.00,91.00,88.00,89.80,119831
2017-04-24,91.00,91.00,88.50,90.20,139770
2017-04-25,91.00,93.70,91.00,93.10,241377
2017-04-26,93.00,93.70,90.40,93.25,34498
2017-04-27,93.00,93.60,91.00,92.80,20039
2017-04-28,92.00,93.30,91.15,92.10,167734
2017-05-02,92.00,95.65,90.70,91.95,33858
2017-05-03,92.00,94.50,91.00,91.80,113445
2017-05-04,92.10,93.80,90.75,91.00,25328
2017-05-05,91.00,93.00,89.25,91.15,36605
2017-05-08,90.00,94.65,90.00,91.00,156210
2017-05-09,93.90,93.90,90.05,90.95,11501
2017-05-10,92.40,94.50,88.75,89.70,33986
2017-05-11,92.50,92.50,86.80,87.00,31055
2017-05-12,89.00,89.35,86.30,86.95,21477
2017-05-15,86.95,89.90,84.00,86.95,14842
2017-05-16,84.05,89.90,84.05,86.65,12064
2017-05-17,85.00,87.50,85.00,86.65,8828
2017-05-18,87.00,88.00,84.00,84.65,6096
2017-05-19,88.80,88.85,86.00,87.40,39289
2017-05-22,90.00,90.10,85.15,85.55,6734
2017-05-23,85.10,88.00,83.05,85.00,6150
2017-05-24,83.15,85.00,82.50,84.30,5717
2017-05-25,83.00,87.00,82.70,85.50,7658
2017-05-26,86.00,89.50,84.25,85.95,33281
2017-05-29,85.00,85.00,81.70,81.70,18177
2017-05-30,81.20,83.00,79.50,80.95,25266
2017-05-31,80.10,80.10,77.15,79.30,23528
2017-06-01,81.95,83.25,78.45,81.55,92299
2017-06-02,81.60,84.20,80.60,82.00,49235
2017-06-05,85.90,85.90,81.00,81.95,172315
2017-06-06,83.00,85.00,80.25,80.90,155405
2017-06-07,81.00,81.00,80.00,80.50,32351
2017-06-08,81.50,83.00,80.55,81.40,27341
2017-06-09,80.50,82.35,78.00,79.80,39568
2017-06-12,80.00,81.05,78.00,78.90,17440
2017-06-13,79.15,80.90,78.00,78.05,157691
2017-06-14,79.50,79.50,75.80,77.05,49456
2017-06-15,78.00,83.70,72.30,75.70,285466
2017-06-16,78.00,83.25,78.00,83.25,294054
2017-06-19,84.00,87.50,83.00,83.95,91962
2017-06-20,83.50,84.65,82.95,84.10,32341
2017-06-21,84.90,84.90,83.45,83.90,117229
2017-06-22,83.75,92.25,83.75,91.30,520743
2017-06-23,92.00,98.70,90.20,93.95,366921
2017-06-27,93.80,99.50,93.20,96.10,314031
2017-06-28,93.50,98.00,91.15,96.15,312039
2017-06-29,96.25,103.90,96.25,99.95,510909
2017-06-30,99.90,102.90,97.45,98.75,370858
2017-07-03,99.00,105.00,98.25,102.95,431689
2017-07-04,103.90,106.85,101.45,103.90,524094
2017-07-05,104.95,114.25,103.10,114.25,1592623
2017-07-06,117.00,119.95,115.00,119.55,773348
2017-07-07,121.20,124.40,115.10,121.25,507405
2017-07-10,125.00,125.00,117.75,119.35,63580
2017-07-11,120.00,121.40,118.00,119.30,264449
2017-07-12,119.95,124.50,117.10,117.80,264381
2017-07-13,120.50,123.40,117.50,118.35,332015
2017-07-14,121.50,121.50,112.90,114.10,143540
2017-07-17,116.90,119.00,112.50,116.55,144634
2017-07-18,115.90,121.00,114.50,115.75,172318
2017-07-19,114.15,119.30,114.15,115.60,78328
2017-07-20,116.80,117.50,114.95,115.10,50780
2017-07-21,114.75,116.70,110.80,111.50,106365
2017-07-24,112.00,116.20,111.30,113.85,127676
2017-07-25,115.50,115.75,111.60,114.80,157569
2017-07-26,114.95,120.50,112.00,120.45,400867
2017-07-27,120.50,122.50,116.15,116.70,115210
2017-07-28,116.05,122.50,115.25,118.85,231919
2017-07-31,117.00,121.00,116.50,117.45,94456
2017-08-01,117.30,118.90,115.50,116.45,60411
2017-08-02,117.90,119.40,115.45,116.45,87699
2017-08-03,118.00,118.00,114.35,115.05,52864
2017-08-04,114.55,119.00,113.95,115.85,200609
2017-08-07,116.50,121.00,116.50,118.65,148962
2017-08-08,120.20,127.25,115.20,124.65,1010170
2017-08-09,124.00,128.45,120.10,120.80,252845
2017-08-10,118.30,126.00,114.90,117.15,337800
2017-08-11,108.70,119.80,108.70,112.45,186001
2017-08-14,115.90,117.85,110.05,112.20,96619
2017-08-16,115.05,118.60,114.20,116.65,83402
2017-08-17,116.65,119.65,115.50,116.90,86824
2017-08-18,116.00,122.15,114.95,117.95,199874
2017-08-21,118.80,122.70,115.05,116.35,238754
2017-08-22,118.00,118.60,115.20,115.95,61906
2017-08-23,117.70,117.70,115.70,116.70,30972
2017-08-24,116.95,119.35,112.90,114.10,82907
2017-08-28,116.00,118.50,114.00,116.20,89630
2017-08-29,117.85,118.00,115.00,115.80,46577
2017-08-30,118.50,124.00,116.75,121.50,343726
2017-08-31,122.50,127.50,120.95,125.40,329022
2017-09-01,126.45,130.65,124.95,127.70,332031
2017-09-04,127.95,130.40,121.40,128.55,182198
2017-09-05,129.70,129.70,123.05,124.05,104516
2017-09-06,125.40,128.80,123.00,125.70,169790
2017-09-07,126.15,130.80,123.80,124.95,170612
2017-09-08,125.45,129.20,122.20,124.35,148341
2017-09-11,124.65,128.40,122.00,123.30,197821
2017-09-12,122.65,122.65,116.15,118.30,218442
2017-09-13,120.90,122.00,115.30,118.70,219731
2017-09-14,118.95,122.00,112.40,116.00,273094
2017-09-15,116.00,117.00,113.30,114.10,40968
2017-09-18,119.50,120.70,116.00,117.25,244060
2017-09-19,118.30,119.65,117.50,118.10,70339
2017-09-20,117.65,123.00,117.65,120.00,190360
2017-09-21,120.00,120.70,116.00,116.95,66780
2017-09-22,116.00,117.70,113.15,114.00,55818
2017-09-25,114.35,115.85,107.95,109.75,94660
2017-09-26,112.25,114.00,109.90,110.50,60529
2017-09-27,111.50,113.80,105.75,106.95,52270
2017-09-28,107.25,109.45,103.00,105.40,49363
2017-09-29,108.45,109.40,104.50,106.20,41909
2017-10-03,105.05,111.85,105.05,110.05,48234
2017-10-04,112.45,113.90,109.00,112.50,43106
2017-10-05,112.95,112.95,109.30,111.75,35552
2017-10-06,112.65,119.00,111.55,113.40,273381
2017-10-09,114.60,117.60,112.85,115.25,188225
2017-10-10,116.00,116.00,112.80,113.85,66499
2017-10-11,114.95,115.60,107.10,108.95,91299
2017-10-12,110.60,111.00,108.50,109.65,49784
2017-10-13,109.25,113.60,109.00,112.55,98588
2017-10-16,117.45,117.45,111.90,112.55,90507
2017-10-17,112.90,116.40,110.65,114.45,127199
2017-10-18,115.65,117.20,112.00,113.00,74868
2017-10-19,113.85,116.00,113.80,115.30,50883
2017-10-23,116.00,117.90,113.10,114.95,135146
2017-10-24,116.00,121.50,114.40,118.15,209492
2017-10-25,119.50,126.10,117.60,118.85,173416
2017-10-26,118.85,123.35,117.00,120.85,123252
2017-10-27,122.05,122.50,118.10,118.75,43200
2017-10-30,121.90,127.75,119.00,124.60,379722
2017-10-31,125.50,128.95,123.10,124.40,317504
2017-11-01,124.40,127.50,119.00,121.80,238806
2017-11-02,121.30,122.50,118.50,119.60,109911
2017-11-03,119.60,124.60,119.45,121.95,109822
2017-11-06,123.40,126.00,120.75,123.95,134944
2017-11-07,124.50,124.50,120.00,120.75,79179
2017-11-08,122.50,122.60,118.50,119.50,53369
2017-11-09,123.95,124.30,119.60,121.90,99521
2017-11-10,121.60,121.60,115.55,117.20,139540
2017-11-13,119.70,127.00,119.70,123.50,378737
2017-11-14,123.95,139.60,123.00,129.85,1096442
2017-11-15,131.00,135.00,126.00,127.25,256680
2017-11-16,129.80,131.70,125.20,126.85,107651
2017-11-17,129.35,130.00,127.40,128.70,61742
2017-11-20,128.80,135.80,127.30,133.55,178009
2017-11-21,132.00,145.00,132.00,143.50,406094
2017-11-22,146.00,148.30,141.25,142.60,361540
2017-11-23,142.60,171.10,141.00,167.00,1151280
2017-11-24,172.10,174.80,160.00,163.55,502498
2017-11-27,163.40,174.00,160.30,168.05,325952
2017-11-28,169.50,178.90,165.00,175.40,349071
2017-11-29,177.00,184.50,175.85,178.35,358679
2017-11-30,177.50,194.90,176.00,182.80,605197
2017-12-01,184.60,190.95,171.20,174.80,377796
2017-12-04,176.40,186.90,172.00,176.05,233838
2017-12-05,176.75,184.45,172.65,181.60,235762
2017-12-06,180.45,184.25,175.65,177.20,199908
2017-12-07,178.70,183.40,176.50,180.10,132655
2017-12-08,181.30,182.80,175.00,176.35,197498
2017-12-11,174.55,179.00,172.00,173.15,80425
2017-12-12,174.00,177.80,168.40,169.75,102353
2017-12-13,164.95,176.75,162.95,173.80,247373
2017-12-14,177.00,181.00,171.00,173.70,413841
2017-12-15,174.65,179.00,174.25,176.85,75809
2017-12-18,176.85,180.85,169.80,176.10,98055
2017-12-19,178.50,181.00,176.35,177.85,69660
2017-12-20,177.05,183.00,175.00,176.25,183098
2017-12-21,179.80,187.00,178.35,186.00,595158
2017-12-22,186.90,187.50,180.50,181.80,122372
2017-12-26,181.30,181.75,176.70,177.65,60627
2017-12-27,179.70,179.70,174.55,175.50,70790
2017-12-28,175.10,176.25,169.50,170.50,143024
2017-12-29,172.60,173.95,168.30,169.35,90177
2018-01-01,170.20,178.65,169.40,175.65,125877
2018-01-02,175.00,181.90,174.60,179.85,315959
2018-01-03,180.60,184.00,178.90,182.40,122760
2018-01-04,184.00,185.85,177.75,178.80,41401
2018-01-05,175.15,181.00,175.15,177.85,40322
2018-01-08,178.00,182.00,177.10,180.35,162299
2018-01-09,181.95,187.40,180.50,182.55,326317
2018-01-10,182.10,183.95,177.15,180.30,71572
2018-01-11,182.95,182.95,178.90,179.85,60841
2018-01-12,180.10,182.95,176.05,177.25,54057
2018-01-15,181.75,181.75,172.20,173.90,90922
2018-01-16,175.00,180.95,173.05,174.45,167782
2018-01-17,171.00,179.95,171.00,174.15,108111
2018-01-18,175.45,179.00,168.95,170.70,152484
2018-01-19,167.30,172.50,167.30,168.90,94743
2018-01-22,174.95,177.50,167.55,171.15,183403
2018-01-23,172.00,177.40,171.65,175.00,114810
2018-01-24,175.10,176.95,168.00,169.30,72004
2018-01-25,171.90,171.90,163.50,164.65,75705
2018-01-29,165.00,172.30,160.00,166.30,154891
2018-01-30,165.00,169.00,162.20,164.00,46437
2018-01-31,161.30,165.90,158.35,160.15,37374
2018-02-01,160.50,166.00,155.00,161.20,77555
2018-02-02,158.00,161.95,134.80,141.65,280737
2018-02-05,139.95,139.95,128.00,133.70,219395
2018-02-06,120.00,128.85,120.00,122.90,249709
2018-02-07,124.65,134.95,124.65,129.50,202313
2018-02-08,130.15,138.00,130.00,133.00,124564
2018-02-09,131.00,140.45,130.00,138.35,120003
2018-02-12,143.00,152.05,141.00,147.05,149726
2018-02-14,149.20,158.90,148.45,151.35,190348
2018-02-15,155.00,162.00,151.20,152.45,335113
2018-02-16,154.65,159.70,149.10,150.55,129786
2018-02-19,157.00,159.95,146.50,149.65,326755
2018-02-20,149.65,156.00,149.65,150.60,198463
2018-02-21,152.80,153.90,148.25,150.45,63880
2018-02-22,148.10,155.95,147.00,148.40,423183
2018-02-23,148.10,153.00,148.10,149.75,80478
2018-02-26,151.00,155.00,150.50,151.30,100094
2018-02-27,152.60,152.65,146.10,147.35,47218
2018-02-28,146.55,148.50,145.15,146.95,47196
2018-03-01,146.95,150.00,146.95,148.05,24402
2018-03-05,148.80,149.00,141.85,143.50,61851
2018-03-06,145.60,146.00,137.30,138.55,36730
2018-03-07,139.05,140.80,132.60,133.55,57561
2018-03-08,135.55,137.90,128.95,130.15,58607
2018-03-09,131.45,131.55,125.00,127.40,64916
2018-03-12,129.20,132.90,127.40,131.30,56633
2018-03-13,133.00,137.40,131.95,134.20,51367
2018-03-14,131.50,134.70,130.50,131.70,34412
2018-03-15,131.90,136.00,131.80,132.65,38990
2018-03-16,132.70,134.90,131.50,132.10,33524
2018-03-19,132.00,133.80,126.90,129.25,55935
2018-03-20,130.85,131.90,127.50,128.45,24773
2018-03-21,129.10,131.70,124.75,128.95,63844
2018-03-22,129.05,129.95,124.25,125.00,48822
2018-03-23,124.00,124.85,116.90,119.55,68493
2018-03-26,119.90,120.40,115.35,116.90,105970
2018-03-27,117.55,124.95,117.55,123.90,49194
2018-03-28,121.05,127.65,118.80,123.15,97681
2018-04-02,121.10,134.70,121.10,127.80,100291
2018-04-03,128.95,132.75,126.20,132.00,57751
2018-04-04,133.00,134.40,125.50,127.20,48468
2018-04-05,129.05,133.00,128.40,130.45,57791
2018-04-06,130.90,135.00,129.00,133.45,88770
2018-04-09,134.95,139.00,132.50,138.05,53783
2018-04-10,136.15,142.00,136.00,138.30,72002
2018-04-11,139.00,139.00,135.00,136.00,35256
2018-04-12,136.00,137.55,131.00,132.65,23066
2018-04-13,135.65,135.70,132.00,132.95,20926
2018-04-16,132.35,133.75,130.10,132.45,32164
2018-04-17,131.70,144.30,131.70,138.65,265424
2018-04-18,138.45,142.40,135.15,136.25,133403
2018-04-19,137.55,138.00,135.05,137.25,34734
2018-04-20,136.10,140.00,134.00,134.75,48876
2018-04-23,135.85,142.45,135.10,137.10,219574
2018-04-24,137.60,140.00,136.20,136.75,47231
2018-04-25,136.70,137.50,133.60,134.40,22056
2018-04-26,134.55,136.35,131.10,132.00,35692
2018-04-27,132.50,136.40,132.50,134.55,33681
2018-04-30,135.30,135.90,132.10,132.95,24653
2018-05-02,133.15,139.00,131.45,132.45,95729
2018-05-03,133.30,134.40,130.30,131.85,61620
2018-05-04,131.85,132.35,128.50,130.10,44973
2018-05-07,130.15,134.00,129.50,132.50,55750
2018-05-08,133.15,141.85,132.50,139.40,156110
2018-05-09,139.40,144.80,137.15,138.20,196409
2018-05-10,139.05,139.05,133.25,134.30,29918
2018-05-11,136.10,136.75,133.00,133.60,16609
2018-05-14,133.95,134.50,126.70,128.45,47325
2018-05-15,128.45,133.95,124.75,127.10,73164
2018-05-16,126.05,128.50,123.70,126.55,28041
2018-05-17,126.40,128.50,123.70,124.55,35872
2018-05-18,125.00,126.00,119.90,121.60,39037
2018-05-21,121.60,121.60,117.00,117.85,47501
2018-05-22,116.90,121.15,116.90,120.00,41215
2018-05-23,119.20,123.60,119.00,119.65,51418
2018-05-24,119.95,127.00,119.95,124.95,83278
2018-05-25,127.00,127.00,123.30,124.30,31468
2018-05-28,121.40,124.00,118.20,119.95,68437
2018-05-29,121.00,121.00,116.60,118.15,44037
2018-05-30,117.80,122.10,117.30,120.65,32456
2018-05-31,120.55,121.20,115.75,116.95,35779
2018-06-01,117.25,118.45,111.60,112.85,54327
2018-06-04,111.00,115.85,101.05,103.40,78131
2018-06-05,103.60,103.60,97.15,100.15,63431
2018-06-06,98.40,106.95,96.60,104.35,68016
2018-06-07,103.00,108.40,100.35,106.30,51139
2018-06-08,105.65,114.00,104.10,107.65,160448
2018-06-11,107.90,110.80,107.20,108.50,31609
2018-06-12,108.65,112.80,108.60,110.65,60440
2018-06-13,110.90,111.05,105.00,106.70,39130
2018-06-14,106.95,108.70,105.75,106.95,14242
2018-06-15,107.00,108.85,105.00,106.50,13961
2018-06-18,104.15,106.65,102.40,103.20,19701
2018-06-19,103.55,104.05,99.50,102.10,32721
2018-06-20,104.00,107.00,100.10,105.60,29633
2018-06-21,105.80,113.80,103.65,112.30,126155
2018-06-22,112.10,115.65,109.20,113.55,100700
2018-06-25,113.45,114.75,111.40,112.45,20648
2018-06-26,112.35,117.80,111.00,116.25,61028
2018-06-27,116.10,120.45,113.35,114.15,60154
2018-06-28,113.00,114.80,107.50,108.80,23764
2018-06-29,109.15,110.85,105.70,106.80,24485
2018-07-02,107.05,109.45,105.55,108.05,18736
2018-07-03,107.95,110.45,105.55,107.55,54031
2018-07-04,107.45,111.75,106.60,107.80,29497
2018-07-05,108.10,108.90,105.50,106.35,34387
2018-07-06,106.40,107.40,103.95,104.60,34639
2018-07-09,105.15,107.55,103.95,105.35,26207
2018-07-10,105.80,108.60,104.70,106.50,30792
2018-07-11,106.20,108.95,104.80,105.25,22965
2018-07-12,106.30,115.10,105.75,109.65,122930
2018-07-13,108.80,109.55,105.85,106.90,23340
2018-07-16,108.20,108.20,103.95,105.50,14094
2018-07-17,103.00,106.00,103.00,105.05,13212
2018-07-18,104.75,105.90,104.00,104.80,16025
2018-07-19,103.40,105.00,99.90,100.55,30359
2018-07-20,101.00,101.25,99.15,100.25,19473
2018-07-23,97.75,104.00,97.75,101.80,39274
2018-07-24,102.05,104.00,101.10,103.50,17841
2018-07-25,104.85,109.70,102.70,107.20,34526
2018-07-26,107.10,107.60,104.50,105.20,11475
2018-07-27,105.65,109.00,104.40,105.55,27737
2018-07-30,106.55,107.70,103.00,104.20,36145
2018-07-31,105.00,106.85,102.70,106.20,36430
2018-08-01,106.65,109.05,104.55,107.45,26443
2018-08-02,108.40,111.00,106.75,109.75,78549
2018-08-03,111.00,120.80,110.10,119.45,140780
2018-08-06,120.15,124.00,114.70,118.10,78514
2018-08-07,116.05,118.90,114.50,116.50,22683
2018-08-08,115.90,118.50,115.00,116.20,22480
2018-08-09,119.20,119.20,114.00,114.55,11454
2018-08-10,114.60,116.30,111.10,114.80,30915
2018-08-13,113.05,113.50,107.60,108.50,27502
2018-08-14,108.50,108.50,104.10,104.75,39163
2018-08-16,104.05,108.00,102.65,103.55,55406
2018-08-17,105.00,105.35,102.00,102.35,35094
2018-08-20,103.50,103.95,100.50,101.85,42899
2018-08-21,103.00,106.30,101.05,103.35,50126
2018-08-23,104.50,105.15,100.00,103.05,26470
2018-08-24,103.15,106.45,102.00,104.70,34544
2018-08-27,103.35,106.65,103.35,104.35,22718
2018-08-28,105.00,106.50,101.20,101.85,27724
2018-08-29,101.95,102.00,100.50,101.10,27748
2018-08-30,100.45,103.00,100.00,101.15,19405
2018-08-31,101.70,103.00,99.55,102.65,37622
2018-09-03,106.40,108.00,102.80,103.35,34327
2018-09-04,104.00,105.00,101.10,103.10,22282
2018-09-05,103.05,103.95,99.70,101.65,20229
2018-09-06,104.00,104.00,100.60,102.20,8731
2018-09-07,103.00,103.00,99.00,99.75,29444
2018-09-10,100.70,100.70,96.00,97.55,24862
2018-09-11,97.20,97.95,93.60,94.70,28330
2018-09-12,93.70,94.20,90.30,91.60,42795
2018-09-14,91.50,93.05,90.05,90.45,28668
2018-09-17,89.00,89.00,86.60,87.70,36614
2018-09-18,86.00,97.70,85.00,86.90,113057
2018-09-19,88.00,96.50,85.95,89.65,130351
2018-09-21,91.00,93.15,83.00,87.65,34395
2018-09-24,86.00,88.95,82.50,83.65,26430
2018-09-25,82.95,85.40,79.50,80.25,49359
2018-09-26,80.60,82.55,79.10,81.00,26658
2018-09-27,80.45,83.50,79.00,79.50,41139
2018-09-28,78.00,79.90,75.80,76.35,21397
2018-10-01,77.75,77.75,72.90,74.85,20206
2018-10-03,73.05,78.90,73.05,78.15,16440
2018-10-04,76.75,77.00,73.60,75.25,13852
2018-10-05,75.35,79.65,74.20,77.50,35349
2018-10-08,75.30,80.05,74.00,76.75,25010
2018-10-09,76.95,76.95,71.80,74.25,20338
2018-10-10,75.00,76.45,72.80,76.00,11208
2018-10-11,75.80,77.40,72.10,76.25,14100
2018-10-12,74.50,78.00,74.25,74.75,26630
2018-10-15,75.25,76.40,74.00,74.40,18852
2018-10-16,74.45,77.00,74.45,75.45,20241
2018-10-17,76.90,78.20,70.00,71.35,40674
2018-10-19,69.05,70.80,66.95,68.05,35596
2018-10-22,67.60,78.40,67.60,73.65,78497
2018-10-23,73.65,76.85,69.50,70.45,27365
2018-10-24,71.45,73.80,67.55,70.45,606298
2018-10-25,68.95,70.50,66.00,66.90,54551
2018-10-26,67.00,69.30,63.75,67.70,50629
2018-10-29,67.80,71.00,67.35,70.10,19700
2018-10-30,70.00,71.10,68.75,69.30,21348
2018-10-31,69.85,75.20,69.10,74.10,44334
2018-11-01,72.15,77.00,72.15,75.80,19748
2018-11-02,76.80,79.50,76.25,77.55,43655
2018-11-05,78.50,83.70,72.20,73.25,111019
2018-11-06,73.80,77.85,72.00,76.15,25110
2018-11-07,77.00,81.00,77.00,79.70,23948
2018-11-09,80.85,80.85,76.70,79.80,9384
2018-11-12,78.10,81.80,78.10,79.75,12313
2018-11-13,79.15,83.80,79.00,83.00,17793
2018-11-14,83.05,86.10,81.15,81.90,20300
2018-11-15,81.90,83.60,81.90,82.55,14922
2018-11-16,83.65,85.35,82.00,84.10,39038
2018-11-19,85.10,85.10,82.20,83.25,10639
2018-11-20,82.55,86.00,81.55,85.70,37853
2018-11-21,88.00,88.00,82.70,83.60,11623
2018-11-22,83.95,84.90,81.65,81.95,19893
2018-11-26,81.55,84.45,79.05,80.00,8850
2018-11-27,80.00,81.80,79.85,81.10,11717
2018-11-28,81.10,84.35,80.10,81.35,21723
2018-11-29,82.00,82.05,76.10,78.00,33499
2018-11-30,78.05,81.60,78.00,80.75,17519
2018-12-03,84.00,84.00,79.35,81.35,23494
2018-12-04,81.85,81.85,78.00,79.15,12565
2018-12-05,78.15,79.70,76.05,76.70,16109
2018-12-06,75.50,77.50,75.50,77.00,8372
2018-12-07,76.35,77.50,74.00,75.95,51863
2018-12-10,74.40,74.40,72.70,73.40,5992
2018-12-11,72.00,79.95,67.45,77.65,42449
2018-12-12,78.00,85.00,78.00,84.20,19355
2018-12-13,85.00,86.10,81.30,83.65,9904
2018-12-14,83.05,83.60,81.70,83.35,4622
2018-12-17,85.70,85.70,82.05,84.15,7815
2018-12-18,83.65,84.55,82.50,83.90,2862
2018-12-19,83.30,84.90,81.15,82.55,6020
2018-12-20,82.45,88.40,80.65,85.25,33985
2018-12-21,85.95,86.40,82.30,83.55,13029
2018-12-24,84.05,84.40,81.50,81.85,7824
2018-12-26,80.50,81.05,77.00,78.10,16073
2018-12-27,79.25,81.35,78.00,78.30,42553
2018-12-28,77.90,81.25,77.90,78.90,20853
2018-12-31,78.65,80.95,78.40,80.00,18097
2019-01-01,80.45,80.80,78.10,80.50,3691
2019-01-02,81.50,81.50,78.50,79.55,6441
2019-01-03,78.75,79.50,77.20,77.90,6054
2019-01-04,76.10,79.45,76.10,77.80,13134
2019-01-07,79.05,82.80,78.60,81.60,75329
2019-01-08,82.45,84.45,80.05,83.65,11634
2019-01-09,82.50,84.00,80.00,80.40,22730
2019-01-10,80.40,81.05,79.60,80.80,13178
2019-01-11,81.10,81.80,80.15,80.60,96826
2019-01-14,81.05,81.05,78.20,80.20,17393
2019-01-15,80.25,83.40,80.10,80.85,22073
2019-01-16,92.00,97.00,89.25,97.00,494824
2019-01-17,109.00,114.90,105.60,110.10,3127553
2019-01-18,110.10,110.80,105.40,108.60,777879
2019-01-21,108.50,109.60,100.95,102.40,168941
2019-01-22,100.00,106.25,98.90,101.45,200476
2019-01-23,101.50,102.95,97.30,98.40,80619
2019-01-24,98.55,100.65,95.20,95.70,67937
2019-01-25,96.30,99.85,92.20,92.75,113345
2019-01-28,92.60,93.50,87.95,89.70,72387
2019-01-29,87.10,94.70,87.10,91.55,104326
2019-01-30,91.60,95.10,88.60,89.30,120795
2019-01-31,90.00,100.00,89.55,95.20,383461
2019-02-01,95.65,96.15,93.00,94.55,45097
2019-02-04,95.95,95.95,91.10,92.05,23033
2019-02-05,92.90,92.90,89.75,90.70,77089
2019-02-06,90.10,97.95,90.10,91.65,145546
2019-02-07,92.45,98.90,91.75,98.35,167334
2019-02-08,97.80,102.30,95.00,95.70,95746
2019-02-11,95.10,95.85,92.00,93.45,81583
2019-02-12,94.05,94.50,91.75,92.15,18858
2019-02-13,92.75,93.50,90.10,92.25,37562
2019-02-14,92.35,97.80,90.25,96.05,41619
2019-02-15,96.65,97.55,92.30,93.65,18281
2019-02-18,94.00,94.00,89.00,89.85,46581
2019-02-19,91.60,92.35,90.20,90.80,21535
2019-02-20,90.90,92.05,90.50,91.10,27723
2019-02-21,91.20,94.85,90.60,91.85,95613
2019-02-22,91.90,93.50,91.25,91.90,28019
2019-02-25,92.00,93.50,90.20,90.45,49692
2019-02-26,89.95,89.95,86.05,88.00,29368
2019-02-27,89.30,91.65,88.50,90.20,59345
2019-02-28,90.15,91.60,89.05,89.95,20502
2019-03-01,90.05,92.40,89.40,90.25,87979
2019-03-05,90.95,95.35,90.20,94.75,110916
2019-03-06,95.95,100.00,94.65,94.95,77274
2019-03-07,94.70,96.40,92.90,93.30,41897
2019-03-08,93.25,99.00,92.95,95.05,101094
2019-03-11,94.95,101.35,94.95,100.00,125645
2019-03-12,101.40,103.85,98.65,99.35,86022
2019-03-13,99.65,107.90,97.55,104.05,254268
2019-03-14,105.20,107.20,103.00,103.75,116369
2019-03-15,104.05,105.50,99.15,100.75,53103
2019-03-18,102.90,103.85,98.00,102.65,111230
2019-03-19,102.95,106.95,99.45,104.80,192269
2019-03-20,104.05,105.45,102.00,102.75,26915
2019-03-22,101.90,103.50,99.55,100.55,26738
2019-03-25,98.15,100.90,97.65,100.10,41164
2019-03-26,101.00,102.00,99.20,100.30,21567
2019-03-27,100.90,101.00,96.20,98.35,57133
2019-03-28,98.70,100.30,98.60,99.65,14098
2019-03-29,101.00,105.20,99.60,104.30,232265
2019-04-01,104.10,107.10,103.00,104.05,99478
2019-04-02,104.90,104.90,101.90,103.10,36969
2019-04-03,102.65,104.40,100.50,102.80,59328
2019-04-04,102.80,103.00,99.15,102.35,46893
2019-04-05,102.05,103.65,102.05,102.90,22149
2019-04-08,102.50,103.90,101.00,102.05,20335
2019-04-09,102.05,103.05,101.25,102.70,9576
2019-04-10,103.20,103.55,98.80,99.20,51257
2019-04-11,100.30,103.45,99.55,101.95,78216
2019-04-12,103.00,103.45,99.45,100.10,25898
2019-04-15,101.00,103.10,100.55,101.85,31210
2019-04-16,102.35,103.00,100.60,100.85,29953
2019-04-18,101.50,101.50,99.50,99.85,24256
2019-04-22,98.35,99.70,95.10,96.55,23704
2019-04-23,96.40,97.80,95.00,95.50,19410
2019-04-24,95.85,96.90,93.85,94.50,27829
2019-04-25,95.00,95.50,93.65,94.25,16596
2019-04-26,95.50,96.00,92.00,93.55,26308
2019-04-30,93.55,93.85,90.30,90.70,40485
2019-05-02,90.60,96.50,90.60,95.80,46897
2019-05-03,94.85,95.00,92.20,93.30,16809
2019-05-06,94.55,101.00,94.00,98.15,124923
2019-05-07,97.00,101.40,94.30,98.80,220886
2019-05-08,98.50,99.20,96.45,98.20,145583
2019-05-09,99.65,99.65,95.00,95.50,33097
2019-05-10,97.50,97.95,95.25,96.00,92861
2019-05-13,95.00,96.00,93.00,93.50,32871
2019-05-14,92.00,96.70,92.00,94.60,74841
2019-05-15,94.95,96.00,93.15,94.95,73777
2019-05-16,94.05,94.75,90.00,90.55,35237
2019-05-17,89.60,91.90,87.00,88.85,122374
2019-05-20,90.85,90.85,87.50,89.15,91549
2019-05-21,89.40,89.80,87.50,87.95,66041
2019-05-22,87.50,88.50,87.10,87.95,18817
2019-05-23,88.00,90.25,86.55,89.15,53511
2019-05-24,89.95,93.25,89.80,92.45,68384
2019-05-27,92.65,96.40,92.50,95.95,168202
2019-05-28,97.00,97.00,94.50,94.85,71512
2019-05-29,95.65,95.65,92.00,93.20,66089
2019-05-30,90.10,90.10,83.20,87.80,255127
2019-05-31,88.65,89.50,86.20,88.40,83535
2019-06-03,87.50,89.30,86.00,88.40,36950
2019-06-04,89.90,89.90,87.00,87.75,14626
2019-06-06,88.70,88.70,83.75,84.10,40809
2019-06-07,83.50,85.60,83.50,84.40,62262
2019-06-10,86.80,86.80,75.30,82.25,114517
2019-06-11,81.55,83.70,80.70,82.85,89933
2019-06-12,82.00,83.00,79.60,82.30,64248
2019-06-13,82.55,82.55,78.55,79.15,55921
2019-06-14,79.50,82.75,78.10,82.00,162254
2019-06-17,82.35,83.30,79.10,82.25,46618
2019-06-18,82.00,82.20,78.60,81.75,38605
2019-06-19,81.30,82.10,78.10,80.35,28505
2019-06-20,80.10,81.50,78.00,80.85,61585
2019-06-21,81.25,81.25,79.15,79.80,11604
2019-06-24,79.85,81.90,79.50,80.55,6822
2019-06-25,80.20,81.50,80.10,80.70,20777
2019-06-26,79.65,81.40,78.55,78.95,16923
2019-06-27,79.15,80.00,76.10,76.65,35030
2019-06-28,76.90,79.80,76.85,78.95,26827
2019-07-01,78.60,79.00,76.30,77.30,9653
2019-07-02,78.35,78.80,77.00,77.80,8951
2019-07-03,77.00,78.90,77.00,77.95,8473
2019-07-04,77.00,78.20,77.00,77.85,6236
2019-07-05,77.00,79.80,77.00,78.45,7760
2019-07-08,78.30,78.30,73.00,75.55,23318
2019-07-09,76.00,78.00,74.20,75.90,9659
2019-07-10,76.20,78.20,73.60,74.50,8802
2019-07-11,75.20,76.00,74.70,75.20,4477
2019-07-12,78.90,79.00,71.10,73.00,23126
2019-07-15,73.00,73.00,67.25,68.50,33626
2019-07-16,67.60,82.20,66.10,82.20,293622
2019-07-17,83.20,87.90,77.10,82.70,390590
2019-07-18,82.00,82.00,78.50,80.40,32974
2019-07-19,80.45,81.40,75.10,75.95,23419
2019-07-22,75.95,76.00,70.00,71.35,12801
2019-07-23,73.00,77.80,70.05,73.20,22010
2019-07-24,72.40,76.00,71.10,73.65,14917
2019-07-25,73.00,76.95,72.80,75.15,14198
2019-07-26,76.00,76.50,73.20,74.75,16777
2019-07-29,74.20,75.25,70.10,71.15,23695
2019-07-30,69.55,72.00,64.05,65.80,36548
2019-07-31,65.00,66.60,63.45,64.65,21275
2019-08-01,63.80,68.00,63.80,67.40,14625
2019-08-02,67.00,71.85,64.50,70.10,55195
2019-08-05,70.10,70.10,66.00,68.80,12337
2019-08-06,68.05,74.40,67.60,73.70,25105
2019-08-07,73.20,76.85,72.75,74.85,39907
2019-08-08,73.50,76.00,70.25,75.25,17884
2019-08-09,75.00,83.65,72.65,74.40,15933
2019-08-13,75.00,75.00,70.10,72.35,32067
2019-08-14,73.85,74.05,68.60,69.65,22083
2019-08-16,68.90,71.40,64.25,70.15,41487
2019-08-19,70.05,71.85,68.15,69.45,11570
2019-08-20,69.70,69.70,65.00,66.05,28128
2019-08-21,66.45,67.50,62.95,63.75,39554
2019-08-22,62.85,64.05,57.00,59.25,34208
2019-08-23,59.10,62.00,57.10,61.35,21876
2019-08-26,63.00,63.00,59.00,60.25,32516
2019-08-27,62.00,67.65,60.80,65.05,34493
2019-08-28,67.50,67.50,60.15,61.60,33911
2019-08-29,62.50,62.50,59.55,60.50,22297
2019-08-30,60.55,61.00,59.05,60.20,18548
2019-09-03,60.00,60.15,57.90,58.50,16781
2019-09-04,58.50,62.95,58.00,62.05,20744
2019-09-05,61.25,68.50,60.30,67.25,62833
2019-09-06,68.90,68.90,64.75,65.40,37590
2019-09-09,64.70,70.00,63.55,68.45,44877
2019-09-11,68.80,74.80,68.00,72.60,23420
2019-09-12,73.95,75.00,69.55,70.45,12322
2019-09-13,74.45,74.45,69.50,71.30,7797
2019-09-16,69.00,72.00,68.95,71.20,9855
2019-09-17,71.70,71.75,65.10,66.85,29212
2019-09-18,69.05,70.40,67.90,68.20,8909
2019-09-19,69.90,70.40,64.65,66.05,22428
2019-09-20,68.20,71.20,64.10,69.65,25724
2019-09-23,71.00,75.80,70.00,72.05,58331
2019-09-24,73.50,74.00,70.10,71.15,33900
2019-09-25,73.30,73.30,68.95,72.75,26615
2019-09-26,72.10,75.30,72.10,73.90,27078
2019-09-27,73.00,75.00,72.90,74.65,9965
2019-09-30,74.50,74.65,68.20,69.45,45925
2019-10-01,71.40,71.40,67.00,67.80,8461
2019-10-03,68.00,73.20,67.00,71.75,14264
2019-10-04,72.80,72.80,67.75,68.45,10476
2019-10-07,71.30,71.30,66.00,67.05,8893
2019-10-09,68.00,68.50,66.05,66.80,24233
2019-10-10,67.80,67.80,65.60,67.05,12606
2019-10-11,69.00,69.00,65.10,65.90,3242
2019-10-14,68.95,68.95,65.20,67.50,10482
2019-10-15,68.85,69.00,65.10,66.05,7215
2019-10-16,67.70,67.70,63.95,64.65,36089
2019-10-17,66.50,77.40,66.50,71.70,407487
2019-10-18,72.00,74.00,68.00,69.80,49629
2019-10-22,69.70,69.95,67.60,68.05,18440
2019-10-23,68.95,69.45,67.05,67.65,18651
2019-10-24,67.70,71.45,67.00,68.05,29818
2019-10-25,68.00,71.55,65.30,69.70,34382
2019-10-29,71.40,74.55,69.95,72.70,36852
2019-10-30,74.35,75.00,72.30,74.15,21847
2019-10-31,74.45,75.55,72.15,72.90,26573
2019-11-01,77.50,82.95,75.00,77.80,152441
2019-11-04,79.00,82.00,76.00,77.85,45410
2019-11-05,78.90,80.90,78.50,79.30,23198
2019-11-06,79.20,80.00,77.30,78.65,15710
2019-11-07,79.95,82.00,79.05,80.50,29117
2019-11-08,77.20,77.20,72.00,73.40,78711
2019-11-11,73.60,77.25,70.80,71.85,845194
2019-11-13,72.60,72.60,69.00,69.50,86389
2019-11-14,69.75,69.75,66.95,67.25,70032
2019-11-15,68.45,68.50,66.05,67.00,54293
2019-11-18,68.45,69.70,67.00,67.80,77881
2019-11-19,68.50,68.50,66.20,67.60,46015
2019-11-20,67.95,68.50,66.50,66.85,48879
2019-11-21,66.00,68.20,65.80,67.10,22904
2019-11-22,67.85,68.00,66.05,66.35,34990
2019-11-25,67.00,67.50,66.00,66.80,31323
2019-11-26,67.45,67.80,66.10,66.35,19665
2019-11-27,66.65,70.55,66.40,68.65,124113
2019-11-28,73.55,74.70,68.30,69.35,1206623
2019-11-29,68.95,68.95,66.90,67.95,58281
2019-12-02,67.95,67.95,66.35,66.70,47260
2019-12-03,66.30,66.90,64.80,65.15,30133
2019-12-04,65.00,65.00,63.55,64.20,45153
2019-12-05,65.90,67.40,64.50,64.80,115623
2019-12-06,64.65,65.00,63.00,63.25,40503
2019-12-09,63.80,63.80,62.00,62.10,32595
2019-12-10,63.80,63.80,61.25,61.80,47780
2019-12-11,61.65,61.80,60.05,60.20,24283
2019-12-12,60.05,60.90,60.05,60.50,22157
2019-12-13,61.00,63.70,60.00,62.60,38132
2019-12-16,62.50,63.45,60.20,62.05,26728
2019-12-17,61.90,62.95,61.30,62.10,23188
2019-12-18,63.30,63.80,62.15,62.40,24588
2019-12-19,62.80,63.80,62.15,63.25,9504
2019-12-20,63.40,63.90,62.50,63.60,15504
2019-12-23,62.00,64.45,61.00,64.10,17023
2019-12-24,65.55,65.60,63.35,63.75,23843
2019-12-26,63.80,64.20,62.55,62.60,19305
2019-12-27,62.10,63.30,62.05,62.85,18104
2019-12-30,62.80,63.45,62.05,63.00,17284
2019-12-31,62.65,65.35,62.60,64.60,27897
2020-01-01,65.45,65.50,64.00,64.15,8992
2020-01-02,64.00,67.50,63.55,67.10,37864
2020-01-03,66.55,67.45,64.30,64.95,40817
2020-01-06,64.05,64.90,61.90,62.60,31442
2020-01-07,63.30,64.70,63.30,63.80,9459
2020-01-08,63.20,64.05,60.70,63.60,12882
2020-01-09,64.50,68.10,64.20,66.90,103302
2020-01-10,66.95,67.90,66.00,67.10,132334
2020-01-13,68.80,72.00,66.50,67.35,71416
2020-01-14,68.00,68.35,65.90,66.60,52280
2020-01-15,67.30,68.40,66.00,66.85,43066
2020-01-16,66.95,72.00,66.05,67.20,1236608
2020-01-17,67.20,68.55,66.00,66.25,144045
2020-01-20,66.40,68.90,66.25,66.95,891583
2020-01-21,68.00,69.00,65.20,66.60,2603954
2020-01-22,67.80,70.50,66.55,67.55,2573259
2020-01-23,68.10,69.00,67.20,68.40,318904
2020-01-24,69.45,69.70,67.60,68.10,500517
2020-01-27,67.95,68.00,64.10,64.50,319356
2020-01-28,64.15,65.65,62.35,62.90,161140
2020-01-29,63.45,66.40,63.25,65.90,235230
2020-01-30,66.45,66.60,62.85,63.50,104983
2020-01-31,64.30,64.40,61.90,62.50,63144
2020-02-01,62.15,62.95,54.55,55.95,272682
2020-02-03,56.20,60.50,54.55,57.90,162466
2020-02-04,61.90,61.90,54.15,55.90,312615
2020-02-05,55.00,62.30,55.00,61.45,401809
2020-02-06,65.20,67.50,63.70,64.30,2518194
2020-02-07,63.50,63.50,61.40,61.80,126260
2020-02-10,63.00,63.50,60.10,60.50,129158
2020-02-11,61.90,61.90,58.20,59.05,97800
2020-02-12,58.15,59.30,58.00,58.30,92069
2020-02-13,54.70,58.45,54.70,55.80,117784
2020-02-14,55.80,57.40,55.40,55.60,84122
2020-02-17,55.95,56.70,55.40,55.85,70017
2020-02-18,55.00,58.00,54.45,55.85,91924
2020-02-19,57.85,57.85,55.20,55.95,69170
2020-02-20,56.00,57.60,55.85,56.20,54150
2020-02-24,55.50,57.00,54.50,54.85,60681
2020-02-25,55.50,56.20,52.05,53.25,76965
2020-02-26,53.00,56.25,51.90,55.15,139778
2020-02-27,55.90,56.65,52.25,55.60,123787
2020-02-28,54.50,54.70,50.50,52.20,163372
2020-03-02,52.15,55.90,48.65,50.10,111530
2020-03-03,49.50,53.50,49.10,52.20,137963
2020-03-04,52.20,52.55,46.10,49.35,151661
2020-03-05,49.00,49.60,47.25,47.95,66310
2020-03-06,46.00,47.75,43.35,47.10,151061
2020-03-09,44.55,46.70,41.00,41.80,225264
2020-03-11,42.75,43.50,40.10,42.35,87974
2020-03-12,40.00,40.00,34.00,35.40,182310
2020-03-13,30.95,41.80,28.95,36.75,293162
2020-03-16,35.90,38.30,33.10,34.35,76623
2020-03-17,35.00,35.80,31.60,32.60,35583
2020-03-18,32.25,33.05,27.00,31.65,159765
2020-03-19,30.00,31.60,27.40,28.95,68635
2020-03-20,28.50,29.85,27.05,27.55,94033
2020-03-23,26.10,26.10,24.80,24.80,34551
2020-03-24,27.25,27.25,22.35,22.35,63193
2020-03-25,20.15,24.55,20.15,24.35,120585
2020-03-26,24.55,26.50,22.65,25.05,106989
2020-03-27,26.80,26.80,24.15,24.40,84160
2020-03-30,25.70,25.70,22.25,22.60,66759
2020-03-31,22.90,24.25,22.00,22.80,73385
2020-04-01,22.80,25.05,22.05,25.05,68568
2020-04-03,25.30,27.55,25.30,27.55,57098
2020-04-07,30.00,30.15,25.55,27.55,87507
2020-04-08,28.25,28.25,26.25,26.95,63839
2020-04-09,28.10,29.00,27.05,28.80,49758
2020-04-13,29.10,29.10,25.95,26.90,36987
2020-04-15,28.00,28.00,26.00,26.30,58733
2020-04-16,26.55,28.90,26.50,28.80,50714
2020-04-17,29.80,31.65,28.85,31.65,95276
2020-04-20,31.70,32.80,29.00,31.75,57796
2020-04-21,30.40,30.40,28.80,29.15,51442
2020-04-22,29.15,30.15,28.20,28.45,39755
2020-04-23,29.10,30.50,29.05,29.75,25866
2020-04-24,29.75,29.75,28.10,28.25,15196
2020-04-27,29.70,29.70,27.50,28.20,19830
2020-04-28,29.40,30.00,27.80,28.35,15987
2020-04-29,29.25,29.25,28.10,28.90,9569
2020-04-30,28.90,30.25,28.50,28.90,32346
2020-05-04,29.90,29.90,27.50,28.15,19499
2020-05-05,27.80,29.40,27.20,27.35,34610
2020-05-06,26.80,29.40,26.50,27.30,56819
2020-05-07,26.80,27.90,26.80,27.05,25806
2020-05-08,28.65,28.65,27.15,27.70,10023
2020-05-11,28.50,28.50,27.40,27.60,11203
2020-05-12,28.30,29.00,27.55,28.75,109667
2020-05-13,29.80,29.80,28.05,29.30,42537
2020-05-14,29.50,29.75,27.90,28.05,151985
2020-05-15,28.20,28.90,27.60,28.70,47057
2020-05-18,27.65,28.45,26.05,26.50,36321
2020-05-19,27.65,28.00,26.75,27.05,20965
2020-05-20,26.90,27.50,26.40,26.60,19815
2020-05-21,27.35,29.25,26.45,29.15,71896
2020-05-22,29.30,29.60,27.60,28.50,34159
2020-05-26,29.70,30.50,29.00,29.90,38287
2020-05-27,28.95,30.15,28.90,29.25,13436
2020-05-28,29.95,30.75,28.00,29.40,45444
2020-05-29,29.95,30.60,29.00,30.10,27139
2020-06-01,32.00,33.10,31.45,32.35,114770
2020-06-02,32.35,35.00,32.35,34.90,94915
2020-06-03,35.70,37.45,35.70,36.45,114185
2020-06-04,36.00,37.80,34.30,34.80,56222
2020-06-05,36.00,38.25,35.90,38.25,165022
2020-06-08,42.00,42.00,37.20,38.30,191224
2020-06-09,38.70,41.50,36.40,36.85,127912
2020-06-10,36.80,36.90,34.00,35.35,61306
2020-06-11,36.40,38.85,35.00,35.95,70358
2020-06-12,35.00,36.75,32.50,35.90,38896
2020-06-15,35.70,36.05,33.60,34.45,26298
2020-06-16,35.70,35.90,32.60,33.25,35531
2020-06-17,33.25,33.25,30.55,30.95,190568
2020-06-18,30.95,33.70,30.85,32.25,91795
2020-06-19,33.40,34.00,32.25,33.80,34851
2020-06-22,34.90,34.90,33.30,33.45,35854
2020-06-23,33.65,34.20,32.60,33.00,45819
2020-06-24,33.75,33.75,31.30,31.85,70844
2020-06-25,32.25,32.85,31.25,32.60,16875
2020-06-26,34.20,34.20,32.30,32.60,22950
2020-06-29,32.40,33.45,31.00,32.15,31567
2020-06-30,32.55,33.00,31.25,31.65,21076
2020-07-01,32.35,32.40,31.15,31.30,20316
2020-07-02,31.65,32.00,30.95,31.05,33544
2020-07-03,31.15,31.75,30.65,31.00,24401
2020-07-06,32.00,32.75,30.15,31.25,84640
2020-07-07,34.35,34.35,34.35,34.35,85855
2020-07-08,37.45,37.75,34.35,35.45,421792
2020-07-09,36.15,37.20,35.00,35.35,84868
2020-07-10,35.35,35.90,34.10,34.25,50736
2020-07-13,34.00,34.50,31.50,31.75,83868
2020-07-14,31.20,31.65,30.10,30.35,60838
2020-07-15,30.80,31.70,30.25,30.70,35454
2020-07-16,30.40,31.15,29.70,30.50,38510
2020-07-17,30.70,31.30,30.05,30.90,28010
2020-07-20,30.90,31.75,30.85,31.60,25271
2020-07-21,31.50,32.85,29.55,30.10,87768
2020-07-22,30.50,30.50,29.60,30.05,39398
2020-07-23,30.30,30.70,29.50,30.00,50415
2020-07-24,29.55,30.20,29.20,29.85,43832
2020-07-27,29.50,30.45,29.00,29.25,36302
2020-07-28,29.80,30.00,28.60,29.70,35656
2020-07-29,31.75,32.65,30.50,31.65,315942
2020-07-30,31.80,31.80,30.35,30.70,32344
2020-07-31,30.50,32.85,30.15,31.75,39857
2020-08-03,30.20,31.20,28.60,29.85,64274
2020-08-04,29.90,30.60,29.10,29.75,45351
2020-08-05,30.45,30.70,29.55,30.50,26848
2020-08-06,32.00,33.55,31.15,32.30,158063
2020-08-07,32.50,33.45,31.10,32.40,62063
2020-08-10,32.05,34.75,32.00,34.45,109047
2020-08-11,35.90,35.90,33.55,33.95,43628
2020-08-12,32.65,34.75,32.65,34.30,54958
2020-08-13,33.80,35.80,33.80,35.25,159295
2020-08-14,38.25,38.25,35.15,36.05,365524
2020-08-17,36.45,36.95,35.05,35.70,57546
2020-08-18,36.00,36.50,35.15,35.85,43339
2020-08-19,36.30,36.30,35.30,35.75,89428
2020-08-20,35.70,35.70,32.20,35.50,103257
2020-08-21,36.00,37.45,35.30,35.60,174513
2020-08-24,36.30,36.90,35.10,35.25,69701
2020-08-25,35.25,36.30,34.75,35.00,56822
2020-08-26,35.50,35.50,32.50,33.35,269503
2020-08-27,33.85,34.80,33.45,33.80,154178
2020-08-28,33.95,34.00,32.85,32.95,193238
2020-08-31,33.60,33.60,31.20,31.65,150177
2020-09-01,32.50,34.10,32.00,33.15,192500
2020-09-02,33.15,34.70,31.50,34.15,395104
2020-09-03,34.00,34.70,33.20,34.25,89680
2020-09-04,33.15,34.50,33.00,33.75,59886
2020-09-07,33.75,34.60,33.10,33.65,54213
2020-09-08,35.00,35.00,33.30,33.75,124793
2020-09-09,33.70,33.70,31.55,32.45,78673
2020-09-10,32.60,33.50,32.10,33.10,49615
2020-09-11,33.05,33.65,32.50,33.40,30037
2020-09-14,34.45,35.65,33.50,35.35,225361
2020-09-15,35.30,35.70,34.70,35.00,47993
2020-09-16,36.00,36.75,35.40,35.65,266104
2020-09-17,35.80,36.70,35.20,36.50,111868
2020-09-18,36.50,36.70,35.05,35.30,38901
2020-09-21,35.00,36.00,33.30,33.50,57451
2020-09-22,33.55,33.95,31.65,33.05,59876
2020-09-23,33.60,33.90,32.00,32.55,20274
2020-09-24,31.65,33.45,31.40,32.65,44980
2020-09-25,32.75,33.80,31.60,32.90,51015
2020-09-28,33.00,36.15,32.35,36.15,235696
2020-09-29,38.00,39.75,36.30,36.65,813617
2020-09-30,36.50,37.60,36.10,37.15,136725
2020-10-01,38.00,39.40,37.05,37.60,228461
2020-10-05,38.00,38.50,36.85,37.05,88636
2020-10-06,37.05,37.30,36.75,36.85,52093
2020-10-07,36.80,37.00,35.55,35.75,121148
2020-10-08,36.25,36.25,34.60,34.95,108289
2020-10-09,35.60,36.40,35.50,35.60,62307
2020-10-12,36.00,36.05,34.65,35.15,40070
2020-10-13,35.05,35.95,34.55,34.95,54153
2020-10-14,35.90,35.90,34.70,35.15,30018
2020-10-15,35.40,35.65,34.00,34.35,73564
2020-10-16,34.10,34.85,33.80,34.05,52432
2020-10-19,34.30,35.45,33.70,34.85,48161
2020-10-20,34.60,35.20,34.50,34.85,20327
2020-10-21,34.70,34.95,33.50,33.95,39108
2020-10-22,34.00,34.80,33.60,34.20,35975
2020-10-23,35.20,35.85,34.50,35.30,131379
2020-10-26,35.90,35.95,34.10,34.25,40528
2020-10-27,34.40,34.75,33.60,34.15,22865
2020-10-28,33.60,34.50,33.00,33.90,45363
2020-10-29,33.55,34.10,33.10,33.80,22917
2020-10-30,34.75,34.75,33.25,33.70,20251
2020-11-02,33.95,34.80,33.30,33.85,25704
2020-11-03,33.85,35.70,33.50,33.95,111669
2020-11-04,33.90,34.45,33.45,34.05,17225
2020-11-05,34.45,34.50,33.55,33.65,36770
2020-11-06,33.95,34.45,33.70,33.95,23888
2020-11-09,34.45,34.90,33.80,34.40,51167
2020-11-10,35.00,37.10,35.00,36.45,170798
2020-11-11,36.40,36.90,34.90,35.20,74034
2020-11-12,35.80,36.45,34.95,35.60,53371
2020-11-13,35.30,37.25,35.30,36.60,126556
2020-11-14,37.00,37.30,36.15,36.80,25245
2020-11-17,36.80,37.20,35.75,37.00,97096
2020-11-18,37.00,37.90,36.60,37.15,87948
2020-11-19,37.30,37.30,36.10,36.75,84973
2020-11-20,36.45,37.55,36.45,37.10,98763
2020-11-23,37.40,37.70,35.00,35.65,85800
2020-11-24,36.25,36.30,35.20,35.50,40657
2020-11-25,35.25,36.15,35.05,35.30,46481
2020-11-26,35.70,37.55,35.50,36.75,88740
2020-11-27,37.75,41.50,37.05,39.75,752101
2020-12-01,41.00,44.90,39.50,43.60,624873
2020-12-02,43.95,44.65,41.70,42.05,245621
2020-12-03,42.60,45.00,41.25,44.15,200260
2020-12-04,44.55,45.00,42.00,43.00,155466
2020-12-07,43.00,44.00,42.30,43.10,129241
2020-12-08,44.00,44.90,41.50,42.70,170970
2020-12-09,43.65,43.85,42.70,43.15,73079
2020-12-10,43.85,43.85,42.00,42.90,83067
2020-12-11,43.70,43.70,41.80,42.35,127129
2020-12-14,42.50,45.50,42.50,44.70,442285
2020-12-15,45.00,48.80,43.15,47.20,827488
2020-12-16,49.00,52.40,47.50,51.70,1045498
2020-12-17,53.65,54.95,49.00,50.10,707554
2020-12-18,49.70,49.70,47.40,48.45,163563
2020-12-21,49.00,49.00,40.95,42.70,329541
2020-12-22,41.40,44.80,38.70,42.65,265784
2020-12-23,43.05,46.25,43.00,45.45,146508
2020-12-24,51.90,51.90,47.45,49.05,562880
2020-12-28,50.80,50.80,47.50,47.90,139655
2020-12-29,47.90,50.00,46.00,46.75,129569
2020-12-30,47.20,49.50,46.65,47.20,274438
2020-12-31,47.85,50.00,47.00,49.00,257184
2021-01-01,49.15,50.55,47.65,49.45,162504
2021-01-04,50.30,50.30,48.40,48.90,93116
2021-01-05,48.45,48.45,47.40,48.15,57719
2021-01-06,49.00,49.00,46.65,47.45,109265
2021-01-07,47.15,48.60,47.10,47.45,72995
2021-01-08,48.30,48.90,47.00,47.50,95808
2021-01-11,47.35,47.90,46.40,46.60,66982
2021-01-12,45.40,47.75,45.40,45.90,117864
2021-01-13,46.80,46.85,45.60,46.15,57761
2021-01-14,46.70,46.70,45.45,46.15,27997
2021-01-15,46.50,50.00,45.55,48.80,412016
2021-01-18,48.30,49.50,40.05,46.25,215863
2021-01-19,46.65,47.80,46.40,47.20,39174
2021-01-20,47.85,47.85,46.50,46.80,43022
2021-01-21,46.85,47.95,45.95,46.30,71256
2021-01-22,46.90,46.90,44.50,45.05,87648
2021-01-25,46.45,47.30,44.80,44.95,60751
2021-01-27,44.75,45.45,43.65,44.15,25055
2021-01-28,43.80,45.85,43.20,44.10,41203
2021-01-29,44.75,46.05,44.30,45.55,52366
2021-02-01,45.55,46.30,44.80,45.30,34597
2021-02-02,45.10,46.40,45.10,46.15,34621
2021-02-03,46.40,47.25,45.75,47.00,63563
2021-02-04,47.00,47.40,46.10,46.40,52951
2021-02-05,47.30,47.30,45.75,45.90,29800
2021-02-08,45.10,46.50,45.10,45.75,39540
2021-02-09,46.45,46.75,45.20,46.30,74836
2021-02-10,45.60,46.90,45.30,45.60,36703
2021-02-11,44.90,48.20,44.55,47.40,61909
2021-02-12,47.00,48.00,46.50,47.10,59143
2021-02-15,47.50,47.70,46.00,46.30,38452
2021-02-16,45.95,46.70,45.50,45.65,31268
2021-02-17,45.50,46.80,44.65,44.75,126448
2021-02-18,44.75,46.65,44.75,45.65,45601
2021-02-19,44.85,46.90,44.85,45.85,44354
2021-02-22,46.00,46.80,42.50,44.10,80850
2021-02-23,44.10,45.25,42.10,43.55,44758
2021-02-24,43.20,45.50,42.90,43.95,36692
2021-02-25,45.00,45.00,43.50,44.35,32550
2021-02-26,43.10,44.85,43.10,43.90,43112
2021-03-01,44.00,44.80,43.30,43.45,58087
2021-03-02,43.75,46.05,43.70,45.30,120854
2021-03-03,47.50,47.70,44.35,46.40,130045
2021-03-04,46.40,50.20,45.50,48.90,454839
2021-03-05,49.30,49.30,46.10,46.95,72833
2021-03-08,47.25,50.55,46.45,50.00,233915
2021-03-09,50.50,52.80,50.10,51.10,407871
2021-03-10,51.55,51.90,49.20,49.75,95868
2021-03-12,49.05,49.70,46.70,47.60,128600
2021-03-15,48.20,48.20,45.80,46.60,55448
2021-03-16,46.30,46.85,45.10,45.30,54824
2021-03-17,45.50,45.90,43.95,44.55,82597
2021-03-18,44.95,45.60,43.25,44.30,42042
2021-03-19,43.55,43.55,35.45,42.50,159103
2021-03-22,42.10,45.40,42.10,45.05,64427
2021-03-23,45.90,46.40,44.30,45.10,55277
2021-03-24,46.00,46.75,44.10,44.80,120465
2021-03-25,44.05,45.20,41.85,43.90,56310
2021-03-26,44.85,44.90,43.10,43.55,31345
2021-03-30,43.30,44.50,39.55,40.20,161393
2021-03-31,39.90,40.45,37.80,38.00,289708
2021-04-01,38.00,39.15,37.80,38.20,185101
2021-04-05,37.80,37.80,35.25,35.80,247596
2021-04-06,36.40,38.40,35.35,37.25,133424
2021-04-07,37.35,39.45,37.35,38.80,154797
2021-04-08,38.35,41.00,38.35,39.35,130657
2021-04-09,39.10,40.80,39.00,39.10,89003
2021-04-12,38.50,38.50,36.45,37.60,114548
2021-04-13,37.65,39.00,37.00,38.05,26209
2021-04-15,38.50,39.00,36.30,37.60,77886
2021-04-16,37.80,42.00,37.50,40.40,74069
2021-04-19,38.40,41.80,36.45,38.75,134510
2021-04-20,39.55,41.00,37.30,37.85,160659
2021-04-22,38.35,38.70,37.50,38.40,28111
2021-04-23,38.90,39.35,38.00,39.00,58769
2021-04-26,39.70,40.60,39.00,40.15,60615
2021-04-27,40.25,41.50,40.05,40.60,57302
2021-04-28,41.45,41.50,39.75,40.20,40990
2021-04-29,40.20,40.85,39.50,40.05,24444
2021-04-30,40.10,40.90,38.70,40.05,32705
2021-05-03,39.50,40.75,38.85,39.70,28826
2021-05-04,40.00,42.30,39.00,40.85,78223
2021-05-05,40.90,41.90,40.30,41.10,35335
2021-05-06,40.60,41.40,39.60,40.45,86004
2021-05-07,40.35,41.15,40.05,40.35,42448
2021-05-10,41.00,41.00,39.10,39.35,110956
2021-05-11,39.00,40.70,38.95,40.05,94598
2021-05-12,40.50,42.30,39.70,40.90,146391
2021-05-14,40.30,41.50,39.65,39.90,111565
2021-05-17,40.80,41.10,40.05,40.85,47685
2021-05-18,40.85,43.70,40.60,42.65,245644
2021-05-19,42.90,45.00,42.60,43.75,168785
2021-05-20,43.30,44.00,42.20,42.60,63264
2021-05-21,42.60,46.80,42.60,46.10,504103
2021-05-24,47.00,47.95,44.60,47.10,398415
2021-05-25,47.05,56.50,45.25,52.70,1807194
2021-05-26,52.40,59.30,51.55,57.30,1237530
2021-05-27,57.00,57.40,52.70,54.60,513684
2021-05-28,54.10,54.90,51.55,52.05,206377
2021-05-31,52.05,54.10,50.70,52.85,227972
2021-06-01,53.30,53.80,50.20,51.60,170152
2021-06-02,51.60,54.60,51.35,54.00,151146
2021-06-03,54.10,54.60,52.80,53.30,105409
2021-06-04,53.30,57.70,53.30,55.80,426453
2021-06-07,56.45,61.80,52.50,59.80,731835
2021-06-08,59.80,63.70,56.80,61.70,654512
2021-06-09,61.95,62.50,57.15,57.80,298827
2021-06-10,59.70,60.85,57.75,59.45,136046
2021-06-11,60.00,60.35,57.20,58.95,123514
2021-06-14,60.45,60.85,56.70,57.95,400131
2021-06-15,58.65,64.25,57.75,61.85,1033987
2021-06-16,62.30,62.90,59.70,60.55,142699
2021-06-17,60.45,63.50,59.45,61.05,430826
2021-06-18,61.50,63.00,55.95,60.05,549883
2021-06-21,60.85,64.00,58.95,61.25,455140
2021-06-22,61.75,62.50,60.15,60.50,178265
2021-06-23,60.50,62.60,59.60,60.25,188912
2021-06-24,64.00,68.60,62.65,63.15,2238330
2021-06-25,63.60,65.20,61.15,61.75,298803
2021-06-28,61.90,62.40,60.15,60.75,172025
2021-06-29,60.75,63.90,60.05,62.70,555784
2021-06-30,63.75,64.10,61.70,62.20,819227
2021-07-01,63.80,64.80,63.00,64.30,269551
2021-07-02,64.55,65.00,62.75,63.30,110180
2021-07-05,64.90,65.70,61.55,62.40,276741
2021-07-06,62.80,66.70,62.50,63.05,623466
2021-07-07,63.85,64.60,62.35,63.90,149036
2021-07-08,63.55,74.80,63.50,70.75,4428779
2021-07-09,70.40,75.80,69.20,72.60,1796480
2021-07-12,73.40,74.40,71.40,72.75,449993
2021-07-13,74.50,74.50,71.50,71.75,203761
2021-07-14,72.20,72.70,69.20,69.75,193669
2021-07-15,70.25,73.70,69.50,71.75,337806
2021-07-16,72.15,73.00,70.70,72.10,163152
2021-07-19,70.70,72.50,68.10,69.10,264783
2021-07-20,68.60,70.00,67.15,67.70,178334
2021-07-22,68.20,75.25,68.20,72.05,982036
2021-07-23,72.10,75.00,70.25,72.05,605837
2021-07-26,72.45,73.70,71.40,72.60,137880
2021-07-27,72.95,79.75,71.70,76.20,1156917
2021-07-28,77.00,77.80,71.75,73.95,431151
2021-07-29,74.50,75.65,73.50,73.70,178821
2021-07-30,74.90,75.80,74.00,74.55,172267
2021-08-02,75.90,77.00,74.00,75.40,305166
2021-08-03,76.95,78.60,75.30,75.80,662109
2021-08-04,76.35,76.85,72.55,73.45,261966
2021-08-05,73.90,73.90,71.25,72.10,94949
2021-08-06,70.75,76.10,70.75,73.90,150521
2021-08-09,74.40,74.95,71.00,71.85,112501
2021-08-10,72.00,74.10,65.40,68.00,295800
2021-08-11,69.00,69.85,63.80,68.20,201260
2021-08-12,71.95,74.50,69.40,71.95,526040
2021-08-13,72.90,72.90,70.10,70.55,109739
2021-08-16,70.30,75.00,69.50,73.45,421292
2021-08-17,74.40,74.40,69.55,70.30,123078
2021-08-18,70.80,71.60,68.00,68.60,97783
2021-08-20,67.60,69.75,66.95,67.30,77356
2021-08-23,68.05,69.90,64.35,65.90,142231
2021-08-24,65.30,70.40,65.30,69.70,98756
2021-08-25,70.20,71.00,68.45,69.20,39156
2021-08-26,69.20,71.20,67.10,67.40,144950
2021-08-27,66.50,69.95,66.50,68.90,62147
2021-08-30,69.85,70.55,68.65,69.60,58512
2021-08-31,68.60,70.15,68.25,69.00,74409
2021-09-01,69.10,70.00,67.80,69.00,52555
2021-09-02,69.45,69.95,68.25,68.90,52544
2021-09-03,68.80,69.80,68.00,68.80,64545
2021-09-06,69.05,71.80,68.10,71.20,165787
2021-09-07,71.45,71.80,68.95,69.75,69368
2021-09-08,69.80,71.65,69.65,71.00,65334
2021-09-09,71.85,80.35,68.40,77.40,1574241
2021-09-13,76.65,79.40,73.70,74.65,743646
2021-09-14,74.60,77.00,74.05,74.85,340652
2021-09-15,75.00,76.85,74.50,75.20,150076
2021-09-16,74.40,75.85,73.70,74.05,94140
2021-09-17,75.30,76.50,72.20,74.05,210625
2021-09-20,73.30,77.50,73.00,73.70,296831
2021-09-21,73.70,75.45,72.55,74.20,129845
2021-09-22,74.50,76.35,73.20,74.05,156096
2021-09-23,74.55,77.00,74.20,74.65,205102
2021-09-24,74.60,75.70,72.65,72.90,109235
2021-09-27,74.70,78.50,73.30,75.65,479584
2021-09-28,75.70,76.85,74.00,74.85,134957
2021-09-29,74.85,75.80,73.15,73.80,124684
2021-09-30,74.40,75.95,73.25,73.95,80623
2021-10-01,73.50,74.75,73.00,73.75,63707
2021-10-04,74.85,76.85,73.80,75.15,189814
2021-10-05,75.15,77.15,75.00,75.55,174617
2021-10-06,75.60,77.75,74.85,75.05,217257
2021-10-07,76.00,77.00,75.10,75.70,145036
2021-10-08,75.90,88.35,75.90,84.00,3041532
2021-10-11,87.25,88.70,83.05,86.35,623157
2021-10-12,86.15,91.45,85.45,89.60,553193
2021-10-13,89.45,90.85,85.50,86.20,267004
2021-10-14,88.50,95.90,88.20,93.70,1282078
2021-10-18,93.00,94.50,90.00,92.45,397389
2021-10-19,102.90,110.90,101.10,107.90,3172811
2021-10-20,110.80,110.80,98.25,101.95,899314
2021-10-21,102.90,105.15,99.00,103.00,315740
2021-10-22,103.00,104.40,95.80,98.75,207525
2021-10-25,100.65,100.75,90.00,91.00,341702
2021-10-26,91.00,96.30,91.00,93.30,175006
2021-10-27,93.35,95.80,91.65,92.10,147382
2021-10-28,93.00,94.50,90.25,90.80,79151
2021-10-29,91.50,92.45,87.55,88.60,86210
2021-11-01,89.00,91.75,83.80,88.45,137775
2021-11-02,89.30,96.70,89.30,94.10,319053
2021-11-03,94.80,99.00,93.55,94.60,160737
2021-11-04,95.95,97.75,95.95,97.10,85589
2021-11-08,99.00,102.40,97.30,100.90,308901
2021-11-09,100.75,102.00,98.20,99.60,107703
2021-11-10,100.00,107.45,98.00,105.80,265947
2021-11-11,105.95,109.00,103.50,105.35,221610
2021-11-12,106.70,111.00,104.50,109.80,372736
2021-11-15,109.90,114.45,108.50,109.25,524576
2021-11-16,110.50,110.50,103.40,104.00,150489
2021-11-17,104.00,106.70,101.20,101.65,187185
2021-11-18,102.50,103.75,97.75,99.35,202470
2021-11-22,100.25,102.65,93.95,96.55,188118
2021-11-23,94.15,101.90,94.15,98.45,158349
2021-11-24,99.20,99.20,96.95,97.30,135235
2021-11-25,97.50,99.75,96.30,98.65,154430
2021-11-26,97.60,97.60,89.50,90.40,263006
2021-11-29,85.00,95.25,83.70,91.70,395915
2021-11-30,92.00,99.45,91.75,94.90,355106
2021-12-01,93.85,97.50,93.20,96.25,99471
2021-12-02,96.60,100.30,95.05,98.55,134263
2021-12-03,98.05,99.95,95.40,96.25,60496
2021-12-06,96.25,96.90,93.45,93.75,74857
2021-12-07,92.70,97.30,92.40,96.45,77009
2021-12-08,97.25,103.80,95.25,102.10,204123
2021-12-09,103.00,107.00,102.05,103.70,136306
2021-12-10,102.80,106.80,101.00,103.60,81031
2021-12-13,103.55,106.60,102.00,102.70,50629
2021-12-14,102.30,105.00,100.15,101.45,61028
2021-12-15,103.50,103.65,99.60,100.05,44510
2021-12-16,101.95,103.20,99.05,100.45,46612
2021-12-17,100.15,100.60,95.20,96.05,59726
2021-12-20,97.50,97.50,89.20,91.30,106303
2021-12-21,92.90,95.50,92.50,93.40,53607
2021-12-22,95.50,97.75,92.55,94.00,67816
2021-12-23,95.25,95.95,92.50,93.80,52921
2021-12-24,94.85,94.85,90.05,92.10,86825
2021-12-27,91.00,92.45,89.40,91.05,60882
2021-12-28,91.50,94.75,91.50,92.40,48021
2021-12-29,92.40,94.75,90.80,91.75,70394
2021-12-30,89.45,91.45,88.15,88.45,83245
2021-12-31,87.45,90.40,87.45,89.35,72710
2022-01-03,89.35,94.35,89.20,92.45,140893
2022-01-04,92.85,94.35,91.30,92.10,84043
2022-01-05,92.10,93.20,90.85,91.50,48463
2022-01-06,90.10,94.40,87.00,93.90,134944
2022-01-07,95.45,96.15,93.15,94.45,105450
2022-01-10,94.40,95.70,93.05,93.70,59207
2022-01-11,93.25,95.00,91.85,94.75,82094
2022-01-12,93.00,104.00,93.00,98.40,423556
2022-01-13,99.00,100.90,96.50,99.50,121239
2022-01-14,99.00,101.00,97.20,100.30,68307
2022-01-17,100.30,104.40,99.75,102.55,206187
2022-01-18,104.00,106.20,99.80,100.40,258783
2022-01-19,99.60,102.50,98.00,99.00,99673
2022-01-20,98.50,102.10,98.50,99.75,84680
2022-01-21,100.00,102.65,96.55,97.10,74250
2022-01-24,95.80,98.00,91.10,94.70,127484
2022-01-25,94.70,99.00,93.05,96.80,51790
2022-01-27,96.00,97.50,94.05,96.85,44296
2022-01-28,96.20,103.00,96.20,99.65,142068
2022-01-31,101.00,103.50,99.05,99.85,103786
2022-02-01,99.85,101.45,97.50,99.55,49675
2022-02-02,101.90,104.00,101.00,103.05,157854
2022-02-03,104.00,112.40,101.55,106.95,475905
2022-02-04,108.00,120.00,106.00,118.90,1566521
2022-02-07,121.90,123.00,115.35,117.50,649096
2022-02-08,118.05,119.15,111.10,114.15,245145
2022-02-09,115.50,124.25,112.50,121.75,966939
2022-02-10,122.70,128.15,121.80,126.60,710822
2022-02-11,129.90,150.00,126.10,136.35,2648181
2022-02-14,135.40,151.50,130.35,138.35,1416179
2022-02-15,142.00,147.75,132.80,140.05,458111
2022-02-16,142.20,143.35,136.25,137.55,272157
2022-02-17,138.00,143.00,134.00,136.45,213458
2022-02-18,137.00,157.75,136.60,146.50,1784027
2022-02-21,146.00,161.30,142.20,148.00,1902221
2022-02-22,145.00,153.45,140.65,145.45,758943
2022-02-23,147.65,153.80,143.10,145.25,401519
2022-02-24,135.00,144.00,127.10,128.80,478280
2022-02-25,135.00,140.80,135.00,137.90,249841
2022-02-28,135.00,143.00,133.10,141.10,288307
2022-03-02,141.00,146.80,139.15,144.50,230299
2022-03-03,149.80,153.60,145.45,147.35,436140
2022-03-04,148.50,148.50,139.20,140.25,222538
2022-03-07,137.65,140.00,133.40,138.15,182165
2022-03-08,137.40,144.70,137.25,141.05,186004
2022-03-09,143.25,148.90,141.25,142.20,270040
2022-03-10,144.65,147.80,139.85,140.60,252909
2022-03-11,140.80,159.30,140.70,153.50,1660140
2022-03-14,155.20,168.00,153.00,164.65,1268962
2022-03-15,167.80,170.00,156.30,158.00,487336
2022-03-16,161.00,162.90,150.45,154.55,299563
2022-03-17,157.00,158.50,152.40,153.25,206367
2022-03-21,154.10,156.85,150.15,153.55,189254
2022-03-22,152.35,168.10,152.25,160.95,1138472
2022-03-23,162.95,164.80,158.00,159.55,210786
2022-03-24,156.20,169.00,156.20,159.15,705258
2022-03-25,158.00,163.95,158.00,159.65,258068
2022-03-28,160.10,173.60,159.50,165.90,1195947
2022-03-29,164.50,173.00,163.00,169.15,646153
2022-03-30,171.50,177.00,164.00,166.30,399588
2022-03-31,167.80,168.75,161.00,161.55,217391
2022-04-01,161.00,172.00,160.90,169.25,310592
2022-04-04,171.20,173.80,167.70,169.10,178635
2022-04-05,169.95,176.25,167.50,170.80,487049
2022-04-06,169.35,172.50,167.50,168.10,194729
2022-04-07,168.10,175.00,160.45,163.00,554404
2022-04-08,164.80,166.00,161.30,162.60,140812
2022-04-11,163.40,168.50,162.60,164.55,195974
2022-04-12,163.90,164.55,159.15,161.35,176868
2022-04-13,162.90,164.75,156.50,157.90,216018
2022-04-18,157.90,157.90,150.10,150.80,199482
2022-04-19,154.00,155.80,141.20,144.10,204248
2022-04-20,145.70,151.00,144.85,146.70,183628
2022-04-21,148.60,151.80,146.50,147.25,125100
2022-04-22,145.90,153.10,145.15,147.25,167762
2022-04-25,146.50,147.55,140.70,141.65,152984
2022-04-26,143.10,149.20,143.10,146.90,133280
2022-04-27,146.40,151.40,143.50,149.10,140305
2022-04-28,154.00,155.00,145.10,145.90,102318
2022-04-29,146.00,150.40,143.10,145.60,151710
2022-05-02,144.00,148.00,142.05,146.20,116751
2022-05-04,146.90,148.00,133.35,136.70,103319
2022-05-05,139.45,142.80,137.00,139.80,90414
2022-05-06,135.10,142.00,135.10,140.70,131344
2022-05-09,140.80,140.80,134.15,134.85,97601
2022-05-10,136.15,138.50,125.15,129.25,103787
2022-05-11,128.30,131.95,112.40,130.10,283070
2022-05-12,128.00,128.00,120.20,122.35,124005
2022-05-13,125.00,128.85,119.10,121.45,109354
2022-05-16,121.10,124.90,117.90,123.15,88021
2022-05-17,123.15,128.00,122.95,127.50,58571
2022-05-18,129.00,134.40,129.00,130.95,86069
2022-05-19,127.00,130.55,125.05,126.85,70388
2022-05-20,129.00,133.50,127.80,130.00,29684
2022-05-23,130.00,133.45,114.75,127.90,107945
2022-05-24,126.10,129.95,124.00,125.45,50296
2022-05-25,124.50,131.35,120.15,120.80,51993
2022-05-26,125.50,127.50,115.10,121.05,75388
2022-05-27,123.55,129.80,123.10,128.90,79027
2022-05-30,122.00,124.90,119.20,120.55,272474
2022-05-31,119.80,124.00,117.70,122.75,108709
2022-06-01,125.00,136.55,124.00,131.85,351462
2022-06-02,131.55,136.00,128.55,133.05,86515
2022-06-03,135.85,135.85,128.10,129.15,60901
2022-06-06,129.60,129.60,123.70,125.85,54418
2022-06-07,126.25,126.25,123.20,124.70,33387
2022-06-08,123.50,125.00,121.10,121.95,38606
2022-06-09,120.00,125.00,119.55,123.85,82023
2022-06-10,124.90,126.00,121.50,124.75,43456
2022-06-13,122.80,125.00,121.15,122.15,37088
2022-06-14,120.25,138.00,120.25,120.90,48990
2022-06-15,122.00,122.75,117.75,119.60,33975
2022-06-16,121.00,124.60,112.90,114.70,130431
2022-06-17,115.75,117.15,112.00,113.20,52108
2022-06-20,110.55,112.45,102.55,104.50,100693
2022-06-21,107.00,114.50,106.10,113.00,78838
2022-06-22,113.60,113.60,108.90,109.75,39678
2022-06-23,111.80,114.00,108.50,111.15,28775
2022-06-24,110.55,118.00,110.55,117.00,49119
2022-06-27,119.25,121.00,117.50,118.50,35092
2022-06-28,119.00,123.80,116.65,122.50,45794
2022-06-29,122.95,124.35,120.55,122.80,35693
2022-06-30,123.70,124.45,117.80,122.05,60320
2022-07-01,125.00,125.85,121.45,122.75,66639
2022-07-04,123.90,125.95,123.40,125.15,32320
2022-07-05,123.15,126.90,121.95,124.25,36568
2022-07-06,122.20,124.90,116.70,119.70,63813
2022-07-07,120.00,124.65,120.00,124.00,37758
2022-07-08,124.90,135.00,122.85,132.85,252334
2022-07-11,133.70,139.40,132.50,135.85,165083
2022-07-12,136.00,139.50,133.20,138.05,61187
2022-07-13,137.00,140.95,135.30,135.95,63413
2022-07-14,136.75,141.00,133.70,138.10,109064
2022-07-15,139.10,143.50,136.65,139.60,187697
2022-07-18,139.90,150.50,136.60,149.50,363195
2022-07-19,148.05,149.00,145.70,146.65,87332
2022-07-20,147.10,149.95,144.50,145.80,138971
2022-07-21,146.00,150.60,145.05,149.00,164056
2022-07-22,148.80,150.50,145.50,148.25,150407
2022-07-25,148.30,164.50,148.30,158.70,530638
2022-07-26,159.65,163.00,157.70,158.20,129971
2022-07-27,158.20,164.00,156.45,160.00,98672
2022-07-28,160.60,163.80,159.25,159.85,140175
2022-07-29,162.90,191.80,161.45,186.80,1628342
2022-08-01,191.90,194.90,185.65,188.50,644699
2022-08-02,190.40,191.75,186.10,188.10,330626
2022-08-03,188.40,194.15,185.60,190.50,587692
2022-08-04,199.90,202.60,188.40,192.70,972316
2022-08-05,194.00,201.20,182.30,185.40,430080
2022-08-08,182.30,209.90,180.35,205.55,1346942
2022-08-10,204.75,205.60,193.45,195.20,430463
2022-08-11,196.00,202.00,191.00,198.00,281141
2022-08-12,198.30,201.70,195.00,197.25,239559
2022-08-16,204.95,210.45,198.00,198.95,337419
2022-08-17,199.95,204.00,195.85,199.20,198997
2022-08-18,202.00,202.00,195.20,196.95,169219
2022-08-19,198.20,201.95,195.65,197.15,126740
2022-08-22,196.50,197.00,188.00,188.80,146129
2022-08-23,188.10,192.95,185.30,188.20,93088
2022-08-24,191.30,191.95,185.10,188.40,115886
2022-08-25,189.10,197.00,189.10,193.40,133608
2022-08-26,194.55,197.00,188.15,189.00,108195
2022-08-29,184.00,188.50,182.45,185.75,60171
2022-08-30,186.00,208.35,186.00,206.05,922825
2022-09-01,206.00,220.00,205.00,216.75,623973
2022-09-02,219.00,219.45,210.25,214.65,201167
2022-09-05,218.00,219.65,208.75,211.85,216324
2022-09-06,213.80,213.90,198.00,203.95,223566
2022-09-07,201.00,232.00,201.00,216.75,1276190
2022-09-08,218.35,233.15,215.00,229.05,919732
2022-09-09,233.00,235.50,220.00,222.30,505105
2022-09-12,223.80,242.00,223.50,238.20,797822
2022-09-13,238.90,239.45,227.55,229.60,332391
2022-09-14,225.60,237.00,225.10,231.10,243337
2022-09-15,232.95,234.90,226.00,231.15,153875
2022-09-16,232.30,233.90,214.05,219.70,408048
2022-09-19,220.00,220.00,210.80,217.60,107954
2022-09-20,219.10,230.95,219.10,224.25,167136
2022-09-21,224.90,225.65,216.20,219.40,70485
2022-09-22,216.60,230.00,216.20,228.45,142330
2022-09-23,228.85,233.10,221.80,223.65,169074
2022-09-26,220.00,220.00,202.20,209.05,173340
2022-09-27,206.15,213.50,205.00,206.15,120561
2022-09-28,205.90,214.00,203.70,207.90,83969
2022-09-29,211.90,216.90,206.80,209.15,89087
2022-09-30,211.90,215.45,207.00,211.60,81936
2022-10-03,209.25,218.95,206.05,208.20,100743
2022-10-04,210.20,216.90,210.20,212.35,83655
2022-10-06,213.20,234.00,213.20,226.20,394692
2022-10-07,226.00,233.00,223.65,226.70,107116
2022-10-10,224.00,229.95,220.15,222.50,114079
2022-10-11,223.90,227.70,212.20,214.85,138374
2022-10-12,216.50,217.35,208.00,214.40,84060
2022-10-13,213.00,216.00,209.00,209.55,50283
2022-10-14,214.00,219.00,204.60,206.15,115737
2022-10-17,206.00,216.00,203.20,213.05,85853
2022-10-18,216.80,218.00,213.50,215.10,77092
2022-10-19,215.80,218.85,213.50,213.75,34732
2022-10-20,213.05,217.55,213.05,214.60,42131
2022-10-21,215.15,218.40,204.85,208.20,72498
2022-10-24,210.00,215.50,209.00,211.90,47934
2022-10-25,214.80,214.80,203.00,204.70,65022
2022-10-27,208.00,209.95,195.70,196.70,80422
2022-10-28,195.05,205.00,195.05,199.45,99341
2022-10-31,198.05,205.00,187.20,189.20,159906
2022-11-01,194.25,196.65,189.10,190.05,100475
2022-11-02,190.00,195.80,187.65,192.15,69562
2022-11-03,193.85,204.25,191.00,202.65,257769
2022-11-04,204.40,204.75,198.50,202.15,119723
2022-11-07,202.10,209.60,201.15,205.60,188052
2022-11-09,220.00,231.70,214.10,216.15,865931
2022-11-10,215.00,219.70,209.40,213.95,91047
2022-11-11,215.90,217.05,205.35,208.00,89427
2022-11-14,210.90,210.90,195.50,202.45,78643
2022-11-15,204.00,208.50,198.00,199.40,99071
2022-11-16,200.05,203.65,192.25,194.35,73741
2022-11-17,195.90,198.90,192.50,193.50,63460
2022-11-18,193.95,198.40,191.25,195.40,73338
2022-11-21,196.80,196.95,190.40,191.50,49883
2022-11-22,192.05,193.15,188.60,189.80,44860
2022-11-23,191.55,193.65,188.55,190.80,42614
2022-11-24,191.10,199.00,191.05,195.70,100456
2022-11-25,197.45,201.40,193.10,197.45,78798
2022-11-28,198.95,206.00,197.55,202.75,104462
2022-11-29,205.80,205.80,195.20,196.60,66131
2022-11-30,195.00,202.00,195.00,200.55,71024
2022-12-01,201.00,204.00,200.05,202.30,51458
2022-12-02,201.75,203.50,199.90,200.50,50020
2022-12-05,200.00,208.00,200.00,204.65,100375
2022-12-06,208.20,210.45,206.20,209.10,126848
2022-12-07,209.90,211.40,205.00,206.15,63204
2022-12-08,206.90,209.00,201.55,203.90,37213
2022-12-09,203.10,206.75,196.10,199.40,55518
2022-12-12,199.00,202.20,197.10,199.05,28252
2022-12-13,199.50,201.15,196.55,197.25,39405
2022-12-14,200.00,203.50,198.00,200.10,61222
2022-12-15,202.00,203.00,197.55,198.15,36110
2022-12-16,198.15,199.55,195.20,197.85,39814
2022-12-19,199.95,233.40,199.95,226.10,1049492
2022-12-20,227.50,237.40,222.15,234.45,449032
2022-12-21,242.95,242.95,218.00,220.90,594453
2022-12-22,223.35,228.80,205.60,209.80,233032
2022-12-23,205.10,208.90,197.60,202.50,142307
2022-12-26,199.75,211.05,197.00,209.20,140164
2022-12-27,215.00,217.25,206.80,208.50,115959
2022-12-28,208.50,228.30,206.90,225.30,362741
2022-12-29,225.00,235.95,224.00,226.65,235224
2022-12-30,229.90,235.00,224.00,229.70,217396
2023-01-02,231.30,241.00,226.50,228.40,242452
2023-01-03,229.80,231.20,225.10,229.25,78169
2023-01-04,227.75,227.90,221.00,222.70,130587
2023-01-05,224.00,259.40,218.25,253.25,1376537
2023-01-06,254.40,269.40,242.20,247.25,2373727
2023-01-09,248.80,253.05,239.55,242.30,397421
2023-01-10,242.00,244.50,233.40,235.40,184116
2023-01-11,236.10,254.95,236.10,240.50,811325
2023-01-12,242.00,242.55,235.00,236.75,226556
2023-01-13,237.00,245.00,236.15,239.55,268718
2023-01-16,239.00,262.00,239.00,250.20,1105263
2023-01-17,252.15,282.65,252.00,275.10,4090855
2023-01-18,274.95,276.70,263.65,273.60,799041
2023-01-19,273.60,280.00,265.30,275.90,1083747
2023-01-20,276.00,281.80,271.35,274.65,400975
2023-01-23,276.85,277.00,266.90,269.80,226941
2023-01-24,268.05,269.75,260.00,260.80,165547
2023-01-25,261.00,268.90,259.20,263.15,257752
2023-01-27,264.90,264.90,243.50,247.00,284986
2023-01-30,244.05,253.10,240.05,244.20,182797
2023-01-31,244.55,253.00,243.65,251.10,131165
2023-02-01,249.00,255.90,238.65,244.85,159763
2023-02-02,243.85,264.00,243.75,259.30,391483
2023-02-03,265.00,268.05,239.15,242.15,397091
2023-02-06,242.50,247.30,238.00,243.40,168207
2023-02-07,244.95,252.25,243.70,250.10,128483
2023-02-08,252.00,255.05,245.00,249.25,166957
2023-02-09,249.25,249.25,231.05,237.10,342876
2023-02-10,239.75,245.75,236.20,239.80,149066
2023-02-13,240.30,240.30,224.00,225.20,143952
2023-02-14,225.75,226.85,220.95,223.85,92234
2023-02-15,224.00,230.00,216.00,217.60,239812
2023-02-16,218.10,222.05,214.00,214.35,133172
2023-02-17,214.90,222.00,214.30,216.75,86269
2023-02-20,216.10,217.65,210.20,211.95,84441
2023-02-21,212.00,218.70,211.45,213.35,71229
2023-02-22,213.30,216.50,210.00,213.35,74429
2023-02-23,214.35,220.00,210.60,218.10,58433
2023-02-24,220.30,220.30,207.80,209.25,67711
2023-02-27,207.80,212.00,206.55,210.45,158817
2023-02-28,211.80,212.85,207.25,209.80,48028
2023-03-01,211.70,213.85,209.95,211.55,45056
2023-03-02,218.40,218.40,205.45,207.05,111209
2023-03-03,209.05,221.10,206.00,217.85,329707
2023-03-06,216.40,224.10,213.10,219.50,225790
2023-03-08,218.60,222.65,216.35,219.95,94155
2023-03-09,220.70,231.40,219.25,228.85,335022
2023-03-10,226.80,226.80,222.00,223.15,71086
2023-03-13,224.10,224.10,213.20,214.20,70912
2023-03-14,213.20,223.80,212.05,222.45,171612
2023-03-15,225.90,228.60,222.30,225.95,75130
2023-03-16,226.00,226.00,217.20,221.45,74973
2023-03-17,222.00,226.75,219.25,220.55,66089
2023-03-20,222.25,229.40,213.35,219.65,51715
2023-03-21,222.95,225.00,216.80,217.65,51188
2023-03-22,219.75,220.60,216.15,217.95,38285
2023-03-23,217.90,224.00,216.30,218.45,58301
2023-03-24,218.40,219.70,210.95,211.95,34094
2023-03-27,212.00,213.90,207.95,209.05,32724
2023-03-28,211.00,215.80,206.00,206.70,50850
2023-03-29,208.85,214.65,205.80,212.35,97287
2023-03-31,214.95,220.00,211.25,212.45,68348
2023-04-03,212.45,219.95,212.05,218.70,52255
2023-04-05,220.00,221.70,215.60,219.90,56423
2023-04-06,220.00,221.85,212.75,216.10,106780
2023-04-10,218.00,222.40,211.10,212.50,82573
2023-04-11,214.80,217.65,210.05,214.25,71358
2023-04-12,215.50,215.80,211.75,212.35,41027
2023-04-13,213.35,219.45,207.15,211.80,92960
2023-04-17,211.80,219.25,211.80,216.95,78032
2023-04-18,218.90,220.80,208.80,211.80,68940
2023-04-19,213.70,219.50,212.00,217.15,104605
2023-04-20,218.90,237.60,215.80,231.35,1174263
2023-04-21,233.30,241.00,231.60,237.55,373528
2023-04-24,238.40,241.05,229.20,238.65,208437
2023-04-25,238.65,240.15,232.35,234.35,145558
2023-04-26,230.00,240.00,229.95,239.05,204985
2023-04-27,244.00,245.15,237.00,238.70,172891
2023-04-28,237.95,241.60,233.95,235.30,77286
2023-05-02,235.30,236.80,225.00,226.50,121927
2023-05-03,226.50,236.90,226.25,230.10,99930
2023-05-04,230.30,233.50,230.05,232.95,50225
2023-05-05,233.00,239.90,226.90,237.75,231031
2023-05-08,237.75,241.90,233.20,240.35,128540
2023-05-09,240.35,246.90,234.55,239.80,114102
2023-05-10,238.85,240.50,235.80,237.75,34228
2023-05-11,239.75,240.00,234.50,235.50,57124
2023-05-12,235.70,240.10,234.10,236.15,89994
2023-05-15,236.85,237.80,230.60,231.50,66535
2023-05-16,232.00,235.00,225.65,226.80,88049
2023-05-17,227.40,240.05,227.00,238.00,269253
2023-05-18,238.60,251.50,238.60,245.25,284069
2023-05-19,242.95,244.30,237.00,240.75,107390
2023-05-22,240.75,253.95,238.25,245.65,82744
2023-05-23,246.95,257.60,244.15,246.10,211016
2023-05-24,245.80,253.15,245.30,249.00,63521
2023-05-25,249.00,252.45,248.00,249.80,51565
2023-05-26,249.80,257.80,249.80,250.75,114963
2023-05-29,252.95,259.75,252.15,256.30,156017
2023-05-30,262.00,263.20,249.10,250.75,300280
2023-05-31,252.85,253.85,245.20,250.85,110375
2023-06-01,252.95,254.85,237.75,239.35,389542
2023-06-02,241.00,242.35,220.30,235.40,1851222
2023-06-05,233.00,244.40,232.45,236.65,499152
2023-06-06,237.50,237.50,230.25,231.65,269540
2023-06-07,232.00,235.70,229.20,234.70,183528
2023-06-08,235.95,238.70,232.65,234.90,314888
2023-06-09,236.95,236.95,230.60,232.55,68089
2023-06-12,232.75,235.25,229.20,231.80,112357
2023-06-13,233.50,237.60,230.70,232.35,184184
2023-06-14,235.40,235.40,232.10,232.85,38450
2023-06-15,238.50,240.00,235.60,237.95,262792
2023-06-16,240.90,241.25,234.10,235.75,92083
2023-06-19,238.90,238.90,232.80,235.25,95790
2023-06-20,236.85,236.85,230.45,231.65,92839
2023-06-21,235.20,235.75,232.30,233.55,82484
2023-06-22,235.00,236.00,230.05,232.70,89639
2023-06-23,232.70,237.60,226.10,234.50,205180
2023-06-26,235.00,235.75,227.00,227.95,91165
2023-06-27,230.40,234.55,229.45,231.95,94128
2023-06-28,234.55,234.55,230.10,230.70,38153
2023-06-30,232.75,233.00,224.65,227.10,82121
2023-07-03,228.00,233.60,228.00,231.90,64866
2023-07-04,233.00,233.00,230.10,231.70,49829
2023-07-05,232.00,232.80,228.10,229.80,48234
2023-07-06,229.90,231.80,229.05,229.80,37445
2023-07-07,229.80,231.95,227.50,229.05,41450
2023-07-10,230.00,230.35,226.90,228.30,49154
2023-07-11,228.30,230.45,225.00,225.80,36227
2023-07-12,225.00,228.95,223.10,225.05,121053
2023-07-13,227.00,227.40,219.95,222.35,82185
2023-07-14,221.60,226.10,216.10,224.65,105343
2023-07-17,227.60,228.50,224.00,225.20,29322
2023-07-18,223.25,226.45,221.50,222.35,29303
2023-07-19,222.00,224.40,219.05,221.05,38969
2023-07-20,220.00,225.25,220.00,221.30,29605
2023-07-21,219.95,224.00,215.55,219.70,125983
2023-07-24,219.70,224.85,218.90,223.15,57816
2023-07-25,224.10,229.45,224.00,225.15,64332
2023-07-26,227.95,227.95,216.80,221.25,49209
2023-07-27,224.55,225.00,221.50,222.55,30001
2023-07-28,222.55,224.70,220.15,221.50,34236
2023-07-31,222.55,222.55,218.00,219.10,48298
2023-08-01,219.10,222.80,219.10,221.35,35653
2023-08-02,222.45,223.95,216.75,218.40,63330
2023-08-03,218.40,220.50,215.75,217.00,43046
2023-08-04,218.20,220.00,215.70,217.30,60346
2023-08-07,219.95,219.95,217.00,218.50,27852
2023-08-08,219.30,222.30,217.00,217.80,90867
2023-08-09,218.00,223.45,218.00,218.45,79895
2023-08-10,222.00,241.10,218.00,230.80,221656
2023-08-11,219.90,225.00,210.10,211.60,346647
2023-08-14,211.00,211.00,202.35,205.20,115053
2023-08-16,201.05,213.05,201.05,209.15,71109
2023-08-17,207.65,209.50,203.30,207.60,123280
2023-08-18,208.15,209.85,203.15,204.40,56262
2023-08-21,204.00,209.50,203.50,203.80,176292
2023-08-22,206.00,208.00,204.05,205.40,49537
2023-08-23,208.80,208.95,204.00,204.65,40826
2023-08-24,206.45,208.20,204.00,204.25,31700
2023-08-25,204.55,206.05,202.25,203.35,34423
2023-08-28,203.10,206.00,202.00,204.75,32044
2023-08-29,206.00,206.00,202.15,203.35,40238
2023-08-30,204.00,206.00,204.00,204.50,31738
2023-08-31,206.00,207.00,204.00,205.35,48611
2023-09-01,207.00,213.60,206.95,212.50,121090
2023-09-04,214.40,220.55,211.05,219.15,157665
2023-09-05,220.00,223.85,219.05,221.25,91631
2023-09-06,221.25,222.90,215.30,216.75,47333
2023-09-07,217.10,220.70,216.05,219.50,32953
2023-09-08,220.45,221.85,216.00,216.55,31162
2023-09-11,218.80,224.80,215.15,216.75,45329
2023-09-12,218.00,219.10,206.00,208.00,67595
2023-09-13,206.10,212.40,205.10,206.05,63692
2023-09-14,209.15,209.90,205.00,205.55,49136
2023-09-15,206.50,207.00,204.55,205.20,44794
2023-09-18,208.50,208.50,203.00,203.95,30774
2023-09-20,203.95,207.95,201.55,202.40,52307
2023-09-21,204.50,204.50,196.20,198.25,67579
2023-09-22,198.10,200.80,196.35,200.35,39587
2023-09-25,202.35,204.80,197.65,199.40,49843
2023-09-26,202.40,202.40,198.00,199.80,24491
2023-09-27,200.00,201.50,197.80,198.40,23001
2023-09-28,200.45,200.45,194.10,195.05,36126
2023-09-29,197.00,198.85,193.60,198.00,25270
2023-10-03,194.20,201.25,194.20,197.60,63333
2023-10-04,197.90,199.90,195.15,196.45,38497
2023-10-05,197.25,199.45,196.00,197.50,32221
2023-10-06,197.50,206.00,197.50,203.10,102541
2023-10-09,204.00,204.00,197.00,198.75,34506
2023-10-10,201.00,202.65,199.35,200.55,25760
2023-10-11,201.75,202.65,200.60,201.85,29117
2023-10-12,201.50,205.50,201.05,202.00,30170
2023-10-13,202.10,203.70,201.00,202.35,35295
2023-10-16,202.35,206.00,201.90,203.95,43779
2023-10-17,205.80,205.80,202.10,202.70,28304
2023-10-18,203.70,204.20,201.40,203.05,31492
2023-10-19,201.20,203.95,201.20,201.85,18428
2023-10-20,201.30,202.60,199.05,199.65,38289
2023-10-23,198.00,200.25,192.80,194.55,33232
2023-10-25,195.00,195.65,187.95,188.45,68757
2023-10-26,184.70,192.15,178.60,180.90,127641
2023-10-27,179.00,186.00,179.00,183.85,57185
2023-10-30,180.00,185.90,179.50,183.10,38626
2023-10-31,181.50,182.50,168.20,178.80,511465
2023-11-01,178.80,182.30,178.00,178.95,57861
2023-11-02,180.40,182.10,178.15,179.35,48044
2023-11-03,180.70,181.95,178.60,179.70,31233
2023-11-06,182.70,182.70,178.00,179.15,49749
2023-11-07,179.85,182.90,177.60,178.70,47351
2023-11-08,179.05,181.55,177.05,177.90,34663
2023-11-09,178.25,179.30,172.80,174.70,48529
2023-11-10,175.05,179.00,174.00,177.00,38483
2023-11-12,179.30,182.40,178.65,180.95,26753
2023-11-13,179.50,180.50,177.45,178.30,21923
2023-11-15,179.00,181.20,177.80,178.50,29110
2023-11-16,178.95,180.60,177.65,179.35,23559
2023-11-17,178.05,185.40,178.05,184.40,79365
2023-11-20,187.30,187.30,181.00,183.55,35679
2023-11-21,184.75,186.95,181.95,184.35,42221
2023-11-22,185.45,187.90,182.80,186.60,42008
2023-11-23,186.60,193.75,185.50,192.95,82356
2023-11-24,191.75,192.75,187.60,188.45,28282
2023-11-28,188.55,192.90,188.55,191.20,29311
2023-11-29,194.60,200.80,192.95,195.45,101483
2023-11-30,196.80,197.50,192.40,194.90,27297
2023-12-01,196.55,196.55,190.20,191.45,18562
2023-12-04,192.75,194.45,190.85,191.55,30188
2023-12-05,191.00,192.70,185.55,188.20,50078
2023-12-06,190.35,190.35,183.05,184.35,61362
2023-12-07,183.60,186.15,183.55,184.70,477405
2023-12-08,185.00,191.00,185.00,187.20,75550
2023-12-11,187.00,191.95,187.00,190.50,56889
2023-12-12,192.05,192.05,187.85,188.15,44014
2023-12-13,189.05,189.20,185.00,186.65,35081
2023-12-14,187.95,188.80,181.55,182.70,65166
2023-12-15,183.45,185.50,182.25,184.10,46740
2023-12-18,185.30,185.70,183.80,185.00,43677
2023-12-19,185.80,187.20,183.30,184.00,78754
2023-12-20,185.30,203.75,182.20,191.20,781680
2023-12-21,191.70,197.00,188.00,193.95,105197
2023-12-22,194.00,194.10,190.55,191.90,73377
2023-12-26,191.20,193.50,186.30,188.00,144802
2023-12-27,190.00,190.05,185.20,186.15,45940
2023-12-28,186.15,188.00,185.60,186.10,30859
2023-12-29,188.00,192.00,185.30,189.05,97515
2024-01-01,189.05,191.10,186.95,189.55,57902
2024-01-02,190.90,193.75,189.80,192.30,78765
2024-01-03,192.30,193.60,189.00,191.55,36122
2024-01-04,191.75,193.00,190.00,191.15,94374
2024-01-05,191.15,192.80,190.00,190.55,55285
2024-01-08,190.20,198.75,187.95,193.25,128505
2024-01-09,193.25,199.00,193.25,196.05,109753
2024-01-10,196.00,198.95,194.25,197.50,53339
2024-01-11,197.05,205.05,196.30,204.25,232672
2024-01-12,205.70,209.00,204.95,206.90,124579
2024-01-15,208.05,221.90,207.15,220.45,473344
2024-01-16,222.00,222.85,215.25,216.55,660377
2024-01-17,216.70,224.00,214.15,219.55,237275
2024-01-18,216.00,216.00,204.00,212.55,354909
2024-01-19,213.65,215.50,207.05,213.90,95556
2024-01-20,215.90,216.00,209.00,210.75,87451
2024-01-23,211.60,246.20,210.75,232.00,2109955
2024-01-24,235.90,241.50,225.25,239.15,503503
2024-01-25,239.95,242.00,230.85,240.65,176522
2024-01-29,241.00,265.00,241.00,254.85,839668
2024-01-30,261.70,263.55,254.85,259.95,541954
2024-01-31,260.95,266.30,253.30,254.95,367408
2024-02-01,257.50,262.00,238.75,257.40,545841
2024-02-02,267.00,267.00,251.55,259.45,508816
2024-02-05,260.85,287.10,258.05,262.35,709205
2024-02-06,266.00,266.00,248.00,249.40,262920
2024-02-07,251.00,256.75,242.75,251.05,209539
2024-02-08,250.30,261.90,239.75,255.65,313680
2024-02-09,255.25,255.25,242.00,242.70,90323
2024-02-12,244.60,246.35,235.75,238.15,127829
2024-02-13,239.30,241.45,230.75,231.50,109999
2024-02-14,230.00,258.00,228.05,244.45,346899
2024-02-15,242.75,246.35,235.95,244.80,75809
2024-02-16,244.80,253.25,243.55,247.00,71578
2024-02-19,250.70,252.40,244.20,246.40,71235
2024-02-20,244.20,250.00,243.35,247.45,72872
2024-02-21,246.10,251.65,246.05,249.80,58791
2024-02-22,250.30,251.15,237.20,240.80,118600
2024-02-23,242.15,246.90,236.30,238.95,63866
2024-02-26,240.25,240.70,232.20,234.05,37442
2024-02-27,234.95,236.10,228.00,229.55,39655
2024-02-28,230.95,232.20,218.25,220.15,61409
2024-02-29,220.50,223.10,210.25,216.25,143568
2024-03-01,217.35,231.05,216.85,230.10,113797
2024-03-02,233.70,233.70,223.05,226.25,16121
2024-03-04,225.00,230.80,212.00,215.55,203365
2024-03-05,213.40,217.95,212.65,213.40,46679
2024-03-06,213.80,214.65,200.55,206.15,180421
2024-03-07,209.00,209.00,201.80,202.60,79557
2024-03-11,205.00,206.60,197.05,199.35,98035
2024-03-12,199.80,200.10,177.25,181.90,291642
2024-03-13,182.10,187.15,168.20,172.75,256210
2024-03-14,172.75,185.85,170.05,180.80,220448
2024-03-15,181.00,182.60,174.00,179.55,89138
2024-03-18,179.10,185.65,178.30,180.20,120248
2024-03-19,179.95,182.40,171.75,173.05,78394
2024-03-20,173.90,178.15,172.50,174.10,72321
2024-03-21,174.85,180.00,174.10,175.35,108910
2024-03-22,176.35,182.55,175.10,177.40,89752
2024-03-26,178.15,181.95,173.70,174.85,130032
2024-03-27,175.70,179.95,171.90,173.45,205509
2024-03-28,174.65,180.35,174.25,176.15,161560
2024-04-01,177.40,182.95,174.60,176.35,212133
2024-04-02,178.10,192.00,177.80,190.70,327850
2024-04-03,191.20,206.95,191.20,204.95,440359
2024-04-04,205.30,212.00,201.10,204.15,193362
2024-04-05,204.00,204.50,196.15,197.15,121275
2024-04-08,198.20,201.60,197.00,198.95,81366
2024-04-09,199.00,202.00,192.70,194.25,78008
2024-04-10,196.00,201.85,195.45,199.40,84392
2024-04-12,199.00,203.00,195.25,196.45,38992
2024-04-15,195.55,195.55,185.60,187.95,77568
2024-04-16,188.05,195.80,187.80,193.00,47841
2024-04-18,193.00,199.00,191.50,194.75,83887
2024-04-19,194.75,194.75,189.45,192.00,22384
2024-04-22,193.00,195.60,189.00,191.90,53317
2024-04-23,192.85,199.05,192.85,197.50,46286
2024-04-24,197.80,200.70,191.00,195.25,61587
2024-04-25,195.70,197.15,193.80,194.65,24523
2024-04-26,195.00,198.85,192.00,192.85,52460
2024-04-29,194.20,195.90,189.50,190.65,38024
2024-04-30,191.95,197.65,189.15,192.00,133313
2024-05-02,190.10,194.80,189.70,190.20,107226
2024-05-03,199.70,199.70,190.00,191.60,64332
2024-05-06,192.70,193.05,186.10,187.05,60741
2024-05-07,187.90,192.00,184.55,186.85,61814
2024-05-08,187.00,189.80,185.05,186.95,32386
2024-05-09,186.95,188.00,180.00,180.80,41697
2024-05-10,181.25,190.95,177.65,187.60,111276
2024-05-13,186.50,190.10,182.00,183.25,70173
2024-05-14,183.95,187.00,181.80,184.75,40725
2024-05-15,179.25,181.95,169.15,172.10,413352
2024-05-16,174.00,178.00,170.00,175.95,255599
2024-05-17,176.95,184.80,174.70,183.15,153189
2024-05-18,184.90,184.90,181.70,182.70,12851
2024-05-21,185.00,185.00,180.50,182.65,60883
2024-05-22,182.35,185.50,178.15,179.70,49092
2024-05-23,180.15,181.95,177.90,178.60,26102
2024-05-24,178.75,182.60,177.35,179.70,63378
2024-05-27,180.15,181.05,175.85,177.05,34876
2024-05-28,177.75,178.95,171.20,173.45,88974
2024-05-29,174.15,174.60,166.95,169.80,99949
2024-05-30,170.20,172.95,168.85,169.35,31879
2024-05-31,169.75,172.35,168.20,170.00,53042
2024-06-03,171.10,175.00,167.05,167.80,103447
2024-06-04,168.00,168.00,152.80,159.40,67193
2024-06-05,160.30,169.80,160.25,165.55,55094
2024-06-06,165.55,172.55,165.55,170.80,46845
2024-06-07,169.35,175.00,168.15,172.90,55408
2024-06-10,174.00,179.90,172.00,173.39,63222
2024-06-11,173.39,175.44,170.00,170.66,46729
2024-06-12,171.50,175.49,171.50,173.13,56842
2024-06-13,173.95,176.00,172.82,173.73,34861
2024-06-14,173.48,175.39,170.50,170.97,65195
2024-06-18,171.90,175.50,171.00,173.87,80444
2024-06-19,173.95,178.91,170.00,176.51,110605
2024-06-20,176.60,180.33,175.55,176.60,86829
2024-06-21,177.00,179.00,174.11,177.10,52045
2024-06-24,178.35,182.80,174.21,176.65,214139
2024-06-25,176.55,179.40,174.71,176.51,77597
2024-06-26,176.49,177.91,175.00,177.04,47104
2024-06-27,177.89,179.34,173.42,175.38,43229
2024-06-28,175.30,177.03,173.42,176.00,52510
2024-07-01,177.30,179.00,173.43,174.21,51969
2024-07-02,175.30,177.00,172.20,172.73,65584
2024-07-03,173.60,175.29,169.97,171.08,85404
2024-07-04,171.66,177.99,169.84,172.15,209947
2024-07-05,172.40,174.55,171.30,172.10,74220
2024-07-08,172.10,173.50,170.15,170.38,44852
2024-07-09,171.48,174.99,171.10,172.06,50088
2024-07-10,172.06,173.10,168.51,171.02,104082
2024-07-11,171.37,172.79,169.84,170.40,51831
2024-07-12,171.40,182.83,170.19,175.24,256650
2024-07-15,176.40,178.00,172.03,172.90,85764
2024-07-16,173.99,175.00,171.23,171.74,42698
2024-07-18,172.80,172.83,168.98,170.80,50440
2024-07-19,170.50,170.57,165.75,166.71,55009
2024-07-22,167.50,168.11,163.00,165.66,35743
2024-07-23,166.10,168.61,162.21,165.41,39833
2024-07-24,165.41,171.99,165.41,170.71,43433
2024-07-25,168.15,171.82,168.15,170.39,16774
2024-07-26,170.39,171.56,165.20,168.28,52626
2024-07-29,169.60,172.99,169.00,170.43,31828
2024-07-30,170.74,176.79,169.69,174.66,95425
2024-07-31,175.60,177.25,173.00,173.84,43721
2024-08-01,175.14,175.14,173.13,173.69,29159
2024-08-02,173.46,176.45,170.52,173.22,36241
2024-08-05,170.00,171.59,165.61,167.94,55642
2024-08-06,167.50,170.00,166.40,167.64,25442
2024-08-07,170.00,173.00,169.02,170.44,50475
2024-08-08,170.50,176.01,169.42,172.97,49487
2024-08-09,174.85,178.96,173.00,174.72,71193
2024-08-12,174.79,176.00,169.02,170.35,77089
2024-08-13,170.56,171.19,167.30,168.76,74412
2024-08-14,167.10,171.00,165.25,170.72,54428
2024-08-16,172.00,174.20,167.41,170.35,66624
2024-08-19,169.35,172.94,169.35,170.17,34981
2024-08-20,170.63,172.70,167.17,168.84,35418
2024-08-21,169.69,172.40,168.56,169.73,68261
2024-08-22,169.73,173.01,169.73,172.17,109627
2024-08-23,172.16,199.00,170.75,192.53,1221281
2024-08-26,193.00,196.45,188.66,190.98,269946
2024-08-27,192.00,192.55,187.54,191.36,95822
2024-08-28,193.25,194.95,186.94,187.89,93011
2024-08-29,187.95,189.90,180.20,182.16,84412
2024-08-30,184.50,190.13,182.37,183.81,81894
2024-09-02,185.86,188.00,180.09,185.96,44724
2024-09-03,185.96,186.39,173.58,175.90,403023
2024-09-04,175.90,179.00,172.51,173.13,115952
2024-09-05,172.01,177.15,171.45,172.05,159015
2024-09-06,172.00,173.74,167.50,168.20,138591
2024-09-09,168.20,175.00,165.81,173.34,110558
2024-09-10,174.99,179.60,174.98,178.67,165546
2024-09-11,180.07,181.19,173.00,174.27,73734
2024-09-12,172.90,175.99,172.10,173.49,48976
2024-09-13,174.40,176.28,168.10,170.55,83502
2024-09-16,171.99,173.30,168.60,169.88,72306
2024-09-17,170.57,173.55,169.88,172.56,46464
2024-09-18,172.55,172.66,170.02,170.63,44828
2024-09-19,171.01,171.75,166.50,169.58,84490
2024-09-20,168.02,170.68,166.36,167.32,91886
2024-09-23,168.20,171.09,168.01,168.80,31047
2024-09-24,169.00,170.00,166.77,167.43,36963
2024-09-25,168.00,170.55,167.12,169.09,58517
2024-09-26,170.00,170.00,167.36,168.93,43519
2024-09-27,169.50,169.95,167.77,168.68,56336
2024-09-30,169.20,170.25,167.06,168.63,34861
2024-10-01,168.63,170.79,167.25,167.76,34782
2024-10-03,167.00,168.57,163.50,164.62,56178
2024-10-04,165.45,174.60,165.45,168.77,137053
2024-10-07,168.77,172.37,160.00,163.33,90983
2024-10-08,161.20,169.00,160.82,167.12,56381
2024-10-09,166.88,169.76,166.50,169.30,47752
2024-10-10,169.75,174.28,166.99,168.71,51153
2024-10-11,169.45,171.23,167.22,168.21,31277
2024-10-14,168.90,168.90,165.50,166.22,32561
2024-10-15,167.05,168.47,164.35,165.62,26749
2024-10-16,165.62,166.49,164.41,165.40,38583
2024-10-17,165.60,165.88,161.57,162.47,25110
2024-10-18,161.00,164.53,157.02,162.55,40053
2024-10-21,162.55,167.91,160.59,165.03,71034
2024-10-22,162.50,165.44,155.00,157.45,91728
2024-10-23,161.00,161.00,156.99,158.64,55931
2024-10-24,159.95,162.99,157.57,160.05,56680
2024-10-25,160.00,161.50,155.10,155.87,48206
2024-10-28,156.01,165.40,155.00,164.32,33183
2024-10-29,163.00,164.81,160.61,162.70,25828
2024-10-30,162.36,166.78,162.25,164.64,34895
2024-10-31,165.30,166.49,163.57,165.00,27670
2024-11-01,165.69,168.00,165.20,166.43,10316
2024-11-04,163.95,166.90,163.43,165.36,16097
2024-11-05,161.50,165.24,160.50,161.95,35952
2024-11-06,161.95,174.00,161.02,170.85,132765
2024-11-07,173.84,173.84,166.68,167.38,25900
2024-11-08,168.00,169.20,165.99,166.97,40268
2024-11-11,167.80,167.80,162.01,164.54,34610
2024-11-12,163.94,164.99,163.00,163.64,13228
2024-11-13,163.68,167.64,158.01,159.32,86948
2024-11-14,159.32,166.10,158.00,162.47,20615
2024-11-18,160.00,162.28,150.25,151.54,148361
2024-11-19,151.00,158.00,150.00,152.35,89710
2024-11-21,151.87,154.40,149.36,151.24,49652
2024-11-22,151.00,155.10,150.00,152.41,34981
2024-11-25,154.00,155.01,153.00,153.94,31823
2024-11-26,154.30,155.00,152.51,154.83,16809
2024-11-27,155.40,155.60,153.00,154.68,27465
2024-11-28,155.12,156.00,151.70,152.48,38071
2024-11-29,152.85,154.35,151.66,152.57,23504
2024-12-02,152.95,155.59,150.20,153.35,45785
2024-12-03,154.00,157.00,154.00,156.17,40034
2024-12-04,155.99,157.00,154.55,154.92,28807
2024-12-05,155.65,155.90,153.41,153.88,16769
2024-12-06,154.05,157.45,153.25,153.68,68245
2024-12-09,155.10,159.50,154.50,157.55,99965
2024-12-10,157.05,158.90,153.92,154.80,58476
2024-12-11,155.99,156.30,153.30,154.05,27097
2024-12-12,156.44,157.06,152.97,155.64,42382
2024-12-13,155.29,155.50,153.85,154.49,24016
2024-12-16,155.20,158.44,150.62,151.19,49444
2024-12-17,153.99,154.75,151.60,152.80,51562
2024-12-18,153.20,154.28,149.69,150.64,42099
2024-12-19,149.70,150.39,149.01,149.88,44150
2024-12-20,150.60,150.90,147.02,147.35,20932
2024-12-23,148.50,148.50,143.33,144.72,46987
2024-12-24,146.05,148.27,145.55,146.58,14282
2024-12-26,147.30,147.60,145.24,146.62,21932
2024-12-27,147.35,147.56,144.31,144.99,13575
2024-12-30,142.50,145.90,142.50,142.94,25035
2024-12-31,143.75,143.75,140.01,141.07,42628
2025-01-01,142.00,147.00,142.00,145.43,41359
2025-01-02,145.43,146.90,143.50,144.07,18015
2025-01-03,144.90,146.09,143.50,143.83,18316
2025-01-06,144.55,151.01,142.51,145.27,161982
2025-01-07,147.60,149.00,141.61,144.13,41678
2025-01-08,144.05,146.05,142.50,142.97,18883
2025-01-09,144.05,147.00,142.01,142.80,33600
2025-01-10,142.97,146.99,135.22,140.78,142560
2025-01-13,139.00,146.00,133.42,140.19,80567
2025-01-14,140.00,144.85,137.72,141.17,37638
2025-01-15,140.00,145.99,140.00,141.57,35815
2025-01-16,141.90,144.20,136.21,138.18,50074
2025-01-17,139.05,139.69,137.07,138.95,54075
2025-01-20,138.11,140.91,138.02,139.91,19686
2025-01-21,140.50,140.50,137.99,139.28,24933
2025-01-22,138.70,140.00,138.12,139.39,15623
2025-01-23,139.50,140.15,137.50,137.69,18342
2025-01-24,138.00,140.00,136.81,139.42,16583
2025-01-27,137.01,137.93,134.10,134.72,19320
2025-01-28,135.66,135.66,128.00,128.57,48436
2025-01-29,129.99,136.78,129.10,132.54,58442
2025-01-30,132.64,137.50,132.59,133.51,43352
2025-01-31,132.99,134.70,130.05,131.68,17191
2025-02-01,135.00,157.50,133.93,154.48,379925
2025-02-03,153.48,162.80,146.25,148.68,155469
2025-02-04,149.00,153.59,146.81,151.39,84523
2025-02-05,151.39,157.00,147.11,155.35,38488
2025-02-06,153.30,157.00,149.51,150.43,39231
2025-02-07,150.00,153.22,147.63,150.06,26725
2025-02-10,147.80,148.78,141.10,143.17,36739
2025-02-11,142.05,142.09,136.60,138.01,27504
2025-02-12,135.50,139.44,133.27,137.41,22322
2025-02-13,136.99,141.17,136.99,139.39,17268
2025-02-14,137.69,138.39,134.48,136.98,14816
2025-02-17,134.50,139.58,132.99,134.69,32292
2025-02-18,136.35,136.39,133.00,134.79,13828
2025-02-19,133.99,136.93,132.01,133.50,49533
2025-02-20,134.75,136.01,131.56,133.97,20904
2025-02-21,134.63,136.38,133.01,135.21,21084
2025-02-24,136.05,136.05,130.35,131.57,34502
2025-02-25,131.00,142.00,131.00,133.94,55948
2025-02-27,135.63,135.63,128.01,129.39,22519
2025-02-28,125.70,129.39,125.00,125.46,30536
2025-03-03,126.75,135.00,121.01,130.81,138514
2025-03-04,127.00,132.73,125.00,128.13,36493
2025-03-05,127.25,133.49,127.25,131.02,25524
2025-03-06,130.60,132.99,129.18,130.99,24827
2025-03-07,130.00,134.00,129.42,133.09,109127
2025-03-10,133.00,136.70,130.61,131.88,24440
2025-03-11,131.88,131.89,122.21,124.47,110918
2025-03-12,127.00,131.29,117.40,120.58,204345
2025-03-13,121.90,124.74,114.41,118.29,133402
2025-03-17,118.29,130.00,117.82,123.25,138631
2025-03-18,121.70,128.00,121.70,126.89,67219
2025-03-19,126.88,135.90,126.03,133.04,88888
2025-03-20,131.40,152.13,131.39,147.85,507462
2025-03-21,147.85,151.85,146.21,147.90,97570
2025-03-24,147.55,156.45,146.01,149.29,84697
2025-03-25,152.15,152.15,140.55,142.58,65424
2025-03-26,143.25,145.18,140.01,141.48,38311
2025-03-27,141.98,144.99,132.20,134.62,99144
2025-03-28,134.99,137.50,128.01,130.73,85552
2025-04-01,131.00,139.99,130.01,136.85,44357
2025-04-02,134.80,140.02,134.80,137.69,36007
2025-04-03,137.96,142.90,137.96,139.87,35612
2025-04-04,141.10,144.90,134.21,139.52,29158
2025-04-07,136.55,138.50,129.96,134.36,45095
2025-04-08,134.20,146.10,134.20,143.64,55294
2025-04-09,146.72,146.74,139.51,142.39,37829
2025-04-11,144.20,144.51,139.75,143.08,22074
2025-04-15,144.25,145.00,141.54,142.72,28294
2025-04-16,143.20,145.00,141.99,143.50,19567
2025-04-17,141.07,146.51,141.00,143.09,40454
2025-04-21,141.70,144.70,141.21,143.68,16174
2025-04-22,142.66,145.00,140.00,143.13,35735
2025-04-23,143.84,146.48,140.68,142.95,16940
2025-04-24,141.00,144.50,141.00,143.64,10732
2025-04-25,144.80,144.81,137.02,141.68,39242
2025-04-28,139.00,144.52,135.00,136.75,68749
2025-04-29,138.00,140.41,130.93,132.29,70905
2025-04-30,131.50,134.79,129.95,131.85,22188
2025-05-02,130.10,134.99,130.10,133.20,14478
2025-05-05,132.76,139.89,131.61,138.49,19529
2025-05-06,139.24,139.24,130.18,131.26,18996
2025-05-07,133.10,137.00,129.43,133.60,20011
2025-05-08,130.24,136.78,129.15,130.08,20002
2025-05-09,125.01,129.96,124.55,127.30,25401
2025-05-12,129.50,135.99,129.50,130.17,46435
2025-05-13,130.00,136.01,129.00,133.33,55670
2025-05-14,133.99,137.08,133.62,134.40,44242
2025-05-15,132.20,141.50,132.20,135.36,65236
2025-05-16,136.90,137.00,133.51,134.90,33743
2025-05-19,135.40,138.49,134.90,136.88,34102
2025-05-20,136.66,138.99,134.91,136.99,43588
2025-05-21,136.69,138.78,135.25,136.11,26908
2025-05-22,134.82,137.17,134.82,136.67,24349
2025-05-23,136.27,138.60,134.81,137.16,28846
2025-05-26,137.60,138.97,135.01,135.30,17351
2025-05-27,135.00,137.00,133.25,134.42,14761
2025-05-28,133.30,135.99,133.30,134.29,15585
2025-05-29,134.49,135.10,130.50,131.61,42310
2025-05-30,132.40,133.64,131.48,132.34,24941
2025-06-02,130.00,132.79,126.15,127.06,98636
2025-06-03,128.30,129.59,126.66,127.27,33082
2025-06-04,127.27,127.49,124.95,125.39,40313
2025-06-05,126.30,130.06,125.02,128.17,26580
2025-06-06,128.03,129.51,126.10,127.98,22294
2025-06-09,128.30,132.40,128.17,130.13,59164
2025-06-10,130.46,131.14,128.61,129.04,25243
2025-06-11,129.20,132.20,129.19,130.38,22151
2025-06-12,130.60,130.98,124.99,125.72,49751
2025-06-13,123.00,130.00,122.50,128.79,58732
2025-06-16,126.00,129.37,125.01,126.64,67557
2025-06-17,127.29,129.99,125.10,125.81,28847
2025-06-18,126.43,127.50,124.01,126.07,22061
2025-06-19,126.50,127.19,125.00,125.91,27905
2025-06-20,126.10,131.00,125.01,126.39,34944
2025-06-23,124.00,127.10,124.00,125.02,19094
2025-06-24,126.00,128.77,124.36,125.65,60640
2025-06-25,126.89,129.00,125.80,127.72,68220
2025-06-26,130.00,130.00,125.55,127.70,37786
2025-06-27,128.40,128.45,127.02,127.45,9046
2025-06-30,128.30,128.40,125.02,125.63,62947
2025-07-01,127.80,129.63,126.00,126.73,23146
2025-07-02,126.74,127.40,125.40,126.40,17600
2025-07-03,126.41,129.00,125.41,127.85,42901
2025-07-04,128.90,129.00,125.55,125.88,46116
2025-07-07,125.90,127.10,124.95,126.10,31719
2025-07-08,126.11,128.99,125.70,127.00,24283
2025-07-09,125.10,133.01,125.10,129.50,60299
2025-07-10,130.00,131.70,128.01,129.27,30942
2025-07-11,130.90,132.99,128.01,129.62,56803
2025-07-14,129.00,131.10,128.12,130.12,20475
2025-07-15,128.60,132.00,128.60,131.41,17537
2025-07-16,131.47,135.50,129.41,134.35,74992
2025-07-17,134.10,136.35,132.34,134.83,58615
2025-07-18,135.40,139.70,132.51,137.45,70560
2025-07-21,139.22,140.36,135.50,137.39,88302
2025-07-22,138.07,142.23,136.17,141.24,66805
2025-07-23,141.24,141.99,138.47,138.70,35417
2025-07-24,139.20,139.20,133.10,134.59,46741
2025-07-25,135.70,135.70,131.01,133.05,38452
2025-07-28,132.00,134.29,129.60,130.19,14769
2025-07-29,130.50,130.50,127.36,129.82,20910
2025-07-30,130.00,132.59,129.39,131.06,16551
2025-07-31,127.15,132.59,127.15,131.88,15488
2025-08-01,132.49,132.49,130.00,131.17,16196
2025-08-04,131.30,135.17,129.00,131.69,21372
2025-08-05,132.50,133.38,128.66,129.40,13062
2025-08-06,129.35,131.44,124.11,125.76,40309
2025-08-07,126.99,129.90,124.51,126.39,67683
2025-08-08,124.50,127.02,124.03,124.44,17760
2025-08-11,124.00,127.99,123.50,124.22,41864
2025-08-12,124.85,124.90,123.01,123.76,16044
2025-08-13,123.90,128.35,123.90,126.76,13087
2025-08-14,127.40,127.40,123.31,123.62,15379
2025-08-18,124.80,124.80,123.31,123.56,26426
2025-08-19,123.70,125.00,123.00,124.47,27753
2025-08-20,124.57,125.50,124.26,125.41,17918
2025-08-21,125.60,125.60,124.05,124.36,42021
2025-08-22,124.50,125.00,124.16,124.70,8656
2025-08-25,124.90,125.00,123.15,123.84,22156
2025-08-26,124.69,124.70,122.12,123.06,26665
2025-08-28,123.06,123.79,122.51,123.45,16350
2025-08-29,123.00,123.89,122.16,123.14,17219
2025-09-01,122.10,123.80,121.39,122.99,16933
2025-09-02,122.83,123.50,122.72,123.27,14695
2025-09-03,123.40,124.00,122.50,123.19,39922
2025-09-04,123.90,125.00,122.61,124.59,42101
2025-09-05,124.01,125.00,122.70,123.76,47769
2025-09-08,121.30,126.00,121.30,125.73,36022
2025-09-09,125.79,128.00,125.08,127.18,48582
2025-09-10,127.20,127.32,125.01,125.55,17103
2025-09-11,125.69,127.98,125.11,125.71,18489
2025-09-12,126.60,126.60,123.16,124.06,22920
2025-09-15,124.06,126.50,123.95,125.54,31152
2025-09-16,125.70,132.00,124.59,126.69,139963
2025-09-17,128.10,128.24,125.55,127.12,11062
2025-09-18,127.12,127.74,124.01,126.07,21937
2025-09-19,126.07,131.90,125.00,130.64,59705
2025-09-22,132.60,135.79,128.29,133.18,62074
2025-09-23,134.00,135.00,130.01,132.67,26874
2025-09-24,133.50,134.98,130.97,132.65,14000
2025-09-25,133.20,133.20,130.00,130.99,9561
2025-09-26,131.29,131.29,126.00,126.84,13659
2025-09-29,127.70,149.49,127.70,138.87,749489
2025-09-30,139.00,144.00,133.83,135.11,64178
2025-10-01,135.95,142.33,135.10,141.15,68086
2025-10-03,142.40,149.95,140.48,147.03,121587
2025-10-06,147.00,150.00,143.48,148.22,99036
2025-10-07,150.10,154.00,137.57,139.20,241015
2025-10-08,138.00,146.85,138.00,145.33,77634
2025-10-09,147.20,148.01,137.10,137.95,88390
2025-10-10,139.05,140.58,136.00,138.81,32824
2025-10-13,139.60,139.60,136.31,137.56,23014
2025-10-14,137.84,138.59,134.02,134.94,21915
2025-10-15,134.89,137.90,131.21,134.07,52508
2025-10-16,135.00,142.40,135.00,141.29,54244
2025-10-17,142.70,146.90,137.00,138.79,82036
2025-10-20,138.79,140.80,135.62,137.50,24441
2025-10-21,139.00,142.50,138.40,141.11,29569
2025-10-23,139.02,142.89,139.02,142.16,24726
2025-10-24,142.69,145.43,140.45,142.33,38284
2025-10-27,143.20,144.00,140.12,141.10,19500
2025-10-28,141.03,141.87,139.75,140.95,20153
2025-10-29,138.25,143.38,138.25,140.45,45487
2025-10-30,140.38,142.00,139.01,141.09,11089
2025-10-31,141.30,142.18,138.40,139.82,37692
2025-11-03,137.10,140.90,136.85,137.26,15514
2025-11-04,137.80,138.39,132.50,137.02,11995
2025-11-06,135.00,138.70,134.00,134.99,23227
2025-11-07,133.99,137.90,132.01,136.88,19097
2025-11-10,133.20,137.90,132.25,132.98,34776
2025-11-11,133.64,133.64,128.25,129.18,48061
2025-11-12,130.00,132.00,120.40,121.89,154013
2025-11-13,123.00,125.57,120.85,124.08,51797
2025-11-14,124.79,127.00,121.72,123.74,28112
2025-11-17,125.40,133.50,125.40,131.61,109129
2025-11-18,132.40,132.40,125.10,127.15,44709
2025-11-19,127.87,132.90,126.84,131.10,25228
2025-11-20,132.19,136.00,130.96,133.02,81221
2025-11-21,134.50,134.68,127.82,129.30,22066
2025-11-24,126.00,128.90,124.00,126.13,73186
2025-11-25,124.00,125.80,124.00,124.66,24270
2025-11-26,124.79,131.00,124.16,129.89,43082
2025-11-27,129.94,130.30,128.01,129.00,16729
2025-11-28,129.00,135.00,124.55,125.65,96711
2025-12-01,127.45,127.50,122.00,122.50,65265
2025-12-02,124.10,124.10,117.00,118.36,80738
2025-12-03,119.00,122.48,118.22,121.36,25594
2025-12-04,121.96,122.49,118.31,118.87,49455
2025-12-05,119.40,120.00,117.35,118.16,83486
2025-12-08,118.90,118.90,115.51,117.23,34982
2025-12-09,117.23,117.29,114.89,116.91,39032
2025-12-10,117.10,118.65,115.31,116.67,25728
2025-12-11,117.60,117.91,112.01,113.45,109953
2025-12-12,114.39,117.35,113.44,116.72,52608
2025-12-15,114.00,122.80,114.00,118.69,108445
2025-12-16,116.40,122.51,114.85,116.40,83351
2025-12-17,116.57,116.57,113.30,114.50,38021
2025-12-18,114.90,115.24,108.98,110.24,104036
2025-12-19,110.00,116.90,108.98,115.11,104335
2025-12-22,114.00,117.00,113.15,114.11,52106
2025-12-23,114.40,114.90,109.99,111.48,63475
2025-12-24,112.20,114.78,108.60,112.02,106730
2025-12-26,113.00,121.93,110.59,112.67,305364
2025-12-29,111.35,114.69,107.80,108.43,173754
2025-12-30,109.30,112.01,107.92,109.77,106518
2025-12-31,109.00,113.49,108.90,112.52,75497
2026-01-01,110.13,116.38,108.35,109.58,130185
2026-01-02,110.12,113.00,106.00,109.22,119112
2026-01-05,110.00,114.74,107.50,112.14,136590
2026-01-06,112.14,117.00,111.09,115.79,164754
2026-01-07,116.59,119.48,115.01,118.93,81015
2026-01-08,118.00,120.52,115.02,116.26,61042
2026-01-09,116.39,117.40,110.82,111.92,47296
2026-01-12,113.60,113.60,108.44,110.65,52662
2026-01-13,111.30,111.90,107.60,108.41,59890
2026-01-14,108.10,109.99,107.31,109.03,23249
2026-01-16,109.03,109.39,105.91,106.75,75728
2026-01-19,106.00,106.30,104.06,104.62,23655
2026-01-20,103.00,105.50,101.40,102.99,68986
2026-01-21,103.00,108.80,101.03,105.37,52938
2026-01-22,106.04,108.00,104.30,106.94,21109
2026-01-23,107.90,107.90,103.51,104.14,14955
2026-01-27,104.14,104.58,101.45,103.76,30440
2026-01-28,101.71,104.32,101.71,103.92,36562
2026-01-29,104.00,104.00,101.10,102.75,16380
2026-01-30,102.90,103.90,101.71,102.95,25458
2026-02-01,102.90,106.00,101.12,105.36,22204
2026-02-02,105.74,108.00,102.02,106.89,29156
2026-02-03,108.30,117.03,106.05,115.28,91826
2026-02-04,115.28,115.99,111.02,114.64,24435
2026-02-05,115.30,115.30,109.80,111.10,26982
2026-02-06,110.02,111.03,108.90,110.57,12306
2026-02-09,110.57,112.00,109.12,111.26,28121
2026-02-10,111.26,112.00,108.01,110.96,47235
2026-02-11,112.00,114.89,104.00,104.91,124030
2026-02-12,106.90,107.45,100.91,101.51,111654
2026-02-13,103.20,105.79,99.22,104.89,90718
2026-02-16,105.70,105.70,99.82,100.25,138065
2026-02-17,100.75,102.79,99.84,100.70,65416
2026-02-18,100.90,102.64,100.25,100.81,54766
2026-02-19,100.90,103.09,100.90,102.13,37973
2026-02-20,102.00,103.70,100.60,101.81,41379
2026-02-23,102.60,103.29,100.50,101.45,79547
2026-02-24,101.40,101.40,99.91,100.78,40879
2026-02-25,100.78,102.25,100.11,101.73,34216
2026-02-26,102.00,104.25,102.00,103.62,41561
2026-02-27,104.13,104.13,100.36,101.50,33208
2026-03-02,99.50,101.49,98.45,99.22,72100
2026-03-04,99.40,103.95,96.71,101.32,55286
2026-03-05,102.50,105.30,100.25,103.89,35769
2026-03-06,104.80,104.99,100.98,101.11,55601
2026-03-09,100.00,100.98,97.60,99.72,46249
2026-03-10,100.00,102.99,99.65,102.50,13746
2026-03-11,100.00,103.60,99.40,100.13,27023
2026-03-12,100.59,102.00,98.14,100.05,64060
2026-03-13,100.40,100.45,95.10,95.71,51895
2026-03-16,94.90,96.49,91.22,94.24,34665
2026-03-17,94.90,99.02,93.42,95.39,62674
2026-03-18,96.00,99.00,95.68,98.43,47127
2026-03-19,96.43,98.00,94.00,94.96,40317
2026-03-20,95.83,97.54,91.96,96.49,33434
2026-03-23,95.10,95.10,88.11,89.65,66849
2026-03-24,89.75,93.68,88.31,92.60,41112
2026-03-25,92.60,98.00,92.56,95.82,61866
2026-03-27,94.15,94.48,89.00,89.84,153643
2026-03-30,91.50,91.50,82.70,84.00,106666
2026-04-01,84.00,91.00,84.00,90.05,38868
2026-04-02,90.00,98.00,87.55,97.49,73384
2026-04-06,98.00,98.24,93.47,95.45,40282
2026-04-07,97.45,97.85,94.51,95.83,37429
2026-04-08,98.70,104.49,98.20,101.97,69054
2026-04-09,100.21,103.11,98.75,100.18,19048
2026-04-10,102.00,104.94,101.20,103.23,20870
2026-04-13,101.10,103.23,99.00,101.78,18019
2026-04-15,103.00,104.88,101.80,103.40,19273
2026-04-16,103.97,105.00,101.41,104.38,15597
2026-04-17,103.99,105.00,102.01,102.93,23939
2026-04-20,103.44,103.45,100.00,101.17,22341
2026-04-21,101.99,102.98,99.22,100.63,21033
2026-04-22,101.13,102.55,99.75,101.08,30758
2026-04-23,101.00,105.02,100.26,101.06,29604
2026-04-24,103.00,104.00,98.05,100.90,15782
2026-04-27,98.51,102.45,98.51,99.86,20980
2026-04-28,100.87,101.99,100.25,101.03,7396
2026-04-29,101.53,102.58,99.91,101.80,12562
2026-04-30,101.99,104.00,99.20,103.80,16803
2026-05-04,105.00,106.00,102.64,103.58,30036
2026-05-05,104.80,104.80,101.15,103.14,16426
2026-05-06,103.69,107.00,101.50,103.84,31483
2026-05-07,104.35,106.00,102.92,104.02,23379
2026-05-08,104.02,108.90,103.82,107.87,80090
2026-05-11,109.00,109.00,105.11,105.60,22398
2026-05-12,106.94,107.81,100.43,101.52,38180
2026-05-13,100.00,102.85,99.50,101.29,14139
2026-05-14,100.35,102.46,99.02,100.08,17626
2026-05-15,100.98,103.48,99.00,100.02,25964
2026-05-18,99.95,101.00,95.57,100.18,13710
2026-05-19,101.95,104.50,98.00,102.01,22181
2026-05-20,103.00,110.50,99.50,107.19,69703
2026-05-21,109.50,116.00,105.32,114.61,195820
2026-05-22,115.78,115.78,108.35,110.25,23187
2026-05-25,111.35,117.00,110.50,113.35,86457
2026-05-26,111.20,115.00,111.20,112.80,36135
2026-05-27,112.80,115.00,111.21,113.99,34977
2026-05-29,115.00,115.00,110.51,110.80,17551
2026-06-01,113.90,113.90,106.50,108.08,17947
2026-06-02,105.00,109.00,105.00,108.38,14521
2026-06-03,109.89,109.89,105.93,106.95,15629
2026-06-04,106.90,108.28,105.15,105.26,18175
2026-06-05,105.00,111.00,104.78,107.90,52383
2026-06-08,106.00,109.00,105.04,106.26,18643
2026-06-09,106.79,108.85,105.00,108.22,5467
2026-06-10,108.75,109.90,106.29,106.40,11732
2026-06-11,107.99,107.99,102.15,103.42,23807
2026-06-12,106.00,107.25,104.01,105.89,17918
2026-06-15,106.50,108.99,106.48,107.54,12998
2026-06-16,108.00,110.00,107.01,108.65,30738
2026-06-17,110.00,110.00,104.10,108.36,18315
2026-06-18,108.96,110.20,107.41,109.50,18660
2026-06-19,111.00,120.48,108.00,118.41,106482
2026-06-22,115.00,133.30,114.99,131.15,457142
2026-06-23,133.00,137.01,126.05,129.84,324555
2026-06-24,129.83,143.63,127.05,135.95,245302
2026-06-25,137.90,137.90,124.25,127.24,108479
2026-06-29,127.24,138.50,125.20,133.31,160867
2026-06-30,134.00,134.00,126.00,126.81,65183
2026-07-01,128.00,131.90,126.21,127.80,30898
2026-07-02,127.25,133.25,127.25,130.43,47607
2026-07-03,131.21,132.99,129.05,130.00,30726
2026-07-06,132.00,135.86,125.81,129.10,289672
2026-07-07,128.17,132.00,125.21,128.10,40783
2026-07-08,127.08,129.38,123.20,123.77,33750
2026-07-09,124.77,126.76,124.32,124.90,27212
2026-07-10,126.90,127.78,121.00,122.38,36276
2026-07-13,121.50,127.00,121.50,124.05,30959
2026-07-14,123.50,134.80,123.40,131.11,138882
2026-07-15,131.51,136.50,127.00,131.49,71298
2026-07-16,132.43,132.99,129.15,130.18,15469
2026-07-17,130.10,132.00,127.21,129.06,12145
2026-07-20,128.06,141.00,128.01,135.49,186681
2026-07-21,133.46,137.49,130.65,131.58,33347
2026-07-22,130.27,134.00,130.19,132.12,22724
2026-07-23,132.78,140.00,130.81,137.93,57595
2026-07-24,137.92,139.99,133.24,137.73,52855
2026-07-27,137.87,139.80,131.00,132.03,60151
2026-07-28,130.20,134.00,128.62,133.81,25785
2026-07-29,133.14,134.09,131.28,132.05,21719
2026-07-30,131.05,134.99,129.02,133.93,24584
2026-07-31,135.61,135.61,132.00,133.14,20180
2026-08-03,135.32,135.32,132.01,132.12,14057
2026-08-04,133.90,142.00,129.48,139.46,130939
2026-08-05,142.55,144.69,134.16,142.03,316963
2026-08-06,142.00,147.70,140.00,142.42,124577
2026-08-07,145.50,148.50,136.00,145.17,144115
2026-08-10,146.03,151.89,144.00,150.15,218468
2026-08-11,158.99,167.46,154.00,158.60,653579
2026-08-12,158.60,163.70,157.21,158.38,114955
2026-08-13,160.98,160.98,136.27,146.38,485386
2026-08-14,141.33,145.00,139.20,139.67,30974
2026-08-17,139.67,140.00,133.01,135.98,42973
2026-08-18,135.80,142.00,131.50,140.94,30070
2026-08-19,140.00,144.90,135.11,141.37,17783
2026-08-20,140.00,141.27,135.55,138.58,27832
2026-08-21,141.00,142.80,136.00,140.81,64247
2026-08-24,141.51,147.79,137.00,146.24,95069
2026-08-25,145.10,150.00,140.10,142.23,78948
2026-08-26,146.00,149.34,140.00,149.04,38025
2026-08-27,149.00,149.00,143.00,144.96,39820
2026-08-28,144.96,146.00,141.00,143.87,18410
2026-08-31,145.00,145.00,137.25,140.17,28613
2026-09-01,140.00,143.00,136.75,138.93,12830
2026-09-02,138.10,140.05,135.20,138.09,46224
2026-09-03,139.00,140.00,135.00,135.67,10619
2026-09-04,137.00,140.99,135.21,139.59,16598
2026-09-07,139.25,140.00,135.00,135.29,29250
2026-09-08,136.40,136.40,132.00,133.78,10889
2026-09-09,134.44,136.00,131.50,135.13,17330
2026-09-10,135.00,141.88,131.20,141.76,47006
2026-09-11,141.76,147.00,137.49,141.70,41348
2026-09-15,138.20,140.99,136.90,137.63,9049
2026-09-16,137.00,138.98,133.30,135.06,15219
2026-09-17,138.00,140.00,133.25,139.36,12614
2026-09-18,136.00,145.50,136.00,144.89,33415
