Date,Open,High,Low,Close,Volume
2002-01-25,2.00,2.00,2.00,2.00,3200
2002-01-31,2.05,2.05,2.05,2.05,300
2002-02-19,2.00,2.00,2.00,2.00,300
2002-02-25,2.00,2.00,2.00,2.00,100
2002-03-04,2.00,2.00,2.00,2.00,400
2002-03-07,2.00,2.00,2.00,2.00,500
2002-03-08,2.05,2.05,2.05,2.05,100
2002-03-20,2.00,2.00,2.00,2.00,3000
2002-03-22,2.10,2.10,2.10,2.10,200
2002-04-04,2.05,2.05,2.05,2.05,1000
2002-04-16,2.05,2.05,2.05,2.05,44
2002-04-17,2.10,2.10,2.10,2.10,100
2002-04-18,2.10,2.10,2.10,2.10,10
2002-04-22,2.55,2.55,2.55,2.55,20
2002-04-23,2.50,3.10,2.50,3.10,402
2002-04-24,2.60,3.60,2.60,3.60,2
2002-04-25,2.90,4.20,2.90,4.20,6
2002-05-03,3.40,4.75,3.40,4.45,1003
2002-05-09,4.90,4.90,4.90,4.90,1
2002-05-10,5.80,5.80,5.80,5.80,1
2002-05-14,5.90,5.90,5.90,5.90,1
2002-05-15,7.00,7.00,5.00,5.05,601
2002-05-16,5.00,5.00,4.05,4.05,1300
2002-05-17,3.75,3.75,3.75,3.75,200
2002-05-29,3.15,4.00,3.10,3.95,705
2002-05-30,3.25,3.35,3.25,3.35,498
2002-05-31,3.25,3.25,3.25,3.25,100
2002-06-04,3.25,3.25,3.25,3.25,500
2002-06-05,3.75,3.75,3.75,3.75,200
2002-06-06,3.20,3.70,3.10,3.70,1525
2002-06-10,3.25,3.25,3.25,3.25,324
2002-06-14,3.70,3.75,3.70,3.75,3000
2002-06-17,3.15,3.15,3.15,3.15,700
2002-06-18,3.50,3.75,3.40,3.75,700
2002-06-19,3.50,3.75,3.50,3.75,725
2002-06-20,3.70,3.70,3.55,3.55,1175
2002-06-21,3.60,3.80,3.50,3.80,1000
2002-06-24,3.60,3.90,3.60,3.90,1100
2002-06-25,3.75,3.75,3.75,3.75,500
2002-06-26,3.90,3.90,3.75,3.75,500
2002-06-27,4.00,4.00,4.00,4.00,560
2002-06-28,3.20,3.90,3.20,3.90,1050
2002-07-01,4.00,4.35,3.95,4.20,2901
2002-07-02,4.90,5.05,4.50,5.05,4052
2002-07-03,5.15,6.10,5.15,6.10,18502
2002-07-04,7.00,7.00,5.60,6.15,12603
2002-07-05,7.00,7.40,6.50,7.40,21351
2002-07-08,7.95,8.80,7.20,8.15,20350
2002-07-09,8.00,8.10,7.50,7.70,8000
2002-07-10,7.90,7.90,7.10,7.15,11840
2002-07-11,6.80,7.30,6.40,6.90,5250
2002-07-12,6.60,6.80,6.30,6.50,1200
2002-07-15,6.50,7.80,6.50,7.80,32966
2002-07-16,8.65,9.40,8.30,9.40,38071
2002-07-17,10.00,10.80,8.50,9.05,16276
2002-07-18,9.10,10.90,8.65,9.45,63870
2002-07-19,9.70,10.45,9.05,9.15,16100
2002-07-22,9.70,9.75,8.25,8.65,12510
2002-07-23,8.05,8.45,7.90,7.90,1800
2002-07-24,8.45,8.45,8.00,8.00,4451
2002-07-25,8.80,8.80,7.90,7.90,951
2002-07-26,7.25,7.95,7.20,7.45,5950
2002-07-29,7.45,7.45,6.75,6.85,750
2002-07-30,6.50,6.55,6.20,6.25,4141
2002-07-31,6.25,6.50,6.25,6.50,1400
2002-08-01,6.30,6.30,6.30,6.30,200
2002-08-02,6.20,6.95,6.15,6.70,1310
2002-08-06,6.10,6.10,6.10,6.10,410
2002-08-07,6.75,6.75,6.75,6.75,1300
2002-08-08,6.50,6.50,6.10,6.10,20500
2002-08-09,6.10,6.10,6.00,6.00,10000
2002-08-12,6.00,6.00,5.80,6.00,11150
2002-08-16,6.00,6.00,6.00,6.00,350
2002-08-20,6.10,6.10,6.10,6.10,1000
2002-08-21,5.85,5.85,5.60,5.60,9125
2002-08-22,5.35,6.15,5.35,6.15,302
2002-08-23,6.60,6.60,6.30,6.30,3
2002-08-26,6.90,6.90,5.70,5.70,201
2002-08-27,5.25,5.45,5.25,5.30,1001
2002-08-28,4.60,5.10,4.60,5.10,801
2002-08-29,4.15,5.10,4.15,5.05,401
2002-08-30,4.60,4.60,4.60,4.60,1
2002-09-02,4.60,4.60,4.60,4.60,300
2002-09-03,4.45,5.40,4.45,5.40,675
2002-09-04,4.40,5.55,4.40,5.55,301
2002-09-05,4.55,5.85,4.55,5.00,1364
2002-09-06,4.05,5.20,4.05,5.20,1489
2002-09-09,6.10,6.10,4.85,5.10,4102
2002-09-11,5.45,5.45,4.75,5.20,503
2002-09-12,6.20,6.20,4.50,4.60,4103
2002-09-13,5.40,5.40,4.75,4.75,525
2002-09-16,5.70,5.70,4.65,4.65,976
2002-09-17,3.75,5.55,3.75,5.50,105
2002-09-18,4.55,5.00,4.55,4.60,103
2002-09-19,4.15,5.25,4.15,5.25,925
2002-09-23,4.30,4.30,4.30,4.30,1
2002-09-24,4.05,4.05,4.05,4.05,1
2002-09-25,3.65,4.65,3.65,4.65,501
2002-09-26,4.70,4.70,4.70,4.70,200
2002-09-27,4.65,4.80,4.60,4.80,800
2002-09-30,4.75,5.00,4.75,5.00,600
2002-10-03,4.20,4.90,4.20,4.80,701
2002-10-04,4.65,4.95,4.65,4.80,1326
2002-10-07,4.80,5.10,4.70,5.05,400
2002-10-14,4.70,4.85,4.70,4.70,463
2002-10-16,4.75,4.75,4.70,4.70,500
2002-10-18,4.80,4.80,4.70,4.70,600
2002-10-21,5.25,5.25,4.35,5.15,600
2002-10-25,4.50,4.50,4.50,4.50,200
2002-10-28,4.55,4.55,4.35,4.35,500
2002-10-30,4.20,5.00,4.20,4.65,402
2002-11-05,4.00,4.00,4.00,4.00,1
2002-11-07,4.50,4.50,4.35,4.35,300
2002-11-08,5.00,5.00,5.00,5.00,200
2002-11-11,4.70,4.70,4.30,4.30,800
2002-11-13,4.35,4.60,4.35,4.60,400
2002-11-14,4.40,4.40,4.40,4.40,1
2002-11-15,4.60,4.60,4.60,4.60,2600
2002-11-20,4.70,4.70,4.40,4.70,300
2002-11-21,4.60,4.60,4.50,4.60,510
2002-11-25,4.45,5.45,4.40,4.45,2502
2002-11-26,5.20,5.20,5.00,5.20,350
2002-11-27,4.45,5.60,4.45,4.55,2202
2002-11-28,4.60,5.25,4.60,4.75,702
2002-11-29,4.80,4.80,4.80,4.80,300
2002-12-02,4.90,5.05,4.90,5.05,1000
2002-12-03,5.10,5.10,5.05,5.05,1610
2002-12-04,4.95,4.95,4.95,4.95,500
2002-12-05,5.00,5.50,5.00,5.00,2750
2002-12-06,5.00,5.00,5.00,5.00,200
2002-12-09,5.00,5.40,5.00,5.40,750
2002-12-10,5.35,5.35,5.10,5.10,600
2002-12-11,5.10,5.10,5.10,5.10,250
2002-12-12,5.10,5.10,4.95,4.95,2305
2002-12-13,4.65,4.65,4.65,4.65,100
2002-12-16,4.55,4.55,4.55,4.55,1
2002-12-18,4.55,4.55,4.50,4.50,1000
2002-12-19,4.40,4.40,4.40,4.40,550
2002-12-23,4.45,4.45,4.25,4.25,1900
2002-12-26,4.20,4.90,4.10,4.30,603
2002-12-27,4.25,4.70,4.20,4.70,1151
2002-12-31,4.15,4.15,4.15,4.15,386
2003-01-01,4.15,4.15,4.15,4.15,100
2003-01-08,4.25,4.25,4.25,4.25,200
2003-01-09,3.90,3.90,3.90,3.90,200
2003-01-10,3.50,4.60,3.50,3.55,1699
2003-01-14,3.75,3.75,3.75,3.75,200
2003-01-16,4.00,4.00,4.00,4.00,1000
2003-01-20,3.55,3.55,3.50,3.50,1000
2003-01-23,3.55,3.55,3.50,3.50,400
2003-01-24,3.40,4.05,3.40,4.05,16000
2003-01-27,3.95,4.65,3.95,4.15,1748
2003-01-31,4.65,4.65,4.65,4.65,300
2003-02-05,3.75,4.75,3.75,4.10,37951
2003-02-06,3.55,3.55,3.55,3.55,700
2003-02-07,4.20,4.20,3.55,3.55,1300
2003-02-11,3.65,3.65,3.65,3.65,600
2003-02-14,3.05,3.05,3.05,3.05,100
2003-02-17,3.60,3.60,3.60,3.60,200
2003-02-18,2.90,3.55,2.90,3.50,1050
2003-03-04,3.70,3.70,3.70,3.70,9700
2003-03-11,3.50,3.50,3.50,3.50,100
2003-03-26,3.00,3.25,3.00,3.25,400
2003-05-07,3.80,3.85,3.80,3.80,200
2003-05-09,3.50,3.50,3.50,3.50,100
2003-05-21,3.50,3.50,3.50,3.50,1000
2003-05-27,3.50,3.60,3.50,3.60,200
2003-05-29,3.95,4.00,3.95,3.95,1300
2003-06-02,3.75,3.75,3.75,3.75,1000
2003-06-03,3.75,3.75,3.60,3.60,2300
2003-06-06,3.55,4.30,3.55,3.85,5755
2003-06-09,4.00,4.65,4.00,4.50,8200
2003-06-10,4.50,4.65,4.35,4.35,4585
2003-06-11,4.45,4.90,4.35,4.85,4980
2003-06-12,4.35,4.35,4.15,4.30,2000
2003-06-13,4.10,4.45,3.80,4.45,420
2003-06-16,4.30,4.55,4.30,4.55,1200
2003-06-17,4.20,4.20,4.20,4.20,100
2003-06-18,4.50,4.80,4.40,4.50,11102
2003-06-19,5.00,5.25,4.60,4.65,8150
2003-06-20,5.00,5.00,4.70,4.90,900
2003-06-23,4.80,4.85,4.80,4.85,2350
2003-06-24,4.85,4.85,4.65,4.85,2800
2003-06-25,4.85,4.85,4.50,4.50,5025
2003-06-26,4.40,4.40,4.40,4.40,100
2003-06-27,4.75,4.80,4.75,4.80,700
2003-06-30,4.75,4.80,4.60,4.60,2579
2003-07-01,4.60,4.60,4.60,4.60,100
2003-07-02,4.60,4.90,4.50,4.50,1200
2003-07-03,4.70,4.80,4.70,4.80,300
2003-07-04,5.10,5.10,4.80,5.05,7300
2003-07-07,5.00,5.40,4.90,5.40,3975
2003-07-08,5.45,6.00,5.45,5.65,8148
2003-07-09,5.50,5.50,5.20,5.20,500
2003-07-11,4.30,5.60,4.30,5.60,1301
2003-07-14,5.00,5.00,5.00,5.00,800
2003-07-15,5.20,5.20,5.20,5.20,1000
2003-07-16,4.95,5.40,4.95,5.25,800
2003-07-18,4.80,5.40,4.75,4.75,3400
2003-07-21,4.60,5.05,4.60,4.90,2000
2003-07-22,4.95,5.00,4.95,5.00,1000
2003-07-24,4.60,5.30,4.60,4.95,402
2003-07-25,5.15,5.25,4.60,5.10,3611
2003-07-28,5.50,5.50,4.45,4.45,102
2003-07-29,5.25,5.25,4.90,5.05,1402
2003-07-30,5.05,5.30,5.05,5.10,1553
2003-07-31,5.05,5.05,5.05,5.05,250
2003-08-01,4.60,5.05,4.60,5.05,1350
2003-08-05,5.00,5.00,5.00,5.00,200
2003-08-06,5.00,5.10,5.00,5.10,1000
2003-08-08,4.60,5.10,4.60,5.00,2500
2003-08-11,5.10,5.10,4.60,4.60,1016
2003-08-12,5.00,5.00,4.90,4.90,600
2003-08-13,4.85,5.00,4.80,4.80,786
2003-08-14,5.15,5.80,5.00,5.35,3679
2003-08-18,6.00,6.45,5.25,6.45,13893
2003-08-19,7.00,7.75,5.30,5.60,7503
2003-08-20,6.50,6.75,5.80,6.50,8390
2003-08-21,6.40,6.40,6.05,6.05,2900
2003-08-22,5.35,6.45,5.35,5.65,4600
2003-08-25,5.65,6.00,5.65,5.85,2419
2003-08-26,5.65,6.00,5.65,5.95,4050
2003-08-27,5.75,5.75,5.75,5.75,400
2003-08-28,6.35,6.35,6.35,6.35,200
2003-08-29,5.55,6.25,5.40,5.60,1403
2003-09-01,6.40,6.40,5.25,5.40,854
2003-09-02,6.35,6.35,5.00,5.45,2605
2003-09-03,5.25,5.25,5.25,5.25,1000
2003-09-04,5.25,5.30,5.00,5.25,4600
2003-09-05,5.05,5.50,5.00,5.20,1402
2003-09-08,4.50,5.00,4.50,5.00,1998
2003-09-09,4.70,4.70,4.50,4.50,1200
2004-01-06,5.00,5.00,5.00,5.00,500
2004-01-07,5.00,6.00,5.00,5.70,5762
2004-01-08,5.00,5.00,5.00,5.00,200
2004-01-12,6.00,6.00,4.45,4.45,250
2004-01-13,5.00,5.25,4.10,4.90,11850
2004-01-14,4.80,5.60,4.10,5.60,3400
2004-01-15,6.40,6.60,4.80,6.05,8700
2004-01-16,4.90,5.75,4.85,5.70,3800
2004-01-19,5.75,5.75,4.85,5.05,3601
2004-01-20,4.40,4.40,4.40,4.40,1000
2004-01-21,4.10,4.90,4.10,4.90,350
2004-01-22,4.80,4.80,4.05,4.55,150
2004-01-27,4.00,4.00,4.00,4.00,100
2004-01-29,3.90,4.00,3.90,4.00,401
2004-02-05,3.95,4.00,3.95,4.00,4000
2004-02-06,3.80,4.55,3.80,4.35,402
2004-02-09,4.80,4.80,3.65,3.65,4301
2004-02-10,3.65,3.65,3.65,3.65,250
2004-02-11,3.25,3.25,3.25,3.25,1500
2004-02-13,3.85,3.85,3.25,3.25,82
2004-02-16,3.30,3.65,3.30,3.65,200
2004-02-17,3.55,4.10,3.55,3.95,4200
2004-02-18,3.75,4.10,3.65,3.70,4177
2004-02-19,3.70,4.45,3.70,4.20,10276
2004-02-20,4.20,4.20,4.05,4.05,5900
2004-02-23,3.85,4.00,3.70,3.90,3838
2004-02-24,4.00,4.00,4.00,4.00,3362
2004-02-25,4.00,4.00,4.00,4.00,4000
2004-02-26,4.00,4.00,4.00,4.00,2000
2004-02-27,3.95,4.05,3.95,4.05,7000
2004-03-01,3.35,3.35,3.25,3.30,2000
2004-03-03,3.85,3.85,3.70,3.85,9000
2004-03-04,3.45,4.00,3.10,3.15,4501
2004-03-05,3.70,3.75,3.35,3.70,151
2004-03-08,4.40,4.40,3.65,3.85,2303
2004-03-09,4.45,4.45,3.35,3.35,128
2004-03-10,4.00,4.00,3.25,3.85,3001
2004-03-11,3.30,3.95,3.20,3.95,3101
2004-03-12,4.65,4.65,3.70,3.75,6
2004-03-15,4.25,4.25,3.10,3.55,605
2004-03-16,4.10,4.10,4.10,4.10,1
2004-03-17,4.00,4.00,3.50,3.90,1356
2004-03-18,4.15,4.15,3.30,3.30,1494
2004-03-19,3.30,3.30,3.30,3.30,200
2004-03-22,3.90,4.00,3.30,3.70,32500
2004-03-23,3.35,3.90,3.35,3.75,18200
2004-03-25,3.20,3.90,3.20,3.90,143
2004-03-26,3.40,3.85,3.35,3.40,3250
2004-03-29,2.90,3.75,2.90,3.30,2145
2004-04-02,3.20,3.20,3.20,3.20,2000
2004-04-05,3.10,3.80,3.10,3.25,2404
2004-04-08,3.25,3.85,3.20,3.85,795
2004-04-12,3.95,4.10,3.20,4.00,2397
2004-04-15,3.30,3.40,3.30,3.40,2100
2004-04-16,3.55,3.55,3.55,3.55,600
2004-04-19,3.40,3.40,3.40,3.40,2896
2004-04-22,3.45,3.85,3.40,3.40,2100
2004-04-23,2.80,3.70,2.80,3.70,501
2004-04-28,3.25,3.70,3.25,3.70,800
2004-04-30,3.10,3.70,3.05,3.30,1602
2004-05-04,3.55,3.55,3.45,3.45,500
2004-05-06,3.25,3.35,3.25,3.35,46
2004-05-07,3.60,3.60,3.60,3.60,500
2004-05-13,3.15,3.80,3.15,3.75,600
2004-05-14,3.05,3.25,3.05,3.25,150
2004-05-18,3.15,3.15,3.15,3.15,500
2004-05-20,3.20,3.50,3.15,3.20,602
2004-05-24,3.05,3.05,3.05,3.05,100
2004-05-27,3.10,3.60,3.10,3.60,1000
2004-06-02,3.25,3.30,3.20,3.30,600
2004-06-09,3.15,3.75,3.15,3.15,151
2004-06-10,3.20,3.20,3.20,3.20,700
2004-06-11,3.45,3.50,3.25,3.25,5046
2004-06-15,3.05,3.75,3.05,3.45,75
2004-06-16,2.90,3.50,2.90,3.30,51
2004-06-17,3.25,3.75,3.25,3.30,60
2004-06-22,3.25,3.25,3.25,3.25,154
2004-06-24,2.65,3.50,2.65,3.50,604
2004-06-25,4.15,4.15,3.10,3.15,904
2004-06-30,3.00,3.00,3.00,3.00,1
2004-07-07,3.00,3.15,3.00,3.05,5
2004-07-09,2.65,3.00,2.65,3.00,200
2004-07-12,3.10,3.10,3.05,3.05,2
2004-07-14,2.65,3.50,2.65,3.25,1201
2004-07-15,3.25,3.25,3.25,3.25,300
2004-07-16,2.65,3.65,2.65,3.20,953
2004-07-19,3.60,3.60,3.60,3.60,300
2004-07-22,3.00,3.25,3.00,3.10,406
2004-07-23,3.20,3.20,3.15,3.15,200
2004-07-28,3.60,3.75,3.15,3.15,600
2004-08-02,3.15,3.15,3.15,3.15,2000
2004-08-04,2.90,2.90,2.90,2.90,100
2004-08-05,3.00,3.50,3.00,3.50,702
2004-08-06,4.15,4.15,3.00,3.20,2609
2004-08-10,3.30,3.30,3.30,3.30,2000
2004-08-13,3.40,3.40,3.15,3.15,600
2004-08-16,3.05,3.05,3.05,3.05,200
2004-08-17,3.20,3.20,3.20,3.20,1100
2004-08-18,3.10,3.10,3.10,3.10,100
2004-08-19,3.15,3.30,3.10,3.10,1001
2004-08-23,3.10,3.10,3.10,3.10,1
2004-08-24,3.00,3.00,3.00,3.00,1
2004-08-25,2.90,2.90,2.90,2.90,41
2004-09-06,3.60,3.60,3.60,3.60,1
2004-09-07,3.65,3.65,3.60,3.65,2700
2004-09-08,3.65,3.65,3.65,3.65,1900
2004-09-13,4.05,4.05,3.85,4.05,2100
2004-09-14,4.05,4.50,4.05,4.50,3433
2004-09-15,4.35,4.35,4.35,4.35,300
2004-09-16,4.30,4.30,4.30,4.30,2000
2004-09-17,4.10,4.10,4.10,4.10,700
2004-09-20,4.15,4.15,4.15,4.15,400
2004-09-21,4.25,4.25,4.15,4.15,1500
2004-09-24,4.30,4.30,4.25,4.25,2
2004-09-27,4.65,4.65,4.65,4.65,500
2004-09-28,4.60,4.60,4.50,4.50,1000
2004-10-01,4.10,4.10,4.05,4.05,2500
2004-10-04,4.50,4.50,4.15,4.15,6000
2004-10-05,4.25,4.25,3.80,3.80,400
2004-10-06,4.00,4.20,4.00,4.20,1300
2004-10-07,4.20,4.20,3.90,3.90,1000
2004-10-08,4.20,4.30,3.85,4.10,300
2004-10-12,4.00,4.25,4.00,4.25,860
2004-10-14,4.55,4.55,3.85,3.95,14
2004-10-15,4.30,4.30,3.80,3.80,754
2004-10-18,4.10,4.15,3.80,4.15,57
2004-10-19,4.20,4.20,4.10,4.10,150
2004-10-20,4.45,4.45,3.90,3.90,3302
2004-10-21,4.30,4.30,4.10,4.25,304
2004-10-25,4.30,4.60,4.25,4.45,5
2004-11-01,4.00,4.00,4.00,4.00,5000
2004-11-04,4.25,4.25,3.85,4.00,104
2004-11-05,3.80,3.80,3.70,3.70,1200
2004-11-09,4.10,4.10,3.85,4.00,4453
2004-11-10,4.30,4.30,3.70,4.30,1037
2004-11-11,4.65,4.65,3.90,3.90,3852
2004-11-12,4.20,4.20,4.20,4.20,1000
2004-11-16,4.30,4.30,3.85,3.90,5300
2004-11-17,4.15,4.30,4.15,4.30,17473
2004-11-18,4.65,4.70,4.30,4.60,8106
2004-11-19,4.60,4.90,4.30,4.35,9019
2004-11-22,4.80,4.80,4.40,4.40,2910
2004-11-23,4.80,4.80,4.35,4.40,2401
2004-11-24,4.30,4.65,4.30,4.40,951
2004-11-25,4.20,4.75,4.20,4.30,1600
2004-11-29,4.55,4.75,4.30,4.75,3681
2004-11-30,5.25,5.25,4.80,4.85,6701
2004-12-01,5.35,5.35,4.60,4.60,3648
2004-12-03,4.60,4.60,4.25,4.30,302
2004-12-06,4.70,4.70,4.30,4.30,2101
2004-12-07,4.75,4.75,4.10,4.20,322
2004-12-08,4.60,4.60,4.10,4.10,2056
2004-12-09,3.85,4.10,3.85,4.10,2645
2004-12-10,4.10,4.10,4.10,4.10,400
2004-12-13,4.40,4.40,3.85,4.00,603
2004-12-14,4.25,4.25,4.15,4.25,3593
2004-12-15,4.55,4.55,4.20,4.25,1802
2004-12-16,3.95,4.20,3.95,4.20,450
2004-12-17,4.30,4.45,4.10,4.45,5200
2004-12-20,4.85,4.90,4.50,4.75,19800
2004-12-21,4.70,5.00,4.50,4.95,5552
2004-12-22,4.60,4.70,4.50,4.50,2000
2004-12-23,4.60,4.90,4.40,4.40,1101
2004-12-24,4.50,4.70,4.30,4.70,4901
2004-12-27,4.75,4.90,4.35,4.90,5180
2004-12-28,5.00,5.40,5.00,5.40,7439
2004-12-29,5.40,5.95,5.30,5.80,23069
2004-12-30,6.10,6.10,6.10,6.10,7050
2004-12-31,6.30,6.40,6.15,6.40,4844
2005-01-03,6.30,6.70,6.30,6.70,10448
2005-01-04,7.05,7.05,7.05,7.05,8300
2005-01-05,7.30,7.40,6.80,7.00,18102
2005-01-06,6.65,6.65,6.65,6.65,3210
2005-01-07,6.60,6.60,6.35,6.35,11785
2005-01-10,6.95,6.95,6.15,6.50,20034
2005-01-11,6.50,6.90,6.50,6.50,9452
2005-01-12,6.10,6.50,5.95,5.95,6571
2005-01-13,6.50,6.50,5.40,5.80,2755
2005-01-14,6.40,6.40,5.40,5.40,1101
2005-01-17,5.90,5.90,4.90,5.50,94243
2005-01-18,5.50,5.80,4.95,5.00,2661
2005-01-19,4.85,5.25,4.85,5.25,168
2005-01-20,5.25,5.25,5.25,5.25,200
2005-01-24,5.30,5.30,5.00,5.00,102
2005-01-25,5.15,5.15,4.75,4.75,1502
2005-01-27,4.75,4.90,4.65,4.65,700
2005-01-28,4.65,4.80,4.65,4.80,1069
2005-01-31,5.05,5.05,5.05,5.05,1850
2005-02-01,5.30,5.30,5.30,5.30,3250
2005-02-03,5.05,5.60,5.05,5.60,1100
2005-02-04,5.75,5.90,5.70,5.75,1500
2005-02-07,5.55,5.55,5.50,5.50,200
2005-02-08,5.75,5.80,5.75,5.80,800
2005-02-09,5.80,6.10,5.80,5.95,3904
2005-02-10,6.45,6.50,5.70,5.90,5001
2005-02-11,5.90,6.00,5.60,6.00,2069
2005-02-14,6.10,6.20,6.00,6.00,800
2005-02-15,5.70,6.05,5.70,5.75,2600
2005-02-16,5.55,5.55,5.50,5.50,1200
2005-02-17,5.25,5.25,5.25,5.25,100
2005-02-18,5.25,5.45,5.20,5.20,3100
2005-02-21,5.40,5.45,5.25,5.25,3350
2005-02-22,5.40,5.40,5.40,5.40,875
2005-02-23,5.40,5.40,5.20,5.20,1350
2005-02-24,5.00,5.70,4.85,5.65,13016
2005-02-25,6.00,6.10,5.60,5.60,4701
2005-02-28,5.80,6.20,5.50,5.60,4241
2005-03-01,6.10,6.10,5.40,5.55,1701
2005-03-02,5.55,5.85,5.40,5.60,547
2005-03-03,5.80,6.20,5.60,6.10,6060
2005-03-04,6.50,6.50,5.60,5.85,7160
2005-03-07,6.40,6.40,5.65,6.30,2754
2005-03-08,6.20,6.20,5.95,5.95,1950
2005-03-09,5.50,6.35,5.50,5.90,1902
2005-03-10,6.50,6.50,5.55,5.65,1165
2005-03-11,6.15,6.20,5.75,5.80,5428
2005-03-14,5.80,5.80,5.65,5.65,300
2005-03-15,5.65,5.65,5.60,5.60,700
2005-03-16,5.65,5.85,5.65,5.85,501
2005-03-17,5.95,5.95,5.45,5.85,302
2005-03-18,5.75,5.80,5.40,5.60,1307
2005-03-21,5.95,6.00,5.50,5.95,4003
2005-03-22,5.50,5.95,5.45,5.95,2043
2005-03-23,6.05,6.05,5.40,5.40,203
2005-03-24,5.90,5.90,4.95,5.00,6557
2005-03-28,4.85,5.15,4.85,5.15,501
2005-03-29,5.60,5.60,4.75,4.75,3779
2005-04-01,4.80,5.00,4.80,5.00,1224
2005-04-04,5.20,5.20,4.85,4.95,3601
2005-04-05,5.20,5.20,5.15,5.20,1570
2005-04-06,5.45,5.50,5.35,5.35,1100
2005-04-07,5.60,5.65,5.40,5.55,2151
2005-04-08,5.55,5.55,5.55,5.55,800
2005-04-11,5.85,6.00,5.85,5.95,1250
2005-04-12,6.00,6.00,6.00,6.00,700
2005-04-13,5.70,5.75,5.70,5.70,3155
2005-04-15,5.45,5.50,5.45,5.50,1000
2005-04-18,5.45,5.45,5.45,5.45,100
2005-04-19,5.40,5.40,5.40,5.40,1000
2005-04-22,5.30,5.50,5.30,5.50,6700
2005-04-25,5.25,5.30,5.25,5.30,2300
2005-04-26,5.55,5.60,5.20,5.20,6000
2005-04-29,5.05,5.10,5.05,5.10,750
2005-05-02,5.35,5.35,5.30,5.30,2
2005-05-03,5.40,5.40,5.05,5.20,221
2005-05-04,5.35,5.35,4.95,5.00,300
2005-05-06,4.90,5.10,4.90,4.95,1648
2005-05-09,4.85,5.00,4.85,5.00,130
2005-05-10,4.80,5.10,4.80,5.10,301
2005-05-11,5.30,5.30,4.90,5.25,1451
2005-05-12,5.35,5.35,5.20,5.20,2
2005-05-13,5.40,5.40,5.20,5.20,207
2005-05-16,5.30,5.50,5.30,5.50,5700
2005-05-17,5.50,5.75,5.50,5.75,3939
2005-05-18,6.05,6.05,5.60,5.80,2503
2005-05-19,6.10,6.10,5.55,5.90,7270
2005-05-20,6.20,6.20,5.60,6.00,7531
2005-05-23,5.85,6.30,5.85,6.30,3338
2005-05-24,6.60,6.60,6.05,6.15,2860
2005-05-25,6.50,6.50,6.10,6.40,4950
2005-05-26,6.25,6.25,6.10,6.10,2160
2005-05-27,6.15,6.15,5.95,6.05,787
2005-05-30,5.75,6.20,5.75,6.15,1394
2005-05-31,6.20,6.20,5.95,5.95,2709
2005-06-02,5.95,6.05,5.95,6.05,700
2005-06-03,6.10,6.25,6.10,6.10,3200
2005-06-06,6.45,6.60,6.45,6.55,4515
2005-06-07,6.80,6.90,6.80,6.90,1730
2005-06-08,7.00,7.25,7.00,7.25,8455
2005-06-09,7.50,7.65,6.90,7.65,22965
2005-06-10,7.40,8.45,7.40,8.40,8491
2005-06-13,8.85,8.85,8.80,8.85,15689
2005-06-14,9.10,9.25,8.45,8.90,51943
2005-06-15,8.50,9.35,8.50,9.00,37065
2005-06-16,9.45,9.45,8.60,8.75,15980
2005-06-17,8.95,9.15,8.35,8.35,13710
2005-06-20,8.20,8.55,7.95,8.00,3900
2005-06-21,7.65,7.65,7.60,7.60,1750
2005-06-22,7.25,7.25,7.25,7.25,360
2005-06-23,7.30,7.30,7.00,7.00,500
2005-06-24,6.70,7.35,6.70,7.10,7850
2005-06-27,7.10,7.20,6.75,6.85,14285
2005-06-28,7.00,7.00,6.60,6.65,5500
2005-06-29,6.50,6.75,6.45,6.70,350
2005-06-30,7.00,7.00,6.50,6.80,4300
2005-07-01,6.50,6.50,6.50,6.50,1800
2005-07-04,6.50,6.80,6.25,6.50,2732
2005-07-05,6.75,6.80,6.25,6.25,2421
2005-07-06,6.20,6.60,6.10,6.40,10043
2005-07-07,6.10,6.75,6.10,6.75,4042
2005-07-08,6.75,7.05,6.75,7.05,6300
2005-07-11,7.05,7.10,6.90,7.00,2310
2005-07-12,6.75,7.15,6.75,6.80,3100
2005-07-14,7.10,7.10,6.80,6.95,1950
2005-07-15,7.25,7.25,6.85,7.10,1600
2005-07-18,7.50,7.50,7.50,7.50,600
2005-07-20,7.90,7.90,7.90,7.90,570
2005-07-21,8.30,8.30,8.30,8.30,3489
2005-07-22,8.75,8.75,8.75,8.75,600
2005-07-25,9.20,9.20,9.20,9.20,2500
2005-07-26,9.70,9.70,9.70,9.70,5400
2005-07-27,10.20,10.20,10.20,10.20,12755
2005-07-29,10.75,10.75,10.75,10.75,22508
2005-08-01,11.10,11.30,11.10,11.30,43637
2005-08-02,11.85,11.90,11.80,11.90,8817
2005-08-03,12.50,12.50,12.50,12.50,3500
2005-08-04,13.15,13.15,13.15,13.15,8902
2005-08-05,13.50,13.85,13.50,13.85,21254
2005-08-08,13.90,14.55,13.90,14.55,33609
2005-08-09,15.25,15.30,13.85,13.85,72360
2005-08-10,13.20,13.85,13.20,13.20,12651
2005-08-11,12.55,12.55,12.55,12.55,7570
2005-08-12,11.95,11.95,11.95,11.95,10400
2005-08-16,11.35,11.65,11.35,11.40,11751
2005-08-17,10.90,12.05,10.90,12.05,21057
2005-08-18,12.65,12.65,12.15,12.55,16302
2005-08-19,12.50,12.75,11.80,12.30,21486
2005-08-22,12.90,12.95,12.90,12.95,13573
2005-08-23,13.45,13.60,12.80,12.80,18406
2005-08-24,13.00,13.60,12.60,12.60,11406
2005-08-25,12.55,13.40,12.40,12.40,8819
2005-08-26,13.00,13.10,12.75,13.10,4475
2005-08-29,12.85,13.00,12.55,12.60,4303
2005-08-30,12.30,13.10,12.30,12.60,7075
2005-08-31,13.25,13.25,12.50,12.75,3569
2005-09-01,12.10,12.65,12.05,12.50,4303
2005-09-02,12.20,12.50,11.70,11.70,9650
2005-09-05,12.10,12.25,11.40,12.00,10100
2005-09-06,11.40,12.00,11.40,11.50,5360
2005-09-08,11.25,12.10,11.25,12.00,6400
2005-09-09,11.40,12.00,11.40,11.85,6059
2005-09-12,12.45,12.45,11.80,12.35,4150
2005-09-13,11.70,12.80,11.65,12.10,12874
2005-09-14,12.65,12.65,11.45,11.45,4607
2005-09-15,11.90,12.00,11.50,11.50,6676
2005-09-16,11.50,12.25,11.20,11.50,7200
2005-09-19,11.55,12.25,11.50,12.00,11550
2005-09-20,11.65,12.20,11.40,11.40,1751
2005-09-21,11.20,11.20,11.05,11.05,1656
2005-09-22,10.50,10.75,10.50,10.50,2210
2005-09-23,10.25,10.25,10.25,10.25,100
2005-09-26,10.00,10.00,9.75,9.75,4775
2005-09-27,10.25,10.25,9.30,9.30,2220
2005-09-28,9.25,9.25,8.85,8.95,1200
2005-09-29,8.55,8.55,8.50,8.50,1000
2005-09-30,8.25,8.25,8.10,8.10,1725
2005-10-03,7.70,7.80,7.70,7.70,800
2005-10-04,8.00,8.10,7.40,7.50,4805
2005-10-05,7.50,7.85,7.40,7.45,2185
2005-10-06,7.10,7.10,7.10,7.10,1600
2005-10-07,6.85,6.85,6.75,6.75,3855
2005-10-10,6.75,7.10,6.50,6.55,1700
2005-10-11,6.35,6.35,6.35,6.35,100
2005-10-13,6.70,6.70,6.70,6.70,800
2005-10-14,6.40,7.00,6.40,6.50,1054
2005-10-17,6.50,6.50,6.40,6.40,600
2005-10-18,6.10,6.50,6.10,6.50,880
2005-10-19,6.50,6.50,6.50,6.50,200
2005-10-24,6.50,6.50,6.50,6.50,5
2005-10-25,6.50,6.50,6.50,6.50,100
2005-10-26,6.20,6.70,6.20,6.20,1600
2005-10-31,6.20,6.30,6.20,6.20,1300
2005-11-01,6.00,6.00,6.00,6.00,300
2005-11-02,6.30,6.30,6.20,6.20,1100
2005-11-07,6.15,6.15,6.15,6.15,250
2005-11-09,6.50,6.50,6.15,6.15,500
2005-11-10,6.50,6.50,6.50,6.50,1
2005-11-14,6.55,6.55,6.55,6.55,900
2005-11-16,6.30,6.30,6.30,6.30,5
2005-11-17,6.50,6.50,6.50,6.50,500
2005-11-18,6.45,6.45,6.45,6.45,500
2005-11-22,6.30,6.30,6.25,6.25,1600
2005-11-25,6.25,6.25,6.25,6.25,100
2005-11-28,6.25,6.25,6.25,6.25,200
2005-12-02,6.00,6.25,6.00,6.25,1400
2005-12-06,5.70,5.70,5.70,5.70,500
2005-12-07,5.75,5.75,5.75,5.75,2000
2005-12-08,5.75,5.75,5.70,5.70,150
2005-12-09,5.70,5.70,5.70,5.70,450
2005-12-14,5.45,5.45,5.45,5.45,300
2005-12-15,5.75,5.75,5.20,5.20,2375
2005-12-16,5.20,5.35,5.20,5.20,2308
2005-12-20,5.25,5.25,5.25,5.25,100
2005-12-21,5.25,5.25,5.25,5.25,1060
2005-12-23,5.20,5.20,5.20,5.20,200
2005-12-28,5.20,5.20,5.20,5.20,400
2005-12-29,4.95,4.95,4.95,4.95,500
2005-12-30,5.20,5.20,5.15,5.15,200
2006-01-03,5.10,5.15,5.10,5.15,304
2006-01-04,5.20,5.30,5.20,5.30,601
2006-01-05,5.60,5.60,5.60,5.60,300
2006-01-06,5.90,5.90,5.90,5.90,250
2006-01-12,6.20,6.20,6.20,6.20,1000
2006-01-13,6.30,6.30,6.30,6.30,500
2006-01-16,6.60,6.60,6.60,6.60,200
2006-01-17,6.90,6.90,6.90,6.90,3225
2006-01-18,7.25,7.25,7.25,7.25,3480
2006-01-19,7.65,7.65,7.65,7.65,100
2006-01-20,7.90,8.05,7.90,8.05,2570
2006-01-23,8.45,8.45,8.05,8.05,300
2006-01-24,8.00,8.45,8.00,8.45,1250
2006-01-25,8.20,8.40,8.05,8.35,1100
2006-01-27,8.00,8.00,8.00,8.00,100
2006-01-30,8.00,8.05,8.00,8.00,1050
2006-02-02,7.75,8.00,7.75,8.00,1000
2006-02-13,5.80,6.00,5.80,5.90,648
2006-02-14,5.90,5.90,5.60,5.60,300
2006-02-16,5.40,5.40,5.40,5.40,250
2006-02-17,5.45,5.45,5.45,5.45,700
2006-02-20,5.30,5.65,5.30,5.65,1000
2006-02-22,5.90,5.90,5.90,5.90,500
2006-02-23,5.90,6.00,5.90,5.90,1650
2006-02-27,6.20,6.20,5.60,5.60,3400
2006-02-28,5.75,5.75,5.60,5.60,2644
2006-03-02,5.35,5.35,5.35,5.35,200
2006-03-03,5.30,5.35,5.20,5.20,2233
2006-03-07,5.45,5.45,5.45,5.45,600
2006-03-08,5.25,5.30,5.25,5.30,750
2006-03-09,5.30,5.30,5.25,5.25,1500
2006-03-10,5.25,5.25,5.25,5.25,1600
2006-03-20,5.05,5.05,5.05,5.05,7000
2006-03-21,5.00,5.00,5.00,5.00,6239
2006-03-22,4.90,4.90,4.90,4.90,200
2006-03-24,4.70,4.70,4.70,4.70,100
2006-03-27,4.50,4.50,4.50,4.50,1000
2006-03-28,4.50,4.75,4.50,4.60,4200
2006-03-31,4.75,4.75,4.75,4.75,100
2006-04-03,4.75,4.75,4.75,4.75,400
2006-04-05,5.00,5.00,5.00,5.00,250
2006-04-07,5.05,5.10,5.05,5.10,200
2006-04-12,5.00,5.05,5.00,5.00,1100
2006-04-13,4.75,4.75,4.75,4.75,500
2006-04-20,4.85,4.90,4.85,4.85,1320
2006-04-21,5.10,5.10,5.10,5.10,100
2006-04-25,4.85,4.85,4.85,4.85,200
2006-04-27,4.85,4.85,4.75,4.80,550
2006-04-28,5.00,5.00,4.85,4.85,3244
2006-05-03,4.80,4.80,4.80,4.80,110
2006-05-05,5.00,5.05,5.00,5.00,3000
2006-05-09,5.25,5.25,5.25,5.25,200
2006-05-12,5.55,5.55,5.55,5.55,100
2006-05-15,5.85,5.85,5.85,5.85,1730
2006-05-16,5.60,5.85,5.60,5.85,1600
2006-05-18,5.60,5.60,5.60,5.60,500
2006-05-19,5.60,5.60,5.35,5.60,1400
2006-05-22,5.60,5.60,5.60,5.60,200
2006-05-23,5.60,5.60,5.60,5.60,390
2006-05-24,5.60,5.60,5.60,5.60,200
2006-05-25,5.60,5.60,5.60,5.60,200
2006-05-26,5.80,5.90,5.80,5.90,250
2006-06-06,5.65,5.65,5.65,5.65,1000
2006-06-08,5.90,5.90,5.90,5.90,300
2006-06-09,5.80,5.90,5.80,5.90,500
2006-06-12,5.60,5.60,5.60,5.60,200
2006-06-20,5.35,5.35,5.35,5.35,350
2006-06-21,5.20,5.20,5.20,5.20,100
2006-06-22,5.00,5.50,5.00,5.50,1780
2006-06-23,5.75,5.80,5.75,5.80,1976
2006-06-26,6.05,6.20,6.00,6.00,1012
2006-06-30,5.70,5.70,5.70,5.70,200
2006-07-06,5.50,5.50,5.50,5.50,2000
2006-07-07,5.25,5.40,5.25,5.40,5900
2006-07-11,5.15,5.15,5.15,5.15,300
2006-07-12,5.00,5.25,5.00,5.25,1988
2006-07-13,5.00,5.00,5.00,5.00,147
2006-07-14,5.25,5.25,5.10,5.25,4116
2006-07-18,5.25,5.55,5.25,5.55,681
2006-07-19,5.55,5.55,5.55,5.55,100
2006-07-20,5.30,5.30,5.30,5.30,150
2006-07-21,5.05,5.50,5.05,5.50,1200
2006-07-24,5.25,5.40,5.25,5.40,198
2006-07-25,5.20,5.20,5.20,5.20,300
2006-07-31,5.10,5.10,5.10,5.10,200
2006-08-01,5.25,5.25,5.20,5.20,1300
2006-08-03,5.30,5.40,5.30,5.40,2
2006-08-07,5.30,5.30,5.30,5.30,100
2006-08-08,5.60,5.60,5.60,5.60,301
2006-08-09,5.35,5.35,5.35,5.35,50
2006-08-10,5.20,5.65,5.20,5.65,102
2006-08-11,5.55,5.60,5.55,5.60,202
2006-08-14,5.80,5.80,5.35,5.35,448
2006-08-16,5.60,5.60,5.60,5.60,501
2006-08-17,5.35,5.70,5.35,5.70,2595
2006-08-18,5.50,5.50,5.45,5.45,200
2006-08-21,5.45,5.45,5.20,5.45,2595
2006-08-23,5.20,5.65,5.20,5.40,310
2006-08-24,5.15,5.65,5.15,5.65,300
2006-08-25,5.90,5.90,5.90,5.90,1000
2006-09-04,5.05,5.40,5.05,5.10,1574
2006-09-05,5.10,5.10,4.85,4.85,352
2006-09-08,5.10,5.10,5.00,5.00,1010
2006-09-11,5.05,5.05,5.00,5.00,901
2006-09-12,4.75,4.75,4.75,4.75,100
2006-09-13,4.80,5.00,4.80,5.00,950
2006-09-14,4.80,5.15,4.80,4.95,800
2006-09-18,5.00,5.00,4.80,4.80,2100
2006-09-19,4.80,4.80,4.80,4.80,100
2006-09-20,4.95,4.95,4.95,4.95,2
2006-09-22,4.80,5.00,4.75,4.75,2252
2006-09-25,4.85,4.85,4.80,4.80,24
2006-09-26,4.70,4.75,4.60,4.60,1802
2006-09-27,4.45,4.85,4.45,4.85,402
2006-09-28,4.65,5.00,4.65,4.95,3650
2006-09-29,5.10,5.15,4.80,5.15,601
2006-10-04,4.90,4.90,4.90,4.90,100
2006-10-05,4.90,4.90,4.85,4.90,2200
2006-10-06,4.90,4.90,4.90,4.90,500
2006-10-10,4.90,4.90,4.80,4.80,155
2006-10-11,4.85,4.85,4.85,4.85,1
2006-10-12,4.80,4.80,4.80,4.80,100
2006-10-17,5.00,5.00,5.00,5.00,1
2006-10-18,5.00,5.00,5.00,5.00,100
2006-10-19,4.75,4.85,4.75,4.85,701
2006-10-20,5.00,5.00,5.00,5.00,150
2006-10-23,5.00,5.00,5.00,5.00,10
2006-10-26,5.25,5.25,4.90,5.25,202
2006-10-30,5.00,5.05,5.00,5.05,10
2006-10-31,5.00,5.00,5.00,5.00,2500
2006-11-01,5.00,5.00,5.00,5.00,300
2006-11-02,5.00,5.00,5.00,5.00,50
2006-11-06,5.00,5.00,5.00,5.00,0
2006-11-09,5.00,5.00,5.00,5.00,100
2006-11-10,5.00,5.00,5.00,5.00,0
2006-11-15,4.80,4.80,4.80,4.80,300
2006-11-17,4.80,4.80,4.80,4.80,0
2006-11-20,4.80,4.80,4.80,4.80,0
2006-11-21,4.90,4.90,4.90,4.90,200
2006-11-22,4.90,4.90,4.90,4.90,0
2006-11-24,4.95,5.00,4.90,4.90,1700
2006-11-27,4.90,4.90,4.90,4.90,0
2006-11-28,5.15,5.15,5.15,5.15,800
2006-11-29,5.35,5.40,5.35,5.40,1930
2006-11-30,5.40,5.60,5.40,5.60,510
2006-12-01,5.60,5.60,5.60,5.60,0
2006-12-05,5.45,5.45,5.45,5.45,300
2006-12-06,5.75,5.75,5.75,5.75,2250
2006-12-07,5.75,5.75,5.75,5.75,1450
2006-12-08,6.00,6.05,6.00,6.05,701
2006-12-12,5.95,6.10,5.95,6.00,1590
2006-12-13,5.70,6.30,5.70,6.30,1690
2006-12-14,6.30,6.30,6.30,6.30,0
2006-12-18,6.35,6.35,6.25,6.25,517
2006-12-19,6.00,6.00,6.00,6.00,500
2006-12-20,6.00,6.00,6.00,6.00,0
2006-12-22,5.90,5.90,5.90,5.90,0
2006-12-26,5.80,6.20,5.80,6.20,400
2006-12-27,6.55,6.55,6.55,6.55,200
2006-12-28,6.90,6.90,6.90,6.90,177
2006-12-29,7.25,7.25,7.25,7.25,8
2007-01-02,8.00,8.05,8.00,8.05,1200
2007-01-03,8.45,8.45,8.45,8.45,200
2007-01-04,8.85,8.90,8.85,8.90,259
2007-01-09,9.85,9.85,9.85,9.85,575
2007-01-10,10.35,10.35,10.35,10.35,200
2007-01-11,10.90,10.90,10.90,10.90,200
2007-01-12,10.90,10.90,10.90,10.90,0
2007-01-22,10.90,10.90,10.90,10.90,0
2007-01-23,10.90,10.90,10.90,10.90,0
2007-03-01,10.90,10.90,10.90,10.90,0
2007-03-05,8.55,8.55,8.55,8.55,1
2007-03-06,8.55,8.55,8.55,8.55,0
2007-03-09,8.15,8.15,8.15,8.15,3050
2007-03-12,8.00,8.00,8.00,8.00,1486
2007-03-14,7.90,7.90,7.90,7.90,50
2007-03-15,8.20,8.20,7.60,7.60,756
2007-03-19,7.75,8.00,7.75,7.90,3273
2007-03-21,8.10,8.10,8.05,8.05,3151
2007-03-22,8.05,8.05,8.05,8.05,4
2007-03-26,7.75,8.45,7.75,8.40,1015
2007-03-28,8.40,8.40,8.40,8.40,0
2007-04-04,8.25,8.25,8.25,8.25,2
2007-04-05,8.00,8.00,8.00,8.00,4
2007-04-09,8.00,8.05,8.00,8.00,66
2007-04-10,8.00,8.00,8.00,8.00,4
2007-04-11,8.00,8.00,8.00,8.00,0
2007-04-12,8.00,8.00,8.00,8.00,4
2007-04-16,8.00,8.40,8.00,8.25,356
2007-04-17,8.00,8.05,8.00,8.05,603
2007-04-18,8.00,8.05,8.00,8.05,103
2007-04-20,8.00,8.00,7.75,7.75,353
2007-04-23,7.75,7.75,7.75,7.75,0
2007-04-25,8.00,8.05,8.00,8.05,1003
2007-04-26,8.00,8.45,8.00,8.45,103
2007-04-27,8.45,8.45,8.45,8.45,0
2007-05-03,8.00,8.45,8.00,8.45,1202
2007-05-04,8.75,8.75,8.25,8.25,306
2007-05-07,8.05,8.05,8.00,8.00,4
2007-05-09,7.75,8.50,7.75,8.50,375
2007-05-10,8.50,8.90,8.50,8.90,687
2007-05-14,9.30,9.30,8.75,9.00,2300
2007-05-15,9.00,9.00,9.00,9.00,100
2007-05-17,8.60,9.25,8.60,8.80,601
2007-05-22,9.00,9.25,9.00,9.00,902
2007-05-23,8.60,9.45,8.60,9.45,2232
2007-05-24,9.10,9.90,9.10,9.75,1178
2007-05-25,9.50,10.25,9.50,10.25,101
2007-06-15,8.45,8.45,8.45,8.45,0
2007-06-19,8.00,8.50,8.00,8.50,500
2007-06-20,8.90,8.95,8.50,8.50,6500
2007-06-22,8.95,8.95,8.95,8.95,500
2007-06-26,8.50,8.50,8.50,8.50,1500
2007-06-27,8.95,8.95,8.95,8.95,198
2007-06-29,8.50,8.50,8.50,8.50,100
2007-07-03,8.30,8.50,8.30,8.50,400
2007-07-05,8.10,8.60,8.10,8.60,1002
2007-07-09,8.00,8.00,8.00,8.00,2
2007-07-10,8.00,8.05,8.00,8.05,2
2007-07-16,8.00,8.75,8.00,8.75,657
2007-07-18,8.05,9.20,8.05,9.00,504
2007-07-19,9.00,9.00,9.00,9.00,11
2007-07-20,8.35,9.00,8.35,9.00,500
2007-07-23,9.00,9.00,9.00,9.00,1201
2007-07-24,9.00,9.00,9.00,9.00,769
2007-07-25,9.00,9.00,9.00,9.00,301
2007-07-26,9.00,9.00,9.00,9.00,51
2007-07-31,9.00,9.00,9.00,9.00,1
2007-08-01,9.00,9.70,9.00,9.70,534
2007-08-10,9.00,9.00,9.00,9.00,1
2007-08-20,8.50,9.00,8.30,9.00,1600
2007-08-22,9.05,9.05,9.05,9.05,89
2007-08-27,9.25,9.25,8.55,8.75,1700
2007-08-30,9.00,9.65,9.00,9.65,500
2007-09-03,10.60,10.60,10.00,10.45,1629
2007-09-04,9.50,10.45,9.50,10.10,1223
2007-09-05,10.10,10.10,10.10,10.10,1100
2007-09-06,9.50,10.60,9.50,10.00,1460
2007-09-07,10.60,10.60,10.00,10.30,1530
2007-09-10,9.60,9.60,9.60,9.60,100
2007-09-11,9.00,10.80,9.00,10.80,1748
2007-09-12,10.00,11.50,10.00,10.95,4551
2007-09-13,9.60,11.70,9.60,11.05,410
2007-09-14,9.75,11.50,9.75,10.20,2020
2007-09-17,9.75,11.50,9.75,10.00,4900
2007-09-18,9.85,11.90,9.75,10.70,1900
2007-09-19,9.75,12.85,9.60,12.45,13820
2007-09-20,13.00,13.00,12.10,12.10,1701
2007-09-21,13.35,13.35,9.75,11.70,3592
2007-09-24,10.10,11.45,9.55,10.10,6952
2007-09-25,10.00,11.55,10.00,11.00,661
2007-09-26,11.00,11.00,9.70,10.00,7599
2007-09-27,10.00,12.00,10.00,11.80,17589
2007-09-28,13.95,14.10,12.05,13.20,60250
2007-10-01,14.00,15.85,13.60,15.85,0
2007-10-03,17.45,17.45,15.80,17.35,75089
2007-10-04,17.50,17.50,15.80,16.40,42373
2007-10-05,16.70,17.35,15.00,15.50,20062
2007-10-08,14.60,16.00,13.95,14.10,13762
2007-10-09,13.10,14.30,12.70,14.10,18949
2007-10-10,13.55,14.00,13.50,13.80,12244
2007-10-11,13.15,13.20,12.45,12.75,7241
2007-10-12,13.25,13.25,12.10,12.60,8154
2007-10-15,11.60,13.75,11.60,13.40,9520
2007-10-16,12.30,13.35,12.10,12.30,12250
2007-10-17,12.00,12.80,11.20,11.50,2193
2007-10-18,11.75,12.55,11.30,11.60,4600
2007-10-19,11.00,11.60,10.75,11.00,1733
2007-10-22,11.50,12.00,10.50,11.00,12844
2007-10-23,12.10,12.10,11.30,11.80,7042
2007-10-24,11.00,12.10,10.70,11.70,4668
2007-10-25,11.50,11.50,10.85,11.30,2125
2007-10-26,12.35,12.35,11.20,11.45,1791
2007-10-29,12.00,12.00,10.60,11.35,3286
2007-10-30,12.00,12.00,10.50,11.25,4145
2007-10-31,10.50,11.90,10.30,10.65,5110
2007-11-01,10.20,11.75,10.00,10.65,8521
2007-11-02,10.55,11.75,9.75,11.15,3058
2007-11-05,11.00,11.50,10.25,10.60,3885
2007-11-06,9.70,10.95,9.70,9.80,3850
2007-11-07,10.80,10.80,10.10,10.40,778
2007-11-08,10.95,11.40,10.15,10.25,1375
2007-11-09,9.90,11.40,9.90,11.05,530
2007-11-12,9.05,10.90,9.00,10.00,1311
2007-11-13,10.75,11.60,10.50,10.75,5355
2007-11-14,10.50,11.90,10.50,11.45,2281
2007-11-15,11.45,11.80,11.00,11.25,6019
2007-11-16,11.60,11.75,10.40,10.50,1034
2007-11-19,11.75,12.60,11.65,12.60,16452
2007-11-20,14.90,15.15,13.15,15.15,0
2007-11-21,15.90,16.70,15.45,16.20,77292
2007-11-22,17.00,17.00,14.80,15.30,17407
2007-11-23,15.15,16.00,15.00,15.15,7546
2007-11-26,14.50,16.70,14.00,15.00,9917
2007-11-27,14.25,15.00,14.00,14.70,3485
2007-11-28,15.40,15.40,13.25,14.15,12993
2007-11-29,14.40,14.95,13.20,13.75,0
2008-02-29,11.75,11.75,11.15,11.15,5010
2008-03-03,11.00,11.00,11.00,11.00,316
2008-03-04,10.60,11.55,10.60,11.00,2520
2008-03-07,10.90,10.90,10.90,10.90,1910
2008-03-10,10.50,10.75,10.50,10.75,350
2008-03-11,10.75,10.75,10.75,10.75,469
2008-03-12,10.50,11.50,10.50,11.50,298
2008-03-13,11.00,11.00,10.75,10.90,2865
2008-03-14,10.35,11.90,10.35,11.85,2745
2008-03-17,10.90,12.00,10.80,10.90,1369
2008-03-19,10.00,12.00,9.90,10.90,6143
2008-03-24,11.00,11.05,10.95,10.95,2906
2008-03-25,10.35,10.90,10.35,10.90,2452
2008-03-26,11.85,11.90,10.95,11.30,1993
2008-03-27,11.25,11.25,10.90,11.15,2254
2008-03-28,11.25,11.25,11.25,11.25,1
2008-03-31,12.00,12.00,11.25,11.65,560
2008-04-01,12.75,12.85,12.75,12.85,492
2008-04-02,13.90,13.95,12.10,12.45,2965
2008-04-03,11.80,11.80,11.40,11.40,14
2008-04-04,12.00,12.55,12.00,12.55,1000
2008-04-07,12.30,13.55,11.65,12.10,1973
2008-04-08,12.00,12.00,12.00,12.00,16
2008-04-09,11.75,11.75,11.60,11.70,476
2008-04-10,11.45,11.45,11.25,11.25,8
2008-04-11,11.00,12.10,10.95,12.10,301
2008-04-15,12.00,13.25,12.00,12.10,1424
2008-04-16,11.50,12.00,11.50,11.50,1109
2008-04-17,11.20,12.50,11.20,12.20,1167
2008-04-22,13.00,13.15,11.60,12.85,507
2008-04-23,12.95,12.95,12.40,12.40,230
2008-04-24,11.75,13.20,11.75,13.00,764
2008-04-25,12.00,12.90,11.80,12.00,906
2008-04-28,12.95,12.95,12.05,12.60,783
2008-04-29,12.25,12.25,12.25,12.25,150
2008-04-30,12.00,12.00,12.00,12.00,550
2008-05-02,11.65,12.70,11.65,12.70,141
2008-05-05,13.00,13.00,11.60,11.90,767
2008-05-06,11.75,11.80,11.70,11.70,516
2008-05-08,11.80,12.35,11.10,12.35,500
2008-05-09,11.10,12.60,11.10,11.30,500
2008-05-12,11.75,11.80,10.70,10.70,815
2008-05-13,12.70,12.85,10.80,12.00,12101
2008-05-14,11.60,12.10,11.60,12.10,355
2008-05-15,12.05,12.20,12.00,12.20,1855
2008-05-16,13.45,13.45,10.60,11.70,7525
2008-05-20,12.50,12.50,11.50,12.10,251
2008-05-21,12.35,12.45,12.35,12.40,937
2008-05-22,12.40,13.25,12.10,12.10,2150
2008-05-23,12.05,12.50,11.65,11.80,1381
2008-05-26,11.80,11.80,10.65,11.70,543
2008-05-27,13.80,14.00,11.05,11.55,1381
2008-05-28,11.50,11.50,11.50,11.50,233
2008-05-29,11.75,11.75,11.05,11.10,129
2008-05-30,10.65,11.95,10.65,11.75,593
2008-06-02,12.25,13.90,10.00,11.00,10355
2008-06-03,10.50,10.90,10.50,10.50,107
2008-06-04,10.40,10.90,10.30,10.30,801
2008-06-05,10.10,10.10,10.10,10.10,650
2008-06-06,11.40,11.65,10.30,10.45,1257
2008-06-09,10.30,10.50,8.40,10.50,2150
2008-06-11,10.40,10.40,9.80,10.40,6
2008-06-12,9.90,11.05,9.50,10.30,367
2008-06-13,10.20,10.20,9.60,10.00,345
2008-06-16,9.65,10.50,9.65,9.65,101
2008-06-17,10.45,10.45,9.80,10.10,80
2008-06-18,10.65,10.90,10.45,10.45,166
2008-06-19,10.60,10.60,10.00,10.30,2
2008-06-23,9.80,9.80,9.80,9.80,1999
2008-06-24,9.25,10.35,8.15,10.00,1394
2008-06-25,10.60,10.60,10.35,10.35,25
2008-06-26,11.00,11.20,9.90,10.50,4674
2008-06-30,9.40,10.60,9.00,9.50,9079
2008-07-01,9.05,9.60,9.05,9.50,1400
2008-07-07,10.45,10.45,9.80,9.80,2
2008-07-09,9.80,10.10,9.80,10.10,52
2008-07-10,9.50,9.50,9.40,9.40,1625
2008-07-11,10.10,10.15,10.10,10.15,500
2008-07-14,10.60,10.65,10.45,10.45,1020
2008-07-15,10.25,10.25,9.50,10.00,1524
2008-07-17,9.15,10.00,9.15,10.00,317
2008-07-18,9.35,10.40,9.30,10.00,2658
2008-07-21,9.25,10.00,9.20,10.00,862
2008-07-22,9.95,10.00,9.95,10.00,3000
2008-07-23,9.55,10.55,9.55,10.50,2300
2008-07-24,9.70,10.35,9.55,10.25,1050
2008-07-28,9.75,10.40,9.75,10.40,1189
2008-07-29,10.40,10.60,10.40,10.60,858
2008-07-30,9.60,11.00,9.60,10.65,5416
2008-07-31,11.00,11.15,10.55,11.15,2850
2008-08-01,10.95,11.65,10.95,11.05,6330
2008-08-04,11.50,11.50,11.10,11.20,1000
2008-08-05,10.65,11.80,10.65,11.35,700
2008-08-06,11.85,11.85,11.20,11.40,596
2008-08-07,10.55,10.55,10.55,10.55,180
2008-08-08,10.15,10.40,10.15,10.40,400
2008-08-11,10.90,10.90,10.90,10.90,201
2008-08-13,11.65,11.70,11.35,11.35,150
2008-08-19,10.50,10.50,10.50,10.50,2
2008-08-21,10.50,10.50,10.25,10.30,600
2008-08-22,10.00,11.25,10.00,10.35,459
2008-08-25,10.25,10.95,10.25,10.40,1503
2008-08-26,10.80,10.80,10.80,10.80,50
2008-08-28,9.75,11.20,9.75,10.45,1658
2008-08-29,10.15,11.35,10.15,10.30,716
2008-09-01,11.20,11.35,10.80,11.15,1541
2008-09-02,12.25,12.25,11.00,12.00,1921
2008-09-04,10.85,12.10,10.85,11.20,3350
2008-09-05,12.00,12.00,10.95,11.50,215
2008-09-08,10.70,11.85,10.70,10.90,1760
2008-09-09,12.80,13.10,11.60,13.10,7786
2008-09-10,13.70,15.75,13.60,15.35,52610
2008-09-11,15.95,17.90,14.20,14.50,36349
2008-09-15,11.00,12.00,10.60,10.95,12211
2008-09-16,10.80,11.00,9.60,10.60,5368
2008-09-17,11.00,11.55,10.25,10.80,1709
2008-09-18,9.50,11.40,9.50,11.30,1812
2008-09-19,10.65,11.40,10.65,10.85,1345
2008-09-22,11.00,11.45,10.25,10.55,2500
2008-09-23,10.05,10.85,10.00,10.20,5927
2008-09-24,10.20,10.50,10.20,10.35,1999
2008-09-25,10.00,12.20,10.00,11.10,8809
2008-09-26,10.65,10.80,10.65,10.80,251
2008-09-29,10.25,10.25,8.70,9.50,12673
2008-09-30,8.50,11.35,8.50,9.50,6242
2008-10-01,10.30,10.75,10.10,10.15,965
2008-10-03,10.05,10.10,10.05,10.10,559
2008-10-06,11.00,11.00,8.80,9.00,1241
2008-10-07,9.05,10.00,8.25,8.40,1472
2008-10-08,7.55,9.00,6.80,8.35,9146
2008-10-10,7.00,9.85,7.00,9.85,2645
2008-10-13,8.60,9.90,8.60,9.05,1772
2008-10-14,9.20,9.25,9.15,9.25,200
2008-10-15,9.10,9.95,8.10,9.05,2851
2008-10-17,8.75,10.20,8.75,9.20,881
2008-10-21,8.65,8.65,8.50,8.50,2256
2008-10-22,8.70,9.65,8.70,8.95,501
2008-10-23,9.00,9.00,9.00,9.00,433
2008-10-24,9.00,9.65,8.55,9.60,842
2008-10-27,8.60,8.75,8.00,8.70,605
2008-10-28,9.00,9.00,9.00,9.00,20
2008-10-29,9.00,10.35,8.70,10.30,930
2008-10-31,10.05,10.05,10.05,10.05,150
2008-11-03,8.75,10.15,8.75,9.85,763
2008-11-04,8.55,10.45,8.55,9.60,1984
2008-11-06,10.90,10.90,8.50,10.00,2652
2008-11-07,10.00,10.00,9.60,10.00,316
2008-11-10,10.25,11.00,10.00,10.50,726
2008-11-11,12.00,12.00,10.20,10.20,1320
2008-11-12,9.10,10.70,9.10,10.60,1003
2008-11-14,10.15,10.15,9.80,9.95,100
2008-11-18,9.35,9.40,9.35,9.40,471
2008-11-19,9.10,10.10,9.10,9.15,301
2008-11-21,8.10,10.05,8.10,9.65,2906
2008-11-25,9.50,9.50,9.50,9.50,111
2008-11-26,8.25,9.40,7.70,9.40,717
2008-11-28,8.60,10.20,8.60,8.95,682
2008-12-01,9.95,10.70,9.95,10.00,1200
2008-12-02,9.10,10.70,9.10,10.35,560
2008-12-03,9.00,10.85,9.00,10.85,31
2008-12-05,9.20,10.00,9.10,9.15,1542
2008-12-11,8.75,8.75,8.70,8.70,16
2008-12-16,8.35,10.25,8.30,9.20,748
2008-12-17,9.00,10.50,7.85,10.00,522
2008-12-23,9.10,9.50,9.10,9.10,180
2008-12-26,9.00,9.00,9.00,9.00,23
2008-12-30,8.70,9.20,8.50,9.20,3910
2008-12-31,9.00,10.40,8.70,9.00,832
2009-01-01,9.05,9.05,9.05,9.05,10
2009-01-02,9.05,10.40,9.05,9.20,2035
2009-01-06,9.20,9.20,9.15,9.15,0
2009-01-07,9.15,9.15,8.55,8.55,429
2009-01-09,8.50,9.25,8.50,9.25,401
2009-01-13,9.00,9.00,9.00,9.00,500
2009-01-16,8.65,8.85,8.60,8.85,600
2009-01-19,8.70,9.50,8.70,8.75,525
2009-01-21,9.05,9.05,9.05,9.05,200
2009-01-23,8.90,9.00,8.70,8.75,400
2009-01-27,8.50,8.80,8.45,8.75,615
2009-01-29,8.50,9.40,8.50,9.20,95
2009-02-02,8.35,8.65,8.35,8.65,410
2009-02-04,8.65,8.65,8.50,8.50,610
2009-02-09,8.65,8.65,8.65,8.65,100
2009-02-12,8.50,8.50,8.50,8.50,279
2009-02-16,8.50,8.50,8.50,8.50,400
2009-02-18,8.00,8.00,8.00,8.00,638
2009-02-20,8.20,8.45,7.65,8.10,200
2009-02-24,8.30,8.30,8.30,8.30,1
2009-02-27,7.55,8.35,7.55,8.35,363
2009-03-03,8.00,8.00,8.00,8.00,200
2009-03-17,7.40,7.45,7.40,7.40,950
2009-03-18,7.40,7.40,7.40,7.40,100
2009-03-23,8.10,8.20,8.10,8.15,3
2009-04-06,7.75,7.75,7.75,7.75,0
2009-04-08,7.75,7.75,7.75,7.75,0
2009-04-09,7.90,7.90,7.90,7.90,100
2009-04-15,7.85,8.30,7.85,8.25,1819
2009-04-16,8.35,8.70,8.35,8.40,600
2009-04-17,8.00,8.75,8.00,8.75,200
2009-04-20,9.00,9.20,9.00,9.20,325
2009-05-05,9.00,9.00,9.00,9.00,160
2009-05-07,8.60,8.60,8.60,8.60,430
2009-05-11,8.95,8.95,8.95,8.95,100
2009-05-14,8.50,8.50,8.50,8.50,200
2009-05-15,8.50,8.50,8.30,8.30,926
2009-05-19,8.75,8.75,8.05,8.05,500
2009-05-21,8.40,8.40,8.40,8.40,200
2009-05-22,8.85,8.85,8.55,8.55,798
2009-05-26,8.85,8.85,8.85,8.85,350
2009-05-27,8.50,8.95,8.50,8.95,450
2009-05-29,9.40,9.40,9.40,9.40,99
2009-06-01,9.90,9.90,9.90,9.90,100
2009-06-02,9.50,10.35,9.50,10.30,5400
2009-06-03,9.80,10.75,9.80,10.50,2526
2009-06-04,10.00,10.90,10.00,10.00,2926
2009-06-05,10.00,10.40,9.50,10.00,2135
2009-06-10,9.20,9.20,9.05,9.15,1000
2009-06-11,9.00,9.60,9.00,9.30,2011
2009-06-15,9.50,9.50,9.50,9.50,150
2009-06-16,9.20,9.50,9.20,9.50,2
2009-06-19,9.05,9.05,9.05,9.05,998
2009-06-24,8.60,9.20,8.60,9.20,104
2009-06-25,8.75,9.00,8.75,9.00,1001
2009-07-01,9.10,9.10,9.10,9.10,1400
2009-07-03,9.10,9.10,9.10,9.10,400
2009-07-09,8.65,8.65,8.65,8.65,1000
2009-07-10,8.30,8.35,8.30,8.30,1167
2009-07-13,8.70,8.70,8.70,8.70,10
2009-07-14,9.00,9.00,9.00,9.00,300
2009-07-20,8.95,8.95,8.95,8.95,500
2009-07-29,8.90,8.90,8.90,8.90,800
2009-07-30,8.90,9.30,8.90,9.30,2296
2009-07-31,8.85,8.85,8.85,8.85,500
2009-08-03,8.50,8.75,8.50,8.75,208
2009-08-05,8.75,9.20,8.75,9.20,314
2009-08-06,9.70,9.70,9.70,9.70,110
2009-08-10,10.15,10.15,9.25,9.25,741
2009-08-11,9.00,9.50,8.85,8.85,1868
2009-08-12,9.00,9.20,9.00,9.20,70
2009-08-13,9.25,9.25,9.25,9.25,800
2009-08-17,8.90,8.90,8.80,8.80,1100
2009-08-18,9.05,9.25,8.40,8.40,940
2009-08-24,8.50,8.50,8.50,8.50,150
2009-08-25,8.25,8.50,8.25,8.50,825
2009-08-27,8.25,8.25,8.25,8.25,100
2009-08-28,8.25,8.25,8.25,8.25,200
2009-09-01,8.50,8.70,8.50,8.70,2490
2009-09-02,8.75,8.95,8.30,8.40,3700
2009-09-03,8.00,8.70,8.00,8.15,1247
2009-09-04,8.25,8.60,8.25,8.60,303
2009-09-07,8.95,8.95,8.50,8.50,1200
2009-09-08,8.50,8.95,8.50,8.95,610
2009-09-09,8.55,9.15,8.55,9.15,700
2009-09-10,9.00,9.65,9.00,9.65,5375
2009-09-11,10.15,10.15,9.25,9.90,901
2009-09-14,9.45,9.45,9.40,9.45,3
2009-09-15,9.65,9.65,9.50,9.55,410
2009-09-17,9.15,9.20,9.10,9.15,920
2009-09-24,9.00,9.00,9.00,9.00,150
2009-09-25,9.00,9.45,9.00,9.45,369
2009-09-29,9.05,9.05,9.05,9.05,350
2009-10-01,9.05,9.50,9.05,9.40,790
2009-10-05,9.75,9.75,9.15,9.25,409
2009-10-08,8.65,9.35,8.65,9.05,1882
2009-10-09,9.30,9.30,9.30,9.30,1
2009-10-13,9.00,9.00,8.90,8.90,935
2009-10-15,9.30,9.30,9.25,9.25,3
2009-10-16,8.80,8.80,8.80,8.80,100
2009-10-20,8.80,9.20,8.80,8.80,4
2009-10-21,9.00,9.00,8.45,8.60,186
2009-10-22,8.30,8.30,8.30,8.30,1
2009-10-26,8.05,8.70,8.00,8.05,352
2009-10-27,7.85,8.00,7.85,8.00,660
2009-10-28,8.20,8.20,8.20,8.20,798
2009-11-03,8.50,8.50,8.20,8.20,501
2009-11-05,8.20,8.20,8.20,8.20,11
2009-11-06,8.10,8.15,8.10,8.15,20
2009-11-09,8.90,8.90,8.00,8.00,150
2009-11-10,7.70,7.70,7.70,7.70,100
2009-11-11,8.00,8.05,8.00,8.05,1199
2009-11-18,8.75,8.75,8.15,8.70,359
2009-11-20,8.25,8.95,8.00,8.40,601
2009-11-23,7.85,9.10,7.85,8.10,451
2009-11-25,9.10,9.10,8.30,8.30,6
2009-12-01,8.15,9.40,8.15,8.45,800
2009-12-02,9.25,9.30,8.50,8.60,226
2009-12-03,9.45,9.45,8.50,9.40,107
2009-12-04,8.65,9.75,8.65,9.25,890
2009-12-07,8.55,10.00,8.55,10.00,2991
2009-12-08,10.05,10.50,10.05,10.10,2316
2009-12-09,10.05,10.10,10.05,10.05,600
2009-12-10,9.80,10.00,9.80,10.00,348
2009-12-11,9.75,10.00,9.75,9.80,165
2009-12-15,9.50,9.50,9.50,9.50,500
2009-12-16,10.00,10.00,9.50,9.90,3726
2009-12-17,9.50,10.10,9.40,9.50,2955
2009-12-21,9.05,9.05,9.05,9.05,100
2009-12-23,9.50,9.50,8.90,8.90,784
2009-12-24,8.95,9.15,8.95,9.15,54
2009-12-29,9.15,9.15,9.00,9.00,642
2009-12-30,9.00,9.40,9.00,9.40,1796
2009-12-31,9.25,9.40,9.25,9.40,510
2010-01-04,9.05,9.90,9.05,9.90,3563
2010-01-05,9.70,10.00,9.70,10.00,250
2010-01-06,9.65,10.20,9.65,9.90,461
2010-01-07,9.70,10.35,9.65,10.15,2833
2010-01-11,10.20,10.70,10.00,10.00,1850
2010-01-12,10.00,10.50,9.90,10.10,640
2010-01-13,10.50,10.65,10.30,10.45,2648
2010-01-15,11.45,11.55,11.10,11.50,2247
2010-01-18,11.30,12.00,11.30,12.00,2100
2010-01-19,12.00,12.00,11.50,11.60,1102
2010-01-20,11.10,11.35,11.10,11.10,1651
2010-01-21,11.70,11.70,11.10,11.10,2610
2010-02-18,11.10,11.10,11.10,11.10,0
2010-02-22,11.10,11.10,11.10,11.10,500
2010-03-02,10.70,10.70,10.70,10.70,100
2010-03-04,10.35,10.95,10.35,10.90,550
2010-03-05,10.50,10.50,10.50,10.50,709
2010-03-08,10.05,10.05,10.05,10.05,1
2010-03-10,9.80,10.65,9.80,9.80,310
2010-03-11,9.75,9.75,9.75,9.75,200
2010-03-12,9.85,10.70,9.25,9.70,424
2010-03-16,10.40,10.55,9.50,10.40,1014
2010-03-17,11.35,11.40,10.65,10.80,1136
2010-03-18,10.00,11.30,10.00,11.25,65
2010-03-19,10.85,11.35,10.70,10.70,2329
2010-03-22,10.00,10.50,9.75,10.05,215
2010-03-23,9.55,10.65,9.55,10.00,13
2010-03-29,9.60,9.90,9.60,9.90,49
2010-03-30,9.90,10.40,9.50,10.25,257
2010-03-31,9.70,10.00,9.70,10.00,1000
2010-04-01,10.75,11.00,10.70,11.00,2751
2010-04-05,11.50,11.50,11.40,11.45,210
2010-04-06,10.60,10.90,10.60,10.90,500
2010-04-07,10.30,11.85,10.30,10.60,730
2010-04-08,10.60,11.70,10.60,11.55,477
2010-04-09,12.70,12.70,10.90,10.90,658
2010-04-12,10.25,12.00,10.25,11.00,615
2010-04-13,11.85,11.85,11.85,11.85,8
2010-04-15,10.95,11.70,10.75,10.95,1050
2010-04-16,10.40,11.25,10.25,10.55,3595
2010-04-19,10.40,11.00,10.40,11.00,204
2010-04-20,10.55,10.55,10.55,10.55,100
2010-04-21,10.55,11.45,10.55,11.30,1005
2010-04-23,12.00,12.20,11.00,11.80,1567
2010-04-26,11.10,11.50,11.10,11.50,501
2010-04-27,12.15,12.15,11.10,11.65,510
2010-04-28,10.70,12.10,10.70,11.00,28235
2010-04-29,11.85,11.90,11.15,11.20,2611
2010-04-30,12.10,12.35,11.25,11.25,2462
2010-05-03,11.00,11.95,11.00,11.85,12757
2010-05-05,10.85,11.95,10.80,11.90,1656
2010-05-06,11.35,11.95,11.35,11.95,2241
2010-05-07,12.20,12.20,11.20,11.20,583
2010-05-10,10.95,12.00,10.90,12.00,2800
2010-05-13,13.75,13.75,12.15,12.45,3646
2010-05-14,11.85,11.85,11.75,11.80,720
2010-05-17,11.45,13.40,11.45,13.00,3974
2010-05-18,13.90,14.40,13.35,14.25,4203
2010-05-19,13.15,14.00,12.95,13.35,1531
2010-05-20,13.00,13.00,11.80,11.80,11281
2010-05-21,11.60,11.60,11.30,11.30,2000
2010-05-24,12.00,12.00,10.95,10.95,201
2010-05-25,10.35,11.60,10.35,10.95,1000
2010-05-26,10.20,11.55,10.20,11.55,101
2010-05-27,10.25,11.55,10.25,11.50,224
2010-05-28,10.00,12.75,9.25,11.25,9030
2010-05-31,12.00,12.00,12.00,12.00,1
2010-06-01,11.85,12.50,11.85,12.00,2791
2010-06-02,13.70,14.40,12.20,13.55,43116
2010-06-03,14.10,16.30,13.80,15.20,310312
2010-06-04,15.15,15.50,14.25,14.75,41875
2010-06-07,15.00,16.00,14.25,14.85,11577
2010-06-08,14.95,15.20,14.50,14.50,2780
2010-06-09,16.00,16.00,13.70,13.90,3838
2010-06-10,14.00,14.55,12.65,13.45,20193
2010-06-11,13.20,14.20,12.50,12.80,2834
2010-06-14,12.35,12.75,12.05,12.55,3226
2010-06-15,12.20,13.35,12.20,13.15,5544
2010-06-16,13.00,13.60,13.00,13.00,7425
2010-06-17,12.15,13.95,12.15,13.15,4444
2010-06-18,12.85,13.30,12.85,13.00,16227
2010-06-21,12.85,13.50,12.85,13.00,2332
2010-06-22,13.00,13.50,13.00,13.50,1590
2010-06-23,12.90,13.45,12.90,13.00,2398
2010-06-24,13.05,13.05,12.95,12.95,8320
2010-06-25,12.90,13.75,12.85,13.45,1600
2010-06-28,12.85,13.95,12.85,13.25,1448
2010-06-29,12.90,12.90,12.55,12.75,1811
2010-06-30,11.80,12.80,11.80,12.70,1725
2010-07-01,12.45,12.45,12.45,12.45,362
2010-07-02,12.40,13.25,12.40,12.65,852
2010-07-05,12.30,13.00,11.80,13.00,806
2010-07-06,12.65,12.65,12.65,12.65,200
2010-07-07,12.35,12.35,12.35,12.35,100
2010-07-09,12.15,12.15,12.15,12.15,300
2010-07-12,11.55,12.95,11.55,12.00,1280
2010-07-13,12.05,12.30,11.85,12.10,401
2010-07-14,11.75,12.90,11.75,12.20,802
2010-07-15,12.40,12.45,12.40,12.40,1430
2010-07-16,12.80,12.80,12.40,12.40,1457
2010-07-19,12.50,12.50,12.20,12.45,1110
2010-07-20,12.95,12.95,12.30,12.90,260
2010-07-21,12.80,14.15,12.50,13.00,7235
2010-07-22,13.00,13.00,12.55,12.70,1100
2010-07-23,14.40,14.40,12.90,13.35,5461
2010-07-26,14.55,15.05,12.55,13.60,12081
2010-07-27,14.45,14.45,13.00,13.85,3365
2010-07-28,13.50,13.90,13.45,13.50,607
2010-07-29,13.65,16.20,13.20,16.20,162954
2010-07-30,16.70,16.90,13.50,14.60,69254
2010-08-02,14.00,16.85,14.00,15.20,65839
2010-08-03,15.00,16.10,15.00,15.40,13877
2010-08-04,15.50,15.70,15.10,15.15,4838
2010-08-05,14.80,15.50,14.80,14.80,9728
2010-08-06,14.50,15.45,13.25,14.60,8902
2010-08-09,14.25,17.00,11.75,15.10,30686
2010-08-10,14.50,15.80,14.50,15.00,11577
2010-08-11,14.50,15.80,14.50,15.20,12609
2010-08-12,15.25,15.30,15.00,15.25,5748
2010-08-13,15.00,16.00,14.90,15.05,6449
2010-08-16,15.05,15.20,14.65,14.75,2764
2010-08-17,14.10,15.50,14.00,15.15,11524
2010-08-18,14.65,15.00,14.65,14.80,770
2010-08-19,14.55,15.20,14.55,14.70,1271
2010-08-20,14.85,14.90,14.60,14.60,660
2010-08-23,15.00,15.00,14.10,14.15,10834
2010-08-24,14.00,14.45,13.70,13.80,948
2010-08-25,13.60,14.20,13.15,13.65,2504
2010-08-26,13.15,13.75,13.15,13.20,1364
2010-08-27,13.00,13.65,13.00,13.05,3393
2010-08-30,12.25,14.10,12.25,13.15,1344
2010-08-31,12.90,12.90,12.55,12.55,544
2010-09-01,12.30,13.80,12.25,13.55,5091
2010-09-02,13.60,13.90,13.60,13.90,1290
2010-09-03,14.75,14.95,13.60,13.95,1135
2010-09-06,13.95,13.95,13.40,13.40,1051
2010-09-07,13.00,15.50,13.00,14.35,9738
2010-09-08,15.25,15.25,14.10,14.40,1650
2010-09-09,14.65,14.65,14.10,14.55,1790
2010-09-13,14.95,15.00,14.50,14.50,5000
2010-09-15,15.80,15.80,12.70,13.85,764
2010-09-17,14.70,14.70,13.20,14.20,2496
2010-09-20,13.35,14.00,13.30,13.40,751
2010-09-21,13.40,13.65,13.40,13.60,1150
2010-09-23,12.15,15.00,12.15,14.15,24930
2010-09-24,15.00,17.00,14.95,16.35,127602
2010-09-27,19.45,19.45,15.30,15.55,27267
2010-09-28,15.25,15.45,14.50,14.95,9165
2010-09-29,14.35,15.25,13.15,14.25,8754
2010-09-30,13.55,15.40,13.55,14.45,3814
2010-10-01,14.40,14.75,14.40,14.75,600
2010-10-04,14.75,15.70,14.45,14.60,2447
2010-10-05,14.60,15.00,13.20,15.00,2324
2010-10-06,14.45,15.45,14.25,14.30,833
2010-10-07,14.30,14.85,14.00,14.70,2459
2010-10-08,15.00,15.25,14.00,14.80,5026
2010-10-11,15.30,15.30,14.40,14.60,1400
2010-10-12,14.75,14.75,13.90,14.00,3404
2010-10-13,14.70,14.70,13.60,14.00,4138
2010-10-15,14.00,16.20,14.00,15.10,50678
2010-10-18,15.40,15.40,14.70,15.00,4301
2010-10-19,15.15,18.00,15.10,17.85,193180
2010-10-20,18.60,18.60,16.00,16.30,51913
2010-10-21,16.75,17.45,15.65,16.35,9128
2010-10-22,17.50,17.50,14.40,16.10,5342
2010-10-25,15.30,17.50,15.30,16.50,30231
2010-10-26,16.00,16.80,16.00,16.05,4716
2010-10-27,16.50,16.90,16.00,16.25,3731
2010-10-28,16.10,17.00,15.35,15.50,3230
2010-10-29,16.20,17.70,15.60,16.15,39181
2010-11-01,17.15,17.50,15.75,16.05,7287
2010-11-02,16.40,16.75,15.45,15.75,3466
2010-11-03,16.00,16.45,15.60,15.70,2669
2010-11-04,15.55,16.05,15.20,15.85,16230
2010-11-05,16.50,17.70,16.20,16.55,3034
2010-11-08,16.50,17.50,16.00,16.85,12251
2010-11-09,16.10,17.25,16.10,16.65,4158
2010-11-10,17.30,18.00,16.70,17.55,13110
2010-11-11,17.55,20.50,17.15,19.25,58595
2010-11-12,19.70,19.70,18.00,18.05,8782
2010-11-15,17.90,17.95,17.25,17.80,1527
2010-11-16,18.00,18.90,16.65,17.35,8558
2010-11-18,17.10,17.90,16.20,16.95,3594
2010-11-19,16.30,16.80,16.00,16.20,2470
2010-11-22,16.60,16.60,15.85,15.85,3
2010-11-23,15.85,16.50,15.45,15.80,89
2010-11-24,15.80,16.85,15.80,16.25,3309
2010-11-25,15.65,16.20,15.05,15.90,4974
2010-11-26,15.00,15.00,13.25,13.45,10272
2010-11-29,13.45,14.20,13.45,13.85,2160
2010-11-30,13.40,14.20,13.40,14.20,225
2010-12-01,14.00,14.85,14.00,14.50,3124
2010-12-02,14.50,15.00,14.10,14.15,4156
2010-12-03,14.00,14.00,14.00,14.00,500
2010-12-06,13.35,13.55,13.30,13.50,1518
2010-12-07,13.90,13.90,13.05,13.10,2388
2010-12-08,13.00,13.00,13.00,13.00,528
2010-12-09,13.00,14.65,12.75,12.95,182
2010-12-10,12.10,12.95,11.75,12.95,664
2010-12-14,12.55,12.95,12.55,12.80,219
2010-12-15,12.00,13.45,12.00,12.70,592
2010-12-16,12.30,12.35,12.15,12.30,815
2010-12-20,12.70,13.45,12.00,12.80,1622
2010-12-21,12.00,14.00,12.00,13.75,582
2010-12-22,13.90,13.90,12.80,13.70,404
2010-12-23,13.80,14.35,13.80,14.00,2118
2010-12-24,15.40,15.40,13.00,13.75,2469
2010-12-27,11.60,14.45,11.60,13.75,837
2010-12-28,14.40,14.45,13.45,14.45,3
2010-12-29,14.20,14.20,13.60,13.60,202
2010-12-30,14.00,14.00,13.80,13.90,619
2010-12-31,14.55,14.70,13.30,13.80,714
2011-01-03,15.20,15.20,13.75,13.75,1923
2011-01-05,14.90,14.90,13.80,13.90,1705
2011-01-06,13.75,14.15,13.75,14.00,120
2011-01-07,13.60,13.80,13.60,13.75,179
2011-01-10,12.70,13.50,12.70,13.50,316
2011-01-11,12.55,13.60,12.55,12.95,1115
2011-01-12,13.15,13.20,13.10,13.10,405
2011-01-14,14.00,14.00,13.00,13.00,2
2011-01-17,12.75,12.75,12.75,12.75,1
2011-01-18,12.75,13.85,12.75,13.75,125
2011-01-20,15.40,15.40,13.00,13.25,816
2011-01-21,12.55,12.85,12.00,12.40,2016
2011-01-24,11.35,12.75,11.35,11.95,1928
2011-01-25,11.50,11.55,11.50,11.55,222
2011-01-27,11.60,11.65,11.60,11.65,2
2011-01-28,11.40,12.25,11.40,11.95,257
2011-01-31,11.50,12.90,11.00,11.85,1661
2011-02-01,11.10,12.35,11.10,11.90,208
2011-02-02,11.15,12.25,11.15,11.65,143
2011-02-03,11.15,12.00,11.15,11.60,7621
2011-02-04,11.20,13.95,11.15,12.60,6880
2011-02-07,13.90,13.90,11.75,11.75,3377
2011-02-08,11.00,12.85,10.60,11.30,1185
2011-02-09,10.60,10.80,10.00,10.80,1447
2011-02-10,11.30,11.30,10.00,11.10,203
2011-02-11,10.15,12.50,10.15,12.25,482
2011-02-14,12.50,14.50,11.65,12.50,1092
2011-02-15,11.50,12.00,10.35,12.00,1551
2011-02-16,11.70,12.25,11.70,12.20,122
2011-02-17,11.75,11.75,11.70,11.75,53
2011-02-18,11.75,12.50,11.75,12.10,74
2011-02-21,11.75,11.75,11.75,11.75,10
2011-02-22,11.00,11.00,11.00,11.00,100
2011-02-24,10.25,10.45,10.20,10.45,911
2011-02-25,10.00,11.60,10.00,10.65,1508
2011-02-28,11.50,11.50,10.40,10.65,855
2011-03-01,10.00,11.90,9.85,11.90,203
2011-03-03,12.70,12.70,11.05,11.05,202
2011-03-04,12.40,12.50,11.10,12.30,3340
2011-03-07,11.20,11.85,10.90,11.70,907
2011-03-08,11.35,11.35,11.35,11.35,10
2011-03-10,11.60,12.40,11.60,12.10,3421
2011-03-11,11.05,11.95,11.05,11.15,604
2011-03-14,11.05,11.05,11.05,11.05,105
2011-03-15,10.40,10.40,10.40,10.40,91
2011-03-16,11.45,11.45,10.50,10.95,213
2011-03-17,10.25,11.30,10.25,10.95,315
2011-03-18,10.20,11.00,10.20,10.40,358
2011-03-21,9.90,10.90,9.90,10.40,606
2011-03-22,11.15,11.30,10.05,11.30,950
2011-03-23,11.30,11.30,10.65,10.65,60
2011-03-24,11.15,11.15,11.15,11.15,10
2011-03-25,10.20,11.70,10.20,10.95,1516
2011-03-28,10.65,10.65,10.30,10.30,400
2011-03-31,11.35,11.35,10.30,11.30,1125
2011-04-01,10.30,11.40,10.30,11.40,243
2011-04-04,11.95,12.00,11.50,12.00,444
2011-04-05,12.00,12.35,11.80,12.35,353
2011-04-07,12.95,12.95,12.40,12.40,274
2011-04-08,12.25,12.25,12.25,12.25,1
2011-04-13,12.75,12.75,11.60,11.70,3
2011-04-18,12.50,12.90,12.50,12.90,1619
2011-04-19,12.90,14.20,12.90,14.20,2310
2011-04-20,14.50,15.65,14.50,15.65,3612
2011-04-21,16.45,16.45,14.90,14.95,7323
2011-04-25,14.95,14.95,14.80,14.80,590
2011-04-26,15.00,15.00,14.40,14.45,1200
2011-04-27,14.70,14.70,14.05,14.05,361
2011-04-28,14.00,14.00,14.00,14.00,700
2011-05-03,13.55,13.55,13.50,13.50,1254
2011-05-05,13.00,13.80,13.00,13.65,2335
2011-05-09,13.50,14.45,13.50,13.55,220
2011-05-11,13.30,13.60,13.05,13.60,2300
2011-05-12,13.05,13.30,12.80,12.85,2360
2011-05-16,12.75,12.75,12.75,12.75,101
2011-05-17,13.45,14.00,12.35,12.90,2112
2011-05-18,13.00,13.00,12.55,12.55,425
2011-05-19,12.40,12.55,12.35,12.55,168
2011-05-23,12.55,12.55,12.25,12.25,450
2011-05-24,11.85,11.85,11.35,11.65,1325
2011-05-25,12.00,12.00,11.60,11.60,399
2011-05-26,11.60,12.45,11.60,12.45,700
2011-05-30,11.80,11.80,11.80,11.80,210
2011-05-31,12.00,12.00,11.55,11.65,151
2011-06-01,11.95,12.00,11.95,12.00,36
2011-06-02,13.20,13.20,13.20,13.20,796
2011-06-07,16.05,16.05,13.70,15.35,24734
2011-06-08,14.60,15.95,14.60,15.65,10109
2011-06-09,15.00,15.05,14.90,14.90,2750
2011-06-10,14.65,15.35,14.50,14.60,2100
2011-06-13,14.60,14.60,14.25,14.25,699
2011-06-15,13.90,14.80,13.90,14.05,1000
2011-06-16,14.40,14.45,14.40,14.40,1200
2011-06-17,14.60,14.60,13.90,14.10,102
2011-06-20,14.15,14.15,13.90,13.90,453
2011-06-21,14.50,14.50,13.70,13.70,570
2011-06-23,13.45,13.45,13.45,13.45,21
2011-06-24,13.65,13.95,13.65,13.75,591
2011-06-27,13.40,14.30,13.40,14.00,32
2011-06-28,13.55,14.00,13.55,13.95,679
2011-06-29,13.95,14.55,13.80,14.35,704
2011-06-30,14.20,14.20,13.90,13.90,394
2011-07-04,14.35,14.40,14.00,14.40,529
2011-07-05,14.05,14.70,13.95,14.70,3945
2011-07-06,14.55,15.20,14.55,15.20,1770
2011-07-08,14.35,14.35,14.35,14.35,9
2011-07-11,15.00,15.00,14.05,14.20,1011
2011-07-12,15.10,15.65,14.85,15.65,4310
2011-07-13,17.10,17.25,16.30,17.25,5716
2011-07-14,19.00,19.00,18.00,18.30,7129
2011-07-15,18.50,19.00,17.40,17.75,3380
2011-07-18,17.40,18.30,16.95,17.25,2086
2011-07-19,16.85,17.95,16.60,16.90,1919
2011-07-20,16.15,17.70,16.15,16.40,540
2011-07-21,16.95,17.20,16.55,17.20,570
2011-07-25,16.40,18.10,16.40,17.80,2956
2011-07-26,18.00,18.45,17.15,17.90,1400
2011-07-27,17.00,17.85,17.00,17.85,600
2011-07-28,17.00,17.40,17.00,17.00,1154
2011-08-02,16.50,17.00,16.50,17.00,302
2011-08-03,16.55,16.55,16.55,16.55,84
2011-08-04,16.35,16.35,15.80,16.25,905
2011-08-05,16.05,16.25,16.00,16.00,471
2011-08-08,15.20,16.15,15.20,16.15,908
2011-08-09,15.95,15.95,15.35,15.95,5
2011-08-10,16.45,16.45,15.80,16.00,220
2011-08-11,15.20,15.20,15.20,15.20,99
2011-08-12,15.80,15.85,15.80,15.85,300
2011-08-16,15.50,16.50,15.50,16.00,2
2011-08-17,15.40,15.40,15.20,15.30,2450
2011-08-22,15.20,15.50,15.20,15.50,300
2011-08-23,14.85,15.50,14.85,15.50,100
2011-08-25,14.75,14.75,14.75,14.75,103
2011-08-30,14.70,14.80,14.50,14.50,1110
2011-09-06,14.50,14.50,14.50,14.50,200
2011-09-07,15.05,15.05,15.05,15.05,2
2011-09-08,14.55,15.80,14.55,15.80,400
2011-09-09,15.90,17.25,15.90,17.25,21
2011-09-12,17.25,17.25,15.55,15.55,81
2011-09-13,15.25,16.50,15.25,16.50,50
2011-09-15,15.35,15.40,14.85,15.30,2277
2011-09-16,14.80,14.80,14.80,14.80,49
2011-09-19,14.55,14.55,14.55,14.55,36
2011-09-20,16.00,16.00,14.60,15.00,937
2011-09-21,14.55,16.45,14.55,15.50,2
2011-09-22,14.10,14.10,14.10,14.10,100
2011-09-26,15.50,15.50,15.50,15.50,30
2011-09-28,15.20,15.20,15.15,15.15,500
2011-09-29,14.20,14.55,14.15,14.20,1452
2011-10-04,13.55,13.55,13.55,13.55,100
2011-10-10,14.50,14.50,14.50,14.50,1
2011-10-11,14.00,14.70,13.90,14.70,184
2011-10-12,13.50,13.50,13.50,13.50,680
2011-10-13,14.45,14.45,14.45,14.45,75
2011-10-17,13.70,14.55,13.70,14.15,302
2011-10-18,15.00,15.35,13.30,13.30,746
2011-10-19,13.50,14.20,13.50,14.20,300
2011-10-20,13.35,13.35,13.35,13.35,1
2011-10-24,14.45,14.60,13.60,14.60,76
2011-10-28,14.95,14.95,13.40,13.85,102
2011-10-31,14.65,14.70,13.90,13.90,205
2011-11-03,15.30,15.30,14.45,15.30,750
2011-11-04,15.75,16.85,15.75,16.00,4629
2011-11-09,15.55,15.75,15.55,15.75,305
2011-11-11,15.20,15.90,15.20,15.30,791
2011-11-14,16.10,16.10,16.10,16.10,841
2011-11-15,16.95,16.95,16.95,16.95,722
2011-11-16,17.80,17.80,16.10,16.30,4729
2011-11-17,16.25,16.95,16.25,16.95,746
2011-11-18,17.50,17.80,16.85,17.70,5385
2011-11-21,18.50,18.60,17.20,17.20,1800
2011-11-22,17.95,17.95,16.80,17.50,3135
2011-11-23,16.95,16.95,16.65,16.65,2251
2011-11-24,15.90,17.25,15.90,16.75,851
2011-11-28,16.40,16.40,16.10,16.10,3700
2011-11-29,15.60,16.90,15.60,16.90,322
2011-11-30,16.90,17.20,16.90,17.15,870
2011-12-01,16.30,17.85,16.30,17.30,1238
2011-12-07,16.75,16.75,16.50,16.50,50
2011-12-12,15.75,15.75,15.70,15.70,200
2011-12-14,16.35,16.35,15.70,16.15,351
2011-12-15,16.75,16.75,16.75,16.75,15
2011-12-20,15.95,15.95,15.95,15.95,3100
2011-12-21,15.90,15.90,15.90,15.90,500
2011-12-22,16.10,16.10,16.10,16.10,50
2011-12-23,16.00,16.00,16.00,16.00,150
2011-12-28,15.70,15.70,15.70,15.70,9
2011-12-29,15.55,15.55,15.00,15.55,2020
2011-12-30,15.00,15.25,15.00,15.25,77
2012-01-02,15.05,15.50,15.05,15.50,61
2012-01-03,15.30,15.75,15.30,15.75,2
2012-01-04,16.00,16.00,16.00,16.00,100
2012-01-05,15.35,16.30,15.35,16.30,3
2012-01-09,17.00,17.00,17.00,17.00,300
2012-01-10,17.65,17.85,17.30,17.30,124
2012-01-11,17.00,18.00,17.00,18.00,205
2012-01-12,18.75,18.75,18.65,18.75,1700
2012-01-17,18.75,18.75,18.75,18.75,376
2012-01-19,17.00,17.00,17.00,17.00,388
2012-01-24,17.00,18.50,17.00,17.50,929
2012-01-30,16.80,17.45,15.90,17.45,1114
2012-01-31,17.80,17.80,16.85,17.45,120
2012-02-01,17.35,17.35,17.35,17.35,858
2012-02-02,17.00,17.50,16.80,16.80,1092
2012-02-03,17.00,17.50,16.70,17.50,1639
2012-02-07,16.60,16.60,16.35,16.50,2500
2012-02-10,16.65,17.75,16.65,17.65,12
2012-02-13,17.00,17.00,17.00,17.00,600
2012-02-14,17.70,17.70,17.70,17.70,1160
2012-02-15,18.55,18.55,18.55,18.55,3714
2012-02-16,19.45,19.45,19.45,19.45,8124
2012-02-21,19.00,20.30,19.00,20.30,500
2012-02-23,19.35,19.35,19.30,19.30,300
2012-02-24,19.00,19.00,18.50,18.50,1368
2012-02-27,19.35,19.35,19.35,19.35,5000
2012-02-29,18.60,19.90,18.60,19.90,326
2012-03-01,19.00,20.85,19.00,19.95,14940
2012-03-02,20.90,20.90,20.40,20.90,26703
2012-03-05,22.85,22.85,20.75,21.60,24474
2012-03-06,21.95,21.95,20.55,20.55,10147
2012-03-07,21.40,21.40,19.55,20.00,4053
2012-03-09,20.95,20.95,19.25,19.70,851
2012-03-12,19.50,20.60,18.75,20.45,9781
2012-03-13,21.35,21.45,20.90,21.45,9758
2012-03-14,21.10,22.50,21.10,22.50,15748
2012-03-15,23.10,23.60,23.10,23.60,18955
2012-03-16,24.70,24.75,22.45,22.60,14756
2012-03-19,22.00,23.70,21.55,23.70,25578
2012-03-20,24.85,24.85,22.55,22.55,11850
2012-03-21,21.60,22.95,21.45,22.00,15891
2012-03-22,21.20,22.75,21.20,21.35,1540
2012-03-23,20.95,21.85,20.60,20.75,4571
2012-03-26,21.00,21.70,21.00,21.35,5350
2012-03-27,20.70,20.90,20.30,20.30,1110
2012-03-28,20.70,20.70,19.30,19.50,6780
2012-03-29,20.00,20.00,19.20,19.20,904
2012-03-30,20.00,20.15,19.30,20.15,1725
2012-04-02,20.50,20.50,20.50,20.50,20
2012-04-03,20.05,21.50,20.05,21.50,1558
2012-04-04,22.55,22.55,22.45,22.45,2750
2012-04-09,22.20,23.10,21.75,22.80,1895
2012-04-10,22.40,22.40,21.70,22.25,550
2012-04-11,21.85,21.85,21.85,21.85,200
2012-04-12,21.05,21.95,21.05,21.40,2429
2012-04-13,21.40,21.95,20.75,21.95,2452
2012-04-16,20.90,21.10,20.90,20.95,350
2012-04-17,20.95,21.95,20.95,21.25,1798
2012-04-18,21.30,22.05,21.30,21.95,1114
2012-04-19,22.90,23.00,21.70,22.40,3347
2012-04-20,21.70,22.45,21.70,22.45,451
2012-04-23,21.35,23.45,21.35,21.35,4586
2012-04-24,22.30,22.40,20.80,22.40,5030
2012-04-25,23.00,23.50,21.30,21.30,12775
2012-04-26,21.50,21.50,20.35,21.35,281
2012-04-27,20.40,20.90,20.30,20.30,3050
2012-04-30,20.50,20.50,20.50,20.50,2550
2012-05-02,21.00,21.00,19.50,20.95,4000
2012-05-03,19.95,19.95,19.95,19.95,152
2012-05-04,19.95,19.95,19.00,19.00,301
2012-05-07,19.95,19.95,18.60,18.65,12
2012-05-08,19.80,19.80,18.55,18.55,1606
2012-05-09,20.40,20.40,19.20,19.20,500
2012-05-10,18.00,18.00,18.00,18.00,1
2012-05-14,17.20,19.80,17.20,19.05,4577
2012-05-15,19.45,19.45,18.10,18.15,753
2012-05-16,18.20,18.90,17.35,18.75,1600
2012-05-17,19.00,19.00,19.00,19.00,40
2012-05-18,17.30,19.45,17.30,19.45,354
2012-05-21,18.65,18.65,18.65,18.65,200
2012-05-22,18.65,19.60,18.50,18.50,1221
2012-05-23,17.30,18.60,17.30,18.60,23
2012-05-25,19.45,19.45,18.95,18.95,1020
2012-05-28,20.75,20.80,18.50,19.35,3210
2012-05-29,19.90,19.90,19.25,19.60,304
2012-05-30,20.85,21.20,20.15,20.70,6532
2012-05-31,19.50,19.50,18.65,18.85,6654
2012-06-01,19.35,19.35,17.10,18.25,2551
2012-06-04,17.05,17.35,16.50,16.60,3085
2012-06-05,17.50,17.50,16.60,17.50,1817
2012-06-06,16.75,17.30,16.75,17.10,1550
2012-06-07,15.50,17.40,15.50,17.40,180
2012-06-11,16.75,16.75,16.65,16.70,550
2012-06-12,17.60,17.60,17.60,17.60,10
2012-06-14,17.55,17.55,17.55,17.55,135
2012-06-18,16.15,18.75,16.15,16.55,675
2012-06-19,16.55,17.85,16.55,17.85,250
2012-06-20,19.35,19.35,19.35,19.35,500
2012-06-22,17.50,18.00,17.50,17.95,703
2012-06-25,17.35,18.00,17.00,18.00,157
2012-06-26,16.80,16.80,16.80,16.80,18
2012-06-27,17.00,17.45,17.00,17.45,150
2012-06-28,16.50,16.90,16.50,16.50,1110
2012-06-29,18.05,18.05,16.25,16.75,1132
2012-07-02,16.30,16.30,16.25,16.25,500
2012-07-03,17.40,17.50,17.35,17.50,723
2012-07-04,17.60,18.25,17.50,17.55,401
2012-07-05,18.30,18.30,18.30,18.30,250
2012-07-06,17.60,19.00,17.60,18.10,736
2012-07-09,17.80,18.00,16.45,17.50,755
2012-07-10,19.65,19.65,18.05,18.25,841
2012-07-11,17.55,19.75,17.05,19.75,402
2012-07-12,18.50,18.90,17.60,18.90,114
2012-07-13,18.50,18.50,17.05,18.10,177
2012-07-16,17.85,17.95,17.05,17.05,1158
2012-07-17,20.35,20.35,17.20,18.40,610
2012-07-19,19.90,20.75,18.30,18.60,9415
2012-07-20,18.00,19.70,16.65,18.35,217
2012-07-23,17.20,17.30,17.20,17.20,892
2012-07-24,16.80,18.45,16.80,18.00,1606
2012-07-25,17.70,17.85,17.70,17.80,16
2012-07-26,17.15,17.15,17.15,17.15,1
2012-07-27,17.80,17.80,17.20,17.20,16
2012-07-30,16.05,18.60,16.00,16.50,3002
2012-07-31,17.00,17.00,17.00,17.00,50
2012-08-02,15.90,16.00,15.85,16.00,47
2012-08-03,16.00,16.00,16.00,16.00,100
2012-08-06,16.65,16.65,16.65,16.65,250
2012-08-08,17.45,17.45,15.80,16.70,1833
2012-08-09,16.85,16.90,16.85,16.90,150
2012-08-10,19.45,19.45,17.00,17.00,101
2012-08-13,16.00,19.25,16.00,17.00,195
2012-08-14,15.50,17.00,14.05,16.75,315
2012-08-17,16.00,16.55,15.50,15.55,3551
2012-08-21,16.30,16.50,15.20,16.15,359
2012-08-22,15.30,15.45,15.25,15.25,2250
2012-08-23,15.25,15.90,15.00,15.10,344
2012-08-27,15.25,15.25,14.65,14.65,102
2012-08-28,14.60,15.20,14.60,15.20,600
2012-08-30,15.50,15.50,15.00,15.00,63
2012-08-31,14.50,15.00,14.00,14.40,2369
2012-09-04,13.65,13.70,13.65,13.70,1000
2012-09-05,13.75,14.90,13.75,13.90,204
2012-09-06,13.95,14.90,13.90,14.90,1800
2012-09-07,15.05,15.50,14.25,14.25,540
2012-09-10,14.10,15.65,14.10,14.15,214
2012-09-11,13.80,14.60,13.80,14.60,200
2012-09-12,14.60,14.60,14.00,14.00,662
2012-09-13,14.90,14.90,14.85,14.85,307
2012-09-14,13.05,15.25,13.05,14.95,378
2012-09-18,14.25,14.90,14.25,14.90,200
2012-09-20,14.20,14.20,14.20,14.20,7
2012-09-21,15.60,15.60,14.35,14.35,125
2012-09-24,15.35,15.35,14.10,14.25,16
2012-09-26,14.55,15.25,14.55,15.25,223
2012-09-27,15.20,15.20,14.05,14.05,1700
2012-09-28,14.25,15.00,14.00,15.00,1250
2012-10-01,15.45,15.45,14.40,14.60,3425
2012-10-03,14.00,14.20,14.00,14.00,1446
2012-10-04,16.55,16.60,14.30,14.85,2694
2012-10-05,12.00,17.00,12.00,15.85,3891
2012-10-08,14.35,15.00,14.35,14.75,890
2012-10-09,16.10,16.10,14.85,14.85,890
2012-10-10,16.70,16.70,14.90,15.20,175
2012-10-11,14.75,15.35,14.45,15.35,981
2012-10-12,15.25,16.70,14.60,16.70,1011
2012-10-15,14.50,14.70,14.35,14.45,785
2012-10-16,14.05,14.05,14.05,14.05,190
2012-10-17,14.40,14.50,14.30,14.50,300
2012-10-18,14.70,14.70,14.70,14.70,74
2012-10-19,14.50,14.50,14.20,14.20,310
2012-10-23,14.70,14.70,14.10,14.70,377
2012-10-25,14.20,14.50,14.10,14.10,149
2012-10-26,14.15,14.15,14.15,14.15,89
2012-10-29,14.25,14.50,13.10,14.30,1255
2012-10-30,14.95,14.95,14.00,14.00,630
2012-10-31,16.70,16.75,14.35,14.40,2650
2012-11-01,14.65,14.85,14.65,14.80,450
2012-11-02,14.10,14.60,14.00,14.50,620
2012-11-05,14.15,14.15,13.35,13.95,1000
2012-11-07,15.00,15.00,15.00,15.00,2
2012-11-08,14.60,14.60,14.60,14.60,50
2012-11-09,14.60,14.60,14.20,14.20,300
2012-11-12,14.80,15.15,14.05,15.15,857
2012-11-15,14.50,14.50,14.50,14.50,200
2012-11-16,14.50,15.00,14.40,14.55,5023
2012-11-19,14.20,15.00,14.20,15.00,775
2012-11-20,14.85,14.85,13.60,13.95,2580
2012-11-21,15.00,15.15,15.00,15.15,490
2012-11-22,14.70,14.70,14.60,14.60,803
2012-11-23,14.80,15.15,14.75,15.15,1150
2012-11-26,15.00,15.00,14.75,15.00,800
2012-11-27,15.00,15.00,15.00,15.00,200
2012-11-29,14.90,14.90,14.90,14.90,1100
2012-11-30,15.00,15.45,15.00,15.00,4373
2012-12-03,14.50,15.45,14.50,15.45,1025
2012-12-04,14.95,14.95,14.90,14.90,1500
2012-12-05,14.90,15.20,14.85,14.95,1750
2012-12-06,15.50,15.50,14.80,14.80,1720
2012-12-07,14.70,15.30,14.70,15.30,1050
2012-12-10,14.50,15.20,14.15,14.30,2875
2012-12-11,14.50,14.50,14.50,14.50,325
2012-12-12,14.30,14.30,14.30,14.30,1
2012-12-13,14.55,14.55,14.55,14.55,0
2012-12-17,14.10,14.50,14.10,14.30,600
2012-12-19,14.30,14.30,14.10,14.25,4669
2012-12-20,14.70,14.70,14.70,14.70,5
2012-12-21,14.25,14.25,14.20,14.20,300
2012-12-24,14.60,14.60,13.80,13.80,120
2012-12-26,13.80,13.80,13.80,13.80,20
2012-12-27,14.40,14.40,14.40,14.40,175
2012-12-31,13.85,14.05,13.85,14.05,418
2013-01-01,14.45,14.50,14.45,14.50,350
2013-01-03,13.85,13.85,13.85,13.85,60
2013-01-04,13.65,13.65,13.65,13.65,100
2013-01-07,14.20,14.20,13.60,13.75,1050
2013-01-08,13.80,14.30,13.45,14.30,3348
2013-01-09,14.50,15.95,14.20,14.70,300
2013-01-10,14.45,14.45,14.05,14.05,4003
2013-01-14,14.35,14.40,13.75,14.25,576
2013-01-15,13.75,14.30,13.60,13.60,855
2013-01-17,13.95,13.95,13.95,13.95,100
2013-01-18,13.50,13.50,13.25,13.30,390
2013-01-21,13.85,13.85,13.85,13.85,200
2013-01-22,13.50,13.50,13.50,13.50,200
2013-01-23,13.50,13.50,13.45,13.45,2350
2013-01-24,12.75,12.75,12.50,12.50,500
2013-01-25,12.85,13.20,12.85,13.20,225
2013-01-30,12.55,13.95,12.55,13.95,130
2013-01-31,13.40,13.40,13.00,13.00,88
2013-02-01,12.70,12.75,12.70,12.75,190
2013-02-05,13.20,13.20,12.80,12.80,311
2013-02-06,12.75,12.75,12.60,12.60,500
2013-02-08,12.40,12.40,12.40,12.40,100
2013-02-11,12.60,13.00,12.60,12.60,240
2013-02-12,12.60,12.70,12.00,12.70,476
2013-02-13,13.00,13.00,13.00,13.00,200
2013-02-14,12.40,12.40,12.40,12.40,5
2013-02-20,12.50,13.00,12.50,12.90,285
2013-02-21,13.25,13.75,12.50,12.50,5307
2013-02-22,13.95,13.95,13.00,13.05,160
2013-02-25,13.30,13.30,13.30,13.30,2
2013-02-26,12.55,13.55,11.15,12.45,2037
2013-02-27,13.20,13.40,12.65,12.65,4795
2013-02-28,14.00,14.00,12.85,12.85,69
2013-03-04,12.15,12.15,12.00,12.00,111
2013-03-05,12.00,12.00,12.00,12.00,6
2013-03-06,11.55,11.55,11.50,11.50,50
2013-03-07,11.45,12.60,11.40,12.60,1473
2013-03-08,13.00,13.00,13.00,13.00,4
2013-03-11,13.30,13.30,12.50,12.50,135
2013-03-12,12.80,12.80,12.75,12.75,2
2013-03-13,12.00,12.45,11.55,12.45,550
2013-03-14,13.60,13.60,12.10,12.10,100
2013-03-15,12.20,13.15,12.20,12.85,2104
2013-03-19,12.10,12.10,12.10,12.10,100
2013-03-20,12.40,12.40,12.40,12.40,2
2013-03-21,12.05,12.05,12.05,12.05,100
2013-03-22,13.25,13.25,12.10,12.10,1041
2013-03-25,11.80,11.80,11.00,11.40,817
2013-04-01,10.60,12.00,10.60,12.00,7
2013-05-10,10.35,10.35,10.35,10.35,80
2013-05-21,10.00,10.00,10.00,10.00,80
2013-05-31,9.60,9.60,9.60,9.60,500
2013-06-03,9.50,9.50,9.50,9.50,69
2013-06-27,9.05,9.05,9.05,9.05,500
2013-07-08,8.60,8.60,8.60,8.60,100
2013-07-22,8.30,8.35,8.30,8.35,120
2013-07-23,8.50,8.50,8.50,8.50,1504
2013-07-24,8.90,8.90,8.90,8.90,8490
2013-07-25,9.30,9.30,9.30,9.30,600
2013-08-05,9.75,9.75,9.75,9.75,5
2013-08-06,10.20,10.20,10.20,10.20,100
2013-08-28,10.00,10.70,10.00,10.70,898
2013-10-01,11.20,11.20,11.20,11.20,100
2013-10-04,11.75,11.75,11.75,11.75,5
2013-11-08,11.20,11.20,11.20,11.20,55
2013-11-13,10.70,10.70,10.70,10.70,500
2013-11-18,10.20,10.20,10.20,10.20,1000
2013-11-19,10.70,10.70,10.70,10.70,500
2013-11-20,11.20,11.20,11.20,11.20,250
2013-11-21,11.75,11.75,11.75,11.75,25
2013-11-22,12.30,12.30,12.30,12.30,1
2013-11-26,11.75,11.75,11.75,11.75,25
2013-12-04,11.50,11.50,11.50,11.50,1105
2013-12-10,12.05,12.05,12.05,12.05,1025
2013-12-11,12.65,12.65,12.65,12.65,25
2013-12-12,13.25,13.25,13.25,13.25,335
2013-12-13,13.90,13.90,13.85,13.90,1169
2013-12-23,13.25,13.25,13.25,13.25,25
2013-12-24,13.85,13.85,13.85,13.85,250
2014-01-01,14.50,14.50,14.50,14.50,200
2014-01-02,14.00,14.00,14.00,14.00,100
2014-01-07,14.70,14.70,14.70,14.70,100
2014-01-10,15.40,15.40,15.40,15.40,200
2014-01-13,16.15,16.15,16.15,16.15,597
2014-01-14,15.75,16.05,15.35,15.35,610
2014-01-15,16.10,16.10,15.10,15.10,502
2014-01-16,14.70,14.70,14.65,14.65,332
2014-01-17,14.50,14.50,14.50,14.50,2000
2014-01-20,14.55,15.20,14.50,15.20,2624
2014-01-22,15.85,15.90,15.85,15.90,500
2014-02-03,15.15,15.15,15.15,15.15,50
2014-02-06,14.40,14.40,14.40,14.40,100
2014-02-07,13.70,13.70,13.70,13.70,50
2014-02-11,13.85,13.85,13.85,13.85,100
2014-02-12,14.50,14.50,14.50,14.50,600
2014-02-18,13.80,13.80,13.80,13.80,600
2014-02-19,13.60,13.60,13.20,13.60,2143
2014-02-21,13.05,13.05,13.00,13.00,9500
2014-02-24,12.50,12.65,12.35,12.65,4131
2014-02-28,12.65,12.70,12.65,12.70,300
2014-03-05,12.30,12.30,12.30,12.30,100
2014-03-06,12.70,12.70,12.70,12.70,100
2014-03-07,13.00,13.25,13.00,13.25,1950
2014-03-10,12.80,13.80,12.80,13.80,135
2014-03-11,13.80,14.25,13.65,14.25,562
2014-03-12,13.75,13.75,13.75,13.75,50
2014-03-13,13.30,13.50,13.20,13.50,500
2014-03-14,13.00,13.00,13.00,13.00,381
2014-03-18,13.00,13.25,12.50,12.50,4
2014-03-21,12.60,13.00,12.60,13.00,202
2014-03-24,13.20,13.20,13.20,13.20,331
2014-03-25,13.60,13.60,13.60,13.60,101
2014-03-26,13.00,13.25,13.00,13.00,1406
2014-04-01,12.50,12.50,12.50,12.50,100
2014-04-02,12.60,13.00,12.60,13.00,800
2014-04-03,13.00,13.00,13.00,13.00,2307
2014-04-04,12.35,13.50,12.35,13.50,1657
2014-04-07,13.70,13.70,13.70,13.70,23
2014-04-09,13.20,13.20,13.05,13.10,2441
2014-04-10,12.85,13.00,12.80,13.00,6
2014-04-11,13.00,13.00,13.00,13.00,40
2014-04-15,13.00,13.10,12.70,13.10,1665
2014-04-16,12.45,13.05,12.45,13.05,960
2014-04-17,13.15,13.15,13.15,13.15,599
2014-04-21,13.30,13.30,13.30,13.30,200
2014-04-22,13.25,13.25,13.25,13.25,1600
2014-04-23,13.25,13.25,13.25,13.25,500
2014-05-02,13.15,13.15,13.15,13.15,2000
2014-05-06,13.00,13.00,13.00,13.00,100
2014-05-09,13.50,13.50,13.10,13.10,1105
2014-05-12,12.55,12.55,12.55,12.55,50
2014-05-13,12.55,12.55,12.55,12.55,300
2014-05-14,11.70,12.25,11.70,12.25,532
2014-05-15,12.50,13.25,12.50,13.25,450
2014-05-16,12.75,12.85,12.75,12.85,221
2014-05-19,13.50,14.10,13.50,14.00,998
2014-05-20,14.90,15.10,14.85,15.10,1000
2014-05-21,14.85,14.90,14.85,14.90,105
2014-05-22,15.20,15.25,15.20,15.25,475
2014-05-23,15.05,16.75,15.05,16.55,3640
2014-05-26,17.25,17.25,16.55,16.55,1950
2014-05-27,15.85,15.85,15.75,15.75,1687
2014-05-28,15.15,15.90,15.15,15.35,1318
2014-05-29,15.15,15.15,15.15,15.15,150
2014-05-30,15.25,15.25,14.70,14.75,1446
2014-06-02,15.35,15.40,15.25,15.30,762
2014-06-03,15.00,15.00,14.55,14.60,1175
2014-06-04,14.00,14.05,14.00,14.05,3962
2014-06-05,14.35,14.70,14.30,14.70,3575
2014-06-06,14.80,15.25,14.70,15.20,1531
2014-06-09,15.70,15.70,15.50,15.70,1797
2014-06-10,15.30,15.30,15.25,15.25,601
2014-06-11,15.80,16.00,15.55,16.00,4076
2014-06-12,16.35,16.80,15.85,16.80,9799
2014-06-13,16.35,17.50,16.15,16.15,4297
2014-06-16,16.60,16.95,16.30,16.95,9250
2014-06-17,17.30,17.75,17.30,17.70,9214
2014-06-18,17.10,18.30,17.10,17.95,7708
2014-06-19,18.00,18.40,17.30,17.95,1426
2014-06-20,18.20,18.80,17.10,18.65,6696
2014-06-23,19.20,19.20,18.00,18.50,4960
2014-06-24,19.25,19.30,18.00,18.55,3160
2014-06-25,18.95,19.00,17.85,17.95,1510
2014-06-26,17.35,17.35,17.10,17.10,681
2014-06-27,16.55,16.95,16.30,16.50,1255
2014-06-30,16.30,17.25,16.30,17.00,2310
2014-07-01,17.00,17.50,16.80,17.50,375
2014-07-02,17.15,17.15,16.70,16.75,1410
2014-07-03,17.40,17.55,16.65,17.40,1688
2014-07-04,17.35,17.35,17.00,17.05,3104
2014-07-07,17.00,17.90,16.75,16.90,4600
2014-07-08,16.90,16.90,16.70,16.70,600
2014-07-09,15.70,17.95,15.70,17.70,1350
2014-07-10,16.15,17.45,16.15,17.45,900
2014-07-11,16.00,18.65,16.00,18.30,1363
2014-07-14,18.50,19.45,17.80,17.80,12467
2014-07-15,16.75,17.50,16.75,17.00,306
2014-07-17,17.00,17.00,16.00,16.50,6928
2014-07-21,17.50,18.15,17.50,18.15,1844
2014-07-22,19.50,19.50,18.65,18.95,2425
2014-07-23,18.35,19.00,17.70,18.80,3456
2014-07-24,18.90,19.40,18.75,19.05,2589
2014-07-25,18.75,18.75,18.70,18.70,600
2014-07-28,17.65,18.80,17.55,18.15,1978
2014-07-31,18.55,18.75,18.55,18.60,1319
2014-08-01,18.30,18.30,18.30,18.30,100
2014-08-04,18.30,19.70,18.30,18.95,638
2014-08-05,19.00,19.00,16.40,16.85,3720
2014-08-06,18.50,18.50,17.05,17.10,1118
2014-08-07,17.05,17.30,17.05,17.30,150
2014-08-08,17.40,18.75,17.05,18.00,5000
2014-08-11,18.20,18.70,18.20,18.65,1000
2014-08-12,18.70,18.70,18.70,18.70,100
2014-08-14,19.25,22.40,18.20,22.40,25115
2014-08-18,25.25,26.35,24.10,25.20,56303
2014-08-19,26.00,30.20,26.00,30.20,131547
2014-08-20,31.35,32.20,27.20,27.30,91597
2014-08-21,27.40,29.00,25.00,27.30,52936
2014-08-22,29.50,29.50,26.00,26.90,4846
2014-08-25,26.90,27.80,26.05,27.55,6835
2014-08-26,27.70,27.80,26.25,27.40,5982
2014-08-27,27.00,29.20,25.65,28.65,37901
2014-08-28,29.85,30.35,26.05,27.60,29512
2014-09-01,28.50,28.50,25.15,27.65,9615
2014-09-02,28.35,28.40,25.85,26.10,20856
2014-09-03,26.95,26.95,25.30,25.50,13286
2014-09-04,25.25,26.60,24.80,25.40,4150
2014-09-05,26.40,26.40,25.05,25.80,15436
2014-09-08,26.70,28.40,25.80,27.05,5931
2014-09-09,26.50,27.40,25.60,27.05,6087
2014-09-10,28.95,29.00,27.50,28.85,30383
2014-09-11,28.95,34.60,28.75,33.95,139471
2014-09-12,34.00,36.90,33.25,34.05,56146
2014-09-15,36.00,36.00,32.60,33.25,20819
2014-09-16,34.50,35.85,30.10,30.95,18672
2014-09-17,32.10,34.00,29.10,32.00,17554
2014-09-18,31.50,33.90,29.65,31.85,13205
2014-09-19,33.80,34.45,31.00,33.00,21349
2014-09-22,35.90,35.90,32.50,34.95,22542
2014-09-23,34.50,35.30,32.50,33.20,7556
2014-09-24,32.70,32.70,30.50,31.70,7576
2014-09-25,31.00,37.95,28.20,32.40,16257
2014-09-26,31.50,32.00,30.00,31.75,2994
2014-09-29,32.00,35.10,32.00,34.85,24842
2014-09-30,34.30,35.00,34.10,35.00,1352
2014-10-01,34.55,34.55,33.15,33.20,2407
2014-10-07,32.80,32.80,30.40,31.00,5171
2014-10-08,31.40,32.50,30.90,31.85,400
2014-10-09,32.10,32.30,30.55,31.85,3450
2014-10-10,31.50,31.50,28.30,29.85,4424
2014-10-13,29.50,29.50,28.10,28.75,2133
2014-10-14,29.00,29.15,27.00,27.55,12130
2014-10-16,27.00,28.00,25.80,26.40,5522
2014-10-17,26.00,28.00,25.05,27.30,5411
2014-10-20,28.95,30.00,26.50,26.70,396
2014-10-21,26.50,27.80,26.00,26.65,9619
2014-10-22,29.40,31.95,27.00,31.95,17718
2014-10-23,35.70,35.70,30.15,31.10,8223
2014-10-27,30.95,32.75,28.75,31.95,13731
2014-10-28,31.50,34.80,30.70,32.20,33727
2014-10-29,31.80,32.15,30.35,31.00,5054
2014-10-30,31.00,33.00,30.05,32.55,7496
2014-10-31,32.50,34.00,32.00,33.55,17820
2014-11-03,32.95,33.75,31.75,32.80,10591
2014-11-05,34.95,36.20,31.55,35.35,27558
2014-11-07,36.60,41.20,35.30,39.90,75276
2014-11-10,41.85,42.00,39.00,40.60,34926
2014-11-11,42.90,42.90,39.00,41.00,24882
2014-11-12,40.15,41.90,37.35,38.90,20370
2014-11-13,44.75,44.75,39.00,40.30,30572
2014-11-14,39.50,39.95,36.40,38.55,15025
2014-11-17,38.00,38.50,33.80,37.15,16706
2014-11-18,39.00,44.55,39.00,44.55,24687
2014-11-19,46.90,47.80,38.65,40.65,85848
2014-11-20,41.85,41.85,39.00,40.85,10916
2014-11-21,40.50,41.75,38.55,38.75,8292
2014-11-24,39.40,40.70,38.50,39.00,11044
2014-11-25,38.55,39.50,35.15,35.90,25139
2014-11-26,35.00,38.00,34.10,37.05,5749
2014-11-27,36.20,40.00,36.05,38.70,10527
2014-11-28,38.20,39.60,36.75,37.00,4157
2014-12-01,36.55,41.80,34.50,38.55,24515
2014-12-02,38.00,39.50,36.60,37.25,6953
2014-12-03,37.60,38.00,36.05,37.25,6752
2014-12-04,37.10,38.95,35.60,38.15,4095
2014-12-05,38.00,39.30,36.20,37.20,4927
2014-12-08,36.80,37.20,35.60,36.55,3569
2014-12-09,36.20,38.70,33.65,35.00,13043
2014-12-10,34.70,36.80,34.70,36.40,9063
2014-12-11,36.10,36.10,34.15,35.15,3403
2014-12-12,34.90,35.00,33.20,34.00,5545
2014-12-15,33.70,34.20,32.15,33.10,6148
2014-12-16,32.50,32.50,30.00,30.45,12665
2014-12-17,30.00,33.75,27.70,29.00,6116
2014-12-18,31.30,32.70,30.55,32.00,3570
2014-12-19,35.50,35.50,29.70,32.00,418
2014-12-22,32.10,33.00,31.00,32.80,1699
2014-12-23,34.30,34.30,31.80,32.55,4443
2014-12-24,35.45,35.45,30.10,30.75,5275
2014-12-26,35.25,35.25,30.05,31.00,5135
2014-12-29,31.10,32.50,31.10,31.35,3382
2014-12-30,34.40,34.50,31.05,32.45,5216
2014-12-31,34.40,34.40,30.70,31.85,6210
2015-01-01,31.50,33.00,30.05,32.80,649
2015-01-02,33.40,35.00,32.75,33.30,8435
2015-01-05,34.10,35.60,34.00,34.65,5854
2015-01-06,34.00,34.45,32.05,33.40,2023
2015-01-07,33.00,33.00,32.00,32.90,1772
2015-01-08,39.40,39.40,32.85,33.15,3867
2015-01-09,33.20,33.80,33.15,33.80,543
2015-01-12,33.00,33.40,31.00,31.65,4010
2015-01-13,32.95,32.95,31.60,31.65,2171
2015-01-14,31.60,33.40,30.00,31.90,1829
2015-01-15,31.35,33.00,31.00,31.05,3473
2015-01-16,33.50,33.50,30.40,32.05,1389
2015-01-19,33.80,33.80,30.35,32.45,3508
2015-01-20,32.45,33.00,32.20,33.00,1969
2015-01-21,32.70,34.45,31.85,32.25,2920
2015-01-22,32.00,32.70,30.65,32.50,1375
2015-01-23,32.00,32.25,30.50,31.90,10423
2015-01-27,32.50,33.40,32.00,32.60,3152
2015-01-28,32.50,32.90,31.15,32.75,6469
2015-01-29,33.35,33.35,31.10,32.15,2315
2015-01-30,32.95,33.00,30.50,32.00,10877
2015-02-02,31.80,31.80,30.35,30.90,3806
2015-02-03,30.90,32.95,30.85,32.30,11702
2015-02-04,32.00,32.30,30.75,31.20,12352
2015-02-05,31.00,32.00,30.55,31.50,1523
2015-02-06,31.00,31.50,29.70,29.80,4745
2015-02-09,31.00,31.05,29.00,31.05,306
2015-02-10,31.25,32.30,30.80,31.80,2084
2015-02-11,29.35,30.00,26.10,27.20,36387
2015-02-12,29.70,29.70,26.50,27.05,8065
2015-02-13,27.95,28.00,24.25,24.45,11946
2015-02-16,25.90,25.90,23.70,24.80,3673
2015-02-18,23.00,25.85,22.85,23.90,5091
2015-02-19,24.00,24.95,23.15,24.70,2938
2015-02-20,25.55,25.55,24.00,24.45,8095
2015-02-23,27.75,27.75,24.50,25.90,18394
2015-02-24,26.00,26.00,24.50,25.00,1097
2015-02-25,25.20,25.70,25.00,25.70,1162
2015-02-26,26.00,26.00,23.70,23.80,1843
2015-02-27,25.00,25.50,23.90,24.50,3450
2015-02-28,25.90,26.50,23.50,24.05,9710
2015-03-02,24.00,24.10,24.00,24.10,2460
2015-03-03,23.80,24.10,23.15,23.65,2671
2015-03-04,23.40,24.30,22.60,24.15,5358
2015-03-05,23.70,23.90,22.60,23.00,10162
2015-03-09,22.85,22.85,21.40,22.35,3061
2015-03-10,22.85,22.85,22.00,22.55,2262
2015-03-11,22.55,24.00,22.55,23.90,3831
2015-03-12,24.00,24.00,23.00,24.00,853
2015-03-13,23.70,23.70,22.65,22.75,3695
2015-03-16,23.00,23.00,21.50,21.55,2159
2015-03-17,21.20,21.75,21.00,21.50,1771
2015-03-18,22.00,22.00,21.50,21.50,6456
2015-03-19,21.50,22.10,21.00,21.55,1403
2015-03-20,22.65,22.65,21.00,21.00,2851
2015-03-23,20.70,22.70,20.70,21.50,3321
2015-03-24,20.70,22.45,20.60,21.00,2867
2015-03-25,20.80,21.00,20.10,20.50,1945
2015-03-26,20.40,21.85,20.40,20.40,42435
2015-03-27,20.30,20.30,19.00,20.00,4962
2015-03-30,21.80,21.80,20.95,21.00,603
2015-03-31,20.60,22.50,20.60,22.10,5188
2015-04-01,21.90,22.70,21.50,22.40,240
2015-04-06,23.35,23.35,22.15,22.50,2887
2015-04-07,23.45,23.45,23.00,23.00,65
2015-04-08,23.65,24.35,23.00,23.30,2001
2015-04-09,23.00,24.50,22.20,24.35,1006
2015-04-10,25.30,25.30,22.90,22.95,6716
2015-04-13,24.00,24.50,22.60,23.40,4853
2015-04-15,23.10,23.60,22.30,22.95,10173
2015-04-16,22.95,23.60,22.95,23.50,1082
2015-04-17,23.85,24.15,23.40,24.00,3331
2015-04-20,24.90,24.90,22.65,22.95,6924
2015-04-21,24.00,24.00,21.20,22.10,1214
2015-04-22,21.50,23.75,21.50,22.10,2578
2015-04-23,22.90,22.90,22.15,22.60,7
2015-04-24,22.00,23.00,21.75,21.75,3691
2015-04-27,20.40,24.00,20.30,21.40,651
2015-04-28,25.25,25.25,22.00,22.75,1136
2015-04-29,23.00,24.80,20.55,21.25,1688
2015-04-30,21.00,21.95,20.05,20.70,513
2015-05-04,22.10,24.80,20.55,21.50,4854
2015-05-05,21.50,22.50,21.50,21.65,3173
2015-05-06,21.15,21.85,21.15,21.85,105
2015-05-07,22.50,22.50,21.10,21.10,11
2015-05-08,21.30,22.90,21.20,22.65,2201
2015-05-11,23.90,23.90,21.40,22.70,1123
2015-05-12,22.70,22.70,21.30,22.00,437
2015-05-13,22.25,22.25,21.10,22.25,234
2015-05-14,24.00,24.00,21.00,21.15,2581
2015-05-15,23.70,23.70,21.50,21.50,739
2015-05-18,23.50,23.50,20.15,21.55,913
2015-05-19,21.50,21.80,21.05,21.05,426
2015-05-20,21.05,21.80,21.05,21.50,1511
2015-05-21,22.00,22.45,22.00,22.15,622
2015-05-22,22.50,22.50,21.35,21.55,2501
2015-05-25,22.00,22.40,22.00,22.10,205
2015-05-26,21.70,22.55,21.05,22.55,66
2015-05-27,22.00,23.20,21.00,22.60,1129
2015-05-28,23.00,23.80,23.00,23.00,45
2015-05-29,23.60,23.60,21.40,22.00,1379
2015-06-01,22.00,24.50,22.00,24.00,6283
2015-06-02,27.00,27.00,21.80,23.50,3426
2015-06-03,24.00,26.00,19.00,21.50,6331
2015-06-04,21.90,23.60,19.60,21.55,10417
2015-06-05,23.95,23.95,22.50,23.05,1382
2015-06-08,23.00,23.50,22.20,22.90,1732
2015-06-09,24.90,24.90,19.30,20.10,6515
2015-06-10,21.90,23.00,20.65,22.60,3514
2015-06-11,22.75,23.00,21.65,21.65,1899
2015-06-12,22.60,23.85,20.85,21.30,3066
2015-06-15,21.25,23.00,21.00,21.00,798
2015-06-16,21.00,22.40,21.00,21.00,957
2015-06-17,21.00,22.25,21.00,22.00,202
2015-06-18,21.50,22.00,20.40,21.55,3662
2015-06-19,21.05,21.75,21.00,21.05,308
2015-06-22,22.50,22.50,20.80,21.05,977
2015-06-23,22.95,22.95,20.05,20.45,954
2015-06-24,20.50,22.20,20.50,21.55,331
2015-06-25,22.35,23.35,21.15,22.15,881
2015-06-26,21.70,22.00,21.10,21.95,83
2015-06-30,21.70,22.80,20.45,22.00,177
2015-07-01,22.00,22.40,22.00,22.00,52
2015-07-02,23.00,23.80,22.00,22.90,106
2015-07-03,22.50,22.50,21.70,21.95,403
2015-07-06,22.00,23.50,22.00,23.40,982
2015-07-07,23.50,25.35,23.50,24.95,8080
2015-07-08,24.00,27.45,23.60,25.50,9385
2015-07-09,27.30,27.30,24.40,25.80,849
2015-07-10,26.00,28.00,23.70,24.80,815
2015-07-13,24.10,27.50,24.10,24.35,1420
2015-07-14,25.60,26.00,25.10,26.00,2652
2015-07-15,25.40,27.60,25.05,27.20,1134
2015-07-16,27.00,27.95,26.05,26.65,3643
2015-07-17,26.05,26.90,25.60,26.10,2339
2015-07-20,26.85,26.85,25.65,26.45,20205
2015-07-21,27.45,27.45,26.85,26.85,1080
2015-07-22,27.20,27.20,25.20,25.50,1163
2015-07-23,27.00,27.00,24.00,24.40,1291
2015-07-24,26.50,28.90,24.70,27.90,13763
2015-07-27,27.80,30.00,27.30,27.70,6278
2015-07-28,27.70,28.90,27.70,28.60,2102
2015-07-29,29.00,30.85,27.05,29.50,8106
2015-07-30,31.00,31.90,29.55,31.10,16588
2015-07-31,30.55,31.00,30.00,30.40,3905
2015-08-03,30.30,31.65,28.50,31.50,5399
2015-08-04,31.90,32.80,31.00,32.40,4894
2015-08-05,32.90,35.90,32.40,34.05,39118
2015-08-06,34.50,34.50,32.00,33.35,8824
2015-08-07,33.00,33.90,31.00,32.00,1903
2015-08-10,32.50,34.00,30.65,31.45,3850
2015-08-11,31.00,33.25,30.00,31.35,518
2015-08-12,31.00,31.00,27.40,29.65,3185
2015-08-13,29.00,29.35,27.30,28.25,1575
2015-08-14,28.90,28.90,26.00,27.15,7263
2015-08-17,26.40,32.00,24.70,28.00,10642
2015-08-18,28.95,29.00,28.15,28.50,1553
2015-08-19,31.70,31.70,26.60,27.80,15743
2015-08-20,27.15,28.45,26.30,27.25,58164
2015-08-21,26.50,27.95,25.15,27.10,12718
2015-08-24,26.50,26.50,22.30,23.50,1820
2015-08-25,23.00,25.25,19.20,23.00,5123
2015-08-26,25.60,25.60,24.00,24.00,2830
2015-08-27,23.90,27.60,23.90,25.65,7767
2015-08-28,28.00,28.00,24.15,25.20,2396
2015-08-31,25.00,25.90,23.55,25.00,8332
2015-09-01,25.00,25.50,23.25,24.50,4500
2015-09-02,24.90,24.90,22.80,24.75,311
2015-09-03,24.20,24.20,23.55,24.00,1736
2015-09-04,23.50,25.00,22.15,24.75,8653
2015-09-07,24.05,24.05,22.50,24.00,510
2015-09-08,23.70,25.00,22.90,24.65,627
2015-09-09,25.00,25.00,23.00,23.70,12693
2015-09-10,24.55,24.55,23.30,23.30,8909
2015-09-11,23.20,24.50,23.20,23.75,1867
2015-09-14,23.00,24.30,22.65,24.10,246
2015-09-15,23.60,24.70,23.10,24.10,693
2015-09-16,24.90,24.90,22.85,24.75,692
2015-09-18,27.40,27.40,24.35,25.15,5081
2015-09-22,25.15,27.50,24.60,24.95,8998
2015-09-23,24.60,26.90,23.85,25.45,1204
2015-09-24,26.00,27.05,25.35,26.10,7475
2015-09-28,27.50,30.00,25.00,26.00,3045
2015-09-29,25.60,26.90,25.50,26.10,498
2015-09-30,27.90,27.90,25.75,26.25,3172
2015-10-01,26.00,29.65,25.00,27.60,11175
2015-10-05,30.00,30.00,28.05,29.00,2895
2015-10-06,28.50,29.00,27.05,28.85,562
2015-10-07,32.50,32.50,28.00,29.35,3413
2015-10-08,28.70,30.80,27.60,27.75,1195
2015-10-09,30.00,30.00,26.35,27.15,469
2015-10-12,28.60,29.80,28.50,29.00,1683
2015-10-13,28.60,29.95,28.00,29.65,1517
2015-10-14,29.95,29.95,27.65,28.90,7901
2015-10-15,28.90,28.90,26.70,27.55,2397
2015-10-16,28.50,33.00,26.20,29.15,19661
2015-10-19,29.00,31.85,29.00,30.50,2524
2015-10-20,30.50,30.50,28.90,29.25,712
2015-10-21,30.45,30.45,28.25,29.00,502
2015-10-23,30.50,30.50,27.20,28.35,2500
2015-10-26,29.30,29.30,27.10,28.70,763
2015-10-27,30.85,30.85,29.80,29.85,21
2015-10-28,33.50,33.50,29.65,30.25,2066
2015-10-29,33.00,33.00,29.70,30.60,1997
2015-10-30,30.00,32.00,27.15,29.65,7424
2015-11-02,29.00,29.00,27.65,28.70,941
2015-11-03,30.00,30.85,27.50,28.20,1635
2015-11-04,28.00,29.60,26.20,27.85,2428
2015-11-05,27.50,29.20,26.25,27.50,1725
2015-11-06,27.00,29.00,24.75,26.40,7806
2015-11-09,25.65,31.65,25.65,31.65,34795
2015-11-10,33.20,35.00,33.00,33.25,85006
2015-11-11,34.60,35.00,32.60,33.85,12917
2015-11-13,34.00,38.80,32.00,37.25,29850
2015-11-16,39.40,43.00,35.10,39.60,55477
2015-11-17,42.40,42.40,37.15,38.75,34145
2015-11-18,38.75,39.55,36.10,37.55,12722
2015-11-19,40.00,40.00,37.30,38.90,14639
2015-11-20,40.80,40.80,36.75,37.10,9698
2015-11-23,38.60,39.90,36.00,37.95,14517
2015-11-24,39.30,40.70,37.60,39.55,25687
2015-11-26,41.70,43.50,41.70,43.50,33729
2015-11-27,47.85,47.85,44.10,47.85,119461
2015-11-30,52.20,52.60,50.20,52.15,151789
2015-12-01,53.20,53.25,49.55,49.55,30458
2015-12-02,47.10,49.00,47.10,47.40,45346
2015-12-03,46.30,49.75,46.15,49.75,95043
2015-12-04,50.00,50.00,47.30,47.35,35042
2015-12-07,46.50,49.60,45.40,46.00,18640
2015-12-08,47.20,47.20,44.10,45.00,19345
2015-12-09,44.10,44.25,42.75,42.75,8659
2015-12-10,40.65,43.40,40.65,42.65,19585
2015-12-11,44.35,44.35,41.30,41.75,6367
2015-12-14,40.00,43.50,40.00,42.60,6097
2015-12-15,42.95,43.60,42.10,42.70,1644
2015-12-16,43.70,44.80,42.70,44.50,5888
2015-12-17,45.20,46.70,43.60,46.70,16639
2015-12-18,48.70,49.00,46.45,47.15,58597
2015-12-21,46.70,48.25,45.20,47.45,10392
2015-12-22,47.65,48.75,46.60,47.15,7568
2015-12-23,48.30,48.30,46.20,47.40,5506
2015-12-24,47.00,47.90,45.80,46.60,10569
2015-12-28,46.90,48.90,46.00,47.30,5614
2015-12-29,46.20,48.60,46.20,46.85,8704
2015-12-30,45.35,47.00,45.35,45.70,1395
2015-12-31,45.65,47.20,45.50,46.30,6516
2016-01-01,46.50,50.10,46.10,49.15,11483
2016-01-04,49.50,52.00,47.50,50.85,19471
2016-01-05,51.00,55.90,51.00,55.90,71454
2016-01-06,58.00,61.45,58.00,61.45,164331
2016-01-07,63.70,63.70,58.70,61.05,65275
2016-01-08,60.55,64.10,60.55,64.10,50827
2016-01-11,66.50,67.30,64.50,67.30,35338
2016-01-12,70.30,70.65,69.05,70.65,73341
2016-01-13,71.05,73.40,67.15,68.20,77868
2016-01-14,68.20,68.20,64.80,65.00,36848
2016-01-15,62.40,68.00,61.75,61.75,28626
2016-01-18,59.30,60.85,58.70,60.00,39467
2016-01-19,63.00,63.00,59.20,62.95,19253
2016-01-20,61.15,63.00,60.00,60.80,25805
2016-01-21,62.95,62.95,58.00,58.75,10159
2016-01-22,61.65,61.65,60.65,61.65,16059
2016-01-25,64.00,64.70,63.00,64.70,36115
2016-01-27,67.30,67.90,66.00,67.90,20102
2016-01-28,70.45,71.25,69.10,71.25,40917
2016-01-29,74.75,74.80,72.00,74.80,52131
2016-02-01,77.90,78.50,76.50,78.50,43013
2016-02-02,79.90,82.40,75.00,80.85,74289
2016-02-03,77.60,78.70,76.85,76.85,39773
2016-02-04,78.00,78.50,73.05,73.05,57666
2016-02-05,73.00,74.90,69.40,70.60,21107
2016-02-08,67.10,69.70,67.10,67.10,41649
2016-02-09,63.75,66.90,63.75,64.05,11470
2016-02-10,64.05,65.90,61.50,63.80,14279
2016-02-11,66.40,66.40,60.65,60.65,15870
2016-02-12,60.65,60.65,57.65,57.65,4604
2016-02-15,60.00,60.50,54.80,54.95,14405
2016-02-16,55.90,55.90,52.25,52.25,16398
2016-02-17,53.40,53.40,49.65,51.60,8228
2016-02-18,53.70,54.15,50.50,54.15,2328
2016-02-19,56.75,56.85,54.75,56.85,5303
2016-02-22,59.40,59.65,58.90,59.65,4786
2016-02-23,62.60,62.60,59.35,60.20,16548
2016-02-24,60.00,61.20,57.20,57.35,5471
2016-02-25,57.60,58.85,54.50,54.50,3905
2016-02-26,55.50,56.05,51.80,52.10,15038
2016-02-29,54.00,54.00,49.50,50.00,6246
2016-03-01,51.60,52.50,49.50,52.50,9950
2016-03-02,55.10,55.10,55.10,55.10,4188
2016-03-03,57.80,57.85,57.00,57.85,11403
2016-03-04,57.20,58.00,55.00,55.00,12515
2016-03-08,54.90,54.90,52.65,53.80,5220
2016-03-09,53.95,53.95,51.15,51.35,11431
2016-03-10,51.30,52.20,50.00,51.15,4640
2016-03-11,51.40,53.70,51.10,52.90,10964
2016-03-14,53.70,55.45,52.30,54.00,2833
2016-03-15,53.95,55.95,51.30,51.40,2322
2016-03-16,50.10,52.45,50.00,51.55,6124
2016-03-17,53.50,54.05,50.05,51.45,2997
2016-03-18,51.50,52.50,49.25,50.00,3964
2016-03-21,51.95,51.95,49.10,50.00,6553
2016-03-22,49.95,51.50,49.35,49.65,5721
2016-03-23,48.40,49.40,48.10,48.70,1824
2016-03-28,48.65,49.80,47.30,47.35,4378
2016-03-29,47.30,49.60,45.00,45.15,4284
2016-03-30,44.30,46.00,42.90,42.90,12784
2016-03-31,42.90,45.00,41.80,43.00,20456
2016-04-01,42.90,45.15,42.15,45.15,6571
2016-04-04,45.30,47.40,45.30,47.35,8046
2016-04-05,46.25,49.70,46.25,49.70,13691
2016-04-06,52.00,52.15,50.80,52.15,6501
2016-04-07,54.50,54.75,53.05,54.75,6137
2016-04-08,54.80,57.40,52.50,53.00,5310
2016-04-11,55.00,55.00,53.00,53.20,5274
2016-04-12,53.15,54.80,52.90,54.35,8056
2016-04-13,52.10,56.00,52.10,52.55,4472
2016-04-18,52.50,52.95,51.00,52.20,1770
2016-04-20,50.50,54.70,50.50,53.50,10542
2016-04-21,55.90,55.90,52.60,52.70,2712
2016-04-22,52.65,53.35,50.20,51.45,6088
2016-04-25,49.70,50.95,49.70,50.40,985
2016-04-26,49.80,51.35,49.35,49.95,3008
2016-04-27,49.90,51.45,49.50,49.65,4917
2016-04-28,51.80,51.90,48.35,49.85,8176
2016-04-29,49.80,51.90,49.80,51.50,8571
2016-05-02,50.35,53.45,50.35,51.25,5178
2016-05-03,50.30,53.00,49.75,50.35,3148
2016-05-04,51.30,52.85,48.10,50.10,7768
2016-05-05,48.55,50.50,48.55,48.90,1315
2016-05-06,44.10,52.90,44.10,48.45,708
2016-05-09,52.65,52.70,45.55,48.10,4395
2016-05-10,48.15,50.75,48.00,48.10,12611
2016-05-11,47.10,50.00,47.10,49.10,4201
2016-05-12,47.65,50.50,47.65,48.90,3232
2016-05-13,48.90,49.75,47.25,48.00,3526
2016-05-16,49.95,50.00,46.00,46.15,6746
2016-05-17,47.80,47.80,43.25,44.00,11490
2016-05-18,43.60,45.35,42.50,45.35,20821
2016-05-19,45.35,47.00,44.80,45.00,19094
2016-05-20,45.00,46.00,45.00,45.15,15680
2016-05-23,46.40,46.50,45.50,46.00,2730
2016-05-24,45.00,46.20,45.00,45.95,8448
2016-05-25,46.00,47.00,41.40,44.20,9269
2016-05-26,44.00,46.75,44.00,45.30,4873
2016-05-27,46.00,48.00,46.00,47.35,8827
2016-05-30,48.00,51.00,46.30,46.95,7016
2016-05-31,44.50,51.60,44.50,51.60,34780
2016-06-01,54.00,54.25,49.55,52.05,13040
2016-06-02,50.15,56.75,50.15,55.90,15447
2016-06-03,57.00,60.00,55.00,56.85,32309
2016-06-06,57.50,60.80,52.20,59.35,25975
2016-06-07,59.80,64.30,59.80,63.60,52677
2016-06-08,63.60,64.95,60.25,61.00,27164
2016-06-09,60.45,62.00,59.00,59.15,5869
2016-06-10,57.00,64.90,55.60,61.80,42432
2016-06-13,61.75,74.15,61.50,74.15,158559
2016-06-14,81.40,86.90,75.35,77.90,258273
2016-06-15,79.90,80.15,72.20,73.10,70102
2016-06-16,71.40,76.20,70.60,72.45,37349
2016-06-17,73.15,86.90,73.15,86.90,294852
2016-06-20,90.20,93.70,86.00,88.05,294341
2016-06-21,88.50,89.00,82.00,84.30,49348
2016-06-22,81.00,86.70,77.30,81.65,21691
2016-06-23,81.00,81.60,76.55,78.50,19141
2016-06-24,74.50,74.50,70.65,70.85,85832
2016-06-27,69.00,77.90,69.00,77.90,71916
2016-06-28,80.50,83.90,78.15,78.60,79024
2016-06-29,78.60,79.60,77.00,78.05,15528
2016-06-30,77.00,81.00,77.00,78.75,19502
2016-07-01,77.05,79.50,77.05,78.35,8496
2016-07-04,77.70,79.70,74.30,76.30,22533
2016-07-05,76.90,78.75,74.00,74.35,13428
2016-07-07,74.10,77.30,70.30,75.35,13537
2016-07-08,74.50,74.90,70.80,72.60,8160
2016-07-11,72.35,79.85,72.35,79.85,46265
2016-07-12,82.05,84.45,77.00,77.40,49782
2016-07-13,77.40,78.85,75.80,76.55,5817
2016-07-14,75.15,77.40,75.10,75.80,7209
2016-07-15,76.00,80.00,75.10,76.15,7763
2016-07-18,75.60,82.00,75.00,78.40,47828
2016-07-19,78.45,79.45,77.25,78.35,4754
2016-07-20,80.00,80.50,77.40,78.10,4995
2016-07-21,78.10,80.95,73.60,74.90,9887
2016-07-22,73.35,75.90,73.35,74.30,5947
2016-07-25,74.00,77.00,74.00,74.95,6882
2016-07-26,74.50,77.00,74.50,75.25,7666
2016-07-27,75.90,75.90,74.00,74.30,2324
2016-07-28,74.30,75.45,73.00,73.10,5220
2016-07-29,75.00,75.40,70.60,71.50,9185
2016-08-01,72.35,72.90,65.10,69.25,14800
2016-08-02,69.25,70.00,65.30,68.10,12383
2016-08-03,67.15,68.00,63.50,64.25,9919
2016-08-04,66.00,66.70,64.05,65.15,5779
2016-08-05,65.15,75.70,65.15,70.10,44252
2016-08-08,72.50,72.50,65.90,66.80,20959
2016-08-09,66.80,69.95,66.80,68.40,2242
2016-08-10,69.95,69.95,65.45,66.70,4168
2016-08-11,66.00,66.00,59.10,62.90,43089
2016-08-12,63.45,63.45,60.40,61.00,4004
2016-08-16,60.55,62.00,59.00,59.50,6142
2016-08-17,61.00,61.70,57.25,57.65,3219
2016-08-18,57.65,60.75,57.00,60.35,13345
2016-08-19,62.50,65.20,61.15,64.50,25029
2016-08-22,64.50,66.00,61.10,63.85,16751
2016-08-23,63.40,63.95,61.40,62.70,8725
2016-08-24,62.00,62.00,60.30,61.05,5298
2016-08-25,61.00,61.65,60.30,60.50,2992
2016-08-26,60.50,60.55,59.20,59.80,1295
2016-08-29,59.10,71.75,57.75,71.40,83609
2016-08-30,73.00,73.00,65.40,66.55,48556
2016-08-31,68.75,68.75,61.20,62.50,21729
2016-09-01,61.50,64.70,61.50,63.80,9040
2016-09-02,63.05,65.00,62.00,63.40,9602
2016-09-06,62.40,65.45,62.15,63.10,8353
2016-09-07,64.00,64.30,63.00,63.75,6468
2016-09-08,63.00,71.00,62.75,69.15,23525
2016-09-09,69.50,69.50,66.05,67.30,7018
2016-09-12,66.00,67.45,63.80,65.40,3745
2016-09-14,66.00,66.00,63.20,64.30,4284
2016-09-15,63.70,64.50,63.00,63.10,3223
2016-09-16,63.10,74.75,63.10,66.10,77021
2016-09-19,66.05,68.60,65.00,66.40,5573
2016-09-20,66.00,66.95,64.60,66.40,5561
2016-09-21,66.20,67.90,64.00,65.80,5820
2016-09-22,66.25,67.15,65.55,66.30,4406
2016-09-23,69.00,72.50,65.05,66.60,18895
2016-09-26,66.60,67.00,63.90,66.65,7816
2016-09-27,65.10,67.35,64.55,65.80,4740
2016-09-28,65.80,67.25,63.00,63.55,14704
2016-09-29,64.35,65.95,60.50,61.85,10175
2016-09-30,61.00,62.90,60.05,61.05,9504
2016-10-03,61.00,65.00,61.00,64.35,10003
2016-10-04,65.30,65.30,63.10,63.60,2177
2016-10-05,64.50,66.50,63.05,64.30,2384
2016-10-06,63.55,64.95,62.55,64.20,7721
2016-10-07,63.30,64.45,62.05,62.55,4424
2016-10-10,65.10,65.95,62.70,63.55,3803
2016-10-13,64.50,65.90,62.25,62.50,4394
2016-10-14,65.45,69.40,60.00,68.25,35049
2016-10-17,72.85,81.90,68.05,74.55,367475
2016-10-18,77.50,77.50,72.75,73.40,29388
2016-10-19,73.00,74.35,69.50,70.40,23207
2016-10-20,71.00,73.10,70.35,71.65,4730
2016-10-21,70.20,72.40,69.00,69.55,15921
2016-10-24,70.00,73.75,69.00,72.60,16506
2016-10-25,71.00,74.00,70.50,71.90,8755
2016-10-26,71.00,72.40,68.40,69.40,3016
2016-10-27,69.10,69.15,65.60,66.05,18812
2016-10-28,66.00,74.00,65.50,71.55,52608
2016-11-01,71.00,80.45,69.15,72.85,143406
2016-11-02,71.00,73.75,71.00,72.15,13399
2016-11-03,71.00,73.85,67.95,68.90,12663
2016-11-04,70.90,70.90,65.65,66.55,13786
2016-11-07,68.05,72.00,67.60,68.75,7233
2016-11-08,68.90,69.85,65.60,67.95,5496
2016-11-09,59.30,69.00,56.30,67.25,12800
2016-11-10,71.00,71.00,65.60,68.95,5029
2016-11-11,68.95,68.95,65.00,65.20,2888
2016-11-15,72.50,75.00,68.10,73.10,116845
2016-11-16,73.10,76.00,71.05,74.35,40449
2016-11-17,74.95,81.00,71.40,79.10,78591
2016-11-18,80.00,84.95,78.00,79.25,85874
2016-11-21,78.00,92.00,72.15,89.35,259701
2016-11-22,93.00,94.50,84.50,85.75,195933
2016-11-23,85.75,88.80,82.50,85.65,41701
2016-11-24,84.90,91.40,84.90,86.80,65906
2016-11-25,89.65,90.00,86.60,88.30,53960
2016-11-28,87.00,105.95,86.90,102.80,698194
2016-11-29,103.00,105.00,98.10,99.65,209425
2016-11-30,101.35,107.00,100.00,101.60,230768
2016-12-01,102.95,105.00,99.50,100.45,99876
2016-12-02,100.00,103.50,96.00,98.10,74120
2016-12-05,99.60,101.90,95.00,96.65,57762
2016-12-06,97.00,105.75,96.20,102.65,134818
2016-12-07,102.50,104.00,100.00,100.55,33345
2016-12-08,101.30,105.00,99.50,102.20,44518
2016-12-09,101.60,103.70,99.00,100.20,46294
2016-12-12,99.00,102.50,99.00,99.75,31668
2016-12-13,99.50,100.90,98.55,99.20,14746
2016-12-14,99.20,103.70,97.35,100.05,62742
2016-12-15,98.15,103.50,96.45,98.85,81238
2016-12-16,99.00,102.45,97.65,101.00,100648
2016-12-19,101.45,102.90,99.25,100.35,45105
2016-12-20,100.00,102.45,98.05,100.55,55258
2016-12-21,101.80,101.80,99.50,99.95,17984
2016-12-22,99.05,100.30,97.30,98.70,29020
2016-12-23,98.50,99.40,97.00,97.50,16008
2016-12-26,98.85,98.85,96.00,96.15,16721
2016-12-27,96.05,96.45,93.00,94.85,37836
2016-12-28,96.95,98.00,94.25,95.25,21932
2016-12-29,94.00,97.25,94.00,96.35,19460
2016-12-30,96.40,97.75,95.50,95.95,15517
2017-01-02,96.60,96.70,94.50,95.75,11725
2017-01-03,95.65,96.70,94.30,95.80,13301
2017-01-04,96.05,108.90,96.00,105.20,284028
2017-01-05,106.80,108.50,103.30,104.40,37341
2017-01-06,105.70,105.70,100.10,100.70,19306
2017-01-09,101.30,116.50,100.55,112.80,269041
2017-01-10,112.85,114.30,109.65,112.10,75847
2017-01-11,112.80,120.85,112.80,116.55,228332
2017-01-12,116.85,116.85,111.60,112.15,28086
2017-01-13,113.25,117.90,112.00,112.50,47898
2017-01-16,112.60,114.90,112.30,112.70,11107
2017-01-17,112.70,114.50,104.75,108.25,47993
2017-01-18,107.05,111.40,106.25,107.85,23183
2017-01-19,108.50,111.30,106.00,108.00,14182
2017-01-20,105.10,108.55,105.10,106.20,16897
2017-01-23,106.30,108.50,105.10,107.25,13977
2017-01-24,107.55,114.15,107.00,109.15,30650
2017-01-25,109.95,110.25,107.50,108.55,16696
2017-01-27,109.15,110.00,106.65,107.35,13947
2017-01-30,107.40,109.00,106.00,106.75,11046
2017-01-31,107.20,109.00,102.50,103.85,28916
2017-02-01,102.55,106.55,102.55,105.50,39704
2017-02-02,105.00,106.50,104.05,104.70,30166
2017-02-03,103.75,106.00,103.50,104.85,41511
2017-02-06,104.00,110.90,104.00,107.70,28775
2017-02-07,108.60,110.65,108.00,108.60,15242
2017-02-08,109.80,109.90,105.00,107.60,31918
2017-02-09,108.40,111.00,97.15,102.05,173839
2017-02-10,100.00,108.00,100.00,106.70,40167
2017-02-13,108.70,113.00,108.10,109.35,79498
2017-02-14,110.15,110.50,107.15,107.85,21031
2017-02-15,107.00,107.05,101.00,101.95,30266
2017-02-16,102.90,105.00,101.00,103.20,12666
2017-02-17,104.15,106.00,104.00,105.55,14066
2017-02-20,106.45,108.00,104.00,106.15,10894
2017-02-21,106.00,106.00,103.50,105.10,15596
2017-02-22,104.60,104.60,100.10,102.15,15447
2017-02-23,102.00,103.00,101.00,101.30,11692
2017-02-27,101.30,104.00,101.10,101.95,12828
2017-02-28,101.10,102.90,101.10,102.70,8440
2017-03-01,102.20,102.70,100.00,101.70,14914
2017-03-02,103.70,108.90,101.00,101.55,52053
2017-03-03,101.50,104.00,101.00,102.50,14488
2017-03-06,103.00,106.55,102.10,102.35,10701
2017-03-07,104.00,104.70,100.85,101.60,9968
2017-03-08,102.85,102.85,100.10,101.05,7115
2017-03-09,101.00,103.90,100.60,101.05,13822
2017-03-10,104.95,104.95,100.65,101.10,6529
2017-03-14,103.90,104.90,101.10,102.45,19422
2017-03-15,103.00,117.00,101.20,113.75,277826
2017-03-16,113.00,115.90,108.00,108.80,63639
2017-03-17,109.80,109.85,106.00,108.10,19164
2017-03-20,109.00,115.00,109.00,110.15,29482
2017-03-21,111.00,112.50,109.00,110.35,19197
2017-03-22,107.40,110.55,107.40,109.10,14405
2017-03-23,109.50,111.30,106.75,108.35,10297
2017-03-24,107.75,109.50,107.00,108.65,13003
2017-03-27,107.55,114.20,107.15,113.00,37139
2017-03-28,115.30,118.00,110.20,112.10,41556
2017-03-29,113.45,114.90,108.50,110.35,27175
2017-03-30,109.15,114.00,109.15,111.85,10133
2017-03-31,111.10,119.00,110.80,115.30,96888
2017-04-03,114.10,122.60,114.05,120.80,100108
2017-04-05,120.00,126.20,118.00,119.20,48145
2017-04-06,118.20,119.85,115.00,117.35,11435
2017-04-07,118.00,140.80,117.00,135.70,432458
2017-04-10,139.70,146.60,136.10,140.90,378133
2017-04-11,141.20,147.20,140.00,142.10,114795
2017-04-12,143.70,144.60,135.45,137.45,45954
2017-04-13,137.50,137.95,130.00,131.85,35353
2017-04-17,133.50,135.00,128.60,132.00,24596
2017-04-18,132.50,139.05,131.60,132.25,38746
2017-04-19,133.20,138.00,131.00,133.30,26048
2017-04-20,133.25,137.80,133.20,135.75,16085
2017-04-21,137.65,137.65,132.05,133.05,18564
2017-04-24,133.00,135.90,132.35,134.15,9880
2017-04-25,135.00,137.00,131.30,134.70,21869
2017-04-26,137.00,138.85,132.50,132.90,15243
2017-04-27,133.00,134.60,131.60,132.15,6304
2017-04-28,131.80,137.00,131.10,132.50,25104
2017-05-02,132.50,136.95,132.00,132.60,17501
2017-05-03,133.00,134.00,130.05,130.90,12011
2017-05-04,130.00,132.65,129.00,130.00,12449
2017-05-05,130.00,130.90,123.00,125.30,12727
2017-05-08,125.30,126.75,123.05,123.25,7932
2017-05-09,123.50,124.95,120.05,121.30,11560
2017-05-10,124.20,128.00,122.00,126.55,16946
2017-05-11,126.25,132.10,125.25,127.40,16716
2017-05-12,128.00,128.00,123.05,124.30,8515
2017-05-15,125.80,125.80,121.05,123.05,11017
2017-05-16,122.00,124.95,122.00,122.90,6196
2017-05-17,124.40,125.00,122.15,123.05,9432
2017-05-18,122.00,123.75,121.05,121.65,11437
2017-05-19,122.05,124.85,117.00,122.40,14622
2017-05-22,120.50,123.00,120.50,121.50,13083
2017-05-23,122.00,122.00,108.05,113.95,17144
2017-05-24,114.20,120.00,113.00,115.05,14226
2017-05-25,115.25,118.50,113.95,117.45,6791
2017-05-26,116.10,120.40,115.30,116.30,11658
2017-05-29,117.00,118.00,115.10,116.00,7068
2017-05-30,115.00,123.85,115.00,120.55,10659
2017-05-31,117.30,138.00,115.00,125.30,73930
2017-06-01,124.10,128.95,124.00,124.85,11183
2017-06-02,128.90,128.90,120.00,121.30,20453
2017-06-05,121.00,125.90,119.90,121.40,10249
2017-06-06,122.80,122.80,118.00,118.40,7678
2017-06-07,119.90,119.90,117.20,118.10,5672
2017-06-08,119.50,121.00,117.30,119.10,6884
2017-06-09,120.15,121.85,117.60,118.95,8687
2017-06-12,118.95,121.45,116.80,119.10,10799
2017-06-13,121.35,121.35,117.20,117.75,5281
2017-06-14,118.50,119.00,114.00,116.35,12777
2017-06-15,116.20,126.00,116.05,121.65,54230
2017-06-16,123.00,125.80,119.35,121.15,14816
2017-06-19,123.00,124.80,120.40,121.25,7012
2017-06-20,122.90,127.00,118.60,125.00,26572
2017-06-21,128.50,137.90,123.00,134.75,103460
2017-06-22,135.60,143.00,133.50,135.75,97828
2017-06-23,135.75,141.00,133.25,137.45,43363
2017-06-27,152.60,159.00,146.10,147.20,421650
2017-06-28,148.50,148.75,143.15,145.60,77430
2017-06-29,145.50,151.20,145.50,149.85,55996
2017-06-30,149.85,156.85,146.05,154.15,99752
2017-07-03,154.15,169.60,154.00,159.65,107588
2017-07-04,160.20,163.95,155.15,157.30,47972
2017-07-05,159.70,161.50,155.60,160.15,57105
2017-07-06,166.60,166.85,158.50,159.40,28188
2017-07-07,159.50,159.50,155.85,156.95,41715
2017-07-10,164.00,164.00,156.00,157.60,4822
2017-07-11,159.70,160.15,151.10,152.85,25128
2017-07-12,149.40,156.75,149.40,154.90,36065
2017-07-13,153.15,155.50,151.30,152.05,18115
2017-07-14,150.00,152.00,149.75,150.90,17306
2017-07-17,150.00,154.00,150.00,151.90,20854
2017-07-18,152.00,157.85,150.00,152.00,61727
2017-07-19,151.15,153.00,150.55,151.00,11428
2017-07-20,150.00,153.00,150.00,152.35,14276
2017-07-21,153.70,157.50,152.00,152.65,21815
2017-07-24,152.00,154.05,143.10,147.40,32333
2017-07-25,148.00,150.85,146.20,147.95,11339
2017-07-26,148.50,152.45,143.50,144.85,18160
2017-07-27,144.00,145.05,140.00,140.35,18060
2017-07-28,140.30,149.00,140.30,147.10,14905
2017-07-31,151.35,151.35,145.30,149.75,16865
2017-08-01,151.90,151.90,147.50,149.55,8049
2017-08-02,148.00,152.15,147.00,148.60,7361
2017-08-03,148.10,150.00,142.40,144.70,5788
2017-08-04,143.00,146.00,142.05,144.00,5940
2017-08-07,143.00,148.00,142.75,144.85,4972
2017-08-08,147.40,147.40,141.05,143.60,8547
2017-08-09,142.95,143.70,138.00,141.70,12573
2017-08-10,140.05,140.70,133.00,133.90,21760
2017-08-11,132.60,133.00,121.20,122.60,55953
2017-08-14,103.55,118.00,103.00,114.90,135870
2017-08-16,115.20,117.00,110.10,115.80,32296
2017-08-17,119.90,138.95,115.75,138.75,406543
2017-08-18,132.95,135.00,126.00,128.60,129774
2017-08-21,130.90,130.90,119.55,120.95,52394
2017-08-22,122.85,124.00,116.10,116.90,31609
2017-08-23,118.50,122.50,114.90,118.15,28563
2017-08-24,120.00,123.70,116.10,121.65,31230
2017-08-28,119.50,123.80,119.15,120.25,11603
2017-08-29,120.30,120.50,116.70,117.30,17902
2017-08-30,121.80,122.45,118.10,120.05,7684
2017-08-31,120.80,123.40,117.05,121.35,12307
2017-09-01,120.80,128.10,120.80,126.50,19454
2017-09-04,126.50,141.70,122.10,129.35,71971
2017-09-05,133.75,135.00,130.65,133.30,27175
2017-09-06,132.50,132.50,130.95,131.15,12344
2017-09-07,132.20,132.20,127.50,127.75,10741
2017-09-08,129.00,141.60,128.15,136.45,77927
2017-09-11,136.50,145.00,131.05,135.10,229885
2017-09-12,136.90,137.10,132.50,133.15,22640
2017-09-13,134.70,143.80,133.50,133.90,50945
2017-09-14,138.40,138.90,135.00,136.15,23524
2017-09-15,136.00,136.90,132.05,133.05,19497
2017-09-18,133.90,135.55,133.30,133.65,14630
2017-09-19,134.65,134.70,128.05,130.30,19992
2017-09-20,129.00,134.00,129.00,132.45,12688
2017-09-21,132.45,133.90,130.00,131.05,15425
2017-09-22,130.50,131.80,123.70,124.80,30742
2017-09-25,125.05,127.50,115.05,122.80,20694
2017-09-26,120.00,123.90,118.00,122.85,10861
2017-09-27,135.00,135.00,120.00,121.50,45795
2017-09-28,124.35,124.35,119.10,121.45,8428
2017-09-29,121.50,124.00,120.25,122.15,13974
2017-10-03,122.65,127.00,120.00,122.25,10640
2017-10-04,122.25,131.75,120.20,128.75,30437
2017-10-05,132.00,141.45,131.35,133.60,102396
2017-10-06,133.60,135.90,132.15,133.80,29216
2017-10-09,137.30,137.50,133.00,133.40,19426
2017-10-10,134.90,139.00,131.00,133.35,14955
2017-10-11,133.35,134.60,123.80,127.95,24193
2017-10-12,131.00,132.95,127.10,128.95,8464
2017-10-13,128.95,130.90,122.00,127.85,20379
2017-10-16,128.00,129.50,123.75,125.40,20738
2017-10-17,125.20,126.90,123.20,125.25,13440
2017-10-18,126.00,128.00,123.30,126.50,8798
2017-10-19,130.00,130.45,125.15,126.55,3140
2017-10-23,126.00,129.95,123.60,126.20,7091
2017-10-24,128.90,128.95,124.40,125.95,8994
2017-10-25,126.00,127.95,120.65,125.20,10331
2017-10-26,126.50,126.50,122.00,122.70,6951
2017-10-27,123.00,124.10,118.00,123.00,6968
2017-10-30,122.80,125.00,122.00,123.50,20621
2017-10-31,120.65,124.50,120.65,122.40,13312
2017-11-01,127.00,127.00,121.00,122.75,7851
2017-11-02,121.05,124.55,121.05,122.55,6571
2017-11-03,123.00,124.50,120.40,123.00,10849
2017-11-06,128.85,128.85,124.00,127.30,26938
2017-11-07,127.30,131.50,126.00,126.60,17080
2017-11-08,125.00,132.00,124.05,130.70,22463
2017-11-09,131.85,139.50,129.20,137.80,68553
2017-11-10,135.00,137.90,129.20,133.45,48501
2017-11-13,137.00,138.50,127.55,128.65,42014
2017-11-14,127.05,129.90,122.45,127.40,33284
2017-11-15,127.00,127.45,120.70,122.10,21813
2017-11-16,122.15,125.10,118.50,120.30,24506
2017-11-17,123.80,123.85,118.40,119.95,10698
2017-11-20,120.00,122.90,115.65,120.40,26515
2017-11-21,122.50,123.80,118.20,119.75,12157
2017-11-22,120.50,120.50,116.20,119.05,18005
2017-11-23,118.35,120.00,117.00,118.80,18833
2017-11-24,120.50,122.00,118.00,121.20,12462
2017-11-27,123.00,123.00,113.00,114.85,75667
2017-11-28,116.00,137.80,115.30,137.80,441686
2017-11-29,140.00,148.70,134.00,135.55,383982
2017-11-30,135.00,136.00,130.35,132.95,32846
2017-12-01,133.00,142.00,131.00,131.85,44211
2017-12-04,134.95,134.95,131.20,131.85,14543
2017-12-05,136.90,136.90,126.05,127.05,21042
2017-12-06,126.55,128.00,122.00,123.10,23835
2017-12-07,122.00,125.00,120.10,124.65,33055
2017-12-08,126.70,137.70,123.10,131.00,58343
2017-12-11,133.70,139.90,130.00,130.30,22502
2017-12-12,130.85,132.00,126.00,127.70,9878
2017-12-13,127.10,129.95,125.60,126.35,9630
2017-12-14,127.40,128.50,123.80,125.30,10957
2017-12-15,126.95,129.35,125.30,126.25,11214
2017-12-18,125.45,136.00,122.00,126.15,23325
2017-12-19,129.95,129.95,125.65,126.65,13934
2017-12-20,126.50,134.95,126.50,131.05,28766
2017-12-21,132.75,132.75,127.55,130.10,19975
2017-12-22,130.30,132.00,128.70,130.40,11985
2017-12-26,127.65,130.95,127.40,128.95,30813
2017-12-27,131.95,132.00,128.55,129.80,16040
2017-12-28,133.50,133.50,127.50,129.65,9122
2017-12-29,130.00,133.45,129.00,130.55,21177
2018-01-01,131.00,131.90,128.20,128.90,11837
2018-01-02,128.10,138.95,126.10,133.95,127632
2018-01-03,134.95,141.90,134.30,139.30,82163
2018-01-04,141.80,143.10,135.35,137.10,38845
2018-01-05,139.55,139.55,133.00,133.65,21564
2018-01-08,133.65,133.65,128.50,129.75,25408
2018-01-09,131.25,138.00,129.20,132.00,39856
2018-01-10,133.65,141.50,132.50,135.40,139363
2018-01-11,135.00,139.00,132.50,133.55,38750
2018-01-12,137.45,137.45,131.65,132.80,16932
2018-01-15,132.00,135.00,130.10,132.00,9318
2018-01-16,132.00,133.40,127.50,128.20,13595
2018-01-17,128.00,130.70,125.05,129.50,13892
2018-01-18,130.20,134.80,126.40,127.35,17233
2018-01-19,127.35,127.35,121.40,124.05,13228
2018-01-22,124.05,128.80,124.05,126.25,9473
2018-01-23,125.00,127.90,124.30,126.60,5588
2018-01-24,126.50,127.50,122.00,123.40,12553
2018-01-25,123.90,128.00,122.50,125.20,11930
2018-01-29,129.00,129.00,122.65,123.10,9486
2018-01-30,123.15,126.70,120.10,121.75,9222
2018-01-31,121.05,126.30,118.00,121.00,16067
2018-02-01,118.05,123.80,118.05,120.35,9322
2018-02-02,119.15,121.90,97.20,112.90,23160
2018-02-05,112.20,114.00,105.00,111.10,15912
2018-02-06,107.00,108.80,101.00,105.65,21597
2018-02-07,109.00,111.75,105.00,108.00,15559
2018-02-08,111.00,118.00,107.45,115.55,11759
2018-02-09,111.00,115.90,110.00,111.05,15543
2018-02-12,113.00,117.70,111.65,115.80,9414
2018-02-14,118.00,118.70,113.00,115.05,5712
2018-02-15,114.05,117.20,112.65,115.55,9221
2018-02-16,116.80,116.80,109.00,110.15,5330
2018-02-19,109.00,111.80,102.00,103.30,24064
2018-02-20,107.00,108.70,103.50,107.10,7552
2018-02-21,111.00,111.00,104.45,109.50,4025
2018-02-22,108.00,110.55,106.00,109.40,11885
2018-02-23,111.00,112.60,108.65,109.85,3695
2018-02-26,112.00,113.90,107.75,110.05,4655
2018-02-27,109.40,111.00,108.20,109.05,9547
2018-02-28,108.90,110.50,108.20,108.85,4149
2018-03-01,108.75,110.90,108.00,108.60,2623
2018-03-05,108.00,108.70,104.30,105.20,6558
2018-03-06,106.05,107.95,105.60,106.10,2040
2018-03-07,109.00,109.00,100.00,104.70,11812
2018-03-08,103.80,108.00,102.00,102.95,3228
2018-03-09,102.95,105.85,100.00,100.15,9829
2018-03-12,101.55,104.00,99.00,100.65,7313
2018-03-13,99.75,102.00,99.75,101.35,5677
2018-03-14,100.10,102.00,98.55,99.40,9420
2018-03-15,101.75,102.90,100.20,101.85,7651
2018-03-16,102.00,104.00,100.40,102.20,8940
2018-03-19,102.20,104.95,99.00,100.35,9050
2018-03-20,99.00,100.00,96.85,97.10,10429
2018-03-21,97.60,99.95,96.00,97.55,4666
2018-03-22,98.55,100.00,92.65,94.65,13281
2018-03-23,92.10,94.90,87.65,92.45,16926
2018-03-26,93.80,94.75,85.60,87.40,21160
2018-03-27,87.05,89.90,84.10,85.25,49254
2018-03-28,84.00,86.60,77.50,78.95,50121
2018-04-02,80.85,89.00,79.25,87.35,15968
2018-04-03,87.40,92.10,85.10,91.50,8877
2018-04-04,92.90,98.00,90.05,91.30,10052
2018-04-05,92.25,96.00,92.20,94.10,4487
2018-04-06,96.70,98.00,91.20,96.25,4437
2018-04-09,98.80,100.95,94.00,98.35,5929
2018-04-10,100.80,100.80,97.10,99.25,1757
2018-04-11,98.75,98.75,95.45,96.70,5432
2018-04-12,99.30,99.85,95.60,97.50,6730
2018-04-13,96.00,96.80,95.50,95.50,2434
2018-04-16,94.50,95.00,88.10,89.30,20042
2018-04-17,91.50,92.90,89.30,91.60,4569
2018-04-18,90.90,94.20,90.75,92.70,2929
2018-04-19,92.95,93.90,90.25,91.25,2645
2018-04-20,90.20,92.90,89.70,91.65,3461
2018-04-23,93.65,93.65,87.65,90.10,6754
2018-04-24,91.95,94.00,91.05,91.95,7183
2018-04-25,91.05,92.00,87.30,90.25,4119
2018-04-26,92.75,92.75,87.30,89.70,8757
2018-04-27,89.30,94.00,89.00,91.00,9758
2018-04-30,90.75,92.50,87.40,91.70,6245
2018-05-02,90.25,92.60,89.15,89.95,1406
2018-05-03,90.00,90.00,83.70,84.90,41783
2018-05-04,86.35,88.30,84.10,86.20,4416
2018-05-07,86.20,89.90,85.25,86.10,6094
2018-05-08,86.65,88.00,84.50,84.90,4788
2018-05-09,86.00,86.00,82.50,83.75,5655
2018-05-10,83.25,84.00,78.75,80.60,17826
2018-05-11,80.00,82.75,77.90,80.50,16789
2018-05-14,80.50,80.50,76.10,77.85,8260
2018-05-15,77.00,77.95,75.10,76.90,7603
2018-05-16,75.10,78.30,75.10,77.10,2738
2018-05-17,76.80,79.45,75.30,75.90,5640
2018-05-18,78.90,78.90,74.00,74.45,8479
2018-05-21,74.50,82.00,71.05,78.20,15570
2018-05-22,78.80,78.95,72.00,73.85,7798
2018-05-23,73.10,75.90,73.00,74.90,1054
2018-05-24,74.90,76.90,73.30,74.00,3021
2018-05-25,73.20,77.00,71.00,73.30,4124
2018-05-28,73.30,79.90,72.70,78.25,20660
2018-05-29,79.90,92.00,75.35,81.95,159835
2018-05-30,80.25,82.80,78.10,80.55,12091
2018-05-31,78.00,78.05,72.40,73.80,32502
2018-06-01,73.80,74.80,71.15,71.60,9379
2018-06-04,72.50,75.60,69.20,69.45,8821
2018-06-05,72.85,72.85,63.50,65.15,8663
2018-06-06,65.15,68.70,62.00,66.45,11845
2018-06-07,66.00,69.75,66.00,68.30,6816
2018-06-08,67.20,69.40,67.15,68.40,3774
2018-06-11,69.00,71.85,68.45,70.75,5260
2018-06-12,71.00,72.50,69.90,70.90,3045
2018-06-13,71.95,72.00,67.05,69.80,7674
2018-06-14,69.00,71.50,66.15,66.35,8104
2018-06-15,68.35,70.35,66.40,66.70,5662
2018-06-18,66.70,68.50,66.70,67.10,1594
2018-06-19,68.75,68.75,65.00,65.35,3038
2018-06-20,64.35,66.75,63.60,63.95,5484
2018-06-21,64.10,64.60,62.00,62.00,5887
2018-06-22,62.15,67.00,62.00,62.85,1390
2018-06-25,64.95,67.00,53.65,58.40,17311
2018-06-26,58.55,58.55,57.40,58.00,4201
2018-06-27,57.00,60.00,50.00,52.40,14216
2018-06-28,52.35,53.25,49.25,51.55,9413
2018-06-29,53.00,55.00,51.00,54.10,4521
2018-07-02,57.90,64.90,54.00,64.90,17304
2018-07-03,69.45,77.85,69.45,77.60,332460
2018-07-04,78.95,78.95,70.00,71.00,77309
2018-07-05,69.55,79.30,66.50,73.85,48980
2018-07-06,73.00,73.45,70.40,72.55,19000
2018-07-09,71.30,75.00,71.30,72.15,9896
2018-07-10,73.45,73.45,68.10,69.35,11043
2018-07-11,67.00,73.30,66.00,71.40,8413
2018-07-12,69.10,73.00,69.10,70.35,7112
2018-07-13,72.85,72.85,66.15,66.75,4536
2018-07-16,71.95,71.95,62.25,64.10,3641
2018-07-17,64.70,66.90,62.35,63.75,3103
2018-07-18,63.00,63.00,58.50,59.50,8731
2018-07-19,56.10,60.85,56.10,58.05,3242
2018-07-20,57.00,63.85,56.15,62.35,9423
2018-07-23,64.65,68.00,62.35,64.15,13132
2018-07-24,60.10,65.50,60.10,63.40,5986
2018-07-25,67.00,67.00,61.20,65.10,10219
2018-07-26,65.10,67.80,63.05,66.40,3657
2018-07-27,64.25,67.95,64.00,64.45,6359
2018-07-30,64.45,65.00,61.25,61.95,11216
2018-07-31,61.95,63.90,60.30,61.75,6730
2018-08-01,60.10,64.35,60.10,61.65,5944
2018-08-02,61.65,62.65,61.65,61.85,4544
2018-08-03,61.95,68.00,60.50,65.30,28508
2018-08-06,68.00,68.00,63.10,65.85,9478
2018-08-07,66.25,71.80,62.50,68.60,27433
2018-08-08,73.00,73.00,68.00,69.50,46911
2018-08-09,68.00,72.35,68.00,69.35,4925
2018-08-10,68.50,70.70,66.55,67.45,6478
2018-08-13,60.40,61.50,58.00,60.10,25095
2018-08-14,60.95,62.00,59.20,59.75,7910
2018-08-16,59.05,62.65,58.00,58.55,6856
2018-08-17,59.05,60.00,58.65,59.75,2171
2018-08-20,62.95,62.95,58.25,60.30,5878
2018-08-21,61.80,61.80,59.55,60.40,2169
2018-08-23,59.05,62.60,59.05,60.10,1951
2018-08-24,59.00,61.40,59.00,59.55,3011
2018-08-27,59.60,60.00,57.35,58.25,6881
2018-08-28,57.65,60.00,57.65,59.05,2213
2018-08-29,59.90,60.95,57.55,59.60,9585
2018-08-30,59.80,59.80,58.15,58.60,3090
2018-08-31,58.20,59.00,57.00,57.70,7629
2018-09-03,60.95,60.95,57.20,57.95,4404
2018-09-04,60.50,60.50,55.30,55.95,9718
2018-09-05,55.85,56.00,53.05,55.10,6310
2018-09-06,54.90,56.45,54.25,55.75,3163
2018-09-07,55.00,57.80,53.20,53.75,6465
2018-09-10,53.20,53.85,49.50,51.10,16515
2018-09-11,51.50,53.00,51.10,52.85,2030
2018-09-12,51.05,52.75,50.95,51.25,1405
2018-09-14,50.25,54.00,50.25,51.50,3352
2018-09-17,51.50,53.50,51.50,52.05,2426
2018-09-18,52.05,53.55,50.00,50.25,5014
2018-09-19,50.25,52.00,48.50,51.90,4278
2018-09-21,54.75,54.75,48.05,48.65,5846
2018-09-24,52.00,52.00,48.30,49.25,14573
2018-09-25,48.60,48.60,45.05,47.50,5128
2018-09-26,47.20,48.95,44.15,45.70,8086
2018-09-27,45.05,47.70,39.00,41.10,11122
2018-09-28,42.00,42.80,38.00,42.00,7317
2018-10-01,40.10,40.10,33.60,38.50,52968
2018-10-03,38.50,40.45,35.75,39.90,19377
2018-10-04,39.90,42.50,37.55,42.00,12846
2018-10-05,40.55,42.80,40.25,40.95,5767
2018-10-08,40.25,43.95,39.20,40.50,5489
2018-10-09,41.75,41.80,39.25,40.15,1915
2018-10-10,38.00,47.65,38.00,45.40,7048
2018-10-11,46.95,46.95,41.00,44.40,17353
2018-10-12,45.90,49.05,43.65,46.80,11799
2018-10-15,48.90,50.00,43.00,45.90,6253
2018-10-16,45.15,47.45,44.50,45.45,2693
2018-10-17,47.80,47.80,43.35,44.80,1835
2018-10-19,44.95,52.40,42.05,47.25,4659
2018-10-22,46.05,46.05,43.35,44.20,2893
2018-10-23,44.95,45.70,42.10,42.50,4663
2018-10-24,42.00,45.00,41.00,43.75,27905
2018-10-25,44.10,44.10,42.25,42.65,14918
2018-10-26,42.10,44.40,41.10,42.70,2609
2018-10-29,43.50,44.65,42.00,42.90,4798
2018-10-30,42.30,43.90,42.00,43.00,4554
2018-10-31,46.65,46.80,43.00,44.15,1783
2018-11-01,44.85,44.90,43.20,43.30,2305
2018-11-02,43.15,45.45,43.15,44.00,2957
2018-11-05,43.55,52.10,43.35,45.00,11184
2018-11-06,44.50,46.25,44.45,45.45,1192
2018-11-07,47.00,47.00,46.00,46.85,678
2018-11-09,46.00,47.20,45.35,45.70,2435
2018-11-12,46.90,46.90,44.25,44.50,1035
2018-11-13,44.00,46.65,44.00,46.00,2411
2018-11-14,45.35,47.05,44.00,45.95,8318
2018-11-15,45.00,45.00,41.75,44.25,5906
2018-11-16,43.55,46.70,43.50,44.50,465
2018-11-19,45.85,46.70,43.05,45.00,2951
2018-11-20,44.50,45.00,44.10,44.60,7691
2018-11-21,44.50,45.60,44.10,44.35,2988
2018-11-22,44.25,46.50,44.10,45.00,9019
2018-11-26,46.20,46.25,44.10,45.00,8285
2018-11-27,46.95,46.95,44.10,44.45,2742
2018-11-28,44.00,47.50,44.00,44.75,1295
2018-11-29,44.75,46.85,44.35,46.10,2988
2018-11-30,45.00,48.00,44.10,44.95,1967
2018-12-03,44.00,45.95,44.00,44.20,1469
2018-12-04,44.20,45.10,44.20,44.25,4029
2018-12-05,44.60,45.05,44.15,44.85,5190
2018-12-06,44.00,45.50,44.00,44.45,1410
2018-12-07,44.00,46.95,44.00,45.00,1147
2018-12-10,43.00,45.95,42.45,44.85,1145
2018-12-11,44.05,45.75,44.00,44.85,5071
2018-12-12,44.65,45.60,44.55,44.95,424
2018-12-13,46.00,46.00,44.55,45.10,1364
2018-12-14,45.25,47.05,45.00,45.65,1694
2018-12-17,47.25,48.80,45.50,48.55,5012
2018-12-18,46.40,48.75,46.40,47.85,2676
2018-12-19,47.00,49.95,45.00,47.80,2279
2018-12-20,47.45,49.20,47.45,48.25,1901
2018-12-21,49.90,49.95,46.20,47.90,2358
2018-12-24,49.30,52.40,48.00,50.90,8250
2018-12-26,49.65,55.00,49.10,52.70,10755
2018-12-27,52.00,54.60,50.00,52.00,2765
2018-12-28,51.50,53.55,50.15,51.50,1976
2018-12-31,51.05,51.05,49.50,49.90,2371
2019-01-01,49.95,52.05,48.10,49.55,942
2019-01-02,49.55,52.45,48.10,49.30,1440
2019-01-03,49.30,50.00,48.60,48.80,793
2019-01-04,48.60,49.80,47.20,49.60,1529
2019-01-07,49.05,50.00,48.50,48.70,1779
2019-01-08,49.75,49.75,48.75,49.00,496
2019-01-09,48.55,49.40,48.50,48.75,759
2019-01-10,49.05,50.00,49.00,49.60,1444
2019-01-11,49.05,50.00,48.70,49.10,928
2019-01-14,49.65,50.30,48.10,48.25,442
2019-01-15,48.25,50.05,47.10,49.15,2717
2019-01-16,49.80,50.00,49.00,49.55,635
2019-01-17,49.55,51.00,49.00,50.85,828
2019-01-18,50.15,52.00,45.95,51.80,7523
2019-01-21,51.05,52.00,49.55,50.90,1695
2019-01-22,50.05,50.05,47.65,49.80,5574
2019-01-23,49.05,50.50,48.15,49.55,3151
2019-01-24,49.55,50.40,48.35,49.95,1925
2019-01-25,49.50,50.60,49.05,49.70,7605
2019-01-28,49.50,49.80,48.50,49.10,4889
2019-01-29,48.00,50.00,46.95,49.50,4551
2019-01-30,49.20,50.00,49.00,49.25,1520
2019-01-31,50.00,51.15,49.15,50.30,805
2019-02-01,49.40,50.00,46.35,49.95,18302
2019-02-04,49.95,50.00,48.00,49.35,4395
2019-02-05,49.00,50.80,49.00,50.05,8007
2019-02-06,49.00,50.40,48.15,49.10,2297
2019-02-07,49.95,50.00,49.00,49.60,4167
2019-02-08,49.00,50.65,47.00,48.00,33736
2019-02-11,47.00,49.60,45.20,48.85,3756
2019-02-12,46.20,49.75,46.20,48.65,3024
2019-02-13,49.20,51.45,49.10,49.25,7172
2019-02-14,48.15,49.80,46.30,49.70,2701
2019-02-15,48.90,49.50,48.55,48.95,7356
2019-02-18,48.85,49.40,48.80,48.80,10361
2019-02-19,48.00,49.45,48.00,49.00,5215
2019-02-20,48.85,50.95,48.80,49.05,6549
2019-02-21,48.95,54.00,48.80,48.80,6207
2019-02-22,49.55,49.55,48.75,49.50,5952
2019-02-25,49.05,49.75,49.00,49.05,8270
2019-02-26,48.90,49.65,48.75,49.55,8297
2019-02-27,51.00,51.00,48.45,49.95,23575
2019-02-28,49.15,49.50,49.00,49.50,8124
2019-03-01,49.95,50.00,49.00,49.75,18539
2019-03-05,48.00,50.85,48.00,49.70,10479
2019-03-06,49.45,54.40,48.95,53.15,20856
2019-03-07,53.90,55.00,52.05,52.80,2131
2019-03-08,52.80,53.55,49.55,50.85,2120
2019-03-11,50.10,53.00,50.10,50.10,6574
2019-03-12,50.15,52.55,50.15,51.00,5808
2019-03-13,50.35,51.80,50.00,50.10,6812
2019-03-14,50.00,52.50,50.00,51.35,9003
2019-03-15,50.55,54.60,50.20,51.75,14197
2019-03-18,51.75,52.10,50.55,52.10,9688
2019-03-19,50.30,52.30,50.30,52.05,9039
2019-03-20,51.50,53.40,51.50,51.65,5077
2019-03-22,49.30,53.45,49.30,53.10,7411
2019-03-25,54.85,54.85,50.60,52.85,14235
2019-03-26,52.00,54.00,50.50,53.25,36768
2019-03-27,54.40,54.40,53.00,53.70,43810
2019-03-28,53.00,55.00,52.05,54.00,29082
2019-03-29,55.00,55.00,53.05,54.70,31063
2019-04-01,53.20,55.00,53.20,54.85,1014
2019-04-02,54.00,54.95,52.45,54.60,3109
2019-04-03,55.00,55.00,51.05,51.70,3154
2019-04-04,52.05,53.90,52.00,52.95,419
2019-04-05,51.10,53.60,51.10,51.70,1215
2019-04-08,51.20,51.35,48.25,49.05,1450
2019-04-09,50.40,54.85,50.30,51.75,2490
2019-04-10,50.00,51.80,50.00,50.75,606
2019-04-11,51.00,51.00,48.70,50.80,7749
2019-04-12,49.50,51.70,48.75,50.40,884
2019-04-15,49.05,50.50,48.95,50.45,1584
2019-04-16,50.50,51.55,50.10,50.85,2809
2019-04-18,50.95,51.90,47.30,50.45,20627
2019-04-22,49.55,49.70,45.25,48.60,10428
2019-04-23,49.00,51.25,48.00,49.10,1199
2019-04-24,49.20,50.90,49.00,49.05,1436
2019-04-25,50.65,52.00,48.55,51.05,3005
2019-04-26,50.00,52.65,49.00,50.40,290
2019-04-30,50.40,52.00,49.25,49.40,665
2019-05-02,48.50,52.00,48.50,50.90,1497
2019-05-03,48.60,52.00,48.60,51.60,2638
2019-05-06,50.05,50.85,49.10,49.20,2048
2019-05-07,48.55,50.05,48.55,49.30,1405
2019-05-08,51.60,51.70,49.05,49.60,3084
2019-05-09,49.10,49.95,49.10,49.95,592
2019-05-10,48.00,53.00,48.00,49.20,216
2019-05-13,49.05,49.25,49.00,49.00,3207
2019-05-14,47.40,51.70,47.00,49.00,643
2019-05-15,47.50,49.90,47.50,49.00,2719
2019-05-16,49.00,50.00,49.00,49.95,1132
2019-05-17,48.05,52.00,48.05,50.00,1101
2019-05-20,49.50,53.40,49.00,50.30,2000
2019-05-21,50.35,51.75,50.00,50.85,280
2019-05-22,49.50,52.00,48.05,49.70,7735
2019-05-23,48.00,49.70,48.00,49.10,4120
2019-05-24,49.10,51.15,49.10,49.60,3296
2019-05-27,49.00,52.40,49.00,50.95,5538
2019-05-28,49.20,51.25,46.40,50.30,15298
2019-05-29,49.55,50.75,49.00,49.70,2186
2019-05-30,49.50,51.90,49.50,49.70,798
2019-05-31,49.70,50.10,49.25,49.70,4730
2019-06-03,49.00,50.65,47.40,49.70,1282
2019-06-04,48.00,50.95,48.00,49.55,8431
2019-06-06,49.25,50.70,49.25,49.70,14293
2019-06-07,49.75,50.50,49.75,49.75,2669
2019-06-10,48.00,50.00,47.50,49.85,2818
2019-06-11,49.15,50.15,49.15,50.10,9315
2019-06-12,49.05,50.50,48.30,49.35,12021
2019-06-13,48.00,50.25,48.00,50.25,13762
2019-06-14,49.15,51.30,49.15,50.10,7218
2019-06-17,51.20,55.00,49.40,51.85,21911
2019-06-18,51.30,52.90,51.30,52.35,18410
2019-06-19,55.00,55.00,51.50,51.65,497
2019-06-20,50.50,51.05,49.65,50.30,1953
2019-06-21,49.05,50.05,48.10,50.00,705
2019-06-24,49.00,53.00,48.70,50.00,1220
2019-06-25,53.50,55.95,49.30,49.95,3358
2019-06-26,49.80,52.45,49.75,51.95,7812
2019-06-27,50.20,52.90,50.15,52.10,3451
2019-06-28,51.10,51.10,50.05,50.70,1236
2019-07-01,51.00,51.00,49.50,50.20,2176
2019-07-02,52.55,52.55,50.35,50.50,226
2019-07-03,53.90,53.90,49.05,50.65,361
2019-07-04,50.85,51.70,50.10,50.50,300
2019-07-05,50.25,53.60,50.10,50.20,2702
2019-07-08,49.50,50.40,47.55,49.25,2865
2019-07-09,48.15,51.40,48.10,49.70,1491
2019-07-10,49.55,52.65,49.50,49.50,480
2019-07-11,49.05,52.35,49.00,50.80,646
2019-07-12,48.40,51.40,48.00,49.60,854
2019-07-15,49.00,50.80,47.00,50.20,4999
2019-07-16,50.00,51.10,48.05,50.95,3520
2019-07-17,49.35,51.00,49.35,50.80,397
2019-07-18,50.50,52.80,50.50,51.75,991
2019-07-19,50.60,52.55,49.10,49.75,11426
2019-07-22,49.00,51.75,49.00,50.40,1537
2019-07-23,52.75,52.80,47.40,50.75,1755
2019-07-24,49.00,52.00,48.05,51.50,10913
2019-07-25,50.00,51.90,49.60,51.80,8413
2019-07-26,50.00,52.80,49.00,52.00,14003
2019-07-29,52.00,52.00,49.65,50.85,722
2019-07-30,50.00,50.20,49.10,50.00,1201
2019-07-31,49.60,50.85,46.00,50.15,4616
2019-08-01,47.20,51.60,47.20,51.00,5799
2019-08-02,48.90,52.40,48.00,51.50,10558
2019-08-05,47.80,54.75,47.55,50.50,1842
2019-08-06,50.30,51.50,50.30,51.05,153
2019-08-07,50.00,53.00,48.30,51.65,1128
2019-08-08,49.00,51.30,49.00,51.10,813
2019-08-09,51.70,52.50,51.70,52.50,1314
2019-08-13,50.30,51.80,47.80,51.80,2191
2019-08-14,50.00,51.50,49.05,51.50,3378
2019-08-16,51.05,52.35,49.05,51.50,2830
2019-08-19,51.20,51.95,50.25,51.50,1108
2019-08-20,51.80,51.80,51.80,51.80,511
2019-08-21,51.80,52.40,51.80,52.35,1664
2019-08-22,50.35,53.95,50.00,51.55,17372
2019-08-23,51.50,51.85,50.35,51.80,5805
2019-08-26,52.80,60.00,52.05,52.10,3895
2019-08-27,54.80,54.80,51.80,51.80,3032
2019-08-28,50.00,54.45,49.85,51.90,1715
2019-08-29,50.00,53.80,50.00,52.60,4341
2019-08-30,51.85,52.05,51.80,51.80,213
2019-09-03,50.00,52.85,48.15,52.80,1688
2019-09-04,51.05,53.30,50.10,52.60,916
2019-09-05,52.05,54.90,52.00,53.95,3550
2019-09-06,52.50,53.05,52.10,52.70,2292
2019-09-09,54.30,57.40,52.50,55.00,2160
2019-09-11,53.10,55.00,52.10,53.05,361
2019-09-12,52.50,56.85,52.50,53.10,1235
2019-09-13,52.10,53.50,52.10,53.10,1696
2019-09-16,52.15,53.05,52.15,53.00,1098
2019-09-17,52.90,53.00,52.50,53.00,3903
2019-09-18,52.00,53.05,51.20,52.95,2694
2019-09-19,53.05,53.05,53.00,53.00,3136
2019-09-20,52.05,53.45,50.65,52.00,156
2019-09-23,50.00,53.60,49.05,53.05,5286
2019-09-24,52.00,54.90,50.75,52.50,9861
2019-09-25,53.00,53.20,53.00,53.00,3980
2019-09-26,53.00,53.05,53.00,53.00,6540
2019-09-27,53.00,54.45,53.00,53.00,6725
2019-09-30,53.00,54.30,53.00,53.00,3832
2019-10-01,52.00,53.05,52.00,53.00,7220
2019-10-03,52.95,54.00,52.50,53.45,6481
2019-10-04,52.00,54.70,50.75,53.65,4850
2019-10-07,53.00,53.85,53.00,53.00,291
2019-10-09,54.90,54.90,53.00,53.25,2847
2019-10-10,53.25,53.25,52.15,52.15,501
2019-10-11,57.90,57.90,51.55,54.55,5717
2019-10-14,55.00,58.90,53.20,53.25,3808
2019-10-15,55.80,55.80,53.00,53.00,763
2019-10-16,53.05,54.85,53.00,53.00,3074
2019-10-17,52.75,53.05,50.00,53.00,303
2019-10-18,53.05,53.40,53.00,53.00,2481
2019-10-22,53.00,54.00,53.00,53.80,122
2019-10-23,53.00,54.70,53.00,53.30,1011
2019-10-24,53.25,54.00,53.25,53.50,579
2019-10-25,59.60,77.00,55.95,77.00,112667
2019-10-29,81.90,84.70,79.00,84.70,177548
2019-10-30,88.80,93.00,82.20,84.15,321517
2019-10-31,84.00,84.15,75.75,75.80,76799
2019-11-01,75.80,80.70,68.25,78.15,74187
2019-11-04,78.15,84.00,78.15,81.10,29278
2019-11-05,79.20,81.10,76.30,78.85,14984
2019-11-06,78.20,80.00,75.50,78.15,9763
2019-11-07,82.00,82.05,74.25,75.75,9128
2019-11-08,72.00,78.00,72.00,75.25,7775
2019-11-11,74.00,76.00,72.05,75.25,5461
2019-11-13,72.15,76.00,72.15,73.40,38840
2019-11-14,71.55,74.85,70.55,73.40,3885
2019-11-15,71.55,73.50,71.55,72.55,9354
2019-11-18,72.00,73.50,69.60,73.50,5322
2019-11-19,73.50,73.50,70.40,72.50,4354
2019-11-20,69.10,73.95,69.10,72.50,5155
2019-11-21,69.55,72.50,69.55,71.80,9500
2019-11-22,68.65,72.25,68.65,72.10,7249
2019-11-25,72.25,73.00,71.50,72.20,5592
2019-11-26,73.40,73.40,71.95,72.15,4068
2019-11-27,72.60,74.00,71.30,73.50,5243
2019-11-28,70.05,74.50,70.05,73.55,2524
2019-11-29,74.00,75.00,70.55,74.50,4707
2019-12-02,74.00,75.00,71.40,74.50,3209
2019-12-03,71.35,74.35,71.35,74.00,2907
2019-12-04,70.75,74.30,70.75,71.80,437
2019-12-05,73.95,73.95,68.90,72.75,3695
2019-12-06,74.70,74.70,69.15,71.15,5437
2019-12-09,67.65,73.60,67.65,71.90,6333
2019-12-10,70.95,72.90,69.30,71.10,1130
2019-12-11,71.10,71.10,70.65,71.00,3733
2019-12-12,67.75,73.55,67.75,70.00,3464
2019-12-13,69.10,70.80,69.10,70.05,2218
2019-12-16,70.00,70.05,70.00,70.00,1461
2019-12-17,71.55,71.70,70.00,70.85,3598
2019-12-18,70.05,72.00,70.00,70.40,4192
2019-12-19,68.65,72.35,68.65,70.00,2608
2019-12-20,70.00,72.25,70.00,70.05,3871
2019-12-23,68.30,70.70,67.75,70.35,3051
2019-12-24,68.60,70.85,68.60,70.55,1558
2019-12-26,70.90,72.15,68.75,70.25,3582
2019-12-27,70.25,71.95,68.55,70.20,1873
2019-12-30,68.65,70.65,68.65,70.00,6702
2019-12-31,70.00,71.45,69.05,70.55,3054
2020-01-01,72.40,74.05,70.05,73.95,17493
2020-01-02,77.55,77.55,72.65,75.00,2525
2020-01-03,72.00,75.55,72.00,73.20,9120
2020-01-06,75.80,75.80,70.10,70.80,1449
2020-01-07,73.95,73.95,70.15,71.10,1245
2020-01-08,72.00,72.25,68.80,72.15,2595
2020-01-09,71.05,74.00,71.05,71.65,2170
2020-01-10,68.20,75.00,68.20,71.75,4762
2020-01-13,68.80,73.80,68.80,72.15,4109
2020-01-14,70.00,74.60,70.00,72.25,1524
2020-01-15,69.50,74.40,69.50,72.10,1597
2020-01-16,73.95,75.00,71.45,73.90,2601
2020-01-17,75.00,77.20,71.60,73.90,3065
2020-01-20,76.50,76.50,72.30,73.60,200
2020-01-21,75.50,75.50,71.75,73.00,1413
2020-01-22,73.25,76.60,73.15,75.30,9404
2020-01-23,73.00,76.90,73.00,76.00,7471
2020-01-24,76.35,78.00,75.30,77.00,9561
2020-01-27,77.00,80.00,74.95,76.00,4333
2020-01-28,74.55,77.85,74.55,76.85,1030
2020-01-29,74.15,77.00,74.15,76.00,2632
2020-01-30,74.70,78.45,74.70,76.45,2411
2020-01-31,74.45,77.00,74.45,75.50,1717
2020-02-01,77.00,77.00,73.10,74.00,9542
2020-02-03,71.15,77.00,71.15,75.95,866
2020-02-04,77.30,77.30,72.20,72.25,3546
2020-02-05,75.80,75.80,72.50,74.00,3396
2020-02-06,72.80,77.00,72.80,74.35,6593
2020-02-07,75.00,75.95,70.40,72.15,8941
2020-02-10,71.00,71.25,66.80,69.00,1894
2020-02-11,73.95,73.95,65.95,68.00,2413
2020-02-12,70.50,70.50,67.00,68.00,5532
2020-02-13,61.50,67.10,61.50,62.35,21736
2020-02-14,56.80,64.25,56.80,62.80,5844
2020-02-17,65.20,65.20,57.10,62.15,2351
2020-02-18,57.50,63.55,57.50,61.40,1472
2020-02-19,65.10,65.10,56.95,63.70,2481
2020-02-20,60.00,65.20,60.00,62.65,6205
2020-02-24,64.95,64.95,58.50,62.10,2027
2020-02-25,59.00,64.80,59.00,62.00,1238
2020-02-26,63.50,63.50,60.10,62.00,598
2020-02-27,60.10,67.10,60.10,63.85,4885
2020-02-28,62.30,62.95,61.00,62.80,3468
2020-03-02,62.00,64.95,62.00,63.00,3393
2020-03-03,58.25,63.60,58.00,62.00,5989
2020-03-04,58.85,61.90,58.85,60.00,11358
2020-03-05,60.05,61.80,60.00,60.65,5377
2020-03-06,55.10,62.00,55.10,60.40,5634
2020-03-09,61.90,61.90,56.20,61.55,5748
2020-03-11,57.50,62.00,57.50,61.15,2561
2020-03-12,58.00,61.30,58.00,60.30,8723
2020-03-13,55.15,64.90,55.15,60.25,6952
2020-03-16,58.20,61.00,58.20,60.60,7704
2020-03-17,61.00,61.30,60.00,60.90,5058
2020-03-18,60.00,60.00,57.50,59.00,11554
2020-03-19,61.00,61.00,53.15,56.85,10102
2020-03-20,53.15,60.80,52.60,57.45,28366
2020-03-23,60.00,62.75,52.40,55.95,15033
2020-03-24,51.30,56.10,51.30,55.40,8025
2020-03-25,55.00,57.65,50.75,56.55,890
2020-03-26,55.10,59.90,55.10,58.95,2424
2020-03-27,59.05,61.75,59.00,59.95,5940
2020-03-30,58.00,59.70,57.80,59.50,2848
2020-03-31,57.95,60.55,57.95,59.25,1264
2020-04-01,60.80,63.70,54.10,63.15,20690
2020-04-03,57.35,62.00,57.35,57.70,978
2020-04-07,60.55,61.00,55.10,55.90,5735
2020-04-08,55.10,57.65,55.10,56.45,1777
2020-04-09,55.00,63.50,55.00,60.85,1701
2020-04-13,57.30,63.25,57.30,62.50,140
2020-04-15,64.95,64.95,58.00,59.00,3646
2020-04-16,63.40,64.10,58.20,61.10,10681
2020-04-17,60.00,64.35,59.00,60.00,1987
2020-04-20,62.65,62.65,57.00,59.40,5967
2020-04-21,60.85,62.20,56.30,60.15,4104
2020-04-22,59.00,63.35,59.00,59.05,1683
2020-04-23,62.50,62.50,57.45,60.25,1845
2020-04-24,58.00,63.85,58.00,59.15,1773
2020-04-27,63.20,63.20,55.05,58.50,791
2020-04-28,64.90,64.90,53.25,58.90,571
2020-04-29,55.25,61.50,55.25,58.15,716
2020-04-30,57.50,60.00,56.90,59.55,3261
2020-05-04,59.90,59.90,56.10,58.50,4753
2020-05-05,64.95,64.95,57.55,58.50,930
2020-05-06,60.75,61.50,56.90,58.40,862
2020-05-07,57.50,62.70,56.70,58.95,899
2020-05-08,60.55,60.55,57.15,57.50,2860
2020-05-11,59.45,59.55,56.20,57.50,1016
2020-05-12,62.95,62.95,56.00,60.45,4135
2020-05-13,62.00,63.00,59.30,59.75,2733
2020-05-14,60.55,60.55,57.85,59.30,2176
2020-05-15,59.00,60.90,57.80,59.80,577
2020-05-18,61.05,61.10,58.15,59.80,6643
2020-05-19,59.00,61.65,58.60,59.50,4142
2020-05-20,59.60,59.65,53.80,58.00,12177
2020-05-21,59.50,59.50,56.50,57.50,5374
2020-05-22,59.50,60.00,56.95,59.90,2649
2020-05-26,59.50,59.55,57.95,58.15,3818
2020-05-27,55.70,60.00,55.70,59.95,2924
2020-05-28,59.95,60.40,59.15,59.80,6092
2020-05-29,59.95,59.95,57.00,57.60,250
2020-06-01,57.00,64.80,56.85,61.95,15273
2020-06-02,63.75,63.75,59.00,61.10,3267
2020-06-03,58.10,64.80,58.10,61.10,1046
2020-06-04,61.55,64.05,58.65,61.00,8004
2020-06-05,62.50,62.50,58.25,60.25,9168
2020-06-08,61.55,61.85,58.95,60.55,3399
2020-06-09,63.30,63.30,59.80,61.35,4402
2020-06-10,62.50,73.60,59.05,73.60,68076
2020-06-11,78.90,79.00,63.20,65.45,53495
2020-06-12,64.75,67.50,60.35,65.00,14184
2020-06-15,65.45,66.40,62.50,62.75,3592
2020-06-16,62.50,64.70,61.60,63.00,3454
2020-06-17,63.55,63.95,60.80,61.30,4600
2020-06-18,62.30,62.40,60.85,61.15,4619
2020-06-19,62.50,62.50,60.70,61.50,5890
2020-06-22,63.75,67.00,62.00,65.00,45214
2020-06-23,67.80,67.80,63.15,63.30,3559
2020-06-24,63.45,65.65,62.00,62.50,2270
2020-06-25,64.30,65.00,60.95,64.15,9825
2020-06-26,66.60,67.45,62.25,64.00,4507
2020-06-29,65.55,65.55,61.50,62.30,3126
2020-06-30,63.40,63.45,60.30,60.55,5514
2020-07-01,60.20,64.40,60.15,62.35,2684
2020-07-02,70.40,70.40,50.35,60.60,86754
2020-07-03,61.95,71.30,61.75,65.35,18734
2020-07-06,68.95,74.40,65.35,68.25,131061
2020-07-07,69.95,70.00,63.50,63.85,48082
2020-07-08,66.00,66.00,62.00,62.35,15317
2020-07-09,62.45,63.95,61.10,62.30,10986
2020-07-10,62.05,63.50,59.95,63.20,5732
2020-07-13,64.00,64.00,61.50,61.80,5046
2020-07-14,61.00,63.70,60.20,61.00,3154
2020-07-15,61.05,61.85,60.05,60.40,4559
2020-07-16,60.20,63.00,59.40,62.20,3866
2020-07-17,61.05,61.95,60.20,60.80,3211
2020-07-20,62.15,63.90,60.00,60.30,3894
2020-07-21,60.35,60.75,60.00,60.25,2194
2020-07-22,61.85,61.85,60.00,60.00,1270
2020-07-23,59.55,61.35,59.50,59.75,1724
2020-07-24,58.80,60.90,58.75,59.65,4760
2020-07-27,59.05,60.70,57.10,59.85,2896
2020-07-28,59.40,61.00,58.15,59.10,1663
2020-07-29,60.40,60.40,57.30,58.60,2437
2020-07-30,58.15,60.05,57.50,58.20,2317
2020-07-31,57.65,59.65,57.60,58.20,2082
2020-08-03,58.40,60.00,58.00,58.00,864
2020-08-04,59.45,59.80,57.40,59.00,2687
2020-08-05,58.30,60.45,58.15,59.55,6594
2020-08-06,60.15,60.15,58.80,59.50,2467
2020-08-07,61.10,61.10,59.60,59.65,1066
2020-08-10,58.10,62.30,58.10,60.45,1723
2020-08-11,58.55,61.25,58.55,59.85,2427
2020-08-12,59.05,61.05,59.00,59.60,1548
2020-08-13,61.40,61.40,58.10,58.75,5092
2020-08-14,60.15,60.20,58.10,58.70,5606
2020-08-17,61.70,64.65,58.20,62.45,22276
2020-08-18,64.85,64.90,60.45,61.70,1837
2020-08-19,61.05,64.20,59.05,60.30,6558
2020-08-20,61.60,68.20,58.10,62.30,31139
2020-08-21,64.00,65.50,62.80,64.60,10876
2020-08-24,66.05,66.25,61.10,61.85,7941
2020-08-25,63.55,63.55,60.50,61.70,1832
2020-08-26,61.40,63.35,60.10,61.50,3923
2020-08-27,62.80,63.25,61.20,62.80,9075
2020-08-28,63.50,63.50,61.15,61.85,3190
2020-08-31,61.15,63.55,60.00,60.00,8143
2020-09-01,60.40,62.55,59.95,59.95,1630
2020-09-02,60.25,61.45,57.95,59.65,1361
2020-09-03,61.60,62.40,59.00,59.10,3827
2020-09-04,59.35,61.30,59.00,59.60,1570
2020-09-07,58.65,59.60,58.50,59.10,1294
2020-09-08,60.00,60.40,58.50,58.70,2608
2020-09-09,58.00,59.50,56.00,59.25,1416
2020-09-10,58.40,59.95,58.00,59.00,1560
2020-09-11,58.05,59.45,55.70,58.20,3928
2020-09-14,58.40,60.05,58.00,59.05,1232
2020-09-15,58.10,61.70,57.95,60.00,14915
2020-09-16,61.30,61.30,58.60,59.95,5883
2020-09-17,59.50,60.85,58.65,58.95,2351
2020-09-18,61.35,64.40,59.25,63.25,36741
2020-09-21,63.05,66.35,57.40,59.80,21779
2020-09-22,59.05,62.95,58.20,60.30,16465
2020-09-23,62.50,62.60,60.00,60.00,10745
2020-09-24,57.80,61.25,57.80,59.50,5781
2020-09-25,62.05,62.05,58.95,60.00,7235
2020-09-28,60.05,61.45,59.35,60.20,16111
2020-09-29,60.05,60.50,60.00,60.00,15289
2020-09-30,59.45,65.00,59.45,61.35,64288
2020-10-01,64.00,64.90,59.50,59.95,5874
2020-10-05,60.90,63.45,57.35,59.50,20157
2020-10-06,61.80,62.05,59.00,59.90,15519
2020-10-07,60.00,60.00,59.00,59.05,591
2020-10-08,62.30,62.30,59.00,59.05,2520
2020-10-09,59.15,59.60,58.50,59.00,4311
2020-10-12,58.60,59.95,58.50,59.50,7006
2020-10-13,61.30,61.30,58.70,59.95,1459
2020-10-14,60.60,60.60,58.30,59.70,7117
2020-10-15,59.45,61.25,59.10,59.80,1784
2020-10-16,59.95,61.00,58.65,60.00,7581
2020-10-19,60.55,61.70,59.55,60.20,1770
2020-10-20,60.05,66.00,60.05,62.85,35968
2020-10-21,62.55,64.25,60.05,61.00,4026
2020-10-22,62.15,62.25,59.65,60.35,6141
2020-10-23,60.80,61.95,59.55,60.90,2780
2020-10-26,62.60,62.60,60.50,62.10,2853
2020-10-27,61.85,62.10,58.00,59.40,6296
2020-10-28,60.80,60.80,59.00,59.05,112
2020-10-29,59.40,59.40,58.05,58.50,1409
2020-10-30,59.60,61.30,58.05,60.05,2671
2020-11-02,60.00,61.45,59.25,60.00,11859
2020-11-03,61.85,61.95,59.45,60.20,18759
2020-11-04,60.35,62.90,59.45,61.05,15800
2020-11-05,62.35,62.35,58.50,60.55,15436
2020-11-06,61.20,61.25,60.15,60.60,14908
2020-11-09,61.60,63.35,60.35,61.00,13510
2020-11-10,62.00,63.90,62.00,62.85,41028
2020-11-11,63.90,66.00,62.20,64.40,32210
2020-11-12,64.40,65.35,61.65,63.70,17077
2020-11-13,63.90,65.90,63.70,64.60,26020
2020-11-14,64.20,68.20,64.10,65.25,1791
2020-11-17,65.40,67.75,64.05,64.15,20263
2020-11-18,66.15,69.00,64.10,67.25,33283
2020-11-19,67.25,69.25,66.05,66.35,21187
2020-11-20,68.15,69.50,65.25,67.20,42637
2020-11-23,68.05,70.00,67.00,68.80,25696
2020-11-24,67.40,70.00,66.55,66.80,6200
2020-11-25,69.60,69.60,65.60,66.40,13507
2020-11-26,69.00,69.00,64.75,67.80,13411
2020-11-27,68.90,68.90,66.30,68.25,1919
2020-12-01,69.70,73.50,62.90,70.85,37890
2020-12-02,71.00,72.00,68.00,68.60,9687
2020-12-03,68.05,70.70,67.45,68.30,6221
2020-12-04,68.45,70.00,67.05,69.40,7075
2020-12-07,69.05,74.75,68.05,73.35,44837
2020-12-08,73.05,73.05,70.00,70.95,7783
2020-12-09,71.40,72.85,68.05,68.95,6550
2020-12-10,69.10,69.20,66.30,68.35,10358
2020-12-11,68.00,68.90,67.10,67.95,5078
2020-12-14,71.65,71.65,66.55,69.90,3991
2020-12-15,70.55,70.55,67.30,67.70,2939
2020-12-16,68.05,70.00,67.50,68.35,7455
2020-12-17,69.00,78.90,67.35,73.75,124962
2020-12-18,74.70,74.70,70.50,71.20,13858
2020-12-21,73.40,74.70,66.20,67.20,20055
2020-12-22,69.65,70.55,66.20,68.95,3379
2020-12-23,69.00,76.50,69.00,75.35,42406
2020-12-24,76.90,76.90,71.50,73.40,15395
2020-12-28,75.05,77.00,70.85,73.30,9087
2020-12-29,72.60,74.85,72.15,72.40,4234
2020-12-30,72.45,73.75,70.00,71.25,7063
2020-12-31,74.00,74.00,70.55,72.60,3431
2021-01-01,72.05,73.00,70.20,71.50,4944
2021-01-04,71.05,72.75,70.25,70.85,10008
2021-01-05,70.55,78.50,70.05,77.30,96920
2021-01-06,81.90,82.00,74.10,76.90,52711
2021-01-07,76.00,76.00,72.20,73.15,14079
2021-01-08,73.20,75.00,70.55,71.35,17411
2021-01-11,71.55,75.80,71.50,73.35,18686
2021-01-12,71.95,75.80,71.95,72.65,5517
2021-01-13,72.65,73.90,72.00,72.50,4835
2021-01-14,72.55,84.00,72.00,81.95,255675
2021-01-15,84.90,86.65,75.80,76.25,137913
2021-01-18,76.65,76.65,72.00,72.50,19052
2021-01-19,73.35,76.65,72.65,76.00,14990
2021-01-20,75.15,79.45,74.70,77.45,35557
2021-01-21,76.70,78.60,73.05,73.75,22831
2021-01-22,75.40,75.40,71.30,72.65,12303
2021-01-25,73.05,73.05,70.70,71.90,9465
2021-01-27,70.55,71.00,67.30,68.25,19631
2021-01-28,66.60,69.40,65.45,68.25,6230
2021-01-29,68.45,69.20,66.00,67.20,8244
2021-02-01,66.95,69.90,66.95,68.15,7112
2021-02-02,69.10,70.75,69.10,70.15,13782
2021-02-03,70.90,77.95,69.70,76.85,61121
2021-02-04,77.75,78.00,75.05,76.30,21002
2021-02-05,76.00,76.00,71.10,73.65,14970
2021-02-08,75.90,75.90,72.00,72.55,7733
2021-02-09,72.85,75.50,72.85,73.90,12157
2021-02-10,74.10,74.15,71.60,72.15,6478
2021-02-11,70.65,73.95,69.75,70.60,19026
2021-02-12,71.50,71.50,68.05,70.25,8175
2021-02-15,70.25,71.55,70.25,70.85,5127
2021-02-16,71.90,71.90,69.70,70.65,3436
2021-02-17,69.05,72.05,68.70,70.45,14961
2021-02-18,70.90,73.00,70.25,71.25,8124
2021-02-19,72.80,72.80,70.00,71.05,5471
2021-02-22,72.00,72.45,68.40,69.80,6874
2021-02-23,70.75,71.25,68.50,69.55,8998
2021-02-24,70.00,72.90,68.25,70.60,1949
2021-02-25,70.00,70.00,69.00,69.40,2478
2021-02-26,68.20,71.50,68.20,70.10,3454
2021-03-01,70.50,71.80,69.50,71.00,3426
2021-03-02,70.70,71.00,69.80,70.20,6078
2021-03-03,70.90,72.65,69.65,70.95,25745
2021-03-04,70.10,73.80,69.50,72.25,8400
2021-03-05,72.60,72.60,69.50,70.15,6326
2021-03-08,71.70,71.70,67.30,68.65,9525
2021-03-09,70.00,74.75,69.00,72.65,29184
2021-03-10,74.35,74.35,70.00,70.00,7751
2021-03-12,71.20,72.85,70.00,70.15,13623
2021-03-15,70.05,70.90,68.60,69.75,2274
2021-03-16,70.70,72.95,69.05,70.25,9174
2021-03-17,70.60,71.65,70.00,70.90,4994
2021-03-18,70.55,70.55,68.60,69.85,14494
2021-03-19,69.20,70.70,66.25,69.80,4731
2021-03-22,71.40,71.45,69.90,70.00,1685
2021-03-23,70.20,70.20,68.30,69.10,15110
2021-03-24,69.60,71.90,69.00,70.25,10555
2021-03-25,69.00,71.70,69.00,70.00,3797
2021-03-26,70.05,71.10,69.85,70.05,2961
2021-03-30,70.60,71.40,70.00,70.05,2521
2021-03-31,71.15,71.40,69.05,70.05,1382
2021-04-01,69.10,70.90,68.65,70.05,2841
2021-04-05,70.60,71.35,69.00,70.00,1774
2021-04-06,70.60,71.80,70.10,70.25,5668
2021-04-07,70.70,73.70,69.65,72.40,21877
2021-04-08,72.40,72.95,70.50,72.50,5865
2021-04-09,72.60,74.40,71.30,73.15,9989
2021-04-12,73.10,73.10,69.55,70.10,10660
2021-04-13,71.65,72.90,70.20,72.05,1917
2021-04-15,72.00,72.95,69.55,70.00,9257
2021-04-16,70.00,71.15,69.65,70.05,1375
2021-04-19,69.50,71.55,67.50,70.00,5659
2021-04-20,71.45,72.40,70.00,70.70,6880
2021-04-22,70.35,70.95,69.90,70.00,7408
2021-04-23,71.25,71.90,69.90,70.00,7299
2021-04-26,71.85,71.90,70.00,70.05,1363
2021-04-27,69.05,70.95,69.05,70.00,1546
2021-04-28,69.85,70.75,69.80,70.55,2043
2021-04-29,70.85,75.55,69.30,72.45,41835
2021-04-30,73.25,73.55,70.50,71.10,6657
2021-05-03,73.20,73.20,70.00,70.30,3441
2021-05-04,71.70,72.30,70.55,71.05,3476
2021-05-05,71.35,71.35,70.00,70.90,4863
2021-05-06,70.80,85.05,70.75,84.45,506419
2021-05-07,84.80,84.80,75.00,76.70,145418
2021-05-10,77.00,79.50,74.00,75.50,29020
2021-05-11,76.45,77.00,72.35,73.65,26311
2021-05-12,73.65,75.90,72.55,72.85,15117
2021-05-14,73.40,74.65,71.15,71.50,13377
2021-05-17,72.45,73.20,71.00,71.80,18960
2021-05-18,73.65,84.60,72.30,77.20,238783
2021-05-19,77.85,81.70,75.40,76.80,63407
2021-05-20,76.80,78.35,76.00,76.55,9626
2021-05-21,77.80,85.35,77.10,81.80,221438
2021-05-24,83.90,85.90,80.00,83.10,75501
2021-05-25,82.95,83.00,80.15,81.05,24489
2021-05-26,82.70,82.80,80.55,81.00,8127
2021-05-27,80.00,95.80,80.00,93.25,682583
2021-05-28,95.50,96.15,88.85,89.60,96720
2021-05-31,89.75,103.55,86.10,99.80,304130
2021-06-01,105.00,110.95,100.50,103.55,383678
2021-06-02,105.90,105.90,101.00,101.95,52162
2021-06-03,101.00,108.70,101.00,103.45,131870
2021-06-04,103.30,107.00,103.30,103.80,65403
2021-06-07,104.00,104.70,100.00,100.35,29870
2021-06-08,98.70,103.95,95.65,96.60,29196
2021-06-09,97.60,100.75,95.10,95.70,23500
2021-06-10,96.50,98.95,96.20,97.90,16453
2021-06-11,99.90,99.90,97.60,97.95,9642
2021-06-14,99.85,99.85,93.35,95.65,16656
2021-06-15,97.65,99.25,95.25,98.10,28013
2021-06-16,100.00,108.00,98.20,107.15,144474
2021-06-17,104.20,110.00,102.70,103.55,83216
2021-06-18,104.75,106.80,98.25,99.55,27068
2021-06-21,99.10,103.50,96.30,101.70,30890
2021-06-22,104.80,104.80,98.25,98.85,15208
2021-06-23,101.15,101.35,98.10,98.70,8940
2021-06-24,99.80,99.80,96.35,97.10,7852
2021-06-25,99.50,105.40,96.70,99.45,35838
2021-06-28,102.80,104.75,94.80,103.30,54351
2021-06-29,105.00,105.95,100.30,101.60,21548
2021-06-30,104.40,104.45,89.30,98.20,23786
2021-07-01,99.00,99.90,96.85,98.15,15959
2021-07-02,97.00,102.50,94.60,99.00,31844
2021-07-05,102.25,113.00,99.00,109.20,364020
2021-07-06,110.60,114.40,105.00,105.85,96246
2021-07-07,105.00,108.85,103.25,104.90,26838
2021-07-08,105.95,107.20,101.10,101.90,16714
2021-07-09,104.10,111.00,100.05,108.50,38222
2021-07-12,110.80,116.75,106.55,111.30,315200
2021-07-13,114.00,114.00,108.55,109.20,29810
2021-07-14,108.15,109.90,107.05,107.50,15811
2021-07-15,109.65,115.30,108.30,110.85,88203
2021-07-16,112.50,115.30,110.10,110.95,61979
2021-07-19,109.00,117.80,109.00,111.80,71582
2021-07-20,112.60,113.95,107.30,109.65,28511
2021-07-22,110.50,112.95,108.00,109.30,22486
2021-07-23,111.75,111.75,105.00,108.35,29953
2021-07-26,106.40,111.25,105.35,107.50,25326
2021-07-27,107.65,110.00,107.05,107.70,14373
2021-07-28,107.05,109.00,105.05,107.70,10554
2021-07-29,106.50,112.00,106.50,108.10,20114
2021-07-30,108.05,110.85,107.10,108.35,8437
2021-08-02,110.00,120.00,109.50,117.00,252390
2021-08-03,117.40,117.40,112.00,112.55,41049
2021-08-04,113.70,115.35,107.00,107.65,29310
2021-08-05,108.95,120.90,107.65,114.50,363014
2021-08-06,114.50,115.90,111.20,112.50,41759
2021-08-09,112.50,118.95,107.00,110.80,182052
2021-08-10,108.65,113.00,94.10,101.00,58541
2021-08-11,104.80,104.80,95.60,98.50,28570
2021-08-12,100.50,104.90,99.95,103.20,12692
2021-08-13,104.35,112.00,102.60,104.80,66869
2021-08-16,105.90,105.90,100.45,102.20,11072
2021-08-17,101.05,116.90,101.05,111.80,66291
2021-08-18,117.00,121.70,101.90,104.80,415452
2021-08-20,104.00,107.05,101.90,102.90,23328
2021-08-23,103.10,106.15,97.80,100.05,24237
2021-08-24,98.25,100.45,97.10,98.80,15456
2021-08-25,103.00,111.00,96.20,109.15,85495
2021-08-26,110.00,111.00,104.00,105.10,30470
2021-08-27,108.00,112.75,104.75,106.05,84344
2021-08-30,111.50,111.50,105.15,106.70,21968
2021-08-31,105.20,108.00,104.35,105.10,13219
2021-09-01,105.10,108.50,105.00,105.20,13596
2021-09-02,104.50,106.00,104.00,104.40,13615
2021-09-03,104.40,108.00,104.05,104.85,8103
2021-09-06,106.00,107.20,101.00,103.55,12764
2021-09-07,106.95,106.95,103.05,104.00,13941
2021-09-08,104.25,105.40,102.70,103.05,8292
2021-09-09,101.25,104.80,101.25,103.25,10318
2021-09-13,102.70,105.55,101.55,103.20,6895
2021-09-14,104.80,115.00,102.85,107.85,196226
2021-09-15,107.50,109.00,106.10,107.20,15884
2021-09-16,108.75,108.95,104.70,105.15,18946
2021-09-17,105.90,106.30,104.00,104.30,10854
2021-09-20,104.00,104.65,102.70,103.25,10271
2021-09-21,103.40,105.00,102.15,103.95,11178
2021-09-22,104.00,104.75,102.20,103.15,13302
2021-09-23,103.20,104.65,102.20,102.55,23992
2021-09-24,103.50,103.55,101.60,102.10,8194
2021-09-27,101.30,103.75,101.30,102.00,6346
2021-09-28,102.00,104.75,101.80,103.05,14292
2021-09-29,103.90,103.90,101.90,102.15,5625
2021-09-30,102.35,103.50,101.50,101.75,6876
2021-10-01,103.00,103.80,101.10,102.40,13309
2021-10-04,102.80,103.80,101.70,101.90,9191
2021-10-05,103.75,103.75,100.10,102.55,11142
2021-10-06,103.90,103.90,101.00,101.40,10398
2021-10-07,102.95,103.00,101.65,101.90,8338
2021-10-08,101.90,104.95,101.10,101.50,16481
2021-10-11,101.20,116.00,101.20,108.30,223696
2021-10-12,108.75,109.70,103.30,104.20,37797
2021-10-13,103.25,106.90,103.25,105.40,15160
2021-10-14,106.00,107.00,104.00,104.40,18832
2021-10-18,104.00,104.20,101.50,102.30,16580
2021-10-19,107.05,107.05,101.10,101.65,16452
2021-10-20,104.45,104.75,100.50,100.85,10015
2021-10-21,102.95,102.95,98.80,99.50,8022
2021-10-22,99.30,101.95,98.80,99.35,10081
2021-10-25,96.40,101.00,96.40,99.55,12188
2021-10-26,100.90,101.75,99.10,99.95,3223
2021-10-27,102.50,102.50,99.50,100.95,6548
2021-10-28,100.20,102.50,99.00,99.55,4961
2021-10-29,98.60,100.25,96.65,98.75,8484
2021-11-01,98.55,99.95,98.20,98.70,1676
2021-11-02,99.30,100.75,98.20,98.45,4168
2021-11-03,98.45,109.00,98.45,102.15,22972
2021-11-04,102.15,104.70,100.10,100.95,4026
2021-11-08,101.50,101.50,98.00,100.65,14096
2021-11-09,100.65,101.95,99.55,100.80,6633
2021-11-10,102.80,102.80,100.10,100.20,2129
2021-11-11,99.50,107.95,99.15,104.00,50066
2021-11-12,105.70,105.70,101.50,101.90,6598
2021-11-15,101.90,101.95,95.05,100.10,5650
2021-11-16,101.90,101.90,98.90,99.15,6761
2021-11-17,99.05,100.00,97.25,99.55,2344
2021-11-18,100.00,101.20,96.60,97.55,12306
2021-11-22,97.50,100.40,96.00,97.80,11223
2021-11-23,98.90,99.05,95.00,96.10,16853
2021-11-24,98.45,98.45,95.25,96.00,4671
2021-11-25,96.05,97.60,95.60,97.20,2497
2021-11-26,96.50,97.85,94.10,94.95,3687
2021-11-29,94.00,94.10,90.50,91.10,4727
2021-11-30,97.35,97.35,91.25,92.05,7912
2021-12-01,90.30,93.95,90.30,93.10,1777
2021-12-02,94.45,94.45,91.80,93.10,7652
2021-12-03,93.95,95.45,92.10,92.50,7370
2021-12-06,94.35,94.35,92.20,93.10,4082
2021-12-07,93.10,93.95,92.05,92.20,6533
2021-12-08,94.95,94.95,92.50,93.30,4269
2021-12-09,93.00,94.85,92.35,92.70,9271
2021-12-10,92.70,94.95,92.55,93.70,3525
2021-12-13,95.90,95.90,92.70,93.85,3703
2021-12-14,93.00,94.85,92.55,93.15,5363
2021-12-15,93.10,109.35,93.05,103.95,206773
2021-12-16,105.00,107.90,102.15,103.70,52320
2021-12-17,103.10,103.10,97.90,99.45,10347
2021-12-20,96.85,99.25,96.60,97.30,4057
2021-12-21,96.10,99.45,96.00,97.00,3688
2021-12-22,97.95,98.50,96.10,96.90,5724
2021-12-23,96.95,98.45,96.00,96.50,4172
2021-12-24,97.70,98.00,95.15,96.10,3508
2021-12-27,96.00,98.00,95.65,96.95,6195
2021-12-28,99.00,99.50,96.30,96.90,4059
2021-12-29,97.00,114.70,97.00,103.00,339141
2021-12-30,103.90,113.00,98.00,110.45,236164
2021-12-31,111.90,130.00,111.00,115.00,860818
2022-01-03,115.00,115.80,111.00,111.90,51565
2022-01-04,111.90,114.00,107.05,107.65,54269
2022-01-05,110.00,124.95,105.10,119.75,412473
2022-01-06,119.50,130.95,117.05,123.40,681160
2022-01-07,123.15,128.60,121.25,123.00,120385
2022-01-10,125.50,125.50,118.00,118.75,58984
2022-01-11,118.75,122.00,115.00,115.75,40373
2022-01-12,118.65,119.25,113.00,113.95,34207
2022-01-13,116.00,116.00,111.00,112.60,33425
2022-01-14,114.50,116.50,111.00,112.65,20725
2022-01-17,111.50,115.80,111.50,114.90,34540
2022-01-18,114.00,115.70,110.00,111.80,20914
2022-01-19,111.65,118.60,111.65,114.30,21533
2022-01-20,114.30,114.30,111.00,111.80,15592
2022-01-21,115.80,115.80,108.00,109.80,18078
2022-01-24,109.85,113.45,108.00,108.10,26900
2022-01-25,111.75,111.75,101.05,108.75,19854
2022-01-27,110.00,110.55,106.50,107.05,6424
2022-01-28,107.05,109.95,105.35,106.80,11798
2022-01-31,108.00,109.95,102.00,102.95,27043
2022-02-01,102.15,105.35,102.15,104.05,9145
2022-02-02,106.95,108.35,105.10,105.65,6313
2022-02-03,106.10,106.15,102.20,103.30,8491
2022-02-04,105.00,109.90,102.65,108.35,11431
2022-02-07,108.35,114.90,106.45,110.75,46790
2022-02-08,114.90,114.90,105.35,107.55,22102
2022-02-09,110.95,110.95,105.35,106.55,9402
2022-02-10,105.30,108.05,104.00,106.65,10776
2022-02-11,105.50,107.50,104.05,104.55,10454
2022-02-14,103.00,103.05,99.10,99.85,12257
2022-02-15,99.65,102.55,98.00,99.00,7790
2022-02-16,102.05,103.45,98.55,99.80,10485
2022-02-17,99.80,100.90,99.50,99.60,2586
2022-02-18,100.95,100.95,96.70,97.90,4890
2022-02-21,97.10,97.55,93.35,93.95,10313
2022-02-22,93.95,93.95,90.00,92.05,23135
2022-02-23,92.00,92.00,87.05,88.95,13712
2022-02-24,86.50,86.50,75.35,77.95,29502
2022-02-25,77.50,83.90,77.50,82.00,8878
2022-02-28,82.05,87.40,81.00,86.20,6984
2022-03-02,85.00,88.75,83.60,87.20,4385
2022-03-03,91.95,91.95,88.00,88.75,2576
2022-03-04,87.00,89.45,85.10,86.05,2688
2022-03-07,85.00,88.50,82.00,84.80,3830
2022-03-08,86.40,89.85,82.00,86.00,4794
2022-03-09,89.00,89.00,84.05,88.25,5885
2022-03-10,88.95,99.90,87.20,95.05,13106
2022-03-11,96.00,103.00,92.95,99.10,19199
2022-03-14,100.50,100.50,96.35,97.25,4255
2022-03-15,97.25,97.25,92.15,92.80,4943
2022-03-16,93.70,95.65,92.15,93.40,7021
2022-03-17,94.95,112.05,92.75,107.40,252795
2022-03-21,106.20,106.85,100.30,101.20,32564
2022-03-22,103.20,103.85,99.00,100.40,16187
2022-03-23,101.60,102.90,96.05,96.65,37899
2022-03-24,94.20,97.55,94.20,96.40,16043
2022-03-25,98.00,98.00,94.20,95.00,9390
2022-03-28,94.00,96.00,93.10,93.90,6134
2022-03-29,96.00,96.00,89.20,90.30,15950
2022-03-30,91.90,92.50,91.00,91.40,8946
2022-03-31,93.85,93.85,89.40,90.30,8441
2022-04-01,93.90,93.90,90.10,92.35,14998
2022-04-04,93.65,100.00,93.00,98.55,33492
2022-04-05,96.60,118.00,96.60,115.25,539420
2022-04-06,115.00,120.00,111.30,115.90,258347
2022-04-07,117.45,120.95,115.00,115.90,200115
2022-04-08,114.05,118.00,113.75,114.10,18990
2022-04-11,114.95,114.95,109.50,110.35,25009
2022-04-12,110.25,110.90,107.10,107.40,10888
2022-04-13,110.70,110.70,106.00,106.85,16091
2022-04-18,108.00,108.00,104.45,105.60,8390
2022-04-19,104.30,109.50,104.00,105.90,12754
2022-04-20,108.40,108.50,101.50,103.05,10225
2022-04-21,103.05,106.90,100.90,101.55,26302
2022-04-22,104.90,104.90,101.05,103.15,9620
2022-04-25,105.40,114.95,100.00,107.85,120024
2022-04-26,108.10,112.90,105.60,106.60,19116
2022-04-27,105.10,108.25,104.60,105.10,10550
2022-04-28,104.00,108.00,103.00,104.55,12489
2022-04-29,106.50,106.50,100.15,101.40,15477
2022-05-02,101.10,104.70,101.10,102.20,10954
2022-05-04,102.25,103.80,98.30,99.40,10678
2022-05-05,102.60,105.00,100.10,102.95,10149
2022-05-06,99.25,101.00,98.50,100.40,5820
2022-05-09,99.10,102.00,97.00,98.20,7211
2022-05-10,99.05,101.80,95.50,97.35,11779
2022-05-11,97.35,97.35,88.00,90.80,11717
2022-05-12,87.55,89.00,81.05,81.70,34472
2022-05-13,85.00,88.95,84.30,87.80,16266
2022-05-16,89.95,89.95,80.00,81.50,40875
2022-05-17,84.80,96.15,79.35,92.35,113132
2022-05-18,93.50,93.60,90.00,90.25,17263
2022-05-19,90.00,90.20,87.00,88.65,10730
2022-05-20,89.05,92.95,89.05,89.95,10379
2022-05-23,89.95,91.95,89.25,89.55,4698
2022-05-24,90.25,91.45,83.35,84.25,14759
2022-05-25,83.75,86.00,79.05,85.05,26927
2022-05-26,85.35,85.35,80.60,82.00,11619
2022-05-27,83.70,88.00,83.05,85.05,3569
2022-05-30,87.00,89.70,85.10,88.15,10922
2022-05-31,85.30,89.50,85.30,88.15,3575
2022-06-01,88.15,89.25,87.00,87.40,3794
2022-06-02,87.05,96.05,86.50,93.30,42250
2022-06-03,94.00,103.30,90.85,95.05,237258
2022-06-06,93.80,95.65,91.60,91.80,12182
2022-06-07,92.00,92.80,90.10,90.25,3062
2022-06-08,90.40,90.40,88.20,88.40,9529
2022-06-09,88.40,89.70,85.35,87.50,14879
2022-06-10,88.10,90.00,86.50,87.35,7571
2022-06-13,88.65,89.80,85.00,88.05,18000
2022-06-14,88.00,89.05,85.10,85.50,2154
2022-06-15,86.75,89.65,84.95,88.85,8936
2022-06-16,88.10,89.95,85.50,87.45,9084
2022-06-17,86.95,88.20,82.35,85.10,14643
2022-06-20,85.10,87.80,83.30,84.40,6566
2022-06-21,83.95,89.80,83.95,87.50,12092
2022-06-22,88.30,88.30,85.60,87.25,4704
2022-06-23,86.65,88.50,86.65,87.95,6031
2022-06-24,87.90,87.95,87.00,87.45,1298
2022-06-27,88.75,89.95,86.20,87.15,4802
2022-06-28,87.15,88.45,86.65,88.20,1130
2022-06-29,87.00,89.45,86.40,88.95,1360
2022-06-30,89.90,89.90,85.85,86.40,5495
2022-07-01,86.25,89.65,84.60,87.75,4990
2022-07-04,87.00,94.45,86.50,87.55,24972
2022-07-05,87.40,89.00,87.15,87.80,1968
2022-07-06,87.00,90.65,86.50,89.40,3689
2022-07-07,90.65,92.50,88.25,90.25,5001
2022-07-08,89.80,90.80,87.35,88.25,3313
2022-07-11,89.55,90.35,87.60,90.05,1680
2022-07-12,87.50,90.00,87.50,88.80,967
2022-07-13,88.00,100.00,87.80,92.45,58268
2022-07-14,92.40,94.55,90.30,91.30,8923
2022-07-15,92.65,95.45,91.15,92.75,5206
2022-07-18,94.05,94.05,90.35,91.00,5296
2022-07-19,92.35,92.35,89.60,90.05,5344
2022-07-20,90.60,91.90,90.05,90.35,3337
2022-07-21,90.00,92.35,89.05,91.25,7841
2022-07-22,90.15,91.30,89.00,89.80,8043
2022-07-25,91.00,91.95,89.30,90.35,5116
2022-07-26,91.30,92.15,89.20,90.80,7477
2022-07-27,91.45,91.45,89.50,90.00,1332
2022-07-28,90.00,91.35,89.00,89.00,3261
2022-07-29,90.00,90.25,89.00,89.80,9108
2022-08-01,89.05,90.65,89.00,89.20,19634
2022-08-02,90.85,90.85,86.75,88.60,38293
2022-08-03,90.00,91.90,86.55,89.45,38741
2022-08-04,89.90,91.95,89.05,90.05,34807
2022-08-05,94.00,97.45,89.35,96.35,106812
2022-08-08,97.50,104.95,93.70,100.55,256365
2022-08-10,100.90,100.90,97.55,98.10,29767
2022-08-11,99.45,99.45,93.35,94.55,9534
2022-08-12,95.90,95.90,91.70,92.20,45556
2022-08-16,93.60,94.50,91.20,93.25,57570
2022-08-17,94.50,99.20,92.50,94.95,73270
2022-08-18,97.20,102.80,95.00,99.20,85963
2022-08-19,100.65,103.70,94.95,101.90,185999
2022-08-22,101.50,113.00,98.80,109.90,316658
2022-08-23,111.80,114.95,109.00,111.20,94569
2022-08-24,111.95,111.95,106.25,107.05,33128
2022-08-25,106.55,108.10,102.80,103.65,33300
2022-08-26,102.90,104.90,101.00,101.90,15634
2022-08-29,97.95,99.80,96.75,98.10,28679
2022-08-30,99.00,106.25,98.25,102.15,40216
2022-09-01,101.80,102.95,100.00,100.20,8765
2022-09-02,100.00,101.40,98.15,99.05,56287
2022-09-05,100.45,104.00,98.00,102.35,34138
2022-09-06,104.80,105.95,100.75,102.00,38836
2022-09-07,102.00,103.10,101.20,101.85,8169
2022-09-08,102.50,108.55,101.90,105.10,49058
2022-09-09,104.90,109.80,103.00,104.40,42184
2022-09-12,104.40,108.25,103.50,106.05,21453
2022-09-13,107.00,107.00,104.00,105.50,75270
2022-09-14,106.00,112.40,103.65,108.60,113299
2022-09-15,109.00,113.75,109.00,110.90,57645
2022-09-16,112.55,112.65,105.00,106.10,36004
2022-09-19,105.15,106.95,103.00,104.05,11142
2022-09-20,102.60,106.40,102.35,103.15,22381
2022-09-21,102.25,103.65,101.00,101.85,12146
2022-09-22,102.70,102.70,100.25,101.95,4689
2022-09-23,100.70,101.60,99.05,99.80,8426
2022-09-26,99.25,99.90,93.65,96.40,44062
2022-09-27,95.25,99.55,94.00,97.55,21162
2022-09-28,95.00,98.35,94.85,96.00,5500
2022-09-29,100.45,100.45,94.45,96.95,8343
2022-09-30,97.60,99.40,97.50,98.55,4804
2022-10-03,101.90,101.90,96.00,97.10,4027
2022-10-04,98.55,100.75,95.15,95.85,11134
2022-10-06,95.50,99.50,95.50,97.70,11071
2022-10-07,96.10,98.95,96.10,97.50,6102
2022-10-10,98.65,101.00,97.00,99.05,4420
2022-10-11,97.25,99.45,96.80,97.35,3579
2022-10-12,97.55,98.75,96.45,97.05,3042
2022-10-13,96.50,97.55,95.35,96.25,2025
2022-10-14,96.60,104.60,95.80,101.90,114188
2022-10-17,103.35,109.95,99.30,102.55,33822
2022-10-18,105.00,105.00,100.35,100.70,10025
2022-10-19,100.00,102.35,98.00,98.65,11298
2022-10-20,98.05,99.80,98.00,99.00,5910
2022-10-21,98.10,99.80,97.70,97.90,2440
2022-10-24,99.30,104.00,99.30,100.80,3254
2022-10-25,99.00,102.70,97.00,98.55,12399
2022-10-27,97.70,99.65,97.50,98.10,9281
2022-10-28,99.55,99.55,97.00,98.35,5506
2022-10-31,99.75,100.90,97.00,100.30,14204
2022-11-01,100.95,100.95,99.05,100.10,18497
2022-11-02,101.00,104.45,99.55,103.60,16795
2022-11-03,104.00,104.00,101.20,102.50,23081
2022-11-04,102.90,102.90,100.00,100.70,3333
2022-11-07,100.15,111.40,99.70,103.70,106717
2022-11-09,103.50,106.90,102.00,103.25,28923
2022-11-10,103.25,112.00,103.20,108.60,93396
2022-11-11,111.00,111.00,103.50,104.25,36866
2022-11-14,103.10,107.00,100.00,102.70,54481
2022-11-15,100.50,108.00,95.80,101.90,21252
2022-11-16,100.30,103.90,100.30,103.55,5781
2022-11-17,101.60,103.35,101.60,102.45,4630
2022-11-18,102.45,103.55,99.00,99.55,13233
2022-11-21,99.50,100.75,99.05,99.45,6325
2022-11-22,99.45,100.70,98.35,98.70,3548
2022-11-23,98.90,103.85,96.60,100.30,21465
2022-11-24,99.00,102.00,97.95,99.20,5506
2022-11-25,100.65,100.65,98.65,100.00,3586
2022-11-28,100.05,100.50,98.00,98.25,6131
2022-11-29,98.75,99.50,97.30,97.45,16010
2022-11-30,97.85,99.70,97.50,97.95,6171
2022-12-01,97.50,98.50,96.65,97.25,5256
2022-12-02,96.10,109.70,96.10,106.75,153951
2022-12-05,106.15,114.50,103.80,110.25,242124
2022-12-06,110.25,110.25,105.00,106.35,114853
2022-12-07,108.00,108.00,104.30,105.05,17442
2022-12-08,104.65,106.00,103.20,105.40,9846
2022-12-09,103.50,107.45,97.10,99.25,33830
2022-12-12,99.50,101.60,99.50,101.20,9131
2022-12-13,102.55,103.50,99.80,100.50,8311
2022-12-14,100.50,102.00,100.00,100.80,4489
2022-12-15,100.90,101.85,100.50,100.75,3371
2022-12-16,102.25,102.25,98.35,99.05,8886
2022-12-19,100.00,104.85,99.00,102.95,36666
2022-12-20,102.90,103.00,99.80,100.80,9945
2022-12-21,100.90,101.20,98.00,98.75,8894
2022-12-22,97.15,98.95,95.00,96.80,7555
2022-12-23,96.00,96.00,92.00,92.45,9774
2022-12-26,92.70,96.70,90.95,95.65,7250
2022-12-27,97.00,97.90,95.10,97.20,7397
2022-12-28,97.50,98.00,97.00,97.75,1296
2022-12-29,97.00,98.70,95.95,97.80,3194
2022-12-30,97.85,102.45,97.85,101.05,7983
2023-01-02,100.95,101.00,98.55,99.40,3309
2023-01-03,99.35,101.80,97.25,99.35,3686
2023-01-04,99.25,99.25,97.00,97.95,3350
2023-01-05,97.95,99.40,96.00,98.45,1729
2023-01-06,96.25,98.45,96.00,96.40,3501
2023-01-09,100.00,107.00,97.00,102.60,70111
2023-01-10,102.55,103.35,100.30,101.20,6451
2023-01-11,102.60,102.60,99.15,99.25,9168
2023-01-12,99.90,99.95,98.70,98.90,3768
2023-01-13,98.90,103.95,96.80,101.00,18812
2023-01-16,101.00,106.55,99.55,103.20,81891
2023-01-17,104.65,105.55,100.50,102.50,38038
2023-01-18,100.60,101.50,99.20,99.60,24780
2023-01-19,99.60,100.30,97.55,98.35,9496
2023-01-20,98.35,99.60,97.50,98.05,7114
2023-01-23,98.10,99.95,97.10,97.40,7382
2023-01-24,98.80,98.80,97.30,97.45,3558
2023-01-25,97.45,98.30,96.65,98.00,4017
2023-01-27,98.40,98.40,93.70,94.45,4277
2023-01-30,95.45,95.85,91.10,91.70,7417
2023-01-31,93.00,96.95,91.60,95.05,2531
2023-02-01,96.45,96.45,91.00,92.20,6361
2023-02-02,92.00,100.90,92.00,98.35,58638
2023-02-03,99.75,99.75,95.00,96.25,7069
2023-02-06,97.65,97.65,94.10,94.65,2997
2023-02-07,96.05,97.00,94.00,96.45,3997
2023-02-08,95.65,95.65,92.45,94.85,4553
2023-02-09,94.05,95.50,94.05,94.60,2545
2023-02-10,95.15,95.70,92.60,93.30,1286
2023-02-13,92.20,95.95,92.20,93.30,4508
2023-02-14,95.95,95.95,92.10,93.15,1891
2023-02-15,97.95,97.95,92.30,94.20,2601
2023-02-16,94.95,94.95,92.50,93.20,5317
2023-02-17,93.65,93.75,92.10,92.75,3314
2023-02-20,93.00,93.70,92.65,93.05,980
2023-02-21,93.00,93.90,93.00,93.30,1524
2023-02-22,93.30,94.60,92.30,93.05,3695
2023-02-23,93.55,94.45,93.00,93.05,5327
2023-02-24,93.20,93.45,93.00,93.00,3053
2023-02-27,93.00,93.00,92.00,92.30,4746
2023-02-28,92.30,92.95,91.90,92.55,4335
2023-03-01,93.80,94.00,92.35,93.20,2679
2023-03-02,92.20,94.55,92.20,93.20,2683
2023-03-03,93.45,94.30,93.00,93.15,1694
2023-03-06,94.50,94.50,93.10,93.70,2489
2023-03-08,94.00,94.05,93.00,93.20,1830
2023-03-09,94.55,94.55,92.20,93.00,1720
2023-03-10,90.35,93.60,90.35,92.55,1144
2023-03-13,90.30,93.90,90.30,92.40,7859
2023-03-14,93.00,93.35,92.50,92.70,1107
2023-03-15,92.00,92.10,91.00,92.00,7493
2023-03-16,90.20,92.90,90.20,92.05,3458
2023-03-17,93.00,93.60,92.50,92.95,4682
2023-03-20,93.00,93.05,92.50,93.00,6330
2023-03-21,92.10,94.25,92.05,93.00,3146
2023-03-22,91.45,93.75,91.25,92.95,3460
2023-03-23,93.05,93.85,92.80,93.10,5803
2023-03-24,93.95,97.40,92.50,93.60,7664
2023-03-27,94.85,96.60,92.50,92.75,10698
2023-03-28,92.10,92.10,88.20,89.80,12514
2023-03-29,89.50,90.95,89.45,90.35,4428
2023-03-31,90.85,92.20,88.50,88.90,7390
2023-04-03,88.90,92.70,88.25,91.35,4163
2023-04-05,92.00,102.40,92.00,96.80,73699
2023-04-06,96.80,96.80,92.50,94.35,6363
2023-04-10,94.20,100.95,94.05,98.10,31283
2023-04-11,98.10,101.50,93.10,100.65,47535
2023-04-12,100.45,100.50,98.05,99.45,6301
2023-04-13,100.00,100.00,95.60,96.10,5919
2023-04-17,96.45,97.10,94.00,94.55,1826
2023-04-18,94.55,95.95,93.00,94.05,5339
2023-04-19,93.90,96.35,92.65,94.20,6931
2023-04-20,94.20,95.55,93.00,93.60,4158
2023-04-21,92.15,95.55,92.15,94.70,3874
2023-04-24,95.95,96.00,94.00,94.50,1649
2023-04-25,93.50,95.75,93.50,95.25,3742
2023-04-26,95.60,95.80,93.70,95.05,905
2023-04-27,94.50,96.00,94.00,94.00,3071
2023-04-28,94.20,95.60,94.10,94.90,2936
2023-05-02,98.95,98.95,94.90,95.55,1868
2023-05-03,96.95,96.95,94.05,94.55,1604
2023-05-04,94.60,95.90,93.55,93.85,4080
2023-05-05,94.05,95.00,93.10,93.40,2058
2023-05-08,95.00,99.50,93.50,94.85,48776
2023-05-09,94.40,95.35,93.10,93.40,7627
2023-05-10,95.00,95.00,92.55,93.10,5453
2023-05-11,93.35,94.75,92.90,93.00,1893
2023-05-12,94.90,94.90,92.50,92.60,2441
2023-05-15,95.00,95.50,93.80,94.30,6555
2023-05-16,95.95,95.95,93.15,93.40,1990
2023-05-17,93.40,95.10,92.85,94.55,3544
2023-05-18,95.15,95.35,93.50,93.65,2955
2023-05-19,93.50,93.90,89.10,91.65,7881
2023-05-22,91.60,93.90,88.50,92.55,5131
2023-05-23,92.60,93.65,90.35,91.40,7214
2023-05-24,92.50,93.80,90.65,92.85,9087
2023-05-25,91.30,94.45,90.20,91.15,10176
2023-05-26,89.60,94.65,89.50,94.00,12920
2023-05-29,93.25,95.70,92.45,92.70,8419
2023-05-30,91.00,93.80,90.50,93.35,3528
2023-05-31,94.70,94.70,91.50,92.10,2052
2023-06-01,91.50,94.00,90.25,91.75,7948
2023-06-02,91.00,92.90,89.15,90.60,9405
2023-06-05,90.50,97.75,89.70,96.60,76240
2023-06-06,95.35,100.80,95.35,99.50,203089
2023-06-07,100.85,104.40,99.15,101.85,201175
2023-06-08,101.85,103.85,100.10,101.00,59763
2023-06-09,101.00,104.75,99.75,102.95,98150
2023-06-12,104.30,104.30,99.50,100.60,44591
2023-06-13,100.00,103.45,97.00,99.65,42828
2023-06-14,99.60,101.95,97.15,98.05,28354
2023-06-15,99.45,101.00,96.00,97.20,31637
2023-06-16,97.90,99.90,96.10,99.55,33379
2023-06-19,100.70,100.70,97.90,98.20,13936
2023-06-20,99.65,99.95,97.65,98.40,9633
2023-06-21,98.40,99.90,98.00,99.10,7464
2023-06-22,97.65,99.45,95.90,97.50,12083
2023-06-23,97.00,97.90,94.35,95.10,8100
2023-06-26,94.80,96.80,94.15,95.35,5998
2023-06-27,96.50,97.40,95.35,96.75,1588
2023-06-28,96.05,96.85,94.10,94.30,9280
2023-06-30,95.65,95.95,92.25,93.45,11132
2023-07-03,94.85,94.85,93.25,93.85,6816
2023-07-04,93.85,94.50,92.75,93.90,3596
2023-07-05,92.40,95.20,92.40,94.25,4002
2023-07-06,95.55,95.55,92.70,93.35,6110
2023-07-07,94.70,94.70,92.50,93.20,5115
2023-07-10,97.00,97.00,92.70,94.35,7746
2023-07-11,94.35,95.00,93.50,94.15,7804
2023-07-12,94.25,95.50,92.80,93.25,3985
2023-07-13,94.00,94.40,92.80,93.45,4542
2023-07-14,93.50,94.50,93.10,93.80,6855
2023-07-17,93.80,93.80,92.60,92.80,4938
2023-07-18,94.15,99.35,94.10,97.05,45862
2023-07-19,98.50,101.35,96.55,100.65,26059
2023-07-20,105.00,120.75,102.15,115.25,1527067
2023-07-21,108.15,110.05,104.05,105.20,238673
2023-07-24,104.10,107.25,101.25,102.35,76657
2023-07-25,102.35,112.35,101.25,104.40,265193
2023-07-26,104.50,108.00,102.50,105.35,61024
2023-07-27,103.50,105.75,100.00,100.55,52356
2023-07-28,101.55,104.10,100.50,101.20,33580
2023-07-31,101.20,102.45,93.95,95.25,96798
2023-08-01,95.50,98.50,95.50,97.15,29420
2023-08-02,99.30,99.30,93.85,95.45,26307
2023-08-03,96.00,96.30,94.65,95.40,14857
2023-08-04,94.00,97.30,94.00,96.10,9340
2023-08-07,96.50,97.40,95.30,95.90,6800
2023-08-08,96.65,107.60,95.40,99.45,132586
2023-08-09,99.05,100.70,98.15,99.00,11271
2023-08-10,98.60,102.70,98.60,99.65,9492
2023-08-11,99.95,99.95,97.20,97.90,11004
2023-08-14,99.70,99.70,96.00,96.75,5747
2023-08-16,96.20,97.35,96.00,96.30,6668
2023-08-17,96.10,97.00,94.70,95.70,10044
2023-08-18,96.00,103.20,95.55,96.85,43992
2023-08-21,99.00,100.10,96.30,98.95,31934
2023-08-22,100.90,102.95,98.00,98.35,78538
2023-08-23,99.70,99.70,97.75,98.25,6451
2023-08-24,99.00,99.00,96.00,97.20,8178
2023-08-25,98.60,98.60,96.10,96.65,5086
2023-08-28,98.00,98.00,96.20,96.55,4105
2023-08-29,97.00,105.20,95.75,102.70,164710
2023-08-30,103.70,104.00,100.00,101.50,23268
2023-08-31,102.00,104.00,99.55,100.25,8157
2023-09-01,101.95,102.10,100.00,100.60,12482
2023-09-04,102.00,104.35,99.65,102.55,25277
2023-09-05,101.05,102.40,99.60,100.05,12001
2023-09-06,99.25,100.45,98.95,99.20,7353
2023-09-07,100.80,100.80,98.15,99.60,17125
2023-09-08,100.90,101.40,98.25,99.80,10169
2023-09-11,101.00,101.60,98.85,99.55,16604
2023-09-12,99.60,100.80,96.25,96.60,26068
2023-09-13,98.05,98.35,96.00,96.95,11065
2023-09-14,98.00,99.40,97.55,97.90,6937
2023-09-15,97.75,98.75,97.00,97.85,14379
2023-09-18,98.45,108.95,97.85,104.05,259393
2023-09-20,104.05,108.00,102.00,105.35,68403
2023-09-21,105.35,105.95,102.00,102.55,36856
2023-09-22,103.85,104.50,100.00,100.65,26897
2023-09-25,101.70,103.10,100.50,101.70,16150
2023-09-26,102.95,107.85,101.60,103.15,61517
2023-09-27,105.90,105.90,102.10,103.05,24438
2023-09-28,101.15,103.95,100.00,100.20,17757
2023-09-29,103.50,103.95,100.45,101.35,9838
2023-10-03,101.90,102.35,100.00,100.30,27392
2023-10-04,101.65,101.70,98.50,99.80,15961
2023-10-05,100.95,101.35,99.00,99.15,5790
2023-10-06,101.00,113.75,99.00,110.35,499635
2023-10-09,111.90,115.90,105.00,109.00,197990
2023-10-10,110.50,114.00,107.45,108.95,54292
2023-10-11,110.00,112.45,106.00,107.60,48564
2023-10-12,109.45,109.45,106.80,107.65,19292
2023-10-13,106.00,110.85,104.60,108.85,31465
2023-10-16,110.95,112.00,106.55,107.85,41178
2023-10-17,108.10,110.75,107.50,108.00,25029
2023-10-18,107.40,108.65,103.60,105.55,37257
2023-10-19,105.05,105.55,103.05,104.15,14631
2023-10-20,104.20,108.50,103.30,105.90,34831
2023-10-23,105.00,110.00,96.50,97.65,79694
2023-10-25,102.80,102.80,97.05,97.80,19936
2023-10-26,96.95,96.95,93.55,95.05,36876
2023-10-27,101.60,101.60,97.85,99.40,20834
2023-10-30,102.00,107.00,101.00,103.65,43553
2023-10-31,107.65,107.65,101.60,104.25,28349
2023-11-01,105.35,107.40,103.25,103.60,34169
2023-11-02,103.30,106.45,100.35,101.85,21607
2023-11-03,102.55,106.90,102.00,104.40,31171
2023-11-06,106.50,106.50,102.20,102.60,13884
2023-11-07,101.40,103.85,101.40,102.75,7341
2023-11-08,104.90,104.90,102.00,102.10,3186
2023-11-09,104.95,104.95,102.65,103.75,8322
2023-11-10,103.65,110.00,101.80,105.90,49409
2023-11-12,108.50,108.50,103.15,104.95,5695
2023-11-13,107.70,107.70,103.00,103.90,12826
2023-11-15,104.00,109.95,103.65,107.50,51624
2023-11-16,109.00,110.00,102.20,107.10,31621
2023-11-17,107.65,113.90,107.65,110.95,231761
2023-11-20,110.90,133.10,109.95,133.05,1883812
2023-11-21,134.95,138.75,122.90,124.15,854495
2023-11-22,125.90,133.00,123.00,124.20,243342
2023-11-23,125.90,125.90,120.80,122.35,58672
2023-11-24,122.35,128.80,120.95,125.70,108213
2023-11-28,127.40,127.40,121.80,122.75,60611
2023-11-29,121.50,135.40,121.40,125.15,241265
2023-11-30,125.05,127.45,122.50,122.75,45491
2023-12-01,125.55,125.70,122.55,124.50,36899
2023-12-04,127.20,127.20,121.15,122.55,46200
2023-12-05,124.90,124.90,120.15,121.40,33019
2023-12-06,121.00,122.15,117.40,119.50,15807
2023-12-07,118.50,126.00,118.50,123.50,64693
2023-12-08,122.85,125.90,117.60,121.60,29268
2023-12-11,119.30,121.85,117.60,118.70,21085
2023-12-12,121.75,121.75,118.95,119.90,13318
2023-12-13,119.00,128.70,117.05,119.85,98116
2023-12-14,120.50,124.95,118.05,119.85,32510
2023-12-15,120.05,123.95,119.00,119.35,9898
2023-12-18,120.50,120.50,116.75,118.65,13366
2023-12-19,117.70,119.65,117.10,117.80,10088
2023-12-20,117.95,119.95,104.60,107.90,66489
2023-12-21,110.00,116.00,108.10,114.45,17650
2023-12-22,115.00,117.00,110.35,112.30,11276
2023-12-26,112.30,115.80,110.00,111.50,11746
2023-12-27,111.50,124.65,111.15,121.75,123256
2023-12-28,122.00,122.00,117.50,119.80,28108
2023-12-29,123.00,123.00,115.50,118.25,20217
2024-01-01,120.00,120.00,115.55,116.75,10795
2024-01-02,116.75,117.85,115.05,116.35,10855
2024-01-03,118.70,118.70,115.15,116.20,7369
2024-01-04,119.00,119.00,115.30,116.50,16310
2024-01-05,115.00,117.90,115.00,115.40,12848
2024-01-08,115.40,118.15,114.00,115.80,6517
2024-01-09,118.40,124.50,117.00,123.60,135789
2024-01-10,123.60,124.55,119.10,120.50,39926
2024-01-11,120.00,121.60,118.50,119.75,9565
2024-01-12,122.15,122.15,118.15,119.25,13806
2024-01-15,121.50,121.50,115.15,116.35,21470
2024-01-16,117.00,119.80,115.45,115.80,17783
2024-01-17,116.00,118.20,115.00,115.50,7609
2024-01-18,117.00,117.00,105.40,110.15,77595
2024-01-19,112.00,113.60,110.00,110.90,21115
2024-01-20,111.00,114.45,111.00,112.75,14897
2024-01-23,112.00,113.00,108.40,109.05,15440
2024-01-24,109.05,112.00,109.00,110.75,7512
2024-01-25,109.30,121.80,109.30,117.00,54148
2024-01-29,119.90,119.90,115.00,117.15,19674
2024-01-30,117.90,118.10,114.50,114.95,10417
2024-01-31,114.95,116.90,112.00,113.85,11838
2024-02-01,113.85,115.60,113.15,113.20,5705
2024-02-02,116.00,117.75,113.40,115.30,21178
2024-02-05,119.00,122.80,118.00,118.95,86085
2024-02-06,121.00,121.20,117.05,117.75,14539
2024-02-07,117.40,121.00,116.00,116.40,40825
2024-02-08,118.40,118.40,115.00,115.50,7159
2024-02-09,111.35,116.20,111.35,113.45,27970
2024-02-12,111.00,115.95,106.50,109.60,15278
2024-02-13,110.85,113.65,107.00,107.80,15548
2024-02-14,105.00,110.30,105.00,109.75,9559
2024-02-15,110.00,113.30,109.25,111.05,6407
2024-02-16,113.90,113.90,111.65,111.85,6728
2024-02-19,108.30,113.00,108.30,110.35,9723
2024-02-20,110.50,112.40,109.00,109.65,9730
2024-02-21,112.00,112.65,110.10,110.60,12459
2024-02-22,113.80,113.80,109.95,110.95,3533
2024-02-23,112.00,123.60,111.15,117.35,113465
2024-02-26,119.95,119.95,117.50,118.25,16987
2024-02-27,118.25,118.30,114.00,114.40,7835
2024-02-28,116.95,116.95,109.05,110.20,15705
2024-02-29,110.00,112.00,108.95,109.50,7039
2024-03-01,111.70,113.35,110.10,111.60,7055
2024-03-02,111.00,111.90,110.15,110.65,2093
2024-03-04,111.10,112.60,108.00,108.95,17589
2024-03-05,110.00,112.65,109.05,110.20,8077
2024-03-06,107.10,110.00,105.50,107.60,11105
2024-03-07,107.60,125.75,107.60,115.60,619816
2024-03-11,116.75,117.00,108.05,108.95,58262
2024-03-12,109.00,109.10,105.00,105.85,27573
2024-03-13,103.10,107.00,99.00,100.20,44475
2024-03-14,95.75,106.35,95.75,104.40,23979
2024-03-15,105.50,105.80,103.00,103.30,18725
2024-03-18,103.50,105.00,100.25,103.70,12411
2024-03-19,101.00,106.70,101.00,103.90,8064
2024-03-20,102.55,104.40,100.00,100.75,9221
2024-03-21,104.75,104.75,101.10,103.10,7709
2024-03-22,102.05,102.90,100.00,100.85,24895
2024-03-26,100.90,101.75,98.55,99.95,16894
2024-03-27,99.95,100.00,96.25,97.20,21364
2024-03-28,99.00,100.95,95.60,97.00,15254
2024-04-01,99.90,103.80,98.75,102.05,15224
2024-04-02,101.40,107.10,101.30,105.45,15809
2024-04-03,105.45,116.70,104.45,111.35,127091
2024-04-04,111.60,115.50,109.20,111.05,24581
2024-04-05,111.60,112.60,109.25,110.75,14577
2024-04-08,111.30,113.60,110.65,111.25,12088
2024-04-09,111.80,112.75,106.90,108.15,15211
2024-04-10,108.70,109.95,105.10,108.45,11772
2024-04-12,108.45,111.50,107.15,107.90,8772
2024-04-15,102.20,105.95,102.20,104.10,4406
2024-04-16,104.60,107.60,102.50,104.45,16668
2024-04-18,104.05,108.85,104.05,104.65,8350
2024-04-19,104.65,106.00,103.30,104.10,4914
2024-04-22,104.60,108.55,103.75,105.15,36770
2024-04-23,107.25,108.05,105.25,107.75,9572
2024-04-24,108.30,109.70,106.45,107.75,12086
2024-04-25,106.05,108.00,105.35,107.75,5514
2024-04-26,108.25,115.00,107.75,111.40,54328
2024-04-29,114.80,117.50,113.00,116.05,135973
2024-04-30,119.20,120.00,113.05,114.50,74849
2024-05-02,117.30,117.30,112.70,115.05,24224
2024-05-03,112.00,138.05,112.00,131.00,791355
2024-05-06,123.00,128.00,118.90,120.30,180214
2024-05-07,120.35,124.80,118.40,118.95,53995
2024-05-08,120.50,120.50,113.25,114.65,48320
2024-05-09,116.50,117.50,105.50,106.85,74699
2024-05-10,106.85,108.70,102.25,103.75,63120
2024-05-13,106.00,106.00,100.35,104.05,39282
2024-05-14,107.60,107.60,104.00,105.95,18047
2024-05-15,107.00,108.50,105.50,106.90,20823
2024-05-16,107.95,111.75,106.00,108.15,35451
2024-05-17,110.10,110.10,107.00,107.40,12894
2024-05-18,109.50,109.50,106.00,106.90,4054
2024-05-21,107.45,109.15,103.10,104.50,35789
2024-05-22,103.30,106.95,103.30,105.20,13099
2024-05-23,107.15,107.15,104.45,105.50,10393
2024-05-24,104.30,107.45,104.30,105.80,9569
2024-05-27,104.15,106.95,104.15,105.10,13250
2024-05-28,105.00,107.90,103.60,105.05,17500
2024-05-29,103.55,105.00,102.35,103.90,11895
2024-05-30,103.00,104.70,102.10,102.60,17043
2024-05-31,102.60,104.75,102.05,103.10,9652
2024-06-03,106.00,106.00,103.30,103.45,14464
2024-06-04,103.45,103.50,92.85,97.75,31719
2024-06-05,98.05,103.15,98.00,100.50,12774
2024-06-06,101.05,103.85,101.05,102.55,11452
2024-06-07,101.60,115.00,101.60,111.70,139610
2024-06-10,109.40,114.50,107.30,110.54,87121
2024-06-11,109.21,113.71,109.21,110.37,63921
2024-06-12,110.37,116.90,109.55,110.99,41103
2024-06-13,113.11,113.18,110.01,110.71,15786
2024-06-14,111.17,112.79,109.50,109.93,23979
2024-06-18,111.60,111.99,107.00,107.83,25692
2024-06-19,108.40,110.25,106.00,108.81,23865
2024-06-20,111.00,112.00,109.60,110.22,26934
2024-06-21,111.48,112.00,108.30,109.90,15034
2024-06-24,110.50,114.10,109.41,113.83,45013
2024-06-25,114.40,115.98,110.15,111.66,26144
2024-06-26,110.60,122.50,110.60,118.40,256364
2024-06-27,119.95,122.00,118.10,118.49,129040
2024-06-28,118.25,121.54,112.10,115.08,45522
2024-07-01,117.10,119.54,115.08,117.98,27171
2024-07-02,117.02,124.60,113.71,121.50,160023
2024-07-03,125.99,130.45,119.21,125.49,474966
2024-07-04,125.49,128.01,122.45,124.84,68425
2024-07-05,125.50,127.00,121.00,122.58,38051
2024-07-08,121.01,124.69,120.50,120.69,28286
2024-07-09,119.28,122.50,117.00,118.69,20304
2024-07-10,118.01,119.38,112.70,115.89,45208
2024-07-11,116.50,119.00,116.00,117.70,16167
2024-07-12,117.70,117.85,114.02,114.99,15825
2024-07-15,114.99,121.50,112.15,118.52,50315
2024-07-16,121.95,124.70,117.16,118.03,25454
2024-07-18,118.50,118.99,115.50,115.75,8080
2024-07-19,116.31,119.37,111.80,113.46,19412
2024-07-22,112.67,117.39,112.40,113.10,13289
2024-07-23,113.70,115.79,112.50,114.77,8105
2024-07-24,114.62,118.90,114.41,116.41,10623
2024-07-25,116.40,117.35,114.00,115.64,10874
2024-07-26,115.61,119.90,115.02,115.92,20238
2024-07-29,116.50,120.00,115.00,116.05,16797
2024-07-30,116.05,124.00,116.05,119.91,48836
2024-07-31,122.99,122.99,118.02,118.44,13887
2024-08-01,122.99,122.99,115.95,116.54,18757
2024-08-02,116.43,120.00,115.90,116.21,26461
2024-08-05,112.41,115.30,110.50,112.13,24261
2024-08-06,112.70,115.34,110.60,111.53,14939
2024-08-07,112.11,115.37,111.23,114.11,8953
2024-08-08,114.69,117.00,113.00,113.91,5370
2024-08-09,114.00,122.00,112.90,116.29,34610
2024-08-12,116.30,116.73,110.94,111.77,19926
2024-08-13,112.40,115.00,111.60,112.43,7723
2024-08-14,112.95,113.08,108.38,109.72,13235
2024-08-16,110.31,112.90,110.02,111.64,3630
2024-08-19,114.00,116.00,112.16,114.31,14426
2024-08-20,114.90,117.95,113.30,116.60,22832
2024-08-21,119.00,122.55,118.01,121.12,65546
2024-08-22,122.90,122.90,118.35,119.64,32619
2024-08-23,122.50,123.00,119.70,120.80,36303
2024-08-26,123.70,123.70,120.00,120.36,12462
2024-08-27,119.87,121.84,119.57,120.07,13349
2024-08-28,120.69,144.08,119.63,144.08,966745
2024-08-29,152.03,166.00,149.25,151.07,3113935
2024-08-30,148.00,157.78,143.50,151.28,519590
2024-09-02,151.95,157.50,146.20,150.21,130586
2024-09-03,151.00,152.89,147.15,147.85,76185
2024-09-04,147.41,152.66,144.91,145.73,75497
2024-09-05,146.99,147.85,138.44,138.44,55797
2024-09-06,132.00,140.00,132.00,135.69,32863
2024-09-09,132.10,134.00,128.90,129.72,8424
2024-09-10,130.00,130.00,123.53,126.39,22219
2024-09-11,126.39,130.00,126.00,126.15,35208
2024-09-12,120.40,128.80,120.40,126.17,39182
2024-09-13,123.00,127.00,123.00,126.10,12552
2024-09-16,129.26,129.26,123.50,126.15,10201
2024-09-17,129.31,129.31,123.70,125.20,8934
2024-09-18,128.00,128.00,121.00,121.90,14816
2024-09-19,121.90,125.95,121.50,124.17,16793
2024-09-20,126.95,126.95,122.05,125.57,8829
2024-09-23,123.15,128.00,123.15,125.62,10232
2024-09-24,125.62,127.00,123.25,125.02,1904
2024-09-25,126.40,126.40,119.52,122.66,6831
2024-09-26,122.90,124.50,120.00,121.89,2064
2024-09-27,123.00,123.00,120.50,121.47,4344
2024-09-30,121.00,123.80,118.00,119.40,6348
2024-10-01,119.40,125.37,118.00,125.34,18159
2024-10-03,125.34,128.30,122.15,124.42,6161
2024-10-04,124.42,126.95,121.50,122.30,6261
2024-10-07,122.00,122.00,116.18,116.18,9056
2024-10-08,114.00,121.98,112.50,121.98,7429
2024-10-09,121.98,124.85,118.00,119.96,5982
2024-10-10,120.59,122.49,118.11,118.79,3609
2024-10-11,118.79,119.40,115.00,115.41,10109
2024-10-14,116.00,118.02,114.50,115.44,5355
2024-10-15,114.95,118.56,112.31,114.51,28376
2024-10-16,114.40,115.10,110.00,114.32,22754
2024-10-17,114.88,114.89,112.10,113.16,9035
2024-10-18,113.18,116.00,112.18,115.17,2965
2024-10-21,118.00,118.00,112.06,117.11,15074
2024-10-22,117.70,119.46,111.25,112.03,38957
2024-10-23,112.18,115.09,111.26,112.16,11066
2024-10-24,112.50,114.29,111.01,112.18,2230
2024-10-25,110.17,115.64,106.57,107.67,23629
2024-10-28,109.92,113.05,108.40,113.05,8609
2024-10-29,112.99,118.70,112.95,118.61,29211
2024-10-30,123.40,124.54,116.55,124.54,34989
2024-10-31,125.00,125.98,120.00,121.63,28770
2024-11-01,125.00,127.71,123.35,126.95,19732
2024-11-04,131.00,131.00,123.61,127.84,22321
2024-11-05,129.92,134.23,128.66,134.23,44001
2024-11-06,139.20,139.40,130.03,133.19,60062
2024-11-07,135.50,135.50,126.53,128.04,12681
2024-11-08,128.67,128.98,124.61,126.82,10949
2024-11-11,125.27,133.16,123.91,129.35,31820
2024-11-12,128.69,132.90,124.35,125.50,26452
2024-11-13,125.26,128.90,120.00,123.32,21309
2024-11-14,123.10,129.40,121.26,122.79,31501
2024-11-18,125.80,125.89,120.00,121.92,10949
2024-11-19,124.70,125.50,120.87,122.65,13175
2024-11-21,119.70,125.53,119.70,121.55,6852
2024-11-22,123.13,124.78,121.00,123.40,5943
2024-11-25,125.70,125.70,119.80,121.53,10859
2024-11-26,121.56,124.92,121.00,122.71,5367
2024-11-27,122.00,123.59,121.50,122.58,3890
2024-11-28,123.90,128.00,122.74,126.74,31637
2024-11-29,127.99,128.95,122.00,123.18,14358
2024-12-02,125.94,129.30,125.01,126.74,22129
2024-12-03,127.07,130.01,126.01,128.10,15465
2024-12-04,129.30,129.30,125.81,126.85,4037
2024-12-05,126.03,133.19,126.03,129.54,74889
2024-12-06,129.00,129.61,125.26,126.45,26380
2024-12-09,125.10,132.99,125.10,131.58,36222
2024-12-10,134.99,138.99,132.00,135.24,55257
2024-12-11,136.00,136.00,131.00,131.88,8615
2024-12-12,134.99,134.99,127.12,128.72,9679
2024-12-13,126.45,128.06,120.03,125.61,13907
2024-12-16,127.20,129.99,125.41,126.58,11012
2024-12-17,126.60,129.99,124.76,125.00,26200
2024-12-18,126.78,128.58,125.00,125.02,10896
2024-12-19,126.00,137.52,123.00,132.82,51674
2024-12-20,133.90,138.00,126.01,127.09,23249
2024-12-23,133.98,134.00,125.00,126.45,5709
2024-12-24,126.45,130.19,126.45,128.75,5344
2024-12-26,129.99,133.00,126.91,127.60,9655
2024-12-27,129.98,129.98,126.01,127.60,2666
2024-12-30,128.00,131.99,126.26,129.40,10834
2024-12-31,130.09,131.41,126.10,129.12,26107
2025-01-01,131.00,131.00,123.61,126.78,10582
2025-01-02,126.29,129.38,126.00,126.29,2821
2025-01-03,128.53,131.27,127.76,131.04,17729
2025-01-06,131.99,131.99,124.51,125.89,9522
2025-01-07,128.89,128.89,125.66,126.04,5225
2025-01-08,126.71,126.71,123.02,123.75,4455
2025-01-09,125.59,128.00,122.16,123.37,5246
2025-01-10,123.37,123.45,119.22,120.97,5563
2025-01-13,122.00,124.99,114.57,116.84,13667
2025-01-14,116.58,119.39,113.11,118.15,10600
2025-01-15,119.67,123.15,117.51,120.18,5433
2025-01-16,121.56,122.48,118.70,119.18,7103
2025-01-17,118.94,120.01,117.61,118.83,2093
2025-01-20,118.20,121.69,118.20,121.65,1940
2025-01-21,121.24,121.24,116.72,119.25,3235
2025-01-22,121.90,121.90,116.44,118.29,12658
2025-01-23,120.06,120.06,116.00,116.43,3919
2025-01-24,117.57,119.23,114.12,116.46,2931
2025-01-27,110.13,117.90,109.00,110.68,14204
2025-01-28,117.48,117.48,106.24,112.94,18345
2025-01-29,114.99,114.99,110.01,111.34,3165
2025-01-30,111.85,114.99,111.80,112.43,19721
2025-01-31,112.86,118.95,112.86,114.30,10904
2025-02-01,114.98,116.77,113.00,114.54,9163
2025-02-03,113.88,115.68,113.50,113.86,2525
2025-02-04,115.99,116.00,115.10,115.62,2319
2025-02-05,116.94,116.94,114.01,114.50,1804
2025-02-06,115.99,118.89,114.00,115.29,7319
2025-02-07,113.00,116.68,113.00,115.13,727
2025-02-10,116.13,116.13,114.25,115.84,3036
2025-02-11,114.93,116.00,113.70,113.93,8797
2025-02-12,113.93,115.74,113.45,114.13,7778
2025-02-13,114.81,116.00,114.53,115.48,1230
2025-02-14,116.00,116.00,113.02,114.63,11223
2025-02-17,114.99,116.99,110.00,113.35,4338
2025-02-18,113.08,114.95,111.25,113.00,8032
2025-02-19,114.95,115.43,113.80,114.31,5619
2025-02-20,115.27,117.32,115.03,116.00,2634
2025-02-21,117.50,117.50,113.22,113.54,3057
2025-02-24,112.31,116.54,112.30,114.39,6522
2025-02-25,115.02,115.02,114.32,115.00,737
2025-02-27,117.03,117.03,114.09,115.00,7545
2025-02-28,115.64,115.65,110.50,111.35,20141
2025-03-03,112.00,117.00,112.00,114.38,3331
2025-03-04,114.54,117.00,114.40,115.59,1517
2025-03-05,112.71,125.25,112.70,115.01,4827
2025-03-06,115.77,117.00,114.80,115.55,2755
2025-03-07,116.45,118.62,114.85,116.85,1025
2025-03-10,116.85,121.49,114.80,114.88,7088
2025-03-11,116.04,117.99,114.50,115.96,3902
2025-03-12,117.10,117.10,114.20,114.89,4109
2025-03-13,116.84,118.86,115.00,115.50,1248
2025-03-17,119.85,119.85,115.00,115.26,4100
2025-03-18,117.91,118.19,114.85,115.55,9544
2025-03-19,117.14,137.35,116.47,129.99,133389
2025-03-20,130.50,136.20,126.50,128.52,19855
2025-03-21,130.49,131.99,126.01,126.88,7024
2025-03-24,127.49,134.50,119.52,125.47,39495
2025-03-25,127.00,127.00,120.01,120.42,7829
2025-03-26,129.99,138.70,126.40,128.48,284390
2025-03-27,127.25,130.79,125.76,125.90,20184
2025-03-28,128.90,130.44,126.00,126.70,17332
2025-04-01,125.75,127.95,125.51,126.08,4224
2025-04-02,128.01,128.01,120.91,123.71,6267
2025-04-03,124.90,126.01,121.99,123.90,4655
2025-04-04,126.34,127.00,121.00,122.18,5042
2025-04-07,117.50,123.50,117.20,120.96,2437
2025-04-08,122.70,123.00,120.28,121.09,2369
2025-04-09,121.14,123.98,118.37,121.30,4404
2025-04-11,122.85,124.60,120.42,121.15,4113
2025-04-15,120.21,135.00,120.21,128.34,48121
2025-04-16,126.00,129.90,125.97,126.97,11683
2025-04-17,127.01,128.78,125.10,125.25,4050
2025-04-21,128.00,128.01,124.50,126.37,3489
2025-04-22,126.37,131.35,124.51,127.29,7086
2025-04-23,127.51,129.00,125.12,126.93,4036
2025-04-24,127.38,128.00,125.15,125.60,4799
2025-04-25,125.33,129.79,123.60,123.88,7347
2025-04-28,124.98,138.00,124.72,129.95,44730
2025-04-29,127.00,130.00,126.99,128.96,5277
2025-04-30,129.18,135.00,127.01,132.27,11034
2025-05-02,129.00,130.19,125.91,126.13,4856
2025-05-05,127.10,129.65,126.40,126.78,4398
2025-05-06,125.20,127.79,123.00,123.96,8841
2025-05-07,124.90,124.90,123.05,123.66,3010
2025-05-08,124.42,128.00,122.81,126.01,6755
2025-05-09,120.00,127.00,120.00,125.56,14238
2025-05-12,127.42,129.52,124.21,126.12,6394
2025-05-13,126.00,133.99,126.00,129.23,29117
2025-05-14,130.51,134.00,130.26,131.60,16985
2025-05-15,130.01,134.50,130.01,131.44,16409
2025-05-16,132.07,135.00,130.65,134.04,20828
2025-05-19,135.50,135.50,131.03,133.52,7824
2025-05-20,133.44,133.45,129.01,129.05,4578
2025-05-21,130.11,145.46,129.31,141.19,190114
2025-05-22,142.10,148.00,139.00,140.26,83764
2025-05-23,140.70,141.89,137.71,138.91,13922
2025-05-26,140.70,140.70,135.15,137.51,13323
2025-05-27,138.94,142.00,134.12,136.61,8107
2025-05-28,136.20,138.13,135.50,136.10,12334
2025-05-29,133.30,141.99,133.30,137.64,16376
2025-05-30,136.26,141.20,135.77,138.14,11067
2025-06-02,136.15,161.00,136.15,151.87,253387
2025-06-03,152.70,152.70,144.90,147.83,29672
2025-06-04,146.02,154.40,143.81,147.41,36295
2025-06-05,149.23,152.00,147.42,150.00,21853
2025-06-06,150.00,150.00,141.50,146.91,9747
2025-06-09,150.98,151.88,146.00,146.72,8232
2025-06-10,148.18,149.28,143.52,144.13,10193
2025-06-11,142.75,147.58,137.65,140.29,11963
2025-06-12,140.50,150.90,136.75,138.58,96378
2025-06-13,139.00,139.00,133.01,135.09,17776
2025-06-16,135.77,144.03,135.05,141.89,38329
2025-06-17,142.62,143.17,135.00,137.52,8894
2025-06-18,137.52,138.81,134.28,134.52,5954
2025-06-19,135.01,136.64,128.98,129.83,30421
2025-06-20,128.07,134.79,128.00,129.90,7352
2025-06-23,130.13,133.00,128.10,129.68,4312
2025-06-24,132.10,134.89,131.32,132.67,4820
2025-06-25,135.80,138.25,133.22,136.94,9797
2025-06-26,136.69,143.75,135.95,137.86,59293
2025-06-27,137.10,139.32,133.02,133.84,15836
2025-06-30,133.80,135.87,132.00,134.78,3432
2025-07-01,134.66,134.85,131.51,132.53,3097
2025-07-02,133.50,134.63,130.10,130.60,9228
2025-07-03,133.33,133.33,130.55,131.99,2956
2025-07-04,131.38,133.49,130.27,131.62,4996
2025-07-07,132.99,132.99,129.20,131.19,4490
2025-07-08,130.10,132.92,130.10,131.56,3605
2025-07-09,134.00,134.23,130.18,131.50,6039
2025-07-10,131.50,132.14,129.51,130.82,4684
2025-07-11,132.90,133.11,126.51,128.01,10109
2025-07-14,128.16,134.00,127.01,129.78,20747
2025-07-15,132.42,132.42,130.94,131.47,1651
2025-07-16,133.30,133.30,130.85,131.60,4218
2025-07-17,131.72,131.83,128.30,129.52,5123
2025-07-18,130.10,131.96,128.35,129.83,2228
2025-07-21,130.28,132.90,128.51,128.85,6825
2025-07-22,130.40,130.40,126.51,129.64,11060
2025-07-23,130.99,130.99,124.51,125.17,17783
2025-07-24,125.43,132.82,119.01,121.42,263499
2025-07-25,121.61,121.61,116.00,117.03,16317
2025-07-28,121.00,121.00,116.00,116.95,17910
2025-07-29,116.12,123.88,116.12,121.22,11435
2025-07-30,121.99,123.24,121.20,122.16,3417
2025-07-31,122.99,123.00,120.10,122.19,4298
2025-08-01,122.64,123.23,121.25,121.86,8892
2025-08-04,124.89,124.89,121.05,122.03,28013
2025-08-05,123.95,123.95,120.26,120.78,4766
2025-08-06,122.21,123.59,120.82,121.28,11478
2025-08-07,122.81,122.81,121.40,121.79,41421
2025-08-08,122.37,122.49,118.80,119.16,10486
2025-08-11,121.88,121.88,118.01,119.22,4552
2025-08-12,119.35,123.90,119.11,122.66,4430
2025-08-13,123.20,129.89,122.99,127.25,10423
2025-08-14,127.88,131.00,124.00,125.04,5988
2025-08-18,129.00,129.00,125.04,125.36,4700
2025-08-19,126.12,128.00,124.31,125.54,6796
2025-08-20,125.68,136.00,125.24,134.25,81998
2025-08-21,134.80,134.80,129.85,130.95,16723
2025-08-22,130.65,131.38,126.51,128.41,7603
2025-08-25,133.00,133.00,127.21,128.16,3772
2025-08-26,128.18,128.18,123.51,124.48,3623
2025-08-28,124.48,127.28,124.00,126.74,4221
2025-08-29,125.55,129.20,124.00,126.09,8758
2025-09-01,125.55,129.20,124.10,124.97,9977
2025-09-02,125.91,127.18,123.88,124.13,4411
2025-09-03,122.00,125.78,119.20,124.59,5191
2025-09-04,123.81,126.29,123.81,124.69,1471
2025-09-05,125.68,128.20,124.00,127.24,4161
2025-09-08,128.00,128.24,124.10,126.56,5226
2025-09-09,127.08,127.08,121.51,123.56,5997
2025-09-10,125.35,127.99,123.44,124.53,9800
2025-09-11,124.98,126.34,121.20,122.27,3859
2025-09-12,123.68,134.74,122.39,127.88,89601
2025-09-15,127.30,127.30,123.88,125.26,7813
2025-09-16,124.00,125.85,124.00,124.84,6316
2025-09-17,125.47,130.99,124.70,127.73,20220
2025-09-18,131.50,140.85,126.01,132.01,219008
2025-09-19,133.50,135.00,130.00,131.45,19247
2025-09-22,131.45,133.98,127.45,130.06,9272
2025-09-23,133.66,133.66,128.06,128.56,1346
2025-09-24,130.66,131.99,127.46,127.53,2582
2025-09-25,128.00,128.90,121.38,122.27,26582
2025-09-26,122.27,125.25,121.55,123.48,5771
2025-09-29,123.00,125.00,120.50,122.54,14576
2025-09-30,122.50,125.99,121.40,124.30,6638
2025-10-01,124.00,124.00,121.42,122.77,1926
2025-10-03,121.10,123.89,121.10,122.50,4421
2025-10-06,122.90,123.50,120.90,122.12,2152
2025-10-07,122.00,122.87,116.00,122.00,4864
2025-10-08,120.11,128.00,119.10,124.01,11825
2025-10-09,122.10,123.90,119.00,121.16,10356
2025-10-10,124.49,124.49,121.07,121.71,2744
2025-10-13,123.80,129.00,122.00,127.23,17089
2025-10-14,132.59,135.00,122.25,124.63,134618
2025-10-15,125.26,125.90,122.50,124.45,25440
2025-10-16,130.90,132.80,126.25,128.10,35788
2025-10-17,131.00,132.00,127.17,128.35,9399
2025-10-20,130.64,131.67,126.02,126.60,3578
2025-10-21,129.00,130.77,125.25,126.19,4160
2025-10-23,126.19,128.89,125.51,126.31,5824
2025-10-24,123.01,128.00,123.01,127.04,2845
2025-10-27,129.00,129.00,125.26,126.67,1708
2025-10-28,127.97,127.97,123.50,126.58,3485
2025-10-29,126.99,126.99,123.25,125.50,4985
2025-10-30,125.50,125.50,123.85,124.08,1187
2025-10-31,124.08,126.13,121.25,123.28,20618
2025-11-03,125.00,126.98,123.80,124.54,41481
2025-11-04,126.90,126.90,124.55,124.65,2781
2025-11-06,125.01,125.94,120.80,124.15,13348
2025-11-07,125.00,125.69,122.53,123.74,7328
2025-11-10,124.01,125.00,117.55,120.88,24006
2025-11-11,121.00,125.00,118.05,124.40,18228
2025-11-12,123.49,125.00,121.49,122.93,3297
2025-11-13,120.10,124.98,120.10,123.08,680
2025-11-14,123.07,123.69,120.53,123.21,910
2025-11-17,124.95,125.66,121.12,124.08,5991
2025-11-18,124.99,124.99,121.13,122.34,2855
2025-11-19,122.00,123.46,120.15,121.31,4071
2025-11-20,122.00,122.50,121.30,122.43,2166
2025-11-21,121.00,122.99,120.75,121.02,822
2025-11-24,123.44,123.44,118.40,118.94,4857
2025-11-25,121.32,123.99,115.12,118.80,7836
2025-11-26,123.40,123.40,119.23,120.09,1257
2025-11-27,121.00,122.46,120.00,121.85,561
2025-11-28,121.00,121.99,119.00,119.13,896
2025-12-01,119.15,122.99,119.00,120.21,1107
2025-12-02,119.60,120.99,118.20,119.03,848
2025-12-03,119.05,121.55,118.09,118.70,2918
2025-12-04,118.69,118.70,118.02,118.50,1544
2025-12-05,119.99,119.99,112.52,115.28,6190
2025-12-08,118.95,118.95,104.15,106.22,39270
2025-12-09,105.69,123.01,105.07,113.48,29886
2025-12-10,117.90,117.90,111.50,112.41,1624
2025-12-11,112.41,114.60,112.00,114.25,353
2025-12-12,109.51,116.00,109.50,112.73,4017
2025-12-15,114.01,114.01,108.35,111.59,4857
2025-12-16,110.00,113.74,110.00,111.76,3109
2025-12-17,111.20,111.21,105.01,107.61,9951
2025-12-18,110.89,110.89,107.11,107.67,3232
2025-12-19,107.66,110.35,107.66,109.81,2429
2025-12-22,106.05,113.21,106.05,111.33,2352
2025-12-23,111.34,112.89,111.00,112.23,4917
2025-12-24,112.01,113.95,112.00,113.14,775
2025-12-26,113.75,113.75,110.10,111.09,1496
2025-12-29,111.64,111.64,109.10,110.82,1284
2025-12-30,110.00,111.00,110.00,110.99,373
2025-12-31,111.00,112.00,110.00,110.25,857
2026-01-01,110.25,113.48,110.25,111.00,639
2026-01-02,113.00,113.00,109.02,111.97,1459
2026-01-05,108.21,111.79,108.21,109.58,1329
2026-01-06,108.10,112.89,108.10,108.50,2620
2026-01-07,108.00,110.00,107.00,109.99,2490
2026-01-08,109.00,110.99,107.80,107.83,2087
2026-01-09,107.83,109.79,106.00,106.32,1659
2026-01-12,105.78,106.90,102.01,104.55,1399
2026-01-13,110.89,110.90,102.00,106.02,2172
2026-01-14,105.00,107.80,103.01,104.43,2391
2026-01-16,103.00,106.04,102.25,104.66,3066
2026-01-19,103.30,104.99,103.30,104.00,2730
2026-01-20,102.01,105.00,101.05,102.20,1872
2026-01-21,100.50,103.00,99.00,101.54,3256
2026-01-22,100.22,103.70,100.00,100.66,2042
2026-01-23,102.97,102.98,101.00,101.26,1507
2026-01-27,99.00,101.26,98.36,99.49,3956
2026-01-28,99.49,103.00,97.03,102.41,2461
2026-01-29,102.41,103.40,98.51,99.81,1141
2026-01-30,99.81,100.00,98.00,98.97,1943
2026-02-01,99.01,105.00,99.01,100.71,6161
2026-02-02,102.39,102.39,98.51,99.93,3308
2026-02-03,100.00,103.99,100.00,100.97,6652
2026-02-04,100.00,104.79,100.00,101.97,2796
2026-02-05,101.97,101.97,100.21,101.40,1186
2026-02-06,101.00,102.89,98.10,99.53,2647
2026-02-09,103.60,103.60,100.35,101.10,3992
2026-02-10,101.10,103.70,101.09,102.89,1439
2026-02-11,104.00,104.00,100.98,102.40,2742
2026-02-12,102.99,102.99,100.50,101.50,1806
2026-02-13,100.00,101.29,98.23,98.97,2141
2026-02-16,102.59,102.59,97.00,97.73,5520
2026-02-17,97.50,99.00,96.05,97.66,3113
2026-02-18,99.87,103.50,92.13,93.68,48456
2026-02-19,94.90,94.90,90.10,91.29,6767
2026-02-20,93.49,93.49,90.00,90.17,1520
2026-02-23,93.69,93.69,90.01,91.98,1053
2026-02-24,91.00,91.93,85.00,87.89,8974
2026-02-25,88.32,88.32,81.61,83.90,7971
2026-02-26,83.90,85.79,80.06,82.94,6666
2026-02-27,82.35,84.00,80.00,80.57,1560
2026-03-02,79.95,80.00,75.25,76.31,6921
2026-03-04,76.31,77.97,72.00,73.67,2958
2026-03-05,73.68,79.00,73.00,77.96,12135
2026-03-06,77.96,79.80,75.51,76.28,1997
2026-03-09,77.70,77.70,73.50,73.53,3206
2026-03-10,78.70,78.70,73.50,74.64,24621
2026-03-11,76.60,77.80,73.99,74.47,22788
2026-03-12,74.40,75.00,72.50,74.98,5468
2026-03-13,76.90,76.90,70.20,72.33,3428
2026-03-16,72.26,72.26,68.52,70.04,2291
2026-03-17,73.99,76.00,70.50,72.34,5757
2026-03-18,73.00,75.22,71.05,73.31,5638
2026-03-19,72.80,72.80,71.00,71.34,2272
2026-03-20,74.99,75.00,69.00,69.94,3320
2026-03-23,67.30,71.49,65.80,66.98,5403
2026-03-24,69.90,69.90,67.46,67.87,3730
2026-03-25,67.99,70.00,65.10,66.46,19118
2026-03-27,65.60,67.49,59.36,60.65,30513
2026-03-30,60.65,60.65,53.86,58.56,25681
2026-04-01,62.90,66.00,59.05,65.18,5984
2026-04-02,65.00,67.55,63.00,66.50,1672
2026-04-06,66.31,68.25,66.31,67.57,760
2026-04-07,65.01,71.72,65.00,70.04,4018
2026-04-08,76.00,76.90,73.00,75.17,5656
2026-04-09,75.18,77.87,73.66,76.25,4776
2026-04-10,75.20,77.80,74.30,74.81,4471
2026-04-13,74.81,74.81,71.00,72.61,7696
2026-04-15,72.02,76.69,72.00,74.17,6212
2026-04-16,76.49,89.00,74.50,89.00,158149
2026-04-17,94.89,106.80,93.61,106.80,585380
2026-04-20,111.98,113.80,104.11,108.54,234899
2026-04-21,108.54,109.98,97.90,101.30,44564
2026-04-22,101.50,101.50,97.00,99.75,5638
2026-04-23,97.76,100.30,96.00,96.30,5757
2026-04-24,99.39,99.39,94.10,94.86,2582
2026-04-27,93.90,97.10,90.50,92.70,6349
2026-04-28,91.80,96.90,91.49,92.60,2821
2026-04-29,92.63,93.00,91.50,92.17,3646
2026-04-30,90.14,92.00,88.20,91.98,2338
2026-05-04,92.00,93.74,90.00,91.50,3588
2026-05-05,91.50,92.45,89.10,89.55,1561
2026-05-06,89.55,91.70,86.80,88.33,5623
2026-05-07,92.39,92.39,84.02,88.00,8601
2026-05-08,87.80,89.70,86.00,86.60,3422
2026-05-11,86.58,88.30,86.01,86.09,1458
2026-05-12,86.52,88.35,83.75,84.34,3890
2026-05-13,85.70,86.10,83.20,86.00,1079
2026-05-14,86.30,86.90,84.80,85.00,576
2026-05-15,85.00,87.99,85.00,87.75,1251
2026-05-18,88.00,88.20,85.00,85.49,2246
2026-05-19,85.50,87.50,85.00,85.00,1126
2026-05-20,85.00,85.10,84.00,84.01,656
2026-05-21,84.20,87.00,84.20,84.22,1291
2026-05-22,84.64,84.64,84.23,84.25,232
2026-05-25,84.25,88.25,81.01,87.93,2242
2026-05-26,87.45,87.45,83.55,85.50,2776
2026-05-27,83.50,87.50,83.50,85.41,331
2026-05-29,85.83,88.44,85.83,88.01,1026
2026-06-01,91.90,91.90,85.57,86.00,1394
2026-06-02,87.72,87.72,83.55,86.14,1771
2026-06-03,85.71,85.71,82.11,85.23,1805
2026-06-04,85.24,86.00,84.50,86.00,848
2026-06-05,86.00,86.00,85.00,85.00,1248
2026-06-08,84.00,87.00,81.15,84.00,717
2026-06-09,83.00,85.90,80.20,84.89,1428
2026-06-10,84.90,86.95,81.30,82.00,2654
2026-06-11,81.90,84.89,81.59,82.80,364
2026-06-12,82.81,84.94,82.00,84.37,988
2026-06-15,84.37,85.05,82.15,84.97,840
2026-06-16,85.50,88.00,84.51,86.07,984
2026-06-17,87.07,88.00,82.50,84.98,1536
2026-06-18,83.88,86.49,82.00,85.68,2377
2026-06-19,85.89,86.99,84.00,86.29,8042
2026-06-22,85.00,87.00,84.50,84.51,11079
2026-06-23,84.60,88.73,84.31,86.12,5533
2026-06-24,86.00,86.00,84.02,85.99,475
2026-06-25,84.25,84.25,83.15,83.16,587
2026-06-29,83.16,87.00,82.51,86.50,1843
2026-06-30,85.10,86.50,84.90,84.90,1609
2026-07-01,87.23,87.23,86.00,86.98,1296
2026-07-02,86.98,87.99,85.00,85.52,2296
2026-07-03,83.81,89.79,83.81,89.08,7260
2026-07-06,89.34,89.34,85.10,88.40,833
2026-07-07,85.25,85.25,84.21,84.35,576
2026-07-08,86.99,86.99,84.00,84.00,518
2026-07-09,82.50,88.20,81.10,87.70,279
2026-07-10,84.00,86.99,84.00,85.00,265
2026-07-13,86.70,86.99,84.05,84.06,1394
2026-07-14,84.00,88.26,84.00,85.00,1062
2026-07-15,85.00,86.80,84.50,85.50,294
2026-07-16,85.00,85.50,84.00,84.05,3013
2026-07-17,84.05,84.10,80.15,81.05,4010
2026-07-20,82.85,82.85,80.00,82.20,847
2026-07-21,82.00,82.00,80.00,81.59,503
2026-07-22,81.59,81.59,80.10,80.87,670
2026-07-23,81.99,81.99,81.00,81.85,586
2026-07-24,80.50,81.49,80.00,80.15,1654
2026-07-27,81.49,84.10,80.20,81.38,2054
2026-07-28,81.99,81.99,77.32,77.38,3074
2026-07-29,75.83,80.65,75.50,79.10,1348
2026-07-30,79.20,79.20,76.50,76.90,137
2026-07-31,76.67,76.90,76.50,76.50,742
2026-08-03,76.50,79.99,75.00,79.00,1426
2026-08-04,77.85,79.89,77.85,79.89,133
2026-08-05,79.80,79.99,78.10,79.38,642
2026-08-06,79.90,81.00,78.02,81.00,440
2026-08-07,80.90,81.00,80.90,81.00,877
2026-08-10,80.00,80.00,80.00,80.00,416
2026-08-11,80.00,82.80,76.43,81.28,3737
2026-08-12,81.00,81.00,77.91,79.99,1161
2026-08-13,78.60,80.00,78.10,80.00,441
2026-08-14,79.59,79.89,78.50,78.50,1000
2026-08-17,77.40,79.99,77.40,79.90,162
2026-08-18,79.90,79.90,77.02,77.20,67
2026-08-19,77.70,77.70,77.00,77.01,1268
2026-08-20,77.10,79.78,77.10,77.50,951
2026-08-21,75.46,77.94,75.45,75.88,1209
2026-08-24,78.66,79.45,77.41,78.10,5082
2026-08-25,79.90,79.90,76.10,76.56,351
2026-08-26,75.00,76.40,73.00,75.15,6005
2026-08-27,76.00,77.50,74.80,77.25,1365
2026-08-28,76.00,77.25,76.00,77.24,210
2026-08-31,75.27,78.79,74.04,77.09,919
2026-09-01,78.50,79.49,76.05,77.90,601
2026-09-02,76.34,78.89,75.01,77.00,344
2026-09-03,77.00,77.95,75.12,77.79,387
2026-09-04,75.14,77.68,75.14,76.51,1924
2026-09-07,76.50,76.50,74.99,75.99,683
2026-09-08,73.00,78.50,73.00,78.50,669
2026-09-09,77.40,78.49,74.58,74.65,2024
2026-09-10,78.00,78.00,75.15,76.81,353
2026-09-11,80.29,80.29,75.26,78.94,1713
2026-09-15,78.94,79.80,75.92,76.01,1311
2026-09-16,76.01,77.84,72.22,76.40,2231
2026-09-17,73.05,75.60,73.00,75.60,1571
2026-09-18,77.79,77.79,74.11,75.67,400
