Date,Open,High,Low,Close,Volume
2009-11-13,43.99,44.68,39.25,40.11,411000
2009-11-16,40.94,41.16,39.02,39.32,113555
2009-11-17,39.54,43.00,39.22,42.13,290915
2009-11-18,41.94,42.80,41.20,41.41,118250
2009-11-19,41.54,42.56,40.40,40.60,132680
2009-11-20,39.60,43.98,39.50,43.27,407220
2009-11-23,43.60,45.50,43.60,44.17,378035
2009-11-24,44.20,45.00,43.04,43.32,115485
2009-11-25,43.97,44.52,42.52,42.74,46935
2009-11-26,42.22,43.37,42.22,42.47,45120
2009-11-27,40.60,44.78,40.10,43.94,1096735
2009-11-30,45.20,47.20,44.24,46.79,361995
2009-12-01,47.00,56.15,47.00,56.15,2620035
2009-12-02,56.45,60.40,55.04,56.42,4431520
2009-12-03,58.00,58.00,53.12,54.08,538470
2009-12-04,53.99,55.62,53.00,53.55,467925
2009-12-07,55.80,55.80,50.53,51.28,313235
2009-12-08,51.78,56.00,50.52,54.75,746980
2009-12-09,54.80,55.54,53.26,54.08,277550
2009-12-10,54.39,57.38,53.86,55.29,692055
2009-12-11,55.38,57.14,54.44,54.75,202195
2009-12-14,54.30,55.80,54.20,54.45,114810
2009-12-15,55.09,56.96,53.04,53.63,396965
2009-12-16,54.19,54.59,52.80,53.55,132785
2009-12-17,53.80,55.00,53.20,54.26,127080
2009-12-18,53.80,54.20,52.22,52.66,122330
2009-12-21,53.36,54.40,52.43,52.72,151150
2009-12-22,53.22,53.54,52.31,52.52,106980
2009-12-23,52.82,54.18,52.25,52.52,558365
2009-12-24,52.20,52.74,50.80,51.19,257570
2009-12-29,50.31,52.70,50.31,51.53,218635
2009-12-30,51.78,55.14,51.27,53.58,661225
2009-12-31,54.00,55.62,53.30,54.28,790245
2010-01-04,54.68,55.00,53.60,53.76,213450
2010-01-05,54.59,54.70,53.24,53.63,364705
2010-01-06,54.16,54.16,52.80,53.22,120860
2010-01-07,53.54,55.20,52.40,52.57,1475205
2010-01-08,53.58,53.58,52.22,52.42,160645
2010-01-11,53.00,53.80,52.40,52.56,165740
2010-01-12,53.18,53.80,52.30,52.60,165720
2010-01-13,52.60,53.40,52.25,52.90,96725
2010-01-14,53.36,53.36,52.50,52.62,73525
2010-01-15,52.72,53.60,52.46,52.61,138925
2010-01-18,52.21,54.00,52.20,52.66,238100
2010-01-19,52.80,53.40,52.41,52.55,89580
2010-01-20,52.55,53.78,52.26,53.20,127980
2010-01-21,52.63,54.00,52.63,53.04,307345
2010-01-22,52.28,52.28,49.60,51.65,104785
2010-01-25,51.80,56.94,51.03,55.86,1208200
2010-01-27,55.45,58.58,52.80,53.47,1130080
2010-01-28,54.39,56.38,54.00,55.06,270460
2010-01-29,54.20,56.00,53.00,54.87,222920
2010-02-01,55.00,57.00,54.40,55.78,169540
2010-02-02,56.97,66.90,56.47,65.61,5546615
2010-02-03,65.60,65.88,61.20,62.57,2016495
2010-02-04,62.80,64.40,61.00,62.61,890620
2010-02-05,60.99,61.60,58.48,59.27,462770
2010-02-08,60.00,64.80,59.36,60.93,1629370
2010-02-09,61.19,61.78,59.20,59.77,463060
2010-02-10,60.01,60.60,57.24,57.80,436785
2010-02-11,58.58,59.59,58.10,58.74,144445
2010-02-15,58.60,60.99,57.00,58.07,380970
2010-02-16,58.80,59.66,57.34,58.54,209460
2010-02-17,58.99,60.09,58.04,58.70,210720
2010-02-18,58.84,60.40,58.60,59.02,227195
2010-02-19,58.40,59.60,58.00,58.19,97865
2010-02-22,58.80,59.19,56.40,57.12,113975
2010-02-23,56.32,57.70,56.00,56.67,128795
2010-02-24,56.43,57.30,55.63,56.18,107080
2010-02-25,57.30,57.30,56.20,56.57,71050
2010-02-26,55.02,59.02,55.02,58.07,122160
2010-03-02,56.60,62.88,56.60,61.27,360025
2010-03-03,61.60,64.28,60.70,62.69,707800
2010-03-04,62.60,65.40,62.60,63.11,521425
2010-03-05,63.40,66.40,63.40,64.80,654515
2010-03-08,65.80,67.78,64.92,66.78,337665
2010-03-09,66.80,74.94,66.00,71.97,5827975
2010-03-10,72.78,75.79,69.63,70.62,1505965
2010-03-11,70.96,72.40,69.40,71.05,537200
2010-03-12,71.60,73.00,70.40,72.11,325455
2010-03-15,72.40,72.80,70.40,70.94,177905
2010-03-16,70.80,70.98,69.20,70.17,127430
2010-03-17,70.26,73.16,70.26,71.17,268980
2010-03-18,71.80,73.59,70.40,72.51,335415
2010-03-19,73.40,77.28,73.40,76.15,1086980
2010-03-22,75.79,79.10,75.00,76.50,837660
2010-03-23,77.24,79.70,75.10,75.39,593275
2010-03-25,76.30,77.58,75.10,75.84,342010
2010-03-26,76.40,77.30,75.32,76.28,213845
2010-03-29,76.98,78.80,73.60,76.73,377305
2010-03-30,70.00,77.28,70.00,75.53,130560
2010-03-31,76.38,77.80,75.21,76.79,237525
2010-04-01,76.60,83.00,76.02,81.59,1221330
2010-04-05,81.40,84.00,81.20,83.36,447360
2010-04-06,82.00,84.94,82.00,82.92,360920
2010-04-07,83.44,84.88,82.80,83.14,270935
2010-04-08,83.24,84.00,82.10,82.73,149935
2010-04-09,83.20,83.80,81.72,82.12,157740
2010-04-12,82.40,83.25,80.40,80.85,159490
2010-04-13,81.02,82.97,77.32,79.10,346590
2010-04-15,80.60,82.20,78.85,79.17,300875
2010-04-16,79.02,82.00,79.02,79.47,290855
2010-04-19,79.70,80.80,78.70,79.96,265360
2010-04-20,80.01,81.95,79.60,80.01,353480
2010-04-21,81.68,83.74,80.40,81.35,618460
2010-04-22,81.60,82.34,79.60,79.81,227965
2010-04-23,80.60,81.18,80.02,80.37,107500
2010-04-26,79.80,81.39,79.21,79.50,173145
2010-04-27,79.98,82.18,79.20,79.58,463845
2010-04-28,79.40,81.20,78.25,78.71,359955
2010-04-29,80.68,81.00,78.80,79.50,276420
2010-04-30,80.26,80.28,78.80,79.55,204305
2010-05-03,79.23,79.76,78.53,78.78,100880
2010-05-04,79.20,79.59,75.68,76.20,199560
2010-05-05,74.20,77.80,73.60,77.01,235055
2010-05-06,77.24,78.96,76.40,76.67,138990
2010-05-07,75.80,77.38,74.20,74.84,188850
2010-05-10,76.40,82.36,74.99,80.82,448455
2010-05-11,81.20,81.20,77.00,77.75,143490
2010-05-12,76.33,79.78,76.33,78.54,165015
2010-05-13,80.00,82.08,78.80,80.66,420235
2010-05-14,80.20,80.70,78.40,78.81,102910
2010-05-17,78.60,82.96,76.83,82.35,539600
2010-05-18,83.00,87.60,82.70,86.38,999405
2010-05-19,83.34,87.88,81.43,82.64,418670
2010-05-20,83.80,90.78,80.50,88.77,1328880
2010-05-21,88.68,90.60,84.80,87.76,564735
2010-05-24,88.80,99.21,87.44,97.77,1976260
2010-05-25,96.90,99.78,91.40,92.14,980735
2010-05-26,93.80,97.00,93.00,94.46,453610
2010-05-27,94.28,100.00,94.00,96.95,1165480
2010-05-28,97.05,99.99,96.42,97.17,909815
2010-05-31,97.20,98.20,95.00,96.92,220120
2010-06-01,96.20,98.76,93.64,94.52,378895
2010-06-02,95.56,96.40,92.46,93.75,153735
2010-06-03,94.41,97.20,94.01,95.41,254835
2010-06-04,95.25,96.78,94.30,94.69,168670
2010-06-07,94.20,95.20,91.64,94.01,181450
2010-06-08,94.01,96.00,93.20,93.57,178865
2010-06-09,94.03,95.80,93.60,94.27,173990
2010-06-10,95.96,95.96,94.40,94.81,151335
2010-06-11,95.70,95.79,94.10,94.84,109795
2010-06-14,94.80,96.14,94.80,95.64,219685
2010-06-15,95.64,101.16,95.27,99.28,843105
2010-06-16,99.70,102.80,99.41,100.51,885195
2010-06-17,100.80,101.30,99.00,99.54,164690
2010-06-18,99.54,101.80,99.20,99.50,341585
2010-06-21,98.11,101.80,94.33,99.75,167420
2010-06-22,98.80,100.70,98.60,98.79,102205
2010-06-23,98.40,99.40,97.12,97.68,56990
2010-06-24,97.00,100.50,97.00,98.15,167600
2010-06-25,98.15,99.75,97.20,98.10,114455
2010-06-28,99.80,99.80,97.41,98.32,58290
2010-06-29,97.40,101.46,97.40,100.37,149175
2010-06-30,99.40,101.78,99.05,99.64,220685
2010-07-01,98.80,99.80,97.70,97.91,77105
2010-07-02,97.00,99.17,97.00,97.55,128090
2010-07-05,96.93,98.80,96.64,98.30,49675
2010-07-06,98.40,99.40,97.93,99.02,56040
2010-07-07,100.88,100.88,96.60,96.99,80755
2010-07-08,98.21,98.68,96.23,96.74,108900
2010-07-09,97.34,97.60,96.24,96.52,60255
2010-07-12,96.60,98.40,96.60,97.59,85830
2010-07-13,96.80,102.76,96.01,101.64,534855
2010-07-14,103.23,106.80,102.04,104.85,1222555
2010-07-15,106.40,107.60,105.20,105.90,529025
2010-07-16,110.44,114.78,105.00,106.37,5392145
2010-07-19,107.00,107.00,101.60,102.63,923495
2010-07-20,103.10,103.92,98.47,99.31,466595
2010-07-21,100.67,101.18,97.13,97.44,411500
2010-07-22,97.50,98.80,96.20,97.78,375410
2010-07-23,100.44,103.88,97.80,100.97,1154585
2010-07-26,101.60,102.58,98.41,98.89,199500
2010-07-27,99.20,99.56,98.00,98.34,108455
2010-07-28,98.40,101.80,98.20,99.01,246320
2010-07-29,98.00,101.20,98.00,99.96,178320
2010-07-30,99.00,103.78,98.82,103.11,735880
2010-08-02,103.40,104.58,102.00,102.88,142265
2010-08-03,103.76,111.40,102.50,109.66,1332020
2010-08-04,110.56,113.76,108.00,109.73,952350
2010-08-05,110.50,110.54,106.45,107.24,202055
2010-08-06,106.20,109.70,105.20,105.68,175460
2010-08-09,106.01,108.59,105.72,107.14,189660
2010-08-10,107.02,115.80,107.02,114.27,2169120
2010-08-11,114.80,117.00,112.45,115.38,862185
2010-08-12,114.40,116.24,113.40,115.23,340300
2010-08-13,115.40,118.90,114.60,115.10,538670
2010-08-16,114.00,117.36,114.00,116.04,231610
2010-08-17,114.25,123.60,114.25,122.87,1168585
2010-08-18,123.88,128.00,120.50,126.74,834470
2010-08-19,127.00,127.79,123.60,124.34,354515
2010-08-20,121.05,127.60,121.05,124.11,443300
2010-08-23,124.73,125.49,122.22,122.80,130200
2010-08-24,123.98,128.16,123.20,124.37,356600
2010-08-25,123.20,124.78,117.64,118.46,225430
2010-08-26,117.00,119.68,116.26,116.87,160345
2010-08-27,117.60,122.90,115.07,115.95,422450
2010-08-30,116.60,118.68,113.42,113.98,122120
2010-08-31,111.64,115.79,109.30,114.21,438070
2010-09-01,114.20,119.80,113.80,118.86,381055
2010-09-02,119.60,120.60,116.84,117.41,91155
2010-09-03,117.41,127.34,117.41,120.17,1669075
2010-09-06,121.37,126.40,120.23,125.23,560960
2010-09-07,126.20,126.38,121.84,122.32,194540
2010-09-08,123.00,123.58,120.20,121.16,81970
2010-09-09,122.60,123.28,120.02,121.34,152285
2010-09-13,122.79,125.42,121.20,123.44,257040
2010-09-14,123.98,125.00,121.72,122.44,121335
2010-09-15,124.58,124.60,121.20,121.78,97155
2010-09-16,122.20,124.80,121.20,121.71,150135
2010-09-17,121.40,122.97,120.25,122.08,45840
2010-09-20,121.80,123.60,120.41,120.98,218700
2010-09-21,121.20,121.88,119.25,120.59,145465
2010-09-22,120.75,122.96,119.43,122.46,220690
2010-09-23,121.40,122.40,119.72,120.11,83595
2010-09-24,120.20,121.00,119.46,120.46,62335
2010-09-27,121.86,123.00,119.11,119.96,119020
2010-09-28,120.96,120.96,116.52,117.44,81870
2010-09-29,118.00,119.80,117.02,118.67,76045
2010-09-30,118.00,119.55,112.51,116.07,88225
2010-10-01,117.93,120.56,115.96,117.44,141325
2010-10-04,119.59,120.00,118.06,118.51,74975
2010-10-05,116.81,119.59,116.81,118.32,49985
2010-10-06,118.60,119.58,116.80,117.47,152955
2010-10-07,118.96,118.96,116.20,117.06,117445
2010-10-08,118.00,124.40,117.20,118.64,334960
2010-10-11,119.96,122.00,119.00,119.97,112320
2010-10-12,120.80,120.86,117.88,118.30,73215
2010-10-13,120.86,120.86,118.41,118.82,31025
2010-10-14,119.94,120.91,117.00,118.09,122645
2010-10-15,119.78,119.78,117.02,118.03,45435
2010-10-18,121.00,121.00,114.10,114.81,321395
2010-10-19,111.11,115.78,111.11,113.06,131285
2010-10-20,113.10,116.80,110.04,114.73,196850
2010-10-21,115.40,117.60,115.30,117.02,81685
2010-10-22,117.60,117.60,113.00,114.00,51830
2010-10-25,114.05,116.60,114.05,115.26,55430
2010-10-26,114.00,116.78,113.00,113.27,45455
2010-10-27,113.00,113.99,111.40,111.95,67285
2010-10-28,112.00,113.59,110.22,111.13,33260
2010-10-29,110.00,112.00,106.61,107.25,94845
2010-11-01,109.60,109.60,107.41,109.01,47180
2010-11-02,109.20,115.60,107.33,114.04,217170
2010-11-03,112.21,115.00,112.00,112.44,40945
2010-11-04,113.18,113.98,111.05,111.73,37595
2010-11-05,113.60,115.28,111.40,114.46,37025
2010-11-08,113.40,114.60,111.20,113.36,43540
2010-11-09,112.21,113.98,111.60,111.94,42010
2010-11-10,113.40,113.40,110.43,112.23,25945
2010-11-11,111.45,113.00,110.00,110.42,44035
2010-11-12,111.80,111.95,107.72,109.00,54455
2010-11-15,109.61,112.40,109.00,110.76,27380
2010-11-16,110.62,111.40,107.98,109.10,57955
2010-11-18,111.99,112.40,109.00,112.01,112620
2010-11-19,112.00,114.00,107.64,108.51,110080
2010-11-22,113.80,113.80,105.58,108.21,74415
2010-11-23,107.20,111.60,106.02,109.95,113885
2010-11-24,108.80,112.20,106.49,111.33,57255
2010-11-25,116.80,116.80,108.02,110.84,105240
2010-11-26,109.80,112.00,103.90,106.30,91420
2010-11-29,112.00,112.00,106.00,108.40,29565
2010-11-30,107.40,111.00,107.40,110.43,92350
2010-12-01,109.42,118.00,109.42,116.69,153585
2010-12-02,116.90,117.40,113.00,116.56,65220
2010-12-03,114.60,116.96,112.32,113.21,28360
2010-12-06,114.62,115.60,113.50,114.63,59800
2010-12-07,112.22,114.80,112.22,114.04,24115
2010-12-08,114.40,117.00,113.20,115.76,99275
2010-12-09,116.94,116.94,113.60,115.30,147005
2010-12-10,114.20,121.80,114.00,120.55,166910
2010-12-13,122.00,123.00,117.05,119.82,78970
2010-12-14,121.40,121.40,109.33,118.08,41170
2010-12-15,117.45,118.55,114.12,116.81,34280
2010-12-16,115.60,117.97,115.20,117.09,22515
2010-12-20,120.86,121.80,115.20,119.21,51500
2010-12-21,117.00,120.59,115.11,119.65,24100
2010-12-22,120.20,121.18,118.44,118.77,33760
2010-12-23,117.11,120.50,117.10,118.43,12325
2010-12-24,119.80,119.80,117.20,118.47,17690
2010-12-27,118.72,119.93,117.48,119.28,20330
2010-12-28,118.00,119.40,118.00,118.55,14265
2010-12-29,119.20,119.20,117.40,118.07,15195
2010-12-30,118.00,119.60,117.50,118.75,20735
2010-12-31,119.58,119.97,117.00,117.94,30555
2011-01-03,116.85,120.40,116.85,119.54,16930
2011-01-04,119.00,132.34,119.00,124.34,1127550
2011-01-05,125.00,125.00,120.52,122.20,174795
2011-01-06,123.58,124.00,121.22,122.61,106815
2011-01-07,122.60,123.00,119.00,120.90,175935
2011-01-10,107.00,124.74,107.00,116.38,102525
2011-01-11,117.60,119.80,116.00,117.17,168270
2011-01-12,117.40,119.00,116.11,117.63,42995
2011-01-13,116.82,122.90,114.49,120.07,67230
2011-01-14,119.60,122.98,119.40,120.34,116405
2011-01-17,119.80,123.56,118.20,121.69,251265
2011-01-18,122.00,124.02,120.80,122.10,191170
2011-01-19,122.50,122.50,121.10,121.94,73760
2011-01-20,121.60,122.78,121.12,122.37,17965
2011-01-21,122.04,123.20,121.67,122.18,21230
2011-01-24,123.00,123.90,121.02,122.06,66830
2011-01-25,121.65,123.00,119.02,120.10,36085
2011-01-27,121.76,121.76,115.59,116.52,54830
2011-01-28,116.45,118.18,114.60,115.47,44770
2011-01-31,115.00,115.80,112.02,114.75,19120
2011-02-01,113.61,117.40,113.61,114.45,9700
2011-02-02,115.00,116.39,113.78,115.99,39120
2011-02-03,116.02,117.79,116.02,116.80,8220
2011-02-04,117.20,119.79,115.20,116.71,36625
2011-02-07,117.72,117.72,114.60,116.11,25665
2011-02-08,116.00,117.90,112.00,112.65,36940
2011-02-09,112.00,112.55,107.63,108.94,128470
2011-02-10,107.20,109.60,105.40,109.12,212130
2011-02-11,109.60,114.60,107.60,113.78,16590
2011-02-14,112.70,116.00,112.60,113.87,19385
2011-02-15,113.01,115.80,112.99,114.47,19735
2011-02-16,129.60,129.60,113.40,116.48,18160
2011-02-17,115.40,119.60,115.40,118.28,27485
2011-02-18,119.80,122.00,117.60,119.46,271235
2011-02-21,121.80,123.60,118.00,122.91,57005
2011-02-22,123.00,125.40,121.65,122.78,36490
2011-02-23,122.40,123.54,119.00,119.67,641375
2011-02-24,121.00,121.00,117.00,118.04,15905
2011-02-25,117.00,119.78,115.41,116.24,49865
2011-02-28,119.80,121.40,115.60,116.05,54140
2011-03-01,114.80,119.00,114.80,117.36,5505
2011-03-03,116.40,119.00,116.40,117.46,7400
2011-03-04,116.85,118.25,115.20,116.35,34705
2011-03-07,114.00,117.00,112.31,114.93,14005
2011-03-08,116.60,117.26,115.22,115.85,57365
2011-03-09,117.00,117.00,115.89,115.95,68790
2011-03-10,115.00,116.78,115.00,115.98,56010
2011-03-11,115.02,124.60,115.02,120.10,92430
2011-03-14,118.80,121.39,116.40,118.36,10320
2011-03-15,115.80,124.00,115.10,119.34,24750
2011-03-16,121.20,121.20,115.11,117.50,24830
2011-03-17,116.40,120.00,116.40,117.43,8470
2011-03-18,117.60,118.00,115.02,115.31,13690
2011-03-21,117.80,117.80,114.00,114.42,32035
2011-03-22,114.00,115.80,113.20,114.04,32135
2011-03-23,116.40,116.40,113.20,113.86,6480
2011-03-24,114.80,116.00,114.04,114.17,32295
2011-03-25,114.05,115.38,114.00,114.45,127320
2011-03-28,115.00,118.38,114.40,115.96,64725
2011-03-29,114.80,118.40,114.80,116.79,71690
2011-03-30,116.61,118.00,116.32,116.51,75920
2011-03-31,117.00,118.00,112.50,114.77,204145
2011-04-01,115.20,117.40,114.82,116.22,22050
2011-04-04,115.00,121.98,115.00,120.22,87110
2011-04-05,120.60,124.40,118.45,119.53,146030
2011-04-06,119.96,121.36,118.03,119.19,62035
2011-04-07,118.11,120.80,118.02,119.30,14020
2011-04-08,118.48,119.76,116.80,117.02,45900
2011-04-11,116.80,118.50,116.80,117.18,20260
2011-04-13,117.60,124.74,117.20,121.51,205725
2011-04-15,121.40,133.87,121.20,123.96,2013025
2011-04-18,125.09,127.80,120.21,120.63,174570
2011-04-19,120.20,122.00,117.62,118.97,88010
2011-04-20,119.40,120.40,117.02,117.67,100675
2011-04-21,118.00,122.00,117.26,119.14,374105
2011-04-25,119.26,120.78,117.01,117.99,54395
2011-04-26,118.00,118.99,117.00,117.69,38635
2011-04-27,118.80,120.60,117.80,118.27,80505
2011-04-28,120.00,120.00,118.03,119.37,32460
2011-04-29,121.00,121.00,117.80,118.81,38155
2011-05-02,120.60,123.46,118.25,120.47,90315
2011-05-03,120.00,120.94,117.60,118.64,54985
2011-05-04,119.00,120.60,118.80,119.44,139060
2011-05-05,120.88,121.38,114.45,115.90,85500
2011-05-06,117.00,117.00,112.00,112.37,116530
2011-05-09,113.22,113.99,108.40,110.68,122410
2011-05-10,110.00,112.56,109.40,109.78,21525
2011-05-11,110.46,112.79,109.25,111.07,38490
2011-05-12,111.40,115.00,111.40,113.26,80810
2011-05-13,114.38,114.84,112.60,113.94,13250
2011-05-16,115.00,116.77,112.25,114.36,15045
2011-05-17,116.00,117.36,113.20,114.25,13455
2011-05-18,104.00,114.00,104.00,112.47,14275
2011-05-19,112.02,113.36,111.92,112.07,11075
2011-05-20,112.22,113.67,111.24,112.91,11115
2011-05-23,112.00,113.20,108.40,109.22,20655
2011-05-24,109.52,113.94,109.52,111.87,36265
2011-05-25,113.45,113.50,110.20,111.07,6950
2011-05-26,111.40,114.00,110.22,111.34,14975
2011-05-27,111.42,113.39,111.02,112.36,4760
2011-05-30,113.00,118.00,111.61,114.91,38670
2011-05-31,115.20,118.90,113.60,115.80,81140
2011-06-01,115.60,117.00,115.60,116.47,17200
2011-06-02,115.99,116.57,114.43,115.50,8955
2011-06-03,116.36,117.00,115.80,116.40,9590
2011-06-06,117.14,118.60,115.44,117.36,547895
2011-06-07,117.00,117.60,116.06,116.46,34915
2011-06-08,122.80,122.80,115.60,116.70,64075
2011-06-09,117.00,117.19,115.67,116.36,140890
2011-06-10,116.07,119.40,116.00,118.13,75985
2011-06-13,117.59,118.59,116.20,118.11,24360
2011-06-14,119.96,119.96,118.00,118.21,13785
2011-06-15,118.00,119.58,117.00,117.73,25175
2011-06-16,117.00,118.01,116.00,117.21,23440
2011-06-17,117.60,118.80,117.11,117.92,19505
2011-06-20,118.00,119.20,117.00,118.09,55345
2011-06-21,117.60,118.86,117.23,118.11,10225
2011-06-22,118.00,118.40,113.40,116.05,38450
2011-06-23,115.23,119.80,115.01,118.46,63070
2011-06-24,118.97,119.80,115.67,118.40,20920
2011-06-27,119.00,121.00,117.31,120.14,74660
2011-06-28,120.40,124.80,118.42,123.27,108440
2011-06-29,123.04,124.98,120.98,121.41,54120
2011-06-30,123.49,125.00,121.60,124.24,59250
2011-07-01,125.00,130.58,125.00,129.02,291705
2011-07-04,128.46,132.80,128.46,131.58,318465
2011-07-05,133.20,138.68,131.20,135.86,255845
2011-07-06,136.50,146.29,134.00,143.17,1334600
2011-07-07,143.68,150.00,142.24,146.12,1113740
2011-07-08,149.00,149.00,139.80,140.62,186130
2011-07-11,140.70,149.00,140.69,142.86,392430
2011-07-12,139.60,145.40,139.60,142.17,158505
2011-07-13,143.00,147.20,143.00,145.38,227530
2011-07-14,145.94,151.96,144.96,147.53,760165
2011-07-15,148.79,150.40,142.48,143.47,337575
2011-07-18,144.33,145.00,139.18,139.78,195455
2011-07-19,137.60,137.60,126.53,128.95,1017380
2011-07-20,130.00,130.00,121.30,124.03,1045310
2011-07-21,122.00,129.88,121.64,128.77,719005
2011-07-22,130.00,131.60,125.70,129.63,189530
2011-07-25,131.00,131.00,126.80,127.46,201335
2011-07-26,129.60,129.60,124.00,127.56,324160
2011-07-27,127.60,127.99,124.60,125.81,178245
2011-07-28,125.59,127.00,124.21,125.94,112620
2011-07-29,126.00,128.00,123.25,124.32,109760
2011-08-01,126.21,126.21,118.28,120.06,535955
2011-08-02,120.06,123.77,119.02,121.05,122725
2011-08-03,119.00,122.40,117.99,119.69,94885
2011-08-04,120.50,121.76,117.00,117.96,125780
2011-08-05,116.00,120.90,113.60,119.95,172155
2011-08-08,120.39,120.39,114.00,115.18,95475
2011-08-09,112.20,117.59,108.05,115.60,232775
2011-08-10,118.96,121.00,116.00,120.39,80040
2011-08-11,119.00,124.00,118.23,121.37,75035
2011-08-12,122.10,123.26,119.21,121.33,24550
2011-08-16,120.25,123.60,118.06,119.30,35100
2011-08-17,119.42,122.18,119.04,120.29,39860
2011-08-18,120.00,121.56,117.22,120.18,57775
2011-08-19,118.01,120.50,116.40,120.01,39680
2011-08-22,118.60,123.67,118.50,122.10,76200
2011-08-23,129.73,129.73,120.60,123.81,44370
2011-08-24,124.60,126.60,121.24,122.39,39805
2011-08-25,121.40,123.00,120.60,121.65,35190
2011-08-26,120.66,121.58,116.00,116.43,65980
2011-08-29,118.20,120.80,117.45,118.40,20690
2011-08-30,119.00,119.78,116.02,117.30,57085
2011-09-02,117.60,120.00,116.84,118.29,28320
2011-09-05,117.99,120.00,116.70,118.40,37445
2011-09-06,118.08,120.00,117.30,119.66,22395
2011-09-07,120.17,120.39,118.53,118.86,16430
2011-09-08,120.00,124.74,119.40,121.16,49670
2011-09-09,121.02,122.80,118.00,118.62,74175
2011-09-12,119.80,119.80,115.62,116.46,49685
2011-09-13,116.47,119.80,116.21,118.19,64395
2011-09-14,118.19,118.60,116.80,117.29,49965
2011-09-15,119.20,119.59,116.00,116.51,21310
2011-09-16,116.21,118.40,116.21,117.75,51370
2011-09-19,118.00,118.42,116.80,117.39,19930
2011-09-20,119.60,119.60,116.62,117.70,13425
2011-09-21,116.84,118.40,116.84,117.82,12905
2011-09-22,117.80,117.80,116.40,116.46,14890
2011-09-23,114.60,115.62,112.00,113.30,284595
2011-09-26,112.00,112.80,109.04,109.92,37625
2011-09-27,110.10,111.99,110.10,110.54,25550
2011-09-28,112.00,112.00,106.10,106.37,110795
2011-09-29,106.00,107.97,104.21,107.31,67290
2011-09-30,107.80,109.68,105.58,108.07,42430
2011-10-03,108.00,111.77,107.00,108.90,578605
2011-10-04,108.20,110.19,103.63,106.31,43235
2011-10-05,108.48,108.80,104.34,105.62,29465
2011-10-07,109.80,111.00,106.00,107.11,42525
2011-10-10,107.00,109.68,105.02,105.66,23150
2011-10-11,107.00,108.80,105.60,108.22,39365
2011-10-12,105.50,110.80,105.00,109.16,27845
2011-10-13,110.71,121.00,110.20,116.62,311045
2011-10-14,116.30,118.40,114.47,116.88,62235
2011-10-17,117.98,121.86,115.20,118.25,97205
2011-10-18,116.00,118.02,113.48,113.66,27240
2011-10-19,115.00,116.34,110.40,114.02,65215
2011-10-20,114.20,114.20,110.60,111.01,17570
2011-10-21,111.01,112.60,109.40,110.22,30810
2011-10-24,110.22,112.80,110.22,111.47,28365
2011-10-25,111.02,111.60,107.58,108.69,22970
2011-10-26,109.60,121.80,109.21,113.01,12080
2011-10-28,115.00,115.40,111.00,111.82,25065
2011-10-31,115.58,115.58,112.02,113.55,46020
2011-11-01,112.99,115.00,112.40,114.17,28015
2011-11-02,115.60,116.80,112.20,113.24,33065
2011-11-03,114.58,117.28,112.42,116.03,119400
2011-11-04,116.03,127.40,116.03,119.29,130770
2011-11-08,119.60,119.80,116.00,117.97,42700
2011-11-09,117.60,120.00,116.26,119.38,71380
2011-11-11,117.61,117.61,101.64,106.11,632065
2011-11-14,107.00,110.24,103.27,104.96,324190
2011-11-15,104.22,105.88,98.25,98.82,91860
2011-11-16,99.11,99.11,95.03,95.86,55065
2011-11-17,95.00,96.80,91.60,93.53,42540
2011-11-18,93.00,94.30,89.51,90.83,33150
2011-11-21,89.80,91.75,84.41,86.28,58475
2011-11-22,85.25,87.76,74.60,85.23,182430
2011-11-23,83.00,85.19,80.86,83.94,73385
2011-11-24,83.80,89.38,83.20,87.92,141470
2011-11-25,87.79,88.76,87.00,88.00,348640
2011-11-28,88.40,90.38,87.82,88.25,197430
2011-11-29,95.94,95.94,89.26,89.76,32585
2011-11-30,89.00,90.00,88.00,88.50,18340
2011-12-01,91.79,106.19,90.42,91.15,51275
2011-12-02,91.00,93.79,90.42,91.55,31160
2011-12-05,91.55,91.60,75.37,88.98,39780
2011-12-07,89.38,91.58,89.00,90.29,26120
2011-12-08,89.60,91.62,88.20,90.59,15800
2011-12-09,88.40,91.18,88.20,89.98,17960
2011-12-12,89.80,90.80,87.01,87.83,12095
2011-12-13,88.00,88.10,86.30,86.91,13360
2011-12-14,86.60,87.77,84.00,84.76,11510
2011-12-15,84.01,84.93,81.81,82.30,27205
2011-12-16,82.53,84.60,82.00,82.44,10290
2011-12-19,82.50,82.90,78.67,79.97,41545
2011-12-20,79.60,79.79,76.21,77.89,42720
2011-12-21,78.42,79.57,74.80,77.92,172475
2011-12-22,77.80,79.38,76.40,76.90,1157875
2011-12-23,81.00,81.00,76.60,76.98,78910
2011-12-26,78.39,78.39,76.74,77.52,9590
2011-12-27,77.00,78.64,76.02,76.02,9540
2011-12-28,75.80,76.90,74.88,75.07,140785
2011-12-29,75.50,79.00,74.60,76.11,19635
2011-12-30,75.00,78.20,74.85,77.08,12145
2012-01-02,76.02,77.88,75.43,75.92,23040
2012-01-03,76.20,79.95,76.20,78.33,36900
2012-01-04,78.34,82.06,77.32,80.67,41515
2012-01-05,80.70,88.00,80.70,84.68,120750
2012-01-06,83.80,84.00,81.80,82.26,21160
2012-01-09,83.00,83.97,81.80,82.39,24715
2012-01-10,83.79,85.39,82.20,82.70,27620
2012-01-11,83.58,89.50,83.00,87.37,106530
2012-01-12,86.00,90.20,86.00,87.34,80240
2012-01-13,86.81,88.94,85.61,86.41,19900
2012-01-16,85.21,87.59,85.21,86.24,10630
2012-01-17,87.94,87.94,85.80,86.35,140470
2012-01-18,86.30,86.78,82.41,83.83,34850
2012-01-19,83.83,85.37,82.80,83.19,17175
2012-01-20,83.60,84.10,82.10,82.44,27770
2012-01-23,82.44,83.80,81.78,82.04,21245
2012-01-24,83.80,84.00,81.60,83.17,26975
2012-01-25,83.20,84.78,75.70,82.75,60085
2012-01-27,83.81,84.40,82.80,83.15,34265
2012-01-30,83.02,83.98,82.00,82.37,18165
2012-01-31,83.06,83.06,82.00,82.68,16640
2012-02-01,82.21,83.35,82.20,83.03,16985
2012-02-02,83.20,84.00,82.24,82.77,34525
2012-02-03,82.88,86.80,82.88,85.53,224985
2012-02-06,86.31,88.20,82.25,83.73,360400
2012-02-07,83.22,83.22,77.40,77.66,611680
2012-02-08,77.66,78.20,77.40,77.73,89320
2012-02-09,77.66,77.80,76.00,76.48,67270
2012-02-10,76.40,79.56,76.00,76.40,324755
2012-02-13,77.00,77.99,75.60,76.11,1092690
2012-02-14,76.32,78.00,76.20,77.09,147800
2012-02-15,77.09,80.96,76.56,76.96,782075
2012-02-16,77.80,78.00,77.00,77.31,112975
2012-02-17,78.00,78.00,76.07,76.39,173620
2012-02-21,76.79,77.35,76.00,76.77,204150
2012-02-22,77.00,77.30,75.70,76.65,232800
2012-02-23,76.94,76.94,74.60,75.84,87470
2012-02-24,76.00,76.91,74.40,74.80,140700
2012-02-27,75.00,75.56,70.20,71.15,114325
2012-02-28,72.00,74.88,71.60,74.05,82590
2012-02-29,75.00,75.31,74.02,74.69,120590
2012-03-01,74.21,74.98,73.05,73.79,684795
2012-03-02,73.40,74.40,73.03,73.54,44780
2012-03-05,74.00,74.19,72.26,72.72,117890
2012-03-06,72.05,73.64,71.80,72.41,171600
2012-03-07,73.17,73.17,70.60,71.13,108045
2012-03-09,71.32,72.70,71.00,71.48,79515
2012-03-12,71.62,72.94,70.41,70.85,166435
2012-03-13,69.45,71.99,69.45,70.39,60635
2012-03-14,70.60,71.60,70.05,70.50,194305
2012-03-15,70.54,70.99,69.63,69.84,61225
2012-03-16,70.40,70.60,65.40,66.27,241470
2012-03-19,67.88,67.88,66.00,66.95,104955
2012-03-20,66.62,75.58,66.62,68.95,1940210
2012-03-21,69.70,71.20,68.23,68.98,331335
2012-03-22,68.40,76.78,68.40,73.40,3559505
2012-03-23,74.80,77.12,73.77,76.06,805840
2012-03-26,76.33,79.52,75.21,75.95,871740
2012-03-27,76.83,77.99,75.00,75.98,341935
2012-03-28,76.67,77.17,74.21,74.74,222720
2012-03-29,74.52,74.52,72.40,73.16,115240
2012-03-30,73.96,77.00,73.80,76.18,420100
2012-04-02,77.41,81.09,75.80,79.96,1133095
2012-04-03,80.94,81.74,78.06,78.65,583655
2012-04-04,78.90,79.19,76.80,77.61,140975
2012-04-09,78.00,78.00,75.05,75.48,111275
2012-04-10,76.54,76.54,74.40,74.72,86885
2012-04-11,74.80,78.68,74.40,77.18,463150
2012-04-12,77.86,80.58,77.77,79.32,825690
2012-04-13,79.33,79.85,75.40,75.90,238955
2012-04-16,75.70,79.18,75.54,78.38,220325
2012-04-17,78.96,80.19,77.70,78.57,408420
2012-04-18,79.60,79.64,77.42,77.75,132370
2012-04-19,78.00,78.90,77.60,78.00,114020
2012-04-20,78.59,78.60,75.89,76.53,86795
2012-04-23,73.22,76.77,70.79,74.92,122890
2012-04-24,75.00,75.50,73.40,74.43,76260
2012-04-25,74.04,75.70,73.20,73.62,167505
2012-04-26,73.97,74.56,73.02,73.51,51250
2012-04-27,74.10,77.74,73.66,75.56,347945
2012-04-30,75.62,77.90,75.62,76.46,183810
2012-05-02,76.50,78.60,76.38,76.63,250905
2012-05-03,76.37,76.76,74.70,74.94,74160
2012-05-04,75.17,75.17,72.80,72.95,76065
2012-05-07,72.71,73.00,71.50,72.86,158940
2012-05-08,73.00,73.30,71.71,72.25,175185
2012-05-09,72.30,73.40,70.60,72.91,239100
2012-05-10,72.60,73.00,71.41,72.49,102115
2012-05-11,72.01,72.94,70.61,70.99,59205
2012-05-14,70.22,70.98,68.81,69.59,138560
2012-05-15,68.80,69.50,68.00,68.47,34615
2012-05-16,67.70,69.44,66.01,68.09,36710
2012-05-17,66.64,69.50,66.64,68.13,27795
2012-05-18,59.80,69.40,59.80,67.83,50180
2012-05-21,69.48,69.48,67.30,67.93,27470
2012-05-22,68.23,69.74,67.00,67.30,44120
2012-05-23,66.80,67.96,66.80,67.36,16190
2012-05-24,67.80,68.37,67.24,67.72,40615
2012-05-25,67.40,73.32,67.20,70.78,368000
2012-05-28,71.61,74.60,71.08,73.79,229090
2012-05-29,74.40,76.20,73.40,73.81,322800
2012-05-30,74.21,77.20,73.01,74.74,447435
2012-05-31,74.48,75.60,73.40,73.94,79365
2012-06-01,73.50,75.60,71.60,71.91,84230
2012-06-04,71.59,84.82,71.20,82.66,1489100
2012-06-05,82.00,85.60,78.01,78.53,1572040
2012-06-06,78.80,81.60,78.80,79.66,423990
2012-06-07,79.68,81.39,78.43,79.68,283730
2012-06-08,79.58,80.58,77.61,78.72,228090
2012-06-11,79.74,80.80,77.81,78.35,164335
2012-06-12,78.00,80.36,78.00,78.76,242250
2012-06-13,79.50,80.39,78.64,79.10,250520
2012-06-14,78.60,79.58,76.10,76.59,132545
2012-06-15,77.40,78.18,76.24,76.98,120495
2012-06-18,77.77,77.77,76.20,76.47,81200
2012-06-19,76.40,77.80,75.20,77.53,144170
2012-06-20,77.80,79.38,77.01,77.64,146955
2012-06-21,77.25,79.19,77.12,78.06,62620
2012-06-22,77.06,79.00,77.06,78.00,105525
2012-06-25,78.94,79.00,77.25,77.56,69980
2012-06-26,78.00,78.80,77.45,77.84,59755
2012-06-27,77.82,78.96,77.80,78.37,57980
2012-06-28,78.30,78.94,77.10,77.35,45555
2012-06-29,78.39,78.80,77.80,78.34,70280
2012-07-02,78.40,82.70,78.40,82.00,520750
2012-07-03,82.41,82.92,80.51,81.52,122225
2012-07-04,82.46,82.47,80.62,80.92,121410
2012-07-05,81.01,83.20,80.81,81.77,182595
2012-07-06,82.00,83.80,81.70,82.21,410500
2012-07-09,82.53,87.20,81.45,84.76,982435
2012-07-10,85.20,88.00,85.20,86.64,1145770
2012-07-11,87.20,88.80,86.01,86.67,290850
2012-07-12,84.21,87.18,84.19,86.04,90340
2012-07-13,84.64,92.88,84.64,90.97,1022365
2012-07-16,92.00,93.75,88.61,89.53,493715
2012-07-17,90.61,90.69,86.90,87.24,161510
2012-07-18,86.53,88.40,86.06,87.28,99325
2012-07-19,88.29,90.34,87.13,87.64,159700
2012-07-20,88.20,88.60,86.50,87.09,122895
2012-07-23,86.50,87.60,84.40,84.60,192575
2012-07-24,84.94,88.00,84.66,85.87,220215
2012-07-25,86.40,87.57,85.20,87.00,73975
2012-07-26,86.98,89.20,86.20,86.84,203070
2012-07-27,87.99,89.40,85.37,85.94,369385
2012-07-30,85.94,86.60,83.00,84.00,135110
2012-07-31,84.40,84.59,82.60,83.23,93150
2012-08-01,83.00,85.10,83.00,83.58,237375
2012-08-02,83.98,86.80,83.13,85.18,340765
2012-08-03,84.75,85.28,83.41,83.87,92910
2012-08-06,84.71,85.35,83.61,83.78,84785
2012-08-07,83.76,85.68,83.22,83.73,206620
2012-08-08,83.88,84.37,83.10,83.38,48440
2012-08-09,83.42,86.13,83.40,83.80,293965
2012-08-10,83.98,87.80,83.86,84.90,1177230
2012-08-13,84.92,85.70,83.60,83.92,141550
2012-08-14,83.01,84.60,67.20,80.90,303275
2012-08-16,81.06,82.60,79.20,79.73,214265
2012-08-17,79.60,80.80,77.41,77.99,278795
2012-08-21,78.79,80.37,77.24,78.87,161355
2012-08-22,79.60,81.98,78.99,80.65,181870
2012-08-23,81.05,82.20,79.20,79.86,202075
2012-08-24,79.98,79.98,78.05,78.64,73145
2012-08-27,78.69,80.59,78.51,78.74,101190
2012-08-28,78.02,81.48,78.02,80.80,253655
2012-08-29,80.94,81.72,78.02,78.40,156450
2012-08-30,78.02,79.57,77.80,78.39,58010
2012-08-31,78.80,80.08,78.05,78.36,190365
2012-09-03,78.78,79.86,78.41,78.74,77895
2012-09-04,78.64,79.79,78.61,78.80,313650
2012-09-05,79.02,79.56,78.42,78.85,72350
2012-09-06,79.17,79.36,78.50,78.91,95430
2012-09-07,79.28,79.79,78.80,79.34,298350
2012-09-10,79.41,79.74,78.49,78.73,86955
2012-09-11,79.24,79.41,78.40,78.74,134330
2012-09-12,79.39,81.76,78.20,78.69,329185
2012-09-13,79.10,83.00,78.80,82.46,989220
2012-09-14,83.50,84.90,81.60,81.98,513290
2012-09-17,82.94,82.94,80.00,80.85,145265
2012-09-18,80.81,81.90,80.05,80.83,106520
2012-09-20,80.01,81.32,79.33,79.61,79625
2012-09-21,80.20,81.38,80.20,81.07,96345
2012-09-24,80.22,81.74,79.20,79.78,108335
2012-09-25,80.73,80.73,79.22,80.06,64580
2012-09-26,79.61,82.40,79.26,80.40,225440
2012-09-27,81.40,82.38,80.71,81.89,126445
2012-09-28,80.80,84.00,80.80,82.69,218870
2012-10-01,83.10,83.77,82.00,82.60,79810
2012-10-03,82.60,84.80,82.60,83.17,230385
2012-10-04,83.49,84.57,83.20,83.98,224190
2012-10-05,83.88,86.00,83.41,84.61,242770
2012-10-08,85.00,86.80,84.81,85.10,156540
2012-10-09,85.49,87.09,85.26,85.71,140760
2012-10-10,85.99,87.08,85.00,85.36,150270
2012-10-11,85.61,86.39,85.00,85.68,73335
2012-10-12,85.73,87.70,85.73,87.21,136385
2012-10-15,87.20,90.37,86.69,89.58,303775
2012-10-16,89.89,92.38,89.89,91.16,301170
2012-10-17,91.60,92.67,90.53,91.60,163290
2012-10-18,92.00,93.40,90.62,92.03,135905
2012-10-19,91.57,91.96,90.69,91.24,84755
2012-10-22,90.45,93.19,90.06,92.64,84785
2012-10-23,97.00,102.73,92.69,93.24,123890
2012-10-25,92.69,93.78,91.73,91.98,93805
2012-10-26,92.89,92.89,91.05,91.37,160705
2012-10-29,91.39,91.98,91.00,91.50,60665
2012-10-30,90.04,91.49,89.00,89.58,44340
2012-10-31,89.89,89.89,87.40,87.72,57010
2012-11-01,88.20,90.56,88.20,89.12,99365
2012-11-02,89.28,93.70,89.28,92.75,79445
2012-11-05,93.27,94.28,92.22,92.76,59200
2012-11-06,92.60,93.44,91.60,92.58,88200
2012-11-07,93.60,95.01,92.80,93.14,166495
2012-11-08,92.40,93.00,91.10,92.00,402075
2012-11-09,91.62,92.38,91.20,92.09,125060
2012-11-12,92.33,95.58,92.20,94.63,111095
2012-11-13,94.60,96.30,94.40,95.24,60615
2012-11-15,95.20,97.00,94.40,95.91,223135
2012-11-16,96.20,96.60,93.62,94.00,71975
2012-11-19,94.30,94.76,92.20,93.29,39515
2012-11-20,93.16,93.56,91.56,91.56,53065
2012-11-21,91.56,93.40,89.00,92.17,38830
2012-11-22,90.40,92.76,90.40,91.99,25380
2012-11-23,91.79,92.50,91.55,92.04,20885
2012-11-26,91.20,93.00,91.20,93.00,27835
2012-11-27,92.06,94.40,92.06,92.68,19440
2012-11-29,93.80,94.60,92.80,93.77,66210
2012-11-30,94.00,94.00,93.31,93.40,22360
2012-12-03,93.40,94.00,91.90,92.16,59325
2012-12-04,92.02,92.87,91.40,91.70,38395
2012-12-05,91.40,95.30,91.40,93.97,231785
2012-12-06,95.60,95.60,92.40,93.60,137920
2012-12-07,93.03,95.25,92.54,95.10,199950
2012-12-10,95.60,97.80,95.00,97.37,303490
2012-12-11,97.60,100.00,97.60,99.20,409370
2012-12-12,99.20,99.40,97.60,99.12,87455
2012-12-13,100.00,100.00,97.22,98.55,114925
2012-12-14,98.80,98.80,95.60,98.07,217545
2012-12-17,97.00,99.24,97.00,98.84,294105
2012-12-18,98.02,99.18,97.72,98.60,198340
2012-12-19,99.00,101.30,97.84,99.07,203270
2012-12-20,100.30,100.30,97.60,98.90,189085
2012-12-21,99.36,99.80,98.24,99.06,224360
2012-12-24,100.00,109.72,98.30,98.96,59395
2012-12-26,100.00,101.36,98.46,98.78,160710
2012-12-27,99.76,100.19,98.30,99.00,73465
2012-12-28,99.58,99.58,98.60,99.37,34020
2012-12-31,98.21,100.80,97.60,100.00,47620
2013-01-01,100.60,106.56,100.20,104.22,384680
2013-01-02,104.24,105.18,101.64,101.95,83720
2013-01-03,102.00,102.94,101.50,101.94,60995
2013-01-04,101.40,103.30,100.20,101.22,56480
2013-01-07,101.45,104.72,100.98,102.43,146405
2013-01-08,102.40,103.73,101.60,102.24,564135
2013-01-09,102.25,104.00,102.25,103.65,66910
2013-01-10,104.40,104.76,102.40,102.42,40665
2013-01-11,102.60,102.60,98.65,100.00,47525
2013-01-14,100.00,100.21,98.74,99.41,28155
2013-01-15,99.60,102.20,99.35,99.57,61130
2013-01-16,99.58,100.60,98.30,99.00,48170
2013-01-17,99.59,99.88,98.59,99.00,20610
2013-01-18,99.80,106.86,98.70,99.40,35985
2013-01-21,99.03,100.40,98.75,98.80,10820
2013-01-22,98.80,99.99,98.60,99.00,47485
2013-01-23,98.81,100.12,97.08,99.30,19580
2013-01-24,98.62,99.79,98.00,98.82,185840
2013-01-25,98.60,100.20,98.41,99.10,70455
2013-01-28,99.00,100.98,98.42,100.08,20020
2013-01-29,99.20,102.32,98.73,100.60,46450
2013-01-30,99.60,100.61,98.70,98.70,24460
2013-01-31,99.00,100.00,98.53,99.92,22450
2013-02-01,98.46,99.98,98.45,99.80,11840
2013-02-04,98.66,101.79,98.05,99.27,40115
2013-02-05,98.01,100.00,98.01,99.27,37035
2013-02-06,99.22,101.01,99.00,99.60,28045
2013-02-07,99.00,101.97,96.24,98.85,270965
2013-02-08,99.20,100.80,98.08,98.98,125900
2013-02-11,98.60,99.60,98.11,98.69,20775
2013-02-12,99.59,99.60,98.41,99.00,31460
2013-02-13,99.60,99.71,98.50,99.00,31265
2013-02-14,98.49,100.78,98.49,100.01,57255
2013-02-15,99.10,99.74,98.30,98.91,46850
2013-02-18,99.38,99.38,98.50,98.70,20335
2013-02-19,98.63,99.00,98.25,98.66,202380
2013-02-20,108.73,117.75,98.00,99.00,137560
2013-02-21,98.31,99.33,98.20,98.95,108500
2013-02-22,98.41,100.78,98.41,99.91,42480
2013-02-25,100.59,101.80,98.50,98.60,64700
2013-02-26,99.21,99.70,94.71,95.64,53845
2013-02-27,96.38,97.25,94.92,95.64,37790
2013-02-28,96.00,96.10,93.66,94.00,82250
2013-03-01,94.80,95.80,94.00,94.61,15790
2013-03-04,94.21,94.73,93.77,94.64,19975
2013-03-05,94.02,94.64,93.80,93.80,34040
2013-03-06,95.60,97.60,93.35,93.84,11905
2013-03-07,94.00,94.48,92.19,93.80,33805
2013-03-08,94.74,94.75,93.25,94.20,19025
2013-03-11,93.61,96.37,93.60,94.18,19790
2013-03-12,94.18,95.59,92.24,92.62,90510
2013-03-13,92.75,93.50,91.74,92.65,31225
2013-03-14,92.82,92.82,91.31,92.00,250170
2013-03-15,92.20,92.69,92.20,92.38,15415
2013-03-18,93.00,93.00,91.07,91.81,12640
2013-03-19,91.01,92.52,91.01,92.00,94665
2013-03-20,91.61,92.00,88.53,89.85,217905
2013-03-21,89.00,91.00,87.40,87.60,122575
2013-03-22,87.79,88.73,87.11,88.02,200490
2013-03-25,88.59,88.60,85.20,86.00,63795
2013-03-26,85.00,85.94,83.40,85.58,80850
2013-03-28,85.99,86.00,84.00,85.31,23855
2013-04-01,85.68,86.80,84.20,86.70,9805
2013-04-02,86.39,92.00,86.02,92.00,17085
2013-04-03,90.00,91.98,85.20,85.60,36900
2013-04-04,86.16,86.16,83.70,85.80,74075
2013-04-05,85.80,89.98,84.60,89.98,47790
2013-04-08,88.81,89.80,87.20,87.62,16880
2013-04-09,89.60,90.00,85.80,86.20,18745
2013-04-10,85.20,87.40,85.20,86.25,20315
2013-04-11,86.06,86.68,85.67,86.00,42780
2013-04-12,86.17,87.32,85.20,85.98,130915
2013-04-15,85.60,86.34,85.02,85.77,24445
2013-04-16,86.36,86.36,85.95,85.99,8855
2013-04-17,86.41,86.41,85.98,85.98,15265
2013-04-18,86.56,87.85,85.98,86.90,24535
2013-04-22,88.20,88.20,85.99,86.50,48310
2013-04-23,87.99,87.99,86.03,86.41,12310
2013-04-25,91.80,91.80,86.31,87.00,14925
2013-04-26,87.40,88.60,86.42,87.17,13245
2013-04-29,84.80,88.80,84.80,88.58,8335
2013-04-30,88.01,91.60,88.01,88.80,36810
2013-05-02,88.00,90.80,88.00,89.20,65520
2013-05-03,88.83,90.37,88.56,89.00,6780
2013-05-06,90.00,91.01,89.06,90.50,17030
2013-05-07,89.28,90.98,89.28,90.00,30865
2013-05-08,89.88,94.60,89.88,91.60,93410
2013-05-09,92.05,94.00,92.05,92.14,16660
2013-05-10,92.20,94.20,91.24,93.22,26435
2013-05-13,93.90,101.74,90.90,98.94,598415
2013-05-14,100.26,114.40,100.20,111.20,4457560
2013-05-15,112.10,112.10,108.02,108.60,557715
2013-05-16,106.20,116.16,106.20,110.20,1276650
2013-05-17,111.26,113.54,110.01,110.99,338720
2013-05-20,111.59,113.97,110.33,111.20,219305
2013-05-21,111.02,111.80,108.26,108.41,89910
2013-05-22,108.46,111.28,107.06,109.22,341450
2013-05-23,109.40,110.03,107.61,108.78,67295
2013-05-24,107.00,111.00,106.29,110.20,136755
2013-05-27,109.40,121.34,108.88,118.40,1194020
2013-05-28,119.20,122.40,118.40,119.30,805925
2013-05-29,118.80,120.74,113.52,115.48,232225
2013-05-30,113.71,125.32,112.23,121.41,1008195
2013-05-31,122.60,125.80,118.26,119.26,512390
2013-06-03,120.37,124.20,119.50,122.00,246075
2013-06-04,120.50,126.60,119.40,119.92,939105
2013-06-05,120.60,125.23,119.02,124.20,554405
2013-06-06,124.60,144.76,123.23,143.00,7067240
2013-06-07,142.85,149.80,132.00,132.40,5016755
2013-06-10,134.40,136.76,129.21,133.99,1624995
2013-06-11,132.44,134.77,129.10,130.14,505085
2013-06-12,130.80,133.06,128.04,130.20,351045
2013-06-13,129.98,132.60,127.48,127.49,318590
2013-06-14,128.20,130.50,125.50,126.06,398950
2013-06-17,125.70,151.00,125.00,129.00,314405
2013-06-18,127.20,137.80,127.19,132.62,1659170
2013-06-19,133.20,136.40,133.20,133.42,388530
2013-06-20,131.80,132.20,128.20,130.00,145205
2013-06-21,128.60,131.70,126.00,127.90,141100
2013-06-24,127.00,130.28,123.00,123.67,1502745
2013-06-25,123.64,126.80,119.96,121.23,206635
2013-06-26,121.24,126.00,120.73,122.39,253640
2013-06-27,122.78,131.30,122.78,126.67,598800
2013-06-28,126.20,129.98,126.20,127.40,193380
2013-07-01,126.70,130.79,126.70,128.44,138825
2013-07-02,128.40,131.00,128.09,129.44,136870
2013-07-03,128.20,128.80,126.04,126.76,70670
2013-07-04,127.57,133.74,127.00,131.31,372845
2013-07-05,132.30,134.80,131.02,131.84,163720
2013-07-08,130.96,132.60,128.60,132.40,69310
2013-07-09,132.50,136.48,132.02,134.20,225490
2013-07-10,134.74,140.72,134.02,136.40,628910
2013-07-11,137.34,140.00,137.10,139.10,878590
2013-07-12,139.70,143.00,138.43,139.98,388920
2013-07-15,140.06,142.94,139.58,142.60,175565
2013-07-16,140.98,144.20,140.40,142.60,239220
2013-07-17,142.96,144.80,141.40,143.20,240425
2013-07-18,143.34,147.34,143.34,145.40,495725
2013-07-19,146.39,146.40,141.80,143.55,202460
2013-07-22,143.80,144.59,141.85,142.02,77265
2013-07-23,142.20,142.80,137.20,138.00,92720
2013-07-24,138.30,140.00,136.03,139.27,1695605
2013-07-25,140.31,141.00,135.05,135.46,78365
2013-07-26,135.06,137.74,129.79,131.00,82960
2013-07-29,132.74,132.74,124.05,124.40,135200
2013-07-30,123.20,128.00,122.21,124.00,91060
2013-07-31,122.60,124.99,119.80,122.39,70645
2013-08-01,124.00,125.00,120.00,121.40,54700
2013-08-02,122.00,124.00,115.49,120.30,79245
2013-08-05,119.40,125.40,119.40,124.63,114590
2013-08-06,125.96,127.00,120.43,123.40,56160
2013-08-07,123.01,130.80,119.00,119.56,680030
2013-08-08,119.00,119.00,110.45,113.40,376150
2013-08-12,112.11,117.83,109.62,114.80,85245
2013-08-13,114.40,118.88,114.40,114.80,140065
2013-08-14,115.20,116.95,113.10,114.42,40620
2013-08-16,115.35,115.35,110.00,110.57,37735
2013-08-19,109.80,109.80,101.52,104.00,73675
2013-08-20,103.79,105.30,99.74,102.82,62030
2013-08-21,102.62,112.60,102.62,109.30,800110
2013-08-22,106.20,109.76,105.20,107.00,348820
2013-08-23,106.40,111.80,105.40,111.00,105120
2013-08-26,110.78,111.68,106.80,107.38,37190
2013-08-27,108.00,108.00,102.03,103.00,61945
2013-08-28,103.00,103.64,98.00,101.00,52925
2013-08-29,100.22,105.60,100.22,103.41,42495
2013-08-30,104.00,109.48,103.23,106.11,101585
2013-09-02,106.04,110.15,106.04,107.20,56000
2013-09-03,107.98,108.60,102.02,105.60,34325
2013-09-04,106.82,106.82,103.81,104.94,20715
2013-09-05,104.99,107.60,104.99,105.60,27985
2013-09-06,107.60,107.60,104.00,105.77,19730
2013-09-10,105.00,109.20,105.00,108.00,45915
2013-09-11,107.00,108.80,104.00,105.80,74365
2013-09-12,107.13,118.00,106.21,113.20,494010
2013-09-13,113.13,114.48,110.34,112.06,48430
2013-09-16,113.53,114.10,110.02,112.00,88220
2013-09-17,108.00,111.00,106.20,109.00,71135
2013-09-18,109.59,110.85,108.53,110.18,39740
2013-09-19,111.18,111.60,108.47,109.21,37910
2013-09-20,109.98,113.20,108.60,110.00,38230
2013-09-23,109.41,112.54,109.20,109.40,28465
2013-09-24,110.08,110.90,107.33,108.99,17065
2013-09-25,109.84,109.84,106.00,107.98,32600
2013-09-26,108.29,109.07,105.70,106.40,63945
2013-09-27,105.01,110.20,102.90,103.60,76245
2013-09-30,102.80,107.17,102.80,106.60,53340
2013-10-01,107.00,108.28,105.40,106.20,37980
2013-10-03,106.40,107.80,106.03,106.06,24930
2013-10-04,106.00,108.00,105.04,105.70,265595
2013-10-07,106.21,107.77,105.00,105.60,36135
2013-10-08,107.42,107.59,106.20,107.00,10805
2013-10-09,105.80,111.00,105.80,109.80,78310
2013-10-10,108.06,116.65,108.06,116.00,264180
2013-10-11,117.30,118.16,111.80,112.82,167415
2013-10-14,113.00,119.30,111.20,114.60,155770
2013-10-15,114.12,116.98,112.60,113.07,79910
2013-10-17,113.80,118.00,113.55,114.60,35820
2013-10-18,114.40,118.55,114.30,115.72,118960
2013-10-21,115.97,117.80,113.77,114.40,39970
2013-10-22,114.97,116.40,113.00,115.20,51185
2013-10-23,114.61,118.00,114.60,117.39,644155
2013-10-24,115.77,122.02,115.77,118.96,191120
2013-10-25,119.26,121.44,116.40,116.60,182985
2013-10-28,117.78,120.66,116.42,117.30,175365
2013-10-29,118.00,120.40,116.12,117.42,135615
2013-10-30,117.97,123.40,117.60,119.20,225900
2013-10-31,117.20,117.20,111.20,113.17,613605
2013-11-01,113.96,114.86,112.80,112.81,59810
2013-11-05,114.42,114.42,112.00,112.00,35250
2013-11-06,111.15,115.00,111.15,113.00,190740
2013-11-07,113.73,115.00,112.20,113.00,64000
2013-11-08,112.23,114.31,112.23,113.00,65975
2013-11-11,115.99,115.99,112.00,113.20,49600
2013-11-12,112.31,113.00,110.11,111.40,324465
2013-11-13,112.00,113.00,110.40,112.97,44000
2013-11-14,110.81,114.60,110.81,112.43,41540
2013-11-18,110.66,112.61,110.66,111.80,166120
2013-11-19,110.22,112.17,110.22,111.99,121435
2013-11-20,112.00,114.00,110.80,111.30,78855
2013-11-21,111.89,111.90,108.40,108.40,57130
2013-11-22,109.40,110.10,107.00,108.00,27150
2013-11-25,108.00,109.70,105.85,106.01,50720
2013-11-26,109.40,109.90,106.60,109.00,41355
2013-11-27,108.79,109.60,107.50,108.29,14855
2013-11-28,109.76,109.76,107.60,108.60,19955
2013-11-29,107.43,109.49,107.43,108.20,13825
2013-12-02,107.82,112.00,107.82,111.55,63825
2013-12-03,112.00,112.00,109.10,109.42,45300
2013-12-04,109.11,112.00,109.11,110.48,56495
2013-12-05,109.41,112.00,109.41,110.50,44015
2013-12-06,110.22,111.80,107.00,107.82,137850
2013-12-09,111.39,111.40,108.80,109.00,23265
2013-12-10,109.20,109.20,106.01,107.00,32320
2013-12-11,108.31,108.31,107.06,108.00,49375
2013-12-12,106.74,110.18,106.40,107.20,43545
2013-12-13,107.60,108.80,103.75,107.00,67105
2013-12-16,108.20,109.98,107.11,108.80,81670
2013-12-17,108.00,110.40,106.80,106.98,598360
2013-12-18,108.36,108.36,106.00,106.78,17470
2013-12-19,108.00,111.56,106.23,107.00,189860
2013-12-20,107.85,109.37,107.00,107.60,50830
2013-12-23,107.29,111.56,107.29,109.31,448590
2013-12-24,109.92,110.39,107.60,108.60,51140
2013-12-26,109.80,109.88,108.38,109.20,28790
2013-12-27,107.80,112.40,107.80,109.40,311285
2013-12-30,109.20,110.76,108.26,108.43,40115
2013-12-31,109.21,110.57,108.32,109.20,68060
2014-01-01,109.01,112.00,109.01,110.95,92090
2014-01-02,111.00,114.00,105.60,106.98,1080535
2014-01-03,108.04,108.79,107.00,108.41,57480
2014-01-06,109.36,109.36,106.52,107.60,55880
2014-01-07,107.38,108.40,106.40,106.70,65970
2014-01-08,107.22,109.30,106.10,108.51,91850
2014-01-09,108.51,111.60,106.44,109.58,145535
2014-01-10,111.20,111.20,108.00,108.00,29990
2014-01-13,107.80,109.55,107.20,107.39,44280
2014-01-14,107.20,109.40,107.20,107.96,17460
2014-01-15,107.21,108.60,107.20,107.80,19400
2014-01-16,108.01,108.21,106.63,106.81,19845
2014-01-17,106.21,107.74,105.90,106.00,33720
2014-01-20,105.41,107.40,105.41,106.01,33785
2014-01-21,106.60,107.79,105.02,105.40,413970
2014-01-22,106.00,106.89,105.60,105.63,23075
2014-01-23,105.51,106.60,103.90,105.25,40135
2014-01-24,106.99,106.99,103.41,104.00,576620
2014-01-27,105.90,105.90,103.02,104.74,64860
2014-01-28,103.99,104.20,102.40,103.50,413465
2014-01-29,103.20,104.01,103.19,104.00,55055
2014-01-30,103.42,104.00,101.61,102.20,56045
2014-01-31,102.59,104.40,101.80,102.60,121975
2014-02-03,102.79,104.00,102.24,103.00,61815
2014-02-04,102.16,103.91,101.85,103.68,29275
2014-02-05,102.91,103.60,101.05,102.21,85185
2014-02-06,103.36,104.00,99.41,99.90,253215
2014-02-07,101.00,101.00,97.05,98.19,123210
2014-02-10,98.01,99.80,98.01,98.92,41870
2014-02-11,98.62,99.20,98.05,98.50,33040
2014-02-12,98.05,98.80,96.62,97.23,137275
2014-02-13,97.40,98.39,96.00,96.26,357970
2014-02-14,96.00,96.60,95.00,95.41,26440
2014-02-17,96.09,96.20,94.20,94.58,22900
2014-02-18,95.00,95.00,93.38,93.88,72920
2014-02-19,93.71,94.05,93.00,93.17,54585
2014-02-20,93.34,93.60,92.00,92.13,163355
2014-02-21,93.15,93.40,87.00,90.98,1114485
2014-02-24,91.00,104.60,91.00,98.53,1437140
2014-02-25,98.65,102.80,96.10,97.12,588240
2014-02-26,96.93,100.60,96.40,96.68,219970
2014-02-28,97.27,100.26,96.65,97.46,364120
2014-03-03,97.20,99.80,96.02,97.13,206430
2014-03-04,97.80,97.80,94.50,95.37,139740
2014-03-05,95.49,96.94,95.40,95.82,74260
2014-03-06,96.00,98.38,96.00,96.69,141195
2014-03-07,96.56,99.67,96.50,96.93,180230
2014-03-10,96.93,98.60,96.76,97.46,58935
2014-03-11,97.35,98.56,96.54,96.77,55620
2014-03-12,96.06,99.49,96.02,97.64,281885
2014-03-13,97.95,101.40,97.82,99.16,572145
2014-03-14,98.20,99.78,97.73,99.11,78570
2014-03-18,98.00,103.40,97.95,101.56,330620
2014-03-19,100.95,102.53,98.85,99.84,53190
2014-03-20,99.75,100.52,98.70,99.17,33735
2014-03-21,98.21,102.06,97.80,100.95,130815
2014-03-24,100.71,101.40,98.23,98.64,52745
2014-03-25,98.04,100.00,98.04,98.91,61375
2014-03-26,98.63,99.98,98.30,98.97,160795
2014-03-27,99.02,100.77,98.45,99.22,68220
2014-03-28,99.40,99.80,98.52,99.48,41835
2014-03-31,98.45,100.80,98.45,99.25,149520
2014-04-01,99.47,100.77,98.20,98.53,95470
2014-04-02,98.60,102.35,97.45,98.82,410995
2014-04-03,99.96,101.40,98.20,98.40,106315
2014-04-04,98.80,99.60,98.10,98.36,78905
2014-04-07,98.02,98.93,97.00,97.70,86595
2014-04-09,98.70,101.60,97.60,100.97,204670
2014-04-10,101.59,106.30,101.16,102.93,366295
2014-04-11,102.60,105.60,102.22,103.71,176285
2014-04-15,105.00,106.40,102.60,103.88,169990
2014-04-16,104.63,105.79,101.80,102.60,110500
2014-04-17,103.57,106.16,103.01,105.41,110710
2014-04-21,106.00,108.24,104.20,104.74,94190
2014-04-22,104.08,107.35,104.00,104.55,92900
2014-04-23,104.63,105.39,103.51,103.69,45850
2014-04-25,102.67,104.74,102.00,103.29,42835
2014-04-28,102.26,105.00,102.26,104.06,62230
2014-04-29,103.28,109.39,103.28,105.55,217905
2014-04-30,106.00,109.28,105.17,105.85,201760
2014-05-02,106.00,107.20,105.70,105.96,49475
2014-05-05,106.00,107.80,105.31,105.99,71540
2014-05-06,107.00,107.00,105.00,106.27,72360
2014-05-07,105.40,107.00,105.40,106.19,78295
2014-05-08,106.95,106.95,103.11,104.57,53680
2014-05-09,104.79,105.90,103.60,103.83,33525
2014-05-12,102.80,105.80,102.80,103.89,174255
2014-05-13,103.40,105.06,103.40,104.45,50410
2014-05-14,104.40,106.97,104.40,106.36,68945
2014-05-15,106.96,108.20,102.02,105.02,336020
2014-05-16,105.02,106.71,98.00,100.19,697450
2014-05-19,101.05,102.00,99.00,99.46,1696110
2014-05-20,100.40,102.99,99.21,101.84,544135
2014-05-21,102.00,103.80,100.60,103.04,209840
2014-05-22,102.99,106.19,102.99,104.65,134495
2014-05-23,105.79,107.74,103.76,104.88,124345
2014-05-26,102.83,105.00,102.83,104.78,142215
2014-05-27,104.85,105.62,103.79,104.12,414120
2014-05-28,104.46,114.72,104.00,111.36,1081805
2014-05-29,111.60,115.20,107.64,108.66,491715
2014-05-30,109.00,112.80,108.88,109.97,130285
2014-06-02,110.78,111.98,106.51,107.85,109370
2014-06-03,109.34,109.38,105.80,105.99,70535
2014-06-04,106.98,107.80,105.80,106.11,100730
2014-06-05,106.43,111.54,105.28,105.70,80425
2014-06-06,106.74,110.40,106.00,108.12,147515
2014-06-09,110.00,112.97,107.99,110.95,177535
2014-06-10,110.56,114.96,109.27,112.02,323735
2014-06-11,113.00,114.00,108.82,109.22,111995
2014-06-12,110.60,116.88,109.58,114.89,346525
2014-06-13,115.67,117.80,111.62,114.25,317880
2014-06-16,112.84,115.79,112.84,114.24,183995
2014-06-17,115.00,117.00,114.00,114.83,69545
2014-06-18,114.83,116.00,110.61,113.53,68105
2014-06-19,113.40,116.20,113.07,114.16,87955
2014-06-20,114.80,116.00,113.80,114.52,64220
2014-06-23,114.40,115.40,112.92,114.11,48700
2014-06-24,114.00,114.73,113.32,114.00,128700
2014-06-25,114.07,117.10,113.43,116.10,145420
2014-06-26,116.80,116.80,114.02,114.98,79960
2014-06-27,114.08,119.04,114.08,117.26,241915
2014-06-30,117.25,118.00,112.00,117.38,62960
2014-07-01,117.60,117.80,115.00,116.88,67730
2014-07-02,117.40,128.39,117.00,124.38,611150
2014-07-03,124.78,128.20,124.59,125.70,464310
2014-07-04,125.70,127.24,122.05,124.17,133120
2014-07-07,125.80,135.40,111.05,131.54,776075
2014-07-08,133.08,135.60,132.00,133.03,428700
2014-07-09,133.28,135.20,125.06,132.00,200540
2014-07-10,131.60,135.38,128.51,130.13,67325
2014-07-11,128.09,133.20,127.42,130.61,86070
2014-07-14,129.01,131.80,120.56,123.18,269030
2014-07-15,121.20,122.58,113.79,116.66,438325
2014-07-16,116.66,119.34,115.12,116.09,71950
2014-07-17,116.02,119.00,115.45,116.30,84265
2014-07-18,116.42,118.40,116.00,117.18,77540
2014-07-21,115.40,118.00,115.40,116.61,36410
2014-07-22,116.11,118.00,115.61,116.54,84580
2014-07-23,117.10,121.09,116.66,118.09,113280
2014-07-24,119.20,119.20,117.28,118.07,44225
2014-07-25,117.01,121.46,117.01,120.22,85880
2014-07-28,121.17,122.00,118.02,119.09,71375
2014-07-30,119.79,120.96,118.59,120.08,47185
2014-07-31,119.69,120.80,117.05,117.91,18130
2014-08-01,115.55,119.10,115.55,118.06,45290
2014-08-04,118.44,120.94,116.10,120.02,68210
2014-08-05,121.00,124.96,120.00,120.45,105620
2014-08-06,120.62,122.90,119.10,119.49,32280
2014-08-07,121.75,126.74,119.99,122.79,382430
2014-08-08,121.60,121.60,119.00,120.60,65520
2014-08-11,120.78,121.40,119.60,120.02,59345
2014-08-12,121.20,121.20,119.65,120.15,39255
2014-08-13,121.40,121.40,119.11,120.14,52670
2014-08-14,122.38,122.38,119.46,120.01,29165
2014-08-18,120.05,123.00,120.00,120.24,19570
2014-08-19,120.06,122.15,119.21,119.81,37940
2014-08-20,120.32,125.80,119.91,121.44,239565
2014-08-21,122.79,122.98,121.60,121.67,31355
2014-08-22,122.79,123.14,120.02,120.43,33020
2014-08-25,120.80,121.40,119.00,119.66,41875
2014-08-26,118.84,121.80,118.84,120.87,82200
2014-08-27,121.38,124.38,119.99,122.19,120695
2014-08-28,121.50,123.98,120.96,122.51,44075
2014-09-01,123.60,124.80,120.80,121.33,74160
2014-09-02,120.80,125.20,120.80,123.26,145090
2014-09-03,121.60,124.00,121.60,122.33,46960
2014-09-04,120.65,123.80,120.65,122.09,49875
2014-09-05,121.60,124.00,121.60,123.00,47415
2014-09-08,122.40,128.80,122.24,127.31,401400
2014-09-09,128.00,128.50,124.47,125.65,43895
2014-09-10,124.57,132.04,124.57,129.60,169935
2014-09-11,129.80,130.91,128.40,129.03,54080
2014-09-12,130.00,130.00,127.20,128.44,29080
2014-09-15,129.40,140.66,128.40,136.61,466585
2014-09-16,137.76,142.00,130.80,131.58,496445
2014-09-17,131.81,137.00,129.80,134.11,140075
2014-09-18,133.40,138.60,132.99,133.67,71140
2014-09-19,136.80,136.80,131.10,132.54,84940
2014-09-22,132.40,136.99,131.80,134.80,64565
2014-09-23,135.88,138.60,130.82,131.92,105820
2014-09-24,133.75,133.76,126.67,127.58,70825
2014-09-25,130.39,131.96,125.18,126.08,80920
2014-09-26,125.00,127.40,124.20,126.57,42490
2014-09-29,126.00,132.95,125.01,128.92,101535
2014-09-30,128.02,131.75,127.64,128.23,29670
2014-10-01,127.43,130.57,127.22,127.98,28900
2014-10-07,129.55,130.34,127.51,127.85,24935
2014-10-08,126.63,128.80,124.44,125.72,103330
2014-10-09,124.64,129.20,124.64,127.07,24635
2014-10-10,125.80,129.20,125.59,126.54,26750
2014-10-13,126.01,129.00,125.20,126.27,21830
2014-10-14,126.27,127.50,124.19,124.67,75020
2014-10-16,124.60,126.46,123.42,126.02,47515
2014-10-17,125.20,127.18,125.20,126.18,25800
2014-10-20,127.00,127.20,124.64,126.19,125810
2014-10-21,126.00,127.28,125.66,126.40,162430
2014-10-22,128.00,128.00,126.00,126.67,17615
2014-10-23,128.59,129.00,126.75,127.68,12590
2014-10-27,129.10,129.10,126.20,126.32,11250
2014-10-28,125.60,128.34,125.60,127.19,22505
2014-10-29,126.60,129.20,126.11,126.80,25450
2014-10-30,126.21,127.40,125.22,125.74,17535
2014-10-31,125.82,127.45,125.00,125.44,212585
2014-11-03,126.40,127.20,125.41,126.00,76475
2014-11-05,126.41,127.37,122.20,123.77,466420
2014-11-07,124.98,126.00,122.00,122.73,82880
2014-11-10,122.02,124.80,121.20,124.22,52070
2014-11-11,123.60,130.80,122.81,126.65,1092160
2014-11-12,127.90,129.00,127.20,128.32,98635
2014-11-13,128.02,129.40,127.02,128.20,71880
2014-11-14,127.30,130.80,126.99,129.25,98575
2014-11-17,128.50,130.40,127.00,129.72,98465
2014-11-18,129.00,140.96,129.00,139.07,435080
2014-11-19,139.80,149.80,137.61,142.51,470495
2014-11-20,137.00,141.99,130.85,132.25,327495
2014-11-21,133.29,139.20,132.50,137.04,174995
2014-11-24,138.24,139.99,132.00,134.50,62505
2014-11-25,134.00,141.60,131.20,139.54,177030
2014-11-26,139.54,140.80,136.41,140.01,73930
2014-11-27,140.00,142.80,138.63,142.02,301345
2014-11-28,142.20,145.00,141.22,144.04,101660
2014-12-01,145.48,145.48,141.00,143.97,48425
2014-12-02,143.52,162.98,143.36,160.22,1760855
2014-12-03,161.59,166.00,156.27,158.49,747430
2014-12-04,159.66,164.19,158.60,160.17,294265
2014-12-05,158.21,162.39,158.21,159.78,96255
2014-12-08,161.59,188.60,160.01,184.79,2882130
2014-12-09,187.20,190.40,176.85,177.77,2154045
2014-12-10,178.40,180.99,171.64,172.77,479140
2014-12-11,173.40,174.40,169.00,169.78,249575
2014-12-12,171.20,173.00,160.00,161.24,212505
2014-12-15,161.00,167.56,160.21,161.62,178370
2014-12-16,161.99,161.99,152.21,153.17,154610
2014-12-17,152.00,155.70,146.06,153.48,432445
2014-12-18,154.06,161.78,154.06,159.62,199475
2014-12-19,160.22,163.60,155.41,156.03,74350
2014-12-22,155.01,159.76,155.01,156.43,70390
2014-12-23,156.61,160.39,154.15,157.84,84310
2014-12-24,160.00,174.40,160.00,164.08,1313395
2014-12-26,165.10,165.97,160.20,160.88,159505
2014-12-29,161.06,165.72,160.20,161.26,158220
2014-12-30,162.00,163.37,160.87,161.45,54035
2014-12-31,162.00,165.58,161.42,163.31,122080
2015-01-01,163.80,165.37,161.77,162.28,57705
2015-01-02,163.39,163.99,159.61,160.14,111540
2015-01-05,161.71,163.80,159.60,160.90,108080
2015-01-06,161.29,161.29,154.94,156.09,69470
2015-01-07,155.44,158.99,154.02,157.13,88125
2015-01-08,158.00,159.70,156.42,157.42,86260
2015-01-09,157.60,160.00,156.28,157.35,59465
2015-01-12,157.40,160.40,156.07,156.73,216895
2015-01-13,156.02,174.40,156.02,168.23,1396640
2015-01-14,169.38,172.47,166.23,168.77,315345
2015-01-15,170.00,177.19,167.82,171.85,584170
2015-01-16,172.20,174.40,168.53,169.41,179590
2015-01-19,169.00,174.60,160.45,165.76,444360
2015-01-20,165.80,167.48,163.00,164.31,255520
2015-01-21,164.80,166.31,161.91,163.69,130725
2015-01-22,164.20,166.20,162.63,163.26,77715
2015-01-23,164.40,165.78,161.72,162.50,43085
2015-01-27,163.00,164.70,159.60,160.19,83305
2015-01-28,160.40,164.20,159.00,160.49,87260
2015-01-29,161.92,164.99,160.02,162.02,218625
2015-01-30,162.60,163.20,157.61,159.26,56805
2015-02-02,159.34,173.00,158.61,165.64,607005
2015-02-03,165.00,165.87,160.44,163.48,120775
2015-02-04,163.76,164.02,161.22,163.34,64300
2015-02-05,163.00,164.07,160.40,161.33,47345
2015-02-06,161.03,162.97,159.02,159.73,54150
2015-02-09,160.38,175.36,155.10,169.13,1839010
2015-02-10,170.80,174.68,166.11,168.25,636395
2015-02-11,168.80,169.20,162.09,164.19,262610
2015-02-12,163.64,170.98,163.64,167.39,166400
2015-02-13,167.80,172.39,167.00,167.41,192695
2015-02-16,168.00,174.94,166.80,172.75,327705
2015-02-18,174.78,176.49,170.20,170.81,306885
2015-02-19,171.40,173.20,167.61,169.46,100975
2015-02-20,170.00,170.11,167.99,169.19,64395
2015-02-23,168.60,171.60,167.20,167.62,57085
2015-02-24,168.20,168.20,164.99,165.32,50625
2015-02-25,165.41,170.52,164.80,167.19,153030
2015-02-26,167.19,167.52,164.20,164.53,45865
2015-02-27,165.19,167.48,164.20,165.44,32510
2015-02-28,166.00,170.60,165.42,169.50,136115
2015-03-02,169.51,170.20,168.05,169.93,90435
2015-03-03,170.60,170.60,168.20,169.83,143220
2015-03-04,170.07,195.00,168.65,181.88,991290
2015-03-05,182.60,191.60,182.00,187.64,616515
2015-03-09,186.77,193.20,180.81,183.85,701195
2015-03-10,184.40,190.60,181.05,182.74,242430
2015-03-11,183.40,196.89,182.43,191.60,635940
2015-03-12,193.57,200.56,190.20,195.46,858355
2015-03-13,196.68,196.97,185.02,188.02,190965
2015-03-16,187.98,189.50,184.40,185.96,121285
2015-03-17,187.20,205.60,187.20,201.20,1370130
2015-03-18,203.19,208.36,200.22,205.61,794320
2015-03-19,207.00,225.78,206.00,211.03,1555780
2015-03-20,212.00,223.60,205.40,208.22,1011295
2015-03-23,210.34,213.98,202.20,211.84,188000
2015-03-24,213.00,219.80,211.20,215.07,401780
2015-03-25,215.60,220.94,205.80,208.58,360665
2015-03-26,209.80,210.20,203.59,205.60,146120
2015-03-27,205.26,210.00,196.10,203.40,183050
2015-03-30,205.00,211.60,204.30,205.40,430660
2015-03-31,207.00,207.96,202.20,203.61,128875
2015-04-01,204.00,206.10,200.69,204.22,198135
2015-04-06,205.80,208.80,204.00,205.39,229720
2015-04-07,206.70,207.96,204.00,204.55,117980
2015-04-08,205.00,206.20,202.43,203.66,133595
2015-04-09,202.40,204.87,201.07,202.20,87665
2015-04-10,203.00,213.40,202.60,208.06,380330
2015-04-13,208.94,209.78,203.60,204.69,107485
2015-04-15,205.68,206.19,202.00,203.06,165320
2015-04-16,203.45,205.00,198.22,199.05,348490
2015-04-17,199.97,200.30,194.22,195.63,146225
2015-04-20,197.95,197.95,190.40,191.67,70480
2015-04-21,189.11,193.60,188.05,191.13,104130
2015-04-22,192.00,197.60,190.00,196.01,344590
2015-04-23,195.60,199.19,192.60,193.08,157925
2015-04-24,195.96,195.96,190.20,192.68,116355
2015-04-27,192.00,194.78,182.23,189.68,158355
2015-04-28,185.10,192.64,185.10,190.92,44180
2015-04-29,191.60,196.77,190.00,191.57,74765
2015-04-30,191.39,197.98,190.21,195.71,125305
2015-05-04,196.80,208.00,194.70,201.84,166900
2015-05-05,203.20,203.38,198.16,198.69,35195
2015-05-06,199.16,201.40,193.10,193.49,54100
2015-05-07,193.50,195.20,186.45,187.90,79885
2015-05-08,190.00,193.79,190.00,192.55,67655
2015-05-11,190.83,195.80,188.05,191.90,78275
2015-05-12,193.98,195.00,190.45,193.92,49095
2015-05-13,192.41,201.80,192.41,198.58,288695
2015-05-14,198.00,201.60,196.90,200.07,105720
2015-05-15,194.40,196.00,192.01,194.24,138375
2015-05-18,196.80,196.80,193.01,194.31,46060
2015-05-19,195.99,198.80,193.48,195.41,45035
2015-05-20,195.00,196.98,193.00,193.98,90715
2015-05-21,194.50,196.00,193.20,193.91,79750
2015-05-22,193.60,195.00,193.60,194.03,45360
2015-05-25,194.09,196.40,191.00,194.08,128770
2015-05-26,190.80,203.60,190.80,197.66,92020
2015-05-27,198.21,203.00,194.52,195.29,108185
2015-05-28,193.40,198.99,193.21,194.42,24935
2015-05-29,195.56,199.80,194.00,198.89,62950
2015-06-01,198.89,199.39,196.00,197.67,25190
2015-06-02,196.90,197.80,191.22,193.82,21285
2015-06-03,194.05,194.60,186.40,186.76,52810
2015-06-04,187.18,188.58,182.11,184.53,39765
2015-06-05,182.42,187.61,182.22,182.72,31015
2015-06-08,182.82,184.60,176.00,176.83,36875
2015-06-09,175.87,179.78,172.05,178.66,58300
2015-06-10,178.78,180.00,174.02,175.27,24485
2015-06-11,176.20,178.00,172.00,172.23,27765
2015-06-12,174.43,194.00,170.60,185.07,1337110
2015-06-15,185.50,186.30,180.20,180.89,72195
2015-06-16,181.54,183.60,178.20,181.22,58300
2015-06-17,181.41,183.00,179.60,181.20,53305
2015-06-18,182.37,185.78,180.40,181.67,68435
2015-06-19,182.20,186.20,182.20,183.68,71625
2015-06-22,183.69,186.40,183.68,185.40,24185
2015-06-23,185.99,191.40,184.60,186.85,81845
2015-06-24,186.82,194.80,183.74,186.00,341415
2015-06-25,187.75,188.96,183.00,184.37,50215
2015-06-26,186.60,186.90,183.00,183.59,20825
2015-06-29,182.94,182.94,177.04,179.65,48370
2015-06-30,180.05,182.40,177.75,179.36,48065
2015-07-01,181.40,185.00,178.22,180.29,119120
2015-07-02,183.60,183.80,180.24,181.61,47275
2015-07-03,182.80,183.00,180.20,180.65,22745
2015-07-06,179.59,182.41,178.00,181.26,41235
2015-07-07,182.25,187.00,180.23,182.51,81720
2015-07-08,181.99,183.80,179.20,180.70,41125
2015-07-09,181.26,184.80,180.40,181.56,41585
2015-07-10,181.41,184.20,181.40,182.11,45230
2015-07-13,183.00,185.60,181.27,182.87,115465
2015-07-14,183.95,185.00,182.00,184.54,51890
2015-07-15,184.80,193.00,182.20,186.01,339720
2015-07-16,186.99,187.57,183.27,184.64,54255
2015-07-17,184.83,189.60,184.60,186.91,91735
2015-07-20,187.00,191.40,187.00,188.76,134690
2015-07-21,188.00,189.60,182.39,183.31,42985
2015-07-22,182.44,186.40,182.40,182.94,53830
2015-07-23,182.21,185.98,182.21,184.31,23395
2015-07-24,184.40,186.00,180.62,182.39,37195
2015-07-27,182.60,184.80,180.40,181.07,22785
2015-07-28,183.34,185.59,180.45,181.72,39050
2015-07-29,182.01,185.80,176.00,178.59,272215
2015-07-30,180.98,182.10,177.00,179.25,95005
2015-07-31,181.19,181.60,177.01,177.71,77960
2015-08-03,176.40,183.18,176.40,180.11,63390
2015-08-04,180.56,182.80,178.40,180.29,45145
2015-08-05,182.29,182.40,179.60,180.12,34470
2015-08-06,180.76,185.80,180.01,181.58,107355
2015-08-07,182.00,183.60,180.00,181.14,36095
2015-08-10,181.01,182.42,179.00,180.21,29990
2015-08-11,180.21,188.38,177.00,185.92,750425
2015-08-12,186.00,187.72,177.80,178.35,115185
2015-08-13,180.99,181.90,174.66,175.64,44765
2015-08-14,177.00,182.40,175.02,181.07,63065
2015-08-17,180.01,180.80,176.75,177.78,28540
2015-08-18,179.99,180.69,175.87,179.43,49640
2015-08-19,181.51,181.94,177.54,178.16,40700
2015-08-20,178.21,182.20,177.91,179.85,44595
2015-08-21,178.60,183.60,175.01,180.42,102270
2015-08-24,174.40,176.60,165.22,167.89,244000
2015-08-25,164.04,183.98,164.00,179.90,178105
2015-08-26,180.00,182.40,174.61,181.15,68765
2015-08-27,182.00,183.00,178.51,180.54,28675
2015-08-28,182.01,182.01,177.00,177.57,21545
2015-08-31,177.20,179.80,173.22,174.52,43820
2015-09-01,177.79,177.79,170.45,172.06,36525
2015-09-02,171.94,174.94,170.00,170.40,26505
2015-09-03,172.19,173.86,168.46,169.96,37915
2015-09-04,170.02,170.02,164.40,166.54,34000
2015-09-07,165.63,167.70,159.22,160.59,62125
2015-09-08,160.03,163.20,158.00,161.00,67590
2015-09-09,163.77,163.78,160.48,161.20,39985
2015-09-10,161.74,162.00,157.20,158.83,55675
2015-09-11,158.02,161.40,158.02,159.72,40705
2015-09-14,159.07,162.90,158.01,160.99,22020
2015-09-15,163.58,163.58,160.00,161.20,17140
2015-09-16,160.00,164.97,158.20,158.59,28165
2015-09-18,160.00,162.18,158.02,159.06,53430
2015-09-21,160.60,161.00,157.20,159.45,15940
2015-09-22,161.00,163.58,158.11,159.07,33490
2015-09-23,159.00,163.40,158.23,161.78,20550
2015-09-24,162.02,163.00,161.00,161.32,13705
2015-09-28,161.20,173.94,159.80,163.39,197420
2015-09-29,162.99,166.20,160.42,161.46,35825
2015-09-30,162.97,167.46,161.95,162.59,63310
2015-10-01,163.20,166.60,162.40,162.64,44995
2015-10-05,164.21,165.60,163.60,164.37,28475
2015-10-06,166.00,166.93,165.00,165.96,26300
2015-10-07,166.87,172.78,165.24,169.65,94905
2015-10-08,170.00,171.93,167.25,168.01,26885
2015-10-09,169.19,169.98,165.02,166.03,27600
2015-10-12,169.80,169.80,166.02,167.51,21130
2015-10-13,167.20,174.34,166.64,172.95,44775
2015-10-14,172.00,174.40,171.05,172.13,20370
2015-10-15,171.00,176.44,171.00,175.07,37840
2015-10-16,176.20,177.14,172.52,175.16,60240
2015-10-19,174.62,177.12,174.42,175.04,18570
2015-10-20,174.51,179.64,170.74,177.59,70590
2015-10-21,177.57,179.00,174.38,176.92,142335
2015-10-23,177.80,179.60,173.10,174.74,48455
2015-10-26,175.40,177.89,173.20,173.85,16945
2015-10-27,173.60,175.03,170.74,172.90,9740
2015-10-28,172.00,173.20,170.98,171.66,20910
2015-10-29,172.70,177.40,170.65,173.67,40160
2015-10-30,176.39,176.40,170.03,170.95,10775
2015-11-02,169.22,172.78,166.76,168.36,20410
2015-11-03,171.00,171.73,166.43,168.66,23935
2015-11-04,167.31,171.60,167.31,170.14,16420
2015-11-05,168.61,170.32,165.40,166.14,12260
2015-11-06,167.42,169.00,162.00,163.81,17230
2015-11-09,163.19,164.80,160.52,163.61,20325
2015-11-10,161.41,165.30,161.41,163.77,26580
2015-11-11,164.40,166.19,163.60,164.96,2485
2015-11-13,163.61,164.62,161.70,163.22,9360
2015-11-16,163.16,164.60,160.63,162.62,9885
2015-11-17,162.60,163.76,161.60,162.30,13065
2015-11-18,164.20,168.80,163.00,163.68,52325
2015-11-19,164.27,166.00,163.00,163.90,14925
2015-11-20,165.20,166.00,163.28,163.75,15475
2015-11-23,165.74,169.60,161.60,164.23,92335
2015-11-24,164.26,173.69,164.26,166.68,83990
2015-11-26,168.99,169.86,167.01,168.82,45585
2015-11-27,169.00,170.65,166.67,167.70,23030
2015-11-30,167.40,169.00,166.99,167.05,23625
2015-12-01,168.01,168.40,165.80,167.49,16095
2015-12-02,167.11,168.99,167.00,167.75,16035
2015-12-03,166.60,168.82,165.60,166.27,15800
2015-12-04,169.40,169.40,164.80,165.46,10270
2015-12-07,165.44,167.44,163.80,164.29,18450
2015-12-08,165.01,166.96,160.40,162.60,24085
2015-12-09,163.00,163.09,160.90,161.63,41815
2015-12-10,161.62,163.52,161.26,162.41,14750
2015-12-11,163.22,164.20,159.20,160.62,16990
2015-12-14,163.15,163.15,157.05,162.14,21195
2015-12-15,163.67,166.80,162.61,165.85,28490
2015-12-16,165.99,166.79,163.46,164.12,10575
2015-12-17,165.94,166.00,163.79,165.68,13035
2015-12-18,165.59,172.40,165.59,169.02,141065
2015-12-21,168.20,170.44,164.44,168.09,22150
2015-12-22,169.70,170.40,166.04,168.01,13425
2015-12-23,168.21,170.80,167.80,168.78,13875
2015-12-24,168.42,171.00,168.00,169.89,21265
2015-12-28,169.00,181.56,168.68,176.77,138290
2015-12-29,175.80,178.94,171.26,173.63,48715
2015-12-30,173.00,176.51,173.00,174.06,33450
2015-12-31,170.82,176.22,169.00,172.78,75575
2016-01-01,171.29,175.60,171.29,172.67,15900
2016-01-04,175.60,175.60,170.00,171.62,16345
2016-01-05,171.99,177.00,170.62,172.94,32810
2016-01-06,174.40,174.58,171.40,172.76,36230
2016-01-07,171.41,174.72,169.22,170.11,57825
2016-01-08,170.01,171.06,166.74,167.59,25035
2016-01-11,168.40,171.00,166.00,169.13,30795
2016-01-12,169.01,172.93,167.76,169.03,27660
2016-01-13,169.05,169.99,162.00,164.90,27775
2016-01-14,164.20,165.00,163.00,163.29,13140
2016-01-15,166.40,166.40,159.00,160.72,22385
2016-01-18,163.96,163.96,150.20,151.88,43730
2016-01-19,152.00,154.38,151.05,152.16,33705
2016-01-20,152.00,154.46,150.20,152.21,22130
2016-01-21,152.03,154.00,146.81,149.50,26950
2016-01-22,153.30,154.37,149.01,151.37,15550
2016-01-25,156.40,156.40,149.48,150.69,28795
2016-01-27,150.02,152.79,149.60,149.94,17055
2016-01-28,150.01,152.77,149.84,150.34,11905
2016-01-29,150.45,152.00,148.40,149.82,19940
2016-02-01,161.45,161.45,152.80,153.07,22155
2016-02-02,153.21,154.40,150.25,150.78,11940
2016-02-03,150.01,151.00,148.46,149.04,13835
2016-02-04,148.00,152.51,135.00,146.87,436595
2016-02-05,149.56,149.56,138.00,140.00,77025
2016-02-08,138.91,149.41,138.91,146.88,53690
2016-02-09,145.60,147.60,142.20,144.56,25585
2016-02-10,145.00,146.80,142.00,144.55,11625
2016-02-11,144.55,146.00,134.02,136.11,57625
2016-02-12,135.01,135.80,130.02,132.76,27560
2016-02-15,134.41,137.98,132.00,133.38,52900
2016-02-16,135.80,135.80,130.00,130.71,26015
2016-02-17,133.20,133.20,126.45,131.66,33275
2016-02-18,132.43,133.99,128.40,129.11,26095
2016-02-19,129.99,138.99,127.80,131.94,101370
2016-02-22,130.20,134.39,130.20,133.37,15145
2016-02-23,134.00,135.19,131.61,132.49,20095
2016-02-24,133.25,135.20,131.80,132.17,20340
2016-02-25,134.99,135.00,130.21,131.06,9210
2016-02-26,134.15,134.19,129.40,130.51,22235
2016-02-29,131.00,132.40,128.03,129.11,23565
2016-03-01,128.02,138.40,128.02,135.00,72560
2016-03-02,138.19,140.00,137.00,138.78,41565
2016-03-03,139.22,139.55,137.03,138.44,11980
2016-03-04,141.00,142.00,137.13,140.06,26085
2016-03-08,137.50,143.60,137.50,142.29,30765
2016-03-09,143.57,145.40,140.02,144.56,32210
2016-03-10,146.40,147.60,144.72,145.24,19830
2016-03-11,144.58,149.60,144.58,148.24,24625
2016-03-14,146.00,148.97,144.00,144.20,22345
2016-03-15,146.78,146.79,142.38,142.97,15075
2016-03-16,142.96,142.97,140.61,140.86,14540
2016-03-17,141.00,143.95,141.00,141.72,12995
2016-03-18,142.12,147.95,140.26,141.19,21665
2016-03-21,140.61,143.80,140.45,141.37,21995
2016-03-22,141.20,145.40,141.20,143.92,24900
2016-03-23,143.78,147.43,142.90,143.77,9765
2016-03-28,143.77,144.98,140.98,141.96,13155
2016-03-29,140.21,153.74,140.21,148.43,121820
2016-03-30,149.18,149.60,146.06,148.10,20780
2016-03-31,148.20,148.20,145.20,145.98,14245
2016-04-01,146.87,153.90,146.80,148.81,67310
2016-04-04,147.60,150.77,147.20,148.12,8915
2016-04-05,148.97,150.36,144.72,147.65,22255
2016-04-06,148.20,148.60,146.00,146.72,9255
2016-04-07,148.39,148.39,144.00,145.05,14725
2016-04-08,145.60,146.38,144.42,145.40,12400
2016-04-11,145.00,147.98,142.00,142.99,20225
2016-04-12,144.00,147.00,143.20,144.20,19625
2016-04-13,146.00,146.95,144.05,145.43,18015
2016-04-18,145.40,147.60,145.40,147.14,20990
2016-04-20,147.00,148.00,145.56,147.98,86195
2016-04-21,148.79,149.40,147.20,147.79,65245
2016-04-22,146.41,148.97,146.41,148.25,20270
2016-04-25,148.25,148.40,146.60,148.23,13500
2016-04-26,146.80,150.92,146.80,148.06,28500
2016-04-27,147.80,150.80,146.83,148.83,13160
2016-04-28,148.02,151.60,148.00,149.60,13135
2016-04-29,149.80,151.00,149.00,149.91,7905
2016-05-02,149.40,151.00,148.60,150.17,9960
2016-05-03,148.81,151.45,148.02,150.29,7905
2016-05-04,148.83,151.00,148.20,149.68,8595
2016-05-05,151.00,151.20,149.74,150.01,21075
2016-05-06,151.30,151.30,150.00,150.00,5885
2016-05-09,150.00,151.05,150.00,150.83,5580
2016-05-10,154.40,154.40,149.99,150.87,12170
2016-05-11,148.00,152.20,148.00,150.80,8785
2016-05-12,153.00,169.91,152.20,167.59,1732705
2016-05-13,165.60,168.74,160.44,162.22,233385
2016-05-16,162.00,166.70,160.60,162.78,101845
2016-05-17,164.88,164.88,159.00,160.11,29095
2016-05-18,159.20,163.40,158.00,160.43,27375
2016-05-19,159.20,161.80,155.99,156.63,13725
2016-05-20,160.00,160.00,151.80,153.06,17650
2016-05-23,155.00,159.93,150.30,155.47,37570
2016-05-24,157.98,157.98,152.60,154.06,13425
2016-05-25,157.98,157.98,151.03,153.45,79400
2016-05-26,155.20,158.80,152.82,154.82,15235
2016-05-27,156.77,161.59,153.30,158.20,298425
2016-05-30,158.60,160.46,156.10,157.48,17950
2016-05-31,157.50,158.75,152.00,154.53,29205
2016-06-01,158.38,159.98,155.21,157.13,52190
2016-06-02,154.42,159.98,154.42,157.00,52545
2016-06-03,156.40,158.94,153.02,153.58,26530
2016-06-06,155.40,159.95,151.20,152.35,92785
2016-06-07,152.99,154.79,152.86,153.41,17190
2016-06-08,152.60,154.60,152.01,153.59,15175
2016-06-09,152.20,154.94,152.03,153.12,6655
2016-06-10,154.80,154.80,152.00,152.83,16395
2016-06-13,153.58,153.60,150.46,151.51,12300
2016-06-14,150.69,152.77,150.42,150.70,15090
2016-06-15,151.00,152.00,150.00,150.27,20235
2016-06-16,151.60,170.40,150.63,159.83,1189755
2016-06-17,161.80,165.96,161.00,163.97,148005
2016-06-20,162.22,166.00,157.60,161.53,66920
2016-06-21,162.79,162.79,158.20,158.41,38400
2016-06-22,160.80,165.80,158.70,161.25,62460
2016-06-23,163.19,163.19,157.01,158.60,25545
2016-06-24,156.41,157.60,140.20,156.15,33305
2016-06-27,153.01,159.00,153.01,155.36,23865
2016-06-28,154.64,160.73,154.64,156.65,54775
2016-06-29,157.19,160.60,156.87,157.92,33145
2016-06-30,159.00,160.98,156.40,159.42,27095
2016-07-01,161.60,161.60,156.95,157.36,23300
2016-07-04,158.29,160.75,158.00,158.85,19175
2016-07-05,158.03,160.61,157.60,158.68,16310
2016-07-07,158.00,161.60,157.60,157.81,34960
2016-07-08,158.79,160.40,156.00,157.41,33045
2016-07-11,164.80,164.80,157.67,158.27,91710
2016-07-12,161.00,161.00,158.51,159.37,31520
2016-07-13,160.11,160.50,158.25,158.78,17900
2016-07-14,159.43,159.99,158.01,158.87,24015
2016-07-15,158.81,159.50,156.65,157.13,20680
2016-07-18,158.00,158.95,154.20,155.82,23375
2016-07-19,155.81,159.60,155.81,158.30,20155
2016-07-20,158.02,158.80,156.60,158.28,16945
2016-07-21,155.99,158.73,155.99,156.95,15830
2016-07-22,157.97,157.97,156.30,156.88,10315
2016-07-25,156.02,158.99,156.02,156.86,26860
2016-07-26,157.20,158.37,155.90,156.10,33245
2016-07-27,155.79,159.79,155.22,159.31,37205
2016-07-28,157.80,160.00,157.26,158.40,19015
2016-07-29,159.79,159.79,157.42,158.47,14900
2016-08-01,158.80,162.89,157.20,157.57,65820
2016-08-02,159.80,166.70,156.04,158.12,542335
2016-08-03,158.95,161.80,157.20,158.00,57555
2016-08-04,161.20,161.80,156.23,160.73,72465
2016-08-05,162.20,164.00,160.59,161.05,39910
2016-08-08,162.96,162.96,160.01,161.31,35915
2016-08-09,160.44,163.00,160.44,161.27,39220
2016-08-10,160.41,165.20,160.41,164.35,335100
2016-08-11,164.80,170.60,163.00,169.26,609490
2016-08-12,170.20,173.76,170.00,170.80,123350
2016-08-16,171.80,176.00,168.11,174.77,111595
2016-08-17,175.00,177.98,166.22,169.04,49510
2016-08-18,170.20,172.99,169.01,170.40,31560
2016-08-19,170.43,173.60,167.23,171.40,28005
2016-08-22,171.40,173.58,168.20,172.52,22110
2016-08-23,172.40,172.71,167.80,168.34,26945
2016-08-24,170.39,183.60,168.47,178.58,365415
2016-08-25,175.40,179.40,175.40,178.36,37680
2016-08-26,178.00,184.00,176.00,178.86,102625
2016-08-29,178.00,180.00,174.40,175.50,44140
2016-08-30,175.20,178.80,175.20,177.94,30065
2016-08-31,181.00,181.00,174.04,175.80,30790
2016-09-01,174.01,178.60,173.20,177.10,20665
2016-09-02,174.01,178.94,173.70,175.18,18695
2016-09-06,174.20,178.00,174.20,176.38,15990
2016-09-07,177.60,183.00,177.60,180.98,101900
2016-09-08,183.36,184.18,178.00,180.54,66550
2016-09-09,181.79,183.00,180.24,181.09,29840
2016-09-12,180.01,181.12,175.92,178.05,34215
2016-09-14,178.32,180.00,175.60,179.08,13110
2016-09-15,179.95,179.95,175.62,176.09,12440
2016-09-16,176.00,180.60,176.00,180.04,58945
2016-09-19,176.40,180.94,176.27,179.65,32985
2016-09-20,181.60,181.60,178.10,178.67,19080
2016-09-21,176.20,179.97,176.20,177.65,11855
2016-09-22,180.00,182.20,176.40,177.20,42620
2016-09-23,180.00,182.00,177.21,177.68,160435
2016-09-26,176.00,180.80,176.00,178.08,16785
2016-09-27,178.40,179.80,176.22,176.41,21635
2016-09-28,176.86,179.40,176.40,177.62,14330
2016-09-29,179.24,181.00,173.24,175.46,39505
2016-09-30,177.00,178.20,175.40,177.74,18670
2016-10-03,178.66,182.18,178.00,180.05,109825
2016-10-04,180.94,180.94,176.14,177.59,18005
2016-10-05,177.61,179.89,177.21,178.28,16925
2016-10-06,179.79,179.80,175.46,176.09,47215
2016-10-07,177.00,177.75,174.60,175.16,14675
2016-10-10,175.60,176.98,174.02,174.92,13925
2016-10-13,174.80,180.00,172.81,173.82,16765
2016-10-14,173.03,177.00,173.03,174.51,29235
2016-10-17,175.00,176.60,173.42,174.11,18945
2016-10-18,176.40,176.90,174.01,176.19,154110
2016-10-19,176.21,178.88,174.60,178.14,158600
2016-10-20,178.29,178.88,176.00,176.40,144480
2016-10-21,178.58,178.58,176.00,177.76,22840
2016-10-24,177.60,179.00,175.00,176.35,39105
2016-10-25,177.60,183.76,173.32,174.55,400055
2016-10-26,174.21,177.20,172.40,174.78,34835
2016-10-27,174.61,176.00,171.99,174.57,16945
2016-10-28,176.90,176.90,171.00,174.95,44905
2016-11-01,177.60,177.60,170.50,173.90,39415
2016-11-02,172.71,173.69,169.60,170.86,35650
2016-11-03,170.80,172.65,167.21,171.10,55695
2016-11-04,169.60,172.00,166.44,169.11,17840
2016-11-07,172.00,172.40,169.00,170.70,25645
2016-11-08,170.59,170.60,166.80,167.34,16620
2016-11-09,166.60,171.00,152.42,167.77,31950
2016-11-10,167.40,170.40,166.05,166.77,27790
2016-11-11,166.92,169.20,162.60,163.89,33255
2016-11-15,162.80,164.80,155.00,160.56,140320
2016-11-16,163.40,167.98,157.68,166.89,36220
2016-11-17,163.99,169.60,163.98,167.03,75310
2016-11-18,164.82,171.36,163.80,169.94,24135
2016-11-21,173.20,173.20,165.03,168.99,73360
2016-11-22,172.00,172.00,166.47,169.28,32555
2016-11-23,169.28,170.98,167.03,169.50,31645
2016-11-24,167.80,170.00,166.60,168.08,11490
2016-11-25,168.08,170.00,165.60,166.80,67760
2016-11-28,168.38,169.80,166.21,168.59,12115
2016-11-29,169.57,170.80,168.33,169.47,13750
2016-11-30,169.72,173.96,168.43,172.98,126440
2016-12-01,171.00,171.60,168.10,170.38,18490
2016-12-02,170.31,170.58,168.60,169.95,13800
2016-12-05,171.40,175.00,168.52,171.01,33025
2016-12-06,171.66,172.76,169.40,170.05,12340
2016-12-07,170.70,171.20,168.00,168.67,8680
2016-12-08,168.67,173.52,168.67,172.46,13040
2016-12-09,173.96,173.96,169.86,171.09,12640
2016-12-12,171.00,172.56,169.40,170.21,13475
2016-12-13,169.80,172.19,168.80,169.24,10010
2016-12-14,170.95,171.39,169.40,170.13,9630
2016-12-15,168.67,173.59,168.40,171.49,14400
2016-12-16,171.49,173.10,170.04,171.14,13500
2016-12-19,169.08,173.55,169.08,171.91,6965
2016-12-20,172.94,173.80,170.40,172.22,6465
2016-12-21,170.60,175.00,170.60,172.65,11175
2016-12-22,170.44,172.95,168.52,169.91,7960
2016-12-23,169.00,171.00,168.02,168.29,5490
2016-12-26,168.19,168.98,164.00,166.54,7865
2016-12-27,165.82,168.99,165.82,166.94,1907075
2016-12-28,166.00,185.60,166.00,174.11,1318665
2016-12-29,173.77,176.40,171.04,172.58,47770
2016-12-30,172.58,175.08,171.61,173.23,17740
2017-01-02,174.79,176.00,171.22,175.06,15570
2017-01-03,174.40,175.92,172.81,173.61,12000
2017-01-04,175.90,175.90,173.01,174.54,8705
2017-01-05,173.85,177.56,173.25,173.88,10855
2017-01-06,175.60,175.80,173.10,173.59,6555
2017-01-09,174.14,174.99,170.58,173.09,9740
2017-01-10,172.61,175.80,172.00,174.33,7190
2017-01-11,172.82,175.58,172.82,174.73,13915
2017-01-12,174.76,174.76,171.01,171.66,16720
2017-01-13,172.00,173.98,169.08,170.42,26710
2017-01-16,172.08,174.00,169.11,170.71,6360
2017-01-17,171.00,172.53,169.62,171.10,9455
2017-01-18,169.61,173.45,169.58,171.35,12675
2017-01-19,170.04,171.99,170.04,171.04,11830
2017-01-20,171.12,173.95,171.12,173.30,38600
2017-01-23,171.21,173.79,171.21,172.99,41395
2017-01-24,172.33,173.80,171.30,173.22,9985
2017-01-25,173.77,174.00,172.20,173.25,9105
2017-01-27,172.94,174.40,171.00,173.86,20615
2017-01-30,171.34,183.20,171.03,177.23,128380
2017-01-31,174.80,177.20,172.25,173.44,35205
2017-02-01,173.85,175.31,172.19,174.01,11135
2017-02-02,175.99,175.99,172.02,172.09,9785
2017-02-03,174.43,174.99,172.79,173.12,17475
2017-02-06,174.99,175.40,172.08,173.20,12245
2017-02-07,174.98,174.98,171.20,171.87,11120
2017-02-08,171.73,172.30,168.22,168.96,28930
2017-02-09,171.80,171.80,168.23,168.86,14515
2017-02-10,169.38,171.00,167.60,168.50,23675
2017-02-13,166.82,170.00,166.22,166.50,18120
2017-02-14,167.99,167.99,163.24,163.42,26025
2017-02-15,163.81,166.99,163.81,164.35,28440
2017-02-16,168.40,171.09,164.00,164.68,56885
2017-02-17,167.56,168.00,163.25,164.35,60500
2017-02-20,164.36,166.15,163.60,164.11,23850
2017-02-21,165.98,168.40,164.20,167.92,17460
2017-02-22,167.26,168.90,165.90,167.75,34100
2017-02-23,167.00,168.78,167.00,167.52,17365
2017-02-27,167.42,170.49,167.00,169.67,43745
2017-02-28,170.40,172.00,169.53,170.83,19085
2017-03-01,172.08,172.60,166.09,170.24,17160
2017-03-02,172.40,172.40,169.70,170.01,18560
2017-03-03,169.98,171.40,169.80,170.27,24440
2017-03-06,170.00,171.80,170.00,171.39,12135
2017-03-07,171.60,171.60,169.65,170.17,16985
2017-03-08,170.00,171.00,169.84,170.31,19080
2017-03-09,169.08,170.38,169.00,170.04,17655
2017-03-10,171.19,171.19,170.00,170.18,5590
2017-03-14,170.20,173.00,165.74,172.22,44950
2017-03-15,171.21,171.83,168.00,169.78,23140
2017-03-16,171.00,171.56,169.95,170.73,135005
2017-03-17,170.07,171.50,169.81,170.03,23600
2017-03-20,170.20,171.80,169.80,171.48,27310
2017-03-21,171.48,171.48,170.00,170.02,9095
2017-03-22,171.18,171.60,170.00,171.26,16765
2017-03-23,173.00,173.00,169.62,170.10,12450
2017-03-24,170.73,171.60,170.00,170.11,18865
2017-03-27,169.26,179.74,169.26,175.72,113090
2017-03-28,176.00,178.40,173.60,174.12,103505
2017-03-29,174.87,178.71,174.25,176.57,30120
2017-03-30,178.49,178.58,175.56,177.98,25555
2017-03-31,178.79,178.80,174.00,174.27,5665
2017-04-03,174.40,174.98,173.00,173.31,10300
2017-04-05,173.62,176.04,172.90,173.53,23555
2017-04-06,173.53,174.71,172.11,173.03,14975
2017-04-07,173.45,174.40,173.00,173.21,20810
2017-04-10,173.15,175.00,173.00,174.16,13380
2017-04-11,174.00,175.99,172.31,175.09,37195
2017-04-12,175.00,175.60,172.80,173.49,25105
2017-04-13,173.94,174.56,173.02,173.36,4065
2017-04-17,175.10,175.10,172.80,173.01,9035
2017-04-18,173.21,175.20,172.80,173.10,38615
2017-04-19,173.80,175.00,172.64,173.42,30275
2017-04-20,173.42,173.75,172.00,172.71,26705
2017-04-21,173.01,174.00,173.00,173.13,14850
2017-04-24,173.20,174.70,173.00,173.10,6410
2017-04-25,173.26,175.20,173.00,173.46,20640
2017-04-26,173.01,174.90,172.80,173.04,27850
2017-04-27,173.22,175.20,171.83,173.02,40360
2017-04-28,173.19,173.99,172.65,173.47,19325
2017-05-02,173.08,174.00,171.50,173.56,164065
2017-05-03,175.00,175.00,172.40,173.00,209135
2017-05-04,173.05,174.80,171.80,173.49,93865
2017-05-05,172.91,174.46,172.80,173.13,22685
2017-05-08,173.41,176.40,173.00,174.74,28970
2017-05-09,173.01,175.00,173.00,173.14,19490
2017-05-10,174.80,177.00,172.62,173.22,42890
2017-05-11,173.28,173.99,170.63,171.04,26980
2017-05-12,174.00,174.00,166.63,167.78,26055
2017-05-15,168.06,171.40,167.85,170.93,22455
2017-05-16,171.59,171.59,169.60,170.18,14460
2017-05-17,170.18,170.18,168.60,168.70,15545
2017-05-18,169.85,169.85,166.61,167.24,11115
2017-05-19,168.34,168.62,162.33,162.73,19915
2017-05-22,164.74,166.00,162.42,165.30,9345
2017-05-23,166.08,167.78,164.60,165.99,19030
2017-05-24,168.05,168.19,164.60,164.93,30015
2017-05-25,165.02,167.39,164.94,165.23,7010
2017-05-26,165.23,167.86,165.20,166.30,8095
2017-05-29,167.80,172.99,166.00,172.33,99085
2017-05-30,171.40,172.00,166.57,168.42,35715
2017-05-31,171.42,173.00,167.33,167.97,76415
2017-06-01,169.45,170.38,165.00,166.02,16290
2017-06-02,168.98,169.00,167.30,168.10,15485
2017-06-05,169.08,170.60,168.12,168.53,8370
2017-06-06,169.54,169.90,165.00,166.16,17190
2017-06-07,166.37,168.60,165.00,165.41,18395
2017-06-08,166.82,166.82,165.00,165.25,8630
2017-06-09,166.44,166.60,165.01,165.81,20630
2017-06-12,166.00,168.38,166.00,167.47,11915
2017-06-13,168.19,168.20,166.98,167.99,15680
2017-06-14,168.31,168.31,167.00,167.69,9620
2017-06-15,166.00,169.81,166.00,168.41,23435
2017-06-16,169.00,170.57,167.43,170.16,29065
2017-06-19,171.80,171.80,170.00,171.05,27015
2017-06-20,171.42,171.80,169.61,170.06,10635
2017-06-21,170.20,172.40,170.00,170.45,14810
2017-06-22,170.01,171.60,170.00,170.11,5585
2017-06-23,169.83,170.59,168.99,170.04,51610
2017-06-27,173.60,173.60,166.32,166.88,14430
2017-06-28,166.90,170.89,166.84,168.99,8990
2017-06-29,167.60,170.78,167.40,170.43,14995
2017-06-30,169.90,172.16,169.64,169.84,8630
2017-07-03,169.32,172.60,169.31,170.89,5680
2017-07-04,173.38,173.38,169.49,169.98,17915
2017-07-05,172.60,174.00,169.97,170.19,24460
2017-07-06,172.85,173.00,170.01,172.40,12455
2017-07-07,171.56,172.00,170.20,170.81,7685
2017-07-10,171.80,171.80,170.40,170.67,1480
2017-07-11,171.47,172.38,170.51,171.41,18145
2017-07-12,171.10,184.80,171.10,178.81,140940
2017-07-13,180.00,181.95,174.61,175.57,34285
2017-07-14,179.53,179.53,174.44,177.55,28950
2017-07-17,178.00,180.20,178.00,179.86,47695
2017-07-18,181.54,184.00,177.01,177.87,74615
2017-07-19,179.78,181.98,177.10,179.49,26615
2017-07-20,181.57,181.79,175.41,178.45,32055
2017-07-21,180.40,180.40,174.42,176.29,53885
2017-07-24,178.00,179.40,176.62,177.22,10650
2017-07-25,179.20,179.20,174.40,176.20,32465
2017-07-26,176.01,179.40,176.00,178.02,14120
2017-07-27,176.33,179.20,174.60,175.16,18050
2017-07-28,174.60,178.00,174.00,176.39,13710
2017-07-31,177.99,179.20,176.86,178.53,15860
2017-08-01,179.20,179.79,177.02,178.03,19875
2017-08-02,178.00,179.60,176.00,177.85,10670
2017-08-03,176.90,178.99,176.80,177.22,11780
2017-08-04,178.00,178.00,176.40,177.04,12250
2017-08-07,176.05,179.80,176.05,178.43,28115
2017-08-08,176.80,179.51,176.80,177.06,23845
2017-08-09,177.01,177.80,176.90,177.01,18545
2017-08-10,179.10,179.64,175.04,176.42,31265
2017-08-11,176.00,176.00,169.29,171.87,53050
2017-08-14,170.21,175.85,170.21,172.76,9750
2017-08-16,172.70,176.00,170.60,173.48,13090
2017-08-17,173.94,175.67,171.80,172.07,12825
2017-08-18,174.79,174.79,172.00,172.29,10410
2017-08-21,174.39,174.39,171.64,172.17,14260
2017-08-22,172.17,174.00,172.00,173.10,13125
2017-08-23,173.63,174.88,172.25,173.08,32300
2017-08-24,174.00,179.60,173.00,174.29,19185
2017-08-28,173.40,179.80,173.20,175.67,17910
2017-08-29,175.67,175.67,172.00,172.51,8025
2017-08-30,174.60,174.97,172.47,172.96,6930
2017-08-31,172.07,174.00,172.07,173.74,10155
2017-09-01,173.23,174.98,171.99,173.08,9325
2017-09-04,173.20,175.29,172.56,172.91,16290
2017-09-05,172.41,175.85,172.41,175.05,7385
2017-09-06,173.21,176.20,172.60,173.06,19850
2017-09-07,173.40,174.70,172.80,173.14,11050
2017-09-08,174.16,177.40,173.11,176.30,29335
2017-09-11,174.60,179.58,173.00,175.07,13450
2017-09-12,176.37,177.00,174.01,175.70,320945
2017-09-13,175.85,177.00,175.00,176.55,12975
2017-09-14,177.99,178.03,173.00,176.57,20410
2017-09-15,175.49,179.00,175.00,178.15,13760
2017-09-18,178.36,180.40,176.40,176.52,21000
2017-09-19,176.99,179.20,176.99,178.58,24225
2017-09-20,177.40,178.80,175.61,176.20,32305
2017-09-21,177.56,185.11,176.20,178.09,81985
2017-09-22,178.86,180.29,176.18,176.21,27695
2017-09-25,175.04,180.20,175.04,179.53,41685
2017-09-26,178.40,180.58,176.28,179.97,17500
2017-09-27,179.80,182.20,178.00,180.15,25790
2017-09-28,178.18,180.80,176.22,177.48,9345
2017-09-29,177.80,180.80,177.10,179.66,10775
2017-10-03,179.05,181.81,177.00,179.59,13610
2017-10-04,179.52,197.60,178.84,180.81,791605
2017-10-05,182.00,184.46,178.67,179.36,40530
2017-10-06,178.02,180.40,176.00,177.55,19225
2017-10-09,181.39,181.39,176.03,178.03,21845
2017-10-10,178.00,179.98,176.81,178.16,39315
2017-10-11,179.60,179.60,176.62,177.14,35170
2017-10-12,177.00,178.86,176.15,178.02,17375
2017-10-13,179.20,179.77,175.02,176.04,22365
2017-10-16,176.04,178.00,175.71,176.66,11475
2017-10-17,179.60,180.39,178.21,179.23,20460
2017-10-18,177.50,185.00,177.50,180.78,57780
2017-10-19,179.22,182.60,178.69,181.90,15950
2017-10-23,182.00,182.40,177.00,178.61,15050
2017-10-24,181.19,181.19,178.62,178.97,14810
2017-10-25,181.37,181.40,180.01,180.91,17545
2017-10-26,181.20,181.20,179.41,179.64,8825
2017-10-27,179.41,184.26,178.80,180.13,27505
2017-10-30,182.92,184.60,181.02,183.82,20195
2017-10-31,183.82,185.00,178.30,182.29,46835
2017-11-01,184.80,184.80,181.00,181.68,12820
2017-11-02,182.80,187.40,181.20,185.24,31080
2017-11-03,189.60,189.60,182.00,183.43,22535
2017-11-06,183.43,187.40,182.00,183.38,19595
2017-11-07,184.00,184.49,179.04,181.49,20875
2017-11-08,183.59,183.80,179.06,179.80,13400
2017-11-09,181.00,183.60,178.00,181.34,12790
2017-11-10,178.31,185.00,174.20,182.41,47460
2017-11-13,181.00,186.75,176.02,182.38,115385
2017-11-14,182.40,185.57,179.80,180.55,21620
2017-11-15,177.11,180.76,177.11,178.69,16145
2017-11-16,178.60,184.49,177.40,178.16,22510
2017-11-17,179.41,181.17,176.17,178.36,67740
2017-11-20,177.00,185.50,177.00,182.06,66165
2017-11-21,182.06,185.96,179.66,184.12,29030
2017-11-22,182.20,184.36,182.20,182.97,11225
2017-11-23,182.00,184.18,180.22,181.51,12620
2017-11-24,184.19,184.74,182.44,183.16,16430
2017-11-27,183.40,184.79,180.90,182.30,19490
2017-11-28,182.30,182.42,180.22,180.65,11635
2017-11-29,180.11,182.80,180.11,182.29,17380
2017-11-30,182.22,197.00,179.46,181.83,1122365
2017-12-01,184.56,186.98,182.00,185.13,160985
2017-12-04,185.00,190.38,185.00,186.99,129770
2017-12-05,188.40,188.40,184.22,187.68,35730
2017-12-06,187.00,192.62,186.00,186.96,49750
2017-12-07,189.98,191.99,187.00,187.73,17740
2017-12-08,187.00,188.91,184.42,187.33,25785
2017-12-11,189.39,190.40,186.20,187.18,22720
2017-12-12,188.99,188.99,184.23,185.23,17160
2017-12-13,186.00,187.00,184.24,186.11,13720
2017-12-14,185.99,187.99,185.12,185.93,13375
2017-12-15,185.00,189.80,185.00,188.57,30485
2017-12-18,191.76,191.76,181.11,189.60,17055
2017-12-19,189.60,191.80,189.00,190.42,18595
2017-12-20,188.12,191.79,188.12,190.71,18940
2017-12-21,190.80,194.00,189.20,192.93,31605
2017-12-22,192.00,194.66,190.00,190.90,32960
2017-12-26,191.79,193.92,190.99,192.36,29260
2017-12-27,194.80,198.00,193.51,195.95,81390
2017-12-28,195.01,214.40,195.01,204.62,367140
2017-12-29,207.60,213.60,206.60,208.64,143005
2018-01-01,210.20,211.98,206.00,208.36,38685
2018-01-02,213.00,213.00,199.83,203.47,87795
2018-01-03,205.97,207.40,203.25,204.40,16325
2018-01-04,205.98,207.80,197.31,200.61,37550
2018-01-05,200.97,210.00,200.00,206.79,68560
2018-01-08,208.65,211.46,205.40,208.03,117555
2018-01-09,209.66,211.00,207.00,209.30,72265
2018-01-10,209.00,223.00,208.55,218.35,168805
2018-01-11,215.00,229.00,210.40,226.62,149055
2018-01-12,229.00,232.80,223.00,226.83,66405
2018-01-15,233.46,233.46,222.40,223.51,21130
2018-01-16,223.52,231.99,218.72,221.17,57190
2018-01-17,222.00,231.00,217.74,228.08,49220
2018-01-18,229.60,229.60,218.42,222.40,65455
2018-01-19,221.01,222.59,216.52,220.68,30790
2018-01-22,222.20,223.85,216.40,218.57,16925
2018-01-23,217.40,223.00,217.40,220.77,23120
2018-01-24,221.42,222.55,216.22,218.00,13505
2018-01-25,214.60,219.59,210.20,211.03,28950
2018-01-29,212.40,216.28,204.40,205.03,35330
2018-01-30,206.80,206.97,199.74,201.69,37425
2018-01-31,203.00,203.00,195.58,199.60,26240
2018-02-01,200.80,203.00,197.61,201.53,26025
2018-02-02,200.20,207.00,190.31,197.65,54705
2018-02-05,190.66,201.80,190.41,195.37,17205
2018-02-06,183.20,197.20,183.20,194.38,226065
2018-02-07,195.89,214.40,195.01,210.59,147715
2018-02-08,211.40,240.70,211.00,229.38,616860
2018-02-09,225.20,236.40,218.30,229.44,119155
2018-02-12,234.00,234.80,224.61,226.79,58890
2018-02-14,227.02,244.00,226.80,235.89,413165
2018-02-15,237.97,239.00,231.20,235.81,61865
2018-02-16,234.40,237.98,229.00,234.27,24185
2018-02-19,234.00,239.80,231.10,236.10,382790
2018-02-20,237.60,259.80,236.00,251.93,657855
2018-02-21,253.00,258.00,247.80,248.64,194855
2018-02-22,250.00,253.60,246.61,250.54,82170
2018-02-23,254.76,254.76,248.21,250.16,36035
2018-02-26,250.16,251.20,247.00,248.01,80090
2018-02-27,249.60,255.58,246.00,253.74,50310
2018-02-28,254.00,254.00,249.00,250.25,40455
2018-03-01,253.80,263.98,252.00,259.14,275765
2018-03-05,259.14,259.14,252.00,253.31,51935
2018-03-06,252.25,260.80,252.25,255.14,67480
2018-03-07,255.00,257.19,248.00,250.01,54880
2018-03-08,252.41,253.75,242.33,244.68,39710
2018-03-09,248.00,254.00,246.41,251.05,85915
2018-03-12,251.05,255.60,248.33,252.69,41385
2018-03-13,254.20,255.99,248.40,249.76,44320
2018-03-14,249.60,251.19,247.62,248.34,18060
2018-03-15,247.61,250.40,243.04,246.35,32900
2018-03-16,250.03,250.03,244.08,245.04,52675
2018-03-19,245.40,251.10,237.00,240.16,38820
2018-03-20,241.80,241.80,239.59,240.74,23080
2018-03-21,243.99,243.99,234.52,236.80,74750
2018-03-22,235.20,239.60,233.41,234.16,11075
2018-03-23,237.00,237.00,226.40,228.68,58985
2018-03-26,230.29,236.00,227.41,232.81,75135
2018-03-27,233.00,237.00,230.40,231.04,12770
2018-03-28,234.40,237.59,229.60,235.51,23715
2018-04-02,241.20,246.36,237.20,243.09,51665
2018-04-03,242.00,249.10,241.60,247.97,37770
2018-04-04,247.97,247.99,235.50,237.36,48100
2018-04-05,240.91,242.00,237.81,241.66,50775
2018-04-06,241.64,245.27,239.74,240.60,27585
2018-04-09,243.80,243.80,238.02,242.38,28145
2018-04-10,245.40,245.40,239.98,240.43,11495
2018-04-11,240.20,243.20,240.00,240.48,36170
2018-04-12,243.79,243.79,238.20,239.25,5340
2018-04-13,241.35,242.00,235.00,236.44,13715
2018-04-16,237.99,243.59,237.43,240.47,59465
2018-04-17,242.40,242.64,239.42,240.07,9160
2018-04-18,241.61,242.18,237.64,240.18,21010
2018-04-19,239.00,245.76,239.00,241.75,10585
2018-04-20,242.00,245.00,240.20,243.03,9120
2018-04-23,244.30,245.80,237.95,239.53,22665
2018-04-24,243.80,267.40,239.70,260.35,156520
2018-04-25,261.78,269.00,253.31,259.74,141915
2018-04-26,260.92,264.88,251.22,256.48,54120
2018-04-27,254.01,279.60,254.01,260.57,210860
2018-04-30,260.60,274.80,260.60,272.53,70580
2018-05-02,274.81,277.60,267.22,270.27,68275
2018-05-03,272.17,276.00,260.02,264.98,164345
2018-05-04,269.79,269.79,261.26,262.70,19475
2018-05-07,268.39,268.39,258.40,260.12,79570
2018-05-08,266.60,266.60,258.25,259.90,106730
2018-05-09,265.73,265.73,253.02,255.07,28485
2018-05-10,253.22,257.00,253.22,255.77,110825
2018-05-11,256.00,257.60,251.00,252.60,27840
2018-05-14,256.00,259.80,252.20,256.99,19155
2018-05-15,256.13,259.00,253.23,254.01,26005
2018-05-16,258.00,258.00,252.43,254.49,9405
2018-05-17,255.20,259.00,254.42,257.00,6820
2018-05-18,258.00,258.00,252.31,256.45,14025
2018-05-21,253.00,257.05,248.06,249.27,11930
2018-05-22,249.07,252.00,244.44,251.54,13900
2018-05-23,256.00,256.00,248.00,253.00,11525
2018-05-24,252.80,258.80,245.41,250.88,133205
2018-05-25,251.60,269.80,251.60,257.99,105855
2018-05-28,260.00,264.40,255.60,257.71,26275
2018-05-29,255.80,257.50,248.54,251.39,11575
2018-05-30,251.40,255.78,248.11,251.81,123485
2018-05-31,252.88,260.20,237.60,242.02,212740
2018-06-01,243.00,248.00,239.80,240.54,52760
2018-06-04,241.02,245.00,237.20,240.58,60620
2018-06-05,241.90,241.90,225.42,228.47,104130
2018-06-06,227.00,242.98,225.90,241.31,97935
2018-06-07,238.20,250.00,238.20,248.08,40355
2018-06-08,250.40,254.00,248.09,250.79,17025
2018-06-11,250.79,267.21,248.66,261.89,52270
2018-06-12,261.89,278.40,253.86,266.39,151080
2018-06-13,266.47,276.73,266.00,270.85,48795
2018-06-14,271.64,278.40,270.00,277.26,59735
2018-06-15,277.66,290.79,274.60,286.99,185570
2018-06-18,287.20,295.60,285.66,288.01,137250
2018-06-19,290.40,295.79,274.20,284.08,244675
2018-06-20,286.00,289.20,277.00,278.41,54255
2018-06-21,278.98,279.78,272.42,274.19,32005
2018-06-22,274.19,279.56,270.00,274.07,46940
2018-06-25,275.16,279.40,273.00,273.82,23090
2018-06-26,274.16,275.00,270.80,274.21,33500
2018-06-27,275.38,275.38,262.40,266.95,64260
2018-06-28,270.00,270.00,259.22,261.77,59760
2018-06-29,261.81,271.40,259.20,267.99,128815
2018-07-02,263.20,272.40,262.09,264.76,19850
2018-07-03,263.69,267.80,261.61,265.15,13055
2018-07-04,263.20,278.80,263.20,276.55,48900
2018-07-05,277.06,288.60,274.05,286.31,62080
2018-07-06,286.40,296.80,282.24,294.41,86505
2018-07-09,296.16,302.00,293.20,295.11,101930
2018-07-10,294.84,297.48,284.59,290.48,32260
2018-07-11,285.50,289.94,285.12,286.24,14560
2018-07-12,288.00,298.00,287.46,288.32,52415
2018-07-13,286.20,289.98,286.20,288.74,6415
2018-07-16,296.00,296.00,281.22,286.59,13850
2018-07-17,288.30,289.00,285.29,287.45,8390
2018-07-18,285.97,289.00,285.97,287.11,9520
2018-07-19,286.20,288.93,286.00,287.68,11000
2018-07-20,288.25,297.40,285.00,285.19,30415
2018-07-23,282.32,290.39,272.00,278.65,90885
2018-07-24,279.11,292.36,275.90,290.15,33805
2018-07-25,289.99,290.84,286.21,288.02,63880
2018-07-26,288.20,288.20,283.60,286.26,14620
2018-07-27,286.26,296.00,286.00,292.04,30925
2018-07-30,292.80,297.19,290.00,290.56,26760
2018-07-31,291.00,291.00,285.00,285.94,11875
2018-08-01,285.94,293.97,284.45,287.56,48655
2018-08-02,289.90,289.90,283.82,284.87,23555
2018-08-03,287.80,312.60,275.50,302.13,398700
2018-08-06,304.01,307.74,293.01,299.52,113855
2018-08-07,301.80,301.80,292.41,296.88,40340
2018-08-08,294.24,297.00,290.00,294.13,50285
2018-08-09,296.39,299.00,293.20,295.37,40100
2018-08-10,295.37,300.00,282.10,294.84,109265
2018-08-13,287.66,293.60,286.00,286.85,22100
2018-08-14,287.80,288.99,278.80,282.99,61520
2018-08-16,284.60,284.60,277.24,280.91,41685
2018-08-17,279.20,287.60,279.20,283.44,16740
2018-08-20,285.80,285.80,281.22,283.00,13205
2018-08-21,284.40,284.40,282.00,282.40,14525
2018-08-23,282.40,284.40,277.91,280.81,71120
2018-08-24,278.49,299.00,278.49,295.46,199275
2018-08-27,299.98,340.08,296.40,325.92,1367055
2018-08-28,327.32,338.40,317.62,324.86,409400
2018-08-29,327.00,334.00,322.40,324.81,116205
2018-08-30,328.79,331.00,320.00,324.94,126500
2018-08-31,326.20,337.20,323.60,330.50,155330
2018-09-03,332.39,396.00,325.81,350.45,1024955
2018-09-04,353.99,358.00,342.61,352.30,282345
2018-09-05,352.20,361.00,338.00,343.57,138055
2018-09-06,343.80,354.20,338.20,349.01,176090
2018-09-07,350.00,350.00,343.00,344.37,58350
2018-09-10,346.00,347.58,335.40,335.94,65640
2018-09-11,338.40,338.63,324.60,325.98,65335
2018-09-12,326.42,334.00,321.20,326.14,107150
2018-09-14,332.80,335.60,324.20,325.14,58145
2018-09-17,322.20,327.20,316.60,317.43,60390
2018-09-18,317.00,327.24,314.40,316.65,105255
2018-09-19,318.00,325.80,310.81,314.77,76385
2018-09-21,314.77,318.28,277.91,308.32,83385
2018-09-24,305.16,306.60,290.00,290.92,92650
2018-09-25,292.00,292.00,272.60,285.25,265350
2018-09-26,285.40,294.20,280.30,290.78,105900
2018-09-27,294.40,297.54,283.00,284.44,63280
2018-09-28,286.17,287.90,265.40,274.07,131170
2018-10-01,274.01,284.57,261.96,277.35,87295
2018-10-03,278.00,285.40,268.80,274.84,60595
2018-10-04,271.04,284.80,269.12,273.96,68250
2018-10-05,273.96,279.74,264.90,268.18,101385
2018-10-08,268.18,275.94,258.21,262.07,62670
2018-10-09,267.11,267.11,260.50,263.03,27690
2018-10-10,270.00,272.00,262.10,266.19,133935
2018-10-11,262.00,263.32,256.00,257.74,58060
2018-10-12,260.00,267.60,255.20,264.08,61690
2018-10-15,269.00,272.74,263.00,265.09,66900
2018-10-16,265.60,270.00,262.85,263.43,52440
2018-10-17,267.39,267.39,261.21,263.10,75460
2018-10-19,265.79,265.79,258.20,261.88,31175
2018-10-22,268.60,268.60,250.02,254.87,50225
2018-10-23,255.40,257.99,247.05,251.19,69305
2018-10-24,260.00,263.87,238.25,240.73,680310
2018-10-25,240.00,246.73,234.20,237.23,161625
2018-10-26,237.64,239.76,227.00,229.23,99065
2018-10-29,227.00,229.23,223.35,225.69,120000
2018-10-30,227.80,232.40,225.70,230.83,88475
2018-10-31,231.00,242.00,231.00,236.54,112440
2018-11-01,236.61,244.74,236.40,240.43,107635
2018-11-02,243.00,245.80,235.00,236.03,144455
2018-11-05,240.00,242.00,235.00,236.18,62040
2018-11-06,237.58,237.71,232.69,235.55,46340
2018-11-07,239.80,239.80,235.82,237.10,21595
2018-11-09,238.77,241.59,232.45,234.23,43550
2018-11-12,236.11,237.43,231.40,232.22,46905
2018-11-13,232.22,233.54,227.86,229.16,39940
2018-11-14,228.20,231.11,225.00,225.83,52160
2018-11-15,225.83,227.00,217.59,221.96,53145
2018-11-16,220.00,237.37,220.00,226.43,81635
2018-11-19,228.25,232.77,225.32,230.82,40930
2018-11-20,232.77,233.39,225.00,226.14,47410
2018-11-21,229.53,230.94,222.63,226.05,214285
2018-11-22,226.60,229.43,222.20,223.22,61595
2018-11-26,224.41,231.00,218.60,228.65,101850
2018-11-27,233.99,247.46,233.99,243.86,795945
2018-11-28,245.82,249.00,237.54,242.03,180140
2018-11-29,243.40,243.99,238.00,239.99,52500
2018-11-30,241.00,245.42,238.68,242.87,45945
2018-12-03,245.59,254.40,240.91,250.52,140030
2018-12-04,251.85,252.02,245.01,246.73,64935
2018-12-05,242.40,247.00,242.05,244.91,46195
2018-12-06,243.61,251.20,241.00,247.84,59750
2018-12-07,251.98,253.00,246.51,250.12,152675
2018-12-10,249.20,260.00,245.59,255.42,297050
2018-12-11,253.58,262.45,251.30,261.14,297150
2018-12-12,264.00,274.00,261.40,273.32,216320
2018-12-13,274.97,275.14,265.00,270.42,129230
2018-12-14,270.41,273.40,268.00,271.41,40215
2018-12-17,275.99,283.20,268.26,277.38,168485
2018-12-18,274.20,279.80,272.27,277.96,49590
2018-12-19,279.80,286.40,277.40,281.21,171400
2018-12-20,283.00,283.40,278.06,279.00,48020
2018-12-21,277.00,279.74,270.40,271.43,55040
2018-12-24,272.00,283.60,270.21,274.41,75045
2018-12-26,275.00,275.87,267.46,274.27,33420
2018-12-27,279.80,279.80,272.26,274.13,28280
2018-12-28,273.59,275.00,270.42,271.35,40670
2018-12-31,276.96,276.96,271.20,272.09,25130
2019-01-01,272.74,274.05,270.20,273.30,14535
2019-01-02,273.98,275.43,269.20,270.14,27055
2019-01-03,270.85,275.00,270.85,271.95,23885
2019-01-04,269.81,271.08,265.81,267.86,20120
2019-01-07,273.60,273.60,266.20,266.95,66140
2019-01-08,268.20,270.20,261.74,265.16,23685
2019-01-09,267.37,268.39,262.60,265.19,21935
2019-01-10,266.63,268.78,264.72,266.58,14225
2019-01-11,268.14,268.15,264.37,266.61,16360
2019-01-14,270.00,270.00,265.80,268.57,22270
2019-01-15,268.61,275.96,268.61,273.38,22335
2019-01-16,272.44,274.00,269.40,270.32,12050
2019-01-17,270.32,271.60,267.09,268.50,12010
2019-01-18,270.43,273.57,254.11,258.18,46695
2019-01-21,258.00,258.18,251.00,254.01,56980
2019-01-22,253.00,253.79,251.38,252.09,15265
2019-01-23,251.20,255.98,251.00,254.90,12810
2019-01-24,254.08,265.00,254.00,261.07,30785
2019-01-25,257.43,264.00,257.43,260.28,20430
2019-01-28,261.28,261.85,252.12,260.10,28250
2019-01-29,260.00,261.40,256.00,259.69,24140
2019-01-30,256.45,259.76,254.20,257.08,15480
2019-01-31,258.36,261.40,253.00,254.72,20545
2019-02-01,254.72,269.80,254.44,267.12,36460
2019-02-04,269.75,271.00,261.00,261.92,34045
2019-02-05,263.11,267.42,262.11,264.96,16410
2019-02-06,265.66,266.80,262.00,264.10,40355
2019-02-07,264.80,267.79,264.60,265.47,17905
2019-02-08,267.23,267.23,260.11,263.85,12865
2019-02-11,262.18,264.34,255.00,257.10,12555
2019-02-12,255.00,261.00,250.22,252.29,22725
2019-02-13,253.09,257.39,251.60,253.21,8705
2019-02-14,253.00,256.60,249.00,252.16,16540
2019-02-15,254.38,257.00,250.20,251.88,17730
2019-02-18,250.20,254.00,250.20,252.68,11320
2019-02-19,250.25,253.00,245.20,249.78,20870
2019-02-20,248.72,251.80,245.00,247.39,26420
2019-02-21,247.09,252.61,247.00,248.75,26635
2019-02-22,251.03,256.20,249.61,251.98,17880
2019-02-25,253.10,253.34,248.20,250.01,109760
2019-02-26,250.21,251.83,248.00,250.08,65860
2019-02-27,253.60,255.20,250.00,252.09,264470
2019-02-28,250.40,251.99,242.40,249.11,655945
2019-03-01,248.83,255.52,239.05,250.45,693345
2019-03-05,253.00,254.80,247.20,254.07,176940
2019-03-06,254.07,257.88,250.99,252.87,52095
2019-03-07,255.00,265.80,251.11,257.37,63120
2019-03-08,256.37,263.39,255.22,255.71,18705
2019-03-11,255.40,260.90,254.80,260.27,18650
2019-03-12,260.00,265.00,257.00,259.07,39605
2019-03-13,262.80,263.60,254.83,259.20,41215
2019-03-14,260.38,262.80,257.51,258.87,10725
2019-03-15,260.00,260.00,257.40,258.72,10945
2019-03-18,257.40,262.80,257.40,262.18,27265
2019-03-19,263.00,263.40,260.81,262.54,25250
2019-03-20,261.52,267.88,261.52,266.31,25640
2019-03-22,264.72,269.76,264.00,268.00,318230
2019-03-25,268.80,270.00,261.12,264.67,896875
2019-03-26,264.67,266.00,258.42,259.61,21170
2019-03-27,260.61,261.49,258.55,260.01,32770
2019-03-28,263.60,265.53,259.00,260.22,59635
2019-03-29,261.42,263.11,259.20,260.86,26755
2019-04-01,262.00,266.38,262.00,264.41,29155
2019-04-02,261.80,264.28,261.80,262.97,12740
2019-04-03,262.27,266.58,259.39,260.05,27210
2019-04-04,263.95,263.95,259.96,260.29,13650
2019-04-05,259.91,261.95,259.24,260.33,19490
2019-04-08,258.22,262.19,258.22,260.25,15075
2019-04-09,262.32,263.60,258.44,262.36,15020
2019-04-10,261.88,265.00,261.31,262.22,12765
2019-04-11,263.04,263.21,259.52,260.24,7375
2019-04-12,260.24,262.00,259.19,261.26,9305
2019-04-15,261.26,262.40,259.71,260.16,9935
2019-04-16,261.02,262.60,258.11,260.95,18050
2019-04-18,260.20,263.00,259.00,260.59,14000
2019-04-22,262.00,262.00,259.00,260.01,10935
2019-04-23,260.08,261.58,259.62,260.41,22175
2019-04-24,261.99,262.00,259.25,259.86,14565
2019-04-25,260.00,261.35,259.61,260.00,11090
2019-04-26,259.99,261.00,259.81,259.97,10645
2019-04-30,256.01,262.79,256.01,261.65,42010
2019-05-02,257.21,261.02,257.21,259.96,14535
2019-05-03,260.00,262.51,259.29,260.89,31160
2019-05-06,258.00,261.40,258.00,260.29,14260
2019-05-07,261.80,262.03,260.00,261.53,19610
2019-05-08,258.40,260.80,258.40,260.24,14155
2019-05-09,260.14,263.84,259.60,261.31,29685
2019-05-10,259.99,263.90,258.63,260.03,22095
2019-05-13,260.27,260.86,250.00,257.12,23580
2019-05-14,256.11,263.00,256.11,260.58,43930
2019-05-15,263.79,264.60,259.63,262.47,169385
2019-05-16,262.62,264.17,259.11,260.86,688470
2019-05-17,259.55,261.00,242.40,254.38,707770
2019-05-20,263.76,263.76,254.38,257.24,35015
2019-05-21,258.00,259.80,252.25,254.36,19825
2019-05-22,254.89,258.40,254.89,257.68,14365
2019-05-23,264.00,264.00,253.30,253.76,20175
2019-05-24,258.00,259.80,251.34,254.94,22035
2019-05-27,256.00,264.00,256.00,261.46,23165
2019-05-28,263.42,269.80,258.57,265.73,301500
2019-05-29,267.90,269.60,265.60,268.33,339570
2019-05-30,268.99,270.05,260.84,267.88,60350
2019-05-31,268.37,268.40,261.81,264.47,37875
2019-06-03,261.40,265.00,261.40,264.22,16915
2019-06-04,261.20,267.97,261.20,265.93,19135
2019-06-06,268.00,268.00,263.41,266.40,22310
2019-06-07,263.38,276.00,262.52,272.39,532255
2019-06-10,274.60,274.60,268.60,271.80,24160
2019-06-11,271.81,281.37,271.76,275.50,66235
2019-06-12,275.72,277.00,272.31,272.46,13590
2019-06-13,269.40,275.80,269.40,274.87,16425
2019-06-14,271.01,274.20,271.01,271.36,7605
2019-06-17,271.29,272.00,263.26,265.33,52260
2019-06-18,265.48,267.20,264.51,265.10,10410
2019-06-19,267.19,272.67,264.67,265.35,12210
2019-06-20,265.01,267.79,262.60,266.02,20250
2019-06-21,262.00,267.60,262.00,265.86,9100
2019-06-24,261.91,270.00,261.91,266.15,21525
2019-06-25,264.64,270.16,264.41,266.01,14745
2019-06-26,264.40,270.80,264.40,268.95,27330
2019-06-27,266.54,276.60,266.54,270.89,19315
2019-06-28,273.59,276.60,265.68,267.56,42555
2019-07-01,269.98,272.95,267.21,268.55,19645
2019-07-02,271.58,274.80,270.10,273.86,10910
2019-07-03,270.83,274.80,270.42,272.83,8585
2019-07-04,273.61,274.80,272.11,274.23,12495
2019-07-05,274.16,274.74,270.10,270.77,106705
2019-07-08,272.00,274.49,270.11,273.12,49840
2019-07-09,272.06,272.06,265.60,266.59,20575
2019-07-10,269.94,273.00,267.64,271.27,142390
2019-07-11,274.00,274.20,270.40,271.73,12610
2019-07-12,270.08,275.29,270.08,274.34,7575
2019-07-15,276.00,276.40,271.27,273.40,15345
2019-07-16,273.40,275.00,270.41,271.64,76995
2019-07-17,272.61,276.80,270.47,275.18,145605
2019-07-18,274.73,277.40,272.66,276.06,25620
2019-07-19,273.00,281.40,270.00,271.97,30565
2019-07-22,269.20,278.00,269.20,275.66,26065
2019-07-23,275.65,275.65,270.99,271.92,9285
2019-07-24,273.01,274.40,269.00,270.35,47970
2019-07-25,269.57,273.81,269.13,271.35,11375
2019-07-26,272.23,273.32,269.62,270.87,16770
2019-07-29,271.19,284.88,270.27,282.66,66185
2019-07-30,282.85,285.77,272.65,274.06,27590
2019-07-31,282.80,306.00,267.72,300.33,513010
2019-08-01,301.00,302.66,276.14,278.92,207415
2019-08-02,275.40,291.16,275.39,289.11,236155
2019-08-05,287.00,310.00,283.00,304.24,192125
2019-08-06,303.99,309.80,302.04,303.44,81625
2019-08-07,309.80,309.80,296.00,298.38,47050
2019-08-08,302.00,304.00,292.97,302.57,53655
2019-08-09,305.00,317.80,301.00,306.76,82150
2019-08-13,306.76,309.87,298.60,302.29,27075
2019-08-14,304.02,304.95,299.01,302.45,24670
2019-08-16,302.40,302.40,296.01,299.00,42255
2019-08-19,299.60,303.60,297.20,300.13,37030
2019-08-20,301.10,303.39,296.78,298.55,28250
2019-08-21,297.40,306.40,297.40,302.40,25450
2019-08-22,306.00,310.71,300.06,303.19,50510
2019-08-23,304.10,317.80,298.63,313.16,57740
2019-08-26,316.00,339.00,316.00,333.87,162585
2019-08-27,334.10,343.36,333.60,336.96,159135
2019-08-28,333.60,340.00,322.62,325.37,44805
2019-08-29,323.00,332.00,323.00,326.47,27140
2019-08-30,329.98,337.60,327.43,329.63,72425
2019-09-03,335.70,342.00,330.01,331.41,71685
2019-09-04,330.15,337.00,328.82,333.63,23290
2019-09-05,336.00,340.00,333.60,335.15,47245
2019-09-06,336.00,339.18,334.57,336.04,25975
2019-09-09,337.60,369.71,336.01,364.27,317415
2019-09-11,367.40,372.04,353.60,359.21,165945
2019-09-12,360.40,364.80,356.00,358.23,55470
2019-09-13,357.01,360.44,350.00,352.19,42380
2019-09-16,355.00,357.79,348.26,350.22,44485
2019-09-17,348.60,353.93,345.11,350.74,33500
2019-09-18,349.01,361.90,349.01,352.84,41050
2019-09-19,355.20,355.20,330.20,332.77,70495
2019-09-20,333.60,338.01,322.02,329.34,134910
2019-09-23,337.77,345.75,330.60,341.62,119650
2019-09-24,340.20,353.98,340.20,349.31,86630
2019-09-25,352.03,355.00,345.00,349.88,37210
2019-09-26,350.43,355.76,344.39,346.38,33990
2019-09-27,346.38,348.17,338.53,343.38,28355
2019-09-30,346.00,353.76,330.44,341.90,43815
2019-10-01,344.28,348.00,331.00,338.33,40680
2019-10-03,340.00,340.00,329.00,330.37,43660
2019-10-04,330.20,335.00,319.68,321.26,46830
2019-10-07,320.40,323.65,310.00,310.30,55555
2019-10-09,309.00,317.27,306.63,311.12,45075
2019-10-10,314.00,318.00,312.00,315.44,29535
2019-10-11,319.80,333.80,316.20,329.05,70440
2019-10-14,330.20,340.60,330.20,335.68,70495
2019-10-15,335.60,339.20,327.00,330.04,40515
2019-10-16,331.24,337.00,326.28,329.57,24220
2019-10-17,332.00,339.00,327.85,336.36,28480
2019-10-18,338.80,349.01,330.20,346.74,66730
2019-10-22,344.20,354.00,342.00,346.19,36435
2019-10-23,348.80,349.40,336.70,338.33,31130
2019-10-24,342.00,353.40,335.60,344.57,187175
2019-10-25,344.98,345.80,329.82,340.70,70635
2019-10-29,343.96,349.20,338.44,345.45,42295
2019-10-30,346.21,354.60,341.00,343.83,113755
2019-10-31,344.79,347.77,338.80,341.02,28345
2019-11-01,343.19,344.99,334.63,336.49,46130
2019-11-04,339.60,342.56,337.00,338.06,40520
2019-11-05,339.80,340.79,331.20,332.94,37580
2019-11-06,334.60,335.83,327.01,333.96,23225
2019-11-07,336.89,336.89,327.39,328.73,28265
2019-11-08,329.00,331.83,322.02,324.14,48270
2019-11-11,321.00,328.00,314.40,317.84,48870
2019-11-13,320.00,325.48,294.50,298.27,643525
2019-11-14,290.00,299.60,281.20,286.05,1207890
2019-11-15,286.38,300.00,286.38,292.65,607560
2019-11-18,286.22,304.80,286.22,302.31,3060700
2019-11-19,302.80,308.92,302.80,306.86,97280
2019-11-20,306.86,309.59,296.00,297.90,46785
2019-11-21,297.90,303.78,292.20,302.06,83040
2019-11-22,297.00,302.00,292.00,295.15,34515
2019-11-25,294.35,298.86,292.00,297.07,22865
2019-11-26,297.61,297.96,289.00,290.57,41700
2019-11-27,293.60,294.23,286.39,289.32,63390
2019-11-28,289.38,294.20,289.29,291.23,29050
2019-11-29,289.15,290.00,288.00,288.90,21855
2019-12-02,286.00,288.00,280.02,286.89,92300
2019-12-03,286.89,293.94,282.80,290.09,41800
2019-12-04,290.20,291.00,285.77,288.00,40830
2019-12-05,288.00,290.80,286.00,287.24,35345
2019-12-06,285.60,290.80,285.39,286.46,41170
2019-12-09,287.09,298.17,285.61,293.55,34630
2019-12-10,294.00,294.00,284.56,289.87,62340
2019-12-11,290.19,292.60,285.66,288.08,36315
2019-12-12,295.40,295.40,289.20,290.38,17515
2019-12-13,290.38,293.60,287.40,289.69,9555
2019-12-16,289.69,294.20,285.60,291.65,41410
2019-12-17,293.98,293.98,288.22,289.10,13405
2019-12-18,289.60,295.93,286.40,294.29,38265
2019-12-19,294.29,295.35,289.60,291.64,11795
2019-12-20,291.64,293.00,287.00,288.61,22465
2019-12-23,288.80,292.38,287.77,288.94,19970
2019-12-24,290.00,291.60,290.00,290.51,13225
2019-12-26,289.79,290.00,287.00,288.95,31355
2019-12-27,292.80,295.80,288.20,294.59,54915
2019-12-30,294.59,297.00,294.40,295.85,16795
2019-12-31,296.02,296.95,292.00,294.06,19030
2020-01-01,292.40,295.99,292.40,293.19,5590
2020-01-02,293.40,299.60,292.41,294.76,16050
2020-01-03,292.71,298.79,288.60,289.81,33745
2020-01-06,289.81,294.79,285.44,287.61,27690
2020-01-07,293.00,293.00,283.66,285.70,17935
2020-01-08,281.80,290.40,281.00,289.34,35675
2020-01-09,290.81,293.00,284.20,290.98,15660
2020-01-10,290.00,292.60,285.60,286.62,24825
2020-01-13,286.64,292.00,286.64,290.21,10225
2020-01-14,292.80,296.25,290.02,293.24,300820
2020-01-15,296.40,298.00,293.00,297.09,22035
2020-01-16,299.80,305.74,297.08,302.25,96935
2020-01-17,304.80,305.60,300.00,300.06,25315
2020-01-20,305.00,305.59,300.00,301.06,36375
2020-01-21,304.00,304.00,300.00,300.05,15855
2020-01-22,300.00,302.03,300.00,301.16,14235
2020-01-23,302.00,303.98,300.00,301.36,17130
2020-01-24,303.98,304.71,296.51,298.08,21785
2020-01-27,300.00,317.60,296.20,312.34,109540
2020-01-28,312.60,317.00,304.20,306.67,42170
2020-01-29,311.00,311.00,303.00,304.65,17400
2020-01-30,308.00,308.00,298.00,300.34,41825
2020-01-31,303.00,303.00,291.00,300.03,117415
2020-02-01,300.43,307.59,294.00,296.99,19155
2020-02-03,290.00,301.19,290.00,299.76,18705
2020-02-04,307.00,308.00,298.04,301.11,62055
2020-02-05,307.00,311.60,282.80,286.48,655870
2020-02-06,289.60,299.59,288.96,294.26,83980
2020-02-07,297.48,298.80,291.29,294.22,20460
2020-02-10,294.22,296.39,290.41,291.37,36135
2020-02-11,294.80,295.41,290.59,294.40,28495
2020-02-12,297.60,298.60,290.00,294.10,65980
2020-02-13,295.20,297.98,292.26,295.52,46735
2020-02-14,295.56,303.00,293.04,295.78,42040
2020-02-17,299.36,299.36,293.18,294.73,25345
2020-02-18,296.39,297.60,291.61,296.25,109040
2020-02-19,299.00,300.00,294.98,296.02,22750
2020-02-20,295.60,300.00,295.00,297.36,23910
2020-02-24,300.60,303.15,289.09,291.81,16550
2020-02-25,293.41,293.42,287.81,289.11,33045
2020-02-26,288.91,292.80,286.63,288.51,14255
2020-02-27,286.00,290.99,285.60,287.02,323090
2020-02-28,285.76,302.60,276.48,293.34,199135
2020-03-02,294.40,296.61,285.80,287.79,82300
2020-03-03,290.40,293.07,286.63,289.91,165295
2020-03-04,290.00,292.80,285.60,290.49,55930
2020-03-05,288.52,291.37,286.42,290.12,152080
2020-03-06,289.60,292.07,281.20,287.90,25300
2020-03-09,288.80,288.98,279.90,281.24,97080
2020-03-11,286.80,286.80,279.62,283.03,67435
2020-03-12,270.20,275.78,262.40,265.29,206980
2020-03-13,260.98,266.86,220.10,256.05,127145
2020-03-16,259.00,263.49,249.56,258.74,237210
2020-03-17,262.46,266.00,261.76,263.30,211090
2020-03-18,265.40,277.77,253.22,261.30,343595
2020-03-19,256.04,256.66,237.78,247.03,72575
2020-03-20,246.60,250.78,239.80,246.11,46445
2020-03-23,246.11,246.11,228.42,241.50,57545
2020-03-24,267.00,267.00,228.40,240.04,353370
2020-03-25,232.00,243.00,232.00,241.62,275140
2020-03-26,241.62,251.71,241.60,242.13,130570
2020-03-27,242.40,251.60,241.01,248.70,138085
2020-03-30,248.70,260.07,241.60,253.10,81440
2020-03-31,260.00,261.78,252.67,259.87,114035
2020-04-01,266.00,267.95,246.40,248.35,40030
2020-04-03,253.15,253.15,242.60,243.28,34940
2020-04-07,266.64,279.80,248.00,263.45,350390
2020-04-08,275.60,316.14,270.43,288.31,1050010
2020-04-09,316.00,316.00,290.00,292.42,631230
2020-04-13,298.00,299.59,285.00,285.64,255285
2020-04-15,286.00,297.99,275.46,277.40,199600
2020-04-16,277.40,280.76,265.00,268.86,174115
2020-04-17,272.00,276.58,265.00,268.32,172860
2020-04-20,270.65,272.80,262.99,263.87,129790
2020-04-21,262.00,262.00,252.01,257.45,245290
2020-04-22,260.00,260.00,252.08,254.79,133410
2020-04-23,255.21,259.77,255.00,256.87,169645
2020-04-24,257.97,278.20,251.41,271.70,484410
2020-04-27,273.00,280.00,263.40,266.04,279110
2020-04-28,269.60,271.00,264.00,269.99,64330
2020-04-29,272.00,276.80,271.02,274.38,147000
2020-04-30,275.76,277.82,270.00,272.02,141020
2020-05-04,265.00,265.00,254.00,261.31,138190
2020-05-05,261.34,264.45,256.02,262.01,166055
2020-05-06,264.79,264.79,258.99,261.08,236205
2020-05-07,260.00,264.00,258.00,258.81,30890
2020-05-08,259.22,262.61,258.00,259.51,328530
2020-05-11,264.80,264.80,255.00,255.97,320555
2020-05-12,254.00,254.79,250.05,253.85,310485
2020-05-13,258.10,258.10,250.61,253.38,426465
2020-05-14,252.77,252.77,246.80,248.71,246790
2020-05-15,251.00,253.99,244.22,246.88,74695
2020-05-18,247.08,249.80,236.82,237.65,101385
2020-05-19,240.00,240.96,236.40,240.03,163885
2020-05-20,243.59,243.59,238.69,242.35,29095
2020-05-21,240.01,249.80,240.01,247.60,47150
2020-05-22,250.60,251.20,243.01,248.40,40950
2020-05-26,250.20,250.28,245.95,248.26,49115
2020-05-27,248.00,249.96,240.27,244.61,79220
2020-05-28,247.60,252.20,241.39,248.71,94970
2020-05-29,249.37,251.80,247.14,250.59,42865
2020-06-01,253.00,257.94,252.00,252.92,80725
2020-06-02,254.99,270.97,254.39,259.39,1097725
2020-06-03,265.40,267.98,262.00,263.28,386685
2020-06-04,264.99,265.92,257.10,259.83,125520
2020-06-05,262.00,262.74,259.00,259.55,111525
2020-06-08,262.00,262.00,256.03,257.49,100870
2020-06-09,257.49,258.99,253.00,253.66,87295
2020-06-10,252.00,256.00,250.21,253.03,90570
2020-06-11,255.60,255.60,245.21,246.79,136005
2020-06-12,245.60,250.40,240.23,246.46,134185
2020-06-15,251.53,252.00,241.41,247.54,163875
2020-06-16,248.20,254.80,240.60,241.59,293825
2020-06-17,248.00,248.00,239.00,245.24,651675
2020-06-18,245.24,248.80,244.22,248.03,289785
2020-06-19,250.00,255.00,246.00,253.06,328970
2020-06-22,254.40,257.75,250.03,254.95,358120
2020-06-23,257.00,257.00,252.21,255.58,378555
2020-06-24,255.58,257.96,252.00,254.06,144490
2020-06-25,254.06,256.60,251.27,255.98,151815
2020-06-26,255.80,255.80,252.80,255.15,180235
2020-06-29,256.00,256.80,252.10,254.29,92775
2020-06-30,254.20,256.21,253.20,255.15,66255
2020-07-01,255.15,257.00,252.46,255.17,130010
2020-07-02,255.17,261.88,254.32,259.27,137840
2020-07-03,265.90,273.80,264.01,265.52,598655
2020-07-06,272.00,283.36,266.02,281.07,718450
2020-07-07,284.98,286.00,272.11,274.59,433365
2020-07-08,275.20,277.83,265.51,272.44,243825
2020-07-09,275.00,280.60,266.20,276.33,422960
2020-07-10,274.80,275.92,271.20,272.96,95745
2020-07-13,275.80,275.80,264.60,266.53,220920
2020-07-14,268.39,271.00,262.65,267.92,412645
2020-07-15,270.40,276.00,268.60,273.98,240555
2020-07-16,275.98,278.40,271.20,274.44,164740
2020-07-17,274.44,285.60,274.44,279.09,417075
2020-07-20,286.00,287.40,280.20,286.34,349340
2020-07-21,289.59,301.00,286.83,297.20,319165
2020-07-22,298.00,308.40,296.00,302.79,337550
2020-07-23,306.40,318.66,303.66,316.03,453955
2020-07-24,317.60,330.00,313.20,327.65,510905
2020-07-27,327.24,329.78,306.01,315.33,365660
2020-07-28,315.24,330.15,311.00,324.74,416370
2020-07-29,324.80,328.40,319.20,320.84,182855
2020-07-30,322.79,322.79,310.61,313.04,131915
2020-07-31,313.20,338.00,307.41,322.16,1464985
2020-08-03,323.00,347.99,323.00,344.51,1149500
2020-08-04,346.24,352.40,338.00,341.15,370885
2020-08-05,341.99,352.00,336.61,339.45,505890
2020-08-06,340.52,348.83,340.00,342.36,190875
2020-08-07,343.00,345.45,335.84,338.37,199900
2020-08-10,338.99,342.40,325.51,330.99,311080
2020-08-11,331.60,333.99,323.10,327.50,209600
2020-08-12,329.14,329.60,318.42,319.86,178320
2020-08-13,322.98,329.00,320.00,325.23,246230
2020-08-14,326.99,331.98,320.00,323.55,163900
2020-08-17,325.17,331.79,325.17,327.15,124140
2020-08-18,327.21,331.76,324.22,326.41,80760
2020-08-19,326.80,328.16,324.00,325.40,64165
2020-08-20,325.99,329.33,322.00,324.11,126115
2020-08-21,327.60,327.80,323.00,324.25,66015
2020-08-24,327.00,344.00,322.42,338.46,553195
2020-08-25,341.73,353.99,341.20,345.28,469825
2020-08-26,348.57,353.00,341.10,344.22,215765
2020-08-27,350.00,364.66,342.02,343.29,411990
2020-08-28,346.04,346.89,334.02,335.94,183150
2020-08-31,336.91,342.00,317.11,323.46,223810
2020-09-01,335.00,335.00,317.13,330.05,156475
2020-09-02,331.98,334.76,325.01,327.09,77255
2020-09-03,330.80,332.02,322.22,323.89,65155
2020-09-04,323.75,323.75,318.00,319.18,100855
2020-09-07,324.00,332.00,318.21,328.08,114305
2020-09-08,328.00,330.60,323.04,327.26,71080
2020-09-09,323.20,334.89,321.00,332.65,134255
2020-09-10,334.00,340.00,328.00,329.32,120340
2020-09-11,329.40,331.78,325.86,328.52,42195
2020-09-14,335.80,337.04,330.00,331.77,144815
2020-09-15,336.00,361.76,332.52,356.12,782160
2020-09-16,362.60,383.80,358.00,377.23,1148415
2020-09-17,377.40,382.02,366.77,373.89,557150
2020-09-18,384.99,385.68,376.00,380.80,482695
2020-09-21,390.00,390.00,344.50,355.24,615010
2020-09-22,368.80,370.12,330.00,356.54,390265
2020-09-23,363.00,364.80,340.00,342.83,259750
2020-09-24,345.68,371.00,340.23,364.57,851965
2020-09-25,373.34,376.00,365.01,372.99,698255
2020-09-28,375.98,376.00,365.60,368.15,186750
2020-09-29,368.15,374.67,365.32,368.32,172455
2020-09-30,373.40,379.00,367.00,367.89,334915
2020-10-01,371.80,373.41,367.00,367.90,109270
2020-10-05,371.20,371.69,362.11,365.91,321870
2020-10-06,370.00,372.35,364.22,365.63,173595
2020-10-07,366.00,366.00,362.91,364.35,96635
2020-10-08,364.85,365.00,354.00,357.45,379075
2020-10-09,361.60,370.40,355.26,360.35,168495
2020-10-12,365.60,366.00,356.00,357.17,75110
2020-10-13,358.22,360.35,352.01,354.32,92450
2020-10-14,350.81,367.20,350.01,365.14,209830
2020-10-15,367.98,368.80,354.31,356.82,198135
2020-10-16,356.82,365.00,356.43,363.50,60365
2020-10-19,365.25,367.00,358.22,360.14,59810
2020-10-20,362.41,363.00,353.20,356.19,106250
2020-10-21,360.71,367.38,356.20,358.18,256470
2020-10-22,356.02,362.99,354.60,359.31,49675
2020-10-23,361.59,377.99,360.00,370.28,236040
2020-10-26,375.99,381.80,370.60,379.12,541000
2020-10-27,378.00,380.80,356.38,369.88,156010
2020-10-28,373.00,376.80,367.21,368.99,96895
2020-10-29,364.22,377.60,362.45,372.55,152105
2020-10-30,372.62,383.80,372.14,374.88,242525
2020-11-02,375.40,378.94,351.82,356.70,798395
2020-11-03,356.70,361.99,350.40,352.12,134210
2020-11-04,352.60,356.00,346.99,348.32,120060
2020-11-05,353.49,356.00,347.20,350.02,311660
2020-11-06,348.00,354.60,348.00,352.01,387010
2020-11-09,354.04,357.51,352.00,353.30,222110
2020-11-10,355.92,358.00,336.19,344.09,226210
2020-11-11,348.00,407.80,345.78,353.51,188500
2020-11-12,354.00,359.79,350.00,356.33,198665
2020-11-13,358.83,366.60,356.00,364.86,232935
2020-11-14,374.80,374.80,370.20,373.39,118710
2020-11-17,374.80,375.76,363.01,364.37,235940
2020-11-18,366.40,369.80,361.00,365.00,168195
2020-11-19,366.80,369.40,362.40,364.91,94410
2020-11-20,366.95,368.60,364.04,364.99,170335
2020-11-23,366.29,372.20,364.24,367.75,198135
2020-11-24,367.22,373.76,366.25,369.92,197995
2020-11-25,369.10,371.00,360.00,361.67,102385
2020-11-26,362.00,373.40,362.00,369.52,131555
2020-11-27,376.00,380.89,366.00,372.83,1217685
2020-12-01,380.00,380.00,372.83,374.10,171830
2020-12-02,374.10,376.72,362.40,365.17,235660
2020-12-03,368.56,368.56,362.00,365.29,142170
2020-12-04,366.64,367.68,364.01,365.45,101760
2020-12-07,367.00,371.60,365.62,367.09,114660
2020-12-08,369.14,371.31,366.00,369.32,134160
2020-12-09,370.94,392.00,368.00,383.31,296575
2020-12-10,389.80,390.00,375.00,379.43,177385
2020-12-11,381.40,385.00,372.00,374.42,153445
2020-12-14,376.30,379.20,373.00,375.85,72310
2020-12-15,377.76,378.15,372.60,374.60,69165
2020-12-16,376.80,377.00,370.22,373.25,112805
2020-12-17,373.25,394.80,370.25,386.68,220480
2020-12-18,385.99,394.00,379.00,385.89,238270
2020-12-21,387.14,387.14,366.65,374.54,172745
2020-12-22,370.00,379.61,363.20,377.19,86375
2020-12-23,377.19,384.00,375.08,380.95,89655
2020-12-24,383.80,402.00,377.20,389.52,266910
2020-12-28,385.70,388.92,382.10,385.58,172485
2020-12-29,385.60,409.89,383.00,396.37,220630
2020-12-30,400.00,404.00,391.00,393.24,164480
2020-12-31,395.00,404.40,392.32,398.10,230415
2021-01-01,398.60,420.88,395.40,412.50,678135
2021-01-04,421.91,443.72,415.30,429.68,1663025
2021-01-05,421.00,429.00,418.40,422.72,657535
2021-01-06,422.72,427.40,410.00,417.09,268600
2021-01-07,420.81,420.82,410.20,412.31,170400
2021-01-08,416.17,416.18,411.20,413.12,121285
2021-01-11,414.60,423.80,400.20,404.34,282755
2021-01-12,404.34,411.60,404.34,407.38,154990
2021-01-13,407.38,410.00,400.11,404.75,151615
2021-01-14,404.08,407.52,400.40,404.68,107845
2021-01-15,404.96,406.69,398.00,399.54,96600
2021-01-18,398.01,410.00,382.40,397.03,596230
2021-01-19,402.00,420.86,398.00,407.62,373245
2021-01-20,403.62,404.54,395.00,397.47,213360
2021-01-21,397.67,401.07,390.40,392.77,130075
2021-01-22,393.98,396.73,384.00,387.01,136930
2021-01-25,388.76,397.00,380.00,391.17,179230
2021-01-27,389.12,391.00,382.00,386.92,92575
2021-01-28,386.20,391.18,385.00,385.72,89405
2021-01-29,386.99,390.22,384.20,386.51,77105
2021-02-01,386.60,393.91,382.39,390.49,121195
2021-02-02,389.00,396.00,380.00,383.61,202015
2021-02-03,389.00,389.00,373.20,376.60,365780
2021-02-04,379.00,380.54,375.15,377.12,217545
2021-02-05,378.09,379.31,370.00,374.29,128120
2021-02-08,376.60,387.01,376.35,380.52,164540
2021-02-09,382.93,386.12,378.00,379.36,137055
2021-02-10,380.58,383.00,377.06,379.44,99965
2021-02-11,380.00,395.44,378.58,384.22,197200
2021-02-12,384.20,386.00,378.00,379.34,127755
2021-02-15,380.20,380.47,366.12,371.24,154085
2021-02-16,371.59,377.15,371.58,375.92,172325
2021-02-17,375.92,379.70,373.39,378.30,99580
2021-02-18,379.40,380.99,378.20,379.16,123380
2021-02-19,382.20,382.20,370.00,377.81,188270
2021-02-22,377.00,381.98,376.01,377.80,1232240
2021-02-23,378.00,383.55,375.00,376.62,335635
2021-02-24,378.00,382.96,370.00,377.21,151660
2021-02-25,380.60,382.04,379.00,380.93,185045
2021-02-26,380.00,391.00,378.04,382.24,442680
2021-03-01,384.02,387.75,381.39,384.02,169035
2021-03-02,385.35,387.20,377.37,381.41,154170
2021-03-03,382.60,385.00,377.95,380.89,583215
2021-03-04,381.38,382.48,377.67,379.84,295310
2021-03-05,379.88,381.71,371.00,378.67,286510
2021-03-08,377.97,380.88,375.20,376.52,229110
2021-03-09,379.37,384.00,374.80,377.41,800995
2021-03-10,376.41,379.94,375.05,376.78,213300
2021-03-12,376.42,380.00,374.82,377.82,207575
2021-03-15,377.48,378.72,373.11,373.99,208045
2021-03-16,375.79,381.80,373.98,378.99,576655
2021-03-17,380.00,380.00,370.55,373.96,90685
2021-03-18,373.96,378.99,370.20,375.00,303040
2021-03-19,373.10,375.87,361.60,372.50,2779010
2021-03-22,369.10,377.00,367.79,375.42,159370
2021-03-23,377.30,394.80,375.46,382.33,298400
2021-03-24,383.14,400.00,380.32,395.73,1110495
2021-03-25,398.00,399.00,386.57,391.94,176865
2021-03-26,394.40,397.40,387.40,393.05,118325
2021-03-30,397.00,400.80,385.00,394.12,190445
2021-03-31,397.84,399.00,391.11,394.31,53730
2021-04-01,394.20,398.00,392.22,397.00,43800
2021-04-05,392.00,419.00,391.54,402.24,395605
2021-04-06,404.00,418.00,404.00,415.03,268420
2021-04-07,417.80,422.20,411.01,417.38,256070
2021-04-08,420.60,423.00,412.22,415.03,128790
2021-04-09,416.00,422.74,415.98,419.51,117695
2021-04-12,424.00,429.01,410.00,423.02,657310
2021-04-13,424.00,426.60,413.99,417.28,689585
2021-04-15,417.46,422.44,406.40,416.29,166605
2021-04-16,418.48,424.40,410.40,421.02,761280
2021-04-19,418.20,425.89,411.02,420.00,705680
2021-04-20,423.79,423.89,411.13,415.33,262765
2021-04-22,418.82,421.00,411.06,414.42,99070
2021-04-23,412.22,432.76,412.22,427.62,758330
2021-04-26,459.80,459.80,426.32,432.54,1992985
2021-04-27,433.80,440.79,412.54,420.56,662060
2021-04-28,423.92,431.14,414.96,424.78,471105
2021-04-29,427.00,427.83,418.00,419.24,190380
2021-04-30,419.00,423.40,416.72,419.58,133470
2021-05-03,420.00,423.00,412.99,414.48,131210
2021-05-04,417.00,419.97,412.01,414.47,154185
2021-05-05,414.47,425.96,413.60,422.07,197775
2021-05-06,422.82,424.06,414.60,415.39,105095
2021-05-07,419.40,427.58,414.06,423.64,466695
2021-05-10,439.76,444.00,416.32,421.77,3252000
2021-05-11,422.00,431.00,420.01,422.13,588565
2021-05-12,425.04,429.00,416.20,419.24,339105
2021-05-14,422.52,432.00,416.02,428.90,389975
2021-05-17,433.29,435.68,424.20,426.36,253320
2021-05-18,427.38,427.76,422.20,424.62,199240
2021-05-19,425.38,425.76,418.26,422.35,160585
2021-05-20,425.69,427.34,422.51,424.46,431325
2021-05-21,424.00,424.00,421.01,422.03,120150
2021-05-24,423.80,423.99,417.20,418.97,158380
2021-05-25,419.60,424.40,418.04,423.35,371715
2021-05-26,423.60,429.29,419.02,422.71,190735
2021-05-27,425.60,425.83,419.19,420.47,144030
2021-05-28,422.40,422.54,418.55,420.41,87145
2021-05-31,421.07,424.00,418.00,419.24,148975
2021-06-01,419.24,420.00,412.86,415.86,106240
2021-06-02,415.80,418.50,411.11,413.90,163855
2021-06-03,414.19,421.54,414.19,416.75,121750
2021-06-04,419.05,421.49,416.00,419.38,846245
2021-06-07,423.40,425.00,419.41,420.31,229850
2021-06-08,420.60,422.00,412.65,414.87,157510
2021-06-09,416.99,416.99,412.30,413.15,127065
2021-06-10,413.92,417.40,412.40,413.96,100715
2021-06-11,415.37,416.59,408.81,409.39,205120
2021-06-14,411.54,412.29,402.80,408.94,106885
2021-06-15,411.00,412.00,406.00,406.94,148670
2021-06-16,408.67,415.32,406.40,410.83,188355
2021-06-17,406.00,411.78,402.80,406.90,211770
2021-06-18,410.00,423.70,397.06,416.90,260110
2021-06-21,417.60,417.61,408.22,410.84,175040
2021-06-22,410.40,415.89,410.00,412.15,71395
2021-06-23,414.10,414.10,407.80,408.33,64480
2021-06-24,408.00,418.76,407.00,415.54,117660
2021-06-25,415.60,417.58,412.68,414.39,68855
2021-06-28,416.18,422.00,415.00,416.68,161800
2021-06-29,416.80,421.20,412.00,418.52,109425
2021-06-30,422.20,423.80,418.05,420.15,767780
2021-07-01,423.74,431.00,421.60,429.92,427730
2021-07-02,432.00,435.40,423.00,427.75,276790
2021-07-05,427.20,428.86,422.20,423.93,94550
2021-07-06,426.80,437.60,420.21,433.87,301490
2021-07-07,438.00,438.00,430.03,433.64,107735
2021-07-08,436.20,444.80,432.21,436.69,678175
2021-07-09,440.88,446.00,435.00,439.68,223080
2021-07-12,441.29,445.80,436.01,438.13,142380
2021-07-13,441.14,443.00,436.01,439.19,275165
2021-07-14,438.98,442.06,436.83,437.73,67045
2021-07-15,435.40,456.96,435.30,447.93,275080
2021-07-16,455.98,458.00,444.80,452.41,205850
2021-07-19,450.00,454.00,443.99,446.59,145965
2021-07-20,447.40,448.00,437.20,440.77,75825
2021-07-22,444.92,455.00,439.81,442.94,151600
2021-07-23,444.00,448.76,442.20,442.75,40755
2021-07-26,442.75,446.39,438.20,440.62,66160
2021-07-27,442.20,447.88,437.21,439.76,74825
2021-07-28,437.00,440.00,429.36,430.85,102110
2021-07-29,433.01,435.97,430.22,431.85,45400
2021-07-30,434.00,447.90,420.02,428.20,642525
2021-08-02,432.00,439.80,427.00,435.64,170860
2021-08-03,438.68,453.60,431.00,448.15,230550
2021-08-04,453.00,460.20,444.29,456.57,256390
2021-08-05,456.98,458.00,448.00,450.11,106675
2021-08-06,446.21,456.00,445.00,447.05,87765
2021-08-09,448.88,455.60,442.14,451.80,120145
2021-08-10,453.40,455.00,438.44,446.41,123245
2021-08-11,445.00,449.70,425.01,445.01,187675
2021-08-12,439.20,451.00,439.20,447.37,70630
2021-08-13,447.36,454.80,444.18,451.01,97155
2021-08-16,449.40,451.99,440.30,449.30,220445
2021-08-17,447.34,447.34,436.44,441.97,70485
2021-08-18,439.58,442.80,428.40,436.90,133640
2021-08-20,438.00,441.00,429.00,437.52,322950
2021-08-23,451.20,451.20,429.85,443.24,331870
2021-08-24,447.06,447.99,438.01,444.30,630605
2021-08-25,445.50,449.20,442.01,445.11,85485
2021-08-26,446.34,479.22,444.85,456.99,1847300
2021-08-27,460.60,465.00,453.01,462.10,517220
2021-08-30,463.48,465.39,455.60,459.56,154765
2021-08-31,459.56,465.98,455.60,462.76,258855
2021-09-01,461.60,478.00,461.60,465.16,567135
2021-09-02,468.00,470.39,462.02,463.88,108480
2021-09-03,464.00,465.00,457.43,460.21,83225
2021-09-06,461.50,465.16,454.22,456.86,110175
2021-09-07,457.00,474.00,447.60,469.46,554410
2021-09-08,471.80,478.40,466.00,468.12,200850
2021-09-09,469.00,478.00,465.00,475.49,132845
2021-09-13,477.99,486.00,475.83,480.47,373970
2021-09-14,482.00,485.80,476.20,479.27,177345
2021-09-15,480.59,485.40,475.80,476.90,117295
2021-09-16,476.00,478.00,470.00,471.57,191700
2021-09-17,471.56,487.80,461.02,481.26,268635
2021-09-20,481.40,489.80,469.30,482.44,206955
2021-09-21,482.40,495.37,475.52,483.60,285905
2021-09-22,485.60,486.01,472.40,473.97,155045
2021-09-23,474.00,479.97,467.60,469.87,119885
2021-09-24,472.34,475.88,464.40,470.42,129900
2021-09-27,470.42,474.97,463.00,465.51,419080
2021-09-28,465.51,479.79,456.00,471.87,266855
2021-09-29,477.00,477.00,468.28,471.52,78505
2021-09-30,471.60,475.64,468.28,473.32,60320
2021-10-01,474.00,475.60,461.32,464.19,98010
2021-10-04,467.80,470.28,460.20,463.15,94800
2021-10-05,465.56,475.00,461.21,468.52,1586185
2021-10-06,470.00,472.96,462.01,464.00,792135
2021-10-07,467.09,467.09,460.22,461.83,92250
2021-10-08,464.88,479.13,460.20,473.35,219210
2021-10-11,478.00,478.00,467.80,469.84,114190
2021-10-12,472.11,472.12,462.40,464.19,79310
2021-10-13,465.86,471.00,461.47,462.28,124850
2021-10-14,461.81,467.03,461.00,462.83,103595
2021-10-18,462.98,466.33,456.20,460.86,324195
2021-10-19,460.00,463.38,452.00,453.87,180690
2021-10-20,455.60,455.97,440.22,445.39,83465
2021-10-21,449.74,449.74,430.23,431.60,110325
2021-10-22,431.20,437.80,422.55,427.28,87645
2021-10-25,427.66,434.95,411.00,432.05,111985
2021-10-26,429.00,442.69,424.04,440.45,183550
2021-10-27,441.64,443.39,430.52,432.96,47800
2021-10-28,432.80,432.80,416.34,422.73,251135
2021-10-29,420.20,422.92,406.20,410.90,307900
2021-11-01,410.90,413.80,398.08,407.41,415555
2021-11-02,412.00,412.00,398.82,399.82,274020
2021-11-03,401.53,405.80,396.20,403.62,403355
2021-11-04,405.00,411.80,404.00,410.46,40340
2021-11-08,413.10,417.80,404.23,407.32,408770
2021-11-09,411.00,419.80,408.00,412.46,135965
2021-11-10,409.75,413.36,408.27,409.97,38255
2021-11-11,408.00,414.78,402.20,403.02,116250
2021-11-12,403.32,418.01,400.30,411.45,139395
2021-11-15,412.00,416.53,402.32,404.54,113640
2021-11-16,405.20,408.00,403.00,404.56,51065
2021-11-17,404.18,407.63,403.72,405.19,67820
2021-11-18,405.90,406.82,400.01,403.76,62510
2021-11-22,406.80,406.82,396.21,403.17,73470
2021-11-23,402.00,405.60,398.44,403.97,55050
2021-11-24,405.20,406.99,400.11,401.45,45930
2021-11-25,404.49,404.50,400.22,401.08,25730
2021-11-26,400.00,409.59,398.54,403.84,95615
2021-11-29,399.40,403.66,393.13,399.08,69750
2021-11-30,402.00,402.38,390.20,391.93,62990
2021-12-01,397.37,397.37,389.38,391.29,36500
2021-12-02,389.40,393.79,385.26,389.32,95155
2021-12-03,389.00,390.76,381.37,383.00,104830
2021-12-06,385.95,391.80,379.60,385.86,142165
2021-12-07,388.41,392.40,386.00,389.31,56790
2021-12-08,380.40,396.94,380.40,394.13,122870
2021-12-09,396.18,396.18,391.00,392.60,47640
2021-12-10,394.40,404.03,392.80,396.98,74270
2021-12-13,402.60,402.60,384.88,388.12,62455
2021-12-14,389.80,389.80,382.40,383.91,63260
2021-12-15,384.00,384.37,381.77,382.35,32260
2021-12-16,385.20,389.98,384.57,387.73,51630
2021-12-17,384.02,387.04,372.83,375.73,66200
2021-12-20,370.60,377.59,362.00,371.18,99085
2021-12-21,379.00,379.00,370.41,375.45,33580
2021-12-22,372.01,378.10,372.01,374.52,37495
2021-12-23,376.40,382.20,373.07,377.86,276870
2021-12-24,380.00,380.23,373.00,374.60,49485
2021-12-27,374.11,376.97,370.99,371.97,38270
2021-12-28,374.00,386.78,372.11,384.14,106395
2021-12-29,385.15,388.00,378.60,380.68,43035
2021-12-30,380.99,383.98,379.02,380.25,51345
2021-12-31,382.16,382.16,375.00,376.90,84120
2022-01-03,376.20,380.04,373.94,374.73,123070
2022-01-04,374.80,377.22,367.20,372.73,59625
2022-01-05,373.76,379.80,370.08,378.32,77795
2022-01-06,378.32,378.93,372.96,373.96,46005
2022-01-07,373.20,375.80,368.00,368.93,139440
2022-01-10,370.05,373.00,368.02,371.83,56550
2022-01-11,372.00,373.80,368.20,368.85,144385
2022-01-12,370.70,375.80,368.47,373.42,151515
2022-01-13,376.80,376.80,372.01,372.38,226965
2022-01-14,374.25,374.25,369.02,372.23,333025
2022-01-17,368.24,376.01,368.24,370.01,235160
2022-01-18,370.01,371.96,364.10,364.34,314715
2022-01-19,364.03,364.20,355.00,357.87,267265
2022-01-20,356.00,357.66,350.00,351.54,418435
2022-01-21,351.00,351.21,340.22,340.80,160025
2022-01-24,341.80,342.33,323.00,335.52,640490
2022-01-25,330.02,349.00,325.00,339.86,200305
2022-01-27,339.00,343.20,337.35,339.68,365655
2022-01-28,340.20,350.44,340.20,344.56,345275
2022-01-31,347.43,354.00,345.13,347.45,343745
2022-02-01,349.32,349.88,342.97,347.97,409790
2022-02-02,347.97,364.00,338.62,340.47,712350
2022-02-03,345.58,346.00,335.00,336.38,512420
2022-02-04,339.14,339.14,332.31,334.51,295985
2022-02-07,334.00,337.11,328.99,331.31,227230
2022-02-08,334.30,349.59,327.31,329.49,294590
2022-02-09,331.27,331.99,323.51,324.53,229850
2022-02-10,324.00,326.99,309.84,313.58,2053800
2022-02-11,313.50,313.50,296.20,299.24,831140
2022-02-14,296.00,310.71,292.00,295.15,484580
2022-02-15,297.54,297.98,286.00,296.46,376515
2022-02-16,298.02,304.00,298.02,302.70,343115
2022-02-17,303.51,308.00,296.46,301.33,244000
2022-02-18,302.00,314.28,295.47,309.68,418720
2022-02-21,310.00,319.20,300.21,313.99,522940
2022-02-22,304.00,308.39,302.00,305.08,307800
2022-02-23,307.53,307.64,301.32,303.71,83500
2022-02-24,296.20,305.00,286.20,296.47,383970
2022-02-25,301.85,325.71,301.85,320.47,425230
2022-02-28,315.00,322.00,311.11,316.45,120185
2022-03-02,316.00,319.64,308.24,310.33,118510
2022-03-03,311.89,319.40,308.08,316.28,1197805
2022-03-04,316.99,316.99,306.06,312.92,111355
2022-03-07,304.40,309.70,294.20,297.87,140270
2022-03-08,301.15,302.73,298.01,299.79,223080
2022-03-09,305.00,305.00,299.00,301.56,263975
2022-03-10,310.00,315.59,306.59,307.28,192420
2022-03-11,306.00,309.74,303.00,304.52,212595
2022-03-14,307.12,309.34,300.60,301.62,190880
2022-03-15,300.00,309.75,300.00,305.87,193030
2022-03-16,308.59,309.59,302.20,304.80,86805
2022-03-17,306.00,308.70,296.21,299.52,304890
2022-03-21,298.40,302.79,294.00,295.64,200090
2022-03-22,295.64,298.80,293.60,294.59,260755
2022-03-23,294.59,305.51,292.00,294.12,1288395
2022-03-24,294.12,301.73,292.44,297.46,340000
2022-03-25,297.60,299.40,293.41,295.03,96935
2022-03-28,295.03,296.31,288.41,292.89,154995
2022-03-29,293.00,295.00,289.47,293.65,146990
2022-03-30,294.00,304.74,294.00,301.65,413145
2022-03-31,304.44,307.22,296.72,300.23,283995
2022-04-01,303.00,313.00,301.78,311.92,244665
2022-04-04,315.17,316.86,312.22,314.92,176015
2022-04-05,316.50,324.74,315.00,316.13,254970
2022-04-06,317.72,324.01,315.36,322.87,147085
2022-04-07,325.54,332.74,317.00,318.72,292665
2022-04-08,322.00,332.40,320.00,325.17,176580
2022-04-11,328.61,331.00,326.02,329.71,137895
2022-04-12,329.71,332.00,320.22,330.87,183065
2022-04-13,332.53,338.77,332.52,333.71,117135
2022-04-18,335.00,335.37,324.00,328.06,97225
2022-04-19,329.71,333.83,316.00,323.30,104325
2022-04-20,322.00,331.40,322.00,324.93,83295
2022-04-21,328.39,333.01,328.24,329.95,79385
2022-04-22,325.38,333.98,325.31,328.82,83365
2022-04-25,328.00,331.59,322.81,326.49,133030
2022-04-26,329.19,336.80,329.19,332.00,130445
2022-04-27,333.40,336.00,328.22,333.98,103690
2022-04-28,336.68,344.20,333.40,336.32,159105
2022-04-29,338.00,343.00,333.72,341.79,151645
2022-05-02,341.20,362.80,336.12,340.12,307530
2022-05-04,340.00,342.80,330.60,335.17,185760
2022-05-05,336.00,336.85,332.00,332.39,58720
2022-05-06,332.00,335.00,322.12,325.61,125775
2022-05-09,325.61,326.00,315.49,320.57,70850
2022-05-10,320.00,325.19,316.23,318.35,59860
2022-05-11,318.35,325.39,308.62,318.35,142725
2022-05-12,313.00,315.80,304.40,305.75,87500
2022-05-13,313.80,320.79,308.06,316.67,128860
2022-05-16,320.30,326.00,315.20,321.34,122195
2022-05-17,324.37,336.00,321.60,333.12,302495
2022-05-18,335.20,337.28,320.00,323.55,126785
2022-05-19,320.80,320.80,312.00,316.78,132710
2022-05-20,318.34,319.21,309.19,309.74,113010
2022-05-23,312.55,313.77,303.00,309.15,302045
2022-05-24,309.01,310.40,298.80,302.45,132840
2022-05-25,300.40,306.90,300.40,304.02,268125
2022-05-26,306.53,307.96,302.99,303.97,571275
2022-05-27,306.43,308.21,303.91,305.30,417905
2022-05-30,308.80,311.00,302.84,306.01,559920
2022-05-31,308.52,317.00,307.01,308.12,339235
2022-06-01,310.86,312.13,306.80,308.03,683575
2022-06-02,310.00,313.89,307.63,310.32,66810
2022-06-03,312.81,316.00,309.10,312.37,81330
2022-06-06,313.94,318.00,308.50,314.59,148200
2022-06-07,312.80,313.60,309.51,310.15,35485
2022-06-08,308.50,318.81,308.50,315.93,98795
2022-06-09,315.23,320.00,312.72,319.32,85060
2022-06-10,317.63,321.00,315.20,319.81,111995
2022-06-13,314.24,318.00,314.11,317.24,113715
2022-06-14,312.00,322.00,312.00,319.06,65390
2022-06-15,318.00,321.61,315.20,317.34,130040
2022-06-16,319.00,320.99,304.20,306.38,84750
2022-06-17,304.20,310.00,302.20,305.42,83760
2022-06-20,303.00,305.96,302.10,302.78,168065
2022-06-21,305.24,310.00,302.38,304.19,170350
2022-06-22,304.19,312.00,301.20,309.82,195590
2022-06-23,310.00,312.58,309.05,311.21,29340
2022-06-24,312.04,315.27,308.20,310.11,29765
2022-06-27,310.80,314.00,309.10,313.02,43580
2022-06-28,312.33,314.59,310.46,313.74,13065
2022-06-29,314.40,317.94,311.45,315.04,45925
2022-06-30,315.99,329.39,313.51,327.37,303955
2022-07-01,327.00,327.00,321.00,324.81,54015
2022-07-04,324.81,329.00,324.81,327.36,37105
2022-07-05,327.36,329.00,324.00,325.63,43315
2022-07-06,324.20,327.41,321.03,323.18,46175
2022-07-07,325.88,325.97,322.00,323.34,70470
2022-07-08,323.34,324.96,320.00,321.18,22860
2022-07-11,323.76,323.76,315.42,316.83,44565
2022-07-12,317.00,318.50,313.42,313.96,49665
2022-07-13,313.20,319.80,308.00,312.61,5384170
2022-07-14,316.07,323.96,316.07,321.50,381630
2022-07-15,323.11,326.80,320.50,322.78,176770
2022-07-18,327.80,327.80,324.12,327.16,328160
2022-07-19,328.00,330.80,324.60,325.78,97145
2022-07-20,327.41,327.41,322.59,323.38,49445
2022-07-21,323.80,328.00,320.69,324.17,74930
2022-07-22,324.17,333.65,321.22,328.18,189045
2022-07-25,328.18,329.80,323.03,324.95,60530
2022-07-26,322.01,324.76,317.00,319.09,87695
2022-07-27,319.80,324.00,318.26,320.92,56675
2022-07-28,323.69,331.95,320.00,330.67,971365
2022-07-29,335.60,336.80,321.60,323.58,679600
2022-08-01,324.20,333.11,323.25,323.99,286780
2022-08-02,324.98,325.59,319.60,320.14,125285
2022-08-03,320.60,321.82,314.52,315.94,115935
2022-08-04,317.60,324.40,313.60,322.30,325400
2022-08-05,324.00,324.31,318.20,318.64,73965
2022-08-08,321.25,322.00,318.00,319.09,72950
2022-08-10,319.99,327.00,316.80,324.66,168130
2022-08-11,326.00,329.94,324.21,325.20,133075
2022-08-12,322.24,326.83,320.03,321.11,69200
2022-08-16,323.68,323.72,318.00,319.76,77905
2022-08-17,321.50,331.91,320.20,330.17,499870
2022-08-18,331.80,339.00,327.04,328.57,441425
2022-08-19,330.20,330.22,320.22,322.19,199200
2022-08-22,323.00,324.00,318.00,319.50,87245
2022-08-23,321.10,327.80,319.48,323.39,1957015
2022-08-24,325.10,332.48,322.50,327.37,575105
2022-08-25,329.00,329.99,321.99,322.82,1191805
2022-08-26,324.43,324.43,319.87,321.16,679805
2022-08-29,317.60,320.77,316.20,319.14,109910
2022-08-30,320.74,323.48,318.87,320.05,828170
2022-09-01,320.00,331.60,319.68,329.61,264960
2022-09-02,330.20,332.00,323.20,324.71,95110
2022-09-05,324.99,331.80,322.95,326.80,148445
2022-09-06,330.07,330.20,324.00,328.95,81455
2022-09-07,327.00,330.00,322.80,323.92,94415
2022-09-08,325.54,329.40,323.28,328.17,207990
2022-09-09,329.80,335.40,327.38,330.60,696070
2022-09-12,333.80,338.96,330.21,331.27,728645
2022-09-13,334.79,334.98,328.00,328.60,168620
2022-09-14,327.00,327.90,322.00,323.03,223900
2022-09-15,324.74,326.26,319.51,320.57,322780
2022-09-16,321.79,330.17,319.64,327.63,291705
2022-09-19,329.00,330.92,322.04,328.62,483510
2022-09-20,331.00,331.00,320.20,321.51,148885
2022-09-21,323.00,324.50,320.40,322.71,60950
2022-09-22,324.33,324.33,318.94,319.55,583055
2022-09-23,321.15,322.79,319.21,320.27,79890
2022-09-26,320.00,321.25,315.94,316.90,475370
2022-09-27,316.90,320.00,315.00,316.01,951625
2022-09-28,314.78,317.68,314.74,314.97,65715
2022-09-29,317.00,323.40,317.00,321.05,94480
2022-09-30,322.60,325.95,320.80,324.76,172230
2022-10-03,324.60,333.87,324.03,331.40,274395
2022-10-04,333.00,341.79,330.05,337.59,230510
2022-10-06,341.80,353.00,341.35,349.92,563705
2022-10-07,351.76,351.76,342.25,348.25,137510
2022-10-10,348.40,348.40,339.60,341.95,102695
2022-10-11,343.66,348.00,338.10,340.87,90100
2022-10-12,338.60,349.32,338.60,348.01,124040
2022-10-13,353.80,353.80,345.00,346.95,128690
2022-10-14,349.00,351.80,343.89,346.85,141145
2022-10-17,346.85,347.60,339.00,341.23,74105
2022-10-18,342.54,349.98,342.40,345.67,83855
2022-10-19,349.12,349.40,346.20,348.25,80830
2022-10-20,347.40,351.80,346.00,347.33,81745
2022-10-21,347.20,349.20,340.20,342.67,95075
2022-10-24,345.80,349.00,342.95,346.86,32010
2022-10-25,345.00,356.60,343.02,345.73,180765
2022-10-27,346.06,350.80,344.20,345.52,70015
2022-10-28,344.40,358.20,344.40,354.12,327695
2022-10-31,354.12,357.76,350.40,351.68,89725
2022-11-01,351.60,354.80,346.02,347.03,95175
2022-11-02,347.80,358.00,346.32,347.85,195595
2022-11-03,346.10,354.60,346.10,349.28,91220
2022-11-04,351.03,357.00,349.62,351.25,155350
2022-11-07,351.60,358.00,345.20,346.28,164780
2022-11-09,346.28,349.98,341.94,344.96,200365
2022-11-10,342.92,344.50,325.00,328.46,322660
2022-11-11,330.11,332.60,322.00,323.39,120305
2022-11-14,323.39,324.17,316.00,316.79,132380
2022-11-15,318.38,320.94,315.57,319.93,187735
2022-11-16,321.80,322.78,316.80,320.01,408340
2022-11-17,321.00,321.70,317.00,318.16,54710
2022-11-18,319.76,319.76,310.02,311.67,158335
2022-11-21,313.16,314.97,309.60,313.13,170480
2022-11-22,313.13,314.70,312.00,313.15,114815
2022-11-23,314.00,314.00,307.00,308.42,320120
2022-11-24,309.97,314.36,308.66,313.40,75055
2022-11-25,314.97,316.80,310.50,315.82,743390
2022-11-28,318.00,318.76,315.00,315.89,65780
2022-11-29,317.80,317.80,313.21,315.06,270105
2022-11-30,318.00,323.80,316.31,322.61,221000
2022-12-01,325.40,325.80,316.23,319.97,153420
2022-12-02,319.98,324.15,318.85,322.67,93040
2022-12-05,322.79,324.25,321.00,323.52,50585
2022-12-06,323.80,327.75,322.20,322.96,70845
2022-12-07,322.96,324.58,317.40,318.69,40145
2022-12-08,320.29,323.79,319.60,321.56,53785
2022-12-09,320.20,323.00,316.41,318.18,70200
2022-12-12,319.86,323.40,317.28,322.22,108645
2022-12-13,323.60,323.84,319.00,321.27,36895
2022-12-14,322.40,323.90,318.12,320.09,42145
2022-12-15,320.00,325.00,318.00,323.98,98345
2022-12-16,322.20,323.17,318.00,318.35,37810
2022-12-19,318.40,319.95,316.20,317.47,28960
2022-12-20,316.38,319.90,316.38,317.77,19700
2022-12-21,321.03,321.03,306.00,314.39,196825
2022-12-22,312.00,315.88,306.00,308.50,58720
2022-12-23,308.50,309.87,297.41,298.71,80325
2022-12-26,300.20,306.00,299.00,305.57,32715
2022-12-27,304.41,307.88,300.12,302.65,141135
2022-12-28,302.65,303.60,301.00,301.88,46705
2022-12-29,301.88,302.79,297.80,298.63,77220
2022-12-30,301.20,305.00,298.40,301.36,55195
2023-01-02,302.00,307.78,301.99,306.02,27425
2023-01-03,307.56,307.64,302.00,302.84,261120
2023-01-04,304.20,307.79,300.00,301.24,44225
2023-01-05,302.75,307.60,300.05,300.74,82745
2023-01-06,301.99,304.99,295.13,297.92,90960
2023-01-09,300.06,305.28,300.06,301.11,171845
2023-01-10,302.62,303.13,298.33,299.59,31935
2023-01-11,300.05,303.98,298.80,300.84,92595
2023-01-12,301.54,302.92,297.15,298.95,37445
2023-01-13,299.04,300.00,294.89,295.49,44485
2023-01-16,295.99,300.58,295.49,299.30,59975
2023-01-17,300.79,300.79,295.40,295.92,30910
2023-01-18,297.40,299.70,294.01,294.80,58430
2023-01-19,296.00,296.28,292.00,292.37,40540
2023-01-20,293.84,294.14,287.00,289.22,71850
2023-01-23,290.41,291.79,288.59,290.95,71630
2023-01-24,290.80,296.38,287.84,288.49,181975
2023-01-25,287.22,291.19,285.80,289.60,47900
2023-01-27,291.04,291.04,286.59,288.77,42165
2023-01-30,290.71,292.22,282.22,285.30,129240
2023-01-31,289.78,289.78,279.10,279.71,384280
2023-02-01,281.11,289.78,280.57,284.95,516710
2023-02-02,284.60,289.51,274.02,281.94,322305
2023-02-03,281.00,283.19,278.20,279.41,60940
2023-02-06,279.41,296.39,278.25,293.03,143930
2023-02-07,293.80,295.77,288.00,289.09,60020
2023-02-08,288.00,290.40,283.12,286.20,83235
2023-02-09,287.64,287.64,281.45,282.18,58455
2023-02-10,282.00,286.00,281.40,283.06,53480
2023-02-13,283.00,284.86,279.86,280.42,168785
2023-02-14,281.83,286.66,278.81,285.00,64595
2023-02-15,285.59,296.00,282.31,294.69,100290
2023-02-16,293.40,294.80,286.03,287.52,43630
2023-02-17,288.96,292.79,287.25,290.27,36485
2023-02-20,291.80,291.95,288.19,289.09,77890
2023-02-21,290.61,295.80,288.23,292.46,80885
2023-02-22,292.46,292.46,287.56,289.51,171895
2023-02-23,290.96,291.97,287.61,289.37,81140
2023-02-24,290.82,290.82,281.01,282.34,62245
2023-02-27,283.00,283.71,278.30,280.46,50400
2023-02-28,280.67,287.67,279.81,285.74,69555
2023-03-01,285.94,293.50,285.94,290.16,74580
2023-03-02,291.62,292.40,288.17,290.88,26415
2023-03-03,292.83,292.84,288.91,289.54,36870
2023-03-06,291.50,306.38,289.96,296.33,104595
2023-03-08,294.80,300.77,294.53,297.68,75840
2023-03-09,299.24,304.80,294.73,295.96,120880
2023-03-10,295.96,313.18,294.00,302.96,456955
2023-03-13,305.39,305.56,297.93,300.37,154275
2023-03-14,302.40,307.49,298.62,298.82,116030
2023-03-15,300.32,302.91,297.83,298.26,77810
2023-03-16,299.75,299.75,293.97,294.14,127770
2023-03-17,296.25,296.25,293.37,294.50,360860
2023-03-20,298.99,304.50,293.93,295.13,97835
2023-03-21,295.20,295.99,291.93,292.24,584965
2023-03-22,292.01,295.95,292.01,294.56,65320
2023-03-23,292.34,296.15,292.34,294.21,41810
2023-03-24,294.99,309.60,293.27,304.91,2907985
2023-03-27,304.57,304.57,294.80,295.85,232020
2023-03-28,297.80,301.80,296.01,301.25,112535
2023-03-29,303.29,308.03,301.23,307.09,98725
2023-03-31,307.40,315.80,306.17,310.06,212450
2023-04-03,312.07,312.76,306.92,310.90,51655
2023-04-05,312.94,312.94,306.42,308.13,32650
2023-04-06,308.10,312.99,306.00,308.77,30875
2023-04-10,307.20,309.54,301.10,301.87,80175
2023-04-11,301.71,305.80,300.08,302.85,809030
2023-04-12,300.20,304.01,299.73,301.45,61275
2023-04-13,303.03,310.39,301.29,309.11,63360
2023-04-17,310.00,311.00,303.03,303.85,65395
2023-04-18,305.80,306.92,301.00,303.36,37240
2023-04-19,305.36,309.86,304.20,305.84,86190
2023-04-20,307.80,307.80,300.00,301.61,69735
2023-04-21,302.01,309.59,302.00,305.93,70925
2023-04-24,305.93,306.00,302.00,302.82,31735
2023-04-25,303.41,306.09,301.00,304.05,54330
2023-04-26,302.20,310.68,301.10,307.66,85185
2023-04-27,307.89,313.00,306.20,309.10,123520
2023-04-28,309.59,312.13,307.00,310.56,47290
2023-05-02,312.62,314.00,298.80,302.27,121725
2023-05-03,303.60,309.80,303.59,306.84,282825
2023-05-04,306.84,311.00,305.40,306.25,43885
2023-05-05,306.20,309.21,303.62,306.34,41310
2023-05-08,306.40,309.89,303.23,304.01,94875
2023-05-09,304.77,308.00,302.00,302.40,49665
2023-05-10,303.92,305.08,302.00,303.54,35715
2023-05-11,305.00,307.49,303.60,306.23,38335
2023-05-12,306.50,307.59,302.00,302.48,49840
2023-05-15,310.00,311.60,303.54,304.90,164660
2023-05-16,306.40,313.80,305.34,308.01,276535
2023-05-17,313.00,313.00,295.01,296.23,577910
2023-05-18,299.99,299.99,293.48,295.01,103680
2023-05-19,296.49,296.90,290.20,292.89,80025
2023-05-22,292.40,293.79,289.00,290.18,122250
2023-05-23,290.18,299.78,289.36,296.64,116350
2023-05-24,296.40,296.62,294.00,295.50,35315
2023-05-25,296.28,296.97,290.02,291.11,69000
2023-05-26,292.64,293.65,289.51,291.49,71835
2023-05-29,293.00,294.84,291.91,292.73,51965
2023-05-30,294.00,295.19,290.00,291.58,117735
2023-05-31,295.00,297.78,290.05,291.36,199075
2023-06-01,293.39,295.00,290.80,292.57,142180
2023-06-02,294.49,299.58,292.00,295.48,150505
2023-06-05,297.42,299.20,288.20,293.34,164160
2023-06-06,294.39,303.00,294.00,302.13,555480
2023-06-07,303.65,303.65,295.86,297.93,218785
2023-06-08,299.80,301.60,297.81,298.84,117895
2023-06-09,299.01,307.00,297.00,300.85,739570
2023-06-12,302.95,306.20,298.68,299.88,234800
2023-06-13,299.68,303.77,299.00,299.54,119595
2023-06-14,301.49,304.44,299.61,301.26,175640
2023-06-15,303.42,304.89,299.64,301.28,211560
2023-06-16,302.79,303.11,298.00,300.08,255275
2023-06-19,300.08,302.00,298.58,299.41,111110
2023-06-20,299.40,302.00,299.20,300.68,68080
2023-06-21,302.40,305.00,297.60,301.77,233005
2023-06-22,301.49,303.59,297.62,298.59,250715
2023-06-23,299.60,302.78,294.40,295.60,119670
2023-06-26,297.08,299.68,295.30,298.01,1499325
2023-06-27,299.00,300.10,295.68,297.39,134150
2023-06-28,301.00,301.05,295.04,295.88,2845110
2023-06-30,297.96,299.19,295.61,296.81,217210
2023-07-03,298.37,298.37,295.42,296.07,186380
2023-07-04,297.62,297.99,294.00,296.18,130500
2023-07-05,296.23,297.61,294.42,295.89,106790
2023-07-06,295.61,299.99,295.44,296.76,254995
2023-07-07,296.62,297.99,295.45,296.31,67030
2023-07-10,297.80,297.96,290.00,293.40,144290
2023-07-11,295.32,295.42,292.39,294.74,76400
2023-07-12,294.53,296.14,293.41,294.22,108120
2023-07-13,295.70,295.70,291.00,292.09,131535
2023-07-14,292.40,293.40,289.40,289.95,126225
2023-07-17,290.00,297.80,290.00,293.91,1006425
2023-07-18,297.00,297.00,293.63,295.97,99790
2023-07-19,297.30,297.30,294.01,295.13,69610
2023-07-20,295.13,304.40,294.75,299.65,326880
2023-07-21,299.37,302.00,294.40,295.39,151885
2023-07-24,295.39,298.27,291.85,294.88,107985
2023-07-25,295.80,297.67,291.37,294.05,224290
2023-07-26,294.00,296.98,293.86,294.85,104550
2023-07-27,294.02,302.40,293.02,297.97,442270
2023-07-28,299.30,300.30,293.56,293.99,169655
2023-07-31,295.52,299.80,292.20,293.85,218340
2023-08-01,295.40,297.19,295.01,295.95,139060
2023-08-02,296.99,297.50,294.01,295.14,289590
2023-08-03,294.00,297.49,285.35,286.60,585925
2023-08-04,288.00,288.39,285.01,286.15,277325
2023-08-07,286.16,296.80,286.15,292.89,1983135
2023-08-08,296.41,305.99,296.40,303.15,1818300
2023-08-09,306.40,317.78,302.93,311.85,1749415
2023-08-10,312.00,315.60,304.45,306.60,436265
2023-08-11,307.99,309.60,306.00,307.43,454410
2023-08-14,307.40,307.50,300.84,304.36,211335
2023-08-16,301.60,308.58,301.25,306.69,116730
2023-08-17,308.60,311.73,304.60,305.87,244900
2023-08-18,308.79,312.71,303.23,310.00,1323380
2023-08-21,311.64,315.00,310.40,312.63,1073160
2023-08-22,314.79,314.79,308.60,309.72,192370
2023-08-23,310.19,320.98,310.19,318.11,717255
2023-08-24,323.98,331.02,321.26,329.27,958760
2023-08-25,328.00,331.19,322.21,323.00,259765
2023-08-28,325.14,338.68,324.04,332.39,721770
2023-08-29,332.65,335.99,326.08,328.50,190780
2023-08-30,330.70,330.71,324.00,324.64,132575
2023-08-31,325.02,332.50,321.68,328.48,195835
2023-09-01,330.20,334.40,325.00,326.69,157385
2023-09-04,328.40,328.85,323.00,323.96,131975
2023-09-05,325.19,329.54,322.20,323.95,125870
2023-09-06,324.49,329.79,322.22,329.03,175150
2023-09-07,329.00,330.21,324.66,325.43,91025
2023-09-08,325.96,326.16,318.41,320.46,230455
2023-09-11,322.07,325.13,316.21,317.68,195670
2023-09-12,317.68,321.03,311.20,312.82,272685
2023-09-13,314.00,323.50,312.72,322.72,242370
2023-09-14,324.00,326.52,320.20,323.02,149310
2023-09-15,323.00,326.39,320.02,323.14,144040
2023-09-18,323.13,325.70,321.48,322.03,98260
2023-09-20,322.03,324.17,320.03,321.94,73595
2023-09-21,323.00,323.44,320.02,320.07,108640
2023-09-22,320.03,322.23,317.76,320.09,125245
2023-09-25,320.09,321.70,313.40,314.14,180620
2023-09-26,315.00,315.55,311.13,312.71,109955
2023-09-27,311.40,316.54,311.40,314.52,77455
2023-09-28,317.98,318.00,312.07,313.00,92790
2023-09-29,313.79,315.14,311.60,313.49,73755
2023-10-03,313.20,318.80,309.87,314.87,140275
2023-10-04,315.20,315.85,310.01,312.24,226735
2023-10-05,314.32,317.20,313.00,313.47,62470
2023-10-06,314.80,315.98,309.40,311.94,110305
2023-10-09,310.31,312.19,304.23,309.71,147285
2023-10-10,309.65,310.80,307.22,309.79,97745
2023-10-11,310.43,315.19,310.20,311.56,92345
2023-10-12,312.96,314.44,309.40,312.53,81455
2023-10-13,312.97,313.33,310.40,312.59,50245
2023-10-16,312.60,314.00,310.49,312.23,121770
2023-10-17,313.88,315.96,312.02,313.24,109765
2023-10-18,313.28,314.81,312.34,313.90,66900
2023-10-19,313.90,313.90,309.54,311.05,65100
2023-10-20,312.31,315.80,311.19,313.58,105035
2023-10-23,313.72,314.83,297.00,301.11,95845
2023-10-25,298.45,303.82,298.00,300.92,131595
2023-10-26,300.00,305.99,297.00,303.60,720975
2023-10-27,302.01,313.13,302.01,310.28,152810
2023-10-30,310.28,311.98,304.81,308.20,124580
2023-10-31,307.21,309.60,305.25,306.25,90175
2023-11-01,306.41,307.80,301.22,304.61,64450
2023-11-02,306.00,312.00,304.40,309.57,73945
2023-11-03,309.77,312.30,308.20,308.65,119180
2023-11-06,308.00,317.59,302.48,311.12,316965
2023-11-07,306.30,309.60,302.00,305.07,350765
2023-11-08,305.00,309.00,303.00,307.48,474920
2023-11-09,307.80,308.70,303.41,306.60,81425
2023-11-10,308.00,308.64,305.21,306.35,139300
2023-11-12,308.42,310.79,306.10,307.30,32695
2023-11-13,308.90,308.90,304.00,304.80,54270
2023-11-15,304.83,309.37,300.02,301.30,204610
2023-11-16,302.81,307.80,300.61,305.65,158095
2023-11-17,307.00,311.00,306.55,309.55,123405
2023-11-20,310.27,313.62,306.38,307.75,127025
2023-11-21,308.40,314.80,308.05,313.14,133765
2023-11-22,314.00,319.00,310.20,310.67,157010
2023-11-23,312.00,314.40,309.02,313.49,120795
2023-11-24,313.98,314.71,308.88,309.71,87980
2023-11-28,311.79,315.00,305.21,310.47,160605
2023-11-29,310.40,311.80,308.01,310.05,149380
2023-11-30,310.00,312.11,308.10,310.30,190245
2023-12-01,310.29,312.68,305.81,308.54,166565
2023-12-04,310.62,314.99,308.03,313.73,237230
2023-12-05,314.80,315.00,308.41,309.77,202240
2023-12-06,308.00,311.99,307.60,309.97,195470
2023-12-07,309.97,313.96,308.21,312.99,209660
2023-12-08,313.00,315.00,309.62,311.59,116725
2023-12-11,311.59,311.99,307.80,310.51,138705
2023-12-12,311.00,311.55,306.10,307.88,134350
2023-12-13,309.23,309.39,303.63,306.09,96095
2023-12-14,308.28,316.60,306.03,314.35,307815
2023-12-15,313.00,317.20,310.27,315.26,484990
2023-12-18,317.34,326.94,316.60,320.69,436950
2023-12-19,322.30,323.40,316.91,322.61,208040
2023-12-20,321.60,323.80,313.91,316.90,185695
2023-12-21,316.00,316.90,311.80,314.74,145430
2023-12-22,315.80,319.39,314.00,318.03,121470
2023-12-26,318.03,321.76,317.22,320.82,140865
2023-12-27,321.98,328.41,320.01,326.81,353920
2023-12-28,330.79,333.10,326.82,328.63,503765
2023-12-29,335.00,341.23,332.68,336.22,719595
2024-01-01,338.62,340.00,332.00,336.20,237730
2024-01-02,336.00,337.81,330.00,334.74,306150
2024-01-03,334.74,338.74,332.40,337.91,202515
2024-01-04,339.00,339.60,333.25,337.27,193740
2024-01-05,336.21,339.60,335.11,338.29,162680
2024-01-08,339.80,344.20,334.76,336.17,261290
2024-01-09,336.17,337.79,328.10,329.86,134355
2024-01-10,331.38,331.39,326.61,327.97,78215
2024-01-11,328.96,330.98,326.60,328.62,121350
2024-01-12,329.60,330.80,326.00,326.84,75180
2024-01-15,327.82,330.00,324.21,328.51,100920
2024-01-16,329.50,331.83,326.40,328.66,72545
2024-01-17,325.20,328.18,322.00,323.43,95585
2024-01-18,323.43,325.20,317.00,323.47,73700
2024-01-19,327.00,327.40,322.96,324.34,69400
2024-01-20,326.48,326.48,322.98,323.93,44600
2024-01-23,323.94,324.91,316.00,316.44,313020
2024-01-24,316.00,323.80,314.42,320.59,123070
2024-01-25,320.56,322.20,318.16,320.34,131660
2024-01-29,321.95,321.95,318.00,319.01,61105
2024-01-30,318.00,327.60,318.00,320.30,148330
2024-01-31,320.30,326.87,320.30,322.99,113865
2024-02-01,325.14,325.14,317.00,319.87,96630
2024-02-02,318.26,321.00,317.62,319.73,86075
2024-02-05,319.73,320.54,316.40,317.94,83675
2024-02-06,318.80,324.28,317.32,320.07,140125
2024-02-07,321.80,326.40,320.80,325.74,128350
2024-02-08,326.00,333.00,313.00,327.39,836875
2024-02-09,324.00,327.37,316.94,318.79,439160
2024-02-12,320.00,320.10,314.01,316.40,161215
2024-02-13,317.35,319.59,312.12,313.93,115080
2024-02-14,313.94,320.00,312.46,318.41,78625
2024-02-15,318.41,320.41,314.60,315.56,103585
2024-02-16,314.20,320.00,314.20,319.35,94890
2024-02-19,320.60,323.20,318.19,319.51,146975
2024-02-20,319.51,322.20,316.60,319.06,62140
2024-02-21,320.00,322.38,316.99,319.09,79125
2024-02-22,319.09,320.69,317.23,318.10,53065
2024-02-23,317.00,319.39,316.20,318.11,1979180
2024-02-26,318.20,323.84,316.77,319.22,133120
2024-02-27,318.02,320.19,317.01,318.70,53730
2024-02-28,319.40,320.10,314.24,314.86,496460
2024-02-29,314.05,315.80,311.80,313.48,451455
2024-03-01,314.44,315.05,311.00,313.16,104215
2024-03-02,315.00,319.86,314.00,315.99,12130
2024-03-04,316.30,318.38,312.84,313.95,67290
2024-03-05,312.12,319.66,312.00,318.33,124690
2024-03-06,318.33,319.99,312.43,315.39,80585
2024-03-07,315.39,319.39,313.00,316.55,122935
2024-03-11,318.12,324.40,314.93,318.38,1130700
2024-03-12,318.00,320.52,311.02,313.60,118315
2024-03-13,314.41,314.98,298.94,300.67,189970
2024-03-14,302.00,306.98,292.00,294.77,211040
2024-03-15,294.82,302.19,292.20,295.61,231115
2024-03-18,298.98,298.98,288.03,294.86,317795
2024-03-19,295.74,302.80,291.00,297.01,188685
2024-03-20,297.01,302.00,290.20,300.02,178425
2024-03-21,300.18,302.94,295.00,295.94,280685
2024-03-22,295.94,301.60,295.94,298.75,95405
2024-03-26,295.00,300.00,295.00,298.17,115745
2024-03-27,299.00,299.74,293.20,294.95,425425
2024-03-28,295.80,300.59,294.00,295.12,134615
2024-04-01,297.01,303.59,296.00,301.36,194410
2024-04-02,300.00,302.32,298.81,299.99,170225
2024-04-03,300.40,311.97,300.00,310.09,200280
2024-04-04,310.09,320.00,310.00,318.44,153555
2024-04-05,315.26,319.76,312.62,314.34,120890
2024-04-08,313.06,318.40,312.21,313.18,85270
2024-04-09,311.00,314.65,310.03,311.93,45020
2024-04-10,312.87,319.80,310.42,318.75,168990
2024-04-12,318.80,323.67,317.38,322.03,194160
2024-04-15,322.03,323.60,312.12,321.21,139370
2024-04-16,318.20,327.60,317.81,325.60,220285
2024-04-18,327.35,329.60,323.44,325.70,167780
2024-04-19,325.70,327.40,317.57,326.36,106555
2024-04-22,327.99,333.21,325.00,332.04,178885
2024-04-23,332.04,332.04,324.00,327.04,110485
2024-04-24,327.20,330.89,326.00,330.30,65175
2024-04-25,330.00,336.00,326.15,334.28,506590
2024-04-26,336.52,336.53,330.20,333.89,160830
2024-04-29,333.89,333.89,327.60,329.13,74355
2024-04-30,331.34,334.26,326.60,333.18,289770
2024-05-02,333.20,335.40,327.40,334.20,100210
2024-05-03,334.21,338.99,332.35,334.10,132520
2024-05-06,334.85,335.78,324.01,327.91,114605
2024-05-07,326.54,333.67,325.61,331.94,141325
2024-05-08,331.95,347.10,330.34,344.19,413410
2024-05-09,343.34,344.99,337.48,340.02,122905
2024-05-10,341.01,345.40,336.12,342.31,184590
2024-05-13,342.40,344.07,336.04,337.30,86180
2024-05-14,338.98,350.00,334.61,345.84,1084140
2024-05-15,345.03,357.76,341.26,352.17,446035
2024-05-16,353.36,354.00,343.80,345.32,124935
2024-05-17,346.00,349.88,344.00,346.23,151010
2024-05-18,348.99,359.00,348.99,355.59,46070
2024-05-21,355.59,356.00,343.00,345.50,175620
2024-05-22,345.40,349.39,343.78,345.87,106240
2024-05-23,348.18,348.18,343.11,343.77,66600
2024-05-24,345.49,346.54,340.40,342.89,55125
2024-05-27,345.26,353.40,341.88,348.57,166825
2024-05-28,350.78,352.49,346.01,350.95,168340
2024-05-29,352.71,362.59,348.91,360.29,298165
2024-05-30,362.00,362.00,345.10,346.43,159330
2024-05-31,348.95,352.79,341.33,350.75,228785
2024-06-03,354.54,354.54,340.27,344.91,206320
2024-06-04,340.40,348.00,331.82,343.66,291085
2024-06-05,346.60,391.75,344.05,379.07,982370
2024-06-06,385.87,386.43,372.20,376.26,218010
2024-06-07,376.79,385.00,373.69,376.31,164845
2024-06-10,376.31,377.98,367.06,376.45,276240
2024-06-11,380.82,388.89,370.20,383.99,557250
2024-06-12,383.99,394.56,380.41,381.95,180410
2024-06-13,383.80,383.85,371.20,372.46,185955
2024-06-14,374.94,377.99,367.21,369.96,129220
2024-06-18,372.44,375.94,368.20,369.22,140825
2024-06-19,371.68,372.98,363.74,366.89,118540
2024-06-20,369.40,380.68,366.00,377.55,124195
2024-06-21,379.80,379.80,370.00,371.31,68880
2024-06-24,372.00,380.09,368.00,373.16,86475
2024-06-25,375.62,375.81,367.80,368.90,48840
2024-06-26,370.75,370.75,359.20,361.63,102370
2024-06-27,358.00,367.99,356.27,358.89,93905
2024-06-28,361.23,365.46,354.20,357.20,128380
2024-07-01,359.00,377.02,358.20,373.21,224940
2024-07-02,383.00,390.00,376.75,383.84,314180
2024-07-03,386.54,418.00,382.76,414.13,1373535
2024-07-04,414.13,424.79,412.39,419.58,526205
2024-07-05,416.21,427.00,414.40,423.65,247820
2024-07-08,425.99,426.00,410.30,413.07,864920
2024-07-09,413.99,423.98,410.00,420.67,225975
2024-07-10,422.42,439.60,415.23,431.31,1007295
2024-07-11,431.00,436.86,418.81,435.08,372270
2024-07-12,436.00,443.51,426.40,435.51,430580
2024-07-15,430.41,435.00,425.17,428.12,113015
2024-07-16,420.00,434.50,420.00,428.39,305410
2024-07-18,427.21,442.62,426.00,427.70,486815
2024-07-19,420.61,439.02,420.61,436.56,277550
2024-07-22,439.00,458.00,438.70,451.74,406190
2024-07-23,446.00,459.83,440.83,455.43,237625
2024-07-24,455.00,480.00,455.00,473.83,869430
2024-07-25,466.16,478.40,463.88,476.27,216455
2024-07-26,470.00,478.00,470.00,476.83,183345
2024-07-29,476.00,487.40,473.60,477.35,270730
2024-07-30,478.04,496.80,474.47,476.77,472545
2024-07-31,478.98,484.92,473.00,479.56,301855
2024-08-01,481.38,485.00,461.25,464.01,346675
2024-08-02,463.60,475.80,447.20,452.22,1559535
2024-08-05,444.67,456.45,439.56,444.70,202645
2024-08-06,466.00,472.00,437.82,440.69,296385
2024-08-07,451.80,465.00,449.75,461.43,461080
2024-08-08,464.00,464.00,457.01,458.50,138700
2024-08-09,461.70,463.80,456.64,463.11,105530
2024-08-12,454.21,467.01,454.21,463.19,129450
2024-08-13,464.99,464.99,455.20,455.52,86435
2024-08-14,455.80,458.79,442.55,443.91,92675
2024-08-16,446.00,448.87,441.00,445.06,104875
2024-08-19,447.29,452.79,440.40,441.64,534925
2024-08-20,444.00,465.00,438.91,461.13,122590
2024-08-21,460.13,461.09,450.39,458.25,175520
2024-08-22,450.00,465.96,450.00,462.56,82765
2024-08-23,462.48,464.88,454.76,455.62,55770
2024-08-26,456.86,459.00,449.80,451.35,95375
2024-08-27,451.40,454.14,445.01,452.68,94280
2024-08-28,454.95,463.00,448.20,457.84,123005
2024-08-29,462.89,463.59,449.40,451.01,81490
2024-08-30,453.20,461.84,449.60,459.05,198460
2024-09-02,459.05,461.35,436.40,439.41,254890
2024-09-03,444.60,464.20,440.04,447.75,154170
2024-09-04,442.20,458.58,440.20,454.01,181035
2024-09-05,454.20,455.00,449.60,453.47,131035
2024-09-06,453.60,458.00,448.27,450.76,156945
2024-09-09,451.99,452.44,441.41,447.57,90400
2024-09-10,449.60,454.16,447.83,450.82,144255
2024-09-11,453.00,453.00,447.73,450.31,117415
2024-09-12,451.80,452.40,446.41,447.68,51740
2024-09-13,449.99,449.99,439.40,441.71,155930
2024-09-16,441.80,452.00,440.40,441.84,68880
2024-09-17,441.84,443.78,431.20,433.99,170920
2024-09-18,435.79,436.00,426.21,428.35,83145
2024-09-19,429.60,431.39,412.00,413.95,399420
2024-09-20,416.99,425.99,411.10,416.13,227610
2024-09-23,418.80,424.87,412.81,416.06,105765
2024-09-24,418.83,418.83,403.78,405.28,185225
2024-09-25,404.00,404.71,392.25,397.72,393655
2024-09-26,399.59,401.57,395.36,396.38,69370
2024-09-27,396.38,407.00,396.38,402.60,205005
2024-09-30,416.69,427.59,398.41,402.21,525265
2024-10-01,406.71,406.72,383.91,389.81,390325
2024-10-03,389.70,396.19,386.71,390.65,157180
2024-10-04,390.65,392.60,382.73,389.77,136510
2024-10-07,390.00,391.72,378.24,382.46,145320
2024-10-08,384.95,388.00,378.03,386.75,93220
2024-10-09,388.69,392.04,385.61,390.58,75285
2024-10-10,392.54,394.83,386.00,392.81,103665
2024-10-11,393.20,393.79,387.26,391.25,101265
2024-10-14,393.21,393.21,384.80,386.73,59275
2024-10-15,389.32,405.03,385.21,401.04,234645
2024-10-16,403.00,404.20,396.81,400.75,110785
2024-10-17,401.50,402.58,387.42,397.42,1194930
2024-10-18,400.00,400.13,387.37,392.30,67195
2024-10-21,392.77,393.80,381.80,383.07,90815
2024-10-22,383.06,383.07,360.22,363.34,184950
2024-10-23,363.34,373.18,358.80,370.28,138435
2024-10-24,372.69,373.89,364.04,367.45,81360
2024-10-25,368.20,368.36,355.01,359.83,107620
2024-10-28,361.96,369.20,359.83,368.53,1158570
2024-10-29,370.92,371.05,366.36,369.35,59790
2024-10-30,369.35,378.00,368.15,376.85,94870
2024-10-31,381.00,392.60,379.21,389.65,176570
2024-11-01,392.22,395.98,388.82,389.82,46685
2024-11-04,386.01,395.19,386.01,390.52,209080
2024-11-05,385.20,396.37,385.11,389.57,1202325
2024-11-06,389.23,394.97,387.14,389.27,99210
2024-11-07,391.22,402.00,389.19,400.58,120730
2024-11-08,405.80,405.80,388.76,391.05,99930
2024-11-11,393.01,400.72,377.58,385.92,743155
2024-11-12,386.01,392.99,376.00,379.34,139890
2024-11-13,378.42,383.73,369.83,373.64,127395
2024-11-14,374.73,393.97,374.73,392.12,278195
2024-11-18,392.98,392.98,374.80,383.62,189040
2024-11-19,383.40,391.00,383.39,388.87,91890
2024-11-21,384.00,388.99,381.85,386.51,118215
2024-11-22,382.64,387.78,381.01,383.27,53680
2024-11-25,385.83,392.00,379.04,382.85,426825
2024-11-26,379.80,389.80,377.43,386.38,59720
2024-11-27,384.04,407.20,384.04,397.26,401575
2024-11-28,397.26,407.19,397.26,402.92,137185
2024-11-29,409.40,412.19,396.40,404.99,429700
2024-12-02,405.06,413.86,400.44,411.31,157600
2024-12-03,414.06,416.60,409.21,412.27,353755
2024-12-04,415.00,434.30,411.57,419.65,410330
2024-12-05,422.98,423.00,410.00,411.57,121350
2024-12-06,414.24,414.24,405.96,409.58,118265
2024-12-09,408.00,410.55,404.01,405.47,81615
2024-12-10,408.10,419.80,405.53,415.35,289115
2024-12-11,418.04,419.39,407.10,410.74,157415
2024-12-12,408.02,416.50,402.00,404.64,136170
2024-12-13,404.00,406.49,397.13,402.39,100160
2024-12-16,402.40,413.23,402.39,408.92,124040
2024-12-17,414.00,416.00,396.50,398.15,536315
2024-12-18,396.12,401.70,394.97,397.46,55645
2024-12-19,393.84,398.07,390.82,394.14,82795
2024-12-20,395.40,400.56,379.00,382.27,165560
2024-12-23,379.49,386.40,377.01,379.48,65685
2024-12-24,376.40,382.60,376.40,381.94,40220
2024-12-26,384.43,385.79,378.87,379.93,96780
2024-12-27,379.62,381.34,375.00,379.71,539555
2024-12-30,377.45,381.20,372.41,379.32,105510
2024-12-31,379.32,398.38,376.74,394.25,178975
2025-01-01,396.00,401.10,393.00,395.21,115695
2025-01-02,396.00,405.00,393.00,401.52,78650
2025-01-03,399.00,404.19,394.20,396.33,60650
2025-01-06,397.00,397.00,383.04,390.08,94580
2025-01-07,390.00,395.46,386.77,394.22,41685
2025-01-08,390.64,394.49,386.48,389.90,33835
2025-01-09,391.96,393.00,387.43,390.41,37905
2025-01-10,392.46,392.46,376.00,379.96,59185
2025-01-13,376.78,380.16,367.44,371.16,55945
2025-01-14,371.16,383.00,369.33,373.56,38580
2025-01-15,373.95,386.37,370.96,379.51,53915
2025-01-16,381.50,386.00,379.53,384.43,20410
2025-01-17,384.43,384.43,373.43,375.22,36330
2025-01-20,377.69,377.70,369.99,376.01,43630
2025-01-21,380.00,383.44,370.00,372.45,65170
2025-01-22,371.67,373.02,357.65,360.77,890220
2025-01-23,363.00,363.60,357.84,360.80,111240
2025-01-24,357.04,363.72,355.42,359.25,70965
2025-01-27,359.25,361.14,345.60,352.40,69785
2025-01-28,350.02,357.65,341.01,353.06,296640
2025-01-29,354.92,366.60,351.44,365.40,65615
2025-01-30,367.40,368.99,360.06,365.13,40345
2025-01-31,346.21,370.57,346.21,367.27,76005
2025-02-01,369.80,376.80,358.19,368.41,41785
2025-02-03,367.20,377.00,362.20,371.84,101630
2025-02-04,371.65,390.53,350.04,356.52,1594625
2025-02-05,361.80,366.57,351.40,359.78,485305
2025-02-06,364.00,364.28,355.33,357.35,124420
2025-02-07,357.20,359.99,354.16,358.08,70970
2025-02-10,360.00,360.41,355.20,356.92,75445
2025-02-11,345.00,354.98,345.00,351.40,144240
2025-02-12,353.00,353.00,337.83,340.09,189630
2025-02-13,340.09,341.91,335.54,339.74,140560
2025-02-14,340.10,341.24,330.21,336.53,314190
2025-02-17,329.00,339.00,326.96,335.84,183515
2025-02-18,337.60,337.85,325.61,326.88,59420
2025-02-19,328.48,334.99,325.68,333.32,659470
2025-02-20,333.32,333.32,328.66,330.28,100925
2025-02-21,332.02,335.28,328.76,332.57,48210
2025-02-24,329.00,331.80,322.11,323.78,81625
2025-02-25,325.97,330.99,321.43,326.26,71585
2025-02-27,326.40,328.39,314.25,317.77,105945
2025-02-28,316.82,319.00,309.64,312.26,145550
2025-03-03,312.26,313.90,300.24,308.42,136965
2025-03-04,304.23,310.18,298.64,307.08,223385
2025-03-05,308.70,316.90,305.14,314.97,117785
2025-03-06,317.06,328.02,314.03,326.53,715150
2025-03-07,326.00,328.00,318.00,321.45,482170
2025-03-10,323.59,328.99,318.05,322.92,168625
2025-03-11,318.80,323.20,315.85,322.57,141850
2025-03-12,324.26,325.38,319.00,321.74,578925
2025-03-13,320.01,323.12,316.82,318.20,92610
2025-03-17,320.00,324.40,311.05,321.84,228165
2025-03-18,319.60,331.07,319.27,328.33,141635
2025-03-19,324.99,333.43,324.99,330.09,359545
2025-03-20,332.31,335.39,329.07,333.76,82425
2025-03-21,333.76,334.59,329.92,333.52,115765
2025-03-24,335.00,337.75,330.20,336.03,169060
2025-03-25,337.80,338.27,330.00,333.72,180745
2025-03-26,334.97,334.97,322.50,323.61,98165
2025-03-27,323.60,341.00,320.66,338.12,248765
2025-03-28,335.20,345.80,333.20,336.10,138625
2025-04-01,336.10,340.39,330.00,335.66,56880
2025-04-02,334.00,342.02,332.00,341.37,65540
2025-04-03,341.20,347.40,338.09,339.67,94820
2025-04-04,340.00,347.00,333.18,339.44,64970
2025-04-07,339.43,345.29,326.82,336.40,277295
2025-04-08,338.37,350.59,336.81,347.51,163055
2025-04-09,347.00,349.99,341.69,345.55,292715
2025-04-11,348.98,356.20,348.00,349.62,205745
2025-04-15,349.62,356.48,346.20,349.82,212000
2025-04-16,350.54,356.78,349.84,353.08,98095
2025-04-17,352.20,359.58,350.36,352.54,117635
2025-04-21,352.56,354.40,347.42,348.92,115800
2025-04-22,345.74,359.44,344.88,355.02,118115
2025-04-23,355.20,359.58,350.40,352.92,46875
2025-04-24,352.82,366.00,352.02,361.16,158600
2025-04-25,360.46,362.06,349.62,353.12,94980
2025-04-28,353.02,355.60,347.42,352.32,48770
2025-04-29,350.40,363.02,350.20,360.48,371955
2025-04-30,360.48,367.80,351.80,353.04,110720
2025-05-02,349.84,355.70,344.42,346.74,66835
2025-05-05,348.00,348.22,340.96,344.62,66585
2025-05-06,343.02,345.58,336.80,338.94,62150
2025-05-07,331.00,343.98,331.00,338.30,87995
2025-05-08,338.78,344.52,336.86,342.92,77535
2025-05-09,335.00,346.32,334.46,344.76,45720
2025-05-12,352.00,368.00,340.74,361.44,212855
2025-05-13,364.80,364.80,355.22,361.30,52545
2025-05-14,361.80,367.74,358.94,360.12,156750
2025-05-15,362.02,367.20,358.68,360.18,130265
2025-05-16,360.42,370.00,358.54,365.46,97140
2025-05-19,371.00,378.78,363.60,366.52,1527365
2025-05-20,379.00,394.00,370.00,384.18,1778750
2025-05-21,387.50,403.60,383.80,393.96,1127890
2025-05-22,392.20,397.12,389.26,392.84,211385
2025-05-23,395.60,396.40,389.20,390.58,126790
2025-05-26,393.30,395.94,390.68,393.66,137880
2025-05-27,396.00,396.32,389.04,391.66,80695
2025-05-28,391.00,393.80,388.00,388.78,69385
2025-05-29,388.78,393.80,388.34,390.06,112695
2025-05-30,388.04,391.74,386.00,389.88,153520
2025-06-02,388.02,398.06,388.02,390.48,229740
2025-06-03,390.52,396.78,386.60,389.94,1018215
2025-06-04,390.00,393.08,378.80,380.02,718180
2025-06-05,382.70,383.42,377.00,377.92,102455
2025-06-06,384.00,390.82,379.22,389.32,1204760
2025-06-09,391.60,397.40,385.80,388.34,229095
2025-06-10,388.00,391.68,385.00,388.44,105020
2025-06-11,390.00,398.20,386.46,393.84,228610
2025-06-12,395.84,397.00,385.60,387.48,106665
2025-06-13,384.40,386.26,380.52,382.52,103335
2025-06-16,385.00,386.12,378.20,382.68,67050
2025-06-17,396.78,396.80,383.22,389.62,380650
2025-06-18,400.00,431.18,392.00,410.86,6935900
2025-06-19,410.22,426.00,406.80,413.14,1206205
2025-06-20,417.18,419.80,397.36,400.46,1427665
2025-06-23,400.00,410.00,398.40,408.24,324830
2025-06-24,408.38,409.62,396.40,398.96,442895
2025-06-25,400.16,408.00,398.22,406.88,281480
2025-06-26,411.00,411.58,402.48,404.78,203495
2025-06-27,405.96,413.80,404.00,406.70,355810
2025-06-30,405.62,410.98,401.86,404.64,229540
2025-07-01,407.40,410.48,401.60,403.42,183670
2025-07-02,403.42,404.98,397.18,399.70,210450
2025-07-03,401.78,401.80,394.32,395.94,159290
2025-07-04,395.94,402.98,395.94,399.04,171620
2025-07-07,401.14,401.80,395.98,397.18,162910
2025-07-08,397.22,401.20,394.00,395.80,119180
2025-07-09,397.86,409.80,395.34,407.64,384505
2025-07-10,410.00,411.60,400.80,402.72,153345
2025-07-11,403.80,410.82,402.40,403.82,222035
2025-07-14,405.90,408.76,396.48,402.28,398195
2025-07-15,403.60,410.14,402.28,404.36,158685
2025-07-16,405.00,407.00,400.10,400.94,303840
2025-07-17,401.98,423.20,401.38,420.42,445080
2025-07-18,421.26,423.80,416.04,418.80,405410
2025-07-21,420.02,422.86,415.52,418.68,397075
2025-07-22,420.88,421.36,410.00,410.84,243970
2025-07-23,413.00,419.32,408.00,417.74,267200
2025-07-24,417.74,431.20,417.74,427.62,563530
2025-07-25,429.88,431.48,418.58,420.52,223860
2025-07-28,420.52,429.80,403.62,406.36,155425
2025-07-29,403.60,408.50,400.40,402.50,121530
2025-07-30,404.62,415.98,388.00,410.94,1152655
2025-07-31,405.00,409.00,395.94,405.82,150410
2025-08-01,405.00,422.24,401.70,412.76,398015
2025-08-04,416.00,416.00,404.40,411.34,157655
2025-08-05,411.34,411.34,395.34,396.58,197020
2025-08-06,398.90,401.88,390.00,391.68,186035
2025-08-07,388.14,391.60,385.00,386.34,125800
2025-08-08,386.34,393.92,383.54,387.30,116720
2025-08-11,389.98,391.04,383.80,388.30,133315
2025-08-12,388.32,392.32,385.40,388.28,88985
2025-08-13,386.60,395.00,386.12,389.74,135930
2025-08-14,389.20,394.28,384.98,385.96,162835
2025-08-18,389.00,402.98,389.00,401.94,182205
2025-08-19,406.00,409.80,395.80,403.68,374500
2025-08-20,405.80,405.80,395.32,398.40,291475
2025-08-21,401.00,404.16,397.00,400.56,256200
2025-08-22,400.00,401.38,393.62,399.66,168420
2025-08-25,400.00,403.16,394.40,396.76,147405
2025-08-26,393.00,407.00,390.50,402.52,235170
2025-08-28,405.26,408.24,398.58,406.20,172650
2025-08-29,408.00,409.00,401.00,403.74,142730
2025-09-01,414.00,449.94,413.00,443.56,6339335
2025-09-02,447.52,457.20,444.26,450.70,1076930
2025-09-03,450.70,470.00,443.28,465.68,1281185
2025-09-04,468.14,490.80,462.10,484.76,1782070
2025-09-05,486.00,503.40,480.40,485.38,1401135
2025-09-08,485.80,495.66,475.22,480.02,977320
2025-09-09,482.54,495.20,478.52,494.60,499890
2025-09-10,494.00,499.18,484.38,497.38,480230
2025-09-11,497.02,513.20,487.52,510.38,842690
2025-09-12,507.00,524.60,502.02,507.40,819270
2025-09-15,509.98,523.40,503.22,509.14,645790
2025-09-16,510.00,525.00,508.48,524.26,683490
2025-09-17,524.50,525.00,513.04,515.64,398430
2025-09-18,521.90,529.70,515.50,520.90,375515
2025-09-19,515.90,530.90,497.80,515.90,1391566
2025-09-22,517.00,517.00,491.90,497.60,520890
2025-09-23,496.30,501.30,471.20,473.80,428510
2025-09-24,473.40,489.00,462.00,485.70,458218
2025-09-25,486.90,487.20,470.60,474.20,165971
2025-09-26,474.00,485.00,465.50,482.30,372367
2025-09-29,482.80,498.50,470.10,486.50,364292
2025-09-30,483.90,483.90,453.30,457.20,459667
2025-10-01,458.35,469.40,457.80,459.85,175196
2025-10-03,459.85,466.90,455.20,464.45,120454
2025-10-06,454.00,462.15,450.00,452.30,204451
2025-10-07,455.00,457.80,448.85,450.30,139697
2025-10-08,448.40,461.90,445.55,459.00,241259
2025-10-09,462.50,464.60,450.80,453.50,161068
2025-10-10,456.70,463.50,449.25,456.00,205575
2025-10-13,456.90,468.95,454.60,456.05,358510
2025-10-14,458.40,461.80,444.25,447.95,223159
2025-10-15,451.00,465.75,444.90,464.40,255692
2025-10-16,470.00,479.70,461.30,470.20,480331
2025-10-17,472.20,474.40,458.40,460.90,213813
2025-10-20,464.20,494.00,460.30,469.30,738491
2025-10-21,473.55,494.00,472.50,488.70,162862
2025-10-23,491.00,502.35,480.15,491.00,839943
2025-10-24,493.20,493.60,475.70,484.90,285864
2025-10-27,484.90,491.40,481.00,489.45,183809
2025-10-28,491.70,497.90,484.35,493.90,233288
2025-10-29,496.90,498.00,487.10,493.45,185371
2025-10-30,495.55,495.55,485.60,487.80,160925
2025-10-31,492.70,492.70,474.00,476.60,156540
2025-11-03,475.00,492.15,475.00,479.80,197683
2025-11-04,478.00,481.10,456.95,463.00,213260
2025-11-06,456.15,458.35,437.15,443.80,432504
2025-11-07,445.00,452.50,436.75,450.35,176149
2025-11-10,452.40,462.50,446.70,461.60,178841
2025-11-11,461.55,462.95,452.00,458.55,89848
2025-11-12,459.80,464.05,453.15,460.95,187422
2025-11-13,460.00,466.00,455.80,457.35,135002
2025-11-14,459.00,460.00,452.60,454.35,114995
2025-11-17,456.60,457.65,446.00,456.10,198008
2025-11-18,456.10,458.20,446.10,452.00,107935
2025-11-19,452.45,458.65,448.15,455.70,117168
2025-11-20,457.05,458.00,451.50,456.15,192598
2025-11-21,458.75,458.80,438.75,441.20,138638
2025-11-24,444.00,453.00,434.00,448.55,159578
2025-11-25,445.00,446.05,432.40,441.70,155936
2025-11-26,440.00,444.70,434.40,436.40,109663
2025-11-27,439.00,439.35,432.00,433.40,78696
2025-11-28,436.00,436.05,427.05,430.45,95655
2025-12-01,434.60,434.60,424.20,431.80,181213
2025-12-02,430.00,432.80,424.20,425.55,84541
2025-12-03,426.20,426.55,414.15,419.70,185355
2025-12-04,419.00,422.60,414.00,416.10,106626
2025-12-05,416.10,416.55,408.00,409.80,128999
2025-12-08,409.80,414.90,404.00,412.40,229564
2025-12-09,411.05,426.50,406.35,423.85,118670
2025-12-10,425.90,432.25,421.60,424.70,127658
2025-12-11,423.85,429.30,416.30,424.75,78716
2025-12-12,426.95,429.50,422.10,426.40,90536
2025-12-15,428.20,428.95,420.40,427.00,74969
2025-12-16,428.50,428.50,421.05,425.10,71767
2025-12-17,428.00,429.40,422.00,426.80,79447
2025-12-18,424.65,427.30,419.10,425.35,77837
2025-12-19,428.20,430.95,421.00,426.10,86511
2025-12-22,426.10,434.45,422.70,430.85,80561
2025-12-23,432.55,432.55,421.70,428.45,111954
2025-12-24,430.30,435.25,425.00,426.40,70289
2025-12-26,428.25,428.25,421.90,424.40,77760
2025-12-29,424.00,428.80,420.95,424.35,84047
2025-12-30,424.35,428.60,421.35,424.00,62243
2025-12-31,432.00,482.40,428.00,454.60,8536641
2026-01-01,457.90,483.40,455.40,464.25,1853302
2026-01-02,465.50,475.25,453.50,471.50,566201
2026-01-05,470.00,485.35,466.10,482.70,385349
2026-01-06,482.70,486.00,471.25,478.40,171702
2026-01-07,478.00,486.80,465.45,473.80,235543
2026-01-08,469.00,471.00,447.60,454.50,195297
2026-01-09,454.45,454.45,441.00,444.85,137251
2026-01-12,444.85,444.85,430.50,441.30,169140
2026-01-13,442.95,446.25,436.70,441.55,86593
2026-01-14,439.00,445.00,432.65,443.80,105709
2026-01-16,446.00,448.70,433.30,439.70,127170
2026-01-19,439.70,440.00,420.00,425.25,216032
2026-01-20,425.20,426.85,413.55,416.70,194843
2026-01-21,418.80,429.70,410.15,425.40,157978
2026-01-22,425.70,435.00,425.40,431.70,103170
2026-01-23,431.95,432.40,416.80,418.55,73242
2026-01-27,418.00,431.00,413.05,420.30,183478
2026-01-28,421.20,426.85,416.30,423.35,110500
2026-01-29,423.35,433.50,417.95,431.20,131491
2026-01-30,420.50,451.90,420.40,448.30,162338
2026-02-01,451.90,451.90,436.85,440.20,45667
2026-02-02,440.20,442.05,422.55,435.10,106399
2026-02-03,442.80,447.00,414.20,418.90,1075805
2026-02-04,420.00,421.40,399.30,401.25,371625
2026-02-05,400.00,402.00,390.45,392.45,208097
2026-02-06,392.45,395.05,386.00,388.60,153091
2026-02-09,388.60,409.00,386.60,407.15,369553
2026-02-10,411.90,418.05,407.20,416.70,160190
2026-02-11,416.65,418.75,410.15,413.95,88389
2026-02-12,416.45,416.45,404.00,406.55,101783
2026-02-13,406.55,410.00,396.80,407.30,88266
2026-02-16,407.30,407.30,397.20,400.80,82373
2026-02-17,402.00,407.05,399.25,405.60,76389
2026-02-18,405.00,407.75,400.15,401.75,79461
2026-02-19,402.75,404.60,397.20,400.30,84428
2026-02-20,400.30,401.35,394.05,399.25,80027
2026-02-23,400.05,410.95,399.40,406.65,92099
2026-02-24,406.65,406.65,395.00,399.00,69035
2026-02-25,401.80,402.45,390.00,393.70,87399
2026-02-26,393.95,396.50,382.35,384.85,162847
2026-02-27,386.70,389.10,378.10,384.90,257971
2026-03-02,367.60,384.15,367.55,378.95,172585
2026-03-04,378.40,382.50,371.30,377.10,131836
2026-03-05,379.25,385.90,375.10,383.00,77580
2026-03-06,381.00,386.60,380.00,381.20,67849
2026-03-09,374.00,376.00,367.95,373.50,134200
2026-03-10,376.50,381.45,374.25,378.65,65082
2026-03-11,378.65,389.80,378.65,384.30,69641
2026-03-12,388.60,390.65,376.90,388.90,63154
2026-03-13,387.00,450.65,383.40,404.25,48286539
2026-03-16,418.00,439.45,405.00,425.70,24721330
2026-03-17,425.80,439.80,412.00,422.00,2465422
2026-03-18,420.00,434.90,420.00,429.35,1061178
2026-03-19,420.00,430.00,411.00,414.50,459435
2026-03-20,414.50,429.00,412.15,424.65,620030
2026-03-23,415.00,418.45,404.25,414.45,272662
2026-03-24,421.00,444.00,417.25,440.55,731568
2026-03-25,440.00,470.00,428.80,457.95,501735
2026-03-27,451.00,462.00,433.85,446.10,1227688
2026-03-30,442.10,442.15,423.00,426.35,334233
2026-04-01,445.00,445.00,431.10,435.75,194848
2026-04-02,430.00,449.00,420.30,443.05,312212
2026-04-06,447.55,527.65,447.25,509.35,28657788
2026-04-07,502.00,513.60,490.00,496.60,3149468
2026-04-08,504.00,507.15,472.00,481.90,2169903
2026-04-09,481.90,493.80,478.30,489.50,679380
2026-04-10,489.50,497.25,483.05,489.75,385399
2026-04-13,489.00,552.40,489.00,517.80,29097398
2026-04-15,518.95,524.25,505.15,509.65,1612132
2026-04-16,509.00,514.45,497.15,502.30,744608
2026-04-17,502.50,522.00,493.20,499.25,900650
2026-04-20,503.85,503.85,491.00,499.45,390666
2026-04-21,502.85,534.35,500.50,506.70,3954559
2026-04-22,511.30,513.45,501.70,503.25,402359
2026-04-23,503.25,514.90,496.55,498.85,524513
2026-04-24,499.00,504.20,481.20,490.85,429201
2026-04-27,481.00,496.45,477.10,492.75,584936
2026-04-28,492.75,495.00,483.55,489.50,266502
2026-04-29,491.90,502.00,486.30,500.45,378616
2026-04-30,502.85,516.00,492.80,508.55,694003
2026-05-04,515.00,516.00,506.55,509.50,416518
2026-05-05,509.50,513.40,500.10,503.80,264530
2026-05-06,503.15,511.95,501.55,508.05,300820
2026-05-07,514.00,520.00,501.40,503.75,293968
2026-05-08,504.25,523.05,501.55,517.50,464842
2026-05-11,520.50,528.00,508.60,512.05,591676
2026-05-12,516.45,542.00,501.10,506.65,2241909
2026-05-13,507.00,517.95,506.50,515.35,298980
2026-05-14,520.70,523.60,502.20,507.60,324988
2026-05-15,507.00,516.95,495.30,502.15,297132
2026-05-18,502.30,504.10,484.95,495.65,870456
2026-05-19,495.60,513.25,483.10,509.10,649868
2026-05-20,510.00,522.80,502.30,512.55,587114
2026-05-21,511.05,512.90,491.05,493.70,470484
2026-05-22,499.10,499.10,487.20,490.40,237056
2026-05-25,496.00,498.20,484.55,486.25,220734
2026-05-26,485.05,494.85,480.00,481.05,295520
2026-05-27,485.40,487.90,480.00,481.45,205276
2026-05-29,481.45,512.00,480.30,507.05,880332
2026-06-01,507.00,511.40,490.55,494.40,236247
2026-06-02,496.00,511.65,492.50,497.80,303991
2026-06-03,498.95,505.80,489.40,502.65,186246
2026-06-04,502.65,509.95,499.75,501.45,151209
2026-06-05,502.45,511.00,492.60,504.60,245293
2026-06-08,503.00,529.90,495.80,523.50,1320715
2026-06-09,531.00,535.45,506.30,509.25,765584
2026-06-10,509.65,514.80,495.10,496.75,256883
2026-06-11,490.10,506.00,486.05,500.35,205829
2026-06-12,505.00,508.15,500.25,506.00,139828
2026-06-15,510.00,516.20,496.50,499.35,201604
2026-06-16,499.80,512.50,496.55,510.50,256806
2026-06-17,510.15,512.70,502.50,506.20,151827
2026-06-18,506.20,514.15,503.15,504.65,171454
2026-06-19,508.30,515.00,503.30,512.35,189453
2026-06-22,515.00,541.00,507.10,536.55,1366307
2026-06-23,540.10,545.00,526.05,530.20,772171
2026-06-24,531.15,539.95,518.75,525.55,424757
2026-06-25,532.90,533.00,502.85,518.10,513570
2026-06-29,522.00,577.50,518.15,569.45,15733500
2026-06-30,567.90,580.00,558.90,575.40,2239650
2026-07-01,570.00,573.90,555.15,568.50,758138
2026-07-02,568.50,598.50,560.85,594.45,2140096
2026-07-03,598.40,599.90,586.10,598.30,707862
2026-07-06,599.90,606.95,576.30,582.75,1012469
2026-07-07,583.45,595.00,573.65,575.85,405461
2026-07-08,575.85,587.00,553.00,559.90,802684
2026-07-09,560.00,574.70,559.00,571.50,398231
2026-07-10,576.40,600.00,573.40,592.45,557390
2026-07-13,590.00,600.95,582.80,592.65,395161
2026-07-14,592.00,592.00,574.75,575.90,178704
2026-07-15,578.00,587.00,573.25,576.05,126185
2026-07-16,576.65,608.00,575.05,601.90,702112
2026-07-17,600.70,605.00,583.85,586.45,264572
2026-07-20,595.00,611.85,589.45,602.50,1117244
2026-07-21,605.45,609.50,590.80,592.25,171822
2026-07-22,590.00,592.25,565.80,571.80,229506
2026-07-23,567.25,570.70,548.20,550.90,301048
2026-07-24,554.00,567.95,544.05,563.05,212435
2026-07-27,568.65,573.85,549.50,559.35,183505
2026-07-28,558.00,563.75,547.45,549.45,127145
2026-07-29,552.75,583.50,550.00,579.45,548547
2026-07-30,573.15,578.00,563.00,566.00,136110
2026-07-31,571.40,581.20,557.05,577.55,460725
2026-08-03,570.00,578.45,557.00,559.85,540492
2026-08-04,564.50,564.50,530.60,550.20,1482668
2026-08-05,559.35,563.00,525.10,530.40,836105
2026-08-06,530.40,534.40,526.55,531.50,247611
2026-08-07,534.00,535.45,523.00,533.85,227185
2026-08-10,528.10,528.10,513.45,516.10,586658
2026-08-11,514.00,516.10,503.05,506.10,256830
2026-08-12,507.95,512.00,501.95,507.55,217895
2026-08-13,507.00,510.30,503.05,505.45,117427
2026-08-14,505.95,513.00,504.00,510.30,116874
2026-08-17,510.95,514.00,502.35,510.15,120525
2026-08-18,507.60,509.95,492.10,496.65,201281
2026-08-19,497.00,500.40,491.35,492.70,86155
2026-08-20,493.00,505.70,493.00,501.30,141793
2026-08-21,501.30,504.30,490.05,490.80,107598
2026-08-24,490.80,515.00,490.00,511.10,506126
2026-08-25,515.05,529.75,514.00,525.45,662683
2026-08-26,530.00,535.90,524.40,529.20,231187
2026-08-27,529.20,537.70,528.95,535.20,208254
2026-08-28,535.20,541.55,525.10,526.55,171032
2026-08-31,530.00,535.00,518.15,530.40,402088
2026-09-01,530.40,531.00,521.55,528.80,128038
2026-09-02,525.00,539.10,523.80,534.60,179000
2026-09-03,538.00,541.40,531.10,538.20,135712
2026-09-04,536.95,546.60,527.15,531.70,209449
2026-09-07,537.30,581.00,536.65,555.35,7627303
2026-09-08,555.35,562.95,554.70,558.15,321731
2026-09-09,558.25,561.35,551.40,554.20,195180
2026-09-10,554.95,571.65,554.95,566.30,368281
2026-09-11,567.85,570.00,545.30,552.00,210690
2026-09-15,549.35,558.45,544.35,549.95,260004
2026-09-16,547.25,559.00,535.75,551.80,164461
2026-09-17,551.80,552.15,544.55,546.15,147021
2026-09-18,548.00,552.90,512.00,522.25,723768
