Date,Open,High,Low,Close,Volume
2001-12-31,10.80,10.80,10.30,10.65,16500
2002-01-01,11.15,11.20,10.50,10.60,9751
2002-01-02,10.55,10.70,10.30,10.70,7885
2002-01-03,10.60,10.75,10.50,10.60,17195
2002-01-04,10.55,10.70,10.35,10.40,26940
2002-01-07,10.90,10.90,10.40,10.50,8565
2002-01-08,10.30,10.55,10.30,10.55,18860
2002-01-09,10.85,10.90,10.45,10.50,10340
2002-01-10,10.45,10.60,10.25,10.30,22193
2002-01-11,10.40,10.45,10.20,10.20,27164
2002-01-14,10.30,10.40,10.15,10.35,33040
2002-01-15,10.35,10.35,10.15,10.25,32200
2002-01-16,10.50,10.50,10.15,10.20,11962
2002-01-17,10.30,10.45,10.15,10.20,10512
2002-01-18,10.20,10.45,10.00,10.40,25861
2002-01-21,10.30,10.50,10.25,10.40,6550
2002-01-22,10.50,10.70,10.25,10.35,16670
2002-01-23,10.50,10.70,10.40,10.65,12200
2002-01-24,10.75,10.90,10.45,10.60,15550
2002-01-25,10.40,10.50,10.25,10.45,20053
2002-01-28,10.40,10.60,10.35,10.40,17125
2002-01-29,10.55,10.55,10.35,10.45,24603
2002-01-30,10.50,10.50,10.30,10.35,19200
2002-01-31,10.50,10.50,10.30,10.45,7700
2002-02-01,10.70,10.70,10.45,10.60,18303
2002-02-04,10.65,11.20,10.60,11.05,69963
2002-02-05,11.05,11.65,11.05,11.25,40940
2002-02-06,11.30,12.60,11.15,12.40,111613
2002-02-07,12.80,12.90,12.10,12.25,49235
2002-02-08,12.50,12.70,12.15,12.35,48916
2002-02-11,13.00,13.35,12.50,13.00,70276
2002-02-12,13.05,13.35,12.50,12.60,85824
2002-02-13,12.80,12.85,12.50,12.65,23541
2002-02-14,12.90,12.95,12.60,12.90,35125
2002-02-15,12.95,14.50,12.85,14.20,262083
2002-02-18,14.60,17.00,14.60,16.40,402474
2002-02-19,17.50,17.50,15.05,15.15,238983
2002-02-20,14.60,15.10,14.25,14.55,97843
2002-02-21,15.20,15.20,14.55,14.75,75834
2002-02-22,14.60,16.85,14.50,15.90,193602
2002-02-25,16.25,16.90,15.55,16.35,186154
2002-02-26,15.85,17.35,15.80,16.85,268499
2002-02-27,17.00,17.10,16.00,16.30,201013
2002-02-28,16.15,17.35,14.05,14.25,248960
2002-03-01,14.05,15.40,14.05,15.10,82146
2002-03-04,15.90,15.90,14.80,15.05,47706
2002-03-05,14.50,15.20,14.50,14.85,32680
2002-03-06,15.25,17.00,15.00,16.70,222788
2002-03-07,17.00,17.95,16.80,17.05,307795
2002-03-08,17.10,17.25,16.00,16.10,124319
2002-03-11,16.50,17.20,15.75,15.95,68869
2002-03-12,15.55,15.90,15.30,15.40,38993
2002-03-13,15.80,15.85,15.30,15.50,49319
2002-03-14,15.90,16.15,15.30,15.40,52130
2002-03-15,15.70,17.00,15.70,16.70,155442
2002-03-18,17.20,17.20,16.30,16.50,83505
2002-03-19,17.00,17.00,16.35,16.85,110020
2002-03-20,16.90,16.90,16.30,16.45,66079
2002-03-21,16.90,16.95,16.30,16.45,51322
2002-03-22,16.30,16.70,16.10,16.40,40198
2002-03-26,16.00,17.25,15.55,16.75,1406431
2002-03-27,18.00,18.00,16.95,17.30,1148202
2002-03-28,17.75,17.80,16.45,16.70,1608273
2002-04-01,17.00,17.00,16.35,16.75,49960
2002-04-02,16.75,16.90,16.30,16.45,32679
2002-04-03,16.45,16.55,15.40,15.50,73113
2002-04-04,15.80,15.90,15.40,15.55,55155
2002-04-05,15.90,15.90,15.30,15.50,47442
2002-04-08,15.35,15.90,15.35,15.60,33289
2002-04-09,16.00,16.00,15.45,15.50,35142
2002-04-10,15.50,15.65,15.20,15.40,37087
2002-04-11,15.70,15.90,15.40,15.70,57222
2002-04-12,15.70,16.25,15.65,15.95,63925
2002-04-15,15.65,16.55,15.65,16.00,39597
2002-04-16,15.80,16.20,15.80,16.00,40748
2002-04-17,16.25,16.70,15.90,16.35,61170
2002-04-18,16.50,16.50,16.00,16.40,29237
2002-04-19,16.70,16.70,15.90,16.10,46630
2002-04-22,15.80,16.65,15.75,16.40,43174
2002-04-23,16.30,16.50,16.00,16.25,57375
2002-04-24,16.05,16.50,16.00,16.20,45284
2002-04-25,16.10,16.40,15.95,16.05,32002
2002-04-26,16.10,16.10,15.80,15.85,13150
2002-04-29,16.50,16.50,15.80,15.95,12600
2002-04-30,16.00,16.20,15.50,16.05,63374
2002-05-02,16.25,16.60,15.90,16.00,56720
2002-05-03,15.90,17.45,15.75,17.15,197441
2002-05-06,17.60,18.25,16.80,17.25,213957
2002-05-07,17.50,17.90,17.10,17.65,114905
2002-05-08,18.50,18.50,17.50,17.55,89197
2002-05-09,17.85,17.95,17.05,17.20,53891
2002-05-10,17.10,17.30,16.55,16.65,38746
2002-05-13,17.10,17.20,16.55,16.60,28147
2002-05-14,16.40,16.85,16.40,16.50,27335
2002-05-15,16.50,16.80,16.15,16.20,34550
2002-05-16,16.10,16.45,15.65,15.75,34275
2002-05-17,15.70,16.00,15.40,15.55,40941
2002-05-20,15.50,15.50,13.55,13.70,126306
2002-05-21,13.60,13.80,12.80,12.95,78229
2002-05-22,12.60,13.60,12.60,13.40,76126
2002-05-23,13.50,14.20,13.50,14.00,29033
2002-05-24,14.30,14.90,14.05,14.80,40754
2002-05-27,14.95,15.00,14.25,14.95,40665
2002-05-28,14.85,14.85,14.10,14.15,35818
2002-05-29,14.75,14.75,14.25,14.50,26545
2002-05-30,14.40,14.90,14.15,14.35,27138
2002-05-31,14.90,14.90,14.00,14.25,35131
2002-06-03,14.25,15.00,14.25,14.70,45013
2002-06-04,14.90,15.60,14.65,15.40,44739
2002-06-05,15.50,16.30,15.50,15.90,67984
2002-06-06,16.00,16.30,15.50,15.70,52107
2002-06-07,15.05,15.60,15.05,15.20,30724
2002-06-10,15.70,17.10,15.70,16.90,179440
2002-06-11,17.65,17.70,17.00,17.15,134690
2002-06-12,17.25,17.75,17.05,17.25,149388
2002-06-13,17.80,17.80,16.55,16.85,52772
2002-06-14,16.95,17.30,16.70,16.85,31551
2002-06-17,17.40,17.55,17.00,17.30,65613
2002-06-18,17.50,17.80,17.20,17.30,69233
2002-06-19,17.70,17.70,16.75,17.20,126902
2002-06-20,16.85,17.25,16.85,17.20,27735
2002-06-21,17.40,17.75,17.15,17.45,63147
2002-06-24,18.00,19.90,17.55,19.05,279111
2002-06-25,19.50,19.80,18.25,18.45,111252
2002-06-26,18.40,18.75,17.40,17.55,63515
2002-06-27,17.05,18.00,17.05,17.65,39570
2002-06-28,18.40,18.40,17.85,18.00,86024
2002-07-01,18.50,18.90,18.30,18.60,84409
2002-07-02,18.60,19.00,18.50,18.65,34616
2002-07-03,18.65,19.00,17.65,17.95,89445
2002-07-04,18.25,18.35,17.90,18.00,58765
2002-07-05,17.85,18.20,17.65,18.10,30847
2002-07-08,18.25,18.85,18.25,18.55,60407
2002-07-09,18.60,18.85,18.30,18.55,50930
2002-07-10,18.90,18.90,18.20,18.25,42355
2002-07-11,18.00,18.40,17.90,18.00,26325
2002-07-12,18.00,18.00,17.50,17.65,32957
2002-07-15,17.35,17.80,17.05,17.15,34568
2002-07-16,17.00,17.55,17.00,17.30,31833
2002-07-17,17.40,17.40,17.00,17.05,22651
2002-07-18,17.20,17.25,16.80,16.85,11050
2002-07-19,16.80,17.15,16.70,17.00,11950
2002-07-22,16.40,16.75,16.15,16.30,31590
2002-07-23,16.20,16.45,16.00,16.15,39520
2002-07-24,15.80,16.25,15.80,16.00,24985
2002-07-25,16.60,16.60,16.10,16.35,24071
2002-07-26,16.40,16.40,15.80,15.85,64231
2002-07-29,15.85,15.90,15.50,15.80,52025
2002-07-30,17.00,17.00,15.70,16.00,31304
2002-07-31,15.95,16.50,15.60,15.90,27554
2002-08-01,16.50,16.50,16.00,16.10,23971
2002-08-02,16.00,16.20,15.90,16.00,33639
2002-08-05,16.20,16.45,16.15,16.40,41042
2002-08-06,16.60,16.60,16.25,16.35,8592
2002-08-07,16.75,16.75,16.40,16.45,24862
2002-08-08,16.45,16.65,16.05,16.10,24957
2002-08-09,16.20,16.20,15.85,15.95,8215
2002-08-12,15.80,16.30,15.80,16.15,16159
2002-08-13,15.80,16.10,15.60,16.00,7750
2002-08-14,16.05,16.25,16.00,16.20,15137
2002-08-16,16.15,16.45,16.15,16.30,15068
2002-08-19,16.25,16.40,16.20,16.30,6417
2002-08-20,16.40,16.50,16.00,16.25,43801
2002-08-21,16.30,16.75,16.10,16.15,25113
2002-08-22,16.65,16.65,15.85,15.95,20192
2002-08-23,16.00,16.20,15.55,16.00,47754
2002-08-26,16.00,16.30,16.00,16.10,10811
2002-08-27,16.25,16.25,15.90,15.90,23259
2002-08-28,16.25,16.80,16.10,16.15,19546
2002-08-29,16.35,16.35,16.00,16.05,17870
2002-08-30,15.95,16.00,15.85,15.90,27692
2002-09-02,16.00,16.25,15.95,16.05,19826
2002-09-03,16.00,16.15,16.00,16.05,10655
2002-09-04,16.00,16.05,15.90,15.95,11565
2002-09-05,16.00,16.15,16.00,16.05,12808
2002-09-06,16.10,16.15,15.90,16.00,16233
2002-09-09,16.00,16.20,16.00,16.10,24243
2002-09-11,16.10,16.40,16.10,16.35,22785
2002-09-12,19.60,19.60,16.60,17.95,102613
2002-09-13,17.80,18.10,17.50,17.60,42666
2002-09-16,17.50,17.80,17.35,17.55,37459
2002-09-17,17.65,17.80,17.50,17.65,32100
2002-09-18,16.70,17.00,16.25,16.45,57165
2002-09-19,16.30,16.40,15.70,15.80,30765
2002-09-20,15.80,15.95,15.40,15.50,20550
2002-09-23,15.95,15.95,14.65,15.00,44035
2002-09-24,15.10,15.35,14.75,15.00,45495
2002-09-25,14.90,15.00,14.80,15.00,4909
2002-09-26,14.95,15.10,14.25,14.35,51288
2002-09-27,14.30,14.85,14.30,14.75,15154
2002-09-30,14.90,15.25,14.80,14.85,8832
2002-10-01,14.85,14.90,14.55,14.75,8483
2002-10-03,14.95,14.95,13.55,14.00,26195
2002-10-04,14.10,14.55,14.00,14.35,16328
2002-10-07,14.35,14.65,14.35,14.60,13419
2002-10-08,14.60,14.80,14.45,14.50,21754
2002-10-09,14.40,14.85,14.40,14.55,15249
2002-10-10,14.55,14.80,14.25,14.70,14913
2002-10-11,14.50,14.80,14.00,14.20,19890
2002-10-14,14.45,14.50,13.90,14.00,15970
2002-10-16,14.00,14.20,13.85,13.90,25936
2002-10-17,13.95,14.00,13.75,13.90,9740
2002-10-18,14.00,14.00,13.85,13.90,8755
2002-10-21,14.00,14.00,13.85,13.90,6125
2002-10-22,14.00,14.00,13.50,13.60,33870
2002-10-23,13.50,13.75,13.50,13.70,14554
2002-10-24,13.85,13.85,13.60,13.65,11851
2002-10-25,13.55,13.75,13.50,13.60,13630
2002-10-28,13.50,13.95,13.40,13.70,9581
2002-10-29,13.80,13.95,13.70,13.90,7002
2002-10-30,14.00,14.00,13.75,13.90,14573
2002-10-31,14.10,14.20,13.85,14.00,24445
2002-11-01,12.75,14.45,12.75,14.30,34830
2002-11-04,14.40,14.55,14.25,14.45,12301
2002-11-05,14.70,14.75,14.30,14.65,22707
2002-11-07,14.70,15.15,14.25,14.25,26133
2002-11-08,14.00,14.70,14.00,14.35,10837
2002-11-11,14.50,14.75,14.35,14.40,10241
2002-11-12,14.35,14.60,14.20,14.45,10750
2002-11-13,14.30,14.45,14.15,14.15,5901
2002-11-14,14.35,14.45,14.30,14.35,6550
2002-11-15,14.20,14.30,13.90,14.00,34474
2002-11-18,14.05,14.35,14.05,14.25,7890
2002-11-20,14.70,14.70,14.20,14.50,15486
2002-11-21,14.50,14.65,14.30,14.35,9230
2002-11-22,14.60,14.75,14.45,14.65,11754
2002-11-25,14.75,15.30,14.75,15.05,23561
2002-11-26,15.25,15.50,15.20,15.35,13934
2002-11-27,15.15,15.80,15.15,15.40,22770
2002-11-28,15.40,15.80,15.40,15.60,20670
2002-11-29,15.90,15.95,15.30,15.50,40610
2003-01-01,15.55,15.80,15.50,15.50,88375
2003-01-02,15.75,15.80,15.50,15.60,62300
2003-01-03,15.55,15.60,15.40,15.50,38920
2003-01-06,15.45,15.65,15.25,15.35,17550
2003-01-07,15.50,15.50,15.10,15.15,25400
2003-01-08,15.35,15.50,15.20,15.40,32413
2003-01-09,15.30,15.60,15.25,15.35,75721
2003-01-10,15.50,15.95,15.40,15.55,74187
2003-01-13,15.90,15.90,15.35,15.50,70531
2003-01-14,15.70,16.70,15.65,16.25,173312
2003-01-15,16.90,17.10,16.50,16.75,149671
2003-01-16,17.10,17.50,16.75,17.25,239757
2003-01-17,17.60,17.70,17.15,17.30,98608
2003-01-20,17.10,17.95,17.00,17.70,117657
2003-01-21,17.70,18.60,17.70,18.35,194366
2003-01-22,18.90,18.90,18.00,18.10,150550
2003-01-23,18.00,18.30,17.25,17.45,111642
2003-01-24,17.55,17.60,16.25,16.55,99713
2003-01-27,16.50,16.50,15.50,15.60,89186
2003-01-28,15.70,15.95,15.30,15.70,94575
2003-01-29,15.70,16.50,15.65,16.10,102950
2003-01-30,16.60,16.60,15.50,15.80,83850
2003-01-31,15.85,15.85,15.25,15.35,160340
2003-02-03,15.70,16.35,15.70,16.10,57131
2003-02-04,16.05,16.60,16.05,16.40,68308
2003-02-05,16.45,16.70,16.15,16.25,35852
2003-02-06,16.20,16.35,16.00,16.25,36961
2003-02-07,16.05,16.15,15.85,16.05,48783
2003-02-10,16.40,16.40,15.90,16.20,57225
2003-02-11,16.15,16.30,16.15,16.20,41351
2003-02-12,16.45,16.45,15.85,16.00,68420
2003-02-14,15.75,16.10,15.70,15.95,103385
2003-02-17,14.00,16.25,14.00,16.10,83482
2003-02-18,16.30,16.50,16.20,16.25,26310
2003-02-19,16.00,16.50,16.00,16.30,29050
2003-02-20,16.85,17.40,16.50,16.75,95714
2003-02-21,13.40,16.85,13.40,16.70,32352
2003-02-24,17.35,17.35,16.80,16.90,40520
2003-02-25,16.65,17.00,16.65,16.90,90018
2003-02-26,16.85,17.00,16.65,16.70,24955
2003-02-27,16.85,16.90,16.60,16.85,30620
2003-02-28,16.85,17.25,16.50,17.05,106328
2003-03-03,17.30,17.60,17.15,17.30,63488
2003-03-04,17.15,17.30,16.70,16.75,27845
2003-03-05,16.60,16.70,16.40,16.65,25940
2003-03-06,16.60,16.80,16.50,16.55,25575
2003-03-07,16.30,16.40,16.10,16.15,55066
2003-03-10,16.20,16.40,15.80,15.90,38635
2003-03-11,15.65,15.95,15.40,15.90,27745
2003-03-12,15.95,16.20,15.70,16.00,103519
2003-03-13,16.20,16.20,15.80,16.05,35215
2003-03-17,15.70,16.35,15.70,16.20,41475
2003-03-19,16.65,17.00,16.05,16.20,42705
2003-03-20,16.25,16.55,15.90,16.40,39840
2003-03-21,16.15,16.55,16.05,16.40,31623
2003-03-24,16.40,16.40,15.95,16.00,26880
2003-03-25,15.90,16.10,15.80,16.00,23136
2003-03-26,15.95,16.20,15.90,16.00,44898
2003-03-27,15.95,16.10,15.90,15.90,28041
2003-03-28,16.70,16.70,15.85,15.90,44437
2003-03-31,16.05,16.05,15.65,15.70,21650
2003-04-01,15.50,15.95,15.50,15.85,16151
2003-04-02,15.85,16.55,15.85,16.40,49018
2003-04-03,16.40,16.80,16.25,16.65,22324
2003-04-04,17.20,17.35,16.70,17.15,31625
2003-04-07,17.15,18.15,17.10,17.95,119313
2003-04-08,18.50,19.25,18.15,19.00,425248
2003-04-09,18.95,19.55,18.25,18.35,199972
2003-04-10,18.60,18.60,18.00,18.05,112947
2003-04-11,18.35,18.65,18.05,18.15,97649
2003-04-15,18.40,18.50,18.05,18.35,45004
2003-04-16,18.70,18.75,18.10,18.15,42740
2003-04-17,18.15,18.35,17.90,18.15,70533
2003-04-21,18.05,18.30,18.00,18.20,32212
2003-04-22,18.20,18.25,18.00,18.15,28181
2003-04-23,18.00,18.20,17.90,18.05,54753
2003-04-24,17.90,18.00,17.60,17.70,45870
2003-04-25,17.40,17.90,17.40,17.80,25551
2003-04-28,17.90,18.15,17.75,18.00,30022
2003-04-29,18.10,18.25,17.80,17.85,26977
2003-04-30,17.75,18.15,17.75,18.10,50185
2003-05-02,18.30,18.45,18.10,18.35,69413
2003-05-05,18.75,19.55,18.65,19.45,170578
2003-05-06,19.80,20.40,19.50,19.65,202164
2003-05-07,19.80,20.00,19.40,19.90,116091
2003-05-08,19.95,19.95,19.60,19.70,90169
2003-05-09,19.30,20.00,19.30,19.65,123436
2003-05-12,18.00,18.95,18.00,18.10,236972
2003-05-13,18.30,18.45,18.00,18.05,147713
2003-05-14,18.40,18.80,18.10,18.40,147520
2003-05-15,18.45,19.35,18.40,18.90,179261
2003-05-16,19.00,19.30,18.50,18.65,121832
2003-05-19,18.00,18.60,18.00,18.15,62068
2003-05-20,16.25,18.65,16.25,18.55,101977
2003-05-21,18.05,18.90,18.05,18.50,87371
2003-05-22,18.55,18.90,18.30,18.45,71401
2003-05-23,18.55,18.90,18.45,18.70,82263
2003-05-26,18.75,19.95,18.75,19.80,166321
2003-05-27,20.25,21.00,20.05,20.25,580991
2003-05-28,21.00,21.00,19.80,20.55,180006
2003-05-29,21.00,23.45,20.65,22.20,802448
2003-05-30,22.50,22.90,21.15,21.50,345084
2003-06-02,19.00,21.00,19.00,19.85,239554
2003-06-03,19.80,20.75,19.80,20.30,100398
2003-06-04,20.60,21.00,20.15,20.90,111775
2003-06-05,20.65,21.30,20.05,20.20,134878
2003-06-06,20.40,20.45,19.65,19.85,59875
2003-06-09,20.40,20.40,19.65,19.80,84610
2003-06-10,19.25,19.85,19.25,19.30,94167
2003-06-11,19.30,20.15,19.20,19.90,94376
2003-06-12,20.55,20.60,20.00,20.10,78558
2003-06-13,20.30,20.30,19.75,20.25,80520
2003-06-16,19.90,20.35,19.80,19.90,42984
2003-06-17,19.85,20.30,19.85,20.20,69640
2003-06-18,20.00,20.25,19.75,19.80,57394
2003-06-19,19.75,20.00,19.40,19.55,47415
2003-06-20,19.65,19.90,19.40,19.65,65823
2003-06-23,18.05,20.00,18.05,18.95,112719
2003-06-24,18.95,19.20,18.70,18.75,55363
2003-06-25,18.90,19.50,18.80,19.15,70072
2003-06-26,19.30,19.90,18.75,19.30,109109
2003-06-27,19.70,19.75,18.95,19.25,105252
2003-06-30,19.10,20.15,19.10,19.85,190902
2003-07-01,19.65,19.75,19.35,19.50,244661
2003-07-02,19.90,20.00,19.50,19.80,85237
2003-07-03,19.85,21.40,19.45,20.95,303499
2003-07-04,21.50,21.60,20.00,21.05,279106
2003-07-07,20.10,21.60,19.05,21.10,126770
2003-07-08,20.30,21.40,19.10,20.75,83995
2003-07-09,20.05,20.70,20.00,20.10,51702
2003-07-10,20.50,21.00,20.15,20.25,57719
2003-07-11,20.60,20.90,20.00,20.15,102800
2003-07-14,20.40,21.10,20.40,20.95,128310
2003-07-15,21.50,21.90,20.90,21.35,169178
2003-07-16,21.50,22.85,21.40,22.60,377101
2003-07-17,23.00,23.75,22.10,22.50,437285
2003-07-18,21.55,23.00,21.50,22.65,169213
2003-07-21,24.00,24.85,23.20,23.55,670420
2003-07-22,23.50,23.65,22.70,22.80,300143
2003-07-23,23.25,23.45,22.75,23.15,146908
2003-07-24,23.65,24.15,23.00,23.60,202152
2003-07-25,22.55,24.00,22.55,23.75,172069
2003-07-28,23.75,24.35,23.30,23.50,134997
2003-07-29,23.40,23.70,22.80,23.10,184801
2003-07-30,24.00,24.55,23.50,24.30,359300
2003-07-31,24.55,26.20,24.50,25.30,739849
2003-08-01,25.50,26.65,24.70,26.15,568392
2003-08-04,25.90,27.00,25.90,26.50,270574
2003-08-05,26.50,27.00,25.50,25.60,258282
2003-08-06,25.75,26.30,25.00,25.65,175126
2003-08-07,26.00,26.00,25.25,25.40,145472
2003-08-08,25.30,25.75,24.90,25.15,137877
2003-08-11,25.15,25.95,25.00,25.10,148346
2003-08-12,24.50,25.50,24.50,25.00,98401
2003-08-13,24.50,25.00,24.50,24.70,132604
2003-08-14,24.80,26.00,24.55,25.45,206254
2003-08-18,25.95,26.30,25.00,25.95,203554
2003-08-19,26.70,29.00,25.45,25.60,220132
2003-08-20,25.75,26.50,25.60,26.25,161572
2003-08-21,26.90,28.30,24.25,27.35,504833
2003-08-22,27.90,28.30,27.00,28.00,388792
2003-08-25,28.40,29.10,25.50,27.10,415904
2003-08-26,27.50,28.10,27.00,27.90,158170
2003-08-27,28.70,29.00,28.00,28.75,216079
2003-08-28,29.25,29.85,28.35,28.60,197277
2003-08-29,29.00,29.00,27.50,27.70,121086
2003-09-01,28.00,28.20,27.00,27.20,94751
2003-09-02,27.25,27.50,26.50,26.90,147656
2003-09-03,27.00,27.25,26.00,26.35,160371
2003-09-04,26.85,26.85,25.60,25.85,151734
2003-09-05,25.70,26.00,25.25,25.60,155018
2003-09-08,25.60,26.50,25.60,26.05,119187
2003-09-09,26.50,26.75,25.75,26.05,109953
2003-09-10,26.15,27.20,25.85,26.90,145235
2003-09-11,26.95,28.00,26.55,27.80,354098
2003-09-12,27.00,28.00,25.50,26.25,182232
2003-09-15,26.90,26.90,24.75,24.85,121594
2003-09-16,24.90,25.00,23.90,24.75,82689
2003-09-17,25.10,25.20,24.70,24.90,61625
2003-09-18,24.50,24.80,24.10,24.30,77133
2003-09-19,24.25,24.30,22.50,23.35,43169
2003-09-22,23.50,23.55,22.25,22.50,62813
2003-09-23,22.50,23.45,22.15,23.10,59883
2003-09-24,23.05,24.00,23.00,23.75,41145
2003-09-25,24.00,26.00,23.35,23.85,64333
2003-09-26,23.80,24.20,23.75,24.15,40454
2003-09-29,24.80,24.80,23.75,24.40,51300
2003-09-30,25.00,25.20,24.25,24.50,71575
2003-10-01,24.65,24.65,24.00,24.10,70312
2003-10-03,24.35,24.50,22.80,22.95,94007
2003-10-06,23.60,24.25,23.55,23.85,212549
2003-10-07,24.25,24.25,23.80,23.85,119795
2003-10-08,24.00,24.60,24.00,24.30,108641
2003-10-09,24.85,25.20,24.05,24.80,151138
2003-10-10,24.95,25.00,24.50,24.90,88013
2003-10-13,24.75,25.40,24.60,24.80,156926
2003-10-14,24.65,25.25,24.05,24.10,93970
2003-10-15,23.80,24.10,23.60,23.70,74468
2003-10-16,23.90,24.40,23.85,24.20,91360
2003-10-17,24.00,25.00,24.00,24.55,110888
2003-10-20,24.80,25.35,24.35,24.65,142967
2003-10-21,24.35,25.00,24.25,24.35,86844
2003-10-22,24.00,24.35,23.25,23.40,55039
2003-10-23,23.65,24.25,23.50,23.55,40367
2003-10-24,23.60,23.85,23.10,23.60,57916
2003-10-27,24.00,24.35,23.50,23.60,50755
2003-10-28,23.90,23.95,22.95,23.05,123561
2003-10-29,23.15,23.50,22.00,22.35,105166
2003-10-30,22.15,23.35,21.95,22.65,185535
2003-10-31,23.00,24.25,22.90,23.20,311861
2003-11-03,25.00,27.50,24.80,25.75,790992
2003-11-04,26.30,26.60,25.60,25.75,462702
2003-11-05,26.15,26.25,25.50,25.70,315485
2003-11-06,26.40,26.40,24.60,25.65,292652
2003-11-07,26.10,26.10,25.00,25.45,128501
2003-11-10,25.25,25.60,24.90,25.45,104632
2003-11-11,25.90,26.00,25.25,25.35,259805
2003-11-12,25.95,26.00,25.45,25.95,263855
2003-11-13,26.30,28.75,26.30,27.20,855254
2003-11-14,27.10,27.65,26.25,26.50,319116
2003-11-17,26.90,30.75,26.90,29.75,1346005
2003-11-18,30.00,32.30,29.70,30.85,1844948
2003-11-19,31.45,32.80,30.25,32.00,1173439
2003-11-20,32.50,35.20,32.50,34.00,1950061
2003-11-21,34.45,34.45,31.35,32.70,1046669
2003-11-24,32.90,35.90,32.90,35.30,1500087
2003-11-25,36.50,36.70,34.40,34.70,508802
2003-11-27,36.00,36.50,35.10,35.40,642436
2003-11-28,35.90,35.90,34.15,34.50,367690
2003-12-01,35.50,35.80,34.35,35.20,590882
2003-12-02,35.90,36.90,35.15,36.45,1136948
2003-12-03,37.75,42.15,37.75,40.75,4267103
2003-12-04,41.20,42.95,40.35,40.75,2002199
2003-12-05,40.50,41.10,38.05,38.40,800139
2003-12-08,39.10,39.10,36.50,37.85,982079
2003-12-09,38.00,42.55,36.00,41.85,1839335
2003-12-10,42.30,42.50,40.55,40.95,1118869
2003-12-11,42.00,42.10,39.60,40.25,792331
2003-12-12,40.80,41.00,39.40,40.25,516102
2003-12-15,41.00,41.20,40.00,40.55,525351
2003-12-16,40.10,41.90,39.25,41.30,561809
2003-12-17,42.00,42.25,40.25,41.70,672009
2003-12-18,42.00,42.20,41.05,41.35,537609
2003-12-19,41.90,42.40,41.10,41.40,448991
2003-12-22,41.90,43.40,41.80,43.10,1005478
2003-12-23,43.50,44.00,41.50,42.05,573130
2003-12-24,42.60,44.00,42.00,43.60,641430
2003-12-26,44.25,45.90,44.25,45.40,742307
2003-12-29,45.00,45.80,43.10,44.35,903983
2003-12-30,46.00,46.00,43.20,43.65,822831
2003-12-31,44.30,44.30,42.00,42.20,399098
2004-01-01,42.40,43.95,42.00,43.70,340258
2004-01-02,46.70,46.70,43.20,44.15,584012
2004-01-05,44.25,44.80,42.20,42.80,376777
2004-01-06,42.80,44.00,42.50,42.80,432049
2004-01-07,43.50,43.90,41.90,42.45,279897
2004-01-08,43.00,45.00,42.60,44.65,774235
2004-01-09,45.25,46.00,43.80,44.50,967962
2004-01-12,45.25,49.00,44.00,47.80,2601150
2004-01-13,48.50,49.20,45.90,46.85,2028978
2004-01-14,48.80,49.60,47.20,47.55,2451243
2004-01-15,48.00,50.50,47.60,48.85,3144363
2004-01-16,50.25,50.25,47.15,48.25,1616565
2004-01-19,49.40,49.40,46.80,47.60,1000143
2004-01-20,48.40,49.00,46.10,46.80,682404
2004-01-21,46.55,47.40,41.50,41.95,795649
2004-01-22,42.00,44.00,39.10,40.25,711116
2004-01-23,40.15,43.00,38.80,42.20,861776
2004-01-27,43.00,44.50,42.60,44.00,509062
2004-01-28,44.05,44.05,42.75,43.15,410269
2004-01-29,41.25,43.20,41.25,42.95,224425
2004-01-30,43.50,43.50,41.90,42.20,315461
2004-02-03,39.50,42.80,39.20,39.75,569203
2004-02-04,39.50,40.60,38.00,39.15,395198
2004-02-05,39.50,40.35,38.95,39.25,280832
2004-02-06,39.80,40.55,39.20,40.25,293835
2004-02-09,40.65,42.10,40.10,41.95,551960
2004-02-10,42.00,42.40,40.80,41.25,314044
2004-02-11,43.00,43.00,41.25,41.95,285689
2004-02-12,42.45,42.45,41.00,41.90,252266
2004-02-13,41.90,42.50,41.50,42.40,229231
2004-02-16,42.50,43.95,42.25,42.95,323475
2004-02-17,42.90,43.40,42.00,42.20,215300
2004-02-18,42.20,42.55,41.25,41.55,151213
2004-02-19,41.75,42.25,40.10,40.40,180767
2004-02-20,40.20,40.50,39.25,39.80,215887
2004-02-23,40.30,40.30,38.10,38.25,148022
2004-02-24,38.10,38.60,37.60,38.35,144237
2004-02-25,38.65,38.95,37.85,38.10,124044
2004-02-26,38.40,39.50,38.40,38.55,135908
2004-02-27,38.90,39.50,38.30,39.10,2512273
2004-03-01,39.50,39.85,38.45,38.60,181748
2004-03-03,39.10,39.10,38.00,38.05,168898
2004-03-04,38.30,38.30,37.00,37.05,191959
2004-03-05,37.45,37.45,36.10,36.50,201036
2004-03-08,37.45,42.00,37.45,39.40,336667
2004-03-09,39.80,40.00,38.45,38.70,183867
2004-03-10,38.50,38.65,37.75,38.05,99534
2004-03-11,38.05,38.15,37.00,37.15,83877
2004-03-12,36.90,37.35,36.50,37.15,147073
2004-03-15,37.45,38.45,36.20,36.35,146882
2004-03-16,35.20,36.25,34.00,34.90,226562
2004-03-17,36.50,39.90,36.50,37.05,403436
2004-03-18,37.00,39.20,36.70,37.25,648154
2004-03-19,37.10,37.90,36.60,36.95,225175
2004-03-22,36.85,37.15,34.85,35.05,248721
2004-03-23,34.50,35.25,34.00,34.40,211266
2004-03-24,34.20,36.00,34.20,35.40,194173
2004-03-25,35.30,37.00,35.30,36.75,142080
2004-03-26,37.45,38.00,36.75,37.15,291570
2004-03-29,37.50,38.15,37.00,37.55,244473
2004-03-30,37.80,39.40,37.75,38.35,226999
2004-03-31,38.10,41.50,38.00,40.30,426506
2004-04-01,40.30,41.45,40.30,40.50,255529
2004-04-02,40.90,41.35,40.00,41.15,421566
2004-04-05,41.70,42.50,41.35,41.80,400328
2004-04-06,41.60,42.00,40.10,40.40,194439
2004-04-07,40.90,41.40,40.20,40.45,214921
2004-04-08,40.05,42.00,40.05,41.35,349325
2004-04-12,41.70,42.40,41.35,41.50,320786
2004-04-13,42.30,42.55,41.00,42.40,341847
2004-04-15,42.40,45.15,42.30,44.30,1119784
2004-04-16,45.30,46.55,44.80,45.95,1001717
2004-04-19,47.50,49.00,46.00,47.40,1544511
2004-04-20,47.80,48.00,46.00,46.90,836826
2004-04-21,47.25,48.05,46.85,47.25,783609
2004-04-22,47.70,50.90,47.45,49.85,2640288
2004-04-23,51.00,52.95,50.40,51.15,3062179
2004-04-27,50.05,50.05,45.50,45.70,1386835
2004-04-28,46.00,47.25,43.00,46.55,1314617
2004-04-29,46.50,49.45,46.50,48.05,1211218
2004-04-30,48.35,53.25,47.65,52.05,4248328
2004-05-03,52.55,53.85,49.25,50.90,5475878
2004-05-04,52.00,55.50,52.00,54.90,4337683
2004-05-05,55.00,57.75,55.00,55.65,4364280
2004-05-06,57.40,60.50,56.00,59.65,5759916
2004-05-07,60.90,63.00,57.60,62.25,7175427
2004-05-10,60.35,63.70,58.10,60.95,3516244
2004-05-11,57.00,59.35,53.55,54.75,2529012
2004-05-12,54.90,56.75,52.35,55.75,3233741
2004-05-13,51.75,59.80,50.55,56.85,4781424
2004-05-14,56.65,58.15,45.70,48.10,3582593
2004-05-17,48.00,48.00,38.50,41.95,2452315
2004-05-18,41.50,49.00,41.00,43.80,2499692
2004-05-19,45.80,50.65,45.25,49.85,2357927
2004-05-20,51.90,52.60,48.10,49.45,1908048
2004-05-21,48.00,52.95,46.50,52.50,2623495
2004-05-24,53.10,54.75,51.50,52.15,1894179
2004-05-25,51.95,52.50,50.55,51.60,1045356
2004-05-26,51.75,57.00,51.75,54.55,2894716
2004-05-27,54.50,56.65,53.50,54.15,1806745
2004-05-28,53.90,54.50,49.00,49.50,1902569
2004-05-31,48.90,50.00,44.90,48.70,1909563
2004-06-01,49.90,52.00,49.55,50.05,1098794
2004-06-02,50.60,52.20,50.30,51.15,1303569
2004-06-03,51.60,52.80,48.00,48.85,1462128
2004-06-04,48.40,50.10,47.75,49.75,959262
2004-06-07,50.90,51.90,50.30,51.30,986709
2004-06-08,52.00,52.50,50.90,52.15,1310496
2004-06-09,52.00,53.15,52.00,52.55,904525
2004-06-10,52.50,52.50,51.00,52.30,644963
2004-06-11,51.85,52.40,50.45,51.00,718252
2004-06-14,50.00,51.00,48.00,50.25,713588
2004-06-15,50.20,51.55,50.00,51.15,470403
2004-06-16,51.40,52.40,51.20,52.10,447367
2004-06-17,52.90,54.30,52.30,53.65,1213017
2004-06-18,53.90,54.45,52.50,54.05,877018
2004-06-21,54.00,55.25,52.90,54.80,870587
2004-06-22,54.70,56.10,54.10,55.85,913938
2004-06-23,56.00,56.50,54.50,54.85,1002027
2004-06-24,54.80,55.65,50.60,52.65,890479
2004-06-25,52.95,54.00,51.25,53.50,875091
2004-06-28,53.50,56.55,53.50,56.00,802872
2004-06-29,57.00,58.65,56.10,57.90,1992505
2004-06-30,58.90,58.90,49.50,51.00,4873841
2004-07-01,52.00,52.50,51.15,51.55,1246572
2004-07-02,51.30,51.50,50.20,50.30,700145
2004-07-05,43.00,49.00,43.00,46.55,2171186
2004-07-06,46.10,47.80,46.00,47.55,807332
2004-07-07,48.20,48.90,46.90,47.95,809833
2004-07-08,48.30,48.70,45.00,45.70,739799
2004-07-09,43.55,46.40,43.00,45.95,371429
2004-07-12,46.00,46.90,45.70,46.10,156358
2004-07-13,47.00,47.70,46.10,46.40,263045
2004-07-14,46.90,46.90,46.05,46.35,135979
2004-07-15,47.00,48.50,46.50,48.00,349555
2004-07-16,49.50,49.50,46.05,48.15,213722
2004-07-19,48.65,49.25,48.35,48.75,265376
2004-07-20,49.00,49.00,48.15,48.80,155556
2004-07-21,49.25,50.90,48.65,50.30,493085
2004-07-22,51.40,52.30,50.00,50.65,447446
2004-07-23,51.40,51.40,50.00,50.20,300615
2004-07-26,46.00,51.00,43.20,50.25,1063626
2004-07-27,52.00,52.00,49.50,50.00,334185
2004-07-28,50.25,51.70,49.25,51.10,723617
2004-07-29,50.60,51.00,47.75,48.15,786891
2004-07-30,49.05,50.90,48.25,48.50,625670
2004-08-02,49.10,49.20,47.30,47.60,325936
2004-08-03,47.95,47.95,45.50,46.05,396445
2004-08-04,46.50,46.90,45.50,45.70,223768
2004-08-05,46.45,46.90,45.65,46.05,196752
2004-08-06,46.40,47.90,45.20,45.35,234901
2004-08-09,45.30,46.00,45.10,45.25,212536
2004-08-10,45.85,45.85,44.60,44.85,249014
2004-08-11,45.00,45.00,42.25,42.55,358656
2004-08-12,41.75,43.45,40.55,41.05,381971
2004-08-13,41.00,41.75,41.00,41.40,215531
2004-08-16,41.75,42.50,41.00,41.50,316678
2004-08-17,41.90,42.15,41.20,41.45,195100
2004-08-18,41.80,41.80,40.10,40.50,191479
2004-08-19,40.50,40.95,40.00,40.05,199235
2004-08-20,40.20,40.25,39.05,39.15,181929
2004-08-23,39.15,39.50,36.60,37.05,265080
2004-08-24,37.50,39.25,36.55,38.70,352887
2004-08-25,38.75,39.60,38.00,38.70,358615
2004-08-26,39.50,41.60,38.75,39.10,183322
2004-08-27,39.50,40.40,39.00,39.30,287230
2004-08-30,40.00,40.50,39.60,40.00,250904
2004-08-31,40.35,40.40,39.60,39.85,151597
2004-09-01,40.20,41.30,39.85,41.00,299610
2004-09-02,42.00,42.55,41.15,41.40,403278
2004-09-03,41.85,42.30,40.50,40.95,320439
2004-09-06,41.00,41.80,41.00,41.20,159086
2004-09-07,41.70,41.75,40.75,40.95,186187
2004-09-08,41.00,41.45,40.60,40.80,207798
2004-09-09,41.00,42.20,40.25,41.20,548388
2004-09-10,41.70,41.70,40.60,40.85,262761
2004-09-13,40.75,41.10,38.85,39.10,462561
2004-09-14,39.40,39.70,39.00,39.40,310684
2004-09-15,39.75,40.30,39.50,39.70,228460
2004-09-16,39.90,40.30,39.75,40.15,253936
2004-09-17,40.85,41.00,40.45,40.85,333238
2004-09-20,41.35,41.50,39.90,40.30,403697
2004-09-21,40.35,41.50,38.90,39.85,550315
2004-09-22,40.50,41.00,40.00,40.80,440361
2004-09-23,41.00,42.15,40.40,41.20,820590
2004-09-24,41.25,41.50,40.50,41.15,339009
2004-09-27,41.75,41.75,40.90,41.05,241245
2004-09-28,41.40,41.40,40.30,40.45,187835
2004-09-29,41.25,42.25,39.90,40.40,447104
2004-09-30,40.30,41.25,39.80,40.15,331873
2004-10-01,40.70,40.70,39.25,39.90,427417
2004-10-04,40.55,40.55,39.55,39.70,350653
2004-10-05,40.15,41.50,39.40,41.25,765083
2004-10-06,41.55,42.35,41.00,41.20,751251
2004-10-07,41.50,42.00,41.10,41.30,271865
2004-10-08,41.70,41.70,40.95,41.20,216180
2004-10-11,42.00,42.60,41.55,41.75,542214
2004-10-12,42.20,42.20,40.35,40.65,184292
2004-10-14,40.70,40.70,39.90,40.20,138020
2004-10-15,40.10,40.50,39.50,39.60,173404
2004-10-18,40.20,40.65,39.30,39.40,119575
2004-10-19,39.50,39.85,39.15,39.35,135125
2004-10-20,39.35,39.75,38.55,38.75,265816
2004-10-21,39.25,39.40,38.75,38.90,138016
2004-10-25,38.60,38.75,37.40,37.95,180092
2004-10-26,37.95,38.65,37.75,38.10,145451
2004-10-27,38.60,38.60,38.05,38.15,79452
2004-10-28,38.50,38.95,36.05,36.65,486900
2004-10-29,36.95,39.10,36.50,38.20,579949
2004-11-01,38.60,38.80,37.75,38.45,217714
2004-11-02,38.50,38.90,38.35,38.55,118810
2004-11-03,38.90,41.50,38.60,40.40,600234
2004-11-04,40.90,43.20,39.75,41.60,1096496
2004-11-05,41.60,42.00,41.00,41.30,362618
2004-11-08,41.50,41.70,39.80,40.15,405287
2004-11-09,40.20,40.80,39.05,39.55,298548
2004-11-10,39.60,40.75,39.55,39.80,277752
2004-11-11,40.50,41.80,40.50,40.95,347804
2004-11-12,40.95,41.80,40.40,40.90,139702
2004-11-16,41.20,41.40,40.60,41.05,408148
2004-11-17,41.25,46.65,41.20,45.20,2359643
2004-11-18,46.00,48.40,46.00,47.15,1939718
2004-11-19,47.15,47.60,45.05,45.20,811443
2004-11-22,45.80,46.70,44.90,46.35,685367
2004-11-23,47.20,49.35,46.70,47.20,891629
2004-11-24,48.10,48.60,46.30,46.60,427941
2004-11-25,47.00,48.00,46.10,46.25,552824
2004-11-29,47.20,47.75,46.50,46.80,428255
2004-11-30,47.25,47.80,45.00,45.75,511426
2004-12-01,46.45,46.80,44.55,46.45,596688
2004-12-02,47.50,48.30,47.00,47.75,1098951
2004-12-03,48.10,48.40,46.65,46.85,739268
2004-12-06,48.85,51.50,48.80,49.80,2270066
2004-12-07,50.25,50.70,48.10,48.30,1149841
2004-12-08,50.00,53.50,48.50,48.80,1221488
2004-12-09,49.00,49.70,46.00,49.25,692301
2004-12-10,49.70,50.55,49.00,49.15,1068918
2004-12-13,49.75,49.75,48.75,49.00,484736
2004-12-14,49.30,52.40,49.00,52.00,2254726
2004-12-15,53.10,53.80,50.30,51.25,1865237
2004-12-16,49.00,53.50,42.60,52.85,2423714
2004-12-17,53.50,55.65,52.85,54.25,4058663
2004-12-20,55.00,57.50,54.25,55.80,3616910
2004-12-21,56.40,56.70,54.25,55.45,1547186
2004-12-22,56.30,57.45,53.40,55.05,2712513
2004-12-23,55.60,59.70,55.30,58.65,5219710
2004-12-24,59.80,69.00,59.15,59.70,5652822
2004-12-27,60.40,61.05,58.60,59.30,1473401
2004-12-28,59.85,60.10,57.15,57.65,1022105
2004-12-29,58.30,58.80,56.05,56.85,1119372
2004-12-30,57.90,62.90,57.90,60.00,2806275
2004-12-31,60.60,60.95,59.60,60.60,1397162
2005-01-03,61.50,63.00,61.10,61.65,1310648
2005-01-04,62.40,62.45,55.05,60.25,1161919
2005-01-05,60.10,60.90,53.10,56.85,1445636
2005-01-06,57.00,59.30,52.15,57.60,4592811
2005-01-07,58.90,62.50,58.60,61.70,4203607
2005-01-10,62.55,64.85,61.20,61.75,3567194
2005-01-11,62.30,62.40,58.50,58.95,1317565
2005-01-12,60.00,60.00,54.10,55.35,1381854
2005-01-13,55.20,62.00,55.20,61.15,2413222
2005-01-14,61.25,63.70,58.50,61.30,4249616
2005-01-17,62.40,64.70,61.30,62.25,3056771
2005-01-18,63.60,63.60,61.05,61.30,1709057
2005-01-19,61.50,61.70,58.85,59.15,1186565
2005-01-20,59.00,59.00,57.25,58.00,790957
2005-01-24,57.75,58.45,55.15,57.95,955781
2005-01-25,57.20,58.35,56.50,57.90,494969
2005-01-27,58.10,59.00,57.35,58.05,706737
2005-01-28,59.00,60.00,58.50,58.75,615602
2005-01-31,58.20,59.70,56.70,58.20,1040827
2005-02-01,58.60,60.00,57.15,58.35,801466
2005-02-02,58.40,59.30,57.40,58.00,501532
2005-02-03,58.00,59.25,57.60,58.10,656151
2005-02-04,58.40,59.85,57.50,58.55,835914
2005-02-07,59.00,59.75,57.45,57.80,740122
2005-02-08,58.15,59.50,57.50,59.10,840520
2005-02-09,60.00,60.85,59.10,60.40,1183762
2005-02-10,61.15,61.15,58.05,58.25,674833
2005-02-11,58.60,58.80,58.00,58.35,433306
2005-02-14,58.60,59.00,56.75,57.40,591940
2005-02-15,57.05,58.50,57.05,57.80,464987
2005-02-16,58.35,58.45,56.15,56.65,711101
2005-02-17,56.50,56.90,54.65,55.00,572075
2005-02-18,57.00,57.00,54.00,54.50,622090
2005-02-21,55.20,56.00,54.25,54.50,431670
2005-02-22,54.90,56.05,54.10,55.45,835764
2005-02-23,56.45,57.70,55.40,55.70,1074738
2005-02-24,56.00,56.20,54.20,54.45,527634
2005-02-25,55.60,55.60,53.90,54.05,545059
2005-02-28,54.80,56.00,54.00,55.00,683258
2005-03-01,55.75,57.00,55.30,55.50,582356
2005-03-02,56.00,56.25,55.25,55.40,532665
2005-03-03,55.75,56.45,55.60,55.90,656566
2005-03-04,56.50,56.50,54.75,55.05,666663
2005-03-07,55.85,56.75,54.60,55.10,1329138
2005-03-08,56.00,59.45,55.30,59.05,2400148
2005-03-09,59.50,60.75,56.15,56.60,1373192
2005-03-10,56.90,57.85,55.85,56.50,877547
2005-03-11,57.00,58.25,56.40,56.65,905898
2005-03-14,57.45,57.60,56.00,56.50,399183
2005-03-15,56.65,56.80,55.00,55.15,397259
2005-03-16,55.90,55.95,54.75,55.05,298228
2005-03-17,52.30,55.50,52.30,55.05,346437
2005-03-18,55.00,55.45,52.90,53.60,441406
2005-03-21,54.40,54.40,52.95,53.55,397082
2005-03-22,53.60,53.70,51.00,51.85,478935
2005-03-23,51.70,52.50,50.80,51.25,407145
2005-03-24,50.25,51.90,50.10,50.60,395212
2005-03-28,51.00,51.50,50.50,51.05,240300
2005-03-29,51.70,51.70,49.00,49.65,455577
2005-03-30,50.00,53.40,50.00,52.50,1126328
2005-03-31,52.80,53.40,50.00,50.15,1753527
2005-04-01,50.90,53.45,50.55,52.55,519228
2005-04-04,53.00,54.40,51.65,53.55,721981
2005-04-05,54.00,54.25,52.55,53.55,462447
2005-04-06,53.70,55.50,53.15,54.50,686088
2005-04-07,53.50,58.45,53.50,57.10,1483274
2005-04-08,57.85,58.10,55.75,56.10,522630
2005-04-11,56.45,56.45,54.40,54.85,279184
2005-04-12,55.00,57.20,54.55,56.55,524693
2005-04-13,56.55,57.90,56.10,56.35,548083
2005-04-15,56.90,56.90,54.00,54.15,452474
2005-04-18,52.10,53.45,51.00,51.90,309049
2005-04-19,52.65,53.90,52.55,52.75,349510
2005-04-20,52.80,53.35,51.40,52.20,228278
2005-04-21,52.60,53.00,51.50,52.85,234107
2005-04-22,53.70,53.75,52.65,52.85,214607
2005-04-25,53.00,53.00,51.80,52.60,172723
2005-04-26,52.60,52.80,51.70,51.90,190743
2005-04-27,58.00,58.00,51.60,51.75,153844
2005-04-28,52.20,52.20,51.50,51.80,139281
2005-04-29,52.00,52.15,50.35,50.75,262535
2005-05-02,51.35,51.40,49.55,50.30,190881
2005-05-03,50.90,51.40,50.10,50.35,156005
2005-05-04,50.55,51.25,50.50,51.05,177814
2005-05-05,54.90,58.40,53.50,54.70,1508045
2005-05-06,55.00,55.00,52.75,53.60,389001
2005-05-09,54.40,56.50,52.75,55.75,811462
2005-05-10,54.00,56.65,54.00,55.20,559464
2005-05-11,55.00,55.35,54.00,54.45,275013
2005-05-12,54.85,57.50,54.40,56.90,1363503
2005-05-13,57.45,57.50,56.30,56.80,526531
2005-05-16,57.25,57.50,56.50,57.20,550019
2005-05-17,57.75,61.20,56.60,58.55,4654997
2005-05-18,58.85,61.00,58.00,60.30,2589634
2005-05-19,60.80,62.90,60.80,61.45,2484988
2005-05-20,61.95,62.05,60.05,60.50,1042460
2005-05-23,60.25,60.95,59.00,59.35,470418
2005-05-24,60.00,60.00,58.60,59.05,420554
2005-05-25,59.25,63.00,58.60,62.10,3372147
2005-05-26,65.45,65.45,61.85,63.65,4196476
2005-05-27,64.00,65.40,62.60,63.15,2976744
2005-05-30,63.50,63.80,60.40,61.05,1324599
2005-05-31,62.05,62.05,60.35,61.65,755128
2005-06-01,61.90,64.80,61.90,62.50,983782
2005-06-02,62.75,68.60,61.00,66.50,4065741
2005-06-03,69.00,72.00,66.90,67.50,9658459
2005-06-06,67.00,69.30,66.65,67.80,2878055
2005-06-07,68.40,69.30,67.75,69.00,2279492
2005-06-08,69.20,70.05,67.75,68.10,1491331
2005-06-09,68.70,69.20,67.65,68.05,1026964
2005-06-10,68.70,70.00,67.50,68.05,2110109
2005-06-13,68.30,68.70,66.75,67.70,970194
2005-06-14,68.30,73.50,67.80,72.95,7595048
2005-06-15,75.90,75.90,71.40,71.70,3558843
2005-06-16,72.00,72.35,69.00,69.30,2291756
2005-06-17,69.95,69.95,66.65,67.45,1368644
2005-06-20,67.95,68.10,65.25,66.05,1093202
2005-06-21,66.90,67.55,65.40,66.05,977471
2005-06-22,66.40,68.70,65.60,66.80,1399389
2005-06-23,67.25,68.70,66.60,68.30,1192839
2005-06-24,67.75,71.00,67.35,69.55,2420488
2005-06-27,70.40,71.70,69.15,69.90,1709596
2005-06-28,70.60,74.50,68.55,69.10,9386729
2005-06-29,69.00,70.55,68.00,70.05,1458584
2005-06-30,70.90,70.95,66.00,66.85,4492813
2005-07-01,66.55,69.20,66.25,68.45,1203213
2005-07-04,69.00,71.60,68.10,71.05,2797992
2005-07-05,71.50,73.25,69.50,71.00,3620017
2005-07-06,71.80,77.30,71.20,76.75,8076301
2005-07-07,75.50,76.95,72.00,72.90,4051689
2005-07-08,73.30,76.35,73.30,75.65,4360787
2005-07-11,76.50,78.35,75.60,76.00,3890487
2005-07-12,76.00,77.05,73.15,74.60,2034950
2005-07-13,75.40,76.00,74.00,74.40,1442150
2005-07-14,74.10,75.80,72.85,73.25,827504
2005-07-15,73.80,73.80,71.40,71.90,1286376
2005-07-18,72.40,74.70,71.50,73.75,1720359
2005-07-19,74.30,74.30,72.90,73.20,515912
2005-07-20,73.75,75.75,73.50,74.25,1169730
2005-07-21,74.75,74.75,71.30,72.15,519442
2005-07-22,71.60,73.30,71.60,73.10,511789
2005-07-25,73.60,74.75,72.90,73.75,828036
2005-07-26,74.50,76.75,73.80,76.40,3264494
2005-07-27,77.30,77.35,75.50,76.30,1042864
2005-07-29,75.45,77.70,74.50,76.75,2962038
2005-08-01,75.90,76.00,72.60,74.90,949726
2005-08-02,75.20,76.00,74.75,75.35,499901
2005-08-03,75.35,75.95,74.10,74.40,577809
2005-08-04,74.30,75.00,73.60,73.95,404490
2005-08-05,74.50,82.00,73.80,81.15,4922172
2005-08-08,82.00,83.40,76.75,77.25,4651877
2005-08-09,77.90,78.95,74.75,76.30,2546168
2005-08-10,77.05,77.90,76.60,77.10,1718268
2005-08-11,77.50,79.95,77.20,77.80,1882287
2005-08-12,79.60,79.60,76.10,76.85,2125498
2005-08-16,78.00,81.90,77.50,81.30,4211283
2005-08-17,81.50,82.25,79.30,80.30,1886733
2005-08-18,79.00,79.75,76.90,77.25,1244046
2005-08-19,77.80,83.45,77.25,82.65,5770422
2005-08-22,83.70,83.90,78.10,79.20,2826824
2005-08-23,79.90,81.10,76.55,77.00,1714667
2005-08-24,77.85,78.00,72.50,74.60,1565551
2005-08-25,75.00,76.40,73.95,74.75,2308989
2005-08-26,75.50,78.75,75.00,77.70,2812804
2005-08-29,78.00,78.00,75.55,76.95,719233
2005-08-30,77.70,78.85,77.15,77.85,919038
2005-08-31,78.00,78.50,77.35,77.90,753235
2005-09-01,78.70,79.00,77.65,77.95,720826
2005-09-02,78.00,81.20,77.20,79.80,2433706
2005-09-05,80.00,80.80,77.70,78.30,1169025
2005-09-06,78.80,80.35,77.80,78.90,1071926
2005-09-08,79.70,80.00,78.35,78.75,868633
2005-09-09,79.50,80.45,78.45,79.20,1239152
2005-09-12,80.00,80.25,78.95,79.15,660603
2005-09-13,79.10,80.40,78.75,79.50,734270
2005-09-14,79.90,81.25,77.25,78.00,698437
2005-09-15,78.20,79.50,78.00,79.15,606292
2005-09-16,79.50,80.30,78.35,78.90,807031
2005-09-19,79.35,80.00,78.05,78.70,771086
2005-09-20,78.95,79.25,77.75,78.05,648414
2005-09-21,78.10,78.50,72.00,75.05,858130
2005-09-22,75.00,75.70,68.10,69.35,1409750
2005-09-23,70.00,72.85,67.50,69.40,898651
2005-09-26,71.00,72.75,69.85,72.35,524859
2005-09-27,73.50,73.65,71.50,72.50,721506
2005-09-28,72.50,73.50,72.15,72.90,440739
2005-09-29,73.20,73.35,70.10,70.40,1839904
2005-09-30,70.90,71.80,68.65,70.85,773575
2005-10-03,71.90,72.45,71.25,72.20,497810
2005-10-04,72.50,74.20,72.35,72.75,971882
2005-10-05,74.05,74.05,71.50,72.10,875312
2005-10-06,71.70,71.90,69.70,70.50,785831
2005-10-07,70.50,71.25,68.75,69.75,538620
2005-10-10,71.90,71.90,67.30,67.55,852491
2005-10-11,68.00,70.00,65.45,69.00,717219
2005-10-13,69.05,69.80,67.00,67.55,455215
2005-10-14,67.90,68.20,65.00,65.20,792605
2005-10-17,65.30,66.00,62.10,62.55,852193
2005-10-18,62.95,63.65,60.00,60.65,726000
2005-10-19,60.50,60.70,55.80,56.20,1091791
2005-10-20,57.50,58.75,52.15,53.35,1696119
2005-10-21,52.50,55.90,51.60,55.45,1401751
2005-10-24,56.00,56.35,53.50,53.75,904592
2005-10-25,54.00,55.00,51.90,52.80,1125681
2005-10-26,53.00,53.50,50.50,50.70,1629037
2005-10-27,50.70,50.90,48.25,49.20,3185393
2005-10-28,49.60,50.85,49.15,50.00,926617
2005-10-31,50.00,52.10,49.10,51.75,773086
2005-11-01,52.00,52.75,51.50,51.90,199805
2005-11-02,51.90,52.90,50.15,52.75,547145
2005-11-07,52.00,54.20,51.20,53.40,1251138
2005-11-08,53.95,55.10,53.50,54.25,1660931
2005-11-09,54.80,54.80,52.00,52.35,1453515
2005-11-10,53.20,53.50,52.50,52.80,467073
2005-11-11,53.00,54.75,53.00,54.50,534482
2005-11-14,55.00,57.45,54.60,56.75,1524604
2005-11-16,57.00,58.30,56.75,57.75,940633
2005-11-17,58.00,60.00,57.20,58.90,1410361
2005-11-18,59.50,59.70,57.60,58.05,822583
2005-11-21,58.20,58.50,55.60,55.95,443424
2005-11-22,56.00,56.10,54.60,54.85,771943
2005-11-23,55.90,55.90,53.25,53.90,950106
2005-11-24,55.00,56.95,54.35,56.30,818087
2005-11-25,56.30,57.50,56.00,56.85,840508
2005-11-28,57.95,57.95,56.20,56.40,1005896
2005-11-29,56.40,56.40,55.25,55.55,648798
2005-11-30,56.00,56.80,53.50,54.35,856456
2005-12-01,54.85,57.80,53.20,56.75,1268502
2005-12-02,57.00,59.55,56.90,57.10,3717958
2005-12-05,57.05,59.20,56.50,57.40,939720
2005-12-06,57.40,57.85,56.50,57.20,568536
2005-12-07,57.40,57.60,56.70,56.90,323257
2005-12-08,56.90,57.45,56.50,57.00,276190
2005-12-09,57.65,58.10,56.75,57.00,815804
2005-12-12,57.10,57.50,56.25,56.60,351411
2005-12-13,56.40,57.85,56.10,57.30,1018280
2005-12-14,58.00,58.75,57.25,58.15,1315573
2005-12-15,58.50,59.65,57.30,58.10,1494160
2005-12-16,58.10,58.50,57.55,58.10,520560
2005-12-19,58.25,59.20,58.10,58.50,609016
2005-12-20,58.95,60.75,57.15,60.45,1650563
2005-12-21,61.00,62.10,59.75,60.55,3013443
2005-12-22,60.50,61.65,60.30,60.70,983830
2005-12-23,61.00,61.35,58.35,59.00,510613
2005-12-26,58.15,58.75,55.85,56.00,583374
2005-12-27,56.30,57.75,55.50,57.40,374281
2005-12-28,57.60,58.25,56.70,57.10,485357
2005-12-29,57.65,57.70,56.65,57.00,452349
2005-12-30,57.50,59.00,57.10,58.35,544092
2006-01-02,59.35,59.90,58.50,59.30,519633
2006-01-03,59.90,61.70,59.35,60.90,1329290
2006-01-04,61.45,61.45,57.20,58.80,1823792
2006-01-05,59.50,61.25,57.05,60.10,3677034
2006-01-06,60.50,61.30,58.60,59.05,1834759
2006-01-09,59.50,60.00,58.25,58.45,988392
2006-01-10,59.00,59.95,58.20,58.30,804771
2006-01-12,58.40,58.90,57.50,58.20,369353
2006-01-13,58.20,58.80,56.90,57.20,486228
2006-01-16,57.30,57.60,55.65,56.55,1736527
2006-01-17,56.50,57.00,53.80,54.10,723874
2006-01-18,54.65,54.65,52.35,53.90,401588
2006-01-19,54.50,54.85,54.10,54.45,377158
2006-01-20,54.25,55.50,54.25,54.95,534416
2006-01-23,50.25,55.00,50.25,53.85,504455
2006-01-24,53.80,54.90,53.80,54.15,435263
2006-01-25,54.80,54.85,51.00,52.10,1731859
2006-01-27,51.50,53.90,51.50,53.65,872906
2006-01-30,54.00,54.95,52.50,52.65,477945
2006-01-31,52.50,53.35,52.20,52.45,374879
2006-02-01,53.45,53.45,51.10,51.40,319007
2006-02-02,51.00,52.00,49.50,49.90,554206
2006-02-03,53.00,54.45,52.00,52.45,1532968
2006-02-06,53.00,53.40,51.50,51.70,451717
2006-02-07,51.75,52.45,51.50,52.25,403685
2006-02-08,52.00,52.50,50.85,51.20,528261
2006-02-10,51.90,52.60,51.50,52.15,367316
2006-02-13,52.25,53.55,52.10,53.20,539236
2006-02-14,53.20,53.85,52.80,52.95,329853
2006-02-15,53.30,53.30,52.25,52.50,187269
2006-02-16,52.60,53.00,51.95,52.15,214251
2006-02-17,52.25,52.60,50.55,51.00,283452
2006-02-20,51.50,51.50,50.05,50.80,202266
2006-02-21,51.65,51.65,50.60,50.90,193996
2006-02-22,50.90,51.25,50.05,50.25,304608
2006-02-23,50.95,50.95,49.05,49.45,976036
2006-02-24,49.45,51.45,49.15,51.30,560806
2006-02-27,52.70,52.70,51.25,51.55,252663
2006-02-28,51.50,52.00,50.20,50.60,366916
2006-03-01,50.00,51.50,49.15,49.90,291281
2006-03-02,50.00,50.50,49.00,49.30,584100
2006-03-03,49.90,50.30,46.35,48.15,1290887
2006-03-06,49.00,49.00,48.05,48.25,510959
2006-03-07,48.80,49.50,48.10,49.05,567289
2006-03-08,49.00,50.05,48.60,48.90,580625
2006-03-09,49.60,49.60,48.00,49.05,356969
2006-03-10,50.00,50.40,48.70,49.00,420045
2006-03-13,49.20,49.40,48.05,48.20,273193
2006-03-14,48.40,49.25,48.20,48.40,393846
2006-03-16,48.95,49.25,48.00,48.10,216190
2006-03-17,48.15,48.60,47.25,47.40,250101
2006-03-20,47.90,47.90,46.05,46.20,502433
2006-03-21,46.75,46.75,45.85,46.00,402981
2006-03-22,46.05,46.10,44.80,45.00,422069
2006-03-23,45.85,45.85,43.20,43.80,867934
2006-03-24,44.00,44.20,43.05,43.70,664775
2006-03-27,44.00,47.30,44.00,46.15,1035221
2006-03-28,46.05,47.90,44.85,45.10,869790
2006-03-29,45.65,45.65,43.50,43.95,872776
2006-03-30,44.00,45.90,42.65,43.20,3776622
2006-03-31,43.80,47.50,43.80,46.80,3359270
2006-04-03,47.45,48.45,47.20,47.85,863657
2006-04-04,48.45,50.10,47.55,49.80,1622005
2006-04-05,51.00,56.10,49.30,55.60,4273963
2006-04-07,56.50,60.20,56.10,57.70,5596496
2006-04-10,58.10,59.50,57.10,58.10,1830890
2006-04-12,58.25,59.00,52.20,53.70,1413564
2006-04-13,54.10,54.60,50.50,51.60,1200463
2006-04-17,52.10,53.90,51.60,52.10,476872
2006-04-18,52.90,56.40,52.20,54.45,1664505
2006-04-19,55.10,56.00,52.75,53.25,1072766
2006-04-20,53.90,53.90,52.45,52.70,347353
2006-04-21,53.00,53.30,50.50,51.70,504870
2006-04-24,52.30,53.35,51.20,51.70,488199
2006-04-25,52.65,52.70,49.90,50.60,1830699
2006-04-26,50.50,53.60,50.50,52.70,836416
2006-04-27,53.00,53.35,52.05,52.30,1080296
2006-04-28,52.05,52.80,49.10,52.50,511550
2006-05-02,56.15,60.60,56.15,59.65,2476418
2006-05-03,60.90,61.20,57.65,59.80,1838812
2006-05-04,60.40,62.40,59.05,59.65,2124298
2006-05-05,60.00,61.40,58.65,59.65,964028
2006-05-08,59.50,62.30,59.50,61.70,1724945
2006-05-09,61.80,62.40,59.85,60.80,819176
2006-05-10,61.00,63.40,61.00,61.65,1380370
2006-05-11,61.30,61.95,59.50,60.20,887533
2006-05-12,60.00,62.85,57.00,61.65,1281969
2006-05-15,61.80,64.00,58.40,59.70,2826834
2006-05-16,59.90,61.40,52.00,57.70,1249691
2006-05-17,57.70,62.00,57.55,61.25,1082462
2006-05-18,60.50,60.50,53.20,54.10,1466566
2006-05-19,55.00,56.80,47.25,48.65,1222083
2006-05-22,50.00,53.20,39.10,42.00,2013664
2006-05-23,43.00,47.95,41.00,47.25,1679081
2006-05-24,48.00,49.80,46.10,46.90,1262356
2006-05-25,46.50,48.00,44.50,46.80,3091394
2006-05-26,47.80,51.75,47.40,50.15,1373237
2006-05-29,51.00,52.50,49.80,50.30,884327
2006-05-30,49.85,50.75,47.30,47.85,628627
2006-05-31,44.80,46.45,44.30,46.05,810350
2006-06-01,46.95,47.60,43.80,44.20,635088
2006-06-02,45.00,45.20,41.40,44.75,975769
2006-06-05,45.00,45.90,43.35,43.70,516578
2006-06-06,43.00,43.00,40.50,41.75,1177448
2006-06-07,41.50,42.00,38.05,38.55,894445
2006-06-08,38.05,38.50,32.15,32.70,2094833
2006-06-09,33.00,36.90,32.95,36.60,1315197
2006-06-12,37.00,37.50,33.75,34.15,927367
2006-06-13,33.00,33.50,28.75,29.45,3270692
2006-06-14,29.40,30.90,27.25,27.90,1609872
2006-06-15,28.90,29.90,28.00,29.10,819984
2006-06-16,30.00,31.90,29.95,30.85,1485462
2006-06-19,30.85,31.00,29.85,30.85,718659
2006-06-20,31.00,31.75,30.05,30.90,642931
2006-06-21,30.80,31.80,30.60,31.35,483063
2006-06-22,32.00,33.20,31.90,32.75,828220
2006-06-23,32.50,32.95,32.00,32.70,564324
2006-06-26,36.40,36.50,32.35,32.70,1295697
2006-06-27,33.20,33.45,31.05,31.50,1053569
2006-06-28,31.00,32.45,30.10,31.80,1150271
2006-06-29,32.50,33.15,31.60,32.45,802507
2006-06-30,33.50,34.65,33.15,33.95,826549
2006-07-03,34.10,35.50,33.60,34.10,707713
2006-07-04,34.30,34.80,33.95,34.15,451608
2006-07-05,33.95,34.40,33.75,33.85,287206
2006-07-06,33.75,34.10,33.00,33.80,1072052
2006-07-07,34.00,34.30,32.10,32.30,349528
2006-07-10,32.00,32.95,31.60,32.70,311355
2006-07-11,32.70,33.50,32.10,33.05,365393
2006-07-12,32.60,33.25,31.60,32.90,368898
2006-07-13,32.80,33.40,32.25,32.95,204168
2006-07-14,33.25,36.00,32.45,32.90,239912
2006-07-17,32.50,32.85,32.00,32.35,304244
2006-07-18,32.75,32.75,30.00,30.80,729553
2006-07-19,31.20,31.60,29.50,30.40,571478
2006-07-20,31.00,31.70,30.30,31.40,577894
2006-07-21,31.20,31.50,30.50,31.15,399527
2006-07-24,30.90,32.40,30.15,31.85,794075
2006-07-25,32.85,33.75,32.50,33.10,957834
2006-07-26,33.05,33.20,32.70,33.10,245997
2006-07-27,33.45,34.40,33.05,33.90,1139081
2006-07-28,34.05,35.60,33.90,34.80,915751
2006-07-31,34.00,34.70,32.15,32.85,737075
2006-08-01,32.85,33.10,32.00,32.45,514788
2006-08-02,33.00,33.95,32.35,33.50,532000
2006-08-03,33.50,34.60,33.50,34.45,736522
2006-08-04,34.90,35.00,33.75,34.00,458641
2006-08-07,33.30,34.40,33.30,34.20,244080
2006-08-08,34.25,35.15,34.25,34.90,319560
2006-08-09,34.90,36.90,34.50,36.55,722462
2006-08-10,36.50,38.50,36.10,38.00,855529
2006-08-11,38.90,41.40,38.50,39.60,1260573
2006-08-14,40.20,41.30,40.00,40.25,590849
2006-08-16,40.90,41.40,40.55,40.80,578839
2006-08-17,41.40,41.65,33.00,40.80,811227
2006-08-18,41.50,48.80,40.60,47.95,4906209
2006-08-21,48.50,49.50,45.05,45.45,3022997
2006-08-22,45.50,46.50,43.80,44.25,1079644
2006-08-23,44.65,44.65,42.60,42.95,946161
2006-08-24,43.90,44.90,41.90,44.00,1531829
2006-08-25,44.70,45.30,43.60,44.05,651362
2006-08-28,44.10,44.20,42.55,43.10,543689
2006-08-29,42.50,45.00,42.50,44.20,802510
2006-08-30,44.60,44.60,43.50,44.00,431176
2006-08-31,44.60,44.80,42.75,43.30,674942
2006-09-01,43.05,44.00,43.05,43.60,301164
2006-09-04,44.00,45.10,43.40,43.80,600354
2006-09-05,44.10,45.40,43.70,44.10,1138840
2006-09-06,44.10,45.00,43.60,43.75,557932
2006-09-07,43.90,47.90,43.25,46.40,1287721
2006-09-08,48.00,49.15,46.35,46.85,5656651
2006-09-11,47.00,47.75,41.50,42.25,1610256
2006-09-12,42.00,44.00,41.20,43.10,1558439
2006-09-13,44.80,45.50,43.65,44.75,1069455
2006-09-14,45.10,45.95,44.50,44.90,817006
2006-09-15,45.00,45.40,43.55,44.30,542865
2006-09-18,44.30,47.45,44.15,46.55,1970685
2006-09-19,46.90,47.20,43.60,44.10,828663
2006-09-20,44.10,45.80,43.50,45.40,887003
2006-09-21,45.75,46.80,45.15,45.50,811940
2006-09-22,45.20,46.00,44.20,44.75,844519
2006-09-25,45.60,45.60,44.05,44.35,625190
2006-09-26,44.90,45.35,44.05,44.50,1068424
2006-09-27,45.00,45.95,44.50,45.35,1324438
2006-09-28,45.35,48.05,45.25,47.75,3231049
2006-09-29,48.00,51.25,48.00,50.55,6196976
2006-10-03,50.90,51.10,49.50,49.80,1614027
2006-10-04,50.00,50.35,48.30,48.55,1091484
2006-10-05,49.10,50.00,49.00,49.40,760595
2006-10-06,49.40,49.70,48.50,48.60,582890
2006-10-09,48.50,50.50,47.85,49.60,2969093
2006-10-10,49.90,50.20,48.70,48.90,780633
2006-10-11,49.00,49.40,47.10,47.35,597546
2006-10-12,47.25,48.35,47.05,48.15,578415
2006-10-13,48.50,49.15,47.35,47.70,412132
2006-10-16,47.90,48.65,47.10,47.55,743254
2006-10-17,47.40,48.00,46.35,46.80,529477
2006-10-18,46.30,47.05,46.30,46.65,258506
2006-10-19,46.65,46.90,45.75,46.10,263806
2006-10-20,46.15,47.70,46.15,46.70,413726
2006-10-23,46.50,47.00,45.50,45.95,299911
2006-10-26,45.95,47.05,45.30,46.65,777074
2006-10-27,47.05,47.75,46.60,47.10,493801
2006-10-30,47.10,47.95,46.50,46.70,265764
2006-10-31,48.00,48.00,43.20,44.15,1060234
2006-11-02,43.90,44.50,43.60,43.75,358139
2006-11-03,43.25,44.15,42.25,42.50,394845
2006-11-06,42.60,42.90,41.55,41.70,429949
2006-11-07,42.00,45.40,41.70,44.35,1275722
2006-11-08,44.25,46.90,43.55,45.40,1971337
2006-11-09,47.05,48.45,46.40,46.70,2328936
2006-11-10,48.00,48.95,46.40,48.65,3096322
2006-11-13,49.25,49.80,48.35,48.75,1380897
2006-11-14,48.55,48.90,44.50,47.25,1171928
2006-11-15,47.80,47.95,46.05,47.50,960747
2006-11-16,46.50,46.50,46.50,46.50,1038156
2006-11-17,45.25,46.80,44.50,44.75,615724
2006-11-20,45.05,45.05,42.50,43.45,603467
2006-11-21,43.30,44.50,43.30,44.00,440433
2006-11-22,44.50,45.25,43.60,44.30,509898
2006-11-23,44.45,45.45,44.00,45.05,462292
2006-11-24,45.45,45.65,44.30,44.75,471490
2006-11-27,44.90,47.15,44.85,46.90,847950
2006-11-28,46.50,47.20,45.00,45.70,626014
2006-11-29,46.00,46.90,45.55,45.70,1205883
2006-11-30,45.90,46.50,44.10,44.40,410687
2006-12-01,44.90,47.00,44.90,45.20,445628
2006-12-04,45.75,46.25,45.00,45.40,371410
2006-12-05,45.90,48.00,44.30,47.20,997546
2006-12-06,45.70,45.70,45.70,45.70,772798
2006-12-07,48.40,48.40,48.40,48.40,2473130
2006-12-08,48.00,50.40,47.75,49.85,4502229
2006-12-11,49.05,49.05,43.00,44.15,2993792
2006-12-12,44.40,44.70,38.00,39.25,2467231
2006-12-13,39.60,41.40,37.55,41.00,1334158
2006-12-14,42.30,44.00,41.20,43.30,1252834
2006-12-15,48.00,48.00,43.25,43.50,875681
2006-12-18,44.80,45.10,41.70,43.20,876282
2006-12-19,43.60,43.60,41.85,42.05,642232
2006-12-20,42.30,43.20,41.50,41.85,680254
2006-12-21,41.50,42.00,40.90,41.55,704027
2006-12-22,41.50,42.50,41.10,42.05,773520
2006-12-26,41.60,43.45,41.60,42.90,722612
2006-12-27,42.90,48.70,42.90,47.40,4311918
2006-12-28,47.50,48.90,46.90,47.90,2999060
2006-12-29,47.60,48.65,46.55,47.35,1273697
2007-01-02,46.20,49.25,46.20,48.65,1529711
2007-01-03,47.60,56.50,47.60,55.70,10502077
2007-01-04,56.00,58.50,55.00,56.25,6204795
2007-01-05,55.95,57.15,51.65,53.60,3270586
2007-01-08,53.00,54.85,52.25,53.75,2106702
2007-01-09,53.05,55.40,51.40,52.20,1643668
2007-01-10,51.70,52.70,51.00,51.40,728351
2007-01-11,52.00,54.40,51.15,53.95,1639165
2007-01-12,54.90,57.70,54.50,56.05,2831216
2007-01-15,56.05,57.40,54.80,55.65,1273898
2007-01-16,55.25,57.90,54.40,56.45,1596436
2007-01-17,57.20,59.70,56.20,58.05,2468529
2007-01-18,58.00,60.35,57.00,58.05,2189032
2007-01-19,58.75,58.80,56.55,57.05,766377
2007-01-22,57.00,57.60,54.85,55.90,760074
2007-01-23,56.40,56.50,53.70,53.90,532474
2007-01-24,54.50,55.75,54.00,54.90,473375
2007-01-25,55.40,56.80,54.70,55.50,1813245
2007-01-29,55.20,55.75,52.60,53.30,876819
2007-01-31,53.00,54.90,52.70,53.25,949133
2007-02-01,53.50,54.60,52.55,54.10,612564
2007-02-02,54.15,55.70,53.70,53.95,889810
2007-02-05,54.90,54.90,53.10,53.60,872506
2007-02-06,53.60,55.25,53.60,54.15,728380
2007-02-07,54.00,62.40,54.00,61.75,7578442
2007-02-08,62.00,63.70,59.70,60.45,3803263
2007-02-09,60.60,61.00,55.70,56.30,1947375
2007-02-12,55.25,56.40,51.50,52.05,1582344
2007-02-13,52.10,53.90,47.10,49.00,1918566
2007-02-14,49.00,50.30,45.10,49.85,2331901
2007-02-15,51.00,59.00,51.00,53.35,1407858
2007-02-19,53.75,54.40,52.10,52.35,692641
2007-02-20,53.00,53.00,50.60,51.00,492410
2007-02-21,51.00,51.75,48.80,50.15,898551
2007-02-22,53.00,54.00,50.30,51.35,2654191
2007-02-23,52.00,52.00,48.10,48.45,1110122
2007-02-26,48.60,51.00,44.20,47.80,1337694
2007-02-27,49.00,49.50,46.35,46.65,791439
2007-02-28,46.00,46.50,43.00,44.10,916943
2007-03-01,44.00,45.50,42.90,45.10,738100
2007-03-02,45.25,47.00,41.50,42.75,912653
2007-03-05,41.00,42.00,38.20,39.00,1519360
2007-03-06,39.70,41.00,37.85,39.10,1037524
2007-03-07,39.55,40.50,37.25,37.65,854079
2007-03-08,38.00,41.25,36.80,40.85,1532995
2007-03-09,41.50,41.65,39.50,40.05,842107
2007-03-12,40.80,41.65,39.45,39.80,877113
2007-03-13,40.40,40.60,39.60,40.40,408067
2007-03-14,38.50,40.00,38.00,39.05,1488601
2007-03-15,40.20,42.45,40.00,40.25,1572542
2007-03-16,39.00,41.70,39.00,39.95,847850
2007-03-19,40.00,40.80,39.80,40.35,373593
2007-03-20,40.45,41.70,40.45,40.85,670095
2007-03-21,41.20,42.40,40.55,41.95,728715
2007-03-22,42.00,43.00,42.00,42.90,985541
2007-03-23,43.20,43.45,42.15,42.50,685399
2007-03-26,41.80,42.95,41.60,41.65,379671
2007-03-28,41.10,41.90,40.60,41.00,551011
2007-03-29,40.95,41.30,39.10,39.40,4674969
2007-03-30,40.20,43.50,39.70,42.00,2528432
2007-04-02,40.00,40.50,38.00,38.30,1455423
2007-04-03,38.80,38.80,38.80,38.80,0
2007-04-04,39.65,39.80,38.80,39.10,363581
2007-04-05,39.40,40.20,38.50,39.60,734400
2007-04-09,40.00,40.90,39.70,40.30,717791
2007-04-10,41.00,41.00,39.75,40.35,535103
2007-04-11,40.50,41.00,40.00,40.15,342288
2007-04-12,40.00,40.60,39.50,39.75,612939
2007-04-13,39.75,40.80,39.75,40.45,429765
2007-04-16,41.50,41.50,40.50,40.70,357468
2007-04-17,40.95,42.60,40.30,41.45,1350372
2007-04-18,41.75,43.20,41.70,41.95,1149079
2007-04-19,42.50,42.70,38.25,41.30,492990
2007-04-20,42.20,43.25,41.60,41.85,473416
2007-04-23,42.40,43.00,41.30,41.40,389568
2007-04-24,40.60,43.00,40.50,42.35,1102573
2007-04-25,42.65,42.90,42.00,42.50,784892
2007-04-26,43.00,45.25,42.70,44.75,3085961
2007-04-27,45.20,45.70,43.50,43.80,977999
2007-04-30,43.00,44.00,42.60,43.00,1144078
2007-05-03,43.75,45.75,43.45,45.45,1851814
2007-05-04,45.50,49.00,45.25,47.80,3915203
2007-05-07,48.30,49.25,46.45,46.90,1710482
2007-05-08,47.10,47.40,45.05,45.45,616036
2007-05-09,45.85,46.20,43.90,45.90,1034266
2007-05-10,46.80,47.50,45.00,45.35,1017354
2007-05-11,44.50,47.00,43.30,45.95,1063631
2007-05-14,47.10,48.00,46.50,47.85,881315
2007-05-15,48.00,48.25,47.05,47.60,793766
2007-05-16,48.05,49.70,47.25,48.85,1505033
2007-05-17,49.25,50.55,48.40,48.70,1685496
2007-05-18,48.70,49.20,47.65,48.50,820748
2007-05-21,48.70,49.50,48.50,48.60,650910
2007-05-22,48.90,50.90,48.10,49.50,1485377
2007-05-23,49.50,50.80,48.20,48.65,1364348
2007-05-24,48.10,50.50,47.65,49.70,974176
2007-05-25,49.00,50.90,48.10,49.55,2117786
2007-05-28,50.50,51.00,47.50,47.85,1268360
2007-05-29,48.80,48.90,46.60,47.25,757500
2007-05-30,47.25,47.90,45.90,46.15,561963
2007-05-31,46.90,47.45,45.20,45.50,1428476
2007-06-01,46.30,46.90,45.75,45.90,510679
2007-06-04,46.10,47.20,45.10,45.95,548634
2007-06-05,46.60,47.70,46.00,47.35,658672
2007-06-06,48.00,48.40,46.20,46.45,892527
2007-06-07,46.50,46.85,44.85,45.60,659915
2007-06-08,45.60,46.00,44.60,45.10,420288
2007-06-11,45.80,46.50,44.55,44.80,246332
2007-06-12,45.40,45.40,42.60,43.65,414795
2007-06-13,46.00,46.00,42.70,43.55,689662
2007-06-14,44.40,44.95,44.10,44.75,299237
2007-06-15,45.35,45.35,43.90,44.10,424765
2007-06-18,44.60,44.90,44.00,44.10,191042
2007-06-19,44.85,45.80,43.65,45.10,353088
2007-06-20,45.10,47.10,45.00,46.65,832866
2007-06-21,46.65,47.10,45.70,46.00,576290
2007-06-22,46.00,49.15,45.90,48.35,1894718
2007-06-25,48.90,49.25,48.00,48.80,773509
2007-06-26,49.00,49.90,48.40,48.70,702418
2007-06-27,48.80,52.50,48.80,51.75,4998235
2007-06-28,52.80,55.25,51.65,54.50,3891012
2007-06-29,55.00,55.75,53.50,54.50,1752223
2007-07-02,55.30,55.30,53.45,53.75,1250771
2007-07-03,54.00,54.90,53.00,53.95,1626402
2007-07-04,54.20,54.55,52.30,53.20,959735
2007-07-05,53.50,53.70,50.30,51.75,809330
2007-07-06,51.50,53.10,50.20,51.50,361029
2007-07-09,51.90,54.15,51.25,53.10,787725
2007-07-10,53.45,54.20,51.00,51.25,822194
2007-07-11,51.50,52.90,50.75,51.75,720852
2007-07-12,51.75,53.25,51.75,52.55,701260
2007-07-13,53.30,56.45,52.25,55.80,4167681
2007-07-16,55.50,57.20,55.50,56.10,2554005
2007-07-17,56.40,57.00,54.10,54.60,1105501
2007-07-18,54.60,55.00,52.80,53.75,758134
2007-07-19,53.20,54.90,53.20,54.55,827039
2007-07-20,50.25,57.00,50.25,55.50,1347894
2007-07-23,55.00,55.50,54.50,55.00,454046
2007-07-24,55.50,56.40,54.20,55.50,727742
2007-07-25,54.55,56.20,54.20,54.60,976430
2007-07-26,55.00,56.00,51.15,51.95,2585260
2007-07-27,51.90,51.90,49.10,50.55,820697
2007-07-30,50.00,51.65,49.50,50.30,1037744
2007-07-31,50.70,51.80,49.55,51.15,697018
2007-08-01,50.20,50.75,47.60,47.90,656585
2007-08-02,48.80,49.00,47.50,47.70,412444
2007-08-03,48.75,48.95,47.80,48.10,225104
2007-08-06,47.00,47.55,46.65,47.25,340794
2007-08-07,47.55,49.50,47.55,48.55,644648
2007-08-08,49.25,51.50,49.10,50.95,882342
2007-08-09,52.00,52.20,48.70,49.10,569762
2007-08-10,47.50,49.20,46.25,48.30,726890
2007-08-13,49.50,49.50,48.15,49.00,365923
2007-08-14,49.40,52.00,49.00,50.75,1010426
2007-08-16,49.10,49.80,47.55,48.15,614678
2007-08-17,48.00,52.10,45.85,51.45,1726856
2007-08-20,53.20,54.90,52.50,53.10,2914483
2007-08-21,53.50,54.00,48.60,49.30,1200163
2007-08-22,50.40,51.50,47.50,49.35,770457
2007-08-23,49.95,50.70,47.30,47.85,489925
2007-08-24,48.95,50.10,47.75,49.55,436832
2007-08-27,50.90,51.50,50.00,51.25,371513
2007-08-28,52.40,52.40,50.65,51.60,409384
2007-08-29,51.60,51.60,50.05,51.25,234663
2007-08-30,51.90,53.50,51.55,52.20,0
2007-08-31,52.50,53.00,52.20,52.35,210526
2007-09-03,54.70,58.00,53.25,56.70,1903115
2007-09-04,57.80,58.60,56.30,56.65,1696887
2007-09-05,57.20,57.70,54.80,55.30,672882
2007-09-06,54.50,57.30,53.60,56.30,675649
2007-09-07,56.00,57.30,54.90,55.25,521014
2007-09-10,54.00,56.00,54.00,55.85,582702
2007-09-11,56.40,58.50,56.00,57.05,1546815
2007-09-12,58.00,65.25,57.60,63.75,7734696
2007-09-13,62.10,66.60,62.10,64.75,4011817
2007-09-14,59.70,68.20,59.70,65.90,4451563
2007-09-17,66.70,66.80,64.10,64.70,990112
2007-09-18,64.75,74.25,62.75,72.95,6586936
2007-09-19,76.40,77.40,71.15,71.70,4249379
2007-09-20,72.50,80.80,72.10,77.95,7476080
2007-09-21,78.50,82.30,76.50,79.55,4700925
2007-09-24,80.00,80.90,74.50,77.00,2534509
2007-09-25,78.05,78.45,72.25,75.50,2422254
2007-09-26,75.50,81.40,74.50,76.05,3882320
2007-09-27,78.00,79.40,72.15,72.85,2498088
2007-09-28,74.00,75.50,72.00,74.75,1813309
2007-10-01,74.10,76.15,73.10,74.75,1114434
2007-10-03,75.00,76.50,69.50,71.95,1287207
2007-10-04,72.10,74.10,70.20,72.20,880989
2007-10-05,73.00,73.45,68.00,68.55,737467
2007-10-08,69.10,69.90,60.65,61.25,1548826
2007-10-09,60.25,71.90,58.00,70.95,4286574
2007-10-10,73.30,77.10,72.20,74.75,3172362
2007-10-11,76.50,80.80,73.20,77.80,2233607
2007-10-12,73.25,82.50,73.00,77.35,4852790
2007-10-15,77.00,80.60,76.40,76.80,1933039
2007-10-16,75.00,84.70,75.00,80.15,5050736
2007-10-17,78.90,78.90,66.40,75.25,3561877
2007-10-18,81.20,81.40,68.50,71.05,2952945
2007-10-19,73.00,74.90,66.00,67.30,2989570
2007-10-22,65.80,72.40,64.40,67.75,2706421
2007-10-23,69.00,76.60,69.00,75.20,4057560
2007-10-24,78.90,86.25,77.00,84.85,9878617
2007-10-25,85.50,87.60,82.20,83.15,4557620
2007-10-26,84.00,96.50,83.60,94.90,10376794
2007-10-29,96.55,102.00,95.60,96.80,9866527
2007-10-30,97.70,101.25,91.60,95.20,6839526
2007-10-31,95.50,99.50,93.10,97.30,3598552
2007-11-01,99.80,103.70,92.50,94.25,6042796
2007-11-02,91.00,98.90,90.25,98.05,3172490
2007-11-05,98.10,99.95,94.50,95.50,2514383
2007-11-06,96.00,98.20,92.30,93.15,966503
2007-11-07,92.40,98.00,92.00,93.70,1488555
2007-11-08,93.00,96.20,90.60,92.90,1173925
2007-11-09,94.25,94.85,90.10,91.60,257925
2007-11-12,91.00,94.50,85.30,93.05,2037744
2007-11-13,93.05,100.95,92.00,96.35,4412855
2007-11-14,99.00,102.00,97.25,98.55,3719675
2007-11-15,99.00,111.80,97.85,109.85,6834023
2007-11-16,111.90,116.80,107.50,112.85,4576641
2007-11-19,115.70,118.00,110.00,112.55,1890218
2007-11-20,110.00,114.70,102.90,105.30,1772702
2007-11-21,109.70,109.70,96.15,97.80,2341376
2007-11-22,97.45,99.90,87.00,95.30,2918905
2007-11-23,97.50,105.50,96.10,102.75,2796843
2007-11-26,105.00,111.50,103.30,109.75,3066286
2007-11-27,110.00,111.35,106.00,108.20,1676211
2007-11-28,109.00,116.25,108.00,112.45,5362259
2007-11-29,115.00,123.45,113.00,119.00,9513185
2007-11-30,121.95,123.80,117.00,119.35,2824052
2007-12-03,121.00,123.95,119.15,119.65,1966541
2007-12-04,121.50,122.00,116.50,117.45,1120825
2007-12-05,118.20,129.20,118.20,127.35,3952138
2007-12-06,134.50,134.50,125.00,128.20,3077289
2007-12-07,130.70,132.00,121.30,127.95,2888207
2007-12-10,128.00,136.80,128.00,130.65,4686683
2007-12-11,133.00,133.65,129.00,131.10,1636745
2007-12-12,128.90,131.45,125.30,129.25,1729454
2007-12-13,129.00,131.90,126.10,127.40,1847522
2007-12-14,127.00,128.90,125.40,127.45,1109150
2007-12-17,126.45,127.70,120.00,121.40,1233842
2007-12-18,123.95,125.50,116.10,123.45,980691
2007-12-19,127.00,130.00,122.00,125.20,1444686
2007-12-20,127.00,127.80,122.35,123.85,621539
2007-12-24,123.00,127.20,123.00,125.70,393835
2007-12-26,127.00,131.70,124.35,130.75,2398268
2007-12-27,132.30,133.80,128.85,131.70,2970732
2007-12-28,131.35,132.90,128.15,129.80,984722
2007-12-31,130.30,131.65,125.55,127.50,2029166
2008-01-01,129.65,131.00,126.55,129.05,922658
2008-01-02,129.00,132.20,128.00,130.10,3032418
2008-01-03,130.00,131.40,124.60,128.10,1963092
2008-01-04,128.25,135.00,127.65,131.50,3287251
2008-01-07,128.50,134.50,126.05,130.75,1504231
2008-01-08,132.00,134.00,123.40,126.45,1108225
2008-01-09,125.90,127.80,121.25,124.00,822103
2008-01-10,124.00,126.85,110.00,116.70,1285735
2008-01-11,117.00,125.90,114.00,124.50,2298317
2008-01-14,121.65,126.45,120.60,123.50,633338
2008-01-15,125.90,125.90,120.00,120.65,453009
2008-01-16,119.30,123.80,117.10,122.75,664804
2008-01-17,123.70,125.45,120.85,122.45,433772
2008-01-18,121.95,121.95,112.50,115.30,454624
2008-01-21,116.00,116.00,90.00,97.95,917460
2008-01-22,89.00,93.00,75.00,80.80,938666
2008-01-23,88.00,99.70,81.00,91.80,1815569
2008-01-24,93.00,100.00,85.00,86.35,815161
2008-01-25,88.00,99.80,86.75,98.40,758876
2008-01-28,90.00,101.30,90.00,99.95,680786
2008-01-29,103.10,105.65,96.60,101.25,921921
2008-01-30,101.25,101.25,93.10,94.55,703392
2008-01-31,91.50,104.50,89.00,94.70,4522953
2008-02-01,96.00,99.35,90.65,93.35,1684758
2008-02-04,95.50,106.00,92.25,102.10,2567166
2008-02-05,95.00,112.80,95.00,110.35,3198870
2008-02-06,109.80,110.55,96.20,108.00,1327716
2008-02-07,108.00,114.25,101.00,102.60,1990897
2008-02-08,103.00,105.80,96.00,99.65,2151632
2008-02-11,95.35,100.50,91.00,93.30,1031150
2008-02-12,94.20,97.00,88.10,89.60,783378
2008-02-13,91.30,94.50,85.65,89.25,838360
2008-02-14,93.25,105.00,93.25,104.30,2337447
2008-02-15,104.00,107.25,97.40,104.80,1672965
2008-02-18,100.25,106.60,99.00,99.95,1585167
2008-02-19,95.00,105.90,95.00,100.05,2300742
2008-02-20,99.00,102.00,92.55,94.20,2126770
2008-02-21,96.00,99.70,92.55,93.90,1413735
2008-02-22,91.15,97.60,91.00,94.40,1429653
2008-02-25,96.10,96.70,91.80,94.05,502421
2008-02-26,95.75,99.40,94.60,96.30,1561510
2008-02-27,98.00,102.40,97.05,99.95,2562607
2008-02-28,100.00,101.50,97.05,98.85,1292464
2008-02-29,98.85,101.40,95.50,100.05,1072738
2008-03-03,99.70,100.00,92.45,92.95,647736
2008-03-04,94.70,94.70,85.60,87.25,929030
2008-03-05,93.25,93.25,75.10,88.80,1215155
2008-03-07,86.50,86.50,81.50,85.10,1073241
2008-03-10,80.40,88.70,79.20,87.35,786706
2008-03-11,85.15,92.50,85.10,89.95,621470
2008-03-12,94.50,95.00,86.00,86.85,730766
2008-03-13,84.20,85.50,81.15,83.55,566779
2008-03-14,89.70,95.00,80.65,82.80,640561
2008-03-17,76.25,81.00,74.00,75.55,1108500
2008-03-18,74.00,77.10,70.10,71.55,1842839
2008-03-19,75.00,76.90,69.00,69.55,1824039
2008-03-24,70.50,77.00,69.50,73.45,1416505
2008-03-25,75.50,81.00,75.00,80.00,1240088
2008-03-26,82.90,87.85,81.55,85.90,1915340
2008-03-27,85.95,87.00,79.10,81.40,1986783
2008-03-28,82.50,83.80,77.20,82.05,1626543
2008-03-31,81.50,82.00,78.20,78.65,435909
2008-04-01,80.00,80.30,76.30,77.95,306351
2008-04-02,81.40,86.70,75.00,77.15,385321
2008-04-03,77.00,80.00,76.10,76.60,294167
2008-04-04,77.40,77.50,73.60,74.70,370179
2008-04-07,74.00,78.25,74.00,77.40,394285
2008-04-08,77.50,81.40,76.50,79.00,684893
2008-04-09,79.00,81.40,78.10,80.90,513613
2008-04-10,81.00,83.00,80.10,80.65,575149
2008-04-11,80.40,85.20,79.50,82.15,961395
2008-04-15,81.75,84.90,80.00,83.20,763933
2008-04-16,84.60,85.50,82.30,82.75,306393
2008-04-17,82.75,91.90,82.75,89.45,1648981
2008-04-21,88.50,95.30,87.20,94.15,1179031
2008-04-22,94.00,95.95,92.00,92.30,665645
2008-04-23,93.00,95.00,90.10,91.80,664930
2008-04-24,91.80,94.00,85.85,88.90,1902886
2008-04-25,89.20,93.30,88.30,92.35,1103867
2008-04-28,94.00,94.25,87.70,89.00,737407
2008-04-29,89.55,95.00,88.25,92.20,1474952
2008-04-30,92.70,93.90,90.00,90.40,493418
2008-05-02,91.00,103.50,91.00,102.35,5501823
2008-05-05,104.00,105.70,99.00,100.00,3283097
2008-05-06,100.40,103.75,98.50,100.25,2604068
2008-05-07,101.00,101.25,95.00,96.45,1556237
2008-05-08,94.05,99.00,94.05,96.50,929427
2008-05-09,92.00,97.50,90.05,91.10,914844
2008-05-12,89.90,91.15,86.45,88.15,1401086
2008-05-13,91.50,91.50,84.60,85.40,1518802
2008-05-14,83.90,86.35,81.50,85.70,1193172
2008-05-15,86.50,87.95,85.00,86.55,929156
2008-05-16,86.40,89.40,86.40,87.70,1164718
2008-05-20,88.00,92.40,86.35,89.35,2082807
2008-05-21,87.50,88.95,87.00,88.00,544046
2008-05-22,86.50,87.55,85.50,86.00,556603
2008-05-23,87.00,87.80,83.50,83.85,432078
2008-05-26,86.60,86.60,80.10,80.65,443659
2008-05-27,82.00,82.00,77.60,78.20,508894
2008-05-28,79.85,79.85,75.55,78.60,640229
2008-05-29,79.00,80.95,77.05,77.55,714118
2008-05-30,78.10,79.90,77.00,77.25,518431
2008-06-02,80.25,80.25,70.00,71.85,1396527
2008-06-03,72.00,73.45,68.00,72.85,663444
2008-06-04,72.85,74.45,69.75,70.20,727069
2008-06-05,68.00,72.00,68.00,71.30,397830
2008-06-06,72.40,72.60,70.00,70.05,626862
2008-06-09,68.00,68.40,64.90,66.55,471085
2008-06-10,65.15,69.90,65.15,68.75,592977
2008-06-11,69.00,70.90,68.05,69.10,408879
2008-06-12,69.00,72.00,66.10,71.15,522709
2008-06-13,72.00,76.00,71.50,75.05,822487
2008-06-16,82.70,82.70,71.80,72.60,490244
2008-06-17,73.30,75.80,72.10,75.05,505983
2008-06-18,75.50,78.25,72.25,73.00,725388
2008-06-19,72.00,73.35,69.90,71.10,387312
2008-06-20,73.00,73.00,68.00,68.35,443216
2008-06-23,65.10,67.70,64.90,65.05,381074
2008-06-24,66.00,66.70,62.00,63.25,562376
2008-06-25,61.00,62.95,60.00,61.15,679444
2008-06-26,62.00,63.80,57.30,59.50,1648896
2008-06-27,57.25,58.00,54.50,55.00,1290516
2008-06-30,56.00,56.70,52.70,54.05,540680
2008-07-01,53.00,56.40,52.00,52.95,1016063
2008-07-02,53.80,56.00,50.25,55.60,457698
2008-07-03,54.50,55.05,51.50,53.05,349381
2008-07-04,54.00,54.40,52.30,53.55,460925
2008-07-07,54.55,55.45,51.05,51.70,1765438
2008-07-08,48.50,53.00,48.50,51.90,1594543
2008-07-09,54.75,56.00,53.25,54.00,1273500
2008-07-10,53.50,60.35,53.50,59.15,2049983
2008-07-11,60.00,60.50,54.60,55.30,1476851
2008-07-14,54.85,57.40,53.00,55.05,897795
2008-07-15,54.00,54.40,50.00,50.30,764082
2008-07-16,50.00,51.90,49.15,49.75,742277
2008-07-17,50.25,52.80,50.00,50.60,791877
2008-07-18,51.40,53.65,50.50,52.75,894221
2008-07-21,52.85,53.50,51.25,52.30,419291
2008-07-22,53.30,54.25,52.00,52.75,789518
2008-07-23,55.00,60.30,55.00,58.75,2000951
2008-07-24,61.00,63.00,57.10,57.80,1590517
2008-07-25,56.90,60.30,54.25,59.05,1024134
2008-07-28,58.00,60.90,57.30,59.60,1245912
2008-07-29,58.50,58.90,55.00,55.25,804246
2008-07-30,56.30,58.45,56.30,56.80,572376
2008-07-31,57.50,58.00,56.00,56.55,863688
2008-08-01,56.00,58.85,55.60,58.45,557379
2008-08-04,59.00,61.40,58.05,60.60,1300470
2008-08-05,60.60,65.50,60.60,64.70,2898555
2008-08-06,66.00,68.30,63.75,65.40,3259636
2008-08-07,64.55,66.55,63.20,63.80,1106848
2008-08-08,63.25,66.20,62.15,65.30,866317
2008-08-11,65.95,67.15,65.50,66.05,585093
2008-08-12,66.45,66.45,63.05,63.80,440249
2008-08-13,63.00,64.90,61.50,62.50,442014
2008-08-14,62.00,62.90,59.55,60.15,433260
2008-08-18,59.00,61.50,58.60,59.35,268109
2008-08-19,58.15,59.85,58.15,59.35,135858
2008-08-20,60.00,61.30,60.00,60.65,258619
2008-08-21,60.00,60.70,58.20,58.45,121915
2008-08-22,58.10,59.75,58.05,59.30,257623
2008-08-25,61.00,61.00,58.00,58.85,188587
2008-08-26,58.20,62.30,58.20,61.75,457739
2008-08-27,62.70,63.25,59.10,59.75,692708
2008-08-28,60.00,60.70,55.50,56.40,863880
2008-08-29,57.80,61.30,57.80,60.20,844905
2008-09-01,59.20,60.90,58.25,60.45,279941
2008-09-02,60.70,63.40,60.40,62.25,674979
2008-09-04,60.70,62.90,60.70,62.20,506179
2008-09-05,61.00,62.15,60.25,60.60,385692
2008-09-08,62.50,63.40,61.50,61.95,294782
2008-09-09,62.00,62.00,60.50,60.90,196925
2008-09-10,60.50,61.65,58.60,59.40,278689
2008-09-11,59.40,60.40,58.25,58.85,221376
2008-09-15,55.95,55.95,53.05,54.10,249444
2008-09-16,52.00,54.90,51.15,54.00,418179
2008-09-17,55.40,57.40,53.25,53.90,1003051
2008-09-18,51.50,54.05,48.20,53.35,449305
2008-09-19,57.50,57.50,53.70,56.10,1221871
2008-09-22,57.15,57.40,53.70,54.20,274849
2008-09-23,53.35,54.15,52.85,53.50,214114
2008-09-24,53.15,56.25,53.15,55.75,663069
2008-09-25,55.70,57.05,54.60,55.95,1159619
2008-09-26,55.00,58.05,55.00,57.30,1171815
2008-09-29,56.05,57.10,52.40,53.20,303386
2008-09-30,51.00,57.00,50.15,55.45,338146
2008-10-01,56.00,59.80,54.30,57.80,510180
2008-10-03,57.50,58.35,55.25,55.50,293618
2008-10-06,55.75,55.75,51.65,52.65,475938
2008-10-07,54.50,56.00,49.50,50.20,292325
2008-10-08,49.05,50.00,41.15,48.30,448788
2008-10-10,45.00,47.00,41.00,43.00,611730
2008-10-13,45.00,47.25,44.80,46.05,355950
2008-10-14,47.80,50.40,47.15,47.60,321745
2008-10-15,47.00,47.90,44.15,44.70,180518
2008-10-16,40.00,47.00,38.00,46.45,704874
2008-10-17,48.00,49.25,42.00,43.60,374212
2008-10-20,43.70,45.30,42.20,42.65,526375
2008-10-21,43.10,43.80,41.80,43.20,639488
2008-10-22,42.50,45.45,42.25,43.75,346638
2008-10-23,43.00,43.25,41.55,42.45,268355
2008-10-24,42.00,43.00,38.50,39.30,358592
2008-10-27,39.00,39.00,30.05,33.50,838713
2008-10-28,38.90,38.90,35.50,36.00,101750
2008-10-29,37.00,40.15,36.30,38.50,781797
2008-10-31,38.00,41.00,38.00,40.60,203231
2008-11-03,42.00,44.00,41.50,42.45,260130
2008-11-04,42.50,44.80,41.30,43.90,392913
2008-11-05,46.00,46.25,43.05,43.80,328181
2008-11-06,42.05,45.25,41.00,44.65,203653
2008-11-07,43.50,45.45,43.10,44.75,141414
2008-11-10,45.00,46.60,44.50,45.50,138420
2008-11-11,45.60,45.60,42.30,42.60,76719
2008-11-12,42.00,42.85,40.50,41.10,101806
2008-11-14,42.00,42.90,40.50,40.90,96980
2008-11-17,41.45,41.90,39.00,41.00,116930
2008-11-18,39.75,40.50,37.45,37.95,156277
2008-11-19,37.60,39.90,36.45,36.90,99761
2008-11-20,36.00,36.85,33.10,33.75,202627
2008-11-21,33.00,35.25,32.00,34.80,163941
2008-11-24,35.00,35.10,33.80,34.15,111982
2008-11-25,34.30,35.75,33.15,33.70,97246
2008-11-26,33.60,34.20,31.40,32.55,182262
2008-11-28,32.00,34.45,31.55,31.90,403869
2008-12-01,32.90,33.00,30.15,30.50,214580
2008-12-02,29.25,29.90,28.10,29.45,199302
2008-12-03,29.95,30.50,29.10,29.75,171412
2008-12-04,30.00,32.45,29.90,31.95,289050
2008-12-05,32.40,34.25,31.50,33.00,216253
2008-12-08,35.00,35.00,32.00,32.20,270152
2008-12-10,33.80,33.80,30.55,31.60,611003
2008-12-11,32.00,33.90,31.70,32.95,566411
2008-12-12,32.00,34.40,31.15,34.00,307425
2008-12-15,34.50,40.00,34.25,39.25,902589
2008-12-16,39.55,41.50,38.40,38.95,509126
2008-12-17,40.00,40.75,35.10,35.90,380297
2008-12-18,35.60,38.80,35.10,38.30,325343
2008-12-19,39.00,39.25,37.40,38.35,293873
2008-12-22,38.05,41.10,38.05,38.95,484180
2008-12-23,38.80,38.90,37.25,37.65,153351
2008-12-24,37.50,38.20,36.30,36.60,309160
2008-12-26,37.25,38.10,35.30,36.05,125939
2008-12-29,36.30,36.75,34.25,36.40,140672
2008-12-30,37.00,37.70,36.55,37.05,153424
2008-12-31,38.10,39.70,37.10,37.55,580085
2009-01-01,38.00,39.60,37.50,39.25,213544
2009-01-02,39.60,44.40,38.85,41.40,1242496
2009-01-05,44.20,46.45,43.50,46.05,2557753
2009-01-06,46.90,46.90,42.50,43.60,934935
2009-01-07,43.30,44.80,36.60,38.10,614052
2009-01-09,37.00,37.90,35.45,37.50,284476
2009-01-12,38.90,38.90,36.05,36.25,204373
2009-01-13,36.45,36.90,35.00,36.00,215246
2009-01-14,36.65,38.50,36.65,38.40,217367
2009-01-15,37.60,39.40,36.00,37.45,1238428
2009-01-16,38.00,39.00,37.65,38.05,449667
2009-01-19,38.40,38.70,37.25,37.55,121665
2009-01-20,36.65,37.95,36.15,37.25,148391
2009-01-21,36.25,37.25,35.50,35.90,115417
2009-01-22,36.50,36.80,34.55,34.80,325825
2009-01-23,34.10,35.15,32.65,32.85,228276
2009-01-27,34.00,34.00,32.55,32.85,336674
2009-01-28,33.25,33.25,32.15,32.95,232904
2009-01-29,33.50,33.90,32.50,32.70,350569
2009-01-30,32.20,34.00,32.20,33.35,406233
2009-02-02,32.75,33.95,32.05,32.70,206802
2009-02-03,33.00,33.30,31.55,31.75,277428
2009-02-04,32.10,32.60,31.90,32.15,176083
2009-02-05,32.20,32.90,31.85,32.20,173771
2009-02-06,32.60,33.75,32.25,33.05,252496
2009-02-09,33.00,34.75,33.00,34.35,1349743
2009-02-10,35.00,35.80,34.00,34.35,285788
2009-02-11,33.95,35.40,33.25,35.05,211307
2009-02-12,35.40,36.80,34.60,34.85,248230
2009-02-13,34.95,35.90,34.10,34.45,175355
2009-02-16,34.45,35.00,33.10,33.30,107605
2009-02-17,33.05,33.40,31.75,32.15,206694
2009-02-18,31.85,32.80,31.50,31.80,133822
2009-02-19,32.00,32.70,31.10,31.45,235222
2009-02-20,31.10,31.70,30.65,31.30,186551
2009-02-24,31.30,31.30,30.00,30.65,184933
2009-02-25,31.25,31.70,30.60,30.80,219645
2009-02-26,31.30,31.30,29.60,30.05,418478
2009-02-27,30.00,30.75,29.60,30.20,148530
2009-03-02,30.00,30.10,28.30,28.60,113862
2009-03-03,28.50,29.30,28.00,28.55,123072
2009-03-04,28.40,29.30,28.00,28.10,77827
2009-03-05,28.50,29.45,27.00,27.40,118511
2009-03-06,26.15,29.20,26.15,28.45,339419
2009-03-09,27.85,28.60,27.60,28.05,134981
2009-03-12,29.00,30.00,28.55,28.90,161158
2009-03-13,29.25,30.05,29.25,29.75,138568
2009-03-16,29.90,30.55,29.80,30.10,136774
2009-03-17,30.10,32.00,29.90,30.25,349863
2009-03-18,30.90,31.80,30.00,30.70,173510
2009-03-19,31.00,31.20,30.10,30.60,102255
2009-03-20,30.90,30.95,30.10,30.30,108048
2009-03-23,30.70,31.50,30.30,31.25,152317
2009-03-24,31.80,32.90,30.40,30.70,674879
2009-03-25,30.60,31.40,30.35,31.15,237526
2009-03-26,31.40,34.45,31.35,33.35,808814
2009-03-27,35.00,35.45,34.00,34.35,1163937
2009-03-30,34.20,34.40,31.50,31.75,285304
2009-03-31,32.00,32.95,31.10,32.10,3815545
2009-04-01,33.00,34.15,32.15,33.25,380108
2009-04-02,34.00,34.70,33.50,33.90,816391
2009-04-06,34.65,37.00,33.70,36.55,1426845
2009-04-08,34.20,39.10,34.00,37.90,1506928
2009-04-09,38.75,41.00,37.25,38.60,1255155
2009-04-13,39.00,42.35,37.85,40.80,1948085
2009-04-15,40.50,43.50,39.35,42.25,1203735
2009-04-16,43.00,43.50,38.10,39.20,991774
2009-04-17,39.90,42.85,39.30,40.15,917703
2009-04-20,40.00,44.05,40.00,42.65,1275702
2009-04-21,41.10,45.70,40.70,43.80,1510755
2009-04-22,44.40,46.90,40.90,41.85,1177676
2009-04-23,43.70,43.70,40.55,42.75,522503
2009-04-24,42.95,44.40,41.80,43.85,605882
2009-04-27,43.00,44.60,42.00,42.60,456841
2009-04-28,43.00,43.00,40.00,40.35,358442
2009-04-29,41.75,41.75,40.25,40.65,577913
2009-05-04,41.75,45.40,41.10,44.00,1045219
2009-05-05,45.90,48.40,45.00,46.85,4243374
2009-05-06,47.70,48.60,45.00,45.65,1928855
2009-05-07,46.45,47.50,46.00,46.90,951067
2009-05-08,46.90,47.40,45.00,45.90,642597
2009-05-11,46.65,47.00,43.15,43.85,416437
2009-05-12,43.90,45.95,42.65,44.90,560475
2009-05-13,45.50,45.50,43.00,43.25,879632
2009-05-14,43.00,43.95,42.00,42.55,972260
2009-05-15,43.40,45.00,41.65,42.15,2372249
2009-05-18,47.00,49.90,46.00,48.25,14660
2009-05-19,53.40,55.40,42.05,54.25,4566671
2009-05-20,54.00,59.00,53.60,56.70,1863228
2009-05-21,57.85,60.95,54.50,55.00,3459853
2009-05-22,55.00,58.25,54.90,56.90,2952361
2009-05-25,58.50,61.00,58.00,59.50,4220964
2009-05-26,59.90,61.10,55.50,56.55,2653724
2009-05-27,57.90,63.90,57.80,61.70,6888346
2009-05-28,62.00,66.80,61.00,65.85,6491575
2009-05-29,66.85,72.75,66.85,71.45,6155480
2009-06-01,72.50,78.80,67.90,78.05,7361891
2009-06-02,75.05,79.45,71.60,74.90,2534698
2009-06-03,75.60,76.60,71.20,73.10,1841918
2009-06-04,72.40,75.00,70.25,73.95,1581182
2009-06-05,75.85,76.80,72.25,72.85,1395937
2009-06-08,73.50,77.20,68.10,69.35,1923086
2009-06-09,68.40,72.85,66.25,71.60,1292748
2009-06-10,73.10,78.60,72.70,77.15,3793027
2009-06-11,78.80,78.80,73.25,75.10,2179449
2009-06-12,75.90,77.85,72.50,73.30,1522457
2009-06-15,72.55,73.60,68.90,70.20,1806441
2009-06-16,69.45,84.70,69.00,82.35,8965321
2009-06-17,84.50,85.10,77.15,79.00,5859424
2009-06-18,77.00,83.70,73.20,80.25,5205161
2009-06-19,80.95,85.40,75.30,83.25,4249731
2009-06-22,86.50,86.50,79.65,81.65,4163591
2009-06-23,78.10,91.50,77.10,89.50,7450713
2009-06-24,90.15,90.70,85.40,87.45,5232682
2009-06-25,88.00,91.30,84.50,85.65,5000868
2009-06-26,87.20,90.80,86.55,89.45,4446332
2009-06-29,89.90,94.50,86.75,91.40,7066239
2009-06-30,92.60,92.90,85.15,86.00,5304717
2009-07-01,85.40,87.45,82.55,86.35,2605109
2009-07-02,86.90,87.00,83.05,85.35,1595187
2009-07-03,84.00,86.50,83.25,85.15,2962379
2009-07-06,85.80,90.00,73.35,75.15,4039382
2009-07-07,75.90,78.70,72.50,77.55,2999838
2009-07-08,76.90,90.60,72.50,83.20,15383514
2009-07-09,84.00,85.20,81.00,83.25,6411785
2009-07-10,83.90,86.55,78.05,80.55,3335674
2009-07-13,84.00,84.00,75.60,77.80,2452112
2009-07-14,79.70,86.90,79.05,84.20,2837595
2009-07-15,85.60,88.85,83.35,87.60,3008494
2009-07-16,89.70,90.30,84.90,85.60,1569842
2009-07-17,86.25,89.50,86.05,87.55,1603226
2009-07-20,89.00,96.00,87.10,94.85,4239039
2009-07-21,94.50,94.50,86.65,90.55,2999119
2009-07-22,91.15,93.45,87.10,88.05,1656140
2009-07-23,89.85,91.20,87.25,90.55,1808505
2009-07-24,91.60,92.80,89.05,91.10,1359536
2009-07-27,92.60,92.60,90.00,91.35,795022
2009-07-28,91.60,93.35,89.80,90.30,928882
2009-07-29,89.80,90.40,84.50,87.25,1228573
2009-07-30,87.50,87.75,83.80,85.20,0
2009-07-31,86.40,89.30,85.95,86.80,758467
2009-08-03,87.25,88.50,86.05,86.85,554222
2009-08-04,87.65,89.00,85.50,88.40,1092083
2009-08-05,88.70,89.50,86.00,87.85,528540
2009-08-06,87.70,91.65,85.10,86.85,1547586
2009-08-07,86.30,88.40,84.90,86.05,751633
2009-08-10,87.10,88.80,85.40,86.40,598450
2009-08-11,86.40,88.30,85.00,87.85,534845
2009-08-12,79.50,90.70,79.50,90.05,1730776
2009-08-13,91.40,94.75,90.70,93.20,1910589
2009-08-14,93.90,99.35,92.70,96.15,3037743
2009-08-17,94.00,97.25,92.00,92.45,1050674
2009-08-18,92.60,94.40,92.00,92.75,464072
2009-08-19,93.40,94.80,89.50,92.30,862537
2009-08-20,93.00,96.40,92.95,93.95,1062346
2009-08-21,93.60,96.20,92.60,95.45,1067241
2009-08-24,96.00,103.20,96.00,100.95,2108993
2009-08-25,99.90,101.90,99.40,101.05,679170
2009-08-26,101.50,103.65,100.00,100.40,641915
2009-08-27,100.30,101.95,96.00,99.20,914308
2009-08-28,100.35,102.30,99.00,100.05,537451
2009-08-31,99.20,103.00,98.60,102.35,1686554
2009-09-01,103.80,104.40,98.45,99.15,909987
2009-09-02,101.10,101.10,97.10,98.95,486831
2009-09-03,99.90,101.50,99.70,100.25,336196
2009-09-04,101.00,101.40,99.10,99.80,260690
2009-09-07,100.80,103.55,100.70,102.95,620288
2009-09-08,103.40,103.80,98.55,98.95,975187
2009-09-09,99.40,101.15,99.00,99.75,1037476
2009-09-10,101.50,102.00,98.00,98.60,631273
2009-09-11,99.25,105.75,99.25,104.80,4238324
2009-09-14,104.40,109.70,101.50,106.20,3019006
2009-09-15,106.80,111.00,106.20,108.15,1863493
2009-09-16,109.00,115.00,109.00,111.20,2552612
2009-09-17,112.60,113.40,109.20,110.95,1095315
2009-09-18,110.85,111.00,107.00,107.85,559201
2009-09-22,107.50,112.85,107.05,110.10,944116
2009-09-23,110.80,118.35,110.30,112.00,2720530
2009-09-24,110.00,115.00,110.00,113.25,1998591
2009-09-25,112.00,115.90,112.00,113.70,843806
2009-09-29,110.05,116.45,110.05,112.05,1262504
2009-09-30,112.50,117.35,111.50,115.60,1814506
2009-10-01,116.00,116.00,112.75,113.05,774833
2009-10-05,111.80,116.20,110.75,112.00,1178557
2009-10-06,112.80,113.45,108.50,111.95,727170
2009-10-07,112.50,115.85,111.00,114.75,1464805
2009-10-08,115.40,119.30,113.30,117.90,1860169
2009-10-09,118.80,118.90,114.10,115.95,979351
2009-10-12,116.75,118.75,115.85,117.95,797253
2009-10-14,127.70,127.70,118.50,123.85,4405239
2009-10-15,126.80,128.00,123.00,124.65,1702316
2009-10-16,125.15,135.00,123.65,133.95,3338764
2009-10-20,135.00,145.70,134.20,136.50,3576658
2009-10-21,137.70,141.85,135.00,135.45,1490073
2009-10-22,135.90,137.80,131.30,133.15,1293542
2009-10-23,135.40,140.45,134.90,139.45,1591782
2009-10-26,140.10,141.35,132.00,133.20,788645
2009-10-27,132.00,135.90,122.70,124.20,1416686
2009-10-28,124.50,125.80,113.90,121.80,2484213
2009-10-29,115.70,121.60,115.25,118.65,933451
2009-10-30,122.70,126.70,115.10,117.05,863940
2009-11-03,117.70,118.90,109.05,111.25,802985
2009-11-04,114.00,117.50,112.05,115.90,623671
2009-11-05,115.50,123.00,114.75,120.85,966471
2009-11-06,123.10,130.00,121.55,127.65,1221071
2009-11-09,130.00,136.30,128.25,133.85,1254063
2009-11-10,136.50,138.40,132.50,134.00,1334649
2009-11-11,134.00,138.20,131.20,135.45,985965
2009-11-12,140.00,140.00,131.55,132.90,1039765
2009-11-13,132.90,133.85,127.70,128.65,695270
2009-11-16,130.10,132.40,127.40,128.45,538396
2009-11-17,128.70,130.70,125.70,127.35,490705
2009-11-18,126.85,129.90,126.60,128.35,877236
2009-11-19,128.35,129.30,125.15,127.30,383459
2009-11-20,126.30,130.90,122.50,128.60,805840
2009-11-23,129.00,129.30,125.00,126.35,849340
2009-11-24,126.80,126.80,121.20,122.35,931271
2009-11-25,122.00,125.95,121.10,124.20,948238
2009-11-26,123.00,124.90,120.75,121.20,869231
2009-11-27,118.25,121.60,110.00,120.65,698833
2009-11-30,121.80,126.95,115.10,121.65,1139788
2009-12-01,123.20,125.50,122.00,124.95,927738
2009-12-02,125.95,136.50,125.95,133.40,2098858
2009-12-03,135.00,142.00,135.00,141.00,1852068
2009-12-04,140.15,141.40,134.60,136.70,1619128
2009-12-07,137.50,137.50,131.25,132.45,966654
2009-12-08,130.10,144.95,130.10,143.55,2093873
2009-12-09,141.00,143.20,136.30,138.55,1184669
2009-12-10,139.15,149.20,137.00,145.95,2095523
2009-12-11,147.40,147.90,140.00,141.45,858889
2009-12-14,141.30,144.90,137.70,141.10,818974
2009-12-15,142.20,147.75,138.10,139.90,1603734
2009-12-16,141.90,143.45,138.60,139.55,879844
2009-12-17,139.10,143.80,138.25,141.20,948011
2009-12-18,140.00,140.40,137.25,138.00,779982
2009-12-21,138.90,138.90,133.35,134.15,571518
2009-12-22,135.00,136.10,132.25,133.35,779098
2009-12-23,133.55,139.00,133.50,137.95,702220
2009-12-24,138.50,141.80,137.25,139.45,701019
2009-12-29,141.00,141.10,137.75,138.80,424942
2009-12-30,140.10,141.20,138.10,139.80,504674
2009-12-31,140.40,150.05,138.10,143.45,1371017
2010-01-04,140.50,144.80,140.05,142.85,1042676
2010-01-05,144.70,144.75,141.75,142.70,551413
2010-01-06,143.90,147.00,142.30,146.10,995851
2010-01-07,146.00,147.00,142.00,142.80,580803
2010-01-08,143.20,144.95,141.80,142.30,382686
2010-01-11,143.05,143.70,141.05,142.50,579567
2010-01-12,143.90,143.90,139.00,139.95,309096
2010-01-13,139.00,142.00,135.95,137.20,568627
2010-01-14,138.50,140.85,136.70,137.60,517203
2010-01-15,139.40,144.35,139.40,141.75,1864430
2010-01-18,141.50,144.65,139.90,142.70,691462
2010-01-19,144.90,149.70,143.00,148.00,1543371
2010-01-20,150.10,154.70,149.50,151.90,2238831
2010-01-21,152.00,155.95,145.00,147.20,1115507
2010-01-22,145.00,152.00,142.00,150.60,762809
2010-01-25,151.00,152.00,142.60,144.85,660970
2010-01-27,143.00,143.90,136.75,140.15,1038743
2010-01-28,142.00,147.00,140.55,145.60,793199
2010-01-29,142.00,148.90,139.30,147.90,904441
2010-02-01,147.70,149.90,145.00,148.55,417317
2010-02-02,150.00,153.65,149.10,151.55,877414
2010-02-03,152.50,159.65,152.50,156.25,2106019
2010-02-04,156.50,156.50,153.95,155.05,955491
2010-02-05,150.00,152.80,143.35,146.10,898213
2010-02-08,151.70,151.70,144.00,148.35,533258
2010-02-09,147.80,152.80,145.75,151.00,751119
2010-02-10,152.00,153.00,149.05,150.15,395238
2010-02-11,151.00,151.85,149.10,149.85,205608
2010-02-15,149.85,152.00,148.95,149.85,204309
2010-02-16,150.30,151.95,149.55,151.05,319679
2010-02-17,152.60,156.30,151.05,153.80,584525
2010-02-18,152.10,154.90,151.60,153.75,607890
2010-02-19,151.35,156.95,151.35,155.55,632934
2010-02-22,158.50,160.80,154.00,154.60,342134
2010-02-23,154.60,154.60,147.15,148.55,1220032
2010-02-24,148.00,151.10,146.30,149.95,723246
2010-02-25,151.45,151.45,146.15,147.00,307061
2010-02-26,147.00,152.90,146.15,148.90,677344
2010-03-02,150.60,155.90,149.60,152.50,1168171
2010-03-03,153.95,167.30,152.70,164.80,2258245
2010-03-04,166.00,168.40,158.10,159.55,1517950
2010-03-05,160.05,162.95,157.85,159.75,857824
2010-03-08,161.40,161.95,157.55,159.00,551828
2010-03-09,161.00,161.00,155.00,155.35,317483
2010-03-10,157.00,163.65,156.35,162.95,1022096
2010-03-11,163.50,163.80,154.60,155.55,691260
2010-03-12,156.75,162.70,156.50,162.10,1126288
2010-03-15,160.10,161.45,158.00,160.35,250539
2010-03-16,159.00,167.00,159.00,165.50,983978
2010-03-17,167.05,169.70,164.60,168.00,1147875
2010-03-18,169.00,171.20,165.25,170.00,1357236
2010-03-19,170.00,174.90,167.70,174.25,1241408
2010-03-22,167.75,171.95,165.00,168.05,1056589
2010-03-23,169.10,172.50,167.00,169.40,603425
2010-03-25,169.40,171.95,169.00,170.75,294993
2010-03-26,169.70,179.00,169.70,178.25,894845
2010-03-29,180.95,185.45,177.55,179.75,2037744
2010-03-30,181.00,183.45,167.20,171.40,776190
2010-03-31,173.50,175.80,168.85,170.10,438401
2010-04-01,171.00,177.90,171.00,177.20,431262
2010-04-05,177.10,182.90,177.10,180.80,1308907
2010-04-06,182.40,182.90,179.10,180.35,1212356
2010-04-07,180.80,184.60,179.15,180.00,541218
2010-04-08,177.75,181.95,176.95,178.50,356217
2010-04-09,179.00,181.70,178.50,178.80,258720
2010-04-12,179.00,181.00,176.00,177.10,232898
2010-04-13,178.45,182.35,176.30,181.15,451685
2010-04-15,183.00,183.70,178.25,179.95,552758
2010-04-16,182.00,184.00,174.15,176.35,2936842
2010-04-19,180.00,184.25,172.20,182.10,2275598
2010-04-20,183.00,185.95,179.65,184.15,1152243
2010-04-21,184.90,194.90,183.70,193.85,2206666
2010-04-22,193.00,196.45,189.00,189.90,724389
2010-04-23,190.50,191.80,189.05,190.20,1342164
2010-04-26,192.40,194.75,191.00,191.80,319104
2010-04-27,192.90,192.90,188.90,191.00,223929
2010-04-28,186.35,189.50,185.55,186.80,466426
2010-04-29,188.00,193.75,186.60,192.65,524902
2010-04-30,194.20,195.00,191.60,193.90,445536
2010-05-03,191.55,196.75,188.25,189.60,380979
2010-05-04,193.30,193.30,188.65,190.90,367751
2010-05-05,187.50,192.40,184.60,191.55,475360
2010-05-06,192.00,194.35,186.55,187.65,618201
2010-05-07,184.70,186.95,178.25,179.50,547166
2010-05-10,180.60,186.60,180.25,181.65,645467
2010-05-11,183.70,185.40,178.70,180.15,411451
2010-05-12,179.55,185.90,177.00,185.00,558173
2010-05-13,186.40,187.35,181.25,185.20,366865
2010-05-14,185.00,185.40,182.80,184.65,236616
2010-05-17,182.00,185.90,174.10,180.05,565967
2010-05-18,179.30,189.95,179.30,188.20,755224
2010-05-19,187.00,191.90,180.00,180.80,675804
2010-05-20,182.70,207.00,181.15,196.20,3019195
2010-05-21,194.00,194.60,183.05,185.60,1266414
2010-05-24,187.70,193.40,186.00,187.10,1162938
2010-05-25,187.00,189.80,176.50,179.50,912161
2010-05-26,183.60,185.90,177.10,178.30,4798012
2010-05-27,178.50,188.30,178.50,187.35,3913662
2010-05-28,187.00,194.70,187.00,191.90,2801348
2010-05-31,193.55,199.00,190.05,196.10,1019093
2010-06-01,196.20,197.55,185.15,187.00,894700
2010-06-02,187.80,189.80,182.10,185.50,859331
2010-06-03,188.40,190.70,185.15,187.15,2025558
2010-06-04,188.50,190.95,186.10,190.35,602858
2010-06-07,184.90,190.90,184.10,186.25,409845
2010-06-08,186.65,188.40,181.25,182.00,435836
2010-06-09,183.00,184.60,179.00,181.55,399187
2010-06-10,182.00,183.20,180.00,181.65,426924
2010-06-11,183.65,194.45,183.65,191.05,2215166
2010-06-14,191.25,195.80,191.25,194.30,767895
2010-06-15,195.70,195.90,189.75,192.25,722625
2010-06-16,194.00,196.35,189.10,190.10,882500
2010-06-17,189.25,195.10,187.55,192.65,501562
2010-06-18,192.05,195.90,192.05,195.25,766312
2010-06-21,196.55,204.70,196.00,200.65,1497154
2010-06-22,201.00,212.00,201.00,206.40,4075681
2010-06-23,207.05,208.00,201.25,202.05,360762
2010-06-24,203.90,204.50,197.25,199.80,879714
2010-06-25,199.50,202.50,196.00,196.50,393768
2010-06-28,195.20,203.35,195.20,200.50,562615
2010-06-29,200.80,208.25,200.00,205.60,1010248
2010-06-30,196.40,207.00,196.40,205.25,529019
2010-07-01,204.00,207.35,203.00,205.55,286309
2010-07-02,205.55,208.50,204.90,205.95,340941
2010-07-05,205.00,209.90,205.00,207.80,399260
2010-07-06,207.75,210.90,207.60,210.15,497781
2010-07-07,212.00,215.00,209.50,210.35,815717
2010-07-08,213.00,220.80,213.00,218.85,1234906
2010-07-09,221.40,225.40,210.65,215.10,2980002
2010-07-12,216.00,219.75,212.65,214.55,1077564
2010-07-13,214.00,214.65,210.30,211.40,373880
2010-07-14,215.00,216.50,208.00,208.90,662209
2010-07-15,209.50,210.25,207.10,208.00,566598
2010-07-16,208.50,214.40,207.00,212.35,637076
2010-07-19,210.00,212.75,207.60,208.45,430480
2010-07-20,210.70,212.50,207.50,208.35,326675
2010-07-21,210.00,210.40,205.10,207.40,361332
2010-07-22,207.40,207.40,203.10,205.55,497497
2010-07-23,207.40,214.00,206.50,212.05,846528
2010-07-26,214.60,214.80,208.00,208.75,334180
2010-07-27,209.60,210.50,204.10,205.30,525922
2010-07-28,206.90,206.90,204.15,204.50,253054
2010-07-29,205.00,205.80,202.00,202.70,517502
2010-07-30,202.20,209.10,202.00,204.25,617208
2010-08-02,205.60,208.30,204.35,205.20,270978
2010-08-03,207.50,212.80,206.40,211.20,856328
2010-08-04,212.00,213.25,205.35,207.85,434869
2010-08-05,208.85,210.75,207.10,209.10,310712
2010-08-06,209.00,209.10,205.35,206.10,260154
2010-08-09,208.70,216.75,206.60,214.20,1214862
2010-08-10,214.60,221.80,214.60,219.15,1234125
2010-08-11,219.15,220.90,217.50,219.05,440741
2010-08-12,216.10,224.00,215.30,222.80,444585
2010-08-13,224.50,226.50,222.15,223.75,589278
2010-08-16,224.00,225.00,218.55,220.00,238109
2010-08-17,220.50,222.80,218.20,219.15,274492
2010-08-18,220.05,229.00,219.20,228.05,935060
2010-08-19,228.00,232.30,226.00,229.60,449594
2010-08-20,227.40,229.00,222.00,222.95,663381
2010-08-23,223.00,229.00,222.30,227.60,240698
2010-08-24,228.50,228.50,220.50,221.80,401521
2010-08-25,225.00,225.00,214.95,217.80,266740
2010-08-26,219.00,237.00,218.00,226.25,3411859
2010-08-27,228.00,232.10,226.70,228.75,762123
2010-08-30,230.85,233.00,226.00,229.35,288613
2010-08-31,229.35,230.00,219.20,221.65,365852
2010-09-01,223.95,229.70,223.25,228.90,651322
2010-09-02,230.10,231.50,225.25,226.65,312541
2010-09-03,228.00,235.00,228.00,233.25,2348096
2010-09-06,235.00,236.70,233.50,235.30,315114
2010-09-07,235.30,235.95,232.10,233.60,260465
2010-09-08,232.35,241.00,232.35,240.00,897952
2010-09-09,242.40,242.40,235.50,238.40,389254
2010-09-13,242.45,243.35,235.60,236.20,562702
2010-09-14,236.00,240.30,235.50,238.60,284598
2010-09-15,239.00,243.00,237.00,240.45,603133
2010-09-16,242.00,254.90,241.50,246.80,1529255
2010-09-17,250.00,265.00,248.10,262.80,2491314
2010-09-20,265.25,275.00,262.00,265.65,1300471
2010-09-21,270.95,273.90,264.00,265.85,1353269
2010-09-22,267.00,269.90,262.00,263.55,1640474
2010-09-23,265.00,265.00,250.70,254.60,873621
2010-09-24,255.00,264.00,249.55,256.25,1664623
2010-09-27,258.90,262.50,253.50,261.15,735272
2010-09-28,262.20,267.75,259.90,266.60,1564108
2010-09-29,268.60,270.00,265.50,266.95,745272
2010-09-30,269.10,269.10,260.00,265.90,920900
2010-10-01,265.90,267.55,260.55,264.60,1573470
2010-10-04,265.65,273.85,261.25,268.85,2466491
2010-10-05,270.80,281.30,267.50,278.80,1599236
2010-10-06,280.00,288.00,272.20,273.80,3500158
2010-10-07,279.00,280.40,273.00,278.40,1131898
2010-10-08,280.00,285.00,272.00,280.25,1427257
2010-10-11,284.00,287.80,272.75,274.80,2446729
2010-10-12,277.00,282.70,264.35,270.05,2213935
2010-10-13,274.00,274.00,265.00,269.20,2374642
2010-10-14,270.50,273.10,269.00,270.60,961009
2010-10-15,271.90,272.90,266.00,267.90,624795
2010-10-18,268.75,268.75,256.00,261.45,3772046
2010-10-19,262.00,274.00,261.55,265.10,3933103
2010-10-20,266.15,268.45,259.25,263.10,1101559
2010-10-21,265.70,268.00,263.25,264.80,485415
2010-10-22,268.00,275.40,266.00,274.50,1437758
2010-10-25,277.00,278.00,273.60,274.80,618952
2010-10-26,275.00,275.85,266.25,270.65,1099941
2010-10-27,270.10,274.00,269.00,270.85,306277
2010-10-28,271.60,275.50,268.30,270.45,1078267
2010-10-29,270.00,275.00,261.00,263.60,1653421
2010-11-01,268.40,293.30,266.35,285.95,2250710
2010-11-02,287.00,288.00,274.65,276.30,2088247
2010-11-03,279.10,283.90,277.40,279.90,1099671
2010-11-04,279.90,285.00,278.00,280.15,1155819
2010-11-05,283.70,283.70,279.00,279.95,131445
2010-11-08,281.00,282.75,274.00,280.90,593612
2010-11-09,281.00,291.85,279.80,288.05,2792018
2010-11-10,289.00,295.50,283.00,285.55,1554536
2010-11-11,287.50,307.45,286.00,295.45,6565144
2010-11-12,295.00,297.50,275.00,284.05,2708623
2010-11-15,283.00,297.00,280.00,293.30,1210904
2010-11-16,296.80,301.20,278.50,283.00,2716033
2010-11-18,284.00,288.00,268.05,274.30,3313277
2010-11-19,275.00,275.00,263.15,265.15,2330130
2010-11-22,267.20,282.70,264.55,279.65,1751947
2010-11-23,279.45,293.50,273.05,288.85,2987244
2010-11-24,288.00,293.00,277.60,280.85,2288760
2010-11-25,282.00,295.95,282.00,287.10,4656666
2010-11-26,288.00,292.45,275.00,284.70,3358642
2010-11-29,285.05,295.50,274.95,294.35,3915499
2010-11-30,294.00,299.95,285.00,292.35,18302100
2010-12-01,293.85,305.00,283.00,303.00,5507777
2010-12-02,307.00,309.40,295.10,297.15,1832049
2010-12-03,297.00,298.05,288.10,291.30,848292
2010-12-06,292.50,297.95,287.20,289.05,569298
2010-12-07,285.50,292.00,277.10,287.35,1730824
2010-12-08,286.75,287.85,274.80,277.60,1755156
2010-12-09,278.00,279.90,252.00,256.90,2410883
2010-12-10,260.00,274.95,247.30,260.10,1897667
2010-12-13,261.80,268.50,258.40,264.85,1105302
2010-12-14,267.40,270.50,262.50,268.20,671958
2010-12-15,268.50,268.50,253.10,255.65,1140070
2010-12-16,257.00,257.40,240.00,250.50,3543643
2010-12-20,251.85,254.00,241.25,244.45,1517050
2010-12-21,245.00,251.70,244.50,248.00,1380278
2010-12-22,248.60,255.20,247.00,250.60,1137030
2010-12-23,252.05,252.50,246.50,249.30,352117
2010-12-24,252.40,254.00,250.00,250.50,438935
2010-12-27,252.25,253.35,250.10,251.95,435459
2010-12-28,251.95,254.90,248.15,251.85,678891
2010-12-29,252.40,254.70,252.05,253.15,420442
2010-12-30,254.90,266.90,253.50,262.45,892299
2010-12-31,266.50,270.80,263.10,264.85,659898
2011-01-03,265.90,269.85,264.00,264.65,386120
2011-01-04,265.00,266.45,254.55,255.75,607282
2011-01-05,255.75,255.75,245.00,249.05,810698
2011-01-06,248.00,252.80,243.10,243.90,493824
2011-01-07,250.00,250.50,226.00,230.25,1942697
2011-01-10,231.60,237.80,220.75,223.55,1623523
2011-01-11,222.00,236.00,221.20,233.45,1436442
2011-01-12,235.10,244.65,232.00,242.80,1168829
2011-01-13,242.50,244.00,231.55,234.00,660533
2011-01-14,233.50,239.60,226.10,228.70,810005
2011-01-17,230.10,235.00,223.25,226.80,2324429
2011-01-18,230.10,239.85,224.35,236.90,1652965
2011-01-19,239.40,239.95,232.25,234.00,1928722
2011-01-20,232.00,241.70,229.25,240.30,2301902
2011-01-21,239.00,240.50,230.50,232.05,2351567
2011-01-24,234.65,240.75,232.95,238.70,2680475
2011-01-25,240.80,242.95,229.00,231.70,1818378
2011-01-27,232.50,234.50,220.20,221.85,1481664
2011-01-28,221.85,221.85,209.50,215.60,1297005
2011-01-31,210.10,226.00,205.00,223.90,1385513
2011-02-01,225.55,225.70,216.60,218.65,464432
2011-02-02,221.25,228.50,220.00,223.30,714030
2011-02-03,225.30,227.00,220.25,224.15,840972
2011-02-04,226.15,228.70,218.50,220.45,626100
2011-02-07,221.00,224.85,218.05,222.65,366845
2011-02-08,224.00,224.50,216.15,219.15,923522
2011-02-09,216.05,221.00,205.50,209.65,786352
2011-02-10,210.00,224.00,208.20,216.00,1070249
2011-02-11,214.60,214.60,203.55,212.20,3038741
2011-02-14,216.55,224.00,214.40,219.55,3397719
2011-02-15,221.90,228.00,218.25,223.75,1466917
2011-02-16,223.50,226.00,221.20,224.15,353469
2011-02-17,225.30,233.45,223.00,229.90,1217741
2011-02-18,232.00,237.90,224.50,226.55,1476916
2011-02-21,228.70,231.45,221.50,229.55,1048187
2011-02-22,227.70,238.00,227.70,234.05,2997052
2011-02-23,234.00,237.85,227.15,229.60,1828302
2011-02-24,229.50,229.80,219.50,223.70,2094033
2011-02-25,237.85,237.85,213.00,215.60,810019
2011-02-28,218.00,226.40,211.30,219.15,3916068
2011-03-01,222.10,236.35,222.10,232.70,2052510
2011-03-03,242.00,242.00,227.10,232.35,1018472
2011-03-04,235.50,240.00,234.00,238.80,1020680
2011-03-07,240.00,244.50,233.50,241.50,2025215
2011-03-08,243.00,250.00,241.55,248.40,1763967
2011-03-09,248.40,252.25,243.10,244.50,767541
2011-03-10,245.00,245.00,237.70,243.35,540707
2011-03-11,241.95,244.45,238.05,240.30,584464
2011-03-14,240.50,245.85,238.05,245.10,536450
2011-03-15,240.50,249.75,235.60,244.50,1058233
2011-03-16,248.20,249.80,245.20,247.60,396069
2011-03-17,246.30,250.00,243.10,245.15,579485
2011-03-18,245.95,248.45,242.50,243.25,220362
2011-03-21,245.90,246.40,241.50,244.60,269800
2011-03-22,245.40,246.50,243.25,244.50,181207
2011-03-23,244.90,255.90,244.90,253.80,1474435
2011-03-24,255.80,259.95,254.60,257.70,820342
2011-03-25,259.90,263.60,255.65,262.25,981224
2011-03-28,261.70,265.60,258.95,264.70,997086
2011-03-29,265.05,268.40,263.50,266.85,501734
2011-03-30,267.90,279.50,267.10,276.20,971609
2011-03-31,279.00,280.50,261.65,263.60,1664819
2011-04-01,262.15,268.50,259.50,265.55,822583
2011-04-04,266.80,275.50,265.00,272.10,902956
2011-04-05,274.40,274.90,265.40,271.80,658013
2011-04-06,272.00,274.00,269.15,270.35,408191
2011-04-07,271.00,276.80,269.00,274.15,552778
2011-04-08,274.55,276.00,270.30,271.90,305384
2011-04-11,269.25,276.60,268.95,274.30,488276
2011-04-13,274.00,282.90,274.00,279.90,962955
2011-04-15,281.95,283.40,275.10,279.95,580531
2011-04-18,283.90,286.80,273.20,274.55,2693715
2011-04-19,274.60,279.95,270.75,275.85,1092697
2011-04-20,278.75,281.80,276.10,279.00,600261
2011-04-21,283.00,283.00,273.15,274.90,686480
2011-04-25,276.90,279.35,274.05,275.50,297306
2011-04-26,275.00,277.35,268.30,270.65,484751
2011-04-27,271.20,272.00,265.00,266.10,477831
2011-04-28,267.20,269.90,261.35,267.00,937339
2011-04-29,267.80,269.05,258.95,259.80,514841
2011-05-02,261.05,261.80,251.55,253.80,390282
2011-05-03,253.00,260.90,240.50,242.30,1266530
2011-05-04,242.00,244.40,234.45,238.65,956575
2011-05-05,240.00,245.00,234.10,236.40,677284
2011-05-06,200.00,252.55,200.00,250.95,591200
2011-05-09,255.00,259.75,245.05,254.45,728486
2011-05-10,247.00,254.50,247.00,252.95,250135
2011-05-11,248.00,254.00,248.00,251.55,456797
2011-05-12,249.95,254.80,245.20,246.75,543809
2011-05-13,246.25,254.40,245.45,252.55,469984
2011-05-16,248.45,251.50,244.00,244.85,264678
2011-05-17,244.20,247.80,235.70,240.75,690099
2011-05-18,242.85,243.15,237.05,241.50,503229
2011-05-19,241.75,243.65,239.00,242.30,422952
2011-05-20,243.00,250.60,240.15,249.45,575481
2011-05-23,245.40,247.45,239.65,241.30,340282
2011-05-24,249.00,249.00,240.20,244.95,761674
2011-05-25,244.45,246.85,243.10,245.05,528268
2011-05-26,246.85,254.50,245.50,250.95,1288645
2011-05-27,254.00,260.70,251.05,259.65,700829
2011-05-30,260.00,265.00,258.25,259.75,322318
2011-05-31,261.50,264.50,258.35,264.05,428936
2011-06-01,264.05,266.30,262.40,264.70,330414
2011-06-02,261.95,262.80,255.10,261.60,265398
2011-06-03,257.25,268.80,257.25,267.10,580231
2011-06-06,266.90,268.85,264.80,265.75,329709
2011-06-07,265.00,268.95,263.50,267.25,341940
2011-06-08,263.55,267.70,261.65,262.75,216244
2011-06-09,263.00,265.35,260.55,262.00,150643
2011-06-10,263.30,263.30,258.10,259.45,319067
2011-06-13,259.45,263.20,253.15,261.65,525953
2011-06-14,262.10,265.60,256.10,262.30,759123
2011-06-15,262.20,264.20,256.10,258.30,639523
2011-06-16,254.90,257.55,252.35,255.25,621766
2011-06-17,255.00,257.50,251.75,254.30,259742
2011-06-20,254.00,256.80,241.50,251.25,526087
2011-06-21,252.00,256.40,250.00,253.10,680841
2011-06-22,255.00,255.00,251.10,252.75,142792
2011-06-23,252.50,254.30,251.10,253.60,207436
2011-06-24,256.10,268.00,255.25,266.30,662574
2011-06-27,261.40,273.85,261.40,268.90,660329
2011-06-28,270.55,271.80,267.15,270.55,258556
2011-06-29,272.55,278.00,270.60,275.10,591945
2011-06-30,275.05,275.05,270.35,272.00,819328
2011-07-01,275.00,279.30,273.45,275.00,553555
2011-07-04,277.65,283.50,276.50,282.15,1797799
2011-07-05,282.55,288.25,279.25,286.45,1373686
2011-07-06,286.45,292.00,285.05,288.40,808309
2011-07-07,290.90,290.90,282.65,284.60,482049
2011-07-08,286.95,291.40,285.15,287.50,2070936
2011-07-11,288.40,288.40,278.55,281.45,629456
2011-07-12,276.35,279.90,272.50,274.25,610405
2011-07-13,279.35,279.35,275.10,277.75,289387
2011-07-14,274.00,282.90,274.00,281.00,559068
2011-07-15,279.50,283.90,278.00,279.10,355445
2011-07-18,279.00,282.80,275.50,277.80,121689
2011-07-19,277.50,280.60,276.00,279.70,244968
2011-07-20,280.55,282.80,275.10,276.05,781383
2011-07-21,274.10,277.95,270.00,271.65,781925
2011-07-22,274.70,277.85,272.15,276.25,294263
2011-07-25,278.40,280.70,274.00,278.05,346522
2011-07-26,275.00,280.80,267.50,268.65,519063
2011-07-27,270.00,274.95,268.10,273.10,208234
2011-07-28,272.85,277.00,268.40,274.10,445005
2011-07-29,274.80,278.00,270.20,271.20,229423
2011-08-01,275.95,284.00,271.10,272.55,117693
2011-08-02,274.05,274.05,268.00,271.25,187057
2011-08-03,269.10,271.10,265.55,270.40,163079
2011-08-04,271.00,272.60,262.55,264.20,249282
2011-08-05,260.00,266.45,251.30,262.80,571181
2011-08-08,255.10,272.05,252.20,263.45,567727
2011-08-09,258.95,262.50,254.65,256.25,958073
2011-08-10,261.55,268.50,260.40,264.75,751355
2011-08-11,264.00,270.00,261.05,262.80,1092310
2011-08-12,264.00,266.40,252.50,254.90,1301819
2011-08-16,259.70,259.70,231.70,256.55,229710
2011-08-17,256.15,258.70,240.70,246.05,932293
2011-08-18,245.00,248.00,238.60,240.65,1209227
2011-08-19,235.20,243.05,228.10,236.40,1238211
2011-08-22,236.95,238.40,229.20,236.95,1620057
2011-08-23,238.20,243.20,233.45,241.70,496419
2011-08-24,242.20,243.50,236.10,239.70,463911
2011-08-25,240.00,240.30,232.25,234.60,634566
2011-08-26,233.50,234.35,224.10,226.60,1617539
2011-08-29,230.60,242.40,229.00,240.30,300757
2011-08-30,240.50,248.00,240.50,246.60,296276
2011-09-02,247.50,253.30,244.50,251.45,317743
2011-09-05,245.35,258.00,245.35,254.20,261686
2011-09-06,250.05,255.85,249.35,253.80,352048
2011-09-07,253.10,264.95,253.10,262.95,318743
2011-09-08,263.55,275.50,261.00,265.40,301266
2011-09-09,266.00,272.40,262.00,267.70,667866
2011-09-12,261.10,264.50,249.75,251.75,487994
2011-09-13,253.00,260.65,250.20,253.30,244150
2011-09-14,254.95,263.00,250.00,259.55,307235
2011-09-15,262.55,265.00,257.05,264.35,218525
2011-09-16,265.00,269.00,260.50,266.20,297272
2011-09-19,264.65,269.95,262.15,268.20,690138
2011-09-20,269.85,274.40,269.20,272.35,546350
2011-09-21,273.80,275.85,268.25,269.45,489620
2011-09-22,267.00,267.00,256.55,257.75,386992
2011-09-23,260.00,264.90,246.80,254.00,511673
2011-09-26,255.15,259.30,246.65,255.80,241766
2011-09-27,258.00,266.90,257.95,264.60,224408
2011-09-28,267.00,268.90,262.40,264.10,237946
2011-09-29,263.60,272.30,259.25,269.25,916261
2011-09-30,270.00,271.35,260.10,262.25,211206
2011-10-03,259.90,262.00,252.30,255.10,335309
2011-10-04,250.40,257.50,245.00,246.15,731109
2011-10-05,248.00,249.70,235.50,239.70,519410
2011-10-07,247.90,259.90,235.95,243.35,2407560
2011-10-10,244.75,252.90,241.00,251.85,396475
2011-10-11,254.00,257.65,251.50,253.60,535423
2011-10-12,255.00,260.00,250.60,258.05,267556
2011-10-13,263.90,275.00,258.00,267.50,474111
2011-10-14,265.10,266.00,259.50,264.00,323656
2011-10-17,264.80,270.90,264.80,269.80,1321097
2011-10-18,269.80,272.70,263.75,267.35,1477866
2011-10-19,271.40,273.00,268.20,270.80,512841
2011-10-20,266.60,272.50,266.00,269.95,423779
2011-10-21,269.20,275.75,269.00,273.45,651568
2011-10-24,276.10,278.50,271.00,273.05,362387
2011-10-25,274.10,277.00,272.25,273.45,1535411
2011-10-26,275.00,280.35,275.00,277.10,218531
2011-10-28,273.00,284.95,273.00,281.90,407582
2011-10-31,282.00,288.00,274.10,286.70,514207
2011-11-01,283.00,287.90,275.30,279.50,737970
2011-11-02,276.70,281.50,274.35,279.95,246067
2011-11-03,279.90,280.10,275.55,277.30,221307
2011-11-04,278.70,280.90,275.20,276.20,281753
2011-11-08,278.50,279.90,270.55,276.25,235520
2011-11-09,277.95,277.95,265.65,270.00,514728
2011-11-11,270.00,275.00,261.60,268.80,322905
2011-11-14,267.00,271.85,260.00,261.55,518974
2011-11-15,258.00,263.70,250.25,253.20,379035
2011-11-16,253.65,257.90,245.30,252.20,572764
2011-11-17,252.30,258.40,248.55,251.80,526072
2011-11-18,248.85,261.00,246.35,257.70,786510
2011-11-21,257.70,257.70,251.25,253.30,244109
2011-11-22,252.70,255.00,249.55,251.80,774969
2011-11-23,249.95,250.80,240.55,248.45,804573
2011-11-24,248.50,268.00,244.30,254.65,1246502
2011-11-25,253.00,258.35,251.55,254.90,277545
2011-11-28,254.90,265.90,254.90,261.90,435186
2011-11-29,266.00,270.00,253.40,255.50,475605
2011-11-30,258.00,260.25,245.50,248.95,2216799
2011-12-01,254.40,265.00,253.50,260.75,639726
2011-12-02,260.00,276.00,258.30,274.80,546860
2011-12-05,277.45,277.45,268.05,273.60,349611
2011-12-07,275.65,276.90,262.55,263.45,1741793
2011-12-08,265.00,265.00,253.55,258.35,401959
2011-12-09,254.35,262.95,251.70,260.40,932789
2011-12-12,262.30,265.50,254.30,255.60,511871
2011-12-13,253.00,260.25,249.60,259.15,1226057
2011-12-14,260.00,260.00,251.05,253.05,407711
2011-12-15,252.00,257.40,248.70,255.40,331606
2011-12-16,257.50,261.40,249.00,251.85,671698
2011-12-19,248.10,249.70,242.00,246.00,674820
2011-12-20,246.00,247.70,222.15,231.95,744209
2011-12-21,234.90,244.90,227.20,240.35,937903
2011-12-22,243.00,247.80,236.70,244.95,416177
2011-12-23,246.20,248.45,236.00,239.60,308412
2011-12-26,240.90,245.00,238.25,244.20,194462
2011-12-27,244.40,244.80,237.25,240.00,208885
2011-12-28,236.05,238.85,231.00,232.60,217291
2011-12-29,230.00,233.95,227.80,231.95,379040
2011-12-30,232.20,234.10,224.00,225.85,415559
2012-01-02,225.50,228.80,222.25,226.45,282144
2012-01-03,229.00,244.70,229.00,242.60,358725
2012-01-04,242.00,245.45,237.25,243.15,274822
2012-01-05,242.95,248.80,240.45,247.15,329318
2012-01-06,245.95,247.60,239.10,240.90,482808
2012-01-09,244.90,247.35,241.05,245.65,305405
2012-01-10,248.85,262.95,247.30,260.90,2507816
2012-01-11,263.00,273.90,263.00,272.55,1268889
2012-01-12,270.25,288.00,268.80,285.40,1605223
2012-01-13,289.75,290.30,277.00,280.25,1337767
2012-01-16,278.00,278.05,272.30,275.10,243845
2012-01-17,276.95,280.00,276.25,278.10,320747
2012-01-18,278.30,278.30,270.50,272.70,204907
2012-01-19,274.60,277.90,273.45,276.50,205685
2012-01-20,276.00,285.45,276.00,280.60,612320
2012-01-23,280.60,286.00,278.25,281.35,207522
2012-01-24,281.05,288.40,277.00,284.40,493424
2012-01-25,287.00,298.30,284.50,295.80,971205
2012-01-27,298.90,300.95,286.05,287.85,435747
2012-01-30,279.20,287.05,276.15,277.50,259736
2012-01-31,279.75,292.90,278.20,291.90,435808
2012-02-01,288.20,294.95,285.00,293.45,245272
2012-02-02,293.00,300.60,288.00,299.15,570251
2012-02-03,300.00,302.45,292.25,298.40,814468
2012-02-06,302.85,309.50,297.70,300.35,748454
2012-02-07,305.00,306.50,296.80,302.95,380449
2012-02-08,304.00,307.25,299.05,306.55,489657
2012-02-09,309.40,311.00,302.50,308.95,456288
2012-02-10,308.95,320.60,306.95,319.05,828270
2012-02-13,320.80,329.80,313.75,327.30,418771
2012-02-14,330.00,332.00,320.50,321.95,657387
2012-02-15,324.80,333.00,323.60,331.90,617138
2012-02-16,328.00,328.70,303.80,316.10,1011651
2012-02-17,328.95,328.95,311.25,312.85,936529
2012-02-21,312.80,322.00,312.80,315.05,723268
2012-02-22,309.05,319.15,297.05,300.20,544085
2012-02-23,302.05,316.55,295.50,313.55,977697
2012-02-24,316.90,321.90,295.15,301.50,1963823
2012-02-27,303.00,303.45,288.55,292.50,665320
2012-02-28,293.20,305.80,293.20,304.05,1159655
2012-02-29,306.50,315.65,294.75,312.25,4324321
2012-03-01,314.90,314.95,305.10,309.95,765548
2012-03-02,312.40,321.00,306.50,316.20,835831
2012-03-05,313.50,313.50,302.10,306.70,284167
2012-03-06,302.05,319.70,300.45,309.15,777950
2012-03-07,302.30,311.90,302.30,310.30,885488
2012-03-09,314.95,318.20,313.25,316.35,1143226
2012-03-12,318.10,324.70,314.00,316.10,700509
2012-03-13,319.90,320.00,314.05,314.75,632450
2012-03-14,319.00,324.80,314.80,319.65,1260833
2012-03-15,320.00,321.00,306.10,309.55,1213545
2012-03-16,311.30,313.80,288.00,306.45,1397792
2012-03-19,304.00,306.70,297.10,300.70,200064
2012-03-20,305.75,317.20,303.00,313.70,706460
2012-03-21,310.95,319.90,309.20,319.15,363528
2012-03-22,320.00,324.80,308.30,310.30,639167
2012-03-23,311.90,316.05,306.55,311.65,495653
2012-03-26,308.95,314.70,304.10,306.85,485453
2012-03-27,315.00,315.00,300.55,308.20,927238
2012-03-28,310.95,310.95,295.10,297.95,937864
2012-03-29,294.80,309.80,292.80,307.05,815102
2012-03-30,307.95,323.50,307.95,321.65,574358
2012-04-02,322.20,327.75,317.55,326.20,377543
2012-04-03,328.05,332.00,325.60,328.30,416286
2012-04-04,326.25,335.30,324.30,333.85,496284
2012-04-09,329.40,334.95,328.00,329.40,200964
2012-04-10,328.45,335.90,325.35,334.80,359575
2012-04-11,331.95,336.90,330.00,330.85,354212
2012-04-12,334.50,340.00,332.00,338.95,456068
2012-04-13,339.95,343.50,329.15,330.60,393333
2012-04-16,333.05,343.00,331.10,342.05,472977
2012-04-17,331.35,345.90,331.35,343.10,644617
2012-04-18,347.00,347.00,341.40,345.60,480264
2012-04-19,347.50,351.90,342.30,345.30,1898210
2012-04-20,342.70,349.95,341.50,343.45,933390
2012-04-23,345.00,347.50,332.20,334.15,934279
2012-04-24,337.75,340.75,332.55,334.95,272412
2012-04-25,370.00,370.00,330.00,330.85,677803
2012-04-26,333.85,338.75,330.55,332.85,472226
2012-04-27,333.05,335.95,319.10,320.85,502457
2012-04-30,322.55,335.90,322.05,331.70,353779
2012-05-02,332.90,333.75,322.85,324.55,303674
2012-05-03,321.45,326.20,316.05,322.35,341689
2012-05-04,315.20,327.00,315.20,322.50,461828
2012-05-07,318.60,329.45,312.65,326.55,423106
2012-05-08,329.80,329.80,315.00,316.85,492708
2012-05-09,317.15,319.25,305.55,306.65,296778
2012-05-10,308.80,320.90,303.90,315.60,974985
2012-05-11,314.75,318.85,305.00,312.45,497595
2012-05-14,312.45,315.10,309.00,310.60,477290
2012-05-15,306.90,307.90,303.55,305.50,766266
2012-05-16,302.65,302.65,295.00,300.40,672229
2012-05-17,301.05,360.45,300.25,305.10,310426
2012-05-18,302.40,309.40,296.00,305.40,643686
2012-05-21,305.10,312.40,302.10,307.95,404110
2012-05-22,311.05,311.05,303.30,305.55,301330
2012-05-23,305.90,305.90,298.15,302.85,332940
2012-05-24,304.60,306.35,298.95,304.55,334986
2012-05-25,304.75,309.00,302.25,308.45,869923
2012-05-28,310.00,311.50,307.50,310.65,388557
2012-05-29,311.50,312.85,308.50,310.35,510193
2012-05-30,308.00,308.00,299.25,301.00,349017
2012-05-31,307.75,307.75,295.80,298.40,414021
2012-06-01,299.85,303.65,295.50,298.10,339581
2012-06-04,290.35,296.65,287.70,295.55,536738
2012-06-05,297.05,306.00,297.05,304.55,616283
2012-06-06,306.75,311.10,305.50,309.70,214062
2012-06-07,314.90,317.20,309.10,316.35,415920
2012-06-08,316.30,329.85,310.95,327.55,545871
2012-06-11,330.00,334.30,323.45,327.30,505707
2012-06-12,327.00,332.65,323.55,327.05,464146
2012-06-13,328.05,328.75,318.70,320.80,299828
2012-06-14,319.00,320.45,312.70,314.40,375667
2012-06-15,317.70,319.30,315.15,318.70,764080
2012-06-18,320.90,323.50,307.70,310.20,670726
2012-06-19,309.95,318.00,305.35,315.50,500733
2012-06-20,316.95,320.30,315.00,316.30,817149
2012-06-21,315.00,326.80,312.00,325.25,339182
2012-06-22,320.05,326.00,317.55,324.50,202271
2012-06-25,326.00,333.15,320.60,322.45,386019
2012-06-26,322.60,338.00,321.30,326.80,272101
2012-06-27,328.85,331.05,327.25,329.90,292635
2012-06-28,332.90,332.90,321.55,328.20,419934
2012-06-29,333.00,349.00,329.90,340.25,548659
2012-07-02,342.15,342.15,336.10,338.50,149790
2012-07-03,342.00,344.95,340.50,343.20,276895
2012-07-04,344.85,346.95,342.00,345.85,241018
2012-07-05,346.00,348.80,340.00,347.60,332192
2012-07-06,343.00,348.45,341.65,344.80,158093
2012-07-09,342.00,346.55,338.15,343.25,286449
2012-07-10,346.00,349.00,340.45,343.60,1775817
2012-07-11,343.00,346.00,279.00,341.55,349699
2012-07-12,339.70,341.40,333.10,340.10,408752
2012-07-13,339.95,342.80,335.65,337.05,182822
2012-07-16,338.00,339.40,332.50,337.60,287183
2012-07-17,337.10,338.65,334.00,336.30,305018
2012-07-18,336.15,336.60,330.00,335.60,220578
2012-07-19,338.05,338.80,334.10,338.05,392757
2012-07-20,338.85,339.00,331.05,333.90,267339
2012-07-23,330.05,335.00,326.70,328.05,272484
2012-07-24,329.70,332.40,328.05,330.75,101527
2012-07-25,330.45,333.20,329.00,330.90,318783
2012-07-26,331.05,332.70,320.00,322.95,773782
2012-07-27,326.70,336.00,324.30,327.45,499648
2012-07-30,329.70,334.90,329.65,334.05,282004
2012-07-31,333.80,335.80,326.75,334.15,380027
2012-08-01,334.95,335.40,329.00,329.95,374441
2012-08-02,324.60,328.85,324.50,326.35,213170
2012-08-03,326.40,326.40,320.00,322.90,539065
2012-08-06,327.65,335.00,320.60,322.60,685224
2012-08-07,324.10,328.00,321.95,327.30,647479
2012-08-08,327.75,330.30,322.60,323.95,495821
2012-08-09,327.95,327.95,320.50,325.65,268794
2012-08-10,322.40,326.45,321.20,322.50,512898
2012-08-13,322.50,328.40,320.30,327.80,368743
2012-08-14,327.00,334.25,326.00,333.00,322695
2012-08-16,333.15,337.75,331.00,332.75,361256
2012-08-17,334.85,338.00,331.05,333.25,289583
2012-08-21,334.80,334.80,327.10,332.05,240240
2012-08-22,330.50,339.60,328.35,337.20,679602
2012-08-23,338.00,339.80,330.00,330.75,323400
2012-08-24,332.75,332.75,326.00,328.45,240596
2012-08-27,328.00,329.55,324.65,325.70,133346
2012-08-28,325.00,326.30,316.70,319.05,263040
2012-08-29,317.95,318.80,310.45,315.00,551030
2012-08-30,315.00,317.00,310.80,314.00,444732
2012-08-31,314.05,319.50,312.85,316.55,235817
2012-09-03,317.45,321.00,313.55,314.95,126555
2012-09-04,315.00,317.30,312.80,315.70,156832
2012-09-05,314.45,316.40,310.95,312.50,284456
2012-09-06,313.50,315.00,310.90,312.55,778289
2012-09-07,314.55,318.50,313.00,316.40,937939
2012-09-10,317.85,319.25,312.00,313.30,231908
2012-09-11,311.95,312.00,309.00,310.30,541666
2012-09-12,313.00,313.50,308.10,311.45,285118
2012-09-13,311.45,315.50,308.50,310.15,482571
2012-09-14,315.00,320.20,313.00,318.75,1689775
2012-09-17,325.80,352.00,320.35,330.25,792250
2012-09-18,330.70,335.80,328.30,332.85,508258
2012-09-20,329.50,333.90,326.30,331.30,374580
2012-09-21,337.00,339.75,332.70,337.85,1434284
2012-09-24,335.55,346.00,335.55,345.25,954686
2012-09-25,347.75,350.00,343.40,344.70,530730
2012-09-26,343.40,348.20,341.50,343.55,248445
2012-09-27,344.10,346.50,340.35,343.30,289429
2012-09-28,344.20,357.00,344.15,355.30,969469
2012-10-01,358.85,365.00,355.00,363.00,593267
2012-10-03,364.10,370.50,364.10,369.50,674917
2012-10-04,372.00,376.00,369.85,371.10,311655
2012-10-05,371.10,374.70,361.50,369.25,529836
2012-10-08,368.20,370.85,364.85,368.85,465196
2012-10-09,368.85,374.80,364.20,365.75,519176
2012-10-10,370.00,370.00,355.10,357.70,2407178
2012-10-11,357.65,365.80,357.65,363.00,1009289
2012-10-12,365.55,371.90,364.10,365.70,734639
2012-10-15,366.05,368.50,359.40,361.65,456739
2012-10-16,363.50,363.50,352.75,354.30,431947
2012-10-17,355.35,358.85,354.10,358.20,271780
2012-10-18,361.45,365.00,356.05,364.25,578609
2012-10-19,363.65,364.00,360.10,362.55,264643
2012-10-22,356.80,363.45,352.50,361.85,262330
2012-10-23,358.00,364.80,357.60,362.70,234010
2012-10-25,361.05,367.50,360.10,365.45,291024
2012-10-26,366.10,371.35,362.20,362.60,346796
2012-10-29,365.45,367.15,362.70,365.60,236919
2012-10-30,362.95,370.00,356.00,361.70,373732
2012-10-31,360.65,365.00,358.30,364.10,186100
2012-11-01,363.80,368.00,362.05,363.90,187609
2012-11-02,365.55,369.75,365.00,365.85,296883
2012-11-05,366.40,368.80,361.50,362.90,152013
2012-11-06,362.95,365.00,361.05,364.85,146551
2012-11-07,364.50,370.85,362.60,367.20,607541
2012-11-08,362.90,367.00,362.00,362.80,241115
2012-11-09,363.00,368.80,361.25,368.00,1491780
2012-11-12,368.95,379.20,365.40,376.80,1043728
2012-11-13,376.00,378.25,375.00,376.15,109351
2012-11-15,373.55,379.45,372.55,377.50,279064
2012-11-16,377.85,387.00,373.55,377.90,638316
2012-11-19,378.85,381.10,369.15,373.35,421504
2012-11-20,389.00,390.00,366.20,368.70,1723286
2012-11-21,370.00,371.95,366.90,368.05,752380
2012-11-22,368.50,374.95,367.80,373.10,305533
2012-11-23,374.85,377.85,371.45,374.10,974122
2012-11-26,377.00,386.45,377.00,384.35,760821
2012-11-27,385.65,399.50,385.65,394.10,1732436
2012-11-29,393.95,419.50,393.00,416.95,2540800
2012-11-30,416.95,418.80,409.50,416.75,3364241
2012-12-03,406.10,423.95,406.10,422.10,809819
2012-12-04,422.75,426.00,416.00,417.70,681247
2012-12-05,419.35,422.40,416.40,420.35,662020
2012-12-06,422.90,428.80,416.95,426.25,682715
2012-12-07,425.00,429.00,408.95,411.45,2106447
2012-12-10,415.65,420.80,408.50,417.60,2298339
2012-12-11,417.00,421.15,407.85,412.05,961794
2012-12-12,413.35,413.80,403.00,405.05,1453902
2012-12-13,409.90,418.45,403.45,409.65,1622143
2012-12-14,405.10,423.00,405.00,422.00,1244230
2012-12-17,420.55,430.80,418.75,425.70,1424986
2012-12-18,427.30,433.75,417.30,429.60,677877
2012-12-19,433.90,435.90,429.45,433.75,560130
2012-12-20,434.10,434.25,427.60,432.70,1284392
2012-12-21,432.00,432.90,422.10,427.20,1382400
2012-12-24,427.20,432.00,418.10,424.90,3446375
2012-12-26,424.00,427.00,420.20,421.00,1089995
2012-12-27,423.90,424.65,412.45,414.20,1579171
2012-12-28,415.00,420.30,413.05,415.00,1938513
2012-12-31,416.70,421.00,415.05,417.05,759367
2013-01-01,419.95,425.85,419.20,423.25,692672
2013-01-02,430.00,437.45,426.40,433.00,1082815
2013-01-03,438.40,442.00,425.00,434.30,984021
2013-01-04,434.25,434.70,428.80,430.75,829178
2013-01-07,432.50,438.65,430.05,431.35,1531894
2013-01-08,435.00,437.50,430.70,433.75,2077309
2013-01-09,436.15,440.80,430.95,434.55,3191463
2013-01-10,439.20,444.90,436.50,441.20,1898534
2013-01-11,442.00,443.60,427.95,431.05,845876
2013-01-14,431.95,441.90,427.00,440.15,1276400
2013-01-15,440.20,444.35,438.60,441.90,1160466
2013-01-16,440.40,442.50,429.00,430.00,1249626
2013-01-17,430.00,436.55,424.45,426.65,678827
2013-01-18,428.80,428.80,416.10,419.95,940541
2013-01-21,418.80,423.30,407.60,413.10,1714760
2013-01-22,412.95,419.90,410.65,417.70,2866392
2013-01-23,418.50,426.50,416.95,424.65,838754
2013-01-24,426.25,433.50,424.15,430.55,1969798
2013-01-25,430.40,433.90,423.60,431.50,608814
2013-01-28,431.50,434.00,428.40,432.50,723886
2013-01-29,432.55,432.55,422.05,430.70,1148562
2013-01-30,430.40,436.95,430.40,434.85,625954
2013-01-31,435.90,439.20,432.95,435.80,629457
2013-02-01,434.80,443.00,431.70,438.30,856437
2013-02-04,442.45,443.60,433.00,435.15,610536
2013-02-05,434.00,435.65,428.35,434.05,1173336
2013-02-06,435.15,438.90,428.35,429.50,694532
2013-02-07,428.45,434.00,428.00,430.95,1016207
2013-02-08,430.80,432.95,417.45,424.80,1551033
2013-02-11,425.60,430.00,424.30,429.90,909242
2013-02-12,428.60,440.80,426.80,438.75,667446
2013-02-13,439.95,447.55,438.15,440.65,1269537
2013-02-14,446.55,449.70,438.30,441.30,1262820
2013-02-15,442.85,442.85,435.45,439.85,420871
2013-02-18,439.20,444.85,439.15,439.90,434170
2013-02-19,438.15,444.85,436.05,442.70,447005
2013-02-20,444.50,445.95,438.10,439.35,397050
2013-02-21,440.00,441.65,426.25,428.10,543547
2013-02-22,428.10,431.85,424.45,428.20,561286
2013-02-25,434.70,434.70,423.55,426.20,618203
2013-02-26,425.30,427.45,420.70,422.25,526337
2013-02-27,422.20,427.90,418.00,426.40,843374
2013-02-28,427.90,431.30,407.55,412.00,1256944
2013-03-01,412.10,413.95,397.60,400.95,1388906
2013-03-04,399.00,402.40,390.20,401.00,1628881
2013-03-05,401.50,413.15,395.00,410.65,1487746
2013-03-06,414.00,420.50,412.90,415.05,1186780
2013-03-07,419.00,420.90,413.00,420.05,1099167
2013-03-08,418.25,438.00,415.60,436.15,2199395
2013-03-11,437.90,440.50,434.75,437.05,989106
2013-03-12,438.00,438.30,423.65,431.60,891608
2013-03-13,428.90,431.10,419.60,423.10,843879
2013-03-14,415.20,433.00,415.20,431.15,914696
2013-03-15,431.20,439.50,418.40,421.35,1358550
2013-03-18,419.70,420.80,411.70,415.15,1096138
2013-03-19,416.10,418.10,405.00,409.25,2217352
2013-03-20,408.00,410.50,395.80,403.65,1220686
2013-03-21,403.55,415.00,401.40,406.45,1488526
2013-03-22,407.55,410.50,398.05,400.35,2051945
2013-03-25,410.00,410.00,389.15,392.05,2013156
2013-03-26,392.05,405.50,381.50,399.65,1527414
2013-03-28,397.85,409.50,395.25,404.70,2930431
2013-04-01,407.50,417.90,403.60,415.55,1441489
2013-04-02,416.80,426.35,410.50,424.65,1371437
2013-04-03,423.55,428.50,418.05,420.00,1288595
2013-04-04,418.20,418.20,402.05,405.95,2162736
2013-04-05,404.10,405.30,398.15,400.00,1357287
2013-04-08,400.60,406.80,392.60,395.00,1898773
2013-04-09,397.90,402.30,388.50,390.10,1325954
2013-04-10,390.95,393.15,383.05,388.30,2785331
2013-04-11,392.00,404.15,388.50,400.50,2565069
2013-04-12,398.00,403.90,393.70,402.50,2765801
2013-04-15,404.20,408.50,400.00,402.95,1300962
2013-04-16,404.85,421.90,403.50,419.65,2561442
2013-04-17,422.70,423.75,410.25,420.00,1071016
2013-04-18,423.00,456.00,417.20,451.95,5512207
2013-04-22,451.10,471.90,451.10,466.75,4233365
2013-04-23,467.50,467.50,450.60,462.20,2117529
2013-04-25,463.25,478.50,460.95,463.00,3011657
2013-04-26,467.45,467.45,453.00,457.50,2336599
2013-04-29,457.50,484.20,448.70,475.00,2814078
2013-04-30,479.00,480.00,466.10,467.00,1179396
2013-05-02,467.00,476.70,465.00,473.35,1157355
2013-05-03,473.20,476.40,457.85,468.00,1386740
2013-05-06,465.50,476.55,456.65,476.05,1621140
2013-05-07,476.50,494.65,473.10,484.25,2141462
2013-05-08,484.50,495.00,483.95,495.00,2039165
2013-05-09,494.00,495.00,487.45,488.00,1567833
2013-05-10,489.00,509.50,488.90,504.25,2592210
2013-05-13,507.95,508.60,491.40,492.95,1799085
2013-05-14,493.50,496.95,487.10,490.80,765284
2013-05-15,495.20,516.50,492.10,515.50,2091125
2013-05-16,511.25,527.30,509.25,524.10,1940442
2013-05-17,524.00,524.45,506.05,511.00,1790256
2013-05-20,513.00,519.50,499.50,502.85,1230538
2013-05-21,502.25,507.80,494.00,496.50,810945
2013-05-22,498.30,504.40,489.35,494.95,1416886
2013-05-23,492.00,499.65,484.85,490.50,1238524
2013-05-24,498.90,502.00,487.00,499.90,706236
2013-05-27,497.00,531.50,496.95,529.45,2357861
2013-05-28,530.00,531.90,518.05,522.80,1039356
2013-05-29,521.80,525.00,514.30,515.70,874714
2013-05-30,512.65,531.70,512.65,526.00,1267557
2013-05-31,526.80,526.80,512.95,517.00,588014
2013-06-03,520.00,525.40,501.45,511.05,1412889
2013-06-04,509.00,519.80,506.50,508.50,770478
2013-06-05,505.25,519.00,502.70,513.00,927599
2013-06-06,510.00,515.45,504.10,510.00,1055016
2013-06-07,506.05,513.00,505.05,507.45,708581
2013-06-10,503.65,512.00,492.40,496.20,1023103
2013-06-11,495.00,495.00,471.65,477.00,1827166
2013-06-12,480.00,497.80,474.00,491.00,1015978
2013-06-13,488.00,493.70,481.05,484.55,810475
2013-06-14,491.70,492.85,477.55,481.60,1758294
2013-06-17,479.30,488.50,469.50,487.00,1074238
2013-06-18,485.40,486.75,473.00,474.00,647101
2013-06-19,477.00,482.00,471.75,478.00,700024
2013-06-20,472.00,472.00,446.10,447.00,1455164
2013-06-21,447.50,468.40,440.35,467.00,1846376
2013-06-24,462.45,465.90,449.00,452.00,1505334
2013-06-25,453.00,479.80,449.00,471.50,1835731
2013-06-26,475.00,475.50,452.00,452.05,1511583
2013-06-27,462.00,464.00,449.25,458.30,1383441
2013-06-28,463.10,469.95,454.45,466.50,1760619
2013-07-01,466.50,481.90,465.00,472.00,1003751
2013-07-02,469.10,478.80,466.85,476.70,963654
2013-07-03,472.80,477.00,463.10,468.85,689427
2013-07-04,468.55,485.00,468.55,473.00,1593383
2013-07-05,475.25,479.00,465.40,477.25,1033634
2013-07-08,473.00,494.70,468.00,493.95,2004937
2013-07-09,496.00,507.00,496.00,504.00,1443282
2013-07-10,508.00,513.40,490.55,491.60,3378634
2013-07-11,507.00,516.80,503.30,512.00,2233280
2013-07-12,513.00,513.60,499.40,504.00,1328001
2013-07-15,502.05,509.75,499.55,506.40,667294
2013-07-16,489.00,489.00,461.10,468.30,2917668
2013-07-17,471.95,471.95,441.20,455.00,3539319
2013-07-18,457.00,470.45,454.45,463.50,4039242
2013-07-19,465.00,465.00,440.20,446.50,3204539
2013-07-22,445.00,462.60,441.55,457.65,1812575
2013-07-23,466.50,471.00,460.60,464.00,1689821
2013-07-24,449.85,450.35,419.50,424.00,5520199
2013-07-25,423.60,431.95,419.95,421.85,3598704
2013-07-26,429.50,430.15,404.10,423.40,2335051
2013-07-29,420.25,425.75,408.15,412.65,2008750
2013-07-30,415.00,420.80,393.65,398.45,3632814
2013-07-31,395.00,395.00,367.80,382.00,3026323
2013-08-01,391.95,398.60,368.10,394.00,3827048
2013-08-02,398.50,406.50,380.35,388.75,3145030
2013-08-05,398.90,401.85,379.35,390.20,1846081
2013-08-06,382.65,386.10,353.00,363.00,2679728
2013-08-07,362.00,378.65,355.15,373.65,3843246
2013-08-08,372.10,377.50,361.25,374.00,1440010
2013-08-12,372.55,389.00,358.00,367.65,2173435
2013-08-13,367.80,387.80,364.65,384.05,2019325
2013-08-14,384.00,392.20,373.55,381.00,2330603
2013-08-16,373.50,378.00,348.00,351.00,3173412
2013-08-19,350.00,357.95,334.40,335.50,3279735
2013-08-20,330.00,351.35,311.50,341.50,5187529
2013-08-21,364.70,383.70,354.00,358.55,8113368
2013-08-22,351.00,370.35,345.25,368.10,6411982
2013-08-23,369.00,374.00,358.65,370.70,5521984
2013-08-26,375.00,383.00,368.95,372.65,3088890
2013-08-27,369.00,369.00,337.60,342.00,3429668
2013-08-28,338.80,352.50,318.00,345.00,6941686
2013-08-29,351.20,358.50,338.25,351.60,2654131
2013-08-30,350.55,368.00,345.00,353.10,2433451
2013-09-02,357.95,383.35,357.95,383.00,2228734
2013-09-03,385.00,385.00,342.50,348.00,3305740
2013-09-04,351.00,374.80,344.00,363.70,3966778
2013-09-05,380.40,415.00,380.40,394.85,8526456
2013-09-06,401.85,415.90,387.55,412.10,4101301
2013-09-10,425.00,435.60,403.15,412.00,3472659
2013-09-11,404.55,422.45,401.00,418.80,3246382
2013-09-12,420.35,423.80,391.35,396.10,2377014
2013-09-13,394.00,405.00,388.10,399.40,2837980
2013-09-16,409.95,421.70,402.55,415.10,3299336
2013-09-17,412.50,412.50,397.10,402.00,2719459
2013-09-18,404.90,415.00,395.20,411.80,2757792
2013-09-19,436.00,474.10,430.00,434.70,12156940
2013-09-20,436.70,437.00,387.35,412.00,6557339
2013-09-23,398.00,409.50,384.00,385.00,2591710
2013-09-24,380.65,395.60,379.70,388.65,2528183
2013-09-25,392.90,393.45,376.50,383.55,2144586
2013-09-26,388.00,391.85,376.80,381.70,4261623
2013-09-27,389.75,389.75,372.00,378.50,1781898
2013-09-30,372.00,375.00,361.70,370.20,2082095
2013-10-01,371.00,386.50,366.50,385.95,2265975
2013-10-03,386.60,405.00,384.55,397.70,2984315
2013-10-04,395.00,404.20,391.00,395.45,2324909
2013-10-07,394.30,399.90,385.10,397.00,1800072
2013-10-08,428.90,428.90,398.00,401.00,3766564
2013-10-09,394.70,414.90,390.10,413.45,3557219
2013-10-10,410.95,419.80,406.50,416.25,2506328
2013-10-11,423.35,429.80,415.50,428.00,2607130
2013-10-14,433.95,440.00,421.55,424.75,8169553
2013-10-15,431.00,432.00,405.00,406.50,4149958
2013-10-17,410.00,410.00,386.45,388.45,4637522
2013-10-18,393.00,414.95,392.60,414.00,3895239
2013-10-21,415.10,428.60,410.70,428.30,3404948
2013-10-22,426.00,429.60,418.65,425.25,2278709
2013-10-23,425.20,432.80,422.00,427.90,2423549
2013-10-24,421.10,433.60,421.10,427.00,1802601
2013-10-25,423.10,428.90,417.20,425.00,2120328
2013-10-28,427.35,429.95,410.50,411.05,2647268
2013-10-29,411.10,438.00,402.60,435.45,3912100
2013-10-30,438.05,453.30,434.25,445.80,3246632
2013-10-31,448.00,450.70,441.25,445.80,1663042
2013-11-01,443.00,455.95,442.10,448.00,1811465
2013-11-05,445.00,460.00,442.20,451.50,1863758
2013-11-06,452.90,452.90,440.60,441.90,1042985
2013-11-07,443.50,444.70,427.05,427.50,1816618
2013-11-08,428.50,433.00,423.05,428.00,1580186
2013-11-11,421.20,425.75,408.30,412.85,1881535
2013-11-12,415.40,432.35,411.75,412.95,1842612
2013-11-13,413.70,416.45,398.00,406.00,3499006
2013-11-14,412.00,421.75,409.05,412.50,1575820
2013-11-18,417.50,424.00,410.50,421.00,1708568
2013-11-19,419.00,431.95,418.00,431.00,2017863
2013-11-20,428.00,429.95,418.10,419.45,1338612
2013-11-21,416.40,417.00,400.00,405.00,2613409
2013-11-22,405.30,412.90,405.30,408.35,2098483
2013-11-25,409.30,422.80,409.30,422.00,1794972
2013-11-26,420.40,425.50,411.00,412.70,1631482
2013-11-27,413.55,416.50,404.25,411.95,1533846
2013-11-28,414.20,421.00,410.50,420.40,1792494
2013-11-29,417.80,425.00,417.80,423.50,1346558
2013-12-02,425.40,435.55,422.20,431.15,1845832
2013-12-03,433.75,433.75,424.15,425.50,1463179
2013-12-04,422.50,431.00,421.10,425.85,1277047
2013-12-05,435.00,442.30,431.90,441.00,2484619
2013-12-06,441.90,448.50,437.85,446.90,1758736
2013-12-09,461.00,472.60,455.00,463.50,2975182
2013-12-10,466.00,467.35,449.00,452.00,1719053
2013-12-11,449.60,451.00,438.05,449.05,1795277
2013-12-12,445.00,447.35,429.20,429.80,1938161
2013-12-13,427.00,428.00,412.50,417.65,2559982
2013-12-16,415.35,422.60,409.15,415.30,1368811
2013-12-17,419.30,422.40,411.55,412.40,1812860
2013-12-18,414.40,433.90,412.60,432.25,3858592
2013-12-19,435.00,435.00,413.25,422.25,3258108
2013-12-20,420.60,427.25,416.80,424.50,1852050
2013-12-23,422.50,434.00,422.50,430.10,1475724
2013-12-24,432.00,433.10,422.55,422.90,1018128
2013-12-26,427.40,429.25,416.80,420.00,1479040
2013-12-27,422.00,424.90,420.25,422.70,770831
2013-12-30,424.85,425.90,416.50,416.50,935426
2013-12-31,416.00,422.50,416.00,420.10,565994
2014-01-01,422.60,424.60,421.35,424.40,436060
2014-01-02,423.50,432.90,410.60,411.75,1488105
2014-01-03,413.00,415.50,406.60,414.40,1744494
2014-01-06,414.15,415.00,409.10,412.60,1053536
2014-01-07,418.00,421.50,411.00,419.90,1751684
2014-01-08,423.50,426.50,420.30,421.95,1438845
2014-01-09,423.30,423.35,411.95,417.40,1444817
2014-01-10,421.95,428.50,402.40,403.60,6439413
2014-01-13,406.00,415.50,401.45,414.15,2578191
2014-01-14,411.00,420.95,410.90,420.00,1651642
2014-01-15,420.10,425.90,419.00,424.00,1604906
2014-01-16,425.60,429.65,424.40,428.55,1392236
2014-01-17,428.70,429.50,421.00,423.40,1164331
2014-01-20,422.90,437.00,420.55,435.00,1078601
2014-01-21,436.20,440.00,430.60,434.75,1291285
2014-01-22,431.65,438.00,430.90,433.10,908648
2014-01-23,432.00,435.45,427.55,430.35,1049336
2014-01-24,425.50,431.50,414.05,415.00,2127724
2014-01-27,405.30,410.10,392.60,396.35,3637896
2014-01-28,397.50,400.35,377.60,389.85,3241962
2014-01-29,396.00,398.00,378.55,380.35,1703617
2014-01-30,376.00,380.30,369.50,379.70,3221639
2014-01-31,378.95,385.55,378.95,383.25,1575659
2014-02-03,380.45,384.95,377.70,382.00,809570
2014-02-04,378.10,389.60,372.20,388.00,1783912
2014-02-05,387.50,395.35,386.30,394.95,1836383
2014-02-06,394.00,398.25,386.00,391.00,1223712
2014-02-07,395.00,397.50,385.30,387.80,1428673
2014-02-10,389.15,392.80,383.40,384.40,719987
2014-02-11,384.90,390.00,384.30,386.30,717541
2014-02-12,390.20,391.00,384.60,385.45,919601
2014-02-13,386.10,386.70,372.25,373.95,1003217
2014-02-14,376.30,381.35,371.75,376.90,1410332
2014-02-17,376.10,384.00,375.00,381.75,1047736
2014-02-18,378.05,391.50,377.90,389.20,1763389
2014-02-19,389.25,394.70,388.30,392.90,1498154
2014-02-20,389.00,392.10,383.30,384.50,3540155
2014-02-21,384.60,394.20,384.60,392.05,1147452
2014-02-24,390.00,401.30,387.00,399.10,2077167
2014-02-25,403.95,406.75,397.65,402.65,1853952
2014-02-26,402.00,403.50,394.30,395.80,1000077
2014-02-28,397.50,404.20,392.00,397.50,1337890
2014-03-03,397.00,403.75,390.35,392.25,903952
2014-03-04,391.50,413.00,391.50,411.20,2110860
2014-03-05,415.00,421.40,409.00,415.95,1885593
2014-03-06,417.80,424.50,416.00,420.85,1766045
2014-03-07,422.50,452.60,422.50,444.10,4034650
2014-03-10,445.70,470.90,442.10,468.65,4924045
2014-03-11,470.20,477.95,460.00,473.60,2898887
2014-03-12,474.25,474.25,459.80,469.70,2039528
2014-03-13,472.20,479.85,464.75,469.20,2171476
2014-03-14,462.00,470.00,456.10,468.15,1858887
2014-03-18,470.00,484.70,470.00,482.85,3507136
2014-03-19,484.00,484.90,476.30,479.30,1470017
2014-03-20,482.00,483.00,467.85,468.95,1348600
2014-03-21,472.90,477.90,469.60,471.45,1458528
2014-03-24,475.00,493.50,475.00,490.30,3390514
2014-03-25,494.45,494.45,484.80,486.10,2615164
2014-03-26,490.10,497.80,485.75,490.30,2581666
2014-03-27,489.75,494.50,487.55,491.65,2170348
2014-03-28,495.00,509.50,493.00,501.45,2065347
2014-03-31,505.00,508.45,496.15,501.85,1905650
2014-04-01,502.95,504.00,491.55,499.25,1149446
2014-04-02,502.00,509.90,493.65,508.20,1991703
2014-04-03,508.50,508.50,493.50,495.65,1599787
2014-04-04,494.60,503.50,494.05,500.85,3169896
2014-04-07,500.85,505.35,495.75,497.85,1136853
2014-04-09,503.30,518.50,498.35,516.85,2384220
2014-04-10,517.00,520.50,508.10,512.20,1620315
2014-04-11,502.65,504.70,488.35,490.15,1451648
2014-04-15,494.00,496.85,479.40,483.25,1027632
2014-04-16,485.10,495.00,483.40,487.15,3374626
2014-04-17,491.80,504.10,486.95,498.95,2147605
2014-04-21,500.00,508.35,495.20,506.40,1141176
2014-04-22,506.00,507.45,494.50,497.90,1236478
2014-04-23,495.20,502.90,491.20,497.40,2484935
2014-04-25,496.25,507.65,493.00,495.35,1701681
2014-04-28,497.90,499.00,488.75,493.85,1115291
2014-04-29,495.00,498.90,483.70,485.30,1443629
2014-04-30,486.40,492.80,473.70,478.35,1391554
2014-05-02,480.60,487.00,472.70,476.55,1233076
2014-05-05,478.40,484.90,471.00,480.35,1603848
2014-05-06,481.55,493.25,478.25,490.50,1387562
2014-05-07,487.30,497.25,485.85,492.60,1685631
2014-05-08,495.30,496.55,489.05,490.70,1096156
2014-05-09,490.70,517.90,488.60,513.50,2179187
2014-05-12,518.00,536.00,512.40,521.30,2569167
2014-05-13,531.00,544.80,523.50,534.25,1977628
2014-05-14,533.95,540.50,527.90,537.05,1313340
2014-05-15,532.00,546.25,532.00,534.35,1560960
2014-05-16,550.00,587.00,544.05,561.95,3007891
2014-05-19,562.10,583.35,556.60,560.25,1893969
2014-05-20,569.00,572.55,548.15,556.00,2065575
2014-05-21,559.80,570.00,546.40,560.05,1937799
2014-05-22,564.00,573.20,552.85,567.50,1627738
2014-05-23,570.00,581.00,554.05,560.85,2330579
2014-05-26,568.00,571.80,540.45,550.05,1977780
2014-05-27,549.00,561.45,540.00,555.40,1439765
2014-05-28,555.00,563.80,550.10,554.30,952791
2014-05-29,554.55,559.95,541.00,542.75,1726648
2014-05-30,547.90,551.95,528.60,533.95,1154455
2014-06-02,532.10,554.35,531.00,552.40,1212526
2014-06-03,553.00,554.90,536.50,541.50,1082946
2014-06-04,540.10,548.00,538.00,540.05,596415
2014-06-05,537.90,543.15,531.55,533.00,958473
2014-06-06,537.35,547.70,534.35,545.30,1125599
2014-06-09,548.00,561.00,548.00,557.15,1196862
2014-06-10,557.50,560.80,547.00,558.30,809142
2014-06-11,557.00,571.65,545.00,557.80,2240823
2014-06-12,557.00,557.00,545.00,552.05,431081
2014-06-13,554.95,557.00,533.70,536.65,637311
2014-06-16,535.00,546.65,520.65,534.45,1028057
2014-06-17,533.00,556.75,531.00,552.35,943205
2014-06-18,555.00,557.05,538.00,542.05,793566
2014-06-19,544.70,560.00,538.00,557.30,1800038
2014-06-20,558.00,559.00,550.35,555.50,1215250
2014-06-23,556.10,569.90,556.10,567.45,1348982
2014-06-24,570.80,576.85,568.10,571.75,927637
2014-06-25,574.95,582.00,567.00,578.60,1062983
2014-06-26,578.00,581.60,563.30,565.55,1924761
2014-06-27,566.50,573.50,564.00,571.80,591144
2014-06-30,573.85,577.30,569.60,571.70,743857
2014-07-01,574.15,577.00,569.00,575.45,1160823
2014-07-02,579.00,585.00,572.00,584.10,916904
2014-07-03,585.00,587.00,571.00,573.25,576292
2014-07-04,575.00,577.85,557.00,569.45,926448
2014-07-07,569.90,571.00,554.25,555.95,1093537
2014-07-08,555.05,565.00,544.95,551.10,990112
2014-07-09,560.00,562.00,540.25,543.90,1791553
2014-07-10,544.85,555.65,532.20,536.15,1401352
2014-07-11,536.15,544.00,530.25,536.25,1244271
2014-07-14,534.10,541.60,530.20,536.10,933715
2014-07-15,540.30,543.30,532.85,539.95,606338
2014-07-16,543.00,545.90,534.25,540.35,930425
2014-07-17,540.00,544.25,535.00,536.90,790020
2014-07-18,534.00,544.10,527.10,542.35,1110616
2014-07-21,543.00,568.75,543.00,559.75,1674032
2014-07-22,564.00,565.35,552.00,558.10,858090
2014-07-23,560.00,563.40,551.10,555.80,658514
2014-07-24,557.00,558.35,547.10,551.75,690087
2014-07-25,549.45,558.55,543.30,550.00,569208
2014-07-28,551.75,558.40,548.60,551.45,527177
2014-07-30,552.15,565.00,545.90,563.60,680088
2014-07-31,562.00,572.00,556.35,559.50,1039377
2014-08-01,556.00,564.00,544.85,548.60,561037
2014-08-04,549.75,560.00,547.80,554.80,534723
2014-08-05,553.00,557.50,547.25,555.05,432351
2014-08-06,550.55,555.60,547.50,552.60,533624
2014-08-07,548.25,555.50,548.20,550.45,341244
2014-08-08,544.70,551.00,535.30,537.20,384425
2014-08-11,539.50,541.00,536.90,539.70,271885
2014-08-12,539.65,549.00,538.00,545.00,344857
2014-08-13,540.35,546.10,535.80,539.55,408388
2014-08-14,540.20,550.20,537.45,548.25,551976
2014-08-18,545.00,553.70,543.85,550.25,656550
2014-08-19,551.50,570.00,551.50,568.65,1264604
2014-08-20,572.70,573.40,561.20,568.40,590301
2014-08-21,569.10,574.75,565.00,568.10,670343
2014-08-22,569.45,574.10,567.35,569.95,440118
2014-08-25,569.15,583.00,565.10,567.25,848626
2014-08-26,563.00,571.55,557.60,562.40,496916
2014-08-27,565.00,580.80,561.10,577.40,412225
2014-08-28,584.30,587.90,578.10,585.45,770108
2014-09-01,586.55,614.80,586.55,606.90,1531844
2014-09-02,610.00,620.40,609.00,613.65,1277709
2014-09-03,618.00,622.40,611.65,616.30,1459503
2014-09-04,615.90,617.00,603.05,609.70,592010
2014-09-05,609.80,618.10,607.00,613.20,633231
2014-09-08,618.00,622.00,614.00,620.40,501130
2014-09-09,622.00,637.60,613.00,633.65,826742
2014-09-10,629.80,635.40,620.70,632.55,891497
2014-09-11,633.55,642.50,626.00,628.40,1075814
2014-09-12,633.00,633.90,625.00,631.30,393690
2014-09-15,627.40,627.40,620.10,623.30,366221
2014-09-16,621.00,637.45,612.00,618.50,1274041
2014-09-17,622.55,625.50,613.65,619.90,512933
2014-09-18,615.00,631.80,615.00,629.55,870506
2014-09-19,627.70,634.90,620.75,630.10,532173
2014-09-22,626.00,643.85,623.30,642.55,687450
2014-09-23,644.95,646.95,628.70,630.90,732144
2014-09-24,630.00,632.60,616.10,622.70,618112
2014-09-25,620.00,630.80,604.00,611.55,939181
2014-09-26,612.00,628.35,610.20,624.50,1169117
2014-09-29,625.00,631.90,616.60,625.15,592490
2014-09-30,624.80,627.90,615.00,621.55,557826
2014-10-01,621.50,621.50,600.60,601.85,602106
2014-10-07,596.00,606.40,595.10,599.50,798852
2014-10-08,595.25,627.90,594.50,623.10,928741
2014-10-09,627.00,631.55,622.30,626.15,626240
2014-10-10,622.00,628.80,616.55,623.25,688989
2014-10-13,626.90,648.00,624.00,634.95,2955157
2014-10-14,644.50,654.00,640.45,649.75,1979225
2014-10-16,649.00,658.00,641.00,645.35,1604023
2014-10-17,647.35,666.90,647.00,660.85,1666095
2014-10-20,670.05,674.90,663.85,667.25,945873
2014-10-21,668.00,679.80,663.00,678.15,752512
2014-10-22,683.10,686.80,676.50,683.95,475609
2014-10-23,687.00,690.00,680.40,683.65,109076
2014-10-27,692.00,708.50,691.90,696.80,1242535
2014-10-28,699.90,702.00,685.70,697.95,640727
2014-10-29,702.00,703.75,689.55,692.35,890168
2014-10-30,692.00,718.70,686.85,710.25,1773300
2014-10-31,715.00,722.00,708.70,720.10,806832
2014-11-03,724.90,725.00,705.40,708.10,722814
2014-11-05,710.00,726.30,705.50,722.35,917214
2014-11-07,724.00,731.55,717.15,728.40,891311
2014-11-10,729.00,734.00,721.00,724.50,590964
2014-11-11,728.55,729.95,718.80,720.40,913581
2014-11-12,725.00,729.00,720.25,727.65,1022775
2014-11-13,734.95,736.35,721.00,722.35,919911
2014-11-14,723.00,732.90,716.80,730.55,677172
2014-11-17,730.55,733.75,721.70,725.65,786713
2014-11-18,725.80,728.60,720.00,722.30,523280
2014-11-19,724.00,725.75,712.40,715.50,510425
2014-11-20,713.55,714.50,705.00,707.20,530861
2014-11-21,706.00,723.40,700.10,714.30,857091
2014-11-24,717.50,728.20,716.10,720.45,793534
2014-11-25,721.00,725.00,703.00,706.80,842882
2014-11-26,705.00,723.80,704.00,717.30,762998
2014-11-27,715.80,725.80,712.00,720.60,1114645
2014-11-28,723.50,759.80,723.50,750.45,1660682
2014-12-01,751.95,776.00,745.60,772.95,1046556
2014-12-02,769.15,769.75,758.40,762.35,797540
2014-12-03,764.00,784.55,762.00,775.60,997621
2014-12-04,772.10,790.00,758.80,784.45,827398
2014-12-05,790.00,795.30,781.20,787.30,1029452
2014-12-08,788.60,789.50,768.70,783.35,634004
2014-12-09,780.90,782.55,768.10,774.50,558503
2014-12-10,776.00,787.80,770.95,782.45,556655
2014-12-11,782.90,785.20,771.25,777.55,537357
2014-12-12,778.00,786.20,774.85,778.65,417103
2014-12-15,775.00,799.25,771.00,782.50,1065160
2014-12-16,780.50,789.60,761.15,763.75,969381
2014-12-17,761.50,770.95,752.20,759.90,1101172
2014-12-18,774.00,777.35,763.50,773.50,706968
2014-12-19,777.20,785.20,769.15,770.60,736723
2014-12-22,772.00,782.00,764.10,777.95,484759
2014-12-23,781.80,789.10,770.90,786.40,526591
2014-12-24,792.90,793.80,780.00,784.55,766335
2014-12-26,786.95,789.50,777.75,784.45,442570
2014-12-29,787.00,791.90,782.05,783.70,280905
2014-12-30,784.10,794.40,775.00,792.10,609368
2014-12-31,799.00,809.50,794.35,802.45,1270958
2015-01-01,803.40,814.70,798.40,812.00,819116
2015-01-02,816.00,823.35,812.00,815.90,640249
2015-01-05,818.00,821.80,812.05,819.10,336910
2015-01-06,816.00,816.00,792.35,798.40,485801
2015-01-07,800.10,805.50,786.55,791.95,737973
2015-01-08,800.00,804.50,788.45,798.70,623621
2015-01-09,804.00,810.80,791.55,802.00,544145
2015-01-12,804.95,839.20,797.00,829.45,896776
2015-01-13,845.00,849.15,820.05,825.50,3264664
2015-01-14,831.70,832.90,811.10,816.65,1238612
2015-01-15,840.50,849.00,825.00,830.35,1493767
2015-01-16,831.70,837.85,813.30,831.85,1160723
2015-01-19,835.00,837.80,827.00,829.15,612731
2015-01-20,830.00,844.50,822.60,840.45,1318766
2015-01-21,845.00,859.50,839.45,842.55,1462665
2015-01-22,838.50,851.80,837.60,846.25,553285
2015-01-23,853.00,863.95,851.00,857.35,1179588
2015-01-27,857.00,870.00,851.40,863.25,840924
2015-01-28,859.95,880.00,858.20,868.75,925540
2015-01-29,863.50,878.95,862.95,876.05,687051
2015-01-30,877.00,884.80,866.25,870.20,888368
2015-02-02,865.10,877.85,856.10,874.55,666544
2015-02-03,876.60,889.80,857.25,861.35,1013403
2015-02-04,864.60,872.30,851.25,863.30,907333
2015-02-05,861.90,883.35,851.00,865.40,704581
2015-02-06,863.80,868.30,840.50,845.30,465226
2015-02-09,838.75,838.75,820.50,825.15,573650
2015-02-10,815.70,851.95,815.70,840.80,1050019
2015-02-11,844.00,863.20,844.00,855.50,787344
2015-02-12,857.90,874.95,846.60,869.95,507508
2015-02-13,872.90,877.65,863.95,875.35,700753
2015-02-16,872.50,879.30,855.00,862.90,420397
2015-02-18,861.80,869.85,852.60,864.85,503192
2015-02-19,868.00,870.50,842.45,857.50,621565
2015-02-20,857.10,881.40,850.65,876.80,1207981
2015-02-23,876.00,878.50,857.90,867.55,596633
2015-02-24,865.50,867.00,854.70,864.15,505014
2015-02-25,865.00,873.20,855.00,858.55,617078
2015-02-26,856.20,860.00,839.05,845.30,1152143
2015-02-27,844.95,867.80,837.55,864.50,1063550
2015-02-28,875.00,922.45,858.50,916.55,1388891
2015-03-02,925.00,949.90,914.00,944.50,1263167
2015-03-03,945.00,945.00,926.00,938.60,617171
2015-03-04,959.90,962.55,903.10,908.20,996972
2015-03-05,909.80,917.85,893.15,913.20,739059
2015-03-09,908.00,910.00,890.50,895.20,1121892
2015-03-10,898.00,913.55,888.55,896.75,949910
2015-03-11,898.10,905.00,885.10,890.20,661190
2015-03-12,893.00,902.50,888.80,891.80,678466
2015-03-13,895.00,897.30,865.25,875.20,789147
2015-03-16,875.25,888.80,866.25,877.25,637728
2015-03-17,882.10,908.80,880.80,903.15,578263
2015-03-18,907.40,920.90,896.00,903.20,1120286
2015-03-19,919.00,919.00,875.00,881.15,1142631
2015-03-20,888.00,894.90,874.25,886.35,751604
2015-03-23,888.00,894.00,881.55,888.35,955973
2015-03-24,885.00,896.45,878.60,884.85,704010
2015-03-25,887.50,889.85,864.25,871.05,715430
2015-03-26,864.50,878.90,853.05,860.35,2107203
2015-03-27,861.00,887.50,850.90,880.75,1088061
2015-03-30,886.05,890.00,876.10,887.95,411951
2015-03-31,891.00,894.10,877.50,886.00,583298
2015-04-01,884.10,928.65,880.50,925.25,954252
2015-04-06,926.00,927.00,911.35,914.95,573759
2015-04-07,915.05,920.50,900.20,906.95,738125
2015-04-08,915.15,915.15,900.05,901.95,456811
2015-04-09,908.00,947.85,901.00,943.90,1086130
2015-04-10,948.40,951.45,935.60,945.25,761095
2015-04-13,948.00,954.90,940.50,949.75,847695
2015-04-15,953.85,967.00,938.25,946.55,862700
2015-04-16,955.00,959.00,927.95,934.45,3431738
2015-04-17,936.00,936.00,873.15,876.00,2706290
2015-04-20,874.70,881.25,830.00,843.75,1937207
2015-04-21,849.00,860.00,833.30,837.80,1671993
2015-04-22,840.00,852.00,820.00,846.25,1350387
2015-04-23,854.80,869.90,850.15,858.75,1373721
2015-04-24,863.40,863.40,824.20,830.55,1042505
2015-04-27,834.00,834.00,810.55,823.05,1087851
2015-04-28,818.15,835.30,806.10,827.70,1528666
2015-04-29,828.80,842.00,818.05,833.10,1119768
2015-04-30,830.10,835.40,820.05,823.80,1960263
2015-05-04,828.00,849.50,827.20,841.70,868300
2015-05-05,839.85,845.95,831.60,836.55,672307
2015-05-06,837.00,839.00,799.00,802.95,985312
2015-05-07,796.70,800.00,786.00,795.20,1753181
2015-05-08,803.05,815.70,800.00,810.45,1407570
2015-05-11,816.40,823.00,806.00,819.65,1423467
2015-05-12,822.90,822.90,794.20,800.25,1358401
2015-05-13,805.10,819.40,795.15,817.20,1074443
2015-05-14,817.20,820.00,800.30,816.65,680132
2015-05-15,819.95,841.30,818.00,833.35,1234559
2015-05-18,829.75,852.30,827.55,846.35,995778
2015-05-19,846.00,858.70,842.20,845.70,816702
2015-05-20,848.95,856.00,847.25,851.55,750251
2015-05-21,855.80,855.80,838.05,848.20,503688
2015-05-22,850.70,861.65,848.25,852.60,760999
2015-05-25,851.80,862.75,846.95,854.10,516256
2015-05-26,853.00,859.80,841.30,852.95,552759
2015-05-27,848.95,865.00,844.60,860.30,307557
2015-05-28,863.90,869.10,850.10,855.30,1570880
2015-05-29,854.90,880.00,853.15,873.95,739227
2015-06-01,870.00,885.00,870.00,882.95,641892
2015-06-02,883.00,884.05,842.50,847.15,885470
2015-06-03,845.00,850.90,834.00,842.60,505601
2015-06-04,847.80,852.75,837.25,846.65,454498
2015-06-05,840.00,847.80,830.00,834.45,979963
2015-06-08,828.00,828.40,809.00,811.70,1318893
2015-06-09,807.80,818.40,790.00,809.20,1076855
2015-06-10,811.00,830.70,811.00,819.60,997303
2015-06-11,825.00,826.00,793.00,795.10,1251145
2015-06-12,790.00,814.00,784.00,810.80,1006880
2015-06-15,810.00,810.00,792.45,794.55,626249
2015-06-16,795.05,825.25,787.00,821.55,854175
2015-06-17,827.00,828.00,811.50,818.20,1319469
2015-06-18,820.00,831.00,812.95,825.55,721061
2015-06-19,826.50,837.30,823.75,834.70,497932
2015-06-22,833.80,865.50,832.95,839.25,1357595
2015-06-23,842.70,847.50,829.20,833.60,1202887
2015-06-24,834.25,854.50,834.25,844.50,905000
2015-06-25,844.50,885.45,841.75,867.15,1929219
2015-06-26,864.40,884.70,851.00,869.40,1457184
2015-06-29,859.50,864.00,841.10,859.60,696937
2015-06-30,860.95,874.80,855.00,872.70,738228
2015-07-01,872.60,886.00,862.00,875.55,832607
2015-07-02,883.40,883.40,868.00,869.75,688412
2015-07-03,858.00,900.55,858.00,893.50,1092421
2015-07-06,883.80,901.25,877.00,899.30,940588
2015-07-07,896.00,912.00,895.00,898.95,698569
2015-07-08,881.95,896.00,873.90,892.40,719187
2015-07-09,891.85,897.40,875.25,893.00,1043039
2015-07-10,897.90,904.00,887.00,894.95,528685
2015-07-13,904.20,927.70,895.05,923.95,3460092
2015-07-14,933.00,933.80,919.35,924.05,1362690
2015-07-15,921.35,932.00,918.00,927.15,728864
2015-07-16,930.00,937.20,924.00,932.30,1581760
2015-07-17,933.30,938.75,925.10,935.85,941362
2015-07-20,936.00,950.00,930.40,947.45,757943
2015-07-21,947.00,951.25,932.80,938.35,378818
2015-07-22,937.05,960.00,933.00,956.90,668776
2015-07-23,954.10,964.90,945.00,949.80,714586
2015-07-24,949.00,966.50,945.45,955.85,1061478
2015-07-27,949.80,953.00,929.10,938.30,568643
2015-07-28,941.05,952.25,930.75,949.85,1002593
2015-07-29,949.00,959.00,944.55,953.60,900217
2015-07-30,959.00,982.65,956.40,973.70,1155545
2015-07-31,975.00,989.30,970.15,977.70,994608
2015-08-03,978.00,986.00,966.60,973.85,826349
2015-08-04,973.00,973.00,940.05,952.30,1183219
2015-08-05,958.00,962.50,948.60,952.65,496812
2015-08-06,952.70,958.30,946.35,951.60,516457
2015-08-07,949.90,959.60,942.00,946.95,452556
2015-08-10,946.50,958.00,936.65,944.40,547548
2015-08-11,945.10,952.95,939.55,950.70,535103
2015-08-12,946.90,953.75,906.25,914.45,458811
2015-08-13,911.85,933.80,910.00,925.30,590548
2015-08-14,935.00,963.50,928.25,959.00,935467
2015-08-17,959.95,964.70,944.60,951.75,595833
2015-08-18,954.00,971.50,950.30,968.20,594739
2015-08-19,965.75,969.90,954.15,957.45,593595
2015-08-20,948.00,961.50,918.05,932.10,591055
2015-08-21,915.00,924.95,893.30,905.25,1314813
2015-08-24,880.00,880.00,850.10,865.60,1626974
2015-08-25,875.00,884.00,865.60,878.05,1189117
2015-08-26,876.90,876.90,848.45,853.50,1089934
2015-08-27,864.00,871.00,853.65,858.50,1888490
2015-08-28,870.00,881.00,830.25,847.65,1779090
2015-08-31,841.00,865.00,838.00,858.05,810239
2015-09-01,852.95,852.95,814.70,831.50,965840
2015-09-02,836.00,838.95,809.25,824.80,1244494
2015-09-03,830.00,855.00,820.00,849.40,916326
2015-09-04,842.50,843.05,817.00,840.80,943412
2015-09-07,850.00,859.60,812.65,820.20,1228245
2015-09-08,821.50,846.90,816.35,840.35,2536360
2015-09-09,853.00,870.70,841.10,857.95,2014128
2015-09-10,845.50,875.00,835.55,866.90,1364608
2015-09-11,874.50,885.90,862.15,868.70,1412833
2015-09-14,868.00,880.00,868.00,876.25,1144929
2015-09-15,875.90,886.90,871.10,883.95,1937337
2015-09-16,886.00,907.50,884.75,899.10,1151193
2015-09-18,905.30,930.50,905.00,918.65,2094161
2015-09-21,905.00,924.90,905.00,913.50,683274
2015-09-22,919.00,921.00,875.50,888.05,808319
2015-09-23,875.00,907.90,873.00,905.55,955777
2015-09-24,908.00,932.10,896.35,926.90,2909599
2015-09-28,927.00,937.60,916.15,920.90,1690643
2015-09-29,912.80,958.00,901.30,941.35,3261855
2015-09-30,956.85,958.10,939.55,942.45,2038714
2015-10-01,950.00,963.25,941.75,957.60,1251550
2015-10-05,966.00,969.90,952.45,959.70,1399766
2015-10-06,964.00,964.00,946.75,952.20,1149797
2015-10-07,952.75,954.65,941.20,948.35,1390453
2015-10-08,951.00,953.60,936.20,944.80,1367019
2015-10-09,954.80,957.20,934.25,940.05,3827106
2015-10-12,944.00,958.00,940.00,944.60,1028185
2015-10-13,948.00,949.65,936.50,945.95,819594
2015-10-14,947.00,962.00,945.95,949.90,1071537
2015-10-15,953.90,966.00,952.10,957.80,1103270
2015-10-16,958.00,966.00,950.05,962.70,744451
2015-10-19,964.50,973.35,959.10,962.05,811801
2015-10-20,960.50,970.10,953.10,956.70,702126
2015-10-21,958.00,967.75,951.90,957.45,737124
2015-10-23,963.00,966.25,957.15,959.80,329508
2015-10-26,964.00,964.90,956.00,957.95,774154
2015-10-27,955.20,959.65,951.00,954.00,529820
2015-10-28,949.00,963.50,918.95,924.20,1653036
2015-10-29,920.05,923.80,908.50,914.50,1155093
2015-10-30,914.00,922.25,902.35,911.90,905083
2015-11-02,911.90,916.85,904.20,913.65,777036
2015-11-03,914.95,921.00,908.50,911.85,1077484
2015-11-04,915.35,919.40,909.25,913.70,539364
2015-11-05,911.00,912.80,901.25,907.45,1329817
2015-11-06,911.00,924.00,908.60,920.95,1027490
2015-11-09,903.00,925.60,900.00,923.40,1281696
2015-11-10,914.00,917.90,891.00,893.75,1005017
2015-11-11,900.00,914.00,895.10,896.95,120500
2015-11-13,888.90,895.75,880.00,892.25,780686
2015-11-16,889.40,917.55,889.40,912.40,641386
2015-11-17,915.30,916.35,901.00,906.25,370477
2015-11-18,905.00,913.00,897.40,901.05,720317
2015-11-19,909.00,917.35,900.65,914.15,654116
2015-11-20,914.15,931.50,910.00,921.85,1277692
2015-11-23,923.00,929.95,918.05,919.70,561734
2015-11-24,918.75,928.00,912.05,919.55,758435
2015-11-26,922.90,924.10,913.50,915.55,1010152
2015-11-27,921.00,926.50,910.60,923.35,1152436
2015-11-30,925.40,939.00,922.30,935.25,1180438
2015-12-01,940.00,945.00,933.50,942.65,856641
2015-12-02,944.50,945.00,935.20,942.60,795995
2015-12-03,939.65,949.50,933.00,946.70,766241
2015-12-04,940.10,944.95,934.85,942.95,1331500
2015-12-07,943.00,954.40,941.00,952.75,884329
2015-12-08,948.90,957.35,941.50,944.20,768665
2015-12-09,943.00,949.00,924.30,927.85,620237
2015-12-10,928.10,932.45,919.45,930.10,978676
2015-12-11,928.00,937.60,907.10,916.15,1189304
2015-12-14,911.70,922.00,903.75,914.35,1665452
2015-12-15,915.00,923.90,906.20,918.15,1122718
2015-12-16,921.30,941.40,919.05,932.75,822684
2015-12-17,938.00,951.80,929.40,949.05,799986
2015-12-18,945.70,948.50,929.80,935.05,1605306
2015-12-21,936.00,952.75,933.85,950.65,497381
2015-12-22,950.00,950.00,930.30,934.70,491307
2015-12-23,936.15,944.60,936.15,939.65,460487
2015-12-24,943.30,949.45,933.80,945.40,528850
2015-12-28,946.50,959.50,944.50,957.60,918653
2015-12-29,955.00,962.00,952.00,958.75,748840
2015-12-30,962.00,969.90,960.00,968.55,647879
2015-12-31,969.00,971.95,963.25,968.95,1943876
2016-01-01,968.00,972.30,961.35,963.85,500233
2016-01-04,961.80,961.85,931.95,934.20,1210344
2016-01-05,940.80,946.35,932.20,935.25,780609
2016-01-06,936.15,951.80,926.50,943.95,1030625
2016-01-07,934.10,937.05,920.75,925.50,1976106
2016-01-08,934.55,948.70,932.00,947.05,744102
2016-01-11,939.95,942.20,928.00,936.75,1193326
2016-01-12,940.00,941.80,905.10,913.25,4267340
2016-01-13,913.85,944.75,913.80,936.40,3876447
2016-01-14,921.00,929.90,913.00,917.00,1625707
2016-01-15,919.80,932.10,915.60,921.55,1139012
2016-01-18,916.55,929.95,893.95,899.10,1123421
2016-01-19,897.25,905.50,888.00,896.45,1086798
2016-01-20,884.45,960.00,866.80,873.65,1179428
2016-01-21,880.00,896.25,868.30,873.40,1192113
2016-01-22,887.90,905.40,880.80,898.00,1018517
2016-01-25,905.00,910.90,899.60,907.20,666497
2016-01-27,907.85,918.00,880.05,908.25,1054242
2016-01-28,907.00,917.70,900.00,907.15,1679264
2016-01-29,906.50,935.00,900.00,928.80,1369077
2016-02-01,928.75,939.60,924.00,927.10,916513
2016-02-02,927.00,932.00,903.80,908.25,688338
2016-02-03,895.00,915.20,891.00,905.65,773012
2016-02-04,912.00,918.25,903.55,913.20,812359
2016-02-05,913.95,917.40,909.00,911.85,1654488
2016-02-08,910.60,910.65,878.55,882.95,1754784
2016-02-09,873.00,878.50,859.45,868.35,2083698
2016-02-10,866.00,867.00,827.75,835.10,2329955
2016-02-11,830.00,833.20,799.00,811.15,5158251
2016-02-12,815.00,831.85,800.00,811.95,3788481
2016-02-15,825.00,832.00,817.25,823.70,2167942
2016-02-16,831.95,838.95,819.50,834.80,2242516
2016-02-17,830.00,835.40,813.40,831.55,1141968
2016-02-18,837.30,850.35,833.60,847.70,1064050
2016-02-19,843.10,848.70,835.10,841.50,1035996
2016-02-22,845.00,855.45,840.20,844.60,613082
2016-02-23,842.00,845.55,830.75,839.65,1908481
2016-02-24,835.65,838.00,818.90,821.90,1034245
2016-02-25,822.00,823.95,804.75,807.75,1480299
2016-02-26,815.00,822.50,813.20,816.35,1045114
2016-02-29,817.50,839.45,802.00,830.00,3045853
2016-03-01,837.00,867.60,834.00,860.80,1330369
2016-03-02,874.90,896.50,871.00,882.60,2349698
2016-03-03,885.00,898.10,884.25,895.75,1973901
2016-03-04,898.80,921.30,880.95,915.90,1327247
2016-03-08,916.00,927.55,904.00,921.05,1879422
2016-03-09,913.00,937.45,912.25,934.45,1631962
2016-03-10,934.00,935.25,919.00,927.25,1128913
2016-03-11,921.05,933.15,918.05,926.70,1436095
2016-03-14,929.00,932.00,918.10,921.10,1238350
2016-03-15,921.90,931.95,916.80,918.40,1027959
2016-03-16,921.80,927.00,909.30,915.65,1558572
2016-03-17,926.50,928.00,901.35,912.55,2374275
2016-03-18,911.55,934.75,903.25,929.00,1678210
2016-03-21,930.00,936.50,922.80,932.20,1120071
2016-03-22,932.40,937.00,922.70,928.00,1462833
2016-03-23,929.00,934.50,925.00,928.05,1426779
2016-03-28,927.00,939.00,911.65,914.80,4743485
2016-03-29,917.90,930.50,912.80,928.05,1120607
2016-03-30,939.00,948.80,935.50,946.70,1817471
2016-03-31,946.20,970.00,936.60,967.60,2973760
2016-04-01,966.65,969.00,950.75,961.30,933728
2016-04-04,961.30,970.00,956.00,961.30,1501960
2016-04-05,959.80,964.00,946.40,951.30,1278350
2016-04-06,951.20,959.10,947.05,955.40,1055612
2016-04-07,955.00,958.95,937.50,939.60,865013
2016-04-08,940.00,946.80,935.00,937.00,1035958
2016-04-11,939.00,962.00,936.50,960.80,921823
2016-04-12,961.00,970.80,957.55,968.95,1045525
2016-04-13,975.00,994.45,974.00,986.40,2933470
2016-04-18,986.40,993.65,977.20,988.30,1475787
2016-04-20,988.00,988.95,973.55,983.85,1424974
2016-04-21,993.00,993.80,964.50,972.10,3279337
2016-04-22,974.70,989.00,970.80,981.50,1648861
2016-04-25,982.40,987.00,974.15,982.35,904348
2016-04-26,982.00,1025.00,975.00,1021.40,3199405
2016-04-27,1021.90,1042.00,1020.00,1040.00,3437073
2016-04-28,1039.70,1048.60,1029.00,1035.00,1892339
2016-04-29,1032.10,1053.50,1027.15,1048.85,922119
2016-05-02,1043.00,1055.00,1040.40,1045.05,1190614
2016-05-03,1045.00,1057.25,1032.55,1037.80,993373
2016-05-04,1037.00,1046.95,1029.10,1042.00,1490442
2016-05-05,1042.00,1044.30,1026.25,1037.55,1012279
2016-05-06,1037.85,1044.30,1025.25,1042.20,858079
2016-05-09,1042.00,1059.20,1038.90,1054.90,2193370
2016-05-10,1055.00,1055.00,1047.25,1054.70,1037333
2016-05-11,1036.10,1059.80,1036.10,1053.75,1502284
2016-05-12,1052.50,1071.40,1046.25,1066.10,1085566
2016-05-13,1060.00,1069.00,1055.00,1065.20,1078609
2016-05-16,1063.00,1085.00,1058.05,1080.80,806795
2016-05-17,1083.00,1099.80,1077.00,1084.45,1890354
2016-05-18,1080.00,1086.00,1066.35,1083.00,692837
2016-05-19,1078.00,1081.10,1064.95,1072.10,778327
2016-05-20,1069.00,1076.40,1059.00,1070.45,687097
2016-05-23,1072.35,1079.95,1050.30,1056.30,1038361
2016-05-24,1056.40,1056.40,1039.15,1043.65,1287874
2016-05-25,1055.25,1098.90,1055.25,1096.15,1011656
2016-05-26,1095.05,1109.00,1088.00,1103.90,1356124
2016-05-27,1101.25,1111.85,1099.15,1104.10,1377065
2016-05-30,1106.20,1113.55,1096.90,1100.30,927569
2016-05-31,1101.10,1107.05,1095.00,1102.85,1043245
2016-06-01,1103.00,1107.80,1096.55,1103.75,692901
2016-06-02,1105.00,1124.90,1099.15,1121.80,1139626
2016-06-03,1130.00,1132.50,1119.10,1123.95,771905
2016-06-06,1124.95,1130.00,1115.55,1121.75,453741
2016-06-07,1126.50,1128.95,1104.45,1109.90,886165
2016-06-08,1113.00,1119.60,1093.20,1113.60,644739
2016-06-09,1114.85,1125.00,1103.35,1122.00,862716
2016-06-10,1114.10,1126.25,1108.15,1109.90,1033099
2016-06-13,1100.00,1119.90,1100.00,1108.45,986935
2016-06-14,1103.35,1119.90,1099.55,1116.75,615029
2016-06-15,1119.05,1125.60,1110.00,1123.55,894254
2016-06-16,1118.90,1118.90,1086.25,1100.25,938648
2016-06-17,1107.00,1107.70,1085.50,1099.20,1499517
2016-06-20,1089.85,1113.00,1088.50,1103.55,655632
2016-06-21,1103.00,1103.65,1088.50,1090.65,789073
2016-06-22,1090.65,1097.00,1085.70,1090.90,1351762
2016-06-23,1088.85,1111.00,1086.65,1103.30,1304906
2016-06-24,1052.10,1100.00,1045.75,1095.80,1757436
2016-06-27,1091.80,1100.00,1074.40,1079.80,651019
2016-06-28,1080.00,1090.65,1076.70,1084.70,705465
2016-06-29,1090.00,1108.90,1079.50,1101.30,933583
2016-06-30,1110.00,1117.75,1101.00,1111.60,1401180
2016-07-01,1125.00,1128.50,1118.05,1123.35,936058
2016-07-04,1124.00,1126.00,1104.50,1107.60,466972
2016-07-05,1100.00,1113.50,1096.25,1107.10,607228
2016-07-07,1115.00,1116.30,1095.50,1105.40,1663235
2016-07-08,1110.00,1130.50,1106.10,1126.70,1766200
2016-07-11,1146.00,1147.00,1115.50,1124.45,5154128
2016-07-12,1139.95,1140.50,1123.05,1125.20,1973211
2016-07-13,1123.70,1129.70,1100.50,1104.40,1907181
2016-07-14,1107.00,1124.00,1102.25,1114.10,790791
2016-07-15,1114.70,1135.85,1113.10,1126.80,1430265
2016-07-18,1128.05,1144.65,1127.05,1130.90,1161641
2016-07-19,1134.00,1134.00,1104.20,1107.15,1961764
2016-07-20,1103.90,1122.00,1101.00,1118.50,1567746
2016-07-21,1120.10,1143.90,1111.30,1136.65,1213828
2016-07-22,1131.50,1145.00,1131.05,1138.85,968326
2016-07-25,1135.00,1164.45,1132.85,1156.35,1187107
2016-07-26,1156.30,1167.65,1149.55,1156.45,1625281
2016-07-27,1158.00,1181.70,1156.60,1178.30,1811615
2016-07-28,1179.70,1192.00,1164.35,1168.30,1288868
2016-07-29,1177.80,1184.95,1168.35,1175.65,810320
2016-08-01,1173.00,1205.00,1173.00,1200.55,1229356
2016-08-02,1200.10,1211.90,1189.40,1192.90,687438
2016-08-03,1183.10,1193.20,1174.00,1178.40,938416
2016-08-04,1183.40,1187.00,1157.50,1166.30,974932
2016-08-05,1174.90,1188.35,1173.70,1184.60,792799
2016-08-08,1190.35,1206.80,1188.00,1192.40,684522
2016-08-09,1194.80,1196.80,1181.55,1186.25,1083733
2016-08-10,1190.00,1190.00,1153.00,1158.10,835032
2016-08-11,1159.00,1168.00,1145.45,1164.45,1279605
2016-08-12,1175.20,1180.00,1161.40,1173.80,801836
2016-08-16,1171.00,1182.00,1153.65,1158.35,1259489
2016-08-17,1159.55,1161.80,1149.00,1153.55,834678
2016-08-18,1158.20,1197.00,1157.05,1194.60,1343587
2016-08-19,1199.90,1203.75,1184.55,1188.15,603632
2016-08-22,1192.00,1203.30,1184.00,1186.75,545457
2016-08-23,1184.70,1195.00,1179.15,1189.20,382690
2016-08-24,1187.80,1192.75,1179.00,1182.75,336179
2016-08-25,1183.50,1198.95,1178.15,1182.05,855844
2016-08-26,1182.05,1185.00,1159.35,1163.55,926062
2016-08-29,1161.20,1167.15,1148.10,1155.55,455774
2016-08-30,1160.00,1170.00,1157.35,1160.10,1611563
2016-08-31,1168.00,1199.60,1160.20,1186.20,2488483
2016-09-01,1191.75,1196.65,1180.65,1184.20,656421
2016-09-02,1184.70,1194.50,1181.55,1192.15,641723
2016-09-06,1196.35,1233.00,1196.35,1226.95,1525293
2016-09-07,1238.90,1256.05,1213.45,1217.05,1397324
2016-09-08,1219.80,1224.95,1201.00,1219.60,857870
2016-09-09,1218.00,1223.80,1200.00,1217.65,731533
2016-09-12,1198.00,1203.05,1185.10,1195.80,1029013
2016-09-14,1185.00,1200.80,1182.00,1189.70,1892851
2016-09-15,1193.70,1194.80,1176.00,1181.15,1007709
2016-09-16,1187.50,1196.10,1161.90,1169.65,2514415
2016-09-19,1173.20,1207.00,1165.10,1205.10,1267795
2016-09-20,1205.40,1207.05,1182.10,1184.30,948837
2016-09-21,1185.40,1192.50,1182.00,1185.00,1050601
2016-09-22,1198.00,1226.00,1198.00,1219.60,1207430
2016-09-23,1220.00,1230.70,1209.20,1220.80,1080432
2016-09-26,1209.00,1214.30,1196.20,1201.65,835969
2016-09-27,1201.90,1214.85,1193.00,1208.60,933054
2016-09-28,1206.90,1225.25,1200.10,1222.05,802709
2016-09-29,1226.00,1231.90,1190.20,1197.85,1750323
2016-09-30,1190.00,1206.90,1181.55,1195.95,752725
2016-10-03,1201.00,1240.00,1193.90,1232.90,1151991
2016-10-04,1234.90,1237.00,1215.05,1224.30,1229639
2016-10-05,1229.10,1233.00,1209.80,1215.90,278544
2016-10-06,1215.00,1234.70,1205.55,1222.15,570718
2016-10-07,1223.00,1228.00,1208.15,1220.85,488607
2016-10-10,1232.00,1232.05,1216.25,1221.05,506484
2016-10-13,1238.35,1245.60,1209.50,1216.35,2865576
2016-10-14,1224.00,1227.65,1205.65,1218.65,1309888
2016-10-17,1221.00,1221.00,1200.00,1209.00,794646
2016-10-18,1213.00,1219.35,1205.00,1210.75,1291073
2016-10-19,1216.70,1217.00,1202.00,1211.30,520312
2016-10-20,1210.20,1220.75,1202.05,1206.80,1014093
2016-10-21,1210.00,1226.30,1202.10,1224.30,1005741
2016-10-24,1221.00,1224.05,1212.40,1216.35,653636
2016-10-25,1216.00,1219.80,1204.85,1209.30,1022585
2016-10-26,1202.25,1217.00,1198.35,1201.90,501178
2016-10-27,1197.70,1200.45,1171.10,1179.05,1173549
2016-10-28,1178.00,1202.00,1172.00,1199.80,788007
2016-11-01,1197.00,1221.00,1186.25,1214.25,1707549
2016-11-02,1204.25,1236.45,1200.00,1229.45,2223984
2016-11-03,1217.00,1234.00,1217.00,1230.90,530638
2016-11-04,1234.00,1234.00,1206.75,1219.20,795944
2016-11-07,1225.75,1228.90,1209.65,1215.70,578154
2016-11-08,1217.90,1217.90,1203.00,1211.00,698079
2016-11-09,1155.00,1207.55,1150.00,1199.20,2434361
2016-11-10,1209.70,1228.75,1203.15,1214.15,1440450
2016-11-11,1210.00,1229.15,1188.05,1192.35,1474968
2016-11-15,1198.90,1199.95,1080.00,1093.10,3708003
2016-11-16,1100.10,1116.35,1076.00,1095.15,2615803
2016-11-17,1096.70,1112.40,1090.00,1100.35,2056516
2016-11-18,1106.30,1130.00,1097.05,1101.65,1120978
2016-11-21,1108.00,1108.00,1045.95,1059.10,1829643
2016-11-22,1071.75,1076.75,1057.25,1071.55,1431659
2016-11-23,1078.00,1078.05,1060.00,1064.95,890424
2016-11-24,1061.20,1067.90,1036.70,1044.40,2066988
2016-11-25,1044.90,1081.90,1044.90,1073.35,1085823
2016-11-28,1063.00,1073.70,1046.10,1050.35,1181510
2016-11-29,1050.00,1069.80,1042.50,1059.95,1316715
2016-11-30,1064.00,1096.60,1057.65,1086.65,1847669
2016-12-01,1084.00,1089.00,1071.60,1080.70,1099195
2016-12-02,1076.90,1076.90,1052.10,1056.50,1630301
2016-12-05,1055.50,1088.70,1052.30,1083.75,871979
2016-12-06,1090.00,1091.95,1073.05,1082.70,525242
2016-12-07,1086.00,1088.45,1057.55,1076.15,998392
2016-12-08,1081.90,1106.60,1081.00,1098.30,1091448
2016-12-09,1105.00,1116.95,1092.35,1112.85,1068419
2016-12-12,1108.80,1108.80,1082.95,1085.30,412094
2016-12-13,1081.25,1094.00,1076.00,1089.80,784710
2016-12-14,1088.95,1088.95,1068.60,1071.85,791234
2016-12-15,1060.00,1092.90,1057.05,1081.05,1327125
2016-12-16,1082.10,1094.15,1069.20,1082.70,2265499
2016-12-19,1081.00,1094.25,1074.10,1084.90,769000
2016-12-20,1086.85,1088.90,1067.25,1071.90,1103786
2016-12-21,1075.00,1099.95,1063.05,1086.25,1544748
2016-12-22,1079.00,1080.60,1049.25,1060.80,899704
2016-12-23,1051.05,1069.40,1037.00,1062.00,838333
2016-12-26,1061.00,1064.50,1048.80,1060.50,705664
2016-12-27,1060.00,1067.20,1051.10,1063.35,1193147
2016-12-28,1067.80,1097.90,1060.20,1082.10,1267710
2016-12-29,1076.10,1109.00,1074.25,1105.65,1340234
2016-12-30,1102.50,1115.95,1097.50,1107.90,909854
2017-01-02,1109.95,1114.65,1082.35,1087.45,512397
2017-01-03,1088.00,1113.90,1082.05,1100.60,957645
2017-01-04,1094.00,1107.40,1093.00,1100.15,795470
2017-01-05,1107.00,1129.85,1104.05,1127.55,2264164
2017-01-06,1132.00,1155.00,1130.30,1144.05,1139667
2017-01-09,1146.10,1163.45,1138.10,1159.25,713170
2017-01-10,1170.00,1171.10,1142.05,1160.70,2779939
2017-01-11,1185.00,1239.15,1185.00,1235.00,5867928
2017-01-12,1234.10,1235.00,1208.35,1219.90,1447717
2017-01-13,1223.80,1236.50,1203.00,1215.65,1059113
2017-01-16,1211.90,1225.40,1202.00,1217.50,793088
2017-01-17,1220.00,1222.60,1207.85,1214.10,935711
2017-01-18,1212.65,1233.00,1212.65,1227.80,1190967
2017-01-19,1228.10,1230.05,1211.00,1220.35,962484
2017-01-20,1219.90,1240.70,1209.00,1220.25,1007939
2017-01-23,1212.30,1235.00,1212.00,1231.25,1971140
2017-01-24,1235.00,1256.95,1234.15,1251.55,1981467
2017-01-25,1259.95,1269.00,1251.45,1265.40,1643736
2017-01-27,1265.80,1269.00,1250.80,1253.35,1004052
2017-01-30,1251.00,1256.70,1233.05,1239.70,764826
2017-01-31,1244.05,1254.90,1236.55,1252.05,1283594
2017-02-01,1261.00,1315.50,1246.00,1307.75,2248341
2017-02-02,1305.00,1305.90,1272.20,1284.00,1664084
2017-02-03,1278.00,1314.70,1272.00,1303.20,1485304
2017-02-06,1310.00,1335.50,1307.25,1317.05,1129942
2017-02-07,1320.00,1329.95,1303.10,1324.25,1535174
2017-02-08,1325.70,1330.00,1300.10,1319.25,841206
2017-02-09,1318.00,1322.95,1296.75,1304.00,907386
2017-02-10,1311.20,1327.00,1311.20,1322.50,962807
2017-02-13,1328.20,1341.30,1318.55,1339.65,1283959
2017-02-14,1342.85,1342.85,1323.10,1330.40,728131
2017-02-15,1329.00,1331.50,1313.10,1316.45,606906
2017-02-16,1316.45,1330.20,1309.00,1319.50,754405
2017-02-17,1335.00,1365.85,1327.35,1338.05,1855056
2017-02-20,1336.00,1342.35,1327.25,1336.45,344125
2017-02-21,1339.70,1347.40,1325.00,1331.20,1661851
2017-02-22,1334.00,1339.70,1321.95,1326.55,1723289
2017-02-23,1332.40,1348.00,1329.05,1340.75,2590362
2017-02-27,1340.00,1347.90,1317.55,1319.30,1919392
2017-02-28,1324.00,1324.00,1309.05,1312.60,704053
2017-03-01,1320.50,1334.85,1315.05,1326.20,807113
2017-03-02,1335.00,1335.00,1303.65,1306.45,633250
2017-03-03,1307.70,1308.00,1287.55,1299.20,700768
2017-03-06,1306.80,1328.95,1303.85,1319.70,625628
2017-03-07,1315.10,1336.35,1310.55,1330.75,1288272
2017-03-08,1332.00,1343.00,1323.25,1327.35,1492895
2017-03-09,1330.00,1337.90,1322.90,1326.30,1446736
2017-03-10,1337.00,1341.00,1323.30,1335.75,1614891
2017-03-14,1359.00,1375.00,1345.30,1354.20,930423
2017-03-15,1363.50,1363.50,1345.55,1348.35,1142957
2017-03-16,1359.40,1383.00,1353.25,1376.55,1144936
2017-03-17,1380.50,1395.90,1368.55,1383.55,1757368
2017-03-20,1384.90,1391.10,1373.70,1379.60,951223
2017-03-21,1381.00,1396.00,1375.80,1390.25,906658
2017-03-22,1378.35,1384.45,1369.50,1376.60,1449840
2017-03-23,1379.10,1389.85,1372.00,1383.90,1541378
2017-03-24,1385.00,1404.60,1380.00,1389.55,1602574
2017-03-27,1383.20,1413.95,1382.00,1402.10,1263226
2017-03-28,1418.85,1418.85,1401.00,1404.25,1115494
2017-03-29,1402.10,1429.90,1384.25,1398.30,1609722
2017-03-30,1401.00,1429.40,1401.00,1422.30,1430611
2017-03-31,1420.00,1431.00,1401.60,1425.15,1086863
2017-04-03,1425.75,1427.95,1400.40,1403.45,783296
2017-04-05,1408.00,1408.00,1393.05,1400.95,1461758
2017-04-06,1399.00,1426.00,1396.70,1421.65,782824
2017-04-07,1421.00,1426.25,1403.60,1412.20,562553
2017-04-10,1412.50,1431.00,1409.05,1425.35,725902
2017-04-11,1429.95,1438.20,1418.50,1424.50,797974
2017-04-12,1425.00,1439.95,1415.00,1437.75,418338
2017-04-13,1435.00,1444.35,1428.10,1437.70,582737
2017-04-17,1438.00,1442.25,1425.00,1435.25,534509
2017-04-18,1432.40,1444.95,1428.55,1431.75,2004482
2017-04-19,1440.00,1443.75,1411.55,1421.60,3107388
2017-04-20,1415.00,1443.15,1400.05,1427.60,2637171
2017-04-21,1437.00,1444.45,1430.05,1435.00,1735248
2017-04-24,1439.00,1443.30,1431.45,1433.55,666961
2017-04-25,1437.00,1460.00,1434.00,1453.20,1439089
2017-04-26,1461.00,1470.00,1454.40,1464.65,1186077
2017-04-27,1462.00,1483.45,1458.65,1470.65,1135148
2017-04-28,1470.70,1480.60,1440.80,1444.95,614095
2017-05-02,1454.00,1455.00,1440.15,1445.80,955073
2017-05-03,1449.90,1451.45,1429.00,1438.45,635349
2017-05-04,1446.00,1446.00,1410.10,1420.25,1452308
2017-05-05,1429.95,1429.95,1403.70,1408.05,1878351
2017-05-08,1406.50,1434.80,1401.80,1424.85,1600519
2017-05-09,1432.00,1432.00,1415.55,1420.90,781989
2017-05-10,1425.40,1435.00,1419.30,1431.90,420102
2017-05-11,1438.00,1438.00,1420.00,1426.30,839412
2017-05-12,1424.80,1424.80,1404.50,1411.75,602647
2017-05-15,1414.20,1422.60,1403.40,1416.20,949033
2017-05-16,1417.75,1440.00,1410.45,1436.95,744209
2017-05-17,1438.00,1448.30,1420.00,1425.45,579645
2017-05-18,1422.00,1422.00,1388.00,1406.60,640858
2017-05-19,1405.00,1413.25,1383.00,1389.25,1247834
2017-05-22,1390.35,1404.00,1375.20,1389.30,936813
2017-05-23,1389.30,1398.90,1378.50,1393.95,791125
2017-05-24,1403.95,1422.95,1392.00,1413.60,1007226
2017-05-25,1420.00,1472.00,1418.05,1461.60,1464760
2017-05-26,1458.00,1484.80,1452.80,1477.70,766520
2017-05-29,1479.00,1504.70,1473.45,1490.70,655977
2017-05-30,1484.00,1494.00,1471.00,1473.85,594316
2017-05-31,1474.90,1487.45,1472.10,1480.70,536696
2017-06-01,1470.30,1500.00,1470.30,1485.60,560468
2017-06-02,1494.10,1519.95,1483.10,1514.55,638560
2017-06-05,1518.90,1519.25,1502.60,1505.25,447987
2017-06-06,1509.70,1523.00,1495.50,1511.00,456242
2017-06-07,1512.70,1520.90,1502.00,1516.95,392417
2017-06-08,1520.90,1536.70,1517.05,1524.10,1261815
2017-06-09,1520.00,1538.00,1512.95,1526.85,724205
2017-06-12,1520.00,1524.25,1502.10,1505.80,325151
2017-06-13,1513.80,1513.80,1487.20,1492.15,671410
2017-06-14,1497.00,1505.60,1485.15,1500.10,1032366
2017-06-15,1497.80,1501.25,1487.45,1491.00,424499
2017-06-16,1492.90,1513.00,1487.05,1498.90,1375090
2017-06-19,1503.10,1521.50,1499.50,1511.35,692751
2017-06-20,1512.10,1521.45,1503.55,1514.95,472248
2017-06-21,1508.30,1512.00,1489.05,1494.35,859762
2017-06-22,1497.85,1506.45,1487.30,1490.65,905839
2017-06-23,1493.70,1503.00,1485.30,1491.40,596334
2017-06-27,1495.00,1502.00,1485.00,1490.15,1285379
2017-06-28,1486.05,1499.00,1463.15,1490.65,972763
2017-06-29,1495.05,1509.80,1474.15,1479.55,806219
2017-06-30,1468.65,1483.50,1462.30,1478.95,806197
2017-07-03,1482.90,1495.60,1472.75,1490.95,1167857
2017-07-04,1477.05,1501.00,1477.05,1497.80,812900
2017-07-05,1505.00,1519.85,1499.00,1516.35,498116
2017-07-06,1523.50,1523.50,1506.15,1519.55,803617
2017-07-07,1514.50,1529.90,1511.55,1526.30,840805
2017-07-10,1538.90,1564.95,1526.50,1560.35,240968
2017-07-11,1565.00,1571.00,1550.65,1560.70,2874052
2017-07-12,1572.60,1581.20,1562.00,1577.00,1550156
2017-07-13,1581.00,1585.00,1561.30,1579.90,712568
2017-07-14,1582.00,1582.90,1568.65,1574.50,971789
2017-07-17,1576.00,1584.75,1560.00,1581.05,762299
2017-07-18,1575.55,1581.90,1564.50,1570.10,789508
2017-07-19,1576.00,1584.00,1569.60,1574.55,704416
2017-07-20,1579.00,1580.95,1554.85,1560.00,747783
2017-07-21,1560.00,1568.90,1551.15,1566.65,665760
2017-07-24,1565.65,1565.65,1549.50,1554.50,980822
2017-07-25,1554.00,1556.90,1539.10,1542.50,1159201
2017-07-26,1543.80,1585.00,1536.65,1580.20,1175988
2017-07-27,1587.00,1625.90,1585.00,1606.70,1980176
2017-07-28,1596.50,1637.35,1594.05,1628.35,923109
2017-07-31,1634.30,1650.80,1616.50,1645.75,1287974
2017-08-01,1654.60,1674.00,1637.75,1665.70,1150244
2017-08-02,1665.50,1668.45,1648.50,1658.75,509282
2017-08-03,1655.00,1660.00,1638.05,1645.20,462668
2017-08-04,1635.25,1670.90,1635.25,1664.70,557065
2017-08-07,1670.00,1674.55,1647.70,1650.50,386830
2017-08-08,1654.00,1660.95,1632.05,1638.65,717420
2017-08-09,1638.00,1645.00,1631.75,1637.25,530640
2017-08-10,1630.00,1638.60,1609.00,1629.40,709628
2017-08-11,1609.00,1633.50,1599.00,1625.35,1142387
2017-08-14,1628.50,1640.50,1612.30,1624.70,900057
2017-08-16,1628.00,1654.00,1603.40,1647.20,952709
2017-08-17,1650.00,1650.00,1617.40,1628.50,619082
2017-08-18,1625.00,1625.00,1594.30,1621.05,620278
2017-08-21,1620.00,1641.50,1611.70,1616.10,484815
2017-08-22,1619.50,1640.95,1611.00,1626.30,694864
2017-08-23,1628.00,1664.95,1628.00,1660.90,1091055
2017-08-24,1662.10,1684.00,1655.70,1667.70,1400606
2017-08-28,1667.00,1670.00,1653.65,1660.55,745075
2017-08-29,1645.00,1659.30,1638.10,1643.30,514823
2017-08-30,1651.00,1665.80,1647.05,1655.80,379651
2017-08-31,1662.50,1668.40,1648.00,1656.75,1845805
2017-09-01,1661.00,1695.80,1654.00,1692.25,616709
2017-09-04,1682.50,1689.55,1658.50,1669.45,423495
2017-09-05,1670.70,1688.60,1665.00,1684.75,530479
2017-09-06,1676.00,1693.80,1673.15,1684.80,1155788
2017-09-07,1690.00,1715.15,1687.65,1703.90,854744
2017-09-08,1712.90,1713.00,1688.10,1695.90,741404
2017-09-11,1711.00,1804.00,1700.75,1791.25,3433596
2017-09-12,1803.75,1803.75,1737.00,1741.90,2108188
2017-09-13,1745.75,1765.00,1736.40,1744.75,1217425
2017-09-14,1749.00,1749.00,1719.10,1728.75,989267
2017-09-15,1725.00,1727.80,1691.15,1699.35,2777536
2017-09-18,1706.10,1752.90,1706.10,1745.60,1469531
2017-09-19,1749.70,1758.00,1741.20,1746.45,858627
2017-09-20,1745.00,1756.50,1722.65,1726.40,1195102
2017-09-21,1729.00,1735.00,1711.35,1730.15,883253
2017-09-22,1720.00,1721.15,1694.00,1707.60,1247158
2017-09-25,1695.25,1713.70,1675.20,1701.70,1728603
2017-09-26,1693.10,1706.50,1682.05,1693.40,616105
2017-09-27,1699.00,1704.60,1662.55,1667.95,1037854
2017-09-28,1662.90,1695.00,1641.20,1680.75,2385207
2017-09-29,1681.00,1695.50,1669.00,1682.20,1007099
2017-10-03,1693.00,1701.50,1667.90,1692.95,1236296
2017-10-04,1695.00,1713.65,1682.70,1697.70,671976
2017-10-05,1694.95,1706.00,1683.00,1688.80,628607
2017-10-06,1691.95,1697.65,1677.00,1682.50,709562
2017-10-09,1682.50,1713.95,1674.00,1699.50,842338
2017-10-10,1708.80,1729.30,1708.35,1725.15,846533
2017-10-11,1728.20,1741.85,1707.05,1717.25,1073174
2017-10-12,1730.95,1750.00,1699.30,1743.00,2435199
2017-10-13,1752.00,1758.00,1740.55,1750.35,1974411
2017-10-16,1740.00,1746.45,1697.70,1716.00,2888889
2017-10-17,1721.00,1735.00,1700.35,1707.70,1641325
2017-10-18,1716.90,1721.00,1705.00,1708.30,979869
2017-10-19,1713.00,1713.85,1680.10,1690.85,129154
2017-10-23,1691.00,1707.25,1681.90,1695.50,1745367
2017-10-24,1694.50,1700.95,1654.80,1664.90,1531714
2017-10-25,1669.90,1669.90,1580.50,1592.40,3573873
2017-10-26,1608.95,1624.00,1572.40,1617.60,2084712
2017-10-27,1627.95,1646.90,1616.60,1627.35,1531589
2017-10-30,1635.00,1641.85,1618.10,1620.75,1549643
2017-10-31,1624.00,1642.00,1618.80,1627.15,1539175
2017-11-01,1641.00,1645.50,1625.20,1642.55,1051035
2017-11-02,1644.50,1649.75,1624.25,1627.50,1016358
2017-11-03,1635.50,1679.15,1626.60,1674.50,1960324
2017-11-06,1653.20,1666.20,1644.80,1648.00,1032097
2017-11-07,1653.00,1673.95,1642.50,1654.30,1135418
2017-11-08,1667.00,1689.90,1654.60,1674.40,2240615
2017-11-09,1677.70,1681.75,1652.80,1666.75,1278030
2017-11-10,1665.00,1673.30,1650.65,1660.30,1515793
2017-11-13,1665.00,1672.50,1647.30,1659.20,716930
2017-11-14,1659.20,1663.20,1619.05,1637.70,1448013
2017-11-15,1632.25,1640.75,1593.05,1597.35,1725981
2017-11-16,1599.00,1617.10,1592.50,1603.90,903458
2017-11-17,1632.05,1636.60,1615.70,1631.90,578398
2017-11-20,1635.25,1659.00,1629.85,1649.30,3072448
2017-11-21,1658.00,1664.80,1643.00,1648.60,1109357
2017-11-22,1656.90,1663.80,1621.00,1627.35,751919
2017-11-23,1627.50,1654.95,1627.50,1643.35,887882
2017-11-24,1646.00,1682.85,1644.00,1676.30,1091064
2017-11-27,1671.70,1671.70,1648.75,1660.60,746259
2017-11-28,1661.20,1692.00,1661.00,1678.25,1333326
2017-11-29,1679.00,1689.95,1666.00,1672.15,1121016
2017-11-30,1662.00,1680.00,1654.00,1661.95,1743816
2017-12-01,1660.85,1681.40,1651.75,1661.10,901780
2017-12-04,1665.00,1674.75,1648.20,1650.10,863386
2017-12-05,1651.25,1673.65,1646.10,1665.40,1217660
2017-12-06,1664.00,1674.00,1650.00,1653.70,789146
2017-12-07,1663.80,1664.00,1649.55,1652.35,825254
2017-12-08,1659.00,1685.80,1655.00,1671.05,1131333
2017-12-11,1678.00,1697.30,1663.15,1670.10,841915
2017-12-12,1673.90,1674.00,1646.15,1650.25,1677983
2017-12-13,1648.00,1659.85,1639.60,1647.40,1539500
2017-12-14,1648.00,1654.80,1632.00,1650.35,1909251
2017-12-15,1665.00,1684.90,1647.50,1677.05,3543562
2017-12-18,1667.00,1694.90,1630.20,1678.60,1133385
2017-12-19,1681.00,1684.40,1665.00,1670.05,880090
2017-12-20,1677.00,1680.90,1655.10,1660.90,1297298
2017-12-21,1657.50,1666.80,1649.15,1656.20,610601
2017-12-22,1652.00,1661.75,1646.80,1651.85,832376
2017-12-26,1651.80,1668.40,1646.90,1664.20,772183
2017-12-27,1667.50,1669.90,1648.85,1651.10,624678
2017-12-28,1649.00,1657.90,1646.65,1650.45,940604
2017-12-29,1652.00,1661.90,1645.10,1648.90,702219
2018-01-01,1652.00,1655.95,1618.10,1623.85,771099
2018-01-02,1626.30,1647.00,1626.10,1643.95,1392045
2018-01-03,1649.00,1650.00,1624.00,1630.25,1120860
2018-01-04,1638.00,1652.50,1631.00,1646.60,747232
2018-01-05,1645.00,1703.00,1643.50,1698.20,1134406
2018-01-08,1711.00,1724.00,1700.10,1719.90,1489032
2018-01-09,1725.00,1729.95,1706.75,1725.05,576106
2018-01-10,1724.95,1742.55,1711.15,1734.10,1223879
2018-01-11,1740.00,1752.00,1685.00,1700.30,4145613
2018-01-12,1710.00,1720.45,1688.00,1705.25,2057925
2018-01-15,1707.10,1710.30,1675.00,1682.40,997313
2018-01-16,1691.75,1692.00,1660.00,1664.60,829183
2018-01-17,1664.10,1678.75,1645.40,1657.45,600044
2018-01-18,1679.00,1707.00,1667.00,1680.10,2327815
2018-01-19,1683.00,1692.25,1670.80,1684.00,497099
2018-01-22,1684.00,1695.80,1676.60,1683.20,820236
2018-01-23,1690.00,1730.00,1680.00,1723.35,1763797
2018-01-24,1725.00,1738.80,1705.00,1717.30,968956
2018-01-25,1723.00,1735.35,1703.70,1730.20,2169317
2018-01-29,1730.20,1751.05,1724.00,1742.50,1232573
2018-01-30,1745.00,1746.85,1721.25,1736.05,653937
2018-01-31,1735.00,1761.00,1725.10,1753.10,1237098
2018-02-01,1754.00,1817.80,1733.85,1795.45,3720115
2018-02-02,1774.90,1779.50,1734.20,1761.30,2192706
2018-02-05,1721.00,1739.05,1683.05,1713.00,1600927
2018-02-06,1650.55,1701.90,1644.50,1682.85,1846944
2018-02-07,1704.00,1717.15,1658.60,1661.75,1423804
2018-02-08,1680.00,1684.95,1662.30,1670.85,801569
2018-02-09,1650.00,1659.55,1635.60,1649.85,1206481
2018-02-12,1649.85,1700.00,1645.20,1687.80,864259
2018-02-14,1702.00,1709.50,1679.30,1694.45,884974
2018-02-15,1696.00,1703.65,1669.00,1686.15,872147
2018-02-16,1694.00,1696.75,1650.00,1658.90,1088167
2018-02-19,1657.80,1657.80,1616.00,1630.45,1151645
2018-02-20,1632.05,1649.05,1618.30,1622.70,859058
2018-02-21,1636.00,1636.00,1590.00,1594.25,1425276
2018-02-22,1593.00,1631.00,1586.20,1623.50,2073919
2018-02-23,1623.50,1647.85,1619.00,1643.50,616552
2018-02-26,1648.00,1700.00,1648.00,1691.30,1023854
2018-02-27,1700.15,1703.90,1678.65,1685.20,529068
2018-02-28,1673.90,1688.60,1661.05,1680.75,913679
2018-03-01,1674.75,1708.95,1673.50,1700.35,760617
2018-03-05,1688.00,1697.75,1676.65,1689.20,789108
2018-03-06,1705.00,1732.00,1700.05,1710.30,1674469
2018-03-07,1701.00,1713.95,1686.20,1704.25,1138136
2018-03-08,1711.90,1718.25,1682.45,1694.15,1112679
2018-03-09,1702.00,1708.20,1685.00,1697.55,1281268
2018-03-12,1705.00,1738.80,1705.00,1735.30,858788
2018-03-13,1734.90,1751.00,1715.80,1729.50,797998
2018-03-14,1724.00,1736.55,1710.65,1733.35,685008
2018-03-15,1733.00,1750.00,1724.00,1741.75,604484
2018-03-16,1741.00,1753.35,1720.00,1724.70,2412430
2018-03-19,1731.00,1732.95,1713.05,1718.80,1392321
2018-03-20,1711.10,1738.00,1702.10,1716.65,779431
2018-03-21,1716.65,1743.80,1716.65,1731.45,1456002
2018-03-22,1737.80,1762.90,1735.10,1753.10,1549193
2018-03-23,1731.00,1756.80,1725.00,1749.50,1854651
2018-03-26,1751.70,1773.10,1748.20,1759.75,1796664
2018-03-27,1772.00,1796.00,1758.80,1788.20,852040
2018-03-28,1772.15,1807.00,1772.15,1796.75,2380088
2018-04-02,1801.60,1809.90,1787.50,1804.60,663945
2018-04-03,1795.00,1841.20,1795.00,1829.70,1152587
2018-04-04,1830.00,1839.45,1792.60,1799.35,732382
2018-04-05,1832.70,1841.60,1812.00,1836.95,613812
2018-04-06,1837.90,1838.95,1814.00,1824.15,498517
2018-04-09,1829.90,1869.20,1826.20,1860.10,1148635
2018-04-10,1865.00,1870.00,1845.00,1847.95,610933
2018-04-11,1850.00,1860.10,1838.05,1855.75,470440
2018-04-12,1852.00,1864.50,1846.25,1857.80,403510
2018-04-13,1857.00,1871.90,1842.85,1861.30,408479
2018-04-16,1858.80,1872.75,1852.65,1864.65,636242
2018-04-17,1864.65,1878.35,1855.65,1866.85,405779
2018-04-18,1871.00,1873.20,1836.00,1843.60,576214
2018-04-19,1853.00,1868.95,1802.35,1832.95,2259972
2018-04-20,1844.00,1844.00,1801.10,1812.85,1819822
2018-04-23,1814.40,1885.40,1808.80,1874.40,1620444
2018-04-24,1878.90,1887.90,1855.60,1877.40,1109545
2018-04-25,1874.00,1877.60,1845.30,1847.75,809675
2018-04-26,1850.00,1900.00,1844.00,1881.90,2077102
2018-04-27,1882.95,1896.40,1864.00,1884.70,567026
2018-04-30,1881.00,1903.20,1880.00,1898.00,466913
2018-05-02,1895.00,1899.45,1861.70,1868.30,1320018
2018-05-03,1863.00,1884.00,1851.10,1878.15,1200445
2018-05-04,1878.50,1898.00,1870.30,1891.15,752654
2018-05-07,1893.50,1900.05,1881.00,1889.80,2126759
2018-05-08,1892.10,1893.00,1843.00,1869.60,1401495
2018-05-09,1869.60,1890.00,1860.25,1879.10,1375815
2018-05-10,1879.10,1910.95,1855.00,1885.35,2716101
2018-05-11,1890.05,1897.90,1873.60,1894.25,542317
2018-05-14,1886.00,1918.35,1886.00,1915.00,497437
2018-05-15,1919.00,1951.50,1905.10,1916.95,1198159
2018-05-16,1911.60,1939.20,1900.00,1925.60,506000
2018-05-17,1920.00,1934.25,1905.60,1914.35,503632
2018-05-18,1915.00,1945.00,1906.00,1930.00,952766
2018-05-21,1935.90,1947.00,1912.45,1924.95,845801
2018-05-22,1924.70,1931.30,1895.00,1903.95,545822
2018-05-23,1895.00,1898.70,1848.60,1853.65,1220570
2018-05-24,1853.65,1878.80,1836.00,1870.70,864810
2018-05-25,1874.00,1919.25,1858.70,1914.95,674128
2018-05-28,1919.00,1925.00,1894.95,1914.45,811547
2018-05-29,1908.10,1917.05,1870.00,1877.30,855287
2018-05-30,1868.70,1892.20,1858.20,1884.85,848282
2018-05-31,1884.00,1995.00,1868.75,1955.45,3896725
2018-06-01,1948.00,1948.00,1905.00,1915.40,1082637
2018-06-04,1931.95,1963.00,1892.00,1902.20,964088
2018-06-05,1897.00,1916.55,1892.90,1899.40,708586
2018-06-06,1903.00,1928.50,1881.35,1919.80,508953
2018-06-07,1926.00,1941.75,1895.10,1900.45,754249
2018-06-08,1895.00,1898.95,1880.00,1888.70,1889091
2018-06-11,1898.90,1929.15,1895.30,1904.80,794575
2018-06-12,1910.00,1958.45,1908.00,1954.75,1275739
2018-06-13,1958.00,1968.80,1937.55,1945.45,1169830
2018-06-14,1940.00,1971.10,1934.00,1963.40,917199
2018-06-15,1963.00,1978.40,1947.15,1967.35,2274265
2018-06-18,1962.10,1989.00,1961.00,1967.95,792509
2018-06-19,1962.00,1962.45,1916.75,1931.50,905231
2018-06-20,1939.00,1975.00,1927.50,1967.40,489671
2018-06-21,1969.30,1975.75,1946.05,1960.50,779490
2018-06-22,1960.50,1963.75,1927.40,1953.25,956565
2018-06-25,1951.00,1976.90,1946.50,1969.95,566785
2018-06-26,1961.10,1993.90,1956.85,1983.30,662063
2018-06-27,1989.00,1995.00,1959.10,1969.25,555455
2018-06-28,1969.00,1990.00,1948.25,1967.60,1393387
2018-06-29,1970.00,1979.00,1929.55,1932.20,1324639
2018-07-02,1938.00,1957.05,1928.50,1948.80,708738
2018-07-03,1944.00,1955.80,1935.00,1951.00,926035
2018-07-04,1954.00,1985.75,1945.30,1976.30,1514361
2018-07-05,1980.20,1991.00,1960.10,1964.45,490611
2018-07-06,1961.45,1971.45,1952.30,1959.40,590699
2018-07-09,1968.70,1970.00,1944.20,1958.30,853596
2018-07-10,1970.00,1970.00,1924.00,1935.10,3301425
2018-07-11,1943.00,1946.60,1903.10,1914.80,1739970
2018-07-12,1923.20,1953.00,1923.20,1935.00,844316
2018-07-13,1936.50,1948.80,1918.35,1923.75,954344
2018-07-16,1929.95,1950.50,1918.50,1921.95,659528
2018-07-17,1924.10,1927.55,1892.00,1905.00,1131560
2018-07-18,1910.00,1923.65,1886.00,1887.00,773027
2018-07-19,1894.85,1905.90,1881.00,1888.25,593314
2018-07-20,1888.00,1913.95,1877.50,1902.55,817518
2018-07-23,1906.25,1942.40,1903.00,1940.15,1072520
2018-07-24,1950.00,1954.80,1940.00,1947.40,573920
2018-07-25,1949.95,1970.60,1940.00,1965.05,1065275
2018-07-26,1965.00,1988.00,1947.85,1960.35,2959597
2018-07-27,1969.00,1988.80,1955.80,1981.55,858768
2018-07-30,1978.00,1989.55,1965.00,1970.20,1792695
2018-07-31,1970.10,2001.75,1963.25,1995.15,460626
2018-08-01,2005.00,2021.00,1992.70,2001.35,884802
2018-08-02,1999.00,2032.25,1995.55,2023.05,1278375
2018-08-03,2033.10,2038.00,2003.45,2015.85,1234457
2018-08-06,2022.90,2025.70,1993.25,1999.80,749860
2018-08-07,2004.80,2009.20,1980.05,1994.30,531559
2018-08-08,1996.00,2014.75,1984.10,2000.65,886494
2018-08-09,2008.00,2011.00,1971.60,1985.05,593894
2018-08-10,1981.00,1998.00,1962.25,1979.50,648603
2018-08-13,1970.00,1996.00,1963.00,1993.90,930525
2018-08-14,1993.90,2000.00,1979.20,1997.60,322251
2018-08-16,1987.55,1994.90,1974.15,1984.20,812823
2018-08-17,1991.00,1995.00,1982.10,1990.40,462694
2018-08-20,1992.00,2000.00,1986.85,1990.95,671269
2018-08-21,1995.00,1995.00,1967.30,1975.95,688170
2018-08-23,1975.90,1975.90,1952.05,1957.20,1012394
2018-08-24,1958.75,1958.75,1921.55,1928.15,939358
2018-08-27,1932.55,1963.80,1930.00,1951.35,1305157
2018-08-28,1960.20,1968.65,1930.10,1933.65,686872
2018-08-29,1935.00,1939.30,1900.10,1905.55,1139011
2018-08-30,1900.10,1907.45,1867.00,1875.65,2124825
2018-08-31,1871.00,1915.80,1862.00,1906.60,1952492
2018-09-03,1906.00,1918.85,1884.70,1897.00,937981
2018-09-04,1895.00,1898.80,1843.00,1855.60,1290572
2018-09-05,1855.80,1864.70,1825.00,1854.85,804386
2018-09-06,1870.00,1885.00,1851.00,1880.00,1003340
2018-09-07,1872.10,1885.95,1865.90,1875.85,763150
2018-09-10,1872.00,1872.00,1818.20,1829.15,1157745
2018-09-11,1834.10,1854.95,1819.50,1826.50,1430413
2018-09-12,1825.00,1837.05,1804.80,1828.35,1149898
2018-09-14,1845.00,1881.80,1836.00,1872.80,1512590
2018-09-17,1857.80,1880.90,1849.00,1877.05,1009490
2018-09-18,1867.25,1889.30,1856.05,1862.15,823718
2018-09-19,1866.60,1875.40,1799.25,1804.65,1471601
2018-09-21,1820.00,1834.10,1731.00,1762.45,4403405
2018-09-24,1769.00,1774.30,1658.85,1674.20,4685534
2018-09-25,1675.10,1717.55,1649.00,1696.75,4503074
2018-09-26,1705.00,1712.50,1679.50,1701.80,2914677
2018-09-27,1705.00,1714.85,1676.30,1682.00,2809983
2018-09-28,1693.10,1720.00,1668.35,1690.05,1801534
2018-10-01,1660.00,1669.90,1615.65,1642.65,5213931
2018-10-03,1639.80,1659.20,1606.00,1638.70,5112718
2018-10-04,1614.80,1627.20,1551.35,1589.50,3065332
2018-10-05,1572.00,1638.45,1572.00,1607.35,4352946
2018-10-08,1606.00,1629.40,1582.10,1600.00,2426418
2018-10-09,1608.00,1619.05,1590.10,1607.90,1065187
2018-10-10,1612.00,1666.85,1604.20,1637.95,2264070
2018-10-11,1610.00,1610.00,1581.40,1592.55,2131052
2018-10-12,1611.90,1659.50,1606.00,1652.70,2169080
2018-10-15,1667.70,1667.70,1588.55,1626.95,4301735
2018-10-16,1639.00,1695.95,1615.00,1620.55,7490737
2018-10-17,1636.25,1652.55,1600.00,1603.90,3532784
2018-10-19,1590.00,1613.15,1570.00,1576.70,4071551
2018-10-22,1590.00,1600.40,1421.50,1449.45,6528861
2018-10-23,1435.00,1498.00,1425.00,1473.15,7242862
2018-10-24,1490.00,1528.70,1480.05,1521.35,2177827
2018-10-25,1502.10,1522.90,1475.60,1491.10,4971095
2018-10-26,1496.50,1498.00,1438.10,1445.80,2263193
2018-10-29,1445.00,1445.00,1375.00,1412.80,4620039
2018-10-30,1410.00,1410.00,1349.60,1364.30,5974755
2018-10-31,1355.00,1436.20,1333.15,1425.10,6474213
2018-11-01,1402.00,1492.95,1398.00,1461.60,5635786
2018-11-02,1485.00,1554.90,1475.00,1541.80,5732745
2018-11-05,1535.00,1535.00,1480.20,1486.45,2926342
2018-11-06,1490.00,1511.60,1442.65,1475.45,2830304
2018-11-07,1486.00,1501.15,1475.00,1483.90,140435
2018-11-09,1477.10,1520.30,1476.00,1494.90,1913755
2018-11-12,1501.90,1519.00,1478.20,1493.00,1434191
2018-11-13,1485.10,1496.30,1463.55,1485.55,1678410
2018-11-14,1498.00,1529.00,1492.50,1513.55,1888029
2018-11-15,1515.00,1533.25,1498.00,1512.15,1362884
2018-11-16,1519.00,1526.00,1486.75,1501.10,1222318
2018-11-19,1503.00,1541.30,1484.35,1537.95,2054251
2018-11-20,1535.00,1569.90,1528.35,1557.85,2718989
2018-11-21,1558.50,1568.95,1538.40,1546.70,984774
2018-11-22,1548.00,1563.95,1522.00,1528.85,1038896
2018-11-26,1538.00,1567.70,1532.05,1562.75,1365620
2018-11-27,1553.70,1593.85,1548.80,1588.55,1707401
2018-11-28,1596.00,1620.00,1592.20,1613.35,2408350
2018-11-29,1629.00,1670.95,1619.00,1660.55,2975979
2018-11-30,1664.50,1674.45,1623.00,1631.80,1391187
2018-12-03,1648.50,1661.85,1636.30,1656.30,1509308
2018-12-04,1653.00,1658.90,1631.80,1635.75,1311350
2018-12-05,1630.00,1630.00,1591.80,1603.60,1669427
2018-12-06,1594.20,1594.30,1560.00,1569.45,1605950
2018-12-07,1572.00,1580.00,1531.05,1566.80,1502809
2018-12-10,1540.00,1573.00,1537.05,1554.45,1485061
2018-12-11,1476.75,1564.75,1475.00,1552.80,2294146
2018-12-12,1565.00,1589.70,1555.00,1582.20,1279021
2018-12-13,1591.50,1628.00,1576.95,1610.10,1283289
2018-12-14,1610.00,1613.50,1590.05,1603.85,692049
2018-12-17,1612.90,1639.50,1605.00,1633.35,791402
2018-12-18,1627.90,1644.35,1609.00,1639.55,983139
2018-12-19,1641.00,1652.70,1609.40,1612.65,1390871
2018-12-20,1606.10,1621.75,1593.30,1612.85,1156454
2018-12-21,1612.85,1625.95,1572.20,1575.65,1119348
2018-12-24,1578.00,1591.50,1555.95,1562.35,757749
2018-12-26,1559.70,1564.95,1520.30,1556.45,1712424
2018-12-27,1577.00,1593.45,1559.70,1564.00,1880388
2018-12-28,1578.85,1600.50,1571.00,1583.25,1333919
2018-12-31,1591.30,1604.00,1585.60,1599.30,933039
2019-01-01,1600.00,1605.00,1560.55,1595.60,4043870
2019-01-02,1587.60,1598.00,1568.25,1576.60,1164974
2019-01-03,1573.00,1580.00,1555.65,1560.10,958038
2019-01-04,1560.80,1571.00,1540.20,1548.20,1868151
2019-01-07,1561.00,1610.00,1550.50,1559.15,3991996
2019-01-08,1563.15,1588.00,1551.00,1577.75,1479592
2019-01-09,1580.00,1610.00,1548.00,1601.75,6447772
2019-01-10,1607.85,1607.85,1554.00,1565.90,4377060
2019-01-11,1570.00,1574.00,1508.30,1515.15,3180775
2019-01-14,1509.00,1509.00,1471.00,1484.05,3615252
2019-01-15,1491.00,1504.40,1486.00,1495.20,1725819
2019-01-16,1496.00,1532.00,1495.95,1526.70,2188162
2019-01-17,1526.70,1536.00,1510.00,1523.00,1467807
2019-01-18,1523.10,1532.40,1513.00,1516.90,1589082
2019-01-21,1511.30,1517.90,1497.00,1507.60,1606142
2019-01-22,1502.00,1506.20,1475.00,1501.60,2666389
2019-01-23,1497.15,1509.00,1486.20,1495.00,1441440
2019-01-24,1492.20,1500.00,1478.50,1490.30,1088512
2019-01-25,1496.30,1512.40,1478.25,1484.90,1738412
2019-01-28,1472.20,1492.95,1437.40,1443.70,2246761
2019-01-29,1446.00,1466.00,1430.25,1461.85,1388542
2019-01-30,1465.90,1490.00,1458.00,1476.10,3193022
2019-01-31,1480.00,1520.50,1473.10,1505.55,2469714
2019-02-01,1507.90,1535.40,1496.90,1515.15,1547424
2019-02-04,1508.10,1511.45,1469.35,1504.65,2054061
2019-02-05,1504.85,1557.15,1498.05,1541.75,1710784
2019-02-06,1543.75,1543.75,1507.00,1526.05,1541770
2019-02-07,1525.00,1529.90,1507.00,1514.95,1602553
2019-02-08,1512.90,1529.50,1490.90,1499.05,2194466
2019-02-11,1502.90,1518.00,1482.00,1511.00,1387113
2019-02-12,1512.10,1522.75,1486.25,1497.20,1136862
2019-02-13,1501.00,1509.70,1484.10,1498.45,1113395
2019-02-14,1491.90,1530.80,1476.05,1517.50,1756930
2019-02-15,1515.55,1521.95,1498.70,1509.50,1169312
2019-02-18,1509.50,1524.90,1500.00,1517.00,1040787
2019-02-19,1512.00,1520.90,1471.10,1480.50,1352025
2019-02-20,1480.00,1493.60,1474.10,1480.80,1688403
2019-02-21,1479.45,1494.40,1455.00,1471.55,2297058
2019-02-22,1474.00,1486.95,1458.10,1462.80,1314113
2019-02-25,1465.05,1495.00,1461.05,1491.20,1055629
2019-02-26,1480.00,1488.85,1461.80,1478.10,850891
2019-02-27,1482.05,1493.95,1458.20,1476.70,1553126
2019-02-28,1487.75,1489.00,1470.50,1473.85,2400890
2019-03-01,1481.70,1519.50,1474.95,1514.10,2243654
2019-03-05,1510.00,1547.00,1510.00,1541.60,1768341
2019-03-06,1537.50,1541.00,1522.25,1534.85,1694922
2019-03-07,1534.90,1544.95,1520.15,1531.25,2128646
2019-03-08,1529.00,1531.60,1507.95,1518.00,966595
2019-03-11,1520.90,1525.00,1502.40,1514.60,2472505
2019-03-12,1526.00,1585.00,1510.75,1569.05,7399042
2019-03-13,1574.90,1640.00,1567.90,1636.35,7407679
2019-03-14,1649.00,1701.00,1635.00,1682.70,6598388
2019-03-15,1686.00,1718.00,1685.10,1703.25,3884063
2019-03-18,1708.00,1734.45,1702.60,1719.10,2795278
2019-03-19,1730.00,1735.00,1718.20,1725.20,1738526
2019-03-20,1729.00,1730.00,1708.00,1713.40,1592600
2019-03-22,1715.00,1731.55,1694.30,1698.60,2081172
2019-03-25,1682.10,1699.95,1675.00,1683.55,1689972
2019-03-26,1681.00,1720.00,1668.60,1714.65,2216791
2019-03-27,1730.00,1813.45,1720.10,1804.25,5562677
2019-03-28,1812.50,1834.40,1777.15,1821.10,4070284
2019-03-29,1812.90,1814.95,1770.35,1780.00,2660606
2019-04-01,1797.00,1799.00,1739.05,1743.05,2594605
2019-04-02,1754.65,1780.00,1730.80,1774.55,2760486
2019-04-03,1784.00,1818.00,1761.95,1773.60,2494990
2019-04-04,1773.60,1782.75,1723.25,1736.15,2164515
2019-04-05,1748.00,1774.85,1745.15,1767.95,1183378
2019-04-08,1768.90,1798.60,1746.05,1751.00,1816648
2019-04-09,1758.00,1772.40,1730.25,1767.10,1675803
2019-04-10,1766.05,1778.95,1742.20,1747.45,1891510
2019-04-11,1748.90,1752.90,1727.80,1740.65,965883
2019-04-12,1743.50,1744.45,1726.10,1736.80,1029735
2019-04-15,1743.50,1764.90,1732.80,1748.90,973597
2019-04-16,1753.90,1820.00,1753.00,1815.15,2593532
2019-04-18,1816.00,1823.75,1752.30,1764.30,1857583
2019-04-22,1759.00,1760.00,1682.95,1691.00,2184388
2019-04-23,1691.00,1716.00,1645.00,1651.35,2161145
2019-04-24,1667.00,1705.00,1661.10,1699.25,3467827
2019-04-25,1716.00,1724.00,1673.00,1683.45,3070975
2019-04-26,1684.00,1703.25,1661.50,1698.85,1639196
2019-04-30,1679.90,1679.90,1575.20,1606.50,5059803
2019-05-02,1601.15,1617.60,1551.50,1561.30,4071588
2019-05-03,1565.00,1579.00,1546.80,1556.60,2042908
2019-05-06,1543.30,1543.30,1521.60,1528.25,2018992
2019-05-07,1539.80,1542.00,1495.50,1515.80,3333379
2019-05-08,1515.80,1525.95,1482.10,1488.75,2652472
2019-05-09,1486.00,1489.00,1468.85,1476.55,3040828
2019-05-10,1478.55,1492.50,1430.00,1439.90,2304082
2019-05-13,1434.00,1446.00,1387.25,1393.30,2608583
2019-05-14,1393.30,1442.00,1386.50,1432.70,5582146
2019-05-15,1436.00,1452.00,1373.00,1379.00,3321014
2019-05-16,1382.00,1382.00,1348.10,1358.20,4571270
2019-05-17,1368.00,1392.00,1365.00,1373.55,3070835
2019-05-20,1400.00,1505.65,1400.00,1494.65,4545248
2019-05-21,1499.90,1514.00,1443.00,1447.75,3331988
2019-05-22,1446.95,1536.85,1382.30,1518.90,18578611
2019-05-23,1547.00,1640.00,1543.15,1598.75,12378857
2019-05-24,1608.70,1658.00,1594.00,1648.90,6065381
2019-05-27,1647.90,1647.90,1607.00,1612.80,2426340
2019-05-28,1615.00,1632.00,1596.70,1619.65,2044030
2019-05-29,1617.00,1629.35,1602.05,1608.65,1628713
2019-05-30,1608.60,1621.60,1580.55,1586.90,4997347
2019-05-31,1599.00,1610.95,1555.05,1605.35,3138032
2019-06-03,1600.10,1667.00,1589.70,1662.65,3064055
2019-06-04,1663.00,1672.95,1630.00,1638.00,2614383
2019-06-06,1634.70,1634.70,1510.00,1522.65,6402947
2019-06-07,1530.00,1560.00,1482.05,1552.20,6289576
2019-06-10,1564.00,1585.10,1536.15,1551.65,3211040
2019-06-11,1564.00,1595.30,1563.00,1590.60,3468327
2019-06-12,1597.00,1602.60,1561.20,1569.85,3504083
2019-06-13,1520.00,1525.00,1440.00,1488.85,10175722
2019-06-14,1493.00,1495.00,1411.25,1426.80,10500760
2019-06-17,1427.50,1449.90,1396.20,1403.05,7360154
2019-06-18,1410.50,1444.85,1400.10,1409.00,6611201
2019-06-19,1424.80,1439.00,1370.10,1381.35,5716245
2019-06-20,1380.00,1441.10,1348.00,1435.60,7571159
2019-06-21,1445.00,1465.00,1419.15,1448.65,4913512
2019-06-24,1483.00,1485.00,1449.05,1461.55,4102227
2019-06-25,1455.05,1460.50,1441.55,1449.65,2445906
2019-06-26,1450.00,1452.60,1427.25,1434.80,2478755
2019-06-27,1439.00,1464.30,1435.20,1450.20,4007859
2019-06-28,1458.00,1458.00,1400.00,1410.50,4108364
2019-07-01,1427.90,1442.15,1416.35,1433.60,3446607
2019-07-02,1447.00,1452.00,1410.10,1416.55,3100554
2019-07-03,1430.00,1479.50,1423.40,1470.60,5366734
2019-07-04,1473.00,1513.50,1466.30,1493.10,4799912
2019-07-05,1498.70,1540.00,1484.40,1532.55,5145552
2019-07-08,1515.25,1544.95,1470.85,1476.50,3857205
2019-07-09,1476.50,1509.35,1457.10,1492.10,3733488
2019-07-10,1501.00,1520.75,1468.60,1487.25,3222571
2019-07-11,1504.00,1556.00,1495.00,1541.25,4337246
2019-07-12,1550.00,1562.50,1493.65,1509.50,10637123
2019-07-15,1529.95,1530.00,1468.00,1475.10,5656516
2019-07-16,1485.00,1485.00,1460.05,1473.20,3863867
2019-07-17,1482.80,1508.55,1457.00,1501.25,5290039
2019-07-18,1496.05,1503.00,1468.35,1471.45,2404071
2019-07-19,1480.00,1488.70,1407.20,1422.15,4698852
2019-07-22,1418.95,1428.80,1382.00,1418.40,4578591
2019-07-23,1425.70,1432.80,1404.40,1416.75,2946083
2019-07-24,1407.20,1426.35,1353.35,1362.00,4148585
2019-07-25,1368.00,1419.35,1367.00,1391.65,6816446
2019-07-26,1400.50,1422.00,1386.55,1415.50,3106622
2019-07-29,1410.00,1436.00,1402.10,1432.30,3185949
2019-07-30,1436.05,1447.60,1317.65,1337.30,8804120
2019-07-31,1317.65,1419.70,1312.00,1412.85,7730088
2019-08-01,1390.10,1435.00,1365.00,1398.65,9532030
2019-08-02,1396.00,1412.50,1366.45,1382.90,4625690
2019-08-05,1365.00,1404.70,1350.00,1388.20,6796784
2019-08-06,1388.20,1430.00,1377.75,1417.10,3140739
2019-08-07,1417.00,1462.05,1415.45,1426.35,6078493
2019-08-08,1430.00,1430.00,1372.95,1414.05,5079904
2019-08-09,1435.00,1435.00,1405.30,1413.40,4666041
2019-08-13,1415.00,1417.15,1352.20,1373.45,3477027
2019-08-14,1389.00,1408.80,1377.10,1400.85,2823062
2019-08-16,1380.00,1445.00,1375.00,1439.10,3127077
2019-08-19,1442.00,1457.90,1430.55,1442.50,2484182
2019-08-20,1451.00,1451.95,1388.10,1404.85,3395591
2019-08-21,1412.50,1412.85,1357.85,1367.20,2929477
2019-08-22,1365.95,1365.95,1330.05,1335.65,4436240
2019-08-23,1339.60,1343.65,1280.10,1310.50,7921907
2019-08-26,1346.05,1354.90,1267.25,1348.50,7080111
2019-08-27,1360.00,1401.70,1355.25,1386.10,4755041
2019-08-28,1379.00,1406.50,1353.70,1365.85,8031108
2019-08-29,1357.00,1381.00,1338.00,1350.55,4555489
2019-08-30,1359.05,1401.65,1330.15,1395.75,5254735
2019-09-03,1380.00,1387.95,1335.60,1343.95,6169187
2019-09-04,1339.00,1343.95,1296.55,1317.60,6069299
2019-09-05,1327.00,1335.00,1303.45,1308.10,3820454
2019-09-06,1321.10,1340.00,1311.30,1331.10,2744448
2019-09-09,1330.00,1340.95,1308.00,1335.00,3024923
2019-09-11,1340.60,1380.00,1340.00,1372.15,2958610
2019-09-12,1379.00,1412.00,1375.40,1390.25,3847286
2019-09-13,1389.00,1406.70,1371.00,1398.60,3506741
2019-09-16,1380.05,1395.00,1365.00,1375.95,2406553
2019-09-17,1376.00,1384.90,1325.25,1332.60,3418892
2019-09-18,1340.00,1349.00,1321.80,1330.40,3466276
2019-09-19,1332.90,1333.30,1278.15,1282.25,4668596
2019-09-20,1289.00,1454.40,1271.50,1419.60,12418793
2019-09-23,1462.00,1548.15,1462.00,1511.55,8634884
2019-09-24,1505.00,1527.00,1496.35,1516.30,5167834
2019-09-25,1509.00,1521.05,1492.55,1503.90,5158518
2019-09-26,1507.00,1554.75,1507.00,1548.00,7017228
2019-09-27,1539.60,1545.00,1470.85,1480.80,4445539
2019-09-30,1475.80,1475.80,1346.15,1383.55,9439585
2019-10-01,1397.00,1410.20,1188.05,1298.05,13839863
2019-10-03,1295.00,1309.45,1220.00,1255.50,13455663
2019-10-04,1280.00,1292.95,1255.25,1265.30,7423301
2019-10-07,1275.00,1276.00,1215.00,1241.05,5212929
2019-10-09,1241.00,1319.00,1235.60,1308.65,6865376
2019-10-10,1310.00,1321.00,1220.00,1228.50,13975918
2019-10-11,1235.95,1253.95,1191.35,1223.20,12987781
2019-10-14,1240.00,1264.90,1227.90,1250.60,4786662
2019-10-15,1256.95,1277.55,1236.00,1272.25,4669980
2019-10-16,1274.95,1285.00,1265.00,1274.50,4118174
2019-10-17,1276.00,1345.00,1270.00,1340.10,5237964
2019-10-18,1332.00,1361.70,1317.10,1342.65,5604223
2019-10-22,1340.00,1357.85,1320.00,1341.00,3577455
2019-10-23,1339.00,1347.95,1309.65,1332.60,3003881
2019-10-24,1340.20,1347.85,1272.00,1283.00,6833303
2019-10-25,1288.00,1288.00,1260.10,1276.65,4444667
2019-10-29,1275.00,1326.00,1264.15,1315.30,4248732
2019-10-30,1315.00,1323.95,1282.40,1297.20,3333740
2019-10-31,1303.95,1344.00,1290.00,1313.20,7559742
2019-11-01,1328.00,1385.85,1316.20,1379.85,7803620
2019-11-04,1374.95,1393.90,1350.00,1352.30,3641707
2019-11-05,1354.00,1360.30,1315.00,1320.10,2656825
2019-11-06,1321.25,1353.60,1310.00,1343.00,3214840
2019-11-07,1350.00,1397.85,1350.00,1381.90,5563949
2019-11-08,1367.05,1453.95,1355.55,1422.80,8506906
2019-11-11,1416.00,1454.90,1407.40,1445.05,3521409
2019-11-13,1445.00,1462.45,1408.55,1414.20,4578522
2019-11-14,1399.70,1399.70,1353.20,1375.10,5279888
2019-11-15,1377.10,1388.20,1345.70,1359.00,4476838
2019-11-18,1361.40,1379.90,1359.50,1374.40,2034198
2019-11-19,1382.00,1409.00,1374.55,1392.75,4880427
2019-11-20,1402.00,1478.75,1402.00,1469.30,7334715
2019-11-21,1480.10,1502.05,1437.60,1446.15,6229283
2019-11-22,1449.95,1460.80,1437.00,1446.15,2062280
2019-11-25,1446.15,1499.15,1446.15,1496.85,3029183
2019-11-26,1495.00,1521.50,1480.50,1515.90,6748616
2019-11-27,1519.00,1537.40,1508.00,1526.35,4156766
2019-11-28,1526.00,1575.80,1520.00,1568.25,5080043
2019-11-29,1556.00,1581.60,1552.05,1569.10,5852032
2019-12-02,1592.00,1596.55,1561.20,1576.00,3906554
2019-12-03,1579.20,1580.00,1532.90,1544.70,3594869
2019-12-04,1538.40,1554.00,1523.00,1544.30,3417501
2019-12-05,1544.30,1548.90,1506.90,1509.75,3222397
2019-12-06,1517.00,1518.65,1456.00,1465.85,2990724
2019-12-09,1457.00,1484.85,1445.35,1450.00,2831428
2019-12-10,1460.00,1461.50,1408.60,1411.60,2751068
2019-12-11,1418.70,1432.00,1396.15,1420.65,3263070
2019-12-12,1424.25,1451.00,1421.20,1444.15,2490582
2019-12-13,1449.75,1493.95,1449.75,1485.40,3512530
2019-12-16,1504.50,1507.00,1483.25,1493.40,2909431
2019-12-17,1500.10,1508.50,1486.20,1492.75,2861481
2019-12-18,1501.00,1504.00,1490.00,1500.80,2573443
2019-12-19,1493.00,1505.80,1478.20,1489.90,2656772
2019-12-20,1490.50,1508.50,1482.50,1487.95,2875305
2019-12-23,1488.00,1501.50,1479.35,1496.30,1584336
2019-12-24,1495.00,1532.00,1495.00,1521.85,4488835
2019-12-26,1517.10,1529.60,1504.65,1515.40,2265163
2019-12-27,1524.70,1540.00,1512.10,1524.90,1755565
2019-12-30,1524.90,1552.50,1518.05,1531.40,2526529
2019-12-31,1531.40,1534.80,1505.00,1510.00,1979911
2020-01-01,1512.00,1523.95,1480.80,1484.30,2135253
2020-01-02,1491.75,1534.30,1486.10,1529.00,2365906
2020-01-03,1524.00,1538.00,1512.10,1528.85,2622870
2020-01-06,1515.05,1517.75,1465.45,1469.40,3151046
2020-01-07,1488.45,1508.00,1442.20,1461.65,3572603
2020-01-08,1441.00,1481.60,1439.05,1458.60,3363919
2020-01-09,1490.00,1515.95,1483.20,1507.65,3496433
2020-01-10,1510.85,1521.65,1484.20,1491.25,3189536
2020-01-13,1499.80,1547.00,1487.35,1539.65,3732412
2020-01-14,1546.00,1585.00,1470.25,1481.65,15123110
2020-01-15,1463.40,1463.40,1391.35,1400.50,13995235
2020-01-16,1405.00,1415.00,1377.10,1386.45,10544088
2020-01-17,1350.00,1377.00,1317.05,1352.25,10020063
2020-01-20,1367.90,1367.90,1323.00,1331.95,6047237
2020-01-21,1332.00,1350.00,1320.00,1336.35,4501887
2020-01-22,1346.35,1348.00,1323.00,1327.40,3038713
2020-01-23,1330.00,1339.80,1320.10,1331.80,4358219
2020-01-24,1334.00,1345.00,1307.65,1316.10,4563516
2020-01-27,1311.50,1312.00,1265.00,1271.20,6019701
2020-01-28,1281.00,1284.90,1240.25,1254.75,6103759
2020-01-29,1268.90,1276.70,1251.00,1258.25,3977924
2020-01-30,1252.00,1254.00,1221.55,1231.50,5301706
2020-01-31,1245.00,1271.60,1242.10,1258.85,8391172
2020-02-01,1249.95,1262.75,1195.20,1211.10,3520179
2020-02-03,1222.00,1268.45,1216.05,1263.10,7697534
2020-02-04,1273.00,1284.00,1256.25,1272.65,4632688
2020-02-05,1280.00,1288.65,1265.20,1272.80,4360609
2020-02-06,1280.00,1339.40,1262.40,1334.25,7628363
2020-02-07,1345.00,1346.05,1294.75,1298.80,3850541
2020-02-10,1304.00,1304.00,1268.50,1274.95,3955195
2020-02-11,1290.00,1309.90,1285.05,1292.65,3456066
2020-02-12,1260.00,1302.90,1251.70,1277.40,8957173
2020-02-13,1281.75,1281.75,1225.25,1230.75,6508945
2020-02-14,1233.90,1241.10,1171.20,1176.00,11532869
2020-02-17,1176.00,1209.00,1164.50,1172.95,9900428
2020-02-18,1172.70,1172.70,1108.45,1140.70,11207411
2020-02-19,1155.00,1168.00,1116.00,1142.15,14324736
2020-02-20,1145.05,1203.85,1145.05,1182.20,15703698
2020-02-24,1170.00,1189.50,1146.55,1170.25,7179792
2020-02-25,1181.00,1182.80,1138.80,1153.85,6114855
2020-02-26,1145.00,1150.00,1125.20,1135.00,5870515
2020-02-27,1139.00,1139.40,1101.00,1115.55,6835782
2020-02-28,1100.00,1118.00,1085.05,1104.05,10233947
2020-03-02,1130.00,1136.95,1070.05,1079.25,5724823
2020-03-03,1085.00,1117.95,1073.00,1108.05,5233056
2020-03-04,1114.45,1114.45,1051.00,1065.95,6863681
2020-03-05,1075.00,1094.95,1063.00,1075.00,6815347
2020-03-06,998.00,1030.95,913.80,1014.80,16835425
2020-03-09,950.00,969.95,887.05,903.10,14499395
2020-03-11,889.90,929.00,845.00,853.55,12305910
2020-03-12,775.20,831.95,770.00,784.65,16136790
2020-03-13,724.00,834.70,551.10,803.75,21139779
2020-03-16,747.00,758.70,655.00,664.15,16614043
2020-03-17,670.00,707.45,585.40,604.15,19508188
2020-03-18,629.00,638.85,374.80,460.80,74868388
2020-03-19,414.75,472.00,391.75,444.05,29190256
2020-03-20,444.05,478.90,405.25,440.35,28086283
2020-03-23,396.35,405.00,330.10,336.45,9515736
2020-03-24,355.05,360.00,235.55,312.35,37275397
2020-03-25,292.00,324.00,281.15,301.30,40293450
2020-03-26,316.35,451.95,311.65,435.90,42326744
2020-03-27,479.45,538.55,392.35,411.10,43891665
2020-03-30,370.00,427.70,370.00,413.40,29383083
2020-03-31,398.00,399.00,330.75,351.30,38990402
2020-04-01,386.40,390.00,320.00,342.25,33428325
2020-04-03,350.00,350.00,310.20,313.20,23015160
2020-04-07,344.50,391.50,344.50,383.85,45710953
2020-04-08,382.00,441.40,362.00,399.15,56093740
2020-04-09,425.00,425.00,384.00,395.40,32941210
2020-04-13,388.00,421.80,371.25,410.40,31209060
2020-04-15,425.00,445.00,414.05,424.10,28312005
2020-04-16,424.10,442.00,413.25,435.40,23556870
2020-04-17,472.00,478.90,442.60,474.45,26188773
2020-04-20,479.50,481.00,453.00,456.70,16950517
2020-04-21,430.00,432.95,396.00,400.85,29551620
2020-04-22,397.00,420.50,384.60,415.90,28908724
2020-04-23,420.00,427.50,407.00,409.95,18751987
2020-04-24,392.25,399.90,380.00,382.90,19653551
2020-04-27,394.20,410.85,387.00,407.40,26819803
2020-04-28,445.00,484.40,430.00,468.05,60610690
2020-04-29,453.50,489.00,443.00,471.10,47308186
2020-04-30,486.25,491.85,461.60,468.15,26655548
2020-05-04,444.00,444.05,416.00,423.05,17567536
2020-05-05,433.00,438.90,415.95,418.70,18470277
2020-05-06,420.00,429.35,408.50,425.50,17185018
2020-05-07,420.00,461.50,415.50,454.35,26784727
2020-05-08,463.00,477.70,435.45,440.35,29096505
2020-05-11,450.00,458.75,428.80,433.40,18434460
2020-05-12,429.80,450.00,425.00,446.20,26126578
2020-05-13,475.00,480.00,444.50,448.60,20820466
2020-05-14,439.00,442.00,425.00,428.00,16520591
2020-05-15,430.40,431.00,417.10,418.70,14849518
2020-05-18,418.50,418.70,374.05,376.75,25374908
2020-05-19,385.10,387.00,361.00,367.80,28795060
2020-05-20,364.00,370.85,350.80,357.30,29736474
2020-05-21,362.30,364.00,343.20,346.80,25555567
2020-05-22,342.00,353.70,330.00,338.35,27954074
2020-05-26,344.90,353.95,342.00,348.20,19933264
2020-05-27,350.90,375.45,347.65,368.95,34415996
2020-05-28,375.00,405.80,371.60,386.85,47047903
2020-05-29,376.00,400.00,373.50,393.65,33013864
2020-06-01,402.30,416.80,401.05,410.10,22991324
2020-06-02,414.00,438.90,404.25,434.70,28744308
2020-06-03,445.00,452.25,426.10,432.35,27908967
2020-06-04,424.85,434.85,405.00,415.05,25795506
2020-06-05,417.20,427.30,411.20,422.35,26350017
2020-06-08,455.00,463.70,444.00,451.60,42805772
2020-06-09,459.95,478.00,452.35,463.90,40690667
2020-06-10,464.00,510.25,463.15,499.60,42547739
2020-06-11,510.25,548.50,505.10,523.15,78670148
2020-06-12,490.00,534.70,483.30,528.45,57432454
2020-06-15,525.00,525.00,483.50,490.55,45035670
2020-06-16,510.00,515.00,456.30,481.80,50389445
2020-06-17,472.60,502.00,468.00,491.15,40940892
2020-06-18,489.50,502.95,482.15,499.20,25255894
2020-06-19,503.00,510.50,472.15,483.65,41824767
2020-06-22,490.05,502.05,485.85,489.90,27934771
2020-06-23,499.00,524.00,497.20,520.40,45717490
2020-06-24,530.00,530.45,476.10,481.70,43258366
2020-06-25,480.00,490.95,461.00,475.15,37361371
2020-06-26,483.00,501.00,481.05,492.55,33900526
2020-06-29,482.00,487.00,472.50,480.00,19599121
2020-06-30,489.00,494.00,472.00,474.80,17437015
2020-07-01,480.50,494.60,475.15,492.45,20509479
2020-07-02,498.00,508.00,493.00,494.80,22971641
2020-07-03,499.85,500.00,484.35,487.20,15633607
2020-07-06,498.00,509.00,493.55,495.90,24848530
2020-07-07,497.00,530.00,492.45,526.30,42697410
2020-07-08,534.00,577.50,532.00,552.60,81336450
2020-07-09,557.95,569.95,550.30,556.55,26574250
2020-07-10,552.30,554.45,532.40,539.25,26964983
2020-07-13,549.70,555.00,534.50,539.65,16508012
2020-07-14,535.00,535.00,505.05,510.80,22221590
2020-07-15,517.85,527.80,500.00,503.55,21841548
2020-07-16,508.00,522.00,490.25,518.60,21502389
2020-07-17,522.30,526.50,512.00,520.80,14445601
2020-07-20,524.95,541.65,521.65,528.75,19937476
2020-07-21,535.70,539.75,520.70,523.50,13311247
2020-07-22,528.00,528.55,508.00,513.55,15202454
2020-07-23,515.50,521.00,510.10,513.90,11300648
2020-07-24,505.80,536.70,500.00,522.25,31278107
2020-07-27,522.55,523.85,505.00,506.65,12280579
2020-07-28,512.00,529.00,511.40,526.95,16991547
2020-07-29,534.00,564.75,532.25,550.50,37044658
2020-07-30,545.00,545.95,515.50,519.85,13848787
2020-07-31,525.20,528.50,515.75,523.75,11161613
2020-08-03,521.95,521.95,501.00,503.05,13508581
2020-08-04,508.00,508.00,483.25,492.60,21481836
2020-08-05,499.20,506.00,490.15,492.75,15083024
2020-08-06,497.80,501.95,485.75,494.90,16624836
2020-08-07,496.00,513.35,492.00,509.00,16545264
2020-08-10,512.00,517.55,506.55,509.35,9409631
2020-08-11,511.00,524.90,509.35,522.00,11702721
2020-08-12,518.50,530.45,512.35,520.65,12646494
2020-08-13,524.00,527.55,516.35,518.75,8109165
2020-08-14,520.00,523.50,500.15,507.20,9318713
2020-08-17,510.00,514.80,502.50,513.15,7174433
2020-08-18,512.45,524.75,506.50,521.60,10993530
2020-08-19,523.00,530.00,519.15,522.15,10896370
2020-08-20,515.60,520.55,511.10,513.40,7658814
2020-08-21,520.00,521.40,512.50,513.55,6411024
2020-08-24,518.00,535.45,516.00,529.15,14887691
2020-08-25,535.00,546.40,530.20,536.50,18377634
2020-08-26,541.45,572.20,538.45,567.65,26851878
2020-08-27,572.40,619.75,572.00,605.85,48568998
2020-08-28,600.00,689.00,595.50,665.65,55986893
2020-08-31,705.00,712.00,620.75,630.20,57316982
2020-09-01,638.10,662.50,588.70,627.45,47295465
2020-09-02,632.00,651.10,614.10,640.55,19769514
2020-09-03,644.00,648.25,625.00,631.85,14985742
2020-09-04,611.05,642.00,603.55,616.15,21613034
2020-09-07,621.50,624.95,597.55,608.70,13890403
2020-09-08,609.00,612.90,599.00,600.40,13303912
2020-09-09,590.00,609.70,588.65,604.60,17123149
2020-09-10,614.00,627.80,610.00,620.45,15925336
2020-09-11,618.00,622.40,603.25,610.35,11347391
2020-09-14,617.10,620.00,603.85,609.35,9287424
2020-09-15,609.35,639.00,601.20,633.40,13447085
2020-09-16,641.00,641.00,613.65,621.65,17941047
2020-09-17,614.75,624.80,610.20,617.35,9390779
2020-09-18,622.95,624.65,600.00,613.20,10335152
2020-09-21,612.90,617.40,553.85,560.60,15649472
2020-09-22,564.00,578.00,537.00,544.00,26363876
2020-09-23,551.00,553.85,519.10,528.05,20046498
2020-09-24,517.15,519.00,485.00,490.25,20947152
2020-09-25,499.90,521.30,491.20,514.85,19311514
2020-09-28,522.90,563.30,516.15,555.10,24397490
2020-09-29,559.00,561.85,528.95,536.25,21321966
2020-09-30,536.25,539.70,520.25,527.40,18784991
2020-10-01,540.00,597.05,537.00,592.20,49858887
2020-10-05,593.20,630.70,592.00,601.55,43964465
2020-10-06,615.95,628.35,606.20,622.80,25112903
2020-10-07,620.95,625.80,606.10,619.10,19071860
2020-10-08,620.00,638.50,614.05,617.70,20978257
2020-10-09,618.05,633.00,615.00,623.05,18622258
2020-10-12,628.20,632.00,610.50,614.45,11751051
2020-10-13,611.60,620.75,602.45,608.20,11579418
2020-10-14,600.00,626.45,597.50,622.65,14624576
2020-10-15,622.65,632.50,593.35,598.00,14728590
2020-10-16,604.80,613.90,601.40,608.30,11570365
2020-10-19,607.55,630.65,606.20,627.10,14576825
2020-10-20,622.00,628.90,616.60,625.25,9607812
2020-10-21,631.00,647.80,599.55,628.10,26627198
2020-10-22,621.00,630.85,605.65,608.75,15976059
2020-10-23,617.00,617.70,604.35,608.15,12435720
2020-10-26,617.00,633.30,613.55,616.65,17438518
2020-10-27,616.60,623.40,595.10,614.00,15012429
2020-10-28,614.50,615.95,586.10,592.85,14933521
2020-10-29,585.00,599.80,571.00,588.70,16511226
2020-10-30,592.00,602.00,576.50,585.70,16811388
2020-11-02,590.00,635.00,590.00,628.35,33145934
2020-11-03,631.55,650.00,631.55,646.60,19566145
2020-11-04,649.60,681.00,648.00,678.05,33533745
2020-11-05,694.95,727.00,678.30,714.40,23471764
2020-11-06,714.75,747.00,707.00,738.65,29896664
2020-11-09,746.05,780.50,735.05,775.45,28036644
2020-11-10,784.00,870.00,783.00,835.20,59758713
2020-11-11,839.00,839.05,752.50,787.95,51561819
2020-11-12,790.00,802.85,761.80,769.20,28387177
2020-11-13,760.05,774.70,741.75,768.55,25472191
2020-11-14,776.60,785.00,757.45,770.45,3253864
2020-11-17,777.90,793.75,772.25,784.15,14873173
2020-11-18,780.00,834.00,775.00,828.30,25491255
2020-11-19,816.00,845.90,804.20,818.00,29797661
2020-11-20,818.10,829.90,788.80,811.00,25424060
2020-11-23,836.00,880.90,832.50,849.75,39219488
2020-11-24,852.00,860.95,836.30,853.70,19828772
2020-11-25,863.60,874.90,845.25,855.05,24215222
2020-11-26,857.00,860.80,835.00,850.55,16934720
2020-11-27,856.00,862.45,848.55,857.65,10212987
2020-12-01,863.00,900.00,858.10,895.50,14690547
2020-12-02,902.00,905.75,881.30,897.30,14965085
2020-12-03,900.10,907.90,890.50,896.25,9724314
2020-12-04,902.50,920.00,889.80,913.65,12658012
2020-12-07,915.00,953.50,913.20,935.15,15479752
2020-12-08,937.05,938.75,907.10,916.70,13141739
2020-12-09,930.00,938.50,918.70,928.50,7937423
2020-12-10,917.95,927.00,905.00,915.85,9145597
2020-12-11,916.75,933.35,915.10,923.75,8417189
2020-12-14,927.00,935.00,918.05,921.25,5936096
2020-12-15,923.00,931.40,908.45,926.75,7646858
2020-12-16,932.00,937.75,915.00,921.80,6068477
2020-12-17,914.00,948.00,914.00,935.80,14078222
2020-12-18,935.80,937.50,887.55,905.20,14605713
2020-12-21,905.20,906.00,814.70,842.70,18106992
2020-12-22,842.70,857.50,813.65,840.70,21961153
2020-12-23,841.95,861.95,832.75,855.35,12353093
2020-12-24,862.00,870.00,849.10,852.80,10293688
2020-12-28,855.00,871.00,853.00,866.95,5449095
2020-12-29,875.00,917.65,873.50,912.90,20727636
2020-12-30,919.05,922.70,888.00,899.05,11462263
2020-12-31,904.00,906.90,890.05,894.95,6435333
2021-01-01,895.00,904.00,893.05,900.15,4632855
2021-01-04,910.00,914.00,887.45,897.85,6991890
2021-01-05,891.70,927.35,883.00,921.65,11907501
2021-01-06,924.95,936.75,909.40,922.35,9768197
2021-01-07,935.00,961.65,931.10,952.05,12154311
2021-01-08,965.00,976.00,932.10,939.80,10838196
2021-01-11,942.90,950.95,926.20,929.10,8419415
2021-01-12,920.00,941.50,906.55,927.65,8805330
2021-01-13,932.80,953.50,926.15,942.75,9473962
2021-01-14,953.00,980.70,951.25,969.70,14887258
2021-01-15,974.00,983.00,953.45,965.90,9195430
2021-01-18,959.00,960.00,924.00,932.80,10668611
2021-01-19,942.05,952.00,936.25,939.90,6309233
2021-01-20,936.90,953.85,928.25,947.70,7004445
2021-01-21,959.40,967.00,918.25,925.85,8216362
2021-01-22,930.00,934.00,890.00,893.30,11366492
2021-01-25,906.00,912.35,839.20,849.15,11829328
2021-01-27,848.00,860.80,806.00,820.15,15810173
2021-01-28,801.30,828.85,789.00,802.60,13789865
2021-01-29,817.10,860.85,815.65,846.10,19305853
2021-02-01,859.00,981.40,856.00,970.60,38067807
2021-02-02,982.40,999.00,949.30,975.65,20556081
2021-02-03,980.00,1080.80,972.20,1048.55,34995822
2021-02-04,1034.90,1042.00,1016.00,1032.15,13666242
2021-02-05,1045.00,1085.00,1016.30,1025.10,19524257
2021-02-08,1036.05,1055.00,1028.00,1035.10,7162284
2021-02-09,1044.00,1051.60,1020.00,1025.80,7984133
2021-02-10,1035.00,1038.45,1003.60,1022.80,7815034
2021-02-11,1025.00,1036.00,1015.30,1021.90,5760021
2021-02-12,1023.80,1059.50,1012.00,1027.40,13959383
2021-02-15,1044.90,1063.00,1037.70,1057.60,9121286
2021-02-16,1068.00,1096.50,1041.10,1058.25,13883441
2021-02-17,1080.00,1085.00,1026.20,1033.20,13855321
2021-02-18,1045.00,1055.40,1033.40,1046.05,8911120
2021-02-19,1035.00,1074.55,1027.80,1065.90,14557527
2021-02-22,1064.95,1067.10,1018.00,1022.90,9412265
2021-02-23,1033.15,1053.95,1018.00,1048.30,7160332
2021-02-24,1047.30,1076.00,1041.25,1070.00,6391183
2021-02-25,1080.00,1119.50,1079.00,1109.75,12716781
2021-02-26,1070.00,1082.90,1051.25,1062.95,12247085
2021-03-01,1075.00,1096.60,1063.15,1067.95,6358886
2021-03-02,1075.00,1086.30,1060.00,1073.35,4917345
2021-03-03,1080.00,1104.00,1077.15,1099.75,5695638
2021-03-04,1078.00,1116.00,1072.60,1091.95,6128220
2021-03-05,1084.00,1084.00,1025.45,1039.90,13926140
2021-03-08,1054.00,1055.45,1014.50,1018.25,10522267
2021-03-09,1025.60,1035.60,1005.00,1024.80,9915907
2021-03-10,1043.15,1060.00,1033.05,1039.85,8832614
2021-03-12,1052.00,1056.40,1015.65,1022.65,5735382
2021-03-15,1027.80,1043.60,988.20,1038.65,8020745
2021-03-16,1045.00,1049.90,1028.00,1034.70,5161126
2021-03-17,1032.00,1039.00,1002.60,1008.95,4712570
2021-03-18,1025.00,1030.70,988.00,1002.80,5797610
2021-03-19,990.00,1018.80,981.10,1011.90,6838935
2021-03-22,1006.00,1011.85,961.05,968.15,12692489
2021-03-23,977.00,994.40,970.00,990.05,7530882
2021-03-24,980.05,985.00,955.00,958.70,5028085
2021-03-25,958.70,970.00,928.85,957.80,7614686
2021-03-26,973.80,976.50,950.00,952.75,4891178
2021-03-30,966.00,978.40,955.00,961.05,5832348
2021-03-31,961.05,969.00,950.00,954.45,4453746
2021-04-01,964.00,997.00,959.10,993.30,7932671
2021-04-05,985.00,988.95,918.55,937.35,11223431
2021-04-06,947.80,954.20,921.50,927.25,6925347
2021-04-07,931.00,952.45,921.15,945.55,5714921
2021-04-08,949.00,957.95,932.00,934.90,3946239
2021-04-09,935.00,939.70,917.45,923.65,4980026
2021-04-12,884.00,890.00,841.00,844.40,10674765
2021-04-13,850.00,881.00,844.50,877.40,6778840
2021-04-15,867.50,883.80,841.25,858.35,6862663
2021-04-16,864.10,869.95,853.05,862.95,5338683
2021-04-19,829.95,836.55,811.00,832.00,8550122
2021-04-20,845.00,864.80,840.05,845.00,8240669
2021-04-22,831.00,839.95,815.00,835.70,9717099
2021-04-23,830.00,859.95,822.80,850.00,7695324
2021-04-26,857.00,870.95,851.45,859.55,4894557
2021-04-27,859.55,886.00,859.00,882.45,5202133
2021-04-28,890.00,931.00,888.00,926.90,9935828
2021-04-29,936.85,958.85,917.10,939.45,12187280
2021-04-30,928.00,948.50,915.10,934.95,7301455
2021-05-03,929.00,967.70,899.00,913.60,16854199
2021-05-04,930.00,934.50,906.00,910.15,7499852
2021-05-05,923.00,934.75,909.30,931.15,5975741
2021-05-06,937.45,938.65,920.00,924.95,3705397
2021-05-07,932.55,951.80,925.00,926.20,5419712
2021-05-10,939.00,949.95,931.15,945.40,5087341
2021-05-11,923.95,957.00,922.90,948.85,5732298
2021-05-12,942.00,950.55,914.00,916.65,5074561
2021-05-14,923.00,923.00,888.10,890.85,6169600
2021-05-17,897.10,959.90,897.10,956.45,10987165
2021-05-18,967.00,986.95,967.00,974.55,8715366
2021-05-19,965.00,978.60,961.20,967.00,4787294
2021-05-20,963.00,987.90,963.00,975.50,5835440
2021-05-21,985.00,1020.00,981.80,1016.00,12591860
2021-05-24,1018.90,1022.75,997.05,1004.75,5385688
2021-05-25,1012.00,1012.75,982.40,993.90,4583345
2021-05-26,998.85,1007.95,987.00,998.45,2972854
2021-05-27,995.30,1013.30,987.00,1006.85,4427518
2021-05-28,1014.50,1025.50,1003.00,1019.35,5388785
2021-05-31,1015.00,1020.40,1004.00,1013.00,2643491
2021-06-01,1016.00,1031.35,1006.00,1010.05,3766919
2021-06-02,1008.90,1030.00,1003.50,1028.00,4177378
2021-06-03,1031.00,1037.25,964.05,1005.75,14752885
2021-06-04,1012.20,1023.40,1004.00,1009.30,4323154
2021-06-07,1018.00,1032.65,1009.50,1025.20,3823401
2021-06-08,1025.00,1028.00,1005.60,1020.15,3141410
2021-06-09,1019.00,1035.70,997.25,1003.55,4767864
2021-06-10,1012.00,1028.60,1006.00,1024.35,2984339
2021-06-11,1028.00,1032.00,1012.10,1015.10,2679470
2021-06-14,1012.00,1028.00,993.75,1024.30,3982216
2021-06-15,1025.00,1050.00,1025.00,1034.45,6026006
2021-06-16,1030.00,1038.70,1010.35,1013.70,3325800
2021-06-17,1002.00,1021.80,968.00,984.05,6126591
2021-06-18,993.90,999.80,960.00,995.40,4895262
2021-06-21,977.00,1010.00,968.05,1007.55,3160990
2021-06-22,1015.90,1021.70,996.05,1000.10,4141759
2021-06-23,1009.00,1017.80,996.50,999.55,3975716
2021-06-24,1004.00,1008.00,996.20,1000.65,2285845
2021-06-25,997.00,1020.00,986.65,1012.90,3499315
2021-06-28,1019.00,1021.60,1001.00,1008.90,2819763
2021-06-29,1009.00,1022.00,1000.00,1018.15,4543628
2021-06-30,1021.50,1027.55,1012.15,1016.35,2628556
2021-07-01,1011.00,1016.95,1000.00,1007.70,3070067
2021-07-02,1008.00,1014.15,1005.15,1009.65,1501210
2021-07-05,1012.00,1026.50,1012.00,1020.55,1993126
2021-07-06,1018.70,1035.00,1015.00,1031.05,3019919
2021-07-07,1024.55,1047.00,1013.00,1044.90,3781022
2021-07-08,1042.85,1061.00,1036.20,1045.45,4139752
2021-07-09,1040.00,1048.60,1026.20,1039.95,3625932
2021-07-12,1045.40,1057.65,1041.05,1049.30,2010018
2021-07-13,1055.00,1059.95,1044.00,1055.90,2096758
2021-07-14,1050.00,1060.50,1048.50,1052.60,1566799
2021-07-15,1054.00,1067.40,1050.00,1055.10,2748272
2021-07-16,1054.00,1058.95,1042.00,1044.30,1218164
2021-07-19,1024.00,1034.70,1005.55,1015.85,2644846
2021-07-20,1017.00,1019.00,980.00,981.55,3752725
2021-07-22,999.90,1005.75,988.00,992.15,2181872
2021-07-23,996.00,1000.00,977.00,989.30,3449852
2021-07-26,989.30,996.65,978.30,981.30,2335433
2021-07-27,989.00,994.00,963.05,975.80,3311920
2021-07-28,992.00,1009.80,979.00,992.75,8820340
2021-07-29,997.95,1003.45,987.00,992.05,3459503
2021-07-30,989.00,1000.00,980.00,981.00,3115750
2021-08-02,991.80,997.15,985.45,988.00,2149603
2021-08-03,987.00,1025.00,986.65,1022.05,4450926
2021-08-04,1029.00,1048.00,1016.90,1020.55,5055711
2021-08-05,1011.45,1012.45,986.00,997.70,3955681
2021-08-06,1005.00,1034.00,998.20,1029.50,7609448
2021-08-09,1031.00,1047.00,1028.05,1042.80,4274598
2021-08-10,1037.00,1055.00,1031.40,1033.60,3469468
2021-08-11,1033.60,1045.35,1020.00,1041.20,2155833
2021-08-12,1046.45,1047.15,1027.25,1035.35,2453701
2021-08-13,1035.35,1043.75,1021.60,1024.15,2348979
2021-08-16,1024.95,1029.90,1016.10,1019.00,1132546
2021-08-17,1013.50,1015.00,993.30,1000.20,3082005
2021-08-18,1003.00,1005.80,987.00,989.65,2344486
2021-08-20,985.00,990.95,970.65,979.45,3465186
2021-08-23,988.10,998.90,964.10,988.60,2914978
2021-08-24,990.20,1009.00,987.00,1005.05,2510063
2021-08-25,1009.90,1013.90,998.20,1005.55,2105187
2021-08-26,1000.00,1012.65,998.10,1001.50,1971408
2021-08-27,997.00,1000.85,987.00,990.20,2368969
2021-08-30,995.30,1012.00,991.30,1005.10,2868604
2021-08-31,1009.00,1009.80,990.00,992.40,3138652
2021-09-01,994.00,1025.00,993.00,998.75,3854558
2021-09-02,1002.70,1012.50,995.20,1010.10,2136382
2021-09-03,1010.00,1028.65,996.55,1003.75,5363972
2021-09-06,1006.00,1008.30,991.00,991.95,3349749
2021-09-07,992.05,1012.00,984.15,1001.25,5483796
2021-09-08,1013.20,1021.80,992.40,999.60,6385224
2021-09-09,1000.00,1006.90,993.50,999.50,3193603
2021-09-13,1004.00,1004.00,992.65,996.30,2386618
2021-09-14,999.00,1039.00,997.60,1036.60,7838383
2021-09-15,1036.00,1062.00,1027.50,1053.95,6071710
2021-09-16,1071.00,1186.50,1071.00,1130.95,27230283
2021-09-17,1137.50,1146.55,1112.35,1130.00,5784278
2021-09-20,1115.00,1132.40,1084.60,1089.95,2954179
2021-09-21,1091.00,1143.15,1085.00,1137.55,6332732
2021-09-22,1145.00,1157.85,1128.20,1141.40,5587136
2021-09-23,1150.00,1175.00,1147.00,1169.15,4879235
2021-09-24,1172.20,1189.35,1141.25,1163.05,4615559
2021-09-27,1172.00,1177.95,1144.90,1150.70,3083520
2021-09-28,1160.00,1160.00,1119.00,1134.75,3684708
2021-09-29,1127.10,1136.90,1114.10,1123.20,5574048
2021-09-30,1125.00,1134.90,1107.00,1111.90,3180267
2021-10-01,1104.00,1112.00,1091.30,1104.05,1940798
2021-10-04,1107.50,1125.00,1106.00,1119.80,1817348
2021-10-05,1116.80,1177.10,1108.65,1168.60,5270013
2021-10-06,1178.45,1179.15,1126.70,1131.85,3329243
2021-10-07,1143.00,1186.15,1140.05,1166.70,4002618
2021-10-08,1179.40,1180.00,1158.40,1174.40,2344868
2021-10-11,1172.65,1194.45,1170.00,1173.25,2535840
2021-10-12,1165.00,1196.00,1160.05,1181.90,2354120
2021-10-13,1188.10,1191.95,1175.25,1184.50,1235622
2021-10-14,1190.00,1215.00,1161.80,1210.00,3315820
2021-10-18,1221.00,1229.65,1196.05,1219.60,4512591
2021-10-19,1222.00,1240.00,1185.60,1194.00,3879525
2021-10-20,1190.00,1213.90,1172.45,1201.70,2850772
2021-10-21,1205.00,1210.95,1165.20,1184.40,2408608
2021-10-22,1192.05,1204.70,1176.80,1196.40,2618946
2021-10-25,1205.95,1211.00,1156.70,1177.75,3612312
2021-10-26,1180.00,1193.00,1137.70,1154.90,3413917
2021-10-27,1156.00,1163.85,1122.00,1142.55,4329232
2021-10-28,1172.00,1242.00,1169.25,1176.00,17223159
2021-10-29,1166.95,1182.00,1123.60,1140.20,5112475
2021-11-01,1158.00,1235.00,1146.05,1229.10,10563295
2021-11-02,1220.00,1240.10,1207.00,1212.55,3730392
2021-11-03,1215.00,1220.00,1174.25,1177.95,2922214
2021-11-04,1195.00,1195.00,1185.00,1189.10,278458
2021-11-08,1130.00,1130.00,1041.60,1061.15,29099645
2021-11-09,1081.00,1084.90,1062.50,1068.25,7752739
2021-11-10,1066.80,1066.80,1027.80,1032.20,6796906
2021-11-11,1032.20,1038.00,1020.50,1033.30,4527396
2021-11-12,1040.00,1043.50,1028.55,1037.05,3479296
2021-11-15,1042.00,1051.00,1032.55,1041.50,3105993
2021-11-16,1042.00,1046.00,1018.25,1020.90,2685826
2021-11-17,1017.90,1042.00,1014.00,1034.00,3042496
2021-11-18,1031.80,1042.00,1002.30,1008.45,3244457
2021-11-22,1024.00,1025.90,988.55,1006.90,6198324
2021-11-23,995.00,1010.00,974.00,981.35,8136685
2021-11-24,989.00,993.65,966.00,970.40,6646771
2021-11-25,968.00,970.00,951.35,959.30,5711537
2021-11-26,951.00,956.95,898.00,901.80,6746021
2021-11-29,926.90,938.00,888.85,895.45,11905868
2021-11-30,902.00,927.50,875.70,883.00,6964145
2021-12-01,891.00,938.75,890.15,933.65,14626216
2021-12-02,935.00,950.00,925.65,945.55,5703967
2021-12-03,944.95,957.85,938.50,951.15,4928235
2021-12-06,952.00,952.00,914.00,915.65,4617346
2021-12-07,922.90,936.50,920.80,926.65,3434735
2021-12-08,936.00,949.00,932.50,945.30,3774244
2021-12-09,947.00,950.50,938.20,946.40,3111606
2021-12-10,960.00,968.00,938.00,944.75,6605152
2021-12-13,954.30,955.60,934.20,938.55,2681792
2021-12-14,932.00,949.15,924.20,946.05,2725729
2021-12-15,944.95,950.85,937.00,938.55,2266938
2021-12-16,945.00,949.35,921.15,928.30,2457432
2021-12-17,926.00,929.00,880.25,883.00,4786306
2021-12-20,874.00,874.00,830.80,846.10,4700733
2021-12-21,855.05,867.95,848.35,857.20,3568436
2021-12-22,861.45,885.00,861.00,871.75,3619713
2021-12-23,879.90,884.00,869.00,871.10,2642247
2021-12-24,878.00,878.80,846.80,861.15,3462247
2021-12-27,843.00,861.80,811.50,855.25,12325932
2021-12-28,864.00,865.75,845.10,852.65,4660498
2021-12-29,854.05,874.90,854.00,870.00,6067054
2021-12-30,864.00,893.45,860.00,885.40,12354342
2021-12-31,881.50,892.90,878.40,888.15,3606043
2022-01-03,888.20,915.50,876.70,912.30,5594214
2022-01-04,915.00,917.95,896.10,904.40,4102750
2022-01-05,905.00,911.90,892.25,903.95,5448165
2022-01-06,895.25,924.00,885.05,921.70,5209239
2022-01-07,926.50,938.45,916.10,922.25,4207773
2022-01-10,926.90,929.85,918.00,920.85,2569322
2022-01-11,927.00,935.05,914.00,917.95,3383081
2022-01-12,928.00,946.60,920.10,941.55,5506622
2022-01-13,948.00,950.00,926.00,927.10,2109207
2022-01-14,919.10,926.65,913.25,920.05,2557488
2022-01-17,919.00,931.90,912.25,920.50,3048497
2022-01-18,920.50,927.35,895.35,899.65,3088062
2022-01-19,897.00,903.80,884.15,893.25,3628266
2022-01-20,895.00,898.45,872.00,877.20,3565267
2022-01-21,869.90,872.95,845.10,854.10,4042974
2022-01-24,859.00,869.30,831.55,851.25,4657809
2022-01-25,842.35,886.90,842.00,884.25,5165597
2022-01-27,874.20,893.60,861.10,888.10,4323258
2022-01-28,897.00,925.75,895.00,903.55,5520247
2022-01-31,927.45,927.45,866.65,872.10,10148990
2022-02-01,879.00,927.00,879.00,922.30,11628936
2022-02-02,930.10,981.80,930.10,975.35,14380553
2022-02-03,967.35,979.70,954.45,958.35,5623611
2022-02-04,958.00,974.95,945.00,956.05,5000045
2022-02-07,952.05,959.40,928.15,933.05,2587054
2022-02-08,938.00,940.75,913.00,937.70,3160992
2022-02-09,942.30,971.40,940.40,967.15,4101202
2022-02-10,966.00,977.75,960.25,972.35,4037566
2022-02-11,955.00,990.00,954.55,982.40,7171664
2022-02-14,959.20,964.80,937.20,941.60,3652419
2022-02-15,943.00,972.00,923.25,969.70,3985559
2022-02-16,966.10,987.55,961.95,968.40,3683264
2022-02-17,980.00,980.00,951.10,955.80,3152042
2022-02-18,950.00,966.00,948.60,955.35,2417043
2022-02-21,952.00,972.00,949.00,952.45,3535914
2022-02-22,925.00,949.85,923.00,939.10,2866135
2022-02-23,944.00,960.80,943.15,950.70,3507003
2022-02-24,919.50,934.30,868.85,875.65,7305449
2022-02-25,898.70,929.80,895.00,927.05,4821342
2022-02-28,916.00,924.80,903.00,920.70,3299912
2022-03-02,907.00,912.65,887.55,906.35,4507940
2022-03-03,918.00,926.00,906.50,912.25,3731807
2022-03-04,896.00,922.90,891.00,901.90,3623960
2022-03-07,878.00,896.95,825.50,834.40,6323502
2022-03-08,831.10,847.80,816.00,840.70,6163433
2022-03-09,863.00,880.00,838.25,875.35,6967640
2022-03-10,909.80,928.00,890.70,904.30,6312569
2022-03-11,900.00,915.50,892.95,901.75,3451877
2022-03-14,899.00,914.00,892.30,907.60,3718477
2022-03-15,916.90,922.00,887.25,896.65,4390735
2022-03-16,912.00,936.00,911.55,928.65,5705364
2022-03-17,943.95,949.50,929.55,932.45,4492246
2022-03-21,938.00,938.00,911.00,913.40,2363059
2022-03-22,916.00,932.00,903.60,927.70,2764481
2022-03-23,933.00,944.45,928.10,931.35,2433056
2022-03-24,922.00,937.95,915.20,924.80,2923793
2022-03-25,930.00,933.30,916.05,926.25,1984601
2022-03-28,923.05,942.90,920.25,935.15,2654339
2022-03-29,939.95,944.50,921.40,929.15,3351562
2022-03-30,939.35,945.00,922.95,926.30,4849869
2022-03-31,930.00,938.45,924.00,935.40,2311242
2022-04-01,929.45,970.95,929.15,968.60,5222165
2022-04-04,975.00,994.80,958.05,987.20,5033678
2022-04-05,994.00,994.00,968.00,973.25,3827808
2022-04-06,967.00,978.75,961.00,968.30,2406015
2022-04-07,960.50,986.90,960.00,972.60,3182285
2022-04-08,971.00,990.00,968.25,985.60,2659878
2022-04-11,983.60,998.90,976.80,980.45,2413145
2022-04-12,977.00,987.65,966.00,985.10,1963842
2022-04-13,992.00,996.25,982.00,983.40,2060127
2022-04-18,972.00,983.00,966.10,977.45,1575552
2022-04-19,979.90,988.95,951.00,963.80,1747142
2022-04-20,965.55,982.75,952.50,972.55,2421543
2022-04-21,976.10,992.70,976.10,989.25,1957820
2022-04-22,980.00,988.00,957.10,959.85,1942893
2022-04-25,945.00,958.45,931.00,946.55,2096910
2022-04-26,962.00,983.35,958.10,980.45,2673266
2022-04-27,970.10,979.80,967.15,974.50,1476543
2022-04-28,978.00,992.45,972.00,988.35,2003774
2022-04-29,990.00,1009.50,975.20,978.55,3476442
2022-05-02,972.00,1026.00,966.45,1018.10,8962019
2022-05-04,1025.50,1029.00,971.00,978.30,4565643
2022-05-05,995.00,995.00,932.00,936.80,4679266
2022-05-06,919.00,934.30,902.50,915.40,3713381
2022-05-09,912.80,912.80,881.00,889.70,3283626
2022-05-10,888.00,920.00,888.00,910.75,3972560
2022-05-11,910.90,928.00,891.30,923.35,4209334
2022-05-12,916.00,916.50,856.00,869.90,4776857
2022-05-13,886.00,894.15,868.75,872.35,2932319
2022-05-16,876.70,898.80,865.55,885.90,1971123
2022-05-17,890.00,905.00,888.10,903.85,2038983
2022-05-18,907.00,917.95,899.05,903.15,2665522
2022-05-19,888.00,890.85,860.10,866.25,2656251
2022-05-20,888.00,900.00,881.20,896.50,2286465
2022-05-23,900.00,922.00,898.95,902.40,2577890
2022-05-24,905.40,917.00,895.30,897.95,2149695
2022-05-25,907.80,923.50,889.55,893.35,3664893
2022-05-26,902.60,906.80,877.45,897.60,3909078
2022-05-27,908.35,927.00,905.20,925.40,2509528
2022-05-30,936.00,946.45,932.10,936.20,2036338
2022-05-31,926.00,939.95,926.00,930.85,1249259
2022-06-01,930.85,938.35,918.70,928.35,1144864
2022-06-02,921.00,945.00,921.00,942.95,1735855
2022-06-03,950.00,953.80,922.00,924.30,1398174
2022-06-06,920.00,933.95,918.50,928.75,1417254
2022-06-07,924.25,929.95,916.50,923.70,929573
2022-06-08,929.00,938.00,906.55,913.70,1905868
2022-06-09,908.00,923.50,906.35,920.30,1031195
2022-06-10,912.50,925.00,903.25,913.20,882217
2022-06-13,895.00,900.35,860.10,865.45,3353078
2022-06-14,864.00,869.95,840.30,844.20,3770890
2022-06-15,852.00,857.00,828.00,843.30,3911673
2022-06-16,854.00,859.40,805.15,809.60,3141825
2022-06-17,810.00,821.85,796.75,806.90,2624540
2022-06-20,814.60,814.60,769.50,784.05,3103978
2022-06-21,796.05,809.40,783.45,798.85,3425596
2022-06-22,799.65,801.85,767.70,777.65,3066728
2022-06-23,781.00,794.30,763.20,784.95,3888446
2022-06-24,793.95,815.85,792.50,806.50,4706175
2022-06-27,819.20,829.70,817.65,823.50,2569316
2022-06-28,819.00,823.50,812.00,816.60,1280737
2022-06-29,805.00,817.35,788.20,808.80,3774208
2022-06-30,811.80,816.70,790.25,794.35,2686640
2022-07-01,793.00,810.00,783.00,807.20,2796110
2022-07-04,812.80,840.00,811.20,832.00,4711395
2022-07-05,833.00,839.00,821.05,824.05,1836183
2022-07-06,829.80,840.00,825.05,836.55,1660551
2022-07-07,841.00,863.40,840.25,861.00,3868679
2022-07-08,867.00,867.50,846.20,848.60,1342616
2022-07-11,845.00,860.00,843.05,858.35,1503503
2022-07-12,850.00,861.15,845.00,847.05,1221366
2022-07-13,856.15,856.15,789.50,819.05,10850036
2022-07-14,823.10,829.80,813.70,820.90,2463571
2022-07-15,824.15,829.00,811.20,815.05,1365475
2022-07-18,826.00,853.20,823.20,851.05,2536142
2022-07-19,841.00,871.80,840.00,868.10,2608372
2022-07-20,886.00,897.45,872.80,879.30,3995680
2022-07-21,903.00,962.00,892.60,948.10,23581540
2022-07-22,950.05,956.00,938.65,942.45,4842122
2022-07-25,940.00,966.50,939.55,962.05,6043152
2022-07-26,959.00,969.90,951.85,961.60,2983144
2022-07-27,960.70,983.75,955.25,979.80,3405140
2022-07-28,994.45,1020.00,989.10,1017.70,7001490
2022-07-29,1022.20,1049.95,1018.75,1043.50,5862550
2022-08-01,1040.00,1047.90,1024.55,1040.15,4299697
2022-08-02,1033.00,1071.90,1032.05,1067.25,5074834
2022-08-03,1063.55,1070.00,1051.55,1058.30,2753893
2022-08-04,1061.10,1072.85,1043.80,1050.20,2142720
2022-08-05,1055.50,1057.75,1033.55,1036.30,2382020
2022-08-08,1036.30,1057.70,1033.70,1050.20,2057991
2022-08-10,1045.40,1067.50,1043.05,1063.10,2727232
2022-08-11,1070.65,1086.00,1069.00,1079.20,3998702
2022-08-12,1077.15,1088.05,1075.55,1080.45,2463516
2022-08-16,1085.00,1096.90,1075.10,1084.45,3083931
2022-08-17,1083.00,1095.00,1082.00,1088.60,1768441
2022-08-18,1082.50,1107.45,1081.55,1105.10,2407824
2022-08-19,1104.95,1104.95,1060.00,1063.30,3660413
2022-08-22,1055.00,1067.30,1045.50,1057.20,2662510
2022-08-23,1035.00,1078.90,1034.10,1071.05,3030759
2022-08-24,1077.00,1105.00,1077.00,1101.90,3685015
2022-08-25,1109.00,1119.75,1082.70,1089.95,3775014
2022-08-26,1098.00,1101.70,1064.65,1069.75,3662548
2022-08-29,1050.00,1062.90,1041.00,1059.20,1642550
2022-08-30,1071.80,1109.80,1070.00,1107.45,3200407
2022-09-01,1097.65,1121.00,1095.00,1111.40,3487969
2022-09-02,1116.95,1119.50,1095.00,1100.75,2428618
2022-09-05,1099.50,1112.45,1096.55,1108.00,2419887
2022-09-06,1115.00,1118.75,1097.60,1108.80,2516672
2022-09-07,1095.00,1100.00,1086.00,1089.95,3165749
2022-09-08,1103.00,1115.00,1097.40,1108.30,2995969
2022-09-09,1119.00,1149.55,1116.55,1137.15,4751837
2022-09-12,1144.30,1145.00,1128.00,1136.85,1918731
2022-09-13,1145.00,1165.55,1136.80,1163.80,3571187
2022-09-14,1148.60,1225.00,1142.30,1215.75,9043198
2022-09-15,1219.00,1220.00,1185.05,1195.85,4063705
2022-09-16,1195.85,1251.05,1185.00,1227.35,16270762
2022-09-19,1226.00,1256.00,1218.00,1225.75,6074889
2022-09-20,1241.25,1275.80,1240.00,1264.10,5704241
2022-09-21,1260.00,1265.00,1221.80,1224.25,6121456
2022-09-22,1219.00,1238.50,1205.00,1216.55,5463724
2022-09-23,1210.00,1213.95,1176.05,1183.35,4197496
2022-09-26,1170.00,1180.00,1135.70,1149.60,5082576
2022-09-27,1166.45,1178.00,1140.60,1165.10,4493527
2022-09-28,1155.20,1160.00,1133.00,1140.90,4898528
2022-09-29,1160.00,1174.80,1137.30,1142.25,4998273
2022-09-30,1141.00,1192.30,1128.80,1185.20,4392250
2022-10-03,1178.00,1185.90,1153.05,1156.25,3397982
2022-10-04,1184.90,1222.00,1176.15,1219.25,4446589
2022-10-06,1225.00,1234.95,1197.30,1200.90,2773277
2022-10-07,1201.00,1217.85,1182.50,1213.40,3338767
2022-10-10,1193.10,1216.90,1183.25,1210.30,2547644
2022-10-11,1215.00,1215.95,1162.00,1164.60,21664338
2022-10-12,1175.05,1192.10,1156.10,1189.05,3412460
2022-10-13,1189.05,1196.75,1167.00,1184.25,1982808
2022-10-14,1201.25,1216.35,1179.20,1181.60,2918993
2022-10-17,1178.00,1203.80,1164.00,1199.65,3419791
2022-10-18,1207.00,1228.65,1203.10,1223.25,3451130
2022-10-19,1227.90,1231.70,1210.00,1218.40,3896969
2022-10-20,1214.00,1214.00,1150.10,1159.95,11242103
2022-10-21,1166.00,1169.00,1139.10,1142.25,5309754
2022-10-24,1160.00,1160.00,1143.00,1145.85,674170
2022-10-25,1145.85,1153.05,1121.80,1137.45,3514202
2022-10-27,1150.00,1153.60,1135.20,1142.50,2590606
2022-10-28,1145.00,1161.00,1137.50,1147.00,2778938
2022-10-31,1155.00,1159.60,1138.95,1142.65,2048520
2022-11-01,1146.50,1159.90,1145.00,1151.15,2664189
2022-11-02,1146.00,1157.70,1135.00,1138.20,1947283
2022-11-03,1133.45,1150.95,1125.25,1148.00,1742221
2022-11-04,1153.75,1158.00,1142.10,1152.70,1571565
2022-11-07,1158.00,1158.00,1139.25,1144.15,2601148
2022-11-09,1156.00,1172.90,1144.00,1149.00,3456108
2022-11-10,1143.00,1157.80,1118.00,1127.35,2072769
2022-11-11,1140.00,1161.45,1130.60,1140.00,2198448
2022-11-14,1145.70,1160.00,1134.15,1152.95,2007506
2022-11-15,1157.85,1167.75,1147.15,1152.85,1802234
2022-11-16,1151.00,1158.00,1136.00,1144.10,2331206
2022-11-17,1141.45,1152.75,1137.55,1146.50,1721557
2022-11-18,1151.35,1151.35,1122.00,1128.65,2082130
2022-11-21,1119.55,1142.05,1117.00,1139.00,2602264
2022-11-22,1143.00,1173.25,1138.50,1169.40,3927395
2022-11-23,1176.00,1183.00,1161.00,1174.35,3265438
2022-11-24,1180.00,1186.95,1167.60,1175.55,3496170
2022-11-25,1180.00,1193.80,1176.05,1187.10,4715695
2022-11-28,1180.00,1205.45,1178.70,1197.85,2846018
2022-11-29,1192.00,1199.85,1178.45,1180.60,1875146
2022-11-30,1180.00,1183.70,1163.00,1167.80,2421938
2022-12-01,1175.00,1180.95,1162.10,1173.90,2693170
2022-12-02,1169.65,1185.75,1167.05,1178.70,2299901
2022-12-05,1182.00,1198.00,1179.85,1195.50,3842074
2022-12-06,1198.95,1208.00,1179.00,1184.10,3130375
2022-12-07,1184.00,1189.00,1161.45,1164.65,2752097
2022-12-08,1165.00,1194.30,1163.05,1190.85,3666432
2022-12-09,1195.50,1216.00,1189.25,1202.50,6171282
2022-12-12,1201.30,1219.90,1195.25,1206.75,2790292
2022-12-13,1212.80,1240.95,1209.50,1234.95,4161518
2022-12-14,1241.75,1257.00,1233.00,1253.15,3913725
2022-12-15,1252.75,1273.55,1235.00,1239.60,3097282
2022-12-16,1235.00,1248.80,1208.20,1229.55,1944616
2022-12-19,1233.95,1241.70,1212.10,1223.55,1382378
2022-12-20,1215.00,1234.35,1209.95,1228.65,1245359
2022-12-21,1236.00,1238.15,1190.95,1201.80,1495106
2022-12-22,1207.85,1208.80,1170.20,1180.15,2126536
2022-12-23,1160.05,1179.70,1143.00,1147.85,2621761
2022-12-26,1150.00,1208.00,1141.00,1195.70,2100374
2022-12-27,1201.65,1209.95,1185.00,1202.35,1462244
2022-12-28,1198.00,1227.00,1194.00,1214.15,2834356
2022-12-29,1206.00,1234.90,1201.80,1231.15,3134405
2022-12-30,1238.00,1238.00,1211.50,1220.10,1767556
2023-01-02,1220.10,1231.10,1211.75,1226.35,2587946
2023-01-03,1226.55,1249.85,1222.30,1240.95,2195814
2023-01-04,1258.00,1273.40,1206.10,1223.10,8001367
2023-01-05,1229.25,1232.50,1203.80,1215.85,2364186
2023-01-06,1214.00,1217.70,1176.10,1181.90,3029739
2023-01-09,1190.15,1223.60,1188.05,1218.65,2836421
2023-01-10,1215.00,1231.15,1205.00,1227.55,2442613
2023-01-11,1232.40,1238.20,1207.40,1213.25,2675249
2023-01-12,1214.00,1224.75,1197.30,1209.15,1862790
2023-01-13,1213.00,1237.30,1210.10,1234.40,2184432
2023-01-16,1240.00,1250.00,1232.60,1239.25,2398823
2023-01-17,1240.00,1240.00,1212.70,1230.35,1803413
2023-01-18,1232.00,1238.00,1218.00,1223.00,1865108
2023-01-19,1215.00,1245.00,1183.25,1200.55,9691261
2023-01-20,1208.60,1228.00,1198.50,1202.45,4144033
2023-01-23,1212.70,1220.15,1200.50,1204.70,1848813
2023-01-24,1206.30,1219.80,1198.35,1212.30,2472106
2023-01-25,1210.00,1211.00,1151.35,1156.15,3420414
2023-01-27,1163.05,1168.65,1106.00,1116.40,4781085
2023-01-30,1110.00,1124.80,1055.00,1089.05,7991091
2023-01-31,1097.05,1098.85,1068.35,1082.95,6080048
2023-02-01,1094.00,1119.00,990.00,1041.85,7563064
2023-02-02,1034.90,1081.00,1028.40,1075.90,4494575
2023-02-03,1110.00,1131.00,1079.00,1103.55,9207051
2023-02-06,1109.00,1135.00,1100.45,1129.15,2865938
2023-02-07,1134.00,1148.15,1122.50,1142.90,3603258
2023-02-08,1144.00,1151.25,1136.00,1145.35,1675932
2023-02-09,1150.15,1168.20,1138.30,1163.80,2284751
2023-02-10,1160.00,1167.00,1147.10,1161.20,2126093
2023-02-13,1165.00,1170.00,1148.60,1157.35,2112106
2023-02-14,1160.70,1162.00,1137.00,1156.85,2433798
2023-02-15,1155.00,1160.45,1145.00,1149.60,2050158
2023-02-16,1155.35,1156.10,1143.70,1148.35,1918858
2023-02-17,1142.00,1143.90,1109.00,1114.70,3146155
2023-02-20,1117.25,1122.80,1103.80,1109.30,1613608
2023-02-21,1110.00,1112.15,1096.00,1101.75,1767689
2023-02-22,1096.75,1096.95,1079.20,1092.75,1983022
2023-02-23,1092.70,1097.55,1066.65,1075.60,3193602
2023-02-24,1080.05,1089.65,1069.60,1079.15,1862986
2023-02-27,1079.95,1089.85,1067.05,1081.95,2047252
2023-02-28,1082.50,1089.90,1068.05,1077.70,1360243
2023-03-01,1077.05,1106.55,1070.10,1100.45,4006038
2023-03-02,1099.95,1110.50,1093.40,1102.05,3831094
2023-03-03,1109.00,1133.20,1104.75,1126.40,3365349
2023-03-06,1132.00,1140.00,1116.65,1120.60,3623590
2023-03-08,1109.65,1179.00,1105.55,1174.25,7227479
2023-03-09,1174.25,1182.65,1162.30,1169.80,3086720
2023-03-10,1155.10,1162.25,1138.00,1144.80,3255900
2023-03-13,1119.00,1119.50,1055.00,1060.10,12242080
2023-03-14,1060.10,1082.40,1052.20,1064.00,5410127
2023-03-15,1079.80,1086.55,1040.00,1044.35,4117107
2023-03-16,1040.00,1041.95,1001.90,1017.80,9261210
2023-03-17,1038.00,1038.60,1006.25,1020.50,5324960
2023-03-20,1020.00,1020.00,990.20,1002.30,5439347
2023-03-21,1007.35,1029.95,996.00,1022.85,6200518
2023-03-22,1028.00,1044.00,1024.15,1031.15,2992139
2023-03-23,1028.15,1046.20,1014.25,1018.25,3703523
2023-03-24,1019.00,1024.95,1004.65,1009.55,2709449
2023-03-27,1014.00,1020.95,1004.00,1012.85,2116764
2023-03-28,1017.70,1038.40,1007.20,1036.15,4396283
2023-03-29,1031.00,1063.95,1025.00,1057.10,5803091
2023-03-31,1063.00,1076.00,1060.40,1067.95,3097113
2023-04-03,1073.00,1081.15,1064.00,1078.75,1534155
2023-04-05,1089.00,1089.20,1060.10,1067.20,2979782
2023-04-06,1067.20,1093.45,1064.25,1082.00,3458673
2023-04-10,1082.00,1083.00,1063.00,1069.30,1602094
2023-04-11,1077.40,1078.10,1055.05,1074.20,1932390
2023-04-12,1073.50,1077.10,1057.55,1074.75,3005913
2023-04-13,1073.00,1114.50,1007.95,1109.30,6082307
2023-04-17,1107.40,1136.70,1105.00,1124.35,5360050
2023-04-18,1130.00,1149.50,1127.05,1146.90,4455007
2023-04-19,1143.00,1145.90,1118.55,1120.40,2207739
2023-04-20,1118.95,1131.55,1112.40,1126.20,2530597
2023-04-21,1126.20,1135.75,1108.35,1116.35,1894300
2023-04-24,1130.75,1141.00,1092.00,1102.00,7711772
2023-04-25,1119.95,1127.60,1113.10,1121.75,5268567
2023-04-26,1117.75,1139.80,1115.15,1137.80,2688362
2023-04-27,1140.00,1148.45,1130.00,1144.75,2990958
2023-04-28,1148.75,1157.55,1135.00,1152.80,2239678
2023-05-02,1158.95,1161.85,1150.00,1150.90,2000569
2023-05-03,1142.50,1159.90,1140.30,1146.15,1816420
2023-05-04,1146.15,1151.00,1129.00,1134.60,2752160
2023-05-05,1131.00,1154.95,1065.35,1073.30,8504838
2023-05-08,1087.00,1134.65,1087.00,1126.35,6764292
2023-05-09,1135.00,1149.90,1131.10,1140.60,4181498
2023-05-10,1155.00,1175.80,1150.00,1172.55,6466598
2023-05-11,1175.00,1200.00,1169.25,1187.45,6086958
2023-05-12,1192.50,1214.00,1176.05,1208.65,3983609
2023-05-15,1208.60,1222.65,1196.00,1219.55,3323300
2023-05-16,1219.55,1226.10,1208.65,1220.30,2888698
2023-05-17,1217.05,1248.00,1214.00,1236.15,4661849
2023-05-18,1248.00,1248.00,1230.70,1238.90,2489971
2023-05-19,1243.00,1251.00,1221.60,1248.00,2366675
2023-05-22,1247.00,1251.00,1232.50,1246.15,2106351
2023-05-23,1246.00,1266.90,1245.00,1260.20,2142459
2023-05-24,1255.00,1275.90,1247.65,1271.75,2782379
2023-05-25,1268.95,1271.90,1249.70,1263.40,2589092
2023-05-26,1256.45,1272.45,1255.90,1268.05,1981580
2023-05-29,1272.20,1295.00,1272.00,1284.95,2985334
2023-05-30,1284.95,1296.15,1276.40,1293.25,1818000
2023-05-31,1289.00,1297.40,1277.25,1286.60,2764078
2023-06-01,1280.00,1298.00,1251.50,1290.15,3244947
2023-06-02,1282.40,1292.95,1271.00,1288.20,1912458
2023-06-05,1295.00,1306.45,1282.65,1301.80,3040374
2023-06-06,1302.00,1315.90,1300.00,1306.00,2902701
2023-06-07,1309.95,1312.75,1303.20,1311.20,2679118
2023-06-08,1316.45,1323.90,1300.00,1303.85,3215312
2023-06-09,1299.00,1336.40,1298.40,1331.05,4233651
2023-06-12,1336.95,1336.95,1318.60,1332.45,1904622
2023-06-13,1336.00,1342.90,1332.35,1336.25,3756073
2023-06-14,1335.05,1336.25,1318.20,1323.25,2858453
2023-06-15,1315.00,1319.95,1288.50,1297.10,5952095
2023-06-16,1297.10,1318.60,1294.55,1314.00,3508045
2023-06-19,1310.00,1317.25,1290.60,1301.40,2679485
2023-06-20,1295.00,1315.40,1285.20,1298.40,2102065
2023-06-21,1297.75,1307.50,1284.40,1286.60,1490552
2023-06-22,1286.60,1289.05,1269.05,1272.70,3185099
2023-06-23,1272.70,1318.00,1262.00,1308.70,4636121
2023-06-26,1314.80,1326.60,1305.90,1315.05,2236596
2023-06-27,1318.75,1320.95,1297.35,1315.95,2638788
2023-06-28,1325.00,1346.95,1316.25,1334.05,5550351
2023-06-30,1341.90,1382.25,1337.05,1374.65,4590286
2023-07-03,1379.95,1387.00,1367.60,1380.35,2890340
2023-07-04,1389.00,1394.00,1363.30,1367.35,2262047
2023-07-05,1371.35,1413.10,1371.35,1399.55,5288351
2023-07-06,1395.25,1396.70,1373.40,1390.20,3337234
2023-07-07,1384.55,1393.95,1353.00,1357.10,2922616
2023-07-10,1361.25,1372.40,1345.15,1367.00,1941110
2023-07-11,1372.00,1383.65,1370.00,1380.95,2110648
2023-07-12,1371.95,1384.80,1351.00,1371.45,4921224
2023-07-13,1384.00,1391.50,1366.40,1376.30,5174896
2023-07-14,1376.20,1383.95,1367.00,1377.00,3885754
2023-07-17,1380.00,1404.75,1369.60,1390.50,4003275
2023-07-18,1398.00,1409.20,1382.50,1390.25,4106331
2023-07-19,1430.00,1443.40,1410.00,1419.55,8850582
2023-07-20,1426.00,1433.50,1418.20,1425.15,4491531
2023-07-21,1422.05,1430.35,1400.60,1407.35,2138540
2023-07-24,1408.50,1439.40,1405.30,1435.70,2738185
2023-07-25,1437.00,1446.00,1411.40,1415.45,2982900
2023-07-26,1421.45,1429.90,1411.20,1427.70,1537232
2023-07-27,1433.20,1433.20,1405.15,1415.60,3362598
2023-07-28,1415.20,1421.95,1397.60,1401.95,1565680
2023-07-31,1409.35,1419.90,1396.00,1417.75,1721385
2023-08-01,1420.75,1423.20,1389.35,1394.60,1578914
2023-08-02,1390.00,1394.15,1369.10,1381.25,1913777
2023-08-03,1376.25,1380.60,1354.05,1364.50,3631489
2023-08-04,1370.05,1414.90,1366.30,1409.60,4063355
2023-08-07,1410.00,1417.65,1399.35,1415.25,2792582
2023-08-08,1415.25,1420.95,1402.30,1403.95,1846797
2023-08-09,1405.00,1410.45,1392.00,1408.45,1218020
2023-08-10,1402.45,1434.00,1400.10,1430.20,3730443
2023-08-11,1431.75,1431.75,1392.75,1397.25,3074690
2023-08-14,1395.00,1397.50,1379.05,1388.90,1783022
2023-08-16,1384.00,1388.05,1367.00,1380.70,2051360
2023-08-17,1381.15,1391.25,1370.00,1374.30,3329471
2023-08-18,1369.00,1377.00,1360.85,1371.70,1720129
2023-08-21,1375.00,1400.00,1366.20,1397.80,1763990
2023-08-22,1403.00,1404.60,1394.10,1401.15,1224910
2023-08-23,1401.15,1408.00,1392.15,1401.00,1681561
2023-08-24,1408.25,1435.00,1402.25,1425.15,3559546
2023-08-25,1417.95,1421.45,1389.05,1401.15,1862535
2023-08-28,1400.00,1411.25,1393.80,1409.45,1072295
2023-08-29,1409.45,1413.70,1392.45,1400.15,1831565
2023-08-30,1405.15,1410.90,1386.85,1392.45,1500390
2023-08-31,1392.45,1401.90,1363.25,1378.15,4106180
2023-09-01,1382.00,1423.60,1376.20,1416.55,2792033
2023-09-04,1423.85,1427.50,1415.00,1421.80,998692
2023-09-05,1425.00,1429.80,1416.35,1423.75,1469938
2023-09-06,1421.75,1421.75,1396.45,1408.65,4046484
2023-09-07,1408.65,1443.20,1398.00,1439.60,2278316
2023-09-08,1445.00,1459.95,1434.10,1448.85,2862657
2023-09-11,1449.05,1452.00,1431.75,1450.20,2220230
2023-09-12,1450.10,1453.90,1425.10,1429.15,1943026
2023-09-13,1429.90,1459.65,1416.05,1455.05,4302942
2023-09-14,1459.95,1467.85,1450.45,1458.25,2407947
2023-09-15,1464.40,1464.40,1446.45,1450.00,1647901
2023-09-18,1454.00,1462.75,1445.15,1456.90,1504046
2023-09-20,1441.00,1475.65,1422.30,1440.45,5683215
2023-09-21,1431.00,1443.65,1406.35,1411.30,2514377
2023-09-22,1416.00,1463.50,1413.00,1452.90,4397398
2023-09-25,1451.50,1454.55,1434.10,1442.75,2013653
2023-09-26,1440.00,1443.95,1411.65,1423.05,2870137
2023-09-27,1425.00,1439.00,1418.30,1436.45,3697690
2023-09-28,1437.00,1445.35,1409.45,1413.00,5876746
2023-09-29,1415.05,1439.95,1399.30,1428.85,2593595
2023-10-03,1432.00,1438.40,1420.00,1435.40,1442499
2023-10-04,1424.85,1428.50,1386.20,1401.30,3978667
2023-10-05,1408.70,1415.40,1394.30,1401.85,1647175
2023-10-06,1404.95,1438.00,1401.10,1434.80,2167139
2023-10-09,1420.10,1445.00,1410.00,1428.55,1613546
2023-10-10,1434.00,1436.35,1412.05,1420.55,1874201
2023-10-11,1430.95,1431.90,1414.55,1421.20,1855211
2023-10-12,1433.30,1444.00,1421.00,1424.25,2069952
2023-10-13,1421.20,1466.30,1420.00,1463.70,4480890
2023-10-16,1462.85,1462.85,1444.45,1446.40,1913782
2023-10-17,1454.90,1458.45,1425.55,1436.00,1373704
2023-10-18,1437.00,1444.00,1415.60,1420.35,3067244
2023-10-19,1451.50,1464.70,1423.05,1450.35,13948984
2023-10-20,1448.00,1471.80,1443.10,1469.10,5135316
2023-10-23,1469.00,1469.75,1430.05,1435.00,3319090
2023-10-25,1444.95,1446.95,1410.05,1412.70,4045910
2023-10-26,1412.65,1429.30,1393.65,1414.65,4194418
2023-10-27,1420.00,1444.50,1412.70,1441.30,2424655
2023-10-30,1440.00,1460.90,1428.00,1454.65,2255111
2023-10-31,1456.00,1460.00,1436.55,1441.30,1454345
2023-11-01,1443.90,1445.60,1427.15,1432.60,2658439
2023-11-02,1447.00,1479.95,1439.10,1461.20,4524652
2023-11-03,1471.00,1475.00,1448.00,1450.25,3052041
2023-11-06,1463.00,1471.90,1456.00,1470.25,2090640
2023-11-07,1469.55,1490.45,1464.25,1486.40,2830149
2023-11-08,1493.95,1495.95,1481.25,1488.95,3210977
2023-11-09,1488.95,1516.30,1484.85,1507.35,3207721
2023-11-10,1499.95,1509.45,1493.15,1498.80,2247500
2023-11-12,1503.55,1507.90,1495.40,1502.10,145076
2023-11-13,1502.00,1516.00,1496.15,1509.60,2026629
2023-11-15,1538.50,1538.50,1490.25,1493.95,6293703
2023-11-16,1500.00,1506.60,1493.00,1498.65,2728834
2023-11-17,1490.55,1509.00,1485.55,1498.45,4182376
2023-11-20,1498.90,1509.45,1490.70,1504.80,2125867
2023-11-21,1505.50,1507.45,1494.10,1502.05,1661103
2023-11-22,1500.00,1505.50,1458.95,1470.40,3914008
2023-11-23,1475.00,1496.25,1470.45,1486.10,3832098
2023-11-24,1491.45,1491.90,1474.00,1476.20,2813844
2023-11-28,1480.00,1486.80,1468.00,1477.55,4305915
2023-11-29,1484.00,1489.55,1471.25,1483.55,3477076
2023-11-30,1500.00,1500.00,1450.05,1466.10,45549217
2023-12-01,1479.00,1493.00,1458.15,1461.05,4063279
2023-12-04,1490.00,1517.55,1473.45,1514.65,4254987
2023-12-05,1519.80,1525.50,1486.50,1506.60,3457904
2023-12-06,1517.00,1521.35,1493.35,1501.60,3405245
2023-12-07,1505.00,1514.95,1496.05,1504.75,1931490
2023-12-08,1510.00,1520.95,1494.05,1508.95,2568088
2023-12-11,1512.80,1537.95,1510.00,1521.85,2194782
2023-12-12,1528.90,1528.90,1489.95,1497.00,1621785
2023-12-13,1502.00,1512.65,1495.00,1506.90,2562565
2023-12-14,1523.00,1554.50,1515.60,1551.70,3427500
2023-12-15,1552.95,1578.00,1547.05,1570.80,3478643
2023-12-18,1570.00,1570.00,1552.00,1556.35,1352458
2023-12-19,1556.35,1586.05,1542.20,1566.55,2297704
2023-12-20,1578.00,1581.00,1549.50,1556.15,3218717
2023-12-21,1542.10,1574.00,1527.55,1570.00,2400593
2023-12-22,1574.30,1591.10,1557.90,1562.35,2214206
2023-12-26,1562.95,1582.75,1557.00,1570.80,1129332
2023-12-27,1573.15,1600.00,1567.30,1597.45,1887827
2023-12-28,1600.00,1618.70,1592.00,1610.55,3143161
2023-12-29,1615.00,1618.90,1587.05,1598.95,1779207
2024-01-01,1598.95,1611.40,1591.80,1598.85,1341121
2024-01-02,1594.10,1598.25,1570.00,1575.60,1227193
2024-01-03,1575.50,1604.95,1558.00,1601.15,2620296
2024-01-04,1593.00,1655.00,1593.00,1648.55,4271262
2024-01-05,1654.00,1654.00,1629.00,1643.20,2294140
2024-01-08,1633.00,1650.05,1622.00,1627.10,1791003
2024-01-09,1631.95,1643.90,1621.00,1625.10,1619091
2024-01-10,1620.00,1642.75,1620.00,1640.15,1629958
2024-01-11,1643.95,1668.20,1642.55,1657.85,1914421
2024-01-12,1657.85,1677.85,1647.40,1674.00,2161848
2024-01-15,1684.80,1694.50,1668.05,1688.85,2930339
2024-01-16,1688.85,1691.75,1663.05,1667.05,1316138
2024-01-17,1650.00,1677.05,1631.85,1643.90,6683398
2024-01-18,1634.95,1639.60,1595.10,1612.90,3557256
2024-01-19,1622.70,1631.75,1550.20,1561.10,10982524
2024-01-20,1570.00,1571.90,1530.00,1535.35,3158588
2024-01-23,1535.00,1547.90,1428.05,1441.70,10097057
2024-01-24,1459.95,1495.80,1442.00,1490.85,9155544
2024-01-25,1490.00,1543.95,1488.60,1512.00,8118578
2024-01-29,1523.00,1537.75,1515.35,1526.80,3058020
2024-01-30,1530.00,1544.45,1510.05,1519.90,1721705
2024-01-31,1519.20,1548.00,1507.15,1534.05,3867886
2024-02-01,1537.75,1547.55,1523.55,1541.15,2240634
2024-02-02,1551.00,1564.85,1529.55,1533.75,3554450
2024-02-05,1532.75,1550.00,1521.80,1537.80,2624023
2024-02-06,1550.00,1550.45,1504.15,1511.40,3312270
2024-02-07,1522.40,1522.40,1492.20,1515.35,4066189
2024-02-08,1522.70,1540.95,1470.00,1477.30,2931291
2024-02-09,1480.25,1491.40,1462.65,1486.25,2388841
2024-02-12,1488.20,1497.00,1442.15,1447.15,2821957
2024-02-13,1452.40,1476.25,1430.65,1463.90,4601482
2024-02-14,1450.05,1494.50,1435.95,1481.50,4208176
2024-02-15,1491.00,1492.85,1460.30,1476.95,1906763
2024-02-16,1485.95,1506.50,1471.00,1493.65,1844045
2024-02-19,1499.90,1502.80,1477.00,1483.60,1209609
2024-02-20,1489.00,1508.00,1475.05,1504.20,2390096
2024-02-21,1520.00,1526.80,1502.50,1517.25,5259113
2024-02-22,1517.25,1520.00,1463.50,1489.15,4969478
2024-02-23,1498.45,1504.90,1475.05,1480.30,2557861
2024-02-26,1481.00,1486.00,1463.90,1466.50,2077787
2024-02-27,1466.50,1497.35,1458.50,1493.05,2843312
2024-02-28,1495.00,1503.45,1442.50,1449.20,2661887
2024-02-29,1451.00,1484.00,1440.00,1474.90,4216252
2024-03-01,1480.00,1528.75,1477.85,1526.65,3549401
2024-03-02,1535.00,1538.00,1524.00,1526.00,179042
2024-03-04,1529.95,1538.95,1520.35,1531.30,2985524
2024-03-05,1529.65,1547.00,1524.00,1542.45,2694157
2024-03-06,1542.45,1564.75,1536.55,1554.55,5167456
2024-03-07,1556.45,1571.50,1546.05,1563.75,2285176
2024-03-11,1566.10,1568.75,1536.60,1541.05,1694488
2024-03-12,1541.05,1555.95,1528.50,1533.05,1918571
2024-03-13,1535.00,1540.60,1495.00,1502.65,4165036
2024-03-14,1471.55,1506.90,1469.20,1476.75,3652530
2024-03-15,1474.00,1489.50,1456.70,1484.35,2985042
2024-03-18,1487.25,1491.60,1466.30,1480.70,2365287
2024-03-19,1476.05,1482.95,1430.85,1434.10,3180412
2024-03-20,1440.00,1464.00,1422.70,1441.55,5480729
2024-03-21,1460.00,1486.90,1459.00,1484.10,3870591
2024-03-22,1477.75,1520.35,1473.00,1512.10,5309042
2024-03-26,1512.10,1523.60,1502.20,1518.70,9046136
2024-03-27,1519.00,1542.95,1514.45,1533.55,8408702
2024-03-28,1534.75,1564.50,1533.60,1553.00,3964429
2024-04-01,1553.00,1572.75,1539.00,1542.40,2159432
2024-04-02,1542.95,1570.95,1537.00,1559.40,2335256
2024-04-03,1554.00,1556.90,1538.05,1542.65,3711781
2024-04-04,1548.05,1550.45,1511.20,1544.45,6077155
2024-04-05,1552.00,1556.35,1528.10,1552.40,3286862
2024-04-08,1560.00,1576.35,1550.00,1568.35,2372626
2024-04-09,1574.90,1574.90,1541.00,1554.95,1176425
2024-04-10,1564.85,1564.85,1548.00,1552.85,2528578
2024-04-12,1546.00,1562.70,1542.00,1555.65,1749128
2024-04-15,1544.95,1557.90,1530.00,1539.90,1528341
2024-04-16,1530.00,1534.80,1487.95,1490.95,3981325
2024-04-18,1502.80,1508.35,1468.15,1474.40,3856849
2024-04-19,1466.00,1490.25,1444.40,1482.05,4311650
2024-04-22,1494.00,1501.00,1469.95,1477.50,2887202
2024-04-23,1482.80,1485.80,1471.10,1474.50,1206443
2024-04-24,1477.00,1483.25,1462.75,1474.65,2964953
2024-04-25,1476.05,1499.50,1470.55,1496.10,3697957
2024-04-26,1511.50,1519.00,1443.30,1446.40,6135488
2024-04-29,1458.75,1491.00,1450.10,1487.25,5463640
2024-04-30,1497.80,1537.00,1489.00,1515.70,6293171
2024-05-02,1508.00,1521.30,1500.05,1505.20,2554549
2024-05-03,1517.20,1517.95,1473.05,1483.70,2119368
2024-05-06,1495.70,1510.00,1482.05,1497.50,2600170
2024-05-07,1497.50,1502.65,1448.00,1452.55,1884596
2024-05-08,1455.00,1455.00,1431.40,1442.50,5278612
2024-05-09,1445.50,1456.60,1393.45,1401.45,3272042
2024-05-10,1402.00,1424.50,1395.55,1410.15,1575172
2024-05-13,1415.35,1417.75,1377.25,1404.55,3624862
2024-05-14,1407.00,1429.35,1402.80,1421.00,1279355
2024-05-15,1421.00,1429.85,1407.40,1417.10,2516309
2024-05-16,1420.20,1425.00,1385.65,1408.75,5666243
2024-05-17,1408.00,1417.10,1395.00,1412.35,3673405
2024-05-18,1414.20,1424.00,1413.75,1417.30,105107
2024-05-21,1420.00,1420.85,1400.00,1406.50,3010012
2024-05-22,1409.00,1413.15,1391.85,1404.95,6739695
2024-05-23,1408.55,1451.00,1406.60,1440.85,6444146
2024-05-24,1441.00,1448.75,1427.85,1441.80,2155290
2024-05-27,1447.85,1475.60,1439.30,1465.10,3253683
2024-05-28,1472.80,1478.80,1449.10,1459.35,2381333
2024-05-29,1453.00,1471.65,1439.25,1460.25,4383563
2024-05-30,1458.00,1477.70,1439.15,1446.80,3415942
2024-05-31,1456.00,1469.90,1446.55,1461.85,3546505
2024-06-03,1514.95,1534.90,1496.40,1529.70,8265525
2024-06-04,1509.95,1521.90,1363.55,1391.50,7911282
2024-06-05,1400.50,1515.80,1372.35,1500.95,11014467
2024-06-06,1500.00,1509.80,1470.90,1481.10,3279775
2024-06-07,1468.55,1498.40,1463.45,1492.10,3964791
2024-06-10,1498.50,1505.80,1480.10,1485.85,2416022
2024-06-11,1485.00,1491.00,1475.20,1481.05,1737873
2024-06-12,1491.00,1492.25,1473.00,1484.25,5419536
2024-06-13,1496.00,1510.00,1481.20,1507.25,2446832
2024-06-14,1510.50,1515.90,1495.95,1502.35,2706742
2024-06-18,1514.00,1516.55,1499.10,1507.90,2811967
2024-06-19,1516.20,1550.00,1513.25,1528.20,11002582
2024-06-20,1536.00,1540.75,1513.00,1527.85,3589441
2024-06-21,1523.00,1537.80,1511.25,1527.15,5249389
2024-06-24,1507.15,1508.90,1478.20,1490.40,4609137
2024-06-25,1494.75,1502.15,1482.20,1495.55,3309896
2024-06-26,1498.00,1521.00,1481.55,1497.90,5605220
2024-06-27,1494.00,1504.95,1485.00,1502.75,5166134
2024-06-28,1491.00,1491.00,1460.50,1464.50,6425323
2024-07-01,1468.95,1469.00,1452.95,1456.90,3166439
2024-07-02,1457.40,1460.45,1420.65,1429.45,4644571
2024-07-03,1438.90,1458.00,1421.90,1455.50,5907225
2024-07-04,1455.45,1457.85,1436.20,1442.85,3010077
2024-07-05,1437.00,1449.70,1426.00,1434.25,4216309
2024-07-08,1428.00,1441.70,1422.80,1438.05,2772277
2024-07-09,1441.00,1449.60,1426.00,1434.25,3126274
2024-07-10,1433.50,1433.50,1415.05,1425.95,3979121
2024-07-11,1427.95,1435.85,1415.70,1429.75,2416195
2024-07-12,1432.00,1450.95,1427.35,1434.55,3340305
2024-07-15,1438.50,1449.00,1433.00,1444.05,4284427
2024-07-16,1445.05,1450.00,1435.75,1445.90,2284985
2024-07-18,1440.70,1460.85,1438.00,1456.90,3634938
2024-07-19,1451.55,1452.00,1429.00,1432.45,2981749
2024-07-22,1428.00,1429.95,1409.60,1423.40,2883674
2024-07-23,1422.50,1427.00,1395.65,1413.20,3054925
2024-07-24,1409.80,1412.50,1386.40,1396.65,5553500
2024-07-25,1389.00,1396.55,1374.00,1379.10,3631639
2024-07-26,1365.00,1409.00,1359.05,1403.90,3607419
2024-07-29,1415.00,1444.95,1406.45,1411.50,5955870
2024-07-30,1411.50,1432.70,1407.20,1429.70,2158067
2024-07-31,1435.00,1435.00,1414.05,1427.80,3926481
2024-08-01,1432.00,1440.00,1416.80,1419.85,4074181
2024-08-02,1413.95,1413.95,1392.70,1404.30,3268026
2024-08-05,1388.00,1396.20,1369.00,1389.45,3532894
2024-08-06,1395.00,1407.30,1376.25,1381.00,2425599
2024-08-07,1391.00,1399.50,1329.20,1345.15,8728852
2024-08-08,1347.95,1355.80,1334.00,1347.30,3669342
2024-08-09,1367.00,1367.00,1338.05,1349.80,5082087
2024-08-12,1349.80,1357.60,1336.65,1350.85,4436342
2024-08-13,1355.00,1371.65,1343.50,1350.60,3905817
2024-08-14,1356.95,1356.95,1335.95,1338.10,4868357
2024-08-16,1347.10,1367.90,1338.55,1364.15,5456176
2024-08-19,1370.05,1375.80,1345.55,1347.60,5895105
2024-08-20,1363.90,1391.65,1357.20,1381.30,5507239
2024-08-21,1380.00,1387.35,1366.40,1384.00,5441231
2024-08-22,1384.05,1395.95,1379.60,1381.90,3510879
2024-08-23,1382.00,1390.30,1373.80,1388.55,2252945
2024-08-26,1395.30,1395.55,1379.80,1384.50,2541300
2024-08-27,1385.90,1387.15,1377.55,1383.20,1167406
2024-08-28,1389.05,1421.95,1382.55,1415.75,6532773
2024-08-29,1414.20,1423.05,1405.25,1417.45,3316387
2024-08-30,1422.15,1430.00,1415.55,1425.25,2792988
2024-09-02,1425.25,1451.25,1425.25,1449.05,4024426
2024-09-03,1450.00,1451.90,1433.90,1436.70,2351018
2024-09-04,1417.00,1439.25,1417.00,1434.40,2919356
2024-09-05,1443.00,1444.00,1418.90,1422.90,3427784
2024-09-06,1426.45,1438.20,1401.50,1409.35,2608515
2024-09-09,1409.35,1431.00,1400.10,1428.10,1802343
2024-09-10,1428.90,1438.50,1420.60,1435.55,2414043
2024-09-11,1435.40,1438.95,1417.80,1421.20,2622902
2024-09-12,1425.15,1446.50,1420.15,1443.35,2437399
2024-09-13,1450.00,1470.95,1442.35,1464.05,2999055
2024-09-16,1469.95,1473.95,1461.10,1470.20,1495683
2024-09-17,1478.00,1483.50,1462.25,1466.35,1866702
2024-09-18,1470.00,1488.75,1461.15,1480.25,3966006
2024-09-19,1494.95,1498.00,1474.90,1484.75,3861906
2024-09-20,1488.00,1491.95,1473.20,1480.20,5335400
2024-09-23,1490.20,1490.85,1453.05,1465.10,4610747
2024-09-24,1470.10,1474.10,1446.00,1448.30,3893140
2024-09-25,1450.00,1456.00,1432.25,1439.50,3012173
2024-09-26,1445.00,1457.30,1437.30,1452.70,3388674
2024-09-27,1457.00,1481.00,1454.00,1462.70,4708951
2024-09-30,1467.00,1474.80,1437.00,1447.60,2888962
2024-10-01,1450.00,1450.30,1404.65,1409.70,3377999
2024-10-03,1404.00,1412.70,1382.05,1387.75,2081630
2024-10-04,1384.05,1410.95,1380.85,1382.85,2178195
2024-10-07,1388.00,1394.05,1338.20,1350.85,3878973
2024-10-08,1357.85,1371.00,1343.55,1359.55,2429248
2024-10-09,1369.00,1371.50,1335.55,1341.55,5269772
2024-10-10,1350.00,1362.00,1344.30,1356.40,1673393
2024-10-11,1360.10,1371.30,1339.00,1347.60,2755874
2024-10-14,1354.60,1371.50,1348.30,1370.45,1381439
2024-10-15,1371.00,1374.45,1349.45,1360.90,2775029
2024-10-16,1355.00,1358.35,1341.10,1346.30,2126519
2024-10-17,1348.00,1354.25,1337.00,1347.35,1353852
2024-10-18,1345.00,1354.95,1331.00,1347.25,3676670
2024-10-21,1352.05,1353.95,1299.60,1308.25,5862686
2024-10-22,1309.10,1312.20,1271.25,1274.35,4183194
2024-10-23,1274.35,1284.90,1266.50,1274.30,4860497
2024-10-24,1276.00,1285.95,1258.15,1280.05,2441333
2024-10-25,1163.00,1166.75,1025.50,1041.60,56935420
2024-10-28,1051.40,1084.65,1031.00,1054.80,11099823
2024-10-29,1058.80,1058.80,1018.10,1038.15,7951124
2024-10-30,1037.65,1069.40,1030.25,1056.40,8907271
2024-10-31,1054.00,1066.90,1044.00,1055.60,4509824
2024-11-01,1061.45,1069.90,1058.55,1062.50,441083
2024-11-04,1067.00,1070.50,1054.10,1063.80,5143749
2024-11-05,1063.70,1092.40,1062.00,1090.10,4840541
2024-11-06,1092.30,1098.60,1068.25,1077.65,7153974
2024-11-07,1086.00,1086.00,1051.00,1056.80,4901367
2024-11-08,1061.45,1061.45,1048.05,1053.80,2107903
2024-11-11,1053.00,1067.50,1040.00,1060.80,4918839
2024-11-12,1061.30,1065.45,1051.55,1059.55,2186055
2024-11-13,1053.80,1067.80,1032.20,1036.70,4850346
2024-11-14,1043.00,1045.00,1015.00,1017.15,2612235
2024-11-18,1015.50,1017.95,1000.05,1004.60,5427908
2024-11-19,1010.50,1032.00,998.10,1000.20,5718490
2024-11-21,1000.40,1003.00,966.40,981.45,6606440
2024-11-22,986.00,1002.45,981.40,998.20,4026863
2024-11-25,1020.00,1022.05,997.05,1003.50,6491357
2024-11-26,1011.70,1017.70,998.10,1009.60,2390208
2024-11-27,1012.00,1012.00,994.50,1001.95,4798242
2024-11-28,1005.95,1013.40,991.35,993.60,4822835
2024-11-29,998.10,999.50,987.30,995.85,4815934
2024-12-02,990.05,993.15,979.00,990.95,4969967
2024-12-03,993.00,1011.50,991.40,998.35,4665094
2024-12-04,1005.00,1005.95,990.50,998.85,4256690
2024-12-05,1006.00,1006.00,990.55,998.20,5254145
2024-12-06,1000.00,1003.05,986.30,990.35,6258019
2024-12-09,992.80,994.00,977.80,982.60,3565285
2024-12-10,983.00,988.40,979.10,984.30,3843321
2024-12-11,985.50,999.90,981.25,984.85,4679888
2024-12-12,986.00,1005.50,986.00,997.95,5771673
2024-12-13,991.00,997.65,965.55,986.65,5674567
2024-12-16,987.90,1007.95,985.55,999.35,3058066
2024-12-17,1002.00,1002.00,972.00,975.65,3294161
2024-12-18,976.80,979.30,960.50,965.20,2958191
2024-12-19,959.00,966.85,948.00,964.40,3665813
2024-12-20,960.00,966.85,926.45,929.45,4466131
2024-12-23,938.95,948.80,930.05,945.70,2502370
2024-12-24,941.00,946.00,929.80,935.30,5603093
2024-12-26,940.00,945.00,928.25,931.95,5262262
2024-12-27,933.05,971.10,933.05,953.40,6300341
2024-12-30,953.30,973.50,948.85,963.50,8165774
2024-12-31,958.00,961.45,949.05,960.15,2295670
2025-01-01,958.60,979.30,953.50,969.40,4024591
2025-01-02,975.50,998.00,968.80,991.35,3956740
2025-01-03,993.00,1025.40,990.65,997.90,5896120
2025-01-06,1004.95,1004.95,963.20,970.05,3370654
2025-01-07,970.15,994.55,970.15,983.60,3581533
2025-01-08,985.90,986.00,967.10,981.05,3781895
2025-01-09,981.05,985.35,970.40,980.90,3134034
2025-01-10,971.75,975.00,933.05,937.60,5611356
2025-01-13,936.90,973.50,934.50,941.70,8752532
2025-01-14,945.10,979.30,945.10,962.10,5735697
2025-01-15,971.25,983.00,954.65,962.45,3633812
2025-01-16,967.00,990.65,967.00,975.35,3948431
2025-01-17,972.85,975.60,959.00,970.95,3066978
2025-01-20,966.20,980.45,948.10,970.70,4485164
2025-01-21,971.55,978.50,958.00,960.45,3369291
2025-01-22,964.45,977.55,949.15,970.95,2639472
2025-01-23,965.95,988.55,962.50,970.95,3359986
2025-01-24,970.85,973.00,948.25,950.80,2938649
2025-01-27,947.00,947.00,923.70,926.45,3907787
2025-01-28,937.35,948.95,925.70,934.15,5708478
2025-01-29,935.70,953.00,931.95,948.30,2571504
2025-01-30,948.30,967.40,946.10,957.05,4509409
2025-01-31,957.55,999.30,953.10,991.20,5365839
2025-02-01,977.00,1023.00,972.40,1009.40,6054296
2025-02-03,994.00,1023.95,990.10,1012.70,3655089
2025-02-04,1022.45,1053.90,1014.70,1047.15,9861468
2025-02-05,1052.40,1078.70,1052.40,1061.20,5000442
2025-02-06,1062.10,1076.75,1058.05,1065.55,3889634
2025-02-07,1061.50,1086.55,1061.50,1079.10,3975043
2025-02-10,1076.00,1082.00,1062.70,1068.00,4457091
2025-02-11,1063.50,1074.90,1047.65,1054.15,4109028
2025-02-12,1060.45,1063.95,1020.25,1039.65,4798340
2025-02-13,1039.50,1056.95,1025.40,1047.25,4539780
2025-02-14,1049.60,1058.10,1018.20,1024.40,4036016
2025-02-17,1024.40,1050.95,1013.10,1048.25,2795714
2025-02-18,1045.00,1051.50,1021.35,1024.10,2620716
2025-02-19,1024.10,1042.05,1015.90,1035.80,2464555
2025-02-20,1029.95,1049.90,1025.60,1047.65,1819683
2025-02-21,1041.55,1055.80,1038.95,1043.75,2589619
2025-02-24,1030.10,1038.75,1021.10,1029.15,3074297
2025-02-25,1028.20,1041.70,1026.35,1034.25,3628538
2025-02-27,1046.90,1063.30,1040.70,1046.70,5951737
2025-02-28,1040.00,1040.65,970.10,990.10,55666745
2025-03-03,978.95,986.30,947.00,984.00,6158061
2025-03-04,978.00,1003.60,966.95,987.60,3271190
2025-03-05,984.25,995.25,970.65,971.85,3944062
2025-03-06,976.00,984.10,962.20,971.70,3928358
2025-03-07,971.00,976.60,932.30,936.75,7737031
2025-03-10,895.00,913.35,881.10,900.50,16014401
2025-03-11,810.45,810.45,649.00,655.95,101075220
2025-03-12,630.00,697.65,606.00,684.70,108682122
2025-03-13,690.00,706.90,667.65,672.35,31592987
2025-03-17,705.00,709.90,675.00,677.40,22353235
2025-03-18,685.95,686.80,670.60,681.45,12117539
2025-03-19,685.00,700.80,682.55,692.70,11120576
2025-03-20,697.50,701.00,681.00,684.10,8918567
2025-03-21,685.00,693.85,672.30,686.90,14265415
2025-03-24,692.00,693.75,665.15,669.45,14649992
2025-03-25,670.20,672.85,633.60,637.05,18615476
2025-03-26,637.40,662.50,637.40,655.30,23506399
2025-03-27,655.30,676.75,640.50,673.55,21589495
2025-03-28,672.00,673.95,643.50,649.85,8807815
2025-04-01,649.00,689.80,646.85,682.70,14019630
2025-04-02,682.70,708.40,675.00,702.45,14993840
2025-04-03,694.95,714.70,693.50,709.40,6972769
2025-04-04,701.00,704.90,675.65,682.00,9627949
2025-04-07,637.00,678.65,637.00,675.90,9382614
2025-04-08,684.90,695.90,673.00,679.65,5639989
2025-04-09,679.65,683.30,670.25,678.55,4243562
2025-04-11,684.95,694.00,675.50,689.50,5019467
2025-04-15,705.00,741.00,693.05,735.90,12452925
2025-04-16,747.00,794.40,733.00,788.25,31252589
2025-04-17,788.25,801.00,777.30,794.70,13986710
2025-04-21,802.00,841.90,798.35,828.20,15639685
2025-04-22,790.00,808.00,775.40,787.50,25698945
2025-04-23,797.45,805.00,782.00,794.20,10657940
2025-04-24,795.00,837.50,793.30,819.75,22577201
2025-04-25,822.00,829.00,807.35,822.35,11724192
2025-04-28,828.00,841.80,821.05,830.55,6929801
2025-04-29,841.95,852.00,828.55,836.95,8769289
2025-04-30,820.00,843.10,810.05,838.40,20241775
2025-05-02,835.00,863.50,833.10,853.00,9074101
2025-05-05,855.00,862.00,840.55,846.75,7875811
2025-05-06,846.75,851.25,821.90,831.80,10040705
2025-05-07,827.00,842.00,816.10,833.80,9432595
2025-05-08,835.00,844.25,816.00,826.80,13290700
2025-05-09,805.50,826.45,805.50,818.20,5074137
2025-05-12,835.00,838.00,786.00,788.50,14573162
2025-05-13,794.00,804.00,769.05,770.10,10848937
2025-05-14,775.00,786.40,764.55,781.35,9164606
2025-05-15,778.00,782.65,757.85,780.50,7350633
2025-05-16,750.00,785.50,750.00,780.20,27168178
2025-05-19,779.90,791.95,770.30,784.05,7193105
2025-05-20,785.00,799.70,780.05,782.25,6637953
2025-05-21,783.00,786.70,761.00,769.95,8134620
2025-05-22,750.00,796.70,725.80,785.00,43477564
2025-05-23,781.10,799.20,777.30,793.40,9260373
2025-05-26,793.35,802.00,790.75,800.10,5381797
2025-05-27,798.60,827.60,798.00,820.70,10346628
2025-05-28,820.50,820.70,802.90,805.15,5308859
2025-05-29,805.15,827.00,803.05,824.15,8791159
2025-05-30,821.10,823.85,811.00,816.95,5630146
2025-06-02,815.00,824.80,809.55,812.70,4094000
2025-06-03,818.45,818.45,798.15,800.85,3241313
2025-06-04,807.80,815.45,803.00,814.35,3877545
2025-06-05,817.00,818.50,800.30,803.20,3366237
2025-06-06,807.00,845.85,805.00,822.85,10916786
2025-06-09,831.25,840.00,821.50,836.65,6894267
2025-06-10,838.00,857.35,836.00,845.05,10162134
2025-06-11,845.25,851.40,834.45,836.30,2359273
2025-06-12,837.00,843.15,826.00,829.90,2742462
2025-06-13,819.00,826.80,813.05,816.85,3164561
2025-06-16,817.05,824.80,810.25,821.25,2286257
2025-06-17,820.00,820.95,806.05,809.15,2343961
2025-06-18,818.05,855.50,815.55,850.50,20826809
2025-06-19,847.00,849.60,835.45,837.50,4363823
2025-06-20,835.50,847.75,829.00,840.25,20961217
2025-06-23,835.20,845.00,826.50,839.90,3191499
2025-06-24,851.00,852.00,823.80,831.95,5482589
2025-06-25,834.00,838.80,828.00,829.80,4946637
2025-06-26,834.90,840.50,824.50,836.10,4451922
2025-06-27,836.00,881.00,831.50,857.70,12647856
2025-06-30,864.75,875.75,857.70,872.10,4353159
2025-07-01,870.10,892.80,866.05,879.10,5729474
2025-07-02,875.50,875.50,847.70,857.65,10183147
2025-07-03,849.00,866.00,845.55,862.40,3855070
2025-07-04,857.10,863.90,849.40,856.25,2658812
2025-07-07,847.00,866.95,845.20,854.45,3295065
2025-07-08,855.00,862.90,848.45,850.30,2344400
2025-07-09,851.75,854.90,839.55,840.75,2406142
2025-07-10,845.00,855.70,840.95,852.85,2560806
2025-07-11,852.00,867.70,849.60,858.85,3849544
2025-07-14,858.80,873.50,857.45,867.60,3605770
2025-07-15,871.00,886.75,869.65,881.00,3532750
2025-07-16,876.00,888.95,876.00,879.75,2863446
2025-07-17,879.75,890.90,862.75,865.10,4185118
2025-07-18,866.00,876.45,861.25,870.05,2622714
2025-07-21,870.05,870.05,830.60,858.80,6765856
2025-07-22,880.00,884.65,841.10,843.20,7686762
2025-07-23,849.00,854.00,841.80,851.15,2623940
2025-07-24,855.25,860.80,845.00,847.90,2006984
2025-07-25,846.40,848.40,821.40,823.70,2805230
2025-07-28,825.00,828.75,798.00,802.05,5922408
2025-07-29,800.00,818.85,790.00,808.20,16766666
2025-07-30,811.00,814.80,795.55,801.90,3218643
2025-07-31,795.60,806.00,789.10,798.90,4480429
2025-08-01,792.50,798.65,779.70,783.70,4739250
2025-08-04,783.00,805.60,781.00,804.05,2980888
2025-08-05,820.00,848.70,810.05,819.15,18982770
2025-08-06,822.00,822.00,795.40,803.35,5249912
2025-08-07,801.85,810.00,789.10,807.35,2553303
2025-08-08,806.60,808.50,779.00,782.45,2490574
2025-08-11,784.50,790.10,777.85,783.25,1629229
2025-08-12,784.05,791.35,780.80,783.05,1462522
2025-08-13,787.00,787.80,766.70,773.45,4114205
2025-08-14,773.45,779.80,765.70,769.75,1859573
2025-08-18,777.50,795.90,777.50,788.65,3029689
2025-08-19,787.25,790.70,780.85,785.50,2807872
2025-08-20,786.45,790.20,777.00,778.20,2332155
2025-08-21,781.00,781.85,766.50,767.45,3324022
2025-08-22,767.45,772.70,758.75,760.10,2483587
2025-08-25,767.95,775.00,761.50,770.85,2790762
2025-08-26,770.85,773.00,754.15,756.40,3306397
2025-08-28,756.40,762.40,744.85,746.60,3085661
2025-08-29,743.00,750.35,738.00,739.50,2538543
2025-09-01,742.40,754.00,741.50,752.85,1436082
2025-09-02,753.00,758.75,747.50,751.20,1330606
2025-09-03,750.00,769.00,749.20,768.10,1933362
2025-09-04,771.80,773.40,752.85,754.85,1401421
2025-09-05,756.35,759.50,750.00,757.05,2873689
2025-09-08,759.50,760.50,746.50,750.75,2330647
2025-09-09,753.65,755.10,745.10,746.15,1347461
2025-09-10,750.20,755.85,746.10,751.25,1350420
2025-09-11,751.50,754.30,747.50,748.60,975314
2025-09-12,753.00,754.35,739.25,740.50,1853165
2025-09-15,741.00,744.40,738.10,739.90,1499071
2025-09-16,740.70,748.95,734.60,742.25,2892657
2025-09-17,745.00,745.90,737.05,739.05,2280605
2025-09-18,742.45,743.00,732.50,735.45,2280312
2025-09-19,738.00,746.95,736.15,744.40,8190278
2025-09-22,744.40,748.30,733.40,734.30,1884250
2025-09-23,735.00,757.00,729.05,755.25,4501893
2025-09-24,755.25,758.95,738.90,740.75,2993982
2025-09-25,740.95,745.60,735.40,740.75,3037406
2025-09-26,742.00,742.65,710.60,712.75,5779485
2025-09-29,717.75,734.85,712.55,723.40,41100690
2025-09-30,730.00,737.70,722.55,735.55,3965781
2025-10-01,732.20,745.45,726.00,743.15,4127017
2025-10-03,743.20,758.95,741.75,747.40,4112610
2025-10-06,742.00,755.60,734.10,739.30,5118797
2025-10-07,742.95,752.40,740.45,749.00,4348518
2025-10-08,747.05,754.10,739.15,740.95,4238626
2025-10-09,744.00,753.30,743.00,749.15,3506978
2025-10-10,749.60,766.75,747.75,763.35,5386722
2025-10-13,758.00,767.95,757.05,759.90,2906803
2025-10-14,758.00,763.05,743.30,750.40,1833516
2025-10-15,752.35,753.00,733.20,740.10,2333738
2025-10-16,742.90,744.85,735.00,739.50,3056360
2025-10-17,740.00,761.00,734.50,751.00,4770012
2025-10-20,743.00,770.65,726.30,759.75,9184006
2025-10-21,761.95,762.90,756.00,758.45,350896
2025-10-23,759.00,766.00,751.80,759.60,5363491
2025-10-24,759.95,759.95,750.85,755.05,2001556
2025-10-27,755.70,772.00,753.15,770.05,3590863
2025-10-28,773.90,801.95,772.45,799.75,8948361
2025-10-29,804.00,810.05,793.80,807.45,4077629
2025-10-30,807.00,810.00,797.25,800.95,4103276
2025-10-31,800.95,806.50,792.00,794.80,3511425
2025-11-03,794.80,803.70,791.15,796.90,2640561
2025-11-04,797.05,799.25,785.10,790.20,3505823
2025-11-06,791.00,797.50,777.35,786.20,2640541
2025-11-07,782.15,801.95,779.10,797.25,2079256
2025-11-10,791.00,807.80,791.00,799.35,1894738
2025-11-11,799.70,828.20,792.80,826.10,7150449
2025-11-12,830.05,873.00,827.00,864.40,11714519
2025-11-13,862.00,892.35,859.05,863.45,9325204
2025-11-14,864.00,872.00,845.85,848.25,4460991
2025-11-17,852.00,861.75,838.50,854.05,4019335
2025-11-18,854.05,858.50,845.05,847.95,1958051
2025-11-19,850.00,850.30,836.30,839.60,2317710
2025-11-20,844.00,844.00,827.50,829.40,5136903
2025-11-21,832.20,856.80,830.55,846.55,7304707
2025-11-24,847.10,857.50,832.55,836.05,5082933
2025-11-25,836.05,844.90,829.05,839.90,3021941
2025-11-26,844.90,858.70,841.00,850.70,2939823
2025-11-27,853.00,863.75,846.55,857.45,3016014
2025-11-28,859.65,863.00,851.50,858.55,2901007
2025-12-01,860.00,862.40,842.65,847.15,3019328
2025-12-02,847.15,860.50,845.40,850.30,2674933
2025-12-03,854.00,856.30,841.35,846.90,2063761
2025-12-04,846.00,873.00,842.90,863.00,4259999
2025-12-05,863.65,874.40,856.10,870.10,3377823
2025-12-08,870.10,873.60,834.50,841.40,2015558
2025-12-09,841.45,848.70,832.15,844.35,3015385
2025-12-10,847.80,851.60,828.15,833.85,2623610
2025-12-11,834.45,842.80,827.50,835.55,2810755
2025-12-12,840.05,851.20,839.00,846.15,3492109
2025-12-15,845.95,853.50,835.40,851.25,2458486
2025-12-16,854.00,856.80,841.85,845.05,2811166
2025-12-17,838.20,846.10,827.80,833.85,3107473
2025-12-18,830.80,842.50,826.00,834.90,1537403
2025-12-19,834.90,847.90,831.00,844.70,7000947
2025-12-22,845.00,862.80,840.90,856.40,2387606
2025-12-23,856.40,859.70,846.20,849.90,1628642
2025-12-24,850.00,858.85,844.20,848.05,1947886
2025-12-26,841.05,858.90,837.10,849.85,4257972
2025-12-29,849.80,854.55,836.60,839.60,1907670
2025-12-30,839.60,844.10,833.25,841.50,4409838
2025-12-31,841.50,869.60,836.55,864.20,2887744
2026-01-01,865.45,891.60,863.50,890.20,4244931
2026-01-02,896.00,909.75,890.25,902.45,6250730
2026-01-05,905.00,910.00,892.50,899.95,2521435
2026-01-06,898.00,924.00,886.50,914.25,8308942
2026-01-07,914.50,924.70,892.85,897.85,2952528
2026-01-08,897.00,902.75,876.10,883.45,3567518
2026-01-09,878.05,892.00,878.05,882.25,2515780
2026-01-12,880.20,907.95,879.10,905.45,4015935
2026-01-13,909.00,913.70,897.50,910.55,3958844
2026-01-14,913.00,948.90,905.00,944.50,11559313
2026-01-16,945.00,960.20,938.05,953.85,10345071
2026-01-19,947.95,961.90,941.45,949.80,5455304
2026-01-20,946.00,948.00,899.05,905.15,6701234
2026-01-21,908.00,919.15,891.45,907.15,3567143
2026-01-22,911.00,916.20,892.90,902.45,2338485
2026-01-23,900.05,914.60,888.25,892.45,5907525
2026-01-27,875.00,897.00,851.15,894.75,8419598
2026-01-28,898.75,903.00,877.65,901.70,2982683
2026-01-29,899.90,904.50,890.70,898.40,4382116
2026-01-30,892.10,902.75,888.20,896.10,2867342
2026-02-01,894.10,906.00,863.30,895.60,2530553
2026-02-02,889.00,914.50,884.35,910.25,3762702
2026-02-03,951.30,959.60,916.35,922.40,9608114
2026-02-04,922.00,932.00,915.80,921.30,2883259
2026-02-05,918.10,922.15,902.30,914.40,2552518
2026-02-06,909.10,917.05,895.00,903.60,2711855
2026-02-09,910.00,936.95,900.35,927.90,6863941
2026-02-10,927.90,933.00,920.00,927.60,2768617
2026-02-11,927.90,928.30,915.00,925.00,2473671
2026-02-12,928.70,937.00,915.00,922.70,3082642
2026-02-13,922.00,929.95,903.35,926.05,2860622
2026-02-16,930.00,933.70,912.15,931.90,2098887
2026-02-17,931.90,952.20,928.20,943.80,6284594
2026-02-18,944.00,950.00,932.80,944.65,3474257
2026-02-19,944.50,944.50,923.20,927.35,2641817
2026-02-20,934.00,947.90,922.65,926.05,6462199
2026-02-23,926.05,934.65,911.95,919.75,4217172
2026-02-24,919.75,934.40,912.00,931.40,3079572
2026-02-25,934.00,941.85,932.10,937.35,1173030
2026-02-26,938.00,968.85,936.30,964.60,8974624
2026-02-27,963.00,968.00,951.20,956.75,3745120
2026-03-02,939.00,955.95,933.20,942.50,1568186
2026-03-04,930.00,942.95,916.70,927.55,2527046
2026-03-05,930.05,947.55,926.95,937.20,1949212
2026-03-06,935.00,942.90,912.05,917.85,1153433
2026-03-09,899.00,900.00,870.55,881.20,3362985
2026-03-10,892.00,904.05,885.00,898.70,4547967
2026-03-11,897.20,907.50,873.15,877.15,2754525
2026-03-12,870.00,870.50,828.00,831.35,7514347
2026-03-13,827.00,833.15,804.80,814.40,5606889
2026-03-16,814.55,830.00,806.20,825.05,3107008
2026-03-17,825.00,825.00,808.00,820.85,3713235
2026-03-18,819.60,847.90,815.60,842.15,4695600
2026-03-19,828.20,831.25,812.95,816.30,5080824
2026-03-20,822.00,837.00,813.10,818.60,7872290
2026-03-23,806.30,809.00,771.90,778.35,7448050
2026-03-24,789.85,802.15,771.70,797.25,6347812
2026-03-25,802.95,834.30,802.95,818.40,3095936
2026-03-27,809.00,816.20,785.30,792.55,6211886
2026-03-30,781.00,784.00,750.50,752.45,7093604
2026-04-01,765.95,793.65,765.95,785.65,4336917
2026-04-02,772.20,784.75,754.00,778.70,2481604
2026-04-06,774.60,788.30,756.40,786.20,2512596
2026-04-07,778.00,787.80,770.30,784.80,1165539
2026-04-08,812.00,840.85,810.00,835.95,3572416
2026-04-09,831.85,834.90,812.00,814.55,2531440
2026-04-10,818.50,835.45,817.80,830.90,1509168
2026-04-13,807.10,822.20,800.70,818.90,1555260
2026-04-15,832.00,850.00,828.15,840.10,3272348
2026-04-16,845.50,857.25,840.90,847.90,3785293
2026-04-17,849.00,857.45,838.55,853.90,1850548
2026-04-20,853.90,856.00,839.50,851.95,2453075
2026-04-21,857.70,865.85,854.85,856.40,975223
2026-04-22,851.00,873.00,851.00,870.10,2253573
2026-04-23,861.70,869.70,854.15,860.35,1561128
2026-04-24,868.00,868.00,839.00,847.95,1453183
2026-04-27,865.20,903.50,865.20,900.15,11254307
2026-04-28,890.15,895.70,882.45,885.55,5748485
2026-04-29,891.00,925.00,891.00,913.75,3485256
2026-04-30,906.00,920.00,895.25,916.05,3438569
2026-05-04,925.25,942.40,911.10,913.90,1973688
2026-05-05,911.10,918.10,903.00,910.70,2006111
2026-05-06,920.40,949.75,917.95,946.75,2901974
2026-05-07,948.25,951.65,934.10,946.95,2007411
2026-05-08,946.00,957.90,940.50,950.75,1604266
2026-05-11,939.00,940.90,918.10,922.30,1584134
2026-05-12,920.00,922.30,890.10,892.85,1374763
2026-05-13,891.00,906.80,890.30,892.50,1428120
2026-05-14,895.00,914.50,886.20,907.90,1862991
2026-05-15,910.00,910.00,881.95,886.40,1437283
2026-05-18,885.75,895.90,870.20,892.15,1421988
2026-05-19,898.50,904.10,888.80,895.25,1303728
2026-05-20,885.55,900.80,881.15,897.15,2947978
2026-05-21,905.50,913.90,892.30,899.95,2144884
2026-05-22,903.00,914.50,902.70,910.15,1165558
2026-05-25,920.15,933.50,920.15,926.10,1193834
2026-05-26,926.20,935.00,921.00,932.30,2323571
2026-05-27,930.50,939.80,928.00,932.30,1088920
2026-05-29,930.60,940.20,910.35,914.35,3160610
2026-06-01,917.75,925.90,896.80,901.15,1597794
2026-06-02,893.30,915.80,890.45,912.50,1756559
2026-06-03,907.10,907.90,884.05,899.95,2302274
2026-06-04,903.70,907.10,895.50,903.20,1798199
2026-06-05,899.00,925.80,896.10,904.80,1890312
2026-06-08,881.00,903.70,881.00,895.05,1864831
2026-06-09,896.05,928.00,896.05,922.80,1694676
2026-06-10,922.85,923.75,881.85,883.95,1993081
2026-06-11,883.85,897.60,881.75,888.95,1768283
2026-06-12,901.45,919.70,889.95,917.35,2663666
2026-06-15,926.00,953.50,923.10,933.20,3037001
2026-06-16,933.00,936.05,922.00,926.00,1602315
2026-06-17,926.00,938.40,920.20,936.20,1193109
2026-06-18,937.00,941.50,932.25,938.75,1007080
2026-06-19,938.50,950.55,931.20,947.45,6521623
2026-06-22,947.00,947.00,913.90,921.05,3031578
2026-06-23,923.00,924.00,902.80,905.45,1163601
2026-06-24,904.05,933.90,900.15,927.60,1793188
2026-06-25,933.00,936.90,915.50,918.95,1469160
2026-06-29,918.95,921.65,908.10,915.40,3346498
2026-06-30,916.45,933.10,916.45,924.20,2515841
2026-07-01,927.05,949.55,927.05,941.60,2290915
2026-07-02,941.60,944.90,931.60,943.50,1177319
2026-07-03,948.00,978.40,942.10,974.35,3819865
2026-07-06,968.00,1012.30,960.00,1009.80,4977371
2026-07-07,1009.70,1038.00,1004.30,1022.25,5804915
2026-07-08,1015.90,1031.30,989.80,994.65,3903183
2026-07-09,995.90,1022.35,995.90,1015.15,1952468
2026-07-10,1019.70,1031.65,1013.70,1015.80,1084109
2026-07-13,1010.00,1018.20,1000.55,1012.90,862018
2026-07-14,1008.90,1009.00,994.10,997.35,767488
2026-07-15,998.40,1022.85,992.00,1009.70,1491258
2026-07-16,1018.00,1019.00,1005.55,1013.50,695548
2026-07-17,1013.80,1031.20,1010.00,1027.20,2257757
2026-07-20,1029.00,1034.65,1017.15,1032.85,1686017
2026-07-21,1037.80,1068.80,1031.45,1063.45,5124543
2026-07-22,1058.00,1077.85,1055.65,1069.30,5069159
2026-07-23,1036.60,1042.20,998.15,1005.50,7505583
2026-07-24,1000.00,1003.45,984.05,996.05,1995292
2026-07-27,1003.00,1015.60,1000.10,1006.65,1979222
2026-07-28,1001.00,1006.00,989.20,991.95,1643112
2026-07-29,995.05,1015.00,993.55,1012.30,1232625
2026-07-30,1012.30,1013.60,999.00,1011.45,1237239
2026-07-31,1011.45,1017.90,996.40,1012.45,2922821
2026-08-03,1019.00,1028.90,1013.30,1028.90,887652
2026-08-04,1028.90,1028.90,1014.60,1026.00,720413
2026-08-05,1025.00,1038.00,1013.10,1019.00,1367377
2026-08-06,1016.00,1033.90,1011.00,1016.20,769423
2026-08-07,1010.30,1024.90,1004.40,1022.00,1727371
2026-08-10,1022.00,1028.00,1012.00,1027.30,1042293
2026-08-11,1023.00,1024.00,1005.00,1008.90,1400560
2026-08-12,1009.00,1022.70,1006.50,1017.50,915131
2026-08-13,1015.00,1024.70,1009.00,1024.70,674807
2026-08-14,1022.50,1026.60,1014.20,1020.80,1034094
2026-08-17,1020.00,1020.00,1002.50,1010.60,1108193
2026-08-18,1007.00,1019.50,1007.00,1015.00,539358
2026-08-19,1011.90,1016.70,1007.60,1016.70,433216
2026-08-20,1013.00,1014.50,1002.00,1008.00,858064
2026-08-21,1007.80,1007.80,997.00,1005.60,1043385
2026-08-24,1005.10,1018.40,1004.50,1018.40,948101
2026-08-25,1014.90,1022.00,1003.60,1015.00,1427222
2026-08-26,1010.50,1018.60,989.40,1004.00,1098699
2026-08-27,1004.00,1005.30,994.50,1002.90,1187891
2026-08-28,997.00,1000.60,987.30,994.00,1026834
2026-08-31,992.00,1016.60,980.30,1016.60,1476566
2026-09-01,1004.00,1004.00,985.00,992.60,1742567
2026-09-02,985.00,987.60,963.30,978.00,2673391
2026-09-03,980.00,1004.80,977.60,1004.80,1959777
2026-09-04,1004.80,1008.60,998.00,1008.50,1321066
2026-09-07,1004.10,1017.90,995.00,998.00,1418742
2026-09-08,991.60,1004.70,988.30,997.70,1055105
2026-09-09,994.00,1010.00,994.00,1004.00,996411
2026-09-10,1001.90,1002.70,986.70,993.30,972483
2026-09-11,988.70,988.70,972.30,978.20,2504608
2026-09-15,978.20,984.50,955.00,956.50,1511601
2026-09-16,957.70,961.10,944.50,946.50,1727406
2026-09-17,946.00,970.70,945.20,958.20,3973540
2026-09-18,963.80,969.30,955.30,966.30,6250679
