Date,Open,High,Low,Close,Volume
2001-12-31,4.30,5.70,4.30,5.20,2400
2002-01-01,4.65,4.65,4.65,4.65,200
2002-01-02,4.60,5.25,4.50,5.05,1500
2002-01-03,4.65,4.65,4.65,4.65,500
2002-01-04,4.65,4.65,4.65,4.65,2300
2002-01-07,5.00,5.00,5.00,5.00,100
2002-01-09,4.65,4.65,4.65,4.65,200
2002-01-11,4.50,4.50,4.50,4.50,400
2002-01-15,4.25,4.90,4.25,4.60,411
2002-01-16,4.50,4.50,4.50,4.50,300
2002-01-17,4.50,4.50,4.25,4.25,3900
2002-01-18,4.50,4.50,4.50,4.50,100
2002-01-21,4.85,4.85,4.85,4.85,2000
2002-01-22,4.65,4.65,4.60,4.60,1000
2002-01-23,5.00,5.00,5.00,5.00,400
2002-01-25,5.00,5.00,5.00,5.00,300
2002-01-29,4.80,5.00,4.80,5.00,501
2002-01-30,5.15,5.20,5.15,5.15,2500
2002-01-31,5.00,5.35,5.00,5.25,1200
2002-02-01,5.25,5.25,5.25,5.25,200
2002-02-04,5.45,5.50,5.40,5.40,4500
2002-02-05,5.50,5.65,5.50,5.65,4536
2002-02-06,5.90,5.90,5.80,5.90,2100
2002-02-07,6.15,6.15,6.00,6.15,2766
2002-02-08,6.00,6.00,5.90,5.90,700
2002-02-11,5.50,6.00,5.50,6.00,1200
2002-02-12,5.70,5.95,5.70,5.90,2604
2002-02-13,6.05,6.10,5.65,5.95,2200
2002-02-14,6.10,6.45,6.00,6.45,15390
2002-02-15,6.80,7.00,6.50,7.00,5000
2002-02-18,7.30,7.30,7.30,7.30,1500
2002-02-19,7.60,7.60,7.60,7.60,5550
2002-02-20,7.70,7.90,7.30,7.30,4110
2002-02-21,7.05,7.30,7.05,7.05,3166
2002-02-22,6.95,6.95,6.80,6.80,3350
2002-02-25,7.00,7.00,6.75,6.95,5085
2002-02-26,7.00,7.00,6.90,6.95,3250
2002-02-27,7.00,7.25,7.00,7.25,3650
2002-02-28,7.55,7.55,7.55,7.55,16200
2002-03-01,7.80,7.85,7.80,7.85,2840
2002-03-04,8.15,8.20,8.15,8.20,3079
2002-03-05,8.55,8.55,8.55,8.55,1321
2002-03-06,8.80,8.90,8.60,8.90,3851
2002-03-07,9.25,9.25,8.55,8.55,9495
2002-03-08,8.85,8.90,8.35,8.60,4785
2002-03-11,9.10,9.10,8.50,8.50,890
2002-03-12,8.05,8.05,7.85,7.85,1819
2002-03-13,7.55,7.55,7.55,7.55,200
2002-03-14,7.25,7.50,7.10,7.30,1200
2002-03-15,7.05,7.75,7.00,7.25,1202
2002-03-18,7.85,7.85,7.85,7.85,2900
2002-03-19,8.10,8.50,7.30,7.30,5595
2002-03-20,7.40,7.90,7.40,7.90,2220
2002-03-21,8.00,8.00,7.70,7.70,4037
2002-03-22,7.75,7.75,7.10,7.10,1845
2002-03-26,7.25,7.25,6.70,7.00,6450
2002-03-27,7.00,7.40,6.60,7.20,3450
2002-03-28,7.80,7.80,6.70,7.10,5251
2002-04-01,6.80,7.40,6.70,6.95,1600
2002-04-02,6.85,6.95,6.85,6.90,700
2002-04-03,7.40,7.40,6.85,7.40,956
2002-04-04,7.65,8.00,7.65,8.00,5900
2002-04-05,8.60,8.60,7.40,7.70,26910
2002-04-08,8.05,8.35,7.85,8.35,8469
2002-04-09,8.05,8.05,8.05,8.05,2000
2002-04-10,7.50,7.50,6.70,6.75,10396
2002-04-11,7.45,8.00,6.75,7.15,18475
2002-04-12,7.05,8.20,7.05,8.00,31528
2002-04-15,7.65,8.10,7.50,7.80,4350
2002-04-16,7.60,7.80,7.50,7.55,8926
2002-04-17,7.50,7.50,7.00,7.25,12160
2002-04-18,7.45,8.20,7.30,7.30,5227
2002-04-19,7.30,7.30,7.10,7.10,4807
2002-04-22,6.70,7.20,6.70,7.05,1565
2002-04-23,7.15,7.65,7.15,7.15,2740
2002-04-24,6.95,7.20,6.95,6.95,1450
2002-04-25,7.00,7.35,7.00,7.05,3375
2002-04-26,7.40,7.95,7.00,7.60,1576
2002-04-29,7.05,7.05,6.60,6.60,5800
2002-04-30,7.30,7.30,7.00,7.15,3014
2002-05-02,7.40,7.95,7.40,7.50,6650
2002-05-03,7.90,7.90,7.50,7.80,4602
2002-05-06,8.00,8.60,7.75,8.25,20891
2002-05-07,8.80,9.30,8.80,9.00,20001
2002-05-08,8.45,10.00,8.40,9.10,22872
2002-05-09,9.75,9.75,9.00,9.05,11450
2002-05-10,9.20,9.55,9.05,9.45,16574
2002-05-13,9.40,10.90,9.40,10.70,43812
2002-05-14,10.50,12.40,10.50,12.10,49948
2002-05-15,12.50,13.90,12.45,12.85,62132
2002-05-16,13.00,13.40,12.85,13.25,40844
2002-05-17,13.50,13.90,12.95,13.20,38795
2002-05-20,13.80,13.90,12.95,13.45,34449
2002-05-21,16.05,16.05,10.85,11.55,42069
2002-05-22,12.00,13.00,11.90,12.05,19512
2002-05-23,12.90,13.70,12.80,12.85,22814
2002-05-24,13.90,15.45,13.65,15.45,65052
2002-05-27,16.20,18.55,15.70,18.55,119099
2002-05-28,19.00,22.30,17.80,18.35,194442
2002-05-29,19.25,20.90,16.50,18.25,95352
2002-05-30,18.95,19.50,17.20,17.50,52184
2002-05-31,17.15,18.50,15.30,17.40,75355
2002-06-03,20.50,20.50,18.05,18.70,92145
2002-06-04,18.70,19.40,18.50,18.90,106448
2002-06-05,20.85,20.90,18.00,18.10,71245
2002-06-06,19.50,19.50,16.05,16.65,56521
2002-06-07,16.60,17.00,15.20,16.15,54341
2002-06-10,18.85,18.85,15.75,16.00,35635
2002-06-11,16.85,16.85,16.00,16.45,38081
2002-06-12,16.65,16.75,15.75,16.00,26374
2002-06-13,17.00,17.80,15.55,15.75,23608
2002-06-14,15.85,16.30,15.55,15.70,22400
2002-06-17,16.40,16.40,15.50,15.95,18365
2002-06-18,15.05,16.00,14.80,15.20,24640
2002-06-19,14.85,15.05,13.60,14.20,37393
2002-06-20,14.40,15.00,14.00,14.60,13845
2002-06-21,14.50,14.90,14.00,14.45,20520
2002-06-24,14.70,14.70,13.05,13.95,16058
2002-06-25,14.00,14.45,13.25,13.85,19314
2002-06-26,14.00,14.00,13.00,13.05,8620
2002-06-27,13.15,13.20,12.35,12.65,17005
2002-06-28,13.00,14.00,12.70,13.40,18470
2002-07-01,13.65,14.75,13.05,14.25,23227
2002-07-02,14.75,15.10,14.20,14.90,39744
2002-07-03,15.25,15.60,14.50,15.20,36690
2002-07-04,15.50,16.45,15.50,15.85,39756
2002-07-05,16.50,16.50,15.05,15.55,31460
2002-07-08,15.65,15.65,14.90,15.05,35183
2002-07-09,15.20,15.20,14.50,14.60,19531
2002-07-10,14.55,15.00,13.75,13.90,22570
2002-07-11,14.25,14.25,13.45,13.90,24457
2002-07-12,13.90,14.05,13.60,13.90,8500
2002-07-15,13.50,13.80,12.25,13.00,7328
2002-07-16,12.60,13.45,12.50,13.05,7735
2002-07-17,12.90,12.95,12.30,12.40,13076
2002-07-18,12.00,13.00,11.10,12.15,19170
2002-07-19,12.85,14.60,12.85,13.35,56387
2002-07-22,14.40,14.95,12.40,12.65,11829
2002-07-23,13.00,13.40,12.50,12.90,11604
2002-07-24,13.50,14.75,12.70,12.85,18356
2002-07-25,13.00,13.00,12.50,12.60,13599
2002-07-26,12.60,12.60,11.55,11.65,7940
2002-07-29,11.50,11.50,10.10,10.45,18900
2002-07-30,10.75,11.00,10.35,10.55,20950
2002-07-31,10.20,10.90,10.00,10.65,6900
2002-08-01,10.70,10.90,10.50,10.65,9487
2002-08-02,10.75,10.75,10.00,10.05,10606
2002-08-05,10.20,10.65,10.00,10.50,6355
2002-08-06,10.80,10.90,10.10,10.75,6871
2002-08-07,10.75,11.15,10.60,10.90,7635
2002-08-08,10.85,11.00,10.40,10.75,15200
2002-08-09,11.25,11.25,10.30,10.50,4815
2002-08-12,10.85,10.85,10.40,10.40,1801
2002-08-13,11.00,11.00,10.50,10.70,2551
2002-08-14,11.00,11.00,10.30,10.45,4151
2002-08-16,10.25,10.60,10.20,10.60,4201
2002-08-19,10.80,10.80,10.40,10.40,976
2002-08-20,10.70,10.70,10.00,10.35,2100
2002-08-21,9.50,10.60,9.30,10.05,7858
2002-08-22,9.80,10.25,9.80,9.80,2500
2002-08-23,9.90,10.00,9.80,9.95,2302
2002-08-26,9.50,9.75,9.35,9.70,1201
2002-08-27,9.75,9.75,9.60,9.60,2858
2002-08-28,9.75,9.75,8.80,8.85,5365
2002-08-29,8.50,9.00,8.40,9.00,10368
2002-08-30,10.75,10.75,8.60,9.00,17974
2002-09-02,10.40,10.40,8.85,9.50,13829
2002-09-03,9.00,9.50,8.85,9.10,3111
2002-09-04,8.65,9.85,8.65,9.15,12804
2002-09-05,9.95,9.95,9.40,9.45,6253
2002-09-06,9.55,9.55,8.35,9.00,3934
2002-09-09,8.50,8.80,7.50,7.90,18699
2002-09-11,9.00,9.00,8.15,8.40,14102
2002-09-12,8.00,8.45,7.75,8.15,13900
2002-09-13,8.90,9.80,8.60,9.60,45127
2002-09-16,10.85,11.30,10.00,10.00,45588
2002-09-17,9.50,9.50,9.00,9.15,4876
2002-09-18,9.40,10.40,9.20,9.70,6884
2002-09-19,10.60,10.60,8.90,9.10,10906
2002-09-20,9.20,9.80,9.20,9.25,5923
2002-09-23,8.85,8.90,8.50,8.55,9420
2002-09-24,8.50,8.80,8.50,8.50,3060
2002-09-25,8.50,8.50,8.20,8.25,4266
2002-09-26,8.50,8.70,8.25,8.50,2154
2002-09-27,8.25,8.50,8.00,8.30,1600
2002-09-30,8.70,9.00,8.15,8.40,5015
2002-10-01,8.00,8.15,7.80,8.10,4335
2002-10-03,8.20,8.50,8.15,8.20,2840
2002-10-04,8.15,8.45,8.05,8.10,7110
2002-10-07,8.80,9.75,8.60,9.75,20824
2002-10-08,10.45,11.30,9.80,9.85,56093
2002-10-09,11.00,11.00,9.10,9.55,24269
2002-10-10,9.55,10.10,9.20,9.75,13352
2002-10-11,7.85,10.10,7.85,9.80,3469
2002-10-14,8.00,10.05,8.00,9.50,17832
2002-10-16,9.00,9.10,8.50,8.60,16654
2002-10-17,8.60,9.20,8.60,9.10,12169
2002-10-18,8.95,9.20,8.95,9.10,3050
2002-10-21,9.20,9.20,9.00,9.00,300
2002-10-22,8.95,9.20,8.90,9.00,1134
2002-10-23,8.90,9.10,8.75,9.00,1800
2002-10-24,8.65,8.85,8.60,8.85,5150
2002-10-25,9.20,9.20,8.15,8.40,4149
2002-10-28,8.40,8.80,8.40,8.80,401
2002-10-29,9.00,9.00,8.60,8.80,2675
2002-10-30,8.85,9.00,8.75,8.80,3789
2002-10-31,8.55,8.90,8.50,8.50,4702
2002-11-01,8.50,8.75,8.50,8.70,3300
2002-11-04,9.00,9.00,8.95,9.00,700
2002-11-05,9.00,9.05,8.75,8.75,1495
2002-11-07,8.60,8.75,8.40,8.45,3400
2002-11-08,8.90,9.45,8.55,8.75,13152
2002-11-11,9.10,9.10,8.55,8.85,6761
2002-11-12,9.05,9.05,8.75,8.85,4725
2002-11-13,9.00,9.05,8.85,9.00,5445
2002-11-14,9.10,9.10,8.85,8.90,3907
2002-11-15,8.70,9.25,8.65,9.25,11880
2002-11-18,8.90,8.90,8.90,8.90,500
2002-11-20,8.70,8.95,8.60,8.75,8136
2002-11-21,8.75,8.85,8.60,8.85,4425
2002-11-22,8.75,8.90,8.60,8.60,5501
2002-11-25,8.05,9.40,8.05,9.10,12856
2002-11-26,8.75,9.10,8.75,8.95,10700
2002-11-27,8.80,8.95,8.75,8.80,3300
2002-11-28,8.60,8.90,8.60,8.70,4650
2002-11-29,8.80,8.85,7.00,8.60,16198
2003-01-01,10.90,11.40,10.80,11.00,72772
2003-01-02,11.10,11.25,10.25,10.40,37528
2003-01-03,10.85,10.85,10.25,10.35,16171
2003-01-06,11.10,11.25,10.00,10.20,23815
2003-01-07,10.40,10.60,9.90,10.05,17015
2003-01-08,10.10,10.40,9.90,10.05,14026
2003-01-09,10.20,10.35,10.05,10.10,7006
2003-01-10,10.00,10.05,9.90,10.00,7475
2003-01-13,10.50,10.50,9.75,9.80,19038
2003-01-14,9.50,11.50,9.50,10.70,41176
2003-01-15,11.25,11.25,10.25,10.40,23412
2003-01-16,10.30,10.60,10.30,10.55,8200
2003-01-17,10.50,10.90,10.30,10.55,14733
2003-01-20,11.05,11.05,10.50,10.65,16148
2003-01-21,11.00,11.00,10.50,10.50,24594
2003-01-22,10.75,11.00,10.55,10.65,26000
2003-01-23,10.50,10.50,10.00,10.05,9233
2003-01-24,9.90,10.25,9.70,9.70,8097
2003-01-27,10.50,10.50,9.70,9.70,8551
2003-01-28,9.90,10.40,9.80,10.00,14205
2003-01-29,10.00,10.35,9.70,10.00,10335
2003-01-30,9.80,10.30,9.80,9.90,3704
2003-01-31,9.80,10.00,9.05,9.40,9320
2003-02-03,9.60,9.60,9.20,9.50,6661
2003-02-04,9.95,10.50,9.85,10.10,25832
2003-02-05,10.60,10.60,9.95,10.05,10013
2003-02-06,10.45,10.45,9.65,10.00,6947
2003-02-07,10.45,10.45,9.95,9.95,4318
2003-02-10,9.85,10.20,9.85,10.00,18331
2003-02-11,10.00,10.05,9.90,9.95,22074
2003-02-12,9.55,9.80,9.50,9.65,6722
2003-02-14,9.45,9.50,9.30,9.45,7299
2003-02-17,9.55,9.90,9.20,9.35,13484
2003-02-18,9.95,9.95,9.30,9.55,4800
2003-02-19,9.50,9.80,9.40,9.75,3059
2003-02-20,9.25,9.70,9.25,9.30,5176
2003-02-21,9.30,9.30,9.10,9.25,4700
2003-02-24,9.25,9.25,8.85,9.00,5440
2003-02-25,9.05,9.25,8.85,8.95,2839
2003-02-26,8.90,9.00,8.80,8.85,3030
2003-02-27,8.95,8.95,8.15,8.45,15392
2003-02-28,8.90,9.30,8.60,8.75,8750
2003-03-03,9.80,9.80,8.20,8.80,13150
2003-03-04,8.80,8.80,8.50,8.50,4850
2003-03-05,8.30,8.60,8.00,8.10,10100
2003-03-06,8.10,8.40,8.10,8.20,210
2003-03-07,8.50,8.50,7.85,8.10,4750
2003-03-10,8.20,8.20,7.55,7.75,6500
2003-03-11,7.75,7.85,7.55,7.55,11100
2003-03-12,8.15,8.35,7.80,7.90,11629
2003-03-13,8.30,8.30,7.75,7.85,8397
2003-03-17,7.50,8.00,7.50,7.95,8500
2003-03-19,7.60,8.15,7.60,8.00,3610
2003-03-20,8.10,8.50,8.10,8.20,7046
2003-03-21,8.40,8.50,8.15,8.40,3749
2003-03-24,8.05,8.10,8.00,8.00,11362
2003-03-25,7.70,8.05,7.70,8.00,8713
2003-03-26,7.70,8.05,7.70,7.85,4570
2003-03-27,8.00,8.00,7.75,7.75,2156
2003-03-28,7.75,7.80,7.75,7.80,1525
2003-03-31,7.65,7.80,7.50,7.50,15126
2003-04-01,7.55,7.70,7.50,7.70,3300
2003-04-02,7.90,7.90,7.90,7.90,500
2003-04-03,7.95,7.95,7.90,7.90,1900
2003-04-04,8.00,8.45,7.95,8.10,3969
2003-04-07,8.00,8.60,8.00,8.30,5957
2003-04-08,8.05,8.80,8.05,8.30,2730
2003-04-09,8.25,9.50,8.25,8.70,12469
2003-04-10,8.75,8.90,8.00,8.00,4216
2003-04-11,8.90,8.90,8.05,8.20,6997
2003-04-15,8.50,8.50,8.20,8.30,1203
2003-04-16,8.45,8.75,8.30,8.40,5704
2003-04-17,8.25,8.40,8.25,8.30,2147
2003-04-21,8.25,9.40,8.25,9.00,22574
2003-04-22,9.40,9.45,8.75,8.85,28928
2003-04-23,8.70,8.75,8.60,8.65,5098
2003-04-24,8.75,8.75,8.50,8.60,2700
2003-04-25,8.05,8.15,7.75,8.05,10922
2003-04-28,8.00,8.35,7.95,8.30,8050
2003-04-29,8.10,8.40,8.10,8.35,4500
2003-04-30,8.45,8.45,8.10,8.30,8426
2003-05-02,8.10,8.40,8.10,8.35,11160
2003-05-05,8.25,8.40,8.10,8.30,14275
2003-05-06,8.15,8.90,8.15,8.65,21570
2003-05-07,7.30,8.85,7.30,8.75,4060
2003-05-08,8.25,9.00,8.25,8.70,4708
2003-05-09,8.50,8.80,8.05,8.15,17353
2003-05-12,8.00,8.30,8.00,8.05,13570
2003-05-13,8.30,8.30,8.10,8.10,1550
2003-05-14,8.25,8.60,8.00,8.30,13803
2003-05-15,8.10,9.10,8.10,8.95,24051
2003-05-16,9.40,10.70,9.15,9.75,58275
2003-05-19,9.10,10.30,9.10,9.50,35686
2003-05-20,9.45,10.35,9.20,10.05,106012
2003-05-21,12.05,12.05,9.90,10.80,68260
2003-05-22,11.85,12.85,11.25,12.00,170229
2003-05-23,12.45,13.80,12.10,13.15,128237
2003-05-26,13.80,15.30,13.60,15.20,194719
2003-05-27,15.10,15.55,14.25,14.85,173164
2003-05-28,15.50,16.35,14.40,16.35,285050
2003-05-29,17.00,18.00,16.25,18.00,448677
2003-05-30,19.20,19.80,18.90,19.75,880309
2003-06-02,20.70,20.75,17.80,17.80,371154
2003-06-03,18.00,18.00,16.05,17.45,327780
2003-06-04,17.00,18.35,17.00,17.85,198545
2003-06-05,18.00,18.50,17.05,17.50,248834
2003-06-06,17.40,18.40,17.15,17.25,84229
2003-06-09,18.10,18.50,17.65,17.95,160813
2003-06-10,18.30,19.75,17.95,19.75,549871
2003-06-11,21.70,21.75,18.80,19.00,571433
2003-06-12,19.50,19.75,17.75,18.05,302835
2003-06-13,18.35,19.00,17.80,18.05,317134
2003-06-16,17.80,18.45,17.80,17.95,262000
2003-06-17,18.05,18.20,17.50,17.70,159741
2003-06-18,19.00,19.00,17.50,17.70,84929
2003-06-19,18.00,18.20,17.40,17.40,67237
2003-06-20,17.55,18.35,17.40,17.55,188663
2003-06-23,18.50,18.75,17.65,17.80,172230
2003-06-24,17.50,18.70,17.50,17.95,457879
2003-06-25,18.40,18.75,18.05,18.15,241112
2003-06-26,20.00,20.00,18.50,19.30,494605
2003-06-27,19.55,20.60,19.35,19.75,510650
2003-06-30,20.40,21.75,20.40,21.75,889658
2003-07-01,21.75,22.90,20.10,20.45,684880
2003-07-02,20.50,21.10,20.40,20.90,320809
2003-07-03,21.45,21.70,20.55,20.70,208372
2003-07-04,21.45,21.50,20.60,20.85,167691
2003-07-07,21.45,21.45,20.75,20.90,147627
2003-07-08,21.00,21.50,20.40,20.60,166931
2003-07-09,20.50,20.55,19.00,19.55,92512
2003-07-10,20.00,20.25,19.10,19.25,57895
2003-07-11,19.40,19.45,18.55,18.75,50622
2003-07-14,20.60,20.65,20.55,20.65,44100
2003-07-15,21.85,22.75,20.65,20.85,486358
2003-07-16,20.60,22.95,20.00,22.90,796145
2003-07-17,24.85,24.85,21.15,21.40,631357
2003-07-18,21.25,22.20,21.25,21.55,248528
2003-07-21,21.95,21.95,20.00,20.05,153006
2003-07-22,19.15,20.45,19.15,19.75,71380
2003-07-23,19.70,20.30,19.35,19.65,121241
2003-07-24,19.55,19.90,18.70,18.90,71892
2003-07-25,19.20,20.00,19.10,19.35,76182
2003-07-28,19.90,20.20,18.75,18.85,98220
2003-07-29,18.90,19.50,18.80,19.05,77836
2003-07-30,18.80,19.40,18.80,18.90,50541
2003-07-31,19.00,19.50,18.25,18.45,93448
2003-08-01,18.75,20.30,18.65,19.75,425001
2003-08-04,19.90,21.70,19.90,21.35,603692
2003-08-05,21.70,21.80,20.10,20.40,228331
2003-08-06,21.25,22.40,21.00,21.20,524536
2003-08-07,22.20,23.35,22.00,23.35,1321326
2003-08-08,24.60,25.70,23.90,25.70,1304895
2003-08-11,26.75,28.30,26.25,28.30,978619
2003-08-12,29.85,31.15,28.75,30.05,1264159
2003-08-13,30.55,32.50,28.00,29.20,873369
2003-08-14,30.10,30.35,27.60,27.95,599719
2003-08-18,28.75,29.05,27.70,27.90,433279
2003-08-19,28.25,30.10,27.50,27.75,538388
2003-08-20,28.00,28.00,27.00,27.25,202342
2003-08-21,27.90,27.90,26.10,26.65,199767
2003-08-22,27.00,28.10,26.30,27.05,353753
2003-08-25,28.20,28.20,25.10,25.50,331197
2003-08-26,26.00,26.95,25.75,26.50,261415
2003-08-27,26.75,26.80,26.30,26.45,155556
2003-08-28,26.70,27.00,26.25,26.50,164417
2003-08-29,26.35,27.50,26.25,26.55,218517
2003-09-01,28.50,29.00,26.45,26.85,262596
2003-09-02,27.50,27.90,26.30,26.50,166865
2003-09-03,29.15,29.15,29.15,29.15,343714
2003-09-04,29.15,32.10,29.15,32.10,1336187
2003-09-05,33.65,33.90,29.65,30.15,925472
2003-09-08,31.00,31.30,30.10,30.35,372707
2003-09-09,30.65,30.65,28.35,29.15,237378
2003-09-10,27.80,29.40,27.80,28.50,223248
2003-09-11,28.50,28.50,26.05,26.95,275707
2003-09-12,28.20,28.20,26.30,26.40,183233
2003-09-15,25.00,25.00,23.80,23.90,343124
2003-09-16,23.00,24.00,21.80,22.85,316937
2003-09-17,21.50,23.00,21.00,22.10,340472
2003-09-18,23.00,23.00,21.55,22.15,139374
2003-09-19,22.60,23.00,21.60,22.75,136531
2003-09-22,22.90,23.00,21.80,22.10,86394
2003-09-23,21.15,22.05,21.10,21.45,151323
2003-09-24,21.30,23.60,21.30,23.60,153806
2003-09-25,25.00,25.00,23.00,23.35,322146
2003-09-26,23.00,23.00,21.30,22.50,165672
2003-09-29,23.50,24.00,23.00,23.60,159218
2003-09-30,23.90,23.95,22.90,23.05,90119
2003-10-01,23.25,23.75,23.00,23.10,52207
2003-10-03,23.40,23.60,23.15,23.25,55680
2003-10-06,23.30,24.80,23.30,24.40,146690
2003-10-07,26.00,26.00,24.20,24.55,113852
2003-10-08,24.00,24.95,23.50,23.70,57886
2003-10-09,24.10,24.40,23.30,23.50,100503
2003-10-10,23.90,24.05,23.50,23.65,49276
2003-10-13,23.65,23.65,22.10,22.60,83544
2003-10-14,22.50,23.25,22.10,22.60,81731
2003-10-15,22.65,23.00,21.00,22.00,173365
2003-10-16,22.30,22.65,21.00,21.20,108666
2003-10-17,21.30,21.30,19.10,20.25,171666
2003-10-20,21.35,21.50,19.75,20.05,153942
2003-10-21,20.05,20.40,19.10,19.25,81478
2003-10-22,19.60,20.00,19.10,19.15,73946
2003-10-23,19.35,19.35,18.00,18.85,84691
2003-10-24,19.00,19.30,18.65,19.00,56522
2003-10-27,18.65,19.35,18.65,18.85,39326
2003-10-28,18.65,19.00,18.10,18.30,77144
2003-10-29,18.50,18.50,17.40,17.55,66842
2003-10-30,17.55,17.55,17.10,17.15,51492
2003-10-31,17.50,18.90,16.00,18.85,273537
2003-11-03,20.00,20.00,18.05,18.30,108275
2003-11-04,18.60,18.80,17.55,17.80,70005
2003-11-05,18.00,18.10,17.30,17.65,41795
2003-11-06,17.90,18.65,17.80,18.05,100149
2003-11-07,18.45,19.50,18.15,18.90,160094
2003-11-10,19.00,20.50,19.00,20.25,64484
2003-11-11,20.65,21.20,20.40,20.75,135595
2003-11-12,21.00,21.45,20.00,20.30,81914
2003-11-13,20.50,20.60,19.25,19.50,50465
2003-11-14,19.10,19.10,18.50,18.50,72685
2003-11-17,19.00,20.00,18.50,19.80,100752
2003-11-18,20.00,20.90,20.00,20.20,87916
2003-11-19,19.80,20.40,19.40,19.55,41263
2003-11-20,19.30,19.75,18.50,18.65,71728
2003-11-21,18.50,18.95,18.35,18.50,41182
2003-11-24,18.95,19.20,18.60,18.75,26760
2003-11-25,19.00,19.00,18.40,18.55,69626
2003-11-27,18.75,19.25,18.75,19.00,84378
2003-11-28,19.30,19.60,18.90,19.15,96352
2003-12-01,19.15,19.40,18.50,18.70,117846
2003-12-02,19.25,19.25,18.00,18.15,146706
2003-12-03,19.25,19.25,17.90,18.00,193219
2003-12-04,18.50,19.20,18.20,18.85,307946
2003-12-05,19.45,20.00,19.00,19.10,454971
2003-12-08,19.35,20.40,19.30,19.50,256044
2003-12-09,20.40,20.60,19.50,19.65,233854
2003-12-10,19.95,20.00,19.30,19.40,178040
2003-12-11,19.80,21.35,19.60,21.35,753284
2003-12-12,22.80,22.80,20.75,21.15,570762
2003-12-15,21.40,21.75,20.75,20.85,254602
2003-12-16,20.40,20.75,19.70,19.90,175498
2003-12-17,20.00,20.45,19.40,19.50,199974
2003-12-18,19.60,20.55,19.10,19.95,247679
2003-12-19,20.40,21.70,19.70,21.10,649096
2003-12-22,21.40,22.15,21.00,21.30,678058
2003-12-23,21.30,22.00,20.80,20.95,279050
2003-12-24,21.30,22.30,20.50,21.20,645981
2003-12-26,21.05,21.60,20.85,20.95,361992
2003-12-29,21.40,21.50,20.85,21.00,332766
2003-12-30,21.40,21.40,20.20,20.45,338529
2003-12-31,20.75,20.80,19.80,19.90,177925
2004-01-01,20.10,20.65,20.00,20.20,197632
2004-01-02,21.00,22.25,20.25,21.50,1103786
2004-01-05,22.25,23.65,21.85,23.40,2533135
2004-01-06,24.90,25.75,24.00,24.80,2241471
2004-01-07,25.10,25.10,23.35,23.80,920240
2004-01-08,25.80,25.80,24.15,24.80,857438
2004-01-09,25.60,25.60,23.60,23.85,567028
2004-01-12,23.90,23.90,21.75,22.15,454990
2004-01-13,21.70,22.40,21.05,21.70,258611
2004-01-14,22.25,23.55,22.00,22.55,385191
2004-01-15,22.60,23.05,22.00,22.40,277342
2004-01-16,22.50,22.50,21.00,21.20,177484
2004-01-19,20.60,21.60,20.05,20.70,146484
2004-01-20,21.50,21.50,20.25,20.45,134258
2004-01-21,20.00,20.70,18.40,18.45,235544
2004-01-22,18.70,19.30,17.10,17.60,226726
2004-01-23,18.00,19.25,17.50,19.05,190443
2004-01-27,19.75,20.85,19.00,19.30,154204
2004-01-28,19.80,20.00,18.65,18.75,198588
2004-01-29,19.00,19.20,18.60,18.70,140888
2004-01-30,19.20,19.20,17.80,17.95,99543
2004-02-03,17.65,18.50,16.15,16.40,162353
2004-02-04,15.50,17.20,15.50,16.90,119747
2004-02-05,17.40,18.05,17.10,17.25,188069
2004-02-06,17.50,17.80,16.85,17.20,61058
2004-02-09,17.00,17.95,17.00,17.35,135928
2004-02-10,17.20,17.50,17.05,17.15,96629
2004-02-11,17.25,17.40,17.10,17.30,41598
2004-02-12,18.00,18.00,17.25,17.45,65574
2004-02-13,17.85,17.85,17.20,17.35,112736
2004-02-16,17.70,17.75,17.40,17.60,69621
2004-02-17,17.60,17.60,17.40,17.50,29692
2004-02-18,17.15,17.95,17.10,17.20,95086
2004-02-19,17.20,17.25,16.75,16.85,81816
2004-02-20,16.80,17.00,16.10,16.60,93608
2004-02-23,16.85,16.85,16.10,16.20,47585
2004-02-24,15.55,16.40,15.55,16.10,29322
2004-02-25,16.00,16.25,15.80,15.95,57858
2004-02-26,16.15,16.30,15.85,16.00,75101
2004-02-27,16.00,16.10,15.70,15.90,112003
2004-03-01,15.80,16.00,15.35,15.40,47574
2004-03-03,15.50,15.75,15.05,15.15,67826
2004-03-04,15.10,15.30,14.95,15.15,45050
2004-03-05,14.90,15.85,14.85,15.75,135339
2004-03-08,15.85,17.00,15.85,16.25,79342
2004-03-09,16.25,16.60,15.70,16.40,54495
2004-03-10,16.10,16.70,16.05,16.35,84227
2004-03-11,16.35,16.50,15.85,16.00,58888
2004-03-12,16.30,16.30,15.60,15.90,34199
2004-03-15,15.80,16.15,15.15,15.35,74000
2004-03-16,15.25,15.25,14.70,15.00,102764
2004-03-17,15.00,15.10,14.75,14.85,44633
2004-03-18,15.10,15.25,14.45,14.50,53159
2004-03-19,14.25,14.60,14.00,14.35,68645
2004-03-22,14.15,14.15,13.50,13.65,52602
2004-03-23,14.40,14.40,12.60,13.15,102671
2004-03-24,13.00,13.05,12.40,12.80,133438
2004-03-25,13.00,13.60,13.00,13.25,88538
2004-03-26,13.00,14.15,13.00,13.80,80927
2004-03-29,13.95,14.50,13.85,14.15,97156
2004-03-30,14.15,14.45,14.00,14.15,133322
2004-03-31,14.00,14.55,13.80,14.15,115716
2004-04-01,14.80,15.25,14.40,14.95,84312
2004-04-02,15.00,15.25,14.40,14.95,98936
2004-04-05,15.45,16.35,15.00,15.60,143386
2004-04-06,15.50,15.60,15.10,15.30,45885
2004-04-07,14.80,15.60,14.80,15.35,18982
2004-04-08,15.75,15.75,14.60,14.80,83313
2004-04-12,14.55,15.20,14.55,14.65,92225
2004-04-13,15.00,15.20,14.55,15.05,27505
2004-04-15,15.40,15.90,14.85,15.40,71264
2004-04-16,15.75,17.40,15.75,16.60,323857
2004-04-19,18.00,18.15,16.70,17.25,245355
2004-04-20,17.30,17.30,16.60,16.75,76826
2004-04-21,16.50,17.50,16.50,17.15,122944
2004-04-22,17.30,17.50,17.10,17.20,89697
2004-04-23,17.15,17.50,17.15,17.30,75173
2004-04-27,16.45,16.45,15.00,15.60,163751
2004-04-28,16.20,16.25,15.50,15.85,82627
2004-04-29,16.50,16.50,16.00,16.05,35312
2004-04-30,15.80,16.85,15.80,16.05,90666
2004-05-03,15.20,15.95,15.00,15.05,64639
2004-05-04,13.80,16.15,13.80,16.00,83412
2004-05-05,16.05,16.40,16.00,16.05,49287
2004-05-06,16.75,17.05,16.30,16.80,113483
2004-05-07,16.50,18.10,16.50,17.25,171102
2004-05-10,17.00,17.20,16.55,16.85,72595
2004-05-11,16.25,16.25,15.50,15.55,51261
2004-05-12,15.50,16.50,15.40,16.30,73667
2004-05-13,15.00,15.75,14.50,15.00,214665
2004-05-14,15.10,15.30,12.20,12.70,194756
2004-05-17,12.05,12.05,10.20,10.30,115418
2004-05-18,10.20,12.40,10.20,12.40,97166
2004-05-19,13.75,14.60,13.35,14.45,213028
2004-05-20,15.50,17.00,14.50,15.15,203383
2004-05-21,15.40,15.40,14.25,14.75,122129
2004-05-24,15.45,15.95,15.15,15.25,109492
2004-05-25,15.40,18.25,14.50,17.15,699375
2004-05-26,17.90,18.55,17.25,17.50,424048
2004-05-27,17.60,17.75,17.00,17.15,145677
2004-05-28,16.90,17.00,15.30,15.55,179345
2004-05-31,15.50,16.25,12.45,15.20,162168
2004-06-01,15.50,16.00,14.60,14.95,99930
2004-06-02,15.00,15.40,14.75,14.90,42673
2004-06-03,15.10,15.30,14.55,14.65,38428
2004-06-04,13.85,14.90,13.85,14.30,42796
2004-06-07,14.75,14.80,14.10,14.25,57491
2004-06-08,14.25,14.50,14.00,14.15,30744
2004-06-09,14.25,14.50,13.75,13.85,46351
2004-06-10,13.80,14.80,13.40,14.15,105940
2004-06-11,14.45,14.45,13.60,13.70,51177
2004-06-14,13.20,13.55,13.00,13.25,51364
2004-06-15,13.50,13.95,13.40,13.65,31414
2004-06-16,13.80,14.00,13.45,13.55,24702
2004-06-17,13.50,13.50,13.30,13.35,16894
2004-06-18,13.40,13.40,13.10,13.20,19690
2004-06-21,13.45,13.70,13.15,13.15,37125
2004-06-22,13.15,13.15,12.75,12.90,40503
2004-06-23,12.90,13.00,12.50,12.50,34946
2004-06-24,12.10,12.50,11.15,11.70,63860
2004-06-25,11.80,13.45,11.50,12.85,59263
2004-06-28,13.50,13.70,13.00,13.35,39183
2004-06-29,15.20,15.20,13.00,13.25,53118
2004-06-30,14.50,14.50,13.30,13.45,70907
2004-07-01,13.50,14.40,13.50,14.00,136742
2004-07-02,14.50,14.65,13.75,14.30,144813
2004-07-05,14.85,14.85,14.15,14.30,84343
2004-07-06,14.75,14.75,14.20,14.30,55472
2004-07-07,15.50,15.50,14.10,14.70,112265
2004-07-08,14.00,16.35,13.70,14.05,477910
2004-07-09,14.00,14.40,13.00,13.95,72958
2004-07-12,14.40,14.40,13.45,13.60,32250
2004-07-13,13.95,14.85,13.50,13.55,54806
2004-07-14,13.75,13.75,12.70,13.30,29454
2004-07-15,13.90,13.90,13.10,13.40,40416
2004-07-16,13.95,14.40,13.20,14.05,109399
2004-07-19,16.30,16.30,14.10,14.35,63351
2004-07-20,13.40,14.15,13.40,13.80,43584
2004-07-21,14.20,14.20,13.50,13.70,37235
2004-07-22,14.00,14.05,13.50,13.60,34375
2004-07-23,13.25,13.75,13.25,13.45,34993
2004-07-26,13.40,13.55,13.00,13.15,73139
2004-07-27,13.30,13.60,12.80,13.00,26204
2004-07-28,13.40,13.40,12.80,12.95,24852
2004-07-29,12.65,13.50,12.65,13.40,66280
2004-07-30,13.65,13.85,13.05,13.10,67188
2004-08-02,13.85,13.90,13.20,13.65,84816
2004-08-03,13.65,13.75,13.30,13.40,64192
2004-08-04,13.45,13.65,13.25,13.25,38661
2004-08-05,13.15,13.40,13.15,13.20,74636
2004-08-06,13.05,13.50,13.05,13.15,44265
2004-08-09,13.25,13.30,13.05,13.15,43920
2004-08-10,13.35,13.35,12.10,13.05,35852
2004-08-11,13.00,13.15,12.80,13.00,28005
2004-08-12,13.00,13.00,12.60,12.65,24344
2004-08-13,12.65,13.00,12.65,12.75,28328
2004-08-16,12.65,12.90,12.50,12.60,18112
2004-08-17,12.55,12.80,12.50,12.55,27681
2004-08-18,12.80,13.60,12.45,13.00,178774
2004-08-19,13.00,13.65,13.00,13.05,104208
2004-08-20,12.50,13.15,12.40,12.50,51556
2004-08-23,12.60,12.65,12.20,12.25,49231
2004-08-24,12.25,12.65,12.10,12.35,34846
2004-08-25,12.50,12.50,12.05,12.10,45496
2004-08-26,12.10,13.00,12.10,12.30,106730
2004-08-27,12.50,12.85,12.25,12.45,122739
2004-08-30,12.50,13.30,12.50,13.00,161448
2004-08-31,12.85,13.70,12.75,13.25,139315
2004-09-01,13.40,13.80,13.20,13.45,122084
2004-09-02,13.35,13.80,13.35,13.45,103800
2004-09-03,13.60,13.60,13.00,13.15,70455
2004-09-06,13.50,13.60,13.25,13.35,56711
2004-09-07,13.30,13.55,13.10,13.20,42941
2004-09-08,13.20,13.45,13.20,13.40,84753
2004-09-09,13.65,14.25,13.50,13.55,336210
2004-09-10,13.90,14.40,13.70,14.15,386831
2004-09-13,14.30,15.00,14.10,14.20,274010
2004-09-14,14.60,14.60,13.90,14.00,86324
2004-09-15,14.05,14.05,13.50,13.55,85232
2004-09-16,13.65,14.45,13.55,14.10,188554
2004-09-17,14.30,14.40,13.70,13.80,90355
2004-09-20,13.90,13.95,13.45,13.55,64175
2004-09-21,13.80,15.35,13.50,14.45,534212
2004-09-22,13.90,14.50,13.90,14.10,116029
2004-09-23,14.00,14.40,13.80,13.90,96136
2004-09-24,13.90,14.95,13.85,14.45,319206
2004-09-27,14.40,14.80,14.15,14.35,77285
2004-09-28,13.85,14.80,13.85,14.25,217467
2004-09-29,14.85,15.40,14.25,15.25,527765
2004-09-30,15.95,16.20,15.40,15.55,360805
2004-10-01,15.75,15.75,15.00,15.20,107075
2004-10-04,15.30,15.50,14.80,14.95,88729
2004-10-05,15.45,15.45,14.60,14.80,57290
2004-10-06,15.00,15.90,14.90,15.30,343829
2004-10-07,15.75,17.75,15.30,16.95,1029876
2004-10-08,17.00,17.40,16.40,16.65,327641
2004-10-11,16.70,16.90,16.05,16.10,188764
2004-10-12,16.20,17.10,15.35,16.40,746685
2004-10-14,16.60,16.60,15.60,15.70,106825
2004-10-15,16.40,16.45,15.65,15.70,132190
2004-10-18,16.00,16.00,15.30,15.45,77512
2004-10-19,15.95,16.50,15.05,15.30,109120
2004-10-20,15.60,15.60,15.25,15.30,88426
2004-10-21,15.30,15.45,15.10,15.25,35995
2004-10-25,15.55,15.60,14.50,14.65,65841
2004-10-26,15.00,15.00,14.50,14.80,32211
2004-10-27,14.95,15.25,14.65,14.90,71454
2004-10-28,14.95,15.25,14.65,14.70,57119
2004-10-29,15.00,15.30,14.05,14.35,244709
2004-11-01,14.60,15.30,14.45,14.90,133930
2004-11-02,15.00,15.10,14.85,14.95,58244
2004-11-03,14.70,15.35,14.70,14.90,79431
2004-11-04,15.00,15.05,14.55,14.65,43372
2004-11-05,14.95,14.95,14.55,14.60,30711
2004-11-08,14.60,15.10,14.60,14.80,137088
2004-11-09,14.60,14.80,14.35,14.35,66528
2004-11-10,14.40,14.75,14.05,14.30,153802
2004-11-11,14.75,15.90,14.40,14.65,201236
2004-11-12,14.80,14.95,14.55,14.80,29808
2004-11-16,15.00,15.40,14.55,14.85,65304
2004-11-17,15.20,15.35,14.75,15.15,237288
2004-11-18,15.25,15.95,15.15,15.55,354153
2004-11-19,15.95,16.70,15.45,15.80,741748
2004-11-22,16.00,17.80,15.55,17.65,1426115
2004-11-23,18.00,18.15,16.70,17.05,1000295
2004-11-24,17.00,18.00,17.00,17.10,456137
2004-11-25,17.55,17.80,16.50,16.65,293977
2004-11-29,16.85,16.90,16.15,16.25,131400
2004-11-30,16.75,16.75,15.30,15.45,186167
2004-12-01,16.50,16.50,15.05,15.50,137755
2004-12-02,15.50,16.15,15.30,15.45,149373
2004-12-03,15.60,15.65,15.40,15.50,126919
2004-12-06,15.50,15.90,15.35,15.40,86399
2004-12-07,15.30,16.15,15.30,15.55,237458
2004-12-08,15.25,16.50,15.25,15.95,425259
2004-12-09,16.00,16.50,16.00,16.15,213264
2004-12-10,16.20,16.50,16.00,16.05,217875
2004-12-13,16.05,16.45,15.90,16.25,163693
2004-12-14,16.40,17.60,16.30,16.95,576049
2004-12-15,16.95,17.35,16.35,16.50,207829
2004-12-16,16.55,16.90,16.15,16.25,123451
2004-12-17,16.30,17.15,16.25,16.35,255098
2004-12-20,16.85,16.85,16.30,16.50,149641
2004-12-21,16.10,17.80,16.10,17.15,703768
2004-12-22,17.65,17.65,16.35,16.50,238425
2004-12-23,16.70,16.90,16.40,16.55,147909
2004-12-24,16.70,17.35,16.30,16.80,451837
2004-12-27,15.90,17.50,15.90,17.05,298735
2004-12-28,17.15,19.45,17.15,19.25,1543475
2004-12-29,19.45,19.90,17.80,18.20,683237
2004-12-30,18.50,18.70,16.90,17.25,404700
2004-12-31,17.65,18.20,17.00,17.70,301283
2005-01-03,18.00,18.60,17.70,17.85,239081
2005-01-04,18.20,18.70,17.70,18.20,426812
2005-01-05,18.30,18.30,16.15,16.95,383675
2005-01-06,17.50,17.50,16.00,16.55,169620
2005-01-07,16.55,17.00,16.10,16.60,221082
2005-01-10,17.00,18.20,16.70,17.30,482039
2005-01-11,17.50,17.90,16.60,16.80,163496
2005-01-12,16.50,17.00,15.70,15.85,205031
2005-01-13,15.90,16.20,15.80,16.05,116719
2005-01-14,16.45,16.75,15.90,16.00,99958
2005-01-17,16.25,16.25,15.50,15.65,73482
2005-01-18,15.80,16.05,15.55,15.65,53125
2005-01-19,15.60,15.85,15.50,15.55,53251
2005-01-20,14.20,15.55,14.20,15.30,45260
2005-01-24,15.25,15.50,15.10,15.20,50573
2005-01-25,15.05,15.50,15.05,15.35,41820
2005-01-27,15.80,16.10,15.25,15.65,175275
2005-01-28,15.85,16.50,15.60,16.30,104393
2005-01-31,15.00,16.50,13.60,15.05,584024
2005-02-01,14.95,15.75,14.50,15.10,479820
2005-02-02,15.50,15.85,15.00,15.60,326622
2005-02-03,15.85,16.95,15.65,16.50,631115
2005-02-04,17.00,17.50,16.00,16.60,471600
2005-02-07,16.70,17.50,16.70,17.15,512463
2005-02-08,17.50,17.50,16.75,17.10,220040
2005-02-09,17.10,17.50,16.80,16.85,177009
2005-02-10,16.70,16.95,16.40,16.65,169561
2005-02-11,16.50,16.75,16.30,16.55,64859
2005-02-14,16.50,16.85,16.00,16.10,96244
2005-02-15,16.10,16.20,15.30,15.65,126055
2005-02-16,15.65,15.95,15.45,15.50,62805
2005-02-17,15.60,16.70,14.30,16.05,228268
2005-02-18,16.50,16.50,15.70,15.80,116994
2005-02-21,15.85,16.20,15.50,15.75,83043
2005-02-22,15.90,15.95,15.50,15.75,55067
2005-02-23,15.40,16.20,15.20,15.50,135950
2005-02-24,15.65,16.05,15.25,15.80,161287
2005-02-25,15.80,15.90,15.25,15.35,90553
2005-02-28,15.95,16.60,15.25,15.45,339812
2005-03-01,15.75,15.75,15.05,15.10,104972
2005-03-02,15.00,15.40,14.95,15.05,75332
2005-03-03,15.50,15.50,14.90,15.00,111434
2005-03-04,15.00,15.20,14.30,14.50,129140
2005-03-07,14.90,14.90,14.40,14.45,82360
2005-03-08,14.75,14.80,14.40,14.55,80459
2005-03-09,14.50,14.75,14.20,14.25,127220
2005-03-10,14.15,15.30,14.00,15.00,303819
2005-03-11,15.20,15.80,14.75,14.90,202340
2005-03-14,15.05,15.05,14.25,14.40,72357
2005-03-15,14.60,14.60,14.15,14.20,69126
2005-03-16,14.50,14.70,14.15,14.30,84602
2005-03-17,14.15,15.40,14.15,14.50,310504
2005-03-18,14.40,14.70,14.25,14.30,68781
2005-03-21,14.30,14.90,14.15,14.30,225849
2005-03-22,14.30,14.45,13.65,13.95,84219
2005-03-23,13.65,13.80,13.00,13.10,218304
2005-03-24,12.40,13.40,11.60,11.80,231326
2005-03-28,12.20,12.20,11.15,11.70,151473
2005-03-29,11.55,11.80,11.25,11.30,103168
2005-03-30,11.15,12.05,11.10,11.85,79632
2005-03-31,11.90,12.50,11.90,12.35,100304
2005-04-01,12.50,13.15,12.10,13.10,120590
2005-04-04,13.20,14.00,12.95,13.75,113929
2005-04-05,13.20,14.05,13.20,13.50,108446
2005-04-06,14.00,14.00,13.15,13.60,123991
2005-04-07,13.60,13.90,13.35,13.40,103148
2005-04-08,13.35,13.60,12.90,13.05,61772
2005-04-11,12.95,13.00,12.75,12.90,32326
2005-04-12,13.40,14.30,13.40,13.75,158976
2005-04-13,14.05,14.15,13.60,13.65,99324
2005-04-15,13.65,13.65,12.95,13.00,53469
2005-04-18,12.60,13.40,12.55,12.85,43270
2005-04-19,13.65,13.65,13.00,13.10,77853
2005-04-20,12.85,13.20,12.75,12.85,21896
2005-04-21,12.90,13.40,12.85,13.25,82135
2005-04-22,13.25,13.50,13.00,13.10,50280
2005-04-25,12.70,13.60,12.70,13.40,53382
2005-04-26,13.60,13.85,13.15,13.65,103056
2005-04-27,13.30,13.75,13.20,13.35,40960
2005-04-28,13.30,13.35,12.90,13.00,64428
2005-04-29,13.50,13.50,12.75,12.80,29204
2005-05-02,13.00,13.10,12.75,12.80,48635
2005-05-03,12.95,12.95,12.50,12.65,26000
2005-05-04,12.55,12.75,12.50,12.60,21817
2005-05-05,12.90,13.20,12.80,13.00,45359
2005-05-06,13.05,13.15,12.80,13.00,47270
2005-05-09,12.90,13.20,12.85,12.95,48955
2005-05-10,13.05,13.30,12.80,13.10,69893
2005-05-11,13.00,13.35,12.90,13.20,66848
2005-05-12,13.10,14.10,13.10,13.65,77954
2005-05-13,13.70,14.00,13.50,13.90,101638
2005-05-16,13.90,14.70,13.80,14.50,138428
2005-05-17,14.60,16.15,14.25,15.55,588017
2005-05-18,15.25,16.90,15.15,16.05,579757
2005-05-19,16.00,17.00,16.00,16.20,245798
2005-05-20,16.20,17.10,16.20,16.85,414069
2005-05-23,17.00,17.50,16.80,17.00,271955
2005-05-24,17.00,17.15,16.50,16.80,188529
2005-05-25,13.50,17.15,13.50,16.60,173798
2005-05-26,17.70,17.70,16.45,17.00,254371
2005-05-27,17.45,17.45,16.30,16.65,205639
2005-05-30,16.25,16.60,14.90,15.05,202081
2005-05-31,15.60,15.60,14.95,15.25,123212
2005-06-01,15.35,16.80,15.25,16.20,268750
2005-06-02,16.25,16.60,16.00,16.10,146073
2005-06-03,16.00,16.55,16.00,16.10,79040
2005-06-06,17.35,17.45,16.75,16.80,307958
2005-06-07,17.00,17.10,16.75,16.90,91909
2005-06-08,16.80,17.50,16.40,16.55,171255
2005-06-09,16.60,17.20,16.30,16.75,143447
2005-06-10,16.90,16.95,16.30,16.40,136323
2005-06-13,16.75,16.80,16.20,16.35,63848
2005-06-14,16.25,16.95,16.00,16.05,79121
2005-06-15,15.55,16.50,15.55,16.05,70567
2005-06-16,16.10,16.30,15.55,15.65,74189
2005-06-17,15.55,15.85,15.00,15.35,95267
2005-06-20,15.90,15.90,14.30,15.05,62559
2005-06-21,15.05,15.20,14.80,14.95,43148
2005-06-22,15.05,15.40,14.55,14.60,40802
2005-06-23,14.10,15.00,14.10,14.85,31816
2005-06-24,14.90,17.85,14.70,16.40,890668
2005-06-27,16.50,16.65,15.75,15.95,169340
2005-06-28,15.20,15.95,15.05,15.25,79623
2005-06-29,16.15,16.15,15.25,15.40,67543
2005-06-30,15.35,15.70,15.25,15.25,41210
2005-07-01,14.30,16.60,14.30,16.20,218611
2005-07-04,16.15,17.35,16.15,17.00,493646
2005-07-05,17.25,17.40,16.80,17.00,451404
2005-07-06,17.50,18.70,17.30,18.40,905735
2005-07-07,18.65,19.20,17.70,18.10,789757
2005-07-08,18.50,20.40,18.45,20.00,1368984
2005-07-11,20.00,20.50,19.25,19.40,684143
2005-07-12,19.60,20.50,19.10,19.95,731549
2005-07-13,20.00,20.35,19.50,20.10,496978
2005-07-14,20.40,20.70,20.05,20.30,491547
2005-07-15,20.05,20.70,20.05,20.40,371376
2005-07-18,20.00,22.60,19.45,22.35,1263984
2005-07-19,22.50,23.50,21.55,23.15,1260957
2005-07-20,23.45,24.50,23.00,23.30,849202
2005-07-21,23.80,23.80,21.50,21.80,415527
2005-07-22,22.15,23.05,21.10,22.75,433707
2005-07-25,23.00,23.70,22.75,23.20,490368
2005-07-26,23.25,23.50,22.15,22.30,387814
2005-07-27,22.60,22.95,21.25,21.40,103715
2005-07-29,20.50,21.80,19.55,21.45,262357
2005-08-01,20.60,21.50,20.50,21.30,249026
2005-08-02,21.45,23.00,21.25,22.65,387722
2005-08-03,22.90,23.00,21.70,21.75,214031
2005-08-04,22.00,22.40,21.00,21.25,256151
2005-08-05,21.25,22.75,21.00,22.20,465447
2005-08-08,22.40,23.25,21.55,21.75,311244
2005-08-09,22.20,22.50,21.40,22.00,188434
2005-08-10,21.85,23.00,21.80,22.45,335932
2005-08-11,22.60,23.15,22.40,22.90,394399
2005-08-12,23.40,23.40,22.30,22.50,221998
2005-08-16,22.80,25.50,22.45,24.00,428538
2005-08-17,25.90,26.80,23.85,26.40,2355699
2005-08-18,27.00,28.00,25.75,27.20,2410783
2005-08-19,27.60,27.75,26.20,26.75,850471
2005-08-22,27.15,28.45,26.10,26.80,1216138
2005-08-23,27.25,27.25,24.50,24.90,594104
2005-08-24,25.25,26.20,23.75,24.60,729591
2005-08-25,24.65,25.75,23.95,24.10,449283
2005-08-26,24.50,25.45,24.25,24.60,496548
2005-08-29,25.45,25.50,24.00,25.15,356851
2005-08-30,25.55,26.40,25.35,25.70,468718
2005-08-31,26.00,26.45,25.60,25.80,444476
2005-09-01,26.00,26.00,24.55,24.70,224899
2005-09-02,25.75,25.80,24.00,24.05,260326
2005-09-05,24.45,25.50,23.75,23.95,286306
2005-09-06,24.50,24.60,23.35,23.75,660473
2005-09-08,23.70,24.00,23.10,23.30,189171
2005-09-09,23.75,23.75,22.60,22.75,284529
2005-09-12,23.00,24.25,22.15,23.30,530962
2005-09-13,23.35,23.70,22.75,22.95,337998
2005-09-14,23.00,23.50,22.75,22.85,290077
2005-09-15,22.85,23.35,22.60,22.70,318257
2005-09-16,22.75,23.45,22.15,22.95,383614
2005-09-19,23.10,23.75,22.65,23.35,438783
2005-09-20,23.70,23.70,22.45,22.50,219352
2005-09-21,22.70,22.70,20.45,21.50,562170
2005-09-22,20.80,21.45,18.20,18.45,278548
2005-09-23,18.50,19.20,17.60,18.70,222822
2005-09-26,19.20,20.35,18.25,20.05,253905
2005-09-27,20.10,20.65,19.70,19.90,226316
2005-09-28,20.55,20.55,19.65,19.70,82508
2005-09-29,20.30,20.35,18.75,18.85,162613
2005-09-30,18.40,19.00,17.75,18.15,193052
2005-10-03,18.15,18.70,18.10,18.60,117496
2005-10-04,19.00,19.65,18.75,19.10,110702
2005-10-05,19.40,19.40,18.25,18.85,122999
2005-10-06,19.00,19.15,18.30,18.40,129808
2005-10-07,19.90,19.90,18.50,18.55,142884
2005-10-10,18.80,18.90,17.80,17.95,67169
2005-10-11,18.35,18.40,17.60,17.80,34013
2005-10-13,17.95,17.95,17.60,17.60,79201
2005-10-14,17.00,17.55,16.55,16.75,94078
2005-10-17,16.95,17.20,16.20,16.30,78577
2005-10-18,16.05,17.15,16.05,16.45,96439
2005-10-19,15.45,16.20,15.45,15.75,290022
2005-10-20,16.20,16.45,15.10,15.20,70965
2005-10-21,15.20,15.85,15.00,15.55,159320
2005-10-24,15.60,16.40,15.60,15.75,109952
2005-10-25,15.60,16.20,15.55,16.05,28490
2005-10-26,15.55,16.00,15.45,15.65,76632
2005-10-27,15.85,16.20,15.75,15.90,81742
2005-10-28,16.00,16.00,14.75,15.15,68020
2005-10-31,15.40,15.40,14.40,14.70,53056
2005-11-01,15.30,15.55,14.75,15.40,25660
2005-11-02,15.35,15.35,14.65,14.95,76694
2005-11-07,14.90,16.80,14.00,16.15,1067193
2005-11-08,15.90,16.45,15.00,16.25,587534
2005-11-09,16.60,16.60,15.65,15.95,79995
2005-11-10,16.50,17.00,16.05,16.15,183995
2005-11-11,16.70,16.70,15.75,15.95,61517
2005-11-14,16.15,16.30,15.75,15.95,68886
2005-11-16,16.00,16.35,15.60,16.20,66735
2005-11-17,16.30,17.30,16.00,16.70,225946
2005-11-18,16.50,17.20,16.50,16.60,183062
2005-11-21,16.65,17.10,16.20,16.70,158519
2005-11-22,16.35,16.60,16.05,16.10,48550
2005-11-23,16.20,16.50,15.90,15.95,80272
2005-11-24,15.55,16.25,15.55,16.15,42335
2005-11-25,15.80,17.50,15.55,16.45,182947
2005-11-28,16.95,16.95,15.90,16.10,56947
2005-11-29,15.85,16.20,15.80,16.10,35968
2005-11-30,15.80,16.80,15.80,15.95,83974
2005-12-01,16.10,16.25,15.80,15.85,43167
2005-12-02,16.30,16.35,15.80,15.90,120097
2005-12-05,15.85,16.20,15.50,15.55,138037
2005-12-06,15.65,16.20,15.60,15.80,178496
2005-12-07,15.90,16.00,15.60,15.80,42565
2005-12-08,16.00,16.20,15.75,15.90,71168
2005-12-09,16.05,16.75,15.90,16.45,167716
2005-12-12,16.85,16.85,16.10,16.25,105582
2005-12-13,16.15,17.80,16.15,17.05,217354
2005-12-14,17.30,17.30,16.65,16.70,86709
2005-12-15,16.60,16.95,16.20,16.35,36571
2005-12-16,15.60,16.50,15.60,16.15,53334
2005-12-19,16.10,16.35,16.00,16.00,70821
2005-12-20,15.80,16.40,15.80,15.95,42547
2005-12-21,15.95,16.00,15.80,15.95,142015
2005-12-22,15.65,16.50,15.65,16.00,24731
2005-12-23,16.15,16.85,15.90,16.40,176422
2005-12-26,16.00,16.95,15.80,15.90,135274
2005-12-27,16.00,16.00,15.75,15.75,48308
2005-12-28,15.80,16.00,15.55,15.75,33111
2005-12-29,15.85,16.45,15.75,15.80,131394
2005-12-30,15.90,16.35,15.80,15.85,46186
2006-01-02,15.60,17.85,15.60,17.60,327547
2006-01-03,18.00,18.25,17.25,17.65,252865
2006-01-04,17.85,17.85,16.90,17.00,78977
2006-01-05,16.75,17.35,16.30,16.70,85450
2006-01-06,16.90,17.00,16.40,16.60,50433
2006-01-09,16.90,16.90,16.10,16.20,222016
2006-01-10,16.25,16.40,15.80,15.90,123143
2006-01-12,16.25,16.25,15.75,15.85,112360
2006-01-13,16.20,16.20,15.75,15.75,108092
2006-01-16,15.70,15.90,15.55,15.60,39362
2006-01-17,15.80,15.95,15.25,15.30,54232
2006-01-18,15.10,15.45,15.10,15.20,39214
2006-01-19,15.40,16.20,15.30,16.00,77774
2006-01-20,16.00,16.25,15.75,15.80,65487
2006-01-23,15.80,15.90,15.55,15.70,31959
2006-01-24,15.75,15.85,15.55,15.55,46405
2006-01-25,15.60,15.80,15.50,15.55,61092
2006-01-27,15.60,15.90,15.55,15.65,45394
2006-01-30,15.65,15.65,15.15,15.25,48017
2006-01-31,16.00,16.00,14.60,14.70,132099
2006-02-01,15.00,15.00,14.20,14.30,94975
2006-02-02,14.20,14.55,13.85,14.05,70101
2006-02-03,13.55,14.05,13.55,13.90,22272
2006-02-06,14.95,14.95,13.55,13.95,32426
2006-02-07,13.55,14.75,13.55,14.25,45316
2006-02-08,13.80,14.30,13.80,13.95,61937
2006-02-10,13.70,14.75,13.70,14.10,143551
2006-02-13,14.30,14.65,14.05,14.15,96718
2006-02-14,14.20,14.80,14.20,14.40,64478
2006-02-15,14.15,14.75,14.15,14.55,63141
2006-02-16,14.55,15.25,14.50,14.90,116501
2006-02-17,14.50,16.00,14.50,15.25,229754
2006-02-20,15.50,15.50,14.70,15.15,63212
2006-02-21,15.15,18.20,14.85,17.70,1593121
2006-02-22,17.70,20.10,16.20,19.20,1917765
2006-02-23,20.40,21.20,19.00,19.20,3753104
2006-02-24,19.80,20.00,18.75,18.95,597201
2006-02-27,19.30,19.55,18.65,19.20,450568
2006-02-28,19.55,19.75,16.30,16.60,608965
2006-03-01,15.50,16.95,15.30,15.50,383973
2006-03-02,15.90,15.90,14.80,14.90,277124
2006-03-03,15.10,15.10,14.25,14.35,264187
2006-03-06,14.75,14.75,14.10,14.20,195773
2006-03-07,14.45,14.80,14.10,14.55,186082
2006-03-08,14.25,14.95,14.25,14.65,161775
2006-03-09,14.15,14.70,14.15,14.55,80820
2006-03-10,14.30,15.50,14.30,15.20,163703
2006-03-13,15.60,18.20,15.15,15.40,217998
2006-03-14,15.35,15.55,15.10,15.15,146138
2006-03-16,15.50,16.20,15.25,16.00,329451
2006-03-17,16.00,16.00,15.40,15.50,136151
2006-03-20,15.30,15.55,15.05,15.10,57125
2006-03-21,16.00,16.00,14.70,14.75,110494
2006-03-22,13.55,14.95,13.55,14.70,131471
2006-03-23,14.75,14.75,14.40,14.55,73032
2006-03-24,15.30,15.30,14.50,14.75,140644
2006-03-27,15.10,15.60,14.75,14.95,137750
2006-03-28,15.00,15.20,14.60,14.65,162728
2006-03-29,14.65,15.00,14.60,14.70,82985
2006-03-30,15.00,15.00,14.60,14.70,133214
2006-03-31,14.90,15.25,14.80,15.00,148036
2006-04-03,14.70,16.05,14.70,15.75,120788
2006-04-04,15.95,16.30,15.15,15.60,91180
2006-04-05,15.35,17.40,15.35,16.70,314494
2006-04-07,16.75,17.25,15.90,16.30,180960
2006-04-10,15.90,16.50,15.80,16.25,62077
2006-04-12,16.45,16.50,15.25,15.30,85884
2006-04-13,15.30,15.55,14.85,15.20,72019
2006-04-17,15.80,15.80,15.05,15.25,33418
2006-04-18,15.70,15.90,15.25,15.75,98471
2006-04-19,15.60,15.75,15.10,15.20,60359
2006-04-20,15.55,16.00,14.85,15.45,100945
2006-04-21,15.55,15.55,14.80,15.05,73388
2006-04-24,15.15,15.15,14.80,15.00,61588
2006-04-25,14.90,16.10,14.90,15.10,191408
2006-04-26,14.60,17.40,14.60,16.65,620673
2006-04-27,17.00,17.35,16.35,16.55,387457
2006-04-28,16.05,16.40,15.25,16.15,161487
2006-05-02,16.30,16.90,16.00,16.35,174829
2006-05-03,16.70,17.20,16.35,16.55,280993
2006-05-04,16.70,16.70,16.00,16.10,189523
2006-05-05,16.30,16.50,16.05,16.15,137695
2006-05-08,16.35,16.70,15.80,16.50,138526
2006-05-09,16.55,16.55,16.15,16.30,101111
2006-05-10,16.40,16.75,16.30,16.30,128272
2006-05-11,16.70,17.80,16.15,16.50,313711
2006-05-12,16.00,17.00,16.00,16.40,181000
2006-05-15,16.60,16.65,14.70,14.80,221210
2006-05-16,14.50,15.75,14.50,15.15,104385
2006-05-17,15.60,15.90,15.20,15.65,80467
2006-05-18,15.45,15.50,14.50,14.65,85959
2006-05-19,14.70,14.70,13.45,13.65,109376
2006-05-22,13.85,14.20,10.95,12.65,202981
2006-05-23,13.95,13.95,12.35,13.00,102117
2006-05-24,13.40,14.45,13.35,13.65,84203
2006-05-25,13.00,13.85,13.00,13.40,49018
2006-05-26,13.85,14.30,13.55,13.85,90285
2006-05-29,14.00,14.50,13.85,13.90,59919
2006-05-30,14.90,14.90,13.65,13.70,38088
2006-05-31,14.00,14.00,12.95,13.05,94040
2006-06-01,13.25,14.30,12.80,12.90,90295
2006-06-02,12.50,13.00,12.10,12.55,94784
2006-06-05,12.80,12.85,12.15,12.30,21135
2006-06-06,11.80,12.30,11.30,11.85,46764
2006-06-07,11.40,12.10,11.00,11.20,77409
2006-06-08,11.50,11.50,9.50,9.85,78900
2006-06-09,10.40,10.75,9.70,10.55,72142
2006-06-12,10.25,10.90,10.25,10.60,28167
2006-06-13,10.60,10.60,9.40,9.55,38454
2006-06-14,9.80,10.10,9.60,9.80,40708
2006-06-15,10.00,10.35,9.85,10.20,34093
2006-06-16,10.40,10.90,10.40,10.60,36104
2006-06-19,10.30,10.90,10.25,10.80,22093
2006-06-20,10.20,10.90,10.10,10.65,18562
2006-06-21,11.00,11.55,10.15,11.35,65965
2006-06-22,12.40,12.40,11.10,11.90,66788
2006-06-23,11.25,12.70,11.25,12.55,94311
2006-06-26,12.40,12.50,11.40,11.60,37990
2006-06-27,11.60,11.60,11.00,11.15,48599
2006-06-28,11.20,11.20,10.60,10.75,39446
2006-06-29,12.00,12.00,10.75,11.05,34731
2006-08-28,11.75,11.75,11.30,11.35,46717
2006-08-29,11.45,11.45,11.00,11.20,39107
2006-08-30,11.05,11.30,10.85,11.00,27230
2006-08-31,11.10,11.20,10.85,10.95,36493
2006-09-01,11.00,11.40,10.85,11.10,29724
2006-09-04,11.10,11.10,10.80,10.95,26327
2006-09-05,10.90,11.05,10.90,10.90,30870
2006-09-06,10.75,11.45,10.60,11.35,57511
2006-09-07,11.10,11.15,10.95,11.00,19959
2006-09-08,11.35,11.55,11.15,11.55,66537
2006-09-11,11.90,11.90,11.00,11.00,35733
2006-09-12,11.30,11.30,10.55,10.70,37531
2006-09-13,10.40,11.15,10.40,10.95,31827
2006-09-14,10.80,11.05,10.80,10.85,15522
2006-09-15,10.80,11.00,10.50,10.55,46460
2006-09-18,10.60,10.75,10.50,10.55,23165
2006-09-19,10.40,10.90,10.40,10.55,42090
2006-09-20,10.30,10.65,10.25,10.30,29061
2006-09-21,10.85,10.85,10.55,10.85,62503
2006-09-22,10.35,10.95,10.35,10.45,72945
2006-09-25,10.45,10.80,10.25,10.35,19916
2006-09-26,10.30,10.50,10.15,10.20,34377
2006-09-27,10.25,10.45,10.05,10.15,27704
2006-09-28,10.35,10.60,10.15,10.55,28290
2006-09-29,10.25,10.55,10.25,10.30,14225
2006-10-03,10.15,10.55,10.05,10.20,41332
2006-10-04,10.50,10.50,10.20,10.35,11145
2006-10-05,10.85,10.85,10.10,10.60,57589
2006-10-06,10.60,10.85,10.55,10.65,65248
2006-10-09,10.90,10.95,10.50,10.75,41713
2006-10-10,10.75,11.35,10.75,11.00,91392
2006-10-11,11.05,11.10,10.80,10.95,43195
2006-10-12,10.80,12.05,10.50,12.05,137936
2006-10-13,12.95,13.30,12.05,12.15,463200
2006-10-16,12.10,12.15,11.20,11.45,119970
2006-10-17,11.20,11.30,11.05,11.10,35523
2006-10-18,11.00,11.30,10.90,11.15,12565
2006-10-19,11.20,12.05,11.05,11.40,55373
2006-10-20,11.95,11.95,11.10,11.15,39095
2006-10-23,11.25,11.95,11.25,11.60,111995
2006-10-26,11.70,11.90,11.50,11.85,86966
2006-10-27,11.95,12.75,11.70,11.95,185687
2006-10-30,11.90,12.00,11.45,11.50,86389
2006-10-31,11.70,11.90,10.90,11.05,67330
2006-11-02,10.55,11.15,10.55,11.00,16601
2006-11-03,11.50,11.55,10.75,11.00,38611
2006-11-06,11.00,11.20,10.80,11.00,46515
2006-11-07,11.10,11.45,10.75,10.90,101106
2006-11-08,11.20,11.25,10.65,10.75,43021
2006-11-09,10.85,11.05,10.75,10.75,23952
2006-11-10,10.75,10.95,10.65,10.80,43629
2006-11-13,10.90,10.90,10.60,10.60,35091
2006-11-14,11.65,11.65,10.50,10.55,39457
2006-11-15,11.00,11.35,10.25,10.50,67142
2006-11-16,10.45,10.45,10.45,10.45,24113
2006-11-17,10.50,10.50,10.15,10.30,36797
2006-11-20,10.15,10.20,9.80,10.05,42344
2006-11-21,10.00,10.30,9.85,10.10,65687
2006-11-22,10.10,10.20,9.85,10.00,45278
2006-11-23,10.20,10.35,9.95,9.95,48550
2006-11-24,10.00,10.25,9.85,10.05,48108
2006-11-27,10.35,10.35,9.90,10.00,19150
2006-11-28,9.95,10.15,9.85,9.95,18887
2006-11-29,10.15,10.15,9.90,9.95,29319
2006-11-30,9.80,10.00,9.80,10.00,34747
2006-12-01,9.90,10.10,9.90,9.90,22272
2006-12-04,9.90,10.35,9.90,10.05,36434
2006-12-05,10.05,10.45,10.00,10.20,37540
2006-12-06,9.95,9.95,9.95,9.95,32285
2006-12-07,9.90,9.90,9.90,9.90,14744
2006-12-08,9.90,10.00,9.80,9.80,0
2006-12-11,10.50,10.50,9.70,9.75,26455
2006-12-12,9.20,9.85,9.20,9.25,53993
2006-12-13,9.75,9.75,8.70,9.30,26168
2006-12-14,9.35,9.65,9.00,9.50,38468
2006-12-15,9.20,9.80,9.20,9.55,19506
2006-12-18,9.60,9.70,9.25,9.40,15532
2006-12-19,9.40,9.85,9.10,9.60,25695
2006-12-20,9.50,9.65,9.35,9.45,7362
2006-12-21,9.10,9.75,9.10,9.45,10657
2006-12-22,9.35,10.05,9.35,9.75,64576
2006-12-26,9.35,9.95,9.35,9.65,44167
2006-12-27,9.50,10.25,9.45,9.70,138341
2006-12-28,9.75,10.10,9.70,9.75,71046
2006-12-29,9.80,10.10,9.80,10.00,50597
2007-01-02,10.10,12.00,9.90,12.00,368623
2007-01-03,12.45,14.40,11.20,14.40,1263251
2007-01-04,15.00,15.80,12.85,13.90,2658683
2007-01-05,13.10,14.25,13.10,13.70,295451
2007-01-08,13.60,14.90,13.25,14.20,444750
2007-01-09,14.55,14.55,13.40,13.50,225715
2007-01-10,13.70,13.75,13.00,13.05,168509
2007-01-11,12.95,14.70,12.95,14.45,0
2007-01-12,14.45,14.45,14.45,14.45,0
2007-01-22,14.45,14.45,14.45,14.45,0
2007-01-23,14.45,14.45,14.45,14.45,0
2007-03-02,11.30,12.00,11.10,11.10,36142
2007-03-05,11.00,11.45,10.55,10.55,25411
2007-03-06,10.65,10.65,10.05,10.20,29495
2007-03-07,10.00,10.15,9.70,9.70,34714
2007-03-08,9.60,9.75,9.25,9.55,41432
2007-03-09,9.70,9.85,9.15,9.60,29717
2007-03-12,10.00,10.10,9.15,9.60,107140
2007-03-13,9.35,10.10,9.35,9.85,29171
2007-03-14,9.45,9.70,9.40,9.60,9731
2007-03-15,9.70,10.00,9.65,9.70,12100
2007-03-16,9.70,9.85,9.25,9.40,33230
2007-03-19,9.45,9.80,9.30,9.60,29229
2007-03-20,9.40,9.70,9.35,9.45,25577
2007-03-21,9.65,9.75,9.20,9.60,32313
2007-03-22,9.70,9.80,9.45,9.55,36305
2007-03-23,9.65,9.65,9.40,9.45,27187
2007-03-26,9.40,9.65,9.30,9.30,24475
2007-03-28,9.25,9.40,9.20,9.30,58054
2007-03-29,9.25,9.45,9.15,9.25,40361
2007-03-30,9.10,9.40,9.05,9.20,76998
2007-04-02,9.45,9.45,9.05,9.15,14015
2007-04-03,9.15,9.15,9.15,9.15,0
2007-04-04,9.40,9.40,9.00,9.00,27409
2007-04-05,8.90,9.40,8.90,9.35,27950
2007-04-10,9.90,10.05,9.55,9.95,26788
2007-04-11,9.65,10.30,9.65,10.10,31611
2007-04-12,10.20,10.20,9.55,9.65,16129
2007-04-13,9.75,10.00,9.60,9.90,15790
2007-04-16,10.00,10.10,9.75,10.00,30405
2007-04-17,9.90,10.00,9.80,9.95,17576
2007-04-18,9.90,10.05,9.80,9.85,14894
2007-04-19,9.85,9.85,9.60,9.75,19122
2007-04-20,9.75,10.05,9.70,9.75,51526
2007-04-23,10.00,10.05,9.60,9.70,46868
2007-04-24,9.60,9.95,9.60,9.75,17560
2007-04-25,9.80,10.45,9.70,10.20,154153
2007-04-26,10.50,10.60,10.15,10.20,52777
2007-04-27,10.00,10.35,9.90,9.95,28341
2007-04-30,9.70,10.20,9.70,10.10,11528
2007-05-03,10.25,10.35,10.00,10.10,44801
2007-05-04,10.20,10.70,9.80,10.35,91949
2007-05-07,10.65,10.85,10.40,10.55,65779
2007-05-08,10.40,10.65,9.90,10.00,35100
2007-05-09,10.20,10.35,9.90,10.05,7400
2007-05-10,10.30,10.35,9.90,9.95,30907
2007-05-11,10.00,10.25,9.85,9.95,44927
2007-05-14,10.05,10.95,10.05,10.65,95708
2007-05-15,11.00,11.45,10.75,10.90,103579
2007-05-16,11.25,11.90,10.30,10.90,48600
2007-05-17,11.55,11.55,10.50,10.90,52237
2007-05-18,10.90,10.90,10.30,10.40,55875
2007-05-21,10.70,11.15,10.55,10.65,66132
2007-05-22,10.85,10.85,10.40,10.55,24907
2007-05-23,10.30,11.00,10.30,10.55,24360
2007-05-24,10.15,10.85,10.00,10.25,27576
2007-05-25,10.30,10.45,10.15,10.25,12399
2007-05-28,10.40,10.60,10.25,10.25,13295
2007-05-29,10.30,10.40,10.00,10.05,42833
2007-05-30,10.05,10.30,10.00,10.05,25003
2007-05-31,10.30,10.30,9.90,10.05,12041
2007-06-01,10.00,10.40,10.00,10.25,25488
2007-06-04,10.50,10.65,10.15,10.25,91855
2007-06-05,10.20,10.35,10.10,10.25,14237
2007-06-06,10.05,10.45,10.05,10.15,19957
2007-06-07,10.05,10.20,9.90,10.00,28830
2007-06-08,9.85,10.20,9.85,9.95,14633
2007-06-11,10.05,10.05,9.80,9.85,14579
2007-06-12,9.85,10.10,9.60,9.65,25709
2007-06-13,9.70,10.00,9.45,9.75,20142
2007-06-14,9.95,9.95,9.65,9.70,34464
2007-06-15,9.75,9.85,9.60,9.60,15524
2007-06-18,9.80,9.95,9.55,9.60,22252
2007-06-19,9.50,9.85,9.50,9.50,22889
2007-06-20,9.95,10.00,9.50,9.50,32456
2007-06-21,9.70,9.80,9.40,9.45,44800
2007-06-22,10.00,10.00,9.35,9.55,19843
2007-06-25,9.40,9.60,9.35,9.50,20937
2007-06-26,9.60,9.60,9.40,9.45,23708
2007-06-27,9.15,9.55,9.15,9.40,23085
2007-06-28,9.40,9.50,9.00,9.15,88559
2007-06-29,9.25,9.70,8.95,9.45,128700
2007-07-02,9.80,10.10,9.40,9.80,93094
2007-07-03,10.30,10.30,9.65,9.90,128342
2007-07-04,10.15,10.15,9.60,9.85,24919
2007-07-05,10.00,10.00,9.55,9.70,21260
2007-07-06,9.65,10.10,9.55,9.85,42028
2007-07-09,10.05,10.10,9.75,9.85,72598
2007-07-10,9.80,10.15,9.80,10.00,91623
2007-07-11,10.10,11.45,9.95,11.15,230755
2007-07-12,11.10,11.55,10.55,10.70,209821
2007-07-13,10.85,10.95,10.25,10.35,70313
2007-07-16,10.25,10.55,10.15,10.25,68897
2007-07-17,10.30,10.70,10.05,10.10,39592
2007-07-18,10.10,10.25,9.90,9.95,41006
2007-07-19,10.10,10.65,10.10,10.50,84999
2007-07-20,10.20,11.95,10.00,11.30,767482
2007-07-23,11.30,11.30,10.30,10.40,111321
2007-07-24,10.40,10.85,10.30,10.40,105966
2007-07-25,10.60,10.65,10.10,10.30,64030
2007-07-26,10.25,10.80,10.25,10.65,73448
2007-07-27,10.60,10.70,10.25,10.40,83547
2007-07-30,10.00,10.50,10.00,10.05,26629
2007-07-31,10.35,10.40,10.00,10.05,41370
2007-08-01,9.95,10.10,9.80,9.90,36579
2007-08-02,9.85,10.00,9.80,9.85,56982
2007-08-03,10.25,10.25,9.90,10.00,20510
2007-08-06,10.05,10.05,9.70,9.95,25278
2007-08-07,10.00,10.35,9.90,10.05,66236
2007-08-08,9.95,10.85,9.95,10.35,88289
2007-08-09,10.40,10.75,10.00,10.05,103553
2007-08-10,9.90,10.10,9.90,10.05,48343
2007-08-13,10.15,10.75,10.15,10.55,97735
2007-08-14,10.60,11.55,10.50,11.25,227808
2007-08-16,10.50,13.50,10.10,13.50,892758
2007-08-17,13.60,16.00,12.40,14.85,2165927
2007-08-20,16.00,16.35,14.40,16.35,2688123
2007-08-21,17.35,17.35,14.75,14.75,2759393
2007-08-22,14.10,15.50,13.60,15.15,1414403
2007-08-23,15.35,15.75,13.65,13.75,0
2007-12-03,15.00,16.00,15.00,16.00,209445
2007-12-04,16.60,16.80,15.60,16.80,285566
2007-12-05,17.65,17.65,17.05,17.65,482743
2007-12-06,18.55,18.55,17.75,18.55,900457
2007-12-07,19.45,19.50,17.70,18.30,726208
2007-12-10,19.10,19.25,18.15,19.25,534343
2007-12-11,20.00,20.25,19.40,19.60,708905
2007-12-12,19.50,20.60,19.00,20.50,748945
2007-12-13,21.20,21.55,20.50,21.50,980057
2007-12-14,21.90,22.60,21.90,22.60,1140634
2007-12-17,23.60,23.75,21.50,21.50,986259
2007-12-18,20.60,22.45,20.45,20.60,534448
2007-12-19,21.65,21.65,20.60,21.45,321499
2007-12-20,22.20,22.55,22.00,22.20,606751
2007-12-24,22.45,23.30,21.10,21.10,381569
2007-12-26,21.90,22.00,20.55,21.55,363540
2007-12-27,22.50,22.50,21.50,22.05,394345
2007-12-28,22.45,23.15,21.25,23.15,670334
2008-02-29,17.50,17.50,15.85,15.90,690570
2008-03-03,15.30,15.95,15.10,15.10,119632
2008-03-04,14.65,14.65,14.35,14.35,84544
2008-03-05,13.65,14.40,13.65,13.65,124592
2008-03-07,13.65,13.95,13.00,13.00,178111
2008-03-10,13.00,13.20,11.70,12.65,97771
2008-03-11,13.35,13.95,12.75,13.50,72028
2008-03-12,14.25,14.70,13.00,13.15,115938
2008-03-13,12.05,12.75,12.00,12.10,1382888
2008-03-14,12.10,12.45,10.95,11.45,643476
2008-03-17,11.25,11.50,10.70,11.25,910525
2008-03-18,11.20,11.50,10.80,10.85,96921
2008-03-19,11.15,11.45,10.75,10.85,49363
2008-03-24,10.80,11.70,9.80,9.95,107382
2008-03-25,10.05,10.45,9.70,10.45,65425
2008-03-26,10.50,11.00,10.50,10.80,69695
2008-03-27,10.80,11.30,10.65,11.00,60227
2008-03-28,11.45,11.45,10.85,11.30,66445
2008-03-31,11.00,11.65,11.00,11.55,31393
2008-04-01,11.40,11.60,11.00,11.15,89207
2008-04-02,11.40,11.75,11.30,11.45,50932
2008-04-03,11.05,11.85,11.00,11.60,61828
2008-04-04,11.60,11.60,11.15,11.35,22452
2008-04-07,11.70,11.75,11.15,11.20,52918
2008-04-08,11.00,11.35,10.80,11.30,52369
2008-04-09,11.15,11.40,10.95,11.05,52435
2008-04-10,11.35,11.60,11.20,11.60,52665
2008-04-11,11.65,12.10,11.30,12.00,46628
2008-04-15,11.55,11.95,11.50,11.70,31166
2008-04-16,12.00,12.30,11.45,12.05,88458
2008-04-17,12.30,12.65,12.30,12.65,59495
2008-04-21,13.30,13.30,13.30,13.30,22015
2008-04-22,13.95,14.00,13.15,13.90,173509
2008-04-23,13.95,14.40,13.30,13.45,89304
2008-04-24,13.45,13.75,12.80,13.00,67564
2008-04-25,13.35,13.65,13.10,13.45,133896
2008-04-28,13.75,13.90,13.00,13.75,73083
2008-04-29,13.40,13.90,13.30,13.40,33720
2008-04-30,13.20,13.80,13.20,13.35,63263
2008-05-02,13.65,13.65,12.70,12.90,99670
2008-05-05,13.40,13.40,12.75,12.85,55564
2008-05-06,13.00,13.20,12.75,12.80,41453
2008-05-07,13.20,13.20,12.50,12.70,57266
2008-05-08,12.50,12.80,12.25,12.45,18895
2008-05-09,12.55,12.70,12.05,12.10,24595
2008-05-12,12.00,12.90,11.50,12.55,51919
2008-05-13,12.60,12.90,12.05,12.25,40775
2008-05-14,12.80,12.80,12.00,12.35,45148
2008-05-15,12.10,12.60,12.10,12.40,34308
2008-05-16,12.05,13.20,12.05,12.90,138808
2008-05-20,12.90,13.15,12.00,12.70,74580
2008-05-21,12.30,13.85,12.30,13.65,192866
2008-05-22,14.10,14.20,13.00,13.50,165818
2008-05-23,13.35,13.90,12.90,13.10,87399
2008-05-26,12.80,12.80,12.20,12.30,62471
2008-05-27,12.70,13.40,12.30,12.75,111550
2008-05-28,12.60,14.05,12.60,14.00,521110
2008-05-29,14.40,14.70,13.50,13.65,513112
2008-05-30,13.75,14.15,13.00,13.20,142544
2008-06-02,13.30,13.65,12.75,12.90,120635
2008-06-03,12.25,12.90,12.25,12.75,100482
2008-06-04,12.75,12.90,11.80,12.05,99482
2008-06-05,11.90,12.40,11.70,12.25,101510
2008-06-06,12.25,12.40,11.80,11.95,49216
2008-06-09,11.20,11.85,10.85,11.30,66593
2008-06-10,11.10,12.35,11.10,11.85,79714
2008-06-11,12.80,12.80,12.00,12.40,58043
2008-06-12,12.00,13.50,12.00,12.90,143615
2008-06-13,13.20,14.20,12.80,14.05,507081
2008-06-16,14.45,14.90,13.70,14.05,688093
2008-06-17,14.55,14.55,13.80,14.00,218340
2008-06-18,14.00,14.30,13.15,13.55,181287
2008-06-19,13.25,13.55,12.85,13.00,128525
2008-06-20,13.30,13.30,11.90,12.10,196850
2008-06-23,12.10,12.10,11.20,11.50,140978
2008-06-24,11.50,11.70,10.90,11.00,105384
2008-06-25,10.60,11.45,10.05,11.30,134695
2008-06-26,11.30,12.45,11.30,12.45,170473
2008-06-27,13.00,13.40,12.00,12.15,354419
2008-06-30,12.20,12.20,11.05,11.15,126875
2008-07-01,10.85,11.25,10.50,10.70,133397
2008-07-02,10.75,11.25,9.90,10.90,168987
2008-07-03,10.55,11.00,10.30,10.70,76120
2008-07-04,10.50,11.00,10.25,10.90,88479
2008-07-07,10.75,11.50,10.50,10.65,142660
2008-07-08,10.70,10.70,10.15,10.20,260268
2008-07-09,10.90,10.90,10.45,10.65,105685
2008-07-10,10.35,11.00,10.35,10.80,75314
2008-07-11,11.40,11.80,10.60,10.70,161275
2008-07-14,10.45,11.10,10.40,10.70,52321
2008-07-15,10.50,10.70,10.20,10.25,65308
2008-07-16,10.25,10.60,9.85,10.00,75690
2008-07-17,10.15,10.45,10.00,10.20,43195
2008-07-18,10.25,10.50,10.10,10.30,70877
2008-07-21,10.30,10.30,10.05,10.20,39698
2008-07-22,10.35,10.70,10.10,10.50,68209
2008-07-23,11.00,11.50,10.65,11.10,187152
2008-07-24,11.20,12.55,11.20,12.20,468526
2008-07-25,12.00,13.15,11.65,12.50,424759
2008-07-28,12.70,13.20,12.40,12.55,218889
2008-07-29,12.55,12.55,11.80,11.90,113054
2008-07-30,12.00,12.40,11.90,12.00,146671
2008-07-31,11.85,12.50,11.70,11.80,151783
2008-08-01,11.90,12.45,11.90,12.35,175233
2008-08-04,12.50,13.30,12.40,12.50,236653
2008-08-05,12.50,12.85,12.40,12.50,147975
2008-08-06,12.60,12.70,12.05,12.10,119812
2008-08-07,12.10,12.80,12.10,12.40,135995
2008-08-08,12.20,13.25,12.10,12.90,340293
2008-08-11,13.05,13.45,12.90,13.05,271928
2008-08-12,12.90,14.10,12.90,13.55,579565
2008-08-13,13.70,13.70,13.05,13.20,172706
2008-08-14,13.20,13.20,12.70,12.75,140901
2008-08-18,13.20,13.20,12.65,12.65,62884
2008-08-19,12.45,12.65,12.10,12.40,70426
2008-08-20,12.55,13.50,12.40,13.30,314883
2008-08-21,13.50,13.75,12.55,12.70,323341
2008-08-22,14.90,14.90,12.40,12.90,107294
2008-08-25,12.90,13.35,12.05,12.75,78357
2008-08-26,12.40,12.70,12.35,12.60,54365
2008-08-27,12.65,12.85,12.10,12.20,42594
2008-08-28,12.45,12.60,12.00,12.05,90149
2008-08-29,12.45,12.60,12.20,12.35,42030
2008-09-01,12.35,12.40,12.05,12.25,44403
2008-09-02,12.15,12.45,12.10,12.30,84136
2008-09-04,12.20,12.25,12.00,12.05,38126
2008-09-05,12.00,12.05,11.70,11.90,38174
2008-09-08,12.30,12.50,12.10,12.25,59391
2008-09-09,10.40,12.95,10.40,12.30,131654
2008-09-10,12.70,13.15,12.25,12.55,201907
2008-09-11,12.45,12.50,12.00,12.15,65778
2008-09-15,11.90,11.90,10.25,11.25,83083
2008-09-16,10.90,11.20,10.55,11.05,41071
2008-09-17,11.15,11.35,10.60,10.95,52135
2008-09-18,10.45,11.15,10.45,10.95,69016
2008-09-19,11.45,11.45,10.95,11.10,50944
2008-09-22,11.25,11.45,10.80,11.00,30011
2008-09-23,11.25,11.95,10.95,11.80,68357
2008-09-24,11.80,11.80,11.00,11.10,22830
2008-09-25,11.10,11.10,10.90,11.10,20285
2008-09-26,10.60,11.30,10.50,10.60,54445
2008-09-29,10.90,10.90,9.90,10.30,43130
2008-09-30,9.90,10.40,9.25,10.20,101568
2008-10-01,10.40,10.40,9.90,10.05,38645
2008-10-03,10.00,10.25,9.90,9.90,22317
2008-10-06,9.90,9.90,9.55,9.70,27690
2008-10-07,9.35,9.95,8.85,9.00,41058
2008-10-08,8.95,8.95,7.75,8.35,57760
2008-10-10,8.40,8.50,7.20,7.35,76729
2008-10-13,7.65,7.95,7.40,7.60,74899
2008-10-14,8.15,8.90,8.10,8.30,40339
2008-10-15,8.05,8.30,7.60,7.80,32640
2008-10-16,7.35,9.00,7.25,8.40,123874
2008-10-17,8.70,10.05,7.05,8.80,151225
2008-10-20,8.40,9.10,8.10,8.35,29750
2008-10-21,8.65,8.80,8.10,8.50,21301
2008-10-22,8.15,9.25,8.15,8.50,22831
2008-10-23,8.40,8.40,7.75,7.85,40435
2008-10-24,7.85,8.00,7.20,7.30,32910
2008-10-27,7.50,7.50,5.90,6.45,59791
2008-10-28,6.95,7.30,6.60,7.05,12775
2008-10-29,7.30,7.55,6.80,6.90,16750
2008-10-31,7.45,7.45,7.10,7.25,45691
2008-11-03,7.50,8.50,7.25,8.30,60900
2008-11-04,8.00,8.50,8.00,8.35,20581
2008-11-05,8.80,8.80,8.00,8.45,26258
2008-11-06,7.15,8.20,7.15,7.75,30175
2008-11-07,7.60,8.20,7.40,7.85,22371
2008-11-10,7.65,8.25,7.65,8.00,26333
2008-11-11,8.00,8.20,7.75,7.90,11368
2008-11-12,7.85,8.10,7.60,7.85,9811
2008-11-14,7.70,7.80,7.60,7.70,10717
2008-11-17,7.75,7.85,7.30,7.70,17735
2008-11-18,7.70,7.70,7.15,7.30,10990
2008-11-19,7.25,7.60,7.00,7.00,16912
2008-11-20,6.60,7.20,6.60,6.85,32457
2008-11-21,6.50,7.10,6.50,6.80,19237
2008-11-24,6.65,6.90,6.60,6.75,14349
2008-11-25,6.80,7.00,5.80,6.20,59674
2008-11-26,6.05,6.70,6.05,6.65,17607
2008-11-28,6.50,6.75,6.50,6.55,5589
2008-12-01,6.75,6.90,6.40,6.60,8284
2008-12-02,6.20,6.60,6.10,6.60,10222
2008-12-03,6.75,6.75,6.25,6.60,8668
2008-12-04,6.40,7.00,6.35,6.80,39397
2008-12-05,6.40,7.30,6.10,6.85,54460
2008-12-08,7.00,7.30,6.70,6.75,16575
2008-12-10,6.60,6.95,6.60,6.90,15295
2008-12-11,6.95,7.35,6.95,7.05,33217
2008-12-12,6.75,7.65,6.75,7.30,36229
2008-12-15,7.75,7.90,7.20,7.85,20219
2008-12-16,7.80,8.25,7.80,8.15,32890
2008-12-17,8.30,8.85,8.10,8.15,50699
2008-12-18,8.15,8.20,7.80,7.95,37521
2008-12-19,8.00,8.40,8.00,8.05,21551
2008-12-22,8.05,8.45,7.90,8.00,18731
2008-12-23,8.00,8.00,7.60,7.80,12637
2008-12-24,7.55,7.70,7.30,7.40,11100
2008-12-26,7.40,7.80,7.20,7.30,12220
2008-12-29,7.70,7.70,7.10,7.45,12152
2008-12-30,7.25,7.60,7.25,7.45,29179
2008-12-31,7.30,7.80,7.30,7.60,50486
2009-01-01,7.55,8.85,7.55,8.60,189700
2009-01-02,8.60,9.10,8.20,8.85,221902
2009-01-05,9.35,9.50,8.60,8.70,49237
2009-01-06,8.35,9.90,8.35,8.60,133892
2009-01-07,8.95,9.05,7.60,7.75,75275
2009-01-09,7.70,8.50,7.35,8.10,97011
2009-01-12,7.90,7.95,7.50,7.60,39124
2009-01-13,7.70,7.75,7.40,7.45,10427
2009-01-14,7.30,8.10,7.30,7.90,9033
2009-01-15,7.70,8.50,7.65,7.80,31706
2009-01-16,7.90,8.00,7.70,7.90,22749
2009-01-19,7.70,7.95,7.65,7.75,8769
2009-01-20,7.40,7.80,7.40,7.70,11306
2009-01-21,7.50,7.90,7.50,7.65,7526
2009-01-22,6.60,7.70,6.20,7.60,6496
2009-01-23,7.40,7.60,7.00,7.15,17144
2009-01-27,7.15,7.45,7.15,7.25,10329
2009-01-28,7.30,7.60,7.15,7.35,11794
2009-01-29,7.45,7.50,7.20,7.25,9680
2009-01-30,7.20,7.65,7.15,7.50,31564
2009-02-02,7.50,7.80,7.30,7.35,23038
2009-02-03,7.65,7.65,7.20,7.20,11819
2009-02-04,7.20,7.55,7.20,7.35,44218
2009-02-05,7.15,7.50,7.15,7.25,9171
2009-02-06,7.30,7.40,7.20,7.30,17584
2009-02-09,7.30,7.60,7.20,7.35,18672
2009-02-10,7.40,7.55,7.30,7.40,20346
2009-02-11,7.35,8.40,7.30,8.00,98857
2009-02-12,8.30,9.30,8.05,8.75,251749
2009-02-13,9.00,9.10,8.25,8.30,138360
2009-02-16,8.30,8.45,7.65,7.80,54444
2009-02-17,7.55,7.70,7.35,7.55,31233
2009-02-18,7.35,7.65,7.35,7.40,36260
2009-02-19,7.85,7.85,7.35,7.55,25933
2009-02-20,7.40,7.45,7.20,7.30,23689
2009-02-24,7.00,7.45,7.00,7.15,16813
2009-02-25,7.20,7.45,7.15,7.20,9604
2009-02-26,7.10,7.50,7.00,7.30,22695
2009-02-27,7.25,7.40,7.10,7.15,19004
2009-03-02,7.05,7.25,6.80,6.85,16522
2009-03-03,6.80,7.05,6.80,6.90,23236
2009-03-04,6.85,6.85,6.60,6.70,14196
2009-03-05,7.10,7.10,6.45,6.65,16284
2009-03-06,6.30,6.50,6.00,6.25,38238
2009-03-09,6.20,6.30,6.05,6.10,16168
2009-03-12,6.85,6.85,6.00,6.35,7630
2009-03-13,6.80,6.80,6.20,6.50,18798
2009-03-16,6.35,6.85,6.35,6.70,20246
2009-03-17,7.20,7.20,6.45,6.65,13748
2009-03-18,6.65,7.15,6.60,6.85,17771
2009-03-19,7.00,7.00,6.80,6.80,9970
2009-03-20,6.50,6.95,6.50,6.80,7600
2009-03-23,6.75,7.00,6.75,6.85,14202
2009-03-24,7.00,7.20,6.80,6.90,31894
2009-03-25,6.85,6.90,6.70,6.85,18053
2009-03-26,7.00,7.05,6.85,6.90,30717
2009-03-27,7.00,7.25,6.85,6.90,40499
2009-03-30,7.10,7.50,7.05,7.10,63876
2009-03-31,7.00,7.20,6.90,7.05,35110
2009-04-01,6.95,7.30,6.95,7.05,23227
2009-04-02,7.40,7.90,7.20,7.35,45139
2009-04-06,7.35,7.80,7.20,7.60,47680
2009-04-08,7.65,8.15,7.30,8.05,75293
2009-04-09,7.90,9.00,7.80,8.60,169650
2009-04-13,8.20,8.75,8.20,8.45,57758
2009-04-15,8.20,9.25,8.20,8.85,70589
2009-04-16,9.20,9.45,8.05,8.15,107627
2009-04-17,8.65,8.65,8.05,8.10,36223
2009-04-20,8.30,9.00,8.10,8.70,67498
2009-04-21,8.30,9.20,8.25,8.90,100194
2009-04-22,9.10,9.70,8.60,8.70,119647
2009-04-23,9.00,9.15,8.55,8.65,30374
2009-04-24,8.60,9.00,8.55,8.65,44852
2009-04-27,8.25,8.85,8.25,8.50,23462
2009-04-28,8.50,8.75,8.20,8.20,33515
2009-04-29,8.20,8.45,8.20,8.30,31893
2009-05-04,8.40,9.00,8.30,8.50,67151
2009-05-05,8.40,8.95,8.30,8.50,52455
2009-05-06,8.30,10.15,8.30,9.50,882507
2009-05-07,10.35,11.30,9.55,10.40,1491528
2009-05-08,11.10,11.50,10.45,10.65,1450687
2009-05-11,11.30,11.30,9.70,9.95,485762
2009-05-12,9.75,10.20,9.25,9.65,159917
2009-05-13,9.65,10.00,9.35,9.40,230094
2009-05-14,9.05,9.50,9.05,9.25,141465
2009-05-15,9.65,10.05,8.80,9.30,350541
2009-05-18,10.85,11.00,10.85,10.95,1615
2009-05-19,11.90,12.25,9.05,10.25,600719
2009-05-20,10.00,12.20,10.00,12.05,1316974
2009-05-21,12.20,13.45,9.70,12.05,1243074
2009-05-22,12.00,13.40,11.90,13.20,0
2009-05-25,13.85,14.55,13.50,14.55,1308825
2009-05-26,14.55,15.25,13.10,13.10,1214920
2009-05-27,13.60,14.00,12.90,13.30,713637
2009-05-28,13.75,13.75,12.70,12.90,385009
2009-05-29,13.50,13.50,13.15,13.25,476899
2009-06-01,13.75,14.25,13.35,14.10,725355
2009-06-02,14.25,14.60,13.20,14.15,847922
2009-06-03,14.20,14.70,13.55,13.70,623166
2009-06-04,13.55,14.30,13.55,14.10,714479
2009-06-05,14.50,14.50,13.50,13.60,454682
2009-06-08,13.50,13.80,12.40,12.50,289067
2009-06-09,12.90,13.00,11.75,12.60,433593
2009-06-10,13.00,13.30,12.40,12.50,283597
2009-06-11,12.55,13.20,11.90,12.80,306207
2009-08-18,12.80,12.80,12.80,12.80,0
2009-08-19,12.80,12.80,12.80,12.80,0
2009-08-20,12.80,12.80,12.80,12.80,0
2009-08-21,9.35,9.90,9.25,9.75,80773
2009-08-24,9.70,9.95,9.50,9.55,69316
2009-08-25,9.50,9.75,9.40,9.50,60960
2009-08-26,9.50,9.80,9.30,9.60,99033
2009-08-27,9.65,10.10,9.60,10.10,141971
2009-08-28,10.50,10.65,10.40,10.65,138694
2009-08-31,10.85,10.95,10.15,10.60,164761
2009-09-01,10.90,11.15,10.50,11.15,267160
2009-09-02,11.15,11.75,11.15,11.75,337950
2009-09-03,12.35,12.35,11.20,11.30,414718
2009-09-04,11.80,11.90,11.60,11.90,194906
2009-09-07,12.50,12.50,12.05,12.30,278043
2009-09-08,12.95,12.95,11.70,11.70,168901
2009-09-09,11.80,12.30,11.70,12.30,313376
2009-09-10,12.95,12.95,11.70,11.70,307761
2009-09-11,11.40,11.75,11.15,11.20,113104
2009-09-14,11.00,11.80,10.90,11.80,150099
2009-09-15,11.95,12.25,11.60,11.65,149325
2009-09-16,12.00,12.20,11.55,11.60,104108
2009-09-17,11.90,12.00,11.05,11.40,308335
2009-09-18,11.15,11.70,11.15,11.40,89991
2009-09-22,11.20,11.75,11.20,11.35,113138
2009-09-23,11.60,11.60,10.80,11.05,183026
2009-09-24,10.70,11.25,10.70,10.90,90351
2009-09-25,11.00,11.45,10.80,11.40,188041
2009-09-29,11.60,12.00,11.40,11.45,222279
2009-09-30,11.65,11.90,11.40,11.80,153075
2009-10-01,12.00,12.00,11.40,11.65,116138
2009-10-05,11.50,11.50,11.10,11.10,177643
2009-10-06,11.00,11.05,10.55,10.65,117776
2009-10-07,10.90,11.10,10.55,10.85,68921
2009-10-08,11.15,11.15,10.80,10.85,57364
2009-10-09,11.00,11.40,11.00,11.15,161173
2009-10-12,11.20,11.50,10.85,10.95,55507
2009-10-14,10.95,11.00,10.70,10.85,120723
2009-10-15,10.90,11.40,10.85,11.10,144336
2009-10-16,11.40,11.45,11.05,11.25,99269
2009-10-20,11.70,11.80,11.30,11.40,77846
2009-10-21,11.35,11.45,11.05,11.20,44461
2009-10-22,11.05,11.35,10.80,10.90,65707
2009-10-23,10.90,11.30,10.90,10.95,45017
2009-10-26,11.15,11.15,10.50,10.60,43660
2009-10-27,10.85,10.90,10.10,10.10,98901
2009-10-28,10.10,10.25,9.70,9.85,58866
2009-10-29,9.65,9.90,9.50,9.65,38818
2009-10-30,9.60,10.10,9.45,9.50,63140
2009-11-03,9.95,9.95,9.05,9.10,60031
2009-11-04,9.10,9.30,8.90,9.20,66628
2009-11-05,8.85,9.70,8.80,9.70,80567
2009-11-06,10.20,10.20,10.00,10.20,24274
2009-11-09,10.65,11.25,10.35,10.55,87990
2009-11-10,10.55,11.35,10.20,11.05,218811
2009-11-11,11.20,11.30,10.70,10.85,154457
2009-11-12,10.85,10.90,10.45,10.50,78483
2009-11-13,10.50,10.55,10.20,10.30,51018
2009-11-16,10.50,10.55,10.20,10.25,65065
2009-11-17,10.35,10.50,10.00,10.25,83361
2009-11-18,10.50,10.70,10.20,10.30,58635
2009-11-19,10.25,10.40,10.05,10.15,33084
2009-11-20,10.00,10.25,9.70,10.05,54962
2009-11-23,10.40,10.70,10.15,10.25,32197
2009-11-24,10.10,10.40,9.85,10.20,67701
2009-11-25,10.45,10.70,10.10,10.15,41511
2009-11-26,10.35,10.40,9.95,10.00,25663
2009-11-27,9.75,10.60,9.55,10.15,80526
2009-11-30,10.70,10.70,10.15,10.25,61037
2009-12-01,10.65,10.70,10.10,10.55,54598
2009-12-02,10.50,10.70,10.15,10.30,78353
2009-12-03,10.40,10.75,10.30,10.65,87014
2009-12-04,10.70,10.80,10.40,10.60,53130
2009-12-07,10.35,10.65,10.25,10.40,47296
2009-12-08,10.35,10.50,10.20,10.40,26938
2009-12-09,10.50,10.80,10.25,10.30,90465
2009-12-10,10.30,10.90,10.25,10.75,229575
2009-12-11,10.85,11.00,10.20,10.35,131859
2009-12-14,10.35,10.50,10.10,10.15,25609
2009-12-15,10.05,10.35,10.05,10.10,32747
2009-12-16,10.05,10.30,9.95,10.15,30681
2009-12-17,10.00,10.30,10.00,10.10,42592
2009-12-18,10.05,10.50,10.05,10.10,22278
2009-12-21,10.40,10.65,10.10,10.20,49009
2009-12-22,10.15,10.35,10.15,10.20,13170
2009-12-23,10.05,10.40,10.05,10.15,26274
2009-12-24,10.15,10.40,10.15,10.30,56369
2009-12-29,10.25,10.50,10.20,10.35,53474
2009-12-30,10.20,10.90,10.15,10.60,98442
2009-12-31,10.85,10.85,10.40,10.45,48667
2010-01-04,10.75,11.50,10.50,11.35,401275
2010-01-05,11.90,11.90,11.05,11.35,313224
2010-01-06,11.25,11.70,11.05,11.30,213637
2010-01-07,11.20,12.00,11.20,11.70,256397
2010-01-08,11.70,12.00,11.45,11.60,174155
2010-01-11,11.85,12.00,11.65,11.75,259954
2010-01-12,12.00,12.50,11.60,11.75,400520
2010-01-13,11.90,12.30,11.65,11.95,160054
2010-01-14,11.95,12.25,11.75,11.85,188273
2010-01-15,11.90,14.25,11.65,14.25,1764619
2010-01-18,14.75,16.70,13.50,16.35,3656170
2010-01-19,16.45,19.65,16.20,19.65,5770198
2010-01-20,20.40,21.65,20.20,20.50,10746577
2010-01-21,21.00,21.55,18.50,20.50,7945675
2010-08-20,19.30,19.30,18.40,18.60,104670
2010-08-23,18.65,18.75,18.10,18.15,60186
2010-08-24,18.00,19.05,17.60,18.30,136821
2010-08-25,17.55,18.60,17.55,17.75,67169
2010-08-26,17.40,18.25,17.40,17.85,23204
2010-08-27,17.50,18.05,17.00,17.10,66222
2010-08-30,17.70,18.00,17.00,17.65,65789
2010-08-31,17.65,17.65,16.85,17.20,58575
2010-09-01,17.40,18.00,17.35,17.45,51005
2010-09-02,17.60,18.10,17.50,17.65,33713
2010-09-03,17.90,18.55,17.10,18.55,137292
2010-09-06,19.50,19.50,19.50,19.50,166549
2010-09-07,21.30,21.40,19.00,19.15,320207
2010-09-08,19.60,21.10,19.55,20.95,1175971
2010-09-09,21.65,23.05,20.20,22.90,1085321
2010-09-13,22.95,24.00,21.25,21.45,394220
2010-09-14,21.55,22.00,20.55,20.95,172587
2010-09-15,21.00,21.50,20.50,20.60,142319
2010-09-16,20.40,21.40,20.00,20.10,131279
2010-09-17,20.15,20.95,20.15,20.55,64118
2010-09-20,20.20,21.80,19.80,21.30,299149
2010-09-21,21.50,21.70,20.15,20.35,113841
2010-09-22,20.45,21.80,20.15,21.30,266289
2010-09-23,20.50,21.10,20.30,20.60,127363
2010-09-24,20.35,21.50,20.35,21.00,136080
2010-09-27,21.25,21.35,20.25,20.40,73160
2010-09-28,20.70,20.70,20.25,20.35,107833
2010-09-29,20.25,22.40,20.20,22.40,646543
2010-09-30,22.20,23.30,21.05,21.40,296300
2010-10-01,20.20,21.95,20.20,20.75,123949
2010-10-04,20.40,21.60,20.30,20.65,144225
2010-10-05,20.35,21.10,20.35,20.50,62759
2010-10-06,20.55,22.35,20.55,21.35,476974
2010-10-07,21.85,21.85,20.30,20.55,230265
2010-10-08,21.55,21.55,20.20,20.45,61417
2010-10-11,21.45,22.20,20.10,21.60,373536
2010-10-12,21.00,21.65,20.70,21.00,181549
2010-10-13,22.30,22.30,20.85,21.15,122234
2010-10-14,21.15,23.20,21.00,21.95,1123009
2010-10-15,22.00,23.00,20.85,21.10,482769
2010-10-18,21.05,21.25,20.50,21.05,87170
2010-10-19,20.70,21.60,20.70,20.80,199779
2010-10-20,20.30,20.80,18.75,19.10,481824
2010-10-21,19.25,19.65,18.90,19.15,120010
2010-10-22,19.40,20.65,18.75,20.15,357536
2010-10-25,20.50,20.50,19.75,19.95,142124
2010-10-26,20.00,20.50,19.65,19.75,154998
2010-10-27,19.80,20.00,19.35,19.55,85019
2010-10-28,19.50,20.00,19.50,19.55,60568
2010-10-29,19.90,19.95,18.85,19.00,138455
2010-11-01,19.75,19.90,19.30,19.55,53403
2010-11-02,19.50,20.30,19.00,19.55,203962
2010-11-03,19.95,21.55,19.85,20.70,947584
2010-11-04,20.90,21.00,19.75,20.40,204104
2010-11-05,20.90,24.50,20.90,23.30,860049
2010-11-08,23.60,27.80,22.80,26.80,2017797
2010-11-09,26.80,29.35,25.00,28.40,1828619
2010-11-10,28.00,30.70,27.50,28.95,2067068
2010-11-11,28.60,29.70,26.60,27.45,1040760
2010-11-12,27.90,28.25,25.60,25.95,780816
2010-11-15,26.70,26.75,24.30,25.45,547476
2010-11-16,25.80,25.80,22.95,23.75,568767
2010-11-18,24.00,24.90,22.00,23.45,410669
2010-11-19,23.60,24.40,21.70,22.00,564628
2010-11-22,22.80,22.80,20.75,21.40,492892
2010-11-23,21.05,23.45,20.75,23.10,722658
2010-11-24,23.25,23.80,22.20,22.45,477207
2010-11-25,22.40,23.45,21.35,21.55,393414
2010-11-26,22.00,22.00,19.45,20.10,579372
2010-11-29,20.50,22.15,20.00,21.80,736070
2010-11-30,21.80,23.50,21.50,23.30,652625
2010-12-01,23.70,24.85,22.60,24.25,771748
2010-12-02,25.00,25.45,23.25,23.40,1002260
2010-12-03,23.40,23.50,22.00,22.25,404931
2010-12-06,22.50,23.60,22.10,22.60,289073
2010-12-07,22.50,22.70,21.55,21.90,220152
2010-12-08,21.60,22.10,20.85,21.40,243633
2010-12-09,21.50,21.50,19.30,19.30,464056
2010-12-10,18.50,20.60,18.25,19.60,440935
2010-12-13,20.20,20.20,18.00,19.10,589703
2010-12-14,19.50,20.40,19.10,19.60,477463
2010-12-15,19.90,20.25,18.90,19.20,389801
2010-12-16,19.50,19.60,18.35,18.95,466852
2010-12-20,18.50,20.10,18.50,19.70,332657
2010-12-21,19.60,20.70,19.60,19.85,435642
2010-12-22,20.00,20.40,19.55,19.75,152992
2010-12-23,19.50,20.20,19.50,19.80,108332
2010-12-24,19.05,20.40,19.05,20.15,246809
2010-12-27,20.50,20.80,19.90,20.05,178016
2010-12-28,20.40,20.40,19.85,20.00,86366
2010-12-29,20.00,20.80,19.80,20.30,201724
2010-12-30,20.30,21.00,20.25,20.55,343582
2010-12-31,20.95,21.50,20.50,21.05,294295
2011-01-03,21.40,21.90,21.20,21.80,279484
2011-01-04,21.75,22.30,21.55,21.70,287344
2011-01-05,22.00,23.30,21.55,21.90,979792
2011-01-06,21.10,21.70,20.30,20.40,241940
2011-01-07,20.40,20.85,19.85,20.05,147574
2011-01-10,20.00,20.00,17.95,18.20,385882
2011-01-11,18.95,19.50,18.10,18.60,222183
2011-01-12,18.80,19.90,18.50,19.60,232157
2011-01-13,20.00,20.15,19.00,19.20,192634
2011-01-14,19.45,19.45,18.65,18.80,152706
2011-01-17,18.85,18.95,18.35,18.50,67656
2011-01-18,18.55,19.10,18.55,18.95,116334
2011-01-19,19.05,19.40,18.65,18.75,73839
2011-01-20,18.30,19.00,18.30,18.90,126802
2011-01-21,18.60,19.20,18.55,18.70,70155
2011-01-24,18.50,20.45,18.50,20.10,235748
2011-01-25,20.00,23.70,19.70,23.20,1333404
2011-01-27,23.80,24.15,21.10,21.35,469812
2011-01-28,21.30,21.80,20.25,20.70,315133
2011-01-31,20.05,22.40,20.05,21.30,345344
2011-02-01,21.90,22.25,19.75,20.10,332709
2011-02-02,20.90,20.90,20.20,20.35,123472
2011-02-03,20.80,21.70,20.30,21.45,242590
2011-02-04,21.95,22.50,21.30,21.60,279477
2011-02-07,22.45,22.60,20.70,21.30,370814
2011-02-08,22.50,22.50,19.60,19.95,276797
2011-02-09,19.60,20.10,18.80,19.25,295822
2011-02-10,19.20,19.65,17.85,18.95,280180
2011-02-11,19.20,20.35,19.00,20.00,215968
2011-02-14,20.80,21.25,20.25,21.05,205456
2011-02-15,21.50,22.15,20.60,21.80,464714
2011-02-16,22.00,22.25,21.15,21.35,152529
2011-02-17,21.10,21.75,20.80,21.15,136470
2011-02-18,21.40,21.55,20.40,20.55,229216
2011-02-21,21.00,21.00,19.80,20.50,348078
2011-02-22,20.50,21.60,20.20,20.85,283976
2011-02-23,20.80,21.50,20.80,21.05,108548
2011-02-24,20.80,20.80,20.00,20.10,146879
2011-02-25,20.25,23.90,19.50,21.10,1639702
2011-02-28,21.50,22.75,20.50,20.70,858623
2011-03-01,21.25,21.35,20.70,21.25,150706
2011-03-03,21.20,21.70,20.70,21.05,164466
2011-03-04,21.30,21.50,20.85,21.15,121593
2011-03-07,21.25,22.50,20.75,21.85,391042
2011-03-08,21.90,23.35,21.65,23.00,611286
2011-03-09,23.70,24.40,22.65,22.90,555697
2011-03-10,22.85,22.85,22.10,22.25,142171
2011-03-11,21.85,22.40,21.30,21.60,188596
2011-03-14,21.50,22.25,21.30,21.95,171125
2011-03-15,20.65,22.45,20.65,21.90,209583
2011-03-16,22.05,22.60,22.05,22.25,286178
2011-03-17,22.05,22.50,21.65,22.15,153289
2011-03-18,22.30,22.30,21.55,21.65,59788
2011-03-21,21.90,22.00,21.30,21.45,115043
2011-03-22,21.75,22.25,21.30,21.55,158609
2011-03-23,21.40,21.85,20.70,21.25,224300
2011-03-24,21.45,21.95,21.10,21.65,123241
2011-03-25,21.60,22.40,21.60,22.10,320014
2011-03-28,22.80,23.40,22.30,22.55,855900
2011-03-29,22.60,23.00,21.95,22.00,393756
2011-03-30,21.90,22.85,21.90,22.55,180658
2011-03-31,22.60,22.70,22.15,22.40,155905
2011-04-01,22.70,24.30,22.50,23.95,731427
2011-04-04,24.00,28.50,23.60,27.40,1380246
2011-04-05,27.20,28.40,25.80,27.15,888309
2011-04-06,27.30,27.65,25.80,26.05,361168
2011-04-07,26.15,28.30,25.50,27.75,855520
2011-04-08,28.50,28.50,26.40,26.55,410288
2011-04-11,26.85,27.30,26.05,26.90,279959
2011-04-13,26.80,30.30,26.80,29.10,1786225
2011-04-15,29.40,30.90,28.60,29.45,1363505
2011-04-18,29.50,30.30,27.40,27.75,446330
2011-04-19,27.05,29.30,27.05,28.85,474357
2011-04-20,29.40,29.75,27.90,28.35,381147
2011-04-21,28.50,28.80,27.65,27.75,187788
2011-04-25,27.80,28.55,27.40,27.60,247864
2011-04-26,28.15,28.15,26.90,27.10,190304
2011-04-27,27.50,28.00,26.90,27.40,242233
2011-04-28,28.00,29.30,27.80,28.50,590206
2011-04-29,28.80,29.90,27.20,27.90,1011797
2011-05-02,28.00,28.60,27.50,28.10,173294
2011-05-03,28.00,28.85,26.60,26.95,177307
2011-05-04,27.00,27.60,26.60,26.70,153761
2011-05-05,26.85,27.25,26.50,26.65,119157
2011-05-06,26.70,26.90,25.90,26.50,157951
2011-05-09,26.95,26.95,24.85,25.10,251948
2011-05-10,25.00,26.20,25.00,25.35,341344
2011-05-11,25.55,25.85,25.25,25.70,136436
2011-05-12,25.30,27.25,25.10,26.75,247463
2011-05-13,26.75,27.45,25.60,26.15,176923
2011-05-16,26.40,29.85,26.05,28.65,2139694
2011-05-17,28.60,29.00,27.20,27.55,422640
2011-05-18,27.60,28.00,26.85,27.10,196027
2011-05-19,27.50,27.85,26.70,26.90,253932
2011-05-20,27.30,28.40,25.50,27.35,1086780
2011-05-23,27.50,27.75,24.75,24.95,640702
2011-05-24,25.10,25.45,24.50,24.60,178412
2011-05-25,24.50,25.00,23.00,23.35,472203
2011-05-26,24.95,24.95,23.30,23.75,146753
2011-05-27,24.20,24.65,23.70,24.35,182621
2011-05-30,24.50,25.30,24.40,24.95,182313
2011-05-31,25.20,26.25,24.90,26.00,288671
2011-06-01,26.30,26.75,25.75,26.45,269743
2011-06-02,26.00,27.35,25.90,26.65,261219
2011-06-03,26.90,27.20,26.20,26.45,188468
2011-06-06,26.50,27.10,26.40,26.75,116203
2011-06-07,26.90,27.20,26.50,26.70,82747
2011-06-08,26.60,26.90,26.10,26.45,90077
2011-06-09,26.70,27.80,26.20,27.55,482506
2011-06-10,27.75,27.75,26.55,26.65,218648
2011-06-13,25.00,27.30,25.00,26.95,142725
2011-06-14,27.40,27.45,26.80,27.00,107100
2011-06-15,26.00,28.80,26.00,28.00,725216
2011-06-16,27.50,28.60,26.80,27.35,240404
2011-06-17,27.35,27.65,26.55,26.75,73275
2011-06-20,26.85,26.85,23.25,25.75,212382
2011-06-21,25.75,26.35,25.30,26.05,85076
2011-06-22,26.25,26.25,24.60,24.95,75044
2011-06-23,25.00,25.85,24.60,25.05,146723
2011-06-24,25.00,25.90,25.00,25.50,86320
2011-06-27,25.50,26.20,25.40,25.65,63629
2011-06-28,25.30,26.00,25.30,25.60,42953
2011-06-29,25.80,27.15,25.60,26.00,260216
2011-06-30,26.40,27.35,26.30,26.70,187471
2011-07-01,27.00,27.25,26.00,26.25,72482
2011-07-04,26.40,26.75,25.90,26.20,109950
2011-07-05,26.15,27.15,25.90,26.70,189954
2011-07-06,26.90,27.20,26.30,26.50,195811
2011-07-07,26.45,26.85,26.20,26.35,78873
2011-07-08,26.50,27.30,26.15,26.65,311849
2011-07-11,26.85,26.85,26.10,26.25,53975
2011-07-12,26.00,26.50,25.90,26.25,246739
2011-07-13,26.70,26.90,26.30,26.65,62931
2011-07-14,26.55,29.35,26.55,27.60,631730
2011-07-15,27.25,28.15,26.60,26.80,109187
2011-07-18,27.00,27.00,26.40,26.50,37818
2011-07-19,26.20,27.50,26.20,27.05,74447
2011-07-20,27.15,28.80,27.10,28.05,590384
2011-07-21,28.05,29.45,27.70,28.55,277955
2011-07-22,28.60,29.75,28.25,28.85,289647
2011-07-25,29.00,29.65,28.40,29.10,311753
2011-07-26,28.75,29.45,27.65,27.85,161772
2011-07-27,28.60,28.90,27.85,28.00,179498
2011-07-28,27.10,27.95,27.10,27.55,91370
2011-07-29,27.25,28.00,26.50,26.80,110887
2011-08-01,28.25,29.30,26.80,27.70,435599
2011-08-02,27.00,28.90,27.00,28.45,506209
2011-08-03,28.10,29.50,27.65,29.05,490235
2011-08-04,29.50,31.45,28.30,29.65,1257538
2011-08-05,28.05,29.35,27.70,28.30,486387
2011-08-08,27.10,28.85,27.10,28.05,374338
2011-08-09,26.60,27.50,23.90,24.70,480239
2011-08-10,25.25,27.30,25.25,26.75,526634
2011-08-11,26.50,27.60,26.30,27.00,333099
2011-08-12,26.90,27.60,26.35,26.45,114254
2011-08-16,27.20,27.20,25.15,25.40,65706
2011-08-17,26.00,26.00,24.20,24.60,109265
2011-08-18,24.80,25.00,23.10,23.25,115264
2011-08-19,23.00,24.25,22.55,23.90,110923
2011-08-22,24.50,24.50,23.10,24.30,55189
2011-08-23,24.05,25.35,24.05,25.00,254399
2011-08-24,24.75,25.20,23.80,24.05,93275
2011-08-25,24.80,24.80,23.80,24.10,104823
2011-08-26,24.40,24.75,22.15,22.65,175498
2011-08-29,23.50,24.50,23.50,23.80,111786
2011-08-30,24.30,25.00,23.80,24.70,156967
2011-09-02,24.15,25.05,24.15,24.30,123327
2011-09-05,24.35,25.00,23.80,24.20,125735
2011-09-06,24.45,24.85,24.25,24.55,132858
2011-09-07,24.50,24.85,23.75,23.90,307452
2011-09-08,24.10,24.25,23.65,23.85,272466
2011-09-09,23.90,24.15,23.15,23.30,268528
2011-09-12,23.00,23.45,22.50,23.00,103102
2011-09-13,23.90,23.90,23.10,23.25,65357
2011-09-14,23.20,23.70,22.90,23.40,91022
2011-09-15,23.50,24.05,23.20,23.30,64050
2011-09-16,23.30,23.65,23.05,23.30,34968
2011-09-19,23.40,23.40,22.50,22.95,72977
2011-09-20,22.95,23.35,22.95,23.15,23070
2011-09-21,22.50,23.50,22.50,22.85,33765
2011-09-22,23.10,24.30,22.05,22.35,96471
2011-09-23,21.50,22.50,21.40,21.50,71138
2011-09-26,21.10,21.90,20.00,20.45,165180
2011-09-27,21.00,21.60,20.70,21.05,111163
2011-09-28,20.90,21.60,20.90,21.25,105572
2011-09-29,20.50,21.45,20.50,21.10,101646
2011-09-30,20.55,21.75,20.55,21.05,112070
2011-10-03,20.15,20.60,19.80,20.40,40274
2011-10-04,19.80,20.95,19.80,20.20,34626
2011-10-05,20.00,21.25,20.00,20.50,39794
2011-10-07,20.70,21.45,20.55,20.70,24999
2011-10-10,20.40,21.90,20.40,21.45,72518
2011-10-11,21.00,22.15,21.00,21.80,131037
2011-10-12,21.05,22.50,21.05,22.15,31625
2011-10-13,21.80,23.00,21.80,22.35,55929
2011-10-14,21.45,23.10,21.45,22.75,47725
2011-10-17,22.05,24.40,22.05,24.00,306867
2011-10-18,23.55,23.80,22.55,22.90,67882
2011-10-19,23.45,24.30,23.10,23.30,133755
2011-10-20,23.50,24.50,23.50,23.75,68007
2011-10-21,23.60,24.00,23.40,23.55,59712
2011-10-24,23.85,24.00,23.55,23.70,39332
2011-10-25,23.60,23.90,23.00,23.70,86363
2011-10-26,23.80,24.75,23.60,24.40,135293
2011-10-28,24.00,24.65,23.55,24.20,92726
2011-10-31,24.00,24.70,23.85,24.30,61470
2011-11-01,24.00,24.40,23.85,23.95,42773
2011-11-02,23.50,24.70,23.50,24.15,87199
2011-11-03,24.00,24.50,23.80,24.35,46149
2011-11-04,24.45,24.75,24.10,24.15,51600
2011-11-08,24.00,24.00,23.55,24.00,36893
2011-11-09,23.90,24.30,23.65,23.90,29460
2011-11-11,23.35,24.00,22.50,22.85,35254
2011-11-14,22.90,23.40,21.80,21.95,61078
2011-11-15,21.95,21.95,19.90,20.05,154462
2011-11-16,20.30,21.90,19.30,20.65,95133
2011-11-17,21.00,21.35,20.20,20.30,72626
2011-11-18,20.40,21.70,19.45,20.60,177462
2011-11-21,20.20,20.50,19.70,20.05,54289
2011-11-22,19.75,20.50,19.75,20.15,32160
2011-11-23,20.85,20.85,18.90,19.20,63990
2011-11-24,19.75,19.75,18.80,19.20,59771
2011-11-25,19.00,21.50,19.00,19.80,117300
2011-11-28,20.05,20.90,19.60,20.35,41990
2011-11-29,20.40,20.40,19.85,20.10,19011
2011-11-30,19.85,19.85,18.25,18.45,272680
2011-12-01,19.10,19.45,18.95,19.10,37957
2011-12-02,18.70,20.25,18.70,19.85,41626
2011-12-05,20.25,20.25,19.30,19.45,61103
2011-12-07,19.60,19.90,19.30,19.70,57229
2011-12-08,19.35,19.75,19.00,19.15,16271
2011-12-09,18.55,19.20,18.30,18.50,35428
2011-12-12,18.70,19.20,17.40,17.60,70583
2011-12-13,18.25,18.50,17.30,17.90,61536
2011-12-14,17.90,18.00,17.55,17.80,26672
2011-12-15,17.50,17.60,16.85,17.30,81792
2011-12-16,17.70,17.90,16.75,17.45,52391
2011-12-19,17.00,17.00,16.05,16.50,52377
2011-12-20,16.25,16.40,15.70,15.80,63827
2011-12-21,16.90,16.90,16.10,16.30,56759
2011-12-22,16.00,16.70,16.00,16.25,38329
2011-12-23,16.50,17.50,16.25,16.95,95991
2011-12-26,17.45,17.45,16.70,17.05,15968
2011-12-27,17.20,17.25,16.65,16.70,7607
2011-12-28,16.30,16.90,16.30,16.60,12377
2011-12-29,16.20,19.80,16.20,17.00,63053
2011-12-30,16.50,17.80,16.50,17.45,25943
2012-01-02,17.55,17.90,17.15,17.50,12285
2012-01-03,17.50,18.80,17.50,18.50,76119
2012-01-04,18.85,19.70,18.05,18.90,223578
2012-01-05,18.00,19.10,18.00,18.90,29724
2012-01-06,18.25,19.40,18.25,19.20,48849
2012-01-09,21.55,22.30,20.55,20.80,388700
2012-01-10,21.00,21.75,20.70,20.95,76422
2012-01-11,20.95,21.45,20.60,20.70,53752
2012-01-12,20.10,21.30,20.10,20.70,90088
2012-01-13,20.55,21.70,20.55,20.95,109023
2012-01-16,20.70,22.45,20.50,21.50,229534
2012-01-17,21.05,21.70,20.50,20.65,82006
2012-01-18,20.50,20.80,20.20,20.35,37244
2012-01-19,20.35,20.85,20.25,20.60,74094
2012-01-20,20.45,20.70,20.05,20.15,41543
2012-01-23,20.30,20.40,19.50,19.75,25468
2012-01-24,19.25,20.40,19.25,20.05,18403
2012-01-25,19.65,20.30,19.65,19.95,51383
2012-01-27,19.75,21.40,19.75,21.20,106572
2012-01-30,20.80,23.35,20.80,22.30,258571
2012-01-31,22.00,22.20,20.90,21.30,85435
2012-02-01,21.30,22.60,21.15,22.00,237239
2012-02-02,22.15,22.65,21.65,22.10,129449
2012-02-03,22.10,24.30,21.80,23.60,301661
2012-02-06,24.00,24.85,23.55,24.05,145603
2012-02-07,24.45,24.45,22.90,23.10,68979
2012-02-08,22.80,24.60,22.25,23.75,63194
2012-02-09,23.90,24.80,23.40,23.95,91249
2012-02-10,24.30,24.30,22.90,23.55,76931
2012-02-13,23.40,24.80,23.25,24.05,262821
2012-02-14,24.10,24.30,23.55,23.65,97619
2012-02-15,23.90,24.40,23.50,23.75,88080
2012-02-16,23.80,24.90,23.60,23.85,136832
2012-02-17,24.10,24.25,23.10,23.30,62419
2012-02-21,23.50,23.65,22.65,22.80,85159
2012-02-22,22.90,23.15,21.60,21.65,86099
2012-02-23,21.65,21.85,20.10,21.20,145474
2012-02-24,22.10,22.10,20.85,21.10,55831
2012-02-27,21.00,21.95,20.65,20.80,55389
2012-02-28,21.40,21.75,21.00,21.35,62833
2012-02-29,21.55,21.60,20.30,20.80,64023
2012-03-01,20.80,21.75,20.65,21.55,133116
2012-03-02,21.35,22.00,21.00,21.20,75354
2012-03-05,21.40,21.90,21.00,21.35,58422
2012-03-06,21.20,21.85,20.40,20.60,62986
2012-03-07,20.30,21.00,20.20,20.55,31893
2012-03-09,21.00,21.40,20.60,20.85,32283
2012-03-12,20.90,21.80,20.60,21.50,92729
2012-03-13,21.50,22.50,21.50,21.85,121246
2012-03-14,22.00,22.35,21.55,21.75,44519
2012-03-15,21.60,22.00,21.35,21.50,34977
2012-03-16,21.85,22.40,20.00,20.20,181068
2012-03-19,20.70,20.70,19.30,19.55,39862
2012-03-20,19.60,20.00,19.00,19.25,29050
2012-03-21,19.10,19.70,19.10,19.60,29673
2012-03-22,19.40,20.15,18.40,18.65,79161
2012-03-23,19.15,19.20,18.60,18.95,29261
2012-03-26,18.95,19.00,18.20,18.25,108321
2012-03-27,18.70,18.70,18.20,18.30,146154
2012-03-28,18.15,18.90,17.50,18.00,230909
2012-03-29,18.00,19.00,18.00,18.80,30838
2012-03-30,18.90,20.50,18.75,20.00,54737
2012-04-02,19.70,20.45,19.70,20.20,70201
2012-04-03,20.45,21.25,20.15,20.95,114751
2012-04-04,20.80,20.90,20.30,20.90,35333
2012-04-09,20.60,21.00,20.30,20.85,62989
2012-04-10,21.45,21.50,20.50,21.20,72869
2012-04-11,20.55,21.05,20.15,20.80,36131
2012-04-12,20.50,21.50,20.50,21.05,37692
2012-04-13,21.00,21.25,20.50,20.65,52161
2012-04-16,20.40,20.65,20.35,20.40,6024
2012-04-17,20.50,20.75,20.15,20.55,12742
2012-04-18,20.35,21.15,20.35,20.65,10239
2012-04-19,20.50,21.25,20.25,20.70,47867
2012-04-20,20.75,21.00,20.40,20.65,14973
2012-04-23,20.80,21.10,19.50,20.05,44234
2012-04-24,19.60,20.20,19.50,19.85,39119
2012-04-25,19.80,20.00,18.80,19.50,52062
2012-04-26,19.80,19.80,19.45,19.50,7464
2012-04-27,19.60,19.80,18.80,18.95,24018
2012-04-30,20.10,20.30,19.60,19.90,14026
2012-05-02,19.85,20.20,19.35,19.75,21363
2012-05-03,19.55,19.90,18.90,19.05,12452
2012-05-04,19.50,19.50,18.25,18.80,61895
2012-05-07,18.50,19.90,18.10,19.25,30488
2012-05-08,19.35,19.75,18.85,18.95,88348
2012-05-09,18.50,19.25,18.35,18.85,25680
2012-05-10,19.20,19.20,18.80,18.90,16385
2012-05-11,19.20,19.20,18.75,18.95,23298
2012-05-14,18.60,19.65,18.60,19.15,34592
2012-05-15,19.20,21.00,19.20,20.25,138172
2012-05-16,20.45,21.55,20.00,21.35,88379
2012-05-17,21.25,21.85,20.00,20.70,35209
2012-05-18,19.30,20.15,19.00,19.75,45808
2012-05-21,19.95,20.00,19.45,19.50,10519
2012-05-22,19.60,20.35,19.60,19.95,22169
2012-05-23,19.75,20.20,19.50,19.55,9954
2012-05-24,19.60,20.15,19.50,19.70,24383
2012-05-25,19.50,19.85,19.35,19.45,11142
2012-05-28,19.70,20.10,19.40,19.90,21999
2012-05-29,19.85,20.60,19.85,20.05,29654
2012-05-30,19.90,20.15,19.60,19.80,23043
2012-05-31,19.55,19.95,19.55,19.75,27408
2012-06-01,19.60,19.85,19.25,19.35,14144
2012-06-04,19.50,20.00,18.90,19.40,28478
2012-06-05,19.90,19.95,19.30,19.60,16710
2012-06-06,19.70,20.25,19.60,20.00,14775
2012-06-07,20.00,20.30,19.70,19.70,8459
2012-06-08,19.50,19.80,19.25,19.50,38281
2012-06-11,19.55,20.00,19.55,19.65,31052
2012-06-12,19.45,19.95,19.35,19.45,29362
2012-06-13,19.75,19.75,19.30,19.55,6735
2012-06-14,20.20,20.45,19.55,19.70,66748
2012-06-15,19.60,19.75,19.40,19.55,7156
2012-06-18,19.45,19.65,19.10,19.40,12259
2012-06-19,19.65,19.65,19.25,19.30,8275
2012-06-20,19.45,19.50,19.25,19.35,6800
2012-06-21,19.20,19.50,19.20,19.35,5081
2012-06-22,19.80,19.80,19.10,19.20,36151
2012-06-25,19.45,19.50,18.90,19.10,19922
2012-06-26,19.10,19.20,18.70,19.10,7300
2012-06-27,18.95,19.20,18.55,18.70,14704
2012-06-28,18.85,19.55,18.85,19.30,15776
2012-06-29,19.45,19.65,18.85,19.40,16931
2012-07-02,19.40,20.00,19.00,19.15,63582
2012-07-03,19.10,19.55,19.05,19.10,29175
2012-07-04,19.25,19.70,19.15,19.40,132423
2012-07-05,19.65,20.45,19.65,20.20,210421
2012-07-06,20.50,20.75,19.90,20.30,79431
2012-07-09,20.00,20.05,19.40,19.40,39126
2012-07-10,19.50,19.85,19.40,19.70,23366
2012-07-11,19.80,20.45,19.25,19.70,47539
2012-07-12,19.55,19.55,19.00,19.30,45310
2012-07-13,19.25,19.50,19.05,19.05,31437
2012-07-16,19.40,19.40,18.35,18.55,49884
2012-07-17,18.55,19.00,18.40,18.45,44281
2012-07-18,18.30,18.50,18.00,18.30,40763
2012-07-19,18.50,18.65,18.40,18.40,11325
2012-07-20,18.45,18.45,17.65,17.85,73473
2012-07-23,18.25,19.65,18.25,19.15,252296
2012-07-24,19.00,19.50,18.80,19.15,21911
2012-07-25,19.40,19.40,18.40,18.90,38652
2012-07-26,18.70,18.70,18.10,18.35,28117
2012-07-27,18.80,18.90,17.75,17.75,46181
2012-07-30,17.75,18.50,17.75,18.20,24712
2012-07-31,18.00,18.00,17.40,17.55,69696
2012-08-01,17.60,18.75,17.60,18.25,44416
2012-08-02,18.05,18.70,17.80,18.25,22334
2012-08-03,18.05,18.25,17.80,17.90,9483
2012-08-06,18.10,18.40,17.80,18.00,32556
2012-08-07,18.00,18.20,17.90,18.05,21221
2012-08-08,18.00,18.40,17.65,17.75,159254
2012-08-09,17.75,17.85,17.10,17.25,39735
2012-08-10,17.40,17.40,17.00,17.15,26581
2012-08-13,17.10,17.30,17.00,17.15,16040
2012-08-14,17.15,17.35,16.90,17.05,20161
2012-08-16,17.00,17.20,16.75,16.80,11864
2012-08-17,17.00,17.40,16.85,16.85,70240
2012-08-21,16.90,17.30,16.80,16.90,9669
2012-08-22,17.35,19.00,17.00,17.00,12212
2012-08-23,16.85,17.20,16.50,16.75,37495
2012-08-24,16.50,16.50,15.55,15.75,113780
2012-08-27,15.75,16.25,15.60,15.75,38727
2012-08-28,15.60,15.70,15.10,15.55,124830
2012-08-29,15.65,15.70,15.35,15.35,10900
2012-08-30,15.45,15.80,15.25,15.40,3868
2012-08-31,15.75,15.80,15.30,15.30,14013
2012-09-03,15.25,15.45,15.15,15.35,28123
2012-09-04,15.50,16.60,15.30,16.00,37161
2012-09-05,15.80,17.05,15.80,16.05,22518
2012-09-06,16.00,17.95,16.00,17.30,77554
2012-09-07,19.00,19.00,17.25,17.40,26764
2012-09-10,17.40,18.30,17.00,17.75,33525
2012-09-11,17.65,18.00,17.25,17.65,38256
2012-09-12,17.55,19.00,17.55,18.20,32477
2012-09-13,18.05,18.70,17.60,18.05,46553
2012-09-14,18.30,18.30,17.60,18.00,65028
2012-09-17,18.35,19.50,18.35,18.95,76230
2012-09-18,18.70,19.50,18.20,19.40,58067
2012-09-20,19.40,20.30,19.00,19.05,41570
2012-09-21,19.25,19.70,19.00,19.10,43282
2012-09-24,19.50,20.20,19.20,20.00,74751
2012-09-25,20.05,20.40,19.10,19.90,80939
2012-09-26,20.00,20.50,19.75,19.85,40262
2012-09-27,20.25,20.80,19.55,19.75,234672
2012-09-28,20.00,20.00,19.10,19.20,36039
2012-10-01,19.90,19.90,18.70,19.45,43738
2012-10-03,19.30,19.40,18.75,18.85,48875
2012-10-04,19.25,19.90,18.50,19.10,70618
2012-10-05,19.00,19.25,18.60,18.75,33448
2012-10-08,18.80,19.25,18.50,18.70,32822
2012-10-09,18.60,19.20,18.50,19.00,33981
2012-10-10,18.80,19.00,18.50,18.75,9477
2012-10-11,18.95,20.40,18.80,19.35,248693
2012-10-12,19.35,19.40,18.80,18.90,27597
2012-10-15,19.40,19.45,18.50,18.50,19975
2012-10-16,18.40,18.60,17.85,17.85,32344
2012-10-17,18.25,18.30,17.50,17.55,37000
2012-10-18,17.80,18.40,17.40,18.00,31525
2012-10-19,18.10,18.25,17.85,17.90,14322
2012-10-22,18.00,18.00,17.50,17.55,15690
2012-10-23,17.95,17.95,17.50,17.70,62310
2012-10-25,17.60,17.70,17.40,17.55,3964
2012-10-26,17.65,17.65,17.10,17.20,15369
2012-10-29,17.65,17.65,16.90,17.10,20243
2012-10-30,17.45,17.45,16.50,16.60,13336
2012-10-31,16.80,17.00,16.40,16.60,22637
2012-11-01,16.80,16.85,16.60,16.70,6860
2012-11-02,17.05,17.60,16.70,17.25,61668
2012-11-05,17.05,17.70,17.05,17.70,19307
2012-11-06,17.50,17.90,17.10,17.60,26036
2012-11-07,17.90,18.50,17.90,17.95,63367
2012-11-08,17.70,18.50,17.30,17.95,48911
2012-11-09,18.10,18.45,17.85,18.05,33684
2012-11-12,18.40,18.40,17.80,17.95,6385
2012-11-13,18.35,18.35,17.75,18.00,5571
2012-11-15,17.85,18.05,17.30,18.00,10617
2012-11-16,18.05,18.40,17.60,17.60,42868
2012-11-19,18.10,18.10,17.65,17.85,6111
2012-11-20,17.65,17.95,17.15,17.20,19426
2012-11-21,17.60,17.60,17.05,17.20,15516
2012-11-22,17.10,17.40,17.00,17.15,62771
2012-11-23,17.15,17.55,17.00,17.15,38870
2012-11-26,17.05,17.55,16.90,16.90,24245
2012-11-27,17.10,17.50,17.10,17.20,22694
2012-11-29,17.35,17.40,17.20,17.30,6658
2012-11-30,17.30,17.65,17.25,17.25,14184
2012-12-03,17.15,18.15,17.15,17.75,65129
2012-12-04,17.70,18.50,17.60,18.05,71168
2012-12-05,18.00,18.65,18.00,18.00,141555
2012-12-06,18.60,18.60,17.80,18.05,119165
2012-12-07,18.30,18.45,17.80,17.90,80961
2012-12-10,18.40,18.60,17.85,18.20,71138
2012-12-11,18.15,18.40,18.05,18.10,18379
2012-12-12,18.10,18.35,17.70,17.85,56867
2012-12-13,17.70,18.20,16.95,17.05,87425
2012-12-14,17.55,18.00,17.25,17.35,79639
2012-12-17,17.75,17.80,17.15,17.30,13571
2012-12-18,17.25,17.50,16.40,16.85,151439
2012-12-19,17.20,17.20,16.90,16.95,97539
2012-12-20,17.00,17.10,16.60,16.60,51726
2012-12-21,16.55,17.50,16.20,16.65,39891
2012-12-24,16.80,16.85,16.40,16.45,35559
2012-12-26,16.65,16.80,16.45,16.60,127499
2012-12-27,16.50,16.50,16.25,16.35,23213
2012-12-28,16.30,16.50,15.90,15.95,174138
2012-12-31,16.50,16.50,15.05,15.15,174335
2013-01-01,15.25,15.90,15.25,15.75,86942
2013-01-02,16.35,16.85,15.70,16.50,103013
2013-01-03,16.50,16.70,16.40,16.40,22887
2013-01-04,16.60,16.90,16.40,16.55,38626
2013-01-07,16.35,17.60,16.35,17.25,96032
2013-01-08,17.30,17.85,17.30,17.65,69810
2013-01-09,17.70,17.90,17.50,17.55,34000
2013-01-10,17.35,17.70,17.15,17.40,39911
2013-01-11,17.50,17.50,16.70,16.80,20710
2013-01-14,16.70,16.70,16.35,16.60,25057
2013-01-15,16.55,16.85,16.20,16.45,25149
2013-01-16,16.35,16.70,16.25,16.50,22876
2013-01-17,16.35,16.40,16.10,16.10,23497
2013-01-18,16.25,16.60,16.20,16.35,29262
2013-01-21,16.60,16.75,16.40,16.55,27723
2013-01-22,16.30,16.65,16.25,16.50,17213
2013-01-23,16.50,16.50,16.20,16.25,7021
2013-01-24,16.10,16.25,15.75,15.85,17575
2013-01-25,15.70,16.20,15.50,16.05,10691
2013-01-28,15.70,16.25,15.70,16.00,12089
2013-01-29,15.95,16.00,15.75,15.75,6741
2013-01-30,15.80,15.95,15.55,15.75,21224
2013-01-31,15.85,15.85,15.50,15.65,19053
2013-02-01,15.80,15.90,15.50,15.65,27276
2013-02-04,15.75,15.85,15.45,15.85,11798
2013-02-05,15.80,15.85,15.05,15.30,12920
2013-02-06,15.30,15.50,14.95,15.10,29660
2013-02-07,15.20,15.30,15.00,15.00,7164
2013-02-08,15.00,15.00,14.70,14.85,90669
2013-02-11,14.90,15.40,14.55,14.85,76084
2013-02-12,15.30,15.40,14.55,14.90,43499
2013-02-13,14.75,15.15,14.35,15.00,134310
2013-02-14,14.70,14.75,12.90,13.00,239361
2013-02-15,13.20,13.40,12.80,13.25,25982
2013-02-18,13.10,13.85,13.10,13.70,18252
2013-02-19,13.90,14.00,13.60,13.70,99100
2013-02-20,13.90,14.35,13.25,13.35,30937
2013-02-21,13.35,13.60,13.30,13.40,19645
2013-02-22,13.25,13.55,13.25,13.25,7800
2013-02-25,13.20,13.55,12.80,13.40,15403
2013-02-26,13.20,13.60,12.90,13.60,42864
2013-02-27,13.70,14.40,13.40,13.90,69924
2013-02-28,14.00,14.60,12.15,12.70,100939
2013-03-01,12.40,13.25,12.30,12.70,42236
2013-03-04,12.80,12.80,12.00,12.10,22456
2013-03-05,12.15,12.85,11.85,12.85,106317
2013-03-06,12.50,13.20,12.50,13.10,6400
2013-03-07,13.15,13.15,12.60,13.10,4404
2013-03-08,13.35,13.35,12.65,12.85,5824
2013-03-11,13.25,13.25,12.55,12.55,5237
2013-03-12,12.60,12.90,12.20,12.45,6408
2013-03-13,12.20,12.80,12.05,12.50,126776
2013-03-14,12.25,12.35,12.00,12.25,12368
2013-03-15,12.20,12.70,11.75,12.20,50603
2013-03-18,12.00,12.35,11.95,12.25,10857
2013-03-19,12.00,12.00,11.75,11.75,4618
2013-03-20,11.60,12.10,11.60,12.05,18722
2013-03-21,11.70,12.00,11.60,11.75,6761
2013-03-22,11.55,12.00,11.35,11.95,93883
2013-03-25,11.70,12.05,11.60,11.70,52102
2013-03-26,11.60,11.75,10.90,11.20,62766
2013-03-28,11.75,12.00,11.10,11.95,60124
2013-04-01,11.75,12.50,11.75,12.40,39287
2013-04-02,12.30,12.95,11.90,12.80,151307
2013-04-03,12.35,13.40,12.35,12.95,96557
2013-04-04,12.90,13.50,12.15,13.30,147789
2013-04-05,13.00,13.00,12.55,12.80,14843
2013-04-08,12.60,12.80,12.35,12.80,1400
2013-04-09,12.70,13.00,11.80,11.85,39287
2013-04-10,11.80,12.00,11.65,11.80,4211
2013-04-11,11.80,12.70,11.80,11.85,20165
2013-04-12,12.10,12.60,11.15,11.35,71208
2013-04-15,11.90,11.90,11.50,11.50,5994
2013-04-16,11.25,11.70,11.15,11.50,10863
2013-04-17,11.35,13.00,11.35,12.60,79058
2013-04-18,12.25,12.65,11.90,12.15,18889
2013-04-22,12.40,12.45,12.00,12.20,5646
2013-04-23,12.10,12.50,11.80,12.20,65913
2013-04-25,11.60,13.25,11.60,13.20,77891
2013-04-26,13.00,13.15,12.50,12.75,10410
2013-04-29,12.30,12.70,12.05,12.60,5571
2013-04-30,12.95,12.95,12.20,12.20,10782
2013-05-02,12.30,12.65,12.20,12.30,26189
2013-05-03,12.40,12.40,10.45,10.80,195635
2013-05-06,11.00,11.25,9.50,9.60,559196
2013-05-07,9.95,10.40,9.60,10.00,220182
2013-05-08,10.30,10.30,9.90,10.15,33822
2013-05-09,10.15,10.60,10.05,10.15,40194
2013-05-10,10.05,10.70,10.00,10.60,72740
2013-05-13,10.90,10.90,10.15,10.30,25677
2013-05-14,10.35,10.35,9.90,10.00,32179
2013-05-15,10.20,10.25,10.05,10.10,8800
2013-05-16,10.10,10.40,10.05,10.30,21513
2013-05-17,10.15,10.35,10.10,10.20,11986
2013-05-20,10.10,11.00,10.10,10.50,86103
2013-05-21,10.30,11.05,10.20,11.00,89937
2013-05-22,11.10,11.10,10.45,10.45,4352
2013-05-23,10.85,10.85,10.10,10.25,5530
2013-05-24,10.25,11.00,10.20,10.40,30364
2013-05-27,10.90,11.25,10.70,11.25,64388
2013-05-28,11.00,11.35,11.00,11.15,34952
2013-05-29,11.00,11.30,10.85,11.30,17574
2013-05-30,11.00,11.15,10.85,10.85,6564
2013-05-31,10.80,10.90,10.40,10.40,19831
2013-06-03,10.80,11.00,10.40,10.70,45198
2013-06-04,10.60,10.80,10.55,10.60,39096
2013-06-05,10.50,10.90,10.15,10.80,10835
2013-06-06,10.65,10.90,10.65,10.70,6584
2013-06-07,10.60,11.20,10.30,11.05,31845
2013-06-10,10.90,11.10,10.55,10.75,85880
2013-06-11,10.60,10.85,10.10,10.50,30901
2013-06-12,10.35,10.40,10.20,10.25,13443
2013-06-13,10.25,10.30,9.90,10.30,18062
2013-06-14,10.30,10.30,10.10,10.30,9730
2013-06-17,10.10,10.20,10.00,10.10,20282
2013-06-18,10.25,10.40,10.10,10.15,40379
2013-06-19,10.10,10.45,10.10,10.40,14155
2013-06-20,10.30,10.30,9.90,10.05,9700
2013-06-21,10.00,10.95,9.75,10.30,25572
2013-06-24,10.00,10.50,9.85,9.90,6759
2013-06-25,9.90,10.00,9.90,9.95,5200
2013-06-26,9.90,10.10,9.80,9.80,16021
2013-06-27,10.00,10.05,9.75,9.90,67419
2013-06-28,9.85,10.15,9.85,10.15,126961
2013-07-01,9.85,10.85,9.85,10.50,56725
2013-07-02,10.35,11.10,10.10,10.65,42623
2013-07-03,11.70,11.70,10.50,10.80,16164
2013-07-04,10.80,10.80,10.35,10.35,7343
2013-07-05,10.50,10.50,10.10,10.20,24631
2013-07-08,10.40,10.40,9.90,10.20,19049
2013-07-09,10.10,10.50,10.00,10.50,18335
2013-07-10,10.45,10.65,10.15,10.35,37405
2013-07-11,10.25,11.15,10.25,11.00,62016
2013-07-12,11.10,11.10,10.60,10.75,31238
2013-07-15,10.70,12.80,10.70,12.80,127319
2013-07-16,12.25,13.80,12.10,12.60,112350
2013-07-17,12.65,13.50,12.00,12.70,33881
2013-07-18,12.65,12.85,12.10,12.15,7577
2013-07-19,12.00,12.80,11.80,11.80,4874
2013-07-22,12.05,12.05,11.50,11.65,12754
2013-07-23,11.20,11.75,11.20,11.60,9593
2013-07-24,11.35,11.35,10.80,11.00,35336
2013-07-25,11.00,11.15,10.60,10.75,23829
2013-07-26,11.00,11.00,10.65,10.95,21504
2013-07-29,10.80,10.95,10.50,10.50,4439
2013-07-30,10.55,11.20,10.40,10.80,50138
2013-07-31,11.05,11.10,10.60,10.70,88300
2013-08-01,11.20,11.60,10.35,10.35,32694
2013-08-02,10.40,10.55,9.75,9.80,27471
2013-08-05,9.70,10.45,9.20,10.00,17027
2013-08-06,9.90,10.20,9.75,9.80,9002
2013-08-07,9.90,10.00,9.75,10.00,15281
2013-08-08,10.00,10.80,10.00,10.80,60429
2013-08-12,10.90,11.30,10.60,11.05,51680
2013-08-13,11.00,11.60,11.00,11.30,14724
2013-08-14,11.00,11.40,10.50,10.70,45262
2013-08-16,11.00,11.00,10.25,10.25,24028
2013-08-19,10.25,10.85,10.25,10.65,15672
2013-08-20,10.25,11.00,10.15,10.80,12619
2013-08-21,10.80,11.00,10.55,10.65,14073
2013-08-22,10.50,11.15,10.35,11.15,26255
2013-08-23,11.15,13.25,11.15,13.25,326525
2013-08-26,13.05,13.50,12.20,12.50,51052
2013-08-27,12.35,12.70,11.25,11.65,72725
2013-08-28,11.60,12.45,11.15,12.00,12273
2013-08-29,12.05,12.05,11.70,12.00,10816
2013-08-30,12.25,12.50,11.70,12.40,13068
2013-09-02,12.00,12.65,12.00,12.30,6587
2013-09-03,12.00,12.35,11.80,11.95,9247
2013-09-04,11.90,12.45,11.85,12.45,18055
2013-09-05,12.50,13.50,12.30,13.30,105434
2013-09-06,13.00,13.20,12.55,12.60,8240
2013-09-10,12.80,13.90,12.60,13.00,116953
2013-09-11,13.00,14.05,12.80,13.25,98806
2013-09-12,13.25,14.30,13.10,13.80,48488
2013-09-13,13.90,13.95,13.15,13.85,66177
2013-09-16,14.00,14.00,13.50,13.50,27351
2013-09-17,13.50,13.50,13.10,13.15,4080
2013-09-18,13.70,14.25,13.30,13.75,38717
2013-09-19,13.80,14.40,13.60,14.40,75445
2013-09-20,14.30,14.30,13.50,13.55,18475
2013-09-23,13.95,14.00,13.30,13.45,5187
2013-09-24,13.30,13.50,12.80,12.80,18787
2013-09-25,12.90,13.35,12.80,13.00,10041
2013-09-26,12.95,13.75,12.95,13.20,22508
2013-09-27,13.00,13.10,12.80,12.80,14290
2013-09-30,13.20,13.20,12.85,13.00,3274
2013-10-01,12.90,13.00,12.75,12.90,9005
2013-10-03,12.70,13.00,12.40,12.75,10185
2013-10-04,13.00,13.00,12.55,12.75,7221
2013-10-07,13.40,13.40,12.60,12.90,29106
2013-10-08,13.20,13.50,12.80,13.25,17057
2013-10-09,13.50,13.70,13.05,13.60,38370
2013-10-10,13.70,13.80,13.30,13.60,14148
2013-10-11,13.65,13.70,13.45,13.70,26650
2013-10-14,13.50,13.70,13.15,13.20,6742
2013-10-15,13.80,13.80,13.05,13.20,12146
2013-10-17,13.50,13.55,13.15,13.50,5651
2013-10-18,13.30,14.40,13.30,13.80,84439
2013-10-21,13.70,14.00,13.35,13.90,42087
2013-10-22,13.85,13.85,13.30,13.65,7945
2013-10-23,14.20,14.20,13.30,13.35,12278
2013-10-24,13.50,14.20,13.25,13.75,23505
2013-10-25,14.40,14.40,12.80,12.80,77288
2013-10-28,12.95,13.50,12.90,12.90,12200
2013-10-29,13.45,13.45,12.65,13.00,16124
2013-10-30,13.00,13.25,12.75,13.00,14430
2013-10-31,13.00,13.55,12.75,13.50,30068
2013-11-01,13.70,13.70,12.85,13.10,41452
2013-11-05,13.40,14.20,13.15,14.20,68239
2013-11-06,14.10,15.00,13.85,14.00,20395
2013-11-07,13.85,14.05,12.80,12.80,91936
2013-11-08,12.70,13.40,12.65,13.25,37730
2013-11-11,13.00,13.00,12.20,13.00,13459
2013-11-12,13.20,13.30,12.60,12.60,8924
2013-11-13,12.60,12.80,12.30,12.55,18313
2013-11-14,12.40,14.05,12.35,13.60,35021
2013-11-18,13.90,14.00,13.60,14.00,35898
2013-11-19,13.70,14.20,13.50,14.00,9530
2013-11-20,14.25,14.25,13.50,13.55,23926
2013-11-21,13.90,13.90,13.10,13.45,22559
2013-11-22,13.80,13.80,13.35,13.65,5703
2013-11-25,13.60,13.85,13.40,13.65,4004
2013-11-26,14.25,14.25,13.40,13.70,4895
2013-11-27,13.65,14.50,13.60,14.50,116555
2013-11-28,14.95,14.95,13.75,14.00,19810
2013-11-29,13.85,14.60,13.85,13.90,18903
2013-12-02,14.40,14.75,14.10,14.40,16235
2013-12-03,14.25,14.50,14.15,14.40,3320
2013-12-04,14.60,14.60,13.70,13.90,55302
2013-12-05,14.05,14.10,12.80,13.40,125340
2013-12-06,13.50,13.55,13.00,13.55,47110
2013-12-09,13.70,14.45,13.45,14.10,39467
2013-12-10,14.30,14.75,13.50,14.05,53171
2013-12-11,14.10,14.50,13.85,14.25,41231
2013-12-12,13.95,14.05,13.75,14.00,12055
2013-12-13,14.00,14.00,13.40,13.65,14663
2013-12-16,13.40,13.80,13.25,13.65,20721
2013-12-17,13.70,13.70,13.35,13.55,4683
2013-12-18,13.50,13.80,13.50,13.55,13562
2013-12-19,13.50,13.70,13.40,13.40,8988
2013-12-20,13.30,13.55,13.30,13.50,8912
2013-12-23,13.70,14.10,13.30,13.75,25658
2013-12-24,13.75,14.20,13.60,13.75,4052
2013-12-26,13.75,14.40,13.60,13.75,23921
2013-12-27,13.95,13.95,13.65,13.65,14430
2013-12-30,13.65,13.85,13.40,13.60,25185
2013-12-31,13.40,13.75,13.35,13.50,5677
2014-01-01,13.60,13.75,13.45,13.75,17502
2014-01-02,13.85,14.10,13.00,13.15,47583
2014-01-03,13.50,13.65,13.20,13.30,14362
2014-01-06,13.30,14.25,13.25,13.85,34136
2014-01-07,14.15,14.15,13.20,13.35,10668
2014-01-08,13.40,13.60,12.60,13.30,50451
2014-01-09,13.10,13.45,13.10,13.25,22350
2014-01-10,13.10,13.35,13.10,13.20,9625
2014-01-13,13.15,13.50,13.00,13.20,31754
2014-01-14,13.25,13.25,13.05,13.25,1682
2014-01-15,13.25,13.35,13.05,13.05,2256
2014-01-16,13.05,13.20,12.90,12.90,5962
2014-01-17,12.90,13.55,12.90,13.20,17454
2014-01-20,13.45,13.45,13.05,13.05,1727
2014-01-21,13.15,13.15,12.90,12.90,5653
2014-01-22,13.40,13.90,12.95,13.40,42915
2014-01-23,13.50,13.50,13.15,13.20,6881
2014-01-24,13.15,13.40,12.80,13.10,13554
2014-01-27,13.00,13.10,12.15,12.30,14783
2014-01-28,12.65,12.90,12.50,12.50,20307
2014-01-29,13.00,13.00,12.75,12.75,4079
2014-01-30,12.60,13.25,12.50,12.95,19567
2014-01-31,12.70,13.00,12.70,12.75,14756
2014-02-03,12.80,12.85,12.60,12.65,1671
2014-02-04,12.60,12.80,12.15,12.70,7069
2014-02-05,12.50,12.90,12.30,12.80,5300
2014-02-06,13.10,13.20,12.70,12.75,14156
2014-02-07,13.10,13.10,12.70,12.90,10002
2014-02-10,12.85,12.90,12.55,12.55,3627
2014-02-11,12.60,13.00,12.40,12.65,42752
2014-02-12,12.60,12.75,12.50,12.55,14276
2014-02-13,12.65,12.75,12.40,12.50,5925
2014-02-14,12.80,13.20,12.55,13.15,28892
2014-02-17,13.50,14.05,13.05,13.80,24910
2014-02-18,13.70,14.90,13.40,13.60,43677
2014-02-19,14.20,14.45,13.30,13.65,29701
2014-02-20,14.30,14.30,13.55,13.80,31636
2014-02-21,13.70,14.00,13.50,13.90,11505
2014-02-24,13.80,14.10,13.80,14.10,4322
2014-02-25,14.10,14.10,13.60,13.95,21125
2014-02-26,13.80,14.25,13.50,14.00,29948
2014-02-28,13.95,14.90,13.95,14.45,61176
2014-03-03,14.20,15.85,13.95,14.35,65976
2014-03-04,14.30,15.80,14.30,15.05,47066
2014-03-05,15.05,15.15,14.50,14.70,11755
2014-03-06,14.60,14.85,14.40,14.65,17505
2014-03-07,15.20,15.35,14.55,15.05,51345
2014-03-10,14.95,15.50,14.40,14.95,19563
2014-03-11,14.80,14.95,14.25,14.40,22252
2014-03-12,14.30,14.70,14.10,14.65,23758
2014-03-13,14.75,15.15,14.55,14.80,19731
2014-03-14,14.60,14.80,14.30,14.50,13598
2014-03-18,14.85,14.85,14.50,14.50,3510
2014-03-19,14.85,15.10,14.40,14.55,25930
2014-03-20,14.50,15.00,14.05,14.55,38708
2014-03-21,14.40,15.00,14.40,14.75,13258
2014-03-24,14.50,15.90,14.50,14.95,39887
2014-03-25,14.85,15.40,14.15,14.25,32457
2014-03-26,14.60,14.75,14.10,14.30,26863
2014-03-27,14.50,14.50,14.30,14.40,9618
2014-03-28,14.60,14.65,13.95,14.50,64211
2014-03-31,13.40,14.95,13.40,14.65,22112
2014-04-01,14.60,15.25,14.50,15.10,16902
2014-04-02,15.15,16.95,15.00,15.60,43501
2014-04-03,15.60,15.60,14.85,14.95,16796
2014-04-04,15.00,15.60,14.80,15.40,41513
2014-04-07,15.75,15.75,14.50,14.80,50140
2014-04-09,15.00,16.00,14.75,15.70,44542
2014-04-10,15.50,16.80,15.20,16.40,78810
2014-04-11,15.50,17.40,15.50,16.90,160210
2014-04-15,16.80,16.80,15.75,15.95,35195
2014-04-16,16.00,16.15,15.60,15.85,41596
2014-04-17,15.75,16.40,15.60,15.85,37279
2014-04-21,16.00,16.20,15.60,15.95,23741
2014-04-22,16.00,16.00,15.70,15.75,14946
2014-04-23,15.70,16.30,15.65,16.00,43297
2014-04-25,15.90,16.15,15.65,15.80,13921
2014-04-28,16.00,16.30,15.60,15.75,59941
2014-04-29,16.00,16.70,15.25,15.90,24496
2014-04-30,16.15,16.25,14.75,15.00,52255
2014-05-02,15.85,15.85,14.95,15.10,35968
2014-05-05,14.85,15.15,14.80,15.10,34104
2014-05-06,14.95,15.25,14.90,15.10,10407
2014-05-07,14.95,14.95,14.90,14.90,2558
2014-05-08,14.65,15.60,14.50,15.20,57868
2014-05-09,15.30,15.50,15.00,15.45,21102
2014-05-12,15.30,15.50,14.70,15.05,107635
2014-05-13,15.05,15.75,14.90,15.45,73730
2014-05-14,15.15,17.85,15.05,17.20,155844
2014-05-15,16.25,17.85,15.85,16.55,82085
2014-05-16,17.45,17.50,15.40,16.35,187238
2014-05-19,17.10,18.50,17.05,18.15,125802
2014-05-20,18.40,20.45,18.10,18.90,289274
2014-05-21,19.00,22.50,18.65,20.80,610702
2014-05-22,20.80,21.80,19.80,20.50,218035
2014-05-23,21.00,21.85,19.60,20.60,228789
2014-05-26,20.60,22.30,18.20,19.55,242296
2014-05-27,20.00,20.00,17.10,19.40,95041
2014-05-28,19.90,22.50,19.25,20.90,265772
2014-05-29,20.90,21.60,19.90,20.30,129890
2014-05-30,20.30,20.90,19.70,19.80,71833
2014-06-02,20.00,20.05,19.30,19.65,81525
2014-06-03,19.75,21.00,19.70,20.60,171277
2014-06-04,21.60,23.40,21.05,22.50,489988
2014-06-05,22.90,23.00,21.80,22.45,202291
2014-06-06,22.65,22.75,22.15,22.40,102877
2014-06-09,22.70,24.40,22.00,22.85,370997
2014-06-10,23.30,23.30,21.45,22.35,87599
2014-06-11,22.75,23.55,21.35,22.20,137103
2014-06-12,22.85,23.45,21.60,22.25,118567
2014-06-13,22.60,22.60,20.60,21.25,110442
2014-06-16,21.30,21.40,20.10,20.95,119463
2014-06-17,21.30,23.35,20.80,22.80,349115
2014-06-18,23.35,24.50,22.15,22.90,534610
2014-06-19,23.90,24.30,22.55,23.05,425918
2014-06-20,23.30,23.35,21.70,21.85,215022
2014-06-23,22.60,22.60,21.05,21.85,114255
2014-06-24,22.10,22.85,21.55,21.70,78936
2014-06-25,21.90,24.45,21.80,23.10,590921
2014-06-26,23.40,23.70,22.85,23.00,97604
2014-06-27,23.00,23.35,22.15,22.95,68586
2014-06-30,22.60,23.90,22.60,23.05,96563
2014-07-01,23.20,23.75,22.95,23.10,158146
2014-07-02,23.30,23.75,23.10,23.50,170223
2014-07-03,23.40,24.45,22.50,23.60,561082
2014-07-04,23.65,24.25,23.25,23.55,492862
2014-07-07,23.55,23.55,22.75,22.95,163542
2014-07-08,23.00,23.50,21.00,21.65,181372
2014-07-09,21.70,22.15,20.50,21.00,53607
2014-07-10,21.25,22.00,20.50,21.15,110587
2014-07-11,21.20,21.20,20.00,20.25,96357
2014-07-14,20.20,20.40,19.50,19.90,53989
2014-07-15,20.50,21.70,20.50,20.70,79774
2014-07-16,20.85,21.40,20.50,20.95,39087
2014-07-17,20.90,21.50,20.70,21.05,37290
2014-07-18,20.75,21.00,20.40,20.45,20299
2014-07-21,20.90,21.40,20.40,20.60,33699
2014-07-22,20.80,20.80,20.05,20.30,24996
2014-07-23,20.55,20.55,19.65,20.25,44850
2014-07-24,20.75,20.75,19.85,20.10,87394
2014-07-25,20.50,20.50,19.50,19.75,39736
2014-07-28,19.70,20.25,19.50,19.95,32367
2014-07-30,19.80,19.95,19.30,19.80,34525
2014-07-31,19.70,19.75,19.00,19.65,76950
2014-08-01,19.50,19.70,18.80,19.15,101676
2014-08-04,19.20,19.30,18.90,18.95,28776
2014-08-05,19.00,19.45,18.65,18.70,25905
2014-08-06,18.75,19.00,18.50,18.65,19818
2014-08-07,18.85,18.85,18.45,18.50,30901
2014-08-08,18.45,18.45,17.40,17.70,57877
2014-08-11,17.70,17.90,17.40,17.65,132323
2014-08-12,17.75,17.85,17.45,17.50,47160
2014-08-13,17.50,17.85,17.30,17.45,17458
2014-08-14,17.95,18.20,17.70,18.00,19355
2014-08-18,18.05,21.30,17.70,20.55,149278
2014-08-19,21.00,22.15,20.00,20.10,81482
2014-08-20,20.50,20.85,19.60,19.90,37675
2014-08-21,19.80,20.25,19.55,20.00,21109
2014-08-22,19.80,20.25,19.50,19.95,39376
2014-08-25,20.00,20.00,19.30,19.65,17448
2014-08-26,19.50,19.50,18.35,18.60,27539
2014-08-27,18.90,19.65,18.55,19.30,173342
2014-08-28,19.45,20.45,18.75,18.85,30789
2014-09-01,19.70,19.70,18.80,18.85,11914
2014-09-02,18.90,19.35,18.60,18.70,29280
2014-09-03,19.20,19.45,18.45,18.75,47893
2014-09-04,18.60,18.80,18.50,18.65,33476
2014-09-05,18.65,19.90,18.40,18.75,84381
2014-09-08,18.80,19.40,18.65,19.15,50718
2014-09-09,18.90,19.40,18.70,19.20,46689
2014-09-10,19.05,19.55,19.05,19.30,27954
2014-09-11,19.30,21.45,19.30,20.65,79242
2014-09-12,20.80,21.20,20.40,20.90,72796
2014-09-15,20.85,21.25,20.40,20.80,118212
2014-09-16,21.30,21.30,19.00,19.95,127733
2014-09-17,19.80,20.25,19.35,19.95,18967
2014-09-18,20.25,20.90,20.15,20.25,44587
2014-09-19,20.55,20.55,19.70,19.85,43898
2014-09-22,20.20,20.95,19.40,20.10,96806
2014-09-23,20.05,20.20,19.40,19.50,46748
2014-09-24,19.50,19.50,18.50,19.00,47384
2014-09-25,19.10,19.10,18.20,18.30,56746
2014-09-26,18.50,19.35,18.50,19.25,25670
2014-09-29,19.80,19.80,18.85,19.50,13343
2014-09-30,19.30,19.85,19.30,19.65,26013
2014-10-01,19.60,19.60,18.75,19.25,35206
2014-10-07,19.60,19.80,18.75,18.75,13723
2014-10-08,18.75,19.60,18.75,18.85,32899
2014-10-09,18.90,19.05,18.80,18.85,37475
2014-10-10,18.70,18.95,18.55,18.60,7407
2014-10-13,18.55,18.60,18.20,18.30,31131
2014-10-14,18.40,18.55,17.75,17.75,45424
2014-10-16,17.80,19.00,17.15,18.35,60148
2014-10-17,18.20,18.80,17.80,18.20,12825
2014-10-20,18.30,18.55,18.00,18.20,4349
2014-10-21,18.90,18.90,17.75,17.95,8917
2014-10-22,18.15,18.15,17.35,17.55,43829
2014-10-23,18.15,19.65,17.85,19.10,24876
2014-10-27,18.50,19.60,18.35,18.60,14485
2014-10-28,18.65,18.65,18.05,18.10,19321
2014-10-29,18.25,18.50,18.05,18.05,5836
2014-10-30,18.40,18.40,17.75,17.95,6983
2014-10-31,18.50,18.50,18.00,18.05,11387
2014-11-03,18.40,19.25,18.10,19.15,30085
2014-11-05,19.10,20.90,19.10,20.30,158543
2014-11-07,20.40,20.60,19.80,19.90,27473
2014-11-10,19.80,19.95,19.35,19.45,19928
2014-11-11,19.25,19.85,18.70,18.95,74205
2014-11-12,19.40,19.40,18.05,18.15,84764
2014-11-13,18.05,18.10,17.55,17.90,56167
2014-11-14,18.30,18.75,17.90,18.05,138314
2014-11-17,17.90,18.45,17.85,17.95,62927
2014-11-18,18.10,18.25,17.85,18.00,41802
2014-11-19,18.05,19.15,18.05,18.20,108304
2014-11-20,18.05,18.35,17.80,17.85,68083
2014-11-21,18.10,18.55,17.95,18.05,95230
2014-11-24,17.90,18.50,17.90,18.10,23487
2014-11-25,18.00,18.00,17.30,17.40,53586
2014-11-26,17.35,18.20,17.35,18.10,61344
2014-11-27,18.30,18.75,18.20,18.45,47971
2014-11-28,18.35,18.60,17.90,18.30,23872
2014-12-01,18.55,19.25,18.55,19.00,105760
2014-12-02,19.05,20.30,17.05,19.80,193839
2014-12-03,20.20,20.70,19.75,19.95,135552
2014-12-04,20.35,20.40,19.50,20.05,67413
2014-12-05,19.80,20.70,19.70,20.05,73447
2014-12-08,19.85,20.35,19.05,19.85,43003
2014-12-09,19.90,20.15,18.95,19.05,35351
2014-12-10,19.00,19.50,18.60,19.35,20053
2014-12-11,19.25,19.65,18.60,18.95,56494
2014-12-12,19.05,19.50,19.00,19.30,16108
2014-12-15,19.00,19.40,18.50,18.85,7411
2014-12-16,18.70,19.30,16.95,17.20,116576
2014-12-17,17.25,17.60,16.50,17.25,21353
2014-12-18,17.95,18.20,17.50,18.00,10031
2014-12-19,18.05,18.40,17.85,18.00,18063
2014-12-22,17.90,18.40,17.70,17.95,14957
2014-12-23,17.90,18.40,17.50,17.75,20248
2014-12-24,17.75,18.00,17.50,17.85,31814
2014-12-26,18.15,18.25,17.65,17.90,10658
2014-12-29,17.95,18.50,17.95,18.00,6864
2014-12-30,18.00,21.35,18.00,20.30,184927
2014-12-31,20.55,20.80,19.25,20.00,130958
2015-01-01,19.95,20.80,19.50,19.85,31770
2015-01-02,20.25,20.50,20.05,20.35,49782
2015-01-05,20.65,23.00,20.65,21.85,128542
2015-01-06,21.70,21.70,19.85,20.25,86052
2015-01-07,21.25,22.40,20.40,21.10,237933
2015-01-08,21.30,24.70,21.20,22.75,867773
2015-01-09,23.50,23.65,21.45,22.05,200605
2015-01-12,22.35,22.35,21.40,21.50,106228
2015-01-13,21.85,22.00,20.70,21.10,106506
2015-01-14,21.25,22.00,20.55,20.65,74826
2015-01-15,20.75,21.40,19.80,20.40,107740
2015-01-16,20.30,20.80,19.90,20.10,80415
2015-01-19,20.20,20.90,20.20,20.55,69734
2015-01-20,20.75,21.00,19.85,20.00,109280
2015-01-21,20.50,20.50,19.90,20.00,41747
2015-01-22,20.50,20.50,19.25,19.50,110833
2015-01-23,19.65,20.70,19.60,19.85,109732
2015-01-27,20.15,20.35,18.90,19.10,63689
2015-01-28,19.00,19.55,18.25,18.40,84414
2015-01-29,18.30,18.75,18.25,18.30,19078
2015-01-30,18.20,18.80,18.20,18.45,12126
2015-02-02,18.30,19.35,18.20,19.20,44232
2015-02-03,19.50,20.20,19.05,19.20,30811
2015-02-04,19.25,19.45,18.75,18.85,14564
2015-02-05,19.30,19.30,18.25,18.45,33993
2015-02-06,18.85,19.40,17.90,18.10,39297
2015-02-09,18.00,18.00,17.15,17.50,39646
2015-02-10,17.40,18.00,17.00,17.10,45476
2015-02-11,17.20,17.55,17.00,17.15,36491
2015-02-12,17.05,17.60,16.80,17.05,56078
2015-02-13,16.75,17.35,16.75,17.15,75244
2015-02-16,17.20,17.50,17.15,17.25,18079
2015-02-18,17.25,18.10,17.00,17.30,115848
2015-02-19,18.20,20.20,18.10,19.50,217267
2015-02-20,19.60,19.65,18.60,19.30,98236
2015-02-23,19.75,19.75,18.60,18.70,23691
2015-02-24,18.55,19.00,18.30,18.85,20215
2015-02-25,20.65,21.85,20.40,20.80,673688
2015-02-26,21.35,21.35,18.45,19.65,118936
2015-02-27,19.50,21.00,19.50,20.75,84796
2015-02-28,21.00,21.25,19.10,19.60,128503
2015-03-02,20.75,20.75,18.85,19.25,42729
2015-03-03,19.00,19.50,18.85,18.90,35503
2015-03-04,19.05,19.40,18.50,18.75,49026
2015-03-05,19.00,19.25,18.50,18.80,34299
2015-03-09,19.10,19.10,18.15,18.55,33349
2015-03-10,18.60,18.85,18.05,18.25,50756
2015-03-11,18.25,18.70,17.60,17.75,40899
2015-03-12,18.00,18.25,17.60,17.75,12838
2015-03-13,18.50,18.50,17.50,17.60,15392
2015-03-16,17.30,17.85,17.05,17.15,18597
2015-03-17,17.10,18.20,17.10,17.65,41343
2015-03-18,17.80,17.80,17.10,17.25,10626
2015-03-19,17.15,17.75,17.05,17.20,14601
2015-03-20,17.00,17.10,16.80,16.80,12789
2015-03-23,16.80,17.10,16.50,16.60,12450
2015-03-24,16.50,17.40,16.00,16.10,33330
2015-03-25,16.00,16.40,15.40,15.55,56989
2015-03-26,15.55,16.20,15.40,15.65,46060
2015-03-27,15.35,16.20,15.35,16.05,23221
2015-03-30,16.80,16.80,15.85,16.50,46785
2015-03-31,16.90,17.00,15.85,16.15,67726
2015-04-01,16.65,18.05,16.65,17.50,71916
2015-04-06,18.10,18.10,17.00,17.20,20494
2015-04-07,18.00,19.30,16.65,18.90,240660
2015-04-08,19.10,19.10,17.85,17.95,62904
2015-04-09,17.80,18.45,17.65,17.90,32800
2015-04-10,17.85,18.45,17.75,17.85,56697
2015-04-13,17.90,18.25,17.50,17.55,35286
2015-04-15,17.70,18.00,17.25,17.45,38002
2015-04-16,17.30,17.40,16.95,17.20,27867
2015-04-17,17.20,17.30,16.85,16.95,15836
2015-04-20,16.80,17.20,16.30,16.70,47371
2015-04-21,16.40,17.20,16.40,16.55,18397
2015-04-22,16.65,16.70,16.00,16.35,43573
2015-04-23,16.60,16.65,16.05,16.50,28897
2015-04-24,17.00,17.00,16.05,16.20,28782
2015-04-27,16.20,16.25,15.50,15.55,67836
2015-04-28,15.40,16.15,15.40,16.10,11068
2015-04-29,15.85,16.45,15.70,15.80,9657
2015-04-30,16.00,16.35,15.35,15.60,29867
2015-05-04,16.00,16.25,15.75,16.10,20520
2015-05-05,16.40,16.45,15.80,16.00,72697
2015-05-06,16.05,16.05,14.75,15.40,80291
2015-05-07,15.75,15.75,14.80,14.95,21750
2015-05-08,14.95,15.25,14.75,15.00,60086
2015-05-11,15.00,15.30,14.75,15.00,29432
2015-05-12,14.90,15.55,14.50,14.65,49483
2015-05-13,14.90,15.70,14.85,15.00,44928
2015-05-14,14.95,15.80,14.50,15.10,18689
2015-05-15,15.05,15.35,14.95,15.00,7322
2015-05-18,15.35,15.40,15.00,15.20,15364
2015-05-19,15.00,15.35,14.90,15.25,4923
2015-05-20,15.15,15.45,14.70,14.75,17438
2015-05-21,15.15,15.15,14.60,14.70,18661
2015-05-22,15.90,15.90,14.75,15.20,50173
2015-05-25,15.25,15.50,14.75,15.20,22978
2015-05-26,15.25,15.75,14.80,14.80,27042
2015-05-27,14.85,15.10,14.70,15.00,5042
2015-05-28,15.10,15.10,14.75,14.85,2494
2015-05-29,15.10,15.10,14.30,14.65,16678
2015-06-01,14.40,14.90,14.40,14.45,11945
2015-06-02,14.80,14.80,14.15,14.20,10855
2015-06-03,14.10,14.35,13.60,13.60,28216
2015-06-04,13.50,14.10,13.05,13.50,54536
2015-06-05,13.95,14.05,13.20,13.60,24119
2015-06-08,13.60,13.75,13.50,13.60,2120
2015-06-09,13.70,13.70,12.90,13.40,31274
2015-06-10,13.70,15.45,13.35,14.80,182012
2015-06-11,15.15,15.45,14.25,14.45,29167
2015-06-12,14.25,14.60,14.20,14.50,5040
2015-06-15,14.75,14.85,13.65,14.15,11574
2015-06-16,14.60,14.70,14.20,14.35,7295
2015-06-17,14.50,14.50,14.00,14.20,13610
2015-06-18,14.20,14.95,14.20,14.45,17098
2015-06-19,14.70,14.70,14.30,14.55,10420
2015-06-22,14.75,14.85,14.35,14.65,13643
2015-06-23,14.35,14.80,14.35,14.45,9328
2015-06-24,14.50,16.05,14.40,15.00,34596
2015-06-25,15.20,15.45,14.70,14.75,26477
2015-06-26,14.60,15.00,14.40,14.75,14167
2015-06-29,14.55,14.90,14.30,14.80,13334
2015-06-30,14.50,15.25,14.50,14.80,28024
2015-07-01,15.20,15.60,15.10,15.45,37741
2015-07-02,15.20,16.15,15.20,15.70,47352
2015-07-03,16.50,16.60,15.30,15.70,31121
2015-07-06,15.50,15.75,15.00,15.50,26320
2015-07-07,15.75,15.75,15.00,15.10,38825
2015-07-08,15.45,15.50,14.80,14.90,33226
2015-07-09,15.00,15.35,14.85,14.95,24271
2015-07-10,15.35,15.40,14.80,14.90,60056
2015-07-13,14.95,15.50,14.95,15.20,14975
2015-07-14,15.75,15.75,14.75,14.85,31743
2015-07-15,15.00,15.30,14.85,14.90,8446
2015-07-16,15.00,15.25,14.85,15.00,18060
2015-07-17,14.90,15.50,14.85,15.25,76369
2015-07-20,15.20,15.60,15.00,15.10,23251
2015-07-21,15.10,15.25,14.45,14.55,20772
2015-07-22,14.55,15.05,14.10,14.80,46211
2015-07-23,14.80,15.50,14.80,15.30,36673
2015-07-24,15.10,15.10,14.75,14.80,5707
2015-07-27,14.75,14.90,14.35,14.70,13675
2015-07-28,14.65,14.70,14.25,14.50,10162
2015-07-29,14.65,14.70,14.35,14.70,18041
2015-07-30,14.60,14.70,14.40,14.45,8326
2015-07-31,14.90,14.90,14.40,14.45,19522
2015-08-03,14.70,14.70,14.35,14.35,22462
2015-08-04,14.65,14.65,13.80,14.05,94747
2015-08-05,14.25,14.65,14.20,14.45,113879
2015-08-06,14.55,15.35,14.50,14.75,47799
2015-08-07,14.55,15.10,14.55,14.85,25495
2015-08-10,15.30,15.30,14.35,14.50,167615
2015-08-11,14.80,14.95,13.30,13.45,173953
2015-08-12,13.55,13.60,13.10,13.20,30798
2015-08-13,13.45,13.60,13.10,13.20,26735
2015-08-14,13.10,13.45,12.70,13.10,20404
2015-08-17,13.60,13.60,12.85,13.00,17204
2015-08-18,13.50,13.50,12.90,13.00,37870
2015-08-19,13.35,13.35,12.80,12.85,27629
2015-08-20,12.90,13.00,12.55,12.60,51915
2015-08-21,12.40,13.00,12.35,12.65,82669
2015-08-24,12.65,12.65,11.50,11.60,20737
2015-08-25,12.35,12.35,11.10,11.30,18771
2015-08-26,11.65,11.80,10.80,11.60,10131
2015-08-27,12.50,12.50,11.60,12.00,4378
2015-08-28,11.95,12.50,11.90,12.20,31860
2015-08-31,12.00,12.15,11.40,11.50,120080
2015-09-01,11.40,11.75,11.00,11.40,30463
2015-09-02,11.20,11.45,10.75,10.90,16937
2015-09-03,11.30,11.55,11.15,11.45,11114
2015-09-04,11.05,11.55,10.80,10.85,16542
2015-09-07,11.40,11.40,10.85,10.90,8513
2015-09-08,11.00,11.35,10.75,11.20,9537
2015-09-09,11.75,12.05,11.35,12.00,22445
2015-09-10,11.90,11.90,11.05,11.15,22238
2015-09-11,11.45,11.60,11.20,11.30,20079
2015-09-14,11.55,11.75,11.30,11.35,12195
2015-09-15,11.55,11.70,11.00,11.15,12590
2015-09-16,11.20,11.55,11.10,11.25,922
2015-09-18,11.35,11.70,11.35,11.55,5917
2015-09-21,11.30,12.15,11.30,11.90,21639
2015-09-22,11.80,12.00,11.50,11.50,8510
2015-09-23,11.90,12.35,11.25,12.10,25527
2015-09-24,12.00,12.10,11.65,12.00,1942
2015-09-28,12.00,13.20,11.50,12.50,71638
2015-09-29,12.30,12.90,11.90,12.80,15409
2015-09-30,12.70,12.80,12.20,12.30,22629
2015-10-01,12.70,12.70,12.20,12.25,14031
2015-10-05,12.15,13.10,12.15,12.80,31771
2015-10-06,12.90,12.95,12.45,12.70,17416
2015-10-07,12.80,13.15,12.60,12.75,23239
2015-10-08,12.60,12.90,12.60,12.85,6624
2015-10-09,12.95,13.05,12.65,12.90,19418
2015-10-12,12.80,13.45,12.60,13.35,41942
2015-10-13,13.00,13.70,13.00,13.40,6902
2015-10-14,13.25,13.85,13.00,13.35,35995
2015-10-15,13.50,13.65,12.80,13.00,44864
2015-10-16,12.95,13.65,12.80,13.60,17813
2015-10-19,13.50,13.80,13.25,13.50,13105
2015-10-20,13.35,14.15,13.30,13.50,225457
2015-10-21,13.90,14.50,13.55,14.15,126771
2015-10-23,13.95,14.35,13.75,13.80,18128
2015-10-26,13.80,14.30,13.45,13.55,7495
2015-10-27,13.35,13.85,13.35,13.40,6371
2015-10-28,13.35,13.85,13.05,13.35,26354
2015-10-29,13.30,13.50,13.05,13.40,10711
2015-10-30,13.30,13.30,13.10,13.15,4429
2015-11-02,13.05,13.10,12.60,12.70,4965
2015-11-03,12.80,12.90,12.55,12.65,20719
2015-11-04,12.60,12.80,12.30,12.80,16421
2015-11-05,12.50,12.50,12.25,12.30,7528
2015-11-06,12.40,12.75,12.10,12.25,12503
2015-11-09,12.10,12.50,12.10,12.50,5919
2015-11-10,12.15,12.80,12.15,12.40,7122
2015-11-11,12.90,12.90,12.10,12.25,2774
2015-11-13,12.40,12.50,12.20,12.40,10981
2015-11-16,12.65,12.65,12.15,12.30,21264
2015-11-17,12.75,12.80,12.35,12.35,23209
2015-11-18,12.75,12.90,12.45,12.60,13744
2015-11-19,12.80,12.80,12.45,12.55,13332
2015-11-20,12.80,13.00,12.35,12.55,28874
2015-11-23,12.30,12.85,12.30,12.80,32659
2015-11-24,13.00,13.00,12.50,12.65,46942
2015-11-26,12.85,14.40,12.70,13.90,83405
2015-11-27,14.30,16.65,13.75,16.00,2055408
2015-11-30,16.45,16.50,15.50,15.65,191242
2015-12-01,16.00,18.70,14.65,18.05,1393200
2015-12-02,18.15,18.15,16.50,16.80,338401
2015-12-03,16.55,17.25,16.40,16.70,104941
2015-12-04,16.25,16.75,15.90,15.95,68350
2015-12-07,16.00,16.35,15.30,15.55,93110
2015-12-08,15.90,15.90,14.20,14.40,174951
2015-12-09,14.70,14.70,13.70,13.80,61230
2015-12-10,13.75,14.50,13.75,14.20,44497
2015-12-11,13.85,14.65,13.80,13.90,75522
2015-12-14,14.00,14.80,13.50,14.50,138087
2015-12-15,14.25,14.80,14.15,14.60,26128
2015-12-16,14.70,14.90,14.10,14.20,35265
2015-12-17,14.20,14.80,14.20,14.60,21474
2015-12-18,14.35,14.60,14.20,14.35,6930
2015-12-21,14.05,14.65,14.05,14.50,11007
2015-12-22,14.75,14.75,14.30,14.50,36497
2015-12-23,14.80,15.10,14.15,14.50,56080
2015-12-24,14.90,14.95,14.45,14.75,31876
2015-12-28,15.00,15.10,14.55,14.70,27278
2015-12-29,14.60,15.60,14.60,15.00,102802
2015-12-30,15.45,16.20,14.95,15.10,101325
2015-12-31,15.20,15.70,15.05,15.20,64431
2016-01-01,15.50,15.90,14.80,15.60,56174
2016-01-04,15.60,15.90,15.00,15.15,52872
2016-01-05,15.20,16.10,14.85,15.85,97963
2016-01-06,16.50,16.50,15.30,15.70,37164
2016-01-07,15.20,15.30,14.60,14.85,43666
2016-01-08,14.85,15.35,14.85,15.20,25136
2016-01-11,15.00,15.50,14.80,14.95,19945
2016-01-12,15.20,15.45,14.55,14.75,57664
2016-01-13,15.50,15.55,13.75,14.40,101527
2016-01-14,14.05,14.45,13.70,14.05,13711
2016-01-15,14.10,14.35,13.55,13.75,16712
2016-01-18,13.95,14.00,12.40,12.75,29947
2016-01-19,12.65,13.15,12.35,12.50,22555
2016-01-20,12.40,13.35,12.15,12.50,43227
2016-01-21,13.00,13.10,12.60,12.70,18790
2016-01-22,12.70,13.50,12.70,13.35,11395
2016-01-25,14.20,14.25,13.05,13.15,29637
2016-01-27,13.15,13.65,13.10,13.40,8031
2016-01-28,13.40,13.60,13.05,13.15,8179
2016-01-29,13.20,13.55,13.10,13.25,13872
2016-02-01,13.50,13.70,13.30,13.40,17669
2016-02-02,13.20,13.65,13.20,13.20,6979
2016-02-03,13.05,13.20,12.50,12.75,23310
2016-02-04,12.90,13.10,12.50,12.80,20325
2016-02-05,13.10,13.10,12.80,13.05,11055
2016-02-08,14.70,14.70,13.00,13.10,84937
2016-02-09,13.00,13.30,12.40,13.00,18321
2016-02-10,12.90,12.90,12.50,12.70,16994
2016-02-11,12.90,12.90,11.25,11.60,28865
2016-02-12,12.00,12.00,11.05,11.25,28994
2016-02-15,12.65,12.65,11.50,11.95,20350
2016-02-16,11.90,12.00,11.25,11.30,15414
2016-02-17,11.10,11.95,11.10,11.95,26659
2016-02-18,12.00,12.25,11.45,11.55,5268
2016-02-19,12.00,12.70,11.85,12.50,79610
2016-02-22,12.75,14.65,12.75,14.05,101070
2016-02-23,14.65,14.65,13.00,13.25,57666
2016-02-24,13.05,13.50,12.75,13.25,21898
2016-02-25,13.35,13.35,12.75,13.00,66452
2016-02-26,13.65,13.65,13.10,13.15,18279
2016-02-29,13.00,13.50,12.25,12.40,29023
2016-03-01,12.55,12.60,12.05,12.15,39030
2016-03-02,12.30,12.65,12.25,12.55,21362
2016-03-03,12.50,13.65,12.50,13.20,86212
2016-03-04,13.50,13.60,12.90,13.00,67306
2016-03-08,13.35,13.35,12.50,12.60,33339
2016-03-09,12.50,12.95,12.50,12.70,11395
2016-03-10,12.70,12.85,12.30,12.40,45377
2016-03-11,12.40,12.70,12.20,12.20,23559
2016-03-14,12.85,12.85,12.05,12.10,33240
2016-03-15,12.20,12.20,11.80,11.90,22097
2016-03-16,11.80,11.95,11.55,11.80,11419
2016-03-17,12.00,12.15,11.60,11.75,32431
2016-03-18,11.90,12.15,11.25,11.50,54522
2016-03-21,11.40,12.25,11.20,11.65,92101
2016-03-22,11.85,12.15,11.60,12.05,157009
2016-03-23,11.90,12.20,11.70,11.75,12728
2016-03-28,12.05,12.05,11.35,11.50,38570
2016-03-29,11.25,11.85,11.25,11.45,25598
2016-03-30,11.65,11.85,11.50,11.55,85509
2016-03-31,11.70,12.10,11.70,12.05,92814
2016-04-01,12.15,12.15,11.55,11.95,22498
2016-04-04,12.05,12.60,11.80,12.25,81671
2016-04-05,12.35,12.35,11.65,11.70,42121
2016-04-06,11.80,12.25,11.60,12.00,29453
2016-04-07,11.90,12.35,11.90,12.10,8596
2016-04-08,11.85,12.40,11.85,12.20,5458
2016-04-11,12.25,12.70,12.10,12.20,42523
2016-04-12,12.45,12.80,12.45,12.55,74763
2016-04-13,12.75,13.70,12.75,13.55,119374
2016-04-18,13.55,14.15,13.55,13.65,60619
2016-04-20,14.15,14.45,13.70,13.95,111738
2016-04-21,13.95,13.95,13.45,13.50,18685
2016-04-22,13.80,13.80,13.25,13.50,90937
2016-04-25,13.25,13.85,13.05,13.65,51916
2016-04-26,13.55,15.25,13.35,14.60,271406
2016-04-27,14.85,15.40,14.70,14.95,163928
2016-04-28,15.10,15.30,14.15,14.25,41603
2016-04-29,14.20,14.60,14.10,14.35,50346
2016-05-02,14.15,14.60,14.00,14.20,170332
2016-05-03,14.20,14.60,13.75,13.90,96012
2016-05-04,13.95,14.25,13.75,14.00,43811
2016-05-05,14.15,14.15,13.10,13.30,37188
2016-05-06,13.25,14.05,13.15,13.50,81466
2016-05-09,13.85,14.00,13.55,13.65,26555
2016-05-10,13.65,13.80,13.50,13.55,12206
2016-05-11,13.35,13.70,13.35,13.40,6570
2016-05-12,13.75,14.00,13.40,13.80,61075
2016-05-13,14.20,14.80,14.20,14.30,160923
2016-05-16,14.30,14.50,13.90,14.10,59651
2016-05-17,14.00,14.35,14.00,14.10,29554
2016-05-18,14.10,14.50,14.00,14.15,49119
2016-05-19,14.15,14.30,13.95,14.10,38601
2016-05-20,14.10,14.10,13.55,13.60,28822
2016-05-23,13.70,13.80,12.90,13.10,31611
2016-05-24,13.35,13.50,13.10,13.20,47848
2016-05-25,13.25,13.55,13.25,13.35,17249
2016-05-26,13.65,13.65,13.25,13.50,21838
2016-05-27,13.40,14.00,13.35,13.65,41606
2016-05-30,13.85,13.90,13.40,13.50,38464
2016-05-31,13.70,13.70,13.10,13.25,13119
2016-06-01,13.25,13.50,13.20,13.25,10360
2016-06-02,13.40,13.50,13.20,13.30,34325
2016-06-03,13.60,13.65,12.80,13.00,75490
2016-06-06,13.00,13.35,13.00,13.10,19577
2016-06-07,13.00,13.50,13.00,13.25,32185
2016-06-08,13.25,14.15,13.15,13.75,99498
2016-06-09,13.50,14.10,13.50,13.60,64789
2016-06-10,13.85,13.85,13.40,13.45,35443
2016-06-13,13.25,13.75,13.25,13.45,23045
2016-06-14,13.60,14.35,13.60,14.20,72092
2016-06-15,15.20,15.45,14.40,14.55,181486
2016-06-16,14.25,14.65,14.05,14.30,24215
2016-06-17,14.30,14.35,14.00,14.10,17748
2016-06-20,14.50,16.90,14.00,16.90,982541
2016-06-21,17.70,17.70,16.20,16.70,363193
2016-06-22,17.45,17.50,15.70,15.85,106667
2016-06-23,15.90,15.90,15.30,15.50,46776
2016-06-24,15.00,15.15,13.80,14.75,174293
2016-06-27,14.60,16.60,14.60,16.45,157712
2016-06-28,16.20,16.60,15.60,16.00,135060
2016-06-29,16.05,18.20,16.00,17.20,1287337
2016-06-30,17.20,19.40,17.20,18.55,1655390
2016-07-01,18.85,19.00,18.15,18.30,329436
2016-07-04,18.20,18.60,17.60,17.85,154032
2016-07-05,17.75,18.00,16.55,16.90,268811
2016-07-07,17.30,17.95,16.65,17.25,396472
2016-07-08,17.45,17.50,16.60,16.75,182452
2016-07-11,17.20,17.20,16.50,16.70,91955
2016-07-12,16.70,17.10,16.60,16.85,96078
2016-07-13,16.85,17.00,16.15,16.65,133006
2016-07-14,17.00,17.00,16.30,16.50,76134
2016-07-15,16.50,17.00,16.00,16.10,71452
2016-07-18,16.35,16.50,15.65,15.75,99255
2016-07-19,15.85,16.00,15.40,15.60,44657
2016-07-20,15.60,15.80,15.25,15.30,83638
2016-07-21,15.60,15.90,15.30,15.40,144874
2016-07-22,15.60,16.20,15.60,15.85,118543
2016-07-25,16.00,16.00,15.50,15.65,80752
2016-07-26,15.90,15.95,15.50,15.50,138691
2016-07-27,15.65,15.75,15.30,15.40,44024
2016-07-28,15.30,15.80,15.20,15.30,63336
2016-07-29,15.50,15.70,15.10,15.40,46525
2016-08-01,15.30,15.75,14.85,14.95,48456
2016-08-02,15.15,15.50,14.20,14.40,67825
2016-08-03,14.40,14.60,14.00,14.20,42577
2016-08-04,14.20,14.45,14.00,14.00,27904
2016-08-05,14.30,14.70,14.10,14.25,28804
2016-08-08,14.70,15.00,14.25,14.50,47830
2016-08-09,14.45,14.45,14.10,14.25,40404
2016-08-10,14.40,14.60,14.00,14.15,23278
2016-08-11,14.25,14.25,13.20,14.00,25732
2016-08-12,13.95,16.45,13.60,15.35,251775
2016-08-16,15.35,17.70,14.25,14.90,120665
2016-08-17,15.00,15.25,14.10,14.35,42021
2016-08-18,14.50,14.85,14.45,14.65,24491
2016-08-19,14.60,14.80,14.25,14.50,35785
2016-08-22,14.40,14.95,14.25,14.70,58746
2016-08-23,15.00,15.00,14.10,14.35,87152
2016-08-24,14.30,15.55,14.30,14.95,216298
2016-08-25,14.95,15.60,14.30,15.15,126098
2016-08-26,14.85,15.40,14.75,14.95,33525
2016-08-29,14.55,15.00,14.55,14.65,37356
2016-08-30,14.55,14.85,14.55,14.65,61421
2016-08-31,14.85,14.95,14.35,14.50,74900
2016-09-01,14.60,14.60,14.10,14.20,51294
2016-09-02,14.30,14.40,14.10,14.15,39988
2016-09-06,14.00,14.35,13.60,13.80,135234
2016-09-07,13.70,13.85,13.45,13.45,124644
2016-09-08,13.65,14.15,13.45,13.75,63726
2016-09-09,13.90,14.95,13.55,14.20,116711
2016-09-12,14.05,14.25,13.65,13.80,38187
2016-09-14,14.25,14.30,13.90,13.95,28997
2016-09-15,14.25,14.25,13.90,13.90,27284
2016-09-16,14.15,14.25,13.70,13.80,39131
2016-09-19,13.95,14.30,13.60,13.65,53645
2016-09-20,13.85,13.90,13.45,13.60,31236
2016-09-21,13.50,13.95,13.35,13.40,86149
2016-09-22,13.55,13.70,13.35,13.50,88939
2016-09-23,13.75,13.85,13.25,13.35,68582
2016-09-26,13.30,13.75,13.15,13.20,91189
2016-09-27,13.25,13.60,13.05,13.20,116495
2016-09-28,13.25,13.60,13.15,13.25,61090
2016-09-29,13.55,13.80,12.75,12.95,135653
2016-09-30,13.35,13.35,12.80,13.20,58260
2016-10-03,13.20,13.75,13.20,13.45,157994
2016-10-04,13.70,13.70,13.30,13.35,38928
2016-10-05,13.45,14.40,13.35,14.05,201766
2016-10-06,14.30,14.50,13.85,13.90,75097
2016-10-07,13.85,14.35,13.85,14.10,87589
2016-10-10,14.45,14.50,14.10,14.40,37417
2016-10-13,14.05,14.35,13.70,13.85,32125
2016-10-14,14.25,14.45,13.90,14.10,86402
2016-10-17,14.35,15.00,14.10,14.35,124986
2016-10-18,14.50,14.80,14.25,14.30,96105
2016-10-19,14.40,16.80,14.25,16.50,868882
2016-10-20,16.70,16.70,15.30,15.45,326670
2016-10-21,15.60,15.70,15.30,15.45,120146
2016-10-24,15.50,16.40,15.50,15.75,235697
2016-10-25,15.55,16.10,15.30,15.60,164792
2016-10-26,15.35,15.95,15.25,15.40,79323
2016-10-27,15.55,15.65,15.10,15.20,40876
2016-10-28,15.05,15.50,14.95,15.00,30990
2016-11-01,15.05,16.10,14.90,15.50,114697
2016-11-02,15.10,15.45,14.85,15.00,76721
2016-11-03,14.90,15.35,14.30,14.55,67552
2016-11-04,14.30,15.20,14.05,14.20,76275
2016-11-07,14.15,14.80,14.15,14.40,24554
2016-11-08,14.40,14.55,13.85,14.40,29064
2016-11-09,13.05,13.75,12.15,13.35,175191
2016-11-10,14.10,14.15,13.40,13.70,55073
2016-11-11,13.70,13.70,13.30,13.45,34431
2016-11-15,13.10,13.75,12.45,12.60,56570
2016-11-16,12.85,12.85,12.20,12.65,27742
2016-11-17,13.30,13.30,12.50,12.60,14278
2016-11-18,13.00,13.00,12.35,12.45,37524
2016-11-21,13.00,13.00,12.10,12.20,34400
2016-11-22,12.30,12.55,12.00,12.20,25592
2016-11-23,12.25,12.80,12.20,12.50,53266
2016-11-24,12.40,13.00,12.30,12.75,50872
2016-11-25,13.20,13.20,12.55,13.00,51475
2016-11-28,13.00,13.10,12.75,12.90,42338
2016-11-29,13.10,13.20,12.80,12.95,43838
2016-11-30,12.95,13.70,12.95,13.50,70410
2016-12-01,13.70,13.80,13.25,13.30,67354
2016-12-02,13.40,13.40,12.90,13.20,17010
2016-12-05,13.40,14.15,13.20,13.55,55431
2016-12-06,13.95,13.95,13.20,13.35,27132
2016-12-07,13.20,14.00,13.20,13.80,91318
2016-12-08,14.40,16.45,14.40,15.40,1043715
2016-12-09,15.80,15.80,14.55,14.65,215630
2016-12-12,14.80,14.80,14.00,14.15,49790
2016-12-13,14.00,15.00,13.95,14.40,74727
2016-12-14,14.50,14.65,14.05,14.20,76724
2016-12-15,14.25,14.55,13.95,14.05,43695
2016-12-16,14.25,14.25,13.80,13.85,73481
2016-12-19,13.90,14.55,13.85,14.00,77959
2016-12-20,14.00,14.15,13.65,13.80,53718
2016-12-21,13.85,14.10,13.70,13.80,30834
2016-12-22,13.80,13.80,13.30,13.60,32261
2016-12-23,14.40,14.40,13.45,13.50,79848
2016-12-26,13.20,13.75,13.20,13.35,31363
2016-12-27,13.25,14.15,13.25,14.00,29150
2016-12-28,14.20,14.30,13.75,13.80,17921
2016-12-29,13.70,14.25,13.60,14.00,48502
2016-12-30,14.20,14.40,13.75,14.10,103774
2017-01-02,15.00,15.40,14.35,14.50,205607
2017-01-03,14.25,14.60,14.20,14.25,49529
2017-01-04,14.25,15.45,14.25,15.20,444655
2017-01-05,15.40,15.60,15.00,15.30,460729
2017-01-06,15.20,15.90,14.80,15.70,425781
2017-01-09,15.70,16.45,15.20,16.00,986129
2017-01-10,16.25,16.40,15.60,15.65,262075
2017-01-11,15.85,15.90,15.05,15.20,171208
2017-01-12,15.20,15.40,14.90,15.00,61822
2017-01-13,15.20,16.10,14.95,15.60,427679
2017-01-16,15.50,16.20,15.50,15.85,197377
2017-01-17,15.95,18.30,15.40,17.50,2344902
2017-01-18,17.45,18.50,17.00,17.40,1068628
2017-01-19,17.55,18.25,17.20,17.70,410952
2017-01-20,17.40,17.90,16.60,16.75,264286
2017-01-23,16.90,17.20,16.60,16.65,88781
2017-01-24,17.00,17.10,16.75,16.85,100043
2017-01-25,16.80,17.20,16.20,16.40,145482
2017-01-27,16.50,16.95,15.90,16.15,163057
2017-01-30,16.05,17.35,16.05,16.65,290813
2017-01-31,16.60,16.85,16.05,16.35,139587
2017-02-01,16.45,17.20,16.30,16.45,209493
2017-02-02,16.80,16.80,16.00,16.05,91586
2017-02-03,16.10,17.00,16.00,16.80,210637
2017-02-06,17.25,17.25,16.35,16.45,201366
2017-02-07,17.00,17.00,16.20,16.35,69650
2017-02-08,16.35,17.15,16.35,16.45,212178
2017-02-09,16.50,17.00,16.40,16.65,91981
2017-02-10,16.85,16.90,16.20,16.25,83262
2017-02-13,16.20,16.45,15.15,15.30,222197
2017-02-14,15.60,15.60,15.15,15.25,31863
2017-02-15,15.00,15.35,14.70,14.95,51044
2017-02-16,14.80,14.90,14.40,14.80,104001
2017-02-17,15.00,15.30,14.85,14.95,77254
2017-02-20,15.00,15.30,14.75,14.90,114210
2017-02-21,14.90,15.10,14.85,15.00,64604
2017-02-22,15.30,16.40,15.00,16.10,392167
2017-02-23,16.05,16.50,15.60,15.90,59696
2017-02-27,15.85,16.00,15.15,15.35,64374
2017-02-28,15.80,15.80,15.20,15.70,34964
2017-03-01,15.80,16.00,15.50,15.80,32935
2017-03-02,15.90,15.95,15.15,15.25,27646
2017-03-03,15.25,15.65,15.00,15.10,21028
2017-03-06,15.10,15.40,15.10,15.25,22016
2017-03-07,15.25,15.40,15.00,15.10,64173
2017-03-08,15.10,15.30,14.70,14.80,37101
2017-03-09,14.80,15.20,14.65,14.85,24888
2017-03-10,14.95,15.00,14.70,14.85,35546
2017-03-14,15.15,15.60,14.95,15.20,138524
2017-03-15,15.00,15.30,14.90,15.05,45731
2017-03-16,15.30,15.45,15.10,15.25,74644
2017-03-17,15.15,15.35,15.05,15.10,26851
2017-03-20,15.05,16.90,14.85,16.30,364072
2017-03-21,16.90,17.00,16.20,16.30,260348
2017-03-22,16.00,16.25,15.40,15.75,142524
2017-03-23,15.65,16.35,15.65,15.90,83098
2017-03-24,16.00,16.35,15.60,15.85,78820
2017-03-27,15.85,15.90,15.40,15.65,123452
2017-03-28,15.90,17.35,15.90,16.80,311561
2017-03-29,16.85,17.25,16.15,16.35,127672
2017-03-30,16.50,16.90,16.40,16.60,87826
2017-03-31,17.05,19.70,17.05,19.25,1917784
2017-04-03,19.20,21.60,18.35,21.00,1810285
2017-04-05,21.50,24.20,21.10,23.70,1480515
2017-04-06,23.60,23.60,21.65,21.85,532405
2017-04-07,21.85,24.00,21.30,22.45,861700
2017-04-10,22.95,24.65,22.80,24.65,1272302
2017-04-11,26.10,27.10,24.80,24.95,1812832
2017-04-12,25.40,27.40,23.65,27.35,1883915
2017-04-13,28.70,28.70,27.10,28.70,600132
2017-04-17,30.10,30.10,30.10,30.10,127159
2017-04-18,31.60,31.60,29.05,30.15,854794
2017-04-19,29.90,30.75,28.65,28.65,461997
2017-04-20,29.90,30.05,27.25,29.85,326100
2017-04-21,31.30,31.30,28.50,29.55,207405
2017-04-24,28.20,29.70,28.20,28.50,56336
2017-04-25,27.35,29.45,27.10,27.10,129631
2017-04-26,27.20,27.20,25.75,25.75,120641
2017-04-27,25.50,27.00,24.50,27.00,89502
2017-04-28,26.10,28.25,26.10,27.95,107943
2017-05-02,28.90,28.90,26.80,27.40,41137
2017-05-03,27.00,27.50,26.05,26.20,121798
2017-05-04,25.00,27.50,24.90,27.35,149933
2017-05-05,27.10,27.10,26.00,26.00,53913
2017-05-08,26.00,26.75,24.70,26.10,142596
2017-05-09,25.60,26.05,24.80,24.80,75243
2017-05-10,24.05,26.00,24.05,26.00,39128
2017-05-11,27.30,27.30,26.05,26.20,213650
2017-05-12,26.90,26.90,25.40,25.70,50882
2017-05-15,26.50,26.85,26.10,26.40,20863
2017-05-16,25.30,26.95,25.25,25.75,27917
2017-05-17,24.95,26.45,24.55,25.05,43499
2017-05-18,24.25,25.50,23.80,24.00,50909
2017-05-19,24.70,24.95,23.05,24.00,36851
2017-05-22,24.00,24.90,22.80,23.40,47688
2017-05-23,23.00,23.00,22.25,22.55,28513
2017-05-24,22.00,23.45,21.60,21.60,45990
2017-05-25,22.00,22.65,21.40,22.65,13433
2017-05-26,23.75,23.75,22.70,23.65,21500
2017-05-29,24.70,24.70,23.00,23.40,16979
2017-05-30,22.30,24.50,22.25,24.05,52903
2017-05-31,25.00,25.25,24.10,25.25,77410
2017-06-01,26.45,26.45,24.15,24.65,41949
2017-06-02,24.70,24.90,24.00,24.05,32314
2017-06-05,24.10,24.40,23.50,24.00,29390
2017-06-06,23.55,23.90,22.80,23.30,45849
2017-06-07,23.05,25.45,22.95,25.15,119022
2017-06-08,24.50,25.50,24.40,24.70,48628
2017-06-09,24.50,26.95,24.40,26.45,292119
2017-06-12,26.50,27.70,24.65,24.90,161412
2017-06-13,24.90,25.55,24.80,24.90,44520
2017-06-14,25.05,25.40,24.80,24.90,48269
2017-06-15,24.55,25.75,24.20,24.60,63313
2017-06-16,24.90,24.90,24.20,24.55,35167
2017-06-19,24.70,24.70,23.80,24.05,55398
2017-06-20,24.15,24.45,23.60,23.75,46269
2017-06-21,23.70,24.55,23.55,24.15,45590
2017-06-22,24.10,24.50,24.00,24.00,31429
2017-06-23,24.25,24.25,23.50,23.65,13431
2017-06-27,23.50,24.40,21.80,22.85,43704
2017-06-28,23.50,23.50,22.50,22.85,34828
2017-06-29,22.85,22.90,22.30,22.50,20595
2017-06-30,21.75,23.50,21.75,22.90,17004
2017-07-03,24.20,24.20,23.20,23.75,60296
2017-07-04,24.20,24.50,23.25,23.45,94779
2017-07-05,23.75,23.80,22.95,23.10,126359
2017-07-06,23.35,24.35,23.00,23.35,111870
2017-07-07,23.25,23.55,22.90,23.00,44483
2017-07-10,22.75,23.65,22.75,23.30,12098
2017-07-11,23.45,23.55,22.90,22.95,164655
2017-07-12,22.45,23.25,22.40,22.90,52078
2017-07-13,22.80,23.20,22.50,22.60,57607
2017-07-14,22.25,23.50,22.20,22.75,105236
2017-07-17,23.05,23.15,22.60,23.00,22291
2017-07-18,23.00,23.00,22.10,22.40,38332
2017-07-19,22.45,22.90,22.35,22.45,27055
2017-07-20,22.10,22.55,22.05,22.10,38994
2017-07-21,22.20,22.70,22.00,22.40,17039
2017-07-24,22.60,22.70,22.00,22.30,31140
2017-07-25,22.50,22.50,22.15,22.35,21658
2017-07-26,22.45,23.45,22.25,22.55,122996
2017-07-27,22.50,22.75,22.10,22.25,26406
2017-07-28,21.45,22.45,21.45,22.15,136656
2017-07-31,22.20,22.50,22.05,22.10,29558
2017-08-01,22.10,22.30,19.90,19.95,388865
2017-08-02,20.50,21.90,19.90,21.20,518431
2017-08-03,21.15,22.50,21.15,21.85,106120
2017-08-04,21.70,22.40,20.50,21.80,93605
2017-08-07,21.90,22.20,21.50,21.65,23033
2017-08-08,21.80,21.90,20.90,21.00,23937
2017-08-09,20.50,21.30,20.00,20.30,32971
2017-08-10,19.50,21.00,19.25,19.80,45370
2017-08-11,17.60,19.25,17.60,18.90,96717
2017-08-14,19.30,19.95,19.10,19.55,37545
2017-08-16,20.00,20.50,19.55,20.00,38163
2017-08-17,20.60,21.50,20.30,21.00,67959
2017-08-18,21.00,21.60,20.65,21.10,38906
2017-08-21,21.50,21.95,20.05,20.35,36700
2017-08-22,20.30,20.85,18.85,19.00,100192
2017-08-23,19.05,20.00,19.00,19.50,34568
2017-08-24,19.80,20.75,19.25,20.50,57251
2017-08-28,20.80,21.40,19.75,20.75,45696
2017-08-29,20.75,21.40,20.75,20.85,54282
2017-08-30,21.40,22.65,21.00,21.50,136776
2017-08-31,21.50,21.70,20.80,21.15,61821
2017-09-01,21.15,22.45,21.15,21.50,49680
2017-09-04,22.00,22.60,20.80,21.15,75470
2017-09-05,21.20,25.35,21.15,24.30,2183956
2017-09-06,24.50,24.50,23.00,23.10,676919
2017-09-07,23.45,23.45,22.40,22.65,191084
2017-09-08,22.25,22.95,21.90,22.10,117799
2017-09-11,22.30,22.70,21.90,22.05,87751
2017-09-12,22.20,22.60,22.00,22.05,67343
2017-09-13,22.20,22.50,21.50,21.65,140083
2017-09-14,22.00,22.70,21.75,22.05,82348
2017-09-15,21.70,22.30,21.45,21.55,84032
2017-09-18,22.15,22.25,21.45,22.15,172155
2017-09-19,22.50,24.20,22.00,23.40,544171
2017-09-20,23.50,24.25,23.00,23.50,159810
2017-09-21,23.25,24.00,22.50,22.95,126590
2017-09-22,22.70,23.00,22.05,22.15,141825
2017-09-25,22.00,22.70,21.15,22.25,126600
2017-09-26,23.25,24.00,22.70,23.25,238468
2017-09-27,23.90,23.90,22.10,22.70,108310
2017-09-28,23.65,23.95,22.75,22.95,109303
2017-09-29,22.95,23.80,22.75,22.80,59855
2017-10-03,23.50,23.50,22.40,22.65,35537
2017-10-04,22.50,23.30,22.25,23.00,190362
2017-10-05,22.80,24.70,22.35,23.50,250751
2017-10-06,24.70,27.00,24.40,25.10,942707
2017-10-09,25.40,27.00,23.90,24.05,410064
2017-10-10,23.80,24.50,23.15,23.70,293007
2017-10-11,24.05,24.70,22.75,23.10,198675
2017-10-12,23.20,24.50,23.20,23.50,158396
2017-10-13,23.65,23.75,23.10,23.25,82987
2017-10-16,23.90,23.90,22.80,23.15,66069
2017-10-17,23.30,24.50,22.35,24.35,301055
2017-10-18,24.65,25.85,24.35,24.75,376619
2017-10-19,24.95,25.20,24.00,24.30,69415
2017-10-23,24.75,24.75,23.55,23.75,120194
2017-10-24,23.75,28.50,23.60,27.10,3106115
2017-10-25,27.10,31.20,26.20,28.40,2558201
2017-10-26,28.85,31.95,28.85,30.15,1492951
2017-10-27,30.45,30.60,27.65,27.80,664974
2017-10-30,28.00,29.10,27.60,27.90,218751
2017-10-31,27.75,28.95,27.60,28.30,255336
2017-11-01,28.75,28.80,27.10,28.10,711820
2017-11-02,28.20,28.50,27.10,27.40,452921
2017-11-03,27.60,28.00,27.40,27.70,182379
2017-11-06,27.90,28.70,27.50,27.70,179327
2017-11-07,28.25,28.80,27.30,27.55,282995
2017-11-08,27.80,27.95,25.70,26.25,192096
2017-11-09,26.25,26.50,25.65,25.85,143802
2017-11-10,25.85,26.00,25.40,25.65,67689
2017-11-13,25.95,25.95,25.20,25.45,33527
2017-11-14,25.85,25.85,24.15,24.30,115391
2017-11-15,24.00,24.30,22.60,22.95,144674
2017-11-16,24.00,27.50,24.00,27.50,1367545
2017-11-17,28.50,28.50,26.10,26.75,679890
2017-11-20,26.60,27.30,26.35,26.90,120763
2017-11-21,26.85,27.20,25.60,25.85,170994
2017-11-22,26.05,26.05,25.55,25.65,103767
2017-11-23,25.60,26.40,25.20,25.60,108910
2017-11-24,26.00,27.90,25.70,26.15,300843
2017-11-27,26.00,26.70,25.00,26.10,393972
2017-11-28,26.40,31.30,26.40,31.30,2147094
2017-11-29,35.60,37.55,33.40,37.55,7582701
2017-11-30,38.55,40.70,36.05,37.65,2947898
2017-12-01,41.00,41.40,39.55,41.00,2355841
2017-12-04,44.00,45.10,42.05,44.35,2908857
2017-12-05,44.15,44.15,40.15,41.15,1997530
2017-12-06,42.80,44.80,42.25,42.90,1448250
2017-12-07,42.70,43.00,41.50,41.90,547373
2017-12-08,42.30,43.20,40.30,40.60,566124
2017-12-11,43.70,44.50,42.50,42.65,844245
2017-12-12,42.95,42.95,40.55,41.20,303169
2017-12-13,41.45,41.45,39.70,39.90,372847
2017-12-14,40.15,42.40,40.00,40.60,497459
2017-12-15,42.50,42.50,40.65,40.95,290011
2017-12-18,41.25,42.50,38.10,40.60,368814
2017-12-19,41.60,44.65,39.80,44.65,2932626
2017-12-20,45.80,48.45,45.70,47.55,2694801
2017-12-21,48.00,48.00,45.60,46.40,745402
2017-12-22,46.40,47.05,44.35,44.95,575502
2017-12-26,44.95,47.10,44.95,45.50,479189
2017-12-27,45.50,46.05,43.05,43.50,496827
2017-12-28,43.90,47.20,41.10,45.00,978322
2017-12-29,45.40,46.40,44.10,44.90,536873
2018-01-01,45.10,45.90,44.40,44.65,290436
2018-01-02,45.00,45.60,43.60,43.95,317665
2018-01-03,47.15,48.30,46.50,48.30,2037003
2018-01-04,51.45,52.65,48.50,50.55,2534115
2018-01-05,52.85,52.85,50.50,50.75,690421
2018-01-08,50.80,51.45,49.55,50.00,442859
2018-01-09,50.60,50.60,47.75,48.10,446900
2018-01-10,48.60,48.60,46.55,47.10,277506
2018-01-11,47.40,51.65,46.05,50.25,1176184
2018-01-12,52.20,52.90,49.00,50.65,1233003
2018-01-15,50.85,53.45,50.10,51.95,1111275
2018-01-16,52.15,52.15,48.80,49.05,625495
2018-01-17,48.95,49.15,45.25,47.80,428219
2018-01-18,48.45,48.45,45.00,45.55,311915
2018-01-19,47.40,48.70,46.30,47.80,802118
2018-01-22,47.20,47.70,46.50,46.75,250483
2018-01-23,46.15,46.90,45.40,45.70,239915
2018-01-24,45.80,46.05,44.50,44.65,213007
2018-01-25,45.80,46.65,43.40,45.70,240500
2018-01-29,45.10,47.35,44.55,44.85,231380
2018-01-30,45.35,46.40,43.40,44.75,278207
2018-01-31,45.00,47.25,43.90,46.00,454363
2018-02-01,46.40,47.85,41.40,42.65,990656
2018-02-02,41.50,41.50,38.40,38.40,634920
2018-02-05,35.20,36.80,34.60,35.30,605992
2018-02-06,33.55,34.10,33.55,33.55,263577
2018-02-07,34.15,34.85,32.40,33.00,531403
2018-02-08,34.20,34.65,32.90,34.65,265089
2018-02-09,33.35,36.35,33.00,36.20,559349
2018-02-12,37.40,38.00,36.75,38.00,230101
2018-02-14,39.50,39.50,36.50,36.85,308094
2018-02-15,37.70,37.80,35.05,35.20,201945
2018-02-16,36.45,36.50,35.00,35.60,184832
2018-02-19,35.95,35.95,34.10,34.45,102169
2018-02-20,34.00,34.90,32.75,33.35,117995
2018-02-21,33.15,33.55,32.30,32.50,157774
2018-02-22,32.95,32.95,31.55,32.10,148617
2018-02-23,31.90,32.95,31.55,32.45,143925
2018-02-26,33.00,33.25,32.00,32.40,122912
2018-02-27,32.90,33.15,32.30,32.55,88112
2018-02-28,32.45,32.70,32.00,32.25,78714
2018-03-01,32.30,32.50,30.65,31.15,161583
2018-03-05,31.95,32.70,31.90,32.70,150714
2018-03-06,34.30,34.30,34.30,34.30,65817
2018-03-07,36.00,36.00,36.00,36.00,76212
2018-03-08,35.45,36.95,34.20,35.00,729817
2018-03-09,35.40,35.40,33.75,34.10,164909
2018-03-12,34.30,35.50,33.95,34.15,111991
2018-03-13,33.30,34.45,33.25,33.60,139149
2018-03-14,33.60,34.00,33.05,33.80,109942
2018-03-15,35.45,35.45,35.20,35.45,158036
2018-03-16,36.70,36.70,34.00,34.20,206040
2018-03-19,34.00,34.25,32.50,32.50,110634
2018-03-20,31.20,33.00,31.00,31.50,111933
2018-03-21,32.05,33.05,32.05,32.95,251377
2018-03-22,34.10,34.55,32.70,33.15,378585
2018-03-23,32.50,32.75,31.50,31.50,181142
2018-03-26,31.00,33.05,30.20,33.05,300966
2018-03-27,33.90,34.30,32.55,33.15,113520
2018-03-28,32.50,32.80,31.70,31.95,88648
2018-04-02,32.50,33.50,32.00,33.50,128315
2018-04-03,33.15,33.45,32.25,32.85,188247
2018-04-04,33.60,34.45,33.15,33.40,384184
2018-04-05,34.20,34.95,33.75,34.05,106468
2018-04-06,34.50,34.70,33.60,34.00,170151
2018-04-09,34.25,34.70,33.80,34.00,145427
2018-04-10,34.35,35.15,34.00,34.10,143828
2018-04-11,34.50,34.75,33.90,34.15,97092
2018-04-12,34.00,34.60,33.50,33.95,99030
2018-04-13,35.45,37.30,35.00,36.95,1134359
2018-04-16,36.95,37.30,35.20,37.05,516271
2018-04-17,37.50,37.65,35.85,36.05,267473
2018-04-18,35.55,36.35,35.30,35.55,117542
2018-04-19,35.95,38.70,35.10,37.50,543105
2018-04-20,37.15,38.60,35.95,37.25,517800
2018-04-23,37.45,39.00,36.80,37.65,261933
2018-04-24,38.00,38.50,37.05,37.15,225202
2018-04-25,37.10,37.80,36.25,36.50,159794
2018-04-26,37.00,38.35,36.30,37.50,478622
2018-04-27,37.40,38.25,36.05,36.30,146715
2018-04-30,36.65,37.30,35.75,35.90,127804
2018-05-02,35.75,36.30,35.10,35.55,104796
2018-05-03,35.25,35.50,33.80,34.05,158822
2018-05-04,34.40,34.40,33.10,33.25,114508
2018-05-07,33.95,34.25,33.05,33.30,73769
2018-05-08,33.90,33.90,32.55,32.65,72465
2018-05-09,33.00,33.40,32.10,32.80,80256
2018-05-10,33.00,33.25,32.00,32.10,58514
2018-05-11,32.25,32.25,31.10,31.50,75985
2018-05-14,31.80,33.50,31.05,31.55,79959
2018-05-15,32.00,32.50,29.80,30.20,78976
2018-05-16,29.95,30.05,27.60,28.55,154484
2018-05-17,28.60,29.45,28.30,29.25,74106
2018-05-18,28.80,29.95,28.15,28.70,84662
2018-05-21,29.00,29.50,27.45,28.35,73553
2018-05-22,28.05,28.50,27.40,27.75,108754
2018-05-23,27.50,29.90,27.50,28.15,108029
2018-05-24,28.45,29.50,26.50,28.05,63713
2018-05-25,28.05,29.50,27.90,29.25,100047
2018-05-28,29.95,31.50,29.95,31.15,165892
2018-05-29,31.65,32.70,31.35,31.65,181718
2018-05-30,30.80,31.90,30.80,31.50,62602
2018-05-31,31.65,31.95,30.20,30.50,95103
2018-06-01,30.50,31.00,29.65,30.15,47851
2018-06-04,30.80,30.80,27.65,28.85,84601
2018-06-05,28.85,28.85,26.00,26.25,172747
2018-06-06,25.10,27.65,25.00,27.45,154743
2018-06-07,31.80,32.90,30.05,32.10,673290
2018-06-08,32.10,32.50,30.70,31.00,175334
2018-06-11,31.00,31.35,29.30,30.20,100432
2018-06-12,30.30,31.40,30.10,31.05,140737
2018-06-13,30.95,31.20,30.45,30.60,57943
2018-06-14,30.30,30.80,29.80,30.20,47967
2018-06-15,30.30,31.85,30.00,30.55,243065
2018-06-18,30.55,30.70,29.85,29.95,61550
2018-06-19,30.00,30.30,28.80,29.00,57037
2018-06-20,29.35,29.50,28.70,28.90,60008
2018-06-21,29.00,29.30,28.25,28.55,52139
2018-06-22,28.90,29.30,28.15,28.90,64803
2018-06-25,29.10,30.20,28.80,29.25,112927
2018-06-26,29.30,29.50,28.45,28.80,58040
2018-06-27,28.60,28.95,27.25,27.90,77396
2018-06-28,28.50,28.55,25.20,25.55,182134
2018-06-29,26.20,27.30,26.10,26.70,104344
2018-07-02,26.80,26.95,25.65,26.20,57871
2018-07-03,26.10,31.40,25.95,31.00,1102493
2018-07-04,32.00,32.00,29.60,29.85,739037
2018-07-05,29.35,29.85,28.60,28.90,148277
2018-07-06,28.60,29.20,28.25,28.40,126862
2018-07-09,28.85,29.45,28.80,28.90,102193
2018-07-10,29.45,30.30,29.10,29.25,123628
2018-07-11,29.20,29.60,28.50,29.15,141853
2018-07-12,29.55,29.75,28.70,28.90,94250
2018-07-13,28.95,29.00,28.00,28.15,64104
2018-07-16,28.50,28.70,27.05,27.25,76662
2018-07-17,27.10,27.80,26.70,27.15,105310
2018-07-18,27.40,28.60,26.85,27.50,88543
2018-07-19,27.15,27.65,26.50,26.75,62141
2018-07-20,26.30,26.95,26.20,26.45,50752
2018-07-23,26.55,26.85,26.20,26.60,104014
2018-07-24,26.55,28.15,26.50,27.30,208826
2018-07-25,27.10,27.95,27.00,27.20,96806
2018-07-26,27.15,27.45,26.75,26.95,69528
2018-07-27,26.90,29.85,26.90,28.20,256784
2018-07-30,29.15,29.15,28.30,28.85,133901
2018-07-31,28.80,29.50,28.60,28.90,68726
2018-08-01,29.30,31.25,28.50,28.70,181437
2018-08-02,28.95,29.10,28.10,28.25,89409
2018-08-03,28.40,29.85,28.40,29.45,289037
2018-08-06,29.60,29.75,28.70,28.85,101957
2018-08-07,28.85,29.15,28.05,28.15,138706
2018-08-08,28.45,28.45,28.00,28.05,43290
2018-08-09,28.10,28.40,27.70,27.80,76882
2018-08-10,28.10,28.75,27.80,28.05,87803
2018-08-13,27.90,27.90,27.05,27.25,62002
2018-08-14,27.35,27.90,26.65,26.85,108139
2018-08-16,26.75,27.15,26.00,26.45,119913
2018-08-17,26.90,27.70,26.60,27.00,91537
2018-08-20,26.95,27.45,26.55,26.75,77908
2018-08-21,26.95,27.55,26.00,26.05,129838
2018-08-23,26.25,27.00,25.90,26.20,92490
2018-08-24,27.00,27.50,26.55,26.70,135130
2018-08-27,26.35,27.45,26.05,26.45,340709
2018-08-28,29.70,29.70,28.10,28.40,949702
2018-08-29,28.00,28.25,26.60,26.95,119679
2018-08-30,27.10,28.25,26.90,27.30,196253
2018-08-31,27.00,27.60,26.65,26.75,79675
2018-09-03,26.70,27.50,26.50,26.60,151243
2018-09-04,26.95,26.95,26.00,26.10,93656
2018-09-05,26.45,26.60,26.05,26.25,58935
2018-09-06,26.30,26.60,26.15,26.25,33730
2018-09-07,26.70,27.15,26.10,26.25,93138
2018-09-10,26.65,26.65,26.00,26.05,47737
2018-09-11,26.90,26.90,25.25,25.60,113936
2018-09-12,25.35,25.95,25.20,25.30,84957
2018-09-14,26.30,27.05,25.65,25.75,266140
2018-09-17,25.60,25.90,25.30,25.65,84400
2018-09-18,25.35,26.70,25.35,25.65,114331
2018-09-19,25.75,26.15,25.20,25.35,66219
2018-09-21,25.35,25.70,22.60,23.75,107644
2018-09-24,23.25,25.50,22.05,22.75,65523
2018-09-25,23.05,23.10,21.60,22.00,99380
2018-09-26,22.35,22.70,20.20,20.90,158806
2018-09-27,21.60,21.60,20.10,20.30,87951
2018-09-28,20.10,20.40,16.85,17.65,331143
2018-10-01,17.45,18.85,15.10,18.30,223274
2018-10-03,18.90,20.30,18.10,19.15,123646
2018-10-04,18.65,18.85,18.15,18.55,73258
2018-10-05,17.80,19.20,17.80,18.50,90095
2018-10-08,18.30,18.80,17.15,17.60,43305
2018-10-09,17.80,18.25,17.40,17.60,53149
2018-10-10,17.55,18.75,17.55,18.35,46387
2018-10-11,17.95,18.10,17.20,17.85,76214
2018-10-12,18.10,19.40,17.95,18.70,89421
2018-10-15,18.70,21.90,18.05,21.30,370701
2018-10-16,21.70,22.30,20.60,21.00,191512
2018-10-17,21.15,21.45,19.30,19.80,80498
2018-10-19,19.70,19.80,18.65,18.95,56493
2018-10-22,19.70,19.70,18.50,18.80,21953
2018-10-23,18.85,18.95,17.40,17.85,53739
2018-10-24,18.05,18.45,17.90,18.00,33989
2018-10-25,18.00,18.35,17.50,18.20,40800
2018-10-26,18.25,18.40,17.80,18.10,27538
2018-10-29,18.15,18.60,17.85,18.45,29157
2018-10-30,18.25,19.00,18.15,18.55,38455
2018-10-31,18.35,20.30,18.15,19.60,67252
2018-11-01,19.45,20.55,19.45,20.00,65386
2018-11-02,20.20,21.25,20.20,20.65,136330
2018-11-05,20.20,20.40,19.20,19.90,45941
2018-11-06,19.95,20.60,19.70,20.20,91351
2018-11-07,20.25,20.45,20.10,20.20,14356
2018-11-09,20.25,20.65,20.05,20.55,51336
2018-11-12,20.75,20.75,19.95,20.05,69935
2018-11-13,19.70,20.30,19.70,19.90,25403
2018-11-14,20.05,20.30,19.35,19.70,49722
2018-11-15,19.95,19.95,19.25,19.45,36505
2018-11-16,19.45,19.85,18.85,19.10,53369
2018-11-19,19.20,19.80,19.00,19.40,29666
2018-11-20,19.20,19.30,18.85,18.95,29738
2018-11-21,19.10,19.30,18.65,18.85,36779
2018-11-22,19.05,22.30,19.00,20.15,387772
2018-11-26,20.40,21.15,19.60,19.95,119420
2018-11-27,20.00,20.20,19.85,20.00,45587
2018-11-28,20.00,20.05,19.20,19.25,35470
2018-11-29,19.30,19.60,18.95,19.05,34721
2018-11-30,19.05,19.45,18.95,19.00,98788
2018-12-03,19.00,20.55,18.10,19.85,154143
2018-12-04,22.20,23.80,21.95,22.90,1555153
2018-12-05,22.30,22.50,20.50,20.75,287567
2018-12-06,20.60,20.75,19.20,20.05,177319
2018-12-07,20.05,20.85,19.75,19.80,119863
2018-12-10,19.70,19.80,18.75,19.15,111616
2018-12-11,18.70,20.30,18.65,19.95,115896
2018-12-12,20.05,21.45,20.05,21.00,191294
2018-12-13,21.50,22.15,21.00,21.45,298104
2018-12-14,21.20,21.75,20.50,20.80,102182
2018-12-17,21.00,21.50,21.00,21.10,98198
2018-12-18,22.00,22.40,21.35,21.70,260201
2018-12-19,21.90,22.50,21.55,22.15,151078
2018-12-20,22.40,23.90,22.00,23.10,399880
2018-12-21,23.10,24.80,22.90,23.60,354215
2018-12-24,24.00,24.00,22.55,22.90,65617
2018-12-26,23.00,23.40,22.25,22.50,188007
2018-12-27,22.80,23.05,22.50,22.65,73135
2018-12-28,23.30,24.00,23.15,23.45,156306
2018-12-31,23.65,24.55,23.10,23.90,165513
2019-01-01,24.00,24.70,23.80,24.10,142880
2019-01-02,23.75,24.50,23.60,23.85,140242
2019-01-03,24.40,24.85,23.85,24.15,206898
2019-01-04,23.95,24.40,23.65,24.20,103203
2019-01-07,24.55,24.60,24.05,24.15,112964
2019-01-08,24.00,24.30,23.85,24.00,60519
2019-01-09,24.45,24.50,23.65,23.80,73157
2019-01-10,23.70,28.00,23.70,26.25,1962688
2019-01-11,26.30,26.40,24.50,24.70,366554
2019-01-14,24.90,24.90,23.90,24.45,124668
2019-01-15,26.00,27.00,25.75,25.95,737664
2019-01-16,25.75,25.95,25.10,25.40,131088
2019-01-17,25.40,26.85,25.25,26.05,195152
2019-01-18,26.30,26.90,25.65,25.80,238130
2019-01-21,25.80,25.95,25.30,25.45,81145
2019-01-22,25.15,25.40,24.10,24.60,130478
2019-01-23,24.35,25.70,24.35,25.00,90501
2019-01-24,25.00,25.30,24.50,24.55,52767
2019-01-25,24.85,25.70,24.60,24.75,164612
2019-01-28,24.50,25.40,24.00,24.15,103624
2019-01-29,23.60,24.95,23.45,24.55,93548
2019-01-30,25.05,25.35,24.50,25.00,100582
2019-01-31,24.90,25.60,24.90,25.35,116577
2019-02-01,25.35,26.80,23.15,23.65,446369
2019-02-04,23.80,23.80,22.20,22.85,116818
2019-02-05,22.55,23.00,21.90,22.10,98784
2019-02-06,22.00,22.30,21.15,21.35,115428
2019-02-07,21.00,22.05,21.00,21.70,88488
2019-02-08,21.65,21.90,21.00,21.10,68616
2019-02-11,22.70,23.45,22.00,22.35,370224
2019-02-12,22.15,22.15,20.85,21.10,100052
2019-02-13,21.30,21.35,20.05,20.20,94838
2019-02-14,20.20,20.25,19.40,19.85,76860
2019-02-15,19.65,19.80,18.10,18.80,122395
2019-02-18,18.50,19.95,18.50,19.20,53902
2019-02-19,19.80,20.05,19.50,19.65,35289
2019-02-20,19.50,19.85,19.10,19.40,23761
2019-02-21,19.30,20.20,19.30,20.15,34000
2019-02-22,20.00,21.15,20.00,20.70,100825
2019-02-25,20.60,22.00,20.25,21.15,53282
2019-02-26,20.10,20.95,19.80,20.35,56131
2019-02-27,20.30,21.30,20.00,20.25,55954
2019-02-28,20.50,20.75,20.20,20.30,31189
2019-03-01,20.45,21.85,20.40,21.45,185119
2019-03-05,21.35,22.15,21.35,21.90,240353
2019-03-06,22.35,22.85,22.00,22.15,124251
2019-03-07,22.60,22.60,21.65,21.85,66120
2019-03-08,22.35,22.50,21.80,21.85,84086
2019-03-11,22.00,23.00,21.75,22.35,181131
2019-03-12,22.45,23.10,22.20,22.30,241053
2019-03-13,22.35,22.90,22.25,22.35,93979
2019-03-14,22.35,22.65,21.85,22.00,41132
2019-03-15,22.00,22.45,21.35,21.55,80745
2019-03-18,21.75,21.80,21.00,21.25,27349
2019-03-19,21.25,22.25,21.15,21.75,91631
2019-03-20,21.65,21.75,21.10,21.15,66104
2019-03-22,21.65,21.65,20.40,20.80,83126
2019-03-25,20.45,20.95,20.10,20.15,43502
2019-03-26,20.40,20.90,20.20,20.50,82342
2019-03-27,20.45,20.80,20.00,20.25,86153
2019-03-28,21.10,21.15,20.50,20.70,136222
2019-03-29,20.95,20.95,20.30,20.55,57638
2019-04-01,20.55,21.40,20.30,20.95,103215
2019-04-02,20.90,21.25,20.55,20.80,61453
2019-04-03,21.00,21.70,20.85,21.05,217844
2019-04-04,21.05,21.05,20.40,20.55,51542
2019-04-05,20.65,20.90,20.55,20.70,28313
2019-04-08,20.80,21.00,20.10,20.60,88100
2019-04-09,20.35,20.85,20.25,20.45,38793
2019-04-10,20.45,21.55,20.40,21.10,125690
2019-04-11,21.80,23.40,21.55,22.40,922666
2019-04-12,22.40,22.65,21.65,21.75,78624
2019-04-15,22.50,23.20,22.20,22.85,332940
2019-04-16,23.00,23.00,22.15,22.30,120598
2019-04-18,22.70,22.70,21.65,21.80,88385
2019-04-22,21.60,21.60,20.80,20.90,48646
2019-04-23,21.05,21.40,20.65,20.80,67534
2019-04-24,21.40,21.70,21.30,21.45,191524
2019-04-25,21.25,21.45,21.00,21.05,51185
2019-04-26,21.05,21.30,20.85,20.90,20702
2019-04-30,20.90,20.90,19.00,20.40,139656
2019-05-02,20.45,20.60,19.90,20.05,31147
2019-05-03,20.25,20.50,20.05,20.25,42347
2019-05-06,20.45,20.45,19.60,20.05,52794
2019-05-07,20.15,21.25,20.00,20.05,107495
2019-05-08,20.05,20.45,19.80,19.95,72948
2019-05-09,19.90,20.20,19.80,20.00,27727
2019-05-10,20.05,20.20,19.80,19.85,19532
2019-05-13,19.60,19.80,19.25,19.40,25386
2019-05-14,19.20,19.40,18.25,18.80,112752
2019-05-15,19.30,19.80,19.20,19.35,86134
2019-05-16,19.85,19.85,19.15,19.40,31424
2019-05-17,19.45,20.15,19.00,19.20,145307
2019-05-20,20.20,21.00,20.05,20.30,189576
2019-05-21,20.35,20.40,19.60,19.70,56435
2019-05-22,19.65,20.25,19.55,19.90,25622
2019-05-23,20.20,20.80,19.80,20.05,80892
2019-05-24,20.10,21.55,20.05,21.25,183110
2019-05-27,21.60,24.40,21.15,22.85,475631
2019-05-28,23.25,23.25,22.00,22.25,165850
2019-05-29,22.10,23.75,22.10,23.45,308790
2019-05-30,26.10,26.90,25.50,26.05,1595323
2019-05-31,25.50,25.55,23.80,24.45,468177
2019-06-03,25.05,25.40,24.50,24.80,176157
2019-06-04,24.75,24.75,23.65,24.00,110059
2019-06-06,24.90,25.25,24.30,24.85,362868
2019-06-07,25.70,26.45,25.20,26.05,753400
2019-06-10,26.80,26.95,25.05,25.50,289360
2019-06-11,25.60,25.65,24.80,24.90,139755
2019-06-12,24.55,24.65,24.15,24.30,141349
2019-06-13,24.35,24.35,23.15,23.60,106318
2019-06-14,23.60,23.95,23.20,23.55,63593
2019-06-17,23.75,23.95,22.90,23.20,84708
2019-06-18,23.40,23.65,22.10,22.25,74793
2019-06-19,22.30,23.05,21.10,21.60,138735
2019-06-20,21.30,21.85,21.10,21.65,76025
2019-06-21,21.35,22.20,21.35,21.75,108574
2019-06-24,21.95,22.30,21.55,22.15,93165
2019-06-25,22.35,22.40,21.65,22.25,50126
2019-06-26,22.05,23.80,22.00,23.20,175594
2019-06-27,23.35,23.80,23.00,23.10,90925
2019-06-28,23.10,23.40,22.50,22.75,39422
2019-07-01,23.00,24.40,23.00,23.45,139922
2019-07-02,24.15,26.00,24.15,25.50,895522
2019-07-03,29.80,30.60,28.35,30.40,4653431
2019-07-04,30.80,31.50,27.80,28.50,1888283
2019-07-05,28.65,29.60,24.75,25.00,1042829
2019-07-08,24.10,24.60,23.05,23.20,452592
2019-07-09,23.00,23.40,22.25,23.00,250816
2019-07-10,22.70,23.95,22.60,23.40,165091
2019-07-11,23.70,23.95,23.10,23.20,95177
2019-07-12,23.25,23.25,22.50,22.70,146070
2019-07-15,22.65,22.65,21.30,21.60,137815
2019-07-16,21.65,22.85,20.75,20.95,189799
2019-07-17,21.45,23.50,21.45,22.90,1038043
2019-07-18,22.90,22.95,21.70,21.90,133688
2019-07-19,22.30,22.85,21.30,22.00,225336
2019-07-22,21.45,22.00,21.05,21.35,84582
2019-07-23,21.45,22.30,21.15,21.70,91999
2019-07-24,22.30,22.95,22.20,22.65,291962
2019-07-25,24.20,25.30,23.50,23.90,1303448
2019-07-26,24.00,24.05,22.85,23.10,199284
2019-07-29,23.25,23.30,22.30,22.40,109283
2019-07-30,22.35,22.40,21.65,21.80,126360
2019-07-31,21.60,23.50,20.45,23.00,393350
2019-08-01,22.40,23.00,21.00,21.35,186499
2019-08-02,21.35,22.20,21.00,21.75,132279
2019-08-05,21.20,21.60,20.20,21.00,110259
2019-08-06,21.00,21.60,21.00,21.20,142328
2019-08-07,21.30,21.60,21.05,21.10,56373
2019-08-08,20.90,21.25,20.65,20.90,129729
2019-08-09,21.05,21.40,21.05,21.10,103944
2019-08-13,21.10,21.75,20.80,21.20,104907
2019-08-14,21.10,21.50,21.00,21.05,33005
2019-08-16,20.65,21.50,20.65,20.85,138933
2019-08-19,21.00,21.25,20.55,20.60,102927
2019-08-20,20.70,20.70,20.20,20.30,62767
2019-08-21,20.15,20.35,19.55,19.60,66055
2019-08-22,19.20,19.20,18.30,18.50,73894
2019-08-23,18.20,19.80,17.60,19.35,95607
2019-08-26,19.80,20.95,19.15,19.75,72103
2019-08-27,20.35,20.85,19.60,20.50,223439
2019-08-28,20.50,20.50,19.10,19.50,98714
2019-08-29,20.00,20.25,19.35,19.65,146973
2019-08-30,19.80,19.95,19.40,19.45,73440
2019-09-03,19.50,19.50,18.65,18.85,51778
2019-09-04,18.65,18.95,18.60,18.75,72322
2019-09-05,18.90,19.35,18.50,18.70,118349
2019-09-06,19.00,19.30,18.80,19.15,74682
2019-09-09,19.25,19.55,18.80,19.40,59707
2019-09-11,19.85,21.95,19.50,20.85,336212
2019-09-12,20.95,21.15,20.10,20.45,98903
2019-09-13,20.45,22.00,20.10,21.85,376040
2019-09-16,22.70,25.40,22.70,23.35,1670057
2019-09-17,23.40,23.50,21.40,21.55,249714
2019-09-18,21.75,21.90,21.15,21.30,95090
2019-09-19,20.85,21.30,19.85,20.15,162692
2019-09-20,20.50,21.70,19.80,21.50,302778
2019-09-23,24.40,24.40,22.05,22.65,502510
2019-09-24,22.55,23.70,21.45,23.05,529820
2019-09-25,23.45,23.80,22.40,22.65,413294
2019-09-26,22.70,24.40,22.15,24.10,815735
2019-09-27,24.30,24.30,22.30,22.60,646015
2019-09-30,22.50,22.50,21.40,21.70,173022
2019-10-01,22.60,23.00,21.10,21.95,348945
2019-10-03,21.60,21.80,21.20,21.55,88943
2019-10-04,22.00,22.30,21.05,21.15,116916
2019-10-07,21.15,21.35,20.55,20.65,91256
2019-10-09,20.30,21.20,20.10,20.50,260296
2019-10-10,20.30,20.50,19.90,19.95,246406
2019-10-11,20.05,20.50,19.70,20.00,138581
2019-10-14,19.85,20.25,19.80,19.90,178728
2019-10-15,19.75,20.45,19.55,19.90,142409
2019-10-16,19.95,20.25,19.70,19.75,121024
2019-10-17,19.80,20.10,19.60,19.80,154826
2019-10-18,19.70,20.65,19.70,20.10,455272
2019-10-22,21.20,21.50,20.60,20.90,525780
2019-10-23,20.85,21.15,20.30,20.75,261124
2019-10-24,20.70,21.25,20.15,20.85,296271
2019-10-25,20.85,21.00,20.25,20.40,149016
2019-10-29,20.60,20.80,20.30,20.45,196919
2019-10-30,21.70,21.85,21.05,21.15,484971
2019-10-31,21.15,21.75,20.85,21.10,323652
2019-11-01,21.20,21.25,20.70,20.80,182115
2019-11-04,20.80,21.00,20.70,20.80,155242
2019-11-05,20.90,20.90,20.30,20.50,183122
2019-11-06,20.45,20.65,20.25,20.45,115920
2019-11-07,20.40,20.85,20.30,20.40,88675
2019-11-08,20.30,20.70,19.75,19.95,377905
2019-11-11,19.95,20.25,19.55,20.05,94721
2019-11-13,20.00,20.00,19.60,19.65,69743
2019-11-14,19.85,20.00,19.25,19.35,230787
2019-11-15,19.35,19.50,19.25,19.35,88963
2019-11-18,19.95,20.20,19.65,19.85,228186
2019-11-19,19.80,20.00,19.50,19.70,82013
2019-11-20,19.60,20.45,19.60,19.95,216407
2019-11-21,19.75,19.95,19.50,19.60,87823
2019-11-22,19.75,19.80,19.40,19.45,65986
2019-11-25,19.45,19.80,19.05,19.50,76155
2019-11-26,19.75,19.75,19.30,19.50,46352
2019-11-27,19.60,19.60,19.20,19.30,57126
2019-11-28,19.45,19.70,19.30,19.60,55450
2019-11-29,19.80,20.75,19.55,20.00,328458
2019-12-02,19.80,20.00,19.25,19.65,51367
2019-12-03,19.65,19.65,19.30,19.50,30190
2019-12-04,19.50,19.70,19.30,19.35,38583
2019-12-05,19.55,19.55,19.10,19.20,40333
2019-12-06,19.20,19.50,18.90,19.00,77105
2019-12-09,19.30,19.30,19.00,19.05,27930
2019-12-10,19.30,19.40,18.65,18.75,158318
2019-12-11,18.85,19.45,18.70,18.80,51561
2019-12-12,18.95,19.20,18.20,18.70,97239
2019-12-13,18.70,19.10,18.60,18.80,81809
2019-12-16,18.85,18.95,18.60,18.70,26749
2019-12-17,18.85,19.50,18.70,19.00,106811
2019-12-18,19.25,19.45,18.90,19.20,47322
2019-12-19,19.00,19.15,18.75,18.85,43614
2019-12-20,18.90,18.95,18.75,18.75,36203
2019-12-23,18.85,19.10,18.70,18.90,48646
2019-12-24,19.00,19.00,18.75,18.75,41214
2019-12-26,18.80,20.95,18.60,20.40,604966
2019-12-27,20.80,20.85,19.55,19.85,447346
2019-12-30,19.95,20.50,19.35,20.20,240033
2019-12-31,20.20,20.20,19.50,19.75,130633
2020-01-01,19.60,19.85,19.30,19.60,79273
2020-01-02,19.70,20.50,19.60,20.35,426430
2020-01-03,20.05,20.80,19.90,20.10,309807
2020-01-06,20.40,21.90,20.25,20.55,734075
2020-01-07,21.25,21.40,20.50,21.15,452813
2020-01-08,20.55,20.90,20.15,20.50,246413
2020-01-09,21.00,22.10,20.85,21.15,617336
2020-01-10,21.25,21.45,20.80,20.90,156858
2020-01-13,20.70,22.00,20.70,21.70,404932
2020-01-14,22.30,22.30,21.45,21.60,274874
2020-01-15,21.75,23.60,21.25,22.10,948387
2020-01-16,22.15,22.40,21.75,22.25,307646
2020-01-17,22.10,22.45,21.75,21.90,154935
2020-01-20,21.70,22.05,21.00,21.05,171204
2020-01-21,20.90,21.20,20.30,20.65,202942
2020-01-22,20.80,21.40,20.60,21.00,191732
2020-01-23,20.85,21.80,20.70,21.55,250934
2020-01-24,21.50,22.10,21.15,21.80,467115
2020-01-27,22.50,22.80,22.20,22.35,946107
2020-01-28,22.35,22.35,21.55,21.70,169331
2020-01-29,21.85,22.20,21.55,21.65,94184
2020-01-30,21.65,23.65,21.50,21.60,142779
2020-01-31,21.85,21.85,21.00,21.10,163915
2020-02-01,21.00,21.85,18.90,19.10,567944
2020-02-03,18.95,19.10,18.05,18.30,172400
2020-02-04,18.45,18.90,18.40,18.65,142422
2020-02-05,18.65,19.05,18.45,18.55,136856
2020-02-06,18.35,18.90,18.35,18.55,147939
2020-02-07,18.65,18.65,18.10,18.40,278843
2020-02-10,18.80,18.85,18.25,18.40,124913
2020-02-11,18.55,18.65,18.15,18.20,86815
2020-02-12,18.20,18.45,18.00,18.05,90709
2020-02-13,18.00,18.15,17.80,17.85,74955
2020-02-14,17.90,17.95,17.20,17.50,127812
2020-02-17,17.50,17.65,16.60,16.85,63606
2020-02-18,16.85,16.90,16.20,16.50,119445
2020-02-19,16.90,17.15,16.50,16.80,84848
2020-02-20,16.65,16.90,16.30,16.40,76328
2020-02-24,16.70,16.70,16.20,16.20,67131
2020-02-25,16.70,16.70,16.00,16.30,89105
2020-02-26,16.05,16.20,15.50,15.60,72626
2020-02-27,15.45,15.45,14.85,14.95,110168
2020-02-28,14.50,14.50,13.60,13.90,106335
2020-03-02,14.15,14.55,13.55,14.05,92350
2020-03-03,14.05,14.30,13.50,13.95,47433
2020-03-04,13.85,14.15,13.30,13.55,92963
2020-03-05,13.80,14.00,13.60,13.85,33793
2020-03-06,13.15,13.20,12.35,12.95,46888
2020-03-09,12.90,12.90,11.75,11.85,62676
2020-03-11,12.40,12.40,11.70,11.90,55581
2020-03-12,10.65,11.30,10.40,10.75,131806
2020-03-13,9.40,12.90,9.05,12.30,362334
2020-03-16,11.45,11.60,10.85,11.05,151007
2020-03-17,11.20,11.40,10.80,10.85,79754
2020-03-18,10.90,11.10,10.20,10.35,71703
2020-03-19,9.30,10.50,9.00,10.10,101877
2020-03-20,9.65,10.65,9.65,10.15,138464
2020-03-23,9.00,9.80,9.00,9.15,93570
2020-03-24,9.15,9.90,9.05,9.55,65332
2020-03-25,9.35,9.90,9.25,9.70,76168
2020-03-26,9.90,11.60,9.80,11.10,193482
2020-03-27,11.60,12.90,11.55,11.85,238095
2020-03-30,11.90,12.25,11.50,11.85,89583
2020-03-31,11.70,13.00,11.65,12.30,240480
2020-04-01,12.60,12.70,11.85,12.15,83667
2020-04-03,12.00,12.55,11.55,12.10,119334
2020-04-07,12.80,13.85,11.90,12.50,155223
2020-04-08,12.20,13.90,12.20,13.00,240615
2020-04-09,15.40,15.60,14.60,15.60,883652
2020-04-13,16.35,16.35,14.85,15.35,111839
2020-04-15,15.60,16.10,15.50,16.10,107253
2020-04-16,16.10,16.70,15.30,15.90,89277
2020-04-17,16.30,16.50,15.50,15.80,89303
2020-04-20,16.45,16.45,15.50,15.70,61075
2020-04-21,15.50,15.70,14.95,15.00,67400
2020-04-22,14.65,15.50,14.25,15.30,64662
2020-04-23,15.45,15.45,14.70,14.85,40621
2020-04-24,14.75,15.50,14.55,15.25,53309
2020-04-27,15.75,15.75,15.20,15.30,46846
2020-04-28,15.30,15.60,14.80,15.00,42049
2020-04-29,15.45,15.60,15.00,15.10,67493
2020-04-30,15.10,15.35,14.80,14.90,34120
2020-05-04,15.00,15.00,14.25,14.35,26851
2020-05-05,14.20,14.85,14.00,14.05,36150
2020-05-06,14.50,14.75,14.50,14.75,62339
2020-05-07,15.25,15.25,14.30,14.50,17919
2020-05-08,14.50,14.50,13.80,14.05,31454
2020-05-11,14.05,14.45,13.85,13.90,18663
2020-05-12,13.60,14.25,13.35,13.90,24473
2020-05-13,14.45,14.45,13.75,14.40,47419
2020-05-14,14.75,15.10,14.05,15.10,67085
2020-05-15,15.35,15.35,14.50,14.95,54792
2020-05-18,15.00,15.00,14.25,14.25,17909
2020-05-19,14.10,14.10,13.55,13.95,27288
2020-05-20,14.25,14.25,13.50,13.80,10151
2020-05-21,13.25,13.95,13.25,13.60,15592
2020-05-22,13.65,14.20,13.65,13.90,17158
2020-05-26,13.70,13.90,13.35,13.70,29568
2020-05-27,13.70,13.90,13.45,13.65,29817
2020-05-28,13.40,14.20,13.40,14.05,28124
2020-05-29,14.05,14.50,14.05,14.30,56720
2020-06-01,15.00,15.00,14.85,15.00,51594
2020-06-02,15.35,15.35,15.00,15.15,97033
2020-06-03,15.15,15.35,15.00,15.15,93157
2020-06-04,14.80,15.05,14.55,14.85,53515
2020-06-05,15.00,15.40,14.65,15.15,126016
2020-06-08,15.40,16.00,15.30,15.40,270252
2020-06-09,15.40,15.90,15.05,15.25,125679
2020-06-10,15.25,15.75,15.15,15.40,76498
2020-06-11,15.40,16.30,15.15,15.80,252872
2020-06-12,16.50,17.35,16.30,17.35,1062125
2020-06-15,18.25,19.05,17.50,19.05,383348
2020-06-16,20.95,20.95,19.40,20.95,532305
2020-06-17,21.95,21.95,21.05,21.95,392701
2020-06-18,22.70,22.70,20.90,20.90,470564
2020-06-19,19.90,19.90,19.90,19.90,104571
2020-06-22,18.95,19.95,18.95,19.20,791387
2020-06-23,19.25,20.15,19.25,20.15,440910
2020-06-24,20.85,20.90,19.35,19.70,375262
2020-06-25,19.50,20.65,18.75,20.05,313479
2020-06-26,20.45,20.75,19.75,19.85,212173
2020-06-29,19.80,20.40,19.15,20.00,314652
2020-06-30,20.10,20.20,19.20,19.40,151130
2020-07-01,19.60,19.70,19.40,19.50,93571
2020-07-02,19.85,19.85,19.25,19.35,111983
2020-07-03,19.35,19.45,18.80,19.05,156697
2020-07-06,19.45,20.00,19.45,19.95,306987
2020-07-07,20.30,20.30,19.40,20.00,437387
2020-07-08,20.15,20.25,19.50,19.50,282971
2020-07-09,19.50,19.75,19.35,19.40,83599
2020-07-10,19.20,19.65,19.00,19.05,170454
2020-07-13,19.10,19.25,18.75,18.80,93077
2020-07-14,18.80,18.80,17.90,18.05,81441
2020-07-15,18.05,18.45,17.60,17.90,44907
2020-07-16,18.00,18.00,17.05,17.15,118041
2020-07-17,16.80,17.75,16.70,17.35,106177
2020-07-20,17.45,17.55,17.10,17.35,77715
2020-07-21,17.35,18.20,17.20,18.20,168256
2020-07-22,18.15,18.40,17.60,17.75,69347
2020-07-23,17.80,18.60,17.80,18.40,245654
2020-07-24,18.45,19.00,18.10,18.50,284894
2020-07-27,18.40,18.40,17.75,17.85,89823
2020-07-28,17.90,18.25,17.60,18.00,60581
2020-07-29,18.10,18.25,17.75,17.95,62349
2020-07-30,18.30,18.30,17.60,17.70,83525
2020-07-31,17.95,17.95,17.20,17.45,77747
2020-08-03,17.70,17.70,17.05,17.30,36270
2020-08-04,17.40,17.70,17.25,17.45,55715
2020-08-05,17.60,17.60,17.25,17.40,57600
2020-08-06,17.25,17.55,17.25,17.30,54819
2020-08-07,17.10,19.00,17.10,18.90,564133
2020-08-10,19.40,19.40,18.40,18.50,107818
2020-08-11,18.70,20.35,18.25,20.35,936155
2020-08-12,20.90,20.90,18.60,19.70,663811
2020-08-13,20.95,20.95,20.50,20.75,841914
2020-08-14,20.40,20.60,19.05,19.90,534212
2020-08-17,19.95,20.15,19.20,19.50,108456
2020-08-18,19.70,19.80,19.30,19.45,167426
2020-08-19,19.55,19.75,19.30,19.45,103045
2020-08-20,19.25,19.70,19.10,19.20,118391
2020-08-21,19.70,19.70,19.30,19.40,103920
2020-08-24,19.65,20.35,18.10,19.45,310684
2020-08-25,19.45,19.70,18.90,19.15,161352
2020-08-26,19.35,19.45,19.00,19.15,88872
2020-08-27,19.20,19.35,19.05,19.15,47895
2020-08-28,19.05,19.25,19.00,19.05,80882
2020-08-31,19.10,19.35,18.05,18.10,142984
2020-09-01,18.10,18.60,17.75,18.00,47117
2020-09-02,18.15,18.75,18.00,18.50,53571
2020-09-03,18.25,18.80,18.15,18.30,34920
2020-09-04,18.30,18.60,17.25,18.10,63759
2020-09-07,18.40,18.40,17.85,17.95,32063
2020-09-08,17.65,18.15,17.50,17.60,30069
2020-09-09,17.60,17.70,17.20,17.35,47333
2020-09-10,17.50,17.95,17.50,17.70,47014
2020-09-11,17.95,18.15,17.60,17.80,42978
2020-09-14,17.95,18.45,17.65,18.20,42019
2020-09-15,18.00,18.45,17.85,18.20,32696
2020-09-16,18.45,18.45,17.80,18.00,24041
2020-09-17,17.65,18.05,17.55,17.90,62428
2020-09-18,18.25,18.25,17.70,17.75,24268
2020-09-21,17.70,17.95,16.80,17.15,38553
2020-09-22,16.70,17.20,15.65,16.60,60428
2020-09-23,16.70,17.40,16.45,17.05,29059
2020-09-24,16.50,16.90,16.30,16.45,18354
2020-09-25,16.55,16.90,16.05,16.80,36659
2020-09-28,17.60,18.45,17.60,18.30,205844
2020-09-29,18.35,18.75,17.95,18.15,112315
2020-09-30,18.25,18.30,17.55,17.75,58024
2020-10-01,18.70,18.90,18.05,18.20,115923
2020-10-05,18.10,18.35,17.65,17.95,26737
2020-10-06,18.25,18.30,17.75,17.85,41575
2020-10-07,18.20,18.20,17.50,17.60,95570
2020-10-08,18.20,18.80,17.80,18.15,167828
2020-10-09,18.25,18.25,17.60,17.80,44825
2020-10-12,18.20,18.20,17.25,17.40,45611
2020-10-13,17.75,17.75,17.10,17.20,25842
2020-10-14,17.05,17.35,17.05,17.20,17647
2020-10-15,17.05,17.30,16.85,16.95,30338
2020-10-16,16.80,17.15,16.70,16.90,45044
2020-10-19,17.50,17.80,17.00,17.20,144403
2020-10-20,17.15,17.65,17.00,17.15,112258
2020-10-21,16.75,17.00,16.00,16.10,644104
2020-10-22,16.10,16.30,16.05,16.15,70105
2020-10-23,16.10,16.30,16.05,16.20,69285
2020-10-26,16.15,16.45,16.05,16.20,63711
2020-10-27,16.35,16.35,16.10,16.20,30251
2020-10-28,16.35,16.35,15.75,16.00,62355
2020-10-29,15.80,16.15,15.70,15.80,43067
2020-10-30,15.80,16.10,15.80,15.90,23614
2020-11-02,15.95,16.00,15.25,15.55,35971
2020-11-03,15.90,16.60,15.75,15.95,121829
2020-11-04,15.95,16.10,15.30,15.55,62978
2020-11-05,15.55,15.75,15.25,15.65,25288
2020-11-06,15.75,16.20,15.75,16.00,70674
2020-11-09,16.20,16.25,15.80,16.00,50608
2020-11-10,16.00,16.80,16.00,16.05,75075
2020-11-11,16.35,16.35,15.90,16.05,40392
2020-11-12,16.20,17.80,15.90,17.20,416143
2020-11-13,17.40,17.60,16.90,17.00,126936
2020-11-14,17.00,17.50,16.65,17.20,88037
2020-11-17,17.20,17.35,16.80,17.00,69084
2020-11-18,16.85,17.15,16.75,16.80,55431
2020-11-19,17.05,17.10,16.65,16.70,78049
2020-11-20,16.85,16.85,16.50,16.65,57810
2020-11-23,17.45,17.45,16.85,17.15,199961
2020-11-24,17.15,17.20,17.00,17.15,57839
2020-11-25,17.15,17.15,16.75,16.85,58449
2020-11-26,16.85,18.30,16.75,17.30,204879
2020-11-27,17.10,17.35,16.90,17.20,73806
2020-12-01,18.30,18.50,17.60,17.95,298144
2020-12-02,18.50,18.60,18.00,18.25,286024
2020-12-03,18.15,18.75,18.10,18.35,150787
2020-12-04,18.50,18.85,18.25,18.40,192572
2020-12-07,18.60,19.20,18.35,18.90,300991
2020-12-08,18.95,18.95,18.50,18.65,122765
2020-12-09,18.60,18.90,18.50,18.70,112989
2020-12-10,19.30,20.50,19.15,20.05,1012451
2020-12-11,20.25,20.40,18.85,19.60,337076
2020-12-14,19.65,20.45,19.20,19.90,295140
2020-12-15,19.95,20.20,19.50,19.95,252855
2020-12-16,22.60,22.75,21.30,21.50,1529341
2020-12-17,22.00,22.20,21.50,21.65,404684
2020-12-18,21.90,21.90,19.80,20.75,376380
2020-12-21,20.90,20.90,18.00,18.90,269483
2020-12-22,18.35,19.25,17.80,19.05,177932
2020-12-23,19.40,20.90,19.20,20.40,226875
2020-12-24,20.55,21.15,19.60,20.05,288243
2020-12-28,20.15,20.35,19.75,19.90,204132
2020-12-29,20.00,21.65,19.60,21.25,919750
2020-12-30,21.30,21.30,20.40,20.65,201057
2020-12-31,20.75,20.90,20.45,20.70,151043
2021-01-01,20.75,20.90,20.50,20.70,187808
2021-01-04,20.90,22.70,20.60,22.10,1148887
2021-01-05,22.10,22.50,21.70,21.95,549351
2021-01-06,21.95,21.95,20.80,21.10,402696
2021-01-07,21.35,21.50,21.10,21.40,167864
2021-01-08,22.45,25.65,22.30,25.65,4166891
2021-01-11,27.65,30.75,26.90,30.55,7828848
2021-01-12,30.95,30.95,28.25,29.30,3262413
2021-01-13,29.25,29.60,27.15,27.95,874344
2021-01-14,29.25,29.85,28.00,28.50,1024898
2021-01-15,28.35,28.70,27.60,28.05,277959
2021-01-18,28.30,30.50,28.15,30.10,1581288
2021-01-19,30.45,31.00,29.50,29.70,371225
2021-01-20,29.65,30.20,29.10,29.25,242967
2021-01-21,29.20,33.00,28.90,31.90,2523828
2021-01-22,32.70,34.90,32.50,33.30,2684522
2021-01-25,33.30,33.50,30.00,30.00,789505
2021-01-27,30.25,30.45,28.05,28.40,521878
2021-01-28,28.65,30.95,28.65,29.50,1093592
2021-01-29,29.70,29.90,28.70,28.95,378685
2021-02-01,30.00,30.20,27.75,28.00,1010836
2021-02-02,28.85,29.30,27.55,27.80,137208
2021-02-03,27.80,29.15,26.75,29.15,202974
2021-02-04,29.15,29.15,27.75,28.05,125808
2021-02-05,28.40,28.40,27.05,27.20,107570
2021-02-08,27.30,27.50,25.90,26.10,145161
2021-02-09,26.00,26.50,24.80,25.05,159736
2021-02-10,25.05,25.05,23.80,24.00,131101
2021-02-11,23.90,25.20,23.10,25.20,118442
2021-02-12,26.10,26.25,25.50,25.75,99873
2021-02-15,25.50,25.75,24.50,24.55,70638
2021-02-16,24.55,24.60,23.50,23.95,116294
2021-02-17,23.95,25.00,23.00,24.85,99740
2021-02-18,24.90,26.00,24.05,25.30,100976
2021-02-19,25.30,25.50,24.05,24.15,80998
2021-02-22,24.35,24.40,23.65,23.90,41026
2021-02-23,24.10,24.75,24.00,24.10,32380
2021-02-24,24.50,24.80,23.55,24.30,52194
2021-02-25,24.95,25.85,24.20,25.85,251171
2021-02-26,25.85,27.10,25.85,27.00,335781
2021-03-01,27.65,28.35,27.50,28.35,254874
2021-03-02,28.95,29.75,28.00,28.35,311919
2021-03-03,28.35,28.95,27.00,28.15,215910
2021-03-04,27.05,29.55,26.80,29.55,283614
2021-03-05,31.00,31.00,31.00,31.00,253736
2021-03-08,32.55,32.55,32.55,32.55,187684
2021-03-09,34.00,34.00,30.95,30.95,779208
2021-03-10,29.45,30.70,29.45,29.50,249728
2021-03-12,29.95,30.60,29.05,29.65,190575
2021-03-15,30.25,30.25,28.30,28.85,71961
2021-03-16,29.25,29.30,28.10,28.20,65862
2021-03-17,28.20,28.50,26.80,26.95,54363
2021-03-18,27.50,27.50,25.65,25.65,88445
2021-03-19,25.95,26.45,24.40,26.10,77363
2021-03-22,26.10,27.40,26.10,27.40,87784
2021-03-23,28.00,28.50,27.05,28.05,95270
2021-03-24,27.00,27.90,27.00,27.05,45482
2021-03-25,27.55,27.55,25.70,25.80,44515
2021-03-26,26.25,26.45,24.60,25.40,67256
2021-03-30,25.55,25.95,24.80,25.70,52587
2021-03-31,25.05,26.30,25.05,25.35,25689
2021-04-01,25.35,26.50,25.35,26.25,29679
2021-04-05,26.00,26.60,25.10,25.80,38974
2021-04-06,25.25,26.15,25.25,25.60,29253
2021-04-07,26.15,26.15,25.05,25.35,43290
2021-04-08,25.80,26.60,25.15,26.50,86590
2021-04-09,26.50,27.20,25.55,26.30,40604
2021-04-12,25.05,25.50,25.00,25.00,37439
2021-04-13,24.15,25.50,23.75,25.15,45287
2021-04-15,24.80,25.45,24.50,25.05,30972
2021-04-16,25.00,25.00,24.50,24.75,34140
2021-04-19,24.85,24.85,23.55,23.65,45809
2021-04-20,24.00,24.80,23.45,24.25,26315
2021-04-22,23.20,24.70,23.20,24.10,24336
2021-04-23,24.10,24.80,23.50,24.65,43679
2021-04-26,25.85,25.85,24.50,24.80,25170
2021-04-27,25.00,26.00,24.45,25.90,292381
2021-04-28,26.15,26.30,25.20,25.30,153288
2021-04-29,25.15,26.15,25.05,25.45,142795
2021-04-30,25.75,25.75,25.10,25.40,67458
2021-05-03,24.45,26.65,24.45,26.35,148925
2021-05-04,26.70,27.20,26.45,26.60,108349
2021-05-05,26.95,27.10,26.50,26.60,156334
2021-05-06,26.75,27.90,26.20,27.90,401185
2021-05-07,29.25,29.25,27.55,27.80,536425
2021-05-10,28.00,28.40,27.65,28.00,197340
2021-05-11,27.85,29.40,27.05,29.10,525770
2021-05-12,29.30,30.55,29.10,29.95,1340259
2021-05-14,30.45,30.80,28.75,28.90,447966
2021-05-17,29.00,29.90,28.75,29.50,184127
2021-05-18,29.75,30.15,29.15,29.25,183579
2021-05-19,29.85,29.85,29.05,29.20,160981
2021-05-20,30.65,30.65,30.65,30.65,261547
2021-05-21,31.40,31.40,29.25,29.50,601487
2021-05-24,29.65,29.65,28.80,29.15,169692
2021-05-25,29.15,29.75,29.10,29.50,193522
2021-05-26,29.75,30.50,29.60,29.75,401363
2021-05-27,29.85,30.00,29.10,29.30,154447
2021-05-28,29.85,29.85,29.05,29.15,132468
2021-05-31,29.25,29.65,29.25,29.25,120267
2021-06-01,29.35,29.35,28.25,28.50,132738
2021-06-02,28.50,29.80,28.20,29.45,167484
2021-06-03,29.75,29.75,29.10,29.25,130689
2021-06-04,29.25,29.45,28.85,29.15,108270
2021-06-07,29.60,29.90,29.20,29.35,305449
2021-06-08,30.95,32.00,30.65,31.35,1388000
2021-06-09,31.65,32.20,30.55,30.95,446364
2021-06-10,31.25,33.35,31.05,32.35,1394467
2021-06-11,32.60,32.80,31.50,31.75,289660
2021-06-14,32.00,32.35,30.70,31.70,236097
2021-06-15,32.00,33.45,31.20,32.40,1383429
2021-06-16,32.90,35.60,30.80,34.60,5270787
2021-06-17,33.30,33.95,32.35,32.70,1812113
2021-06-18,32.80,33.00,30.60,32.15,684537
2021-06-21,31.05,32.85,31.05,32.50,290895
2021-06-22,32.65,33.40,31.60,31.80,491520
2021-06-23,32.55,34.95,31.90,34.15,2053232
2021-06-24,35.20,35.60,33.00,33.25,1605855
2021-06-25,33.70,34.30,32.85,33.10,317988
2021-06-28,32.40,33.50,32.40,32.95,215345
2021-06-29,33.10,33.80,32.70,32.95,481506
2021-06-30,33.05,33.80,32.70,33.25,358584
2021-07-01,33.25,33.45,32.70,33.15,298449
2021-07-02,34.05,34.70,33.50,33.75,544752
2021-07-05,33.95,34.10,33.25,33.35,177688
2021-07-06,33.70,33.70,32.70,32.85,242459
2021-07-07,32.55,33.60,32.50,33.30,310955
2021-07-08,33.75,34.35,33.00,33.20,355485
2021-07-09,33.45,33.45,33.05,33.20,185053
2021-07-12,33.25,33.45,32.50,32.80,216225
2021-07-13,32.95,33.70,32.75,33.50,497050
2021-07-14,33.65,33.75,33.05,33.20,230537
2021-07-15,33.30,33.70,32.65,32.90,252357
2021-07-16,33.10,33.20,32.50,32.55,168019
2021-07-19,32.10,32.50,32.05,32.10,118533
2021-07-20,32.10,32.35,30.70,30.95,222500
2021-07-22,31.50,31.50,30.60,30.75,152782
2021-07-23,31.10,31.10,29.90,30.00,169243
2021-07-26,30.15,32.10,29.90,31.65,298741
2021-07-27,32.00,32.70,31.65,31.95,296077
2021-07-28,32.10,32.10,30.50,30.95,151671
2021-07-29,30.95,31.50,30.75,31.00,97318
2021-07-30,31.30,33.90,30.75,32.60,1149334
2021-08-02,33.15,33.80,32.80,32.90,298433
2021-08-03,32.95,32.95,31.85,32.00,241276
2021-08-04,32.20,32.20,30.80,30.90,138323
2021-08-05,30.90,31.20,29.75,30.30,162045
2021-08-06,30.85,32.90,30.60,31.35,460219
2021-08-09,31.35,31.60,30.50,30.65,120805
2021-08-10,30.65,30.80,28.70,29.55,188460
2021-08-11,29.15,32.40,27.30,29.90,647692
2021-08-12,29.95,31.90,29.40,31.25,889253
2021-08-13,31.25,31.50,30.30,30.70,149897
2021-08-16,30.05,31.50,29.05,30.35,341333
2021-08-17,30.45,30.50,28.80,29.30,151541
2021-08-18,29.30,30.00,29.05,29.15,92669
2021-08-20,28.50,29.50,28.00,28.10,113313
2021-08-23,28.90,28.90,26.00,26.45,174038
2021-08-24,26.65,27.95,26.45,27.70,160001
2021-08-25,28.00,30.10,28.00,28.90,293396
2021-08-26,29.20,29.20,28.15,28.30,65541
2021-08-27,28.30,29.00,28.10,28.40,120361
2021-08-30,28.50,28.85,28.05,28.40,191315
2021-08-31,28.80,28.80,28.00,28.10,69566
2021-09-01,28.00,28.40,27.55,28.20,158539
2021-09-02,28.05,32.90,28.05,31.50,2466563
2021-09-03,32.25,32.50,30.00,30.20,345291
2021-09-06,30.40,30.50,29.50,29.70,115036
2021-09-07,29.55,29.95,29.05,29.20,147510
2021-09-08,29.00,29.80,28.80,29.25,135974
2021-09-09,29.50,29.60,28.80,29.25,96095
2021-09-13,29.40,29.50,29.00,29.15,102034
2021-09-14,29.15,29.90,29.15,29.35,114587
2021-09-15,29.45,30.25,29.35,29.60,126606
2021-09-16,29.70,30.40,29.65,29.70,229758
2021-09-17,29.70,29.95,29.10,29.50,156001
2021-09-20,29.35,30.55,29.00,29.20,229690
2021-09-21,29.10,29.55,28.65,29.15,160999
2021-09-22,29.00,29.70,29.00,29.10,121583
2021-09-23,29.70,29.95,29.25,29.35,160255
2021-09-24,29.65,34.00,29.20,32.05,3774276
2021-09-27,32.05,33.45,30.65,32.40,1693382
2021-09-28,32.50,32.70,30.80,31.20,404271
2021-09-29,31.20,31.80,30.45,31.15,355494
2021-09-30,31.10,31.55,30.70,30.90,211342
2021-10-01,30.95,31.20,29.30,30.50,275008
2021-10-04,30.70,32.25,30.55,30.90,415805
2021-10-05,30.50,31.75,30.50,31.05,368196
2021-10-06,31.30,31.70,30.60,30.70,272546
2021-10-07,30.80,31.65,30.75,30.90,245124
2021-10-08,30.90,32.80,30.00,31.70,787561
2021-10-11,32.00,32.00,31.05,31.10,212353
2021-10-12,31.40,31.75,30.70,30.95,386486
2021-10-13,31.75,31.80,31.15,31.25,231654
2021-10-14,31.45,31.60,30.60,30.90,218135
2021-10-18,31.00,31.45,30.75,30.85,175171
2021-10-19,30.90,31.45,30.00,30.20,282473
2021-10-20,30.20,30.65,29.65,29.80,134611
2021-10-21,30.80,30.80,29.65,30.20,131215
2021-10-22,30.40,30.40,29.45,29.70,101167
2021-10-25,29.70,29.75,28.05,28.80,94053
2021-10-26,29.00,29.50,28.70,29.20,80771
2021-10-27,29.40,29.45,29.00,29.05,102161
2021-10-28,29.30,29.30,28.45,28.55,85809
2021-10-29,28.95,28.95,28.00,28.40,58967
2021-11-01,28.05,28.50,28.05,28.30,138664
2021-11-02,28.90,29.70,28.40,28.70,246411
2021-11-03,28.95,28.95,28.20,28.40,79713
2021-11-04,28.95,29.10,28.60,28.95,45875
2021-11-08,29.10,29.55,28.70,29.20,89065
2021-11-09,29.40,30.20,29.15,29.85,106761
2021-11-10,29.65,30.60,28.90,29.15,469915
2021-11-11,28.60,29.15,28.60,28.70,134599
2021-11-12,28.85,29.10,28.60,28.80,91151
2021-11-15,28.80,28.90,28.40,28.55,81882
2021-11-16,28.65,28.75,28.15,28.20,98023
2021-11-17,28.20,28.70,28.10,28.25,52617
2021-11-18,28.10,28.40,27.80,27.90,60810
2021-11-22,28.50,28.50,27.00,27.30,66336
2021-11-23,26.60,28.40,26.35,27.90,65201
2021-11-24,28.50,28.65,28.05,28.10,60326
2021-11-25,28.35,28.95,27.00,28.30,120439
2021-11-26,28.25,28.25,27.05,27.25,61844
2021-11-29,27.75,27.75,26.20,26.45,70732
2021-11-30,26.90,27.40,26.45,26.60,101297
2021-12-01,28.75,29.00,28.05,28.65,507710
2021-12-02,28.80,28.80,27.80,28.15,100710
2021-12-03,27.60,29.35,27.60,28.60,218626
2021-12-06,28.75,28.75,27.50,27.80,124160
2021-12-07,28.10,28.85,28.10,28.55,102675
2021-12-08,28.80,28.95,28.25,28.75,115961
2021-12-09,28.80,30.70,28.65,29.95,520768
2021-12-10,30.20,30.45,29.45,29.60,152164
2021-12-13,29.00,30.15,28.50,29.00,194031
2021-12-14,28.95,29.35,28.65,28.90,108322
2021-12-15,28.90,30.15,28.80,29.05,295204
2021-12-16,29.45,29.95,28.75,29.05,345384
2021-12-17,29.15,29.15,27.20,27.95,136158
2021-12-20,27.25,27.80,25.45,26.00,286136
2021-12-21,26.80,27.35,26.30,26.75,98867
2021-12-22,27.25,27.35,26.95,27.05,76568
2021-12-23,27.70,27.75,27.20,27.45,91794
2021-12-24,27.80,27.80,26.90,27.20,116338
2021-12-27,27.40,29.10,26.85,28.55,401778
2021-12-28,29.00,29.05,28.40,28.60,125223
2021-12-29,28.60,28.95,28.35,28.55,152779
2021-12-30,28.55,29.90,28.35,29.00,672949
2021-12-31,29.15,29.45,28.60,28.70,244677
2022-01-03,28.90,29.60,28.65,29.10,225110
2022-01-04,29.05,30.35,29.00,29.40,974713
2022-01-05,29.40,31.60,29.30,31.05,1733181
2022-01-06,30.35,34.20,30.20,33.40,2781589
2022-01-07,33.50,33.50,31.80,32.30,562753
2022-01-10,32.85,33.50,32.35,32.80,594957
2022-01-11,32.30,33.60,32.10,32.50,532407
2022-01-12,32.85,33.50,32.50,32.70,578127
2022-01-13,32.85,32.95,32.05,32.20,496203
2022-01-14,32.20,33.45,32.00,33.25,528404
2022-01-17,33.80,37.25,33.30,36.85,4666419
2022-01-18,37.35,39.35,35.30,36.00,3918631
2022-01-19,36.15,37.25,35.35,36.65,844441
2022-01-20,36.75,37.35,36.10,36.30,491690
2022-01-21,36.00,38.45,35.90,37.10,1575130
2022-01-24,37.25,37.75,33.05,33.80,735721
2022-01-25,33.00,35.70,32.00,35.20,602274
2022-01-27,34.60,36.15,33.90,34.95,506525
2022-01-28,35.25,36.50,34.90,35.10,423524
2022-01-31,35.50,36.25,35.20,35.50,338993
2022-02-01,35.75,37.25,32.60,33.00,1051186
2022-02-02,33.45,33.45,32.10,32.40,441210
2022-02-03,32.35,35.80,31.50,33.35,560229
2022-02-04,34.50,34.75,33.10,33.40,646488
2022-02-07,32.75,34.15,32.75,33.35,328153
2022-02-08,33.35,33.65,31.85,32.10,332016
2022-02-09,32.50,32.95,32.10,32.45,124780
2022-02-10,32.45,38.30,32.10,36.65,2603784
2022-02-11,36.85,37.35,34.65,34.95,1084698
2022-02-14,33.00,33.85,31.50,31.95,302969
2022-02-15,32.90,33.50,31.60,33.05,294809
2022-02-16,33.20,34.75,33.00,33.60,397554
2022-02-17,33.80,34.45,33.20,33.55,220736
2022-02-18,33.70,33.70,32.70,33.05,144566
2022-02-21,32.35,32.80,31.20,31.35,154227
2022-02-22,31.00,31.40,29.65,30.25,200596
2022-02-23,30.30,31.75,30.30,31.40,139802
2022-02-24,29.95,30.45,27.75,28.10,175702
2022-02-25,29.00,31.25,29.00,30.30,238244
2022-02-28,30.35,31.90,29.80,31.10,123736
2022-03-02,30.20,33.00,30.20,31.70,374319
2022-03-03,32.40,32.70,31.60,31.80,167059
2022-03-04,31.70,31.70,30.20,31.10,87866
2022-03-07,30.35,30.95,30.00,30.45,97063
2022-03-08,30.35,31.70,30.25,31.30,155195
2022-03-09,31.25,32.95,31.25,32.25,345060
2022-03-10,32.65,32.90,31.45,31.65,183289
2022-03-11,31.95,35.90,31.55,35.10,1957436
2022-03-14,35.90,36.55,34.45,34.80,1054525
2022-03-15,35.00,35.15,33.05,33.60,229661
2022-03-16,34.20,34.40,33.25,33.70,132749
2022-03-17,34.15,35.35,33.30,34.30,409614
2022-03-21,34.50,37.65,34.05,36.50,1788517
2022-03-22,37.30,43.80,37.30,43.80,7803570
2022-03-23,45.45,45.80,40.60,40.90,4446628
2022-03-24,41.10,42.90,40.35,42.00,1889399
2022-03-25,42.30,42.70,40.00,41.35,1290066
2022-03-28,41.95,47.45,40.60,46.05,4482987
2022-03-29,46.10,55.25,45.80,55.25,6735784
2022-03-30,56.50,56.80,50.50,51.55,3668402
2022-03-31,51.55,53.10,48.60,49.45,2057693
2022-04-01,49.45,54.35,48.70,53.10,2471231
2022-04-04,53.75,54.75,51.50,53.15,2163672
2022-04-05,53.60,53.90,51.00,51.40,1387556
2022-04-06,51.05,52.95,50.60,51.85,1455291
2022-04-07,51.50,53.80,50.50,51.05,1539529
2022-04-08,51.85,51.90,50.70,50.95,636093
2022-04-11,51.25,51.90,50.00,50.15,637492
2022-04-12,50.10,50.35,47.80,48.75,594748
2022-04-13,50.95,51.75,49.60,50.55,1025605
2022-04-18,50.50,54.40,48.80,53.50,2576622
2022-04-19,53.85,54.90,50.05,50.90,1749416
2022-04-20,50.90,52.20,49.10,50.70,863441
2022-04-21,51.85,55.75,50.40,54.90,3530431
2022-04-22,55.00,60.00,54.90,57.35,3394043
2022-04-25,57.90,61.80,53.75,55.30,3283742
2022-04-26,55.90,57.85,54.60,55.80,835234
2022-04-27,55.45,58.80,53.75,57.85,1782750
2022-04-28,58.30,58.70,55.80,56.55,835411
2022-04-29,56.60,58.50,54.50,55.00,575456
2022-05-02,53.15,54.25,51.20,52.10,679697
2022-05-04,52.50,54.50,49.25,50.10,664387
2022-05-05,50.80,52.00,50.20,50.45,360210
2022-05-06,50.50,50.50,46.55,47.90,830360
2022-05-09,47.00,47.30,43.15,44.10,801897
2022-05-10,43.80,47.35,43.65,44.90,524794
2022-05-11,46.45,46.45,41.40,42.80,570455
2022-05-12,42.50,43.85,41.50,42.45,315139
2022-05-13,43.80,45.30,42.70,43.10,335419
2022-05-16,43.10,45.75,42.55,45.10,322229
2022-05-17,45.50,47.85,45.20,47.40,365231
2022-05-18,47.80,51.60,46.25,49.90,872716
2022-05-19,48.90,53.90,47.25,50.95,3262120
2022-05-20,52.00,53.80,51.20,53.15,1425922
2022-05-23,53.40,54.20,50.50,51.30,799447
2022-05-24,51.30,52.80,51.00,51.15,468404
2022-05-25,51.60,52.55,46.60,47.00,450968
2022-05-26,48.00,48.85,44.80,47.55,503799
2022-05-27,48.40,49.70,47.65,48.15,307456
2022-05-30,48.65,49.70,48.45,48.95,201097
2022-05-31,49.30,49.90,48.65,49.25,239376
2022-06-01,49.25,52.20,49.25,51.05,521837
2022-06-02,51.40,51.75,50.10,50.50,262199
2022-06-03,51.00,52.80,49.10,49.55,542645
2022-06-06,49.90,53.40,48.20,51.95,1191839
2022-06-07,52.40,53.30,51.25,51.75,823390
2022-06-08,52.10,52.15,48.95,49.55,371418
2022-06-09,49.60,50.65,48.80,49.25,258173
2022-06-10,48.90,49.65,48.45,48.70,231061
2022-06-13,48.00,48.20,44.85,45.15,324411
2022-06-14,45.10,46.50,45.00,45.15,198818
2022-06-15,45.80,46.30,44.40,44.85,275986
2022-06-16,45.50,46.50,43.00,43.45,320056
2022-06-17,42.15,43.50,41.60,42.45,228544
2022-06-20,42.50,42.85,36.35,38.30,496322
2022-06-21,40.00,43.80,40.00,43.20,1012230
2022-06-22,43.95,43.95,40.60,40.85,368986
2022-06-23,41.30,43.55,41.30,42.10,502954
2022-06-24,42.75,43.40,42.40,42.85,231215
2022-06-27,43.65,44.50,43.30,43.85,252134
2022-06-28,43.70,43.95,42.50,43.75,135395
2022-06-29,43.45,45.90,42.40,44.45,216498
2022-06-30,44.65,45.20,43.50,43.60,189739
2022-07-01,43.95,44.10,42.45,43.40,130582
2022-07-04,43.60,50.65,43.10,47.20,1131126
2022-07-05,46.50,46.95,44.60,45.35,464137
2022-07-06,45.60,46.35,44.90,45.85,231426
2022-07-07,46.40,47.25,45.85,46.40,187583
2022-07-08,46.80,47.30,45.80,46.30,171221
2022-07-11,45.90,47.70,45.75,46.60,335332
2022-07-12,46.35,47.80,46.10,46.20,276242
2022-07-13,46.70,46.95,45.10,45.80,144597
2022-07-14,45.80,46.35,45.10,45.35,119042
2022-07-15,45.70,46.50,45.00,45.85,132956
2022-07-18,46.30,46.80,44.25,45.85,279941
2022-07-19,46.20,46.60,45.80,46.10,138931
2022-07-20,46.60,47.65,46.25,46.65,349212
2022-07-21,46.95,47.50,46.30,46.95,183967
2022-07-22,47.40,49.00,47.10,47.95,692176
2022-07-25,48.50,48.50,46.10,46.35,217191
2022-07-26,46.15,46.80,44.95,45.10,130453
2022-07-27,45.20,45.70,44.20,44.60,354250
2022-07-28,45.00,45.20,44.20,44.30,173991
2022-07-29,44.35,46.15,44.35,45.05,463058
2022-08-01,45.10,46.95,44.55,46.35,316547
2022-08-02,46.30,46.95,45.60,45.90,275313
2022-08-03,46.00,46.70,45.15,45.30,197893
2022-08-04,45.40,50.00,45.30,48.95,2215765
2022-08-05,49.50,49.50,47.50,47.90,885003
2022-08-08,47.65,54.55,47.40,52.50,4900871
2022-08-10,52.75,52.75,50.05,50.35,931906
2022-08-11,50.65,50.65,48.05,48.95,620603
2022-08-12,48.30,48.85,47.70,48.00,436663
2022-08-16,48.30,50.20,47.65,49.50,525189
2022-08-17,49.75,49.85,48.70,49.05,281109
2022-08-18,49.05,50.50,48.80,49.30,321653
2022-08-19,49.70,50.30,47.95,48.15,355331
2022-08-22,47.55,48.20,46.10,46.40,231722
2022-08-23,46.45,47.95,46.05,47.45,218238
2022-08-24,47.45,50.10,47.45,49.70,776866
2022-08-25,49.00,52.45,49.00,50.15,1185465
2022-08-26,50.40,52.30,50.05,50.50,761734
2022-08-29,48.00,49.90,47.05,49.35,302781
2022-08-30,49.95,50.90,49.35,49.90,221472
2022-09-01,49.50,53.00,49.45,52.80,1500314
2022-09-02,53.15,53.60,50.65,51.00,427770
2022-09-05,51.30,51.70,50.70,51.35,298825
2022-09-06,51.80,56.90,51.80,55.10,3250255
2022-09-07,55.50,57.50,54.60,55.40,867958
2022-09-08,55.70,56.90,54.30,54.50,560427
2022-09-09,54.90,56.00,52.80,53.25,444088
2022-09-12,53.65,54.30,51.75,53.75,595308
2022-09-13,54.00,54.40,52.85,53.10,334425
2022-09-14,52.70,55.90,52.50,53.30,647787
2022-09-15,53.50,54.30,52.60,53.10,334248
2022-09-16,53.05,57.35,52.20,53.35,2851982
2022-09-19,53.65,55.75,52.20,53.10,612323
2022-09-20,53.50,54.00,52.75,52.90,257181
2022-09-21,53.10,53.65,50.15,50.35,480963
2022-09-22,50.40,51.45,48.45,49.25,491019
2022-09-23,49.65,50.20,48.55,48.85,252130
2022-09-26,48.60,48.65,45.30,45.80,375156
2022-09-27,46.60,49.90,45.80,48.50,344002
2022-09-28,47.00,51.70,47.00,50.35,543575
2022-09-29,51.15,52.45,49.30,51.80,354818
2022-09-30,51.05,53.80,50.75,52.90,749027
2022-10-03,51.75,52.90,50.35,50.85,311031
2022-10-04,51.60,51.95,51.10,51.50,158583
2022-10-06,52.35,53.00,51.10,52.50,303339
2022-10-07,52.50,52.55,51.35,51.95,252276
2022-10-10,51.55,54.35,51.50,52.65,606036
2022-10-11,52.90,53.95,49.40,49.90,470353
2022-10-12,50.40,50.70,49.20,49.85,190796
2022-10-13,50.25,50.50,49.25,49.80,135627
2022-10-14,50.40,50.95,49.25,49.65,160326
2022-10-17,49.65,50.30,49.00,49.15,186129
2022-10-18,49.40,51.95,49.40,50.95,364594
2022-10-19,51.30,52.20,50.45,50.55,278688
2022-10-20,50.55,51.30,49.05,50.50,204561
2022-10-21,50.90,51.10,49.65,49.85,155455
2022-10-24,50.00,52.00,49.55,50.90,59886
2022-10-25,50.10,51.30,50.10,50.25,187256
2022-10-27,50.35,51.50,50.05,50.30,188702
2022-10-28,50.60,51.00,49.55,49.90,149942
2022-10-31,50.50,50.50,48.15,48.60,156708
2022-11-01,48.85,49.00,47.80,48.80,217828
2022-11-02,48.90,50.70,48.75,48.90,431032
2022-11-03,49.25,49.45,48.20,48.50,182155
2022-11-04,48.95,49.40,48.35,48.70,186625
2022-11-07,49.25,49.95,48.40,49.50,353421
2022-11-09,49.95,50.95,49.55,49.80,529200
2022-11-10,49.50,49.95,47.60,48.00,269770
2022-11-11,48.95,49.00,47.65,47.90,253393
2022-11-14,48.45,48.50,47.00,47.25,171188
2022-11-15,47.55,47.60,45.75,45.95,281485
2022-11-16,46.05,46.90,46.05,46.35,141359
2022-11-17,46.35,46.35,45.25,45.65,105800
2022-11-18,45.65,46.30,44.00,44.75,239003
2022-11-21,45.00,49.20,44.60,48.60,1083340
2022-11-22,49.20,49.20,46.30,46.65,319636
2022-11-23,46.95,53.15,46.75,50.15,3469640
2022-11-24,50.95,53.85,50.20,52.00,2263003
2022-11-25,52.00,52.45,51.25,51.40,476899
2022-11-28,51.75,55.00,51.40,53.95,2709040
2022-11-29,54.90,55.30,53.05,53.40,617734
2022-11-30,53.65,53.80,52.00,52.50,351458
2022-12-01,52.65,53.95,52.40,52.95,383297
2022-12-02,52.60,54.90,52.60,53.85,1023909
2022-12-05,54.10,55.30,52.90,53.50,522648
2022-12-06,53.55,58.50,52.95,57.40,3915071
2022-12-07,58.35,61.80,57.50,60.70,5576248
2022-12-08,61.45,65.90,61.00,64.60,5669771
2022-12-09,65.20,65.50,58.65,60.95,2836878
2022-12-12,60.80,64.70,59.30,63.80,2307181
2022-12-13,65.00,65.30,63.00,63.85,1600747
2022-12-14,64.25,64.25,60.55,61.40,1784130
2022-12-15,61.35,73.65,61.00,73.65,13317041
2022-12-16,75.55,88.35,75.55,88.35,25427700
2022-12-19,93.95,94.60,82.55,84.60,14243202
2022-12-20,84.40,93.05,83.25,93.05,7866002
2022-12-21,95.00,96.45,83.75,83.75,7127354
2022-12-22,82.70,82.70,75.40,75.40,5572895
2022-12-23,72.80,78.90,67.90,68.25,4245782
2022-12-26,70.10,71.65,68.80,71.65,1170644
2022-12-27,74.70,75.20,72.30,75.20,2301562
2022-12-28,76.00,78.95,73.65,78.95,7030451
2022-12-29,78.90,80.65,76.35,77.40,4851058
2022-12-30,78.80,79.40,76.45,77.60,2438794
2023-01-02,78.00,78.45,73.80,74.40,1324971
2023-01-03,74.95,75.95,71.65,72.90,1377492
2023-01-04,73.10,76.50,73.10,76.50,3460771
2023-01-05,77.00,77.60,73.60,74.90,1623399
2023-01-06,75.00,75.65,71.20,71.80,1175366
2023-01-09,72.80,73.90,70.45,70.90,649946
2023-01-10,71.40,71.40,68.60,69.20,551667
2023-01-11,69.20,71.25,68.65,69.65,451640
2023-01-12,69.70,71.80,68.60,69.60,583709
2023-01-13,69.95,70.30,68.40,68.75,294441
2023-01-16,69.40,69.95,65.70,66.45,432929
2023-01-17,66.70,69.75,64.35,69.70,2102377
2023-01-18,69.60,71.90,68.30,69.50,1486225
2023-01-19,69.00,70.00,67.50,67.90,702985
2023-01-20,68.40,68.40,65.65,65.95,518436
2023-01-23,66.00,69.20,66.00,67.15,962853
2023-01-24,67.70,67.70,65.30,65.70,281762
2023-01-25,65.55,65.90,63.00,63.20,263635
2023-01-27,63.30,64.20,60.05,60.50,336907
2023-01-30,59.50,62.45,58.20,59.90,399255
2023-01-31,61.25,62.85,60.30,62.85,338353
2023-02-01,64.40,65.95,60.15,60.80,1194890
2023-02-02,60.00,61.95,58.40,59.95,323934
2023-02-03,60.10,61.10,57.05,59.25,534870
2023-02-06,59.00,60.10,58.35,59.05,274076
2023-02-07,60.10,62.30,57.75,59.05,1229048
2023-02-08,59.00,60.10,56.80,57.30,541608
2023-02-09,57.95,59.60,57.05,58.05,625803
2023-02-10,58.05,58.80,56.80,57.15,315081
2023-02-13,57.40,57.95,55.20,55.65,285139
2023-02-14,57.95,63.95,55.50,61.00,3414820
2023-02-15,60.50,64.25,59.35,61.25,1808591
2023-02-16,61.30,61.85,59.05,59.70,798986
2023-02-17,59.50,60.90,58.25,59.00,526955
2023-02-20,59.00,59.90,57.60,59.00,490840
2023-02-21,58.65,59.75,57.15,57.85,334442
2023-02-22,57.55,57.55,55.90,56.25,162859
2023-02-23,56.50,57.15,55.55,55.90,272942
2023-02-24,56.90,57.70,55.00,56.20,352923
2023-02-27,56.10,56.10,54.10,54.30,209585
2023-02-28,54.55,55.95,54.05,55.55,482937
2023-03-01,56.00,57.75,55.55,56.80,470540
2023-03-02,57.00,57.45,55.45,55.85,227820
2023-03-03,56.75,57.90,56.05,56.95,497123
2023-03-06,57.10,62.00,57.00,59.80,1820392
2023-03-08,59.75,62.70,58.20,62.40,1885555
2023-03-09,62.40,63.90,60.40,60.65,1280931
2023-03-10,60.00,64.60,59.25,63.85,2486844
2023-03-13,64.75,64.75,59.05,59.40,957516
2023-03-14,60.20,60.20,57.15,58.15,700022
2023-03-15,59.00,60.75,58.15,58.60,984051
2023-03-16,58.95,58.95,57.05,58.05,437091
2023-03-17,58.90,59.70,58.05,58.55,264198
2023-03-20,58.00,59.75,57.90,58.55,301864
2023-03-21,58.80,60.25,58.10,58.50,380750
2023-03-22,58.95,60.20,58.20,58.50,407915
2023-03-23,59.00,60.35,58.40,58.95,635397
2023-03-24,59.25,59.25,56.70,57.15,254181
2023-03-27,57.20,57.60,54.60,55.20,211078
2023-03-28,56.05,57.20,53.20,54.45,340222
2023-03-29,53.55,58.70,53.55,58.15,751776
2023-03-31,58.80,59.80,56.00,57.45,536326
2023-04-03,58.20,59.80,57.70,58.70,702365
2023-04-05,59.40,59.90,58.50,59.05,393106
2023-04-06,59.10,59.85,58.50,59.40,415388
2023-04-10,60.10,61.45,59.40,59.65,442098
2023-04-11,60.00,60.35,58.70,59.55,287108
2023-04-12,60.00,71.45,59.40,71.40,12340151
2023-04-13,70.40,78.80,68.00,71.90,23546006
2023-04-17,70.00,74.50,69.40,70.30,5243331
2023-04-18,71.30,71.45,67.25,68.35,1548210
2023-04-19,68.50,71.35,67.55,69.55,1933488
2023-04-20,69.40,70.00,67.80,68.30,667692
2023-04-21,68.40,72.30,66.75,70.40,2937791
2023-04-24,70.80,72.45,69.25,71.15,1358994
2023-04-25,71.60,75.05,70.35,74.45,3176598
2023-04-26,74.50,77.30,73.50,73.90,4033327
2023-04-27,74.15,74.20,71.50,72.25,1091706
2023-04-28,72.75,73.70,72.15,72.75,978643
2023-05-02,73.15,76.70,72.50,73.70,2344664
2023-05-03,73.80,76.45,73.30,74.85,1815151
2023-05-04,75.35,81.90,75.10,78.30,6636451
2023-05-05,78.60,79.85,74.20,75.15,2574942
2023-05-08,75.50,75.60,72.70,73.10,892598
2023-05-09,73.60,75.00,71.50,72.45,946635
2023-05-10,72.80,73.25,69.95,72.35,838143
2023-05-11,72.90,74.35,72.35,73.15,832497
2023-05-12,73.65,73.90,71.70,72.15,469378
2023-05-15,72.55,72.55,70.25,70.70,478815
2023-05-16,71.10,72.65,70.90,71.65,472939
2023-05-17,72.30,74.45,71.45,73.40,1573974
2023-05-18,73.00,73.00,68.80,69.15,1348895
2023-05-19,69.90,69.95,66.35,67.65,622714
2023-05-22,67.95,68.65,66.00,66.40,607911
2023-05-23,66.70,69.10,66.65,67.55,613178
2023-05-24,67.70,69.00,67.50,67.95,280030
2023-05-25,68.10,68.70,67.35,67.65,256994
2023-05-26,67.70,69.85,67.70,68.20,497240
2023-05-29,68.65,70.30,67.80,69.00,549914
2023-05-30,68.60,69.15,67.80,68.20,225811
2023-05-31,68.20,68.60,67.60,67.90,201155
2023-06-01,68.40,69.40,67.80,68.20,380375
2023-06-02,68.55,69.20,67.80,67.90,235287
2023-06-05,68.10,69.70,67.85,68.25,612316
2023-06-06,68.50,73.30,68.30,72.55,2779802
2023-06-07,73.10,75.20,72.60,74.50,1713808
2023-06-08,74.70,75.35,72.05,72.75,753285
2023-06-09,72.05,72.65,71.05,71.45,263288
2023-06-12,71.90,73.05,71.20,71.75,439608
2023-06-13,71.75,75.60,71.75,74.40,1479642
2023-06-14,74.50,79.90,73.40,76.15,7963914
2023-06-15,76.35,77.70,74.15,75.05,2099441
2023-06-16,75.40,76.40,74.25,75.50,847610
2023-06-19,75.90,76.65,74.85,75.30,587457
2023-06-20,75.70,79.40,74.25,78.20,3702512
2023-06-21,78.50,78.85,75.80,76.35,1155314
2023-06-22,76.00,79.20,76.00,77.20,1420110
2023-06-23,77.20,77.95,73.40,74.05,750255
2023-06-26,74.00,74.65,71.45,72.00,894075
2023-06-27,72.40,75.25,72.15,73.45,1376842
2023-06-28,73.80,74.40,72.20,72.95,609871
2023-06-30,73.00,73.75,71.75,71.85,465945
2023-07-03,72.25,74.95,71.60,72.80,1189999
2023-07-04,73.00,73.55,71.85,72.45,502505
2023-07-05,72.45,76.60,72.25,75.55,2203284
2023-07-06,75.85,77.60,75.60,76.05,1512546
2023-07-07,76.20,78.00,74.50,77.10,1199207
2023-07-10,77.70,85.50,77.55,82.00,7210609
2023-07-11,82.40,83.40,79.50,80.50,1860573
2023-07-12,81.05,81.10,78.45,79.35,1028743
2023-07-13,79.95,82.70,76.95,78.15,1739605
2023-07-14,78.70,81.70,78.25,81.25,1318607
2023-07-17,81.25,82.50,80.05,80.90,686096
2023-07-18,81.50,83.60,78.25,81.45,1684518
2023-07-19,82.00,91.90,81.75,83.45,9737677
2023-07-20,84.00,84.15,80.50,81.95,2461047
2023-07-21,81.80,82.95,80.55,81.70,1185550
2023-07-24,81.95,82.80,80.50,82.10,983266
2023-07-25,82.10,82.65,80.80,81.05,548809
2023-07-26,81.60,83.95,80.80,81.80,1411738
2023-07-27,82.30,84.75,81.80,82.70,791817
2023-07-28,82.95,83.00,79.10,79.55,844421
2023-07-31,80.00,80.65,77.55,78.05,1211902
2023-08-01,78.95,81.90,78.55,80.00,1253319
2023-08-02,80.00,80.50,77.40,78.75,742532
2023-08-03,78.25,78.75,77.00,77.80,470811
2023-08-04,78.60,78.95,77.65,78.25,395385
2023-08-07,78.35,79.40,77.15,77.75,690946
2023-08-08,78.35,79.25,76.75,76.90,528734
2023-08-09,75.00,75.00,73.30,73.75,862112
2023-08-10,74.25,74.85,73.15,73.95,414658
2023-08-11,74.20,74.45,72.70,73.00,269021
2023-08-14,73.00,73.00,70.65,71.45,303611
2023-08-16,71.70,73.75,71.45,73.40,376773
2023-08-17,73.90,75.00,73.00,73.75,563659
2023-08-18,73.75,74.10,72.45,72.65,265698
2023-08-21,72.95,73.20,71.90,72.35,148139
2023-08-22,72.80,74.35,72.55,73.85,305014
2023-08-23,74.35,77.50,74.00,74.55,1622578
2023-08-24,75.15,77.70,74.60,76.50,1476555
2023-08-25,76.30,77.50,74.70,76.15,615768
2023-08-28,76.70,76.80,75.25,75.50,324952
2023-08-29,75.85,78.60,75.40,75.85,1426599
2023-08-30,76.25,77.40,75.75,76.00,442988
2023-08-31,76.50,76.55,74.40,74.90,290774
2023-09-01,75.45,76.25,75.00,75.25,337956
2023-09-04,75.15,76.95,75.15,75.75,383045
2023-09-05,76.30,78.80,75.30,76.20,961489
2023-09-06,76.40,84.70,76.20,82.45,7440549
2023-09-07,83.00,83.40,80.10,80.50,2522315
2023-09-08,80.95,81.60,79.05,79.50,834470
2023-09-11,81.50,85.70,78.90,84.25,3728697
2023-09-12,84.60,84.75,77.00,78.10,1814255
2023-09-13,78.60,79.85,75.30,77.90,1083358
2023-09-14,78.55,80.45,78.10,78.75,705527
2023-09-15,79.15,84.25,78.55,81.80,2831424
2023-09-18,82.45,84.40,80.10,80.75,1602762
2023-09-20,79.70,81.05,77.80,78.65,849233
2023-09-21,78.65,79.75,75.20,76.90,660808
2023-09-22,77.45,78.15,76.10,76.35,777988
2023-09-25,76.95,78.80,76.70,77.65,549931
2023-09-26,77.95,78.55,76.85,77.25,480140
2023-09-27,77.65,77.85,76.75,77.45,342544
2023-09-28,77.85,79.50,76.40,76.65,657922
2023-09-29,77.10,77.50,76.25,76.65,345990
2023-10-03,76.65,76.80,75.10,75.65,281307
2023-10-04,75.65,75.70,73.50,74.50,348409
2023-10-05,74.95,76.10,74.25,74.70,276247
2023-10-06,75.25,75.50,74.10,75.10,281144
2023-10-09,74.90,76.30,72.70,73.45,618774
2023-10-10,73.95,74.90,73.45,74.05,421329
2023-10-11,74.65,75.75,74.05,74.35,303277
2023-10-12,74.95,76.10,74.55,74.95,352930
2023-10-13,74.95,78.50,74.40,76.60,1532391
2023-10-16,76.95,86.00,76.45,81.65,9491995
2023-10-17,82.40,87.60,80.10,85.20,7622691
2023-10-18,85.50,86.75,81.55,82.20,3132493
2023-10-19,81.60,87.00,81.30,85.10,2495835
2023-10-20,84.50,85.35,81.70,82.55,1453758
2023-10-23,82.95,84.45,74.40,75.05,1654164
2023-10-25,76.20,77.70,72.50,75.50,1183922
2023-10-26,74.50,75.95,72.25,75.05,792876
2023-10-27,75.10,78.15,75.10,76.75,621377
2023-10-30,76.50,78.50,75.30,76.75,714782
2023-10-31,76.80,81.90,76.80,80.35,2317994
2023-11-01,80.40,81.95,77.60,78.00,788075
2023-11-02,78.65,79.95,77.40,78.40,619802
2023-11-03,79.00,80.45,78.05,79.40,961682
2023-11-06,78.80,80.05,77.60,78.00,427565
2023-11-07,78.35,78.60,76.10,76.85,467960
2023-11-08,77.50,79.05,77.05,78.20,580021
2023-11-09,78.65,78.80,76.65,77.00,304496
2023-11-10,76.60,77.75,76.15,76.80,284170
2023-11-12,76.80,77.35,75.60,76.25,185698
2023-11-13,75.70,77.15,75.70,76.85,283154
2023-11-15,77.90,78.55,77.25,77.45,320705
2023-11-16,77.00,78.45,77.00,77.85,456339
2023-11-17,78.00,79.40,77.80,78.85,608442
2023-11-20,79.50,79.50,77.10,77.60,232733
2023-11-21,77.65,78.25,77.45,77.80,246380
2023-11-22,78.40,78.40,76.30,76.65,290770
2023-11-23,76.90,79.05,76.80,77.20,425193
2023-11-24,77.40,78.55,77.10,77.50,289667
2023-11-28,77.65,83.40,77.65,81.15,2296248
2023-11-29,81.95,82.70,79.75,80.00,693864
2023-11-30,80.30,81.20,78.50,79.25,473604
2023-12-01,79.85,83.50,79.20,81.75,1326964
2023-12-04,83.10,95.80,81.75,93.15,13413650
2023-12-05,93.25,95.90,91.05,93.55,5117346
2023-12-06,93.00,108.35,92.10,104.45,17627702
2023-12-07,105.25,105.50,98.80,100.55,4286055
2023-12-08,100.65,107.55,99.25,103.65,5110920
2023-12-11,103.00,107.55,100.80,104.85,3367289
2023-12-12,104.95,113.90,101.70,109.05,8245998
2023-12-13,109.60,114.00,107.60,111.60,4882996
2023-12-14,112.00,112.25,107.05,108.00,2371865
2023-12-15,108.35,112.65,106.20,108.05,3502027
2023-12-18,108.10,109.40,106.50,107.75,1318659
2023-12-19,108.00,108.80,104.45,106.10,1330438
2023-12-20,106.60,108.00,95.00,96.75,2153529
2023-12-21,96.75,102.00,94.60,101.15,1796695
2023-12-22,102.25,108.20,102.05,106.20,4144975
2023-12-26,106.90,108.65,104.55,107.50,2072724
2023-12-27,108.00,108.90,104.50,105.00,994803
2023-12-28,106.25,113.55,103.30,109.60,5460484
2023-12-29,110.35,113.25,108.70,110.70,3029898
2024-01-01,111.20,119.40,110.45,115.15,5792701
2024-01-02,115.50,123.20,114.45,116.70,5709532
2024-01-03,117.00,118.45,114.80,115.50,1766532
2024-01-04,116.40,117.85,114.55,115.55,1400413
2024-01-05,116.00,116.00,111.00,112.50,1423384
2024-01-08,113.00,113.00,108.55,109.25,1266244
2024-01-09,110.10,113.50,109.90,110.55,1660711
2024-01-10,110.50,110.55,107.40,108.70,733434
2024-01-11,109.35,111.50,108.60,109.30,1067942
2024-01-12,110.10,113.55,108.50,109.55,1370116
2024-01-15,109.55,114.50,106.40,110.35,2407019
2024-01-16,110.35,114.80,108.20,111.70,2717398
2024-01-17,109.85,114.50,108.60,112.00,2175693
2024-01-18,111.80,115.90,108.00,110.95,2637472
2024-01-19,111.80,115.70,111.70,112.75,1924126
2024-01-20,112.80,121.50,112.80,118.00,5306153
2024-01-23,120.40,123.30,113.00,114.45,2911203
2024-01-24,113.00,119.00,110.60,118.15,2064430
2024-01-25,119.10,124.35,117.35,119.45,3651431
2024-01-29,120.40,121.60,117.10,118.00,1739081
2024-01-30,118.85,118.90,112.55,113.20,1032425
2024-01-31,113.80,116.70,112.25,114.85,1138355
2024-02-01,115.05,118.95,110.50,112.90,2160984
2024-02-02,113.75,114.40,109.90,110.65,1352471
2024-02-05,110.95,111.45,103.35,104.05,1142811
2024-02-06,104.40,108.50,103.70,107.20,870557
2024-02-07,107.30,109.60,106.65,108.00,567152
2024-02-08,109.10,109.10,105.10,106.30,427473
2024-02-09,107.00,107.40,99.70,101.10,719833
2024-02-12,101.85,101.85,95.15,96.00,785989
2024-02-13,97.45,100.85,93.05,98.10,1174849
2024-02-14,97.00,99.40,94.20,97.25,706150
2024-02-15,96.50,104.75,96.50,100.80,1389928
2024-02-16,101.60,102.25,99.10,99.90,414890
2024-02-19,99.90,103.95,99.85,101.70,728707
2024-02-20,101.75,103.00,100.15,101.05,374904
2024-02-21,101.65,103.35,98.40,99.60,561132
2024-02-22,100.55,100.55,97.70,98.90,268027
2024-02-23,98.95,101.00,98.00,98.80,384262
2024-02-26,99.35,99.40,97.50,97.80,268613
2024-02-27,97.85,103.30,97.85,99.50,491159
2024-02-28,100.90,101.20,95.55,96.35,309165
2024-02-29,96.90,97.05,93.85,95.90,619294
2024-03-01,97.00,102.00,96.15,97.05,240950
2024-03-02,97.85,98.85,97.15,97.95,46341
2024-03-04,99.05,99.50,97.00,97.20,286062
2024-03-05,97.20,98.00,95.00,95.45,195630
2024-03-06,95.95,95.95,91.00,92.10,313460
2024-03-07,92.30,95.40,92.00,92.35,374731
2024-03-11,92.35,94.70,90.05,91.35,324542
2024-03-12,91.50,91.65,85.75,88.40,455243
2024-03-13,88.50,89.65,75.45,79.10,540890
2024-03-14,77.75,85.25,76.40,83.05,695699
2024-03-15,82.90,85.50,78.50,83.50,489259
2024-03-18,84.15,85.35,82.85,84.15,230983
2024-03-19,84.45,85.00,80.10,80.95,554415
2024-03-20,81.40,82.60,78.30,80.80,416395
2024-03-21,81.25,83.25,81.10,81.90,404708
2024-03-22,81.75,84.20,81.30,82.50,352965
2024-03-26,82.00,83.15,80.50,80.95,259507
2024-03-27,81.05,84.20,80.85,82.85,769443
2024-03-28,83.25,83.45,80.50,81.00,496395
2024-04-01,81.70,87.70,81.50,86.85,576700
2024-04-02,86.00,89.60,85.55,88.45,460461
2024-04-03,88.50,93.30,87.95,92.05,1112414
2024-04-04,93.05,93.45,90.80,91.90,310101
2024-04-05,92.20,94.45,91.10,93.25,475442
2024-04-08,93.90,93.90,91.00,91.60,183628
2024-04-09,91.60,94.15,90.80,91.05,310127
2024-04-10,92.00,93.60,90.40,92.50,382151
2024-04-12,92.00,93.65,88.15,89.45,287464
2024-04-15,88.75,89.45,84.45,87.40,362016
2024-04-16,87.50,90.00,87.40,88.80,265875
2024-04-18,89.50,90.30,86.05,86.60,214005
2024-04-19,86.30,87.70,84.00,86.80,235785
2024-04-22,87.45,90.75,87.25,89.70,363221
2024-04-23,90.00,90.95,88.80,90.60,244778
2024-04-24,90.85,95.00,90.85,92.65,1149064
2024-04-25,93.00,93.00,91.30,92.35,315235
2024-04-26,92.80,96.50,91.55,92.75,1341289
2024-04-29,93.75,95.85,92.30,93.70,628486
2024-04-30,94.20,94.20,92.25,92.75,208660
2024-05-02,92.95,94.40,91.50,92.75,334537
2024-05-03,93.50,95.00,91.50,92.20,297528
2024-05-06,93.00,93.60,89.50,90.15,247449
2024-05-07,89.80,89.80,86.45,86.85,277964
2024-05-08,86.80,88.20,86.00,87.40,170446
2024-05-09,87.90,88.85,84.20,84.65,189562
2024-05-10,84.15,85.45,83.00,84.75,160305
2024-05-13,85.00,85.50,82.20,83.70,140243
2024-05-14,84.00,87.95,83.30,86.05,245249
2024-05-15,86.05,88.85,86.05,87.60,243942
2024-05-16,88.00,88.00,86.50,86.75,83021
2024-05-17,87.45,89.00,87.05,87.80,202976
2024-05-18,88.45,89.50,87.00,88.55,48694
2024-05-21,89.00,92.20,87.40,91.40,452763
2024-05-22,92.15,93.75,91.00,91.90,368794
2024-05-23,92.50,93.10,89.60,90.30,212250
2024-05-24,90.90,98.35,90.70,94.60,2012755
2024-05-27,95.10,98.00,94.90,95.80,863112
2024-05-28,96.15,96.75,92.55,93.65,263443
2024-05-29,95.50,95.50,92.80,94.05,400968
2024-05-30,94.00,94.00,90.90,91.35,204177
2024-05-31,91.85,92.50,89.90,90.65,149881
2024-06-03,93.95,95.90,92.10,92.65,624458
2024-06-04,94.35,94.35,77.90,85.80,513809
2024-06-05,86.50,88.60,83.40,87.55,325076
2024-06-06,88.95,92.20,88.35,90.80,297465
2024-06-07,91.45,93.60,91.45,92.55,249598
2024-06-10,94.44,101.80,92.70,100.56,4451193
2024-06-11,101.60,102.94,98.03,99.39,988583
2024-06-12,100.40,104.39,99.50,100.92,1505667
2024-06-13,101.50,104.12,99.85,101.30,1033048
2024-06-14,101.40,103.90,100.15,100.60,884452
2024-06-18,101.30,106.80,99.81,104.24,3134239
2024-06-19,107.17,113.94,107.10,107.62,5890778
2024-06-20,109.70,129.14,107.35,128.73,31103056
2024-06-21,126.40,126.50,115.05,115.81,10704450
2024-06-24,113.00,114.00,107.41,108.44,4940890
2024-06-25,109.50,111.42,105.60,106.40,3116176
2024-06-26,105.95,110.75,105.90,108.05,2719865
2024-06-27,107.99,108.37,102.70,104.10,1338633
2024-06-28,105.15,109.50,103.80,108.15,1720292
2024-07-01,108.97,112.13,106.50,109.66,2097033
2024-07-02,110.00,110.48,106.05,107.06,832953
2024-07-03,107.90,111.85,106.90,109.77,1629416
2024-07-04,110.99,113.00,108.00,109.29,2541530
2024-07-05,109.20,111.25,108.80,110.49,913449
2024-07-08,111.25,122.10,109.51,119.97,6077015
2024-07-09,123.00,131.99,120.00,130.08,13350556
2024-07-10,127.89,127.89,120.00,122.74,3893360
2024-07-11,123.80,125.77,122.01,124.52,1828192
2024-07-12,125.00,134.00,123.65,125.36,5201983
2024-07-15,126.00,130.00,122.00,124.84,2955676
2024-07-16,126.24,130.80,122.21,123.29,2222363
2024-07-18,123.60,124.50,118.11,118.89,1256895
2024-07-19,119.10,119.27,113.82,114.91,966226
2024-07-22,115.35,128.80,113.12,124.10,6522052
2024-07-23,124.95,130.00,112.00,118.20,5530514
2024-07-24,119.40,122.00,118.22,119.57,1189148
2024-07-25,118.00,118.68,115.11,115.53,802166
2024-07-26,117.04,118.50,114.00,116.48,941562
2024-07-29,116.95,119.75,115.23,116.29,832277
2024-07-30,116.80,119.61,115.50,118.77,1427107
2024-07-31,119.50,123.00,116.85,118.73,1484374
2024-08-01,119.85,119.85,115.10,115.70,729657
2024-08-02,113.99,114.64,109.60,112.88,708303
2024-08-05,110.00,110.22,105.20,106.03,693025
2024-08-06,106.91,110.85,103.80,104.55,611180
2024-08-07,107.15,109.90,105.13,109.06,616120
2024-08-08,109.90,110.31,106.60,107.38,519012
2024-08-09,109.00,110.50,107.67,108.58,437452
2024-08-12,108.98,112.73,106.43,109.84,556116
2024-08-13,110.05,110.40,106.26,106.86,304584
2024-08-14,107.30,107.30,104.01,105.67,302821
2024-08-16,113.90,114.94,109.06,111.35,2847097
2024-08-19,112.25,112.94,110.49,111.41,402628
2024-08-20,112.30,112.49,110.11,110.96,415345
2024-08-21,111.70,113.59,110.34,112.19,552163
2024-08-22,113.10,118.90,112.19,114.03,2376847
2024-08-23,114.28,114.95,111.78,112.52,365482
2024-08-26,113.00,113.18,110.78,111.50,364190
2024-08-27,111.65,115.37,111.10,111.86,704511
2024-08-28,112.01,113.20,109.61,110.49,382682
2024-08-29,111.28,111.48,107.60,108.45,369747
2024-08-30,109.20,111.87,108.78,110.09,394165
2024-09-02,110.00,112.63,109.10,109.80,370101
2024-09-03,110.60,111.00,108.61,109.10,217794
2024-09-04,108.80,109.84,107.10,108.39,311006
2024-09-05,109.50,110.65,107.90,108.06,276547
2024-09-06,108.60,108.60,105.49,105.77,282329
2024-09-09,105.80,106.36,102.20,103.75,272860
2024-09-10,104.45,106.08,103.47,104.10,232832
2024-09-11,105.15,105.90,102.60,102.90,275370
2024-09-12,104.00,104.40,102.24,103.27,182640
2024-09-13,104.00,105.90,103.59,103.99,192124
2024-09-16,104.80,104.80,104.00,104.29,120207
2024-09-17,103.20,106.50,103.20,105.26,283517
2024-09-18,105.80,109.63,104.54,108.45,739043
2024-09-19,109.50,110.90,104.71,106.72,489188
2024-09-20,107.20,107.98,104.85,105.80,151744
2024-09-23,105.80,107.30,105.13,105.49,289637
2024-09-24,106.00,107.17,104.81,105.55,162819
2024-09-25,105.60,107.00,104.04,104.85,151139
2024-09-26,105.75,105.75,103.65,103.74,98367
2024-09-27,103.80,106.90,103.10,104.15,200579
2024-09-30,105.00,105.15,102.15,102.59,173254
2024-10-01,102.65,107.70,102.65,105.63,588882
2024-10-03,105.15,105.15,101.00,101.41,199737
2024-10-04,100.50,103.00,99.44,101.09,217144
2024-10-07,101.50,102.00,94.50,95.09,249691
2024-10-08,95.64,100.00,94.71,98.31,228523
2024-10-09,97.65,101.79,97.65,99.79,193900
2024-10-10,102.00,106.50,100.14,101.33,711118
2024-10-11,101.00,101.60,100.01,100.46,138599
2024-10-14,101.01,101.20,99.54,100.15,94409
2024-10-15,100.89,100.90,98.90,99.06,92692
2024-10-16,99.01,100.85,98.60,99.40,100392
2024-10-17,99.65,100.54,98.00,99.30,117424
2024-10-18,99.40,99.40,96.60,97.56,94765
2024-10-21,98.27,98.44,95.00,95.80,110769
2024-10-22,96.39,96.39,88.40,90.24,171323
2024-10-23,90.75,92.90,88.11,91.19,273938
2024-10-24,91.00,91.98,89.41,90.45,116082
2024-10-25,91.14,91.14,86.02,87.37,147048
2024-10-28,87.37,90.39,86.54,89.45,142204
2024-10-29,89.00,92.00,89.00,90.75,180520
2024-10-30,90.89,97.00,90.89,95.16,237387
2024-10-31,94.55,98.00,94.00,96.76,188859
2024-11-01,97.18,99.00,97.17,98.53,54649
2024-11-04,99.50,99.99,95.21,96.32,111856
2024-11-05,95.50,97.85,95.50,97.29,113957
2024-11-06,97.30,102.00,97.30,101.07,271136
2024-11-07,101.22,106.30,100.89,103.81,675802
2024-11-08,102.50,103.62,100.00,100.35,141489
2024-11-11,100.00,100.00,96.65,97.50,156361
2024-11-12,97.55,100.00,96.80,97.61,101167
2024-11-13,95.17,97.59,92.10,92.97,145551
2024-11-14,91.96,94.80,91.01,92.67,219353
2024-11-18,94.50,94.80,90.25,91.02,172451
2024-11-19,91.29,94.34,90.81,91.41,100482
2024-11-21,91.00,91.26,89.00,90.35,92995
2024-11-22,90.35,93.50,90.35,92.67,75308
2024-11-25,94.20,96.22,93.50,94.46,180787
2024-11-26,94.29,96.85,94.10,95.09,114463
2024-11-27,96.00,97.09,95.01,96.21,107744
2024-11-28,96.70,100.48,96.60,98.46,382173
2024-11-29,98.06,104.69,97.40,101.97,803285
2024-12-02,101.00,102.30,100.10,100.67,202361
2024-12-03,100.68,102.95,100.67,102.30,207922
2024-12-04,103.50,105.90,101.60,103.44,443305
2024-12-05,103.40,105.54,102.05,102.94,458005
2024-12-06,103.50,104.50,102.27,103.05,173999
2024-12-09,103.75,104.39,102.25,102.55,144080
2024-12-10,103.50,104.95,102.04,103.16,318988
2024-12-11,103.00,104.40,102.52,102.99,191236
2024-12-12,103.30,103.40,100.14,101.03,134591
2024-12-13,99.75,102.00,98.77,100.46,160643
2024-12-16,100.46,102.50,100.25,101.39,127617
2024-12-17,102.50,108.70,102.50,104.08,1886547
2024-12-18,103.80,106.06,101.52,102.70,369884
2024-12-19,100.00,101.08,98.56,100.50,279596
2024-12-20,100.51,101.90,96.02,96.73,205847
2024-12-23,98.00,98.54,95.00,95.47,175334
2024-12-24,96.70,97.99,95.76,96.87,100644
2024-12-26,97.00,97.24,95.50,96.01,120125
2024-12-27,96.90,96.90,95.10,95.42,91751
2024-12-30,95.42,96.32,93.51,93.93,108788
2024-12-31,93.51,95.75,93.02,95.12,133450
2025-01-01,95.19,99.90,95.13,98.93,381601
2025-01-02,99.50,102.60,98.81,100.90,413533
2025-01-03,100.12,101.80,100.10,100.65,166032
2025-01-06,100.65,100.89,93.10,94.47,217960
2025-01-07,95.68,101.95,94.87,100.15,579262
2025-01-08,100.30,100.60,98.30,98.98,236487
2025-01-09,98.51,103.40,97.51,98.15,605947
2025-01-10,98.75,98.89,94.75,95.39,200571
2025-01-13,94.00,94.92,88.00,88.34,288113
2025-01-14,89.00,92.94,89.00,91.81,158199
2025-01-15,93.00,93.25,90.92,92.51,101713
2025-01-16,94.00,94.77,92.51,93.83,121247
2025-01-17,93.99,98.50,93.00,96.28,390281
2025-01-20,96.32,97.55,96.01,96.42,115371
2025-01-21,96.51,99.89,95.00,95.43,291625
2025-01-22,95.43,95.63,92.07,93.04,163458
2025-01-23,94.00,95.89,93.02,93.93,185058
2025-01-24,94.49,94.89,92.22,92.56,86208
2025-01-27,91.82,91.82,88.00,89.08,233832
2025-01-28,89.08,90.47,87.31,87.74,163383
2025-01-29,88.29,90.86,87.75,89.54,148644
2025-01-30,90.54,93.00,90.05,90.56,228628
2025-01-31,91.90,93.90,90.96,93.11,261553
2025-02-01,93.90,99.21,85.65,91.02,1344753
2025-02-03,89.79,91.25,87.81,90.28,139366
2025-02-04,91.95,92.00,89.70,90.72,203655
2025-02-05,91.25,92.00,90.70,91.04,124862
2025-02-06,91.45,91.90,89.51,90.23,100463
2025-02-07,91.40,91.40,88.50,88.85,136189
2025-02-10,89.27,89.28,86.25,87.23,88148
2025-02-11,87.00,87.80,81.10,81.94,181163
2025-02-12,86.10,88.99,83.50,85.17,2006192
2025-02-13,85.40,87.40,84.68,85.56,152762
2025-02-14,86.40,86.40,81.31,81.49,143837
2025-02-17,82.00,82.00,75.00,76.90,483203
2025-02-18,77.50,77.50,74.37,75.26,184882
2025-02-19,75.00,77.92,74.50,77.61,116514
2025-02-20,76.00,79.19,76.00,78.62,127744
2025-02-21,78.90,80.96,78.84,80.02,149834
2025-02-24,78.80,79.26,77.11,77.69,118816
2025-02-25,76.50,79.20,76.50,76.98,93159
2025-02-27,77.79,77.79,74.00,75.29,111823
2025-02-28,74.79,74.79,70.00,70.69,179793
2025-03-03,71.00,73.14,66.50,69.05,287968
2025-03-04,68.00,73.46,67.66,70.30,302018
2025-03-05,70.05,73.58,70.04,73.14,135513
2025-03-06,73.85,75.07,73.54,74.32,105366
2025-03-07,74.80,76.40,74.44,75.55,94754
2025-03-10,75.00,76.42,72.37,73.64,77054
2025-03-11,72.40,73.00,71.25,72.17,57275
2025-03-12,72.17,73.38,70.10,70.56,75590
2025-03-13,70.56,71.78,69.40,69.85,62169
2025-03-17,70.00,71.53,69.70,70.10,94916
2025-03-18,70.10,72.00,70.10,71.20,170458
2025-03-19,72.00,74.79,71.19,74.38,153924
2025-03-20,75.01,76.50,73.58,73.88,101234
2025-03-21,74.49,78.20,73.89,76.85,325242
2025-03-24,76.86,79.47,76.86,78.05,230877
2025-03-25,78.80,81.00,74.68,75.14,342332
2025-03-26,76.00,76.38,72.50,72.84,149619
2025-03-27,71.28,74.88,71.28,73.17,384711
2025-03-28,73.00,75.89,71.00,71.70,305662
2025-04-01,71.00,74.95,70.61,73.29,158124
2025-04-02,74.30,74.30,71.71,73.85,63974
2025-04-03,73.40,78.00,72.61,76.17,307887
2025-04-04,75.96,75.96,70.71,73.62,199976
2025-04-07,69.00,70.98,67.61,69.23,199002
2025-04-08,71.80,73.05,70.23,71.91,172766
2025-04-09,71.91,74.00,70.81,72.19,113210
2025-04-11,73.80,76.37,72.90,73.82,316630
2025-04-15,74.65,78.56,74.19,77.99,500898
2025-04-16,78.70,81.39,78.06,78.79,422290
2025-04-17,78.75,86.00,78.66,81.75,1189211
2025-04-21,82.00,85.50,81.50,83.46,459899
2025-04-22,84.19,87.22,82.70,86.83,656699
2025-04-23,87.55,88.57,84.27,86.22,299885
2025-04-24,85.35,87.85,85.21,85.79,332907
2025-04-25,85.95,86.40,80.51,81.59,312553
2025-04-28,81.99,83.86,80.59,82.60,173602
2025-04-29,82.70,83.99,82.69,83.59,166975
2025-04-30,83.50,84.21,80.46,80.93,222819
2025-05-02,80.05,85.35,80.05,84.16,276430
2025-05-05,84.90,86.99,84.80,85.70,398736
2025-05-06,86.02,87.60,82.50,83.07,405391
2025-05-07,82.50,83.84,81.20,83.19,241689
2025-05-08,83.95,85.92,82.49,83.54,264249
2025-05-09,82.00,82.04,79.61,81.16,204108
2025-05-12,83.00,88.00,83.00,87.59,503145
2025-05-13,87.90,89.90,86.86,89.20,443622
2025-05-14,89.41,92.49,89.36,91.47,594091
2025-05-15,91.90,98.90,91.40,95.61,1196810
2025-05-16,96.21,98.86,95.76,98.35,732976
2025-05-19,98.75,100.93,96.85,98.93,599880
2025-05-20,99.30,102.70,97.98,99.28,716363
2025-05-21,99.28,99.84,97.58,98.66,270260
2025-05-22,98.03,100.39,97.20,98.22,352568
2025-05-23,98.71,99.74,97.26,98.04,238205
2025-05-26,98.60,99.90,97.85,98.54,253020
2025-05-27,98.54,100.40,97.10,98.50,724640
2025-05-28,98.50,98.50,95.14,95.79,492960
2025-05-29,92.80,92.80,90.51,90.86,600870
2025-05-30,90.96,91.28,89.00,90.28,253874
2025-06-02,90.09,91.00,88.66,89.23,274128
2025-06-03,89.65,107.06,89.50,99.12,5015404
2025-06-04,97.70,99.40,94.90,95.14,1236583
2025-06-05,95.59,98.76,95.20,96.16,1388855
2025-06-06,96.18,98.30,95.16,95.64,691627
2025-06-09,95.70,97.12,95.04,95.78,448040
2025-06-10,96.00,97.08,95.62,95.82,298978
2025-06-11,95.90,98.45,95.50,96.35,652730
2025-06-12,96.87,97.78,94.30,94.87,395242
2025-06-13,93.50,94.80,91.15,92.93,389135
2025-06-16,92.60,93.87,90.51,93.10,282295
2025-06-17,93.90,94.99,91.00,91.48,274830
2025-06-18,91.40,92.14,89.59,90.54,180881
2025-06-19,90.44,91.41,87.10,87.80,269158
2025-06-20,87.50,90.89,87.36,89.63,219207
2025-06-23,89.00,90.82,88.26,90.27,194931
2025-06-24,90.70,93.79,90.12,91.25,366959
2025-06-25,92.50,94.50,92.05,93.03,245466
2025-06-26,93.60,93.90,91.80,92.48,144900
2025-06-27,93.50,95.60,92.25,93.43,405106
2025-06-30,93.25,94.58,93.25,94.19,150051
2025-07-01,95.15,95.70,93.10,93.52,149399
2025-07-02,93.85,94.00,92.07,92.78,91847
2025-07-03,92.00,94.00,91.84,92.12,169541
2025-07-04,92.99,93.02,90.25,91.25,172492
2025-07-07,91.85,92.44,90.47,91.06,107542
2025-07-08,91.06,91.80,89.90,90.97,154807
2025-07-09,90.97,91.80,90.00,90.57,112313
2025-07-10,90.67,91.15,90.05,90.32,77749
2025-07-11,90.01,90.34,88.81,89.44,91308
2025-07-14,89.34,89.88,88.41,89.24,56451
2025-07-15,89.24,94.40,89.24,90.82,787325
2025-07-16,90.98,91.79,90.11,91.25,169011
2025-07-17,91.50,91.70,90.75,91.08,71769
2025-07-18,90.78,91.38,89.46,89.96,97940
2025-07-21,89.96,91.00,89.10,89.80,157847
2025-07-22,89.60,91.55,88.63,89.17,219940
2025-07-23,89.95,90.57,89.32,89.69,111800
2025-07-24,89.65,92.75,89.57,90.40,526709
2025-07-25,90.00,91.56,88.65,89.11,155857
2025-07-28,89.11,89.50,87.55,87.68,124781
2025-07-29,87.02,91.20,87.02,89.41,248402
2025-07-30,90.00,97.40,89.88,94.46,2591331
2025-07-31,92.50,96.32,92.50,92.94,552231
2025-08-01,92.50,94.89,91.11,93.01,364339
2025-08-04,94.00,94.65,92.25,93.51,251372
2025-08-05,92.85,95.85,92.75,93.84,618866
2025-08-06,93.55,94.54,91.15,91.90,117422
2025-08-07,91.45,91.95,88.52,89.86,201164
2025-08-08,90.75,92.90,88.20,89.18,178976
2025-08-11,89.29,90.50,88.21,89.83,165412
2025-08-12,89.51,90.93,89.05,89.60,126616
2025-08-13,90.00,90.99,88.60,89.91,179228
2025-08-14,90.50,90.60,86.35,87.46,120667
2025-08-18,89.80,90.49,88.26,88.65,186595
2025-08-19,88.78,91.35,88.77,89.98,261130
2025-08-20,90.14,95.80,89.71,93.96,736255
2025-08-21,94.05,95.16,93.30,93.82,315354
2025-08-22,93.40,95.80,92.75,93.85,593619
2025-08-25,94.47,94.77,91.19,91.54,206642
2025-08-26,91.00,91.56,88.25,89.16,151696
2025-08-28,89.16,89.32,87.50,88.04,137955
2025-08-29,88.29,89.90,86.52,86.99,213995
2025-09-01,88.70,89.34,87.74,88.36,159820
2025-09-02,88.54,93.03,88.36,89.11,514934
2025-09-03,89.45,95.50,89.32,94.35,959223
2025-09-04,95.90,96.39,93.42,94.06,402188
2025-09-05,93.20,95.70,91.50,92.50,225011
2025-09-08,92.90,93.23,90.10,91.26,116244
2025-09-09,91.15,92.08,89.80,90.13,114688
2025-09-10,90.20,91.49,90.20,90.82,86833
2025-09-11,90.82,92.60,90.51,91.07,154885
2025-09-12,91.07,91.90,90.00,90.49,80310
2025-09-15,90.50,92.75,90.30,91.07,130296
2025-09-16,91.37,93.30,90.90,92.46,300513
2025-09-17,92.85,93.49,91.60,91.94,105794
2025-09-18,92.38,92.38,90.40,90.95,84712
2025-09-19,90.95,91.67,90.50,90.69,97951
2025-09-22,90.45,91.51,88.90,89.22,241420
2025-09-23,89.22,89.81,88.47,89.04,137504
2025-09-24,88.80,89.64,88.00,88.14,136655
2025-09-25,88.14,88.68,87.57,87.74,103938
2025-09-26,88.00,88.00,85.03,85.62,165974
2025-09-29,86.20,86.20,84.40,85.07,155695
2025-09-30,84.67,85.49,82.30,83.42,156673
2025-10-01,83.90,85.99,83.40,84.90,81954
2025-10-03,85.00,86.95,84.94,85.92,128363
2025-10-06,85.10,86.18,84.30,84.47,77008
2025-10-07,85.00,85.26,83.86,84.32,62338
2025-10-08,84.32,86.40,84.00,84.41,82153
2025-10-09,84.41,84.50,83.02,83.52,64485
2025-10-10,83.85,84.12,83.00,83.30,102093
2025-10-13,83.38,83.38,82.50,82.78,72316
2025-10-14,82.41,83.00,81.11,81.28,69580
2025-10-15,80.20,84.02,80.20,81.84,182565
2025-10-16,82.70,84.25,82.00,82.44,160232
2025-10-17,82.90,82.90,80.90,81.05,72717
2025-10-20,81.44,82.76,79.20,81.61,116602
2025-10-21,81.61,82.60,81.26,82.23,25865
2025-10-23,82.73,82.98,81.52,82.29,63252
2025-10-24,82.49,82.49,79.77,81.07,91008
2025-10-27,81.07,81.85,80.50,81.21,63235
2025-10-28,81.40,83.09,81.21,82.18,290815
2025-10-29,81.62,83.08,80.82,81.59,123880
2025-10-30,81.60,82.65,81.25,81.58,75938
2025-10-31,81.78,82.30,81.49,82.01,66979
2025-11-03,82.17,83.29,81.49,82.30,130952
2025-11-04,82.46,82.59,81.50,81.57,51918
2025-11-06,81.00,81.55,78.95,79.43,65140
2025-11-07,78.62,78.81,77.93,78.38,70478
2025-11-10,77.40,79.03,77.40,78.33,33095
2025-11-11,77.62,84.79,77.62,81.78,529196
2025-11-12,80.21,82.00,80.21,81.46,142948
2025-11-13,81.84,83.80,80.22,82.10,195825
2025-11-14,81.02,81.95,80.19,81.33,92302
2025-11-17,81.33,82.23,80.81,81.16,59452
2025-11-18,81.24,83.20,80.10,80.75,116086
2025-11-19,80.73,80.73,79.52,79.86,35241
2025-11-20,79.94,80.33,78.15,78.85,52253
2025-11-21,78.87,78.87,77.20,77.58,64643
2025-11-24,77.01,77.54,76.00,76.19,51360
2025-11-25,76.60,76.98,75.75,76.14,45497
2025-11-26,76.14,77.63,76.14,76.86,45774
2025-11-27,78.50,78.60,77.24,77.84,33444
2025-11-28,78.58,78.85,76.80,77.87,62859
2025-12-01,78.00,79.00,77.02,77.51,40012
2025-12-02,77.02,77.67,76.51,76.83,27673
2025-12-03,76.03,77.85,75.22,75.85,74281
2025-12-04,75.70,76.74,74.71,74.97,64161
2025-12-05,74.97,78.30,74.37,76.81,167399
2025-12-08,76.80,76.80,72.00,72.90,76918
2025-12-09,72.90,73.68,70.50,72.72,64530
2025-12-10,72.72,74.89,72.20,72.43,77441
2025-12-11,72.42,72.84,71.71,72.45,33179
2025-12-12,72.45,73.80,72.10,72.85,83291
2025-12-15,72.49,75.75,71.91,73.61,94204
2025-12-16,73.61,78.00,73.40,75.72,530416
2025-12-17,75.99,76.10,73.67,74.05,67331
2025-12-18,75.38,75.38,72.50,73.12,39026
2025-12-19,73.10,74.80,72.73,73.96,34223
2025-12-22,74.99,77.21,72.61,76.38,126766
2025-12-23,76.19,79.39,75.62,78.74,215461
2025-12-24,78.50,79.73,77.60,77.74,63941
2025-12-26,77.74,79.80,77.63,79.07,177741
2025-12-29,79.52,82.20,78.80,79.10,295490
2025-12-30,78.55,81.96,78.06,79.47,338887
2025-12-31,79.99,81.55,79.01,79.61,225972
2026-01-01,80.20,80.60,79.35,79.57,42533
2026-01-02,80.00,81.39,79.22,80.65,153849
2026-01-05,80.00,81.00,79.00,79.17,68303
2026-01-06,79.17,79.82,77.40,77.70,54733
2026-01-07,77.78,78.50,77.42,78.11,45549
2026-01-08,77.50,85.48,77.50,83.07,6027673
2026-01-09,81.84,82.98,80.50,82.11,442656
2026-01-12,81.60,82.10,78.62,80.23,210471
2026-01-13,80.30,81.89,78.51,79.38,132553
2026-01-14,79.46,81.00,78.90,79.84,129506
2026-01-16,79.65,80.94,79.20,79.60,74716
2026-01-19,80.20,80.49,77.10,77.54,90198
2026-01-20,77.75,77.76,74.50,75.16,134934
2026-01-21,75.16,75.16,72.00,72.73,144853
2026-01-22,73.01,75.69,73.01,75.20,88066
2026-01-23,76.00,76.29,73.00,73.36,57317
2026-01-27,73.50,74.50,71.86,73.37,131919
2026-01-28,73.37,76.80,72.50,76.16,109965
2026-01-29,75.61,76.39,74.13,75.65,98417
2026-01-30,75.55,77.45,73.93,75.82,183322
2026-02-01,76.30,77.80,73.55,74.27,119593
2026-02-02,73.50,74.80,71.50,72.93,106213
2026-02-03,75.42,75.88,73.02,73.56,84652
2026-02-04,74.50,74.88,73.50,74.58,86051
2026-02-05,74.22,74.48,72.51,72.88,56381
2026-02-06,72.50,73.20,71.63,71.97,98154
2026-02-09,73.00,74.48,72.38,74.16,88432
2026-02-10,74.49,75.19,74.03,74.32,62406
2026-02-11,74.79,74.79,73.50,74.15,47717
2026-02-12,72.60,72.60,70.82,71.70,191610
2026-02-13,71.70,72.00,70.65,71.19,51012
2026-02-16,71.55,73.35,71.00,71.25,120379
2026-02-17,71.00,72.15,71.00,71.66,55372
2026-02-18,72.38,72.40,71.00,71.19,85349
2026-02-19,71.19,71.75,70.10,70.62,58491
2026-02-20,70.12,70.60,68.60,69.25,80673
2026-02-23,70.00,70.11,69.00,69.15,36283
2026-02-24,69.00,69.53,68.11,69.24,46926
2026-02-25,69.99,69.99,68.51,69.36,37072
2026-02-26,69.50,69.74,68.55,68.81,29430
2026-02-27,68.81,69.00,67.00,67.47,82705
2026-03-02,65.50,66.04,63.18,64.29,134186
2026-03-04,63.00,63.30,61.00,61.47,109892
2026-03-05,62.15,62.99,60.80,61.52,50704
2026-03-06,61.55,63.78,61.11,61.87,78823
2026-03-09,61.00,61.00,58.08,59.75,80395
2026-03-10,60.95,71.70,60.00,67.55,1951875
2026-03-11,67.39,70.69,64.50,66.30,919541
2026-03-12,66.82,66.82,63.37,64.03,138373
2026-03-13,64.00,68.11,63.22,63.91,296543
2026-03-16,63.80,64.42,61.00,61.85,76162
2026-03-17,61.50,63.34,61.50,62.30,63923
2026-03-18,62.59,65.29,62.58,64.14,79779
2026-03-19,63.50,63.55,60.50,60.79,92053
2026-03-20,61.70,62.79,60.26,60.66,107187
2026-03-23,59.16,60.25,57.20,58.21,149023
2026-03-24,59.00,60.74,58.10,58.93,139179
2026-03-25,58.99,61.00,58.99,60.19,114552
2026-03-27,59.25,62.00,56.40,56.69,217812
2026-03-30,55.30,56.24,52.56,53.06,168540
2026-04-01,54.00,59.85,54.00,58.24,214364
2026-04-02,57.90,59.25,55.02,58.81,106883
2026-04-06,58.81,60.83,58.02,60.38,139398
2026-04-07,59.95,61.80,59.68,60.21,82993
2026-04-08,63.00,66.60,62.01,65.76,468997
2026-04-09,66.81,69.19,66.34,66.63,454867
2026-04-10,67.16,67.50,66.21,66.76,124434
2026-04-13,65.20,66.90,63.80,66.28,116741
2026-04-15,66.99,69.00,66.81,67.59,184117
2026-04-16,68.39,68.80,67.50,67.87,163442
2026-04-17,67.87,71.95,67.70,70.85,524581
2026-04-20,70.98,70.98,68.02,68.55,116639
2026-04-21,68.54,70.75,68.45,69.10,162405
2026-04-22,69.89,70.55,69.09,69.71,105239
2026-04-23,70.50,70.70,68.10,68.60,75329
2026-04-24,69.30,69.30,67.01,67.41,71956
2026-04-27,67.02,69.17,67.02,68.87,61577
2026-04-28,68.87,70.44,68.76,69.67,76389
2026-04-29,69.99,70.95,68.57,69.00,110165
2026-04-30,69.50,69.50,68.00,68.62,68643
2026-05-04,68.99,70.00,67.51,67.91,91803
2026-05-05,67.50,69.39,67.50,68.02,47602
2026-05-06,69.00,70.30,68.74,70.04,103149
2026-05-07,70.15,70.49,69.64,70.15,61103
2026-05-08,69.66,71.44,69.46,69.64,73402
2026-05-11,69.50,69.51,67.50,67.91,88358
2026-05-12,68.00,74.68,65.10,71.18,566246
2026-05-13,70.71,72.00,68.00,68.97,196223
2026-05-14,69.03,70.01,67.85,68.17,74056
2026-05-15,68.99,69.98,65.21,66.09,193698
2026-05-18,66.00,66.57,63.60,64.58,115674
2026-05-19,65.00,67.69,65.00,66.63,115173
2026-05-20,66.00,66.76,65.70,66.25,31892
2026-05-21,67.00,68.20,66.38,66.80,73754
2026-05-22,67.30,69.42,67.30,67.88,178144
2026-05-25,68.90,69.40,68.51,68.84,51234
2026-05-26,68.99,70.56,68.01,68.63,141855
2026-05-27,68.99,70.00,68.51,68.73,99558
2026-05-29,69.00,69.10,67.20,67.36,67003
2026-06-01,67.35,68.57,66.00,66.34,62026
2026-06-02,66.85,67.88,65.80,66.66,53437
2026-06-03,67.49,72.29,66.20,69.70,261739
2026-06-04,69.69,70.39,69.00,69.81,59441
2026-06-05,69.80,71.00,68.49,68.86,115175
2026-06-08,68.00,69.09,65.30,66.32,181266
2026-06-09,66.99,69.00,66.32,68.55,71430
2026-06-10,69.00,72.80,67.01,67.93,260154
2026-06-11,67.99,67.99,66.16,66.87,48936
2026-06-12,67.51,68.78,67.47,68.37,70810
2026-06-15,69.00,70.55,67.50,69.05,131528
2026-06-16,69.05,73.99,68.12,71.77,704616
2026-06-17,71.99,72.87,71.07,71.89,152728
2026-06-18,71.90,72.77,70.28,70.70,104426
2026-06-19,70.30,73.30,70.30,71.84,220897
2026-06-22,72.00,73.30,71.56,72.09,242768
2026-06-23,72.09,72.34,70.00,70.11,97195
2026-06-24,70.50,71.00,69.60,70.53,54744
2026-06-25,71.01,71.54,68.50,68.77,90807
2026-06-29,68.99,68.99,66.56,67.00,123953
2026-06-30,67.11,68.29,67.10,67.42,37618
2026-07-01,67.12,69.90,67.12,68.86,81586
2026-07-02,68.93,70.00,68.49,68.76,50920
2026-07-03,69.24,71.00,69.08,70.33,100940
2026-07-06,70.56,70.56,68.60,68.82,43160
2026-07-07,69.39,69.82,68.31,68.60,63567
2026-07-08,68.20,69.82,66.30,66.94,97953
2026-07-09,66.94,69.27,66.94,67.33,68174
2026-07-10,68.07,68.99,67.30,67.94,49697
2026-07-13,67.67,68.80,67.03,68.47,47312
2026-07-14,68.14,68.47,67.10,67.24,42820
2026-07-15,67.98,70.80,67.51,70.18,244996
2026-07-16,70.50,72.00,68.20,68.94,97389
2026-07-17,69.00,69.64,66.71,68.02,118123
2026-07-20,67.30,68.36,67.12,67.49,27793
2026-07-21,67.60,68.64,67.32,67.71,35380
2026-07-22,67.35,68.00,66.68,67.07,31303
2026-07-23,67.40,67.40,66.36,66.63,35890
2026-07-24,66.01,67.50,65.60,66.35,37915
2026-07-27,65.70,67.29,65.70,66.55,38460
2026-07-28,66.98,66.98,65.72,65.90,53590
2026-07-29,65.62,67.90,65.62,66.48,77221
2026-07-30,66.64,67.50,66.25,66.66,47063
2026-07-31,66.66,66.81,66.25,66.43,26507
2026-08-03,66.76,67.55,66.67,66.76,46486
2026-08-04,67.45,67.63,66.31,66.87,43782
2026-08-05,67.50,67.60,66.75,66.86,29209
2026-08-06,67.04,67.25,66.61,67.08,26346
2026-08-07,66.51,67.08,66.30,66.41,21466
2026-08-10,66.41,67.12,66.41,66.58,26521
2026-08-11,66.42,68.00,64.50,66.86,136483
2026-08-12,67.00,67.06,65.02,65.49,29416
2026-08-13,66.49,66.50,65.05,65.51,25089
2026-08-14,66.50,66.50,65.07,65.56,21016
2026-08-17,65.56,65.97,64.20,65.03,44022
2026-08-18,65.00,65.02,64.25,64.36,23590
2026-08-19,64.25,66.50,63.01,65.36,74584
2026-08-20,65.00,66.44,64.80,65.04,34217
2026-08-21,65.98,66.29,65.01,65.52,58913
2026-08-24,65.55,66.39,65.55,65.66,31840
2026-08-25,67.00,71.99,66.80,69.81,1345351
2026-08-26,71.00,72.10,69.50,69.71,261654
2026-08-27,70.50,70.90,67.80,67.97,77038
2026-08-28,68.01,69.02,67.01,67.43,60820
2026-08-31,67.43,67.43,65.00,65.29,73973
2026-09-01,65.29,66.07,64.00,64.70,70192
2026-09-02,65.39,65.39,63.84,64.26,51060
2026-09-03,64.50,65.50,64.50,65.13,34508
2026-09-04,65.34,65.75,65.08,65.12,26810
2026-09-07,65.50,65.56,64.30,64.56,33182
2026-09-08,65.00,66.20,64.16,64.37,63088
2026-09-09,64.80,64.80,61.50,63.03,66282
2026-09-10,63.34,63.79,62.30,62.60,54809
2026-09-11,62.00,62.64,61.51,61.83,52408
2026-09-15,62.99,62.99,60.01,60.52,36951
2026-09-16,61.40,61.43,59.57,60.27,48477
2026-09-17,61.20,61.75,60.32,61.16,39547
2026-09-18,61.40,61.64,60.80,61.28,22335
